draw,draw_date,main1,main2,main3,main4,main5,main6,bonus,winner_count_1st,first_prize_total_krw,first_prize_per_game_krw,total_sales_krw,price_per_game,games_sold,lambda_uniform,birthday_range_count,source_url,source_type
88,2004-08-07,1,17,20,24,30,41,27,4,12278838600,3069709650,51910612000,1000,51910612,6.37326330315553,5,https://www.dhlottery.co.kr/lt645/selectPstLt645InfoNew.do?srchDir=older&srchCursorLtEpsd=89,OFFICIAL_DHLOTTERY_AJAX_JSON
89,2004-08-14,4,26,28,29,33,40,37,3,12744965700,4248321900,55102179000,1000,55102179,6.76510412446317,4,https://www.dhlottery.co.kr/lt645/selectPstLt645InfoNew.do?srchDir=older&srchCursorLtEpsd=99,OFFICIAL_DHLOTTERY_AJAX_JSON
90,2004-08-21,17,20,29,35,38,44,10,4,13165741200,3291435300,55493544000,1000,55493544,6.81315349426524,3,https://www.dhlottery.co.kr/lt645/selectPstLt645InfoNew.do?srchDir=older&srchCursorLtEpsd=99,OFFICIAL_DHLOTTERY_AJAX_JSON
91,2004-08-28,1,21,24,26,29,42,27,4,14331609600,3582902400,59061052000,1000,59061052,7.25115002222206,5,https://www.dhlottery.co.kr/lt645/selectPstLt645InfoNew.do?srchDir=older&srchCursorLtEpsd=99,OFFICIAL_DHLOTTERY_AJAX_JSON
92,2004-09-04,3,14,24,33,35,36,17,11,13565979306,1233270846,58296001000,1000,58296001,7.15722180069883,3,https://www.dhlottery.co.kr/lt645/selectPstLt645InfoNew.do?srchDir=older&srchCursorLtEpsd=99,OFFICIAL_DHLOTTERY_AJAX_JSON
93,2004-09-11,6,22,24,36,38,44,19,6,13615068900,2269178150,57236313000,1000,57236313,7.02711987388675,3,https://www.dhlottery.co.kr/lt645/selectPstLt645InfoNew.do?srchDir=older&srchCursorLtEpsd=99,OFFICIAL_DHLOTTERY_AJAX_JSON
94,2004-09-18,5,32,34,40,41,45,6,6,13472039700,2245339950,57144729000,1000,57144729,7.01587575782131,1,https://www.dhlottery.co.kr/lt645/selectPstLt645InfoNew.do?srchDir=older&srchCursorLtEpsd=99,OFFICIAL_DHLOTTERY_AJAX_JSON
95,2004-09-25,8,17,27,31,34,43,14,8,13981929904,1747741238,60077493000,1000,60077493,7.37594235033259,4,https://www.dhlottery.co.kr/lt645/selectPstLt645InfoNew.do?srchDir=older&srchCursorLtEpsd=99,OFFICIAL_DHLOTTERY_AJAX_JSON
96,2004-10-02,1,3,8,21,22,31,20,7,12929934605,1847133515,54217572000,1000,54217572,6.65649755802904,6,https://www.dhlottery.co.kr/lt645/selectPstLt645InfoNew.do?srchDir=older&srchCursorLtEpsd=99,OFFICIAL_DHLOTTERY_AJAX_JSON
97,2004-10-09,6,7,14,15,20,36,3,9,13465926000,1496214000,57713200000,1000,57713200,7.08566910495441,5,https://www.dhlottery.co.kr/lt645/selectPstLt645InfoNew.do?srchDir=older&srchCursorLtEpsd=99,OFFICIAL_DHLOTTERY_AJAX_JSON
98,2004-10-16,6,9,16,23,24,32,43,4,12711889200,3177972300,56231084000,1000,56231084,6.90370408566665,5,https://www.dhlottery.co.kr/lt645/selectPstLt645InfoNew.do?srchDir=older&srchCursorLtEpsd=99,OFFICIAL_DHLOTTERY_AJAX_JSON
99,2004-10-23,1,3,10,27,29,37,11,6,13015314300,2169219050,56207491000,1000,56207491,6.9008074833089,5,https://www.dhlottery.co.kr/lt645/selectPstLt645InfoNew.do?srchDir=older&srchCursorLtEpsd=109,OFFICIAL_DHLOTTERY_AJAX_JSON
100,2004-10-30,1,7,11,23,37,42,6,4,13261262100,3315315525,56561977000,1000,56561977,6.94432907799329,4,https://www.dhlottery.co.kr/lt645/selectPstLt645InfoNew.do?srchDir=older&srchCursorLtEpsd=109,OFFICIAL_DHLOTTERY_AJAX_JSON
101,2004-11-06,1,3,17,32,35,45,8,5,13536487500,2707297500,57585065000,1000,57585065,7.069937483579,3,https://www.dhlottery.co.kr/lt645/selectPstLt645InfoNew.do?srchDir=older&srchCursorLtEpsd=109,OFFICIAL_DHLOTTERY_AJAX_JSON
102,2004-11-13,17,22,24,26,35,40,42,9,13114377603,1457153067,56937962000,1000,56937962,6.99049018668985,4,https://www.dhlottery.co.kr/lt645/selectPstLt645InfoNew.do?srchDir=older&srchCursorLtEpsd=109,OFFICIAL_DHLOTTERY_AJAX_JSON
103,2004-11-20,5,14,15,27,30,45,10,8,13532716504,1691589563,57420615000,1000,57420615,7.04974733151137,5,https://www.dhlottery.co.kr/lt645/selectPstLt645InfoNew.do?srchDir=older&srchCursorLtEpsd=109,OFFICIAL_DHLOTTERY_AJAX_JSON
104,2004-11-27,17,32,33,34,42,44,35,2,13221487500,6610743750,56533705000,1000,56533705,6.94085801700663,1,https://www.dhlottery.co.kr/lt645/selectPstLt645InfoNew.do?srchDir=older&srchCursorLtEpsd=109,OFFICIAL_DHLOTTERY_AJAX_JSON
105,2004-12-04,8,10,20,34,41,45,28,4,13667125800,3416781450,57479716000,1000,57479716,7.05700338610151,3,https://www.dhlottery.co.kr/lt645/selectPstLt645InfoNew.do?srchDir=older&srchCursorLtEpsd=109,OFFICIAL_DHLOTTERY_AJAX_JSON
106,2004-12-11,4,10,12,22,24,33,29,16,12967378512,810461157,57384485000,1000,57384485,7.04531151397289,5,https://www.dhlottery.co.kr/lt645/selectPstLt645InfoNew.do?srchDir=older&srchCursorLtEpsd=109,OFFICIAL_DHLOTTERY_AJAX_JSON
107,2004-12-18,1,4,5,6,9,31,17,2,13359855600,6679927800,57545202000,1000,57545202,7.06504335143019,6,https://www.dhlottery.co.kr/lt645/selectPstLt645InfoNew.do?srchDir=older&srchCursorLtEpsd=109,OFFICIAL_DHLOTTERY_AJAX_JSON
108,2004-12-25,7,18,22,23,29,44,12,7,13992305404,1998900772,58875228000,1000,58875228,7.22833570286775,5,https://www.dhlottery.co.kr/lt645/selectPstLt645InfoNew.do?srchDir=older&srchCursorLtEpsd=109,OFFICIAL_DHLOTTERY_AJAX_JSON
109,2005-01-01,1,5,34,36,42,44,33,12,14962058400,1246838200,62584098000,1000,62584098,7.68368778130548,2,https://www.dhlottery.co.kr/lt645/selectPstLt645InfoNew.do?srchDir=older&srchCursorLtEpsd=119,OFFICIAL_DHLOTTERY_AJAX_JSON
110,2005-01-08,7,20,22,23,29,43,1,3,13698786000,4566262000,57625490000,1000,57625490,7.07490061460566,5,https://www.dhlottery.co.kr/lt645/selectPstLt645InfoNew.do?srchDir=older&srchCursorLtEpsd=119,OFFICIAL_DHLOTTERY_AJAX_JSON
111,2005-01-15,7,18,31,33,36,40,27,6,13194284700,2199047450,57876999000,1000,57876999,7.10577933127564,3,https://www.dhlottery.co.kr/lt645/selectPstLt645InfoNew.do?srchDir=older&srchCursorLtEpsd=119,OFFICIAL_DHLOTTERY_AJAX_JSON
112,2005-01-22,26,29,30,33,41,42,43,9,14105440503,1567271167,59292005000,1000,59292005,7.27950500057704,3,https://www.dhlottery.co.kr/lt645/selectPstLt645InfoNew.do?srchDir=older&srchCursorLtEpsd=119,OFFICIAL_DHLOTTERY_AJAX_JSON
113,2005-01-29,4,9,28,33,36,45,26,9,14053760406,1561528934,59258248000,1000,59258248,7.27536052527544,3,https://www.dhlottery.co.kr/lt645/selectPstLt645InfoNew.do?srchDir=older&srchCursorLtEpsd=119,OFFICIAL_DHLOTTERY_AJAX_JSON
114,2005-02-05,11,14,19,26,28,41,2,6,14174070300,2362345050,60079401000,1000,60079401,7.37617660275062,5,https://www.dhlottery.co.kr/lt645/selectPstLt645InfoNew.do?srchDir=older&srchCursorLtEpsd=119,OFFICIAL_DHLOTTERY_AJAX_JSON
115,2005-02-12,1,2,6,9,25,28,31,9,13397306103,1488589567,59130557000,1000,59130557,7.25968341546901,6,https://www.dhlottery.co.kr/lt645/selectPstLt645InfoNew.do?srchDir=older&srchCursorLtEpsd=119,OFFICIAL_DHLOTTERY_AJAX_JSON
116,2005-02-19,2,4,25,31,34,37,17,7,13984231205,1997747315,61606084000,1000,61606084,7.56361328216121,4,https://www.dhlottery.co.kr/lt645/selectPstLt645InfoNew.do?srchDir=older&srchCursorLtEpsd=119,OFFICIAL_DHLOTTERY_AJAX_JSON
117,2005-02-26,5,10,22,34,36,44,35,9,14025405006,1558378334,59429610000,1000,59429610,7.29639928987632,3,https://www.dhlottery.co.kr/lt645/selectPstLt645InfoNew.do?srchDir=older&srchCursorLtEpsd=119,OFFICIAL_DHLOTTERY_AJAX_JSON
118,2005-03-05,3,4,10,17,19,22,38,10,12979897200,1297989720,57171934000,1000,57171934,7.0192158191591,6,https://www.dhlottery.co.kr/lt645/selectPstLt645InfoNew.do?srchDir=older&srchCursorLtEpsd=119,OFFICIAL_DHLOTTERY_AJAX_JSON
119,2005-03-12,3,11,13,14,17,21,38,9,13274094600,1474899400,57800632000,1000,57800632,7.09640346418565,6,https://www.dhlottery.co.kr/lt645/selectPstLt645InfoNew.do?srchDir=older&srchCursorLtEpsd=129,OFFICIAL_DHLOTTERY_AJAX_JSON
120,2005-03-19,4,6,10,11,32,37,30,3,13093590900,4364530300,57418983000,1000,57418983,7.04954696466324,4,https://www.dhlottery.co.kr/lt645/selectPstLt645InfoNew.do?srchDir=older&srchCursorLtEpsd=129,OFFICIAL_DHLOTTERY_AJAX_JSON
121,2005-03-26,12,28,30,34,38,43,9,2,13679296200,6839648100,57134544000,1000,57134544,7.01462530662758,3,https://www.dhlottery.co.kr/lt645/selectPstLt645InfoNew.do?srchDir=older&srchCursorLtEpsd=129,OFFICIAL_DHLOTTERY_AJAX_JSON
122,2005-04-02,1,11,16,17,36,40,8,9,13050664200,1450073800,56171704000,1000,56171704,6.89641377718519,4,https://www.dhlottery.co.kr/lt645/selectPstLt645InfoNew.do?srchDir=older&srchCursorLtEpsd=129,OFFICIAL_DHLOTTERY_AJAX_JSON
123,2005-04-09,7,17,18,28,30,45,27,5,12664913400,2532982680,54097448000,1000,54097448,6.64174947759746,5,https://www.dhlottery.co.kr/lt645/selectPstLt645InfoNew.do?srchDir=older&srchCursorLtEpsd=129,OFFICIAL_DHLOTTERY_AJAX_JSON
124,2005-04-16,4,16,23,25,29,42,1,9,12563426403,1395936267,54180838000,1000,54180838,6.65198758511294,5,https://www.dhlottery.co.kr/lt645/selectPstLt645InfoNew.do?srchDir=older&srchCursorLtEpsd=129,OFFICIAL_DHLOTTERY_AJAX_JSON
125,2005-04-23,2,8,32,33,35,36,18,7,12284095502,1754870786,53149705000,1000,53149705,6.52539146427405,2,https://www.dhlottery.co.kr/lt645/selectPstLt645InfoNew.do?srchDir=older&srchCursorLtEpsd=129,OFFICIAL_DHLOTTERY_AJAX_JSON
126,2005-04-30,7,20,22,27,40,43,1,9,12323713500,1369301500,52748965000,1000,52748965,6.4761910900595,4,https://www.dhlottery.co.kr/lt645/selectPstLt645InfoNew.do?srchDir=older&srchCursorLtEpsd=129,OFFICIAL_DHLOTTERY_AJAX_JSON
127,2005-05-07,3,5,10,29,32,43,35,6,11795634900,1965939150,50752603000,1000,50752603,6.23109013316047,4,https://www.dhlottery.co.kr/lt645/selectPstLt645InfoNew.do?srchDir=older&srchCursorLtEpsd=129,OFFICIAL_DHLOTTERY_AJAX_JSON
128,2005-05-14,12,30,34,36,37,45,39,6,12384258600,2064043100,52310392000,1000,52310392,6.42234581451825,2,https://www.dhlottery.co.kr/lt645/selectPstLt645InfoNew.do?srchDir=older&srchCursorLtEpsd=129,OFFICIAL_DHLOTTERY_AJAX_JSON
129,2005-05-21,19,23,25,28,38,42,17,11,12029926205,1093629655,51555754000,1000,51555754,6.32969603661606,4,https://www.dhlottery.co.kr/lt645/selectPstLt645InfoNew.do?srchDir=older&srchCursorLtEpsd=139,OFFICIAL_DHLOTTERY_AJAX_JSON
130,2005-05-28,7,19,24,27,42,45,31,4,12145986600,3036496650,51359012000,1000,51359012,6.30554127286969,4,https://www.dhlottery.co.kr/lt645/selectPstLt645InfoNew.do?srchDir=older&srchCursorLtEpsd=139,OFFICIAL_DHLOTTERY_AJAX_JSON
131,2005-06-04,8,10,11,14,15,21,37,8,11609715904,1451214488,50231773000,1000,50231773,6.16714585282367,6,https://www.dhlottery.co.kr/lt645/selectPstLt645InfoNew.do?srchDir=older&srchCursorLtEpsd=139,OFFICIAL_DHLOTTERY_AJAX_JSON
132,2005-06-11,3,17,23,34,41,45,43,4,11681894100,2920473525,49921897000,1000,49921897,6.12910119753568,3,https://www.dhlottery.co.kr/lt645/selectPstLt645InfoNew.do?srchDir=older&srchCursorLtEpsd=139,OFFICIAL_DHLOTTERY_AJAX_JSON
133,2005-06-18,4,7,15,18,23,26,13,8,11601940800,1450242600,50889926000,1000,50889926,6.24794980024702,6,https://www.dhlottery.co.kr/lt645/selectPstLt645InfoNew.do?srchDir=older&srchCursorLtEpsd=139,OFFICIAL_DHLOTTERY_AJAX_JSON
134,2005-06-25,3,12,20,23,31,35,43,5,11745775500,2349155100,50445575000,1000,50445575,6.19339513766627,5,https://www.dhlottery.co.kr/lt645/selectPstLt645InfoNew.do?srchDir=older&srchCursorLtEpsd=139,OFFICIAL_DHLOTTERY_AJAX_JSON
135,2005-07-02,6,14,22,28,35,39,16,7,12021054605,1717293515,51062672000,1000,51062672,6.26915848379263,4,https://www.dhlottery.co.kr/lt645/selectPstLt645InfoNew.do?srchDir=older&srchCursorLtEpsd=139,OFFICIAL_DHLOTTERY_AJAX_JSON
136,2005-07-09,2,16,30,36,41,42,11,6,11986164900,1997694150,51144633000,1000,51144633,6.27922114754219,3,https://www.dhlottery.co.kr/lt645/selectPstLt645InfoNew.do?srchDir=older&srchCursorLtEpsd=139,OFFICIAL_DHLOTTERY_AJAX_JSON
137,2005-07-16,7,9,20,25,36,39,15,9,11433631203,1270403467,49978654000,1000,49978654,6.13606947032925,4,https://www.dhlottery.co.kr/lt645/selectPstLt645InfoNew.do?srchDir=older&srchCursorLtEpsd=139,OFFICIAL_DHLOTTERY_AJAX_JSON
138,2005-07-23,10,11,27,28,37,39,19,5,11135760000,2227152000,47688450000,1000,47688450,5.85489241331556,4,https://www.dhlottery.co.kr/lt645/selectPstLt645InfoNew.do?srchDir=older&srchCursorLtEpsd=139,OFFICIAL_DHLOTTERY_AJAX_JSON
139,2005-07-30,9,11,15,20,28,43,13,7,11551471505,1650210215,48371085000,1000,48371085,5.93870210900841,5,https://www.dhlottery.co.kr/lt645/selectPstLt645InfoNew.do?srchDir=older&srchCursorLtEpsd=149,OFFICIAL_DHLOTTERY_AJAX_JSON
140,2005-08-06,3,13,17,18,19,28,8,5,10547314200,2109462840,45983464000,1000,45983464,5.64556479633054,6,https://www.dhlottery.co.kr/lt645/selectPstLt645InfoNew.do?srchDir=older&srchCursorLtEpsd=149,OFFICIAL_DHLOTTERY_AJAX_JSON
141,2005-08-13,8,12,29,31,42,43,2,6,11403314400,1900552400,48016958000,1000,48016958,5.89522459011966,4,https://www.dhlottery.co.kr/lt645/selectPstLt645InfoNew.do?srchDir=older&srchCursorLtEpsd=149,OFFICIAL_DHLOTTERY_AJAX_JSON
142,2005-08-20,12,16,30,34,40,44,19,11,11200921204,1018265564,48012844000,1000,48012844,5.89471949869,3,https://www.dhlottery.co.kr/lt645/selectPstLt645InfoNew.do?srchDir=older&srchCursorLtEpsd=149,OFFICIAL_DHLOTTERY_AJAX_JSON
143,2005-08-27,26,27,28,42,43,45,8,3,11863754100,3954584700,49415357000,1000,49415357,6.06691135485804,3,https://www.dhlottery.co.kr/lt645/selectPstLt645InfoNew.do?srchDir=older&srchCursorLtEpsd=149,OFFICIAL_DHLOTTERY_AJAX_JSON
144,2005-09-03,4,15,17,26,36,37,43,8,11219523304,1402440413,49202521000,1000,49202521,6.04078066951011,4,https://www.dhlottery.co.kr/lt645/selectPstLt645InfoNew.do?srchDir=older&srchCursorLtEpsd=149,OFFICIAL_DHLOTTERY_AJAX_JSON
145,2005-09-10,2,3,13,20,27,44,9,3,11393514600,3797838200,48913832000,1000,48913832,6.00533722280744,5,https://www.dhlottery.co.kr/lt645/selectPstLt645InfoNew.do?srchDir=older&srchCursorLtEpsd=149,OFFICIAL_DHLOTTERY_AJAX_JSON
146,2005-09-17,2,19,27,35,41,42,25,2,12086830500,6043415250,50677555000,1000,50677555,6.22187620471795,3,https://www.dhlottery.co.kr/lt645/selectPstLt645InfoNew.do?srchDir=older&srchCursorLtEpsd=149,OFFICIAL_DHLOTTERY_AJAX_JSON
147,2005-09-24,4,6,13,21,40,42,36,7,11900281505,1700040215,50345605000,1000,50345605,6.18112144048049,4,https://www.dhlottery.co.kr/lt645/selectPstLt645InfoNew.do?srchDir=older&srchCursorLtEpsd=149,OFFICIAL_DHLOTTERY_AJAX_JSON
148,2005-10-01,21,25,33,34,35,36,17,5,11617982100,2323596420,49523247000,1000,49523247,6.08015742057149,2,https://www.dhlottery.co.kr/lt645/selectPstLt645InfoNew.do?srchDir=older&srchCursorLtEpsd=149,OFFICIAL_DHLOTTERY_AJAX_JSON
149,2005-10-08,2,11,21,34,41,42,27,7,11473365001,1639052143,48406950000,1000,48406950,5.94310539148883,3,https://www.dhlottery.co.kr/lt645/selectPstLt645InfoNew.do?srchDir=older&srchCursorLtEpsd=159,OFFICIAL_DHLOTTERY_AJAX_JSON
150,2005-10-15,2,18,25,28,37,39,16,4,11326583400,2831645850,48763778000,1000,48763778,5.98691452242218,4,https://www.dhlottery.co.kr/lt645/selectPstLt645InfoNew.do?srchDir=older&srchCursorLtEpsd=159,OFFICIAL_DHLOTTERY_AJAX_JSON
151,2005-10-22,1,2,10,13,18,19,15,4,10866536100,2716634025,47357067000,1000,47357067,5.81420726182496,6,https://www.dhlottery.co.kr/lt645/selectPstLt645InfoNew.do?srchDir=older&srchCursorLtEpsd=159,OFFICIAL_DHLOTTERY_AJAX_JSON
152,2005-10-29,1,5,13,26,29,34,43,5,11390659200,2278131840,48180334000,1000,48180334,5.91528288312179,5,https://www.dhlottery.co.kr/lt645/selectPstLt645InfoNew.do?srchDir=older&srchCursorLtEpsd=159,OFFICIAL_DHLOTTERY_AJAX_JSON
153,2005-11-05,3,8,11,12,13,36,33,4,10922104500,2730526125,47777735000,1000,47777735,5.86585427240561,5,https://www.dhlottery.co.kr/lt645/selectPstLt645InfoNew.do?srchDir=older&srchCursorLtEpsd=159,OFFICIAL_DHLOTTERY_AJAX_JSON
154,2005-11-12,6,19,21,35,40,45,20,4,11346514800,2836628700,48022386000,1000,48022386,5.89589100632776,3,https://www.dhlottery.co.kr/lt645/selectPstLt645InfoNew.do?srchDir=older&srchCursorLtEpsd=159,OFFICIAL_DHLOTTERY_AJAX_JSON
155,2005-11-19,16,19,20,32,33,41,4,9,10737051606,1193005734,46140202000,1000,46140202,5.66480811682173,3,https://www.dhlottery.co.kr/lt645/selectPstLt645InfoNew.do?srchDir=older&srchCursorLtEpsd=159,OFFICIAL_DHLOTTERY_AJAX_JSON
156,2005-11-26,5,18,28,30,42,45,2,8,11208799200,1401099900,47344584000,1000,47344584,5.81267467642964,4,https://www.dhlottery.co.kr/lt645/selectPstLt645InfoNew.do?srchDir=older&srchCursorLtEpsd=159,OFFICIAL_DHLOTTERY_AJAX_JSON
157,2005-12-03,19,26,30,33,35,39,37,2,10969807500,5484903750,46853365000,1000,46853365,5.75236585120306,3,https://www.dhlottery.co.kr/lt645/selectPstLt645InfoNew.do?srchDir=older&srchCursorLtEpsd=159,OFFICIAL_DHLOTTERY_AJAX_JSON
158,2005-12-10,4,9,13,18,21,34,7,10,10695443400,1069544340,46368888000,1000,46368888,5.69288476696304,5,https://www.dhlottery.co.kr/lt645/selectPstLt645InfoNew.do?srchDir=older&srchCursorLtEpsd=159,OFFICIAL_DHLOTTERY_AJAX_JSON
159,2005-12-17,1,18,30,41,42,43,32,6,10532443800,1755407300,44311926000,1000,44311926,5.44034371754168,3,https://www.dhlottery.co.kr/lt645/selectPstLt645InfoNew.do?srchDir=older&srchCursorLtEpsd=169,OFFICIAL_DHLOTTERY_AJAX_JSON
160,2005-12-24,3,7,8,34,39,41,1,2,10981610700,5490805350,46833239000,1000,46833239,5.74989490562378,3,https://www.dhlottery.co.kr/lt645/selectPstLt645InfoNew.do?srchDir=older&srchCursorLtEpsd=169,OFFICIAL_DHLOTTERY_AJAX_JSON
161,2005-12-31,22,34,36,40,42,45,44,7,13978133904,1996876272,53096453000,1000,53096453,6.5188535136635,1,https://www.dhlottery.co.kr/lt645/selectPstLt645InfoNew.do?srchDir=older&srchCursorLtEpsd=169,OFFICIAL_DHLOTTERY_AJAX_JSON
162,2006-01-07,1,5,21,25,38,41,24,5,11541328800,2308265760,49050086000,1000,49050086,6.02206564469752,4,https://www.dhlottery.co.kr/lt645/selectPstLt645InfoNew.do?srchDir=older&srchCursorLtEpsd=169,OFFICIAL_DHLOTTERY_AJAX_JSON
163,2006-01-14,7,11,26,28,29,44,16,7,11408085605,1629726515,49018952000,1000,49018952,6.01824320508382,5,https://www.dhlottery.co.kr/lt645/selectPstLt645InfoNew.do?srchDir=older&srchCursorLtEpsd=169,OFFICIAL_DHLOTTERY_AJAX_JSON
164,2006-01-21,6,9,10,11,39,41,27,3,12164813700,4054937900,53052119000,1000,53052119,6.51341045983701,4,https://www.dhlottery.co.kr/lt645/selectPstLt645InfoNew.do?srchDir=older&srchCursorLtEpsd=169,OFFICIAL_DHLOTTERY_AJAX_JSON
165,2006-01-28,5,13,18,19,22,42,31,2,13534853400,6767426700,58088118000,1000,58088118,7.13169921400211,5,https://www.dhlottery.co.kr/lt645/selectPstLt645InfoNew.do?srchDir=older&srchCursorLtEpsd=169,OFFICIAL_DHLOTTERY_AJAX_JSON
166,2006-02-04,9,12,27,36,39,45,14,11,12224299802,1111299982,52157466000,1000,52157466,6.4035705077679,3,https://www.dhlottery.co.kr/lt645/selectPstLt645InfoNew.do?srchDir=older&srchCursorLtEpsd=169,OFFICIAL_DHLOTTERY_AJAX_JSON
167,2006-02-11,24,27,28,30,36,39,4,5,12456114600,2491222920,52744392000,1000,52744392,6.47562964545381,4,https://www.dhlottery.co.kr/lt645/selectPstLt645InfoNew.do?srchDir=older&srchCursorLtEpsd=169,OFFICIAL_DHLOTTERY_AJAX_JSON
168,2006-02-18,3,10,31,40,42,43,30,5,11749734600,2349946920,51496212000,1000,51496212,6.32238583877835,3,https://www.dhlottery.co.kr/lt645/selectPstLt645InfoNew.do?srchDir=older&srchCursorLtEpsd=169,OFFICIAL_DHLOTTERY_AJAX_JSON
169,2006-02-25,16,27,35,37,43,45,19,5,12414441900,2482888380,52076183000,1000,52076183,6.39359108465745,2,https://www.dhlottery.co.kr/lt645/selectPstLt645InfoNew.do?srchDir=older&srchCursorLtEpsd=179,OFFICIAL_DHLOTTERY_AJAX_JSON
170,2006-03-04,2,11,13,15,31,42,10,6,11538649500,1923108250,49718245000,1000,49718245,6.10409806680368,5,https://www.dhlottery.co.kr/lt645/selectPstLt645InfoNew.do?srchDir=older&srchCursorLtEpsd=179,OFFICIAL_DHLOTTERY_AJAX_JSON
171,2006-03-11,4,16,25,29,34,35,1,6,11768038200,1961339700,50357474000,1000,50357474,6.18257864276015,4,https://www.dhlottery.co.kr/lt645/selectPstLt645InfoNew.do?srchDir=older&srchCursorLtEpsd=179,OFFICIAL_DHLOTTERY_AJAX_JSON
172,2006-03-18,4,19,21,24,26,41,35,11,11892694803,1081154073,50758266000,1000,50758266,6.23178540121251,5,https://www.dhlottery.co.kr/lt645/selectPstLt645InfoNew.do?srchDir=older&srchCursorLtEpsd=179,OFFICIAL_DHLOTTERY_AJAX_JSON
173,2006-03-25,3,9,24,30,33,34,18,8,11901894304,1487736788,52286521000,1000,52286521,6.41941508104299,4,https://www.dhlottery.co.kr/lt645/selectPstLt645InfoNew.do?srchDir=older&srchCursorLtEpsd=179,OFFICIAL_DHLOTTERY_AJAX_JSON
174,2006-04-01,13,14,18,22,35,39,16,7,12397721406,1771103058,52340568000,1000,52340568,6.42605063682772,4,https://www.dhlottery.co.kr/lt645/selectPstLt645InfoNew.do?srchDir=older&srchCursorLtEpsd=179,OFFICIAL_DHLOTTERY_AJAX_JSON
175,2006-04-08,19,26,28,31,33,36,17,5,11855663100,2371132620,50895147000,1000,50895147,6.2485908022777,4,https://www.dhlottery.co.kr/lt645/selectPstLt645InfoNew.do?srchDir=older&srchCursorLtEpsd=179,OFFICIAL_DHLOTTERY_AJAX_JSON
176,2006-04-15,4,17,30,32,33,34,15,5,11573315400,2314663080,50488528000,1000,50488528,6.19866864086944,3,https://www.dhlottery.co.kr/lt645/selectPstLt645InfoNew.do?srchDir=older&srchCursorLtEpsd=179,OFFICIAL_DHLOTTERY_AJAX_JSON
177,2006-04-22,1,10,13,16,37,43,6,7,11852998500,1693285500,50480325000,1000,50480325,6.19766152735523,4,https://www.dhlottery.co.kr/lt645/selectPstLt645InfoNew.do?srchDir=older&srchCursorLtEpsd=179,OFFICIAL_DHLOTTERY_AJAX_JSON
178,2006-04-29,1,5,11,12,18,23,9,5,11273105400,2254621080,49582758000,1000,49582758,6.08746381242127,6,https://www.dhlottery.co.kr/lt645/selectPstLt645InfoNew.do?srchDir=older&srchCursorLtEpsd=179,OFFICIAL_DHLOTTERY_AJAX_JSON
179,2006-05-06,5,9,17,25,39,43,32,10,10810939200,1081093920,47291694000,1000,47291694,5.80618116993613,4,https://www.dhlottery.co.kr/lt645/selectPstLt645InfoNew.do?srchDir=older&srchCursorLtEpsd=189,OFFICIAL_DHLOTTERY_AJAX_JSON
180,2006-05-13,2,15,20,21,29,34,22,2,11526743100,5763371550,48895477000,1000,48895477,6.00308370963504,5,https://www.dhlottery.co.kr/lt645/selectPstLt645InfoNew.do?srchDir=older&srchCursorLtEpsd=189,OFFICIAL_DHLOTTERY_AJAX_JSON
181,2006-05-20,14,21,23,32,40,45,44,6,11650579800,1941763300,49124446000,1000,49124446,6.03119510476289,3,https://www.dhlottery.co.kr/lt645/selectPstLt645InfoNew.do?srchDir=older&srchCursorLtEpsd=189,OFFICIAL_DHLOTTERY_AJAX_JSON
182,2006-05-27,13,15,27,29,34,40,35,3,11164318200,3721439400,47222594000,1000,47222594,5.7976975000798,4,https://www.dhlottery.co.kr/lt645/selectPstLt645InfoNew.do?srchDir=older&srchCursorLtEpsd=189,OFFICIAL_DHLOTTERY_AJAX_JSON
183,2006-06-03,2,18,24,34,40,42,5,6,10663329000,1777221500,45938460000,1000,45938460,5.64003948405537,3,https://www.dhlottery.co.kr/lt645/selectPstLt645InfoNew.do?srchDir=older&srchCursorLtEpsd=189,OFFICIAL_DHLOTTERY_AJAX_JSON
184,2006-06-10,1,2,6,16,20,33,41,6,10486518300,1747753050,45503351000,1000,45503351,5.58661949697117,5,https://www.dhlottery.co.kr/lt645/selectPstLt645InfoNew.do?srchDir=older&srchCursorLtEpsd=189,OFFICIAL_DHLOTTERY_AJAX_JSON
185,2006-06-17,1,2,4,8,19,38,14,3,10567457400,3522485800,45783088000,1000,45783088,5.62096387258044,5,https://www.dhlottery.co.kr/lt645/selectPstLt645InfoNew.do?srchDir=older&srchCursorLtEpsd=189,OFFICIAL_DHLOTTERY_AJAX_JSON
186,2006-06-24,4,10,14,19,21,45,9,9,10690943400,1187882600,45484428000,1000,45484428,5.5842962482781,5,https://www.dhlottery.co.kr/lt645/selectPstLt645InfoNew.do?srchDir=older&srchCursorLtEpsd=189,OFFICIAL_DHLOTTERY_AJAX_JSON
187,2006-07-01,1,2,8,18,29,38,42,7,10813137300,1544733900,45855961000,1000,45855961,5.62991076799925,5,https://www.dhlottery.co.kr/lt645/selectPstLt645InfoNew.do?srchDir=older&srchCursorLtEpsd=189,OFFICIAL_DHLOTTERY_AJAX_JSON
188,2006-07-08,19,24,27,30,31,34,36,3,10504215600,3501405200,45176242000,1000,45176242,5.54645908071886,5,https://www.dhlottery.co.kr/lt645/selectPstLt645InfoNew.do?srchDir=older&srchCursorLtEpsd=189,OFFICIAL_DHLOTTERY_AJAX_JSON
189,2006-07-15,8,14,32,35,37,45,28,3,10385325300,3461775100,43650551000,1000,43650551,5.35914419292184,2,https://www.dhlottery.co.kr/lt645/selectPstLt645InfoNew.do?srchDir=older&srchCursorLtEpsd=199,OFFICIAL_DHLOTTERY_AJAX_JSON
190,2006-07-22,8,14,18,30,31,44,15,6,10704956700,1784159450,44864459000,1000,44864459,5.50818029578665,5,https://www.dhlottery.co.kr/lt645/selectPstLt645InfoNew.do?srchDir=older&srchCursorLtEpsd=199,OFFICIAL_DHLOTTERY_AJAX_JSON
191,2006-07-29,5,6,24,25,32,37,8,4,10308458700,2577114675,44534869000,1000,44534869,5.46771527772662,4,https://www.dhlottery.co.kr/lt645/selectPstLt645InfoNew.do?srchDir=older&srchCursorLtEpsd=199,OFFICIAL_DHLOTTERY_AJAX_JSON
192,2006-08-05,4,8,11,18,37,45,33,4,9781393500,2445348375,42035065000,1000,42035065,5.16080483139474,4,https://www.dhlottery.co.kr/lt645/selectPstLt645InfoNew.do?srchDir=older&srchCursorLtEpsd=199,OFFICIAL_DHLOTTERY_AJAX_JSON
193,2006-08-12,6,14,18,26,36,39,13,3,10213349100,3404449700,43788477000,1000,43788477,5.37607789261221,4,https://www.dhlottery.co.kr/lt645/selectPstLt645InfoNew.do?srchDir=older&srchCursorLtEpsd=199,OFFICIAL_DHLOTTERY_AJAX_JSON
194,2006-08-19,15,20,23,26,39,44,28,4,10602271500,2650567875,44511515000,1000,44511515,5.46484801830803,4,https://www.dhlottery.co.kr/lt645/selectPstLt645InfoNew.do?srchDir=older&srchCursorLtEpsd=199,OFFICIAL_DHLOTTERY_AJAX_JSON
195,2006-08-26,7,10,19,22,35,40,31,11,10108918501,918992591,44374725000,1000,44374725,5.44805378965901,4,https://www.dhlottery.co.kr/lt645/selectPstLt645InfoNew.do?srchDir=older&srchCursorLtEpsd=199,OFFICIAL_DHLOTTERY_AJAX_JSON
196,2006-09-02,35,36,37,41,44,45,30,15,10918147800,727876520,45773496000,1000,45773496,5.61978622625248,0,https://www.dhlottery.co.kr/lt645/selectPstLt645InfoNew.do?srchDir=older&srchCursorLtEpsd=199,OFFICIAL_DHLOTTERY_AJAX_JSON
197,2006-09-09,7,12,16,34,42,45,4,6,10818109800,1803018300,45993306000,1000,45993306,5.64677313610949,3,https://www.dhlottery.co.kr/lt645/selectPstLt645InfoNew.do?srchDir=older&srchCursorLtEpsd=199,OFFICIAL_DHLOTTERY_AJAX_JSON
198,2006-09-16,12,19,20,25,41,45,2,6,10787130300,1797855050,45614021000,1000,45614021,5.60020687385974,4,https://www.dhlottery.co.kr/lt645/selectPstLt645InfoNew.do?srchDir=older&srchCursorLtEpsd=199,OFFICIAL_DHLOTTERY_AJAX_JSON
199,2006-09-23,14,21,22,25,30,36,43,2,10688504400,5344252200,45021068000,1000,45021068,5.52740777845713,5,https://www.dhlottery.co.kr/lt645/selectPstLt645InfoNew.do?srchDir=older&srchCursorLtEpsd=209,OFFICIAL_DHLOTTERY_AJAX_JSON
200,2006-09-30,5,6,13,14,17,20,7,8,10756932904,1344616613,46640423000,1000,46640423,5.72622215183191,6,https://www.dhlottery.co.kr/lt645/selectPstLt645InfoNew.do?srchDir=older&srchCursorLtEpsd=209,OFFICIAL_DHLOTTERY_AJAX_JSON
201,2006-10-07,3,11,24,38,39,44,26,1,9719465400,9719465400,42254768000,1000,42254768,5.18777860445472,3,https://www.dhlottery.co.kr/lt645/selectPstLt645InfoNew.do?srchDir=older&srchCursorLtEpsd=209,OFFICIAL_DHLOTTERY_AJAX_JSON
202,2006-10-14,12,14,27,33,39,44,17,6,11360350200,1893391700,48304034000,1000,48304034,5.93047000267647,3,https://www.dhlottery.co.kr/lt645/selectPstLt645InfoNew.do?srchDir=older&srchCursorLtEpsd=209,OFFICIAL_DHLOTTERY_AJAX_JSON
203,2006-10-21,1,3,11,24,30,32,7,5,10822823700,2164564740,47033359000,1000,47033359,5.77446439928005,5,https://www.dhlottery.co.kr/lt645/selectPstLt645InfoNew.do?srchDir=older&srchCursorLtEpsd=209,OFFICIAL_DHLOTTERY_AJAX_JSON
204,2006-10-28,3,12,14,35,40,45,5,8,10866777000,1358347125,46077750000,1000,46077750,5.65714064721439,3,https://www.dhlottery.co.kr/lt645/selectPstLt645InfoNew.do?srchDir=older&srchCursorLtEpsd=209,OFFICIAL_DHLOTTERY_AJAX_JSON
205,2006-11-04,1,3,21,29,35,37,30,6,11011330800,1835221800,46330516000,1000,46330516,5.68817369055599,4,https://www.dhlottery.co.kr/lt645/selectPstLt645InfoNew.do?srchDir=older&srchCursorLtEpsd=209,OFFICIAL_DHLOTTERY_AJAX_JSON
206,2006-11-11,1,2,3,15,20,25,43,5,10164296700,2032859340,44326979000,1000,44326979,5.44219183161327,6,https://www.dhlottery.co.kr/lt645/selectPstLt645InfoNew.do?srchDir=older&srchCursorLtEpsd=209,OFFICIAL_DHLOTTERY_AJAX_JSON
207,2006-11-18,3,11,14,31,32,37,38,5,10523368800,2104673760,45282336000,1000,45282336,5.55948464468033,4,https://www.dhlottery.co.kr/lt645/selectPstLt645InfoNew.do?srchDir=older&srchCursorLtEpsd=209,OFFICIAL_DHLOTTERY_AJAX_JSON
208,2006-11-25,14,25,31,34,40,44,24,6,10564604400,1760767400,45516378000,1000,45516378,5.58821887131587,3,https://www.dhlottery.co.kr/lt645/selectPstLt645InfoNew.do?srchDir=older&srchCursorLtEpsd=209,OFFICIAL_DHLOTTERY_AJAX_JSON
209,2006-12-02,2,7,18,20,24,33,37,6,9965378100,1660896350,43753377000,1000,43753377,5.37176853209184,5,https://www.dhlottery.co.kr/lt645/selectPstLt645InfoNew.do?srchDir=older&srchCursorLtEpsd=219,OFFICIAL_DHLOTTERY_AJAX_JSON
210,2006-12-09,10,19,22,23,25,37,39,2,10278171900,5139085950,44757963000,1000,44757963,5.49510537675597,5,https://www.dhlottery.co.kr/lt645/selectPstLt645InfoNew.do?srchDir=older&srchCursorLtEpsd=219,OFFICIAL_DHLOTTERY_AJAX_JSON
211,2006-12-16,12,13,17,20,33,41,8,10,10358002500,1035800250,45332675000,1000,45332675,5.56566495519984,4,https://www.dhlottery.co.kr/lt645/selectPstLt645InfoNew.do?srchDir=older&srchCursorLtEpsd=219,OFFICIAL_DHLOTTERY_AJAX_JSON
212,2006-12-23,11,12,18,21,31,38,8,4,10642989000,2660747250,46139120000,1000,46139120,5.6646752755658,5,https://www.dhlottery.co.kr/lt645/selectPstLt645InfoNew.do?srchDir=older&srchCursorLtEpsd=219,OFFICIAL_DHLOTTERY_AJAX_JSON
213,2006-12-30,2,3,4,5,20,24,42,8,11013424200,1376678025,48745094000,1000,48745094,5.98462061666826,6,https://www.dhlottery.co.kr/lt645/selectPstLt645InfoNew.do?srchDir=older&srchCursorLtEpsd=219,OFFICIAL_DHLOTTERY_AJAX_JSON
214,2007-01-06,5,7,20,25,28,37,32,8,11255847000,1406980875,49195740000,1000,49195740,6.03994814034519,5,https://www.dhlottery.co.kr/lt645/selectPstLt645InfoNew.do?srchDir=older&srchCursorLtEpsd=219,OFFICIAL_DHLOTTERY_AJAX_JSON
215,2007-01-13,2,3,7,15,43,44,4,7,11113827305,1587689615,47675761000,1000,47675761,5.85333453651661,4,https://www.dhlottery.co.kr/lt645/selectPstLt645InfoNew.do?srchDir=older&srchCursorLtEpsd=219,OFFICIAL_DHLOTTERY_AJAX_JSON
216,2007-01-20,7,16,17,33,36,40,1,13,11030579404,848506108,48342018000,1000,48342018,5.93513344284757,3,https://www.dhlottery.co.kr/lt645/selectPstLt645InfoNew.do?srchDir=older&srchCursorLtEpsd=219,OFFICIAL_DHLOTTERY_AJAX_JSON
217,2007-01-27,16,20,27,33,35,39,38,7,11278723204,1611246172,48260644000,1000,48260644,5.92514284732095,3,https://www.dhlottery.co.kr/lt645/selectPstLt645InfoNew.do?srchDir=older&srchCursorLtEpsd=219,OFFICIAL_DHLOTTERY_AJAX_JSON
218,2007-02-03,1,8,14,18,29,44,20,4,11116303200,2779075800,47018314000,1000,47018314,5.77261726739889,5,https://www.dhlottery.co.kr/lt645/selectPstLt645InfoNew.do?srchDir=older&srchCursorLtEpsd=219,OFFICIAL_DHLOTTERY_AJAX_JSON
219,2007-02-10,4,11,20,26,35,37,16,9,10875682503,1208409167,46903745000,1000,46903745,5.75855119544853,4,https://www.dhlottery.co.kr/lt645/selectPstLt645InfoNew.do?srchDir=older&srchCursorLtEpsd=229,OFFICIAL_DHLOTTERY_AJAX_JSON
220,2007-02-17,5,11,19,21,34,43,31,6,11748569700,1958094950,50383399000,1000,50383399,6.18576155362883,4,https://www.dhlottery.co.kr/lt645/selectPstLt645InfoNew.do?srchDir=older&srchCursorLtEpsd=229,OFFICIAL_DHLOTTERY_AJAX_JSON
221,2007-02-24,2,20,33,35,37,40,10,6,10800625500,1800104250,47674135000,1000,47674135,5.85313490631131,2,https://www.dhlottery.co.kr/lt645/selectPstLt645InfoNew.do?srchDir=older&srchCursorLtEpsd=229,OFFICIAL_DHLOTTERY_AJAX_JSON
222,2007-03-03,5,7,28,29,39,43,44,5,11375969100,2275193820,47735197000,1000,47735197,5.8606317203311,4,https://www.dhlottery.co.kr/lt645/selectPstLt645InfoNew.do?srchDir=older&srchCursorLtEpsd=229,OFFICIAL_DHLOTTERY_AJAX_JSON
223,2007-03-10,1,3,18,20,26,27,38,7,10487194200,1498170600,46036874000,1000,46036874,5.65212214520212,6,https://www.dhlottery.co.kr/lt645/selectPstLt645InfoNew.do?srchDir=older&srchCursorLtEpsd=229,OFFICIAL_DHLOTTERY_AJAX_JSON
224,2007-03-17,4,19,26,27,30,42,7,6,10853819700,1808969950,46435109000,1000,46435109,5.70101497103766,5,https://www.dhlottery.co.kr/lt645/selectPstLt645InfoNew.do?srchDir=older&srchCursorLtEpsd=229,OFFICIAL_DHLOTTERY_AJAX_JSON
225,2007-03-24,5,11,13,19,31,36,7,6,10663210800,1777201800,46352016000,1000,46352016,5.69081332734197,5,https://www.dhlottery.co.kr/lt645/selectPstLt645InfoNew.do?srchDir=older&srchCursorLtEpsd=229,OFFICIAL_DHLOTTERY_AJAX_JSON
226,2007-03-31,2,6,8,14,21,22,34,6,10464600900,1744100150,45145643000,1000,45145643,5.5427023250903,6,https://www.dhlottery.co.kr/lt645/selectPstLt645InfoNew.do?srchDir=older&srchCursorLtEpsd=229,OFFICIAL_DHLOTTERY_AJAX_JSON
227,2007-04-07,4,5,15,16,22,42,2,2,10507084800,5253542400,44444776000,1000,44444776,5.45665421740294,5,https://www.dhlottery.co.kr/lt645/selectPstLt645InfoNew.do?srchDir=older&srchCursorLtEpsd=229,OFFICIAL_DHLOTTERY_AJAX_JSON
228,2007-04-14,17,25,35,36,39,44,23,9,10320303006,1146700334,44764100000,1000,44764100,5.49585883959111,2,https://www.dhlottery.co.kr/lt645/selectPstLt645InfoNew.do?srchDir=older&srchCursorLtEpsd=229,OFFICIAL_DHLOTTERY_AJAX_JSON
229,2007-04-21,4,5,9,11,23,38,35,7,10160087700,1451441100,44762989000,1000,44762989,5.49572243789487,5,https://www.dhlottery.co.kr/lt645/selectPstLt645InfoNew.do?srchDir=older&srchCursorLtEpsd=239,OFFICIAL_DHLOTTERY_AJAX_JSON
230,2007-04-28,5,11,14,29,32,33,12,8,10343433304,1292929163,44191351000,1000,44191351,5.4255402661245,4,https://www.dhlottery.co.kr/lt645/selectPstLt645InfoNew.do?srchDir=older&srchCursorLtEpsd=239,OFFICIAL_DHLOTTERY_AJAX_JSON
231,2007-05-05,5,10,19,31,44,45,27,9,9795293100,1088365900,42355627000,1000,42355627,5.20016144755226,4,https://www.dhlottery.co.kr/lt645/selectPstLt645InfoNew.do?srchDir=older&srchCursorLtEpsd=239,OFFICIAL_DHLOTTERY_AJAX_JSON
232,2007-05-12,8,9,10,12,24,44,35,9,9998265600,1110918400,43564632000,1000,43564632,5.34859559045606,5,https://www.dhlottery.co.kr/lt645/selectPstLt645InfoNew.do?srchDir=older&srchCursorLtEpsd=239,OFFICIAL_DHLOTTERY_AJAX_JSON
233,2007-05-19,4,6,13,17,28,40,39,10,9991537500,999153750,43516805000,1000,43516805,5.3427236877322,5,https://www.dhlottery.co.kr/lt645/selectPstLt645InfoNew.do?srchDir=older&srchCursorLtEpsd=239,OFFICIAL_DHLOTTERY_AJAX_JSON
234,2007-05-26,13,21,22,24,26,37,4,4,10078975500,2519743875,42814085000,1000,42814085,5.25644808018603,5,https://www.dhlottery.co.kr/lt645/selectPstLt645InfoNew.do?srchDir=older&srchCursorLtEpsd=239,OFFICIAL_DHLOTTERY_AJAX_JSON
235,2007-06-02,21,22,26,27,31,37,8,3,10299990300,3433330100,43347391000,1000,43347391,5.32192408650151,5,https://www.dhlottery.co.kr/lt645/selectPstLt645InfoNew.do?srchDir=older&srchCursorLtEpsd=239,OFFICIAL_DHLOTTERY_AJAX_JSON
236,2007-06-09,1,4,8,13,37,39,7,2,10060080300,5030040150,42941871000,1000,42941871,5.27213685350384,4,https://www.dhlottery.co.kr/lt645/selectPstLt645InfoNew.do?srchDir=older&srchCursorLtEpsd=239,OFFICIAL_DHLOTTERY_AJAX_JSON
237,2007-06-16,1,11,17,21,24,44,33,7,10084415103,1440630729,43358287000,1000,43358287,5.32326182986988,5,https://www.dhlottery.co.kr/lt645/selectPstLt645InfoNew.do?srchDir=older&srchCursorLtEpsd=239,OFFICIAL_DHLOTTERY_AJAX_JSON
238,2007-06-23,2,4,15,28,31,34,35,9,10094945103,1121660567,42952477000,1000,42952477,5.27343899246906,5,https://www.dhlottery.co.kr/lt645/selectPstLt645InfoNew.do?srchDir=older&srchCursorLtEpsd=239,OFFICIAL_DHLOTTERY_AJAX_JSON
239,2007-06-30,11,15,24,39,41,44,7,9,10207261503,1134140167,43296565000,1000,43296565,5.31568398513946,3,https://www.dhlottery.co.kr/lt645/selectPstLt645InfoNew.do?srchDir=older&srchCursorLtEpsd=249,OFFICIAL_DHLOTTERY_AJAX_JSON
240,2007-07-07,6,10,16,40,41,43,21,2,10196502900,5098251450,43603443000,1000,43603443,5.35336056456306,3,https://www.dhlottery.co.kr/lt645/selectPstLt645InfoNew.do?srchDir=older&srchCursorLtEpsd=249,OFFICIAL_DHLOTTERY_AJAX_JSON
241,2007-07-14,2,16,24,27,28,35,21,4,10208065200,2552016300,43246894000,1000,43246894,5.30958568752103,5,https://www.dhlottery.co.kr/lt645/selectPstLt645InfoNew.do?srchDir=older&srchCursorLtEpsd=249,OFFICIAL_DHLOTTERY_AJAX_JSON
242,2007-07-21,4,19,20,21,32,34,43,8,9876339000,1234542375,42679760000,1000,42679760,5.23995648896386,4,https://www.dhlottery.co.kr/lt645/selectPstLt645InfoNew.do?srchDir=older&srchCursorLtEpsd=249,OFFICIAL_DHLOTTERY_AJAX_JSON
243,2007-07-28,2,12,17,19,28,42,34,4,9635400000,2408850000,41304830000,1000,41304830,5.07115110263153,5,https://www.dhlottery.co.kr/lt645/selectPstLt645InfoNew.do?srchDir=older&srchCursorLtEpsd=249,OFFICIAL_DHLOTTERY_AJAX_JSON
244,2007-08-04,13,16,25,36,37,38,19,1,9121583100,9121583100,39411047000,1000,39411047,4.83864415977292,3,https://www.dhlottery.co.kr/lt645/selectPstLt645InfoNew.do?srchDir=older&srchCursorLtEpsd=249,OFFICIAL_DHLOTTERY_AJAX_JSON
245,2007-08-11,9,11,27,31,32,38,22,7,9678081903,1382583129,41854623000,1000,41854623,5.13865128065355,4,https://www.dhlottery.co.kr/lt645/selectPstLt645InfoNew.do?srchDir=older&srchCursorLtEpsd=249,OFFICIAL_DHLOTTERY_AJAX_JSON
246,2007-08-18,13,18,21,23,26,39,15,5,9558871200,1911774240,41453154000,1000,41453154,5.08936140433588,5,https://www.dhlottery.co.kr/lt645/selectPstLt645InfoNew.do?srchDir=older&srchCursorLtEpsd=249,OFFICIAL_DHLOTTERY_AJAX_JSON
247,2007-08-25,12,15,28,36,39,40,13,6,10015883400,1669313900,42231698000,1000,42231698,5.18494621279647,3,https://www.dhlottery.co.kr/lt645/selectPstLt645InfoNew.do?srchDir=older&srchCursorLtEpsd=249,OFFICIAL_DHLOTTERY_AJAX_JSON
248,2007-09-01,3,8,17,23,38,45,13,8,9819834904,1227479363,42348403000,1000,42348403,5.19927452959217,4,https://www.dhlottery.co.kr/lt645/selectPstLt645InfoNew.do?srchDir=older&srchCursorLtEpsd=249,OFFICIAL_DHLOTTERY_AJAX_JSON
249,2007-09-08,3,8,27,31,41,44,11,6,9981412200,1663568700,42539134000,1000,42539134,5.2226913000027,4,https://www.dhlottery.co.kr/lt645/selectPstLt645InfoNew.do?srchDir=older&srchCursorLtEpsd=259,OFFICIAL_DHLOTTERY_AJAX_JSON
250,2007-09-15,19,23,30,37,43,45,38,5,9973631400,1994726280,42122808000,1000,42122808,5.17157737327902,3,https://www.dhlottery.co.kr/lt645/selectPstLt645InfoNew.do?srchDir=older&srchCursorLtEpsd=259,OFFICIAL_DHLOTTERY_AJAX_JSON
251,2007-09-22,6,7,19,25,28,38,45,8,10260931200,1282616400,44493014000,1000,44493014,5.46257658016024,5,https://www.dhlottery.co.kr/lt645/selectPstLt645InfoNew.do?srchDir=older&srchCursorLtEpsd=259,OFFICIAL_DHLOTTERY_AJAX_JSON
252,2007-09-29,14,23,26,31,39,45,28,7,9737628005,1391089715,41207920000,1000,41207920,5.05925309328599,4,https://www.dhlottery.co.kr/lt645/selectPstLt645InfoNew.do?srchDir=older&srchCursorLtEpsd=259,OFFICIAL_DHLOTTERY_AJAX_JSON
253,2007-10-06,8,19,25,31,34,36,33,4,9864758100,2466189525,42309347000,1000,42309347,5.19447947590319,4,https://www.dhlottery.co.kr/lt645/selectPstLt645InfoNew.do?srchDir=older&srchCursorLtEpsd=259,OFFICIAL_DHLOTTERY_AJAX_JSON
254,2007-10-13,1,5,19,20,24,30,27,1,9741015900,9741015900,42259113000,1000,42259113,5.1883120566331,6,https://www.dhlottery.co.kr/lt645/selectPstLt645InfoNew.do?srchDir=older&srchCursorLtEpsd=259,OFFICIAL_DHLOTTERY_AJAX_JSON
255,2007-10-20,1,5,6,24,27,42,32,6,9591711300,1598618550,41425341000,1000,41425341,5.08594669652526,5,https://www.dhlottery.co.kr/lt645/selectPstLt645InfoNew.do?srchDir=older&srchCursorLtEpsd=259,OFFICIAL_DHLOTTERY_AJAX_JSON
256,2007-10-27,4,11,14,21,23,43,32,2,9782034000,4891017000,41996580000,1000,41996580,5.15607988154783,5,https://www.dhlottery.co.kr/lt645/selectPstLt645InfoNew.do?srchDir=older&srchCursorLtEpsd=259,OFFICIAL_DHLOTTERY_AJAX_JSON
257,2007-11-03,6,13,27,31,32,37,4,4,9565508100,2391377025,41433637000,1000,41433637,5.08696522800323,4,https://www.dhlottery.co.kr/lt645/selectPstLt645InfoNew.do?srchDir=older&srchCursorLtEpsd=259,OFFICIAL_DHLOTTERY_AJAX_JSON
258,2007-11-10,14,27,30,31,38,40,17,4,9705737400,2426434350,41364428000,1000,41364428,5.07846817580227,4,https://www.dhlottery.co.kr/lt645/selectPstLt645InfoNew.do?srchDir=older&srchCursorLtEpsd=259,OFFICIAL_DHLOTTERY_AJAX_JSON
259,2007-11-17,4,5,14,35,42,45,34,2,9677067000,4838533500,40905570000,1000,40905570,5.0221324336469,3,https://www.dhlottery.co.kr/lt645/selectPstLt645InfoNew.do?srchDir=older&srchCursorLtEpsd=269,OFFICIAL_DHLOTTERY_AJAX_JSON
260,2007-11-24,7,12,15,24,37,40,43,4,9240342300,2310085575,40140211000,1000,40140211,4.92816639779204,4,https://www.dhlottery.co.kr/lt645/selectPstLt645InfoNew.do?srchDir=older&srchCursorLtEpsd=269,OFFICIAL_DHLOTTERY_AJAX_JSON
261,2007-12-01,6,11,16,18,31,43,2,3,9576897300,3192299100,41215041000,1000,41215041,5.06012736554427,5,https://www.dhlottery.co.kr/lt645/selectPstLt645InfoNew.do?srchDir=older&srchCursorLtEpsd=269,OFFICIAL_DHLOTTERY_AJAX_JSON
262,2007-12-08,9,12,24,25,29,31,36,2,9037483200,4518741600,39232234000,1000,39232234,4.81669060755845,6,https://www.dhlottery.co.kr/lt645/selectPstLt645InfoNew.do?srchDir=older&srchCursorLtEpsd=269,OFFICIAL_DHLOTTERY_AJAX_JSON
263,2007-12-15,1,27,28,32,37,40,18,6,9310229400,1551704900,39677128000,1000,39677128,4.87131193631477,3,https://www.dhlottery.co.kr/lt645/selectPstLt645InfoNew.do?srchDir=older&srchCursorLtEpsd=269,OFFICIAL_DHLOTTERY_AJAX_JSON
264,2007-12-22,9,16,27,36,41,44,5,7,9414224400,1344889200,39783178000,1000,39783178,4.88433209822886,3,https://www.dhlottery.co.kr/lt645/selectPstLt645InfoNew.do?srchDir=older&srchCursorLtEpsd=269,OFFICIAL_DHLOTTERY_AJAX_JSON
265,2007-12-29,5,9,34,37,38,39,12,8,9606708600,1200838575,40913922000,1000,40913922,5.0231578404579,2,https://www.dhlottery.co.kr/lt645/selectPstLt645InfoNew.do?srchDir=older&srchCursorLtEpsd=269,OFFICIAL_DHLOTTERY_AJAX_JSON
266,2008-01-05,3,4,9,11,22,42,37,3,9621635100,3207211700,41937067000,1000,41937067,5.14877324415044,5,https://www.dhlottery.co.kr/lt645/selectPstLt645InfoNew.do?srchDir=older&srchCursorLtEpsd=269,OFFICIAL_DHLOTTERY_AJAX_JSON
267,2008-01-12,7,8,24,34,36,41,1,3,9772989900,3257663300,41835853000,1000,41835853,5.13634681635249,3,https://www.dhlottery.co.kr/lt645/selectPstLt645InfoNew.do?srchDir=older&srchCursorLtEpsd=269,OFFICIAL_DHLOTTERY_AJAX_JSON
268,2008-01-19,3,10,19,24,32,45,12,7,9456681605,1350954515,41213802000,1000,41213802,5.05997524880111,4,https://www.dhlottery.co.kr/lt645/selectPstLt645InfoNew.do?srchDir=older&srchCursorLtEpsd=269,OFFICIAL_DHLOTTERY_AJAX_JSON
269,2008-01-26,5,18,20,36,42,43,32,5,9806999700,1961399940,41357619000,1000,41357619,5.07763220897084,3,https://www.dhlottery.co.kr/lt645/selectPstLt645InfoNew.do?srchDir=older&srchCursorLtEpsd=279,OFFICIAL_DHLOTTERY_AJAX_JSON
270,2008-02-02,5,9,12,20,21,26,27,5,9639150300,1927830060,41845351000,1000,41845351,5.13751292194287,6,https://www.dhlottery.co.kr/lt645/selectPstLt645InfoNew.do?srchDir=older&srchCursorLtEpsd=279,OFFICIAL_DHLOTTERY_AJAX_JSON
271,2008-02-09,3,8,9,27,29,40,36,6,9395508900,1565918150,40879633000,1000,40879633,5.01894804949258,5,https://www.dhlottery.co.kr/lt645/selectPstLt645InfoNew.do?srchDir=older&srchCursorLtEpsd=279,OFFICIAL_DHLOTTERY_AJAX_JSON
272,2008-02-16,7,9,12,27,39,43,28,9,9941605200,1104622800,43310674000,1000,43310674,5.31741620074008,4,https://www.dhlottery.co.kr/lt645/selectPstLt645InfoNew.do?srchDir=older&srchCursorLtEpsd=279,OFFICIAL_DHLOTTERY_AJAX_JSON
273,2008-02-23,1,8,24,31,34,44,6,3,10018629300,3339543100,42816211000,1000,42816211,5.25670909729333,4,https://www.dhlottery.co.kr/lt645/selectPstLt645InfoNew.do?srchDir=older&srchCursorLtEpsd=279,OFFICIAL_DHLOTTERY_AJAX_JSON
274,2008-03-01,13,14,15,26,35,39,25,4,10020342300,2505085575,42631711000,1000,42631711,5.23405733045552,4,https://www.dhlottery.co.kr/lt645/selectPstLt645InfoNew.do?srchDir=older&srchCursorLtEpsd=279,OFFICIAL_DHLOTTERY_AJAX_JSON
275,2008-03-08,14,19,20,35,38,40,26,1,10044066900,10044066900,42329813000,1000,42329813,5.19699216457583,3,https://www.dhlottery.co.kr/lt645/selectPstLt645InfoNew.do?srchDir=older&srchCursorLtEpsd=279,OFFICIAL_DHLOTTERY_AJAX_JSON
276,2008-03-15,4,15,21,33,39,41,25,3,9937707000,3312569000,42567610000,1000,42567610,5.22618740684538,3,https://www.dhlottery.co.kr/lt645/selectPstLt645InfoNew.do?srchDir=older&srchCursorLtEpsd=279,OFFICIAL_DHLOTTERY_AJAX_JSON
277,2008-03-22,10,12,13,15,25,29,20,3,9817883400,3272627800,41868708000,1000,41868708,5.14038054968288,6,https://www.dhlottery.co.kr/lt645/selectPstLt645InfoNew.do?srchDir=older&srchCursorLtEpsd=279,OFFICIAL_DHLOTTERY_AJAX_JSON
278,2008-03-29,3,11,37,39,41,43,13,3,9559590000,3186530000,41088180000,1000,41088180,5.04455215799515,2,https://www.dhlottery.co.kr/lt645/selectPstLt645InfoNew.do?srchDir=older&srchCursorLtEpsd=279,OFFICIAL_DHLOTTERY_AJAX_JSON
279,2008-04-05,7,16,31,36,37,38,11,5,9571026600,1914205320,41130542000,1000,41130542,5.04975310188016,3,https://www.dhlottery.co.kr/lt645/selectPstLt645InfoNew.do?srchDir=older&srchCursorLtEpsd=289,OFFICIAL_DHLOTTERY_AJAX_JSON
280,2008-04-12,10,11,23,24,36,37,35,7,9486809703,1355258529,40673999000,1000,40673999,4.99370158108105,4,https://www.dhlottery.co.kr/lt645/selectPstLt645InfoNew.do?srchDir=older&srchCursorLtEpsd=289,OFFICIAL_DHLOTTERY_AJAX_JSON
281,2008-04-19,1,3,4,6,14,41,12,6,9328099200,1554683200,40800514000,1000,40800514,5.00923430889398,5,https://www.dhlottery.co.kr/lt645/selectPstLt645InfoNew.do?srchDir=older&srchCursorLtEpsd=289,OFFICIAL_DHLOTTERY_AJAX_JSON
282,2008-04-26,2,5,10,18,31,32,30,7,9254368501,1322052643,41051175000,1000,41051175,5.04000891337817,5,https://www.dhlottery.co.kr/lt645/selectPstLt645InfoNew.do?srchDir=older&srchCursorLtEpsd=289,OFFICIAL_DHLOTTERY_AJAX_JSON
283,2008-05-03,6,8,18,31,38,45,42,3,9411673800,3137224600,40133316000,1000,40133316,4.92731987241346,4,https://www.dhlottery.co.kr/lt645/selectPstLt645InfoNew.do?srchDir=older&srchCursorLtEpsd=289,OFFICIAL_DHLOTTERY_AJAX_JSON
284,2008-05-10,2,7,15,24,30,45,28,3,9352920900,3117640300,39773403000,1000,39773403,4.88313198429478,5,https://www.dhlottery.co.kr/lt645/selectPstLt645InfoNew.do?srchDir=older&srchCursorLtEpsd=289,OFFICIAL_DHLOTTERY_AJAX_JSON
285,2008-05-17,13,33,37,40,41,45,2,3,9493110300,3164370100,40364871000,1000,40364871,4.95574876059845,1,https://www.dhlottery.co.kr/lt645/selectPstLt645InfoNew.do?srchDir=older&srchCursorLtEpsd=289,OFFICIAL_DHLOTTERY_AJAX_JSON
286,2008-05-24,1,15,19,40,42,44,17,3,9709698900,3236566300,40944483000,1000,40944483,5.02690993068191,3,https://www.dhlottery.co.kr/lt645/selectPstLt645InfoNew.do?srchDir=older&srchCursorLtEpsd=289,OFFICIAL_DHLOTTERY_AJAX_JSON
287,2008-05-31,6,12,24,27,35,37,41,7,9300599700,1328657100,40623489000,1000,40623489,4.98750027624106,4,https://www.dhlottery.co.kr/lt645/selectPstLt645InfoNew.do?srchDir=older&srchCursorLtEpsd=289,OFFICIAL_DHLOTTERY_AJAX_JSON
288,2008-06-07,1,12,17,28,35,41,10,4,9429046200,2357261550,39970134000,1000,39970134,4.9072853975293,4,https://www.dhlottery.co.kr/lt645/selectPstLt645InfoNew.do?srchDir=older&srchCursorLtEpsd=289,OFFICIAL_DHLOTTERY_AJAX_JSON
289,2008-06-14,3,14,33,37,38,42,10,0,9181683900,0,39406643000,1000,39406643,4.83810346394011,2,https://www.dhlottery.co.kr/lt645/selectPstLt645InfoNew.do?srchDir=older&srchCursorLtEpsd=299,OFFICIAL_DHLOTTERY_AJAX_JSON
290,2008-06-21,8,13,18,32,39,45,7,13,27939787512,2149214424,80362302000,1000,80362302,9.86638551465551,3,https://www.dhlottery.co.kr/lt645/selectPstLt645InfoNew.do?srchDir=older&srchCursorLtEpsd=299,OFFICIAL_DHLOTTERY_AJAX_JSON
291,2008-06-28,3,7,8,18,20,42,45,7,10154096400,1450585200,44143418000,1000,44143418,5.41965534937741,5,https://www.dhlottery.co.kr/lt645/selectPstLt645InfoNew.do?srchDir=older&srchCursorLtEpsd=299,OFFICIAL_DHLOTTERY_AJAX_JSON
292,2008-07-05,17,18,31,32,33,34,10,14,10085235300,720373950,43394631000,1000,43394631,5.32772392100242,3,https://www.dhlottery.co.kr/lt645/selectPstLt645InfoNew.do?srchDir=older&srchCursorLtEpsd=299,OFFICIAL_DHLOTTERY_AJAX_JSON
293,2008-07-12,1,9,17,21,29,33,24,6,9940586400,1656764400,42399708000,1000,42399708,5.20557343960634,5,https://www.dhlottery.co.kr/lt645/selectPstLt645InfoNew.do?srchDir=older&srchCursorLtEpsd=299,OFFICIAL_DHLOTTERY_AJAX_JSON
294,2008-07-19,6,10,17,30,37,38,40,4,9626019900,2406504975,41563813000,1000,41563813,5.1029474307126,4,https://www.dhlottery.co.kr/lt645/selectPstLt645InfoNew.do?srchDir=older&srchCursorLtEpsd=299,OFFICIAL_DHLOTTERY_AJAX_JSON
295,2008-07-26,1,4,12,16,18,38,8,0,9823300500,0,42248135000,1000,42248135,5.1869642458128,5,https://www.dhlottery.co.kr/lt645/selectPstLt645InfoNew.do?srchDir=older&srchCursorLtEpsd=299,OFFICIAL_DHLOTTERY_AJAX_JSON
296,2008-08-02,3,8,15,27,30,45,44,8,24528706200,3066088275,63377899000,1000,63377899,7.78114574969368,5,https://www.dhlottery.co.kr/lt645/selectPstLt645InfoNew.do?srchDir=older&srchCursorLtEpsd=299,OFFICIAL_DHLOTTERY_AJAX_JSON
297,2008-08-09,6,11,19,20,28,32,34,2,10113337500,5056668750,43641475000,1000,43641475,5.35802989787675,5,https://www.dhlottery.co.kr/lt645/selectPstLt645InfoNew.do?srchDir=older&srchCursorLtEpsd=299,OFFICIAL_DHLOTTERY_AJAX_JSON
298,2008-08-16,5,9,27,29,37,40,19,1,9909778500,9909778500,43151675000,1000,43151675,5.29789528867805,4,https://www.dhlottery.co.kr/lt645/selectPstLt645InfoNew.do?srchDir=older&srchCursorLtEpsd=299,OFFICIAL_DHLOTTERY_AJAX_JSON
299,2008-08-23,1,3,20,25,36,45,24,7,10386407700,1483772529,44463909000,1000,44463909,5.45900324859485,4,https://www.dhlottery.co.kr/lt645/selectPstLt645InfoNew.do?srchDir=older&srchCursorLtEpsd=309,OFFICIAL_DHLOTTERY_AJAX_JSON
300,2008-08-30,7,9,10,12,26,38,39,12,10033109100,836092425,44465047000,1000,44465047,5.4591429651838,5,https://www.dhlottery.co.kr/lt645/selectPstLt645InfoNew.do?srchDir=older&srchCursorLtEpsd=309,OFFICIAL_DHLOTTERY_AJAX_JSON
301,2008-09-06,7,11,13,33,37,43,26,7,10131695100,1447385015,44377177000,1000,44377177,5.44835483102641,3,https://www.dhlottery.co.kr/lt645/selectPstLt645InfoNew.do?srchDir=older&srchCursorLtEpsd=309,OFFICIAL_DHLOTTERY_AJAX_JSON
302,2008-09-13,13,19,20,32,38,42,4,2,10944334500,5472167250,46382605000,1000,46382605,5.6945688552325,3,https://www.dhlottery.co.kr/lt645/selectPstLt645InfoNew.do?srchDir=older&srchCursorLtEpsd=309,OFFICIAL_DHLOTTERY_AJAX_JSON
303,2008-09-20,2,14,17,30,38,45,43,6,10036494000,1672749000,42841760000,1000,42841760,5.2598458452117,4,https://www.dhlottery.co.kr/lt645/selectPstLt645InfoNew.do?srchDir=older&srchCursorLtEpsd=309,OFFICIAL_DHLOTTERY_AJAX_JSON
304,2008-09-27,4,10,16,26,33,41,38,6,9969876900,1661646150,43158653000,1000,43158653,5.29875200428235,4,https://www.dhlottery.co.kr/lt645/selectPstLt645InfoNew.do?srchDir=older&srchCursorLtEpsd=309,OFFICIAL_DHLOTTERY_AJAX_JSON
305,2008-10-04,7,8,18,21,23,39,9,5,10041050700,2008210140,43960659000,1000,43960659,5.39721733173236,5,https://www.dhlottery.co.kr/lt645/selectPstLt645InfoNew.do?srchDir=older&srchCursorLtEpsd=309,OFFICIAL_DHLOTTERY_AJAX_JSON
306,2008-10-11,4,18,23,30,34,41,19,5,10513347600,2102669520,44421462000,1000,44421462,5.45379186893651,4,https://www.dhlottery.co.kr/lt645/selectPstLt645InfoNew.do?srchDir=older&srchCursorLtEpsd=309,OFFICIAL_DHLOTTERY_AJAX_JSON
307,2008-10-18,5,15,21,23,25,45,12,4,10350573000,2587643250,43880990000,1000,43880990,5.38743606554157,5,https://www.dhlottery.co.kr/lt645/selectPstLt645InfoNew.do?srchDir=older&srchCursorLtEpsd=309,OFFICIAL_DHLOTTERY_AJAX_JSON
308,2008-10-25,14,15,17,19,37,45,40,1,10232872800,10232872800,43339416000,1000,43339416,5.32094496541462,4,https://www.dhlottery.co.kr/lt645/selectPstLt645InfoNew.do?srchDir=older&srchCursorLtEpsd=309,OFFICIAL_DHLOTTERY_AJAX_JSON
309,2008-11-01,1,2,5,11,18,36,22,11,9917852400,901622946,44157528000,1000,44157528,5.42138768775184,5,https://www.dhlottery.co.kr/lt645/selectPstLt645InfoNew.do?srchDir=older&srchCursorLtEpsd=319,OFFICIAL_DHLOTTERY_AJAX_JSON
310,2008-11-08,1,5,19,28,34,41,16,8,10373706600,1296713325,43718082000,1000,43718082,5.3674352306797,4,https://www.dhlottery.co.kr/lt645/selectPstLt645InfoNew.do?srchDir=older&srchCursorLtEpsd=319,OFFICIAL_DHLOTTERY_AJAX_JSON
311,2008-11-15,4,12,24,27,28,32,10,8,9901528500,1237691063,43209215000,1000,43209215,5.30495969336015,5,https://www.dhlottery.co.kr/lt645/selectPstLt645InfoNew.do?srchDir=older&srchCursorLtEpsd=319,OFFICIAL_DHLOTTERY_AJAX_JSON
312,2008-11-22,2,3,5,6,12,20,25,15,9435267300,629017820,42255391000,1000,42255391,5.18785509253462,6,https://www.dhlottery.co.kr/lt645/selectPstLt645InfoNew.do?srchDir=older&srchCursorLtEpsd=319,OFFICIAL_DHLOTTERY_AJAX_JSON
313,2008-11-29,9,17,34,35,43,45,2,6,10292536800,1715422800,43672096000,1000,43672096,5.361789354529,2,https://www.dhlottery.co.kr/lt645/selectPstLt645InfoNew.do?srchDir=older&srchCursorLtEpsd=319,OFFICIAL_DHLOTTERY_AJAX_JSON
314,2008-12-06,15,17,19,34,38,41,2,6,9963073200,1660512200,42328094000,1000,42328094,5.19678111640675,3,https://www.dhlottery.co.kr/lt645/selectPstLt645InfoNew.do?srchDir=older&srchCursorLtEpsd=319,OFFICIAL_DHLOTTERY_AJAX_JSON
315,2008-12-13,1,13,33,35,43,45,23,8,10469829000,1308728625,44339180000,1000,44339180,5.44368979479586,2,https://www.dhlottery.co.kr/lt645/selectPstLt645InfoNew.do?srchDir=older&srchCursorLtEpsd=319,OFFICIAL_DHLOTTERY_AJAX_JSON
316,2008-12-20,10,11,21,27,31,39,43,6,10041518400,1673586400,44073768000,1000,44073768,5.41110415392888,5,https://www.dhlottery.co.kr/lt645/selectPstLt645InfoNew.do?srchDir=older&srchCursorLtEpsd=319,OFFICIAL_DHLOTTERY_AJAX_JSON
317,2008-12-27,3,10,11,22,36,39,8,4,10305034200,2576258550,44135114000,1000,44135114,5.41863583570901,4,https://www.dhlottery.co.kr/lt645/selectPstLt645InfoNew.do?srchDir=older&srchCursorLtEpsd=319,OFFICIAL_DHLOTTERY_AJAX_JSON
318,2009-01-03,2,17,19,20,34,45,21,9,10866929400,1207436600,46663728000,1000,46663728,5.7290833953341,4,https://www.dhlottery.co.kr/lt645/selectPstLt645InfoNew.do?srchDir=older&srchCursorLtEpsd=319,OFFICIAL_DHLOTTERY_AJAX_JSON
319,2009-01-10,5,8,22,28,33,42,37,5,10678296900,2135659380,45435183000,1000,45435183,5.57825025230017,4,https://www.dhlottery.co.kr/lt645/selectPstLt645InfoNew.do?srchDir=older&srchCursorLtEpsd=329,OFFICIAL_DHLOTTERY_AJAX_JSON
320,2009-01-17,16,19,23,25,41,45,3,2,11026135800,5513067900,46659886000,1000,46659886,5.72861169837914,4,https://www.dhlottery.co.kr/lt645/selectPstLt645InfoNew.do?srchDir=older&srchCursorLtEpsd=329,OFFICIAL_DHLOTTERY_AJAX_JSON
321,2009-01-24,12,18,20,21,25,34,42,6,11754816600,1959136100,50617982000,1000,50617982,6.21456220089232,5,https://www.dhlottery.co.kr/lt645/selectPstLt645InfoNew.do?srchDir=older&srchCursorLtEpsd=329,OFFICIAL_DHLOTTERY_AJAX_JSON
322,2009-01-31,9,18,29,32,38,43,20,6,11427268200,1904544700,48948294000,1000,48948294,6.00956825364086,3,https://www.dhlottery.co.kr/lt645/selectPstLt645InfoNew.do?srchDir=older&srchCursorLtEpsd=329,OFFICIAL_DHLOTTERY_AJAX_JSON
323,2009-02-07,10,14,15,32,36,42,3,8,11688203100,1461025388,49209477000,1000,49209477,6.04163468409072,3,https://www.dhlottery.co.kr/lt645/selectPstLt645InfoNew.do?srchDir=older&srchCursorLtEpsd=329,OFFICIAL_DHLOTTERY_AJAX_JSON
324,2009-02-14,2,4,21,25,33,36,17,6,11190782100,1865130350,47988317000,1000,47988317,5.89170822559932,4,https://www.dhlottery.co.kr/lt645/selectPstLt645InfoNew.do?srchDir=older&srchCursorLtEpsd=329,OFFICIAL_DHLOTTERY_AJAX_JSON
325,2009-02-21,7,17,20,32,44,45,33,6,10836734700,1806122450,46636979000,1000,46636979,5.72579931885094,3,https://www.dhlottery.co.kr/lt645/selectPstLt645InfoNew.do?srchDir=older&srchCursorLtEpsd=329,OFFICIAL_DHLOTTERY_AJAX_JSON
326,2009-02-28,16,23,25,33,36,39,40,6,10992807300,1832134550,47224551000,1000,47224551,5.79793776841423,3,https://www.dhlottery.co.kr/lt645/selectPstLt645InfoNew.do?srchDir=older&srchCursorLtEpsd=329,OFFICIAL_DHLOTTERY_AJAX_JSON
327,2009-03-07,6,12,13,17,32,44,24,12,10592097000,882674750,45791560000,1000,45791560,5.62200401224792,4,https://www.dhlottery.co.kr/lt645/selectPstLt645InfoNew.do?srchDir=older&srchCursorLtEpsd=329,OFFICIAL_DHLOTTERY_AJAX_JSON
328,2009-03-14,1,6,9,16,17,28,24,6,10918775400,1819795900,47316988000,1000,47316988,5.80928661053448,6,https://www.dhlottery.co.kr/lt645/selectPstLt645InfoNew.do?srchDir=older&srchCursorLtEpsd=329,OFFICIAL_DHLOTTERY_AJAX_JSON
329,2009-03-21,9,17,19,30,35,42,4,6,10982347200,1830391200,47198504000,1000,47198504,5.79473987914147,4,https://www.dhlottery.co.kr/lt645/selectPstLt645InfoNew.do?srchDir=older&srchCursorLtEpsd=339,OFFICIAL_DHLOTTERY_AJAX_JSON
330,2009-03-28,3,4,16,17,19,20,23,9,10460521800,1162280200,45859496000,1000,45859496,5.63034477339639,6,https://www.dhlottery.co.kr/lt645/selectPstLt645InfoNew.do?srchDir=older&srchCursorLtEpsd=339,OFFICIAL_DHLOTTERY_AJAX_JSON
331,2009-04-04,4,9,14,26,31,44,39,5,10829513100,2165902620,46641467000,1000,46641467,5.72635032768328,5,https://www.dhlottery.co.kr/lt645/selectPstLt645InfoNew.do?srchDir=older&srchCursorLtEpsd=339,OFFICIAL_DHLOTTERY_AJAX_JSON
332,2009-04-11,16,17,34,36,42,45,3,8,10875587100,1359448388,46042557000,1000,46042557,5.65281986873025,2,https://www.dhlottery.co.kr/lt645/selectPstLt645InfoNew.do?srchDir=older&srchCursorLtEpsd=339,OFFICIAL_DHLOTTERY_AJAX_JSON
333,2009-04-18,5,14,27,30,39,43,35,7,10856910000,1550987143,46019070000,1000,46019070,5.64993628039572,4,https://www.dhlottery.co.kr/lt645/selectPstLt645InfoNew.do?srchDir=older&srchCursorLtEpsd=339,OFFICIAL_DHLOTTERY_AJAX_JSON
334,2009-04-25,13,15,21,29,39,43,33,7,10661020800,1523002972,44439656000,1000,44439656,5.45602561552647,4,https://www.dhlottery.co.kr/lt645/selectPstLt645InfoNew.do?srchDir=older&srchCursorLtEpsd=339,OFFICIAL_DHLOTTERY_AJAX_JSON
335,2009-05-02,5,9,16,23,26,45,21,5,10187462400,2037492480,43977478000,1000,43977478,5.39928226434182,5,https://www.dhlottery.co.kr/lt645/selectPstLt645InfoNew.do?srchDir=older&srchCursorLtEpsd=339,OFFICIAL_DHLOTTERY_AJAX_JSON
336,2009-05-09,3,5,20,34,35,44,16,6,10113795900,1685632650,43069333000,1000,43069333,5.28778584810916,3,https://www.dhlottery.co.kr/lt645/selectPstLt645InfoNew.do?srchDir=older&srchCursorLtEpsd=339,OFFICIAL_DHLOTTERY_AJAX_JSON
337,2009-05-16,1,5,14,18,32,37,4,8,10060004100,1257500513,43432467000,1000,43432467,5.33236919065053,4,https://www.dhlottery.co.kr/lt645/selectPstLt645InfoNew.do?srchDir=older&srchCursorLtEpsd=339,OFFICIAL_DHLOTTERY_AJAX_JSON
338,2009-05-23,2,13,34,38,42,45,16,3,10150293000,3383431000,43136020000,1000,43136020,5.29597326477644,2,https://www.dhlottery.co.kr/lt645/selectPstLt645InfoNew.do?srchDir=older&srchCursorLtEpsd=339,OFFICIAL_DHLOTTERY_AJAX_JSON
339,2009-05-30,6,8,14,21,30,37,45,9,9871005000,1096778334,42035640000,1000,42035640,5.16087542633203,5,https://www.dhlottery.co.kr/lt645/selectPstLt645InfoNew.do?srchDir=older&srchCursorLtEpsd=349,OFFICIAL_DHLOTTERY_AJAX_JSON
340,2009-06-06,18,24,26,29,34,38,32,7,10075752300,1439393186,42892121000,1000,42892121,5.26602885675489,4,https://www.dhlottery.co.kr/lt645/selectPstLt645InfoNew.do?srchDir=older&srchCursorLtEpsd=349,OFFICIAL_DHLOTTERY_AJAX_JSON
341,2009-06-13,1,8,19,34,39,43,41,7,10480454400,1497207772,44722448000,1000,44722448,5.49074506510695,3,https://www.dhlottery.co.kr/lt645/selectPstLt645InfoNew.do?srchDir=older&srchCursorLtEpsd=349,OFFICIAL_DHLOTTERY_AJAX_JSON
342,2009-06-20,1,13,14,33,34,43,25,3,10362287400,3454095800,43782188000,1000,43782188,5.37530576815886,3,https://www.dhlottery.co.kr/lt645/selectPstLt645InfoNew.do?srchDir=older&srchCursorLtEpsd=349,OFFICIAL_DHLOTTERY_AJAX_JSON
343,2009-06-27,1,10,17,29,31,43,15,6,10302918000,1717153000,43656460000,1000,43656460,5.35986966332967,5,https://www.dhlottery.co.kr/lt645/selectPstLt645InfoNew.do?srchDir=older&srchCursorLtEpsd=349,OFFICIAL_DHLOTTERY_AJAX_JSON
344,2009-07-04,1,2,15,28,34,45,38,7,10269745800,1467106543,43838886000,1000,43838886,5.38226679729799,4,https://www.dhlottery.co.kr/lt645/selectPstLt645InfoNew.do?srchDir=older&srchCursorLtEpsd=349,OFFICIAL_DHLOTTERY_AJAX_JSON
345,2009-07-11,15,20,23,29,39,42,2,2,10407155100,5203577550,43530937000,1000,43530937,5.34445872713031,4,https://www.dhlottery.co.kr/lt645/selectPstLt645InfoNew.do?srchDir=older&srchCursorLtEpsd=349,OFFICIAL_DHLOTTERY_AJAX_JSON
346,2009-07-18,5,13,14,22,44,45,33,5,10088636700,2017727340,42862389000,1000,42862389,5.26237854601439,4,https://www.dhlottery.co.kr/lt645/selectPstLt645InfoNew.do?srchDir=older&srchCursorLtEpsd=349,OFFICIAL_DHLOTTERY_AJAX_JSON
347,2009-07-25,3,8,13,27,32,42,10,7,10196370000,1456624286,44219740000,1000,44219740,5.42902569164622,4,https://www.dhlottery.co.kr/lt645/selectPstLt645InfoNew.do?srchDir=older&srchCursorLtEpsd=349,OFFICIAL_DHLOTTERY_AJAX_JSON
348,2009-08-01,3,14,17,20,24,31,34,3,9899982000,3299994000,42786310000,1000,42786310,5.25303803777996,6,https://www.dhlottery.co.kr/lt645/selectPstLt645InfoNew.do?srchDir=older&srchCursorLtEpsd=349,OFFICIAL_DHLOTTERY_AJAX_JSON
349,2009-08-08,5,13,14,20,24,25,36,3,10059627000,3353209000,43433870000,1000,43433870,5.33254144229754,6,https://www.dhlottery.co.kr/lt645/selectPstLt645InfoNew.do?srchDir=older&srchCursorLtEpsd=359,OFFICIAL_DHLOTTERY_AJAX_JSON
350,2009-08-15,1,8,18,24,29,33,35,9,9909472200,1101052467,42681094000,1000,42681094,5.2401202692184,5,https://www.dhlottery.co.kr/lt645/selectPstLt645InfoNew.do?srchDir=older&srchCursorLtEpsd=359,OFFICIAL_DHLOTTERY_AJAX_JSON
351,2009-08-22,5,25,27,29,34,36,33,4,10333428600,2583357150,43947492000,1000,43947492,5.39560076905511,4,https://www.dhlottery.co.kr/lt645/selectPstLt645InfoNew.do?srchDir=older&srchCursorLtEpsd=359,OFFICIAL_DHLOTTERY_AJAX_JSON
352,2009-08-29,5,16,17,20,26,41,24,6,10397149500,1732858250,44719545000,1000,44719545,5.49038865275394,5,https://www.dhlottery.co.kr/lt645/selectPstLt645InfoNew.do?srchDir=older&srchCursorLtEpsd=359,OFFICIAL_DHLOTTERY_AJAX_JSON
353,2009-09-05,11,16,19,22,29,36,26,2,10581676500,5290838250,44552925000,1000,44552925,5.46993208153163,5,https://www.dhlottery.co.kr/lt645/selectPstLt645InfoNew.do?srchDir=older&srchCursorLtEpsd=359,OFFICIAL_DHLOTTERY_AJAX_JSON
354,2009-09-12,14,19,36,43,44,45,1,5,10622321700,2124464340,44709689000,1000,44709689,5.48917859414173,2,https://www.dhlottery.co.kr/lt645/selectPstLt645InfoNew.do?srchDir=older&srchCursorLtEpsd=359,OFFICIAL_DHLOTTERY_AJAX_JSON
355,2009-09-19,5,8,29,30,35,44,38,5,10727124000,2145424800,45017050000,1000,45017050,5.52691447331266,4,https://www.dhlottery.co.kr/lt645/selectPstLt645InfoNew.do?srchDir=older&srchCursorLtEpsd=359,OFFICIAL_DHLOTTERY_AJAX_JSON
356,2009-09-26,2,8,14,25,29,45,24,9,10414667400,1157185267,44684958000,1000,44684958,5.48614227519503,5,https://www.dhlottery.co.kr/lt645/selectPstLt645InfoNew.do?srchDir=older&srchCursorLtEpsd=359,OFFICIAL_DHLOTTERY_AJAX_JSON
357,2009-10-03,10,14,18,21,36,37,5,2,10626788700,5313394350,45232409000,1000,45232409,5.55335491696808,4,https://www.dhlottery.co.kr/lt645/selectPstLt645InfoNew.do?srchDir=older&srchCursorLtEpsd=359,OFFICIAL_DHLOTTERY_AJAX_JSON
358,2009-10-10,1,9,10,12,21,40,37,3,10417964700,3472654900,45651829000,1000,45651829,5.60484870584133,5,https://www.dhlottery.co.kr/lt645/selectPstLt645InfoNew.do?srchDir=older&srchCursorLtEpsd=359,OFFICIAL_DHLOTTERY_AJAX_JSON
359,2009-10-17,1,10,19,20,24,40,23,8,10293700800,1286712600,45288256000,1000,45288256,5.56021146560001,5,https://www.dhlottery.co.kr/lt645/selectPstLt645InfoNew.do?srchDir=older&srchCursorLtEpsd=369,OFFICIAL_DHLOTTERY_AJAX_JSON
360,2009-10-24,4,16,23,25,35,40,27,3,10700148600,3566716200,45719032000,1000,45719032,5.61309947379148,4,https://www.dhlottery.co.kr/lt645/selectPstLt645InfoNew.do?srchDir=older&srchCursorLtEpsd=369,OFFICIAL_DHLOTTERY_AJAX_JSON
361,2009-10-31,5,10,16,24,27,35,33,7,10311805800,1473115115,45062676000,1000,45062676,5.53251615089392,5,https://www.dhlottery.co.kr/lt645/selectPstLt645InfoNew.do?srchDir=older&srchCursorLtEpsd=369,OFFICIAL_DHLOTTERY_AJAX_JSON
362,2009-11-07,2,3,22,27,30,40,29,6,10376547900,1729424650,44336363000,1000,44336363,5.44334394099,5,https://www.dhlottery.co.kr/lt645/selectPstLt645InfoNew.do?srchDir=older&srchCursorLtEpsd=369,OFFICIAL_DHLOTTERY_AJAX_JSON
363,2009-11-14,11,12,14,21,32,38,6,4,10463642400,2615910600,44863948000,1000,44863948,5.50811755837281,4,https://www.dhlottery.co.kr/lt645/selectPstLt645InfoNew.do?srchDir=older&srchCursorLtEpsd=369,OFFICIAL_DHLOTTERY_AJAX_JSON
364,2009-11-21,2,5,7,14,16,40,4,4,10127659200,2531914800,44192004000,1000,44192004,5.42562043741851,5,https://www.dhlottery.co.kr/lt645/selectPstLt645InfoNew.do?srchDir=older&srchCursorLtEpsd=369,OFFICIAL_DHLOTTERY_AJAX_JSON
365,2009-11-28,5,15,21,25,26,30,31,1,10697716800,10697716800,45806066000,1000,45806066,5.62378496904872,6,https://www.dhlottery.co.kr/lt645/selectPstLt645InfoNew.do?srchDir=older&srchCursorLtEpsd=369,OFFICIAL_DHLOTTERY_AJAX_JSON
366,2009-12-05,5,12,19,26,27,44,38,2,10703107800,5351553900,45962166000,1000,45962166,5.64294995985297,5,https://www.dhlottery.co.kr/lt645/selectPstLt645InfoNew.do?srchDir=older&srchCursorLtEpsd=369,OFFICIAL_DHLOTTERY_AJAX_JSON
367,2009-12-12,3,22,25,29,32,44,19,7,11072156100,1581736586,46459307000,1000,46459307,5.70398585154683,4,https://www.dhlottery.co.kr/lt645/selectPstLt645InfoNew.do?srchDir=older&srchCursorLtEpsd=369,OFFICIAL_DHLOTTERY_AJAX_JSON
368,2009-12-19,11,21,24,30,39,45,26,7,10260775800,1465825115,43746046000,1000,43746046,5.37086847733473,4,https://www.dhlottery.co.kr/lt645/selectPstLt645InfoNew.do?srchDir=older&srchCursorLtEpsd=369,OFFICIAL_DHLOTTERY_AJAX_JSON
369,2009-12-26,17,20,35,36,41,43,21,6,11053066500,1842177750,46716275000,1000,46716275,5.73553479041284,2,https://www.dhlottery.co.kr/lt645/selectPstLt645InfoNew.do?srchDir=older&srchCursorLtEpsd=379,OFFICIAL_DHLOTTERY_AJAX_JSON
370,2010-01-02,16,18,24,42,44,45,17,7,11752593600,1678941943,49762652000,1000,49762652,6.10955008311787,3,https://www.dhlottery.co.kr/lt645/selectPstLt645InfoNew.do?srchDir=older&srchCursorLtEpsd=379,OFFICIAL_DHLOTTERY_AJAX_JSON
371,2010-01-09,7,9,15,26,27,42,18,7,10668913800,1524130543,45843166000,1000,45843166,5.62833987717709,5,https://www.dhlottery.co.kr/lt645/selectPstLt645InfoNew.do?srchDir=older&srchCursorLtEpsd=379,OFFICIAL_DHLOTTERY_AJAX_JSON
372,2010-01-16,8,11,14,16,18,21,13,9,10733338800,1192593200,46167066000,1000,46167066,5.66810631229236,6,https://www.dhlottery.co.kr/lt645/selectPstLt645InfoNew.do?srchDir=older&srchCursorLtEpsd=379,OFFICIAL_DHLOTTERY_AJAX_JSON
373,2010-01-23,15,26,37,42,43,45,9,4,11167204500,2791801125,47095065000,1000,47095065,5.78204027962962,2,https://www.dhlottery.co.kr/lt645/selectPstLt645InfoNew.do?srchDir=older&srchCursorLtEpsd=379,OFFICIAL_DHLOTTERY_AJAX_JSON
374,2010-01-30,11,13,15,17,25,34,26,2,11057435700,5528717850,48081319000,1000,48081319,5.90312643491883,5,https://www.dhlottery.co.kr/lt645/selectPstLt645InfoNew.do?srchDir=older&srchCursorLtEpsd=379,OFFICIAL_DHLOTTERY_AJAX_JSON
375,2010-02-06,4,8,19,25,27,45,7,7,11068988400,1581284058,47864938000,1000,47864938,5.87656051643573,5,https://www.dhlottery.co.kr/lt645/selectPstLt645InfoNew.do?srchDir=older&srchCursorLtEpsd=379,OFFICIAL_DHLOTTERY_AJAX_JSON
376,2010-02-13,1,11,13,24,28,40,7,6,11741494800,1956915800,50657096000,1000,50657096,6.21936437546194,5,https://www.dhlottery.co.kr/lt645/selectPstLt645InfoNew.do?srchDir=older&srchCursorLtEpsd=379,OFFICIAL_DHLOTTERY_AJAX_JSON
377,2010-02-20,6,22,29,37,43,45,23,3,11736256200,3912085400,49218434000,1000,49218434,6.04273436905314,3,https://www.dhlottery.co.kr/lt645/selectPstLt645InfoNew.do?srchDir=older&srchCursorLtEpsd=379,OFFICIAL_DHLOTTERY_AJAX_JSON
378,2010-02-27,5,22,29,31,34,39,43,5,11588491200,2317698240,48866964000,1000,48866964,5.99958306016162,4,https://www.dhlottery.co.kr/lt645/selectPstLt645InfoNew.do?srchDir=older&srchCursorLtEpsd=379,OFFICIAL_DHLOTTERY_AJAX_JSON
379,2010-03-06,6,10,22,31,35,40,19,7,11192998500,1598999786,47537685000,1000,47537685,5.83638242075565,4,https://www.dhlottery.co.kr/lt645/selectPstLt645InfoNew.do?srchDir=older&srchCursorLtEpsd=389,OFFICIAL_DHLOTTERY_AJAX_JSON
380,2010-03-13,1,2,8,17,26,37,27,4,10737099300,2684274825,47164371000,1000,47164371,5.79054924088957,5,https://www.dhlottery.co.kr/lt645/selectPstLt645InfoNew.do?srchDir=older&srchCursorLtEpsd=389,OFFICIAL_DHLOTTERY_AJAX_JSON
381,2010-03-20,1,5,10,12,16,20,11,19,10749039900,565738895,47943113000,1000,47943113,5.88615835856335,6,https://www.dhlottery.co.kr/lt645/selectPstLt645InfoNew.do?srchDir=older&srchCursorLtEpsd=389,OFFICIAL_DHLOTTERY_AJAX_JSON
382,2010-03-27,10,15,22,24,27,42,19,6,11080049400,1846674900,47401288000,1000,47401288,5.8196364422116,5,https://www.dhlottery.co.kr/lt645/selectPstLt645InfoNew.do?srchDir=older&srchCursorLtEpsd=389,OFFICIAL_DHLOTTERY_AJAX_JSON
383,2010-04-03,4,15,28,33,37,40,25,3,10789566300,3596522100,46067051000,1000,46067051,5.6558270902854,3,https://www.dhlottery.co.kr/lt645/selectPstLt645InfoNew.do?srchDir=older&srchCursorLtEpsd=389,OFFICIAL_DHLOTTERY_AJAX_JSON
384,2010-04-10,11,22,24,32,36,38,7,3,10976202600,3658734200,46888942000,1000,46888942,5.75673377482793,3,https://www.dhlottery.co.kr/lt645/selectPstLt645InfoNew.do?srchDir=older&srchCursorLtEpsd=389,OFFICIAL_DHLOTTERY_AJAX_JSON
385,2010-04-17,7,12,19,21,29,32,9,7,10794228900,1542032700,46243483000,1000,46243483,5.67748831807255,5,https://www.dhlottery.co.kr/lt645/selectPstLt645InfoNew.do?srchDir=older&srchCursorLtEpsd=389,OFFICIAL_DHLOTTERY_AJAX_JSON
386,2010-04-24,4,7,10,19,31,40,26,10,10429533300,1042953330,45907331000,1000,45907331,5.63621765831068,5,https://www.dhlottery.co.kr/lt645/selectPstLt645InfoNew.do?srchDir=older&srchCursorLtEpsd=389,OFFICIAL_DHLOTTERY_AJAX_JSON
387,2010-05-01,1,26,31,34,40,43,20,4,10702134000,2675533500,45459960000,1000,45459960,5.58129221884185,3,https://www.dhlottery.co.kr/lt645/selectPstLt645InfoNew.do?srchDir=older&srchCursorLtEpsd=389,OFFICIAL_DHLOTTERY_AJAX_JSON
388,2010-05-08,1,8,9,17,29,32,45,4,10182175500,2545543875,44308705000,1000,44308705,5.439948263119,5,https://www.dhlottery.co.kr/lt645/selectPstLt645InfoNew.do?srchDir=older&srchCursorLtEpsd=389,OFFICIAL_DHLOTTERY_AJAX_JSON
389,2010-05-15,7,16,18,20,23,26,3,5,10595135100,2119027020,45534027000,1000,45534027,5.59038570618264,6,https://www.dhlottery.co.kr/lt645/selectPstLt645InfoNew.do?srchDir=older&srchCursorLtEpsd=399,OFFICIAL_DHLOTTERY_AJAX_JSON
390,2010-05-22,16,17,28,37,39,40,15,1,10373997900,10373997900,44189673000,1000,44189673,5.42533425168139,3,https://www.dhlottery.co.kr/lt645/selectPstLt645InfoNew.do?srchDir=older&srchCursorLtEpsd=399,OFFICIAL_DHLOTTERY_AJAX_JSON
391,2010-05-29,10,11,18,22,28,39,30,1,10508749800,10508749800,45161516000,1000,45161516,5.54465111368118,5,https://www.dhlottery.co.kr/lt645/selectPstLt645InfoNew.do?srchDir=older&srchCursorLtEpsd=399,OFFICIAL_DHLOTTERY_AJAX_JSON
392,2010-06-05,1,3,7,8,24,42,43,6,10281172200,1713528700,45528684000,1000,45528684,5.58972972574788,5,https://www.dhlottery.co.kr/lt645/selectPstLt645InfoNew.do?srchDir=older&srchCursorLtEpsd=399,OFFICIAL_DHLOTTERY_AJAX_JSON
393,2010-06-12,9,16,28,40,41,43,21,8,10896031800,1362003975,45989116000,1000,45989116,5.64625871387074,3,https://www.dhlottery.co.kr/lt645/selectPstLt645InfoNew.do?srchDir=older&srchCursorLtEpsd=399,OFFICIAL_DHLOTTERY_AJAX_JSON
394,2010-06-19,1,13,20,22,25,28,15,1,10654349100,10654349100,45192337000,1000,45192337,5.54843512509423,6,https://www.dhlottery.co.kr/lt645/selectPstLt645InfoNew.do?srchDir=older&srchCursorLtEpsd=399,OFFICIAL_DHLOTTERY_AJAX_JSON
395,2010-06-26,11,15,20,26,31,35,7,7,10742445000,1534635000,46192580000,1000,46192580,5.67123876312759,5,https://www.dhlottery.co.kr/lt645/selectPstLt645InfoNew.do?srchDir=older&srchCursorLtEpsd=399,OFFICIAL_DHLOTTERY_AJAX_JSON
396,2010-07-03,18,20,31,34,40,45,30,2,10593244800,5296622400,45463736000,1000,45463736,5.58175581272575,3,https://www.dhlottery.co.kr/lt645/selectPstLt645InfoNew.do?srchDir=older&srchCursorLtEpsd=399,OFFICIAL_DHLOTTERY_AJAX_JSON
397,2010-07-10,12,13,17,22,25,33,8,3,10498559100,3499519700,45890007000,1000,45890007,5.6340907249302,5,https://www.dhlottery.co.kr/lt645/selectPstLt645InfoNew.do?srchDir=older&srchCursorLtEpsd=399,OFFICIAL_DHLOTTERY_AJAX_JSON
398,2010-07-17,10,15,20,23,42,44,7,4,10722502200,2680625550,45427304000,1000,45427304,5.57728291749846,4,https://www.dhlottery.co.kr/lt645/selectPstLt645InfoNew.do?srchDir=older&srchCursorLtEpsd=399,OFFICIAL_DHLOTTERY_AJAX_JSON
399,2010-07-24,1,2,9,17,19,42,20,8,10214839800,1276854975,45551786000,1000,45551786,5.59256604616786,5,https://www.dhlottery.co.kr/lt645/selectPstLt645InfoNew.do?srchDir=older&srchCursorLtEpsd=409,OFFICIAL_DHLOTTERY_AJAX_JSON
400,2010-07-31,9,21,27,34,41,43,2,4,10679337300,2669834325,45379731000,1000,45379731,5.57144219932082,3,https://www.dhlottery.co.kr/lt645/selectPstLt645InfoNew.do?srchDir=older&srchCursorLtEpsd=409,OFFICIAL_DHLOTTERY_AJAX_JSON
401,2010-08-07,6,12,18,31,38,43,9,9,10513933125,1168214792,43491965000,1000,43491965,5.33967398644086,4,https://www.dhlottery.co.kr/lt645/selectPstLt645InfoNew.do?srchDir=older&srchCursorLtEpsd=409,OFFICIAL_DHLOTTERY_AJAX_JSON
402,2010-08-14,5,9,15,19,22,36,32,4,10648824750,2662206188,45002946000,1000,45002946,5.52518287158106,5,https://www.dhlottery.co.kr/lt645/selectPstLt645InfoNew.do?srchDir=older&srchCursorLtEpsd=409,OFFICIAL_DHLOTTERY_AJAX_JSON
403,2010-08-21,10,14,22,24,28,37,26,5,10611984375,2122396875,44911335000,1000,44911335,5.51393544062291,5,https://www.dhlottery.co.kr/lt645/selectPstLt645InfoNew.do?srchDir=older&srchCursorLtEpsd=409,OFFICIAL_DHLOTTERY_AJAX_JSON
404,2010-08-28,5,20,21,24,33,40,36,3,10699978125,3566659375,45389825000,1000,45389825,5.57268147809838,4,https://www.dhlottery.co.kr/lt645/selectPstLt645InfoNew.do?srchDir=older&srchCursorLtEpsd=409,OFFICIAL_DHLOTTERY_AJAX_JSON
405,2010-09-04,1,2,10,25,26,44,4,3,10631634000,3543878000,45220904000,1000,45220904,5.55194240435307,5,https://www.dhlottery.co.kr/lt645/selectPstLt645InfoNew.do?srchDir=older&srchCursorLtEpsd=409,OFFICIAL_DHLOTTERY_AJAX_JSON
406,2010-09-11,7,12,21,24,27,36,45,5,10780712250,2156142450,46062206000,1000,46062206,5.65523225120502,5,https://www.dhlottery.co.kr/lt645/selectPstLt645InfoNew.do?srchDir=older&srchCursorLtEpsd=409,OFFICIAL_DHLOTTERY_AJAX_JSON
407,2010-09-18,6,7,13,16,24,25,1,7,11547951000,1649707286,48429586000,1000,48429586,5.94588449931615,6,https://www.dhlottery.co.kr/lt645/selectPstLt645InfoNew.do?srchDir=older&srchCursorLtEpsd=409,OFFICIAL_DHLOTTERY_AJAX_JSON
408,2010-09-25,9,20,21,22,30,37,16,5,11176879125,2235375825,46406711000,1000,46406711,5.6975284405517,5,https://www.dhlottery.co.kr/lt645/selectPstLt645InfoNew.do?srchDir=older&srchCursorLtEpsd=409,OFFICIAL_DHLOTTERY_AJAX_JSON
409,2010-10-02,6,9,21,31,32,40,38,4,11587959000,2896989750,47924584000,1000,47924584,5.88388348274905,4,https://www.dhlottery.co.kr/lt645/selectPstLt645InfoNew.do?srchDir=older&srchCursorLtEpsd=419,OFFICIAL_DHLOTTERY_AJAX_JSON
410,2010-10-09,1,3,18,32,40,41,16,9,11244021375,1249335709,47467817000,1000,47467817,5.82780446061785,3,https://www.dhlottery.co.kr/lt645/selectPstLt645InfoNew.do?srchDir=older&srchCursorLtEpsd=419,OFFICIAL_DHLOTTERY_AJAX_JSON
411,2010-10-16,11,14,22,35,37,39,5,12,11438730750,953227563,47259122000,1000,47259122,5.80218218159228,3,https://www.dhlottery.co.kr/lt645/selectPstLt645InfoNew.do?srchDir=older&srchCursorLtEpsd=419,OFFICIAL_DHLOTTERY_AJAX_JSON
412,2010-10-23,4,7,39,41,42,45,40,7,11593398750,1656199822,47066180000,1000,47066180,5.77849395830111,2,https://www.dhlottery.co.kr/lt645/selectPstLt645InfoNew.do?srchDir=older&srchCursorLtEpsd=419,OFFICIAL_DHLOTTERY_AJAX_JSON
413,2010-10-30,2,9,15,23,34,40,3,4,11258694000,2814673500,46925724000,1000,46925724,5.76124964088662,4,https://www.dhlottery.co.kr/lt645/selectPstLt645InfoNew.do?srchDir=older&srchCursorLtEpsd=419,OFFICIAL_DHLOTTERY_AJAX_JSON
414,2010-11-06,2,14,15,22,23,44,43,1,11703832500,11703832500,46910990000,1000,46910990,5.7594406916585,5,https://www.dhlottery.co.kr/lt645/selectPstLt645InfoNew.do?srchDir=older&srchCursorLtEpsd=419,OFFICIAL_DHLOTTERY_AJAX_JSON
415,2010-11-13,7,17,20,26,30,40,24,8,10673459250,1334182407,46746048000,1000,46746048,5.7391901348793,5,https://www.dhlottery.co.kr/lt645/selectPstLt645InfoNew.do?srchDir=older&srchCursorLtEpsd=419,OFFICIAL_DHLOTTERY_AJAX_JSON
416,2010-11-20,5,6,8,11,22,26,44,10,10720371000,1072037100,46854806000,1000,46854806,5.75254276825462,6,https://www.dhlottery.co.kr/lt645/selectPstLt645InfoNew.do?srchDir=older&srchCursorLtEpsd=419,OFFICIAL_DHLOTTERY_AJAX_JSON
417,2010-11-27,4,5,14,20,22,43,44,4,11273319750,2818329938,45968256000,1000,45968256,5.64369765231932,5,https://www.dhlottery.co.kr/lt645/selectPstLt645InfoNew.do?srchDir=older&srchCursorLtEpsd=419,OFFICIAL_DHLOTTERY_AJAX_JSON
418,2010-12-04,11,13,15,26,28,34,31,8,11485198125,1435649766,47058055000,1000,47058055,5.77749642114361,5,https://www.dhlottery.co.kr/lt645/selectPstLt645InfoNew.do?srchDir=older&srchCursorLtEpsd=419,OFFICIAL_DHLOTTERY_AJAX_JSON
419,2010-12-11,2,11,13,14,28,30,7,3,11389472250,3796490750,46508296000,1000,46508296,5.71000041743093,6,https://www.dhlottery.co.kr/lt645/selectPstLt645InfoNew.do?srchDir=older&srchCursorLtEpsd=429,OFFICIAL_DHLOTTERY_AJAX_JSON
420,2010-12-18,4,9,10,29,31,34,27,8,11398851000,1424856375,47345476000,1000,47345476,5.81278419066281,5,https://www.dhlottery.co.kr/lt645/selectPstLt645InfoNew.do?srchDir=older&srchCursorLtEpsd=429,OFFICIAL_DHLOTTERY_AJAX_JSON
421,2010-12-25,6,11,26,27,28,44,30,5,11605721625,2321144325,47752021000,1000,47752021,5.86269726680958,5,https://www.dhlottery.co.kr/lt645/selectPstLt645InfoNew.do?srchDir=older&srchCursorLtEpsd=429,OFFICIAL_DHLOTTERY_AJAX_JSON
422,2011-01-01,8,15,19,21,34,44,12,6,13231508250,2205251375,52730602000,1000,52730602,6.47393659469666,4,https://www.dhlottery.co.kr/lt645/selectPstLt645InfoNew.do?srchDir=older&srchCursorLtEpsd=429,OFFICIAL_DHLOTTERY_AJAX_JSON
423,2011-01-08,1,17,27,28,29,40,5,3,11688461625,3896153875,49668311000,1000,49668311,6.0979674796748,5,https://www.dhlottery.co.kr/lt645/selectPstLt645InfoNew.do?srchDir=older&srchCursorLtEpsd=429,OFFICIAL_DHLOTTERY_AJAX_JSON
424,2011-01-15,10,11,26,31,34,44,30,10,11094808125,1109480813,48728445000,1000,48728445,5.98257655560548,4,https://www.dhlottery.co.kr/lt645/selectPstLt645InfoNew.do?srchDir=older&srchCursorLtEpsd=429,OFFICIAL_DHLOTTERY_AJAX_JSON
425,2011-01-22,8,10,14,27,33,38,3,8,12278664000,1534833000,50459694000,1000,50459694,6.19512858100493,4,https://www.dhlottery.co.kr/lt645/selectPstLt645InfoNew.do?srchDir=older&srchCursorLtEpsd=429,OFFICIAL_DHLOTTERY_AJAX_JSON
426,2011-01-29,4,17,18,27,39,43,19,4,12228934500,3057233625,51466592000,1000,51466592,6.3187492787039,4,https://www.dhlottery.co.kr/lt645/selectPstLt645InfoNew.do?srchDir=older&srchCursorLtEpsd=429,OFFICIAL_DHLOTTERY_AJAX_JSON
427,2011-02-05,6,7,15,24,28,30,21,1,12571445625,12571445625,52511055000,1000,52511055,6.4469819743501,6,https://www.dhlottery.co.kr/lt645/selectPstLt645InfoNew.do?srchDir=older&srchCursorLtEpsd=429,OFFICIAL_DHLOTTERY_AJAX_JSON
428,2011-02-12,12,16,19,22,37,40,8,9,12939148875,1437683209,54685007000,1000,54685007,6.71388633110131,4,https://www.dhlottery.co.kr/lt645/selectPstLt645InfoNew.do?srchDir=older&srchCursorLtEpsd=429,OFFICIAL_DHLOTTERY_AJAX_JSON
429,2011-02-19,3,23,28,34,39,42,16,9,13373142375,1485904709,53993833000,1000,53993833,6.62902826989611,3,https://www.dhlottery.co.kr/lt645/selectPstLt645InfoNew.do?srchDir=older&srchCursorLtEpsd=439,OFFICIAL_DHLOTTERY_AJAX_JSON
430,2011-02-26,1,3,16,18,30,34,44,8,12894105750,1611763219,53194872000,1000,53194872,6.53093678867927,5,https://www.dhlottery.co.kr/lt645/selectPstLt645InfoNew.do?srchDir=older&srchCursorLtEpsd=439,OFFICIAL_DHLOTTERY_AJAX_JSON
431,2011-03-05,18,22,25,31,38,45,6,10,12684340125,1268434013,51661947000,1000,51661947,6.34273375518412,4,https://www.dhlottery.co.kr/lt645/selectPstLt645InfoNew.do?srchDir=older&srchCursorLtEpsd=439,OFFICIAL_DHLOTTERY_AJAX_JSON
432,2011-03-12,2,3,5,11,27,39,33,5,11497137750,2299427550,52348574000,1000,52348574,6.42703356390254,5,https://www.dhlottery.co.kr/lt645/selectPstLt645InfoNew.do?srchDir=older&srchCursorLtEpsd=439,OFFICIAL_DHLOTTERY_AJAX_JSON
433,2011-03-19,19,23,29,33,35,43,27,11,13005238500,1182294410,52396606000,1000,52396606,6.43293063525622,3,https://www.dhlottery.co.kr/lt645/selectPstLt645InfoNew.do?srchDir=older&srchCursorLtEpsd=439,OFFICIAL_DHLOTTERY_AJAX_JSON
434,2011-03-26,3,13,20,24,33,37,35,8,11840482125,1480060266,51579439000,1000,51579439,6.33260393416378,4,https://www.dhlottery.co.kr/lt645/selectPstLt645InfoNew.do?srchDir=older&srchCursorLtEpsd=439,OFFICIAL_DHLOTTERY_AJAX_JSON
435,2011-04-02,8,16,26,30,38,45,42,10,12875500125,1287550013,52341267000,1000,52341267,6.42613645571672,4,https://www.dhlottery.co.kr/lt645/selectPstLt645InfoNew.do?srchDir=older&srchCursorLtEpsd=439,OFFICIAL_DHLOTTERY_AJAX_JSON
436,2011-04-09,9,14,20,22,33,34,28,8,12098132625,1512266579,50869017000,1000,50869017,6.24538272277921,4,https://www.dhlottery.co.kr/lt645/selectPstLt645InfoNew.do?srchDir=older&srchCursorLtEpsd=439,OFFICIAL_DHLOTTERY_AJAX_JSON
437,2011-04-16,11,16,29,38,41,44,21,6,12577472625,2096245438,50798417000,1000,50798417,6.23671489221688,3,https://www.dhlottery.co.kr/lt645/selectPstLt645InfoNew.do?srchDir=older&srchCursorLtEpsd=439,OFFICIAL_DHLOTTERY_AJAX_JSON
438,2011-04-23,6,12,20,26,29,38,45,9,12394279500,1377142167,50370042000,1000,50370042,6.18412166392881,5,https://www.dhlottery.co.kr/lt645/selectPstLt645InfoNew.do?srchDir=older&srchCursorLtEpsd=439,OFFICIAL_DHLOTTERY_AJAX_JSON
439,2011-04-30,17,20,30,31,37,40,25,6,11400464250,1900077375,49680708000,1000,49680708,6.09948950652297,4,https://www.dhlottery.co.kr/lt645/selectPstLt645InfoNew.do?srchDir=older&srchCursorLtEpsd=449,OFFICIAL_DHLOTTERY_AJAX_JSON
440,2011-05-07,10,22,28,34,36,44,2,6,11975238000,1995873000,49810778000,1000,49810778,6.11545869520912,3,https://www.dhlottery.co.kr/lt645/selectPstLt645InfoNew.do?srchDir=older&srchCursorLtEpsd=449,OFFICIAL_DHLOTTERY_AJAX_JSON
441,2011-05-14,1,23,28,30,34,35,9,4,12681668250,3170417063,50272122000,1000,50272122,6.17209965304123,4,https://www.dhlottery.co.kr/lt645/selectPstLt645InfoNew.do?srchDir=older&srchCursorLtEpsd=449,OFFICIAL_DHLOTTERY_AJAX_JSON
442,2011-05-21,25,27,29,36,38,40,41,9,12720717375,1413413042,51219943000,1000,51219943,6.28846724272135,3,https://www.dhlottery.co.kr/lt645/selectPstLt645InfoNew.do?srchDir=older&srchCursorLtEpsd=449,OFFICIAL_DHLOTTERY_AJAX_JSON
443,2011-05-28,4,6,10,19,20,44,14,9,11948378250,1327597584,51236072000,1000,51236072,6.29044746140606,5,https://www.dhlottery.co.kr/lt645/selectPstLt645InfoNew.do?srchDir=older&srchCursorLtEpsd=449,OFFICIAL_DHLOTTERY_AJAX_JSON
444,2011-06-04,11,13,23,35,43,45,17,3,12462565875,4154188625,50673529000,1000,50673529,6.22138191738305,3,https://www.dhlottery.co.kr/lt645/selectPstLt645InfoNew.do?srchDir=older&srchCursorLtEpsd=449,OFFICIAL_DHLOTTERY_AJAX_JSON
445,2011-06-11,13,20,21,30,39,45,32,7,12541781250,1791683036,50053080000,1000,50053080,6.14520703346568,4,https://www.dhlottery.co.kr/lt645/selectPstLt645InfoNew.do?srchDir=older&srchCursorLtEpsd=449,OFFICIAL_DHLOTTERY_AJAX_JSON
446,2011-06-18,1,11,12,14,26,35,6,3,12153742875,4051247625,50595241000,1000,50595241,6.21177020181558,5,https://www.dhlottery.co.kr/lt645/selectPstLt645InfoNew.do?srchDir=older&srchCursorLtEpsd=449,OFFICIAL_DHLOTTERY_AJAX_JSON
447,2011-06-25,2,7,8,9,17,33,34,4,10631764500,2657941125,49555042000,1000,49555042,6.08406101366964,5,https://www.dhlottery.co.kr/lt645/selectPstLt645InfoNew.do?srchDir=older&srchCursorLtEpsd=449,OFFICIAL_DHLOTTERY_AJAX_JSON
448,2011-07-02,3,7,13,27,40,41,36,3,12078638250,4026212750,51341262000,1000,51341262,6.30336203784871,4,https://www.dhlottery.co.kr/lt645/selectPstLt645InfoNew.do?srchDir=older&srchCursorLtEpsd=449,OFFICIAL_DHLOTTERY_AJAX_JSON
449,2011-07-09,3,10,20,26,35,43,36,3,12179145750,4059715250,50214272000,1000,50214272,6.16499718847989,4,https://www.dhlottery.co.kr/lt645/selectPstLt645InfoNew.do?srchDir=older&srchCursorLtEpsd=459,OFFICIAL_DHLOTTERY_AJAX_JSON
450,2011-07-16,6,14,19,21,23,31,13,6,11942349750,1990391625,49732036000,1000,49732036,6.10579124033463,6,https://www.dhlottery.co.kr/lt645/selectPstLt645InfoNew.do?srchDir=older&srchCursorLtEpsd=459,OFFICIAL_DHLOTTERY_AJAX_JSON
451,2011-07-23,12,15,20,24,30,38,29,13,11467806375,882138952,49861167000,1000,49861167,6.12164514441883,5,https://www.dhlottery.co.kr/lt645/selectPstLt645InfoNew.do?srchDir=older&srchCursorLtEpsd=459,OFFICIAL_DHLOTTERY_AJAX_JSON
452,2011-07-30,8,10,18,30,32,34,27,9,11492118000,1276902000,48456758000,1000,48456758,5.94922050911841,4,https://www.dhlottery.co.kr/lt645/selectPstLt645InfoNew.do?srchDir=older&srchCursorLtEpsd=459,OFFICIAL_DHLOTTERY_AJAX_JSON
453,2011-08-06,12,24,33,38,40,42,30,5,11313661875,2262732375,48055125000,1000,48055125,5.89991049789688,2,https://www.dhlottery.co.kr/lt645/selectPstLt645InfoNew.do?srchDir=older&srchCursorLtEpsd=459,OFFICIAL_DHLOTTERY_AJAX_JSON
454,2011-08-13,13,25,27,34,38,41,10,7,11263879125,1609125590,48389211000,1000,48389211,5.94092750697969,3,https://www.dhlottery.co.kr/lt645/selectPstLt645InfoNew.do?srchDir=older&srchCursorLtEpsd=459,OFFICIAL_DHLOTTERY_AJAX_JSON
455,2011-08-20,4,19,20,26,30,35,24,7,11449980375,1635711483,48769851000,1000,48769851,5.98766012773387,5,https://www.dhlottery.co.kr/lt645/selectPstLt645InfoNew.do?srchDir=older&srchCursorLtEpsd=459,OFFICIAL_DHLOTTERY_AJAX_JSON
456,2011-08-27,1,7,12,18,23,27,44,7,11189535375,1598505054,49420681000,1000,49420681,6.06756500259053,6,https://www.dhlottery.co.kr/lt645/selectPstLt645InfoNew.do?srchDir=older&srchCursorLtEpsd=459,OFFICIAL_DHLOTTERY_AJAX_JSON
457,2011-09-03,8,10,18,23,27,40,33,10,11599028250,1159902825,49679052000,1000,49679052,6.09928619310355,5,https://www.dhlottery.co.kr/lt645/selectPstLt645InfoNew.do?srchDir=older&srchCursorLtEpsd=459,OFFICIAL_DHLOTTERY_AJAX_JSON
458,2011-09-10,4,9,10,32,36,40,18,8,12870501000,1608812625,53778256000,1000,53778256,6.60256106155142,3,https://www.dhlottery.co.kr/lt645/selectPstLt645InfoNew.do?srchDir=older&srchCursorLtEpsd=459,OFFICIAL_DHLOTTERY_AJAX_JSON
459,2011-09-17,4,6,10,14,25,40,12,7,11590895625,1655842233,49890095000,1000,49890095,6.12519674502091,5,https://www.dhlottery.co.kr/lt645/selectPstLt645InfoNew.do?srchDir=older&srchCursorLtEpsd=469,OFFICIAL_DHLOTTERY_AJAX_JSON
460,2011-09-24,8,11,28,30,43,45,41,4,12723583125,3180895782,51917635000,1000,51917635,6.37412554358102,4,https://www.dhlottery.co.kr/lt645/selectPstLt645InfoNew.do?srchDir=older&srchCursorLtEpsd=469,OFFICIAL_DHLOTTERY_AJAX_JSON
461,2011-10-01,11,18,26,31,37,40,43,6,11692049250,1948674875,50624588000,1000,50624588,6.21537324464154,4,https://www.dhlottery.co.kr/lt645/selectPstLt645InfoNew.do?srchDir=older&srchCursorLtEpsd=469,OFFICIAL_DHLOTTERY_AJAX_JSON
462,2011-10-08,3,20,24,32,37,45,4,8,11868474375,1483559297,49325555000,1000,49325555,6.05588602171132,3,https://www.dhlottery.co.kr/lt645/selectPstLt645InfoNew.do?srchDir=older&srchCursorLtEpsd=469,OFFICIAL_DHLOTTERY_AJAX_JSON
463,2011-10-15,23,29,31,33,34,44,40,0,12140599125,0,49205151000,1000,49205151,6.04110356461462,3,https://www.dhlottery.co.kr/lt645/selectPstLt645InfoNew.do?srchDir=older&srchCursorLtEpsd=469,OFFICIAL_DHLOTTERY_AJAX_JSON
464,2011-10-22,6,12,15,34,42,44,4,13,43624374375,3355721106,126772274000,1000,126772274,15.564314320582,3,https://www.dhlottery.co.kr/lt645/selectPstLt645InfoNew.do?srchDir=older&srchCursorLtEpsd=469,OFFICIAL_DHLOTTERY_AJAX_JSON
465,2011-10-29,1,8,11,13,22,38,31,7,13465640250,1923662893,57793294000,1000,57793294,7.09550255001191,5,https://www.dhlottery.co.kr/lt645/selectPstLt645InfoNew.do?srchDir=older&srchCursorLtEpsd=469,OFFICIAL_DHLOTTERY_AJAX_JSON
466,2011-11-05,4,10,13,23,32,44,20,9,13772821125,1530313459,58314753000,1000,58314753,7.15952405507142,4,https://www.dhlottery.co.kr/lt645/selectPstLt645InfoNew.do?srchDir=older&srchCursorLtEpsd=469,OFFICIAL_DHLOTTERY_AJAX_JSON
467,2011-11-12,2,12,14,17,24,40,39,9,12918969750,1435441084,57383906000,1000,57383906,7.04524042794037,5,https://www.dhlottery.co.kr/lt645/selectPstLt645InfoNew.do?srchDir=older&srchCursorLtEpsd=469,OFFICIAL_DHLOTTERY_AJAX_JSON
468,2011-11-19,8,13,15,28,37,43,17,9,13744774500,1527197167,55598552000,1000,55598552,6.82604572587556,4,https://www.dhlottery.co.kr/lt645/selectPstLt645InfoNew.do?srchDir=older&srchCursorLtEpsd=469,OFFICIAL_DHLOTTERY_AJAX_JSON
469,2011-11-26,4,21,22,34,37,38,33,4,13320525000,3330131250,53364940000,1000,53364940,6.55181668397777,3,https://www.dhlottery.co.kr/lt645/selectPstLt645InfoNew.do?srchDir=older&srchCursorLtEpsd=479,OFFICIAL_DHLOTTERY_AJAX_JSON
470,2011-12-03,10,16,20,39,41,42,27,3,12999991875,4333330625,53912965000,1000,53912965,6.61909979791432,3,https://www.dhlottery.co.kr/lt645/selectPstLt645InfoNew.do?srchDir=older&srchCursorLtEpsd=479,OFFICIAL_DHLOTTERY_AJAX_JSON
471,2011-12-10,6,13,29,37,39,41,43,7,13575330000,1939332858,53492340000,1000,53492340,6.56745806660724,3,https://www.dhlottery.co.kr/lt645/selectPstLt645InfoNew.do?srchDir=older&srchCursorLtEpsd=479,OFFICIAL_DHLOTTERY_AJAX_JSON
472,2011-12-17,16,25,26,31,36,43,44,7,12667592625,1809656090,51929207000,1000,51929207,6.37554628204089,4,https://www.dhlottery.co.kr/lt645/selectPstLt645InfoNew.do?srchDir=older&srchCursorLtEpsd=479,OFFICIAL_DHLOTTERY_AJAX_JSON
473,2011-12-24,8,13,20,22,23,36,34,4,13001672250,3250418063,52867236000,1000,52867236,6.49071167063226,5,https://www.dhlottery.co.kr/lt645/selectPstLt645InfoNew.do?srchDir=older&srchCursorLtEpsd=479,OFFICIAL_DHLOTTERY_AJAX_JSON
474,2011-12-31,4,13,18,31,33,45,43,15,14050362000,936690800,58978482000,1000,58978482,7.24101258922586,4,https://www.dhlottery.co.kr/lt645/selectPstLt645InfoNew.do?srchDir=older&srchCursorLtEpsd=479,OFFICIAL_DHLOTTERY_AJAX_JSON
475,2012-01-07,1,9,14,16,21,29,3,8,13551384375,1693923047,56043275000,1000,56043275,6.8806460603114,6,https://www.dhlottery.co.kr/lt645/selectPstLt645InfoNew.do?srchDir=older&srchCursorLtEpsd=479,OFFICIAL_DHLOTTERY_AJAX_JSON
476,2012-01-14,9,12,13,15,37,38,27,4,13759405875,3439851469,55591819000,1000,55591819,6.82521908985324,4,https://www.dhlottery.co.kr/lt645/selectPstLt645InfoNew.do?srchDir=older&srchCursorLtEpsd=479,OFFICIAL_DHLOTTERY_AJAX_JSON
477,2012-01-21,14,25,29,32,33,45,37,8,15352094625,1919011829,60801409000,1000,60801409,7.46482027142833,3,https://www.dhlottery.co.kr/lt645/selectPstLt645InfoNew.do?srchDir=older&srchCursorLtEpsd=479,OFFICIAL_DHLOTTERY_AJAX_JSON
478,2012-01-28,18,29,30,37,39,43,8,14,13821146626,987224759,54975901000,1000,54975901,6.74960049404179,3,https://www.dhlottery.co.kr/lt645/selectPstLt645InfoNew.do?srchDir=older&srchCursorLtEpsd=479,OFFICIAL_DHLOTTERY_AJAX_JSON
479,2012-02-04,8,23,25,27,35,44,24,6,13398279000,2233046500,54848834000,1000,54848834,6.73399999508905,4,https://www.dhlottery.co.kr/lt645/selectPstLt645InfoNew.do?srchDir=older&srchCursorLtEpsd=489,OFFICIAL_DHLOTTERY_AJAX_JSON
480,2012-02-11,3,5,10,17,30,31,16,4,11986969125,2996742282,55415681000,1000,55415681,6.80359395756446,6,https://www.dhlottery.co.kr/lt645/selectPstLt645InfoNew.do?srchDir=older&srchCursorLtEpsd=489,OFFICIAL_DHLOTTERY_AJAX_JSON
481,2012-02-18,3,4,23,29,40,41,20,3,13918067250,4639355750,55642616000,1000,55642616,6.83145563077497,4,https://www.dhlottery.co.kr/lt645/selectPstLt645InfoNew.do?srchDir=older&srchCursorLtEpsd=489,OFFICIAL_DHLOTTERY_AJAX_JSON
482,2012-02-25,1,10,16,24,25,35,43,7,13285448250,1897921179,56201452000,1000,56201452,6.90006605230655,5,https://www.dhlottery.co.kr/lt645/selectPstLt645InfoNew.do?srchDir=older&srchCursorLtEpsd=489,OFFICIAL_DHLOTTERY_AJAX_JSON
483,2012-03-03,12,15,19,22,28,34,5,5,12835983375,2567196675,55582659000,1000,55582659,6.82409448180861,5,https://www.dhlottery.co.kr/lt645/selectPstLt645InfoNew.do?srchDir=older&srchCursorLtEpsd=489,OFFICIAL_DHLOTTERY_AJAX_JSON
484,2012-03-10,1,3,27,28,32,45,11,6,13831818375,2305303063,55885979000,1000,55885979,6.86133423203758,4,https://www.dhlottery.co.kr/lt645/selectPstLt645InfoNew.do?srchDir=older&srchCursorLtEpsd=489,OFFICIAL_DHLOTTERY_AJAX_JSON
485,2012-03-17,17,22,26,27,36,39,20,9,13513274250,1501474917,55692878000,1000,55692878,6.83762648771157,4,https://www.dhlottery.co.kr/lt645/selectPstLt645InfoNew.do?srchDir=older&srchCursorLtEpsd=489,OFFICIAL_DHLOTTERY_AJAX_JSON
486,2012-03-24,1,2,23,25,38,40,43,13,13112243625,1008634125,54540823000,1000,54540823,6.69618431294552,4,https://www.dhlottery.co.kr/lt645/selectPstLt645InfoNew.do?srchDir=older&srchCursorLtEpsd=489,OFFICIAL_DHLOTTERY_AJAX_JSON
487,2012-03-31,4,8,25,27,37,41,21,8,13110646125,1638830766,55276503000,1000,55276503,6.78650654507149,4,https://www.dhlottery.co.kr/lt645/selectPstLt645InfoNew.do?srchDir=older&srchCursorLtEpsd=489,OFFICIAL_DHLOTTERY_AJAX_JSON
488,2012-04-07,2,8,17,30,31,38,25,10,13303935750,1330393575,54213092000,1000,54213092,6.65594753138712,5,https://www.dhlottery.co.kr/lt645/selectPstLt645InfoNew.do?srchDir=older&srchCursorLtEpsd=489,OFFICIAL_DHLOTTERY_AJAX_JSON
489,2012-04-14,2,4,8,15,20,27,11,6,12638163750,2106360625,53558490000,1000,53558490,6.57557955374178,6,https://www.dhlottery.co.kr/lt645/selectPstLt645InfoNew.do?srchDir=older&srchCursorLtEpsd=499,OFFICIAL_DHLOTTERY_AJAX_JSON
490,2012-04-21,2,7,26,29,40,43,42,7,13021639125,1860234161,52590121000,1000,52590121,6.45668920793708,4,https://www.dhlottery.co.kr/lt645/selectPstLt645InfoNew.do?srchDir=older&srchCursorLtEpsd=499,OFFICIAL_DHLOTTERY_AJAX_JSON
491,2012-04-28,8,17,35,36,39,42,4,4,13218537750,3304634438,53413874000,1000,53413874,6.55782449730266,2,https://www.dhlottery.co.kr/lt645/selectPstLt645InfoNew.do?srchDir=older&srchCursorLtEpsd=499,OFFICIAL_DHLOTTERY_AJAX_JSON
492,2012-05-05,22,27,31,35,37,40,42,5,12465069000,2493013800,51693454000,1000,51693454,6.34660198942672,3,https://www.dhlottery.co.kr/lt645/selectPstLt645InfoNew.do?srchDir=older&srchCursorLtEpsd=499,OFFICIAL_DHLOTTERY_AJAX_JSON
493,2012-05-12,20,22,26,33,36,37,25,9,13060083000,1451120334,53231838000,1000,53231838,6.5354752451179,3,https://www.dhlottery.co.kr/lt645/selectPstLt645InfoNew.do?srchDir=older&srchCursorLtEpsd=499,OFFICIAL_DHLOTTERY_AJAX_JSON
494,2012-05-19,5,7,8,15,30,43,22,12,12655060875,1054588407,53321589000,1000,53321589,6.54649431680061,5,https://www.dhlottery.co.kr/lt645/selectPstLt645InfoNew.do?srchDir=older&srchCursorLtEpsd=499,OFFICIAL_DHLOTTERY_AJAX_JSON
495,2012-05-26,4,13,22,27,34,44,6,6,12669870000,2111645000,53645960000,1000,53645960,6.58631857837757,4,https://www.dhlottery.co.kr/lt645/selectPstLt645InfoNew.do?srchDir=older&srchCursorLtEpsd=499,OFFICIAL_DHLOTTERY_AJAX_JSON
496,2012-06-02,4,13,20,29,36,41,39,4,13143729000,3285932250,52915804000,1000,52915804,6.49667454874488,4,https://www.dhlottery.co.kr/lt645/selectPstLt645InfoNew.do?srchDir=older&srchCursorLtEpsd=499,OFFICIAL_DHLOTTERY_AJAX_JSON
497,2012-06-09,19,20,23,24,43,44,13,6,13336906875,2222817813,52411585000,1000,52411585,6.43476966406632,4,https://www.dhlottery.co.kr/lt645/selectPstLt645InfoNew.do?srchDir=older&srchCursorLtEpsd=499,OFFICIAL_DHLOTTERY_AJAX_JSON
498,2012-06-16,13,14,24,32,39,41,3,4,12978012375,3244503094,52851253000,1000,52851253,6.48874937692294,3,https://www.dhlottery.co.kr/lt645/selectPstLt645InfoNew.do?srchDir=older&srchCursorLtEpsd=499,OFFICIAL_DHLOTTERY_AJAX_JSON
499,2012-06-23,5,20,23,27,35,40,43,3,12211440750,4070480250,52767632000,1000,52767632,6.47848290865875,4,https://www.dhlottery.co.kr/lt645/selectPstLt645InfoNew.do?srchDir=older&srchCursorLtEpsd=509,OFFICIAL_DHLOTTERY_AJAX_JSON
500,2012-06-30,3,4,12,20,24,34,41,9,12159651375,1351072375,54012267000,1000,54012267,6.63129148219903,5,https://www.dhlottery.co.kr/lt645/selectPstLt645InfoNew.do?srchDir=older&srchCursorLtEpsd=509,OFFICIAL_DHLOTTERY_AJAX_JSON
501,2012-07-07,1,4,10,17,31,42,2,4,12100800375,3025200094,52717711000,1000,52717711,6.47235391758931,5,https://www.dhlottery.co.kr/lt645/selectPstLt645InfoNew.do?srchDir=older&srchCursorLtEpsd=509,OFFICIAL_DHLOTTERY_AJAX_JSON
502,2012-07-14,6,22,28,32,34,40,26,6,13208748750,2201458125,54000640000,1000,54000640,6.62986399117993,3,https://www.dhlottery.co.kr/lt645/selectPstLt645InfoNew.do?srchDir=older&srchCursorLtEpsd=509,OFFICIAL_DHLOTTERY_AJAX_JSON
503,2012-07-21,1,5,27,30,34,36,40,7,12975444375,1853634911,53572205000,1000,53572205,6.57726339646362,4,https://www.dhlottery.co.kr/lt645/selectPstLt645InfoNew.do?srchDir=older&srchCursorLtEpsd=509,OFFICIAL_DHLOTTERY_AJAX_JSON
504,2012-07-28,6,14,22,26,43,44,31,9,12989132625,1443236959,51787037000,1000,51787037,6.35809153032636,4,https://www.dhlottery.co.kr/lt645/selectPstLt645InfoNew.do?srchDir=older&srchCursorLtEpsd=509,OFFICIAL_DHLOTTERY_AJAX_JSON
505,2012-08-04,7,20,22,25,38,40,44,6,11507731125,1917955188,49103223000,1000,49103223,6.02858947632062,4,https://www.dhlottery.co.kr/lt645/selectPstLt645InfoNew.do?srchDir=older&srchCursorLtEpsd=509,OFFICIAL_DHLOTTERY_AJAX_JSON
506,2012-08-11,6,9,11,22,24,30,31,3,12220001625,4073333875,52363311000,1000,52363311,6.42884288145207,6,https://www.dhlottery.co.kr/lt645/selectPstLt645InfoNew.do?srchDir=older&srchCursorLtEpsd=509,OFFICIAL_DHLOTTERY_AJAX_JSON
507,2012-08-18,12,13,32,33,40,41,4,9,12747949875,1416438875,53638773000,1000,53638773,6.58543620304823,2,https://www.dhlottery.co.kr/lt645/selectPstLt645InfoNew.do?srchDir=older&srchCursorLtEpsd=509,OFFICIAL_DHLOTTERY_AJAX_JSON
508,2012-08-25,5,27,31,34,35,43,37,8,12796462875,1599557860,54010391000,1000,54010391,6.63106115854272,3,https://www.dhlottery.co.kr/lt645/selectPstLt645InfoNew.do?srchDir=older&srchCursorLtEpsd=509,OFFICIAL_DHLOTTERY_AJAX_JSON
509,2012-09-01,12,25,29,35,42,43,24,5,13445380500,2689076100,53390358000,1000,53390358,6.55493734852782,3,https://www.dhlottery.co.kr/lt645/selectPstLt645InfoNew.do?srchDir=older&srchCursorLtEpsd=519,OFFICIAL_DHLOTTERY_AJAX_JSON
510,2012-09-08,12,29,32,33,39,40,42,5,13220790750,2644158150,53964992000,1000,53964992,6.62548735061497,2,https://www.dhlottery.co.kr/lt645/selectPstLt645InfoNew.do?srchDir=older&srchCursorLtEpsd=519,OFFICIAL_DHLOTTERY_AJAX_JSON
511,2012-09-15,3,7,14,23,26,42,24,6,12993475500,2165579250,53970308000,1000,53970308,6.62614001615703,5,https://www.dhlottery.co.kr/lt645/selectPstLt645InfoNew.do?srchDir=older&srchCursorLtEpsd=519,OFFICIAL_DHLOTTERY_AJAX_JSON
512,2012-09-22,4,5,9,13,26,27,1,13,12221227875,940094452,54017801000,1000,54017801,6.63197091243036,6,https://www.dhlottery.co.kr/lt645/selectPstLt645InfoNew.do?srchDir=older&srchCursorLtEpsd=519,OFFICIAL_DHLOTTERY_AJAX_JSON
513,2012-09-29,5,8,21,23,27,33,12,3,13768874250,4589624750,58317548000,1000,58317548,7.15986720785359,5,https://www.dhlottery.co.kr/lt645/selectPstLt645InfoNew.do?srchDir=older&srchCursorLtEpsd=519,OFFICIAL_DHLOTTERY_AJAX_JSON
514,2012-10-06,1,15,20,26,35,42,9,3,13353166500,4451055500,54452404000,1000,54452404,6.68532877596973,4,https://www.dhlottery.co.kr/lt645/selectPstLt645InfoNew.do?srchDir=older&srchCursorLtEpsd=519,OFFICIAL_DHLOTTERY_AJAX_JSON
515,2012-10-13,2,11,12,15,23,37,8,1,13200466875,13200466875,55258935000,1000,55258935,6.78434965488284,5,https://www.dhlottery.co.kr/lt645/selectPstLt645InfoNew.do?srchDir=older&srchCursorLtEpsd=519,OFFICIAL_DHLOTTERY_AJAX_JSON
516,2012-10-20,2,8,23,41,43,44,30,11,14236092000,1294190182,56385762000,1000,56385762,6.9226944921216,3,https://www.dhlottery.co.kr/lt645/selectPstLt645InfoNew.do?srchDir=older&srchCursorLtEpsd=519,OFFICIAL_DHLOTTERY_AJAX_JSON
517,2012-10-27,1,9,12,28,36,41,10,5,13295288625,2659057725,54468223000,1000,54468223,6.68727093477519,4,https://www.dhlottery.co.kr/lt645/selectPstLt645InfoNew.do?srchDir=older&srchCursorLtEpsd=519,OFFICIAL_DHLOTTERY_AJAX_JSON
518,2012-11-03,14,23,30,32,34,38,6,6,13582824750,2263804125,55321566000,1000,55321566,6.7920391010011,3,https://www.dhlottery.co.kr/lt645/selectPstLt645InfoNew.do?srchDir=older&srchCursorLtEpsd=519,OFFICIAL_DHLOTTERY_AJAX_JSON
519,2012-11-10,6,8,13,16,30,43,3,7,13654209750,1950601393,55614206000,1000,55614206,6.82796762700336,5,https://www.dhlottery.co.kr/lt645/selectPstLt645InfoNew.do?srchDir=older&srchCursorLtEpsd=529,OFFICIAL_DHLOTTERY_AJAX_JSON
520,2012-11-17,4,22,27,28,38,40,1,6,13003232625,2167205438,55003797000,1000,55003797,6.75302539207814,4,https://www.dhlottery.co.kr/lt645/selectPstLt645InfoNew.do?srchDir=older&srchCursorLtEpsd=529,OFFICIAL_DHLOTTERY_AJAX_JSON
521,2012-11-24,3,7,18,29,32,36,19,8,13547367375,1693420922,56185373000,1000,56185373,6.89809197231205,4,https://www.dhlottery.co.kr/lt645/selectPstLt645InfoNew.do?srchDir=older&srchCursorLtEpsd=529,OFFICIAL_DHLOTTERY_AJAX_JSON
522,2012-12-01,4,5,13,14,37,41,11,6,13689738000,2281623000,57053378000,1000,57053378,7.00466024805219,4,https://www.dhlottery.co.kr/lt645/selectPstLt645InfoNew.do?srchDir=older&srchCursorLtEpsd=529,OFFICIAL_DHLOTTERY_AJAX_JSON
523,2012-12-08,1,4,37,38,40,45,7,7,12462490875,1780355840,53678449000,1000,53678449,6.59030737649569,2,https://www.dhlottery.co.kr/lt645/selectPstLt645InfoNew.do?srchDir=older&srchCursorLtEpsd=529,OFFICIAL_DHLOTTERY_AJAX_JSON
524,2012-12-15,10,11,29,38,41,45,21,4,13966782375,3491695594,55662103000,1000,55662103,6.8338481238935,3,https://www.dhlottery.co.kr/lt645/selectPstLt645InfoNew.do?srchDir=older&srchCursorLtEpsd=529,OFFICIAL_DHLOTTERY_AJAX_JSON
525,2012-12-22,11,23,26,29,39,44,22,9,13510191375,1501132375,55566007000,1000,55566007,6.82205005242441,4,https://www.dhlottery.co.kr/lt645/selectPstLt645InfoNew.do?srchDir=older&srchCursorLtEpsd=529,OFFICIAL_DHLOTTERY_AJAX_JSON
526,2012-12-29,7,14,17,20,35,39,31,9,13419287625,1491031959,56527807000,1000,56527807,6.94013389711064,4,https://www.dhlottery.co.kr/lt645/selectPstLt645InfoNew.do?srchDir=older&srchCursorLtEpsd=529,OFFICIAL_DHLOTTERY_AJAX_JSON
527,2013-01-05,1,12,22,32,33,42,38,13,13421022750,1032386366,56985634000,1000,56985634,6.99634305947409,3,https://www.dhlottery.co.kr/lt645/selectPstLt645InfoNew.do?srchDir=older&srchCursorLtEpsd=529,OFFICIAL_DHLOTTERY_AJAX_JSON
528,2013-01-12,5,17,25,31,39,40,10,11,13176780375,1197889125,57548541000,1000,57548541,7.06545329316174,4,https://www.dhlottery.co.kr/lt645/selectPstLt645InfoNew.do?srchDir=older&srchCursorLtEpsd=529,OFFICIAL_DHLOTTERY_AJAX_JSON
529,2013-01-19,18,20,24,27,31,42,39,8,13992918375,1749114797,57645779000,1000,57645779,7.077391572315,5,https://www.dhlottery.co.kr/lt645/selectPstLt645InfoNew.do?srchDir=older&srchCursorLtEpsd=539,OFFICIAL_DHLOTTERY_AJAX_JSON
530,2013-01-26,16,23,27,29,33,41,22,11,13548218625,1231656239,56241083000,1000,56241083,6.90493170093284,4,https://www.dhlottery.co.kr/lt645/selectPstLt645InfoNew.do?srchDir=older&srchCursorLtEpsd=539,OFFICIAL_DHLOTTERY_AJAX_JSON
531,2013-02-02,1,5,9,21,27,35,45,9,13693677750,1521519750,57567064000,1000,57567064,7.06772743233322,5,https://www.dhlottery.co.kr/lt645/selectPstLt645InfoNew.do?srchDir=older&srchCursorLtEpsd=539,OFFICIAL_DHLOTTERY_AJAX_JSON
532,2013-02-09,16,17,23,24,29,44,3,7,15518274000,2216896286,61687384000,1000,61687384,7.57359479242633,5,https://www.dhlottery.co.kr/lt645/selectPstLt645InfoNew.do?srchDir=older&srchCursorLtEpsd=539,OFFICIAL_DHLOTTERY_AJAX_JSON
533,2013-02-16,9,14,15,17,31,33,23,8,14285372625,1785671579,59275357000,1000,59275357,7.27746106228806,5,https://www.dhlottery.co.kr/lt645/selectPstLt645InfoNew.do?srchDir=older&srchCursorLtEpsd=539,OFFICIAL_DHLOTTERY_AJAX_JSON
534,2013-02-23,10,24,26,29,37,38,32,1,14215763250,14215763250,59227462000,1000,59227462,7.27158081094553,4,https://www.dhlottery.co.kr/lt645/selectPstLt645InfoNew.do?srchDir=older&srchCursorLtEpsd=539,OFFICIAL_DHLOTTERY_AJAX_JSON
535,2013-03-02,11,12,14,15,18,39,34,3,14806809000,4935603000,60523884000,1000,60523884,7.43074747147351,5,https://www.dhlottery.co.kr/lt645/selectPstLt645InfoNew.do?srchDir=older&srchCursorLtEpsd=539,OFFICIAL_DHLOTTERY_AJAX_JSON
536,2013-03-09,7,8,18,32,37,43,12,11,14393759625,1308523603,59763469000,1000,59763469,7.33738842930562,3,https://www.dhlottery.co.kr/lt645/selectPstLt645InfoNew.do?srchDir=older&srchCursorLtEpsd=539,OFFICIAL_DHLOTTERY_AJAX_JSON
537,2013-03-16,12,23,26,30,36,43,11,7,14728272375,2104038911,59453323000,1000,59453323,7.29931062509055,4,https://www.dhlottery.co.kr/lt645/selectPstLt645InfoNew.do?srchDir=older&srchCursorLtEpsd=539,OFFICIAL_DHLOTTERY_AJAX_JSON
538,2013-03-23,6,10,18,31,32,34,11,3,14064064875,4688021625,59233373000,1000,59233373,7.27230652690097,4,https://www.dhlottery.co.kr/lt645/selectPstLt645InfoNew.do?srchDir=older&srchCursorLtEpsd=539,OFFICIAL_DHLOTTERY_AJAX_JSON
539,2013-03-30,3,19,22,31,42,43,26,9,14589330000,1621036667,59168870000,1000,59168870,7.26438724822162,4,https://www.dhlottery.co.kr/lt645/selectPstLt645InfoNew.do?srchDir=older&srchCursorLtEpsd=549,OFFICIAL_DHLOTTERY_AJAX_JSON
540,2013-04-06,3,12,13,15,34,36,14,7,13925556750,1989365250,56739658000,1000,56739658,6.96614365026163,4,https://www.dhlottery.co.kr/lt645/selectPstLt645InfoNew.do?srchDir=older&srchCursorLtEpsd=549,OFFICIAL_DHLOTTERY_AJAX_JSON
541,2013-04-13,8,13,26,28,32,34,43,11,13962598875,1269327171,57087047000,1000,57087047,7.00879391925904,4,https://www.dhlottery.co.kr/lt645/selectPstLt645InfoNew.do?srchDir=older&srchCursorLtEpsd=549,OFFICIAL_DHLOTTERY_AJAX_JSON
542,2013-04-20,5,6,19,26,41,45,34,6,14010915375,2335152563,56949161000,1000,56949161,6.99186513052083,4,https://www.dhlottery.co.kr/lt645/selectPstLt645InfoNew.do?srchDir=older&srchCursorLtEpsd=549,OFFICIAL_DHLOTTERY_AJAX_JSON
543,2013-04-27,13,18,26,31,34,44,12,12,13355218125,1112934844,56570245000,1000,56570245,6.94534417180475,4,https://www.dhlottery.co.kr/lt645/selectPstLt645InfoNew.do?srchDir=older&srchCursorLtEpsd=549,OFFICIAL_DHLOTTERY_AJAX_JSON
544,2013-05-04,5,17,21,25,36,44,10,13,13603049625,1046388433,56056189000,1000,56056189,6.88223156121625,4,https://www.dhlottery.co.kr/lt645/selectPstLt645InfoNew.do?srchDir=older&srchCursorLtEpsd=549,OFFICIAL_DHLOTTERY_AJAX_JSON
545,2013-05-11,4,24,25,27,34,35,2,11,13188937875,1198994353,55967171000,1000,55967171,6.87130248273186,4,https://www.dhlottery.co.kr/lt645/selectPstLt645InfoNew.do?srchDir=older&srchCursorLtEpsd=549,OFFICIAL_DHLOTTERY_AJAX_JSON
546,2013-05-18,8,17,20,27,37,43,6,30,12178198500,405939950,56713166000,1000,56713166,6.96289112664609,4,https://www.dhlottery.co.kr/lt645/selectPstLt645InfoNew.do?srchDir=older&srchCursorLtEpsd=549,OFFICIAL_DHLOTTERY_AJAX_JSON
547,2013-05-25,6,7,15,22,34,39,28,5,14192222250,2838444450,57968466000,1000,57968466,7.11700908280602,4,https://www.dhlottery.co.kr/lt645/selectPstLt645InfoNew.do?srchDir=older&srchCursorLtEpsd=549,OFFICIAL_DHLOTTERY_AJAX_JSON
548,2013-06-01,1,12,13,21,32,45,14,8,13894975125,1736871891,57771827000,1000,57771827,7.09286696476146,4,https://www.dhlottery.co.kr/lt645/selectPstLt645InfoNew.do?srchDir=older&srchCursorLtEpsd=549,OFFICIAL_DHLOTTERY_AJAX_JSON
549,2013-06-08,29,31,35,38,40,44,17,8,14086440375,1760805047,56864611000,1000,56864611,6.98148460539272,2,https://www.dhlottery.co.kr/lt645/selectPstLt645InfoNew.do?srchDir=older&srchCursorLtEpsd=559,OFFICIAL_DHLOTTERY_AJAX_JSON
550,2013-06-15,1,7,14,20,34,37,41,11,12305471250,1118679205,56441770000,1000,56441770,6.92957080733598,4,https://www.dhlottery.co.kr/lt645/selectPstLt645InfoNew.do?srchDir=older&srchCursorLtEpsd=559,OFFICIAL_DHLOTTERY_AJAX_JSON
551,2013-06-22,3,6,20,24,27,44,25,1,13526973750,13526973750,56989370000,1000,56989370,6.99680174240583,5,https://www.dhlottery.co.kr/lt645/selectPstLt645InfoNew.do?srchDir=older&srchCursorLtEpsd=559,OFFICIAL_DHLOTTERY_AJAX_JSON
552,2013-06-29,1,10,20,32,35,40,43,10,13308242250,1330824225,57602386000,1000,57602386,7.07206404863807,3,https://www.dhlottery.co.kr/lt645/selectPstLt645InfoNew.do?srchDir=older&srchCursorLtEpsd=559,OFFICIAL_DHLOTTERY_AJAX_JSON
553,2013-07-06,2,7,17,28,29,39,37,6,13497788625,2249631438,56487483000,1000,56487483,6.93518316623819,5,https://www.dhlottery.co.kr/lt645/selectPstLt645InfoNew.do?srchDir=older&srchCursorLtEpsd=559,OFFICIAL_DHLOTTERY_AJAX_JSON
554,2013-07-13,13,14,17,32,41,42,6,2,13627787250,6813893625,56124466000,1000,56124466,6.89061418823189,3,https://www.dhlottery.co.kr/lt645/selectPstLt645InfoNew.do?srchDir=older&srchCursorLtEpsd=559,OFFICIAL_DHLOTTERY_AJAX_JSON
555,2013-07-20,11,17,21,24,26,36,12,8,13688218875,1711027360,57273817000,1000,57273817,7.03172438263193,5,https://www.dhlottery.co.kr/lt645/selectPstLt645InfoNew.do?srchDir=older&srchCursorLtEpsd=559,OFFICIAL_DHLOTTERY_AJAX_JSON
556,2013-07-27,12,20,23,28,30,44,43,7,14036464125,2005209161,57374791000,1000,57374791,7.04412134471692,5,https://www.dhlottery.co.kr/lt645/selectPstLt645InfoNew.do?srchDir=older&srchCursorLtEpsd=559,OFFICIAL_DHLOTTERY_AJAX_JSON
557,2013-08-03,4,20,26,28,35,40,31,7,13216485000,1888069286,55086560000,1000,55086560,6.76318652041851,4,https://www.dhlottery.co.kr/lt645/selectPstLt645InfoNew.do?srchDir=older&srchCursorLtEpsd=559,OFFICIAL_DHLOTTERY_AJAX_JSON
558,2013-08-10,12,15,19,26,40,43,29,10,13159136625,1315913663,54939001000,1000,54939001,6.74507014067422,4,https://www.dhlottery.co.kr/lt645/selectPstLt645InfoNew.do?srchDir=older&srchCursorLtEpsd=559,OFFICIAL_DHLOTTERY_AJAX_JSON
559,2013-08-17,11,12,25,32,44,45,23,7,13483019250,1926145608,55733418000,1000,55733418,6.84260373772569,3,https://www.dhlottery.co.kr/lt645/selectPstLt645InfoNew.do?srchDir=older&srchCursorLtEpsd=569,OFFICIAL_DHLOTTERY_AJAX_JSON
560,2013-08-24,1,4,20,23,29,45,28,7,13836880500,1976697215,56565298000,1000,56565298,6.94473680979637,5,https://www.dhlottery.co.kr/lt645/selectPstLt645InfoNew.do?srchDir=older&srchCursorLtEpsd=569,OFFICIAL_DHLOTTERY_AJAX_JSON
561,2013-08-31,5,7,18,37,42,45,20,5,13768561125,2753712225,56638383000,1000,56638383,6.95370973326163,3,https://www.dhlottery.co.kr/lt645/selectPstLt645InfoNew.do?srchDir=older&srchCursorLtEpsd=569,OFFICIAL_DHLOTTERY_AJAX_JSON
562,2013-09-07,4,11,13,17,20,31,33,11,12833640750,1166694614,56288212000,1000,56288212,6.9107179075415,6,https://www.dhlottery.co.kr/lt645/selectPstLt645InfoNew.do?srchDir=older&srchCursorLtEpsd=569,OFFICIAL_DHLOTTERY_AJAX_JSON
563,2013-09-14,5,10,16,17,31,32,21,7,13529149500,1932735643,57320132000,1000,57320132,7.03741065136414,5,https://www.dhlottery.co.kr/lt645/selectPstLt645InfoNew.do?srchDir=older&srchCursorLtEpsd=569,OFFICIAL_DHLOTTERY_AJAX_JSON
564,2013-09-21,14,19,25,26,27,34,2,7,13543608000,1934801143,58012468000,1000,58012468,7.12241137572958,5,https://www.dhlottery.co.kr/lt645/selectPstLt645InfoNew.do?srchDir=older&srchCursorLtEpsd=569,OFFICIAL_DHLOTTERY_AJAX_JSON
565,2013-09-28,4,10,18,27,40,45,38,8,13936515750,1742064469,59556622000,1000,59556622,7.31199303626984,4,https://www.dhlottery.co.kr/lt645/selectPstLt645InfoNew.do?srchDir=older&srchCursorLtEpsd=569,OFFICIAL_DHLOTTERY_AJAX_JSON
566,2013-10-05,4,5,6,25,26,43,41,4,14035804125,3508951032,57666611000,1000,57666611,7.07994919619991,5,https://www.dhlottery.co.kr/lt645/selectPstLt645InfoNew.do?srchDir=older&srchCursorLtEpsd=569,OFFICIAL_DHLOTTERY_AJAX_JSON
567,2013-10-12,1,10,15,16,32,41,28,6,13911956625,2318659438,57439471000,1000,57439471,7.05206235435957,4,https://www.dhlottery.co.kr/lt645/selectPstLt645InfoNew.do?srchDir=older&srchCursorLtEpsd=569,OFFICIAL_DHLOTTERY_AJAX_JSON
568,2013-10-19,1,3,17,20,31,44,40,10,13051675500,1305167550,57681628000,1000,57681628,7.08179289041456,5,https://www.dhlottery.co.kr/lt645/selectPstLt645InfoNew.do?srchDir=older&srchCursorLtEpsd=569,OFFICIAL_DHLOTTERY_AJAX_JSON
569,2013-10-26,3,6,13,23,24,35,1,4,13871700750,3467925188,58441902000,1000,58441902,7.17513462147608,5,https://www.dhlottery.co.kr/lt645/selectPstLt645InfoNew.do?srchDir=older&srchCursorLtEpsd=579,OFFICIAL_DHLOTTERY_AJAX_JSON
570,2013-11-02,1,12,26,27,29,33,42,9,13750124625,1527791625,57654279000,1000,57654279,7.07843514964899,5,https://www.dhlottery.co.kr/lt645/selectPstLt645InfoNew.do?srchDir=older&srchCursorLtEpsd=579,OFFICIAL_DHLOTTERY_AJAX_JSON
571,2013-11-09,11,18,21,26,38,43,29,7,13765769250,1966538465,56493528000,1000,56493528,6.93592533388336,4,https://www.dhlottery.co.kr/lt645/selectPstLt645InfoNew.do?srchDir=older&srchCursorLtEpsd=579,OFFICIAL_DHLOTTERY_AJAX_JSON
572,2013-11-16,3,13,18,33,37,45,1,8,13345729500,1668216188,56473602000,1000,56473602,6.93347894306488,3,https://www.dhlottery.co.kr/lt645/selectPstLt645InfoNew.do?srchDir=older&srchCursorLtEpsd=579,OFFICIAL_DHLOTTERY_AJAX_JSON
573,2013-11-23,2,4,20,34,35,43,14,8,13165534125,1645691766,56092721000,1000,56092721,6.88671673382394,3,https://www.dhlottery.co.kr/lt645/selectPstLt645InfoNew.do?srchDir=older&srchCursorLtEpsd=579,OFFICIAL_DHLOTTERY_AJAX_JSON
574,2013-11-30,14,15,16,19,25,43,2,2,13930369875,6965184938,55882933000,1000,55882933,6.8609602630306,5,https://www.dhlottery.co.kr/lt645/selectPstLt645InfoNew.do?srchDir=older&srchCursorLtEpsd=579,OFFICIAL_DHLOTTERY_AJAX_JSON
575,2013-12-07,2,8,20,30,33,34,6,8,13594143000,1699267875,56330738000,1000,56330738,6.91593898633036,4,https://www.dhlottery.co.kr/lt645/selectPstLt645InfoNew.do?srchDir=older&srchCursorLtEpsd=579,OFFICIAL_DHLOTTERY_AJAX_JSON
576,2013-12-14,10,11,15,25,35,41,13,3,12965898000,4321966000,54691148000,1000,54691148,6.71464028503166,4,https://www.dhlottery.co.kr/lt645/selectPstLt645InfoNew.do?srchDir=older&srchCursorLtEpsd=579,OFFICIAL_DHLOTTERY_AJAX_JSON
577,2013-12-21,16,17,22,31,34,37,33,3,13453315125,4484438375,57010827000,1000,57010827,6.99943609991823,4,https://www.dhlottery.co.kr/lt645/selectPstLt645InfoNew.do?srchDir=older&srchCursorLtEpsd=579,OFFICIAL_DHLOTTERY_AJAX_JSON
578,2013-12-28,5,12,14,32,34,42,16,5,13982332875,2796466575,58584741000,1000,58584741,7.1926715088655,3,https://www.dhlottery.co.kr/lt645/selectPstLt645InfoNew.do?srchDir=older&srchCursorLtEpsd=579,OFFICIAL_DHLOTTERY_AJAX_JSON
579,2014-01-04,5,7,20,22,37,42,39,11,15356752884,1396068444,63532871000,1000,63532871,7.80017225164701,4,https://www.dhlottery.co.kr/lt645/selectPstLt645InfoNew.do?srchDir=older&srchCursorLtEpsd=589,OFFICIAL_DHLOTTERY_AJAX_JSON
580,2014-01-11,5,7,9,11,32,35,33,7,14200273500,2028610500,60514216000,1000,60514216,7.42956049433644,4,https://www.dhlottery.co.kr/lt645/selectPstLt645InfoNew.do?srchDir=older&srchCursorLtEpsd=589,OFFICIAL_DHLOTTERY_AJAX_JSON
581,2014-01-18,3,5,14,20,42,44,33,8,14756436376,1844554547,60257457000,1000,60257457,7.39803721519547,4,https://www.dhlottery.co.kr/lt645/selectPstLt645InfoNew.do?srchDir=older&srchCursorLtEpsd=589,OFFICIAL_DHLOTTERY_AJAX_JSON
582,2014-01-25,2,12,14,33,40,41,25,4,14242234876,3560558719,59306953000,1000,59306953,7.28134022339921,3,https://www.dhlottery.co.kr/lt645/selectPstLt645InfoNew.do?srchDir=older&srchCursorLtEpsd=589,OFFICIAL_DHLOTTERY_AJAX_JSON
583,2014-02-01,8,17,27,33,40,44,24,11,14760331883,1341848353,62675295000,1000,62675295,7.69488438390877,3,https://www.dhlottery.co.kr/lt645/selectPstLt645InfoNew.do?srchDir=older&srchCursorLtEpsd=589,OFFICIAL_DHLOTTERY_AJAX_JSON
584,2014-02-08,7,18,30,39,40,41,36,3,15099549750,5033183250,61343856000,1000,61343856,7.53141855308616,3,https://www.dhlottery.co.kr/lt645/selectPstLt645InfoNew.do?srchDir=older&srchCursorLtEpsd=589,OFFICIAL_DHLOTTERY_AJAX_JSON
585,2014-02-15,6,7,10,16,38,41,4,9,14584917006,1620546334,60253002000,1000,60253002,7.39749025789865,4,https://www.dhlottery.co.kr/lt645/selectPstLt645InfoNew.do?srchDir=older&srchCursorLtEpsd=589,OFFICIAL_DHLOTTERY_AJAX_JSON
586,2014-02-22,2,7,12,15,21,34,5,8,14226834752,1778354344,59502096000,1000,59502096,7.30529867183299,5,https://www.dhlottery.co.kr/lt645/selectPstLt645InfoNew.do?srchDir=older&srchCursorLtEpsd=589,OFFICIAL_DHLOTTERY_AJAX_JSON
587,2014-03-01,14,21,29,31,32,37,17,3,14923732125,4974577375,59715499000,1000,59715499,7.33149896992778,4,https://www.dhlottery.co.kr/lt645/selectPstLt645InfoNew.do?srchDir=older&srchCursorLtEpsd=589,OFFICIAL_DHLOTTERY_AJAX_JSON
588,2014-03-08,2,8,15,22,25,41,30,5,14446710375,2889342075,59533101000,1000,59533101,7.30910527362598,5,https://www.dhlottery.co.kr/lt645/selectPstLt645InfoNew.do?srchDir=older&srchCursorLtEpsd=589,OFFICIAL_DHLOTTERY_AJAX_JSON
589,2014-03-15,6,8,28,33,38,39,22,7,14958145881,2136877983,60643729000,1000,60643729,7.44546129801377,3,https://www.dhlottery.co.kr/lt645/selectPstLt645InfoNew.do?srchDir=older&srchCursorLtEpsd=599,OFFICIAL_DHLOTTERY_AJAX_JSON
590,2014-03-22,20,30,36,38,41,45,23,7,15296287881,2185183983,60003131000,1000,60003131,7.36681264471962,2,https://www.dhlottery.co.kr/lt645/selectPstLt645InfoNew.do?srchDir=older&srchCursorLtEpsd=599,OFFICIAL_DHLOTTERY_AJAX_JSON
591,2014-03-29,8,13,14,30,38,39,5,5,14823381000,2964676200,59373946000,1000,59373946,7.28956520885052,4,https://www.dhlottery.co.kr/lt645/selectPstLt645InfoNew.do?srchDir=older&srchCursorLtEpsd=599,OFFICIAL_DHLOTTERY_AJAX_JSON
592,2014-04-05,2,5,6,13,28,44,43,6,14138290128,2356381688,58097477000,1000,58097477,7.13284825403373,5,https://www.dhlottery.co.kr/lt645/selectPstLt645InfoNew.do?srchDir=older&srchCursorLtEpsd=599,OFFICIAL_DHLOTTERY_AJAX_JSON
593,2014-04-12,9,10,13,24,33,38,28,9,13795501500,1532833500,59368204000,1000,59368204,7.28886024166796,4,https://www.dhlottery.co.kr/lt645/selectPstLt645InfoNew.do?srchDir=older&srchCursorLtEpsd=599,OFFICIAL_DHLOTTERY_AJAX_JSON
594,2014-04-19,2,8,13,25,28,37,3,11,13811520756,1255592796,57764442000,1000,57764442,7.09196028021893,5,https://www.dhlottery.co.kr/lt645/selectPstLt645InfoNew.do?srchDir=older&srchCursorLtEpsd=599,OFFICIAL_DHLOTTERY_AJAX_JSON
595,2014-04-26,8,24,28,35,38,40,5,8,13956201752,1744525219,57797288000,1000,57797288,7.09599290858508,3,https://www.dhlottery.co.kr/lt645/selectPstLt645InfoNew.do?srchDir=older&srchCursorLtEpsd=599,OFFICIAL_DHLOTTERY_AJAX_JSON
596,2014-05-03,3,4,12,14,25,43,17,10,13282676630,1328267663,56561071000,1000,56561071,6.94421784492686,5,https://www.dhlottery.co.kr/lt645/selectPstLt645InfoNew.do?srchDir=older&srchCursorLtEpsd=599,OFFICIAL_DHLOTTERY_AJAX_JSON
597,2014-05-10,8,10,23,24,35,43,37,13,13752967878,1057920606,56832361000,1000,56832361,6.97752515021375,4,https://www.dhlottery.co.kr/lt645/selectPstLt645InfoNew.do?srchDir=older&srchCursorLtEpsd=599,OFFICIAL_DHLOTTERY_AJAX_JSON
598,2014-05-17,4,12,24,33,38,45,22,16,13343977504,833998594,57518550000,1000,57518550,7.06177118400601,3,https://www.dhlottery.co.kr/lt645/selectPstLt645InfoNew.do?srchDir=older&srchCursorLtEpsd=599,OFFICIAL_DHLOTTERY_AJAX_JSON
599,2014-05-24,5,12,17,29,34,35,27,8,13687346632,1710918329,57381791000,1000,57381791,7.04498076134491,4,https://www.dhlottery.co.kr/lt645/selectPstLt645InfoNew.do?srchDir=older&srchCursorLtEpsd=609,OFFICIAL_DHLOTTERY_AJAX_JSON
600,2014-05-31,5,11,14,27,29,36,44,15,13526980875,901798725,56372519000,1000,56372519,6.92106859863525,5,https://www.dhlottery.co.kr/lt645/selectPstLt645InfoNew.do?srchDir=older&srchCursorLtEpsd=609,OFFICIAL_DHLOTTERY_AJAX_JSON
601,2014-06-07,2,16,19,31,34,35,37,9,13721086881,1524565209,55868455000,1000,55868455,6.8591827438963,4,https://www.dhlottery.co.kr/lt645/selectPstLt645InfoNew.do?srchDir=older&srchCursorLtEpsd=609,OFFICIAL_DHLOTTERY_AJAX_JSON
602,2014-06-14,13,14,22,27,30,38,2,8,13516246880,1689530860,56262855000,1000,56262855,6.9076047321935,5,https://www.dhlottery.co.kr/lt645/selectPstLt645InfoNew.do?srchDir=older&srchCursorLtEpsd=609,OFFICIAL_DHLOTTERY_AJAX_JSON
603,2014-06-21,2,19,25,26,27,43,28,4,13808546252,3452136563,56276650000,1000,56276650,6.90929839681967,5,https://www.dhlottery.co.kr/lt645/selectPstLt645InfoNew.do?srchDir=older&srchCursorLtEpsd=609,OFFICIAL_DHLOTTERY_AJAX_JSON
604,2014-06-28,2,6,18,21,33,34,30,11,13520557127,1229141557,56266399000,1000,56266399,6.90803984255487,4,https://www.dhlottery.co.kr/lt645/selectPstLt645InfoNew.do?srchDir=older&srchCursorLtEpsd=609,OFFICIAL_DHLOTTERY_AJAX_JSON
605,2014-07-05,1,2,7,9,10,38,42,9,12548090250,1394232250,56622924000,1000,56622924,6.95181177302561,5,https://www.dhlottery.co.kr/lt645/selectPstLt645InfoNew.do?srchDir=older&srchCursorLtEpsd=609,OFFICIAL_DHLOTTERY_AJAX_JSON
606,2014-07-12,1,5,6,14,20,39,22,10,13115668500,1311566850,56928896000,1000,56928896,6.98937711938279,5,https://www.dhlottery.co.kr/lt645/selectPstLt645InfoNew.do?srchDir=older&srchCursorLtEpsd=609,OFFICIAL_DHLOTTERY_AJAX_JSON
607,2014-07-19,8,14,23,36,38,39,13,4,13977923628,3494480907,56806213000,1000,56806213,6.97431486078678,3,https://www.dhlottery.co.kr/lt645/selectPstLt645InfoNew.do?srchDir=older&srchCursorLtEpsd=609,OFFICIAL_DHLOTTERY_AJAX_JSON
608,2014-07-26,4,8,18,19,39,44,41,7,13604710126,1943530018,56146117000,1000,56146117,6.89327236386227,4,https://www.dhlottery.co.kr/lt645/selectPstLt645InfoNew.do?srchDir=older&srchCursorLtEpsd=609,OFFICIAL_DHLOTTERY_AJAX_JSON
609,2014-08-02,4,8,27,34,39,40,13,2,12678622876,6339311438,54858201000,1000,54858201,6.73515001731111,3,https://www.dhlottery.co.kr/lt645/selectPstLt645InfoNew.do?srchDir=older&srchCursorLtEpsd=619,OFFICIAL_DHLOTTERY_AJAX_JSON
610,2014-08-09,14,18,20,23,28,36,33,4,14064073500,3516018375,56862756000,1000,56862756,6.9812568599863,5,https://www.dhlottery.co.kr/lt645/selectPstLt645InfoNew.do?srchDir=older&srchCursorLtEpsd=619,OFFICIAL_DHLOTTERY_AJAX_JSON
611,2014-08-16,2,22,27,33,36,37,14,4,14010824628,3502706157,57411079000,1000,57411079,7.04857656051644,3,https://www.dhlottery.co.kr/lt645/selectPstLt645InfoNew.do?srchDir=older&srchCursorLtEpsd=619,OFFICIAL_DHLOTTERY_AJAX_JSON
612,2014-08-23,6,9,18,19,25,33,40,11,12998757750,1181705250,56931314000,1000,56931314,6.98967398644086,5,https://www.dhlottery.co.kr/lt645/selectPstLt645InfoNew.do?srchDir=older&srchCursorLtEpsd=619,OFFICIAL_DHLOTTERY_AJAX_JSON
613,2014-08-30,7,8,11,16,41,44,35,9,13948480881,1549831209,57986249000,1000,57986249,7.11919236936253,4,https://www.dhlottery.co.kr/lt645/selectPstLt645InfoNew.do?srchDir=older&srchCursorLtEpsd=619,OFFICIAL_DHLOTTERY_AJAX_JSON
614,2014-09-06,8,21,25,39,40,44,18,6,15245852628,2540975438,62301977000,1000,62301977,7.64905071294748,3,https://www.dhlottery.co.kr/lt645/selectPstLt645InfoNew.do?srchDir=older&srchCursorLtEpsd=619,OFFICIAL_DHLOTTERY_AJAX_JSON
615,2014-09-13,10,17,18,19,23,27,35,9,13815561753,1535062417,59072378000,1000,59072378,7.25254055832615,6,https://www.dhlottery.co.kr/lt645/selectPstLt645InfoNew.do?srchDir=older&srchCursorLtEpsd=619,OFFICIAL_DHLOTTERY_AJAX_JSON
616,2014-09-20,5,13,18,23,40,45,3,9,14506301250,1611811250,60303360000,1000,60303360,7.40367290112043,4,https://www.dhlottery.co.kr/lt645/selectPstLt645InfoNew.do?srchDir=older&srchCursorLtEpsd=619,OFFICIAL_DHLOTTERY_AJAX_JSON
617,2014-09-27,4,5,11,12,24,27,28,8,13037614880,1629701860,58958123000,1000,58958123,7.23851303735025,6,https://www.dhlottery.co.kr/lt645/selectPstLt645InfoNew.do?srchDir=older&srchCursorLtEpsd=619,OFFICIAL_DHLOTTERY_AJAX_JSON
618,2014-10-04,8,16,25,30,42,43,15,5,14406631125,2881326225,58550803000,1000,58550803,7.18850481150538,4,https://www.dhlottery.co.kr/lt645/selectPstLt645InfoNew.do?srchDir=older&srchCursorLtEpsd=619,OFFICIAL_DHLOTTERY_AJAX_JSON
619,2014-10-11,6,8,13,30,35,40,21,3,13837438125,4612479375,58822925000,1000,58822925,7.22191426459719,4,https://www.dhlottery.co.kr/lt645/selectPstLt645InfoNew.do?srchDir=older&srchCursorLtEpsd=629,OFFICIAL_DHLOTTERY_AJAX_JSON
620,2014-10-18,2,16,17,32,39,45,40,7,14197982631,2028283233,58342777000,1000,58342777,7.16296466815469,3,https://www.dhlottery.co.kr/lt645/selectPstLt645InfoNew.do?srchDir=older&srchCursorLtEpsd=629,OFFICIAL_DHLOTTERY_AJAX_JSON
621,2014-10-25,1,2,6,16,19,42,9,6,14158341000,2359723500,59407216000,1000,59407216,7.29364989330956,5,https://www.dhlottery.co.kr/lt645/selectPstLt645InfoNew.do?srchDir=older&srchCursorLtEpsd=629,OFFICIAL_DHLOTTERY_AJAX_JSON
622,2014-11-01,9,15,16,21,28,34,24,9,14675384628,1630598292,59601329000,1000,59601329,7.31748188472522,5,https://www.dhlottery.co.kr/lt645/selectPstLt645InfoNew.do?srchDir=older&srchCursorLtEpsd=629,OFFICIAL_DHLOTTERY_AJAX_JSON
623,2014-11-08,7,13,30,39,41,45,25,8,14509620752,1813702594,58504142000,1000,58504142,7.18277606303698,3,https://www.dhlottery.co.kr/lt645/selectPstLt645InfoNew.do?srchDir=older&srchCursorLtEpsd=629,OFFICIAL_DHLOTTERY_AJAX_JSON
624,2014-11-15,1,7,19,26,27,35,16,5,13818647250,2763729450,57832726000,1000,57832726,7.1003437666512,5,https://www.dhlottery.co.kr/lt645/selectPstLt645InfoNew.do?srchDir=older&srchCursorLtEpsd=629,OFFICIAL_DHLOTTERY_AJAX_JSON
625,2014-11-22,3,6,7,20,21,39,13,5,13825923375,2765184675,58614979000,1000,58614979,7.19638394315082,5,https://www.dhlottery.co.kr/lt645/selectPstLt645InfoNew.do?srchDir=older&srchCursorLtEpsd=629,OFFICIAL_DHLOTTERY_AJAX_JSON
626,2014-11-29,13,14,26,33,40,43,15,8,13742968880,1717871110,58986187000,1000,58986187,7.24195856138567,3,https://www.dhlottery.co.kr/lt645/selectPstLt645InfoNew.do?srchDir=older&srchCursorLtEpsd=629,OFFICIAL_DHLOTTERY_AJAX_JSON
627,2014-12-06,2,9,22,25,31,45,12,10,13522306500,1352230650,55981334000,1000,55981334,6.8730413281179,5,https://www.dhlottery.co.kr/lt645/selectPstLt645InfoNew.do?srchDir=older&srchCursorLtEpsd=629,OFFICIAL_DHLOTTERY_AJAX_JSON
628,2014-12-13,1,7,12,15,23,42,11,9,13499485875,1499942875,57253109000,1000,57253109,7.02918198269872,5,https://www.dhlottery.co.kr/lt645/selectPstLt645InfoNew.do?srchDir=older&srchCursorLtEpsd=629,OFFICIAL_DHLOTTERY_AJAX_JSON
629,2014-12-20,19,28,31,38,43,44,1,5,14597167875,2919433575,57618701000,1000,57618701,7.07406710325031,3,https://www.dhlottery.co.kr/lt645/selectPstLt645InfoNew.do?srchDir=older&srchCursorLtEpsd=639,OFFICIAL_DHLOTTERY_AJAX_JSON
630,2014-12-27,8,17,21,24,27,31,15,3,14508916500,4836305500,61335894000,1000,61335894,7.53044102805872,6,https://www.dhlottery.co.kr/lt645/selectPstLt645InfoNew.do?srchDir=older&srchCursorLtEpsd=639,OFFICIAL_DHLOTTERY_AJAX_JSON
631,2015-01-03,1,2,4,23,31,34,8,4,15679414128,3919853532,65300621000,1000,65300621,8.01720564366622,5,https://www.dhlottery.co.kr/lt645/selectPstLt645InfoNew.do?srchDir=older&srchCursorLtEpsd=639,OFFICIAL_DHLOTTERY_AJAX_JSON
632,2015-01-10,15,18,21,32,35,44,6,11,15758464876,1432587716,63066603000,1000,63066603,7.74292675560401,3,https://www.dhlottery.co.kr/lt645/selectPstLt645InfoNew.do?srchDir=older&srchCursorLtEpsd=639,OFFICIAL_DHLOTTERY_AJAX_JSON
633,2015-01-17,9,12,19,20,39,41,13,12,14607085128,1217257094,62015797000,1000,62015797,7.61391530571905,4,https://www.dhlottery.co.kr/lt645/selectPstLt645InfoNew.do?srchDir=older&srchCursorLtEpsd=639,OFFICIAL_DHLOTTERY_AJAX_JSON
634,2015-01-24,4,10,11,12,20,27,38,13,14013156378,1077935106,63149567000,1000,63149567,7.75311256147898,6,https://www.dhlottery.co.kr/lt645/selectPstLt645InfoNew.do?srchDir=older&srchCursorLtEpsd=639,OFFICIAL_DHLOTTERY_AJAX_JSON
635,2015-01-31,11,13,25,26,29,33,32,8,14844697880,1855587235,62429621000,1000,62429621,7.66472205238513,5,https://www.dhlottery.co.kr/lt645/selectPstLt645InfoNew.do?srchDir=older&srchCursorLtEpsd=639,OFFICIAL_DHLOTTERY_AJAX_JSON
636,2015-02-07,6,7,15,16,20,31,26,8,14658897752,1832362219,62786394000,1000,62786394,7.70852443075926,6,https://www.dhlottery.co.kr/lt645/selectPstLt645InfoNew.do?srchDir=older&srchCursorLtEpsd=639,OFFICIAL_DHLOTTERY_AJAX_JSON
637,2015-02-14,3,16,22,37,38,44,23,4,15596964376,3899241094,63504865000,1000,63504865,7.79673384849221,3,https://www.dhlottery.co.kr/lt645/selectPstLt645InfoNew.do?srchDir=older&srchCursorLtEpsd=639,OFFICIAL_DHLOTTERY_AJAX_JSON
638,2015-02-21,7,18,22,24,31,34,6,7,15605822253,2229403179,64319586000,1000,64319586,7.89676024486007,5,https://www.dhlottery.co.kr/lt645/selectPstLt645InfoNew.do?srchDir=older&srchCursorLtEpsd=639,OFFICIAL_DHLOTTERY_AJAX_JSON
639,2015-02-28,6,15,22,23,25,32,40,4,16244740876,4061185219,66202599000,1000,66202599,8.12794491384962,5,https://www.dhlottery.co.kr/lt645/selectPstLt645InfoNew.do?srchDir=older&srchCursorLtEpsd=649,OFFICIAL_DHLOTTERY_AJAX_JSON
640,2015-03-07,14,15,18,21,26,35,23,9,15558919506,1728768834,64080502000,1000,64080502,7.86740699270478,5,https://www.dhlottery.co.kr/lt645/selectPstLt645InfoNew.do?srchDir=older&srchCursorLtEpsd=649,OFFICIAL_DHLOTTERY_AJAX_JSON
641,2015-03-14,11,18,21,36,37,43,12,8,15920596504,1990074563,63773134000,1000,63773134,7.82967025411722,3,https://www.dhlottery.co.kr/lt645/selectPstLt645InfoNew.do?srchDir=older&srchCursorLtEpsd=649,OFFICIAL_DHLOTTERY_AJAX_JSON
642,2015-03-21,8,17,18,24,39,45,32,12,15017525256,1251460438,63544224000,1000,63544224,7.80156610264381,4,https://www.dhlottery.co.kr/lt645/selectPstLt645InfoNew.do?srchDir=older&srchCursorLtEpsd=649,OFFICIAL_DHLOTTERY_AJAX_JSON
643,2015-03-28,15,24,31,32,33,40,13,6,15214581750,2535763625,63110068000,1000,63110068,7.74826311899483,3,https://www.dhlottery.co.kr/lt645/selectPstLt645InfoNew.do?srchDir=older&srchCursorLtEpsd=649,OFFICIAL_DHLOTTERY_AJAX_JSON
644,2015-04-04,5,13,17,23,28,36,8,8,14651609632,1831451204,61846599000,1000,61846599,7.59314222363003,5,https://www.dhlottery.co.kr/lt645/selectPstLt645InfoNew.do?srchDir=older&srchCursorLtEpsd=649,OFFICIAL_DHLOTTERY_AJAX_JSON
645,2015-04-11,1,4,16,26,40,41,31,4,14785191000,3696297750,62661756000,1000,62661756,7.69322214937643,4,https://www.dhlottery.co.kr/lt645/selectPstLt645InfoNew.do?srchDir=older&srchCursorLtEpsd=649,OFFICIAL_DHLOTTERY_AJAX_JSON
646,2015-04-18,2,9,24,41,43,45,30,7,15508488751,2215498393,62308090000,1000,62308090,7.64980122921133,3,https://www.dhlottery.co.kr/lt645/selectPstLt645InfoNew.do?srchDir=older&srchCursorLtEpsd=649,OFFICIAL_DHLOTTERY_AJAX_JSON
647,2015-04-25,5,16,21,23,24,30,29,7,15328079256,2189725608,62314338000,1000,62314338,7.65056831993871,6,https://www.dhlottery.co.kr/lt645/selectPstLt645InfoNew.do?srchDir=older&srchCursorLtEpsd=649,OFFICIAL_DHLOTTERY_AJAX_JSON
648,2015-05-02,13,19,28,37,38,43,4,7,14846915629,2120987947,60874405000,1000,60874405,7.47378226802504,3,https://www.dhlottery.co.kr/lt645/selectPstLt645InfoNew.do?srchDir=older&srchCursorLtEpsd=649,OFFICIAL_DHLOTTERY_AJAX_JSON
649,2015-05-09,3,21,22,33,41,42,20,5,14740210500,2948042100,60473178000,1000,60473178,7.42452210296793,3,https://www.dhlottery.co.kr/lt645/selectPstLt645InfoNew.do?srchDir=older&srchCursorLtEpsd=659,OFFICIAL_DHLOTTERY_AJAX_JSON
650,2015-05-16,3,4,7,11,31,41,35,5,14246494500,2849298900,60991082000,1000,60991082,7.48810714715423,5,https://www.dhlottery.co.kr/lt645/selectPstLt645InfoNew.do?srchDir=older&srchCursorLtEpsd=659,OFFICIAL_DHLOTTERY_AJAX_JSON
651,2015-05-23,11,12,16,26,29,44,18,8,14842451632,1855306454,61494891000,1000,61494891,7.54996169457315,5,https://www.dhlottery.co.kr/lt645/selectPstLt645InfoNew.do?srchDir=older&srchCursorLtEpsd=659,OFFICIAL_DHLOTTERY_AJAX_JSON
652,2015-05-30,3,13,15,40,41,44,20,5,15017417625,3003483525,60426977000,1000,60426977,7.41884983044938,3,https://www.dhlottery.co.kr/lt645/selectPstLt645InfoNew.do?srchDir=older&srchCursorLtEpsd=659,OFFICIAL_DHLOTTERY_AJAX_JSON
653,2015-06-06,5,6,26,27,38,39,1,14,13733421380,980958670,59716037000,1000,59716037,7.33156502223434,4,https://www.dhlottery.co.kr/lt645/selectPstLt645InfoNew.do?srchDir=older&srchCursorLtEpsd=659,OFFICIAL_DHLOTTERY_AJAX_JSON
654,2015-06-13,16,21,26,31,36,43,6,8,15034411128,1879301391,60697813000,1000,60697813,7.45210139642925,4,https://www.dhlottery.co.kr/lt645/selectPstLt645InfoNew.do?srchDir=older&srchCursorLtEpsd=659,OFFICIAL_DHLOTTERY_AJAX_JSON
655,2015-06-20,7,37,38,39,40,44,18,9,14952956625,1661439625,60434801000,1000,60434801,7.41981041269186,1,https://www.dhlottery.co.kr/lt645/selectPstLt645InfoNew.do?srchDir=older&srchCursorLtEpsd=659,OFFICIAL_DHLOTTERY_AJAX_JSON
656,2015-06-27,3,7,14,16,31,40,39,2,14660005500,7330002750,61328118000,1000,61328118,7.52948633895883,5,https://www.dhlottery.co.kr/lt645/selectPstLt645InfoNew.do?srchDir=older&srchCursorLtEpsd=659,OFFICIAL_DHLOTTERY_AJAX_JSON
657,2015-07-04,10,14,19,39,40,43,23,9,15252865128,1694762792,61769837000,1000,61769837,7.58371786088746,3,https://www.dhlottery.co.kr/lt645/selectPstLt645InfoNew.do?srchDir=older&srchCursorLtEpsd=659,OFFICIAL_DHLOTTERY_AJAX_JSON
658,2015-07-11,8,19,25,28,32,36,37,9,14706282375,1634031375,61131243000,1000,61131243,7.50531524629653,4,https://www.dhlottery.co.kr/lt645/selectPstLt645InfoNew.do?srchDir=older&srchCursorLtEpsd=659,OFFICIAL_DHLOTTERY_AJAX_JSON
659,2015-07-18,7,18,19,27,29,42,45,11,14702646376,1336604216,61677747000,1000,61677747,7.57241162127719,5,https://www.dhlottery.co.kr/lt645/selectPstLt645InfoNew.do?srchDir=older&srchCursorLtEpsd=669,OFFICIAL_DHLOTTERY_AJAX_JSON
660,2015-07-25,4,9,23,33,39,44,14,10,14212725750,1421272575,60813322000,1000,60813322,7.46628287575537,3,https://www.dhlottery.co.kr/lt645/selectPstLt645InfoNew.do?srchDir=older&srchCursorLtEpsd=669,OFFICIAL_DHLOTTERY_AJAX_JSON
661,2015-08-01,2,3,12,20,27,38,40,8,13704204376,1713025547,59597375000,1000,59597375,7.31699643710421,5,https://www.dhlottery.co.kr/lt645/selectPstLt645InfoNew.do?srchDir=older&srchCursorLtEpsd=669,OFFICIAL_DHLOTTERY_AJAX_JSON
662,2015-08-08,5,6,9,11,15,37,26,8,13517869504,1689733688,59164542000,1000,59164542,7.26385588319791,5,https://www.dhlottery.co.kr/lt645/selectPstLt645InfoNew.do?srchDir=older&srchCursorLtEpsd=669,OFFICIAL_DHLOTTERY_AJAX_JSON
663,2015-08-15,3,5,8,19,38,42,20,7,14561709001,2080244143,61100704000,1000,61100704,7.5015658570962,4,https://www.dhlottery.co.kr/lt645/selectPstLt645InfoNew.do?srchDir=older&srchCursorLtEpsd=669,OFFICIAL_DHLOTTERY_AJAX_JSON
664,2015-08-22,10,20,33,36,41,44,5,10,15368013380,1536801338,61921689000,1000,61921689,7.60236130857231,2,https://www.dhlottery.co.kr/lt645/selectPstLt645InfoNew.do?srchDir=older&srchCursorLtEpsd=669,OFFICIAL_DHLOTTERY_AJAX_JSON
665,2015-08-29,5,6,11,17,38,44,13,4,14572921500,3643230375,61885874000,1000,61885874,7.59796416478209,4,https://www.dhlottery.co.kr/lt645/selectPstLt645InfoNew.do?srchDir=older&srchCursorLtEpsd=669,OFFICIAL_DHLOTTERY_AJAX_JSON
666,2015-09-05,2,4,6,11,17,28,16,6,14381406378,2396901063,62652917000,1000,62652917,7.69213695172289,6,https://www.dhlottery.co.kr/lt645/selectPstLt645InfoNew.do?srchDir=older&srchCursorLtEpsd=669,OFFICIAL_DHLOTTERY_AJAX_JSON
667,2015-09-12,15,17,25,37,42,43,13,7,15601350751,2228764393,63421632000,1000,63421632,7.78651501646397,3,https://www.dhlottery.co.kr/lt645/selectPstLt645InfoNew.do?srchDir=older&srchCursorLtEpsd=669,OFFICIAL_DHLOTTERY_AJAX_JSON
668,2015-09-19,12,14,15,24,27,32,3,5,14955793125,2991158625,63346405000,1000,63346405,7.77727911151054,5,https://www.dhlottery.co.kr/lt645/selectPstLt645InfoNew.do?srchDir=older&srchCursorLtEpsd=669,OFFICIAL_DHLOTTERY_AJAX_JSON
669,2015-09-26,7,8,20,29,33,38,9,6,16249039128,2708173188,67952211000,1000,67952211,8.3427514346119,4,https://www.dhlottery.co.kr/lt645/selectPstLt645InfoNew.do?srchDir=older&srchCursorLtEpsd=679,OFFICIAL_DHLOTTERY_AJAX_JSON
670,2015-10-03,11,18,26,27,40,41,25,12,14300702628,1191725219,62242687000,1000,62242687,7.64177145410838,4,https://www.dhlottery.co.kr/lt645/selectPstLt645InfoNew.do?srchDir=older&srchCursorLtEpsd=679,OFFICIAL_DHLOTTERY_AJAX_JSON
671,2015-10-10,7,9,10,13,31,35,24,4,14889291376,3722322844,63940807000,1000,63940807,7.85025610615514,5,https://www.dhlottery.co.kr/lt645/selectPstLt645InfoNew.do?srchDir=older&srchCursorLtEpsd=679,OFFICIAL_DHLOTTERY_AJAX_JSON
672,2015-10-17,8,21,28,31,36,45,43,9,15792705000,1754745000,63542330000,1000,63542330,7.80133356905904,4,https://www.dhlottery.co.kr/lt645/selectPstLt645InfoNew.do?srchDir=older&srchCursorLtEpsd=679,OFFICIAL_DHLOTTERY_AJAX_JSON
673,2015-10-24,7,10,17,29,33,44,5,10,14914533000,1491453300,63163578000,1000,63163578,7.75483274524681,4,https://www.dhlottery.co.kr/lt645/selectPstLt645InfoNew.do?srchDir=older&srchCursorLtEpsd=679,OFFICIAL_DHLOTTERY_AJAX_JSON
674,2015-10-31,9,10,14,25,27,31,11,8,14164524000,1770565500,61386974000,1000,61386974,7.53671231396699,6,https://www.dhlottery.co.kr/lt645/selectPstLt645InfoNew.do?srchDir=older&srchCursorLtEpsd=679,OFFICIAL_DHLOTTERY_AJAX_JSON
675,2015-11-07,1,8,11,15,18,45,7,4,14058196128,3514549032,60458623000,1000,60458623,7.42273513025073,5,https://www.dhlottery.co.kr/lt645/selectPstLt645InfoNew.do?srchDir=older&srchCursorLtEpsd=679,OFFICIAL_DHLOTTERY_AJAX_JSON
676,2015-11-14,1,8,17,34,39,45,27,8,15037812000,1879726500,62147642000,1000,62147642,7.6301024179073,3,https://www.dhlottery.co.kr/lt645/selectPstLt645InfoNew.do?srchDir=older&srchCursorLtEpsd=679,OFFICIAL_DHLOTTERY_AJAX_JSON
677,2015-11-21,12,15,24,36,41,44,42,8,15368915256,1921114407,62267624000,1000,62267624,7.6448330644587,3,https://www.dhlottery.co.kr/lt645/selectPstLt645InfoNew.do?srchDir=older&srchCursorLtEpsd=679,OFFICIAL_DHLOTTERY_AJAX_JSON
678,2015-11-28,4,5,6,12,25,37,45,6,13730941128,2288490188,60887293000,1000,60887293,7.47536457681097,5,https://www.dhlottery.co.kr/lt645/selectPstLt645InfoNew.do?srchDir=older&srchCursorLtEpsd=679,OFFICIAL_DHLOTTERY_AJAX_JSON
679,2015-12-05,3,5,7,14,26,34,35,5,14315028000,2863005600,62220918000,1000,62220918,7.63909879116913,5,https://www.dhlottery.co.kr/lt645/selectPstLt645InfoNew.do?srchDir=older&srchCursorLtEpsd=689,OFFICIAL_DHLOTTERY_AJAX_JSON
680,2015-12-12,4,10,19,29,32,42,30,14,15547987882,1110570563,64245201000,1000,64245201,7.88762771544961,4,https://www.dhlottery.co.kr/lt645/selectPstLt645InfoNew.do?srchDir=older&srchCursorLtEpsd=689,OFFICIAL_DHLOTTERY_AJAX_JSON
681,2015-12-19,21,24,27,29,43,44,7,6,16177973628,2696328938,63268253000,1000,63268253,7.76768409318041,4,https://www.dhlottery.co.kr/lt645/selectPstLt645InfoNew.do?srchDir=older&srchCursorLtEpsd=689,OFFICIAL_DHLOTTERY_AJAX_JSON
682,2015-12-26,17,23,27,35,38,43,2,4,16254854252,4063713563,66757858000,1000,66757858,8.1961161734843,3,https://www.dhlottery.co.kr/lt645/selectPstLt645InfoNew.do?srchDir=older&srchCursorLtEpsd=689,OFFICIAL_DHLOTTERY_AJAX_JSON
683,2016-01-02,6,13,20,27,28,40,15,16,16174894128,1010930883,71940091000,1000,71940091,8.83235863210339,5,https://www.dhlottery.co.kr/lt645/selectPstLt645InfoNew.do?srchDir=older&srchCursorLtEpsd=689,OFFICIAL_DHLOTTERY_AJAX_JSON
684,2016-01-09,1,11,15,17,25,39,40,9,15199341381,1688815709,66623887000,1000,66623887,8.17966804418875,5,https://www.dhlottery.co.kr/lt645/selectPstLt645InfoNew.do?srchDir=older&srchCursorLtEpsd=689,OFFICIAL_DHLOTTERY_AJAX_JSON
685,2016-01-16,6,7,12,28,38,40,18,11,16438044381,1494367671,69126675000,1000,69126675,8.48694484755177,4,https://www.dhlottery.co.kr/lt645/selectPstLt645InfoNew.do?srchDir=older&srchCursorLtEpsd=689,OFFICIAL_DHLOTTERY_AJAX_JSON
686,2016-01-23,7,12,15,24,25,43,13,8,15500253752,1937531719,65274010000,1000,65274010,8.01393850996801,5,https://www.dhlottery.co.kr/lt645/selectPstLt645InfoNew.do?srchDir=older&srchCursorLtEpsd=689,OFFICIAL_DHLOTTERY_AJAX_JSON
687,2016-01-30,1,8,10,13,28,42,45,6,16320175878,2720029313,68044669000,1000,68044669,8.35410285498204,5,https://www.dhlottery.co.kr/lt645/selectPstLt645InfoNew.do?srchDir=older&srchCursorLtEpsd=689,OFFICIAL_DHLOTTERY_AJAX_JSON
688,2016-02-06,5,15,22,23,34,35,2,9,17707830750,1967536750,73095612000,1000,73095612,8.9742263408741,4,https://www.dhlottery.co.kr/lt645/selectPstLt645InfoNew.do?srchDir=older&srchCursorLtEpsd=689,OFFICIAL_DHLOTTERY_AJAX_JSON
689,2016-02-13,7,17,19,30,36,38,34,7,16252431377,2321775911,67460147000,1000,67460147,8.28233886552094,4,https://www.dhlottery.co.kr/lt645/selectPstLt645InfoNew.do?srchDir=older&srchCursorLtEpsd=699,OFFICIAL_DHLOTTERY_AJAX_JSON
690,2016-02-20,24,25,33,34,38,39,43,15,16897614375,1126507625,69142025000,1000,69142025,8.48882942544315,2,https://www.dhlottery.co.kr/lt645/selectPstLt645InfoNew.do?srchDir=older&srchCursorLtEpsd=699,OFFICIAL_DHLOTTERY_AJAX_JSON
691,2016-02-27,15,27,33,35,43,45,16,6,17035780500,2839296750,68590328000,1000,68590328,8.42109548609832,2,https://www.dhlottery.co.kr/lt645/selectPstLt645InfoNew.do?srchDir=older&srchCursorLtEpsd=699,OFFICIAL_DHLOTTERY_AJAX_JSON
692,2016-03-05,3,11,14,15,32,36,44,7,16108915879,2301273697,66390499000,1000,66390499,8.15101411162103,4,https://www.dhlottery.co.kr/lt645/selectPstLt645InfoNew.do?srchDir=older&srchCursorLtEpsd=699,OFFICIAL_DHLOTTERY_AJAX_JSON
693,2016-03-12,1,6,11,28,34,42,30,10,16427638130,1642763813,67352935000,1000,67352935,8.2691760404466,4,https://www.dhlottery.co.kr/lt645/selectPstLt645InfoNew.do?srchDir=older&srchCursorLtEpsd=699,OFFICIAL_DHLOTTERY_AJAX_JSON
694,2016-03-19,7,15,20,25,33,43,12,10,15550363880,1555036388,67533257000,1000,67533257,8.29131485833131,4,https://www.dhlottery.co.kr/lt645/selectPstLt645InfoNew.do?srchDir=older&srchCursorLtEpsd=699,OFFICIAL_DHLOTTERY_AJAX_JSON
695,2016-03-26,4,18,26,33,34,38,14,11,15952363130,1450214830,67672085000,1000,67672085,8.30835929999288,3,https://www.dhlottery.co.kr/lt645/selectPstLt645InfoNew.do?srchDir=older&srchCursorLtEpsd=699,OFFICIAL_DHLOTTERY_AJAX_JSON
696,2016-04-02,1,7,16,18,34,38,21,10,16320544130,1632054413,67542971000,1000,67542971,8.29250748306335,4,https://www.dhlottery.co.kr/lt645/selectPstLt645InfoNew.do?srchDir=older&srchCursorLtEpsd=699,OFFICIAL_DHLOTTERY_AJAX_JSON
697,2016-04-09,2,5,8,11,33,39,31,10,15314430380,1531443038,66966141000,1000,66966141,8.22168786970262,4,https://www.dhlottery.co.kr/lt645/selectPstLt645InfoNew.do?srchDir=older&srchCursorLtEpsd=699,OFFICIAL_DHLOTTERY_AJAX_JSON
698,2016-04-16,3,11,13,21,33,37,18,8,15368673000,1921084125,66283268000,1000,66283268,8.13784895384442,4,https://www.dhlottery.co.kr/lt645/selectPstLt645InfoNew.do?srchDir=older&srchCursorLtEpsd=699,OFFICIAL_DHLOTTERY_AJAX_JSON
699,2016-04-23,4,5,8,16,21,29,3,8,15963291000,1995411375,66743146000,1000,66743146,8.19430992527986,6,https://www.dhlottery.co.kr/lt645/selectPstLt645InfoNew.do?srchDir=older&srchCursorLtEpsd=709,OFFICIAL_DHLOTTERY_AJAX_JSON
700,2016-04-30,11,23,28,29,30,44,13,8,16656793504,2082099188,66846276000,1000,66846276,8.20697158768628,5,https://www.dhlottery.co.kr/lt645/selectPstLt645InfoNew.do?srchDir=older&srchCursorLtEpsd=709,OFFICIAL_DHLOTTERY_AJAX_JSON
701,2016-05-07,3,10,14,16,36,38,35,10,15831831750,1583183175,64454138000,1000,64454138,7.91327970573575,4,https://www.dhlottery.co.kr/lt645/selectPstLt645InfoNew.do?srchDir=older&srchCursorLtEpsd=709,OFFICIAL_DHLOTTERY_AJAX_JSON
702,2016-05-14,3,13,16,24,26,29,9,11,16116005257,1465091387,66219854000,1000,66219854,8.13006337583762,6,https://www.dhlottery.co.kr/lt645/selectPstLt645InfoNew.do?srchDir=older&srchCursorLtEpsd=709,OFFICIAL_DHLOTTERY_AJAX_JSON
703,2016-05-21,10,28,31,33,41,44,21,5,16178920500,3235784100,65728988000,1000,65728988,8.06979788976386,3,https://www.dhlottery.co.kr/lt645/selectPstLt645InfoNew.do?srchDir=older&srchCursorLtEpsd=709,OFFICIAL_DHLOTTERY_AJAX_JSON
704,2016-05-28,1,4,8,23,33,42,45,4,15460761376,3865190344,65930117000,1000,65930117,8.09449126218837,4,https://www.dhlottery.co.kr/lt645/selectPstLt645InfoNew.do?srchDir=older&srchCursorLtEpsd=709,OFFICIAL_DHLOTTERY_AJAX_JSON
705,2016-06-04,1,6,17,22,28,45,23,4,15948826128,3987206532,65859843000,1000,65859843,8.08586345588614,5,https://www.dhlottery.co.kr/lt645/selectPstLt645InfoNew.do?srchDir=older&srchCursorLtEpsd=709,OFFICIAL_DHLOTTERY_AJAX_JSON
706,2016-06-11,3,4,6,10,28,30,37,4,15326984252,3831746063,65723488000,1000,65723488,8.06912263384186,6,https://www.dhlottery.co.kr/lt645/selectPstLt645InfoNew.do?srchDir=older&srchCursorLtEpsd=709,OFFICIAL_DHLOTTERY_AJAX_JSON
707,2016-06-18,2,12,19,24,39,44,35,12,15866007756,1322167313,66813924000,1000,66813924,8.2029996095793,4,https://www.dhlottery.co.kr/lt645/selectPstLt645InfoNew.do?srchDir=older&srchCursorLtEpsd=709,OFFICIAL_DHLOTTERY_AJAX_JSON
708,2016-06-25,2,10,16,19,34,45,1,4,16398208876,4099552219,66806307000,1000,66806307,8.20206444151424,4,https://www.dhlottery.co.kr/lt645/selectPstLt645InfoNew.do?srchDir=older&srchCursorLtEpsd=709,OFFICIAL_DHLOTTERY_AJAX_JSON
709,2016-07-02,10,18,30,36,39,44,32,14,16313802750,1165271625,65592504000,1000,65592504,8.05304122989886,3,https://www.dhlottery.co.kr/lt645/selectPstLt645InfoNew.do?srchDir=older&srchCursorLtEpsd=719,OFFICIAL_DHLOTTERY_AJAX_JSON
710,2016-07-09,3,4,9,24,25,33,10,5,14477205750,2895441150,65083972000,1000,65083972,7.99060682180365,5,https://www.dhlottery.co.kr/lt645/selectPstLt645InfoNew.do?srchDir=older&srchCursorLtEpsd=719,OFFICIAL_DHLOTTERY_AJAX_JSON
711,2016-07-16,11,15,24,35,37,45,42,7,15941893506,2277413358,66152746000,1000,66152746,8.12182427139886,3,https://www.dhlottery.co.kr/lt645/selectPstLt645InfoNew.do?srchDir=older&srchCursorLtEpsd=719,OFFICIAL_DHLOTTERY_AJAX_JSON
712,2016-07-23,17,20,30,31,33,45,19,4,16137940500,4034485125,66136318000,1000,66136318,8.11980734334676,4,https://www.dhlottery.co.kr/lt645/selectPstLt645InfoNew.do?srchDir=older&srchCursorLtEpsd=719,OFFICIAL_DHLOTTERY_AJAX_JSON
713,2016-07-30,2,5,15,18,19,23,44,9,15432488253,1714720917,64646552000,1000,64646552,7.93690310445841,6,https://www.dhlottery.co.kr/lt645/selectPstLt645InfoNew.do?srchDir=older&srchCursorLtEpsd=719,OFFICIAL_DHLOTTERY_AJAX_JSON
714,2016-08-06,1,7,22,33,37,40,20,7,14595922131,2085131733,64099989000,1000,64099989,7.86979948582331,3,https://www.dhlottery.co.kr/lt645/selectPstLt645InfoNew.do?srchDir=older&srchCursorLtEpsd=719,OFFICIAL_DHLOTTERY_AJAX_JSON
715,2016-08-13,2,7,27,33,41,44,10,6,15633062628,2605510438,65794607000,1000,65794607,8.07785418400847,3,https://www.dhlottery.co.kr/lt645/selectPstLt645InfoNew.do?srchDir=older&srchCursorLtEpsd=719,OFFICIAL_DHLOTTERY_AJAX_JSON
716,2016-08-20,2,6,13,16,29,30,21,12,16305025884,1358752157,67040169000,1000,67040169,8.23077656886506,6,https://www.dhlottery.co.kr/lt645/selectPstLt645InfoNew.do?srchDir=older&srchCursorLtEpsd=719,OFFICIAL_DHLOTTERY_AJAX_JSON
717,2016-08-27,2,11,19,25,28,32,44,6,16214602128,2702433688,68597839000,1000,68597839,8.42201764014016,5,https://www.dhlottery.co.kr/lt645/selectPstLt645InfoNew.do?srchDir=older&srchCursorLtEpsd=719,OFFICIAL_DHLOTTERY_AJAX_JSON
718,2016-09-03,4,11,20,23,32,39,40,17,15744829888,926166464,69400763000,1000,69400763,8.52059567394224,4,https://www.dhlottery.co.kr/lt645/selectPstLt645InfoNew.do?srchDir=older&srchCursorLtEpsd=719,OFFICIAL_DHLOTTERY_AJAX_JSON
719,2016-09-10,4,8,13,19,20,43,26,9,16916232006,1879581334,71378392000,1000,71378392,8.76339670917096,5,https://www.dhlottery.co.kr/lt645/selectPstLt645InfoNew.do?srchDir=older&srchCursorLtEpsd=729,OFFICIAL_DHLOTTERY_AJAX_JSON
720,2016-09-17,1,12,29,34,36,37,41,14,17272785012,1233770358,69939090000,1000,69939090,8.58668812752761,3,https://www.dhlottery.co.kr/lt645/selectPstLt645InfoNew.do?srchDir=older&srchCursorLtEpsd=729,OFFICIAL_DHLOTTERY_AJAX_JSON
721,2016-09-24,1,28,35,41,43,44,31,8,18190138880,2273767360,71627567000,1000,71627567,8.79398887178241,2,https://www.dhlottery.co.kr/lt645/selectPstLt645InfoNew.do?srchDir=older&srchCursorLtEpsd=729,OFFICIAL_DHLOTTERY_AJAX_JSON
722,2016-10-01,12,14,21,30,39,43,45,4,17461690876,4365422719,69446489000,1000,69446489,8.5262096289039,4,https://www.dhlottery.co.kr/lt645/selectPstLt645InfoNew.do?srchDir=older&srchCursorLtEpsd=729,OFFICIAL_DHLOTTERY_AJAX_JSON
723,2016-10-08,20,30,33,35,36,44,22,8,16914922880,2114365360,67750231000,1000,67750231,8.31795358168018,2,https://www.dhlottery.co.kr/lt645/selectPstLt645InfoNew.do?srchDir=older&srchCursorLtEpsd=729,OFFICIAL_DHLOTTERY_AJAX_JSON
724,2016-10-15,2,8,33,35,37,41,14,12,17133477756,1427789813,69987274000,1000,69987274,8.59260386049949,2,https://www.dhlottery.co.kr/lt645/selectPstLt645InfoNew.do?srchDir=older&srchCursorLtEpsd=729,OFFICIAL_DHLOTTERY_AJAX_JSON
725,2016-10-22,6,7,19,21,41,43,38,11,17371389750,1579217250,70208676000,1000,70208676,8.61978622625248,4,https://www.dhlottery.co.kr/lt645/selectPstLt645InfoNew.do?srchDir=older&srchCursorLtEpsd=729,OFFICIAL_DHLOTTERY_AJAX_JSON
726,2016-10-29,1,11,21,23,34,44,24,14,16336216876,1166872634,68799295000,1000,68799295,8.44675115959858,4,https://www.dhlottery.co.kr/lt645/selectPstLt645InfoNew.do?srchDir=older&srchCursorLtEpsd=729,OFFICIAL_DHLOTTERY_AJAX_JSON
727,2016-11-05,7,8,10,19,21,31,20,14,15611508388,1115107742,67559139000,1000,67559139,8.29449248992641,6,https://www.dhlottery.co.kr/lt645/selectPstLt645InfoNew.do?srchDir=older&srchCursorLtEpsd=729,OFFICIAL_DHLOTTERY_AJAX_JSON
728,2016-11-12,3,6,10,30,34,37,36,5,16217322000,3243464400,68306112000,1000,68306112,8.38620120662095,4,https://www.dhlottery.co.kr/lt645/selectPstLt645InfoNew.do?srchDir=older&srchCursorLtEpsd=729,OFFICIAL_DHLOTTERY_AJAX_JSON
729,2016-11-19,11,17,21,26,36,45,16,4,16793002876,4198250719,68784161000,1000,68784161,8.44489310084886,4,https://www.dhlottery.co.kr/lt645/selectPstLt645InfoNew.do?srchDir=older&srchCursorLtEpsd=739,OFFICIAL_DHLOTTERY_AJAX_JSON
730,2016-11-26,4,10,14,15,18,22,39,8,16139056880,2017382110,66934105000,1000,66934105,8.21775468811771,6,https://www.dhlottery.co.kr/lt645/selectPstLt645InfoNew.do?srchDir=older&srchCursorLtEpsd=739,OFFICIAL_DHLOTTERY_AJAX_JSON
731,2016-12-03,2,7,13,25,42,45,39,7,16383297378,2340471054,69239673000,1000,69239673,8.50081804185604,4,https://www.dhlottery.co.kr/lt645/selectPstLt645InfoNew.do?srchDir=older&srchCursorLtEpsd=739,OFFICIAL_DHLOTTERY_AJAX_JSON
732,2016-12-10,2,4,5,17,27,32,43,7,15422894256,2203270608,68645948000,1000,68645948,8.42792416507675,5,https://www.dhlottery.co.kr/lt645/selectPstLt645InfoNew.do?srchDir=older&srchCursorLtEpsd=739,OFFICIAL_DHLOTTERY_AJAX_JSON
733,2016-12-17,11,24,32,33,35,40,13,4,16066900500,4016725125,69321488000,1000,69321488,8.51086278063022,2,https://www.dhlottery.co.kr/lt645/selectPstLt645InfoNew.do?srchDir=older&srchCursorLtEpsd=739,OFFICIAL_DHLOTTERY_AJAX_JSON
734,2016-12-24,6,16,37,38,41,45,18,9,17544559500,1949395500,71457582000,1000,71457582,8.77311916670964,2,https://www.dhlottery.co.kr/lt645/selectPstLt645InfoNew.do?srchDir=older&srchCursorLtEpsd=739,OFFICIAL_DHLOTTERY_AJAX_JSON
735,2016-12-31,5,10,13,27,37,41,4,10,18472315880,1847231588,77488209000,1000,77488209,9.51352218399864,4,https://www.dhlottery.co.kr/lt645/selectPstLt645InfoNew.do?srchDir=older&srchCursorLtEpsd=739,OFFICIAL_DHLOTTERY_AJAX_JSON
736,2017-01-07,2,11,17,18,21,27,6,5,16986811125,3397362225,73510203000,1000,73510203,9.02512725504785,6,https://www.dhlottery.co.kr/lt645/selectPstLt645InfoNew.do?srchDir=older&srchCursorLtEpsd=739,OFFICIAL_DHLOTTERY_AJAX_JSON
737,2017-01-14,13,15,18,24,27,41,11,4,17132244000,4283061000,70775944000,1000,70775944,8.68943187649938,5,https://www.dhlottery.co.kr/lt645/selectPstLt645InfoNew.do?srchDir=older&srchCursorLtEpsd=739,OFFICIAL_DHLOTTERY_AJAX_JSON
738,2017-01-21,23,27,28,38,42,43,36,11,17976102001,1634191091,71768122000,1000,71768122,8.81124534380348,3,https://www.dhlottery.co.kr/lt645/selectPstLt645InfoNew.do?srchDir=older&srchCursorLtEpsd=739,OFFICIAL_DHLOTTERY_AJAX_JSON
739,2017-01-28,7,22,29,33,34,35,30,4,18976489128,4744122282,77999661000,1000,77999661,9.57631509160153,3,https://www.dhlottery.co.kr/lt645/selectPstLt645InfoNew.do?srchDir=older&srchCursorLtEpsd=749,OFFICIAL_DHLOTTERY_AJAX_JSON
740,2017-02-04,4,8,9,16,17,19,31,18,16864736256,936929792,75186520000,1000,75186520,9.23093506984602,6,https://www.dhlottery.co.kr/lt645/selectPstLt645InfoNew.do?srchDir=older&srchCursorLtEpsd=749,OFFICIAL_DHLOTTERY_AJAX_JSON
741,2017-02-11,5,21,27,34,44,45,16,6,18261575628,3043595938,74392585000,1000,74392585,9.13346064976808,3,https://www.dhlottery.co.kr/lt645/selectPstLt645InfoNew.do?srchDir=older&srchCursorLtEpsd=749,OFFICIAL_DHLOTTERY_AJAX_JSON
742,2017-02-18,8,10,13,36,37,40,6,16,17789037008,1111814813,73857792000,1000,73857792,9.06780207880605,3,https://www.dhlottery.co.kr/lt645/selectPstLt645InfoNew.do?srchDir=older&srchCursorLtEpsd=749,OFFICIAL_DHLOTTERY_AJAX_JSON
743,2017-02-25,15,19,21,34,41,44,10,7,18260487000,2608641000,73436852000,1000,73436852,9.01612167375072,3,https://www.dhlottery.co.kr/lt645/selectPstLt645InfoNew.do?srchDir=older&srchCursorLtEpsd=749,OFFICIAL_DHLOTTERY_AJAX_JSON
744,2017-03-04,10,15,18,21,34,41,43,15,17331173625,1155411575,73507293000,1000,73507293,9.02476998327821,4,https://www.dhlottery.co.kr/lt645/selectPstLt645InfoNew.do?srchDir=older&srchCursorLtEpsd=749,OFFICIAL_DHLOTTERY_AJAX_JSON
745,2017-03-11,1,2,3,9,12,23,10,20,14936459640,746822982,73575119000,1000,73575119,9.03309723930824,6,https://www.dhlottery.co.kr/lt645/selectPstLt645InfoNew.do?srchDir=older&srchCursorLtEpsd=749,OFFICIAL_DHLOTTERY_AJAX_JSON
746,2017-03-18,3,12,33,36,42,45,25,9,18347613381,2038623709,74239579000,1000,74239579,9.11467552111341,2,https://www.dhlottery.co.kr/lt645/selectPstLt645InfoNew.do?srchDir=older&srchCursorLtEpsd=749,OFFICIAL_DHLOTTERY_AJAX_JSON
747,2017-03-25,7,9,12,14,23,28,17,9,17128931256,1903214584,73337880000,1000,73337880,9.00397050482133,6,https://www.dhlottery.co.kr/lt645/selectPstLt645InfoNew.do?srchDir=older&srchCursorLtEpsd=749,OFFICIAL_DHLOTTERY_AJAX_JSON
748,2017-04-01,3,10,13,22,31,32,29,9,17354218878,1928246542,72750277000,1000,72750277,8.93182824927011,5,https://www.dhlottery.co.kr/lt645/selectPstLt645InfoNew.do?srchDir=older&srchCursorLtEpsd=749,OFFICIAL_DHLOTTERY_AJAX_JSON
749,2017-04-08,12,14,24,26,34,45,41,13,17551357135,1350104395,72252889000,1000,72252889,8.87076203244666,4,https://www.dhlottery.co.kr/lt645/selectPstLt645InfoNew.do?srchDir=older&srchCursorLtEpsd=759,OFFICIAL_DHLOTTERY_AJAX_JSON
750,2017-04-15,1,2,15,19,24,36,12,7,17654730002,2522104286,72248100000,1000,72248100,8.87017406869931,5,https://www.dhlottery.co.kr/lt645/selectPstLt645InfoNew.do?srchDir=older&srchCursorLtEpsd=759,OFFICIAL_DHLOTTERY_AJAX_JSON
751,2017-04-22,3,4,16,20,28,44,17,8,16783744880,2097968110,71534233000,1000,71534233,8.78252990155996,5,https://www.dhlottery.co.kr/lt645/selectPstLt645InfoNew.do?srchDir=older&srchCursorLtEpsd=759,OFFICIAL_DHLOTTERY_AJAX_JSON
752,2017-04-29,4,16,20,33,40,43,7,9,16833229506,1870358834,71600822000,1000,71600822,8.79070528639445,3,https://www.dhlottery.co.kr/lt645/selectPstLt645InfoNew.do?srchDir=older&srchCursorLtEpsd=759,OFFICIAL_DHLOTTERY_AJAX_JSON
753,2017-05-06,2,17,19,24,37,41,3,6,16266630378,2711105063,68915001000,1000,68915001,8.46095682536409,4,https://www.dhlottery.co.kr/lt645/selectPstLt645InfoNew.do?srchDir=older&srchCursorLtEpsd=759,OFFICIAL_DHLOTTERY_AJAX_JSON
754,2017-05-13,2,8,17,24,29,31,32,5,17137710000,3427542000,70765850000,1000,70765850,8.68819259772181,6,https://www.dhlottery.co.kr/lt645/selectPstLt645InfoNew.do?srchDir=older&srchCursorLtEpsd=759,OFFICIAL_DHLOTTERY_AJAX_JSON
755,2017-05-20,13,14,26,28,30,36,37,8,17715418128,2214427266,71300635000,1000,71300635,8.75385018649341,5,https://www.dhlottery.co.kr/lt645/selectPstLt645InfoNew.do?srchDir=older&srchCursorLtEpsd=759,OFFICIAL_DHLOTTERY_AJAX_JSON
756,2017-05-27,10,14,16,18,27,28,4,5,17072173500,3414434700,70992946000,1000,70992946,8.71607403751476,6,https://www.dhlottery.co.kr/lt645/selectPstLt645InfoNew.do?srchDir=older&srchCursorLtEpsd=759,OFFICIAL_DHLOTTERY_AJAX_JSON
757,2017-06-03,6,7,11,17,33,44,1,21,15536637018,739839858,71053002000,1000,71053002,8.72344734108773,4,https://www.dhlottery.co.kr/lt645/selectPstLt645InfoNew.do?srchDir=older&srchCursorLtEpsd=759,OFFICIAL_DHLOTTERY_AJAX_JSON
758,2017-06-10,5,9,12,30,39,43,24,8,16631759632,2078969954,71764259000,1000,71764259,8.81077106859864,4,https://www.dhlottery.co.kr/lt645/selectPstLt645InfoNew.do?srchDir=older&srchCursorLtEpsd=759,OFFICIAL_DHLOTTERY_AJAX_JSON
759,2017-06-17,9,33,36,40,42,43,32,6,18196023000,3032670500,72632208000,1000,72632208,8.91733246900575,1,https://www.dhlottery.co.kr/lt645/selectPstLt645InfoNew.do?srchDir=older&srchCursorLtEpsd=769,OFFICIAL_DHLOTTERY_AJAX_JSON
760,2017-06-24,10,22,27,31,42,43,12,8,18026395128,2253299391,72200797000,1000,72200797,8.86436649944875,4,https://www.dhlottery.co.kr/lt645/selectPstLt645InfoNew.do?srchDir=older&srchCursorLtEpsd=769,OFFICIAL_DHLOTTERY_AJAX_JSON
761,2017-07-01,4,7,11,24,42,45,30,7,16749113626,2392730518,71415903000,1000,71415903,8.76800207733276,4,https://www.dhlottery.co.kr/lt645/selectPstLt645InfoNew.do?srchDir=older&srchCursorLtEpsd=769,OFFICIAL_DHLOTTERY_AJAX_JSON
762,2017-07-08,1,3,12,21,26,41,16,10,16314320630,1631432063,70558895000,1000,70558895,8.6627839451152,5,https://www.dhlottery.co.kr/lt645/selectPstLt645InfoNew.do?srchDir=older&srchCursorLtEpsd=769,OFFICIAL_DHLOTTERY_AJAX_JSON
763,2017-07-15,3,8,16,32,34,43,10,8,17105040000,2138130000,70652100000,1000,70652100,8.67422707751692,3,https://www.dhlottery.co.kr/lt645/selectPstLt645InfoNew.do?srchDir=older&srchCursorLtEpsd=769,OFFICIAL_DHLOTTERY_AJAX_JSON
764,2017-07-22,7,22,24,31,34,36,15,7,17219828255,2459975465,70318932000,1000,70318932,8.63332277478619,4,https://www.dhlottery.co.kr/lt645/selectPstLt645InfoNew.do?srchDir=older&srchCursorLtEpsd=769,OFFICIAL_DHLOTTERY_AJAX_JSON
765,2017-07-29,1,3,8,12,42,43,33,15,16638213750,1109214250,70972360000,1000,70972360,8.71354661598564,4,https://www.dhlottery.co.kr/lt645/selectPstLt645InfoNew.do?srchDir=older&srchCursorLtEpsd=769,OFFICIAL_DHLOTTERY_AJAX_JSON
766,2017-08-05,9,30,34,35,39,41,21,8,17389098376,2173637297,69500769000,1000,69500769,8.53287379098497,2,https://www.dhlottery.co.kr/lt645/selectPstLt645InfoNew.do?srchDir=older&srchCursorLtEpsd=769,OFFICIAL_DHLOTTERY_AJAX_JSON
767,2017-08-12,5,15,20,31,34,42,22,15,17456530875,1163768725,71285599000,1000,71285599,8.75200415957648,4,https://www.dhlottery.co.kr/lt645/selectPstLt645InfoNew.do?srchDir=older&srchCursorLtEpsd=769,OFFICIAL_DHLOTTERY_AJAX_JSON
768,2017-08-19,7,27,29,30,38,44,4,13,17726439380,1363572260,72306975000,1000,72306975,8.87740237640975,4,https://www.dhlottery.co.kr/lt645/selectPstLt645InfoNew.do?srchDir=older&srchCursorLtEpsd=769,OFFICIAL_DHLOTTERY_AJAX_JSON
769,2017-08-26,5,7,11,16,41,45,4,9,17376840378,1930760042,72873431000,1000,72873431,8.9469483343278,4,https://www.dhlottery.co.kr/lt645/selectPstLt645InfoNew.do?srchDir=older&srchCursorLtEpsd=779,OFFICIAL_DHLOTTERY_AJAX_JSON
770,2017-09-02,1,9,12,23,39,43,34,8,17304794632,2163099329,74166379000,1000,74166379,9.10568847866069,4,https://www.dhlottery.co.kr/lt645/selectPstLt645InfoNew.do?srchDir=older&srchCursorLtEpsd=779,OFFICIAL_DHLOTTERY_AJAX_JSON
771,2017-09-09,6,10,17,18,21,29,30,4,17450579628,4362644907,73545939000,1000,73545939,9.02951469970755,6,https://www.dhlottery.co.kr/lt645/selectPstLt645InfoNew.do?srchDir=older&srchCursorLtEpsd=779,OFFICIAL_DHLOTTERY_AJAX_JSON
772,2017-09-16,5,6,11,14,21,41,32,10,17696088380,1769608838,74375369000,1000,74375369,9.13134697595843,5,https://www.dhlottery.co.kr/lt645/selectPstLt645InfoNew.do?srchDir=older&srchCursorLtEpsd=779,OFFICIAL_DHLOTTERY_AJAX_JSON
773,2017-09-23,8,12,19,21,31,35,44,11,17703433880,1609403080,74560597000,1000,74560597,9.15408812212556,5,https://www.dhlottery.co.kr/lt645/selectPstLt645InfoNew.do?srchDir=older&srchCursorLtEpsd=779,OFFICIAL_DHLOTTERY_AJAX_JSON
774,2017-09-30,12,15,18,28,34,42,9,11,18806936632,1709721512,77347021000,1000,77347021,9.49618799615964,4,https://www.dhlottery.co.kr/lt645/selectPstLt645InfoNew.do?srchDir=older&srchCursorLtEpsd=779,OFFICIAL_DHLOTTERY_AJAX_JSON
775,2017-10-07,11,12,29,33,38,42,17,5,17352188250,3470437650,70795452000,1000,70795452,8.69182694786779,3,https://www.dhlottery.co.kr/lt645/selectPstLt645InfoNew.do?srchDir=older&srchCursorLtEpsd=779,OFFICIAL_DHLOTTERY_AJAX_JSON
776,2017-10-14,8,9,18,21,28,40,20,7,17903055751,2557579393,74826082000,1000,74826082,9.18668272548023,5,https://www.dhlottery.co.kr/lt645/selectPstLt645InfoNew.do?srchDir=older&srchCursorLtEpsd=779,OFFICIAL_DHLOTTERY_AJAX_JSON
777,2017-10-21,6,12,17,21,34,37,18,21,17502828756,833468036,75534360000,1000,75534360,9.27364070982902,4,https://www.dhlottery.co.kr/lt645/selectPstLt645InfoNew.do?srchDir=older&srchCursorLtEpsd=779,OFFICIAL_DHLOTTERY_AJAX_JSON
778,2017-10-28,6,21,35,36,37,41,11,3,18792208500,6264069500,75075606000,1000,75075606,9.21731773614927,2,https://www.dhlottery.co.kr/lt645/selectPstLt645InfoNew.do?srchDir=older&srchCursorLtEpsd=779,OFFICIAL_DHLOTTERY_AJAX_JSON
779,2017-11-04,6,12,19,24,34,41,4,11,16804802256,1527709296,73773676000,1000,73773676,9.05747483750887,4,https://www.dhlottery.co.kr/lt645/selectPstLt645InfoNew.do?srchDir=older&srchCursorLtEpsd=789,OFFICIAL_DHLOTTERY_AJAX_JSON
780,2017-11-11,15,17,19,21,27,45,16,11,18342721507,1667520137,74232084000,1000,74232084,9.11375533145244,5,https://www.dhlottery.co.kr/lt645/selectPstLt645InfoNew.do?srchDir=older&srchCursorLtEpsd=789,OFFICIAL_DHLOTTERY_AJAX_JSON
781,2017-11-18,11,16,18,19,24,39,43,9,16946023878,1882891542,72483157000,1000,72483157,8.8990329107459,5,https://www.dhlottery.co.kr/lt645/selectPstLt645InfoNew.do?srchDir=older&srchCursorLtEpsd=789,OFFICIAL_DHLOTTERY_AJAX_JSON
782,2017-11-25,6,18,31,34,38,45,20,9,17518388625,1946487625,72253973000,1000,72253973,8.8708951192502,3,https://www.dhlottery.co.kr/lt645/selectPstLt645InfoNew.do?srchDir=older&srchCursorLtEpsd=789,OFFICIAL_DHLOTTERY_AJAX_JSON
783,2017-12-02,14,15,16,17,38,45,36,4,18415858500,4603964625,73525256000,1000,73525256,9.02697536911944,4,https://www.dhlottery.co.kr/lt645/selectPstLt645InfoNew.do?srchDir=older&srchCursorLtEpsd=789,OFFICIAL_DHLOTTERY_AJAX_JSON
784,2017-12-09,3,10,23,24,31,39,22,9,17178102000,1908678000,74311382000,1000,74311382,9.12349104856195,5,https://www.dhlottery.co.kr/lt645/selectPstLt645InfoNew.do?srchDir=older&srchCursorLtEpsd=789,OFFICIAL_DHLOTTERY_AJAX_JSON
785,2017-12-16,4,6,15,25,26,33,40,6,17319736128,2886622688,72974563000,1000,72974563,8.95936469467383,5,https://www.dhlottery.co.kr/lt645/selectPstLt645InfoNew.do?srchDir=older&srchCursorLtEpsd=789,OFFICIAL_DHLOTTERY_AJAX_JSON
786,2017-12-23,12,15,16,20,24,30,38,4,18205461000,4551365250,75930156000,1000,75930156,9.32223409035661,6,https://www.dhlottery.co.kr/lt645/selectPstLt645InfoNew.do?srchDir=older&srchCursorLtEpsd=789,OFFICIAL_DHLOTTERY_AJAX_JSON
787,2017-12-30,5,6,13,16,27,28,9,6,18552649878,3092108313,79593923000,1000,79593923,9.77204870191257,6,https://www.dhlottery.co.kr/lt645/selectPstLt645InfoNew.do?srchDir=older&srchCursorLtEpsd=789,OFFICIAL_DHLOTTERY_AJAX_JSON
788,2018-01-06,2,10,11,19,35,39,29,13,18219177002,1401475154,78121882000,1000,78121882,9.5913206287001,4,https://www.dhlottery.co.kr/lt645/selectPstLt645InfoNew.do?srchDir=older&srchCursorLtEpsd=789,OFFICIAL_DHLOTTERY_AJAX_JSON
789,2018-01-13,2,6,7,12,19,45,38,15,17114652375,1140976825,76136603000,1000,76136603,9.34758037387079,5,https://www.dhlottery.co.kr/lt645/selectPstLt645InfoNew.do?srchDir=older&srchCursorLtEpsd=799,OFFICIAL_DHLOTTERY_AJAX_JSON
790,2018-01-20,3,8,19,27,30,41,12,16,18568260384,1160516274,78978881000,1000,78978881,9.69653765595342,5,https://www.dhlottery.co.kr/lt645/selectPstLt645InfoNew.do?srchDir=older&srchCursorLtEpsd=799,OFFICIAL_DHLOTTERY_AJAX_JSON
791,2018-01-27,2,10,12,31,33,42,32,14,17543146502,1253081893,74205844000,1000,74205844,9.11053374683551,4,https://www.dhlottery.co.kr/lt645/selectPstLt645InfoNew.do?srchDir=older&srchCursorLtEpsd=799,OFFICIAL_DHLOTTERY_AJAX_JSON
792,2018-02-03,2,7,19,25,29,36,16,7,18590157376,2655736768,76339003000,1000,76339003,9.37242979180018,5,https://www.dhlottery.co.kr/lt645/selectPstLt645InfoNew.do?srchDir=older&srchCursorLtEpsd=799,OFFICIAL_DHLOTTERY_AJAX_JSON
793,2018-02-10,10,15,21,35,38,43,31,5,18750733875,3750146775,76177477000,1000,76177477,9.35259863033544,3,https://www.dhlottery.co.kr/lt645/selectPstLt645InfoNew.do?srchDir=older&srchCursorLtEpsd=799,OFFICIAL_DHLOTTERY_AJAX_JSON
794,2018-02-17,6,7,18,19,30,38,13,7,18556582128,2650940304,79941579000,1000,79941579,9.81473175151564,5,https://www.dhlottery.co.kr/lt645/selectPstLt645InfoNew.do?srchDir=older&srchCursorLtEpsd=799,OFFICIAL_DHLOTTERY_AJAX_JSON
795,2018-02-24,3,10,13,26,34,38,36,11,18864747000,1714977000,79661342000,1000,79661342,9.78032598900438,4,https://www.dhlottery.co.kr/lt645/selectPstLt645InfoNew.do?srchDir=older&srchCursorLtEpsd=799,OFFICIAL_DHLOTTERY_AJAX_JSON
796,2018-03-03,1,21,26,36,40,41,5,7,19344432380,2763490340,77685943000,1000,77685943,9.53779873935858,3,https://www.dhlottery.co.kr/lt645/selectPstLt645InfoNew.do?srchDir=older&srchCursorLtEpsd=799,OFFICIAL_DHLOTTERY_AJAX_JSON
797,2018-03-10,5,22,31,32,39,45,36,8,19176225000,2397028125,77339940000,1000,77339940,9.49531863485352,3,https://www.dhlottery.co.kr/lt645/selectPstLt645InfoNew.do?srchDir=older&srchCursorLtEpsd=799,OFFICIAL_DHLOTTERY_AJAX_JSON
798,2018-03-17,2,10,14,22,32,36,41,7,18975543377,2710791911,77038759000,1000,77038759,9.4583414977913,4,https://www.dhlottery.co.kr/lt645/selectPstLt645InfoNew.do?srchDir=older&srchCursorLtEpsd=799,OFFICIAL_DHLOTTERY_AJAX_JSON
799,2018-03-24,12,17,23,34,42,45,33,10,18264272250,1826427225,76708986000,1000,76708986,9.41785401212514,3,https://www.dhlottery.co.kr/lt645/selectPstLt645InfoNew.do?srchDir=older&srchCursorLtEpsd=809,OFFICIAL_DHLOTTERY_AJAX_JSON
800,2018-03-31,1,4,10,12,28,45,26,11,17954708255,1632246205,76994062000,1000,76994062,9.45285387707396,5,https://www.dhlottery.co.kr/lt645/selectPstLt645InfoNew.do?srchDir=older&srchCursorLtEpsd=809,OFFICIAL_DHLOTTERY_AJAX_JSON
801,2018-04-07,17,25,28,37,43,44,2,8,18054293256,2256786657,74034792000,1000,74034792,9.08953304211387,3,https://www.dhlottery.co.kr/lt645/selectPstLt645InfoNew.do?srchDir=older&srchCursorLtEpsd=809,OFFICIAL_DHLOTTERY_AJAX_JSON
802,2018-04-14,10,11,12,18,24,42,27,16,17327167888,1082947993,75146781000,1000,75146781,9.2260561616489,5,https://www.dhlottery.co.kr/lt645/selectPstLt645InfoNew.do?srchDir=older&srchCursorLtEpsd=809,OFFICIAL_DHLOTTERY_AJAX_JSON
803,2018-04-21,5,9,14,26,30,43,2,5,18319051125,3663810225,75670793000,1000,75670793,9.29039110823002,5,https://www.dhlottery.co.kr/lt645/selectPstLt645InfoNew.do?srchDir=older&srchCursorLtEpsd=809,OFFICIAL_DHLOTTERY_AJAX_JSON
804,2018-04-28,1,10,13,26,32,36,9,11,17951961753,1631996523,74557028000,1000,74557028,9.15364994241909,4,https://www.dhlottery.co.kr/lt645/selectPstLt645InfoNew.do?srchDir=older&srchCursorLtEpsd=809,OFFICIAL_DHLOTTERY_AJAX_JSON
805,2018-05-05,3,12,13,18,31,32,42,4,17064247876,4266061969,73065981000,1000,73065981,8.97058843028781,5,https://www.dhlottery.co.kr/lt645/selectPstLt645InfoNew.do?srchDir=older&srchCursorLtEpsd=809,OFFICIAL_DHLOTTERY_AJAX_JSON
806,2018-05-12,14,20,23,31,37,38,27,7,18485326125,2640760875,74030583000,1000,74030583,9.08901628717284,4,https://www.dhlottery.co.kr/lt645/selectPstLt645InfoNew.do?srchDir=older&srchCursorLtEpsd=809,OFFICIAL_DHLOTTERY_AJAX_JSON
807,2018-05-19,6,10,18,25,34,35,33,7,17063636254,2437662322,73831580000,1000,73831580,9.06458393185563,4,https://www.dhlottery.co.kr/lt645/selectPstLt645InfoNew.do?srchDir=older&srchCursorLtEpsd=809,OFFICIAL_DHLOTTERY_AJAX_JSON
808,2018-05-26,15,21,31,32,41,43,24,6,18525723000,3087620500,74911438000,1000,74911438,9.19716220629437,3,https://www.dhlottery.co.kr/lt645/selectPstLt645InfoNew.do?srchDir=older&srchCursorLtEpsd=809,OFFICIAL_DHLOTTERY_AJAX_JSON
809,2018-06-02,6,11,15,17,23,40,39,6,17528236500,2921372750,74214104000,1000,74214104,9.11154785845654,5,https://www.dhlottery.co.kr/lt645/selectPstLt645InfoNew.do?srchDir=older&srchCursorLtEpsd=819,OFFICIAL_DHLOTTERY_AJAX_JSON
810,2018-06-09,5,10,13,21,39,43,11,8,17852784376,2231598047,74388355000,1000,74388355,9.13294131657717,4,https://www.dhlottery.co.kr/lt645/selectPstLt645InfoNew.do?srchDir=older&srchCursorLtEpsd=819,OFFICIAL_DHLOTTERY_AJAX_JSON
811,2018-06-16,8,11,19,21,36,45,25,7,17669037379,2524148197,74570813000,1000,74570813,9.15534237930721,4,https://www.dhlottery.co.kr/lt645/selectPstLt645InfoNew.do?srchDir=older&srchCursorLtEpsd=819,OFFICIAL_DHLOTTERY_AJAX_JSON
812,2018-06-23,1,3,12,14,16,43,10,6,17687728500,2947954750,74147816000,1000,74147816,9.10340942853705,5,https://www.dhlottery.co.kr/lt645/selectPstLt645InfoNew.do?srchDir=older&srchCursorLtEpsd=819,OFFICIAL_DHLOTTERY_AJAX_JSON
813,2018-06-30,11,30,34,35,42,44,27,4,18367052628,4591763157,73394947000,1000,73394947,9.01097683749414,2,https://www.dhlottery.co.kr/lt645/selectPstLt645InfoNew.do?srchDir=older&srchCursorLtEpsd=819,OFFICIAL_DHLOTTERY_AJAX_JSON
814,2018-07-07,2,21,28,38,42,45,30,6,18403152378,3067192063,74316543000,1000,74316543,9.12412468416439,3,https://www.dhlottery.co.kr/lt645/selectPstLt645InfoNew.do?srchDir=older&srchCursorLtEpsd=819,OFFICIAL_DHLOTTERY_AJAX_JSON
815,2018-07-14,17,21,25,26,27,36,4,7,18058987506,2579855358,73416400000,1000,73416400,9.01361070391133,5,https://www.dhlottery.co.kr/lt645/selectPstLt645InfoNew.do?srchDir=older&srchCursorLtEpsd=819,OFFICIAL_DHLOTTERY_AJAX_JSON
816,2018-07-21,12,18,19,29,31,39,7,8,17024863504,2128107938,72397826000,1000,72397826,8.88855649927686,5,https://www.dhlottery.co.kr/lt645/selectPstLt645InfoNew.do?srchDir=older&srchCursorLtEpsd=819,OFFICIAL_DHLOTTERY_AJAX_JSON
817,2018-07-28,3,9,12,13,25,43,34,9,16816296006,1868477334,72552766000,1000,72552766,8.90757907246847,5,https://www.dhlottery.co.kr/lt645/selectPstLt645InfoNew.do?srchDir=older&srchCursorLtEpsd=819,OFFICIAL_DHLOTTERY_AJAX_JSON
818,2018-08-04,14,15,25,28,29,30,3,13,17950456134,1380804318,71793353000,1000,71793353,8.81434304965218,6,https://www.dhlottery.co.kr/lt645/selectPstLt645InfoNew.do?srchDir=older&srchCursorLtEpsd=819,OFFICIAL_DHLOTTERY_AJAX_JSON
819,2018-08-11,16,25,33,38,40,45,15,7,18161743880,2594534840,74578907000,1000,74578907,9.15633611047678,2,https://www.dhlottery.co.kr/lt645/selectPstLt645InfoNew.do?srchDir=older&srchCursorLtEpsd=829,OFFICIAL_DHLOTTERY_AJAX_JSON
820,2018-08-18,10,21,22,30,35,42,6,4,18509254128,4627313532,75744571000,1000,75744571,9.29944911394146,4,https://www.dhlottery.co.kr/lt645/selectPstLt645InfoNew.do?srchDir=older&srchCursorLtEpsd=829,OFFICIAL_DHLOTTERY_AJAX_JSON
821,2018-08-25,1,12,13,24,29,44,16,14,18426183384,1316155956,76118239000,1000,76118239,9.34532575573415,5,https://www.dhlottery.co.kr/lt645/selectPstLt645InfoNew.do?srchDir=older&srchCursorLtEpsd=829,OFFICIAL_DHLOTTERY_AJAX_JSON
822,2018-09-01,9,18,20,24,27,36,12,3,17792695875,5930898625,75681739000,1000,75681739,9.29173499028859,5,https://www.dhlottery.co.kr/lt645/selectPstLt645InfoNew.do?srchDir=older&srchCursorLtEpsd=829,OFFICIAL_DHLOTTERY_AJAX_JSON
823,2018-09-08,12,18,24,26,39,40,15,9,18088595253,2009843917,77400124000,1000,77400124,9.50270765347339,4,https://www.dhlottery.co.kr/lt645/selectPstLt645InfoNew.do?srchDir=older&srchCursorLtEpsd=829,OFFICIAL_DHLOTTERY_AJAX_JSON
824,2018-09-15,7,9,24,29,34,38,26,15,18849698250,1256646550,78257422000,1000,78257422,9.60796139009412,4,https://www.dhlottery.co.kr/lt645/selectPstLt645InfoNew.do?srchDir=older&srchCursorLtEpsd=829,OFFICIAL_DHLOTTERY_AJAX_JSON
825,2018-09-22,8,15,21,31,33,38,42,12,19904526756,1658710563,82890578000,1000,82890578,10.1767915767349,4,https://www.dhlottery.co.kr/lt645/selectPstLt645InfoNew.do?srchDir=older&srchCursorLtEpsd=829,OFFICIAL_DHLOTTERY_AJAX_JSON
826,2018-09-29,13,16,24,25,33,36,42,9,18676728756,2075192084,78218740000,1000,78218740,9.60321225380783,4,https://www.dhlottery.co.kr/lt645/selectPstLt645InfoNew.do?srchDir=older&srchCursorLtEpsd=829,OFFICIAL_DHLOTTERY_AJAX_JSON
827,2018-10-06,5,11,12,29,33,44,14,15,18097505625,1206500375,76490125000,1000,76490125,9.39098361460812,4,https://www.dhlottery.co.kr/lt645/selectPstLt645InfoNew.do?srchDir=older&srchCursorLtEpsd=829,OFFICIAL_DHLOTTERY_AJAX_JSON
828,2018-10-13,4,7,13,29,31,39,18,13,18917417636,1455185972,77552827000,1000,77552827,9.52145558166545,5,https://www.dhlottery.co.kr/lt645/selectPstLt645InfoNew.do?srchDir=older&srchCursorLtEpsd=829,OFFICIAL_DHLOTTERY_AJAX_JSON
829,2018-10-20,4,5,31,35,43,45,29,8,19557205128,2444650641,77998807000,1000,77998807,9.57621024277292,3,https://www.dhlottery.co.kr/lt645/selectPstLt645InfoNew.do?srchDir=older&srchCursorLtEpsd=839,OFFICIAL_DHLOTTERY_AJAX_JSON
830,2018-10-27,5,6,16,18,37,38,17,9,18544758750,2060528750,77714000000,1000,77714000,9.54124340397738,4,https://www.dhlottery.co.kr/lt645/selectPstLt645InfoNew.do?srchDir=older&srchCursorLtEpsd=839,OFFICIAL_DHLOTTERY_AJAX_JSON
831,2018-11-03,3,10,16,19,31,39,9,16,17771236128,1110702258,77622753000,1000,77622753,9.53004066268388,5,https://www.dhlottery.co.kr/lt645/selectPstLt645InfoNew.do?srchDir=older&srchCursorLtEpsd=839,OFFICIAL_DHLOTTERY_AJAX_JSON
832,2018-11-10,13,14,19,26,40,43,30,9,18793841256,2088204584,77411900000,1000,77411900,9.50415343778929,4,https://www.dhlottery.co.kr/lt645/selectPstLt645InfoNew.do?srchDir=older&srchCursorLtEpsd=839,OFFICIAL_DHLOTTERY_AJAX_JSON
833,2018-11-17,12,18,30,39,41,42,19,8,18850538256,2356317282,77738402000,1000,77738402,9.54423933034256,3,https://www.dhlottery.co.kr/lt645/selectPstLt645InfoNew.do?srchDir=older&srchCursorLtEpsd=839,OFFICIAL_DHLOTTERY_AJAX_JSON
834,2018-11-24,6,8,18,35,42,43,3,11,18597630381,1690693671,75941791000,1000,75941791,9.32366256356614,3,https://www.dhlottery.co.kr/lt645/selectPstLt645InfoNew.do?srchDir=older&srchCursorLtEpsd=839,OFFICIAL_DHLOTTERY_AJAX_JSON
835,2018-12-01,9,10,13,28,38,45,35,15,18505216875,1233681125,77694435000,1000,77694435,9.53884133450214,4,https://www.dhlottery.co.kr/lt645/selectPstLt645InfoNew.do?srchDir=older&srchCursorLtEpsd=839,OFFICIAL_DHLOTTERY_AJAX_JSON
836,2018-12-08,1,9,11,14,26,28,19,14,17609811380,1257843670,74536697000,1000,74536697,9.15115382820998,6,https://www.dhlottery.co.kr/lt645/selectPstLt645InfoNew.do?srchDir=older&srchCursorLtEpsd=839,OFFICIAL_DHLOTTERY_AJAX_JSON
837,2018-12-15,2,25,28,30,33,45,6,6,18866694750,3144449125,76614176000,1000,76614176,9.406213827768,4,https://www.dhlottery.co.kr/lt645/selectPstLt645InfoNew.do?srchDir=older&srchCursorLtEpsd=839,OFFICIAL_DHLOTTERY_AJAX_JSON
838,2018-12-22,9,14,17,33,36,38,20,5,19068665250,3813733050,79414484000,1000,79414484,9.7500182932968,3,https://www.dhlottery.co.kr/lt645/selectPstLt645InfoNew.do?srchDir=older&srchCursorLtEpsd=839,OFFICIAL_DHLOTTERY_AJAX_JSON
839,2018-12-29,3,9,11,12,13,19,35,13,17672913752,1359454904,79219710000,1000,79219710,9.7261051483967,6,https://www.dhlottery.co.kr/lt645/selectPstLt645InfoNew.do?srchDir=older&srchCursorLtEpsd=849,OFFICIAL_DHLOTTERY_AJAX_JSON
840,2019-01-05,2,4,11,28,29,43,27,10,20429617880,2042961788,84057771000,1000,84057771,10.3200923013458,5,https://www.dhlottery.co.kr/lt645/selectPstLt645InfoNew.do?srchDir=older&srchCursorLtEpsd=849,OFFICIAL_DHLOTTERY_AJAX_JSON
841,2019-01-12,5,11,14,30,33,38,24,17,18973627138,1116095714,81580789000,1000,81580789,10.0159837987688,4,https://www.dhlottery.co.kr/lt645/selectPstLt645InfoNew.do?srchDir=older&srchCursorLtEpsd=849,OFFICIAL_DHLOTTERY_AJAX_JSON
842,2019-01-19,14,26,32,36,39,42,38,10,20354750250,2035475025,81957444000,1000,81957444,10.0622271659141,2,https://www.dhlottery.co.kr/lt645/selectPstLt645InfoNew.do?srchDir=older&srchCursorLtEpsd=849,OFFICIAL_DHLOTTERY_AJAX_JSON
843,2019-01-26,19,21,30,33,34,42,4,5,20064850500,4012970100,81857498000,1000,81857498,10.0499564152996,3,https://www.dhlottery.co.kr/lt645/selectPstLt645InfoNew.do?srchDir=older&srchCursorLtEpsd=849,OFFICIAL_DHLOTTERY_AJAX_JSON
844,2019-02-02,7,8,13,15,33,45,18,18,20933343756,1162963542,87805610000,1000,87805610,10.7802287521516,4,https://www.dhlottery.co.kr/lt645/selectPstLt645InfoNew.do?srchDir=older&srchCursorLtEpsd=849,OFFICIAL_DHLOTTERY_AJAX_JSON
845,2019-02-09,1,16,29,33,40,45,6,11,20803389002,1891217182,83884034000,1000,83884034,10.2987619489605,3,https://www.dhlottery.co.kr/lt645/selectPstLt645InfoNew.do?srchDir=older&srchCursorLtEpsd=849,OFFICIAL_DHLOTTERY_AJAX_JSON
846,2019-02-16,5,18,30,41,43,45,13,13,20759497135,1596884395,83936839000,1000,83936839,10.3052450196806,3,https://www.dhlottery.co.kr/lt645/selectPstLt645InfoNew.do?srchDir=older&srchCursorLtEpsd=849,OFFICIAL_DHLOTTERY_AJAX_JSON
847,2019-02-23,12,16,26,28,30,42,22,8,20166773256,2520846657,83782512000,1000,83782512,10.2862977068309,5,https://www.dhlottery.co.kr/lt645/selectPstLt645InfoNew.do?srchDir=older&srchCursorLtEpsd=849,OFFICIAL_DHLOTTERY_AJAX_JSON
848,2019-03-02,1,2,16,22,38,39,34,7,21081066006,3011580858,84523266000,1000,84523266,10.3772428932384,4,https://www.dhlottery.co.kr/lt645/selectPstLt645InfoNew.do?srchDir=older&srchCursorLtEpsd=849,OFFICIAL_DHLOTTERY_AJAX_JSON
849,2019-03-09,5,13,17,29,34,39,3,17,19690299011,1158252883,82333674000,1000,82333674,10.1084183541926,4,https://www.dhlottery.co.kr/lt645/selectPstLt645InfoNew.do?srchDir=older&srchCursorLtEpsd=859,OFFICIAL_DHLOTTERY_AJAX_JSON
850,2019-03-16,16,20,24,28,36,39,5,6,20265527250,3377587875,81474176000,1000,81474176,10.0028945152031,4,https://www.dhlottery.co.kr/lt645/selectPstLt645InfoNew.do?srchDir=older&srchCursorLtEpsd=859,OFFICIAL_DHLOTTERY_AJAX_JSON
851,2019-03-23,14,18,22,26,31,44,40,8,19869538504,2483692313,81099116000,1000,81099116,9.95684697227522,5,https://www.dhlottery.co.kr/lt645/selectPstLt645InfoNew.do?srchDir=older&srchCursorLtEpsd=859,OFFICIAL_DHLOTTERY_AJAX_JSON
852,2019-03-30,11,17,28,30,33,35,9,4,19206173628,4801543407,81470793000,1000,81470793,10.0024791714242,4,https://www.dhlottery.co.kr/lt645/selectPstLt645InfoNew.do?srchDir=older&srchCursorLtEpsd=859,OFFICIAL_DHLOTTERY_AJAX_JSON
853,2019-04-06,2,8,23,26,27,44,13,7,20195047502,2885006786,82244370000,1000,82244370,10.0974541624003,5,https://www.dhlottery.co.kr/lt645/selectPstLt645InfoNew.do?srchDir=older&srchCursorLtEpsd=859,OFFICIAL_DHLOTTERY_AJAX_JSON
854,2019-04-13,20,25,31,32,36,43,3,6,20530240500,3421706750,81823338000,1000,81823338,10.045762462155,3,https://www.dhlottery.co.kr/lt645/selectPstLt645InfoNew.do?srchDir=older&srchCursorLtEpsd=859,OFFICIAL_DHLOTTERY_AJAX_JSON
855,2019-04-20,8,15,17,19,43,44,7,9,20425594500,2269510500,82374732000,1000,82374732,10.1134592010372,4,https://www.dhlottery.co.kr/lt645/selectPstLt645InfoNew.do?srchDir=older&srchCursorLtEpsd=859,OFFICIAL_DHLOTTERY_AJAX_JSON
856,2019-04-27,10,24,40,41,43,44,17,5,19889637750,3977927550,80496424000,1000,80496424,9.88285218279546,2,https://www.dhlottery.co.kr/lt645/selectPstLt645InfoNew.do?srchDir=older&srchCursorLtEpsd=859,OFFICIAL_DHLOTTERY_AJAX_JSON
857,2019-05-04,6,10,16,28,34,38,43,15,19273731375,1284915425,80933117000,1000,80933117,9.93646664358519,4,https://www.dhlottery.co.kr/lt645/selectPstLt645InfoNew.do?srchDir=older&srchCursorLtEpsd=859,OFFICIAL_DHLOTTERY_AJAX_JSON
858,2019-05-11,9,13,32,38,39,43,23,9,19821127131,2202347459,81366889000,1000,81366889,9.98972248209344,2,https://www.dhlottery.co.kr/lt645/selectPstLt645InfoNew.do?srchDir=older&srchCursorLtEpsd=859,OFFICIAL_DHLOTTERY_AJAX_JSON
859,2019-05-18,8,22,35,38,39,41,24,11,20393202379,1853927489,80944223000,1000,80944223,9.9378301694524,2,https://www.dhlottery.co.kr/lt645/selectPstLt645InfoNew.do?srchDir=older&srchCursorLtEpsd=869,OFFICIAL_DHLOTTERY_AJAX_JSON
860,2019-05-25,4,8,18,25,27,32,42,10,18798998250,1879899825,81846672000,1000,81846672,10.0486272660975,5,https://www.dhlottery.co.kr/lt645/selectPstLt645InfoNew.do?srchDir=older&srchCursorLtEpsd=869,OFFICIAL_DHLOTTERY_AJAX_JSON
861,2019-06-01,11,17,19,21,22,25,24,4,19488435376,4872108844,81032551000,1000,81032551,9.94867453401203,6,https://www.dhlottery.co.kr/lt645/selectPstLt645InfoNew.do?srchDir=older&srchCursorLtEpsd=869,OFFICIAL_DHLOTTERY_AJAX_JSON
862,2019-06-08,10,34,38,40,42,43,32,9,19718304381,2190922709,80609005000,1000,80609005,9.89667418042347,1,https://www.dhlottery.co.kr/lt645/selectPstLt645InfoNew.do?srchDir=older&srchCursorLtEpsd=869,OFFICIAL_DHLOTTERY_AJAX_JSON
863,2019-06-15,16,21,28,35,39,43,12,7,19973501254,2853357322,81288540000,1000,81288540,9.98010327732392,3,https://www.dhlottery.co.kr/lt645/selectPstLt645InfoNew.do?srchDir=older&srchCursorLtEpsd=869,OFFICIAL_DHLOTTERY_AJAX_JSON
864,2019-06-22,3,7,10,13,25,36,32,11,18882090007,1716553637,82220290000,1000,82220290,10.0944977692,5,https://www.dhlottery.co.kr/lt645/selectPstLt645InfoNew.do?srchDir=older&srchCursorLtEpsd=869,OFFICIAL_DHLOTTERY_AJAX_JSON
865,2019-06-29,3,15,22,32,33,45,2,13,20172478885,1551729145,81748217000,1000,81748217,10.0365395712248,3,https://www.dhlottery.co.kr/lt645/selectPstLt645InfoNew.do?srchDir=older&srchCursorLtEpsd=869,OFFICIAL_DHLOTTERY_AJAX_JSON
866,2019-07-06,9,15,29,34,37,39,12,9,20163681000,2240409000,81961886000,1000,81961886,10.0627725271514,3,https://www.dhlottery.co.kr/lt645/selectPstLt645InfoNew.do?srchDir=older&srchCursorLtEpsd=869,OFFICIAL_DHLOTTERY_AJAX_JSON
867,2019-07-13,14,17,19,22,24,40,41,5,19668776250,3933755250,81607190000,1000,81607190,10.0192251499682,5,https://www.dhlottery.co.kr/lt645/selectPstLt645InfoNew.do?srchDir=older&srchCursorLtEpsd=869,OFFICIAL_DHLOTTERY_AJAX_JSON
868,2019-07-20,12,17,28,41,43,44,25,6,19402825500,3233804250,80549078000,1000,80549078,9.88931671467122,3,https://www.dhlottery.co.kr/lt645/selectPstLt645InfoNew.do?srchDir=older&srchCursorLtEpsd=869,OFFICIAL_DHLOTTERY_AJAX_JSON
869,2019-07-27,2,6,20,27,37,39,4,10,19225825880,1922582588,80268389000,1000,80268389,9.85485545840055,4,https://www.dhlottery.co.kr/lt645/selectPstLt645InfoNew.do?srchDir=older&srchCursorLtEpsd=879,OFFICIAL_DHLOTTERY_AJAX_JSON
870,2019-08-03,21,25,30,32,40,42,31,10,19288429880,1928842988,78688663000,1000,78688663,9.66090648810445,3,https://www.dhlottery.co.kr/lt645/selectPstLt645InfoNew.do?srchDir=older&srchCursorLtEpsd=879,OFFICIAL_DHLOTTERY_AJAX_JSON
871,2019-08-10,2,6,12,26,30,34,38,7,19026499506,2718071358,79527502000,1000,79527502,9.76389394307715,5,https://www.dhlottery.co.kr/lt645/selectPstLt645InfoNew.do?srchDir=older&srchCursorLtEpsd=879,OFFICIAL_DHLOTTERY_AJAX_JSON
872,2019-08-17,2,4,30,32,33,43,29,16,20203289264,1262705579,81002518000,1000,81002518,9.94498726835653,3,https://www.dhlottery.co.kr/lt645/selectPstLt645InfoNew.do?srchDir=older&srchCursorLtEpsd=879,OFFICIAL_DHLOTTERY_AJAX_JSON
873,2019-08-24,3,5,12,13,33,39,38,10,18745532250,1874553225,82375586000,1000,82375586,10.1135640498658,4,https://www.dhlottery.co.kr/lt645/selectPstLt645InfoNew.do?srchDir=older&srchCursorLtEpsd=879,OFFICIAL_DHLOTTERY_AJAX_JSON
874,2019-08-31,1,15,19,23,28,42,32,18,20108230506,1117123917,82990138000,1000,82990138,10.189014936661,5,https://www.dhlottery.co.kr/lt645/selectPstLt645InfoNew.do?srchDir=older&srchCursorLtEpsd=879,OFFICIAL_DHLOTTERY_AJAX_JSON
875,2019-09-07,19,22,30,34,39,44,36,14,19823254136,1415946724,80635281000,1000,80635281,9.89990018489735,3,https://www.dhlottery.co.kr/lt645/selectPstLt645InfoNew.do?srchDir=older&srchCursorLtEpsd=879,OFFICIAL_DHLOTTERY_AJAX_JSON
876,2019-09-14,5,16,21,26,34,42,24,19,20722499264,1090657856,85088368000,1000,85088368,10.4466226154258,4,https://www.dhlottery.co.kr/lt645/selectPstLt645InfoNew.do?srchDir=older&srchCursorLtEpsd=879,OFFICIAL_DHLOTTERY_AJAX_JSON
877,2019-09-21,5,17,18,22,23,43,12,12,20599286256,1716607188,84584730000,1000,84584730,10.3847890623273,5,https://www.dhlottery.co.kr/lt645/selectPstLt645InfoNew.do?srchDir=older&srchCursorLtEpsd=879,OFFICIAL_DHLOTTERY_AJAX_JSON
878,2019-09-28,2,6,11,16,25,31,3,6,19247961000,3207993500,84183676000,1000,84183676,10.3355501371383,6,https://www.dhlottery.co.kr/lt645/selectPstLt645InfoNew.do?srchDir=older&srchCursorLtEpsd=879,OFFICIAL_DHLOTTERY_AJAX_JSON
879,2019-10-05,1,4,10,14,15,35,20,6,19238167878,3206361313,83174251000,1000,83174251,10.2116191900367,5,https://www.dhlottery.co.kr/lt645/selectPstLt645InfoNew.do?srchDir=older&srchCursorLtEpsd=889,OFFICIAL_DHLOTTERY_AJAX_JSON
880,2019-10-12,7,17,19,23,24,45,38,7,19864673255,2837810465,83862502000,1000,83862502,10.2961183834128,5,https://www.dhlottery.co.kr/lt645/selectPstLt645InfoNew.do?srchDir=older&srchCursorLtEpsd=889,OFFICIAL_DHLOTTERY_AJAX_JSON
881,2019-10-19,4,18,20,26,27,32,9,8,20025698256,2503212282,84495552000,1000,84495552,10.3738403400343,5,https://www.dhlottery.co.kr/lt645/selectPstLt645InfoNew.do?srchDir=older&srchCursorLtEpsd=889,OFFICIAL_DHLOTTERY_AJAX_JSON
882,2019-10-26,18,34,39,43,44,45,23,5,20636352000,4127270400,84351602000,1000,84351602,10.3561670509487,1,https://www.dhlottery.co.kr/lt645/selectPstLt645InfoNew.do?srchDir=older&srchCursorLtEpsd=889,OFFICIAL_DHLOTTERY_AJAX_JSON
883,2019-11-02,9,18,32,33,37,44,22,15,20407792875,1360519525,85624171000,1000,85624171,10.5124051879299,2,https://www.dhlottery.co.kr/lt645/selectPstLt645InfoNew.do?srchDir=older&srchCursorLtEpsd=889,OFFICIAL_DHLOTTERY_AJAX_JSON
884,2019-11-09,4,14,23,28,37,45,17,12,21588927384,1799077282,86554613000,1000,86554613,10.6266390916703,4,https://www.dhlottery.co.kr/lt645/selectPstLt645InfoNew.do?srchDir=older&srchCursorLtEpsd=889,OFFICIAL_DHLOTTERY_AJAX_JSON
885,2019-11-16,1,3,24,27,39,45,31,13,20069823384,1543832568,83396319000,1000,83396319,10.2388833231431,4,https://www.dhlottery.co.kr/lt645/selectPstLt645InfoNew.do?srchDir=older&srchCursorLtEpsd=889,OFFICIAL_DHLOTTERY_AJAX_JSON
886,2019-11-23,19,23,28,37,42,45,2,7,20822506502,2974643786,84186094000,1000,84186094,10.3358470041964,3,https://www.dhlottery.co.kr/lt645/selectPstLt645InfoNew.do?srchDir=older&srchCursorLtEpsd=889,OFFICIAL_DHLOTTERY_AJAX_JSON
887,2019-11-30,8,14,17,27,36,45,10,8,20282149504,2535268688,84416872000,1000,84416872,10.3641804971357,4,https://www.dhlottery.co.kr/lt645/selectPstLt645InfoNew.do?srchDir=older&srchCursorLtEpsd=889,OFFICIAL_DHLOTTERY_AJAX_JSON
888,2019-12-07,3,7,12,31,34,38,32,8,18962873632,2370359204,82777313000,1000,82777313,10.1628856018249,4,https://www.dhlottery.co.kr/lt645/selectPstLt645InfoNew.do?srchDir=older&srchCursorLtEpsd=889,OFFICIAL_DHLOTTERY_AJAX_JSON
889,2019-12-14,3,13,29,38,39,42,26,10,21089869500,2108986950,86734222000,1000,86734222,10.6486903718327,3,https://www.dhlottery.co.kr/lt645/selectPstLt645InfoNew.do?srchDir=older&srchCursorLtEpsd=899,OFFICIAL_DHLOTTERY_AJAX_JSON
890,2019-12-21,1,4,14,18,29,37,6,9,21019375503,2335486167,86693498000,1000,86693498,10.6436905314387,5,https://www.dhlottery.co.kr/lt645/selectPstLt645InfoNew.do?srchDir=older&srchCursorLtEpsd=899,OFFICIAL_DHLOTTERY_AJAX_JSON
891,2019-12-28,9,13,28,31,39,41,19,7,21578717629,3082673947,89742677000,1000,89742677,11.0180498363425,4,https://www.dhlottery.co.kr/lt645/selectPstLt645InfoNew.do?srchDir=older&srchCursorLtEpsd=899,OFFICIAL_DHLOTTERY_AJAX_JSON
892,2020-01-04,4,9,17,18,26,42,36,17,21794296888,1282017464,93091115000,1000,93091115,11.4291503070573,5,https://www.dhlottery.co.kr/lt645/selectPstLt645InfoNew.do?srchDir=older&srchCursorLtEpsd=899,OFFICIAL_DHLOTTERY_AJAX_JSON
893,2020-01-11,1,15,17,23,25,41,10,9,21396902625,2377433625,87661567000,1000,87661567,10.7625440451022,5,https://www.dhlottery.co.kr/lt645/selectPstLt645InfoNew.do?srchDir=older&srchCursorLtEpsd=899,OFFICIAL_DHLOTTERY_AJAX_JSON
894,2020-01-18,19,32,37,40,41,43,45,9,21401423631,2377935959,88465183000,1000,88465183,10.8612070383766,1,https://www.dhlottery.co.kr/lt645/selectPstLt645InfoNew.do?srchDir=older&srchCursorLtEpsd=899,OFFICIAL_DHLOTTERY_AJAX_JSON
895,2020-01-25,16,26,31,38,39,41,23,12,23136950628,1928079219,96962255000,1000,96962255,11.9044248906699,3,https://www.dhlottery.co.kr/lt645/selectPstLt645InfoNew.do?srchDir=older&srchCursorLtEpsd=899,OFFICIAL_DHLOTTERY_AJAX_JSON
896,2020-02-01,5,12,25,26,38,45,23,7,21372554252,3053222036,90461998000,1000,90461998,11.1063636118089,4,https://www.dhlottery.co.kr/lt645/selectPstLt645InfoNew.do?srchDir=older&srchCursorLtEpsd=899,OFFICIAL_DHLOTTERY_AJAX_JSON
897,2020-02-08,6,7,12,22,26,36,29,13,21058992760,1619922520,88231474000,1000,88231474,10.8325136954178,5,https://www.dhlottery.co.kr/lt645/selectPstLt645InfoNew.do?srchDir=older&srchCursorLtEpsd=899,OFFICIAL_DHLOTTERY_AJAX_JSON
898,2020-02-15,18,21,28,35,37,42,17,8,21114505880,2639313235,90067839000,1000,90067839,11.0579712119984,3,https://www.dhlottery.co.kr/lt645/selectPstLt645InfoNew.do?srchDir=older&srchCursorLtEpsd=899,OFFICIAL_DHLOTTERY_AJAX_JSON
899,2020-02-22,8,19,20,21,33,39,37,6,20156136378,3359356063,85877347000,1000,85877347,10.5434885685311,4,https://www.dhlottery.co.kr/lt645/selectPstLt645InfoNew.do?srchDir=older&srchCursorLtEpsd=909,OFFICIAL_DHLOTTERY_AJAX_JSON
900,2020-02-29,7,13,16,18,35,38,14,6,20099108250,3349851375,83639372000,1000,83639372,10.2687238645265,4,https://www.dhlottery.co.kr/lt645/selectPstLt645InfoNew.do?srchDir=older&srchCursorLtEpsd=909,OFFICIAL_DHLOTTERY_AJAX_JSON
901,2020-03-07,5,18,20,23,30,34,21,9,20411772003,2267974667,84783962000,1000,84783962,10.4092495328457,5,https://www.dhlottery.co.kr/lt645/selectPstLt645InfoNew.do?srchDir=older&srchCursorLtEpsd=909,OFFICIAL_DHLOTTERY_AJAX_JSON
902,2020-03-14,7,19,23,24,36,39,30,13,21051127877,1619317529,87501981000,1000,87501981,10.7429510648172,4,https://www.dhlottery.co.kr/lt645/selectPstLt645InfoNew.do?srchDir=older&srchCursorLtEpsd=909,OFFICIAL_DHLOTTERY_AJAX_JSON
903,2020-03-21,2,15,16,21,22,28,45,13,21899568756,1684582212,88625160000,1000,88625160,10.880848023219,6,https://www.dhlottery.co.kr/lt645/selectPstLt645InfoNew.do?srchDir=older&srchCursorLtEpsd=909,OFFICIAL_DHLOTTERY_AJAX_JSON
904,2020-03-28,2,6,8,26,43,45,11,8,21744622504,2718077813,88938220000,1000,88938220,10.9192835902989,4,https://www.dhlottery.co.kr/lt645/selectPstLt645InfoNew.do?srchDir=older&srchCursorLtEpsd=909,OFFICIAL_DHLOTTERY_AJAX_JSON
905,2020-04-04,3,4,16,27,38,40,20,7,21125037752,3017862536,90357634000,1000,90357634,11.0935504465283,4,https://www.dhlottery.co.kr/lt645/selectPstLt645InfoNew.do?srchDir=older&srchCursorLtEpsd=909,OFFICIAL_DHLOTTERY_AJAX_JSON
906,2020-04-11,2,5,14,28,31,32,20,9,22253465250,2472607250,90948274000,1000,90948274,11.1660655661223,5,https://www.dhlottery.co.kr/lt645/selectPstLt645InfoNew.do?srchDir=older&srchCursorLtEpsd=909,OFFICIAL_DHLOTTERY_AJAX_JSON
907,2020-04-18,21,27,29,38,40,44,37,7,22155413252,3165059036,89331282000,1000,89331282,10.9675413072464,3,https://www.dhlottery.co.kr/lt645/selectPstLt645InfoNew.do?srchDir=older&srchCursorLtEpsd=909,OFFICIAL_DHLOTTERY_AJAX_JSON
908,2020-04-25,3,16,21,22,23,44,30,8,22678849128,2834856141,89923601000,1000,89923601,11.0402625640572,5,https://www.dhlottery.co.kr/lt645/selectPstLt645InfoNew.do?srchDir=older&srchCursorLtEpsd=909,OFFICIAL_DHLOTTERY_AJAX_JSON
909,2020-05-02,7,24,29,30,34,35,33,11,22231691625,2021062875,89543261000,1000,89543261,10.9935667754443,4,https://www.dhlottery.co.kr/lt645/selectPstLt645InfoNew.do?srchDir=older&srchCursorLtEpsd=919,OFFICIAL_DHLOTTERY_AJAX_JSON
910,2020-05-09,1,11,17,27,35,39,31,21,19767643875,941316375,86308857000,1000,86308857,10.5964666926947,4,https://www.dhlottery.co.kr/lt645/selectPstLt645InfoNew.do?srchDir=older&srchCursorLtEpsd=919,OFFICIAL_DHLOTTERY_AJAX_JSON
911,2020-05-16,4,5,12,14,32,42,35,10,21135386250,2113538625,89332410000,1000,89332410,10.9676797960973,4,https://www.dhlottery.co.kr/lt645/selectPstLt645InfoNew.do?srchDir=older&srchCursorLtEpsd=919,OFFICIAL_DHLOTTERY_AJAX_JSON
912,2020-05-23,5,8,18,21,22,38,10,14,20909008134,1493500581,88599155000,1000,88599155,10.877655290446,5,https://www.dhlottery.co.kr/lt645/selectPstLt645InfoNew.do?srchDir=older&srchCursorLtEpsd=919,OFFICIAL_DHLOTTERY_AJAX_JSON
913,2020-05-30,6,14,16,21,27,37,40,16,21420089632,1338755602,89336949000,1000,89336949,10.9682370663936,5,https://www.dhlottery.co.kr/lt645/selectPstLt645InfoNew.do?srchDir=older&srchCursorLtEpsd=919,OFFICIAL_DHLOTTERY_AJAX_JSON
914,2020-06-06,16,19,24,33,42,44,27,11,21450061127,1950005557,89558503000,1000,89558503,10.9954380937648,3,https://www.dhlottery.co.kr/lt645/selectPstLt645InfoNew.do?srchDir=older&srchCursorLtEpsd=919,OFFICIAL_DHLOTTERY_AJAX_JSON
915,2020-06-13,2,6,11,13,22,37,14,6,21111843000,3518640500,87862418000,1000,87862418,10.7872032864092,5,https://www.dhlottery.co.kr/lt645/selectPstLt645InfoNew.do?srchDir=older&srchCursorLtEpsd=919,OFFICIAL_DHLOTTERY_AJAX_JSON
916,2020-06-20,6,21,22,32,35,36,17,11,22279227751,2025384341,89133044000,1000,89133044,10.9432028738892,3,https://www.dhlottery.co.kr/lt645/selectPstLt645InfoNew.do?srchDir=older&srchCursorLtEpsd=919,OFFICIAL_DHLOTTERY_AJAX_JSON
917,2020-06-27,1,3,23,24,27,43,34,10,21447996380,2144799638,88950867000,1000,88950867,10.9208363105981,5,https://www.dhlottery.co.kr/lt645/selectPstLt645InfoNew.do?srchDir=older&srchCursorLtEpsd=919,OFFICIAL_DHLOTTERY_AJAX_JSON
918,2020-07-04,7,11,12,31,33,38,5,18,20117207628,1117622646,89200857000,1000,89200857,10.9515285338598,4,https://www.dhlottery.co.kr/lt645/selectPstLt645InfoNew.do?srchDir=older&srchCursorLtEpsd=919,OFFICIAL_DHLOTTERY_AJAX_JSON
919,2020-07-11,9,14,17,18,42,44,35,5,21525752250,4305150450,90218056000,1000,90218056,11.0764139245138,4,https://www.dhlottery.co.kr/lt645/selectPstLt645InfoNew.do?srchDir=older&srchCursorLtEpsd=929,OFFICIAL_DHLOTTERY_AJAX_JSON
920,2020-07-18,2,3,26,33,34,43,29,7,21841821379,3120260197,89805177000,1000,89805177,11.0257231990925,3,https://www.dhlottery.co.kr/lt645/selectPstLt645InfoNew.do?srchDir=older&srchCursorLtEpsd=929,OFFICIAL_DHLOTTERY_AJAX_JSON
921,2020-07-25,5,7,12,22,28,41,1,17,20953747885,1232573405,89888341000,1000,89888341,11.0359335597282,5,https://www.dhlottery.co.kr/lt645/selectPstLt645InfoNew.do?srchDir=older&srchCursorLtEpsd=929,OFFICIAL_DHLOTTERY_AJAX_JSON
922,2020-08-01,2,6,13,17,27,43,36,6,20507427000,3417904500,89266682000,1000,89266682,10.959610119508,5,https://www.dhlottery.co.kr/lt645/selectPstLt645InfoNew.do?srchDir=older&srchCursorLtEpsd=929,OFFICIAL_DHLOTTERY_AJAX_JSON
923,2020-08-08,3,17,18,23,36,41,26,8,21340437000,2667554625,87867402000,1000,87867402,10.7878151910483,4,https://www.dhlottery.co.kr/lt645/selectPstLt645InfoNew.do?srchDir=older&srchCursorLtEpsd=929,OFFICIAL_DHLOTTERY_AJAX_JSON
924,2020-08-15,3,11,34,42,43,44,13,9,21441876003,2382430667,87708256000,1000,87708256,10.7682762312371,2,https://www.dhlottery.co.kr/lt645/selectPstLt645InfoNew.do?srchDir=older&srchCursorLtEpsd=929,OFFICIAL_DHLOTTERY_AJAX_JSON
925,2020-08-22,13,24,32,34,39,42,4,12,21252966384,1771080532,87901067000,1000,87901067,10.7919483711599,2,https://www.dhlottery.co.kr/lt645/selectPstLt645InfoNew.do?srchDir=older&srchCursorLtEpsd=929,OFFICIAL_DHLOTTERY_AJAX_JSON
926,2020-08-29,10,16,18,20,25,31,6,10,20324906630,2032490663,88372251000,1000,88372251,10.8497974232234,6,https://www.dhlottery.co.kr/lt645/selectPstLt645InfoNew.do?srchDir=older&srchCursorLtEpsd=929,OFFICIAL_DHLOTTERY_AJAX_JSON
927,2020-09-05,4,15,22,38,41,43,26,6,22285223250,3714203875,91067752000,1000,91067752,11.1807343346765,3,https://www.dhlottery.co.kr/lt645/selectPstLt645InfoNew.do?srchDir=older&srchCursorLtEpsd=929,OFFICIAL_DHLOTTERY_AJAX_JSON
928,2020-09-12,3,4,10,20,28,44,30,7,21942139506,3134591358,90818982000,1000,90818982,11.1501918954557,5,https://www.dhlottery.co.kr/lt645/selectPstLt645InfoNew.do?srchDir=older&srchCursorLtEpsd=929,OFFICIAL_DHLOTTERY_AJAX_JSON
929,2020-09-19,7,9,12,15,19,23,4,16,20928562512,1308035157,92344620000,1000,92344620,11.3375002762411,6,https://www.dhlottery.co.kr/lt645/selectPstLt645InfoNew.do?srchDir=older&srchCursorLtEpsd=939,OFFICIAL_DHLOTTERY_AJAX_JSON
930,2020-09-26,8,21,25,38,39,44,28,8,22659350632,2832418829,94518415000,1000,94518415,11.604385357505,3,https://www.dhlottery.co.kr/lt645/selectPstLt645InfoNew.do?srchDir=older&srchCursorLtEpsd=939,OFFICIAL_DHLOTTERY_AJAX_JSON
931,2020-10-03,14,15,23,25,35,43,32,8,23656864504,2957108063,95695802000,1000,95695802,11.748937638274,4,https://www.dhlottery.co.kr/lt645/selectPstLt645InfoNew.do?srchDir=older&srchCursorLtEpsd=939,OFFICIAL_DHLOTTERY_AJAX_JSON
932,2020-10-10,1,6,15,36,37,38,5,7,23730160881,3390022983,96049289000,1000,96049289,11.7923365819282,3,https://www.dhlottery.co.kr/lt645/selectPstLt645InfoNew.do?srchDir=older&srchCursorLtEpsd=939,OFFICIAL_DHLOTTERY_AJAX_JSON
933,2020-10-17,23,27,29,31,36,45,37,8,23422376632,2927797079,93484851000,1000,93484851,11.4774907735486,4,https://www.dhlottery.co.kr/lt645/selectPstLt645InfoNew.do?srchDir=older&srchCursorLtEpsd=939,OFFICIAL_DHLOTTERY_AJAX_JSON
934,2020-10-24,1,3,30,33,36,39,12,4,23063091376,5765772844,93028347000,1000,93028347,11.4214440409279,3,https://www.dhlottery.co.kr/lt645/selectPstLt645InfoNew.do?srchDir=older&srchCursorLtEpsd=939,OFFICIAL_DHLOTTERY_AJAX_JSON
935,2020-10-31,4,10,20,32,38,44,18,13,22243720512,1711055424,93934898000,1000,93934898,11.532744755717,3,https://www.dhlottery.co.kr/lt645/selectPstLt645InfoNew.do?srchDir=older&srchCursorLtEpsd=939,OFFICIAL_DHLOTTERY_AJAX_JSON
936,2020-11-07,7,11,13,17,18,29,43,14,20888968506,1492069179,92246146000,1000,92246146,11.3254102486661,6,https://www.dhlottery.co.kr/lt645/selectPstLt645InfoNew.do?srchDir=older&srchCursorLtEpsd=939,OFFICIAL_DHLOTTERY_AJAX_JSON
937,2020-11-14,2,10,13,22,29,40,26,11,22642629009,2058420819,93720454000,1000,93720454,11.5064166500922,5,https://www.dhlottery.co.kr/lt645/selectPstLt645InfoNew.do?srchDir=older&srchCursorLtEpsd=939,OFFICIAL_DHLOTTERY_AJAX_JSON
938,2020-11-21,4,8,10,16,31,36,9,10,22494665630,2249466563,93452425000,1000,93452425,11.4735097101802,5,https://www.dhlottery.co.kr/lt645/selectPstLt645InfoNew.do?srchDir=older&srchCursorLtEpsd=939,OFFICIAL_DHLOTTERY_AJAX_JSON
939,2020-11-28,4,11,28,39,42,45,6,13,22208719507,1708363039,93340002000,1000,93340002,11.4597071108132,3,https://www.dhlottery.co.kr/lt645/selectPstLt645InfoNew.do?srchDir=older&srchCursorLtEpsd=949,OFFICIAL_DHLOTTERY_AJAX_JSON
940,2020-12-05,3,15,20,22,24,41,11,8,22768568632,2846071079,93920183000,1000,93920183,11.5309381391911,5,https://www.dhlottery.co.kr/lt645/selectPstLt645InfoNew.do?srchDir=older&srchCursorLtEpsd=949,OFFICIAL_DHLOTTERY_AJAX_JSON
941,2020-12-12,12,14,25,27,39,40,35,16,21556758752,1347297422,94867600000,1000,94867600,11.6472561282544,4,https://www.dhlottery.co.kr/lt645/selectPstLt645InfoNew.do?srchDir=older&srchCursorLtEpsd=949,OFFICIAL_DHLOTTERY_AJAX_JSON
942,2020-12-19,10,12,18,35,42,43,39,6,22570081878,3761680313,92731965000,1000,92731965,11.385056095351,3,https://www.dhlottery.co.kr/lt645/selectPstLt645InfoNew.do?srchDir=older&srchCursorLtEpsd=949,OFFICIAL_DHLOTTERY_AJAX_JSON
943,2020-12-26,1,8,13,36,44,45,39,7,24045315756,3435045108,100081432000,1000,100081432,12.2873781163061,3,https://www.dhlottery.co.kr/lt645/selectPstLt645InfoNew.do?srchDir=older&srchCursorLtEpsd=949,OFFICIAL_DHLOTTERY_AJAX_JSON
944,2021-01-02,2,13,16,19,32,33,42,13,25503872628,1961836356,107181377000,1000,107181377,13.1590653721397,4,https://www.dhlottery.co.kr/lt645/selectPstLt645InfoNew.do?srchDir=older&srchCursorLtEpsd=949,OFFICIAL_DHLOTTERY_AJAX_JSON
945,2021-01-09,9,10,15,30,33,37,26,13,22952208383,1765554491,94837109000,1000,94837109,11.6435126321967,4,https://www.dhlottery.co.kr/lt645/selectPstLt645InfoNew.do?srchDir=older&srchCursorLtEpsd=949,OFFICIAL_DHLOTTERY_AJAX_JSON
946,2021-01-16,9,18,19,30,34,40,20,11,23734218002,2157656182,99380178000,1000,99380178,12.2012824951566,4,https://www.dhlottery.co.kr/lt645/selectPstLt645InfoNew.do?srchDir=older&srchCursorLtEpsd=949,OFFICIAL_DHLOTTERY_AJAX_JSON
947,2021-01-23,3,8,17,20,27,35,26,18,22965403500,1275855750,99449916000,1000,99449916,12.2098444946999,5,https://www.dhlottery.co.kr/lt645/selectPstLt645InfoNew.do?srchDir=older&srchCursorLtEpsd=949,OFFICIAL_DHLOTTERY_AJAX_JSON
948,2021-01-30,13,18,30,31,38,41,5,11,24074035876,2188548716,100519459000,1000,100519459,12.3411563573503,4,https://www.dhlottery.co.kr/lt645/selectPstLt645InfoNew.do?srchDir=older&srchCursorLtEpsd=949,OFFICIAL_DHLOTTERY_AJAX_JSON
949,2021-02-06,14,21,35,36,40,44,30,10,24585697130,2458569713,100518909000,1000,100518909,12.3410888317581,2,https://www.dhlottery.co.kr/lt645/selectPstLt645InfoNew.do?srchDir=older&srchCursorLtEpsd=959,OFFICIAL_DHLOTTERY_AJAX_JSON
950,2021-02-13,3,4,15,22,28,40,10,8,26255364000,3281920500,108870714000,1000,108870714,13.3664717018659,5,https://www.dhlottery.co.kr/lt645/selectPstLt645InfoNew.do?srchDir=older&srchCursorLtEpsd=959,OFFICIAL_DHLOTTERY_AJAX_JSON
951,2021-02-20,2,12,30,31,39,43,38,14,24465737254,1747552661,102937006000,1000,102937006,12.6379677988867,4,https://www.dhlottery.co.kr/lt645/selectPstLt645InfoNew.do?srchDir=older&srchCursorLtEpsd=959,OFFICIAL_DHLOTTERY_AJAX_JSON
952,2021-02-27,4,12,22,24,33,41,38,9,24423298506,2713699834,102355646000,1000,102355646,12.5665920201938,4,https://www.dhlottery.co.kr/lt645/selectPstLt645InfoNew.do?srchDir=older&srchCursorLtEpsd=959,OFFICIAL_DHLOTTERY_AJAX_JSON
953,2021-03-06,7,9,22,27,37,42,34,14,22968904126,1640636009,99180891000,1000,99180891,12.176815272079,4,https://www.dhlottery.co.kr/lt645/selectPstLt645InfoNew.do?srchDir=older&srchCursorLtEpsd=959,OFFICIAL_DHLOTTERY_AJAX_JSON
954,2021-03-13,1,9,26,28,30,41,32,10,24787959000,2478795900,101455314000,1000,101455314,12.4560548356918,5,https://www.dhlottery.co.kr/lt645/selectPstLt645InfoNew.do?srchDir=older&srchCursorLtEpsd=959,OFFICIAL_DHLOTTERY_AJAX_JSON
955,2021-03-20,4,9,23,26,29,33,8,12,24278042256,2023170188,99784736000,1000,99784736,12.2509516197548,5,https://www.dhlottery.co.kr/lt645/selectPstLt645InfoNew.do?srchDir=older&srchCursorLtEpsd=959,OFFICIAL_DHLOTTERY_AJAX_JSON
956,2021-03-27,10,11,20,21,25,41,40,11,22252809381,2022982671,97065255000,1000,97065255,11.9170705924818,5,https://www.dhlottery.co.kr/lt645/selectPstLt645InfoNew.do?srchDir=older&srchCursorLtEpsd=959,OFFICIAL_DHLOTTERY_AJAX_JSON
957,2021-04-03,4,15,24,35,36,40,1,11,23392975507,2126634137,96654698000,1000,96654698,11.8666649478334,3,https://www.dhlottery.co.kr/lt645/selectPstLt645InfoNew.do?srchDir=older&srchCursorLtEpsd=959,OFFICIAL_DHLOTTERY_AJAX_JSON
958,2021-04-10,2,9,10,16,35,37,1,15,23941795125,1596119675,98635947000,1000,98635947,12.1099104242326,4,https://www.dhlottery.co.kr/lt645/selectPstLt645InfoNew.do?srchDir=older&srchCursorLtEpsd=959,OFFICIAL_DHLOTTERY_AJAX_JSON
959,2021-04-17,1,14,15,24,40,41,35,8,24122503128,3015312891,97435835000,1000,97435835,11.9625681087678,4,https://www.dhlottery.co.kr/lt645/selectPstLt645InfoNew.do?srchDir=older&srchCursorLtEpsd=969,OFFICIAL_DHLOTTERY_AJAX_JSON
960,2021-04-24,2,18,24,30,32,45,14,10,24011332130,2401133213,98784879000,1000,98784879,12.1281953724098,4,https://www.dhlottery.co.kr/lt645/selectPstLt645InfoNew.do?srchDir=older&srchCursorLtEpsd=969,OFFICIAL_DHLOTTERY_AJAX_JSON
961,2021-05-01,11,20,29,31,33,42,43,9,23177080881,2575231209,97153309000,1000,97153309,11.9278813170191,4,https://www.dhlottery.co.kr/lt645/selectPstLt645InfoNew.do?srchDir=older&srchCursorLtEpsd=969,OFFICIAL_DHLOTTERY_AJAX_JSON
962,2021-05-08,1,18,28,31,34,43,40,12,23290873128,1940906094,95956365000,1000,95956365,11.7809279489654,4,https://www.dhlottery.co.kr/lt645/selectPstLt645InfoNew.do?srchDir=older&srchCursorLtEpsd=969,OFFICIAL_DHLOTTERY_AJAX_JSON
963,2021-05-15,6,12,19,23,34,42,35,15,22147171875,1476478125,95452215000,1000,95452215,11.7190315356793,4,https://www.dhlottery.co.kr/lt645/selectPstLt645InfoNew.do?srchDir=older&srchCursorLtEpsd=969,OFFICIAL_DHLOTTERY_AJAX_JSON
964,2021-05-22,6,21,36,38,39,43,30,10,23458610630,2345861063,95549895000,1000,95549895,11.7310240808539,2,https://www.dhlottery.co.kr/lt645/selectPstLt645InfoNew.do?srchDir=older&srchCursorLtEpsd=969,OFFICIAL_DHLOTTERY_AJAX_JSON
965,2021-05-29,2,13,25,28,29,36,34,7,23823442503,3403348929,96174650000,1000,96174650,11.8077276287713,5,https://www.dhlottery.co.kr/lt645/selectPstLt645InfoNew.do?srchDir=older&srchCursorLtEpsd=969,OFFICIAL_DHLOTTERY_AJAX_JSON
966,2021-06-05,1,21,25,29,34,37,36,10,24113035130,2411303513,95640447000,1000,95640447,11.7421414943536,4,https://www.dhlottery.co.kr/lt645/selectPstLt645InfoNew.do?srchDir=older&srchCursorLtEpsd=969,OFFICIAL_DHLOTTERY_AJAX_JSON
967,2021-06-12,1,6,13,37,38,40,9,4,23239104376,5809776094,94515565000,1000,94515565,11.6040354521636,3,https://www.dhlottery.co.kr/lt645/selectPstLt645InfoNew.do?srchDir=older&srchCursorLtEpsd=969,OFFICIAL_DHLOTTERY_AJAX_JSON
968,2021-06-19,2,5,12,14,24,39,33,13,21680485879,1667729683,95924229000,1000,95924229,11.7769824900001,5,https://www.dhlottery.co.kr/lt645/selectPstLt645InfoNew.do?srchDir=older&srchCursorLtEpsd=969,OFFICIAL_DHLOTTERY_AJAX_JSON
969,2021-06-26,3,9,10,29,40,45,7,20,22988557880,1149427894,96728751000,1000,96728751,11.8757567163409,4,https://www.dhlottery.co.kr/lt645/selectPstLt645InfoNew.do?srchDir=older&srchCursorLtEpsd=979,OFFICIAL_DHLOTTERY_AJAX_JSON
970,2021-07-03,9,11,16,21,28,36,5,14,22561616630,1611544045,93268371000,1000,93268371,11.4509127004589,5,https://www.dhlottery.co.kr/lt645/selectPstLt645InfoNew.do?srchDir=older&srchCursorLtEpsd=979,OFFICIAL_DHLOTTERY_AJAX_JSON
971,2021-07-10,2,6,17,18,21,26,7,6,22355281500,3725880250,94471924000,1000,94471924,11.5986774805833,6,https://www.dhlottery.co.kr/lt645/selectPstLt645InfoNew.do?srchDir=older&srchCursorLtEpsd=979,OFFICIAL_DHLOTTERY_AJAX_JSON
972,2021-07-17,3,6,17,23,37,39,26,20,22497724880,1124886244,93916813000,1000,93916813,11.5305243914716,4,https://www.dhlottery.co.kr/lt645/selectPstLt645InfoNew.do?srchDir=older&srchCursorLtEpsd=979,OFFICIAL_DHLOTTERY_AJAX_JSON
973,2021-07-24,22,26,31,37,41,42,24,8,23301942000,2912742750,93953872000,1000,93953872,11.535074265874,3,https://www.dhlottery.co.kr/lt645/selectPstLt645InfoNew.do?srchDir=older&srchCursorLtEpsd=979,OFFICIAL_DHLOTTERY_AJAX_JSON
974,2021-07-31,1,2,11,16,39,44,32,17,22389586891,1317034523,94146055000,1000,94146055,11.558669303848,4,https://www.dhlottery.co.kr/lt645/selectPstLt645InfoNew.do?srchDir=older&srchCursorLtEpsd=979,OFFICIAL_DHLOTTERY_AJAX_JSON
975,2021-08-07,7,8,9,17,22,24,5,9,21963693375,2440410375,94253719000,1000,94253719,11.5718876226817,6,https://www.dhlottery.co.kr/lt645/selectPstLt645InfoNew.do?srchDir=older&srchCursorLtEpsd=979,OFFICIAL_DHLOTTERY_AJAX_JSON
976,2021-08-14,4,12,14,25,35,37,2,7,22707070505,3243867215,97492178000,1000,97492178,11.9694855532065,4,https://www.dhlottery.co.kr/lt645/selectPstLt645InfoNew.do?srchDir=older&srchCursorLtEpsd=979,OFFICIAL_DHLOTTERY_AJAX_JSON
977,2021-08-21,2,9,10,14,22,44,16,14,23378682754,1669905911,95895844000,1000,95895844,11.7734975555736,5,https://www.dhlottery.co.kr/lt645/selectPstLt645InfoNew.do?srchDir=older&srchCursorLtEpsd=979,OFFICIAL_DHLOTTERY_AJAX_JSON
978,2021-08-28,1,7,15,32,34,42,8,10,23733913880,2373391388,98855197000,1000,98855197,12.1368285807594,3,https://www.dhlottery.co.kr/lt645/selectPstLt645InfoNew.do?srchDir=older&srchCursorLtEpsd=979,OFFICIAL_DHLOTTERY_AJAX_JSON
979,2021-09-04,7,11,16,21,27,33,24,14,22489607252,1606400518,99507886000,1000,99507886,12.2169616921177,5,https://www.dhlottery.co.kr/lt645/selectPstLt645InfoNew.do?srchDir=older&srchCursorLtEpsd=989,OFFICIAL_DHLOTTERY_AJAX_JSON
980,2021-09-11,3,13,16,23,24,35,14,7,23866102505,3409443215,99593380000,1000,99593380,12.2274581157168,5,https://www.dhlottery.co.kr/lt645/selectPstLt645InfoNew.do?srchDir=older&srchCursorLtEpsd=989,OFFICIAL_DHLOTTERY_AJAX_JSON
981,2021-09-18,27,36,37,41,43,45,32,13,25907221509,1992863193,105645424000,1000,105645424,12.970490579566,1,https://www.dhlottery.co.kr/lt645/selectPstLt645InfoNew.do?srchDir=older&srchCursorLtEpsd=989,OFFICIAL_DHLOTTERY_AJAX_JSON
982,2021-09-25,5,7,13,20,21,44,33,8,24189045376,3023630672,101344251000,1000,101344251,12.4424192086983,5,https://www.dhlottery.co.kr/lt645/selectPstLt645InfoNew.do?srchDir=older&srchCursorLtEpsd=989,OFFICIAL_DHLOTTERY_AJAX_JSON
983,2021-10-02,13,23,26,31,35,43,15,10,25034222250,2503422225,101899006000,1000,101899006,12.5105285903357,4,https://www.dhlottery.co.kr/lt645/selectPstLt645InfoNew.do?srchDir=older&srchCursorLtEpsd=989,OFFICIAL_DHLOTTERY_AJAX_JSON
984,2021-10-09,3,10,23,35,36,37,18,7,24171043876,3453006268,98762367000,1000,98762367,12.1254314885342,3,https://www.dhlottery.co.kr/lt645/selectPstLt645InfoNew.do?srchDir=older&srchCursorLtEpsd=989,OFFICIAL_DHLOTTERY_AJAX_JSON
985,2021-10-16,17,21,23,30,34,44,19,10,24347529750,2434752975,98811446000,1000,98811446,12.1314571040606,4,https://www.dhlottery.co.kr/lt645/selectPstLt645InfoNew.do?srchDir=older&srchCursorLtEpsd=989,OFFICIAL_DHLOTTERY_AJAX_JSON
986,2021-10-23,7,10,16,28,41,42,40,10,23752751250,2375275125,99041240000,1000,99041240,12.1596697875768,4,https://www.dhlottery.co.kr/lt645/selectPstLt645InfoNew.do?srchDir=older&srchCursorLtEpsd=989,OFFICIAL_DHLOTTERY_AJAX_JSON
987,2021-10-30,2,4,15,23,29,38,7,10,23787116250,2378711625,100269530000,1000,100269530,12.3104716232907,5,https://www.dhlottery.co.kr/lt645/selectPstLt645InfoNew.do?srchDir=older&srchCursorLtEpsd=989,OFFICIAL_DHLOTTERY_AJAX_JSON
988,2021-11-06,2,13,20,30,31,41,27,9,24106404375,2678489375,98606195000,1000,98606195,12.106257658016,5,https://www.dhlottery.co.kr/lt645/selectPstLt645InfoNew.do?srchDir=older&srchCursorLtEpsd=989,OFFICIAL_DHLOTTERY_AJAX_JSON
989,2021-11-13,17,18,21,27,29,33,26,4,23307074252,5826768563,96525658000,1000,96525658,11.8508222161654,5,https://www.dhlottery.co.kr/lt645/selectPstLt645InfoNew.do?srchDir=older&srchCursorLtEpsd=999,OFFICIAL_DHLOTTERY_AJAX_JSON
990,2021-11-20,2,4,25,26,36,37,28,14,24361333878,1740095277,99567047000,1000,99567047,12.2242251131361,4,https://www.dhlottery.co.kr/lt645/selectPstLt645InfoNew.do?srchDir=older&srchCursorLtEpsd=999,OFFICIAL_DHLOTTERY_AJAX_JSON
991,2021-11-27,13,18,25,31,33,44,38,8,23233328256,2904166032,98026282000,1000,98026282,12.0350595330176,4,https://www.dhlottery.co.kr/lt645/selectPstLt645InfoNew.do?srchDir=older&srchCursorLtEpsd=999,OFFICIAL_DHLOTTERY_AJAX_JSON
992,2021-12-04,12,20,26,33,44,45,24,12,23843466756,1986955563,97066498000,1000,97066498,11.9172232003202,3,https://www.dhlottery.co.kr/lt645/selectPstLt645InfoNew.do?srchDir=older&srchCursorLtEpsd=999,OFFICIAL_DHLOTTERY_AJAX_JSON
993,2021-12-11,6,14,16,18,24,42,44,6,23947182378,3991197063,99323653000,1000,99323653,12.1943427058855,5,https://www.dhlottery.co.kr/lt645/selectPstLt645InfoNew.do?srchDir=older&srchCursorLtEpsd=999,OFFICIAL_DHLOTTERY_AJAX_JSON
994,2021-12-18,1,3,8,24,27,35,28,12,22338984756,1861582063,95530936000,1000,95530936,11.7286964123039,5,https://www.dhlottery.co.kr/lt645/selectPstLt645InfoNew.do?srchDir=older&srchCursorLtEpsd=999,OFFICIAL_DHLOTTERY_AJAX_JSON
995,2021-12-25,1,4,13,29,38,39,7,7,24130903125,3447271875,100878455000,1000,100878455,12.3852316618908,4,https://www.dhlottery.co.kr/lt645/selectPstLt645InfoNew.do?srchDir=older&srchCursorLtEpsd=999,OFFICIAL_DHLOTTERY_AJAX_JSON
996,2022-01-01,6,11,15,24,32,39,28,18,26841343878,1491185771,112624327000,1000,112624327,13.827317048616,4,https://www.dhlottery.co.kr/lt645/selectPstLt645InfoNew.do?srchDir=older&srchCursorLtEpsd=999,OFFICIAL_DHLOTTERY_AJAX_JSON
997,2022-01-08,4,7,14,16,24,44,20,19,23821241640,1253749560,102431961000,1000,102431961,12.575961503046,5,https://www.dhlottery.co.kr/lt645/selectPstLt645InfoNew.do?srchDir=older&srchCursorLtEpsd=999,OFFICIAL_DHLOTTERY_AJAX_JSON
998,2022-01-15,13,17,18,20,42,45,41,12,24917995884,2076499657,101681869000,1000,101681869,12.4838698548568,4,https://www.dhlottery.co.kr/lt645/selectPstLt645InfoNew.do?srchDir=older&srchCursorLtEpsd=999,OFFICIAL_DHLOTTERY_AJAX_JSON
999,2022-01-22,1,3,9,14,18,28,34,16,24212396640,1513274790,102581351000,1000,102581351,12.5943026816254,6,https://www.dhlottery.co.kr/lt645/selectPstLt645InfoNew.do?srchDir=older&srchCursorLtEpsd=1009,OFFICIAL_DHLOTTERY_AJAX_JSON
1000,2022-01-29,2,8,19,22,32,42,39,22,27430031640,1246819620,118628811000,1000,118628811,14.564510390347,4,https://www.dhlottery.co.kr/lt645/selectPstLt645InfoNew.do?srchDir=older&srchCursorLtEpsd=1009,OFFICIAL_DHLOTTERY_AJAX_JSON
1001,2022-02-05,6,10,12,14,20,42,15,12,24927355128,2077279594,103967487000,1000,103967487,12.7644838712054,5,https://www.dhlottery.co.kr/lt645/selectPstLt645InfoNew.do?srchDir=older&srchCursorLtEpsd=1009,OFFICIAL_DHLOTTERY_AJAX_JSON
1002,2022-02-12,17,25,33,35,38,45,15,8,24707596504,3088449563,105795484000,1000,105795484,12.9889140165941,2,https://www.dhlottery.co.kr/lt645/selectPstLt645InfoNew.do?srchDir=older&srchCursorLtEpsd=1009,OFFICIAL_DHLOTTERY_AJAX_JSON
1003,2022-02-19,1,4,29,39,43,45,31,14,25355635508,1811116822,103479378000,1000,103479378,12.7045568725092,3,https://www.dhlottery.co.kr/lt645/selectPstLt645InfoNew.do?srchDir=older&srchCursorLtEpsd=1009,OFFICIAL_DHLOTTERY_AJAX_JSON
1004,2022-02-26,7,15,30,37,39,44,18,10,25762519130,2576251913,106112471000,1000,106112471,13.0278317164023,3,https://www.dhlottery.co.kr/lt645/selectPstLt645InfoNew.do?srchDir=older&srchCursorLtEpsd=1009,OFFICIAL_DHLOTTERY_AJAX_JSON
1005,2022-03-05,8,13,18,24,27,29,17,12,24734392128,2061199344,103755249000,1000,103755249,12.7384266045922,6,https://www.dhlottery.co.kr/lt645/selectPstLt645InfoNew.do?srchDir=older&srchCursorLtEpsd=1009,OFFICIAL_DHLOTTERY_AJAX_JSON
1006,2022-03-12,8,11,15,16,17,37,36,9,25700419125,2855602125,104542431000,1000,104542431,12.8350719331718,5,https://www.dhlottery.co.kr/lt645/selectPstLt645InfoNew.do?srchDir=older&srchCursorLtEpsd=1009,OFFICIAL_DHLOTTERY_AJAX_JSON
1007,2022-03-19,8,11,16,19,21,25,40,9,24469077375,2718786375,101530003000,1000,101530003,12.4652246883387,6,https://www.dhlottery.co.kr/lt645/selectPstLt645InfoNew.do?srchDir=older&srchCursorLtEpsd=1009,OFFICIAL_DHLOTTERY_AJAX_JSON
1008,2022-03-26,9,11,30,31,41,44,33,11,24941157010,2267377910,103727042000,1000,103727042,12.7349635239028,4,https://www.dhlottery.co.kr/lt645/selectPstLt645InfoNew.do?srchDir=older&srchCursorLtEpsd=1009,OFFICIAL_DHLOTTERY_AJAX_JSON
1009,2022-04-02,15,23,29,34,40,44,20,15,25536942375,1702462825,103771363000,1000,103771363,12.7404049816699,3,https://www.dhlottery.co.kr/lt645/selectPstLt645InfoNew.do?srchDir=older&srchCursorLtEpsd=1019,OFFICIAL_DHLOTTERY_AJAX_JSON
1010,2022-04-09,9,12,15,25,34,36,3,8,24955040632,3119380079,103011505000,1000,103011505,12.6471143245108,4,https://www.dhlottery.co.kr/lt645/selectPstLt645InfoNew.do?srchDir=older&srchCursorLtEpsd=1019,OFFICIAL_DHLOTTERY_AJAX_JSON
1011,2022-04-16,1,9,12,26,35,38,42,11,24423833632,2220348512,101799373000,1000,101799373,12.4982962679219,4,https://www.dhlottery.co.kr/lt645/selectPstLt645InfoNew.do?srchDir=older&srchCursorLtEpsd=1019,OFFICIAL_DHLOTTERY_AJAX_JSON
1012,2022-04-23,5,11,18,20,35,45,3,13,24205276134,1861944318,101948323000,1000,101948323,12.5165834260276,4,https://www.dhlottery.co.kr/lt645/selectPstLt645InfoNew.do?srchDir=older&srchCursorLtEpsd=1019,OFFICIAL_DHLOTTERY_AJAX_JSON
1013,2022-04-30,21,22,26,34,36,41,32,5,25237853625,5047570725,101747653000,1000,101747653,12.4919464067791,3,https://www.dhlottery.co.kr/lt645/selectPstLt645InfoNew.do?srchDir=older&srchCursorLtEpsd=1019,OFFICIAL_DHLOTTERY_AJAX_JSON
1014,2022-05-07,3,11,14,18,26,27,21,10,24104493380,2410449338,102396369000,1000,102396369,12.5715917378141,6,https://www.dhlottery.co.kr/lt645/selectPstLt645InfoNew.do?srchDir=older&srchCursorLtEpsd=1019,OFFICIAL_DHLOTTERY_AJAX_JSON
1015,2022-05-14,14,23,31,33,37,40,44,8,24408844880,3051105610,102562683000,1000,102562683,12.5920107402524,3,https://www.dhlottery.co.kr/lt645/selectPstLt645InfoNew.do?srchDir=older&srchCursorLtEpsd=1019,OFFICIAL_DHLOTTERY_AJAX_JSON
1016,2022-05-21,15,26,28,34,41,42,44,11,24867267381,2260660671,101583153000,1000,101583153,12.4717501160212,3,https://www.dhlottery.co.kr/lt645/selectPstLt645InfoNew.do?srchDir=older&srchCursorLtEpsd=1019,OFFICIAL_DHLOTTERY_AJAX_JSON
1017,2022-05-28,12,18,22,23,30,34,32,7,24623793754,3517684822,101382790000,1000,101382790,12.4471507883306,5,https://www.dhlottery.co.kr/lt645/selectPstLt645InfoNew.do?srchDir=older&srchCursorLtEpsd=1019,OFFICIAL_DHLOTTERY_AJAX_JSON
1018,2022-06-04,3,19,21,25,37,45,35,2,24723489376,12361744688,101151805000,1000,101151805,12.4187918812139,4,https://www.dhlottery.co.kr/lt645/selectPstLt645InfoNew.do?srchDir=older&srchCursorLtEpsd=1019,OFFICIAL_DHLOTTERY_AJAX_JSON
1019,2022-06-11,1,4,13,17,34,39,6,50,21928257000,438565140,102804882000,1000,102804882,12.6217464328071,4,https://www.dhlottery.co.kr/lt645/selectPstLt645InfoNew.do?srchDir=older&srchCursorLtEpsd=1029,OFFICIAL_DHLOTTERY_AJAX_JSON
1020,2022-06-18,12,27,29,38,41,45,6,13,25563609760,1966431520,104996396000,1000,104996396,12.8908069431042,3,https://www.dhlottery.co.kr/lt645/selectPstLt645InfoNew.do?srchDir=older&srchCursorLtEpsd=1029,OFFICIAL_DHLOTTERY_AJAX_JSON
1021,2022-06-25,12,15,17,24,29,45,16,12,25307547000,2108962250,101960162000,1000,101960162,12.5180369450931,5,https://www.dhlottery.co.kr/lt645/selectPstLt645InfoNew.do?srchDir=older&srchCursorLtEpsd=1029,OFFICIAL_DHLOTTERY_AJAX_JSON
1022,2022-07-02,5,6,11,29,42,45,28,5,24332340375,4866468075,99233031000,1000,99233031,12.1832166982195,4,https://www.dhlottery.co.kr/lt645/selectPstLt645InfoNew.do?srchDir=older&srchCursorLtEpsd=1029,OFFICIAL_DHLOTTERY_AJAX_JSON
1023,2022-07-09,10,14,16,18,29,35,25,9,24711100875,2745677875,100399659000,1000,100399659,12.3264480556313,5,https://www.dhlottery.co.kr/lt645/selectPstLt645InfoNew.do?srchDir=older&srchCursorLtEpsd=1029,OFFICIAL_DHLOTTERY_AJAX_JSON
1024,2022-07-16,9,18,20,22,38,44,10,8,24162588000,3020323500,100081038000,1000,100081038,12.2873297434273,4,https://www.dhlottery.co.kr/lt645/selectPstLt645InfoNew.do?srchDir=older&srchCursorLtEpsd=1029,OFFICIAL_DHLOTTERY_AJAX_JSON
1025,2022-07-23,8,9,20,25,29,33,7,4,24475413376,6118853344,101318529000,1000,101318529,12.4392612209118,5,https://www.dhlottery.co.kr/lt645/selectPstLt645InfoNew.do?srchDir=older&srchCursorLtEpsd=1029,OFFICIAL_DHLOTTERY_AJAX_JSON
1026,2022-07-30,5,12,13,31,32,41,34,15,24286777125,1619118475,101556379000,1000,101556379,12.468462970193,4,https://www.dhlottery.co.kr/lt645/selectPstLt645InfoNew.do?srchDir=older&srchCursorLtEpsd=1029,OFFICIAL_DHLOTTERY_AJAX_JSON
1027,2022-08-06,14,16,27,35,39,45,5,10,24605043380,2460504338,101195159000,1000,101195159,12.4241146167125,3,https://www.dhlottery.co.kr/lt645/selectPstLt645InfoNew.do?srchDir=older&srchCursorLtEpsd=1029,OFFICIAL_DHLOTTERY_AJAX_JSON
1028,2022-08-13,5,7,12,13,18,35,23,20,23624702640,1181235132,100613537000,1000,100613537,12.352706671283,5,https://www.dhlottery.co.kr/lt645/selectPstLt645InfoNew.do?srchDir=older&srchCursorLtEpsd=1029,OFFICIAL_DHLOTTERY_AJAX_JSON
1029,2022-08-20,12,30,32,37,39,41,24,10,25278484500,2527848450,101336312000,1000,101336312,12.4414445074683,2,https://www.dhlottery.co.kr/lt645/selectPstLt645InfoNew.do?srchDir=older&srchCursorLtEpsd=1039,OFFICIAL_DHLOTTERY_AJAX_JSON
1030,2022-08-27,2,5,11,17,24,29,9,19,24251723633,1276406507,104899923000,1000,104899923,12.878962585911,6,https://www.dhlottery.co.kr/lt645/selectPstLt645InfoNew.do?srchDir=older&srchCursorLtEpsd=1039,OFFICIAL_DHLOTTERY_AJAX_JSON
1031,2022-09-03,6,7,22,32,35,36,19,8,25711660504,3213957563,104316078000,1000,104316078,12.8072817143152,3,https://www.dhlottery.co.kr/lt645/selectPstLt645InfoNew.do?srchDir=older&srchCursorLtEpsd=1039,OFFICIAL_DHLOTTERY_AJAX_JSON
1032,2022-09-10,1,6,12,19,36,42,28,10,26752575380,2675257538,110907011000,1000,110907011,13.6164756306276,4,https://www.dhlottery.co.kr/lt645/selectPstLt645InfoNew.do?srchDir=older&srchCursorLtEpsd=1039,OFFICIAL_DHLOTTERY_AJAX_JSON
1033,2022-09-17,3,11,15,20,35,44,10,13,24874394259,1913414943,104642258000,1000,104642258,12.8473280737036,4,https://www.dhlottery.co.kr/lt645/selectPstLt645InfoNew.do?srchDir=older&srchCursorLtEpsd=1039,OFFICIAL_DHLOTTERY_AJAX_JSON
1034,2022-09-24,26,31,32,33,38,40,11,9,25819705881,2868856209,107150089000,1000,107150089,13.1552240253602,2,https://www.dhlottery.co.kr/lt645/selectPstLt645InfoNew.do?srchDir=older&srchCursorLtEpsd=1039,OFFICIAL_DHLOTTERY_AJAX_JSON
1035,2022-10-01,9,14,34,35,41,42,2,8,25849549880,3231193735,106759523000,1000,106759523,13.1072727518275,2,https://www.dhlottery.co.kr/lt645/selectPstLt645InfoNew.do?srchDir=older&srchCursorLtEpsd=1039,OFFICIAL_DHLOTTERY_AJAX_JSON
1036,2022-10-08,2,5,22,32,34,45,39,9,25535908503,2837323167,103753936000,1000,103753936,12.7382654025876,3,https://www.dhlottery.co.kr/lt645/selectPstLt645InfoNew.do?srchDir=older&srchCursorLtEpsd=1039,OFFICIAL_DHLOTTERY_AJAX_JSON
1037,2022-10-15,2,14,15,22,27,33,31,15,25628652375,1708576825,104840173000,1000,104840173,12.871626851122,5,https://www.dhlottery.co.kr/lt645/selectPstLt645InfoNew.do?srchDir=older&srchCursorLtEpsd=1039,OFFICIAL_DHLOTTERY_AJAX_JSON
1038,2022-10-22,7,16,24,27,37,44,2,15,24411858375,1627457225,104932409000,1000,104932409,12.8829510157077,4,https://www.dhlottery.co.kr/lt645/selectPstLt645InfoNew.do?srchDir=older&srchCursorLtEpsd=1039,OFFICIAL_DHLOTTERY_AJAX_JSON
1039,2022-10-29,2,3,6,19,36,39,26,16,25360314752,1585019672,105259066000,1000,105259066,12.9230559382006,4,https://www.dhlottery.co.kr/lt645/selectPstLt645InfoNew.do?srchDir=older&srchCursorLtEpsd=1049,OFFICIAL_DHLOTTERY_AJAX_JSON
1040,2022-11-05,8,16,26,29,31,36,11,7,25623378375,3660482625,104007239000,1000,104007239,12.7693643754619,5,https://www.dhlottery.co.kr/lt645/selectPstLt645InfoNew.do?srchDir=older&srchCursorLtEpsd=1049,OFFICIAL_DHLOTTERY_AJAX_JSON
1041,2022-11-12,6,7,9,11,17,18,45,25,23377279125,935091165,105301601000,1000,105301601,12.9282781219537,6,https://www.dhlottery.co.kr/lt645/selectPstLt645InfoNew.do?srchDir=older&srchCursorLtEpsd=1049,OFFICIAL_DHLOTTERY_AJAX_JSON
1042,2022-11-19,5,14,15,23,34,43,4,20,24813273380,1240663669,106510259000,1000,106510259,13.0766696623475,4,https://www.dhlottery.co.kr/lt645/selectPstLt645InfoNew.do?srchDir=older&srchCursorLtEpsd=1049,OFFICIAL_DHLOTTERY_AJAX_JSON
1043,2022-11-26,3,5,12,22,26,31,19,17,24966998252,1468646956,107045942000,1000,107045942,13.1424375019951,6,https://www.dhlottery.co.kr/lt645/selectPstLt645InfoNew.do?srchDir=older&srchCursorLtEpsd=1049,OFFICIAL_DHLOTTERY_AJAX_JSON
1044,2022-12-03,12,17,20,26,28,36,4,8,25095529880,3136941235,102891973000,1000,102891973,12.6324389261712,5,https://www.dhlottery.co.kr/lt645/selectPstLt645InfoNew.do?srchDir=older&srchCursorLtEpsd=1049,OFFICIAL_DHLOTTERY_AJAX_JSON
1045,2022-12-10,6,14,15,19,21,41,37,13,25870785759,1990060443,105380282000,1000,105380282,12.9379380876261,5,https://www.dhlottery.co.kr/lt645/selectPstLt645InfoNew.do?srchDir=older&srchCursorLtEpsd=1049,OFFICIAL_DHLOTTERY_AJAX_JSON
1046,2022-12-17,7,16,25,29,35,36,28,12,24136988628,2011415719,100923993000,1000,100923993,12.3908225353773,4,https://www.dhlottery.co.kr/lt645/selectPstLt645InfoNew.do?srchDir=older&srchCursorLtEpsd=1049,OFFICIAL_DHLOTTERY_AJAX_JSON
1047,2022-12-24,2,20,33,40,42,44,32,9,24739180875,2748797875,103058179000,1000,103058179,12.6528446690387,2,https://www.dhlottery.co.kr/lt645/selectPstLt645InfoNew.do?srchDir=older&srchCursorLtEpsd=1049,OFFICIAL_DHLOTTERY_AJAX_JSON
1048,2022-12-31,6,12,17,21,32,39,30,17,27412406636,1612494508,117323901000,1000,117323901,14.4043016257707,4,https://www.dhlottery.co.kr/lt645/selectPstLt645InfoNew.do?srchDir=older&srchCursorLtEpsd=1049,OFFICIAL_DHLOTTERY_AJAX_JSON
1049,2023-01-07,3,5,13,20,21,37,17,15,25917151500,1727810100,108444724000,1000,108444724,13.3141712891004,5,https://www.dhlottery.co.kr/lt645/selectPstLt645InfoNew.do?srchDir=older&srchCursorLtEpsd=1059,OFFICIAL_DHLOTTERY_AJAX_JSON
1050,2023-01-14,6,12,31,35,38,43,17,17,26096415760,1535083280,108072602000,1000,108072602,13.2684844556087,3,https://www.dhlottery.co.kr/lt645/selectPstLt645InfoNew.do?srchDir=older&srchCursorLtEpsd=1059,OFFICIAL_DHLOTTERY_AJAX_JSON
1051,2023-01-21,21,26,30,32,33,35,44,18,30052052640,1669558480,119243907000,1000,119243907,14.6400280660916,3,https://www.dhlottery.co.kr/lt645/selectPstLt645InfoNew.do?srchDir=older&srchCursorLtEpsd=1059,OFFICIAL_DHLOTTERY_AJAX_JSON
1052,2023-01-28,5,17,26,27,35,38,1,11,25758510382,2341682762,107565461000,1000,107565461,13.2062208258748,4,https://www.dhlottery.co.kr/lt645/selectPstLt645InfoNew.do?srchDir=older&srchCursorLtEpsd=1059,OFFICIAL_DHLOTTERY_AJAX_JSON
1053,2023-02-04,22,26,29,30,34,45,15,7,28632571877,4090367411,113721665000,1000,113721665,13.9620414091486,4,https://www.dhlottery.co.kr/lt645/selectPstLt645InfoNew.do?srchDir=older&srchCursorLtEpsd=1059,OFFICIAL_DHLOTTERY_AJAX_JSON
1054,2023-02-11,14,19,27,28,30,45,33,9,28331331381,3147925709,113660567000,1000,113660567,13.9545401752719,5,https://www.dhlottery.co.kr/lt645/selectPstLt645InfoNew.do?srchDir=older&srchCursorLtEpsd=1059,OFFICIAL_DHLOTTERY_AJAX_JSON
1055,2023-02-18,4,7,12,14,22,33,31,11,25990967255,2362815205,112488256000,1000,112488256,13.810611094332,5,https://www.dhlottery.co.kr/lt645/selectPstLt645InfoNew.do?srchDir=older&srchCursorLtEpsd=1059,OFFICIAL_DHLOTTERY_AJAX_JSON
1056,2023-02-25,13,20,24,32,36,45,29,14,27575274384,1969662456,113279615000,1000,113279615,13.9077692490909,3,https://www.dhlottery.co.kr/lt645/selectPstLt645InfoNew.do?srchDir=older&srchCursorLtEpsd=1059,OFFICIAL_DHLOTTERY_AJAX_JSON
1057,2023-03-04,8,13,19,27,40,45,12,17,27473185138,1616069714,112523887000,1000,112523887,13.8149856477423,4,https://www.dhlottery.co.kr/lt645/selectPstLt645InfoNew.do?srchDir=older&srchCursorLtEpsd=1059,OFFICIAL_DHLOTTERY_AJAX_JSON
1058,2023-03-11,11,23,25,30,32,40,42,13,26754263250,2058020250,112041382000,1000,112041382,13.7557466734438,4,https://www.dhlottery.co.kr/lt645/selectPstLt645InfoNew.do?srchDir=older&srchCursorLtEpsd=1059,OFFICIAL_DHLOTTERY_AJAX_JSON
1059,2023-03-18,7,10,22,25,34,40,27,13,26431190253,2033168481,110846824000,1000,110846824,13.6090862436864,4,https://www.dhlottery.co.kr/lt645/selectPstLt645InfoNew.do?srchDir=older&srchCursorLtEpsd=1069,OFFICIAL_DHLOTTERY_AJAX_JSON
1060,2023-03-25,3,10,24,33,38,45,36,28,25150689396,898238907,110677185000,1000,110677185,13.5882590183498,3,https://www.dhlottery.co.kr/lt645/selectPstLt645InfoNew.do?srchDir=older&srchCursorLtEpsd=1069,OFFICIAL_DHLOTTERY_AJAX_JSON
1061,2023-04-01,4,24,27,35,37,45,15,11,26650456503,2422768773,109909344000,1000,109909344,13.4939882579134,3,https://www.dhlottery.co.kr/lt645/selectPstLt645InfoNew.do?srchDir=older&srchCursorLtEpsd=1069,OFFICIAL_DHLOTTERY_AJAX_JSON
1062,2023-04-08,20,31,32,40,41,45,12,7,26613536628,3801933804,107109911000,1000,107109911,13.1502912194631,2,https://www.dhlottery.co.kr/lt645/selectPstLt645InfoNew.do?srchDir=older&srchCursorLtEpsd=1069,OFFICIAL_DHLOTTERY_AJAX_JSON
1063,2023-04-15,3,6,22,23,24,38,30,7,26392183125,3770311875,108347135000,1000,108347135,13.3021899163419,5,https://www.dhlottery.co.kr/lt645/selectPstLt645InfoNew.do?srchDir=older&srchCursorLtEpsd=1069,OFFICIAL_DHLOTTERY_AJAX_JSON
1064,2023-04-22,3,6,9,18,22,35,14,19,25615194014,1348168106,109427584000,1000,109427584,13.4348407500988,5,https://www.dhlottery.co.kr/lt645/selectPstLt645InfoNew.do?srchDir=older&srchCursorLtEpsd=1069,OFFICIAL_DHLOTTERY_AJAX_JSON
1065,2023-04-29,3,18,19,23,32,45,24,14,25936315132,1852593938,108181727000,1000,108181727,13.2818821469701,4,https://www.dhlottery.co.kr/lt645/selectPstLt645InfoNew.do?srchDir=older&srchCursorLtEpsd=1069,OFFICIAL_DHLOTTERY_AJAX_JSON
1066,2023-05-06,6,11,16,19,21,32,45,15,25064208750,1670947250,106440950000,1000,106440950,13.0681603327661,5,https://www.dhlottery.co.kr/lt645/selectPstLt645InfoNew.do?srchDir=older&srchCursorLtEpsd=1069,OFFICIAL_DHLOTTERY_AJAX_JSON
1067,2023-05-13,7,10,19,23,28,33,18,13,25754482130,1981114010,110703299000,1000,110703299,13.5914651334674,5,https://www.dhlottery.co.kr/lt645/selectPstLt645InfoNew.do?srchDir=older&srchCursorLtEpsd=1069,OFFICIAL_DHLOTTERY_AJAX_JSON
1068,2023-05-20,4,7,19,26,33,35,3,19,25914660766,1363929514,108988932000,1000,108988932,13.3809857754271,4,https://www.dhlottery.co.kr/lt645/selectPstLt645InfoNew.do?srchDir=older&srchCursorLtEpsd=1069,OFFICIAL_DHLOTTERY_AJAX_JSON
1069,2023-05-27,1,10,18,22,28,31,44,14,26085045756,1863217554,108388892000,1000,108388892,13.3073165820755,6,https://www.dhlottery.co.kr/lt645/selectPstLt645InfoNew.do?srchDir=older&srchCursorLtEpsd=1079,OFFICIAL_DHLOTTERY_AJAX_JSON
1070,2023-06-03,3,6,14,22,30,41,36,14,26027637006,1859116929,107222802000,1000,107222802,13.1641512769703,5,https://www.dhlottery.co.kr/lt645/selectPstLt645InfoNew.do?srchDir=older&srchCursorLtEpsd=1079,OFFICIAL_DHLOTTERY_AJAX_JSON
1071,2023-06-10,1,2,11,21,30,35,39,5,25919898750,5183979750,107362630000,1000,107362630,13.1813184924359,5,https://www.dhlottery.co.kr/lt645/selectPstLt645InfoNew.do?srchDir=older&srchCursorLtEpsd=1079,OFFICIAL_DHLOTTERY_AJAX_JSON
1072,2023-06-17,16,18,20,23,32,43,27,12,26100076500,2175006375,108156654000,1000,108156654,13.2788038393824,4,https://www.dhlottery.co.kr/lt645/selectPstLt645InfoNew.do?srchDir=older&srchCursorLtEpsd=1079,OFFICIAL_DHLOTTERY_AJAX_JSON
1073,2023-06-24,6,18,28,30,32,38,15,11,25797503633,2345227603,107352123000,1000,107352123,13.1800285080773,4,https://www.dhlottery.co.kr/lt645/selectPstLt645InfoNew.do?srchDir=older&srchCursorLtEpsd=1079,OFFICIAL_DHLOTTERY_AJAX_JSON
1074,2023-07-01,1,6,20,27,28,41,15,12,25617163884,2134763657,105744157000,1000,105744157,12.9826124055563,5,https://www.dhlottery.co.kr/lt645/selectPstLt645InfoNew.do?srchDir=older&srchCursorLtEpsd=1079,OFFICIAL_DHLOTTERY_AJAX_JSON
1075,2023-07-08,1,23,24,35,44,45,10,9,26067034503,2896337167,105635232000,1000,105635232,12.9692392689557,3,https://www.dhlottery.co.kr/lt645/selectPstLt645InfoNew.do?srchDir=older&srchCursorLtEpsd=1079,OFFICIAL_DHLOTTERY_AJAX_JSON
1076,2023-07-15,3,7,9,33,36,37,10,9,24054207750,2672689750,103168694000,1000,103168694,12.6664130159876,3,https://www.dhlottery.co.kr/lt645/selectPstLt645InfoNew.do?srchDir=older&srchCursorLtEpsd=1079,OFFICIAL_DHLOTTERY_AJAX_JSON
1077,2023-07-22,4,8,17,30,40,43,34,7,24996307126,3570901018,105927489000,1000,105927489,13.005120772591,4,https://www.dhlottery.co.kr/lt645/selectPstLt645InfoNew.do?srchDir=older&srchCursorLtEpsd=1079,OFFICIAL_DHLOTTERY_AJAX_JSON
1078,2023-07-29,6,10,11,14,36,38,43,12,25699259256,2141604938,105407618000,1000,105407618,12.9412942323322,4,https://www.dhlottery.co.kr/lt645/selectPstLt645InfoNew.do?srchDir=older&srchCursorLtEpsd=1079,OFFICIAL_DHLOTTERY_AJAX_JSON
1079,2023-08-05,4,8,18,24,37,45,6,9,24410964753,2712329417,103120206000,1000,103120206,12.6604599597793,4,https://www.dhlottery.co.kr/lt645/selectPstLt645InfoNew.do?srchDir=older&srchCursorLtEpsd=1089,OFFICIAL_DHLOTTERY_AJAX_JSON
1080,2023-08-12,13,16,23,31,36,44,38,7,25476111003,3639444429,104111986000,1000,104111986,12.7822245631094,4,https://www.dhlottery.co.kr/lt645/selectPstLt645InfoNew.do?srchDir=older&srchCursorLtEpsd=1089,OFFICIAL_DHLOTTERY_AJAX_JSON
1081,2023-08-19,1,9,16,23,24,38,17,11,25782822384,2343892944,106974323000,1000,106974323,13.1336445649265,5,https://www.dhlottery.co.kr/lt645/selectPstLt645InfoNew.do?srchDir=older&srchCursorLtEpsd=1089,OFFICIAL_DHLOTTERY_AJAX_JSON
1082,2023-08-26,21,26,27,32,34,42,31,7,26043427501,3720489643,107566880000,1000,107566880,13.2063950419027,3,https://www.dhlottery.co.kr/lt645/selectPstLt645InfoNew.do?srchDir=older&srchCursorLtEpsd=1089,OFFICIAL_DHLOTTERY_AJAX_JSON
1083,2023-09-02,3,7,14,15,22,38,17,15,25696267875,1713084525,108995141000,1000,108995141,13.3817480779761,5,https://www.dhlottery.co.kr/lt645/selectPstLt645InfoNew.do?srchDir=older&srchCursorLtEpsd=1089,OFFICIAL_DHLOTTERY_AJAX_JSON
1084,2023-09-09,8,12,13,29,33,42,5,15,26081469000,1738764600,109818924000,1000,109818924,13.4828870505558,4,https://www.dhlottery.co.kr/lt645/selectPstLt645InfoNew.do?srchDir=older&srchCursorLtEpsd=1089,OFFICIAL_DHLOTTERY_AJAX_JSON
1085,2023-09-16,4,7,17,18,38,44,36,23,24685381879,1073277473,106249975000,1000,106249975,13.0447136055474,4,https://www.dhlottery.co.kr/lt645/selectPstLt645InfoNew.do?srchDir=older&srchCursorLtEpsd=1089,OFFICIAL_DHLOTTERY_AJAX_JSON
1086,2023-09-23,11,16,25,27,35,36,37,17,25770534753,1515913809,109250306000,1000,109250306,13.4130756556735,4,https://www.dhlottery.co.kr/lt645/selectPstLt645InfoNew.do?srchDir=older&srchCursorLtEpsd=1089,OFFICIAL_DHLOTTERY_AJAX_JSON
1087,2023-09-30,13,14,18,21,34,44,16,16,27716057632,1732253602,113960897000,1000,113960897,13.9914128318269,4,https://www.dhlottery.co.kr/lt645/selectPstLt645InfoNew.do?srchDir=older&srchCursorLtEpsd=1089,OFFICIAL_DHLOTTERY_AJAX_JSON
1088,2023-10-07,11,21,22,30,39,44,31,11,26781676878,2434697898,109089305000,1000,109089305,13.3933089504559,4,https://www.dhlottery.co.kr/lt645/selectPstLt645InfoNew.do?srchDir=older&srchCursorLtEpsd=1089,OFFICIAL_DHLOTTERY_AJAX_JSON
1089,2023-10-14,4,18,31,37,42,43,40,9,26806699503,2978522167,108725932000,1000,108725932,13.3486962649753,3,https://www.dhlottery.co.kr/lt645/selectPstLt645InfoNew.do?srchDir=older&srchCursorLtEpsd=1099,OFFICIAL_DHLOTTERY_AJAX_JSON
1090,2023-10-21,12,19,21,29,40,45,1,11,26251440754,2386494614,108364862000,1000,108364862,13.3043663275654,4,https://www.dhlottery.co.kr/lt645/selectPstLt645InfoNew.do?srchDir=older&srchCursorLtEpsd=1099,OFFICIAL_DHLOTTERY_AJAX_JSON
1091,2023-10-28,6,20,23,24,28,30,44,9,26086234131,2898470459,109335581000,1000,109335581,13.4235451918095,6,https://www.dhlottery.co.kr/lt645/selectPstLt645InfoNew.do?srchDir=older&srchCursorLtEpsd=1099,OFFICIAL_DHLOTTERY_AJAX_JSON
1092,2023-11-04,7,18,19,26,33,45,37,16,25332637504,1583289844,108970510000,1000,108970510,13.3787240364098,4,https://www.dhlottery.co.kr/lt645/selectPstLt645InfoNew.do?srchDir=older&srchCursorLtEpsd=1099,OFFICIAL_DHLOTTERY_AJAX_JSON
1093,2023-11-11,10,17,22,30,35,43,44,13,25571529750,1967040750,105589036000,1000,105589036,12.9635676103061,4,https://www.dhlottery.co.kr/lt645/selectPstLt645InfoNew.do?srchDir=older&srchCursorLtEpsd=1099,OFFICIAL_DHLOTTERY_AJAX_JSON
1094,2023-11-18,6,7,15,22,26,40,41,12,25354253628,2112854469,104078823000,1000,104078823,12.7781530154474,5,https://www.dhlottery.co.kr/lt645/selectPstLt645InfoNew.do?srchDir=older&srchCursorLtEpsd=1099,OFFICIAL_DHLOTTERY_AJAX_JSON
1095,2023-11-25,8,14,28,29,34,40,12,10,26178255750,2617825575,106160572000,1000,106160572,13.0337372591485,4,https://www.dhlottery.co.kr/lt645/selectPstLt645InfoNew.do?srchDir=older&srchCursorLtEpsd=1099,OFFICIAL_DHLOTTERY_AJAX_JSON
1096,2023-12-02,1,12,16,19,23,43,34,10,25393911750,2539391175,105753078000,1000,105753078,12.9837076706617,5,https://www.dhlottery.co.kr/lt645/selectPstLt645InfoNew.do?srchDir=older&srchCursorLtEpsd=1099,OFFICIAL_DHLOTTERY_AJAX_JSON
1097,2023-12-09,14,33,34,35,37,40,4,7,27050051630,3864293090,108873101000,1000,108873101,13.3667647629361,1,https://www.dhlottery.co.kr/lt645/selectPstLt645InfoNew.do?srchDir=older&srchCursorLtEpsd=1099,OFFICIAL_DHLOTTERY_AJAX_JSON
1098,2023-12-16,12,16,21,24,41,43,15,13,25096004635,1930461895,103850339000,1000,103850339,12.7501011656145,4,https://www.dhlottery.co.kr/lt645/selectPstLt645InfoNew.do?srchDir=older&srchCursorLtEpsd=1099,OFFICIAL_DHLOTTERY_AJAX_JSON
1099,2023-12-23,3,20,28,38,40,43,4,9,26639407125,2959934125,107510729000,1000,107510729,13.1995011700344,3,https://www.dhlottery.co.kr/lt645/selectPstLt645InfoNew.do?srchDir=older&srchCursorLtEpsd=1109,OFFICIAL_DHLOTTERY_AJAX_JSON
1100,2023-12-30,17,26,29,30,31,43,12,13,28698481136,2207575472,116187023000,1000,116187023,14.264722789028,5,https://www.dhlottery.co.kr/lt645/selectPstLt645InfoNew.do?srchDir=older&srchCursorLtEpsd=1109,OFFICIAL_DHLOTTERY_AJAX_JSON
1101,2024-01-06,6,7,13,28,36,42,41,13,27306883500,2100529500,114758876000,1000,114758876,14.0893837491682,4,https://www.dhlottery.co.kr/lt645/selectPstLt645InfoNew.do?srchDir=older&srchCursorLtEpsd=1109,OFFICIAL_DHLOTTERY_AJAX_JSON
1102,2024-01-13,13,14,22,26,37,38,20,20,27671828260,1383591413,113178102000,1000,113178102,13.8953061119255,4,https://www.dhlottery.co.kr/lt645/selectPstLt645InfoNew.do?srchDir=older&srchCursorLtEpsd=1109,OFFICIAL_DHLOTTERY_AJAX_JSON
1103,2024-01-20,10,12,29,31,40,44,2,17,26765133761,1574419633,110195070000,1000,110195070,13.5290679258348,4,https://www.dhlottery.co.kr/lt645/selectPstLt645InfoNew.do?srchDir=older&srchCursorLtEpsd=1109,OFFICIAL_DHLOTTERY_AJAX_JSON
1104,2024-01-27,1,7,21,30,35,38,2,15,27257896500,1817193100,112449384000,1000,112449384,13.805838631023,4,https://www.dhlottery.co.kr/lt645/selectPstLt645InfoNew.do?srchDir=older&srchCursorLtEpsd=1109,OFFICIAL_DHLOTTERY_AJAX_JSON
1105,2024-02-03,6,16,34,37,39,40,11,15,27522807000,1834853800,113295292000,1000,113295292,13.9096939740162,2,https://www.dhlottery.co.kr/lt645/selectPstLt645InfoNew.do?srchDir=older&srchCursorLtEpsd=1109,OFFICIAL_DHLOTTERY_AJAX_JSON
1106,2024-02-10,1,3,4,29,42,45,36,11,30695091009,2790462819,126617296000,1000,126617296,15.5452870819859,4,https://www.dhlottery.co.kr/lt645/selectPstLt645InfoNew.do?srchDir=older&srchCursorLtEpsd=1109,OFFICIAL_DHLOTTERY_AJAX_JSON
1107,2024-02-17,6,14,30,31,40,41,29,14,28358753262,2025625233,117664962000,1000,117664962,14.4461749821364,4,https://www.dhlottery.co.kr/lt645/selectPstLt645InfoNew.do?srchDir=older&srchCursorLtEpsd=1109,OFFICIAL_DHLOTTERY_AJAX_JSON
1108,2024-02-24,7,19,26,37,39,44,27,14,27411871886,1957990849,114578905000,1000,114578905,14.0672880248887,3,https://www.dhlottery.co.kr/lt645/selectPstLt645InfoNew.do?srchDir=older&srchCursorLtEpsd=1109,OFFICIAL_DHLOTTERY_AJAX_JSON
1109,2024-03-02,10,12,13,19,33,40,2,17,26933998875,1584352875,117196327000,1000,117196327,14.3886388804993,4,https://www.dhlottery.co.kr/lt645/selectPstLt645InfoNew.do?srchDir=older&srchCursorLtEpsd=1119,OFFICIAL_DHLOTTERY_AJAX_JSON
1110,2024-03-09,3,7,11,20,22,41,24,16,26358283504,1647392719,115083786000,1000,115083786,14.1292741858255,5,https://www.dhlottery.co.kr/lt645/selectPstLt645InfoNew.do?srchDir=older&srchCursorLtEpsd=1119,OFFICIAL_DHLOTTERY_AJAX_JSON
1111,2024-03-16,3,13,30,33,43,45,4,16,27434600640,1714662540,116382835000,1000,116382835,14.2887633731366,3,https://www.dhlottery.co.kr/lt645/selectPstLt645InfoNew.do?srchDir=older&srchCursorLtEpsd=1119,OFFICIAL_DHLOTTERY_AJAX_JSON
1112,2024-03-23,16,20,26,36,42,44,24,10,28044556500,2804455650,114216084000,1000,114216084,14.022743110548,3,https://www.dhlottery.co.kr/lt645/selectPstLt645InfoNew.do?srchDir=older&srchCursorLtEpsd=1119,OFFICIAL_DHLOTTERY_AJAX_JSON
1113,2024-03-30,11,13,20,21,32,44,8,14,27823975508,1987426822,113342318000,1000,113342318,13.915467534923,4,https://www.dhlottery.co.kr/lt645/selectPstLt645InfoNew.do?srchDir=older&srchCursorLtEpsd=1119,OFFICIAL_DHLOTTERY_AJAX_JSON
1114,2024-04-06,10,16,19,32,33,38,3,17,26924835008,1583813824,113597890000,1000,113597890,13.9468450815586,3,https://www.dhlottery.co.kr/lt645/selectPstLt645InfoNew.do?srchDir=older&srchCursorLtEpsd=1119,OFFICIAL_DHLOTTERY_AJAX_JSON
1115,2024-04-13,7,12,23,32,34,36,8,12,27087339384,2257278282,113939215000,1000,113939215,13.9887508502086,3,https://www.dhlottery.co.kr/lt645/selectPstLt645InfoNew.do?srchDir=older&srchCursorLtEpsd=1119,OFFICIAL_DHLOTTERY_AJAX_JSON
1116,2024-04-20,15,16,17,25,30,31,32,10,26950002380,2695000238,110862553000,1000,110862553,13.6110173528495,6,https://www.dhlottery.co.kr/lt645/selectPstLt645InfoNew.do?srchDir=older&srchCursorLtEpsd=1119,OFFICIAL_DHLOTTERY_AJAX_JSON
1117,2024-04-27,3,4,9,30,33,36,7,9,27255469878,3028385542,113895333000,1000,113895333,13.9833632901415,4,https://www.dhlottery.co.kr/lt645/selectPstLt645InfoNew.do?srchDir=older&srchCursorLtEpsd=1119,OFFICIAL_DHLOTTERY_AJAX_JSON
1118,2024-05-04,11,13,14,15,16,45,3,19,28071457508,1477445132,113727120000,1000,113727120,13.9627111402494,5,https://www.dhlottery.co.kr/lt645/selectPstLt645InfoNew.do?srchDir=older&srchCursorLtEpsd=1119,OFFICIAL_DHLOTTERY_AJAX_JSON
1119,2024-05-11,1,9,12,13,20,45,3,19,26524546516,1396028764,111840714000,1000,111840714,13.7311098997429,5,https://www.dhlottery.co.kr/lt645/selectPstLt645InfoNew.do?srchDir=older&srchCursorLtEpsd=1129,OFFICIAL_DHLOTTERY_AJAX_JSON
1120,2024-05-18,2,19,26,31,38,41,34,11,27743797125,2522163375,114804359000,1000,114804359,14.0949678700955,4,https://www.dhlottery.co.kr/lt645/selectPstLt645InfoNew.do?srchDir=older&srchCursorLtEpsd=1129,OFFICIAL_DHLOTTERY_AJAX_JSON
1121,2024-05-25,6,24,31,32,38,44,8,11,27769645882,2524513262,113898519000,1000,113898519,13.9837544474811,3,https://www.dhlottery.co.kr/lt645/selectPstLt645InfoNew.do?srchDir=older&srchCursorLtEpsd=1129,OFFICIAL_DHLOTTERY_AJAX_JSON
1122,2024-06-01,3,6,21,30,34,35,22,11,28118926506,2556266046,115540004000,1000,115540004,14.1852858051383,4,https://www.dhlottery.co.kr/lt645/selectPstLt645InfoNew.do?srchDir=older&srchCursorLtEpsd=1129,OFFICIAL_DHLOTTERY_AJAX_JSON
1123,2024-06-08,13,19,21,24,34,35,26,16,27700971376,1731310711,113142957000,1000,113142957,13.890991226584,4,https://www.dhlottery.co.kr/lt645/selectPstLt645InfoNew.do?srchDir=older&srchCursorLtEpsd=1129,OFFICIAL_DHLOTTERY_AJAX_JSON
1124,2024-06-15,3,8,17,30,33,34,28,10,26233279130,2623327913,112014841000,1000,112014841,13.7524881339118,4,https://www.dhlottery.co.kr/lt645/selectPstLt645InfoNew.do?srchDir=older&srchCursorLtEpsd=1129,OFFICIAL_DHLOTTERY_AJAX_JSON
1125,2024-06-22,6,14,25,33,40,44,30,12,26343470256,2195289188,109407294000,1000,109407294,13.4323496696157,3,https://www.dhlottery.co.kr/lt645/selectPstLt645InfoNew.do?srchDir=older&srchCursorLtEpsd=1129,OFFICIAL_DHLOTTERY_AJAX_JSON
1126,2024-06-29,4,5,9,11,37,40,7,11,26250206631,2386382421,111998191000,1000,111998191,13.7504439500753,4,https://www.dhlottery.co.kr/lt645/selectPstLt645InfoNew.do?srchDir=older&srchCursorLtEpsd=1129,OFFICIAL_DHLOTTERY_AJAX_JSON
1127,2024-07-06,10,15,24,30,31,37,32,12,27214703628,2267891969,111571373000,1000,111571373,13.6980418806,5,https://www.dhlottery.co.kr/lt645/selectPstLt645InfoNew.do?srchDir=older&srchCursorLtEpsd=1129,OFFICIAL_DHLOTTERY_AJAX_JSON
1128,2024-07-13,1,5,8,16,28,33,45,63,26455310280,419925560,111364194000,1000,111364194,13.6726057266613,5,https://www.dhlottery.co.kr/lt645/selectPstLt645InfoNew.do?srchDir=older&srchCursorLtEpsd=1129,OFFICIAL_DHLOTTERY_AJAX_JSON
1129,2024-07-20,5,10,11,17,28,34,22,11,26065244260,2369567660,110363498000,1000,110363498,13.5497464720947,5,https://www.dhlottery.co.kr/lt645/selectPstLt645InfoNew.do?srchDir=older&srchCursorLtEpsd=1139,OFFICIAL_DHLOTTERY_AJAX_JSON
1130,2024-07-27,15,19,21,25,27,28,40,12,27159614628,2263301219,109515089000,1000,109515089,13.4455840718178,6,https://www.dhlottery.co.kr/lt645/selectPstLt645InfoNew.do?srchDir=older&srchCursorLtEpsd=1139,OFFICIAL_DHLOTTERY_AJAX_JSON
1131,2024-08-03,1,2,6,14,27,38,33,17,26220254266,1542367898,109120798000,1000,109120798,13.3971754658652,5,https://www.dhlottery.co.kr/lt645/selectPstLt645InfoNew.do?srchDir=older&srchCursorLtEpsd=1139,OFFICIAL_DHLOTTERY_AJAX_JSON
1132,2024-08-10,6,7,19,28,34,41,5,11,26454469877,2404951807,110018123000,1000,110018123,13.5073434695386,4,https://www.dhlottery.co.kr/lt645/selectPstLt645InfoNew.do?srchDir=older&srchCursorLtEpsd=1139,OFFICIAL_DHLOTTERY_AJAX_JSON
1133,2024-08-17,13,14,20,28,29,34,23,13,27366033383,2105079491,111210839000,1000,111210839,13.653777749949,5,https://www.dhlottery.co.kr/lt645/selectPstLt645InfoNew.do?srchDir=older&srchCursorLtEpsd=1139,OFFICIAL_DHLOTTERY_AJAX_JSON
1134,2024-08-24,3,7,9,13,19,24,23,14,24579651376,1755689384,111660087000,1000,111660087,13.708933635848,6,https://www.dhlottery.co.kr/lt645/selectPstLt645InfoNew.do?srchDir=older&srchCursorLtEpsd=1139,OFFICIAL_DHLOTTERY_AJAX_JSON
1135,2024-08-31,1,6,13,19,21,33,4,9,26583535125,2953726125,113817137000,1000,113817137,13.973762869764,5,https://www.dhlottery.co.kr/lt645/selectPstLt645InfoNew.do?srchDir=older&srchCursorLtEpsd=1139,OFFICIAL_DHLOTTERY_AJAX_JSON
1136,2024-09-07,21,33,35,38,42,44,1,12,27773617884,2314468157,113031911000,1000,113031911,13.8773576867451,1,https://www.dhlottery.co.kr/lt645/selectPstLt645InfoNew.do?srchDir=older&srchCursorLtEpsd=1139,OFFICIAL_DHLOTTERY_AJAX_JSON
1137,2024-09-14,4,9,12,15,33,45,26,14,28328267632,2023447688,119250007000,1000,119250007,14.640776986296,4,https://www.dhlottery.co.kr/lt645/selectPstLt645InfoNew.do?srchDir=older&srchCursorLtEpsd=1139,OFFICIAL_DHLOTTERY_AJAX_JSON
1138,2024-09-21,14,16,19,20,29,34,35,14,26637195004,1902656786,109651510000,1000,109651510,13.4623329969331,5,https://www.dhlottery.co.kr/lt645/selectPstLt645InfoNew.do?srchDir=older&srchCursorLtEpsd=1139,OFFICIAL_DHLOTTERY_AJAX_JSON
1139,2024-09-28,5,12,15,30,37,40,18,13,28177382636,2167490972,117915887000,1000,117915887,14.4769819989049,4,https://www.dhlottery.co.kr/lt645/selectPstLt645InfoNew.do?srchDir=older&srchCursorLtEpsd=1149,OFFICIAL_DHLOTTERY_AJAX_JSON
1140,2024-10-05,7,10,22,29,31,38,15,12,27357887256,2279823938,115238556000,1000,115238556,14.1482758874704,5,https://www.dhlottery.co.kr/lt645/selectPstLt645InfoNew.do?srchDir=older&srchCursorLtEpsd=1149,OFFICIAL_DHLOTTERY_AJAX_JSON
1141,2024-10-12,7,11,12,21,26,35,20,11,27035341135,2457758285,115803173000,1000,115803173,14.2175960643629,5,https://www.dhlottery.co.kr/lt645/selectPstLt645InfoNew.do?srchDir=older&srchCursorLtEpsd=1149,OFFICIAL_DHLOTTERY_AJAX_JSON
1142,2024-10-19,2,8,28,30,37,41,22,9,28057659381,3117517709,114254355000,1000,114254355,14.0274417868008,4,https://www.dhlottery.co.kr/lt645/selectPstLt645InfoNew.do?srchDir=older&srchCursorLtEpsd=1149,OFFICIAL_DHLOTTERY_AJAX_JSON
1143,2024-10-26,10,16,17,27,28,36,6,11,28002227253,2545657023,116432896000,1000,116432896,14.2949095525386,5,https://www.dhlottery.co.kr/lt645/selectPstLt645InfoNew.do?srchDir=older&srchCursorLtEpsd=1149,OFFICIAL_DHLOTTERY_AJAX_JSON
1144,2024-11-02,3,4,12,15,26,34,6,18,26808252750,1489347375,116378514000,1000,116378514,14.2882328675295,5,https://www.dhlottery.co.kr/lt645/selectPstLt645InfoNew.do?srchDir=older&srchCursorLtEpsd=1149,OFFICIAL_DHLOTTERY_AJAX_JSON
1145,2024-11-09,2,11,31,33,37,44,32,9,27464670756,3051630084,116115162000,1000,116115162,14.2559001406988,3,https://www.dhlottery.co.kr/lt645/selectPstLt645InfoNew.do?srchDir=older&srchCursorLtEpsd=1149,OFFICIAL_DHLOTTERY_AJAX_JSON
1146,2024-11-16,6,11,17,19,40,43,28,11,27791239883,2526476353,116694743000,1000,116694743,14.3270575047943,4,https://www.dhlottery.co.kr/lt645/selectPstLt645InfoNew.do?srchDir=older&srchCursorLtEpsd=1149,OFFICIAL_DHLOTTERY_AJAX_JSON
1147,2024-11-23,7,11,24,26,27,37,32,8,26587376632,3323422079,115707061000,1000,115707061,14.205796028513,5,https://www.dhlottery.co.kr/lt645/selectPstLt645InfoNew.do?srchDir=older&srchCursorLtEpsd=1149,OFFICIAL_DHLOTTERY_AJAX_JSON
1148,2024-11-30,3,6,13,15,16,22,32,13,26953320004,2073332308,113188640000,1000,113188640,13.8965999022721,6,https://www.dhlottery.co.kr/lt645/selectPstLt645InfoNew.do?srchDir=older&srchCursorLtEpsd=1149,OFFICIAL_DHLOTTERY_AJAX_JSON
1149,2024-12-07,8,15,19,21,32,36,38,17,27427473005,1613380765,112146718000,1000,112146718,13.7686791748618,4,https://www.dhlottery.co.kr/lt645/selectPstLt645InfoNew.do?srchDir=older&srchCursorLtEpsd=1159,OFFICIAL_DHLOTTERY_AJAX_JSON
1150,2024-12-14,8,9,18,35,39,45,25,17,26700545253,1570620309,114152034000,1000,114152034,14.0148794484019,3,https://www.dhlottery.co.kr/lt645/selectPstLt645InfoNew.do?srchDir=older&srchCursorLtEpsd=1159,OFFICIAL_DHLOTTERY_AJAX_JSON
1151,2024-12-21,2,3,9,15,27,29,8,17,27548551510,1620503030,116118444000,1000,116118444,14.2563030843235,6,https://www.dhlottery.co.kr/lt645/selectPstLt645InfoNew.do?srchDir=older&srchCursorLtEpsd=1159,OFFICIAL_DHLOTTERY_AJAX_JSON
1152,2024-12-28,30,31,32,35,36,37,5,35,30602238380,874349668,120703009000,1000,120703009,14.8191675690541,2,https://www.dhlottery.co.kr/lt645/selectPstLt645InfoNew.do?srchDir=older&srchCursorLtEpsd=1159,OFFICIAL_DHLOTTERY_AJAX_JSON
1153,2025-01-04,1,9,10,13,35,44,5,15,30409693875,2027312925,126343367000,1000,126343367,15.5116557766303,4,https://www.dhlottery.co.kr/lt645/selectPstLt645InfoNew.do?srchDir=older&srchCursorLtEpsd=1159,OFFICIAL_DHLOTTERY_AJAX_JSON
1154,2025-01-11,4,8,22,26,32,38,27,15,27824481375,1854965425,115268257000,1000,115268257,14.151922392223,4,https://www.dhlottery.co.kr/lt645/selectPstLt645InfoNew.do?srchDir=older&srchCursorLtEpsd=1159,OFFICIAL_DHLOTTERY_AJAX_JSON
1155,2025-01-18,10,16,19,27,37,38,13,7,28464626253,4066375179,118482730000,1000,118482730,14.5465754702851,4,https://www.dhlottery.co.kr/lt645/selectPstLt645InfoNew.do?srchDir=older&srchCursorLtEpsd=1159,OFFICIAL_DHLOTTERY_AJAX_JSON
1156,2025-01-25,30,31,34,39,41,45,7,21,31609348890,1505207090,127643987000,1000,127643987,15.6713378415874,2,https://www.dhlottery.co.kr/lt645/selectPstLt645InfoNew.do?srchDir=older&srchCursorLtEpsd=1159,OFFICIAL_DHLOTTERY_AJAX_JSON
1157,2025-02-01,5,7,12,20,25,26,28,12,27094105884,2257842157,123443439000,1000,123443439,15.1556205847471,6,https://www.dhlottery.co.kr/lt645/selectPstLt645InfoNew.do?srchDir=older&srchCursorLtEpsd=1159,OFFICIAL_DHLOTTERY_AJAX_JSON
1158,2025-02-08,21,25,27,32,37,38,20,21,29281522137,1394358197,119706159000,1000,119706159,14.6967805025377,3,https://www.dhlottery.co.kr/lt645/selectPstLt645InfoNew.do?srchDir=older&srchCursorLtEpsd=1159,OFFICIAL_DHLOTTERY_AJAX_JSON
1159,2025-02-15,3,9,27,28,38,39,7,23,29551647750,1284854250,124802304000,1000,124802304,15.3224536099182,4,https://www.dhlottery.co.kr/lt645/selectPstLt645InfoNew.do?srchDir=older&srchCursorLtEpsd=1169,OFFICIAL_DHLOTTERY_AJAX_JSON
1160,2025-02-22,7,13,18,36,39,45,19,12,30112318500,2509359875,123177536000,1000,123177536,15.1229746619423,3,https://www.dhlottery.co.kr/lt645/selectPstLt645InfoNew.do?srchDir=older&srchCursorLtEpsd=1169,OFFICIAL_DHLOTTERY_AJAX_JSON
1161,2025-03-01,2,12,20,24,34,42,37,16,28682527504,1792657969,123230590000,1000,123230590,15.1294883033397,4,https://www.dhlottery.co.kr/lt645/selectPstLt645InfoNew.do?srchDir=older&srchCursorLtEpsd=1169,OFFICIAL_DHLOTTERY_AJAX_JSON
1162,2025-03-08,20,21,22,25,28,29,6,36,29661516756,823931021,120578328000,1000,120578328,14.8038600083977,6,https://www.dhlottery.co.kr/lt645/selectPstLt645InfoNew.do?srchDir=older&srchCursorLtEpsd=1169,OFFICIAL_DHLOTTERY_AJAX_JSON
1163,2025-03-15,2,13,15,16,33,43,4,15,29053367250,1936891150,122246316000,1000,122246316,15.0086452401824,4,https://www.dhlottery.co.kr/lt645/selectPstLt645InfoNew.do?srchDir=older&srchCursorLtEpsd=1169,OFFICIAL_DHLOTTERY_AJAX_JSON
1164,2025-03-22,17,18,23,25,38,39,22,13,28510198132,2193092164,121102645000,1000,121102645,14.8682324009891,4,https://www.dhlottery.co.kr/lt645/selectPstLt645InfoNew.do?srchDir=older&srchCursorLtEpsd=1169,OFFICIAL_DHLOTTERY_AJAX_JSON
1165,2025-03-29,6,7,27,29,38,45,17,13,28502308510,2192485270,118112106000,1000,118112106,14.5010725519517,4,https://www.dhlottery.co.kr/lt645/selectPstLt645InfoNew.do?srchDir=older&srchCursorLtEpsd=1169,OFFICIAL_DHLOTTERY_AJAX_JSON
1166,2025-04-05,14,23,25,27,29,42,16,14,29012479132,2072319938,116717661000,1000,116717661,14.3298712348344,5,https://www.dhlottery.co.kr/lt645/selectPstLt645InfoNew.do?srchDir=older&srchCursorLtEpsd=1169,OFFICIAL_DHLOTTERY_AJAX_JSON
1167,2025-04-12,8,23,31,35,39,40,24,10,28840879130,2884087913,118762131000,1000,118762131,14.5808785938962,3,https://www.dhlottery.co.kr/lt645/selectPstLt645InfoNew.do?srchDir=older&srchCursorLtEpsd=1169,OFFICIAL_DHLOTTERY_AJAX_JSON
1168,2025-04-19,9,21,24,30,33,37,29,13,27776266882,2136635914,117811795000,1000,117811795,14.464202228099,4,https://www.dhlottery.co.kr/lt645/selectPstLt645InfoNew.do?srchDir=older&srchCursorLtEpsd=1169,OFFICIAL_DHLOTTERY_AJAX_JSON
1169,2025-04-26,5,12,24,26,39,42,20,10,28527358130,2852735813,118803195000,1000,118803195,14.5859201773836,4,https://www.dhlottery.co.kr/lt645/selectPstLt645InfoNew.do?srchDir=older&srchCursorLtEpsd=1179,OFFICIAL_DHLOTTERY_AJAX_JSON
1170,2025-05-03,3,13,28,34,38,42,25,20,27731019380,1386550969,116709995000,1000,116709995,14.3289300508529,3,https://www.dhlottery.co.kr/lt645/selectPstLt645InfoNew.do?srchDir=older&srchCursorLtEpsd=1179,OFFICIAL_DHLOTTERY_AJAX_JSON
1171,2025-05-10,3,6,7,11,12,17,19,21,23695251006,1128345286,115285696000,1000,115285696,14.154063444591,6,https://www.dhlottery.co.kr/lt645/selectPstLt645InfoNew.do?srchDir=older&srchCursorLtEpsd=1179,OFFICIAL_DHLOTTERY_AJAX_JSON
1172,2025-05-17,7,9,24,40,42,44,45,13,28639057876,2203004452,117565241000,1000,117565241,14.4339318556278,3,https://www.dhlottery.co.kr/lt645/selectPstLt645InfoNew.do?srchDir=older&srchCursorLtEpsd=1179,OFFICIAL_DHLOTTERY_AJAX_JSON
1173,2025-05-24,1,5,18,20,30,35,3,24,28318705512,1179946063,118782668000,1000,118782668,14.5833999995089,5,https://www.dhlottery.co.kr/lt645/selectPstLt645InfoNew.do?srchDir=older&srchCursorLtEpsd=1179,OFFICIAL_DHLOTTERY_AJAX_JSON
1174,2025-05-31,8,11,14,17,36,39,22,15,28659291375,1910619425,119020467000,1000,119020467,14.6125954873261,4,https://www.dhlottery.co.kr/lt645/selectPstLt645InfoNew.do?srchDir=older&srchCursorLtEpsd=1179,OFFICIAL_DHLOTTERY_AJAX_JSON
1175,2025-06-07,3,4,6,8,32,42,31,20,27680521880,1384026094,117488305000,1000,117488305,14.4244861302434,4,https://www.dhlottery.co.kr/lt645/selectPstLt645InfoNew.do?srchDir=older&srchCursorLtEpsd=1179,OFFICIAL_DHLOTTERY_AJAX_JSON
1176,2025-06-14,7,9,11,21,30,35,29,13,26678160002,2052166154,115765450000,1000,115765450,14.2129646681547,5,https://www.dhlottery.co.kr/lt645/selectPstLt645InfoNew.do?srchDir=older&srchCursorLtEpsd=1179,OFFICIAL_DHLOTTERY_AJAX_JSON
1177,2025-06-21,3,7,15,16,19,43,21,6,27460032000,4576672000,115411832000,1000,115411832,14.1695496411322,5,https://www.dhlottery.co.kr/lt645/selectPstLt645InfoNew.do?srchDir=older&srchCursorLtEpsd=1179,OFFICIAL_DHLOTTERY_AJAX_JSON
1178,2025-06-28,5,6,11,27,43,44,17,12,28699300884,2391608407,118774279000,1000,118774279,14.5823700500672,4,https://www.dhlottery.co.kr/lt645/selectPstLt645InfoNew.do?srchDir=older&srchCursorLtEpsd=1179,OFFICIAL_DHLOTTERY_AJAX_JSON
1179,2025-07-05,3,16,18,24,40,44,21,13,28116674261,2162821097,115024678000,1000,115024678,14.1220172718187,4,https://www.dhlottery.co.kr/lt645/selectPstLt645InfoNew.do?srchDir=older&srchCursorLtEpsd=1189,OFFICIAL_DHLOTTERY_AJAX_JSON
1180,2025-07-12,6,12,18,37,40,41,3,11,27891230631,2535566421,115377965000,1000,115377965,14.1653916607121,3,https://www.dhlottery.co.kr/lt645/selectPstLt645InfoNew.do?srchDir=older&srchCursorLtEpsd=1189,OFFICIAL_DHLOTTERY_AJAX_JSON
1181,2025-07-19,8,10,14,20,33,41,28,17,27091939500,1593643500,113802682000,1000,113802682,13.9719881744272,4,https://www.dhlottery.co.kr/lt645/selectPstLt645InfoNew.do?srchDir=older&srchCursorLtEpsd=1189,OFFICIAL_DHLOTTERY_AJAX_JSON
1182,2025-07-26,1,13,21,25,28,31,22,13,27622210512,2124785424,115431308000,1000,115431308,14.1719407837389,6,https://www.dhlottery.co.kr/lt645/selectPstLt645InfoNew.do?srchDir=older&srchCursorLtEpsd=1189,OFFICIAL_DHLOTTERY_AJAX_JSON
1183,2025-08-02,4,15,17,23,27,36,31,13,26961558000,2073966000,115605968000,1000,115605968,14.1933844563453,5,https://www.dhlottery.co.kr/lt645/selectPstLt645InfoNew.do?srchDir=older&srchCursorLtEpsd=1189,OFFICIAL_DHLOTTERY_AJAX_JSON
1184,2025-08-09,14,16,23,25,31,37,42,15,28659834000,1910655600,117748924000,1000,117748924,14.4564833162678,5,https://www.dhlottery.co.kr/lt645/selectPstLt645InfoNew.do?srchDir=older&srchCursorLtEpsd=1189,OFFICIAL_DHLOTTERY_AJAX_JSON
1185,2025-08-16,6,17,22,28,29,32,38,12,28664341500,2388695125,117480804000,1000,117480804,14.4235652039396,5,https://www.dhlottery.co.kr/lt645/selectPstLt645InfoNew.do?srchDir=older&srchCursorLtEpsd=1189,OFFICIAL_DHLOTTERY_AJAX_JSON
1186,2025-08-23,2,8,13,16,23,28,35,14,27799476754,1985676911,116690738000,1000,116690738,14.3265657957093,6,https://www.dhlottery.co.kr/lt645/selectPstLt645InfoNew.do?srchDir=older&srchCursorLtEpsd=1189,OFFICIAL_DHLOTTERY_AJAX_JSON
1187,2025-08-30,5,13,26,29,37,40,42,11,28813180132,2619380012,117650847000,1000,117650847,14.444442029893,4,https://www.dhlottery.co.kr/lt645/selectPstLt645InfoNew.do?srchDir=older&srchCursorLtEpsd=1189,OFFICIAL_DHLOTTERY_AJAX_JSON
1188,2025-09-06,3,4,12,19,22,27,9,24,25791004128,1074625172,116617971000,1000,116617971,14.3176319143137,6,https://www.dhlottery.co.kr/lt645/selectPstLt645InfoNew.do?srchDir=older&srchCursorLtEpsd=1189,OFFICIAL_DHLOTTERY_AJAX_JSON
1189,2025-09-13,9,19,29,35,37,38,31,13,29427466887,2263651299,119484685000,1000,119484685,14.6695892970709,3,https://www.dhlottery.co.kr/lt645/selectPstLt645InfoNew.do?srchDir=older&srchCursorLtEpsd=1199,OFFICIAL_DHLOTTERY_AJAX_JSON
1190,2025-09-20,7,9,19,23,26,45,33,6,27736762878,4622793813,118368861000,1000,118368861,14.5325953399975,5,https://www.dhlottery.co.kr/lt645/selectPstLt645InfoNew.do?srchDir=older&srchCursorLtEpsd=1199,OFFICIAL_DHLOTTERY_AJAX_JSON
1191,2025-09-27,1,4,11,12,20,41,2,18,27654018390,1536334355,121272809000,1000,121272809,14.8891240825727,5,https://www.dhlottery.co.kr/lt645/selectPstLt645InfoNew.do?srchDir=older&srchCursorLtEpsd=1199,OFFICIAL_DHLOTTERY_AJAX_JSON
1192,2025-10-04,10,16,23,36,39,40,11,29,31306851023,1079546587,129050196000,1000,129050196,15.843983469735,3,https://www.dhlottery.co.kr/lt645/selectPstLt645InfoNew.do?srchDir=older&srchCursorLtEpsd=1199,OFFICIAL_DHLOTTERY_AJAX_JSON
1193,2025-10-11,6,9,16,19,24,28,17,16,27472216128,1717013508,118676603000,1000,118676603,14.5703779959878,6,https://www.dhlottery.co.kr/lt645/selectPstLt645InfoNew.do?srchDir=older&srchCursorLtEpsd=1199,OFFICIAL_DHLOTTERY_AJAX_JSON
1194,2025-10-18,3,13,15,24,33,37,2,28,27584349772,985155349,121085706000,1000,121085706,14.8661527355231,4,https://www.dhlottery.co.kr/lt645/selectPstLt645InfoNew.do?srchDir=older&srchCursorLtEpsd=1199,OFFICIAL_DHLOTTERY_AJAX_JSON
1195,2025-10-25,3,15,27,33,34,36,37,10,29391867380,2939186738,122918013000,1000,122918013,15.0911120360071,3,https://www.dhlottery.co.kr/lt645/selectPstLt645InfoNew.do?srchDir=older&srchCursorLtEpsd=1199,OFFICIAL_DHLOTTERY_AJAX_JSON
1196,2025-11-01,8,12,15,29,40,45,14,15,30024413250,2001627550,121645432000,1000,121645432,14.9348724257403,4,https://www.dhlottery.co.kr/lt645/selectPstLt645InfoNew.do?srchDir=older&srchCursorLtEpsd=1199,OFFICIAL_DHLOTTERY_AJAX_JSON
1197,2025-11-08,1,5,7,26,28,43,30,13,28666167751,2205089827,120244434000,1000,120244434,14.7628665718853,5,https://www.dhlottery.co.kr/lt645/selectPstLt645InfoNew.do?srchDir=older&srchCursorLtEpsd=1199,OFFICIAL_DHLOTTERY_AJAX_JSON
1198,2025-11-15,26,30,33,38,39,41,21,10,29536866380,2953686638,120207517000,1000,120207517,14.7583341313631,2,https://www.dhlottery.co.kr/lt645/selectPstLt645InfoNew.do?srchDir=older&srchCursorLtEpsd=1199,OFFICIAL_DHLOTTERY_AJAX_JSON
1199,2025-11-22,16,24,25,30,31,32,7,17,28825367263,1695609839,118624796000,1000,118624796,14.564017453524,5,https://www.dhlottery.co.kr/lt645/selectPstLt645InfoNew.do?srchDir=older&srchCursorLtEpsd=1209,OFFICIAL_DHLOTTERY_AJAX_JSON
1200,2025-11-29,1,2,4,16,20,32,45,12,28287598500,2357299875,118339596000,1000,118339596,14.5290023646235,5,https://www.dhlottery.co.kr/lt645/selectPstLt645InfoNew.do?srchDir=older&srchCursorLtEpsd=1209,OFFICIAL_DHLOTTERY_AJAX_JSON
1201,2025-12-06,7,9,24,27,35,36,37,19,26876558642,1414555718,115389593000,1000,115389593,14.166819274505,4,https://www.dhlottery.co.kr/lt645/selectPstLt645InfoNew.do?srchDir=older&srchCursorLtEpsd=1209,OFFICIAL_DHLOTTERY_AJAX_JSON
1202,2025-12-13,5,12,21,33,37,40,7,14,26885751382,1920410813,116954237000,1000,116954237,14.3589165702892,3,https://www.dhlottery.co.kr/lt645/selectPstLt645InfoNew.do?srchDir=older&srchCursorLtEpsd=1209,OFFICIAL_DHLOTTERY_AJAX_JSON
1203,2025-12-20,3,6,18,29,35,39,24,21,28729275393,1368060733,121655631000,1000,121655631,14.9361245957673,4,https://www.dhlottery.co.kr/lt645/selectPstLt645InfoNew.do?srchDir=older&srchCursorLtEpsd=1209,OFFICIAL_DHLOTTERY_AJAX_JSON
1204,2025-12-27,8,16,28,30,31,44,27,18,29898138384,1661007688,123758619000,1000,123758619,15.1943164322915,5,https://www.dhlottery.co.kr/lt645/selectPstLt645InfoNew.do?srchDir=older&srchCursorLtEpsd=1209,OFFICIAL_DHLOTTERY_AJAX_JSON
1205,2026-01-03,1,4,16,23,31,41,2,10,32263862630,3226386263,132670747000,1000,132670747,16.2884922885774,5,https://www.dhlottery.co.kr/lt645/selectPstLt645InfoNew.do?srchDir=older&srchCursorLtEpsd=1209,OFFICIAL_DHLOTTERY_AJAX_JSON
1206,2026-01-10,1,3,17,26,27,42,23,15,28032105000,1868807000,121012690000,1000,121012690,14.8571882834503,5,https://www.dhlottery.co.kr/lt645/selectPstLt645InfoNew.do?srchDir=older&srchCursorLtEpsd=1209,OFFICIAL_DHLOTTERY_AJAX_JSON
1207,2026-01-17,10,22,24,27,38,45,11,17,29464450133,1733202949,122934287000,1000,122934287,15.0931100568934,4,https://www.dhlottery.co.kr/lt645/selectPstLt645InfoNew.do?srchDir=older&srchCursorLtEpsd=1209,OFFICIAL_DHLOTTERY_AJAX_JSON
1208,2026-01-24,6,27,30,36,38,42,25,6,30010281750,5001713625,120408668000,1000,120408668,14.7830302048113,3,https://www.dhlottery.co.kr/lt645/selectPstLt645InfoNew.do?srchDir=older&srchCursorLtEpsd=1209,OFFICIAL_DHLOTTERY_AJAX_JSON
1209,2026-01-31,2,17,20,35,37,39,24,22,30182030252,1371910466,124040394000,1000,124040394,15.2289110209133,3,https://www.dhlottery.co.kr/lt645/selectPstLt645InfoNew.do?srchDir=older&srchCursorLtEpsd=1219,OFFICIAL_DHLOTTERY_AJAX_JSON
1210,2026-02-07,1,7,9,17,27,38,31,24,26455161768,1102298407,123111058000,1000,123111058,15.1148129050001,5,https://www.dhlottery.co.kr/lt645/selectPstLt645InfoNew.do?srchDir=older&srchCursorLtEpsd=1219,OFFICIAL_DHLOTTERY_AJAX_JSON
1211,2026-02-14,23,26,27,35,38,40,10,14,33193384504,2370956036,134945802000,1000,134945802,16.5678094452343,3,https://www.dhlottery.co.kr/lt645/selectPstLt645InfoNew.do?srchDir=older&srchCursorLtEpsd=1219,OFFICIAL_DHLOTTERY_AJAX_JSON
1212,2026-02-21,5,8,25,31,41,44,45,12,31849068384,2654089032,131727929000,1000,131727929,16.1727389362387,4,https://www.dhlottery.co.kr/lt645/selectPstLt645InfoNew.do?srchDir=older&srchCursorLtEpsd=1219,OFFICIAL_DHLOTTERY_AJAX_JSON
1213,2026-02-28,5,11,25,27,36,38,2,18,31320209628,1740011646,131111079000,1000,131111079,16.0970059152419,4,https://www.dhlottery.co.kr/lt645/selectPstLt645InfoNew.do?srchDir=older&srchCursorLtEpsd=1219,OFFICIAL_DHLOTTERY_AJAX_JSON
1214,2026-03-07,10,15,19,27,30,33,14,12,29178926256,2431577188,124815860000,1000,124815860,15.3241179316052,5,https://www.dhlottery.co.kr/lt645/selectPstLt645InfoNew.do?srchDir=older&srchCursorLtEpsd=1219,OFFICIAL_DHLOTTERY_AJAX_JSON
1215,2026-03-14,13,15,19,21,44,45,39,16,31976674128,1998542133,126977101000,1000,126977101,15.5894617105337,4,https://www.dhlottery.co.kr/lt645/selectPstLt645InfoNew.do?srchDir=older&srchCursorLtEpsd=1219,OFFICIAL_DHLOTTERY_AJAX_JSON
1216,2026-03-21,3,10,14,15,23,24,25,14,30081156000,2148654000,125556526000,1000,125556526,15.4150523139179,6,https://www.dhlottery.co.kr/lt645/selectPstLt645InfoNew.do?srchDir=older&srchCursorLtEpsd=1219,OFFICIAL_DHLOTTERY_AJAX_JSON
1217,2026-03-28,8,10,15,20,29,31,41,14,30516332252,2179738018,125155256000,1000,125155256,15.3657868695872,6,https://www.dhlottery.co.kr/lt645/selectPstLt645InfoNew.do?srchDir=older&srchCursorLtEpsd=1219,OFFICIAL_DHLOTTERY_AJAX_JSON
1218,2026-04-04,3,28,31,32,42,45,25,18,30860676756,1714482042,123335928000,1000,123335928,15.1424210503053,3,https://www.dhlottery.co.kr/lt645/selectPstLt645InfoNew.do?srchDir=older&srchCursorLtEpsd=1219,OFFICIAL_DHLOTTERY_AJAX_JSON
1219,2026-04-11,1,2,15,28,39,45,31,12,30098794128,2508232844,120945801000,1000,120945801,14.8489760664746,4,https://www.dhlottery.co.kr/lt645/selectPstLt645InfoNew.do?srchDir=older&srchCursorLtEpsd=1229,OFFICIAL_DHLOTTERY_AJAX_JSON
1220,2026-04-18,2,22,25,28,34,43,16,14,29603198254,2114514161,121958822000,1000,121958822,14.9733485081755,4,https://www.dhlottery.co.kr/lt645/selectPstLt645InfoNew.do?srchDir=older&srchCursorLtEpsd=1229,OFFICIAL_DHLOTTERY_AJAX_JSON
1221,2026-04-25,6,13,18,28,30,36,9,16,29292818640,1830801165,122979623000,1000,122979623,15.0986761300715,5,https://www.dhlottery.co.kr/lt645/selectPstLt645InfoNew.do?srchDir=older&srchCursorLtEpsd=1229,OFFICIAL_DHLOTTERY_AJAX_JSON
1222,2026-05-02,4,11,17,22,32,41,34,24,28871684256,1202986844,124243558000,1000,124243558,15.2538542380289,4,https://www.dhlottery.co.kr/lt645/selectPstLt645InfoNew.do?srchDir=older&srchCursorLtEpsd=1229,OFFICIAL_DHLOTTERY_AJAX_JSON
1223,2026-05-09,16,18,20,32,33,39,26,16,29720866128,1857554133,122621163000,1000,122621163,15.05466663229,3,https://www.dhlottery.co.kr/lt645/selectPstLt645InfoNew.do?srchDir=older&srchCursorLtEpsd=1229,OFFICIAL_DHLOTTERY_AJAX_JSON
1224,2026-05-16,9,18,21,27,44,45,28,12,28978263000,2414855250,121110408000,1000,121110408,14.8691854940295,4,https://www.dhlottery.co.kr/lt645/selectPstLt645InfoNew.do?srchDir=older&srchCursorLtEpsd=1229,OFFICIAL_DHLOTTERY_AJAX_JSON
1225,2026-05-23,8,9,19,25,41,42,33,13,28965730131,2228133087,120402887000,1000,120402887,14.7823204494503,4,https://www.dhlottery.co.kr/lt645/selectPstLt645InfoNew.do?srchDir=older&srchCursorLtEpsd=1229,OFFICIAL_DHLOTTERY_AJAX_JSON
1226,2026-05-30,4,6,13,17,26,28,41,10,28152301130,2815230113,120259943000,1000,120259943,14.7647706708115,6,https://www.dhlottery.co.kr/lt645/selectPstLt645InfoNew.do?srchDir=older&srchCursorLtEpsd=1229,OFFICIAL_DHLOTTERY_AJAX_JSON
1227,2026-06-06,1,14,16,34,41,44,13,11,29422893005,2674808455,118882558000,1000,118882558,14.5956638747904,3,https://www.dhlottery.co.kr/lt645/selectPstLt645InfoNew.do?srchDir=older&srchCursorLtEpsd=1229,OFFICIAL_DHLOTTERY_AJAX_JSON
1228,2026-06-13,24,29,30,31,35,44,1,11,29681678631,2698334421,119052273000,1000,119052273,14.6165004309361,4,https://www.dhlottery.co.kr/lt645/selectPstLt645InfoNew.do?srchDir=older&srchCursorLtEpsd=1229,OFFICIAL_DHLOTTERY_AJAX_JSON
1229,2026-06-20,12,13,29,34,37,42,16,8,28158072000,3519759000,116155532000,1000,116155532,14.2608565191662,3,https://www.dhlottery.co.kr/lt645/selectPstLt645InfoNew.do?srchDir=older&srchCursorLtEpsd=1239,OFFICIAL_DHLOTTERY_AJAX_JSON
1230,2026-06-27,3,8,9,22,28,42,45,16,28341715136,1771357196,120177677000,1000,120177677,14.7546705610517,5,https://www.dhlottery.co.kr/lt645/selectPstLt645InfoNew.do?srchDir=older&srchCursorLtEpsd=1239,OFFICIAL_DHLOTTERY_AJAX_JSON
1231,2026-07-04,4,13,14,18,31,38,15,17,28100831258,1652990074,118084580000,1000,118084580,14.4976930802229,5,https://www.dhlottery.co.kr/lt645/selectPstLt645InfoNew.do?srchDir=older&srchCursorLtEpsd=1239,OFFICIAL_DHLOTTERY_AJAX_JSON
1232,2026-07-11,12,15,19,22,24,36,3,11,27865869009,2533260819,114636304000,1000,114636304,14.0743351184644,5,https://www.dhlottery.co.kr/lt645/selectPstLt645InfoNew.do?srchDir=older&srchCursorLtEpsd=1239,OFFICIAL_DHLOTTERY_AJAX_JSON
1233,2026-07-18,2,7,20,25,37,40,29,31,25976927276,837965396,116159776000,1000,116159776,14.2613775711904,4,https://www.dhlottery.co.kr/lt645/selectPstLt645InfoNew.do?srchDir=older&srchCursorLtEpsd=1239,OFFICIAL_DHLOTTERY_AJAX_JSON
1234,2026-07-25,1,15,19,31,35,43,27,18,28712332134,1595129563,115990429000,1000,115990429,14.2405861958046,4,https://www.dhlottery.co.kr/lt645/selectPstLt645InfoNew.do?srchDir=older&srchCursorLtEpsd=1239,OFFICIAL_DHLOTTERY_AJAX_JSON
1235,2026-08-01,6,7,11,15,39,43,20,9,27818654625,3090961625,115445069000,1000,115445069,14.1736302740557,4,https://www.dhlottery.co.kr/lt645/selectPstLt645InfoNew.do?srchDir=older&srchCursorLtEpsd=1239,OFFICIAL_DHLOTTERY_AJAX_JSON
1236,2026-08-08,12,18,21,29,34,38,10,11,26861113125,2441919375,114070835000,1000,114070835,14.0049103382909,4,https://www.dhlottery.co.kr/lt645/selectPstLt645InfoNew.do?srchDir=older&srchCursorLtEpsd=1239,OFFICIAL_DHLOTTERY_AJAX_JSON
1237,2026-08-15,10,20,23,34,37,40,36,23,27943451640,1214932680,118363161000,1000,118363161,14.5318955293147,3,https://www.dhlottery.co.kr/lt645/selectPstLt645InfoNew.do?srchDir=older&srchCursorLtEpsd=1239,OFFICIAL_DHLOTTERY_AJAX_JSON
1238,2026-08-22,2,13,18,32,38,42,22,23,27536950514,1197258718,114537798000,1000,114537798,14.0622411621277,3,https://www.dhlottery.co.kr/lt645/selectPstLt645InfoNew.do?srchDir=older&srchCursorLtEpsd=1239,OFFICIAL_DHLOTTERY_AJAX_JSON
