configuration,target_round,source_boundary,prior_bonus_rank,bonus_score,candidate_count_K,zone_numbers,main_hits_H,expected_hit,recovery_excess,interaction_score,future_leakage_flag
L5-M2,21,20,7,-3,17,1 2 15 16 21 22 25 26 27 28 29 33 34 41 42 44 45,0,2.2666666666666666,-2.2666666666666666,6.8,0
L5-M2,22,21,5,-1,20,1 2 7 8 15 16 21 22 24 25 26 27 28 29 33 34 41 42 44 45,1,2.6666666666666665,-1.6666666666666665,1.6666666666666665,0
L5-M2,23,22,6,-2,20,1 2 15 16 21 22 24 25 26 27 28 29 33 34 36 37 41 42 44 45,2,2.6666666666666665,-0.6666666666666665,1.333333333333333,0
L5-M2,24,23,7,-3,19,1 2 3 15 16 21 22 24 25 26 27 28 29 34 35 36 37 44 45,3,2.533333333333333,0.4666666666666668,-1.4000000000000004,0
L5-M2,25,24,1,3,18,1 2 3 15 16 21 22 24 25 26 34 35 37 38 40 41 44 45,4,2.4,1.6,4.800000000000001,0
L5-M2,26,25,3,1,18,9 10 11 14 15 16 19 20 22 23 24 25 34 35 37 38 40 41,2,2.4,-0.3999999999999999,-0.3999999999999999,0
L5-M2,27,26,7,-3,19,9 10 11 12 14 15 16 22 23 24 30 31 32 34 35 37 38 40 41,1,2.533333333333333,-1.5333333333333332,4.6,0
L5-M2,28,27,4,0,19,9 10 11 12 14 15 16 22 23 24 30 31 32 34 35 38 39 40 41,3,2.533333333333333,0.4666666666666668,0.0,0
L5-M2,29,28,1,3,18,10 11 12 13 14 15 16 17 30 31 32 33 34 38 39 40 41 42,4,2.4,1.6,4.800000000000001,0
L5-M2,30,29,3,1,14,10 11 12 14 15 16 17 29 30 31 32 33 41 42,1,1.8666666666666667,-0.8666666666666667,-0.8666666666666667,0
L5-M2,31,30,1,3,17,2 3 10 11 12 14 15 16 21 22 29 30 31 32 33 41 42,0,2.2666666666666666,-2.2666666666666666,-6.8,0
L5-M2,32,31,6,-2,18,2 3 4 10 11 12 14 15 16 21 22 29 30 31 32 33 41 42,1,2.4,-1.4,2.8,0
L5-M2,33,32,2,2,20,2 3 4 10 11 12 15 16 21 22 26 27 29 30 31 32 33 41 42 43,4,2.6666666666666665,1.3333333333333335,2.666666666666667,0
L5-M2,34,33,3,1,18,2 3 10 11 12 15 16 21 22 26 27 29 30 31 37 38 42 43,3,2.4,0.6000000000000001,0.6000000000000001,0
L5-M2,35,34,1,3,16,1 2 3 10 11 12 13 15 16 21 22 29 30 31 38 39,3,2.1333333333333333,0.8666666666666667,2.6,0
L5-M2,36,35,6,-2,13,12 13 15 16 17 20 21 22 29 30 31 38 39,0,1.7333333333333334,-1.7333333333333334,3.466666666666667,0
L5-M2,37,36,6,-2,14,12 13 15 16 17 18 20 21 22 29 30 31 38 39,1,1.8666666666666667,-0.8666666666666667,1.7333333333333334,0
L5-M2,38,37,7,-3,19,5 6 12 13 14 15 16 17 18 19 20 21 22 24 25 38 39 44 45,3,2.533333333333333,0.4666666666666668,-1.4000000000000004,0
L5-M2,39,38,5,-1,19,4 5 6 12 13 14 15 18 19 20 21 24 25 31 32 38 39 44 45,4,2.533333333333333,1.4666666666666668,-1.4666666666666668,0
L5-M2,40,39,3,1,17,4 5 8 9 18 19 20 24 25 31 32 38 39 41 42 44 45,3,2.2666666666666666,0.7333333333333334,0.7333333333333334,0
L5-M2,41,40,1,3,16,2 3 4 5 8 9 11 12 31 32 38 39 41 42 44 45,1,2.1333333333333333,-1.1333333333333333,-3.4,0
L5-M2,42,41,4,0,20,1 2 3 4 5 8 9 10 11 12 28 29 31 32 39 40 41 42 44 45,1,2.6666666666666665,-1.6666666666666665,-0.0,0
L5-M2,43,42,1,3,21,1 2 3 4 5 8 9 10 11 12 27 28 29 33 34 39 40 41 42 44 45,2,2.8,-0.7999999999999998,-2.3999999999999995,0
L5-M2,44,43,1,3,21,1 2 3 4 5 8 9 10 11 12 27 28 29 30 33 34 36 37 40 41 42,3,2.8,0.20000000000000018,0.6000000000000005,0
L5-M2,45,44,6,-2,20,1 2 4 5 8 9 10 14 15 16 27 28 29 33 34 36 37 40 41 42,4,2.6666666666666665,1.3333333333333335,-2.666666666666667,0
L5-M2,46,45,3,1,18,4 5 7 8 9 14 15 16 24 25 26 28 29 36 37 40 41 42,2,2.4,-0.3999999999999999,-0.3999999999999999,0
L5-M2,47,46,7,-3,13,4 5 24 25 26 28 29 36 37 40 41 42 43,2,1.7333333333333334,0.2666666666666666,-0.7999999999999998,0
L5-M2,48,47,4,0,12,4 5 18 19 24 25 28 29 40 41 42 43,1,1.6,-0.6000000000000001,-0.0,0
L5-M2,49,48,1,3,12,4 5 24 25 28 29 39 40 41 42 43 44,2,1.6,0.3999999999999999,1.1999999999999997,0
L5-M2,50,49,5,-1,15,2 3 11 12 21 22 24 25 28 29 30 41 42 43 44,4,2.0,2.0,-2.0,0
L5-M2,51,50,1,3,13,20 21 24 25 27 28 29 30 34 35 41 42 43,0,1.7333333333333334,-1.7333333333333334,-5.2,0
L5-M2,52,51,6,-2,16,8 9 20 21 23 24 25 27 28 29 30 34 35 41 42 43,2,2.1333333333333333,-0.1333333333333333,0.2666666666666666,0
L5-M2,53,52,1,3,18,8 9 13 14 23 24 25 27 28 30 31 32 34 35 36 41 42 43,3,2.4,0.6000000000000001,1.8000000000000003,0
L5-M2,54,53,7,-3,19,5 6 17 18 23 24 25 27 28 30 31 34 35 36 37 38 41 42 43,2,2.533333333333333,-0.5333333333333332,1.5999999999999996,0
L5-M2,55,54,6,-2,18,5 6 17 18 19 23 24 25 30 31 34 35 37 38 40 41 42 43,4,2.4,1.6,-3.2,0
L5-M2,56,55,1,3,17,5 6 9 10 12 13 18 19 22 23 24 25 34 35 41 42 43,1,2.2666666666666666,-1.2666666666666666,-3.8,0
L5-M2,57,56,3,1,17,5 6 11 12 13 18 19 22 23 24 25 26 34 35 41 42 43,1,2.2666666666666666,-1.2666666666666666,-1.2666666666666666,0
L5-M2,58,57,1,3,19,2 3 4 5 6 11 12 13 18 19 20 22 23 24 34 35 41 42 43,1,2.533333333333333,-1.5333333333333332,-4.6,0
L5-M2,59,58,1,3,18,2 3 4 5 6 11 12 13 18 19 20 22 23 34 35 41 42 43,2,2.4,-0.3999999999999999,-1.1999999999999997,0
L5-M2,60,59,2,2,22,1 2 3 4 5 8 9 11 12 13 18 19 20 22 23 26 27 28 34 35 42 43,3,2.933333333333333,0.06666666666666687,0.13333333333333375,0
L5-M2,61,60,3,1,18,3 4 5 11 12 13 17 18 19 20 21 22 23 26 27 28 34 35,1,2.4,-1.4,-1.4,0
L5-M2,62,61,1,3,19,3 4 5 11 12 13 17 18 20 21 22 23 26 27 28 31 32 34 35,3,2.533333333333333,0.4666666666666668,1.4000000000000004,0
L5-M2,63,62,4,0,14,4 5 11 12 13 16 17 18 20 21 22 23 31 32,2,1.8666666666666667,0.1333333333333333,0.0,0
L5-M2,64,63,2,2,16,4 5 9 10 11 12 13 16 17 18 21 22 31 32 33 34,2,2.1333333333333333,-0.1333333333333333,-0.2666666666666666,0
L5-M2,65,64,7,-3,17,4 5 6 7 9 10 11 12 13 16 17 31 32 33 34 44 45,2,2.2666666666666666,-0.2666666666666666,0.7999999999999998,0
L5-M2,66,65,5,-1,18,1 2 5 6 7 9 10 11 12 13 16 17 31 32 41 42 44 45,3,2.4,0.6000000000000001,-0.6000000000000001,0
L5-M2,67,66,7,-3,14,5 6 9 10 11 12 13 30 31 32 41 42 44 45,1,1.8666666666666667,-0.8666666666666667,2.6,0
L5-M2,68,67,5,-1,19,5 6 8 9 11 12 13 27 28 29 30 31 32 34 35 41 42 44 45,1,2.533333333333333,-1.5333333333333332,1.5333333333333332,0
L5-M2,69,68,6,-2,18,5 6 8 9 19 20 27 28 29 30 31 32 34 35 41 42 44 45,3,2.4,0.6000000000000001,-1.2000000000000002,0
L5-M2,70,69,6,-2,14,20 21 27 28 29 30 31 32 34 35 41 42 44 45,1,1.8666666666666667,-0.8666666666666667,1.7333333333333334,0
L5-M2,71,70,5,-1,14,20 21 29 30 31 32 33 34 35 40 41 42 44 45,2,1.8666666666666667,0.1333333333333333,-0.1333333333333333,0
L5-M2,72,71,5,-1,16,1 2 17 18 20 21 23 24 30 31 32 33 34 35 44 45,2,2.1333333333333333,-0.1333333333333333,0.1333333333333333,0
L5-M2,73,72,1,3,17,6 7 20 21 23 24 30 31 32 33 34 35 36 37 38 44 45,1,2.2666666666666666,-1.2666666666666666,-3.8,0
L5-M2,74,73,5,-1,16,6 7 20 21 23 24 30 31 33 34 35 36 37 38 44 45,2,2.1333333333333333,-0.1333333333333333,0.1333333333333333,0
L5-M2,75,74,5,-1,18,7 8 13 14 20 21 23 24 30 31 33 34 36 37 38 39 44 45,3,2.4,0.6000000000000001,-0.6000000000000001,0
L5-M2,76,75,4,0,15,7 8 13 14 19 20 21 22 23 30 31 36 37 38 39,2,2.0,0.0,0.0,0
L5-M2,77,76,7,-3,17,7 8 9 10 13 14 19 20 21 28 29 30 31 38 39 41 42,1,2.2666666666666666,-1.2666666666666666,3.8,0
L5-M2,78,77,5,-1,19,7 8 9 10 11 13 14 19 20 21 26 27 28 30 31 38 39 41 42,2,2.533333333333333,-0.5333333333333332,0.5333333333333332,0
L5-M2,79,78,7,-3,17,7 8 9 11 12 19 20 21 26 27 28 30 31 38 39 41 42,3,2.2666666666666666,0.7333333333333334,-2.2,0
L5-M2,80,79,3,1,14,6 7 8 9 16 17 19 20 21 38 39 40 41 42,1,1.8666666666666667,-0.8666666666666667,-0.8666666666666667,0
L5-M2,81,80,1,3,14,4 5 6 7 8 9 19 20 21 38 39 40 41 42,3,1.8666666666666667,1.1333333333333333,3.4,0
L5-M2,82,81,2,2,15,8 9 14 15 16 21 22 23 36 37 38 39 40 41 42,2,2.0,0.0,0.0,0
L5-M2,83,82,6,-2,16,8 9 15 16 21 22 23 36 37 38 39 40 41 43 44 45,1,2.1333333333333333,-1.1333333333333333,2.2666666666666666,0
L5-M2,84,83,3,1,17,8 9 21 22 23 28 29 35 36 37 38 39 40 41 43 44 45,2,2.2666666666666666,-0.2666666666666666,-0.2666666666666666,0
L5-M2,85,84,1,3,17,8 9 21 22 28 29 31 32 35 36 37 38 39 40 41 43 44,3,2.2666666666666666,0.7333333333333334,2.2,0
L5-M2,86,85,4,0,15,21 22 24 25 26 28 29 30 37 38 39 40 41 43 44,3,2.0,1.0,0.0,0
L5-M2,87,86,3,1,15,4 5 20 21 22 24 25 26 28 29 30 32 33 43 44,2,2.0,0.0,0.0,0
L5-M2,88,87,5,-1,11,20 21 22 24 25 26 28 29 30 32 33,3,1.4666666666666666,1.5333333333333334,-1.5333333333333334,0
L5-M2,89,88,5,-1,15,9 10 11 14 15 18 19 21 22 25 26 28 29 32 33,4,2.0,2.0,-2.0,0
L5-M2,90,89,6,-2,9,9 10 11 14 15 18 19 21 22,0,1.2,-1.2,2.4,0
L5-M2,91,90,1,3,16,5 6 7 8 9 10 11 13 14 15 18 19 21 22 31 32,1,2.1333333333333333,-1.1333333333333333,-3.4,0
L5-M2,92,91,5,-1,18,2 3 5 6 7 8 9 10 11 13 14 15 18 19 31 32 36 37,3,2.4,0.6000000000000001,-0.6000000000000001,0
L5-M2,93,92,3,1,17,5 6 7 8 9 10 11 12 13 15 16 18 19 22 23 31 32,2,2.2666666666666666,-0.2666666666666666,-0.2666666666666666,0
L5-M2,94,93,2,2,14,7 8 9 10 11 12 13 15 16 18 19 30 31 32,1,1.8666666666666667,-0.8666666666666667,-1.7333333333333334,0
L5-M2,95,94,2,2,15,7 8 9 10 11 12 13 15 16 18 19 27 28 30 31,3,2.0,1.0,2.0,0
L5-M2,96,95,2,2,10,9 10 11 12 13 15 16 18 19 20,0,1.3333333333333333,-1.3333333333333333,-2.6666666666666665,0
L5-M2,97,96,4,0,15,9 10 11 12 13 15 16 18 19 20 25 26 28 29 30,2,2.0,0.0,0.0,0
L5-M2,98,97,1,3,12,9 10 11 12 13 18 19 25 26 28 29 30,1,1.6,-0.6000000000000001,-1.8000000000000003,0
L5-M2,99,98,7,-3,14,10 11 12 13 18 19 25 26 28 29 30 37 38 39,3,1.8666666666666667,1.1333333333333333,-3.4,0
L5-M2,100,99,4,0,16,4 5 11 12 13 18 19 25 26 38 39 40 41 42 44 45,2,2.1333333333333333,-0.1333333333333333,-0.0,0
L5-M2,101,100,2,2,19,4 5 12 13 17 18 19 25 26 33 34 35 38 39 40 41 43 44 45,3,2.533333333333333,0.4666666666666668,0.9333333333333336,0
L5-M2,102,101,3,1,20,4 5 12 13 18 19 21 22 25 26 30 31 33 34 38 39 40 41 43 44,3,2.6666666666666665,0.3333333333333335,0.3333333333333335,0
L5-M2,103,102,7,-3,18,4 5 12 13 14 15 18 19 20 21 30 31 33 34 38 39 43 44,4,2.4,1.6,-4.800000000000001,0
L5-M2,104,103,2,2,14,8 9 12 13 18 19 20 21 33 34 38 39 43 44,3,1.8666666666666667,1.1333333333333333,2.2666666666666666,0
L5-M2,105,104,5,-1,13,8 9 10 12 13 18 19 20 21 28 29 38 39,3,1.7333333333333334,1.2666666666666666,-1.2666666666666666,0
L5-M2,106,105,4,0,13,6 7 11 12 13 18 19 28 29 36 37 38 39,1,1.7333333333333334,-0.7333333333333334,-0.0,0
L5-M2,107,106,6,-2,13,1 2 3 6 7 18 19 28 29 36 37 38 39,2,1.7333333333333334,0.2666666666666666,-0.5333333333333332,0
L5-M2,108,107,6,-2,14,2 3 18 19 25 26 28 29 35 36 37 38 39 40,2,1.8666666666666667,0.1333333333333333,-0.2666666666666666,0
L5-M2,109,108,2,2,16,2 3 13 14 15 16 25 26 27 28 35 36 37 38 39 40,1,2.1333333333333333,-1.1333333333333333,-2.2666666666666666,0
L5-M2,110,109,3,1,15,2 3 13 14 15 16 17 25 26 27 28 37 38 39 40,0,2.0,-2.0,-2.0,0
L5-M2,111,110,1,3,16,2 3 13 14 15 16 17 25 26 27 28 37 38 39 40 41,1,2.1333333333333333,-1.1333333333333333,-3.4,0
L5-M2,112,111,3,1,18,2 3 10 11 12 13 14 15 16 17 24 25 26 27 28 37 38 39,1,2.4,-1.4,-1.4,0
L5-M2,113,112,7,-3,20,2 3 4 8 9 10 11 12 13 14 15 16 17 24 25 27 28 37 38 39,3,2.6666666666666665,0.3333333333333335,-1.0000000000000004,0
L5-M2,114,113,3,1,15,2 3 10 11 12 13 14 15 16 17 24 25 37 38 39,2,2.0,0.0,0.0,0
L5-M2,115,114,1,3,17,1 2 3 5 6 12 13 15 16 17 24 25 34 35 37 38 39,4,2.2666666666666666,1.7333333333333334,5.2,0
L5-M2,116,115,7,-3,17,12 13 15 16 17 20 21 22 23 24 34 35 37 38 39 43 44,2,2.2666666666666666,-0.2666666666666666,0.7999999999999998,0
L5-M2,117,116,3,1,18,7 8 12 13 15 16 17 18 20 21 22 23 24 38 39 40 43 44,2,2.4,-0.3999999999999999,-0.3999999999999999,0
L5-M2,118,117,5,-1,19,7 8 12 13 15 16 17 18 20 21 23 24 29 30 38 39 40 42 43,1,2.533333333333333,-1.5333333333333332,1.5333333333333332,0
L5-M2,119,118,7,-3,19,7 8 12 13 15 16 20 21 23 24 29 30 32 33 38 39 40 42 43,2,2.533333333333333,-0.5333333333333332,1.5999999999999996,0
L5-M2,120,119,7,-3,18,7 8 15 16 23 24 26 27 29 30 32 33 38 39 40 41 42 43,1,2.4,-1.4,4.199999999999999,0
L5-M2,121,120,5,-1,18,7 8 9 15 16 23 24 26 27 28 29 30 38 39 40 41 42 43,4,2.4,1.6,-1.6,0
L5-M2,122,121,1,3,16,1 2 7 8 9 15 16 23 24 25 26 27 39 40 41 42,3,2.1333333333333333,0.8666666666666667,2.6,0
L5-M2,123,122,2,2,12,7 8 9 23 24 25 26 27 41 42 44 45,2,1.6,0.3999999999999999,0.7999999999999998,0
L5-M2,124,123,4,0,12,8 9 19 20 22 23 24 25 26 27 41 42,3,1.6,1.4,0.0,0
L5-M2,125,124,1,3,13,2 3 8 9 13 14 15 19 20 21 22 26 27,2,1.7333333333333334,0.2666666666666666,0.7999999999999998,0
L5-M2,126,125,3,1,13,5 6 9 10 13 14 15 19 20 21 22 26 27,3,1.7333333333333334,1.2666666666666666,1.2666666666666666,0
L5-M2,127,126,1,3,11,5 6 9 10 12 13 14 15 37 38 39,2,1.4666666666666666,0.5333333333333334,1.6000000000000003,0
L5-M2,128,127,6,-2,8,11 12 13 14 15 37 38 39,2,1.0666666666666667,0.9333333333333333,-1.8666666666666667,0
L5-M2,129,128,6,-2,8,13 14 15 17 18 19 38 39,2,1.0666666666666667,0.9333333333333333,-1.8666666666666667,0
L5-M2,130,129,1,3,6,13 14 15 16 17 18,0,0.8,-0.8,-2.4000000000000004,0
L5-M2,131,130,5,-1,10,1 2 8 9 13 14 15 16 17 18,3,1.3333333333333333,1.6666666666666667,-1.6666666666666667,0
L5-M2,132,131,7,-3,8,1 2 16 17 18 39 40 41,2,1.0666666666666667,0.9333333333333333,-2.8,0
L5-M2,133,132,6,-2,12,1 2 4 5 6 31 32 33 39 40 43 44,1,1.6,-0.6000000000000001,1.2000000000000002,0
L5-M2,134,133,3,1,18,1 2 5 6 12 13 29 30 31 32 33 35 36 37 39 40 43 44,3,2.4,0.6000000000000001,0.6000000000000001,0
L5-M2,135,134,7,-3,16,1 2 5 6 28 29 30 32 33 36 37 38 39 40 43 44,3,2.1333333333333333,0.8666666666666667,-2.6,0
L5-M2,136,135,3,1,14,1 2 24 25 29 30 32 33 36 37 38 42 43 44,4,1.8666666666666667,2.1333333333333333,2.1333333333333333,0
L5-M2,137,136,2,2,12,8 9 10 11 24 25 32 33 37 38 43 44,2,1.6,0.3999999999999999,0.7999999999999998,0
L5-M2,138,137,3,1,10,10 11 32 33 34 37 38 43 44 45,3,1.3333333333333333,1.6666666666666667,1.6666666666666667,0
L5-M2,139,138,3,1,11,4 5 17 18 19 32 33 34 43 44 45,1,1.4666666666666666,-0.46666666666666656,-0.46666666666666656,0
L5-M2,140,139,3,1,16,3 4 5 12 13 17 18 19 23 24 31 32 33 34 44 45,5,2.1333333333333333,2.8666666666666667,2.8666666666666667,0
L5-M2,141,140,2,2,14,4 5 6 21 22 23 24 31 32 33 34 35 44 45,1,1.8666666666666667,-0.8666666666666667,-1.7333333333333334,0
L5-M2,142,141,1,3,17,1 2 4 5 6 21 22 23 24 32 33 34 35 40 41 44 45,3,2.2666666666666666,0.7333333333333334,2.2,0
L5-M2,143,142,3,1,16,1 2 4 5 6 7 21 22 23 24 25 26 32 33 35 36,1,2.1333333333333333,-1.1333333333333333,-1.1333333333333333,0
L5-M2,144,143,1,3,18,1 2 4 5 6 7 21 22 23 24 25 32 33 35 36 37 38 39,3,2.4,0.6000000000000001,1.8000000000000003,0
L5-M2,145,144,7,-3,18,1 2 5 6 7 9 10 11 20 21 22 23 24 25 32 33 38 39,2,2.4,-0.3999999999999999,1.1999999999999997,0
L5-M2,146,145,3,1,17,5 6 7 9 10 11 18 19 21 22 23 24 25 32 33 38 39,1,2.2666666666666666,-1.2666666666666666,-1.2666666666666666,0
L5-M2,147,146,3,1,17,5 6 7 8 9 10 11 21 22 23 24 25 31 32 33 38 39,2,2.2666666666666666,-0.2666666666666666,-0.2666666666666666,0
L5-M2,148,147,5,-1,18,7 8 9 10 11 12 22 23 24 25 29 30 31 32 33 34 38 39,3,2.4,0.6000000000000001,-0.6000000000000001,0
L5-M2,149,148,1,3,16,7 8 9 10 11 12 22 23 24 28 29 30 31 32 38 39,1,2.1333333333333333,-1.1333333333333333,-3.4,0
L5-M2,150,149,4,0,20,7 8 9 10 14 15 16 17 18 22 23 24 28 29 30 31 32 37 38 39,4,2.6666666666666665,1.3333333333333335,0.0,0
L5-M2,151,150,2,2,18,7 8 9 10 14 15 16 17 22 23 24 29 30 31 32 43 44 45,1,2.4,-1.4,-2.8,0
L5-M2,152,151,5,-1,19,7 8 9 14 15 16 17 22 23 24 26 27 29 30 31 32 43 44 45,2,2.533333333333333,-0.5333333333333332,0.5333333333333332,0
L5-M2,153,152,7,-3,19,3 4 6 7 8 9 14 15 16 17 22 23 24 30 31 32 43 44 45,2,2.533333333333333,-0.5333333333333332,1.5999999999999996,0
L5-M2,154,153,6,-2,16,6 7 14 15 16 17 22 23 24 30 31 32 33 43 44 45,2,2.1333333333333333,-0.1333333333333333,0.2666666666666666,0
L5-M2,155,154,3,1,15,14 15 16 17 22 23 24 30 31 32 33 41 42 43 44,4,2.0,2.0,2.0,0
L5-M2,156,155,1,3,16,14 15 22 23 24 25 27 28 30 31 37 38 39 42 43 44,3,2.1333333333333333,0.8666666666666667,2.6,0
L5-M2,157,156,1,3,13,9 10 14 15 22 23 24 25 37 38 39 43 44,1,1.7333333333333334,-0.7333333333333334,-2.2,0
L5-M2,158,157,6,-2,14,1 2 9 10 14 15 22 23 24 25 37 38 43 44,1,1.8666666666666667,-0.8666666666666667,1.7333333333333334,0
L5-M2,159,158,2,2,19,1 2 3 7 8 10 11 12 14 15 22 23 24 25 36 37 38 43 44,2,2.533333333333333,-0.5333333333333332,-1.0666666666666664,0
L5-M2,160,159,4,0,17,2 3 6 7 8 10 11 12 14 15 22 23 24 25 36 37 38,3,2.2666666666666666,0.7333333333333334,0.0,0
L5-M2,161,160,1,3,16,10 11 12 14 15 16 17 22 23 24 25 31 32 36 37 38,2,2.1333333333333333,-0.1333333333333333,-0.3999999999999999,0
L5-M2,162,161,6,-2,19,5 6 10 11 12 14 15 16 17 23 24 25 27 28 29 31 32 37 38,3,2.533333333333333,0.4666666666666668,-0.9333333333333336,0
L5-M2,163,162,4,0,18,10 11 12 14 15 16 17 19 20 23 24 26 27 28 29 31 32 33,4,2.4,1.6,0.0,0
L5-M2,164,163,3,1,15,9 10 12 13 14 15 16 17 19 20 23 24 31 32 33,2,2.0,0.0,0.0,0
L5-M2,165,164,5,-1,15,12 13 14 15 16 17 18 19 20 23 24 30 31 32 33,3,2.0,1.0,-1.0,0
L5-M2,166,165,6,-2,13,2 3 4 14 15 16 17 23 24 30 31 32 33,0,1.7333333333333334,-1.7333333333333334,3.466666666666667,0
L5-M2,167,166,3,1,15,2 3 4 14 15 16 17 23 24 30 31 32 33 34 35,2,2.0,0.0,0.0,0
L5-M2,168,167,1,3,17,1 2 3 4 14 15 16 17 20 21 31 32 33 34 35 37 38,2,2.2666666666666666,-0.2666666666666666,-0.7999999999999998,0
L5-M2,169,168,3,1,18,1 2 7 8 14 15 16 17 20 21 25 26 32 33 34 35 37 38,3,2.4,0.6000000000000001,0.6000000000000001,0
L5-M2,170,169,2,2,14,1 2 6 7 8 14 15 20 21 25 26 32 33 34,2,1.8666666666666667,0.1333333333333333,0.2666666666666666,0
L5-M2,171,170,2,2,17,4 5 6 7 8 17 18 19 20 21 22 23 25 26 32 33 34,3,2.2666666666666666,0.7333333333333334,1.4666666666666668,0
L5-M2,172,171,1,3,14,5 6 7 8 9 17 18 19 20 21 22 23 32 33,2,1.8666666666666667,0.1333333333333333,0.3999999999999999,0
L5-M2,173,172,6,-2,13,5 6 7 8 9 17 18 22 23 32 33 38 39,2,1.7333333333333334,0.2666666666666666,-0.5333333333333332,0
L5-M2,174,173,3,1,11,5 6 7 8 17 18 22 23 38 39 40,3,1.4666666666666666,1.5333333333333334,1.5333333333333334,0
L5-M2,175,174,3,1,12,5 6 7 8 27 28 36 37 38 43 44 45,2,1.6,0.3999999999999999,0.3999999999999999,0
L5-M2,176,175,1,3,15,1 2 5 6 7 8 10 11 12 37 38 42 43 44 45,0,2.0,-2.0,-6.0,0
L5-M2,177,176,2,2,17,1 2 5 6 7 8 10 11 12 15 16 37 38 42 43 44 45,5,2.2666666666666666,2.7333333333333334,5.466666666666667,0
L5-M2,178,177,2,2,13,5 6 7 8 11 12 20 21 40 41 42 44 45,3,1.7333333333333334,1.2666666666666666,2.533333333333333,0
L5-M2,179,178,3,1,15,2 3 6 7 8 9 20 21 24 25 40 41 42 44 45,2,2.0,0.0,0.0,0
L5-M2,180,179,5,-1,15,2 3 6 7 8 14 15 20 21 22 40 41 42 44 45,4,2.0,2.0,-2.0,0
L5-M2,181,180,5,-1,13,6 7 8 26 27 28 35 36 40 41 42 44 45,2,1.7333333333333334,0.2666666666666666,-0.2666666666666666,0
L5-M2,182,181,6,-2,14,3 4 6 7 8 26 27 28 30 31 35 36 41 42,1,1.8666666666666667,-0.8666666666666667,1.7333333333333334,0
L5-M2,183,182,6,-2,13,3 4 6 7 8 30 31 35 36 37 38 41 42,1,1.7333333333333334,-0.7333333333333334,1.4666666666666668,0
L5-M2,184,183,2,2,14,3 4 6 7 8 10 11 12 30 31 35 36 37 38,1,1.8666666666666667,-0.8666666666666667,-1.7333333333333334,0
L5-M2,185,184,7,-3,20,3 4 5 7 8 9 10 11 12 25 26 30 31 35 36 37 38 39 43 44,3,2.6666666666666665,0.3333333333333335,-1.0000000000000004,0
L5-M2,186,185,5,-1,13,9 10 11 12 25 26 30 31 35 36 37 43 44,1,1.7333333333333334,-0.7333333333333334,0.7333333333333334,0
L5-M2,187,186,2,2,14,11 12 22 23 25 26 30 31 32 35 36 37 43 44,0,1.8666666666666667,-1.8666666666666667,-3.7333333333333334,0
L5-M2,188,187,7,-3,17,11 12 13 22 23 25 26 27 28 30 31 32 35 36 37 43 44,3,2.2666666666666666,0.7333333333333334,-2.2,0
L5-M2,189,188,7,-3,16,11 12 13 22 23 25 26 35 36 37 39 40 41 42 43 44,2,2.1333333333333333,-0.1333333333333333,0.3999999999999999,0
L5-M2,190,189,3,1,19,5 6 7 11 12 13 15 16 17 22 23 25 26 39 40 41 42 43 44,1,2.533333333333333,-1.5333333333333332,-1.5333333333333332,0
L5-M2,191,190,3,1,18,5 6 7 11 12 13 15 16 17 22 23 25 26 39 40 41 42 43,3,2.4,0.6000000000000001,0.6000000000000001,0
L5-M2,192,191,3,1,19,3 4 9 10 11 12 13 15 16 17 20 21 22 23 39 40 41 42 43,2,2.533333333333333,-0.5333333333333332,-0.5333333333333332,0
L5-M2,193,192,5,-1,22,1 2 3 9 10 12 13 15 16 17 20 21 22 23 28 29 38 39 40 41 42 43,1,2.933333333333333,-1.9333333333333331,1.9333333333333331,0
L5-M2,194,193,2,2,24,1 2 3 9 10 12 13 15 16 17 19 20 21 22 23 27 28 29 33 34 40 41 42 43,3,3.2,-0.20000000000000018,-0.40000000000000036,0
L5-M2,195,194,5,-1,21,1 2 3 9 10 12 13 16 17 21 22 27 28 29 33 34 35 40 41 42 43,4,2.8,1.2000000000000002,-1.2000000000000002,0
L5-M2,196,195,5,-1,17,1 2 3 12 13 16 17 27 28 29 30 31 33 34 41 42 43,1,2.2666666666666666,-1.2666666666666666,1.2666666666666666,0
L5-M2,197,196,1,3,19,1 2 3 12 13 16 17 24 25 27 28 29 30 31 32 33 34 42 43,4,2.533333333333333,1.4666666666666668,4.4,0
L5-M2,198,197,1,3,16,1 2 3 4 5 8 9 24 25 27 28 29 30 31 32 33,1,2.1333333333333333,-1.1333333333333333,-3.4,0
L5-M2,199,198,1,3,19,1 2 3 4 5 6 8 9 13 14 17 18 27 28 29 30 31 32 33,2,2.533333333333333,-0.5333333333333332,-1.5999999999999996,0
L5-M2,200,199,7,-3,21,1 2 3 4 5 6 8 9 17 18 23 24 26 27 28 29 31 32 33 38 39,3,2.8,0.20000000000000018,-0.6000000000000005,0
L5-M2,201,200,3,1,20,1 2 3 4 8 9 10 11 23 24 26 27 28 29 31 32 33 38 39 40,5,2.6666666666666665,2.3333333333333335,2.3333333333333335,0
L5-M2,202,201,4,0,12,1 2 8 9 10 26 27 28 29 31 32 33,2,1.6,0.3999999999999999,0.0,0
L5-M2,203,202,3,1,16,1 2 7 8 9 10 15 16 28 29 31 32 34 35 42 43,2,2.1333333333333333,-0.1333333333333333,-0.1333333333333333,0
L5-M2,204,203,3,1,16,7 8 9 10 15 16 18 19 28 29 34 35 40 41 42 43,2,2.1333333333333333,-0.1333333333333333,-0.1333333333333333,0
L5-M2,205,204,2,2,20,7 8 9 10 15 16 18 19 21 22 23 25 26 28 29 36 37 41 42 43,3,2.6666666666666665,0.3333333333333335,0.666666666666667,0
L5-M2,206,205,5,-1,20,4 5 6 7 8 9 10 15 16 17 18 19 20 22 23 25 26 41 42 43,3,2.6666666666666665,0.3333333333333335,-0.3333333333333335,0
L5-M2,207,206,7,-3,16,4 5 6 7 8 9 10 16 17 18 19 22 23 41 42 43,0,2.1333333333333333,-2.1333333333333333,6.4,0
L5-M2,208,207,7,-3,24,4 5 6 7 8 9 10 16 17 18 19 22 23 26 27 28 33 34 38 39 41 42 43 44,2,3.2,-1.2000000000000002,3.6000000000000005,0
L5-M2,209,208,2,2,22,4 5 6 7 8 9 10 16 17 18 19 22 23 24 26 27 28 38 39 41 42 43,3,2.933333333333333,0.06666666666666687,0.13333333333333375,0
L5-M2,210,209,7,-3,20,4 5 6 8 9 10 12 13 16 17 22 23 26 27 28 38 39 41 42 43,3,2.6666666666666665,0.3333333333333335,-1.0000000000000004,0
L5-M2,211,210,7,-3,21,4 5 6 8 9 12 13 16 17 26 27 28 29 30 35 36 38 39 41 42 43,4,2.8,1.2000000000000002,-3.6000000000000005,0
L5-M2,212,211,1,3,18,4 5 6 8 9 15 16 26 27 28 29 30 35 36 38 39 42 43,1,2.4,-1.4,-4.199999999999999,0
L5-M2,213,212,1,3,17,3 4 5 6 8 9 15 16 26 27 28 29 30 35 36 42 43,3,2.2666666666666666,0.7333333333333334,2.2,0
L5-M2,214,213,7,-3,19,8 9 14 15 16 26 27 28 29 30 34 35 36 39 40 42 43 44 45,1,2.533333333333333,-1.5333333333333332,4.6,0
L5-M2,215,214,6,-2,18,8 9 14 15 16 26 27 29 30 34 35 36 39 40 42 43 44 45,3,2.4,0.6000000000000001,-1.2000000000000002,0
L5-M2,216,215,3,1,14,8 9 10 22 23 26 27 29 30 34 35 36 39 40,2,1.8666666666666667,0.1333333333333333,0.1333333333333333,0
L5-M2,217,216,1,3,15,8 9 10 13 14 22 23 26 27 29 30 34 35 41 42,2,2.0,0.0,0.0,0
L5-M2,218,217,6,-2,18,8 9 10 11 12 13 14 18 19 21 22 23 29 30 31 32 41 42,4,2.4,1.6,-3.2,0
L5-M2,219,218,5,-1,14,9 10 11 12 13 21 22 23 24 30 31 32 41 42,1,1.8666666666666667,-0.8666666666666667,0.8666666666666667,0
L5-M2,220,219,3,1,16,5 6 9 10 12 13 21 22 23 24 25 30 31 32 41 42,2,2.1333333333333333,-0.1333333333333333,-0.1333333333333333,0
L5-M2,221,220,5,-1,15,2 3 9 10 12 13 22 23 24 25 30 31 32 41 42,1,2.0,-1.0,1.0,0
L5-M2,222,221,2,2,15,6 7 9 10 12 13 22 23 24 25 30 31 32 41 42,1,2.0,-1.0,-2.0,0
L5-M2,223,222,7,-3,16,9 10 12 13 15 16 17 22 23 24 25 30 31 32 41 42,0,2.1333333333333333,-2.1333333333333333,6.4,0
L5-M2,224,223,7,-3,20,8 9 10 12 13 14 15 16 17 22 23 24 25 30 31 32 41 42 44 45,2,2.6666666666666665,-0.6666666666666665,1.9999999999999996,0
L5-M2,225,224,2,2,17,8 9 10 12 13 14 15 16 17 22 23 24 25 31 32 44 45,2,2.2666666666666666,-0.2666666666666666,-0.5333333333333332,0
L5-M2,226,225,2,2,14,8 9 10 14 15 16 17 21 22 23 24 25 44 45,4,1.8666666666666667,2.1333333333333333,4.266666666666667,0
L5-M2,227,226,7,-3,18,9 10 15 16 17 23 24 25 32 33 34 35 37 38 40 41 44 45,2,2.4,-0.3999999999999999,1.1999999999999997,0
L5-M2,228,227,1,3,19,9 10 23 24 25 28 29 32 33 34 35 37 38 39 40 41 43 44 45,4,2.533333333333333,1.4666666666666668,4.4,0
L5-M2,229,228,2,2,13,9 10 23 24 28 29 32 33 34 37 38 40 41,3,1.7333333333333334,1.2666666666666666,2.533333333333333,0
L5-M2,230,229,6,-2,10,26 27 28 29 30 32 33 34 40 41,3,1.3333333333333333,1.6666666666666667,-3.3333333333333335,0
L5-M2,231,230,3,1,12,12 13 18 19 20 26 27 28 30 31 40 41,2,1.6,0.3999999999999999,0.3999999999999999,0
L5-M2,232,231,4,0,15,1 2 3 6 7 8 12 13 20 21 26 27 28 40 41,2,2.0,0.0,0.0,0
L5-M2,233,232,6,-2,17,1 2 3 6 7 15 16 20 21 22 26 27 28 40 41 42 43,3,2.2666666666666666,0.7333333333333334,-1.4666666666666668,0
L5-M2,234,233,6,-2,18,1 2 3 15 16 20 21 22 25 26 27 34 35 36 37 41 42 43,4,2.4,1.6,-3.2,0
L5-M2,235,234,1,3,13,1 2 3 15 16 34 35 36 38 39 41 42 43,0,1.7333333333333334,-1.7333333333333334,-5.2,0
L5-M2,236,235,1,3,18,1 2 3 14 15 16 29 30 32 33 34 35 36 38 39 41 42 43,2,2.4,-0.3999999999999999,-1.1999999999999997,0
L5-M2,237,236,3,1,18,2 3 14 15 16 18 19 20 29 30 32 33 34 35 36 41 42 43,0,2.4,-2.4,-2.4,0
L5-M2,238,237,6,-2,20,2 3 9 10 14 15 16 18 19 20 29 30 32 33 34 35 36 41 42 43,3,2.6666666666666665,0.3333333333333335,-0.666666666666667,0
L5-M2,239,238,7,-3,18,5 6 7 9 10 18 19 20 29 30 32 33 35 36 40 41 42 43,1,2.4,-1.4,4.199999999999999,0
L5-M2,240,239,1,3,16,5 6 7 9 10 18 19 20 29 30 32 33 35 36 42 43,3,2.1333333333333333,0.8666666666666667,2.6,0
L5-M2,241,240,4,0,14,18 19 20 22 23 25 26 27 29 30 32 33 35 36,2,1.8666666666666667,0.1333333333333333,0.0,0
L5-M2,242,241,3,1,20,7 8 9 12 13 14 18 19 20 22 23 25 26 29 30 32 33 36 37 38,3,2.6666666666666665,0.3333333333333335,0.3333333333333335,0
L5-M2,243,242,7,-3,17,7 8 9 12 13 14 17 18 22 23 25 26 29 30 36 37 38,2,2.2666666666666666,-0.2666666666666666,0.7999999999999998,0
L5-M2,244,243,6,-2,15,7 8 9 13 14 22 23 25 26 29 30 31 36 37 38,5,2.0,3.0,-6.0,0
L5-M2,245,244,3,1,12,7 8 9 14 15 22 23 29 30 31 44 45,2,1.6,0.3999999999999999,0.3999999999999999,0
L5-M2,246,245,3,1,16,5 6 7 8 14 15 22 23 29 30 39 40 41 43 44 45,2,2.1333333333333333,-0.1333333333333333,-0.1333333333333333,0
L5-M2,247,246,2,2,13,5 6 7 8 14 15 29 30 40 41 43 44 45,2,1.7333333333333334,0.2666666666666666,0.5333333333333332,0
L5-M2,248,247,2,2,14,3 4 5 6 7 8 29 30 33 34 35 43 44 45,3,1.8666666666666667,1.1333333333333333,2.2666666666666666,0
L5-M2,249,248,3,1,17,1 2 4 5 6 7 19 20 29 30 33 34 35 41 42 43 44,2,2.2666666666666666,-0.2666666666666666,-0.2666666666666666,0
L5-M2,250,249,3,1,17,1 2 4 5 6 7 19 20 24 25 29 30 33 34 35 42 43,3,2.2666666666666666,0.7333333333333334,0.7333333333333334,0
L5-M2,251,250,5,-1,15,1 2 4 5 6 7 9 10 11 24 25 32 33 34 35,3,2.0,1.0,-1.0,0
L5-M2,252,251,7,-3,16,1 2 4 5 9 10 11 13 14 20 21 22 32 33 34 35,1,2.1333333333333333,-1.1333333333333333,3.4,0
L5-M2,253,252,4,0,19,1 2 4 5 9 10 11 12 13 15 16 20 21 22 32 33 34 35 36,2,2.533333333333333,-0.5333333333333332,-0.0,0
L5-M2,254,253,5,-1,18,1 2 4 5 9 10 11 12 13 15 16 17 18 20 21 22 32 33,3,2.4,0.6000000000000001,-0.6000000000000001,0
L5-M2,255,254,6,-2,19,2 3 4 9 10 11 12 13 15 16 17 18 21 22 32 33 40 41 42,1,2.533333333333333,-1.5333333333333332,3.0666666666666664,0
L5-M2,256,255,6,-2,20,2 3 4 9 10 11 12 13 15 16 17 18 21 22 32 33 40 41 43 44,4,2.6666666666666665,1.3333333333333335,-2.666666666666667,0
L5-M2,257,256,6,-2,18,2 3 9 10 12 13 15 16 17 18 28 29 32 33 37 38 40 41,3,2.4,0.6000000000000001,-1.2000000000000002,0
L5-M2,258,257,1,3,16,2 3 9 10 15 16 17 18 28 29 38 39 40 41 44 45,2,2.1333333333333333,-0.1333333333333333,-0.3999999999999999,0
L5-M2,259,258,2,2,20,2 3 7 8 9 10 15 16 17 18 25 26 28 29 33 34 35 36 44 45,2,2.6666666666666665,-0.6666666666666665,-1.333333333333333,0
L5-M2,260,259,4,0,18,2 3 7 8 9 10 15 16 17 18 19 20 25 26 28 29 33 34,2,2.4,-0.3999999999999999,-0.0,0
L5-M2,261,260,7,-3,17,1 2 3 8 9 10 16 17 18 19 20 25 26 28 29 33 34,2,2.2666666666666666,-0.2666666666666666,0.7999999999999998,0
L5-M2,262,261,1,3,17,1 2 3 8 9 10 19 20 21 22 23 25 26 28 29 33 34,3,2.2666666666666666,0.7333333333333334,2.2,0
L5-M2,263,262,7,-3,11,1 2 3 19 20 21 22 23 32 33 34,2,1.4666666666666666,0.5333333333333334,-1.6000000000000003,0
L5-M2,264,263,2,2,11,2 3 19 20 21 22 23 33 34 38 39,0,1.4666666666666666,-1.4666666666666666,-2.933333333333333,0
L5-M2,265,264,1,3,16,2 3 4 5 13 14 19 20 21 22 23 33 34 35 38 39,4,2.1333333333333333,1.8666666666666667,5.6,0
L5-M2,266,265,3,1,13,2 3 4 7 8 13 14 15 19 20 21 22 23,3,1.7333333333333334,1.2666666666666666,1.2666666666666666,0
L5-M2,267,266,6,-2,11,6 7 8 13 14 15 17 18 19 20 21,2,1.4666666666666666,0.5333333333333334,-1.0666666666666669,0
L5-M2,268,267,1,3,14,12 13 14 15 17 18 19 20 21 25 26 29 30 31,1,1.8666666666666667,-0.8666666666666667,-2.6,0
L5-M2,269,268,3,1,16,1 2 12 13 14 15 17 18 20 21 25 26 28 29 30 31,2,2.1333333333333333,-0.1333333333333333,-0.1333333333333333,0
L5-M2,270,269,4,0,15,1 2 12 13 14 15 16 17 25 26 27 28 29 30 31,2,2.0,0.0,0.0,0
L5-M2,271,270,7,-3,16,1 2 13 14 15 16 17 27 28 29 30 31 37 38 39 40,3,2.1333333333333333,0.8666666666666667,-2.6,0
L5-M2,272,271,6,-2,14,1 2 13 14 15 16 17 22 23 30 31 37 38 39,1,1.8666666666666667,-0.8666666666666667,1.7333333333333334,0
L5-M2,273,272,5,-1,16,1 2 13 14 15 16 17 22 23 30 31 33 34 35 37 38,3,2.1333333333333333,0.8666666666666667,-0.8666666666666667,0
L5-M2,274,273,2,2,13,10 11 13 14 15 16 17 22 23 32 33 37 38,3,1.7333333333333334,1.2666666666666666,2.533333333333333,0
L5-M2,275,274,4,0,15,10 11 16 17 18 19 22 23 32 33 36 37 38 41 42,2,2.0,0.0,0.0,0
L5-M2,276,275,4,0,17,4 5 6 10 11 16 17 18 21 22 23 32 33 36 37 41 42,4,2.2666666666666666,1.7333333333333334,0.0,0
L5-M2,277,276,4,0,16,2 3 5 6 10 11 16 17 18 22 23 28 29 30 36 37,2,2.1333333333333333,-0.1333333333333333,-0.0,0
L5-M2,278,277,5,-1,16,2 3 5 6 7 16 17 18 22 23 27 28 36 37 42 43,3,2.1333333333333333,0.8666666666666667,-0.8666666666666667,0
L5-M2,279,278,3,1,20,1 2 5 6 7 8 9 16 17 18 22 23 24 27 28 30 31 32 44 45,3,2.6666666666666665,0.3333333333333335,0.3333333333333335,0
L5-M2,280,279,2,2,16,1 2 5 6 8 9 17 18 22 23 24 26 27 28 44 45,2,2.1333333333333333,-0.1333333333333333,-0.2666666666666666,0
L5-M2,281,280,5,-1,17,1 2 5 6 8 9 17 18 19 20 26 27 28 34 35 44 45,2,2.2666666666666666,-0.2666666666666666,0.2666666666666666,0
L5-M2,282,281,5,-1,17,8 9 17 18 19 20 21 22 26 27 28 32 33 34 35 44 45,2,2.2666666666666666,-0.2666666666666666,0.2666666666666666,0
L5-M2,283,282,5,-1,19,8 9 12 13 19 20 21 22 25 26 27 28 29 30 33 34 35 44 45,2,2.533333333333333,-0.5333333333333332,0.5333333333333332,0
L5-M2,284,283,6,-2,20,12 13 19 20 21 22 25 26 27 28 29 30 33 34 35 39 40 42 43 44,1,2.6666666666666665,-1.6666666666666665,3.333333333333333,0
L5-M2,285,284,5,-1,21,12 13 16 17 19 20 21 22 25 26 27 28 29 33 34 35 39 40 42 43 44,3,2.8,0.20000000000000018,-0.20000000000000018,0
L5-M2,286,285,1,3,20,11 12 16 17 19 20 21 22 23 25 26 27 28 29 34 35 36 42 43 44,3,2.6666666666666665,0.3333333333333335,1.0000000000000004,0
L5-M2,287,286,3,1,18,3 4 11 12 16 17 20 21 22 23 25 26 27 28 29 34 35 36,3,2.4,0.6000000000000001,0.6000000000000001,0
L5-M2,288,287,7,-3,16,3 4 5 9 10 11 16 17 20 21 22 23 25 26 28 29,2,2.1333333333333333,-0.1333333333333333,0.3999999999999999,0
L5-M2,289,288,2,2,17,3 4 5 8 9 10 11 20 21 22 23 25 26 31 32 38 39,2,2.2666666666666666,-0.2666666666666666,-0.5333333333333332,0
L5-M2,290,289,2,2,17,4 5 7 8 9 10 11 20 21 22 23 25 26 29 30 31 32,2,2.2666666666666666,-0.2666666666666666,-0.5333333333333332,0
L5-M2,291,290,1,3,14,4 5 9 10 11 20 21 22 23 25 26 29 30 31,1,1.8666666666666667,-0.8666666666666667,-2.6,0
L5-M2,292,291,7,-3,17,4 5 9 10 11 15 16 21 22 23 25 26 29 30 31 43 44,1,2.2666666666666666,-1.2666666666666666,3.8,0
L5-M2,293,292,1,3,19,4 5 6 9 10 11 15 16 21 22 23 24 25 26 27 29 30 43 44,3,2.533333333333333,0.4666666666666668,1.4000000000000004,0
L5-M2,294,293,5,-1,21,4 5 6 10 11 12 15 16 22 23 24 25 26 27 28 35 36 40 41 43 44,2,2.8,-0.7999999999999998,0.7999999999999998,0
L5-M2,295,294,7,-3,20,4 5 11 12 14 15 16 22 23 24 25 26 27 28 35 36 40 41 43 44,3,2.6666666666666665,0.3333333333333335,-1.0000000000000004,0
L5-M2,296,295,3,1,18,13 14 15 22 23 24 25 26 27 28 35 36 39 40 41 43 44 45,3,2.4,0.6000000000000001,0.6000000000000001,0
L5-M2,297,296,6,-2,17,13 14 19 20 22 23 24 25 26 35 36 39 40 41 42 43 44,2,2.2666666666666666,-0.2666666666666666,0.5333333333333332,0
L5-M2,298,297,7,-3,16,13 14 22 23 24 25 26 34 35 36 39 40 41 42 43 44,1,2.1333333333333333,-1.1333333333333333,3.4,0
L5-M2,299,298,3,1,16,13 14 21 22 23 24 25 26 33 34 35 36 41 42 43 44,2,2.1333333333333333,-0.1333333333333333,-0.1333333333333333,0
L5-M2,300,299,4,0,13,13 14 21 22 23 24 33 34 35 41 42 43 44,0,1.7333333333333334,-1.7333333333333334,-0.0,0
L5-M2,301,300,7,-3,16,13 14 16 17 18 21 22 23 24 33 34 35 41 42 43 44,3,2.1333333333333333,0.8666666666666667,-2.6,0
L5-M2,302,301,4,0,15,14 15 16 17 18 21 22 23 24 30 31 34 35 41 42,1,2.0,-1.0,-0.0,0
L5-M2,303,302,1,3,13,14 15 16 17 18 21 22 23 24 30 31 34 35,3,1.7333333333333334,1.2666666666666666,3.8,0
L5-M2,304,303,6,-2,17,4 5 6 15 16 21 22 23 24 27 28 29 34 35 39 40 41,3,2.2666666666666666,0.7333333333333334,-1.4666666666666668,0
L5-M2,305,304,6,-2,15,5 6 21 22 23 24 25 27 28 29 34 35 36 39 40,3,2.0,1.0,-2.0,0
L5-M2,306,305,3,1,10,5 6 24 25 27 28 29 34 35 36,1,1.3333333333333333,-0.33333333333333326,-0.33333333333333326,0
L5-M2,307,306,3,1,14,5 6 11 12 24 25 27 28 29 35 36 37 43 44,2,1.8666666666666667,0.1333333333333333,0.1333333333333333,0
L5-M2,308,307,2,2,16,11 12 13 19 20 27 28 29 31 32 35 36 37 42 43 44,2,2.1333333333333333,-0.1333333333333333,-0.2666666666666666,0
L5-M2,309,308,6,-2,16,1 2 3 11 12 13 27 28 29 31 32 35 36 42 43 44,4,2.1333333333333333,1.8666666666666667,-3.7333333333333334,0
L5-M2,310,309,6,-2,14,9 10 12 13 26 27 28 29 31 32 33 42 43 44,1,1.8666666666666667,-0.8666666666666667,1.7333333333333334,0
L5-M2,311,310,3,1,18,6 7 8 9 10 12 13 26 27 31 32 33 38 39 40 42 43 44,3,2.4,0.6000000000000001,0.6000000000000001,0
L5-M2,312,311,2,2,14,6 7 8 9 10 29 30 31 38 39 40 42 43 44,1,1.8666666666666667,-0.8666666666666667,-1.7333333333333334,0
L5-M2,313,312,7,-3,18,7 8 9 10 21 22 23 25 26 29 30 31 38 39 40 42 43 44,2,2.4,-0.3999999999999999,1.1999999999999997,0
L5-M2,314,313,1,3,18,7 8 13 14 15 16 21 22 23 25 26 29 30 31 37 38 39 40,2,2.4,-0.3999999999999999,-1.1999999999999997,0
L5-M2,315,314,1,3,18,7 8 10 11 13 14 21 22 23 25 26 29 30 31 36 37 39 40,1,2.4,-1.4,-4.199999999999999,0
L5-M2,316,315,3,1,16,7 8 10 11 21 22 23 25 26 29 30 31 36 37 39 40,5,2.1333333333333333,2.8666666666666667,2.8666666666666667,0
L5-M2,317,316,7,-3,12,7 8 22 23 24 25 26 28 29 30 36 37,2,1.6,0.3999999999999999,-1.1999999999999997,0
L5-M2,318,317,2,2,12,4 5 6 7 8 23 24 25 26 28 29 30,0,1.6,-1.6,-3.2,0
L5-M2,319,318,5,-1,13,4 5 6 7 8 9 23 24 25 26 28 29 30,3,1.7333333333333334,1.2666666666666666,-1.2666666666666666,0
L5-M2,320,319,6,-2,15,6 7 14 15 16 23 24 25 26 29 30 37 38 40 41,4,2.0,2.0,-4.0,0
L5-M2,321,320,1,3,12,6 7 12 13 14 15 29 30 37 38 43 44,1,1.6,-0.6000000000000001,-1.8000000000000003,0
L5-M2,322,321,7,-3,15,6 7 13 14 15 26 27 29 30 31 32 37 38 43 44,4,2.0,2.0,-6.0,0
L5-M2,323,322,3,1,18,3 4 6 7 10 11 13 14 15 26 27 30 31 35 36 37 39 40,4,2.4,1.6,1.6,0
L5-M2,324,323,1,3,12,1 2 3 4 6 7 26 27 30 31 39 40,2,1.6,0.3999999999999999,1.1999999999999997,0
L5-M2,325,324,3,1,11,5 6 7 8 26 27 28 30 31 39 40,1,1.4666666666666666,-0.46666666666666656,-0.46666666666666656,0
L5-M2,326,325,5,-1,13,5 6 22 23 24 26 27 28 30 31 39 40 41,2,1.7333333333333334,0.2666666666666666,-0.2666666666666666,0
L5-M2,327,326,7,-3,14,5 6 11 12 13 26 27 28 30 31 34 35 40 41,3,1.8666666666666667,1.1333333333333333,-3.4,0
L5-M2,328,327,5,-1,16,8 9 18 19 26 27 28 29 30 31 34 35 37 38 40 41,2,2.1333333333333333,-0.1333333333333333,0.1333333333333333,0
L5-M2,329,328,6,-2,19,10 11 14 15 18 19 26 27 29 30 31 34 35 37 38 40 41 42 43,4,2.533333333333333,1.4666666666666668,-2.9333333333333336,0
L5-M2,330,329,1,3,16,2 3 4 5 10 11 14 15 21 22 26 27 37 38 40 41,2,2.1333333333333333,-0.1333333333333333,-0.3999999999999999,0
L5-M2,331,330,7,-3,14,7 8 10 11 14 15 21 22 26 27 37 38 40 41,2,1.8666666666666667,0.1333333333333333,-0.3999999999999999,0
L5-M2,332,331,6,-2,17,7 8 10 11 21 22 23 24 25 33 34 36 37 38 39 40 41,2,2.2666666666666666,-0.2666666666666666,0.5333333333333332,0
L5-M2,333,332,1,3,18,7 8 10 11 12 13 21 22 23 24 25 32 33 37 38 39 40 41,1,2.4,-1.4,-4.199999999999999,0
L5-M2,334,333,5,-1,22,1 2 6 7 8 10 11 12 13 21 22 23 24 25 28 29 32 33 37 38 40 41,3,2.933333333333333,0.06666666666666687,-0.06666666666666687,0
L5-M2,335,334,5,-1,18,1 2 6 7 8 10 11 12 22 23 24 25 32 33 37 38 40 41,1,2.4,-1.4,1.4,0
L5-M2,336,335,4,0,20,1 2 3 6 7 8 10 11 12 18 19 20 24 25 32 33 37 38 40 41,2,2.6666666666666665,-0.6666666666666665,-0.0,0
L5-M2,337,336,3,1,19,1 2 6 7 8 10 11 12 18 19 24 25 31 32 33 37 38 40 41,4,2.533333333333333,1.4666666666666668,1.4666666666666668,0
L5-M2,338,337,2,2,11,6 7 8 10 11 12 24 25 40 41 42,1,1.4666666666666666,-0.46666666666666656,-0.9333333333333331,0
L5-M2,339,338,3,1,14,6 7 8 10 11 12 24 25 27 28 30 31 40 41,3,1.8666666666666667,1.1333333333333333,1.1333333333333333,0
L5-M2,340,339,7,-3,11,10 11 12 24 25 27 28 29 39 40 41,2,1.4666666666666666,0.5333333333333334,-1.6000000000000003,0
L5-M2,341,340,5,-1,14,9 10 11 12 15 16 17 22 23 27 28 39 40 41,1,1.8666666666666667,-0.8666666666666667,0.8666666666666667,0
L5-M2,342,341,6,-2,17,3 4 9 10 11 12 15 16 17 22 23 27 28 35 36 40 41,0,2.2666666666666666,-2.2666666666666666,4.533333333333333,0
L5-M2,343,342,4,0,20,3 4 5 9 10 11 12 15 16 17 22 23 27 28 31 32 35 36 40 41,3,2.6666666666666665,0.3333333333333335,0.0,0
L5-M2,344,343,3,1,19,2 3 4 5 11 12 15 16 22 23 27 28 35 36 40 41 42 44 45,4,2.533333333333333,1.4666666666666668,1.4666666666666668,0
L5-M2,345,344,6,-2,17,3 4 5 6 7 11 12 20 21 22 23 35 36 37 40 41 42,3,2.2666666666666666,0.7333333333333334,-1.4666666666666668,0
L5-M2,346,345,1,3,19,3 4 5 6 7 11 12 21 22 24 25 26 27 35 36 37 38 40 41,2,2.533333333333333,-0.5333333333333332,-1.5999999999999996,0
L5-M2,347,346,5,-1,20,3 4 6 7 8 9 11 12 18 19 24 25 26 27 35 36 37 38 40 41,3,2.6666666666666665,0.3333333333333335,-0.3333333333333335,0
L5-M2,348,347,3,1,15,6 7 11 12 18 19 24 25 26 35 36 37 38 40 41,1,2.0,-1.0,-1.0,0
L5-M2,349,348,7,-3,16,6 7 9 10 11 12 18 19 25 26 35 36 37 38 40 41,1,2.1333333333333333,-1.1333333333333333,3.4,0
L5-M2,350,349,7,-3,18,1 2 6 7 9 10 11 12 18 19 33 34 35 36 37 38 40 41,3,2.4,0.6000000000000001,-1.8000000000000003,0
L5-M2,351,350,7,-3,16,6 7 9 10 11 12 15 16 34 35 36 37 38 39 40 41,2,2.1333333333333333,-0.1333333333333333,0.3999999999999999,0
L5-M2,352,351,5,-1,19,6 7 9 10 11 12 15 16 21 22 23 37 38 39 40 41 43 44 45,2,2.533333333333333,-0.5333333333333332,0.5333333333333332,0
L5-M2,353,352,5,-1,17,6 7 9 10 11 12 21 22 23 37 38 39 40 42 43 44 45,2,2.2666666666666666,-0.2666666666666666,0.2666666666666666,0
L5-M2,354,353,5,-1,18,2 3 4 6 7 9 10 30 31 32 37 38 39 40 42 43 44 45,3,2.4,0.6000000000000001,-0.6000000000000001,0
L5-M2,355,354,1,3,16,2 3 4 6 7 9 10 12 13 30 31 32 37 38 39 40,1,2.1333333333333333,-1.1333333333333333,-3.4,0
L5-M2,356,355,6,-2,19,1 2 3 4 6 7 9 10 12 13 23 24 31 32 33 37 38 39 40,1,2.533333333333333,-1.5333333333333332,3.0666666666666664,0
L5-M2,357,356,4,0,20,3 4 6 7 9 10 12 13 23 24 27 28 31 32 33 34 37 38 39 40,2,2.6666666666666665,-0.6666666666666665,-0.0,0
L5-M2,358,357,1,3,20,3 4 6 7 12 13 23 24 26 27 28 31 32 33 34 38 39 40 41 42,2,2.6666666666666665,-0.6666666666666665,-1.9999999999999996,0
L5-M2,359,358,6,-2,21,3 4 6 7 15 16 17 22 23 24 26 27 28 31 32 33 34 38 39 41 42,1,2.8,-1.7999999999999998,3.5999999999999996,0
L5-M2,360,359,5,-1,21,3 4 6 7 15 16 17 22 23 26 27 28 31 32 33 34 38 39 41 42 43,3,2.8,0.20000000000000018,-0.20000000000000018,0
L5-M2,361,360,5,-1,17,5 6 7 26 27 28 30 31 32 33 34 38 39 41 42 43 44,2,2.2666666666666666,-0.2666666666666666,0.2666666666666666,0
L5-M2,362,361,6,-2,19,2 3 6 7 8 28 29 30 31 32 33 34 38 39 41 42 43 44 45,3,2.533333333333333,0.4666666666666668,-0.9333333333333336,0
L5-M2,363,362,5,-1,23,6 7 8 13 14 15 17 18 28 29 31 32 33 34 36 37 38 39 41 42 43 44 45,3,3.066666666666667,-0.06666666666666687,0.06666666666666687,0
L5-M2,364,363,1,3,17,6 7 8 9 17 18 28 29 33 34 36 37 41 42 43 44 45,1,2.2666666666666666,-1.2666666666666666,-3.8,0
L5-M2,365,364,2,2,17,8 9 17 18 19 20 28 29 33 34 36 37 41 42 43 44 45,0,2.2666666666666666,-2.2666666666666666,-4.533333333333333,0
L5-M2,366,365,7,-3,17,8 9 17 18 19 20 28 29 33 34 36 37 41 42 43 44 45,2,2.2666666666666666,-0.2666666666666666,0.7999999999999998,0
L5-M2,367,366,6,-2,17,8 9 10 17 18 23 24 28 29 33 34 35 36 37 41 42 43,1,2.2666666666666666,-1.2666666666666666,2.533333333333333,0
L5-M2,368,367,2,2,15,8 9 10 17 18 23 24 33 34 35 36 37 41 42 43,1,2.0,-1.0,-2.0,0
L5-M2,369,368,4,0,14,8 9 10 17 18 33 34 35 36 37 38 41 42 43,5,1.8666666666666667,3.1333333333333333,0.0,0
L5-M2,370,369,3,1,13,1 2 6 7 8 9 10 13 14 33 34 37 38,0,1.7333333333333334,-1.7333333333333334,-1.7333333333333334,0
L5-M2,371,370,2,2,14,1 2 6 7 8 9 10 13 14 15 33 34 37 38,3,1.8666666666666667,1.1333333333333333,2.2666666666666666,0
L5-M2,372,371,4,0,12,1 2 4 5 6 12 13 14 33 34 37 38,1,1.6,-0.6000000000000001,-0.0,0
L5-M2,373,372,3,1,18,1 2 3 4 5 6 12 13 22 23 28 29 31 32 33 34 37 38,1,2.4,-1.4,-1.4,0
L5-M2,374,373,1,3,20,1 2 3 4 5 6 12 13 22 23 28 29 30 31 32 33 34 38 39 40,2,2.6666666666666665,-0.6666666666666665,-1.9999999999999996,0
L5-M2,375,374,6,-2,22,1 2 3 4 5 6 19 20 22 23 28 29 30 31 32 33 35 36 38 39 40 41,2,2.933333333333333,-0.9333333333333331,1.8666666666666663,0
L5-M2,376,375,2,2,20,1 2 3 5 6 22 23 24 28 29 30 31 32 33 35 36 38 39 40 41,4,2.6666666666666665,1.3333333333333335,2.666666666666667,0
L5-M2,377,376,2,2,18,2 3 5 6 7 9 10 22 23 29 30 31 32 33 35 36 38 39,3,2.4,0.6000000000000001,1.2000000000000002,0
L5-M2,378,377,3,1,14,2 3 9 10 20 21 30 31 32 33 35 36 38 39,2,1.8666666666666667,0.1333333333333333,0.1333333333333333,0
L5-M2,379,378,7,-3,12,2 3 9 10 20 21 32 33 35 36 41 42,2,1.6,0.3999999999999999,-1.1999999999999997,0
L5-M2,380,379,3,1,13,2 3 14 15 16 17 18 20 21 32 33 41 42,2,1.7333333333333334,0.2666666666666666,0.2666666666666666,0
L5-M2,381,380,6,-2,13,3 4 14 15 16 18 19 20 21 32 33 41 42,2,1.7333333333333334,0.2666666666666666,-0.5333333333333332,0
L5-M2,382,381,4,0,16,3 4 13 14 15 18 19 23 24 25 27 28 32 33 41 42,4,2.1333333333333333,1.8666666666666667,0.0,0
L5-M2,383,382,3,1,11,3 4 13 14 18 19 32 33 43 44 45,2,1.4666666666666666,0.5333333333333334,0.5333333333333334,0
L5-M2,384,383,3,1,11,13 14 18 19 29 30 38 39 43 44 45,1,1.4666666666666666,-0.46666666666666656,-0.46666666666666656,0
L5-M2,385,384,1,3,14,6 7 13 14 18 19 29 30 31 34 35 43 44 45,3,1.8666666666666667,1.1333333333333333,3.4,0
L5-M2,386,385,2,2,17,2 3 8 9 13 14 17 18 25 26 30 31 34 35 43 44 45,1,2.2666666666666666,-1.2666666666666666,-2.533333333333333,0
L5-M2,387,386,5,-1,19,1 2 3 5 6 8 9 13 14 16 17 18 25 26 34 35 43 44 45,4,2.533333333333333,1.4666666666666668,-1.4666666666666668,0
L5-M2,388,387,2,2,15,2 3 5 6 8 9 13 14 16 17 18 41 42 44 45,3,2.0,1.0,2.0,0
L5-M2,389,388,7,-3,14,2 3 5 6 13 14 15 16 27 28 41 42 44 45,1,1.8666666666666667,-0.8666666666666667,2.6,0
L5-M2,390,389,1,3,20,2 3 5 6 13 14 15 24 25 27 28 35 36 37 38 39 41 42 44 45,3,2.6666666666666665,0.3333333333333335,1.0000000000000004,0
L5-M2,391,390,1,3,19,2 3 5 6 11 12 13 14 15 21 22 24 25 35 36 41 42 44 45,2,2.533333333333333,-0.5333333333333332,-1.5999999999999996,0
L5-M2,392,391,6,-2,17,2 3 4 5 6 12 13 14 15 24 25 35 36 41 42 44 45,3,2.2666666666666666,0.7333333333333334,-1.4666666666666668,0
L5-M2,393,392,7,-3,16,4 5 6 12 13 14 15 30 31 33 34 35 36 43 44 45,1,2.1333333333333333,-1.1333333333333333,3.4,0
L5-M2,394,393,3,1,17,4 5 6 12 13 14 15 29 30 31 32 33 34 35 36 44 45,1,2.2666666666666666,-1.2666666666666666,-1.2666666666666666,0
L5-M2,395,394,3,1,17,4 5 6 14 15 26 27 29 30 31 32 33 34 35 36 44 45,4,2.2666666666666666,1.7333333333333334,1.7333333333333334,0
L5-M2,396,395,1,3,13,4 5 6 29 30 32 33 34 36 37 38 44 45,2,1.7333333333333334,0.2666666666666666,0.7999999999999998,0
L5-M2,397,396,3,1,11,4 5 6 29 30 32 33 36 37 38 39,1,1.4666666666666666,-0.46666666666666656,-0.46666666666666656,0
L5-M2,398,397,1,3,15,2 3 4 5 6 7 8 23 24 29 30 36 37 38 39,1,2.0,-1.0,-3.0,0
L5-M2,399,398,1,3,14,2 3 4 5 6 7 8 9 29 30 36 37 38 39,2,1.8666666666666667,0.1333333333333333,0.3999999999999999,0
L5-M2,400,399,6,-2,14,3 4 5 6 7 8 27 28 29 30 36 37 38 39,1,1.8666666666666667,-0.8666666666666667,1.7333333333333334,0
L5-M2,401,400,1,3,14,3 4 5 6 7 8 28 29 30 35 36 37 38 39,2,1.8666666666666667,0.1333333333333333,0.3999999999999999,0
L5-M2,402,401,2,2,13,3 4 5 7 8 28 29 30 35 36 37 39 40,2,1.7333333333333334,0.2666666666666666,0.5333333333333332,0
L5-M2,403,402,6,-2,16,3 4 7 8 13 14 24 25 26 28 29 30 32 33 39 40,3,2.1333333333333333,0.8666666666666667,-1.7333333333333334,0
L5-M2,404,403,5,-1,14,3 4 7 8 25 26 29 30 32 33 39 40 44 45,2,1.8666666666666667,0.1333333333333333,-0.1333333333333333,0
L5-M2,405,404,6,-2,14,1 2 3 4 7 8 16 17 25 26 29 30 44 45,5,1.8666666666666667,3.1333333333333333,-6.266666666666667,0
L5-M2,406,405,3,1,12,3 4 7 8 16 17 29 30 34 35 41 42,1,1.6,-0.6000000000000001,-0.6000000000000001,0
L5-M2,407,406,7,-3,16,3 4 16 17 18 29 30 31 32 34 35 38 39 41 42 43,1,2.1333333333333333,-1.1333333333333333,3.4,0
L5-M2,408,407,1,3,18,3 4 8 9 17 18 19 29 30 31 32 34 35 38 39 41 42 43,2,2.4,-0.3999999999999999,-1.1999999999999997,0
L5-M2,409,408,2,2,18,3 4 14 15 17 18 19 28 29 31 32 34 35 38 39 41 42 43,2,2.4,-0.3999999999999999,-0.7999999999999998,0
L5-M2,410,409,6,-2,18,3 4 5 14 15 17 18 19 28 29 33 34 35 38 39 41 42 43,3,2.4,0.6000000000000001,-1.2000000000000002,0
L5-M2,411,410,3,1,17,4 5 10 11 14 15 28 29 33 34 35 38 39 42 43 44 45,4,2.2666666666666666,1.7333333333333334,1.7333333333333334,0
L5-M2,412,411,1,3,12,4 5 26 27 28 29 33 34 42 43 44 45,3,1.6,1.4,4.199999999999999,0
L5-M2,413,412,4,0,16,12 13 15 16 17 23 24 25 26 27 28 29 33 34 43 44,3,2.1333333333333333,0.8666666666666667,0.0,0
L5-M2,414,413,2,2,15,12 13 16 17 19 20 24 25 26 27 28 29 30 43 44,1,2.0,-1.0,-2.0,0
L5-M2,415,414,6,-2,17,5 6 12 13 16 17 19 20 21 24 25 26 27 28 29 30 31,4,2.2666666666666666,1.7333333333333334,-3.466666666666667,0
L5-M2,416,415,4,0,14,5 6 12 13 18 19 24 25 27 28 29 31 32 33,2,1.8666666666666667,0.1333333333333333,0.0,0
L5-M2,417,416,7,-3,16,12 13 18 19 24 25 27 28 29 31 32 33 35 36 37 38,0,2.1333333333333333,-2.1333333333333333,6.4,0
L5-M2,418,417,7,-3,19,12 13 18 19 24 25 27 28 29 31 32 33 35 36 37 38 39 41 42,2,2.533333333333333,-0.5333333333333332,1.5999999999999996,0
L5-M2,419,418,6,-2,16,9 10 18 19 24 25 31 32 33 35 36 37 38 39 41 42,0,2.1333333333333333,-2.1333333333333333,4.266666666666667,0
L5-M2,420,419,2,2,19,9 10 18 19 23 24 25 31 32 33 35 36 37 38 39 41 42 44 45,3,2.533333333333333,0.4666666666666668,0.9333333333333336,0
L5-M2,421,420,4,0,19,16 17 18 19 23 24 25 32 33 35 36 37 38 39 40 41 42 44 45,1,2.533333333333333,-1.5333333333333332,-0.0,0
L5-M2,422,421,6,-2,19,7 8 16 17 18 19 23 24 25 32 33 35 36 37 38 39 40 41 42,2,2.533333333333333,-0.5333333333333332,1.0666666666666664,0
L5-M2,423,422,2,2,18,16 17 18 22 23 24 25 32 33 35 36 37 38 39 40 41 42 43,2,2.4,-0.3999999999999999,-0.7999999999999998,0
L5-M2,424,423,2,2,14,22 23 24 25 32 33 35 36 37 38 39 41 42 43,0,1.8666666666666667,-1.8666666666666667,-3.7333333333333334,0
L5-M2,425,424,4,0,19,2 3 12 13 14 22 23 24 25 32 33 35 36 37 38 39 41 42 43,3,2.533333333333333,0.4666666666666668,0.0,0
L5-M2,426,425,1,3,16,2 3 4 5 12 13 22 23 24 25 35 36 37 41 42 43,2,2.1333333333333333,-0.1333333333333333,-0.3999999999999999,0
L5-M2,427,426,4,0,16,2 3 5 6 7 12 13 22 23 24 25 35 36 37 41 42,3,2.1333333333333333,0.8666666666666667,0.0,0
L5-M2,428,427,4,0,14,2 3 12 13 19 20 21 22 23 35 36 37 41 42,4,1.8666666666666667,2.1333333333333333,0.0,0
L5-M2,429,428,1,3,9,1 2 3 20 21 35 36 41 42,2,1.2,0.8,2.4000000000000004,0
L5-M2,430,429,2,2,12,1 2 20 21 25 26 31 32 35 36 44 45,1,1.6,-0.6000000000000001,-1.2000000000000002,0
L5-M2,431,430,7,-3,17,8 9 10 11 13 14 20 21 25 26 31 32 33 35 36 44 45,3,2.2666666666666666,0.7333333333333334,-2.2,0
L5-M2,432,431,1,3,18,4 5 8 9 10 11 13 14 20 21 26 27 32 33 35 36 43 44,3,2.4,0.6000000000000001,1.8000000000000003,0
L5-M2,433,432,6,-2,16,6 7 8 9 10 13 14 15 20 21 32 33 35 36 43 44,3,2.1333333333333333,0.8666666666666667,-1.7333333333333334,0
L5-M2,434,433,3,1,15,6 7 8 9 10 12 13 14 15 20 21 36 37 40 41,3,2.0,1.0,1.0,0
L5-M2,435,434,6,-2,10,6 7 8 9 10 14 15 40 41 42,1,1.3333333333333333,-0.33333333333333326,0.6666666666666665,0
L5-M2,436,435,6,-2,9,6 7 9 10 14 15 40 41 42,2,1.2,0.8,-1.6,0
L5-M2,437,436,5,-1,9,6 7 17 18 31 32 40 41 42,1,1.2,-0.19999999999999996,0.19999999999999996,0
L5-M2,438,437,3,1,14,1 2 4 5 6 7 17 18 27 28 31 32 39 40,1,1.8666666666666667,-0.8666666666666667,-0.8666666666666667,0
L5-M2,439,438,7,-3,17,1 2 4 5 17 18 19 27 28 31 32 35 36 39 40 42 43,3,2.2666666666666666,0.7333333333333334,-2.2,0
L5-M2,440,439,3,1,16,1 2 3 4 5 18 19 23 24 25 27 28 35 36 42 43,2,2.1333333333333333,-0.1333333333333333,-0.1333333333333333,0
L5-M2,441,440,1,3,14,1 2 3 4 5 7 8 18 19 23 24 25 42 43,2,1.8666666666666667,0.1333333333333333,0.3999999999999999,0
L5-M2,442,441,2,2,18,2 3 4 5 7 8 9 13 14 15 18 19 24 25 32 33 42 43,1,2.4,-1.4,-2.8,0
L5-M2,443,442,7,-3,18,2 3 4 5 7 8 9 13 14 15 16 18 19 32 33 41 42 43,2,2.4,-0.3999999999999999,1.1999999999999997,0
L5-M2,444,443,4,0,16,2 3 7 8 9 11 12 13 14 15 16 32 33 41 42 43,3,2.1333333333333333,0.8666666666666667,0.0,0
L5-M2,445,444,3,1,15,2 3 7 8 9 14 15 16 17 18 31 32 33 41 42,0,2.0,-2.0,-2.0,0
L5-M2,446,445,5,-1,15,2 3 7 8 9 14 15 16 17 18 31 32 33 41 42,1,2.0,-1.0,1.0,0
L5-M2,447,446,2,2,15,2 3 7 8 9 15 16 17 18 31 32 33 34 41 42,6,2.0,4.0,8.0,0
L5-M2,448,447,7,-3,15,15 16 24 25 27 28 29 31 32 36 37 38 40 41 42,3,2.0,1.0,-3.0,0
L5-M2,449,448,5,-1,16,4 5 6 15 16 18 19 24 25 28 29 31 32 36 37 38,0,2.1333333333333333,-2.1333333333333333,2.1333333333333333,0
L5-M2,450,449,6,-2,18,4 5 6 15 16 18 19 22 23 24 25 28 29 31 32 36 37 38,4,2.4,1.6,-3.2,0
L5-M2,451,450,2,2,15,4 5 15 16 24 25 28 29 30 36 37 38 39 44 45,4,2.0,2.0,4.0,0
L5-M2,452,451,5,-1,8,4 5 28 29 36 37 44 45,0,1.0666666666666667,-1.0666666666666667,1.0666666666666667,0
L5-M2,453,452,4,0,12,1 2 4 5 16 17 28 29 36 37 44 45,0,1.6,-1.6,-0.0,0
L5-M2,454,453,3,1,13,1 2 4 5 16 17 27 28 29 36 37 44 45,1,1.7333333333333334,-0.7333333333333334,-0.7333333333333334,0
L5-M2,455,454,1,3,15,1 2 3 4 5 16 17 28 29 35 36 37 43 44 45,2,2.0,0.0,0.0,0
L5-M2,456,455,4,0,18,1 2 3 5 6 7 16 17 21 22 23 28 29 36 37 43 44 45,3,2.4,0.6000000000000001,0.0,0
L5-M2,457,456,7,-3,17,2 3 5 6 14 15 16 17 21 22 28 29 36 37 43 44 45,0,2.2666666666666666,-2.2666666666666666,6.8,0
L5-M2,458,457,6,-2,19,2 3 5 6 14 15 16 17 21 22 28 29 31 32 36 37 43 44 45,2,2.533333333333333,-0.5333333333333332,1.0666666666666664,0
L5-M2,459,458,4,0,16,2 3 5 6 14 15 16 17 21 22 28 29 42 43 44 45,2,2.1333333333333333,-0.1333333333333333,-0.0,0
L5-M2,460,459,4,0,19,2 3 15 16 17 21 22 28 29 33 34 37 38 39 41 42 43 44 45,3,2.533333333333333,0.4666666666666668,0.0,0
L5-M2,461,460,5,-1,17,2 3 15 16 17 19 20 21 22 33 34 35 37 38 39 41 42,1,2.2666666666666666,-1.2666666666666666,1.2666666666666666,0
L5-M2,462,461,7,-3,19,1 2 3 12 13 15 16 17 19 20 21 22 33 34 35 38 39 41 42,2,2.533333333333333,-0.5333333333333332,1.5999999999999996,0
L5-M2,463,462,2,2,17,1 2 12 13 15 16 17 21 22 23 33 34 35 38 39 41 42,3,2.2666666666666666,0.7333333333333334,1.4666666666666668,0
L5-M2,464,463,6,-2,15,1 2 12 13 15 16 17 21 22 35 36 38 39 41 42,3,2.0,1.0,-2.0,0
L5-M2,465,464,1,3,16,1 2 4 5 9 10 13 14 16 17 21 22 35 36 38 39,4,2.1333333333333333,1.8666666666666667,5.6,0
L5-M2,466,465,6,-2,10,4 5 9 10 16 17 27 28 35 36,2,1.3333333333333333,0.6666666666666667,-1.3333333333333335,0
L5-M2,467,466,4,0,13,16 17 18 19 25 26 27 28 35 36 39 40 41,2,1.7333333333333334,0.2666666666666666,0.0,0
L5-M2,468,467,6,-2,11,18 19 20 21 25 26 27 28 35 36 37,2,1.4666666666666666,0.5333333333333334,-1.0666666666666669,0
L5-M2,469,468,4,0,12,18 19 20 21 25 26 27 29 30 31 35 36,1,1.6,-0.6000000000000001,-0.0,0
L5-M2,470,469,4,0,16,5 6 7 18 19 20 25 26 27 29 30 31 35 36 41 42,3,2.1333333333333333,0.8666666666666667,0.0,0
L5-M2,471,470,4,0,13,5 6 7 18 19 25 26 27 29 30 31 35 36,2,1.7333333333333334,0.2666666666666666,0.0,0
L5-M2,472,471,7,-3,13,18 19 25 26 27 30 31 32 33 35 36 44 45,4,1.7333333333333334,2.2666666666666666,-6.8,0
L5-M2,473,472,7,-3,14,1 2 3 11 12 17 18 19 23 24 32 33 44 45,1,1.8666666666666667,-0.8666666666666667,2.6,0
L5-M2,474,473,6,-2,16,1 2 3 11 12 14 15 17 18 19 27 28 32 33 44 45,3,2.1333333333333333,0.8666666666666667,-1.7333333333333334,0
L5-M2,475,474,6,-2,11,1 2 3 11 12 14 15 27 28 34 35,2,1.4666666666666666,0.5333333333333334,-1.0666666666666669,0
L5-M2,476,475,2,2,9,2 3 10 11 12 27 28 34 35,1,1.2,-0.19999999999999996,-0.3999999999999999,0
L5-M2,477,476,5,-1,15,2 3 5 6 7 10 11 27 28 34 35 39 40 41 42,0,2.0,-2.0,2.0,0
L5-M2,478,477,6,-2,18,2 3 5 6 7 10 11 26 27 28 34 35 39 40 41 42 43 44,2,2.4,-0.3999999999999999,0.7999999999999998,0
L5-M2,479,478,1,3,22,2 3 5 6 7 8 10 11 19 20 22 23 24 26 27 28 34 35 36 40 41 42,4,2.933333333333333,1.0666666666666669,3.2000000000000006,0
L5-M2,480,479,3,1,13,2 3 4 5 6 7 10 11 19 20 40 41 42,3,1.7333333333333334,1.2666666666666666,1.2666666666666666,0
L5-M2,481,480,4,0,11,1 2 6 7 19 20 21 22 40 41 42,2,1.4666666666666666,0.5333333333333334,0.0,0
L5-M2,482,481,3,1,13,1 2 6 7 11 12 13 15 16 19 20 21 22,2,1.7333333333333334,0.2666666666666666,0.2666666666666666,0
L5-M2,483,482,7,-3,14,6 7 11 12 13 14 15 19 20 21 22 32 33 34,5,1.8666666666666667,3.1333333333333333,-9.4,0
L5-M2,484,483,1,3,14,6 7 13 14 20 21 32 33 36 37 38 39 42 43,1,1.8666666666666667,-0.8666666666666667,-2.6,0
L5-M2,485,484,3,1,15,6 7 8 9 13 14 20 21 36 37 38 39 42 43 44,2,2.0,0.0,0.0,0
L5-M2,486,485,2,2,16,5 6 7 8 9 13 14 20 21 30 31 37 38 42 43 44,1,2.1333333333333333,-1.1333333333333333,-2.2666666666666666,0
L5-M2,487,486,7,-3,17,4 5 6 7 8 9 13 14 20 21 29 30 31 41 42 43 44,3,2.2666666666666666,0.7333333333333334,-2.2,0
L5-M2,488,487,3,1,16,5 6 7 9 10 11 13 14 20 21 29 30 31 42 43 44,2,2.1333333333333333,-0.1333333333333333,-0.1333333333333333,0
L5-M2,489,488,4,0,21,5 6 7 9 10 11 12 13 14 15 16 18 19 20 21 33 34 35 42 43 44,2,2.8,-0.7999999999999998,-0.0,0
L5-M2,490,489,4,0,21,5 6 7 9 10 11 12 13 14 18 19 28 29 32 33 34 35 42 43 44 45,3,2.8,0.20000000000000018,0.0,0
L5-M2,491,490,6,-2,19,5 6 9 10 11 12 13 14 18 19 21 22 32 33 34 35 36 44 45,2,2.533333333333333,-0.5333333333333332,1.0666666666666664,0
L5-M2,492,491,1,3,19,5 6 9 10 11 12 13 14 18 19 21 22 23 24 32 33 34 44 45,1,2.533333333333333,-1.5333333333333332,-4.6,0
L5-M2,493,492,7,-3,18,5 6 9 10 11 12 13 14 18 19 23 24 25 32 33 34 44 45,1,2.4,-1.4,4.199999999999999,0
L5-M2,494,493,3,1,15,5 6 9 10 11 12 13 14 18 19 23 24 25 44 45,1,2.0,-1.0,-1.0,0
L5-M2,495,494,5,-1,15,3 4 9 10 11 12 13 14 18 19 23 24 25 44 45,3,2.0,1.0,-1.0,0
L5-M2,496,495,2,2,14,1 2 3 9 10 11 12 18 19 23 24 25 28 29,1,1.8666666666666667,-0.8666666666666667,-1.7333333333333334,0
L5-M2,497,496,6,-2,16,1 2 3 9 10 11 12 16 17 18 19 23 24 25 38 39,3,2.1333333333333333,0.8666666666666667,-1.7333333333333334,0
L5-M2,498,497,1,3,15,1 2 3 9 10 11 12 16 17 18 31 32 38 39 40,2,2.0,0.0,0.0,0
L5-M2,499,498,1,3,14,1 2 3 9 10 11 12 16 17 18 25 26 37 38,0,1.8666666666666667,-1.8666666666666667,-5.6,0
L5-M2,500,499,7,-3,20,1 2 3 6 7 8 9 10 11 12 15 16 17 18 25 26 30 31 37 38,2,2.6666666666666665,-0.6666666666666665,1.9999999999999996,0
L5-M2,501,500,7,-3,20,1 2 6 7 8 9 10 11 15 16 17 18 21 22 25 26 30 31 37 38,4,2.6666666666666665,1.3333333333333335,-4.0,0
L5-M2,502,501,2,2,16,6 7 8 9 15 16 21 22 25 26 28 29 30 36 37 38,3,2.1333333333333333,0.8666666666666667,1.7333333333333334,0
L5-M2,503,502,3,1,17,7 8 9 15 16 18 19 25 26 29 30 36 37 38 43 44 45,2,2.2666666666666666,-0.2666666666666666,-0.2666666666666666,0
L5-M2,504,503,7,-3,17,7 8 9 13 14 15 16 18 19 25 26 37 38 39 43 44 45,4,2.2666666666666666,1.7333333333333334,-5.2,0
L5-M2,505,504,5,-1,10,7 8 9 15 16 18 19 37 38 39,2,1.3333333333333333,0.6666666666666667,-0.6666666666666667,0
L5-M2,506,505,7,-3,13,2 3 8 9 11 12 13 15 16 18 19 23 24,3,1.7333333333333334,1.2666666666666666,-3.8,0
L5-M2,507,506,7,-3,12,2 3 4 12 13 15 16 17 18 19 41 42,3,1.6,1.4,-4.199999999999999,0
L5-M2,508,507,1,3,10,2 3 4 15 16 17 18 19 28 29,0,1.3333333333333333,-1.3333333333333333,-4.0,0
L5-M2,509,508,6,-2,13,1 2 3 4 15 16 17 18 19 28 29 36 37,1,1.7333333333333334,-0.7333333333333334,1.4666666666666668,0
L5-M2,510,509,2,2,14,1 2 3 4 14 15 16 17 18 19 36 37 44 45,0,1.8666666666666667,-1.8666666666666667,-3.7333333333333334,0
L5-M2,511,510,7,-3,19,1 2 3 4 7 8 14 15 16 17 18 19 20 21 36 37 38 44 45,3,2.533333333333333,0.4666666666666668,-1.4000000000000004,0
L5-M2,512,511,5,-1,19,1 2 8 9 10 11 15 16 17 18 19 20 21 22 36 37 38 44 45,1,2.533333333333333,-1.5333333333333332,1.5333333333333332,0
L5-M2,513,512,1,3,17,1 2 10 11 15 16 17 18 19 20 21 22 36 37 38 44 45,1,2.2666666666666666,-1.2666666666666666,-3.8,0
L5-M2,514,513,3,1,17,1 2 10 11 15 16 17 18 19 20 30 31 36 37 38 44 45,3,2.2666666666666666,0.7333333333333334,0.7333333333333334,0
L5-M2,515,514,2,2,16,10 11 16 17 18 19 24 25 30 31 36 37 38 43 44 45,2,2.1333333333333333,-0.1333333333333333,-0.2666666666666666,0
L5-M2,516,515,2,2,18,16 17 18 19 24 25 28 29 30 31 32 38 39 40 41 43 44 45,3,2.4,0.6000000000000001,1.2000000000000002,0
L5-M2,517,516,4,0,16,6 7 16 17 18 19 24 25 28 29 30 31 32 38 39 40,1,2.1333333333333333,-1.1333333333333333,-0.0,0
L5-M2,518,517,3,1,19,3 4 6 7 13 14 16 17 18 19 24 25 29 30 31 32 38 39 40,4,2.533333333333333,1.4666666666666668,1.4666666666666668,0
L5-M2,519,518,1,3,15,3 4 5 6 7 16 17 18 19 21 22 24 25 39 40,2,2.0,0.0,0.0,0
L5-M2,520,519,1,3,15,3 4 5 17 18 19 20 21 22 24 25 26 27 39 40,4,2.0,2.0,6.0,0
L5-M2,521,520,1,3,10,10 11 17 18 19 20 21 24 25 26,1,1.3333333333333333,-0.33333333333333326,-0.9999999999999998,0
L5-M2,522,521,4,0,10,10 11 19 20 21 24 25 26 44 45,0,1.3333333333333333,-1.3333333333333333,-0.0,0
L5-M2,523,522,3,1,14,1 2 9 10 11 12 19 20 21 24 25 26 44 45,2,1.8666666666666667,0.1333333333333333,0.1333333333333333,0
L5-M2,524,523,3,1,14,9 10 11 12 19 20 21 23 24 25 26 33 34 35,2,1.8666666666666667,0.1333333333333333,0.1333333333333333,0
L5-M2,525,524,3,1,20,8 9 15 16 17 19 20 21 23 24 25 26 30 31 33 34 35 42 43 44,3,2.6666666666666665,0.3333333333333335,0.3333333333333335,0
L5-M2,526,525,2,2,20,8 9 15 16 17 19 20 21 22 24 25 27 28 30 31 33 34 35 42 43,3,2.6666666666666665,0.3333333333333335,0.666666666666667,0
L5-M2,527,526,5,-1,21,2 3 8 9 15 16 18 19 21 22 24 25 27 28 30 31 32 33 34 42 43,4,2.8,1.2000000000000002,-1.2000000000000002,0
L5-M2,528,527,6,-2,16,2 3 5 6 8 9 15 16 18 19 24 25 27 28 30 31,3,2.1333333333333333,0.8666666666666667,-1.7333333333333334,0
L5-M2,529,528,2,2,13,2 3 4 8 9 15 16 18 19 27 28 36 37,2,1.7333333333333334,0.2666666666666666,0.5333333333333332,0
L5-M2,530,529,6,-2,11,2 3 4 8 9 10 15 16 36 37 38,1,1.4666666666666666,-0.46666666666666656,0.9333333333333331,0
L5-M2,531,530,2,2,13,2 3 4 8 9 10 11 36 37 38 43 44 45,1,1.7333333333333334,-0.7333333333333334,-1.4666666666666668,0
L5-M2,532,531,7,-3,17,2 3 4 6 7 8 10 11 13 14 15 36 37 38 43 44 45,1,2.2666666666666666,-1.2666666666666666,3.8,0
L5-M2,533,532,1,3,15,2 3 4 6 7 8 10 11 12 13 14 15 36 37 38,2,2.0,0.0,0.0,0
L5-M2,534,533,5,-1,17,2 3 4 6 7 8 10 11 12 13 25 26 36 37 38 39 40,4,2.2666666666666666,1.7333333333333334,-1.7333333333333334,0
L5-M2,535,534,5,-1,16,2 3 4 6 7 8 11 12 13 18 19 20 39 40 42 43,4,2.1333333333333333,1.8666666666666667,-1.8666666666666667,0
L5-M2,536,535,6,-2,12,2 3 4 6 7 8 19 20 40 41 42 43,3,1.6,1.4,-2.8,0
L5-M2,537,536,3,1,18,1 2 3 4 5 6 19 20 21 22 27 28 34 35 36 40 41 42,1,2.4,-1.4,-1.4,0
L5-M2,538,537,1,3,19,1 2 3 4 5 6 19 20 21 22 27 28 34 35 40 41 42 44 45,2,2.533333333333333,-0.5333333333333332,-1.5999999999999996,0
L5-M2,539,538,3,1,18,1 2 3 4 5 16 17 19 20 21 22 27 28 40 41 42 44 45,4,2.4,1.6,1.6,0
L5-M2,540,539,4,0,17,1 2 4 5 16 17 20 21 24 25 27 28 29 40 41 44 45,0,2.2666666666666666,-2.2666666666666666,-0.0,0
L5-M2,541,540,4,0,19,1 2 4 5 16 17 20 21 24 25 27 28 29 38 39 40 41 44 45,1,2.533333333333333,-1.5333333333333332,-0.0,0
L5-M2,542,541,7,-3,17,1 2 4 5 16 17 20 21 24 25 37 38 39 40 41 44 45,3,2.2666666666666666,0.7333333333333334,-2.2,0
L5-M2,543,542,5,-1,15,1 2 16 17 20 21 23 24 25 29 30 37 38 39 40,0,2.0,-2.0,2.0,0
L5-M2,544,543,1,3,18,1 2 9 10 11 16 17 20 21 23 24 25 29 30 37 38 39 40,3,2.4,0.6000000000000001,1.8000000000000003,0
L5-M2,545,544,2,2,16,1 2 9 10 11 22 23 24 29 30 37 38 39 40 42 43,1,2.1333333333333333,-1.1333333333333333,-2.2666666666666666,0
L5-M2,546,545,1,3,20,1 2 3 9 10 11 12 14 15 16 22 23 29 30 37 38 39 40 42 43,2,2.6666666666666665,-0.6666666666666665,-1.9999999999999996,0
L5-M2,547,546,1,3,20,1 2 3 9 10 11 12 14 15 16 22 23 28 29 30 32 33 38 39 40,3,2.6666666666666665,0.3333333333333335,1.0000000000000004,0
L5-M2,548,547,5,-1,15,1 2 3 9 10 11 12 28 29 30 32 33 40 41 42,3,2.0,1.0,-1.0,0
L5-M2,549,548,4,0,14,2 3 9 10 11 18 19 28 29 30 31 40 41 42,3,1.8666666666666667,1.1333333333333333,0.0,0
L5-M2,550,549,1,3,9,2 3 9 10 11 18 19 41 42,0,1.2,-1.2,-3.5999999999999996,0
L5-M2,551,550,7,-3,15,2 3 4 5 9 10 11 18 19 23 24 25 26 41 42,2,2.0,0.0,-0.0,0
L5-M2,552,551,5,-1,15,4 5 8 9 10 11 16 17 18 19 25 26 41 42 43,1,2.0,-1.0,1.0,0
L5-M2,553,552,7,-3,16,4 5 8 9 15 16 17 18 19 22 23 25 26 41 42 43,1,2.1333333333333333,-1.1333333333333333,3.4,0
L5-M2,554,553,6,-2,19,4 5 8 9 11 12 13 15 16 18 19 21 22 23 25 26 41 42 43,3,2.533333333333333,0.4666666666666668,-0.9333333333333336,0
L5-M2,555,554,1,3,17,4 5 8 9 11 12 15 16 18 19 21 22 23 25 26 30 31,3,2.2666666666666666,0.7333333333333334,2.2,0
L5-M2,556,555,2,2,16,4 5 8 9 15 16 18 19 22 23 30 31 33 34 37 38,2,2.1333333333333333,-0.1333333333333333,-0.2666666666666666,0
L5-M2,557,556,6,-2,14,3 4 5 6 8 9 15 16 18 19 33 34 37 38,1,1.8666666666666667,-0.8666666666666667,1.7333333333333334,0
L5-M2,558,557,5,-1,13,5 6 8 9 10 15 16 18 19 33 34 37 38,2,1.7333333333333334,0.2666666666666666,-0.2666666666666666,0
L5-M2,559,558,5,-1,14,1 2 3 5 6 7 8 9 10 33 34 37 38 39,0,1.8666666666666667,-1.8666666666666667,1.8666666666666667,0
L5-M2,560,559,3,1,18,1 2 3 5 6 7 8 9 10 13 14 33 34 37 38 39 41 42,1,2.4,-1.4,-1.4,0
L5-M2,561,560,5,-1,23,2 3 5 6 7 8 9 10 13 14 16 17 18 21 22 33 34 36 37 38 39 41 42,5,3.066666666666667,1.9333333333333331,-1.9333333333333331,0
L5-M2,562,561,4,0,17,2 3 8 9 10 13 14 16 17 21 22 30 31 33 34 38 39,3,2.2666666666666666,0.7333333333333334,0.0,0
L5-M2,563,562,7,-3,15,2 3 8 9 10 21 22 27 28 33 34 35 36 38 39,1,2.0,-1.0,3.0,0
L5-M2,564,563,5,-1,19,2 3 8 9 14 15 21 22 26 27 28 33 34 35 36 38 39 40 41,4,2.533333333333333,1.4666666666666668,-1.4666666666666668,0
L5-M2,565,564,1,3,14,2 3 8 9 21 22 35 36 38 39 40 41 43 44,1,1.8666666666666667,-0.8666666666666667,-2.6,0
L5-M2,566,565,5,-1,18,1 2 3 8 9 21 22 23 24 28 29 30 35 36 38 39 43 44,1,2.4,-1.4,1.4,0
L5-M2,567,566,6,-2,20,1 2 3 7 8 9 21 22 23 24 28 29 30 35 36 37 38 39 41 42,2,2.6666666666666665,-0.6666666666666665,1.333333333333333,0
L5-M2,568,567,5,-1,21,2 3 7 8 9 11 12 13 20 21 22 23 24 28 29 30 35 36 37 38 39,2,2.8,-0.7999999999999998,0.7999999999999998,0
L5-M2,569,568,6,-2,18,7 8 9 11 12 13 21 22 23 24 28 29 30 35 36 37 38 39,4,2.4,1.6,-3.2,0
L5-M2,570,569,1,3,16,7 8 9 11 12 21 22 28 29 30 33 34 36 37 38 39,3,2.1333333333333333,0.8666666666666667,2.6,0
L5-M2,571,570,7,-3,12,7 8 9 18 19 21 22 36 37 38 39 40,3,1.6,1.4,-4.199999999999999,0
L5-M2,572,571,5,-1,9,4 5 7 8 9 36 37 39 40,1,1.2,-0.19999999999999996,0.19999999999999996,0
L5-M2,573,572,1,3,13,4 5 7 8 9 10 14 15 16 39 40 41 42,1,1.7333333333333334,-0.7333333333333334,-2.2,0
L5-M2,574,573,3,1,15,7 8 9 10 14 15 16 17 30 31 32 39 40 41 42,3,2.0,1.0,1.0,0
L5-M2,575,574,1,3,16,5 6 7 8 9 10 22 23 24 30 31 32 39 40 41 42,2,2.1333333333333333,-0.1333333333333333,-0.3999999999999999,0
L5-M2,576,575,2,2,17,5 6 7 9 10 22 23 24 27 28 29 31 32 39 40 41 42,2,2.2666666666666666,-0.2666666666666666,-0.5333333333333332,0
L5-M2,577,576,3,1,16,5 6 7 21 22 23 24 26 27 28 29 31 32 38 39 40,2,2.1333333333333333,-0.1333333333333333,-0.1333333333333333,0
L5-M2,578,577,5,-1,16,5 6 7 12 13 23 24 26 27 28 29 38 39 40 44 45,2,2.1333333333333333,-0.1333333333333333,0.1333333333333333,0
L5-M2,579,578,4,0,15,3 4 6 7 23 24 26 27 28 29 38 39 40 44 45,1,2.0,-1.0,-0.0,0
L5-M2,580,579,6,-2,16,3 4 18 19 23 24 26 27 28 29 38 39 40 43 44 45,0,2.1333333333333333,-2.1333333333333333,4.266666666666667,0
L5-M2,581,580,6,-2,19,1 2 3 4 18 19 23 24 26 27 28 29 30 38 39 40 43 44 45,2,2.533333333333333,-0.5333333333333332,1.0666666666666664,0
L5-M2,582,581,5,-1,16,1 2 18 19 23 24 25 26 27 28 29 30 38 39 40 41,3,2.1333333333333333,0.8666666666666667,-0.8666666666666667,0
L5-M2,583,582,4,0,16,15 16 17 18 19 23 24 25 26 27 28 29 30 31 38 39,2,2.1333333333333333,-0.1333333333333333,-0.0,0
L5-M2,584,583,3,1,14,15 16 18 19 23 24 25 26 28 29 30 31 38 39,3,1.8666666666666667,1.1333333333333333,1.1333333333333333,0
L5-M2,585,584,4,0,13,15 16 21 22 23 24 25 26 28 29 36 37 38,2,1.7333333333333334,0.2666666666666666,0.0,0
L5-M2,586,585,1,3,14,21 22 23 24 25 26 28 29 31 32 34 35 36 37,2,1.8666666666666667,0.1333333333333333,0.3999999999999999,0
L5-M2,587,586,2,2,19,3 4 5 19 20 22 23 24 25 26 28 29 31 32 35 36 37 42 43,4,2.533333333333333,1.4666666666666668,2.9333333333333336,0
L5-M2,588,587,2,2,14,3 4 5 19 20 22 23 24 25 26 35 36 42 43,2,1.8666666666666667,0.1333333333333333,0.2666666666666666,0
L5-M2,589,588,6,-2,16,3 4 5 19 20 23 24 26 27 28 35 36 42 43 44 45,1,2.1333333333333333,-1.1333333333333333,2.2666666666666666,0
L5-M2,590,589,3,1,17,3 4 5 17 18 19 20 23 24 26 27 35 36 42 43 44 45,3,2.2666666666666666,0.7333333333333334,0.7333333333333334,0
L5-M2,591,590,2,2,17,3 4 5 9 10 11 16 17 18 19 23 24 26 27 42 43 44,0,2.2666666666666666,-2.2666666666666666,-4.533333333333333,0
L5-M2,592,591,1,3,20,3 4 5 9 10 11 12 16 17 18 19 23 24 26 27 34 35 42 43 44,2,2.6666666666666665,-0.6666666666666665,-1.9999999999999996,0
L5-M2,593,592,6,-2,20,3 4 9 10 11 12 16 17 18 19 23 24 26 27 31 32 34 35 42 43,3,2.6666666666666665,0.3333333333333335,-0.666666666666667,0
L5-M2,594,593,5,-1,21,3 4 11 12 15 16 17 18 19 21 22 23 25 26 27 31 32 34 35 42 43,1,2.8,-1.7999999999999998,1.7999999999999998,0
L5-M2,595,594,2,2,20,3 4 11 12 15 16 17 18 19 21 22 23 26 27 31 32 34 35 42 43,1,2.6666666666666665,-1.6666666666666665,-3.333333333333333,0
L5-M2,596,595,1,3,20,3 4 11 12 15 16 17 18 19 20 21 22 23 26 27 31 32 41 42 43,4,2.6666666666666665,1.3333333333333335,4.0,0
L5-M2,597,596,5,-1,17,15 16 17 18 19 20 21 22 23 26 27 29 30 31 32 41 42,1,2.2666666666666666,-1.2666666666666666,1.2666666666666666,0
L5-M2,598,597,6,-2,21,5 6 7 15 16 17 18 19 20 21 22 26 27 29 30 31 32 41 42 44 45,1,2.8,-1.7999999999999998,3.5999999999999996,0
L5-M2,599,598,3,1,19,5 6 7 15 16 17 18 19 20 21 22 26 27 29 30 31 32 41 42,3,2.533333333333333,0.4666666666666668,0.4666666666666668,0
L5-M2,600,599,4,0,20,1 2 6 7 15 16 18 19 20 21 22 26 27 30 31 32 36 37 41 42,2,2.6666666666666665,-0.6666666666666665,-0.0,0
L5-M2,601,600,7,-3,18,1 2 6 7 15 16 18 19 20 21 22 30 31 32 39 40 41 42,4,2.4,1.6,-4.800000000000001,0
L5-M2,602,601,7,-3,11,6 7 20 21 22 25 26 39 40 41 42,1,1.4666666666666666,-0.46666666666666656,1.3999999999999997,0
L5-M2,603,602,1,3,15,6 7 8 9 10 20 21 25 26 39 40 41 42 43 44,3,2.0,1.0,3.0,0
L5-M2,604,603,6,-2,19,3 4 6 7 8 9 10 20 21 23 24 32 33 39 40 41 42 44 45,3,2.533333333333333,0.4666666666666668,-0.9333333333333336,0
L5-M2,605,604,5,-1,14,3 4 7 8 9 10 23 24 39 40 41 42 44 45,3,1.8666666666666667,1.1333333333333333,-1.1333333333333333,0
L5-M2,606,605,7,-3,17,3 4 5 11 12 23 24 28 29 36 37 39 40 41 42 44 45,2,2.2666666666666666,-0.2666666666666666,0.7999999999999998,0
L5-M2,607,606,6,-2,21,3 4 11 12 15 16 17 23 24 28 29 31 32 35 36 37 40 41 42 44 45,2,2.8,-0.7999999999999998,1.5999999999999996,0
L5-M2,608,607,2,2,18,3 4 11 12 13 15 16 17 28 29 30 31 32 40 41 42 44 45,2,2.4,-0.3999999999999999,-0.7999999999999998,0
L5-M2,609,608,6,-2,19,11 12 13 15 16 17 24 25 26 27 28 29 30 31 32 40 41 42 43,2,2.533333333333333,-0.5333333333333332,1.0666666666666664,0
L5-M2,610,609,3,1,20,11 12 13 15 16 17 21 22 24 25 26 28 29 30 31 32 33 41 42 43,1,2.6666666666666665,-1.6666666666666665,-1.6666666666666665,0
L5-M2,611,610,6,-2,23,2 3 9 10 11 12 13 15 16 17 21 22 24 25 26 29 30 31 32 33 41 42 43,3,3.066666666666667,-0.06666666666666687,0.13333333333333375,0
L5-M2,612,611,2,2,21,5 6 7 9 10 11 12 13 15 16 17 24 25 26 29 30 31 32 41 42 43,3,2.8,0.20000000000000018,0.40000000000000036,0
L5-M2,613,612,7,-3,14,10 11 12 13 15 16 17 29 30 31 32 41 42 43,3,1.8666666666666667,1.1333333333333333,-3.4,0
L5-M2,614,613,5,-1,8,12 13 29 30 31 32 42 43,0,1.0666666666666667,-1.0666666666666667,1.0666666666666667,0
L5-M2,615,614,2,2,13,3 4 5 12 13 29 30 31 32 34 35 42 43,0,1.7333333333333334,-1.7333333333333334,-3.466666666666667,0
L5-M2,616,615,7,-3,16,3 4 5 12 13 14 15 28 29 30 31 32 34 35 42 43,2,2.1333333333333333,-0.1333333333333333,0.3999999999999999,0
L5-M2,617,616,1,3,18,1 2 3 4 14 15 28 29 30 31 32 34 35 36 37 38 42 43,1,2.4,-1.4,-4.199999999999999,0
L5-M2,618,617,7,-3,18,1 2 3 14 15 28 29 30 31 32 33 34 35 36 37 38 42 43,3,2.4,0.6000000000000001,-1.8000000000000003,0
L5-M2,619,618,2,2,17,1 2 3 6 7 14 15 28 29 31 32 33 34 35 36 37 38,2,2.2666666666666666,-0.2666666666666666,-0.5333333333333332,0
L5-M2,620,619,4,0,18,1 2 3 14 15 20 21 22 28 29 31 32 33 34 36 37 38 39,3,2.4,0.6000000000000001,0.0,0
L5-M2,621,620,6,-2,15,9 10 14 15 19 20 21 22 28 29 33 34 36 37 38,1,2.0,-1.0,2.0,0
L5-M2,622,621,4,0,15,9 10 14 15 20 21 22 23 28 29 33 34 36 37 38,5,2.0,3.0,0.0,0
L5-M2,623,622,5,-1,14,3 4 5 10 11 12 22 23 24 26 27 36 37 38,0,1.8666666666666667,-1.8666666666666667,1.8666666666666667,0
L5-M2,624,623,3,1,17,3 4 5 10 11 12 22 23 24 25 26 27 36 37 38 43 44,2,2.2666666666666666,-0.2666666666666666,-0.2666666666666666,0
L5-M2,625,624,3,1,15,3 4 5 10 11 12 22 23 24 25 36 37 38 43 44,1,2.0,-1.0,-1.0,0
L5-M2,626,625,4,0,19,4 5 10 11 12 17 18 22 23 24 25 31 32 33 36 37 38 43 44,2,2.533333333333333,-0.5333333333333332,-0.0,0
L5-M2,627,626,3,1,16,4 5 10 11 12 17 18 22 23 24 25 31 32 36 37 38,3,2.1333333333333333,0.8666666666666667,0.8666666666666667,0
L5-M2,628,627,3,1,16,4 5 10 11 12 15 16 17 18 23 24 28 29 36 37 38,3,2.1333333333333333,0.8666666666666667,0.8666666666666667,0
L5-M2,629,628,3,1,13,4 5 10 11 16 17 18 28 29 30 36 37 38,2,1.7333333333333334,0.2666666666666666,0.2666666666666666,0
L5-M2,630,629,1,3,13,4 5 10 11 16 17 18 29 30 34 35 36 37,1,1.7333333333333334,-0.7333333333333334,-2.2,0
L5-M2,631,630,2,2,12,3 4 5 6 10 11 29 30 34 35 36 37,2,1.6,0.3999999999999999,0.7999999999999998,0
L5-M2,632,631,4,0,16,5 6 10 11 13 14 29 30 32 33 35 36 37 39 40 41,2,2.1333333333333333,-0.1333333333333333,-0.0,0
L5-M2,633,632,1,3,16,5 6 9 10 11 13 14 25 26 29 30 36 37 39 40 41,3,2.1333333333333333,0.8666666666666667,2.6,0
L5-M2,634,633,3,1,13,5 6 7 10 11 13 14 25 26 29 30 36 37,2,1.7333333333333334,0.2666666666666666,0.2666666666666666,0
L5-M2,635,634,7,-3,15,5 6 7 13 14 25 26 28 29 30 36 37 38 42 43,4,2.0,2.0,-6.0,0
L5-M2,636,635,6,-2,11,5 6 7 8 16 17 36 37 38 42 43,3,1.4666666666666666,1.5333333333333334,-3.066666666666667,0
L5-M2,637,636,6,-2,11,1 2 3 22 23 24 36 37 38 42 43,4,1.4666666666666666,2.533333333333333,-5.066666666666666,0
L5-M2,638,637,4,0,11,1 2 17 18 23 24 34 35 36 42 43,3,1.4666666666666666,1.5333333333333334,0.0,0
L5-M2,639,638,1,3,11,1 2 8 9 35 36 39 40 41 42 43,0,1.4666666666666666,-1.4666666666666666,-4.3999999999999995,0
L5-M2,640,639,7,-3,16,1 2 4 5 8 9 10 27 28 35 36 39 40 41 42 43,1,2.1333333333333333,-1.1333333333333333,3.4,0
L5-M2,641,640,5,-1,19,1 2 4 5 8 9 10 11 12 13 27 28 29 30 39 40 41 42 43,2,2.533333333333333,-0.5333333333333332,0.5333333333333332,0
L5-M2,642,641,2,2,19,1 2 4 5 8 9 10 12 13 19 20 27 28 29 30 39 40 41 42,2,2.533333333333333,-0.5333333333333332,-1.0666666666666664,0
L5-M2,643,642,5,-1,18,1 2 3 4 5 9 10 12 13 19 20 27 28 29 30 40 41 42,1,2.4,-1.4,1.4,0
L5-M2,644,643,1,3,17,1 2 3 4 5 9 10 12 13 19 20 27 28 29 30 41 42,3,2.2666666666666666,0.7333333333333334,2.2,0
L5-M2,645,644,2,2,14,1 2 3 4 6 7 9 10 19 20 29 30 41 42,3,1.8666666666666667,1.1333333333333333,2.2666666666666666,0
L5-M2,646,645,5,-1,12,2 3 6 7 9 10 19 20 29 30 34 35,2,1.6,0.3999999999999999,-0.3999999999999999,0
L5-M2,647,646,4,0,15,6 7 10 11 12 19 20 21 22 29 30 34 35 37 38,2,2.0,0.0,0.0,0
L5-M2,648,647,6,-2,14,6 7 8 10 11 12 18 19 20 34 35 37 38 39,3,1.8666666666666667,1.1333333333333333,-2.2666666666666666,0
L5-M2,649,648,1,3,13,6 7 8 10 11 12 14 15 31 32 33 34 35,1,1.7333333333333334,-0.7333333333333334,-2.2,0
L5-M2,650,649,2,2,15,6 7 8 10 11 12 14 15 17 18 31 32 34 35 36,3,2.0,1.0,2.0,0
L5-M2,651,650,6,-2,12,14 15 17 18 25 26 27 34 35 36 39 40,1,1.6,-0.6000000000000001,1.2000000000000002,0
L5-M2,652,651,4,0,14,1 2 8 9 10 14 15 17 18 34 35 36 39 40,2,1.8666666666666667,0.1333333333333333,0.0,0
L5-M2,653,652,4,0,15,1 2 5 6 8 9 10 17 18 23 24 25 34 35 36,2,2.0,0.0,0.0,0
L5-M2,654,653,1,3,16,1 2 8 9 10 17 18 19 20 23 24 25 34 35 36 37,1,2.1333333333333333,-1.1333333333333333,-3.4,0
L5-M2,655,654,1,3,17,1 2 8 9 10 17 18 19 20 22 23 24 25 32 33 34 35,0,2.2666666666666666,-2.2666666666666666,-6.8,0
L5-M2,656,655,2,2,17,1 2 8 9 10 17 18 19 20 22 23 24 25 32 33 34 35,0,2.2666666666666666,-2.2666666666666666,-4.533333333333333,0
L5-M2,657,656,6,-2,22,1 2 8 9 10 11 12 17 18 19 20 22 23 24 25 28 29 30 32 33 34 35,2,2.933333333333333,-0.9333333333333331,1.8666666666666663,0
L5-M2,658,657,4,0,22,1 2 8 9 11 12 13 17 18 22 23 24 25 28 29 30 32 33 34 35 41 42,4,2.933333333333333,1.0666666666666669,0.0,0
L5-M2,659,658,7,-3,20,1 2 4 5 6 11 12 13 17 18 22 23 24 29 30 33 34 35 41 42,3,2.6666666666666665,0.3333333333333335,-1.0000000000000004,0
L5-M2,660,659,7,-3,16,1 2 4 5 6 11 12 13 20 21 22 23 24 33 34 35,3,2.1333333333333333,0.8666666666666667,-2.6,0
L5-M2,661,660,3,1,14,1 2 5 6 11 12 13 20 21 22 34 35 37 38,4,1.8666666666666667,2.1333333333333333,2.1333333333333333,0
L5-M2,662,661,7,-3,11,5 6 15 16 17 21 22 30 31 34 35,3,1.4666666666666666,1.5333333333333334,-4.6000000000000005,0
L5-M2,663,662,6,-2,12,13 14 16 17 21 22 30 31 34 35 40 41,0,1.6,-1.6,3.2,0
L5-M2,664,663,5,-1,17,13 14 16 17 21 22 24 25 26 30 31 32 34 35 36 40 41,2,2.2666666666666666,-0.2666666666666666,0.2666666666666666,0
L5-M2,665,664,1,3,17,13 14 16 17 18 21 22 24 25 26 28 29 30 31 32 34 35,1,2.2666666666666666,-1.2666666666666666,-3.8,0
L5-M2,666,665,4,0,17,13 14 21 22 23 24 25 26 28 29 30 31 32 34 35 39 40,1,2.2666666666666666,-1.2666666666666666,-0.0,0
L5-M2,667,666,5,-1,18,12 13 14 21 22 23 24 25 26 27 29 30 31 32 34 35 39 40,1,2.4,-1.4,1.4,0
L5-M2,668,667,1,3,17,12 13 14 21 22 23 24 26 27 29 30 31 32 34 35 39 40,5,2.2666666666666666,2.7333333333333334,8.2,0
L5-M2,669,668,1,3,15,7 8 9 18 19 21 22 23 29 30 31 34 35 39 40,3,2.0,1.0,3.0,0
L5-M2,670,669,3,1,15,9 10 18 19 21 22 23 30 31 34 35 36 39 40 41,3,2.0,1.0,1.0,0
L5-M2,671,670,3,1,12,9 10 21 22 23 30 31 34 35 36 44 45,4,1.6,2.4,2.4,0
L5-M2,672,671,5,-1,11,1 2 3 4 5 6 21 22 23 44 45,2,1.4666666666666666,0.5333333333333334,-0.5333333333333334,0
L5-M2,673,672,6,-2,13,1 2 3 4 5 6 16 17 22 23 42 43 44,2,1.7333333333333334,0.2666666666666666,-0.5333333333333332,0
L5-M2,674,673,1,3,15,1 2 3 4 5 6 14 15 16 22 23 24 25 42 43,2,2.0,0.0,0.0,0
L5-M2,675,674,3,1,18,1 2 3 4 5 6 15 16 19 20 22 23 24 37 38 39 42 43,2,2.4,-0.3999999999999999,-0.3999999999999999,0
L5-M2,676,675,2,2,17,2 3 4 5 6 19 20 22 23 24 37 38 39 40 41 42 43,1,2.2666666666666666,-1.2666666666666666,-2.533333333333333,0
L5-M2,677,676,4,0,18,2 3 4 5 6 12 13 19 20 22 23 24 37 38 40 41 42 43,3,2.4,0.6000000000000001,0.0,0
L5-M2,678,677,6,-2,14,2 3 4 5 6 19 20 21 22 23 37 38 42 43,4,1.8666666666666667,2.1333333333333333,-4.266666666666667,0
L5-M2,679,678,7,-3,14,2 3 19 20 21 22 23 28 29 30 32 33 42 43,1,1.8666666666666667,-0.8666666666666667,2.6,0
L5-M2,680,679,7,-3,16,9 10 19 20 21 22 23 27 28 29 30 31 32 33 42 43,5,2.1333333333333333,2.8666666666666667,-8.6,0
L5-M2,681,680,5,-1,8,20 21 22 23 27 28 30 31,2,1.0666666666666667,0.9333333333333333,-0.9333333333333333,0
L5-M2,682,681,1,3,14,1 2 8 9 16 17 18 22 23 30 31 38 39 40,3,1.8666666666666667,1.1333333333333333,3.4,0
L5-M2,683,682,1,3,11,1 2 8 9 15 16 30 31 39 40 41,1,1.4666666666666666,-0.46666666666666656,-1.3999999999999997,0
L5-M2,684,683,3,1,12,1 2 8 9 11 12 15 16 30 31 36 37,3,1.6,1.4,1.4,0
L5-M2,685,684,7,-3,11,2 3 7 8 9 30 31 33 34 36 37,1,1.4666666666666666,-0.46666666666666656,1.3999999999999997,0
L5-M2,686,685,4,0,18,2 3 4 5 8 9 10 18 19 30 31 32 33 34 36 37 41 42,0,2.4,-2.4,-0.0,0
L5-M2,687,686,3,1,23,2 3 4 5 8 9 10 18 19 21 22 29 30 31 32 33 34 36 37 41 42 44 45,3,3.066666666666667,-0.06666666666666687,-0.06666666666666687,0
L5-M2,688,687,7,-3,20,2 3 4 5 18 19 21 22 23 29 30 31 32 33 34 35 36 37 44 45,5,2.6666666666666665,2.3333333333333335,-7.0,0
L5-M2,689,688,1,3,18,2 3 4 18 19 20 21 26 27 29 30 31 32 33 36 37 44 45,3,2.4,0.6000000000000001,1.8000000000000003,0
L5-M2,690,689,5,-1,12,2 3 4 20 21 26 27 31 32 33 44 45,1,1.6,-0.6000000000000001,0.6000000000000001,0
L5-M2,691,690,7,-3,13,2 3 4 20 21 26 27 31 32 40 41 44 45,2,1.7333333333333334,0.2666666666666666,-0.7999999999999998,0
L5-M2,692,691,2,2,11,2 3 4 11 12 20 21 31 32 40 41,3,1.4666666666666666,1.5333333333333334,3.066666666666667,0
L5-M2,693,692,7,-3,14,1 2 8 9 10 12 13 20 21 28 29 40 41 42,3,1.8666666666666667,1.1333333333333333,-3.4,0
L5-M2,694,693,5,-1,13,4 5 8 9 10 12 13 20 21 22 23 40 41,1,1.7333333333333334,-0.7333333333333334,0.7333333333333334,0
L5-M2,695,694,2,2,19,4 5 8 9 10 12 13 16 17 18 19 21 22 23 29 30 31 40 41,2,2.533333333333333,-0.5333333333333332,-1.0666666666666664,0
L5-M2,696,695,2,2,17,8 9 10 12 13 16 17 21 22 23 24 29 30 31 39 40 41,1,2.2666666666666666,-1.2666666666666666,-2.533333333333333,0
L5-M2,697,696,5,-1,17,8 9 10 12 13 21 22 23 24 29 30 31 39 40 41 44 45,2,2.2666666666666666,-0.2666666666666666,0.2666666666666666,0
L5-M2,698,697,5,-1,20,9 10 12 13 14 21 22 23 24 29 30 31 32 35 36 37 40 41 44 45,3,2.6666666666666665,0.3333333333333335,-0.3333333333333335,0
L5-M2,699,698,4,0,18,9 10 22 23 24 27 28 29 30 31 32 35 36 40 41 42 44 45,1,2.4,-1.4,-0.0,0
L5-M2,700,699,1,3,23,9 10 14 15 19 20 22 23 24 25 27 28 30 31 32 35 36 40 41 42 43 44 45,4,3.066666666666667,0.9333333333333331,2.7999999999999994,0
L5-M2,701,700,2,2,18,9 10 14 15 19 20 24 25 26 27 31 32 35 36 40 41 42 43,3,2.4,0.6000000000000001,1.2000000000000002,0
L5-M2,702,701,5,-1,18,6 7 17 18 19 20 24 25 26 27 31 32 34 35 40 41 42 43,2,2.4,-0.3999999999999999,0.3999999999999999,0
L5-M2,703,702,2,2,17,1 2 6 7 17 18 19 20 31 32 34 35 39 40 41 42 43,2,2.2666666666666666,-0.2666666666666666,-0.5333333333333332,0
L5-M2,704,703,2,2,14,1 2 6 7 17 18 19 20 34 35 39 40 42 43,2,1.8666666666666667,0.1333333333333333,0.2666666666666666,0
L5-M2,705,704,7,-3,13,5 6 7 17 18 19 20 21 22 34 35 39 40,3,1.7333333333333334,1.2666666666666666,-3.8,0
L5-M2,706,705,5,-1,10,11 12 18 19 20 21 34 35 39 40,0,1.3333333333333333,-1.3333333333333333,1.3333333333333333,0
L5-M2,707,706,7,-3,15,11 12 14 15 18 19 20 21 34 35 36 37 38 39 40,3,2.0,1.0,-3.0,0
L5-M2,708,707,5,-1,14,13 14 15 16 20 21 25 26 27 34 35 36 37 38,2,1.8666666666666667,0.1333333333333333,-0.1333333333333333,0
L5-M2,709,708,1,3,16,13 14 15 20 21 25 26 27 31 32 35 36 37 38 40 41,1,2.1333333333333333,-1.1333333333333333,-3.4,0
L5-M2,710,709,4,0,20,7 8 9 13 14 15 20 21 25 26 27 31 32 33 37 38 40 41 42 43,3,2.6666666666666665,0.3333333333333335,0.0,0
L5-M2,711,710,4,0,19,7 8 13 14 15 20 21 22 23 26 27 31 32 37 38 40 41 42 43,2,2.533333333333333,-0.5333333333333332,-0.0,0
L5-M2,712,711,6,-2,20,5 6 7 8 13 14 20 21 22 23 26 27 28 29 31 32 40 41 42 43,2,2.6666666666666665,-0.6666666666666665,1.333333333333333,0
L5-M2,713,712,2,2,18,5 6 7 8 12 13 14 21 22 23 26 27 28 29 40 41 42 43,2,2.4,-0.3999999999999999,-0.7999999999999998,0
L5-M2,714,713,7,-3,16,6 7 8 12 13 14 21 22 26 27 28 29 40 41 42 43,3,2.1333333333333333,0.8666666666666667,-2.6,0
L5-M2,715,714,3,1,13,12 13 14 26 27 28 29 38 39 41 42 43 44,3,1.7333333333333334,1.2666666666666666,1.2666666666666666,0
L5-M2,716,715,3,1,16,3 4 8 9 10 12 13 14 25 26 28 29 38 39 42 43,2,2.1333333333333333,-0.1333333333333333,-0.1333333333333333,0
L5-M2,717,716,5,-1,17,3 4 8 9 10 11 12 24 25 26 34 35 36 38 39 42 43,2,2.2666666666666666,-0.2666666666666666,0.2666666666666666,0
L5-M2,718,717,7,-3,14,3 4 8 9 10 20 21 34 35 36 38 39 42 43,3,1.8666666666666667,1.1333333333333333,-3.4,0
L5-M2,719,718,7,-3,12,8 9 10 14 15 17 18 34 35 36 42 43,2,1.6,0.3999999999999999,-1.1999999999999997,0
L5-M2,720,719,6,-2,13,9 10 14 15 17 18 21 22 34 35 36 37 38,3,1.7333333333333334,1.2666666666666666,-2.533333333333333,0
L5-M2,721,720,7,-3,15,9 10 14 15 17 18 21 22 26 27 40 41 42 44 45,2,2.0,0.0,-0.0,0
L5-M2,722,721,3,1,16,5 6 7 9 10 14 15 16 17 18 21 22 26 27 30 31,3,2.1333333333333333,0.8666666666666667,0.8666666666666667,0
L5-M2,723,722,7,-3,15,2 3 5 6 7 9 10 15 16 17 18 24 25 26 27,0,2.0,-2.0,6.0,0
L5-M2,724,723,2,2,20,2 3 5 6 7 9 10 11 15 16 17 18 22 23 24 25 26 27 31 32,1,2.6666666666666665,-1.6666666666666665,-3.333333333333333,0
L5-M2,725,724,3,1,21,3 4 5 6 7 9 10 11 15 16 17 18 19 22 23 24 25 26 27 31 32,3,2.8,0.20000000000000018,0.20000000000000018,0
L5-M2,726,725,5,-1,18,3 4 5 9 10 11 15 16 17 18 22 23 24 25 26 27 31 32,2,2.4,-0.3999999999999999,0.3999999999999999,0
L5-M2,727,726,5,-1,17,3 4 5 9 10 15 16 17 18 24 25 26 27 28 29 31 32,2,2.2666666666666666,-0.2666666666666666,0.2666666666666666,0
L5-M2,728,727,5,-1,19,3 4 5 12 13 14 15 16 17 18 24 25 26 27 28 29 38 39 40,1,2.533333333333333,-1.5333333333333332,1.5333333333333332,0
L5-M2,729,728,6,-2,18,4 5 12 13 14 15 16 17 18 24 25 26 27 28 29 38 39 40,2,2.4,-0.3999999999999999,0.7999999999999998,0
L5-M2,730,729,2,2,17,4 5 12 13 14 15 16 24 25 27 28 29 32 33 38 39 40,3,2.2666666666666666,0.7333333333333334,1.4666666666666668,0
L5-M2,731,730,7,-3,15,12 13 24 25 27 28 29 32 33 38 39 40 41 42 43,3,2.0,1.0,-3.0,0
L5-M2,732,731,5,-1,13,23 24 27 28 29 32 33 38 39 40 41 43 44,2,1.7333333333333334,0.2666666666666666,-0.2666666666666666,0
L5-M2,733,732,7,-3,14,8 9 19 20 23 24 28 29 38 39 40 41 43 44,2,1.8666666666666667,0.1333333333333333,-0.3999999999999999,0
L5-M2,734,733,2,2,13,8 9 19 20 28 29 30 31 37 38 39 43 44,2,1.7333333333333334,0.2666666666666666,0.5333333333333332,0
L5-M2,735,734,3,1,11,8 9 19 20 21 28 29 30 31 43 44,0,1.4666666666666666,-1.4666666666666666,-1.4666666666666666,0
L5-M2,736,735,1,3,16,8 9 14 15 18 19 20 21 22 23 28 29 30 31 43 44,2,2.1333333333333333,-0.1333333333333333,-0.3999999999999999,0
L5-M2,737,736,2,2,18,7 8 9 14 15 19 20 22 23 25 26 28 29 30 31 42 43 44,1,2.4,-1.4,-2.8,0
L5-M2,738,737,1,3,18,3 4 7 8 9 19 20 22 23 25 26 28 29 30 31 42 43 44,4,2.4,1.6,4.800000000000001,0
L5-M2,739,738,4,0,19,3 4 7 8 9 19 20 25 26 29 30 31 32 33 34 35 36 39 40,5,2.533333333333333,2.466666666666667,0.0,0
L5-M2,740,739,4,0,15,3 4 8 9 19 20 25 26 30 31 32 39 40 44 45,4,2.0,2.0,0.0,0
L5-M2,741,740,7,-3,13,5 6 25 26 30 31 32 36 37 39 40 44 45,3,1.7333333333333334,1.2666666666666666,-3.8,0
L5-M2,742,741,2,2,15,1 2 3 10 11 12 25 26 30 31 32 36 37 39 40,4,2.0,2.0,4.0,0
L5-M2,743,742,1,3,13,1 2 3 11 12 14 15 24 25 26 30 31 32,1,1.7333333333333334,-0.7333333333333334,-2.2,0
L5-M2,744,743,1,3,16,1 2 3 11 12 23 24 25 26 30 31 32 38 39 42 43,0,2.1333333333333333,-2.1333333333333333,-6.4,0
L5-M2,745,744,7,-3,22,1 2 3 6 7 11 12 22 23 24 25 26 28 29 30 31 32 33 38 39 42 43,5,2.933333333333333,2.066666666666667,-6.200000000000001,0
L5-M2,746,745,5,-1,17,6 7 16 17 24 25 26 28 29 30 31 32 33 38 39 42 43,2,2.2666666666666666,-0.2666666666666666,0.2666666666666666,0
L5-M2,747,746,3,1,17,4 5 6 7 16 17 24 25 26 27 28 29 30 31 32 38 39,2,2.2666666666666666,-0.2666666666666666,-0.2666666666666666,0
L5-M2,748,747,5,-1,17,4 5 6 16 17 24 25 26 27 29 30 31 32 37 38 39 40,2,2.2666666666666666,-0.2666666666666666,0.2666666666666666,0
L5-M2,749,748,5,-1,19,4 5 6 16 17 19 20 24 25 26 27 29 30 37 38 39 40 43 44,2,2.533333333333333,-0.5333333333333332,0.5333333333333332,0
L5-M2,750,749,6,-2,19,4 5 6 15 16 17 18 19 20 21 29 30 37 38 39 40 41 43 44,2,2.533333333333333,-0.5333333333333332,1.0666666666666664,0
L5-M2,751,750,3,1,17,4 5 6 16 17 18 20 21 29 30 37 38 39 40 41 43 44,4,2.2666666666666666,1.7333333333333334,1.7333333333333334,0
L5-M2,752,751,4,0,13,5 6 17 18 29 30 37 38 39 40 41 42 43,2,1.7333333333333334,0.2666666666666666,0.0,0
L5-M2,753,752,2,2,14,5 6 7 8 9 17 18 29 30 37 38 39 41 42,3,1.8666666666666667,1.1333333333333333,2.2666666666666666,0
L5-M2,754,753,2,2,16,5 6 7 8 9 10 11 21 22 23 29 30 31 32 38 39,3,2.1333333333333333,0.8666666666666667,1.7333333333333334,0
L5-M2,755,754,7,-3,19,5 6 7 9 10 11 12 13 14 21 22 23 25 26 27 34 35 38 39,3,2.533333333333333,0.4666666666666668,-1.4000000000000004,0
L5-M2,756,755,7,-3,14,5 6 7 9 10 11 12 21 22 23 34 35 38 39,1,1.8666666666666667,-0.8666666666666667,2.6,0
L5-M2,757,756,1,3,14,5 6 7 11 12 21 22 23 34 35 38 39 44 45,4,1.8666666666666667,2.1333333333333333,6.4,0
L5-M2,758,757,1,3,14,3 4 5 20 21 22 23 34 35 38 39 40 42 43,3,1.8666666666666667,1.1333333333333333,3.4,0
L5-M2,759,758,4,0,14,3 4 19 20 21 22 23 34 35 37 38 40 41 42,2,1.8666666666666667,0.1333333333333333,0.0,0
L5-M2,760,759,2,2,17,1 2 3 4 19 20 21 22 23 24 25 31 32 34 35 37 38,2,2.2666666666666666,-0.2666666666666666,-0.5333333333333332,0
L5-M2,761,760,2,2,15,1 2 3 4 19 20 21 23 24 25 26 34 35 37 38,2,2.0,0.0,0.0,0
L5-M2,762,761,5,-1,19,1 2 3 13 14 15 16 18 19 20 21 25 26 28 29 34 35 37 38,4,2.533333333333333,1.4666666666666668,-1.4666666666666668,0
L5-M2,763,762,4,0,14,13 14 15 16 17 18 19 20 28 29 34 35 37 38,2,1.8666666666666667,0.1333333333333333,0.0,0
L5-M2,764,763,3,1,15,5 6 13 14 15 17 18 19 20 28 29 30 37 38 39,0,2.0,-2.0,-2.0,0
L5-M2,765,764,2,2,16,5 6 13 14 15 17 18 19 20 28 29 30 37 38 39 40,0,2.1333333333333333,-2.1333333333333333,-4.266666666666667,0
L5-M2,766,765,5,-1,19,5 6 9 10 13 14 15 17 18 19 20 27 28 29 30 37 38 39 40,3,2.533333333333333,0.4666666666666668,-0.4666666666666668,0
L5-M2,767,766,2,2,19,4 5 6 10 11 13 14 15 17 18 19 20 27 28 29 37 38 44 45,3,2.533333333333333,0.4666666666666668,0.9333333333333336,0
L5-M2,768,767,4,0,16,10 11 13 14 17 18 19 25 26 27 28 29 37 38 44 45,4,2.1333333333333333,1.8666666666666667,0.0,0
L5-M2,769,768,1,3,12,10 11 13 14 16 17 18 19 25 26 32 33,2,1.6,0.3999999999999999,1.1999999999999997,0
L5-M2,770,769,1,3,15,13 14 17 18 19 21 22 23 24 25 26 32 33 36 37,1,2.0,-1.0,-3.0,0
L5-M2,771,770,5,-1,17,2 3 4 13 14 17 18 19 21 22 24 25 26 32 33 36 37,3,2.2666666666666666,0.7333333333333334,-0.7333333333333334,0
L5-M2,772,771,7,-3,13,2 3 4 13 14 24 25 26 32 33 35 36 37,1,1.7333333333333334,-0.7333333333333334,2.2,0
L5-M2,773,772,6,-2,15,2 3 4 19 20 24 25 26 31 32 33 34 35 36 37,3,2.0,1.0,-2.0,0
L5-M2,774,773,7,-3,14,2 3 4 24 25 26 27 28 32 33 34 36 37 38,2,1.8666666666666667,0.1333333333333333,-0.3999999999999999,0
L5-M2,775,774,1,3,14,2 3 4 24 25 26 27 32 33 36 37 38 44 45,2,1.8666666666666667,0.1333333333333333,0.3999999999999999,0
L5-M2,776,775,3,1,17,1 2 3 4 22 23 24 25 26 27 36 37 39 40 43 44 45,1,2.2666666666666666,-1.2666666666666666,-1.2666666666666666,0
L5-M2,777,776,4,0,17,1 2 3 4 16 17 22 23 24 25 26 27 36 37 43 44 45,2,2.2666666666666666,-0.2666666666666666,-0.0,0
L5-M2,778,777,4,0,16,1 2 3 4 5 13 14 22 23 24 25 26 27 43 44 45,0,2.1333333333333333,-2.1333333333333333,-0.0,0
L5-M2,779,778,2,2,21,1 2 3 4 5 13 14 19 20 22 23 24 25 26 27 30 31 32 43 44 45,2,2.8,-0.7999999999999998,-1.5999999999999996,0
L5-M2,780,779,1,3,20,1 2 3 4 5 13 14 15 16 22 23 25 26 27 30 31 32 43 44 45,3,2.6666666666666665,0.3333333333333335,1.0000000000000004,0
L5-M2,781,780,2,2,23,1 2 3 4 5 10 11 13 14 22 23 25 26 29 30 31 32 33 38 39 42 43 44,2,3.066666666666667,-1.0666666666666669,-2.1333333333333337,0
L5-M2,782,781,7,-3,24,1 2 3 4 5 7 8 9 10 13 14 22 23 25 26 28 29 30 31 32 33 42 43 44,1,3.2,-2.2,6.6000000000000005,0
L5-M2,783,782,3,1,23,1 2 3 4 5 7 8 9 10 13 14 22 23 25 26 28 29 30 32 33 42 43 44,1,3.066666666666667,-2.066666666666667,-2.066666666666667,0
L5-M2,784,783,5,-1,24,1 2 3 4 5 7 8 9 10 22 23 25 26 28 29 30 32 33 35 36 37 42 43 44,3,3.2,-0.20000000000000018,0.20000000000000018,0
L5-M2,785,784,3,1,24,1 2 4 5 7 8 9 12 13 25 26 28 29 30 32 33 35 36 37 40 41 42 43 44,4,3.2,0.7999999999999998,0.7999999999999998,0
L5-M2,786,785,7,-3,22,1 2 7 8 9 12 13 20 21 22 27 28 29 30 35 36 37 40 41 42 43 44,3,2.933333333333333,0.06666666666666687,-0.20000000000000062,0
L5-M2,787,786,7,-3,18,1 2 7 8 9 21 22 27 28 29 35 36 37 40 41 42 43 44,2,2.4,-0.3999999999999999,1.1999999999999997,0
L5-M2,788,787,3,1,18,1 2 7 8 9 18 19 21 22 34 35 36 37 40 41 42 43 44,3,2.4,0.6000000000000001,0.6000000000000001,0
L5-M2,789,788,5,-1,16,7 8 9 17 18 21 22 36 37 38 40 41 42 43 44 45,2,2.1333333333333333,-0.1333333333333333,0.1333333333333333,0
L5-M2,790,789,6,-2,17,8 9 17 18 21 22 23 31 32 36 37 38 40 41 42 43 44,2,2.2666666666666666,-0.2666666666666666,0.5333333333333332,0
L5-M2,791,790,3,1,17,17 18 21 22 23 25 26 31 32 33 34 36 37 38 42 43 44,3,2.2666666666666666,0.7333333333333334,0.7333333333333334,0
L5-M2,792,791,5,-1,16,14 15 17 18 20 21 22 23 24 25 26 36 37 38 43 44,2,2.1333333333333333,-0.1333333333333333,0.1333333333333333,0
L5-M2,793,792,3,1,17,4 5 13 14 15 16 17 18 20 21 22 23 24 37 38 43 44,4,2.2666666666666666,1.7333333333333334,1.7333333333333334,0
L5-M2,794,793,4,0,12,4 5 13 14 16 17 18 22 23 24 39 40,1,1.6,-0.6000000000000001,-0.0,0
L5-M2,795,794,3,1,13,4 5 13 14 16 17 22 23 24 39 40 44 45,1,1.7333333333333334,-0.7333333333333334,-0.7333333333333334,0
L5-M2,796,795,6,-2,16,4 5 8 9 16 17 22 23 24 27 28 39 40 41 44 45,2,2.1333333333333333,-0.1333333333333333,0.2666666666666666,0
L5-M2,797,796,2,2,18,4 5 8 9 11 12 16 17 22 23 24 27 28 31 32 33 44 45,5,2.4,2.6,5.2,0
L5-M2,798,797,5,-1,12,8 9 11 12 16 17 23 24 25 27 28 29,0,1.6,-1.6,1.6,0
L5-M2,799,798,7,-3,16,8 9 11 12 15 16 17 23 24 25 27 28 29 42 43 44,4,2.1333333333333333,1.8666666666666667,-5.6,0
L5-M2,800,799,4,0,17,6 7 8 9 15 16 18 19 20 24 25 27 28 29 30 43 44,1,2.2666666666666666,-1.2666666666666666,-0.0,0
L5-M2,801,800,5,-1,17,6 7 8 9 15 16 18 19 20 24 25 29 30 37 38 43 44,4,2.2666666666666666,1.7333333333333334,-1.7333333333333334,0
L5-M2,802,801,1,3,16,6 7 8 9 15 16 18 19 20 21 26 27 29 30 40 41,1,2.1333333333333333,-1.1333333333333333,-3.4,0
L5-M2,803,802,6,-2,19,5 6 7 8 9 15 16 19 20 21 26 27 29 30 31 38 39 40 41,4,2.533333333333333,1.4666666666666668,-2.9333333333333336,0
L5-M2,804,803,1,3,20,2 3 6 7 8 15 16 19 20 21 22 31 32 33 35 36 38 39 40 41,2,2.6666666666666665,-0.6666666666666665,-1.9999999999999996,0
L5-M2,805,804,2,2,19,2 3 6 7 8 15 16 19 20 21 22 23 33 34 35 38 39 40 41,1,2.533333333333333,-1.5333333333333332,-3.0666666666666664,0
L5-M2,806,805,7,-3,17,6 7 8 15 16 19 20 21 22 23 33 34 35 38 39 40 41,3,2.2666666666666666,0.7333333333333334,-2.2,0
L5-M2,807,806,4,0,19,6 7 8 15 16 17 21 22 27 28 29 33 34 35 39 40 41 44 45,3,2.533333333333333,0.4666666666666668,0.0,0
L5-M2,808,807,5,-1,16,7 8 15 16 17 21 22 27 28 29 39 40 41 42 44 45,3,2.1333333333333333,0.8666666666666667,-0.8666666666666667,0
L5-M2,809,808,3,1,15,4 5 7 8 9 16 17 27 28 29 30 39 40 44 45,2,2.0,0.0,0.0,0
L5-M2,810,809,6,-2,14,1 2 4 5 7 8 9 26 27 28 29 30 44 45,1,1.8666666666666667,-0.8666666666666667,1.7333333333333334,0
L5-M2,811,810,3,1,14,1 2 3 4 7 8 9 26 27 28 29 30 44 45,2,1.8666666666666667,0.1333333333333333,0.1333333333333333,0
L5-M2,812,811,5,-1,11,1 2 3 4 26 27 28 29 30 37 38,2,1.4666666666666666,0.5333333333333334,-0.5333333333333334,0
L5-M2,813,812,3,1,12,24 25 26 27 28 29 30 33 34 35 37 38,3,1.6,1.4,1.4,0
L5-M2,814,813,2,2,11,24 25 26 27 28 29 31 32 33 37 38,2,1.4666666666666666,0.5333333333333334,1.0666666666666669,0
L5-M2,815,814,4,0,15,6 7 17 18 22 23 24 25 26 27 31 32 33 40 41,4,2.0,2.0,0.0,0
L5-M2,816,815,1,3,15,4 5 6 7 9 10 22 23 24 31 32 33 39 40 41,2,2.0,0.0,0.0,0
L5-M2,817,816,1,3,14,4 5 6 7 8 9 10 22 23 24 32 33 40 41,1,1.8666666666666667,-0.8666666666666667,-2.6,0
L5-M2,818,817,6,-2,15,4 5 6 7 8 14 15 16 22 23 24 32 33 40 41,2,2.0,0.0,-0.0,0
L5-M2,819,818,1,3,16,4 5 6 7 8 10 11 22 23 24 32 33 34 35 40 41,2,2.1333333333333333,-0.1333333333333333,-0.3999999999999999,0
L5-M2,820,819,1,3,16,1 2 4 5 6 7 8 10 11 22 23 24 34 35 41 42,4,2.1333333333333333,1.8666666666666667,5.6,0
L5-M2,821,820,1,3,13,1 2 4 5 6 7 8 23 24 26 27 36 37,2,1.7333333333333334,0.2666666666666666,0.7999999999999998,0
L5-M2,822,821,4,0,15,4 5 6 7 8 17 18 19 20 26 27 31 32 36 37,4,2.0,2.0,0.0,0
L5-M2,823,822,2,2,9,2 3 4 5 6 7 8 31 32,0,1.2,-1.2,-2.4,0
L5-M2,824,823,2,2,11,2 3 4 5 6 7 8 14 15 31 32,1,1.4666666666666666,-0.46666666666666656,-0.9333333333333331,0
L5-M2,825,824,4,0,12,2 3 4 5 6 14 15 16 17 31 32 33,3,1.6,1.4,0.0,0
L5-M2,826,825,7,-3,14,2 3 4 5 6 10 11 16 17 22 23 41 42 43,1,1.8666666666666667,-0.8666666666666667,2.6,0
L5-M2,827,826,7,-3,15,1 2 3 4 5 6 10 11 22 23 41 42 43 44 45,3,2.0,1.0,-3.0,0
L5-M2,828,827,4,0,13,1 2 3 4 19 20 22 23 27 28 41 42 43,1,1.7333333333333334,-0.7333333333333334,-0.0,0
L5-M2,829,828,4,0,16,1 2 3 17 18 19 20 22 23 26 27 28 40 41 42 43,1,2.1333333333333333,-1.1333333333333333,-0.0,0
L5-M2,830,829,3,1,17,1 2 3 9 10 17 18 19 20 22 23 26 27 28 40 41 42,1,2.2666666666666666,-1.2666666666666666,-1.2666666666666666,0
L5-M2,831,830,4,0,19,1 2 3 8 9 10 14 15 19 20 21 22 23 26 27 28 40 41 42,3,2.533333333333333,0.4666666666666668,0.0,0
L5-M2,832,831,2,2,18,1 2 8 9 14 15 20 21 22 23 24 25 26 27 28 40 41 42,3,2.4,0.6000000000000001,1.2000000000000002,0
L5-M2,833,832,5,-1,19,1 2 8 9 11 12 20 21 22 23 24 25 27 28 32 33 34 41 42,3,2.533333333333333,0.4666666666666668,-0.4666666666666668,0
L5-M2,834,833,3,1,17,1 2 7 8 9 20 21 22 23 24 25 27 28 29 32 33 34,1,2.2666666666666666,-1.2666666666666666,-1.2666666666666666,0
L5-M2,835,834,1,3,16,1 2 20 21 22 23 24 25 27 28 29 32 33 34 44 45,2,2.1333333333333333,-0.1333333333333333,-0.3999999999999999,0
L5-M2,836,835,5,-1,15,1 2 4 5 20 21 22 23 24 25 32 33 34 36 37,1,2.0,-1.0,1.0,0
L5-M2,837,836,5,-1,19,2 3 4 5 15 16 17 20 21 22 23 24 25 31 32 33 34 36 37,3,2.533333333333333,0.4666666666666668,-0.4666666666666668,0
L5-M2,838,837,2,2,16,3 4 5 15 16 17 19 20 21 22 23 24 31 32 36 37,2,2.1333333333333333,-0.1333333333333333,-0.2666666666666666,0
L5-M2,839,838,4,0,16,3 4 5 15 16 19 20 21 22 23 24 31 32 39 40 41,2,2.1333333333333333,-0.1333333333333333,-0.0,0
L5-M2,840,839,7,-3,22,4 5 6 7 8 15 16 20 21 22 23 24 31 32 34 35 39 40 41 42 43 44,2,2.933333333333333,-0.9333333333333331,2.7999999999999994,0
L5-M2,841,840,4,0,19,5 6 7 8 15 16 20 21 22 23 24 31 32 34 35 39 40 41 42,1,2.533333333333333,-1.5333333333333332,-0.0,0
L5-M2,842,841,4,0,20,6 7 8 15 16 20 21 22 23 24 26 27 31 32 34 35 39 40 41 42,4,2.6666666666666665,1.3333333333333335,0.0,0
L5-M2,843,842,5,-1,17,6 7 8 15 16 20 21 22 23 24 25 34 35 40 41 44 45,2,2.2666666666666666,-0.2666666666666666,0.2666666666666666,0
L5-M2,844,843,1,3,15,6 7 8 15 16 17 18 22 23 24 25 40 41 44 45,4,2.0,2.0,6.0,0
L5-M2,845,844,5,-1,11,9 10 16 17 18 22 23 24 25 40 41,2,1.4666666666666666,0.5333333333333334,-0.5333333333333334,0
L5-M2,846,845,2,2,15,2 3 4 9 10 17 18 22 23 24 25 27 28 43 44,2,2.0,0.0,0.0,0
L5-M2,847,846,2,2,15,2 3 4 9 10 11 12 22 23 24 25 27 28 37 38,2,2.0,0.0,0.0,0
L5-M2,848,847,3,1,17,2 3 4 9 10 11 22 23 24 25 31 32 35 36 37 38 39,4,2.2666666666666666,1.7333333333333334,1.7333333333333334,0
L5-M2,849,848,5,-1,17,3 4 9 10 11 19 20 21 23 24 25 31 32 34 35 36 37,1,2.2666666666666666,-1.2666666666666666,1.2666666666666666,0
L5-M2,850,849,1,3,21,3 4 6 7 8 9 10 11 14 15 19 20 21 23 24 25 31 32 35 36 37,3,2.8,0.20000000000000018,0.6000000000000005,0
L5-M2,851,850,1,3,13,3 4 6 7 8 9 10 11 14 15 31 32 33,2,1.7333333333333334,0.2666666666666666,0.7999999999999998,0
L5-M2,852,851,6,-2,12,3 4 6 7 8 9 10 11 32 33 40 41,2,1.6,0.3999999999999999,-0.7999999999999998,0
L5-M2,853,852,1,3,11,3 4 6 7 8 9 10 40 41 42 43,1,1.4666666666666666,-0.46666666666666656,-1.3999999999999997,0
L5-M2,854,853,3,1,12,3 4 6 7 9 10 37 38 40 41 42 43,1,1.6,-0.6000000000000001,-0.6000000000000001,0
L5-M2,855,854,1,3,14,3 4 5 6 7 9 10 12 13 37 38 40 41 42,0,1.8666666666666667,-1.8666666666666667,-5.6,0
L5-M2,856,855,1,3,15,3 4 5 6 7 9 10 12 13 37 38 39 40 41 42,3,2.0,1.0,3.0,0
L5-M2,857,856,2,2,13,3 4 5 6 7 12 13 14 21 22 37 38 39,2,1.7333333333333334,0.2666666666666666,0.5333333333333332,0
L5-M2,858,857,7,-3,11,3 4 5 11 12 13 14 21 22 29 30,1,1.4666666666666666,-0.46666666666666656,1.3999999999999997,0
L5-M2,859,858,3,1,14,1 2 3 4 5 11 12 21 22 23 26 27 29 30,1,1.8666666666666667,-0.8666666666666667,-0.8666666666666667,0
L5-M2,860,859,3,1,17,1 2 3 4 5 11 12 20 21 25 26 27 29 30 31 36 37,3,2.2666666666666666,0.7333333333333334,0.7333333333333334,0
L5-M2,861,860,7,-3,15,1 2 3 11 12 14 15 19 20 21 29 30 31 36 37,3,2.0,1.0,-3.0,0
L5-M2,862,861,6,-2,14,1 2 3 14 15 23 24 29 30 31 36 37 44 45,0,1.8666666666666667,-1.8666666666666667,3.7333333333333334,0
L5-M2,863,862,2,2,19,1 2 3 5 6 7 14 15 16 23 24 28 29 30 31 36 37 44 45,2,2.533333333333333,-0.5333333333333332,-1.0666666666666664,0
L5-M2,864,863,1,3,19,1 2 3 5 6 7 12 13 14 15 23 24 29 30 31 36 37 44 45,4,2.533333333333333,1.4666666666666668,4.4,0
L5-M2,865,864,6,-2,13,1 2 5 6 14 15 23 24 29 30 31 44 45,2,1.7333333333333334,0.2666666666666666,-0.5333333333333332,0
L5-M2,866,865,1,3,14,1 2 4 5 6 8 9 23 24 26 27 29 30 31,2,1.8666666666666667,0.1333333333333333,0.3999999999999999,0
L5-M2,867,866,2,2,17,1 2 4 5 6 11 12 17 18 19 20 23 24 26 27 30 31,3,2.2666666666666666,0.7333333333333334,1.4666666666666668,0
L5-M2,868,867,7,-3,13,1 2 4 5 6 11 12 26 27 30 31 41 42,2,1.7333333333333334,0.2666666666666666,-0.7999999999999998,0
L5-M2,869,868,3,1,11,1 2 4 5 6 20 21 26 27 30 31,4,1.4666666666666666,2.533333333333333,2.533333333333333,0
L5-M2,870,869,2,2,12,4 5 7 8 10 11 25 26 30 31 35 36,2,1.6,0.3999999999999999,0.7999999999999998,0
L5-M2,871,870,4,0,9,3 4 5 7 8 10 11 35 36,0,1.2,-1.2,-0.0,0
L5-M2,872,871,7,-3,12,3 4 5 7 8 9 10 11 15 16 35 36,1,1.6,-0.6000000000000001,1.8000000000000003,0
L5-M2,873,872,3,1,16,7 8 9 10 11 13 14 15 16 18 19 22 23 24 35 36,1,2.1333333333333333,-1.1333333333333333,-1.1333333333333333,0
L5-M2,874,873,6,-2,20,7 8 9 10 11 14 15 16 17 18 19 22 23 24 28 29 35 36 44 45,4,2.6666666666666665,1.3333333333333335,-2.666666666666667,0
L5-M2,875,874,6,-2,14,7 8 9 10 11 16 17 18 35 36 37 38 44 45,1,1.8666666666666667,-0.8666666666666667,1.7333333333333334,0
L5-M2,876,875,5,-1,18,7 8 9 10 11 16 17 18 20 21 24 25 35 36 37 38 40 41,2,2.4,-0.3999999999999999,0.3999999999999999,0
L5-M2,877,876,4,0,16,6 7 8 9 10 11 17 18 24 25 35 36 37 38 40 41,2,2.1333333333333333,-0.1333333333333333,-0.0,0
L5-M2,878,877,2,2,16,6 7 8 9 10 11 24 25 31 32 35 36 37 38 40 41,4,2.1333333333333333,1.8666666666666667,3.7333333333333334,0
L5-M2,879,878,2,2,17,3 4 7 8 9 10 12 13 14 32 33 35 36 37 38 40 41,4,2.2666666666666666,1.7333333333333334,3.466666666666667,0
L5-M2,880,879,6,-2,15,7 8 9 12 13 27 28 29 32 33 36 37 38 40 41,1,2.0,-1.0,2.0,0
L5-M2,881,880,6,-2,16,8 9 12 13 27 28 29 30 32 33 36 37 38 39 40 41,2,2.1333333333333333,-0.1333333333333333,0.2666666666666666,0
L5-M2,882,881,2,2,16,8 9 12 13 28 29 30 33 34 36 37 38 39 40 41 42,2,2.1333333333333333,-0.1333333333333333,-0.2666666666666666,0
L5-M2,883,882,2,2,15,8 9 12 13 21 22 28 29 30 36 37 38 40 41 42,2,2.0,0.0,0.0,0
L5-M2,884,883,3,1,16,2 3 5 6 11 12 13 21 22 28 29 30 31 40 41 42,1,2.1333333333333333,-1.1333333333333333,-1.1333333333333333,0
L5-M2,885,884,3,1,21,1 2 3 5 6 10 11 12 13 15 16 21 22 29 30 31 35 36 40 41 42,2,2.8,-0.7999999999999998,-0.7999999999999998,0
L5-M2,886,885,5,-1,21,5 6 7 8 10 11 12 13 15 16 17 21 22 29 30 31 35 36 40 41 42,1,2.8,-1.7999999999999998,1.7999999999999998,0
L5-M2,887,886,1,3,23,5 6 7 8 10 11 12 13 15 16 17 20 21 22 25 26 29 30 31 35 36 40 41,3,3.066666666666667,-0.06666666666666687,-0.20000000000000062,0
L5-M2,888,887,2,2,21,5 6 7 10 11 12 13 15 16 20 21 22 25 26 29 30 31 34 35 40 41,4,2.8,1.2000000000000002,2.4000000000000004,0
L5-M2,889,888,5,-1,20,5 6 9 10 11 15 16 20 21 22 25 26 29 30 32 33 40 41 43 44,1,2.6666666666666665,-1.6666666666666665,1.6666666666666665,0
L5-M2,890,889,3,1,19,4 5 6 9 10 11 15 16 20 21 22 25 26 32 33 40 41 43 44,1,2.533333333333333,-1.5333333333333332,-1.5333333333333332,0
L5-M2,891,890,3,1,19,5 6 9 10 11 15 16 20 21 22 24 25 26 32 33 40 41 43 44,2,2.533333333333333,-0.5333333333333332,-0.5333333333333332,0
L5-M2,892,891,3,1,18,5 6 10 11 15 16 19 20 21 22 23 24 25 26 32 33 43 44,1,2.4,-1.4,-1.4,0
L5-M2,893,892,6,-2,20,5 6 10 11 15 16 19 20 21 22 23 24 25 32 33 35 36 43 44 45,3,2.6666666666666665,0.3333333333333335,-0.666666666666667,0
L5-M2,894,893,2,2,19,5 6 7 8 10 11 12 19 20 21 22 32 33 34 35 36 43 44 45,3,2.533333333333333,0.4666666666666668,0.9333333333333336,0
L5-M2,895,894,7,-3,18,2 3 5 6 7 8 10 11 12 20 21 22 33 34 35 36 44 45,0,2.4,-2.4,7.199999999999999,0
L5-M2,896,895,2,2,20,2 3 5 6 7 8 10 11 12 20 21 22 29 30 33 34 35 36 44 45,3,2.6666666666666665,0.3333333333333335,0.666666666666667,0
L5-M2,897,896,3,1,20,2 3 6 7 8 10 11 13 14 20 21 22 27 28 29 30 33 34 35 36,4,2.6666666666666665,1.3333333333333335,1.3333333333333335,0
L5-M2,898,897,6,-2,18,2 3 4 8 9 10 11 13 14 20 21 27 28 29 30 33 34 35,3,2.4,0.6000000000000001,-1.2000000000000002,0
L5-M2,899,898,1,3,17,1 2 3 4 8 9 10 11 13 14 15 23 24 29 30 33 34,2,2.2666666666666666,-0.2666666666666666,-0.7999999999999998,0
L5-M2,900,899,6,-2,16,1 2 3 4 9 10 11 13 14 15 23 24 29 30 43 44,1,2.1333333333333333,-1.1333333333333333,2.2666666666666666,0
L5-M2,901,900,3,1,19,1 2 3 4 9 10 11 14 15 23 24 29 30 31 32 40 41 43 44,2,2.533333333333333,-0.5333333333333332,-0.5333333333333332,0
L5-M2,902,901,4,0,18,1 2 3 4 9 10 11 14 15 24 25 31 32 40 41 43 44 45,1,2.4,-1.4,-0.0,0
L5-M2,903,902,5,-1,20,1 2 3 4 9 10 11 12 14 15 25 26 27 31 32 40 41 43 44 45,2,2.6666666666666665,-0.6666666666666665,0.6666666666666665,0
L5-M2,904,903,7,-3,17,3 4 9 10 11 12 25 26 27 31 32 40 41 42 43 44 45,3,2.2666666666666666,0.7333333333333334,-2.2,0
L5-M2,905,904,4,0,12,3 4 9 10 11 12 31 32 33 40 41 42,3,1.6,1.4,0.0,0
L5-M2,906,905,4,0,11,9 10 11 12 13 14 31 32 33 41 42,3,1.4666666666666666,1.5333333333333334,0.0,0
L5-M2,907,906,4,0,14,9 10 11 12 13 17 18 29 30 33 34 35 41 42,1,1.8666666666666667,-0.8666666666666667,-0.0,0
L5-M2,908,907,4,0,19,9 10 11 12 13 17 18 19 20 23 24 25 33 34 35 36 37 41 42,1,2.533333333333333,-1.5333333333333332,-0.0,0
L5-M2,909,908,6,-2,18,9 10 11 12 13 17 18 19 20 24 25 33 34 35 36 37 41 42,3,2.4,0.6000000000000001,-1.2000000000000002,0
L5-M2,910,909,5,-1,17,8 9 10 11 12 13 17 18 19 20 25 26 36 37 41 42 43,2,2.2666666666666666,-0.2666666666666666,0.2666666666666666,0
L5-M2,911,910,5,-1,15,8 9 10 12 13 18 19 20 25 26 36 37 41 42 43,2,2.0,0.0,-0.0,0
L5-M2,912,911,6,-2,10,8 9 10 18 19 20 25 26 36 37,2,1.3333333333333333,0.6666666666666667,-1.3333333333333335,0
L5-M2,913,912,3,1,10,9 10 19 20 25 26 36 37 40 41,1,1.3333333333333333,-0.33333333333333326,-0.33333333333333326,0
L5-M2,914,913,7,-3,13,2 3 9 10 19 20 25 26 40 41 43 44 45,2,1.7333333333333334,0.2666666666666666,-0.7999999999999998,0
L5-M2,915,914,4,0,12,2 3 9 10 25 26 28 29 30 31 40 41,1,1.6,-0.6000000000000001,-0.0,0
L5-M2,916,915,5,-1,14,9 10 25 26 28 29 30 31 34 35 36 39 40 41,2,1.8666666666666667,0.1333333333333333,-0.1333333333333333,0
L5-M2,917,916,2,2,13,3 4 9 10 25 26 28 29 30 31 39 40 41,1,1.7333333333333334,-0.7333333333333334,-1.4666666666666668,0
L5-M2,918,917,6,-2,18,4 5 7 8 9 10 17 18 25 26 28 29 30 31 38 39 40 41,3,2.4,0.6000000000000001,-1.2000000000000002,0
L5-M2,919,918,1,3,17,4 5 8 9 10 14 15 17 18 25 26 28 29 30 39 40 41,4,2.2666666666666666,1.7333333333333334,5.2,0
L5-M2,920,919,5,-1,14,4 5 15 16 19 20 25 26 28 29 30 39 40 41,1,1.8666666666666667,-0.8666666666666667,0.8666666666666667,0
L5-M2,921,920,4,0,12,4 5 15 16 19 20 28 29 30 39 40 41,3,1.6,1.4,0.0,0
L5-M2,922,921,1,3,12,15 16 19 20 21 29 30 35 36 37 39 40,0,1.6,-1.6,-4.800000000000001,0
L5-M2,923,922,6,-2,15,15 16 19 20 21 23 24 25 29 30 35 36 37 39 40,2,2.0,0.0,-0.0,0
L5-M2,924,923,5,-1,17,10 11 15 16 19 20 21 24 25 29 30 31 32 37 38 39 40,1,2.2666666666666666,-1.2666666666666666,1.2666666666666666,0
L5-M2,925,924,3,1,19,8 9 10 14 15 16 19 20 21 24 25 29 30 31 32 37 38 39 40,3,2.533333333333333,0.4666666666666668,0.4666666666666668,0
L5-M2,926,925,1,3,16,8 9 10 14 15 16 19 20 21 25 26 29 30 31 37 38,5,2.1333333333333333,2.8666666666666667,8.6,0
L5-M2,927,926,1,3,14,4 5 7 8 9 14 15 21 22 28 29 30 37 38,4,1.8666666666666667,2.1333333333333333,6.4,0
L5-M2,928,927,4,0,12,1 2 5 6 7 8 9 26 27 28 29 30,1,1.6,-0.6000000000000001,-0.0,0
L5-M2,929,928,6,-2,14,1 2 5 6 7 8 9 26 27 29 30 35 36 37,2,1.8666666666666667,0.1333333333333333,-0.2666666666666666,0
L5-M2,930,929,1,3,11,1 2 5 6 26 27 29 30 35 36 37,0,1.4666666666666666,-1.4666666666666666,-4.3999999999999995,0
L5-M2,931,930,4,0,16,1 2 5 6 13 14 26 27 29 30 32 33 34 35 36 37,2,2.1333333333333333,-0.1333333333333333,-0.0,0
L5-M2,932,931,5,-1,17,1 2 5 6 16 17 18 26 27 29 30 31 32 33 34 36 37,4,2.2666666666666666,1.7333333333333334,-1.7333333333333334,0
L5-M2,933,932,2,2,14,16 17 18 26 27 29 30 31 32 33 34 40 41 42,3,1.8666666666666667,1.1333333333333333,2.2666666666666666,0
L5-M2,934,933,6,-2,15,2 3 4 5 10 11 16 17 18 32 33 34 40 41 42,2,2.0,0.0,-0.0,0
L5-M2,935,934,3,1,15,4 5 9 10 11 12 13 16 17 18 19 20 40 41 42,3,2.0,1.0,1.0,0
L5-M2,936,935,3,1,15,7 8 9 11 12 13 16 17 18 19 21 22 40 41 42,5,2.0,3.0,3.0,0
L5-M2,937,936,7,-3,13,8 9 21 22 24 25 26 34 35 40 41 42 43,2,1.7333333333333334,0.2666666666666666,-0.7999999999999998,0
L5-M2,938,937,5,-1,15,5 6 8 9 14 15 16 24 25 26 34 35 41 42 43,2,2.0,0.0,-0.0,0
L5-M2,939,938,3,1,15,5 6 14 15 23 24 25 26 27 28 34 35 41 42 43,2,2.0,0.0,0.0,0
L5-M2,940,939,2,2,12,5 6 14 15 23 24 25 26 27 33 34 35,2,1.6,0.3999999999999999,0.7999999999999998,0
L5-M2,941,940,2,2,13,5 6 25 26 27 32 33 34 35 37 38 43 44,2,1.7333333333333334,0.2666666666666666,0.5333333333333332,0
L5-M2,942,941,5,-1,14,5 6 7 17 18 19 32 33 34 35 37 38 43 44,3,1.8666666666666667,1.1333333333333333,-1.1333333333333333,0
L5-M2,943,942,5,-1,12,1 2 5 6 7 29 30 32 33 34 37 38,1,1.6,-0.6000000000000001,0.6000000000000001,0
L5-M2,944,943,5,-1,13,5 6 7 16 17 29 30 31 32 33 34 37 38,3,1.7333333333333334,1.2666666666666666,-1.2666666666666666,0
L5-M2,945,944,7,-3,10,4 5 6 7 28 29 30 31 37 38,2,1.3333333333333333,0.6666666666666667,-2.0,0
L5-M2,946,945,4,0,12,3 4 5 6 7 20 21 22 23 24 28 29,0,1.6,-1.6,-0.0,0
L5-M2,947,946,4,0,17,3 4 5 6 7 20 21 22 23 24 25 26 27 28 29 38 39,3,2.2666666666666666,0.7333333333333334,0.0,0
L5-M2,948,947,5,-1,19,4 5 6 7 11 12 21 22 23 24 25 26 28 29 38 39 41 42 43,2,2.533333333333333,-0.5333333333333332,0.5333333333333332,0
L5-M2,949,948,1,3,18,4 5 6 7 11 12 21 22 23 24 25 26 28 29 42 43 44 45,2,2.4,-0.3999999999999999,-1.1999999999999997,0
L5-M2,950,949,3,1,17,1 2 4 5 6 7 11 12 22 23 24 25 26 28 29 42 43,3,2.2666666666666666,0.7333333333333334,0.7333333333333334,0
L5-M2,951,950,3,1,16,1 2 5 6 7 10 11 12 23 24 25 26 32 33 42 43,3,2.1333333333333333,0.8666666666666667,0.8666666666666667,0
L5-M2,952,951,5,-1,13,5 6 7 9 10 11 23 24 25 26 32 33 34,2,1.7333333333333334,0.2666666666666666,-0.2666666666666666,0
L5-M2,953,952,6,-2,14,5 6 7 8 9 10 11 16 17 19 20 25 26 27,3,1.8666666666666667,1.1333333333333333,-2.2666666666666666,0
L5-M2,954,953,5,-1,11,5 6 10 11 16 17 18 19 20 25 26,1,1.4666666666666666,-0.46666666666666656,0.46666666666666656,0
L5-M2,955,954,6,-2,17,5 6 10 11 13 14 16 17 18 19 20 21 34 35 36 44 45,0,2.2666666666666666,-2.2666666666666666,4.533333333333333,0
L5-M2,956,955,2,2,18,5 6 10 11 13 14 15 16 17 18 19 20 21 34 35 36 44 45,4,2.4,1.6,3.2,0
L5-M2,957,956,6,-2,22,2 3 5 6 13 14 15 16 17 18 19 31 32 34 35 36 38 39 40 43 44 45,4,2.933333333333333,1.0666666666666669,-2.1333333333333337,0
L5-M2,958,957,1,3,18,2 3 5 6 12 13 14 16 17 18 19 31 32 38 39 43 44 45,2,2.4,-0.3999999999999999,-1.1999999999999997,0
L5-M2,959,958,1,3,18,5 6 7 8 12 13 14 17 18 19 31 32 38 39 42 43 44 45,1,2.4,-1.4,-4.199999999999999,0
L5-M2,960,959,5,-1,20,5 6 7 8 12 13 17 18 19 27 28 30 31 32 38 39 42 43 44 45,4,2.6666666666666665,1.3333333333333335,-1.3333333333333335,0
L5-M2,961,960,2,2,19,5 6 7 8 12 13 22 23 26 27 28 29 33 34 38 39 42 43 44,3,2.533333333333333,0.4666666666666668,0.9333333333333336,0
L5-M2,962,961,7,-3,17,5 6 7 8 12 13 21 22 23 25 26 27 28 38 39 43 44,2,2.2666666666666666,-0.2666666666666666,0.7999999999999998,0
L5-M2,963,962,6,-2,16,3 4 5 6 7 8 12 13 21 22 23 25 26 27 38 39,3,2.1333333333333333,0.8666666666666667,-1.7333333333333334,0
L5-M2,964,963,6,-2,19,3 4 5 7 8 9 10 16 17 21 22 25 26 27 35 36 37 38 39,4,2.533333333333333,1.4666666666666668,-2.9333333333333336,0
L5-M2,965,964,3,1,17,3 4 5 7 8 9 10 13 14 15 16 17 25 26 27 40 41,2,2.2666666666666666,-0.2666666666666666,-0.2666666666666666,0
L5-M2,966,965,6,-2,17,3 4 5 7 8 9 10 14 15 16 17 26 27 40 41 44 45,0,2.2666666666666666,-2.2666666666666666,4.533333333333333,0
L5-M2,967,966,6,-2,20,3 4 5 7 8 9 10 11 14 15 16 17 26 27 32 33 40 41 44 45,1,2.6666666666666665,-1.6666666666666665,3.333333333333333,0
L5-M2,968,967,3,1,21,3 4 5 7 8 9 10 11 14 15 16 17 18 26 27 30 31 32 33 44 45,2,2.8,-0.7999999999999998,-0.7999999999999998,0
L5-M2,969,968,6,-2,25,3 4 7 8 9 10 11 15 16 17 18 19 20 22 23 26 27 30 31 32 33 41 42 44 45,4,3.3333333333333335,0.6666666666666665,-1.333333333333333,0
L5-M2,970,969,2,2,20,7 8 15 16 17 18 19 20 22 23 26 27 30 31 32 33 41 42 43 44,1,2.6666666666666665,-1.6666666666666665,-3.333333333333333,0
L5-M2,971,970,1,3,18,7 8 17 18 19 20 22 23 26 27 30 31 32 33 41 42 43 44,3,2.4,0.6000000000000001,1.8000000000000003,0
L5-M2,972,971,3,1,16,7 8 19 20 22 23 30 31 32 33 34 35 41 42 43 44,1,2.1333333333333333,-1.1333333333333333,-1.1333333333333333,0
L5-M2,973,972,5,-1,14,7 8 19 20 30 31 32 33 34 35 41 42 43 44,3,1.8666666666666667,1.1333333333333333,-1.1333333333333333,0
L5-M2,974,973,2,2,18,4 5 7 8 12 13 14 15 19 20 24 25 32 33 34 35 43 44,1,2.4,-1.4,-2.8,0
L5-M2,975,974,5,-1,18,4 5 7 8 12 13 14 15 19 20 24 25 29 30 32 33 34 35,3,2.4,0.6000000000000001,-0.6000000000000001,0
L5-M2,976,975,1,3,17,4 5 12 13 14 15 19 20 27 28 29 30 32 33 34 35 36,4,2.2666666666666666,1.7333333333333334,5.2,0
L5-M2,977,976,1,3,11,18 19 20 21 27 28 29 30 32 33 34,0,1.4666666666666666,-1.4666666666666666,-4.3999999999999995,0
L5-M2,978,977,5,-1,13,5 6 18 19 20 21 27 28 29 30 32 33 34,2,1.7333333333333334,0.2666666666666666,-0.2666666666666666,0
L5-M2,979,978,3,1,14,5 6 18 19 20 21 26 27 28 29 30 31 40 41,2,1.8666666666666667,0.1333333333333333,0.1333333333333333,0
L5-M2,980,979,5,-1,13,5 6 18 19 20 28 29 30 31 38 39 40 41,0,1.7333333333333334,-1.7333333333333334,1.7333333333333334,0
L5-M2,981,980,3,1,14,5 6 17 18 19 20 28 29 30 31 38 39 40 41,1,1.8666666666666667,-0.8666666666666667,-0.8666666666666667,0
L5-M2,982,981,2,2,16,4 5 6 17 18 19 20 25 26 28 29 30 31 38 39 40,2,2.1333333333333333,-0.1333333333333333,-0.2666666666666666,0
L5-M2,983,982,6,-2,15,8 9 10 17 18 19 25 26 28 29 30 31 38 39 40,2,2.0,0.0,-0.0,0
L5-M2,984,983,2,2,16,1 2 8 9 10 14 15 17 18 19 28 29 30 38 39 40,1,2.1333333333333333,-1.1333333333333333,-2.2666666666666666,0
L5-M2,985,984,3,1,20,1 2 8 9 11 12 14 15 17 18 19 28 29 30 32 33 34 38 39 40,3,2.6666666666666665,0.3333333333333335,0.3333333333333335,0
L5-M2,986,985,2,2,20,1 2 8 9 11 12 14 15 16 18 19 24 25 28 29 32 33 38 39 40,2,2.6666666666666665,-0.6666666666666665,-1.333333333333333,0
L5-M2,987,986,5,-1,17,1 2 8 9 11 12 14 15 18 19 24 25 32 33 38 39 40,3,2.2666666666666666,0.7333333333333334,-0.7333333333333334,0
L5-M2,988,987,3,1,15,5 6 8 9 11 12 18 19 20 24 25 32 33 39 40,1,2.0,-1.0,-1.0,0
L5-M2,989,988,4,0,16,5 6 8 9 11 12 18 19 24 25 26 27 32 33 39 40,3,2.1333333333333333,0.8666666666666667,0.0,0
L5-M2,990,989,4,0,14,5 6 8 9 11 12 24 25 26 35 36 37 39 40,4,1.8666666666666667,2.1333333333333333,0.0,0
L5-M2,991,990,5,-1,13,5 6 8 9 11 12 34 35 39 40 43 44 45,1,1.7333333333333334,-0.7333333333333334,0.7333333333333334,0
L5-M2,992,991,6,-2,14,5 6 7 8 9 10 11 12 34 35 39 40 42 43,1,1.8666666666666667,-0.8666666666666667,1.7333333333333334,0
L5-M2,993,992,3,1,20,5 6 7 8 9 10 11 14 15 16 22 23 24 34 35 38 39 40 42 43,5,2.6666666666666665,2.3333333333333335,2.3333333333333335,0
L5-M2,994,993,7,-3,13,7 8 9 10 11 22 23 34 35 38 39 40 41,2,1.7333333333333334,0.2666666666666666,-0.7999999999999998,0
L5-M2,995,994,6,-2,13,9 10 11 21 22 23 28 29 30 38 39 40 41,3,1.7333333333333334,1.2666666666666666,-2.533333333333333,0
L5-M2,996,995,3,1,10,9 10 11 21 22 23 36 37 40 41,1,1.3333333333333333,-0.33333333333333326,-0.33333333333333326,0
L5-M2,997,996,5,-1,11,9 10 21 22 23 30 31 36 37 40 41,0,1.4666666666666666,-1.4666666666666666,1.4666666666666666,0
L5-M2,998,997,5,-1,17,9 10 19 20 21 22 23 25 26 30 31 33 34 36 37 40 41,1,2.2666666666666666,-1.2666666666666666,1.2666666666666666,0
L5-M2,999,998,5,-1,15,9 10 21 22 23 25 26 30 31 33 34 36 37 40 41,1,2.0,-1.0,1.0,0
L5-M2,1000,999,7,-3,15,21 22 23 25 26 27 30 31 33 34 35 36 37 40 41,1,2.0,-1.0,3.0,0
L5-M2,1001,1000,6,-2,14,25 26 27 29 30 31 33 34 35 36 37 38 40 41,0,1.8666666666666667,-1.8666666666666667,3.7333333333333334,0
L5-M2,1002,1001,5,-1,15,25 26 27 29 30 31 33 34 35 36 37 38 39 40 41,4,2.0,2.0,-2.0,0
L5-M2,1003,1002,1,3,18,4 5 15 16 23 24 26 27 29 30 31 36 37 39 40 41 43 44,4,2.4,1.6,4.800000000000001,0
L5-M2,1004,1003,4,0,12,15 16 23 24 26 27 30 31 36 37 40 41,3,1.6,1.4,0.0,0
L5-M2,1005,1004,3,1,7,23 24 26 27 28 40 41,2,0.9333333333333333,1.0666666666666667,1.0666666666666667,0
L5-M2,1006,1005,3,1,9,2 3 21 22 23 31 32 40 41,0,1.2,-1.2,-1.2,0
L5-M2,1007,1006,6,-2,16,2 3 5 6 9 10 19 20 21 22 23 31 32 40 41 42,2,2.1333333333333333,-0.1333333333333333,0.2666666666666666,0
L5-M2,1008,1007,7,-3,17,2 3 5 6 9 10 22 23 31 32 33 34 35 36 40 41 42,3,2.2666666666666666,0.7333333333333334,-2.2,0
L5-M2,1009,1008,5,-1,15,1 2 3 4 5 6 22 23 32 33 34 35 36 42 43,2,2.0,0.0,-0.0,0
L5-M2,1010,1009,2,2,15,1 2 3 4 5 6 7 32 33 35 36 38 39 42 43,1,2.0,-1.0,-2.0,0
L5-M2,1011,1010,1,3,18,1 2 3 4 5 6 7 13 14 26 27 28 32 33 38 39 42 43,3,2.4,0.6000000000000001,1.8000000000000003,0
L5-M2,1012,1011,7,-3,16,2 3 4 5 6 7 13 14 17 18 27 28 32 33 42 43,2,2.1333333333333333,-0.1333333333333333,0.3999999999999999,0
L5-M2,1013,1012,1,3,18,2 3 4 6 7 8 13 14 16 17 21 22 27 28 32 33 42 43,2,2.4,-0.3999999999999999,-1.1999999999999997,0
L5-M2,1014,1013,4,0,18,2 3 4 6 7 8 13 14 16 17 27 28 30 31 32 33 42 43,3,2.4,0.6000000000000001,0.0,0
L5-M2,1015,1014,5,-1,18,6 7 8 16 17 23 24 28 29 30 31 32 33 39 40 42 43 44,4,2.4,1.6,-1.6,0
L5-M2,1016,1015,7,-3,14,6 7 8 15 16 17 24 25 28 29 30 42 43 44,3,1.8666666666666667,1.1333333333333333,-3.4,0
L5-M2,1017,1016,7,-3,19,1 2 6 7 8 9 10 12 13 16 17 24 25 29 30 38 39 43 44,2,2.533333333333333,-0.5333333333333332,1.5999999999999996,0
L5-M2,1018,1017,6,-2,20,1 2 4 5 6 7 8 9 10 16 17 19 20 24 25 38 39 43 44 45,3,2.6666666666666665,0.3333333333333335,-0.666666666666667,0
L5-M2,1019,1018,5,-1,17,1 2 4 5 6 7 8 9 10 16 17 35 36 38 39 43 44,4,2.2666666666666666,1.7333333333333334,-1.7333333333333334,0
L5-M2,1020,1019,3,1,11,5 6 7 8 9 10 11 35 36 43 44,0,1.4666666666666666,-1.4666666666666666,-1.4666666666666666,0
L5-M2,1021,1020,1,3,14,5 6 7 8 9 10 11 31 32 33 35 36 43 44,0,1.8666666666666667,-1.8666666666666667,-5.6,0
L5-M2,1022,1021,3,1,15,5 6 7 8 9 10 11 31 32 33 35 36 42 43 44,4,2.0,2.0,2.0,0
L5-M2,1023,1022,4,0,14,7 8 9 10 22 23 30 31 32 33 35 36 43 44,2,1.8666666666666667,0.1333333333333333,0.0,0
L5-M2,1024,1023,5,-1,20,2 3 7 8 9 19 20 21 22 23 25 26 30 31 32 33 36 37 43 44,4,2.6666666666666665,1.3333333333333335,-1.3333333333333335,0
L5-M2,1025,1024,2,2,17,1 2 3 4 7 8 25 26 30 31 32 33 34 36 37 39 40,3,2.2666666666666666,0.7333333333333334,1.4666666666666668,0
L5-M2,1026,1025,1,3,15,1 2 3 4 26 27 28 30 31 32 36 37 39 40 41,3,2.0,1.0,3.0,0
L5-M2,1027,1026,6,-2,13,1 2 3 4 23 24 26 27 28 36 37 39 40,2,1.7333333333333334,0.2666666666666666,-0.5333333333333332,0
L5-M2,1028,1027,1,3,12,1 2 3 4 6 7 23 24 36 37 42 43,1,1.6,-0.6000000000000001,-1.8000000000000003,0
L5-M2,1029,1028,6,-2,12,1 2 3 4 10 11 23 24 36 37 42 43,1,1.6,-0.6000000000000001,1.2000000000000002,0
L5-M2,1030,1029,2,2,13,1 2 3 4 10 11 21 22 23 24 42 43 44,3,1.7333333333333334,1.2666666666666666,2.533333333333333,0
L5-M2,1031,1030,3,1,17,3 4 8 9 10 19 20 21 22 23 25 26 33 34 42 43 44,1,2.2666666666666666,-1.2666666666666666,-1.2666666666666666,0
L5-M2,1032,1031,3,1,15,3 4 8 9 10 19 20 21 25 26 33 34 42 43 44,2,2.0,0.0,0.0,0
L5-M2,1033,1032,5,-1,19,3 4 8 9 10 14 15 16 20 21 25 26 27 28 33 34 43 44 45,4,2.533333333333333,1.4666666666666668,-1.4666666666666668,0
L5-M2,1034,1033,2,2,11,8 9 10 13 14 25 26 27 28 33 34,2,1.4666666666666666,0.5333333333333334,1.0666666666666669,0
L5-M2,1035,1034,1,3,7,8 9 10 13 14 27 28,2,0.9333333333333333,1.0666666666666667,3.2,0
L5-M2,1036,1035,1,3,12,4 5 16 17 18 23 24 25 27 28 29 30,1,1.6,-0.6000000000000001,-1.8000000000000003,0
L5-M2,1037,1036,6,-2,12,7 8 16 17 18 23 24 25 27 28 29 30,1,1.6,-0.6000000000000001,1.2000000000000002,0
L5-M2,1038,1037,6,-2,17,6 7 8 12 13 16 17 18 19 23 24 25 28 29 30 36 37,4,2.2666666666666666,1.7333333333333334,-3.466666666666667,0
L5-M2,1039,1038,1,3,14,3 4 10 11 12 13 17 18 19 20 21 28 29 30,2,1.8666666666666667,0.1333333333333333,0.3999999999999999,0
L5-M2,1040,1039,5,-1,14,10 11 12 13 17 18 20 21 25 26 28 29 30 31,3,1.8666666666666667,1.1333333333333333,-1.1333333333333333,0
L5-M2,1041,1040,2,2,13,9 10 11 12 13 17 18 20 21 40 41 42 43,4,1.7333333333333334,2.2666666666666666,4.533333333333333,0
L5-M2,1042,1041,7,-3,12,4 5 12 13 20 21 34 35 40 41 42 43,3,1.6,1.4,-4.199999999999999,0
L5-M2,1043,1042,1,3,10,12 13 20 21 22 32 33 40 41 42,2,1.3333333333333333,0.6666666666666667,2.0,0
L5-M2,1044,1043,4,0,15,20 21 24 25 27 28 32 33 37 38 40 41 42 44 45,2,2.0,0.0,0.0,0
L5-M2,1045,1044,1,3,14,1 2 24 25 32 33 37 38 39 40 41 42 44 45,1,1.8666666666666667,-0.8666666666666667,-2.6,0
L5-M2,1046,1045,6,-2,14,1 2 24 25 29 30 32 33 37 38 39 40 44 45,2,1.8666666666666667,0.1333333333333333,-0.2666666666666666,0
L5-M2,1047,1046,4,0,14,1 2 8 9 10 11 32 33 37 38 39 40 44 45,4,1.8666666666666667,2.1333333333333333,0.0,0
L5-M2,1048,1047,3,1,9,8 9 10 11 23 24 37 38 39,1,1.2,-0.19999999999999996,-0.19999999999999996,0
L5-M2,1049,1048,5,-1,14,3 4 5 8 9 10 11 22 23 24 30 31 37 38,3,1.8666666666666667,1.1333333333333333,-1.1333333333333333,0
L5-M2,1050,1049,4,0,12,8 9 10 11 22 23 24 26 27 28 30 31,1,1.6,-0.6000000000000001,-0.0,0
L5-M2,1051,1050,3,1,14,8 9 10 11 14 15 18 19 22 23 24 26 27 28,1,1.8666666666666667,-0.8666666666666667,-0.8666666666666667,0
L5-M2,1052,1051,7,-3,17,7 8 9 10 11 14 15 16 18 19 22 23 24 25 27 28 29,1,2.2666666666666666,-1.2666666666666666,3.8,0
L5-M2,1053,1052,1,3,23,1 2 7 8 9 10 11 14 15 16 18 19 22 23 24 25 28 29 40 41 42 44 45,3,3.066666666666667,-0.06666666666666687,-0.20000000000000062,0
L5-M2,1054,1053,1,3,19,1 2 7 8 9 10 11 14 15 16 18 19 23 24 25 39 40 41 42,2,2.533333333333333,-0.5333333333333332,-1.5999999999999996,0
L5-M2,1055,1054,6,-2,20,1 2 3 4 7 8 9 10 11 15 16 23 24 25 36 37 39 40 41 42,2,2.6666666666666665,-0.6666666666666665,1.333333333333333,0
L5-M2,1056,1055,6,-2,20,1 2 3 8 9 10 11 15 16 23 24 25 36 37 39 40 41 42 43 44,2,2.6666666666666665,-0.6666666666666665,1.333333333333333,0
L5-M2,1057,1056,4,0,15,1 2 3 8 9 10 11 15 16 39 40 41 42 43 44,2,2.0,0.0,0.0,0
L5-M2,1058,1057,2,2,19,1 2 3 5 6 9 10 11 15 16 17 18 37 38 39 41 42 43 44,1,2.533333333333333,-1.5333333333333332,-3.0666666666666664,0
L5-M2,1059,1058,7,-3,20,1 2 3 5 6 9 10 15 16 17 18 34 35 37 38 39 41 42 43 44,2,2.6666666666666665,-0.6666666666666665,1.9999999999999996,0
L5-M2,1060,1059,5,-1,18,1 2 3 5 6 15 16 17 18 28 29 37 38 39 41 42 43 44,2,2.4,-0.3999999999999999,0.3999999999999999,0
L5-M2,1061,1060,5,-1,16,1 2 4 5 6 14 15 16 17 18 28 29 41 42 43 44,1,2.1333333333333333,-1.1333333333333333,1.1333333333333333,0
L5-M2,1062,1061,2,2,17,1 2 5 6 14 15 16 17 18 20 21 28 29 41 42 43 44,2,2.2666666666666666,-0.2666666666666666,-0.5333333333333332,0
L5-M2,1063,1062,1,3,19,1 2 5 6 8 9 12 13 14 15 16 17 18 19 28 29 42 43 44,1,2.533333333333333,-1.5333333333333332,-4.6,0
L5-M2,1064,1063,6,-2,19,1 2 8 9 11 12 13 14 15 16 17 18 19 28 29 30 42 43 44,2,2.533333333333333,-0.5333333333333332,1.0666666666666664,0
L5-M2,1065,1064,4,0,19,1 2 7 8 11 12 13 14 15 16 17 25 26 28 29 30 42 43 44,0,2.533333333333333,-2.533333333333333,-0.0,0
L5-M2,1066,1065,5,-1,22,1 2 7 8 10 11 12 13 14 15 16 17 25 26 28 29 30 33 34 42 43 44,2,2.933333333333333,-0.9333333333333331,0.9333333333333331,0
L5-M2,1067,1066,7,-3,23,1 2 4 5 7 8 12 13 14 15 25 26 27 28 29 30 33 34 36 37 42 43 44,3,3.066666666666667,-0.06666666666666687,0.20000000000000062,0
L5-M2,1068,1067,3,1,22,1 2 4 5 12 13 14 15 25 26 27 29 30 31 36 37 39 40 41 42 43 44,2,2.933333333333333,-0.9333333333333331,-0.9333333333333331,0
L5-M2,1069,1068,1,3,20,1 2 12 13 14 15 24 25 29 30 31 36 37 38 39 40 41 42 43 44,2,2.6666666666666665,-0.6666666666666665,-1.9999999999999996,0
L5-M2,1070,1069,7,-3,19,8 9 12 13 14 15 24 25 29 30 36 37 38 39 40 41 42 43 44,3,2.533333333333333,0.4666666666666668,-1.4000000000000004,0
L5-M2,1071,1070,6,-2,15,8 9 12 13 24 25 36 37 38 39 40 42 43 44 45,0,2.0,-2.0,4.0,0
L5-M2,1072,1071,7,-3,18,8 9 12 13 15 16 17 24 25 36 37 38 39 40 42 43 44 45,2,2.4,-0.3999999999999999,1.1999999999999997,0
L5-M2,1073,1072,5,-1,13,8 9 12 13 24 25 36 37 38 39 40 44 45,1,1.7333333333333334,-0.7333333333333334,0.7333333333333334,0
L5-M2,1074,1073,2,2,19,4 5 7 8 9 12 13 24 25 26 27 33 34 36 37 39 40 44 45,1,2.533333333333333,-1.5333333333333332,-3.0666666666666664,0
L5-M2,1075,1074,3,1,19,4 5 7 8 9 10 12 13 24 25 26 33 34 36 37 39 40 44 45,3,2.533333333333333,0.4666666666666668,0.4666666666666668,0
L5-M2,1076,1075,2,2,19,3 4 5 7 8 9 10 12 13 14 15 25 26 33 34 36 37 39 40,6,2.533333333333333,3.466666666666667,6.933333333333334,0
L5-M2,1077,1076,4,0,14,4 5 10 11 12 13 14 15 21 22 25 26 39 40,2,1.8666666666666667,0.1333333333333333,0.0,0
L5-M2,1078,1077,5,-1,11,10 11 12 13 14 15 16 21 22 25 26,3,1.4666666666666666,1.5333333333333334,-1.5333333333333334,0
L5-M2,1079,1078,7,-3,12,12 13 15 16 18 19 21 22 25 26 31 32,1,1.6,-0.6000000000000001,1.8000000000000003,0
L5-M2,1080,1079,2,2,17,12 13 15 16 19 20 21 22 25 26 27 28 29 31 32 41 42,3,2.2666666666666666,0.7333333333333334,1.4666666666666668,0
L5-M2,1081,1080,6,-2,15,1 2 19 20 21 22 25 26 27 28 29 34 35 41 42,1,2.0,-1.0,2.0,0
L5-M2,1082,1081,4,0,17,2 3 19 20 21 22 25 26 27 28 29 32 33 34 35 41 42,6,2.2666666666666666,3.7333333333333334,0.0,0
L5-M2,1083,1082,4,0,10,2 3 19 20 28 29 30 39 40 41,1,1.3333333333333333,-0.33333333333333326,-0.0,0
L5-M2,1084,1083,5,-1,13,5 6 10 11 12 19 20 28 29 30 39 40 41,2,1.7333333333333334,0.2666666666666666,-0.2666666666666666,0
L5-M2,1085,1084,1,3,12,4 5 6 10 11 17 18 19 20 39 40 41,3,1.6,1.4,4.199999999999999,0
L5-M2,1086,1085,5,-1,14,5 6 10 11 19 20 30 31 35 36 37 39 40 41,3,1.8666666666666667,1.1333333333333333,-1.1333333333333333,0
L5-M2,1087,1086,7,-3,15,1 2 5 6 9 10 19 20 23 24 30 31 39 40 41,0,2.0,-2.0,6.0,0
L5-M2,1088,1087,3,1,16,1 2 5 6 9 10 19 20 23 24 30 31 32 39 40 41,2,2.1333333333333333,-0.1333333333333333,-0.1333333333333333,0
L5-M2,1089,1088,5,-1,15,1 2 3 5 6 9 10 19 20 23 24 31 32 40 41,1,2.0,-1.0,1.0,0
L5-M2,1090,1089,5,-1,18,1 2 3 5 6 8 9 10 19 20 23 24 28 29 32 33 40 41,3,2.4,0.6000000000000001,-0.6000000000000001,0
L5-M2,1091,1090,1,3,13,1 2 3 5 6 7 8 9 10 23 24 32 33,3,1.7333333333333334,1.2666666666666666,3.8,0
L5-M2,1092,1091,7,-3,17,1 2 3 7 8 9 10 15 16 17 25 26 27 32 33 35 36,3,2.2666666666666666,0.7333333333333334,-2.2,0
L5-M2,1093,1092,6,-2,14,1 2 3 8 9 10 13 14 15 16 17 34 35 36,3,1.8666666666666667,1.1333333333333333,-2.2666666666666666,0
L5-M2,1094,1093,7,-3,11,1 2 3 8 9 13 14 15 16 38 39,1,1.4666666666666666,-0.46666666666666656,1.3999999999999997,0
L5-M2,1095,1094,7,-3,17,1 2 3 4 5 8 9 13 14 31 32 36 37 38 39 41 42,2,2.2666666666666666,-0.2666666666666666,0.7999999999999998,0
L5-M2,1096,1095,2,2,16,1 2 3 4 5 11 12 13 31 32 36 37 38 39 41 42,2,2.1333333333333333,-0.1333333333333333,-0.2666666666666666,0
L5-M2,1097,1096,6,-2,16,2 3 4 5 20 21 24 25 31 32 36 37 38 39 41 42,1,2.1333333333333333,-1.1333333333333333,2.2666666666666666,0
L5-M2,1098,1097,1,3,16,2 3 4 5 20 21 24 25 31 32 38 39 41 42 44 45,3,2.1333333333333333,0.8666666666666667,2.6,0
L5-M2,1099,1098,2,2,16,2 3 4 5 9 10 11 17 18 30 31 32 38 39 44 45,2,2.1333333333333333,-0.1333333333333333,-0.2666666666666666,0
L5-M2,1100,1099,2,2,17,4 5 6 7 9 10 11 17 18 25 26 27 30 31 32 44 45,4,2.2666666666666666,1.7333333333333334,3.466666666666667,0
L5-M2,1101,1100,1,3,10,4 5 6 7 8 9 10 11 44 45,2,1.3333333333333333,0.6666666666666667,2.0,0
L5-M2,1102,1101,6,-2,14,1 2 4 5 8 9 10 11 18 19 22 23 44 45,1,1.8666666666666667,-0.8666666666666667,1.7333333333333334,0
L5-M2,1103,1102,3,1,16,1 2 4 5 8 9 10 11 18 19 32 33 34 35 44 45,2,2.1333333333333333,-0.1333333333333333,-0.1333333333333333,0
L5-M2,1104,1103,1,3,17,1 2 4 5 8 9 15 16 18 19 23 24 25 32 33 34 35,2,2.2666666666666666,-0.2666666666666666,-0.7999999999999998,0
L5-M2,1105,1104,2,2,17,2 3 4 5 8 9 15 16 18 19 20 23 24 25 32 33 34,2,2.2666666666666666,-0.2666666666666666,-0.5333333333333332,0
L5-M2,1106,1105,2,2,15,2 3 4 5 8 9 17 18 19 20 23 24 25 32 33,2,2.0,0.0,0.0,0
L5-M2,1107,1106,5,-1,13,8 9 17 18 19 20 23 24 25 27 28 32 33,0,1.7333333333333334,-1.7333333333333334,1.7333333333333334,0
L5-M2,1108,1107,3,1,15,8 9 17 18 19 20 22 23 24 25 26 27 28 32 33,2,2.0,0.0,0.0,0
L5-M2,1109,1108,4,0,16,8 9 10 11 12 13 17 18 22 23 24 25 27 28 32 33,4,2.1333333333333333,1.8666666666666667,0.0,0
L5-M2,1110,1109,1,3,14,8 9 17 18 20 21 22 23 24 25 27 28 35 36,2,1.8666666666666667,0.1333333333333333,0.3999999999999999,0
L5-M2,1111,1110,6,-2,14,8 9 15 16 17 18 23 24 25 27 28 34 35 36,0,1.8666666666666667,-1.8666666666666667,3.7333333333333334,0
L5-M2,1112,1111,2,2,19,1 2 4 5 8 9 15 16 17 18 23 24 25 27 28 29 34 35 36,2,2.533333333333333,-0.5333333333333332,-1.0666666666666664,0
L5-M2,1113,1112,3,1,21,1 2 4 5 6 8 9 14 15 17 18 23 24 25 27 28 29 31 32 34 35,1,2.8,-1.7999999999999998,-1.7999999999999998,0
L5-M2,1114,1113,1,3,22,1 2 4 5 6 8 9 14 15 17 18 23 24 25 27 28 29 34 35 37 38 39,1,2.933333333333333,-1.9333333333333331,-5.799999999999999,0
L5-M2,1115,1114,1,3,21,1 2 4 5 6 8 9 14 15 17 18 23 24 25 27 28 29 34 35 39 40,2,2.8,-0.7999999999999998,-2.3999999999999995,0
L5-M2,1116,1115,2,2,19,1 2 4 5 6 8 9 14 15 17 18 24 25 27 28 29 39 40 41,3,2.533333333333333,0.4666666666666668,0.9333333333333336,0
L5-M2,1117,1116,7,-3,14,1 2 3 4 5 6 8 9 27 28 29 39 40 41,3,1.8666666666666667,1.1333333333333333,-3.4,0
L5-M2,1118,1117,3,1,13,1 2 5 6 26 27 28 29 39 40 41 42 43,0,1.7333333333333334,-1.7333333333333334,-1.7333333333333334,0
L5-M2,1119,1118,1,3,17,1 2 5 6 20 21 22 26 27 28 29 39 40 41 42 43 44,2,2.2666666666666666,-0.2666666666666666,-0.7999999999999998,0
L5-M2,1120,1119,2,2,18,5 6 18 19 21 22 26 27 28 29 37 38 39 40 41 42 43 44,4,2.4,1.6,3.2,0
L5-M2,1121,1120,5,-1,18,5 6 7 8 21 22 23 24 27 28 29 34 35 39 40 42 43 44,3,2.4,0.6000000000000001,-0.6000000000000001,0
L5-M2,1122,1121,2,2,16,7 8 17 18 21 22 23 27 28 29 34 35 39 40 42 43,3,2.1333333333333333,0.8666666666666667,1.7333333333333334,0
L5-M2,1123,1122,4,0,17,4 5 7 8 17 18 22 23 27 28 29 36 37 39 40 42 43,0,2.2666666666666666,-2.2666666666666666,-0.0,0
L5-M2,1124,1123,5,-1,22,4 5 7 8 10 11 14 15 16 17 18 22 23 27 28 29 36 37 39 40 42 43,2,2.933333333333333,-0.9333333333333331,0.9333333333333331,0
L5-M2,1125,1124,4,0,20,4 5 9 10 11 12 14 15 16 22 23 27 28 29 36 37 39 40 42 43,2,2.6666666666666665,-0.6666666666666665,-0.0,0
L5-M2,1126,1125,4,0,21,1 2 4 5 9 10 11 12 15 16 22 23 26 27 28 29 36 37 41 42 43,5,2.8,2.2,0.0,0
L5-M2,1127,1126,3,1,17,1 2 15 16 22 23 26 27 28 29 31 32 38 39 41 42 43,2,2.2666666666666666,-0.2666666666666666,-0.2666666666666666,0
L5-M2,1128,1127,6,-2,13,1 2 22 23 26 27 28 29 38 39 41 42 43,2,1.7333333333333334,0.2666666666666666,-0.5333333333333332,0
L5-M2,1129,1128,7,-3,17,12 13 18 19 20 21 22 23 26 27 35 36 38 39 41 42 43,0,2.2666666666666666,-2.2666666666666666,6.8,0
L5-M2,1130,1129,5,-1,19,2 3 12 13 18 19 20 21 22 23 26 27 35 36 38 39 41 42 43,3,2.533333333333333,0.4666666666666668,-0.4666666666666668,0
L5-M2,1131,1130,7,-3,18,2 3 6 7 12 13 14 22 23 35 36 38 39 41 42 43 44 45,4,2.4,1.6,-4.800000000000001,0
L5-M2,1132,1131,6,-2,15,3 4 12 13 22 23 35 36 39 40 41 42 43 44 45,1,2.0,-1.0,2.0,0
L5-M2,1133,1132,1,3,20,3 4 12 13 22 23 24 29 30 31 32 35 36 37 39 40 42 43 44 45,2,2.6666666666666665,-0.6666666666666665,-1.9999999999999996,0
L5-M2,1134,1133,4,0,20,3 4 8 9 22 23 24 30 31 32 33 35 36 37 39 40 42 43 44 45,3,2.6666666666666665,0.3333333333333335,0.0,0
L5-M2,1135,1134,6,-2,23,4 5 10 11 12 16 17 18 22 23 30 31 32 33 35 36 37 39 40 42 43 44 45,1,3.066666666666667,-2.066666666666667,4.133333333333334,0
L5-M2,1136,1135,2,2,25,4 5 10 11 12 15 16 17 18 22 23 25 26 30 31 32 35 36 37 39 40 42 43 44 45,3,3.3333333333333335,-0.3333333333333335,-0.666666666666667,0
L5-M2,1137,1136,1,3,21,4 5 10 11 12 15 16 17 18 22 23 25 26 27 30 31 32 36 37 39 40,3,2.8,0.20000000000000018,0.6000000000000005,0
L5-M2,1138,1137,5,-1,18,10 11 16 17 18 22 23 25 26 27 30 31 32 36 37 39 40 41,1,2.4,-1.4,1.4,0
L5-M2,1139,1138,7,-3,18,10 11 17 18 22 23 25 26 27 28 30 31 32 36 37 39 40 41,3,2.4,0.6000000000000001,-1.8000000000000003,0
L5-M2,1140,1139,4,0,17,2 3 7 8 10 11 17 18 22 23 24 25 26 27 28 31 32,4,2.2666666666666666,1.7333333333333334,0.0,0
L5-M2,1141,1140,3,1,11,1 2 3 17 18 23 24 25 26 27 28,1,1.4666666666666666,-0.46666666666666656,-0.46666666666666656,0
L5-M2,1142,1141,4,0,14,1 2 3 17 18 23 24 25 27 28 41 42 43 44,3,1.8666666666666667,1.1333333333333333,0.0,0
L5-M2,1143,1142,3,1,13,3 4 17 18 23 24 25 32 33 42 43 44 45,1,1.7333333333333334,-0.7333333333333334,-0.7333333333333334,0
L5-M2,1144,1143,1,3,17,3 4 13 14 18 19 20 23 24 25 32 33 34 42 43 44 45,3,2.2666666666666666,0.7333333333333334,2.2,0
L5-M2,1145,1144,3,1,18,5 6 13 14 18 19 20 23 24 25 32 33 39 40 42 43 44 45,2,2.4,-0.3999999999999999,-0.3999999999999999,0
L5-M2,1146,1145,4,0,16,5 6 13 14 18 19 20 22 23 24 25 38 39 40 42 43,4,2.1333333333333333,1.8666666666666667,0.0,0
L5-M2,1147,1146,5,-1,10,13 14 20 21 22 23 24 25 38 39,1,1.3333333333333333,-0.33333333333333326,0.33333333333333326,0
L5-M2,1148,1147,6,-2,14,8 9 13 14 20 21 22 23 29 30 38 39 41 42,2,1.8666666666666667,0.1333333333333333,-0.2666666666666666,0
L5-M2,1149,1148,7,-3,14,8 9 10 20 21 28 29 30 35 36 38 39 41 42,3,1.8666666666666667,1.1333333333333333,-3.4,0
L5-M2,1150,1149,7,-3,13,4 5 9 10 28 29 30 34 35 38 39 41 42,3,1.7333333333333334,1.2666666666666666,-3.8,0
L5-M2,1151,1150,4,0,12,1 2 4 5 28 29 30 31 33 34 41 42,2,1.6,0.3999999999999999,0.0,0
L5-M2,1152,1151,3,1,11,4 5 30 31 33 34 40 41 42 43 44,2,1.4666666666666666,0.5333333333333334,0.5333333333333334,0
L5-M2,1153,1152,1,3,16,4 5 10 11 12 23 24 25 26 33 34 40 41 42 43 44,2,2.1333333333333333,-0.1333333333333333,-0.3999999999999999,0
L5-M2,1154,1153,2,2,19,4 5 6 7 11 12 16 17 22 23 24 25 26 33 34 40 41 42 43,3,2.533333333333333,0.4666666666666668,0.9333333333333336,0
L5-M2,1155,1154,5,-1,19,5 6 7 11 12 16 17 19 20 21 23 24 25 33 34 40 41 42 43,2,2.533333333333333,-0.5333333333333332,0.5333333333333332,0
L5-M2,1156,1155,2,2,19,5 6 7 11 12 17 18 20 21 23 24 25 33 34 39 40 41 42 43,3,2.533333333333333,0.4666666666666668,0.9333333333333336,0
L5-M2,1157,1156,1,3,20,2 3 5 6 7 11 12 14 15 17 18 20 21 23 24 25 28 29 42 43,5,2.6666666666666665,2.3333333333333335,7.0,0
L5-M2,1158,1157,7,-3,12,2 3 14 15 17 18 23 24 28 29 42 43,0,1.6,-1.6,4.800000000000001,0
L5-M2,1159,1158,1,3,17,1 2 3 13 14 15 17 18 23 24 28 29 35 36 42 43 44,2,2.2666666666666666,-0.2666666666666666,-0.7999999999999998,0
L5-M2,1160,1159,2,2,15,1 2 13 14 15 17 18 22 23 24 35 36 42 43 44,3,2.0,1.0,2.0,0
L5-M2,1161,1160,4,0,14,1 2 10 11 14 15 16 17 22 23 24 42 43 44,3,1.8666666666666667,1.1333333333333333,0.0,0
L5-M2,1162,1161,6,-2,15,10 11 14 15 16 17 22 23 29 30 31 40 41 43 44,2,2.0,0.0,-0.0,0
L5-M2,1163,1162,1,3,15,4 5 6 10 11 14 15 16 17 30 31 40 41 43 44,3,2.0,1.0,3.0,0
L5-M2,1164,1163,2,2,10,4 5 6 10 11 30 31 32 40 41,0,1.3333333333333333,-1.3333333333333333,-2.6666666666666665,0
L5-M2,1165,1164,3,1,15,3 4 5 6 8 9 10 11 26 27 30 31 32 40 41,2,2.0,0.0,0.0,0
L5-M2,1166,1165,3,1,15,3 4 5 8 9 10 11 30 31 32 35 36 37 40 41,0,2.0,-2.0,-2.0,0
L5-M2,1167,1166,2,2,17,3 4 5 8 9 10 11 12 30 31 32 34 35 36 37 40 41,4,2.2666666666666666,1.7333333333333334,3.466666666666667,0
L5-M2,1168,1167,3,1,13,3 4 5 9 10 11 12 19 20 21 22 36 37,3,1.7333333333333334,1.2666666666666666,1.2666666666666666,0
L5-M2,1169,1168,4,0,15,1 2 3 4 5 10 11 12 13 15 16 19 20 43 44,2,2.0,0.0,0.0,0
L5-M2,1170,1169,3,1,14,1 2 3 4 10 11 15 16 17 18 19 20 43 44,1,1.8666666666666667,-0.8666666666666667,-0.8666666666666667,0
L5-M2,1171,1170,3,1,15,1 2 6 7 10 11 15 16 17 18 19 20 43 44 45,4,2.0,2.0,2.0,0
L5-M2,1172,1171,7,-3,11,1 2 14 15 16 18 19 20 43 44 45,1,1.4666666666666666,-0.46666666666666656,1.3999999999999997,0
L5-M2,1173,1172,7,-3,14,1 2 14 15 16 18 19 20 22 23 31 32 35 36,4,1.8666666666666667,2.1333333333333333,-6.4,0
L5-M2,1174,1173,2,2,11,14 15 16 21 22 23 31 32 33 36 37,2,1.4666666666666666,0.5333333333333334,1.0666666666666669,0
L5-M2,1175,1174,5,-1,11,15 16 21 22 23 25 26 27 31 32 33,1,1.4666666666666666,-0.46666666666666656,0.46666666666666656,0
L5-M2,1176,1175,5,-1,14,15 16 21 22 23 25 26 27 28 29 33 34 37 38,1,1.8666666666666667,-0.8666666666666667,0.8666666666666667,0
L5-M2,1177,1176,5,-1,15,12 13 15 16 22 23 25 26 27 28 29 33 34 37 38,2,2.0,0.0,-0.0,0
L5-M2,1178,1177,6,-2,18,12 13 22 23 24 25 26 27 28 29 33 34 37 38 40 41 44 45,2,2.4,-0.3999999999999999,0.7999999999999998,0
L5-M2,1179,1178,4,0,17,1 2 12 13 22 23 24 25 26 28 29 33 34 37 38 40 41,2,2.2666666666666666,-0.2666666666666666,-0.0,0
L5-M2,1180,1179,4,0,17,1 2 12 13 14 22 23 25 26 28 29 33 34 36 37 38 39,2,2.2666666666666666,-0.2666666666666666,-0.0,0
L5-M2,1181,1180,1,3,16,1 2 13 14 22 23 25 26 28 29 31 32 33 34 38 39,2,2.1333333333333333,-0.1333333333333333,-0.3999999999999999,0
L5-M2,1182,1181,5,-1,17,1 2 21 22 23 25 26 28 29 30 31 32 34 35 36 38 39,5,2.2666666666666666,2.7333333333333334,-2.7333333333333334,0
L5-M2,1183,1182,4,0,9,22 23 29 30 34 35 36 38 39,2,1.2,0.8,0.0,0
L5-M2,1184,1183,6,-2,8,29 30 34 35 38 39 42 43,0,1.0666666666666667,-1.0666666666666667,2.1333333333333333,0
L5-M2,1185,1184,7,-3,12,2 3 29 30 34 35 38 39 42 43 44 45,1,1.6,-0.6000000000000001,1.8000000000000003,0
L5-M2,1186,1185,7,-3,15,2 3 11 12 18 19 34 35 38 39 40 42 43 44 45,1,2.0,-1.0,3.0,0
L5-M2,1187,1186,7,-3,18,9 10 11 12 18 19 20 33 34 35 38 39 40 41 42 43 44 45,1,2.4,-1.4,4.199999999999999,0
L5-M2,1188,1187,7,-3,18,9 10 11 12 18 19 20 21 33 34 35 38 39 41 42 43 44 45,2,2.4,-0.3999999999999999,1.1999999999999997,0
L5-M2,1189,1188,3,1,16,9 10 11 20 21 33 34 35 36 38 39 41 42 43 44 45,3,2.1333333333333333,0.8666666666666667,0.8666666666666667,0
L5-M2,1190,1189,4,0,17,10 11 14 15 20 21 24 25 30 31 33 34 41 42 43 44 45,1,2.2666666666666666,-1.2666666666666666,-0.0,0
L5-M2,1191,1190,6,-2,19,10 11 14 15 17 18 20 21 24 25 30 31 32 33 34 41 42 43 44,3,2.533333333333333,0.4666666666666668,-0.9333333333333336,0
L5-M2,1192,1191,2,2,15,14 15 16 17 18 24 25 30 31 32 33 34 42 43 44,1,2.0,-1.0,-2.0,0
L5-M2,1193,1192,2,2,17,5 6 13 14 15 17 18 24 25 30 31 32 33 34 42 43 44,2,2.2666666666666666,-0.2666666666666666,-0.5333333333333332,0
L5-M2,1194,1193,4,0,17,2 3 13 14 15 17 18 21 22 30 31 32 33 34 42 43 44,4,2.2666666666666666,1.7333333333333334,0.0,0
L5-M2,1195,1194,1,3,13,17 18 21 22 29 30 31 32 34 35 42 43 44,1,1.7333333333333334,-0.7333333333333334,-2.2,0
L5-M2,1196,1195,7,-3,16,7 8 17 18 21 22 25 26 29 30 31 32 42 43 44 45,3,2.1333333333333333,0.8666666666666667,-2.6,0
L5-M2,1197,1196,3,1,18,1 2 4 5 17 18 20 21 22 25 26 30 31 32 41 42 43 44,4,2.4,1.6,1.6,0
L5-M2,1198,1197,6,-2,15,10 11 17 18 20 21 22 23 30 31 32 38 39 41 42,4,2.0,2.0,-4.0,0
L5-M2,1199,1198,1,3,13,9 10 11 16 17 18 19 20 21 22 23 31 32,3,1.7333333333333334,1.2666666666666666,3.8,0
L5-M2,1200,1199,1,3,12,9 10 11 13 14 17 18 19 20 21 22 23,1,1.6,-0.6000000000000001,-1.8000000000000003,0
L5-M2,1201,1200,7,-3,15,9 10 11 13 14 17 18 19 21 22 23 34 35 36 37,3,2.0,1.0,-3.0,0
L5-M2,1202,1201,7,-3,14,10 11 12 13 14 15 17 18 19 21 22 23 44 45,2,1.8666666666666667,0.1333333333333333,-0.3999999999999999,0
L5-M2,1203,1202,2,2,16,10 11 13 14 15 17 18 19 22 23 28 29 42 43 44 45,2,2.1333333333333333,-0.1333333333333333,-0.2666666666666666,0
L5-M2,1204,1203,4,0,12,10 11 13 14 15 22 23 41 42 43 44 45,1,1.6,-0.6000000000000001,-0.0,0
L5-M2,1205,1204,3,1,12,10 11 13 14 15 22 23 25 26 41 42 43,2,1.6,0.3999999999999999,0.3999999999999999,0
L5-M2,1206,1205,2,2,11,10 11 13 14 15 19 20 25 26 42 43,2,1.4666666666666666,0.5333333333333334,1.0666666666666669,0
L5-M2,1207,1206,4,0,10,9 10 11 13 14 15 19 20 24 25,2,1.3333333333333333,0.6666666666666667,0.0,0
L5-M2,1208,1207,2,2,13,11 12 13 14 15 19 20 21 32 33 34 36 37,1,1.7333333333333334,-0.7333333333333334,-1.4666666666666668,0
L5-M2,1209,1208,2,2,15,11 12 13 14 15 18 19 20 21 32 33 34 35 39 40,3,2.0,1.0,2.0,0
L5-M2,1210,1209,4,0,17,7 8 9 11 12 13 14 15 18 19 28 29 32 33 34 43 44,2,2.2666666666666666,-0.2666666666666666,-0.0,0
L5-M2,1211,1210,6,-2,20,4 5 11 12 13 14 15 16 18 19 28 29 31 32 33 34 40 41 43 44,1,2.6666666666666665,-1.6666666666666665,3.333333333333333,0
L5-M2,1212,1211,1,3,19,3 4 5 11 12 13 14 15 16 18 19 28 29 31 32 33 34 43 44,3,2.533333333333333,0.4666666666666668,1.4000000000000004,0
L5-M2,1213,1212,7,-3,18,3 4 10 11 12 13 14 15 16 18 19 21 22 28 29 32 33 34,1,2.4,-1.4,4.199999999999999,0
L5-M2,1214,1213,1,3,19,3 4 12 13 14 15 16 18 19 21 22 28 29 30 32 33 34 42 43,4,2.533333333333333,1.4666666666666668,4.4,0
L5-M2,1215,1214,2,2,13,2 3 4 12 13 14 20 21 22 28 29 42 43,2,1.7333333333333334,0.2666666666666666,0.5333333333333332,0
L5-M2,1216,1215,5,-1,13,1 2 3 4 6 7 16 17 18 28 29 42 43,1,1.7333333333333334,-0.7333333333333334,0.7333333333333334,0
L5-M2,1217,1216,7,-3,15,1 2 6 7 16 17 18 28 29 34 35 39 40 42 43,1,2.0,-1.0,3.0,0
L5-M2,1218,1217,7,-3,14,1 2 6 7 16 17 18 34 35 39 40 41 42 43,1,1.8666666666666667,-0.8666666666666667,2.6,0
L5-M2,1219,1218,2,2,21,1 2 4 5 6 7 11 12 16 17 18 25 26 34 35 36 37 38 39 40 41,3,2.8,0.20000000000000018,0.40000000000000036,0
L5-M2,1220,1219,5,-1,20,4 5 6 7 11 12 16 17 18 25 26 27 33 34 35 36 37 38 40 41,2,2.6666666666666665,-0.6666666666666665,0.6666666666666665,0
L5-M2,1221,1220,2,2,19,4 5 6 7 11 12 13 16 17 18 19 26 27 35 36 37 38 40 41,4,2.533333333333333,1.4666666666666668,2.9333333333333336,0
L5-M2,1222,1221,2,2,14,4 5 11 12 16 17 23 24 26 27 37 38 40 41,4,1.8666666666666667,2.1333333333333333,4.266666666666667,0
L5-M2,1223,1222,6,-2,13,7 8 9 10 19 20 21 23 24 26 27 37 38,1,1.7333333333333334,-0.7333333333333334,1.4666666666666668,0
L5-M2,1224,1223,4,0,10,7 8 9 10 23 24 26 27 37 38,2,1.3333333333333333,0.6666666666666667,0.0,0
L5-M2,1225,1224,5,-1,8,7 8 14 15 23 24 37 38,1,1.0666666666666667,-0.06666666666666665,0.06666666666666665,0
L5-M2,1226,1225,5,-1,11,1 2 3 14 15 23 24 34 35 37 38,0,1.4666666666666666,-1.4666666666666666,1.4666666666666666,0
L5-M2,1227,1226,7,-3,15,1 2 3 14 15 23 24 29 30 31 34 35 36 37 38,3,2.0,1.0,-3.0,0
L5-M2,1228,1227,2,2,15,2 3 10 11 12 22 23 24 29 30 31 35 36 37 38,5,2.0,3.0,6.0,0
L5-M2,1229,1228,1,3,14,2 3 10 11 12 22 23 32 33 36 37 38 39 40,2,1.8666666666666667,0.1333333333333333,0.3999999999999999,0
L5-M2,1230,1229,3,1,13,2 3 10 11 20 21 22 23 32 33 38 39 40,2,1.7333333333333334,0.2666666666666666,0.2666666666666666,0
L5-M2,1231,1230,7,-3,11,10 11 18 19 20 21 32 33 38 39 40,2,1.4666666666666666,0.5333333333333334,-1.6000000000000003,0
L5-M2,1232,1231,4,0,15,5 6 7 10 11 19 20 21 25 26 27 32 33 39 40,1,2.0,-1.0,-0.0,0
L5-M2,1233,1232,1,3,19,1 2 5 6 7 10 11 16 17 20 21 25 26 27 32 33 39 40 41,5,2.533333333333333,2.466666666666667,7.4,0
L5-M2,1234,1233,5,-1,13,5 6 10 11 16 17 26 27 32 33 43 44 45,1,1.7333333333333334,-0.7333333333333334,0.7333333333333334,0
L5-M2,1235,1234,4,0,15,5 6 10 11 16 17 26 27 29 30 32 33 34 44 45,2,2.0,0.0,0.0,0
L5-M2,1236,1235,5,-1,17,8 9 10 16 17 26 27 28 29 30 32 33 34 41 42 44 45,2,2.2666666666666666,-0.2666666666666666,0.2666666666666666,0
L5-M2,1237,1236,1,3,19,3 4 5 8 9 10 13 14 16 17 26 27 28 32 33 41 42 44 45,1,2.533333333333333,-1.5333333333333332,-4.6,0
L5-M2,1238,1237,5,-1,18,3 4 5 8 9 13 14 16 17 26 27 28 32 33 41 42 44 45,3,2.4,0.6000000000000001,-0.6000000000000001,0
L5-M3,21,20,7,-3,5,25 26 27 28 29,0,0.6666666666666666,-0.6666666666666666,2.0,0
L5-M3,22,21,5,-1,6,24 25 26 27 28 29,0,0.8,-0.8,0.8,0
L5-M3,23,22,6,-2,6,24 25 26 27 28 29,0,0.8,-0.8,1.6,0
L5-M3,24,23,7,-3,13,1 2 3 24 25 26 27 28 29 34 35 36 37,3,1.7333333333333334,1.2666666666666666,-3.8,0
L5-M3,25,24,1,3,6,1 2 3 24 25 26,2,0.8,1.2,3.5999999999999996,0
L5-M3,26,25,3,1,10,9 10 11 14 15 16 22 23 24 25,1,1.3333333333333333,-0.33333333333333326,-0.33333333333333326,0
L5-M3,27,26,7,-3,13,9 10 11 12 14 15 16 22 23 24 30 31 32,0,1.7333333333333334,-1.7333333333333334,5.2,0
L5-M3,28,27,4,0,17,9 10 11 12 14 15 16 22 23 24 30 31 32 38 39 40 41,2,2.2666666666666666,-0.2666666666666666,-0.0,0
L5-M3,29,28,1,3,18,10 11 12 13 14 15 16 17 30 31 32 33 34 38 39 40 41 42,4,2.4,1.6,4.800000000000001,0
L5-M3,30,29,3,1,12,10 11 12 14 15 16 17 29 30 31 32 33,1,1.6,-0.6000000000000001,-0.6000000000000001,0
L5-M3,31,30,1,3,11,10 11 12 14 15 16 29 30 31 32 33,0,1.4666666666666666,-1.4666666666666666,-4.3999999999999995,0
L5-M3,32,31,6,-2,14,2 3 4 10 11 12 14 15 16 29 30 31 32 33,1,1.8666666666666667,-0.8666666666666667,1.7333333333333334,0
L5-M3,33,32,2,2,14,2 3 4 10 11 12 29 30 31 32 33 41 42 43,4,1.8666666666666667,2.1333333333333333,4.266666666666667,0
L5-M3,34,33,3,1,6,10 11 12 29 30 31,0,0.8,-0.8,-0.8,0
L5-M3,35,34,1,3,10,1 2 3 10 11 12 13 29 30 31,3,1.3333333333333333,1.6666666666666667,5.0,0
L5-M3,36,35,6,-2,9,15 16 17 20 21 22 29 30 31,0,1.2,-1.2,2.4,0
L5-M3,37,36,6,-2,10,15 16 17 18 20 21 22 29 30 31,1,1.3333333333333333,-0.33333333333333326,0.6666666666666665,0
L5-M3,38,37,7,-3,11,12 13 14 15 16 17 18 19 20 21 22,3,1.4666666666666666,1.5333333333333334,-4.6000000000000005,0
L5-M3,39,38,5,-1,11,4 5 6 12 13 14 15 18 19 20 21,4,1.4666666666666666,2.533333333333333,-2.533333333333333,0
L5-M3,40,39,3,1,3,18 19 20,2,0.4,1.6,1.6,0
L5-M3,41,40,1,3,4,2 3 4 5,0,0.5333333333333333,-0.5333333333333333,-1.6,0
L5-M3,42,41,4,0,14,1 2 3 4 5 8 9 10 11 12 39 40 41 42,0,1.8666666666666667,-1.8666666666666667,-0.0,0
L5-M3,43,42,1,3,17,1 2 3 4 5 8 9 10 11 12 27 28 29 39 40 41 42,1,2.2666666666666666,-1.2666666666666666,-3.8,0
L5-M3,44,43,1,3,17,1 2 3 4 5 8 9 10 11 12 27 28 29 30 40 41 42,3,2.2666666666666666,0.7333333333333334,2.2,0
L5-M3,45,44,6,-2,12,8 9 10 14 15 16 27 28 29 40 41 42,2,1.6,0.3999999999999999,-0.7999999999999998,0
L5-M3,46,45,3,1,12,7 8 9 14 15 16 24 25 26 40 41 42,2,1.6,0.3999999999999999,0.3999999999999999,0
L5-M3,47,46,7,-3,7,24 25 26 40 41 42 43,1,0.9333333333333333,0.06666666666666665,-0.19999999999999996,0
L5-M3,48,47,4,0,4,40 41 42 43,0,0.5333333333333333,-0.5333333333333333,-0.0,0
L5-M3,49,48,1,3,6,39 40 41 42 43 44,1,0.8,0.19999999999999996,0.5999999999999999,0
L5-M3,50,49,5,-1,7,28 29 30 41 42 43 44,1,0.9333333333333333,0.06666666666666665,-0.06666666666666665,0
L5-M3,51,50,1,3,7,27 28 29 30 41 42 43,0,0.9333333333333333,-0.9333333333333333,-2.8,0
L5-M3,52,51,6,-2,10,23 24 25 27 28 29 30 41 42 43,1,1.3333333333333333,-0.33333333333333326,0.6666666666666665,0
L5-M3,53,52,1,3,12,23 24 25 30 31 32 34 35 36 41 42 43,1,1.6,-0.6000000000000001,-1.8000000000000003,0
L5-M3,54,53,7,-3,11,23 24 25 34 35 36 37 38 41 42 43,1,1.4666666666666666,-0.46666666666666656,1.3999999999999997,0
L5-M3,55,54,6,-2,10,17 18 19 23 24 25 40 41 42 43,2,1.3333333333333333,0.6666666666666667,-1.3333333333333335,0
L5-M3,56,55,1,3,7,22 23 24 25 41 42 43,0,0.9333333333333333,-0.9333333333333333,-2.8,0
L5-M3,57,56,3,1,11,11 12 13 22 23 24 25 26 41 42 43,1,1.4666666666666666,-0.46666666666666656,-0.46666666666666656,0
L5-M3,58,57,1,3,17,2 3 4 5 6 11 12 13 18 19 20 22 23 24 41 42 43,1,2.2666666666666666,-1.2666666666666666,-3.8,0
L5-M3,59,58,1,3,14,2 3 4 5 6 11 12 13 18 19 20 41 42 43,2,1.8666666666666667,0.1333333333333333,0.3999999999999999,0
L5-M3,60,59,2,2,14,1 2 3 4 5 11 12 13 18 19 20 26 27 28,1,1.8666666666666667,-0.8666666666666667,-1.7333333333333334,0
L5-M3,61,60,3,1,16,3 4 5 11 12 13 17 18 19 20 21 22 23 26 27 28,1,2.1333333333333333,-1.1333333333333333,-1.1333333333333333,0
L5-M3,62,61,1,3,13,3 4 5 11 12 13 20 21 22 23 26 27 28,2,1.7333333333333334,0.2666666666666666,0.7999999999999998,0
L5-M3,63,62,4,0,10,11 12 13 16 17 18 20 21 22 23,2,1.3333333333333333,0.6666666666666667,0.0,0
L5-M3,64,63,2,2,12,9 10 11 12 13 16 17 18 31 32 33 34,1,1.6,-0.6000000000000001,-1.2000000000000002,0
L5-M3,65,64,7,-3,13,4 5 6 7 9 10 11 12 13 31 32 33 34,2,1.7333333333333334,0.2666666666666666,-0.7999999999999998,0
L5-M3,66,65,5,-1,8,5 6 7 9 10 11 12 13,1,1.0666666666666667,-0.06666666666666665,0.06666666666666665,0
L5-M3,67,66,7,-3,8,9 10 11 12 13 30 31 32,1,1.0666666666666667,-0.06666666666666665,0.19999999999999996,0
L5-M3,68,67,5,-1,9,11 12 13 27 28 29 30 31 32,1,1.2,-0.19999999999999996,0.19999999999999996,0
L5-M3,69,68,6,-2,6,27 28 29 30 31 32,0,0.8,-0.8,1.6,0
L5-M3,70,69,6,-2,6,27 28 29 30 31 32,1,0.8,0.19999999999999996,-0.3999999999999999,0
L5-M3,71,70,5,-1,10,29 30 31 32 33 34 35 40 41 42,2,1.3333333333333333,0.6666666666666667,-0.6666666666666667,0
L5-M3,72,71,5,-1,6,30 31 32 33 34 35,0,0.8,-0.8,0.8,0
L5-M3,73,72,1,3,9,30 31 32 33 34 35 36 37 38,1,1.2,-0.19999999999999996,-0.5999999999999999,0
L5-M3,74,73,5,-1,6,33 34 35 36 37 38,1,0.8,0.19999999999999996,-0.19999999999999996,0
L5-M3,75,74,5,-1,4,36 37 38 39,0,0.5333333333333333,-0.5333333333333333,0.5333333333333333,0
L5-M3,76,75,4,0,9,19 20 21 22 23 36 37 38 39,2,1.2,0.8,0.0,0
L5-M3,77,76,7,-3,11,7 8 9 10 19 20 21 28 29 30 31,1,1.4666666666666666,-0.46666666666666656,1.3999999999999997,0
L5-M3,78,77,5,-1,11,7 8 9 10 11 19 20 21 26 27 28,1,1.4666666666666666,-0.46666666666666656,0.46666666666666656,0
L5-M3,79,78,7,-3,9,7 8 9 19 20 21 26 27 28,1,1.2,-0.19999999999999996,0.5999999999999999,0
L5-M3,80,79,3,1,12,6 7 8 9 19 20 21 38 39 40 41 42,0,1.6,-1.6,-1.6,0
L5-M3,81,80,1,3,14,4 5 6 7 8 9 19 20 21 38 39 40 41 42,3,1.8666666666666667,1.1333333333333333,3.4,0
L5-M3,82,81,2,2,13,14 15 16 21 22 23 36 37 38 39 40 41 42,2,1.7333333333333334,0.2666666666666666,0.5333333333333332,0
L5-M3,83,82,6,-2,12,21 22 23 36 37 38 39 40 41 43 44 45,0,1.6,-1.6,3.2,0
L5-M3,84,83,3,1,13,21 22 23 35 36 37 38 39 40 41 43 44 45,2,1.7333333333333334,0.2666666666666666,0.2666666666666666,0
L5-M3,85,84,1,3,7,35 36 37 38 39 40 41,1,0.9333333333333333,0.06666666666666665,0.19999999999999996,0
L5-M3,86,85,4,0,11,24 25 26 28 29 30 37 38 39 40 41,3,1.4666666666666666,1.5333333333333334,0.0,0
L5-M3,87,86,3,1,9,20 21 22 24 25 26 28 29 30,0,1.2,-1.2,-1.2,0
L5-M3,88,87,5,-1,9,20 21 22 24 25 26 28 29 30,3,1.2,1.8,-1.8,0
L5-M3,89,88,5,-1,3,9 10 11,0,0.4,-0.4,0.4,0
L5-M3,90,89,6,-2,3,9 10 11,0,0.4,-0.4,0.8,0
L5-M3,91,90,1,3,10,5 6 7 8 9 10 11 13 14 15,0,1.3333333333333333,-1.3333333333333333,-4.0,0
L5-M3,92,91,5,-1,10,5 6 7 8 9 10 11 13 14 15,1,1.3333333333333333,-0.33333333333333326,0.33333333333333326,0
L5-M3,93,92,3,1,9,5 6 7 8 9 10 11 12 13,1,1.2,-0.19999999999999996,-0.19999999999999996,0
L5-M3,94,93,2,2,10,7 8 9 10 11 12 13 30 31 32,1,1.3333333333333333,-0.33333333333333326,-0.6666666666666665,0
L5-M3,95,94,2,2,7,7 8 9 10 11 12 13,1,0.9333333333333333,0.06666666666666665,0.1333333333333333,0
L5-M3,96,95,2,2,8,9 10 11 12 13 18 19 20,0,1.0666666666666667,-1.0666666666666667,-2.1333333333333333,0
L5-M3,97,96,4,0,11,9 10 11 12 13 18 19 20 28 29 30,1,1.4666666666666666,-0.46666666666666656,-0.0,0
L5-M3,98,97,1,3,8,9 10 11 12 13 28 29 30,1,1.0666666666666667,-0.06666666666666665,-0.19999999999999996,0
L5-M3,99,98,7,-3,10,10 11 12 13 28 29 30 37 38 39,3,1.3333333333333333,1.6666666666666667,-5.0,0
L5-M3,100,99,4,0,8,11 12 13 38 39 40 41 42,2,1.0666666666666667,0.9333333333333333,0.0,0
L5-M3,101,100,2,2,13,17 18 19 33 34 35 38 39 40 41 43 44 45,3,1.7333333333333334,1.2666666666666666,2.533333333333333,0
L5-M3,102,101,3,1,4,38 39 40 41,1,0.5333333333333333,0.4666666666666667,0.4666666666666667,0
L5-M3,103,102,7,-3,8,12 13 14 15 18 19 20 21,2,1.0666666666666667,0.9333333333333333,-2.8,0
L5-M3,104,103,2,2,4,18 19 20 21,0,0.5333333333333333,-0.5333333333333333,-1.0666666666666667,0
L5-M3,105,104,5,-1,7,8 9 10 18 19 20 21,3,0.9333333333333333,2.0666666666666664,-2.0666666666666664,0
L5-M3,106,105,4,0,7,11 12 13 36 37 38 39,1,0.9333333333333333,0.06666666666666665,0.0,0
L5-M3,107,106,6,-2,7,1 2 3 36 37 38 39,1,0.9333333333333333,0.06666666666666665,-0.1333333333333333,0
L5-M3,108,107,6,-2,6,35 36 37 38 39 40,0,0.8,-0.8,1.6,0
L5-M3,109,108,2,2,14,13 14 15 16 25 26 27 28 35 36 37 38 39 40,1,1.8666666666666667,-0.8666666666666667,-1.7333333333333334,0
L5-M3,110,109,3,1,13,13 14 15 16 17 25 26 27 28 37 38 39 40,0,1.7333333333333334,-1.7333333333333334,-1.7333333333333334,0
L5-M3,111,110,1,3,14,13 14 15 16 17 25 26 27 28 37 38 39 40 41,1,1.8666666666666667,-0.8666666666666667,-2.6,0
L5-M3,112,111,3,1,16,10 11 12 13 14 15 16 17 24 25 26 27 28 37 38 39,1,2.1333333333333333,-1.1333333333333333,-1.1333333333333333,0
L5-M3,113,112,7,-3,16,2 3 4 8 9 10 11 12 13 14 15 16 17 37 38 39,2,2.1333333333333333,-0.1333333333333333,0.3999999999999999,0
L5-M3,114,113,3,1,11,10 11 12 13 14 15 16 17 37 38 39,2,1.4666666666666666,0.5333333333333334,0.5333333333333334,0
L5-M3,115,114,1,3,9,1 2 3 15 16 17 37 38 39,2,1.2,0.8,2.4000000000000004,0
L5-M3,116,115,7,-3,11,15 16 17 20 21 22 23 24 37 38 39,1,1.4666666666666666,-0.46666666666666656,1.3999999999999997,0
L5-M3,117,116,3,1,12,15 16 17 18 20 21 22 23 24 38 39 40,1,1.6,-0.6000000000000001,-0.6000000000000001,0
L5-M3,118,117,5,-1,7,15 16 17 18 38 39 40,1,0.9333333333333333,0.06666666666666665,-0.06666666666666665,0
L5-M3,119,118,7,-3,3,38 39 40,0,0.4,-0.4,1.2000000000000002,0
L5-M3,120,119,7,-3,6,38 39 40 41 42 43,0,0.8,-0.8,2.4000000000000004,0
L5-M3,121,120,5,-1,14,7 8 9 26 27 28 29 30 38 39 40 41 42 43,4,1.8666666666666667,2.1333333333333333,-2.1333333333333333,0
L5-M3,122,121,1,3,12,7 8 9 23 24 25 26 27 39 40 41 42,1,1.6,-0.6000000000000001,-1.8000000000000003,0
L5-M3,123,122,2,2,8,7 8 9 23 24 25 26 27,1,1.0666666666666667,-0.06666666666666665,-0.1333333333333333,0
L5-M3,124,123,4,0,6,22 23 24 25 26 27,2,0.8,1.2,0.0,0
L5-M3,125,124,1,3,7,13 14 15 19 20 21 22,0,0.9333333333333333,-0.9333333333333333,-2.8,0
L5-M3,126,125,3,1,7,13 14 15 19 20 21 22,2,0.9333333333333333,1.0666666666666667,1.0666666666666667,0
L5-M3,127,126,1,3,7,12 13 14 15 37 38 39,0,0.9333333333333333,-0.9333333333333333,-2.8,0
L5-M3,128,127,6,-2,8,11 12 13 14 15 37 38 39,2,1.0666666666666667,0.9333333333333333,-1.8666666666666667,0
L5-M3,129,128,6,-2,6,13 14 15 17 18 19,1,0.8,0.19999999999999996,-0.3999999999999999,0
L5-M3,130,129,1,3,6,13 14 15 16 17 18,0,0.8,-0.8,-2.4000000000000004,0
L5-M3,131,130,5,-1,6,13 14 15 16 17 18,2,0.8,1.2,-1.2,0
L5-M3,132,131,7,-3,6,16 17 18 39 40 41,2,0.8,1.2,-3.5999999999999996,0
L5-M3,133,132,6,-2,6,4 5 6 31 32 33,1,0.8,0.19999999999999996,-0.3999999999999999,0
L5-M3,134,133,3,1,8,29 30 31 32 33 35 36 37,2,1.0666666666666667,0.9333333333333333,0.9333333333333333,0
L5-M3,135,134,7,-3,8,28 29 30 36 37 38 39 40,2,1.0666666666666667,0.9333333333333333,-2.8,0
L5-M3,136,135,3,1,6,36 37 38 42 43 44,2,0.8,1.2,1.2,0
L5-M3,137,136,2,2,4,8 9 10 11,1,0.5333333333333333,0.4666666666666667,0.9333333333333333,0
L5-M3,138,137,3,1,6,32 33 34 43 44 45,0,0.8,-0.8,-0.8,0
L5-M3,139,138,3,1,9,17 18 19 32 33 34 43 44 45,1,1.2,-0.19999999999999996,-0.19999999999999996,0
L5-M3,140,139,3,1,10,3 4 5 17 18 19 31 32 33 34,4,1.3333333333333333,2.666666666666667,2.666666666666667,0
L5-M3,141,140,2,2,12,4 5 6 21 22 23 24 31 32 33 34 35,1,1.6,-0.6000000000000001,-1.2000000000000002,0
L5-M3,142,141,1,3,11,4 5 6 21 22 23 24 32 33 34 35,1,1.4666666666666666,-0.46666666666666656,-1.3999999999999997,0
L5-M3,143,142,3,1,10,4 5 6 7 21 22 23 24 25 26,1,1.3333333333333333,-0.33333333333333326,-0.33333333333333326,0
L5-M3,144,143,1,3,14,4 5 6 7 21 22 23 24 25 35 36 37 38 39,3,1.8666666666666667,1.1333333333333333,3.4,0
L5-M3,145,144,7,-3,12,5 6 7 9 10 11 20 21 22 23 24 25,1,1.6,-0.6000000000000001,1.8000000000000003,0
L5-M3,146,145,3,1,11,5 6 7 9 10 11 21 22 23 24 25,0,1.4666666666666666,-1.4666666666666666,-1.4666666666666666,0
L5-M3,147,146,3,1,15,5 6 7 8 9 10 11 21 22 23 24 25 31 32 33,2,2.0,0.0,0.0,0
L5-M3,148,147,5,-1,16,7 8 9 10 11 12 22 23 24 25 29 30 31 32 33 34,3,2.1333333333333333,0.8666666666666667,-0.8666666666666667,0
L5-M3,149,148,1,3,14,7 8 9 10 11 12 22 23 24 28 29 30 31 32,1,1.8666666666666667,-0.8666666666666667,-2.6,0
L5-M3,150,149,4,0,20,7 8 9 10 14 15 16 17 18 22 23 24 28 29 30 31 32 37 38 39,4,2.6666666666666665,1.3333333333333335,0.0,0
L5-M3,151,150,2,2,18,7 8 9 10 14 15 16 17 22 23 24 29 30 31 32 43 44 45,1,2.4,-1.4,-2.8,0
L5-M3,152,151,5,-1,17,7 8 9 14 15 16 17 22 23 24 29 30 31 32 43 44 45,1,2.2666666666666666,-1.2666666666666666,1.2666666666666666,0
L5-M3,153,152,7,-3,17,6 7 8 9 14 15 16 17 22 23 24 30 31 32 43 44 45,1,2.2666666666666666,-1.2666666666666666,3.8,0
L5-M3,154,153,6,-2,14,14 15 16 17 22 23 24 30 31 32 33 43 44 45,1,1.8666666666666667,-0.8666666666666667,1.7333333333333334,0
L5-M3,155,154,3,1,15,14 15 16 17 22 23 24 30 31 32 33 41 42 43 44,4,2.0,2.0,2.0,0
L5-M3,156,155,1,3,10,22 23 24 25 37 38 39 42 43 44,1,1.3333333333333333,-0.33333333333333326,-0.9999999999999998,0
L5-M3,157,156,1,3,7,22 23 24 25 37 38 39,1,0.9333333333333333,0.06666666666666665,0.19999999999999996,0
L5-M3,158,157,6,-2,4,22 23 24 25,0,0.5333333333333333,-0.5333333333333333,1.0666666666666667,0
L5-M3,159,158,2,2,13,1 2 3 10 11 12 22 23 24 25 36 37 38,1,1.7333333333333334,-0.7333333333333334,-1.4666666666666668,0
L5-M3,160,159,4,0,13,6 7 8 10 11 12 22 23 24 25 36 37 38,2,1.7333333333333334,0.2666666666666666,0.0,0
L5-M3,161,160,1,3,14,10 11 12 14 15 16 17 22 23 24 25 36 37 38,2,1.8666666666666667,0.1333333333333333,0.3999999999999999,0
L5-M3,162,161,6,-2,13,10 11 12 14 15 16 17 23 24 25 27 28 29,1,1.7333333333333334,-0.7333333333333334,1.4666666666666668,0
L5-M3,163,162,4,0,14,10 11 12 14 15 16 17 26 27 28 29 31 32 33,4,1.8666666666666667,2.1333333333333333,0.0,0
L5-M3,164,163,3,1,9,12 13 14 15 16 17 31 32 33,0,1.2,-1.2,-1.2,0
L5-M3,165,164,5,-1,13,12 13 14 15 16 17 18 19 20 30 31 32 33,3,1.7333333333333334,1.2666666666666666,-1.2666666666666666,0
L5-M3,166,165,6,-2,11,2 3 4 14 15 16 17 30 31 32 33,0,1.4666666666666666,-1.4666666666666666,2.933333333333333,0
L5-M3,167,166,3,1,13,2 3 4 14 15 16 17 30 31 32 33 34 35,1,1.7333333333333334,-0.7333333333333334,-0.7333333333333334,0
L5-M3,168,167,1,3,13,1 2 3 4 14 15 16 17 31 32 33 34 35,2,1.7333333333333334,0.2666666666666666,0.7999999999999998,0
L5-M3,169,168,3,1,8,14 15 16 17 32 33 34 35,2,1.0666666666666667,0.9333333333333333,0.9333333333333333,0
L5-M3,170,169,2,2,6,6 7 8 32 33 34,0,0.8,-0.8,-1.6,0
L5-M3,171,170,2,2,15,4 5 6 7 8 17 18 19 20 21 22 23 32 33 34,2,2.0,0.0,0.0,0
L5-M3,172,171,1,3,12,5 6 7 8 9 17 18 19 20 21 22 23,2,1.6,0.3999999999999999,1.1999999999999997,0
L5-M3,173,172,6,-2,5,5 6 7 8 9,1,0.6666666666666666,0.33333333333333337,-0.6666666666666667,0
L5-M3,174,173,3,1,7,5 6 7 8 38 39 40,1,0.9333333333333333,0.06666666666666665,0.06666666666666665,0
L5-M3,175,174,3,1,10,5 6 7 8 36 37 38 43 44 45,1,1.3333333333333333,-0.33333333333333326,-0.33333333333333326,0
L5-M3,176,175,1,3,11,5 6 7 8 10 11 12 42 43 44 45,0,1.4666666666666666,-1.4666666666666666,-4.3999999999999995,0
L5-M3,177,176,2,2,11,5 6 7 8 10 11 12 42 43 44 45,2,1.4666666666666666,0.5333333333333334,1.0666666666666669,0
L5-M3,178,177,2,2,7,5 6 7 8 40 41 42,1,0.9333333333333333,0.06666666666666665,0.1333333333333333,0
L5-M3,179,178,3,1,7,6 7 8 9 40 41 42,1,0.9333333333333333,0.06666666666666665,0.06666666666666665,0
L5-M3,180,179,5,-1,9,6 7 8 20 21 22 40 41 42,2,1.2,0.8,-0.8,0
L5-M3,181,180,5,-1,9,6 7 8 26 27 28 40 41 42,1,1.2,-0.19999999999999996,0.19999999999999996,0
L5-M3,182,181,6,-2,6,6 7 8 26 27 28,1,0.8,0.19999999999999996,-0.3999999999999999,0
L5-M3,183,182,6,-2,7,6 7 8 35 36 37 38,0,0.9333333333333333,-0.9333333333333333,1.8666666666666667,0
L5-M3,184,183,2,2,10,6 7 8 10 11 12 35 36 37 38,1,1.3333333333333333,-0.33333333333333326,-0.6666666666666665,0
L5-M3,185,184,7,-3,14,3 4 5 7 8 9 10 11 12 35 36 37 38 39,3,1.8666666666666667,1.1333333333333333,-3.4,0
L5-M3,186,185,5,-1,7,9 10 11 12 35 36 37,1,0.9333333333333333,0.06666666666666665,-0.06666666666666665,0
L5-M3,187,186,2,2,6,30 31 32 35 36 37,0,0.8,-0.8,-1.6,0
L5-M3,188,187,7,-3,13,11 12 13 25 26 27 28 30 31 32 35 36 37,3,1.7333333333333334,1.2666666666666666,-3.8,0
L5-M3,189,188,7,-3,12,11 12 13 35 36 37 39 40 41 42 43 44,2,1.6,0.3999999999999999,-1.1999999999999997,0
L5-M3,190,189,3,1,15,5 6 7 11 12 13 15 16 17 39 40 41 42 43 44,1,2.0,-1.0,-1.0,0
L5-M3,191,190,3,1,14,5 6 7 11 12 13 15 16 17 39 40 41 42 43,2,1.8666666666666667,0.1333333333333333,0.1333333333333333,0
L5-M3,192,191,3,1,17,9 10 11 12 13 15 16 17 20 21 22 23 39 40 41 42 43,1,2.2666666666666666,-1.2666666666666666,-1.2666666666666666,0
L5-M3,193,192,5,-1,16,1 2 3 15 16 17 20 21 22 23 38 39 40 41 42 43,1,2.1333333333333333,-1.1333333333333333,1.1333333333333333,0
L5-M3,194,193,2,2,18,1 2 3 15 16 17 19 20 21 22 23 27 28 29 40 41 42 43,3,2.4,0.6000000000000001,1.2000000000000002,0
L5-M3,195,194,5,-1,13,1 2 3 27 28 29 33 34 35 40 41 42 43,2,1.7333333333333334,0.2666666666666666,-0.2666666666666666,0
L5-M3,196,195,5,-1,11,1 2 3 27 28 29 30 31 41 42 43,1,1.4666666666666666,-0.46666666666666656,0.46666666666666656,0
L5-M3,197,196,1,3,11,1 2 3 27 28 29 30 31 32 33 34,1,1.4666666666666666,-0.46666666666666656,-1.3999999999999997,0
L5-M3,198,197,1,3,12,1 2 3 4 5 27 28 29 30 31 32 33,0,1.6,-1.6,-4.800000000000001,0
L5-M3,199,198,1,3,13,1 2 3 4 5 6 27 28 29 30 31 32 33,1,1.7333333333333334,-0.7333333333333334,-2.2,0
L5-M3,200,199,7,-3,13,1 2 3 4 5 6 26 27 28 29 31 32 33,2,1.7333333333333334,0.2666666666666666,-0.7999999999999998,0
L5-M3,201,200,3,1,18,1 2 3 4 8 9 10 11 26 27 28 29 31 32 33 38 39 40,4,2.4,1.6,1.6,0
L5-M3,202,201,4,0,10,8 9 10 26 27 28 29 31 32 33,2,1.3333333333333333,0.6666666666666667,0.0,0
L5-M3,203,202,3,1,4,7 8 9 10,0,0.5333333333333333,-0.5333333333333333,-0.5333333333333333,0
L5-M3,204,203,3,1,8,7 8 9 10 40 41 42 43,1,1.0666666666666667,-0.06666666666666665,-0.06666666666666665,0
L5-M3,205,204,2,2,10,7 8 9 10 21 22 23 41 42 43,1,1.3333333333333333,-0.33333333333333326,-0.6666666666666665,0
L5-M3,206,205,5,-1,16,4 5 6 7 8 9 10 15 16 17 18 19 20 41 42 43,2,2.1333333333333333,-0.1333333333333333,0.1333333333333333,0
L5-M3,207,206,7,-3,14,4 5 6 7 8 9 10 16 17 18 19 41 42 43,0,1.8666666666666667,-1.8666666666666667,5.6,0
L5-M3,208,207,7,-3,18,4 5 6 7 8 9 10 16 17 18 19 26 27 28 41 42 43 44,1,2.4,-1.4,4.199999999999999,0
L5-M3,209,208,2,2,20,4 5 6 7 8 9 10 16 17 18 19 22 23 24 26 27 28 41 42 43,3,2.6666666666666665,0.3333333333333335,0.666666666666667,0
L5-M3,210,209,7,-3,12,4 5 6 8 9 10 26 27 28 41 42 43,1,1.6,-0.6000000000000001,1.8000000000000003,0
L5-M3,211,210,7,-3,11,4 5 6 26 27 28 29 30 41 42 43,1,1.4666666666666666,-0.46666666666666656,1.3999999999999997,0
L5-M3,212,211,1,3,8,4 5 6 26 27 28 29 30,0,1.0666666666666667,-1.0666666666666667,-3.2,0
L5-M3,213,212,1,3,9,3 4 5 6 26 27 28 29 30,3,1.2,1.8,5.4,0
L5-M3,214,213,7,-3,15,14 15 16 26 27 28 29 30 34 35 36 42 43 44 45,1,2.0,-1.0,3.0,0
L5-M3,215,214,6,-2,10,14 15 16 34 35 36 42 43 44 45,3,1.3333333333333333,1.6666666666666667,-3.3333333333333335,0
L5-M3,216,215,3,1,6,8 9 10 34 35 36,1,0.8,0.19999999999999996,0.19999999999999996,0
L5-M3,217,216,1,3,3,8 9 10,0,0.4,-0.4,-1.2000000000000002,0
L5-M3,218,217,6,-2,14,8 9 10 11 12 13 14 21 22 23 29 30 31 32,3,1.8666666666666667,1.1333333333333333,-2.2666666666666666,0
L5-M3,219,218,5,-1,12,9 10 11 12 13 21 22 23 24 30 31 32,1,1.6,-0.6000000000000001,0.6000000000000001,0
L5-M3,220,219,3,1,8,21 22 23 24 25 30 31 32,1,1.0666666666666667,-0.06666666666666665,-0.06666666666666665,0
L5-M3,221,220,5,-1,7,22 23 24 25 30 31 32,0,0.9333333333333333,-0.9333333333333333,0.9333333333333333,0
L5-M3,222,221,2,2,7,22 23 24 25 30 31 32,0,0.9333333333333333,-0.9333333333333333,-1.8666666666666667,0
L5-M3,223,222,7,-3,10,15 16 17 22 23 24 25 30 31 32,0,1.3333333333333333,-1.3333333333333333,4.0,0
L5-M3,224,223,7,-3,16,8 9 10 12 13 14 15 16 17 22 23 24 25 30 31 32,1,2.1333333333333333,-1.1333333333333333,3.4,0
L5-M3,225,224,2,2,13,8 9 10 12 13 14 15 16 17 22 23 24 25,1,1.7333333333333334,-0.7333333333333334,-1.4666666666666668,0
L5-M3,226,225,2,2,12,8 9 10 14 15 16 17 21 22 23 24 25,4,1.6,2.4,4.8,0
L5-M3,227,226,7,-3,10,15 16 17 23 24 25 32 33 34 35,2,1.3333333333333333,0.6666666666666667,-2.0,0
L5-M3,228,227,1,3,15,23 24 25 32 33 34 35 37 38 39 40 41 43 44 45,4,2.0,2.0,6.0,0
L5-M3,229,228,2,2,3,32 33 34,0,0.4,-0.4,-0.8,0
L5-M3,230,229,6,-2,8,26 27 28 29 30 32 33 34,3,1.0666666666666667,1.9333333333333333,-3.8666666666666667,0
L5-M3,231,230,3,1,6,18 19 20 26 27 28,1,0.8,0.19999999999999996,0.19999999999999996,0
L5-M3,232,231,4,0,9,1 2 3 6 7 8 26 27 28,1,1.2,-0.19999999999999996,-0.0,0
L5-M3,233,232,6,-2,13,1 2 3 20 21 22 26 27 28 40 41 42 43,2,1.7333333333333334,0.2666666666666666,-0.5333333333333332,0
L5-M3,234,233,6,-2,16,1 2 3 20 21 22 25 26 27 34 35 36 37 41 42 43,4,2.1333333333333333,1.8666666666666667,-3.7333333333333334,0
L5-M3,235,234,1,3,9,1 2 3 34 35 36 41 42 43,0,1.2,-1.2,-3.5999999999999996,0
L5-M3,236,235,1,3,14,1 2 3 14 15 16 32 33 34 35 36 41 42 43,1,1.8666666666666667,-0.8666666666666667,-2.6,0
L5-M3,237,236,3,1,14,14 15 16 18 19 20 32 33 34 35 36 41 42 43,0,1.8666666666666667,-1.8666666666666667,-1.8666666666666667,0
L5-M3,238,237,6,-2,14,14 15 16 18 19 20 32 33 34 35 36 41 42 43,2,1.8666666666666667,0.1333333333333333,-0.2666666666666666,0
L5-M3,239,238,7,-3,10,5 6 7 18 19 20 40 41 42 43,1,1.3333333333333333,-0.33333333333333326,0.9999999999999998,0
L5-M3,240,239,1,3,6,5 6 7 18 19 20,1,0.8,0.19999999999999996,0.5999999999999999,0
L5-M3,241,240,4,0,6,18 19 20 25 26 27,1,0.8,0.19999999999999996,0.0,0
L5-M3,242,241,3,1,12,7 8 9 12 13 14 18 19 20 36 37 38,2,1.6,0.3999999999999999,0.3999999999999999,0
L5-M3,243,242,7,-3,9,7 8 9 12 13 14 36 37 38,1,1.2,-0.19999999999999996,0.5999999999999999,0
L5-M3,244,243,6,-2,9,7 8 9 29 30 31 36 37 38,3,1.2,1.8,-3.6,0
L5-M3,245,244,3,1,6,7 8 9 29 30 31,2,0.8,1.2,1.2,0
L5-M3,246,245,3,1,10,5 6 7 8 39 40 41 43 44 45,1,1.3333333333333333,-0.33333333333333326,-0.33333333333333326,0
L5-M3,247,246,2,2,7,5 6 7 8 43 44 45,0,0.9333333333333333,-0.9333333333333333,-1.8666666666666667,0
L5-M3,248,247,2,2,12,3 4 5 6 7 8 33 34 35 43 44 45,3,1.6,1.4,2.8,0
L5-M3,249,248,3,1,11,4 5 6 7 33 34 35 41 42 43 44,2,1.4666666666666666,0.5333333333333334,0.5333333333333334,0
L5-M3,250,249,3,1,7,4 5 6 7 33 34 35,0,0.9333333333333333,-0.9333333333333333,-0.9333333333333333,0
L5-M3,251,250,5,-1,11,4 5 6 7 9 10 11 32 33 34 35,2,1.4666666666666666,0.5333333333333334,-0.5333333333333334,0
L5-M3,252,251,7,-3,10,9 10 11 20 21 22 32 33 34 35,0,1.3333333333333333,-1.3333333333333333,4.0,0
L5-M3,253,252,4,0,13,9 10 11 12 13 20 21 22 32 33 34 35 36,2,1.7333333333333334,0.2666666666666666,0.0,0
L5-M3,254,253,5,-1,12,9 10 11 12 13 15 16 17 18 20 21 22,1,1.6,-0.6000000000000001,0.6000000000000001,0
L5-M3,255,254,6,-2,15,2 3 4 9 10 11 12 13 15 16 17 18 40 41 42,1,2.0,-1.0,2.0,0
L5-M3,256,255,6,-2,12,2 3 4 9 10 11 12 13 15 16 17 18,2,1.6,0.3999999999999999,-0.7999999999999998,0
L5-M3,257,256,6,-2,4,15 16 17 18,0,0.5333333333333333,-0.5333333333333333,1.0666666666666667,0
L5-M3,258,257,1,3,8,15 16 17 18 38 39 40 41,2,1.0666666666666667,0.9333333333333333,2.8,0
L5-M3,259,258,2,2,12,7 8 9 10 15 16 17 18 33 34 35 36,1,1.6,-0.6000000000000001,-1.2000000000000002,0
L5-M3,260,259,4,0,10,7 8 9 10 15 16 17 18 19 20,2,1.3333333333333333,0.6666666666666667,0.0,0
L5-M3,261,260,7,-3,11,1 2 3 8 9 10 16 17 18 19 20,2,1.4666666666666666,0.5333333333333334,-1.6000000000000003,0
L5-M3,262,261,1,3,11,1 2 3 8 9 10 19 20 21 22 23,1,1.4666666666666666,-0.46666666666666656,-1.3999999999999997,0
L5-M3,263,262,7,-3,11,1 2 3 19 20 21 22 23 32 33 34,2,1.4666666666666666,0.5333333333333334,-1.6000000000000003,0
L5-M3,264,263,2,2,5,19 20 21 22 23,0,0.6666666666666666,-0.6666666666666666,-1.3333333333333333,0
L5-M3,265,264,1,3,12,2 3 4 5 19 20 21 22 23 33 34 35,2,1.6,0.3999999999999999,1.1999999999999997,0
L5-M3,266,265,3,1,11,2 3 4 13 14 15 19 20 21 22 23,3,1.4666666666666666,1.5333333333333334,1.5333333333333334,0
L5-M3,267,266,6,-2,11,6 7 8 13 14 15 17 18 19 20 21,2,1.4666666666666666,0.5333333333333334,-1.0666666666666669,0
L5-M3,268,267,1,3,12,12 13 14 15 17 18 19 20 21 29 30 31,1,1.6,-0.6000000000000001,-1.8000000000000003,0
L5-M3,269,268,3,1,8,12 13 14 15 28 29 30 31,0,1.0666666666666667,-1.0666666666666667,-1.0666666666666667,0
L5-M3,270,269,4,0,13,12 13 14 15 16 17 25 26 27 28 29 30 31,2,1.7333333333333334,0.2666666666666666,0.0,0
L5-M3,271,270,7,-3,14,13 14 15 16 17 27 28 29 30 31 37 38 39 40,3,1.8666666666666667,1.1333333333333333,-3.4,0
L5-M3,272,271,6,-2,8,13 14 15 16 17 37 38 39,1,1.0666666666666667,-0.06666666666666665,0.1333333333333333,0
L5-M3,273,272,5,-1,8,13 14 15 16 17 33 34 35,1,1.0666666666666667,-0.06666666666666665,0.06666666666666665,0
L5-M3,274,273,2,2,5,13 14 15 16 17,3,0.6666666666666666,2.3333333333333335,4.666666666666667,0
L5-M3,275,274,4,0,7,16 17 18 19 36 37 38,2,0.9333333333333333,1.0666666666666667,0.0,0
L5-M3,276,275,4,0,9,4 5 6 16 17 18 21 22 23,2,1.2,0.8,0.0,0
L5-M3,277,276,4,0,6,16 17 18 28 29 30,1,0.8,0.19999999999999996,0.0,0
L5-M3,278,277,5,-1,6,5 6 7 16 17 18,0,0.8,-0.8,0.8,0
L5-M3,279,278,3,1,14,5 6 7 8 9 16 17 18 22 23 24 30 31 32,3,1.8666666666666667,1.1333333333333333,1.1333333333333333,0
L5-M3,280,279,2,2,6,22 23 24 26 27 28,2,0.8,1.2,2.4,0
L5-M3,281,280,5,-1,7,17 18 19 20 26 27 28,0,0.9333333333333333,-0.9333333333333333,0.9333333333333333,0
L5-M3,282,281,5,-1,13,17 18 19 20 21 22 26 27 28 32 33 34 35,2,1.7333333333333334,0.2666666666666666,-0.2666666666666666,0
L5-M3,283,282,5,-1,13,19 20 21 22 25 26 27 28 29 30 33 34 35,0,1.7333333333333334,-1.7333333333333334,1.7333333333333334,0
L5-M3,284,283,6,-2,16,19 20 21 22 25 26 27 28 29 30 33 34 35 42 43 44,1,2.1333333333333333,-1.1333333333333333,2.2666666666666666,0
L5-M3,285,284,5,-1,15,19 20 21 22 25 26 27 28 29 33 34 35 42 43 44,1,2.0,-1.0,1.0,0
L5-M3,286,285,1,3,16,19 20 21 22 23 25 26 27 28 29 34 35 36 42 43 44,3,2.1333333333333333,0.8666666666666667,2.6,0
L5-M3,287,286,3,1,12,20 21 22 23 25 26 27 28 29 34 35 36,2,1.6,0.3999999999999999,0.3999999999999999,0
L5-M3,288,287,7,-3,10,3 4 5 9 10 11 20 21 22 23,0,1.3333333333333333,-1.3333333333333333,4.0,0
L5-M3,289,288,2,2,11,3 4 5 8 9 10 11 20 21 22 23,1,1.4666666666666666,-0.46666666666666656,-0.9333333333333331,0
L5-M3,290,289,2,2,13,7 8 9 10 11 20 21 22 23 29 30 31 32,2,1.7333333333333334,0.2666666666666666,0.5333333333333332,0
L5-M3,291,290,1,3,10,9 10 11 20 21 22 23 29 30 31,1,1.3333333333333333,-0.33333333333333326,-0.9999999999999998,0
L5-M3,292,291,7,-3,9,9 10 11 21 22 23 29 30 31,1,1.2,-0.19999999999999996,0.5999999999999999,0
L5-M3,293,292,1,3,13,4 5 6 9 10 11 21 22 23 24 25 26 27,2,1.7333333333333334,0.2666666666666666,0.7999999999999998,0
L5-M3,294,293,5,-1,13,4 5 6 10 11 12 22 23 24 25 26 27 28,2,1.7333333333333334,0.2666666666666666,-0.2666666666666666,0
L5-M3,295,294,7,-3,10,14 15 16 22 23 24 25 26 27 28,1,1.3333333333333333,-0.33333333333333326,0.9999999999999998,0
L5-M3,296,295,3,1,16,13 14 15 22 23 24 25 26 27 28 39 40 41 43 44 45,3,2.1333333333333333,0.8666666666666667,0.8666666666666667,0
L5-M3,297,296,6,-2,11,22 23 24 25 26 39 40 41 42 43 44,0,1.4666666666666666,-1.4666666666666666,2.933333333333333,0
L5-M3,298,297,7,-3,14,22 23 24 25 26 34 35 36 39 40 41 42 43 44,1,1.8666666666666667,-0.8666666666666667,2.6,0
L5-M3,299,298,3,1,14,21 22 23 24 25 26 33 34 35 36 41 42 43 44,2,1.8666666666666667,0.1333333333333333,0.1333333333333333,0
L5-M3,300,299,4,0,11,21 22 23 24 33 34 35 41 42 43 44,0,1.4666666666666666,-1.4666666666666666,-0.0,0
L5-M3,301,300,7,-3,14,16 17 18 21 22 23 24 33 34 35 41 42 43 44,2,1.8666666666666667,0.1333333333333333,-0.3999999999999999,0
L5-M3,302,301,4,0,9,14 15 16 17 18 21 22 23 24,0,1.2,-1.2,-0.0,0
L5-M3,303,302,1,3,9,14 15 16 17 18 21 22 23 24,2,1.2,0.8,2.4000000000000004,0
L5-M3,304,303,6,-2,13,4 5 6 21 22 23 24 27 28 29 39 40 41,2,1.7333333333333334,0.2666666666666666,-0.5333333333333332,0
L5-M3,305,304,6,-2,11,21 22 23 24 25 27 28 29 34 35 36,2,1.4666666666666666,0.5333333333333334,-1.0666666666666669,0
L5-M3,306,305,3,1,6,27 28 29 34 35 36,1,0.8,0.19999999999999996,0.19999999999999996,0
L5-M3,307,306,3,1,6,27 28 29 35 36 37,0,0.8,-0.8,-0.8,0
L5-M3,308,307,2,2,12,11 12 13 27 28 29 35 36 37 42 43 44,1,1.6,-0.6000000000000001,-1.2000000000000002,0
L5-M3,309,308,6,-2,12,1 2 3 11 12 13 27 28 29 42 43 44,3,1.6,1.4,-2.8,0
L5-M3,310,309,6,-2,10,26 27 28 29 31 32 33 42 43 44,1,1.3333333333333333,-0.33333333333333326,0.6666666666666665,0
L5-M3,311,310,3,1,14,6 7 8 9 10 31 32 33 38 39 40 42 43 44,1,1.8666666666666667,-0.8666666666666667,-0.8666666666666667,0
L5-M3,312,311,2,2,14,6 7 8 9 10 29 30 31 38 39 40 42 43 44,1,1.8666666666666667,-0.8666666666666667,-1.7333333333333334,0
L5-M3,313,312,7,-3,16,7 8 9 10 21 22 23 29 30 31 38 39 40 42 43 44,2,2.1333333333333333,-0.1333333333333333,0.3999999999999999,0
L5-M3,314,313,1,3,14,13 14 15 16 21 22 23 29 30 31 37 38 39 40,2,1.8666666666666667,0.1333333333333333,0.3999999999999999,0
L5-M3,315,314,1,3,6,21 22 23 29 30 31,0,0.8,-0.8,-2.4000000000000004,0
L5-M3,316,315,3,1,6,21 22 23 29 30 31,2,0.8,1.2,1.2,0
L5-M3,317,316,7,-3,8,22 23 24 25 26 28 29 30,1,1.0666666666666667,-0.06666666666666665,0.19999999999999996,0
L5-M3,318,317,2,2,12,4 5 6 7 8 23 24 25 26 28 29 30,0,1.6,-1.6,-3.2,0
L5-M3,319,318,5,-1,13,4 5 6 7 8 9 23 24 25 26 28 29 30,3,1.7333333333333334,1.2666666666666666,-1.2666666666666666,0
L5-M3,320,319,6,-2,7,14 15 16 23 24 25 26,3,0.9333333333333333,2.0666666666666664,-4.133333333333333,0
L5-M3,321,320,1,3,4,12 13 14 15,1,0.5333333333333333,0.4666666666666667,1.4,0
L5-M3,322,321,7,-3,7,13 14 15 29 30 31 32,2,0.9333333333333333,1.0666666666666667,-3.2,0
L5-M3,323,322,3,1,6,13 14 15 35 36 37,3,0.8,2.2,2.2,0
L5-M3,324,323,1,3,4,1 2 3 4,2,0.5333333333333333,1.4666666666666668,4.4,0
L5-M3,325,324,3,1,7,5 6 7 8 26 27 28,1,0.9333333333333333,0.06666666666666665,0.06666666666666665,0
L5-M3,326,325,5,-1,9,22 23 24 26 27 28 39 40 41,2,1.2,0.8,-0.8,0
L5-M3,327,326,7,-3,6,11 12 13 26 27 28,2,0.8,1.2,-3.5999999999999996,0
L5-M3,328,327,5,-1,6,26 27 28 29 30 31,1,0.8,0.19999999999999996,-0.19999999999999996,0
L5-M3,329,328,6,-2,7,29 30 31 40 41 42 43,2,0.9333333333333333,1.0666666666666667,-2.1333333333333333,0
L5-M3,330,329,1,3,4,2 3 4 5,2,0.5333333333333333,1.4666666666666668,4.4,0
L5-M3,331,330,7,-3,0,,0,0.0,0.0,-0.0,0
L5-M3,332,331,6,-2,11,21 22 23 24 25 36 37 38 39 40 41,1,1.4666666666666666,-0.46666666666666656,0.9333333333333331,0
L5-M3,333,332,1,3,14,10 11 12 13 21 22 23 24 25 37 38 39 40 41,1,1.8666666666666667,-0.8666666666666667,-2.6,0
L5-M3,334,333,5,-1,12,6 7 8 10 11 12 13 21 22 23 24 25,2,1.6,0.3999999999999999,-0.3999999999999999,0
L5-M3,335,334,5,-1,10,6 7 8 10 11 12 22 23 24 25,1,1.3333333333333333,-0.33333333333333326,0.33333333333333326,0
L5-M3,336,335,4,0,12,1 2 3 6 7 8 10 11 12 18 19 20,2,1.6,0.3999999999999999,0.0,0
L5-M3,337,336,3,1,9,6 7 8 10 11 12 31 32 33,1,1.2,-0.19999999999999996,-0.19999999999999996,0
L5-M3,338,337,2,2,9,6 7 8 10 11 12 40 41 42,1,1.2,-0.19999999999999996,-0.3999999999999999,0
L5-M3,339,338,3,1,6,6 7 8 10 11 12,2,0.8,1.2,1.2,0
L5-M3,340,339,7,-3,9,10 11 12 27 28 29 39 40 41,1,1.2,-0.19999999999999996,0.5999999999999999,0
L5-M3,341,340,5,-1,10,9 10 11 12 15 16 17 39 40 41,1,1.3333333333333333,-0.33333333333333326,0.33333333333333326,0
L5-M3,342,341,6,-2,7,9 10 11 12 15 16 17,0,0.9333333333333333,-0.9333333333333333,1.8666666666666667,0
L5-M3,343,342,4,0,10,3 4 5 9 10 11 12 15 16 17,2,1.3333333333333333,0.6666666666666667,0.0,0
L5-M3,344,343,3,1,7,2 3 4 5 40 41 42,1,0.9333333333333333,0.06666666666666665,0.06666666666666665,0
L5-M3,345,344,6,-2,15,3 4 5 6 7 20 21 22 23 35 36 37 40 41 42,3,2.0,1.0,-2.0,0
L5-M3,346,345,1,3,13,3 4 5 6 7 24 25 26 27 35 36 37 38,1,1.7333333333333334,-0.7333333333333334,-2.2,0
L5-M3,347,346,5,-1,12,6 7 8 9 24 25 26 27 35 36 37 38,2,1.6,0.3999999999999999,-0.3999999999999999,0
L5-M3,348,347,3,1,7,24 25 26 35 36 37 38,1,0.9333333333333333,0.06666666666666665,0.06666666666666665,0
L5-M3,349,348,7,-3,8,9 10 11 12 35 36 37 38,0,1.0666666666666667,-1.0666666666666667,3.2,0
L5-M3,350,349,7,-3,10,9 10 11 12 33 34 35 36 37 38,1,1.3333333333333333,-0.33333333333333326,0.9999999999999998,0
L5-M3,351,350,7,-3,12,9 10 11 12 34 35 36 37 38 39 40 41,2,1.6,0.3999999999999999,-1.1999999999999997,0
L5-M3,352,351,5,-1,15,9 10 11 12 21 22 23 37 38 39 40 41 43 44 45,1,2.0,-1.0,1.0,0
L5-M3,353,352,5,-1,15,9 10 11 12 21 22 23 37 38 39 40 42 43 44 45,2,2.0,0.0,-0.0,0
L5-M3,354,353,5,-1,14,2 3 4 30 31 32 37 38 39 40 42 43 44 45,3,1.8666666666666667,1.1333333333333333,-1.1333333333333333,0
L5-M3,355,354,1,3,10,2 3 4 30 31 32 37 38 39 40,1,1.3333333333333333,-0.33333333333333326,-0.9999999999999998,0
L5-M3,356,355,6,-2,11,1 2 3 4 31 32 33 37 38 39 40,1,1.4666666666666666,-0.46666666666666656,0.9333333333333331,0
L5-M3,357,356,4,0,8,31 32 33 34 37 38 39 40,1,1.0666666666666667,-0.06666666666666665,-0.0,0
L5-M3,358,357,1,3,12,26 27 28 31 32 33 34 38 39 40 41 42,1,1.6,-0.6000000000000001,-1.8000000000000003,0
L5-M3,359,358,6,-2,13,15 16 17 22 23 24 26 27 28 31 32 33 34,1,1.7333333333333334,-0.7333333333333334,1.4666666666666668,0
L5-M3,360,359,5,-1,13,15 16 17 26 27 28 31 32 33 34 41 42 43,1,1.7333333333333334,-0.7333333333333334,0.7333333333333334,0
L5-M3,361,360,5,-1,15,5 6 7 26 27 28 30 31 32 33 34 41 42 43 44,2,2.0,0.0,-0.0,0
L5-M3,362,361,6,-2,15,6 7 8 28 29 30 31 32 33 34 41 42 43 44 45,1,2.0,-1.0,2.0,0
L5-M3,363,362,5,-1,19,6 7 8 13 14 15 31 32 33 34 36 37 38 39 41 42 43 44 45,3,2.533333333333333,0.4666666666666668,-0.4666666666666668,0
L5-M3,364,363,1,3,9,6 7 8 9 41 42 43 44 45,1,1.2,-0.19999999999999996,-0.5999999999999999,0
L5-M3,365,364,2,2,9,17 18 19 20 41 42 43 44 45,0,1.2,-1.2,-2.4,0
L5-M3,366,365,7,-3,9,17 18 19 20 41 42 43 44 45,2,1.2,0.8,-2.4000000000000004,0
L5-M3,367,366,6,-2,11,8 9 10 33 34 35 36 37 41 42 43,0,1.4666666666666666,-1.4666666666666666,2.933333333333333,0
L5-M3,368,367,2,2,11,8 9 10 33 34 35 36 37 41 42 43,0,1.4666666666666666,-1.4666666666666666,-2.933333333333333,0
L5-M3,369,368,4,0,12,8 9 10 33 34 35 36 37 38 41 42 43,4,1.6,2.4,0.0,0
L5-M3,370,369,3,1,5,6 7 8 9 10,0,0.6666666666666666,-0.6666666666666666,-0.6666666666666666,0
L5-M3,371,370,2,2,8,6 7 8 9 10 13 14 15,3,1.0666666666666667,1.9333333333333333,3.8666666666666667,0
L5-M3,372,371,4,0,6,4 5 6 12 13 14,1,0.8,0.19999999999999996,0.0,0
L5-M3,373,372,3,1,10,1 2 3 4 5 6 31 32 33 34,0,1.3333333333333333,-1.3333333333333333,-1.3333333333333333,0
L5-M3,374,373,1,3,16,1 2 3 4 5 6 28 29 30 31 32 33 34 38 39 40,1,2.1333333333333333,-1.1333333333333333,-3.4,0
L5-M3,375,374,6,-2,16,1 2 3 4 5 6 28 29 30 31 32 33 38 39 40 41,1,2.1333333333333333,-1.1333333333333333,2.2666666666666666,0
L5-M3,376,375,2,2,16,1 2 3 22 23 24 28 29 30 31 32 33 38 39 40 41,4,2.1333333333333333,1.8666666666666667,3.7333333333333334,0
L5-M3,377,376,2,2,8,5 6 7 29 30 31 32 33,2,1.0666666666666667,0.9333333333333333,1.8666666666666667,0
L5-M3,378,377,3,1,4,30 31 32 33,1,0.5333333333333333,0.4666666666666667,0.4666666666666667,0
L5-M3,379,378,7,-3,0,,0,0.0,0.0,-0.0,0
L5-M3,380,379,3,1,5,14 15 16 17 18,1,0.6666666666666666,0.33333333333333337,0.33333333333333337,0
L5-M3,381,380,6,-2,7,14 15 16 18 19 20 21,2,0.9333333333333333,1.0666666666666667,-2.1333333333333333,0
L5-M3,382,381,4,0,6,13 14 15 23 24 25,2,0.8,1.2,0.0,0
L5-M3,383,382,3,1,3,43 44 45,0,0.4,-0.4,-0.4,0
L5-M3,384,383,3,1,3,43 44 45,0,0.4,-0.4,-0.4,0
L5-M3,385,384,1,3,6,29 30 31 43 44 45,1,0.8,0.19999999999999996,0.5999999999999999,0
L5-M3,386,385,2,2,3,43 44 45,0,0.4,-0.4,-0.8,0
L5-M3,387,386,5,-1,9,1 2 3 16 17 18 43 44 45,2,1.2,0.8,-0.8,0
L5-M3,388,387,2,2,3,16 17 18,1,0.4,0.6,1.2,0
L5-M3,389,388,7,-3,4,13 14 15 16,1,0.5333333333333333,0.4666666666666667,-1.4,0
L5-M3,390,389,1,3,8,13 14 15 35 36 37 38 39,2,1.0666666666666667,0.9333333333333333,2.8,0
L5-M3,391,390,1,3,5,11 12 13 14 15,1,0.6666666666666666,0.33333333333333337,1.0,0
L5-M3,392,391,6,-2,9,2 3 4 5 6 12 13 14 15,1,1.2,-0.19999999999999996,0.3999999999999999,0
L5-M3,393,392,7,-3,14,4 5 6 12 13 14 15 33 34 35 36 43 44 45,1,1.8666666666666667,-0.8666666666666667,2.6,0
L5-M3,394,393,3,1,15,4 5 6 12 13 14 15 29 30 31 32 33 34 35 36,1,2.0,-1.0,-1.0,0
L5-M3,395,394,3,1,11,4 5 6 29 30 31 32 33 34 35 36,2,1.4666666666666666,0.5333333333333334,0.5333333333333334,0
L5-M3,396,395,1,3,9,4 5 6 32 33 34 36 37 38,1,1.2,-0.19999999999999996,-0.5999999999999999,0
L5-M3,397,396,3,1,7,4 5 6 36 37 38 39,0,0.9333333333333333,-0.9333333333333333,-0.9333333333333333,0
L5-M3,398,397,1,3,11,2 3 4 5 6 7 8 36 37 38 39,0,1.4666666666666666,-1.4666666666666666,-4.3999999999999995,0
L5-M3,399,398,1,3,12,2 3 4 5 6 7 8 9 36 37 38 39,2,1.6,0.3999999999999999,1.1999999999999997,0
L5-M3,400,399,6,-2,14,3 4 5 6 7 8 27 28 29 30 36 37 38 39,1,1.8666666666666667,-0.8666666666666667,1.7333333333333334,0
L5-M3,401,400,1,3,14,3 4 5 6 7 8 28 29 30 35 36 37 38 39,2,1.8666666666666667,0.1333333333333333,0.3999999999999999,0
L5-M3,402,401,2,2,9,3 4 5 28 29 30 35 36 37,2,1.2,0.8,1.6,0
L5-M3,403,402,6,-2,6,24 25 26 28 29 30,2,0.8,1.2,-2.4,0
L5-M3,404,403,5,-1,0,,0,0.0,0.0,-0.0,0
L5-M3,405,404,6,-2,4,1 2 3 4,2,0.5333333333333333,1.4666666666666668,-2.9333333333333336,0
L5-M3,406,405,3,1,0,,0,0.0,0.0,0.0,0
L5-M3,407,406,7,-3,10,16 17 18 29 30 31 32 41 42 43,1,1.3333333333333333,-0.33333333333333326,0.9999999999999998,0
L5-M3,408,407,1,3,10,17 18 19 29 30 31 32 41 42 43,1,1.3333333333333333,-0.33333333333333326,-0.9999999999999998,0
L5-M3,409,408,2,2,6,17 18 19 41 42 43,0,0.8,-0.8,-1.6,0
L5-M3,410,409,6,-2,12,3 4 5 17 18 19 33 34 35 41 42 43,3,1.6,1.4,-2.8,0
L5-M3,411,410,3,1,7,33 34 35 42 43 44 45,1,0.9333333333333333,0.06666666666666665,0.06666666666666665,0
L5-M3,412,411,1,3,8,26 27 28 29 42 43 44 45,2,1.0666666666666667,0.9333333333333333,2.8,0
L5-M3,413,412,4,0,10,15 16 17 23 24 25 26 27 28 29,2,1.3333333333333333,0.6666666666666667,0.0,0
L5-M3,414,413,2,2,7,24 25 26 27 28 29 30,0,0.9333333333333333,-0.9333333333333333,-1.8666666666666667,0
L5-M3,415,414,6,-2,11,19 20 21 24 25 26 27 28 29 30 31,3,1.4666666666666666,1.5333333333333334,-3.066666666666667,0
L5-M3,416,415,4,0,6,27 28 29 31 32 33,0,0.8,-0.8,-0.0,0
L5-M3,417,416,7,-3,10,27 28 29 31 32 33 35 36 37 38,0,1.3333333333333333,-1.3333333333333333,4.0,0
L5-M3,418,417,7,-3,11,27 28 29 31 32 33 35 36 37 38 39,1,1.4666666666666666,-0.46666666666666656,1.3999999999999997,0
L5-M3,419,418,6,-2,8,31 32 33 35 36 37 38 39,0,1.0666666666666667,-1.0666666666666667,2.1333333333333333,0
L5-M3,420,419,2,2,11,23 24 25 31 32 33 35 36 37 38 39,1,1.4666666666666666,-0.46666666666666656,-0.9333333333333331,0
L5-M3,421,420,4,0,15,16 17 18 19 23 24 25 35 36 37 38 39 40 41 42,0,2.0,-2.0,-0.0,0
L5-M3,422,421,6,-2,15,16 17 18 19 23 24 25 35 36 37 38 39 40 41 42,1,2.0,-1.0,2.0,0
L5-M3,423,422,2,2,16,16 17 18 22 23 24 25 35 36 37 38 39 40 41 42 43,2,2.1333333333333333,-0.1333333333333333,-0.2666666666666666,0
L5-M3,424,423,2,2,12,22 23 24 25 35 36 37 38 39 41 42 43,0,1.6,-1.6,-3.2,0
L5-M3,425,424,4,0,15,12 13 14 22 23 24 25 35 36 37 38 39 41 42 43,2,2.0,0.0,0.0,0
L5-M3,426,425,1,3,14,2 3 4 5 22 23 24 25 35 36 37 41 42 43,2,1.8666666666666667,0.1333333333333333,0.3999999999999999,0
L5-M3,427,426,4,0,10,5 6 7 22 23 24 25 35 36 37,3,1.3333333333333333,1.6666666666666667,0.0,0
L5-M3,428,427,4,0,8,19 20 21 22 23 35 36 37,3,1.0666666666666667,1.9333333333333333,0.0,0
L5-M3,429,428,1,3,3,1 2 3,1,0.4,0.6,1.7999999999999998,0
L5-M3,430,429,2,2,0,,0,0.0,0.0,0.0,0
L5-M3,431,430,7,-3,7,8 9 10 11 31 32 33,1,0.9333333333333333,0.06666666666666665,-0.19999999999999996,0
L5-M3,432,431,1,3,4,8 9 10 11,1,0.5333333333333333,0.4666666666666667,1.4,0
L5-M3,433,432,6,-2,8,6 7 8 9 10 13 14 15,0,1.0666666666666667,-1.0666666666666667,2.1333333333333333,0
L5-M3,434,433,3,1,9,6 7 8 9 10 12 13 14 15,1,1.2,-0.19999999999999996,-0.19999999999999996,0
L5-M3,435,434,6,-2,8,6 7 8 9 10 40 41 42,1,1.0666666666666667,-0.06666666666666665,0.1333333333333333,0
L5-M3,436,435,6,-2,3,40 41 42,0,0.4,-0.4,0.8,0
L5-M3,437,436,5,-1,3,40 41 42,1,0.4,0.6,-0.6,0
L5-M3,438,437,3,1,4,4 5 6 7,1,0.5333333333333333,0.4666666666666667,0.4666666666666667,0
L5-M3,439,438,7,-3,3,17 18 19,1,0.4,0.6,-1.7999999999999998,0
L5-M3,440,439,3,1,8,1 2 3 4 5 23 24 25,0,1.0666666666666667,-1.0666666666666667,-1.0666666666666667,0
L5-M3,441,440,1,3,8,1 2 3 4 5 23 24 25,2,1.0666666666666667,0.9333333333333333,2.8,0
L5-M3,442,441,2,2,10,2 3 4 5 7 8 9 13 14 15,0,1.3333333333333333,-1.3333333333333333,-2.6666666666666665,0
L5-M3,443,442,7,-3,14,2 3 4 5 7 8 9 13 14 15 16 41 42 43,1,1.8666666666666667,-0.8666666666666667,2.6,0
L5-M3,444,443,4,0,12,7 8 9 11 12 13 14 15 16 41 42 43,3,1.6,1.4,0.0,0
L5-M3,445,444,3,1,11,7 8 9 14 15 16 17 18 31 32 33,0,1.4666666666666666,-1.4666666666666666,-1.4666666666666666,0
L5-M3,446,445,5,-1,11,7 8 9 14 15 16 17 18 31 32 33,1,1.4666666666666666,-0.46666666666666656,0.46666666666666656,0
L5-M3,447,446,2,2,11,7 8 9 15 16 17 18 31 32 33 34,5,1.4666666666666666,3.533333333333333,7.066666666666666,0
L5-M3,448,447,7,-3,9,27 28 29 36 37 38 40 41 42,3,1.2,1.8,-5.4,0
L5-M3,449,448,5,-1,6,4 5 6 36 37 38,0,0.8,-0.8,0.8,0
L5-M3,450,449,6,-2,10,4 5 6 22 23 24 25 36 37 38,2,1.3333333333333333,0.6666666666666667,-1.3333333333333335,0
L5-M3,451,450,2,2,7,28 29 30 36 37 38 39,2,0.9333333333333333,1.0666666666666667,2.1333333333333333,0
L5-M3,452,451,5,-1,0,,0,0.0,0.0,-0.0,0
L5-M3,453,452,4,0,0,,0,0.0,0.0,0.0,0
L5-M3,454,453,3,1,3,27 28 29,1,0.4,0.6,0.6,0
L5-M3,455,454,1,3,11,1 2 3 4 5 35 36 37 43 44 45,2,1.4666666666666666,0.5333333333333334,1.6000000000000003,0
L5-M3,456,455,4,0,12,1 2 3 5 6 7 21 22 23 43 44 45,3,1.6,1.4,0.0,0
L5-M3,457,456,7,-3,7,14 15 16 17 43 44 45,0,0.9333333333333333,-0.9333333333333333,2.8,0
L5-M3,458,457,6,-2,7,14 15 16 17 43 44 45,0,0.9333333333333333,-0.9333333333333333,1.8666666666666667,0
L5-M3,459,458,4,0,8,14 15 16 17 42 43 44 45,1,1.0666666666666667,-0.06666666666666665,-0.0,0
L5-M3,460,459,4,0,11,15 16 17 37 38 39 41 42 43 44 45,2,1.4666666666666666,0.5333333333333334,0.0,0
L5-M3,461,460,5,-1,13,15 16 17 19 20 21 22 33 34 35 37 38 39,1,1.7333333333333334,-0.7333333333333334,0.7333333333333334,0
L5-M3,462,461,7,-3,13,1 2 3 15 16 17 19 20 21 22 33 34 35,2,1.7333333333333334,0.2666666666666666,-0.7999999999999998,0
L5-M3,463,462,2,2,9,15 16 17 21 22 23 33 34 35,3,1.2,1.8,3.6,0
L5-M3,464,463,6,-2,3,15 16 17,1,0.4,0.6,-1.2,0
L5-M3,465,464,1,3,0,,0,0.0,0.0,0.0,0
L5-M3,466,465,6,-2,0,,0,0.0,0.0,-0.0,0
L5-M3,467,466,4,0,11,16 17 18 19 25 26 27 28 39 40 41,2,1.4666666666666666,0.5333333333333334,0.0,0
L5-M3,468,467,6,-2,11,18 19 20 21 25 26 27 28 35 36 37,2,1.4666666666666666,0.5333333333333334,-1.0666666666666669,0
L5-M3,469,468,4,0,10,18 19 20 21 25 26 27 29 30 31,1,1.3333333333333333,-0.33333333333333326,-0.0,0
L5-M3,470,469,4,0,12,5 6 7 18 19 20 25 26 27 29 30 31,1,1.6,-0.6000000000000001,-0.0,0
L5-M3,471,470,4,0,9,5 6 7 25 26 27 29 30 31,2,1.2,0.8,0.0,0
L5-M3,472,471,7,-3,7,25 26 27 30 31 32 33,3,0.9333333333333333,2.0666666666666664,-6.199999999999999,0
L5-M3,473,472,7,-3,6,1 2 3 17 18 19,0,0.8,-0.8,2.4000000000000004,0
L5-M3,474,473,6,-2,6,1 2 3 17 18 19,1,0.8,0.19999999999999996,-0.3999999999999999,0
L5-M3,475,474,6,-2,3,1 2 3,1,0.4,0.6,-1.2,0
L5-M3,476,475,2,2,3,10 11 12,1,0.4,0.6,1.2,0
L5-M3,477,476,5,-1,7,5 6 7 39 40 41 42,0,0.9333333333333333,-0.9333333333333333,0.9333333333333333,0
L5-M3,478,477,6,-2,12,5 6 7 26 27 28 39 40 41 42 43 44,2,1.6,0.3999999999999999,-0.7999999999999998,0
L5-M3,479,478,1,3,16,5 6 7 8 22 23 24 26 27 28 34 35 36 40 41 42,4,2.1333333333333333,1.8666666666666667,5.6,0
L5-M3,480,479,3,1,9,2 3 4 5 6 7 40 41 42,2,1.2,0.8,0.8,0
L5-M3,481,480,4,0,7,19 20 21 22 40 41 42,2,0.9333333333333333,1.0666666666666667,0.0,0
L5-M3,482,481,3,1,7,11 12 13 19 20 21 22,0,0.9333333333333333,-0.9333333333333333,-0.9333333333333333,0
L5-M3,483,482,7,-3,12,11 12 13 14 15 19 20 21 22 32 33 34,5,1.6,3.4,-10.2,0
L5-M3,484,483,1,3,4,36 37 38 39,0,0.5333333333333333,-0.5333333333333333,-1.6,0
L5-M3,485,484,3,1,11,6 7 8 9 36 37 38 39 42 43 44,2,1.4666666666666666,0.5333333333333334,0.5333333333333334,0
L5-M3,486,485,2,2,8,5 6 7 8 9 42 43 44,0,1.0666666666666667,-1.0666666666666667,-2.1333333333333333,0
L5-M3,487,486,7,-3,13,4 5 6 7 8 9 29 30 31 41 42 43 44,3,1.7333333333333334,1.2666666666666666,-3.8,0
L5-M3,488,487,3,1,12,5 6 7 9 10 11 29 30 31 42 43 44,2,1.6,0.3999999999999999,0.3999999999999999,0
L5-M3,489,488,4,0,21,5 6 7 9 10 11 12 13 14 15 16 18 19 20 21 33 34 35 42 43 44,2,2.8,-0.7999999999999998,-0.0,0
L5-M3,490,489,4,0,17,5 6 7 9 10 11 12 13 14 32 33 34 35 42 43 44 45,2,2.2666666666666666,-0.2666666666666666,-0.0,0
L5-M3,491,490,6,-2,11,9 10 11 12 13 14 32 33 34 35 36,2,1.4666666666666666,0.5333333333333334,-1.0666666666666669,0
L5-M3,492,491,1,3,13,9 10 11 12 13 14 21 22 23 24 32 33 34,1,1.7333333333333334,-0.7333333333333334,-2.2,0
L5-M3,493,492,7,-3,12,9 10 11 12 13 14 23 24 25 32 33 34,1,1.6,-0.6000000000000001,1.8000000000000003,0
L5-M3,494,493,3,1,9,9 10 11 12 13 14 23 24 25,0,1.2,-1.2,-1.2,0
L5-M3,495,494,5,-1,9,9 10 11 12 13 14 23 24 25,1,1.2,-0.19999999999999996,0.19999999999999996,0
L5-M3,496,495,2,2,10,1 2 3 9 10 11 12 23 24 25,0,1.3333333333333333,-1.3333333333333333,-2.6666666666666665,0
L5-M3,497,496,6,-2,14,1 2 3 9 10 11 12 16 17 18 19 23 24 25,3,1.8666666666666667,1.1333333333333333,-2.2666666666666666,0
L5-M3,498,497,1,3,13,1 2 3 9 10 11 12 16 17 18 38 39 40,1,1.7333333333333334,-0.7333333333333334,-2.2,0
L5-M3,499,498,1,3,10,1 2 3 9 10 11 12 16 17 18,0,1.3333333333333333,-1.3333333333333333,-4.0,0
L5-M3,500,499,7,-3,14,1 2 3 6 7 8 9 10 11 12 15 16 17 18,2,1.8666666666666667,0.1333333333333333,-0.3999999999999999,0
L5-M3,501,500,7,-3,10,6 7 8 9 10 11 15 16 17 18,2,1.3333333333333333,0.6666666666666667,-2.0,0
L5-M3,502,501,2,2,10,6 7 8 9 28 29 30 36 37 38,2,1.3333333333333333,0.6666666666666667,1.3333333333333335,0
L5-M3,503,502,3,1,9,7 8 9 36 37 38 43 44 45,1,1.2,-0.19999999999999996,-0.19999999999999996,0
L5-M3,504,503,7,-3,13,7 8 9 13 14 15 16 37 38 39 43 44 45,3,1.7333333333333334,1.2666666666666666,-3.8,0
L5-M3,505,504,5,-1,6,7 8 9 37 38 39,2,0.8,1.2,-1.2,0
L5-M3,506,505,7,-3,3,11 12 13,1,0.4,0.6,-1.7999999999999998,0
L5-M3,507,506,7,-3,8,2 3 4 15 16 17 18 19,0,1.0666666666666667,-1.0666666666666667,3.2,0
L5-M3,508,507,1,3,8,2 3 4 15 16 17 18 19,0,1.0666666666666667,-1.0666666666666667,-3.2,0
L5-M3,509,508,6,-2,9,1 2 3 4 15 16 17 18 19,0,1.2,-1.2,2.4,0
L5-M3,510,509,2,2,10,1 2 3 4 14 15 16 17 18 19,0,1.3333333333333333,-1.3333333333333333,-2.6666666666666665,0
L5-M3,511,510,7,-3,15,1 2 3 4 14 15 16 17 18 19 20 21 36 37 38,2,2.0,0.0,-0.0,0
L5-M3,512,511,5,-1,15,8 9 10 11 15 16 17 18 19 20 21 22 36 37 38,1,2.0,-1.0,1.0,0
L5-M3,513,512,1,3,11,15 16 17 18 19 20 21 22 36 37 38,1,1.4666666666666666,-0.46666666666666656,-1.3999999999999997,0
L5-M3,514,513,3,1,9,15 16 17 18 19 20 36 37 38,2,1.2,0.8,0.8,0
L5-M3,515,514,2,2,10,16 17 18 19 36 37 38 43 44 45,1,1.3333333333333333,-0.33333333333333326,-0.6666666666666665,0
L5-M3,516,515,2,2,16,16 17 18 19 28 29 30 31 32 38 39 40 41 43 44 45,3,2.1333333333333333,0.8666666666666667,1.7333333333333334,0
L5-M3,517,516,4,0,12,16 17 18 19 28 29 30 31 32 38 39 40,1,1.6,-0.6000000000000001,-0.0,0
L5-M3,518,517,3,1,11,16 17 18 19 29 30 31 32 38 39 40,3,1.4666666666666666,1.5333333333333334,1.5333333333333334,0
L5-M3,519,518,1,3,9,3 4 5 6 7 16 17 18 19,2,1.2,0.8,2.4000000000000004,0
L5-M3,520,519,1,3,13,3 4 5 17 18 19 20 21 22 24 25 26 27,3,1.7333333333333334,1.2666666666666666,3.8,0
L5-M3,521,520,1,3,8,17 18 19 20 21 24 25 26,1,1.0666666666666667,-0.06666666666666665,-0.19999999999999996,0
L5-M3,522,521,4,0,6,19 20 21 24 25 26,0,0.8,-0.8,-0.0,0
L5-M3,523,522,3,1,10,9 10 11 12 19 20 21 24 25 26,0,1.3333333333333333,-1.3333333333333333,-1.3333333333333333,0
L5-M3,524,523,3,1,14,9 10 11 12 19 20 21 23 24 25 26 33 34 35,2,1.8666666666666667,0.1333333333333333,0.1333333333333333,0
L5-M3,525,524,3,1,16,15 16 17 19 20 21 23 24 25 26 33 34 35 42 43 44,3,2.1333333333333333,0.8666666666666667,0.8666666666666667,0
L5-M3,526,525,2,2,10,15 16 17 19 20 21 22 33 34 35,3,1.3333333333333333,1.6666666666666667,3.3333333333333335,0
L5-M3,527,526,5,-1,5,30 31 32 33 34,2,0.6666666666666666,1.3333333333333335,-1.3333333333333335,0
L5-M3,528,527,6,-2,0,,0,0.0,0.0,-0.0,0
L5-M3,529,528,2,2,3,2 3 4,0,0.4,-0.4,-0.8,0
L5-M3,530,529,6,-2,9,2 3 4 8 9 10 36 37 38,0,1.2,-1.2,2.4,0
L5-M3,531,530,2,2,13,2 3 4 8 9 10 11 36 37 38 43 44 45,1,1.7333333333333334,-0.7333333333333334,-1.4666666666666668,0
L5-M3,532,531,7,-3,15,2 3 4 6 7 8 13 14 15 36 37 38 43 44 45,1,2.0,-1.0,3.0,0
L5-M3,533,532,1,3,15,2 3 4 6 7 8 10 11 12 13 14 15 36 37 38,2,2.0,0.0,0.0,0
L5-M3,534,533,5,-1,15,2 3 4 6 7 8 10 11 12 13 36 37 38 39 40,3,2.0,1.0,-1.0,0
L5-M3,535,534,5,-1,12,2 3 4 6 7 8 11 12 13 18 19 20,3,1.6,1.4,-1.4,0
L5-M3,536,535,6,-2,10,2 3 4 6 7 8 40 41 42 43,3,1.3333333333333333,1.6666666666666667,-3.3333333333333335,0
L5-M3,537,536,3,1,16,1 2 3 4 5 6 19 20 21 22 34 35 36 40 41 42,1,2.1333333333333333,-1.1333333333333333,-1.1333333333333333,0
L5-M3,538,537,1,3,13,1 2 3 4 5 6 19 20 21 22 40 41 42,1,1.7333333333333334,-0.7333333333333334,-2.2,0
L5-M3,539,538,3,1,12,1 2 3 4 5 19 20 21 22 40 41 42,4,1.6,2.4,2.4,0
L5-M3,540,539,4,0,3,27 28 29,0,0.4,-0.4,-0.0,0
L5-M3,541,540,4,0,7,27 28 29 38 39 40 41,1,0.9333333333333333,0.06666666666666665,0.0,0
L5-M3,542,541,7,-3,5,37 38 39 40 41,1,0.6666666666666666,0.33333333333333337,-1.0,0
L5-M3,543,542,5,-1,7,23 24 25 37 38 39 40,0,0.9333333333333333,-0.9333333333333333,0.9333333333333333,0
L5-M3,544,543,1,3,10,9 10 11 23 24 25 37 38 39 40,1,1.3333333333333333,-0.33333333333333326,-0.9999999999999998,0
L5-M3,545,544,2,2,10,9 10 11 22 23 24 37 38 39 40,1,1.3333333333333333,-0.33333333333333326,-0.6666666666666665,0
L5-M3,546,545,1,3,14,1 2 3 9 10 11 12 14 15 16 37 38 39 40,1,1.8666666666666667,-0.8666666666666667,-2.6,0
L5-M3,547,546,1,3,16,1 2 3 9 10 11 12 14 15 16 28 29 30 38 39 40,2,2.1333333333333333,-0.1333333333333333,-0.3999999999999999,0
L5-M3,548,547,5,-1,13,1 2 3 9 10 11 12 28 29 30 40 41 42,2,1.7333333333333334,0.2666666666666666,-0.2666666666666666,0
L5-M3,549,548,4,0,10,9 10 11 28 29 30 31 40 41 42,3,1.3333333333333333,1.6666666666666667,0.0,0
L5-M3,550,549,1,3,3,9 10 11,0,0.4,-0.4,-1.2000000000000002,0
L5-M3,551,550,7,-3,11,2 3 4 5 9 10 11 23 24 25 26,2,1.4666666666666666,0.5333333333333334,-1.6000000000000003,0
L5-M3,552,551,5,-1,11,8 9 10 11 16 17 18 19 41 42 43,1,1.4666666666666666,-0.46666666666666656,0.46666666666666656,0
L5-M3,553,552,7,-3,8,15 16 17 18 19 41 42 43,1,1.0666666666666667,-0.06666666666666665,0.19999999999999996,0
L5-M3,554,553,6,-2,9,11 12 13 21 22 23 41 42 43,3,1.2,1.8,-3.6,0
L5-M3,555,554,1,3,3,21 22 23,1,0.4,0.6,1.7999999999999998,0
L5-M3,556,555,2,2,0,,0,0.0,0.0,0.0,0
L5-M3,557,556,6,-2,4,3 4 5 6,1,0.5333333333333333,0.4666666666666667,-0.9333333333333333,0
L5-M3,558,557,5,-1,3,8 9 10,0,0.4,-0.4,0.4,0
L5-M3,559,558,5,-1,12,1 2 3 5 6 7 8 9 10 37 38 39,0,1.6,-1.6,1.6,0
L5-M3,560,559,3,1,12,1 2 3 5 6 7 8 9 10 37 38 39,1,1.6,-0.6000000000000001,-0.6000000000000001,0
L5-M3,561,560,5,-1,13,5 6 7 8 9 10 16 17 18 36 37 38 39,4,1.7333333333333334,2.2666666666666666,-2.2666666666666666,0
L5-M3,562,561,4,0,3,8 9 10,0,0.4,-0.4,-0.0,0
L5-M3,563,562,7,-3,7,8 9 10 33 34 35 36,1,0.9333333333333333,0.06666666666666665,-0.19999999999999996,0
L5-M3,564,563,5,-1,11,26 27 28 33 34 35 36 38 39 40 41,3,1.4666666666666666,1.5333333333333334,-1.5333333333333334,0
L5-M3,565,564,1,3,4,38 39 40 41,1,0.5333333333333333,0.4666666666666667,1.4,0
L5-M3,566,565,5,-1,10,1 2 3 21 22 23 24 28 29 30,0,1.3333333333333333,-1.3333333333333333,1.3333333333333333,0
L5-M3,567,566,6,-2,18,1 2 3 7 8 9 21 22 23 24 28 29 30 35 36 37 38 39,1,2.4,-1.4,2.8,0
L5-M3,568,567,5,-1,19,7 8 9 11 12 13 20 21 22 23 24 28 29 30 35 36 37 38 39,1,2.533333333333333,-1.5333333333333332,1.5333333333333332,0
L5-M3,569,568,6,-2,18,7 8 9 11 12 13 21 22 23 24 28 29 30 35 36 37 38 39,4,2.4,1.6,-3.2,0
L5-M3,570,569,1,3,10,7 8 9 28 29 30 36 37 38 39,1,1.3333333333333333,-0.33333333333333326,-0.9999999999999998,0
L5-M3,571,570,7,-3,8,7 8 9 36 37 38 39 40,1,1.0666666666666667,-0.06666666666666665,0.19999999999999996,0
L5-M3,572,571,5,-1,3,7 8 9,0,0.4,-0.4,0.4,0
L5-M3,573,572,1,3,11,7 8 9 10 14 15 16 39 40 41 42,0,1.4666666666666666,-1.4666666666666666,-4.3999999999999995,0
L5-M3,574,573,3,1,15,7 8 9 10 14 15 16 17 30 31 32 39 40 41 42,3,2.0,1.0,1.0,0
L5-M3,575,574,1,3,16,5 6 7 8 9 10 22 23 24 30 31 32 39 40 41 42,2,2.1333333333333333,-0.1333333333333333,-0.3999999999999999,0
L5-M3,576,575,2,2,13,5 6 7 22 23 24 27 28 29 39 40 41 42,1,1.7333333333333334,-0.7333333333333334,-1.4666666666666668,0
L5-M3,577,576,3,1,14,5 6 7 21 22 23 24 26 27 28 29 38 39 40,1,1.8666666666666667,-0.8666666666666667,-0.8666666666666667,0
L5-M3,578,577,5,-1,10,5 6 7 26 27 28 29 38 39 40,1,1.3333333333333333,-0.33333333333333326,0.33333333333333326,0
L5-M3,579,578,4,0,7,26 27 28 29 38 39 40,0,0.9333333333333333,-0.9333333333333333,-0.0,0
L5-M3,580,579,6,-2,10,26 27 28 29 38 39 40 43 44 45,0,1.3333333333333333,-1.3333333333333333,2.6666666666666665,0
L5-M3,581,580,6,-2,15,1 2 3 4 26 27 28 29 30 38 39 40 43 44 45,2,2.0,0.0,-0.0,0
L5-M3,582,581,5,-1,12,23 24 25 26 27 28 29 30 38 39 40 41,2,1.6,0.3999999999999999,-0.3999999999999999,0
L5-M3,583,582,4,0,14,15 16 17 18 19 23 24 25 26 27 28 29 30 31,2,1.8666666666666667,0.1333333333333333,0.0,0
L5-M3,584,583,3,1,8,23 24 25 26 28 29 30 31,1,1.0666666666666667,-0.06666666666666665,-0.06666666666666665,0
L5-M3,585,584,4,0,9,21 22 23 24 25 26 36 37 38,1,1.2,-0.19999999999999996,-0.0,0
L5-M3,586,585,1,3,10,21 22 23 24 25 26 34 35 36 37,2,1.3333333333333333,0.6666666666666667,2.0,0
L5-M3,587,586,2,2,11,3 4 5 22 23 24 25 26 35 36 37,1,1.4666666666666666,-0.46666666666666656,-0.9333333333333331,0
L5-M3,588,587,2,2,8,3 4 5 22 23 24 25 26,2,1.0666666666666667,0.9333333333333333,1.8666666666666667,0
L5-M3,589,588,6,-2,10,3 4 5 26 27 28 42 43 44 45,1,1.3333333333333333,-0.33333333333333326,0.6666666666666665,0
L5-M3,590,589,3,1,11,3 4 5 17 18 19 20 42 43 44 45,2,1.4666666666666666,0.5333333333333334,0.5333333333333334,0
L5-M3,591,590,2,2,13,3 4 5 9 10 11 16 17 18 19 42 43 44,0,1.7333333333333334,-1.7333333333333334,-3.466666666666667,0
L5-M3,592,591,1,3,14,3 4 5 9 10 11 12 16 17 18 19 42 43 44,2,1.8666666666666667,0.1333333333333333,0.3999999999999999,0
L5-M3,593,592,6,-2,8,9 10 11 12 16 17 18 19,2,1.0666666666666667,0.9333333333333333,-1.8666666666666667,0
L5-M3,594,593,5,-1,11,15 16 17 18 19 21 22 23 25 26 27,1,1.4666666666666666,-0.46666666666666656,0.46666666666666656,0
L5-M3,595,594,2,2,8,15 16 17 18 19 21 22 23,0,1.0666666666666667,-1.0666666666666667,-2.1333333333333333,0
L5-M3,596,595,1,3,12,15 16 17 18 19 20 21 22 23 41 42 43,1,1.6,-0.6000000000000001,-1.8000000000000003,0
L5-M3,597,596,5,-1,13,15 16 17 18 19 20 21 22 23 29 30 31 32,1,1.7333333333333334,-0.7333333333333334,0.7333333333333334,0
L5-M3,598,597,6,-2,15,5 6 7 15 16 17 18 19 20 21 22 29 30 31 32,0,2.0,-2.0,4.0,0
L5-M3,599,598,3,1,15,5 6 7 15 16 17 18 19 20 21 22 29 30 31 32,3,2.0,1.0,1.0,0
L5-M3,600,599,4,0,8,18 19 20 21 22 30 31 32,0,1.0666666666666667,-1.0666666666666667,-0.0,0
L5-M3,601,600,7,-3,12,18 19 20 21 22 30 31 32 39 40 41 42,2,1.6,0.3999999999999999,-1.1999999999999997,0
L5-M3,602,601,7,-3,7,20 21 22 39 40 41 42,1,0.9333333333333333,0.06666666666666665,-0.19999999999999996,0
L5-M3,603,602,1,3,11,6 7 8 9 10 39 40 41 42 43 44,1,1.4666666666666666,-0.46666666666666656,-1.3999999999999997,0
L5-M3,604,603,6,-2,9,6 7 8 9 10 39 40 41 42,1,1.2,-0.19999999999999996,0.3999999999999999,0
L5-M3,605,604,5,-1,8,7 8 9 10 39 40 41 42,3,1.0666666666666667,1.9333333333333333,-1.9333333333333333,0
L5-M3,606,605,7,-3,7,3 4 5 39 40 41 42,2,0.9333333333333333,1.0666666666666667,-3.2,0
L5-M3,607,606,6,-2,9,15 16 17 35 36 37 40 41 42,1,1.2,-0.19999999999999996,0.3999999999999999,0
L5-M3,608,607,2,2,14,11 12 13 15 16 17 28 29 30 31 32 40 41 42,0,1.8666666666666667,-1.8666666666666667,-3.7333333333333334,0
L5-M3,609,608,6,-2,19,11 12 13 15 16 17 24 25 26 27 28 29 30 31 32 40 41 42 43,2,2.533333333333333,-0.5333333333333332,1.0666666666666664,0
L5-M3,610,609,3,1,18,11 12 13 15 16 17 24 25 26 28 29 30 31 32 33 41 42 43,1,2.4,-1.4,-1.4,0
L5-M3,611,610,6,-2,19,9 10 11 12 13 15 16 17 24 25 26 29 30 31 32 33 41 42 43,1,2.533333333333333,-1.5333333333333332,3.0666666666666664,0
L5-M3,612,611,2,2,21,5 6 7 9 10 11 12 13 15 16 17 24 25 26 29 30 31 32 41 42 43,3,2.8,0.20000000000000018,0.40000000000000036,0
L5-M3,613,612,7,-3,14,10 11 12 13 15 16 17 29 30 31 32 41 42 43,3,1.8666666666666667,1.1333333333333333,-3.4,0
L5-M3,614,613,5,-1,4,29 30 31 32,0,0.5333333333333333,-0.5333333333333333,0.5333333333333333,0
L5-M3,615,614,2,2,7,3 4 5 29 30 31 32,0,0.9333333333333333,-0.9333333333333333,-1.8666666666666667,0
L5-M3,616,615,7,-3,12,3 4 5 12 13 14 15 28 29 30 31 32,2,1.6,0.3999999999999999,-1.1999999999999997,0
L5-M3,617,616,1,3,14,1 2 3 4 28 29 30 31 32 34 35 36 37 38,1,1.8666666666666667,-0.8666666666666667,-2.6,0
L5-M3,618,617,7,-3,14,1 2 3 28 29 30 31 32 33 34 35 36 37 38,1,1.8666666666666667,-0.8666666666666667,2.6,0
L5-M3,619,618,2,2,11,1 2 3 31 32 33 34 35 36 37 38,1,1.4666666666666666,-0.46666666666666656,-0.9333333333333331,0
L5-M3,620,619,4,0,14,1 2 3 20 21 22 31 32 33 34 36 37 38 39,3,1.8666666666666667,1.1333333333333333,0.0,0
L5-M3,621,620,6,-2,7,19 20 21 22 36 37 38,1,0.9333333333333333,0.06666666666666665,-0.1333333333333333,0
L5-M3,622,621,4,0,7,20 21 22 23 36 37 38,1,0.9333333333333333,0.06666666666666665,0.0,0
L5-M3,623,622,5,-1,12,3 4 5 10 11 12 22 23 24 36 37 38,0,1.6,-1.6,1.6,0
L5-M3,624,623,3,1,15,3 4 5 10 11 12 22 23 24 25 26 27 36 37 38,2,2.0,0.0,0.0,0
L5-M3,625,624,3,1,13,3 4 5 10 11 12 22 23 24 25 36 37 38,1,1.7333333333333334,-0.7333333333333334,-0.7333333333333334,0
L5-M3,626,625,4,0,13,10 11 12 22 23 24 25 31 32 33 36 37 38,1,1.7333333333333334,-0.7333333333333334,-0.0,0
L5-M3,627,626,3,1,10,10 11 12 22 23 24 25 36 37 38,2,1.3333333333333333,0.6666666666666667,0.6666666666666667,0
L5-M3,628,627,3,1,10,10 11 12 15 16 17 18 36 37 38,2,1.3333333333333333,0.6666666666666667,0.6666666666666667,0
L5-M3,629,628,3,1,9,16 17 18 28 29 30 36 37 38,2,1.2,0.8,0.8,0
L5-M3,630,629,1,3,7,16 17 18 34 35 36 37,1,0.9333333333333333,0.06666666666666665,0.19999999999999996,0
L5-M3,631,630,2,2,8,3 4 5 6 34 35 36 37,2,1.0666666666666667,0.9333333333333333,1.8666666666666667,0
L5-M3,632,631,4,0,6,35 36 37 39 40 41,1,0.8,0.19999999999999996,0.0,0
L5-M3,633,632,1,3,6,9 10 11 39 40 41,3,0.8,2.2,6.6000000000000005,0
L5-M3,634,633,3,1,3,5 6 7,0,0.4,-0.4,-0.4,0
L5-M3,635,634,7,-3,9,5 6 7 28 29 30 36 37 38,1,1.2,-0.19999999999999996,0.5999999999999999,0
L5-M3,636,635,6,-2,7,5 6 7 8 36 37 38,2,0.9333333333333333,1.0666666666666667,-2.1333333333333333,0
L5-M3,637,636,6,-2,9,1 2 3 22 23 24 36 37 38,4,1.2,2.8,-5.6,0
L5-M3,638,637,4,0,3,34 35 36,1,0.4,0.6,0.0,0
L5-M3,639,638,1,3,5,39 40 41 42 43,0,0.6666666666666666,-0.6666666666666666,-2.0,0
L5-M3,640,639,7,-3,8,8 9 10 39 40 41 42 43,0,1.0666666666666667,-1.0666666666666667,3.2,0
L5-M3,641,640,5,-1,15,8 9 10 11 12 13 27 28 29 30 39 40 41 42 43,2,2.0,0.0,-0.0,0
L5-M3,642,641,2,2,11,8 9 10 27 28 29 30 39 40 41 42,2,1.4666666666666666,0.5333333333333334,1.0666666666666669,0
L5-M3,643,642,5,-1,12,1 2 3 4 5 27 28 29 30 40 41 42,1,1.6,-0.6000000000000001,0.6000000000000001,0
L5-M3,644,643,1,3,9,1 2 3 4 5 27 28 29 30,2,1.2,0.8,2.4000000000000004,0
L5-M3,645,644,2,2,4,1 2 3 4,2,0.5333333333333333,1.4666666666666668,2.9333333333333336,0
L5-M3,646,645,5,-1,0,,0,0.0,0.0,-0.0,0
L5-M3,647,646,4,0,7,10 11 12 19 20 21 22,1,0.9333333333333333,0.06666666666666665,0.0,0
L5-M3,648,647,6,-2,12,6 7 8 10 11 12 18 19 20 37 38 39,3,1.6,1.4,-2.8,0
L5-M3,649,648,1,3,11,6 7 8 10 11 12 31 32 33 34 35,1,1.4666666666666666,-0.46666666666666656,-1.3999999999999997,0
L5-M3,650,649,2,2,9,6 7 8 10 11 12 34 35 36,2,1.2,0.8,1.6,0
L5-M3,651,650,6,-2,6,25 26 27 34 35 36,1,0.8,0.19999999999999996,-0.3999999999999999,0
L5-M3,652,651,4,0,6,8 9 10 34 35 36,0,0.8,-0.8,-0.0,0
L5-M3,653,652,4,0,9,8 9 10 23 24 25 34 35 36,0,1.2,-1.2,-0.0,0
L5-M3,654,653,1,3,14,8 9 10 17 18 19 20 23 24 25 34 35 36 37,1,1.8666666666666667,-0.8666666666666667,-2.6,0
L5-M3,655,654,1,3,15,8 9 10 17 18 19 20 22 23 24 25 32 33 34 35,0,2.0,-2.0,-6.0,0
L5-M3,656,655,2,2,15,8 9 10 17 18 19 20 22 23 24 25 32 33 34 35,0,2.0,-2.0,-4.0,0
L5-M3,657,656,6,-2,20,8 9 10 11 12 17 18 19 20 22 23 24 25 28 29 30 32 33 34 35,2,2.6666666666666665,-0.6666666666666665,1.333333333333333,0
L5-M3,658,657,4,0,14,11 12 13 22 23 24 25 28 29 30 32 33 34 35,3,1.8666666666666667,1.1333333333333333,0.0,0
L5-M3,659,658,7,-3,12,4 5 6 11 12 13 22 23 24 33 34 35,0,1.6,-1.6,4.800000000000001,0
L5-M3,660,659,7,-3,14,4 5 6 11 12 13 20 21 22 23 24 33 34 35,3,1.8666666666666667,1.1333333333333333,-3.4,0
L5-M3,661,660,3,1,6,11 12 13 20 21 22,2,0.8,1.2,1.2,0
L5-M3,662,661,7,-3,3,15 16 17,1,0.4,0.6,-1.7999999999999998,0
L5-M3,663,662,6,-2,0,,0,0.0,0.0,-0.0,0
L5-M3,664,663,5,-1,9,24 25 26 30 31 32 34 35 36,1,1.2,-0.19999999999999996,0.19999999999999996,0
L5-M3,665,664,1,3,11,16 17 18 24 25 26 28 29 30 31 32,1,1.4666666666666666,-0.46666666666666656,-1.3999999999999997,0
L5-M3,666,665,4,0,11,21 22 23 24 25 26 28 29 30 31 32,1,1.4666666666666666,-0.46666666666666656,-0.0,0
L5-M3,667,666,5,-1,14,12 13 14 21 22 23 24 25 26 27 29 30 31 32,1,1.8666666666666667,-0.8666666666666667,0.8666666666666667,0
L5-M3,668,667,1,3,11,12 13 14 21 22 23 24 29 30 31 32,4,1.4666666666666666,2.533333333333333,7.6,0
L5-M3,669,668,1,3,9,7 8 9 21 22 23 29 30 31,3,1.2,1.8,5.4,0
L5-M3,670,669,3,1,9,21 22 23 34 35 36 39 40 41,2,1.2,0.8,0.8,0
L5-M3,671,670,3,1,6,21 22 23 34 35 36,1,0.8,0.19999999999999996,0.19999999999999996,0
L5-M3,672,671,5,-1,9,1 2 3 4 5 6 21 22 23,1,1.2,-0.19999999999999996,0.19999999999999996,0
L5-M3,673,672,6,-2,9,1 2 3 4 5 6 42 43 44,1,1.2,-0.19999999999999996,0.3999999999999999,0
L5-M3,674,673,1,3,13,1 2 3 4 5 6 14 15 16 22 23 24 25,2,1.7333333333333334,0.2666666666666666,0.7999999999999998,0
L5-M3,675,674,3,1,12,1 2 3 4 5 6 22 23 24 37 38 39,1,1.6,-0.6000000000000001,-0.6000000000000001,0
L5-M3,676,675,2,2,15,2 3 4 5 6 22 23 24 37 38 39 40 41 42 43,1,2.0,-1.0,-2.0,0
L5-M3,677,676,4,0,12,2 3 4 5 6 22 23 24 40 41 42 43,2,1.6,0.3999999999999999,0.0,0
L5-M3,678,677,6,-2,10,2 3 4 5 6 19 20 21 22 23,3,1.3333333333333333,1.6666666666666667,-3.3333333333333335,0
L5-M3,679,678,7,-3,8,19 20 21 22 23 28 29 30,0,1.0666666666666667,-1.0666666666666667,3.2,0
L5-M3,680,679,7,-3,12,19 20 21 22 23 27 28 29 30 31 32 33,3,1.6,1.4,-4.199999999999999,0
L5-M3,681,680,5,-1,4,20 21 22 23,1,0.5333333333333333,0.4666666666666667,-0.4666666666666667,0
L5-M3,682,681,1,3,6,16 17 18 38 39 40,2,0.8,1.2,3.5999999999999996,0
L5-M3,683,682,1,3,3,39 40 41,1,0.4,0.6,1.7999999999999998,0
L5-M3,684,683,3,1,0,,0,0.0,0.0,0.0,0
L5-M3,685,684,7,-3,3,7 8 9,1,0.4,0.6,-1.7999999999999998,0
L5-M3,686,685,4,0,12,2 3 4 5 8 9 10 30 31 32 33 34,0,1.6,-1.6,-0.0,0
L5-M3,687,686,3,1,13,2 3 4 5 8 9 10 29 30 31 32 33 34,2,1.7333333333333334,0.2666666666666666,0.2666666666666666,0
L5-M3,688,687,7,-3,16,2 3 4 5 21 22 23 29 30 31 32 33 34 35 36 37,5,2.1333333333333333,2.8666666666666667,-8.6,0
L5-M3,689,688,1,3,12,2 3 4 18 19 20 21 29 30 31 32 33,2,1.6,0.3999999999999999,1.1999999999999997,0
L5-M3,690,689,5,-1,6,2 3 4 31 32 33,1,0.8,0.19999999999999996,-0.19999999999999996,0
L5-M3,691,690,7,-3,3,2 3 4,0,0.4,-0.4,1.2000000000000002,0
L5-M3,692,691,2,2,3,2 3 4,1,0.4,0.6,1.2,0
L5-M3,693,692,7,-3,6,8 9 10 40 41 42,1,0.8,0.19999999999999996,-0.5999999999999999,0
L5-M3,694,693,5,-1,7,8 9 10 20 21 22 23,1,0.9333333333333333,0.06666666666666665,-0.06666666666666665,0
L5-M3,695,694,2,2,13,8 9 10 16 17 18 19 21 22 23 29 30 31,1,1.7333333333333334,-0.7333333333333334,-1.4666666666666668,0
L5-M3,696,695,2,2,13,8 9 10 21 22 23 24 29 30 31 39 40 41,0,1.7333333333333334,-1.7333333333333334,-3.466666666666667,0
L5-M3,697,696,5,-1,13,8 9 10 21 22 23 24 29 30 31 39 40 41,2,1.7333333333333334,0.2666666666666666,-0.2666666666666666,0
L5-M3,698,697,5,-1,14,12 13 14 21 22 23 24 29 30 31 32 35 36 37,3,1.8666666666666667,1.1333333333333333,-1.1333333333333333,0
L5-M3,699,698,4,0,12,22 23 24 27 28 29 30 31 32 40 41 42,1,1.6,-0.6000000000000001,-0.0,0
L5-M3,700,699,1,3,13,22 23 24 25 30 31 32 40 41 42 43 44 45,3,1.7333333333333334,1.2666666666666666,3.8,0
L5-M3,701,700,2,2,8,24 25 26 27 40 41 42 43,0,1.0666666666666667,-1.0666666666666667,-2.1333333333333333,0
L5-M3,702,701,5,-1,12,17 18 19 20 24 25 26 27 40 41 42 43,2,1.6,0.3999999999999999,-0.3999999999999999,0
L5-M3,703,702,2,2,9,17 18 19 20 39 40 41 42 43,1,1.2,-0.19999999999999996,-0.3999999999999999,0
L5-M3,704,703,2,2,4,17 18 19 20,0,0.5333333333333333,-0.5333333333333333,-1.0666666666666667,0
L5-M3,705,704,7,-3,9,5 6 7 17 18 19 20 21 22,3,1.2,1.8,-5.4,0
L5-M3,706,705,5,-1,4,18 19 20 21,0,0.5333333333333333,-0.5333333333333333,0.5333333333333333,0
L5-M3,707,706,7,-3,11,18 19 20 21 34 35 36 37 38 39 40,2,1.4666666666666666,0.5333333333333334,-1.6000000000000003,0
L5-M3,708,707,5,-1,12,13 14 15 16 25 26 27 34 35 36 37 38,2,1.6,0.3999999999999999,-0.3999999999999999,0
L5-M3,709,708,1,3,10,13 14 15 25 26 27 35 36 37 38,1,1.3333333333333333,-0.33333333333333326,-0.9999999999999998,0
L5-M3,710,709,4,0,16,7 8 9 13 14 15 25 26 27 31 32 33 40 41 42 43,3,2.1333333333333333,0.8666666666666667,0.0,0
L5-M3,711,710,4,0,11,13 14 15 20 21 22 23 40 41 42 43,1,1.4666666666666666,-0.46666666666666656,-0.0,0
L5-M3,712,711,6,-2,16,5 6 7 8 20 21 22 23 26 27 28 29 40 41 42 43,1,2.1333333333333333,-1.1333333333333333,2.2666666666666666,0
L5-M3,713,712,2,2,18,5 6 7 8 12 13 14 21 22 23 26 27 28 29 40 41 42 43,2,2.4,-0.3999999999999999,-0.7999999999999998,0
L5-M3,714,713,7,-3,14,6 7 8 12 13 14 26 27 28 29 40 41 42 43,2,1.8666666666666667,0.1333333333333333,-0.3999999999999999,0
L5-M3,715,714,3,1,11,12 13 14 26 27 28 29 41 42 43 44,3,1.4666666666666666,1.5333333333333334,1.5333333333333334,0
L5-M3,716,715,3,1,6,8 9 10 12 13 14,1,0.8,0.19999999999999996,0.19999999999999996,0
L5-M3,717,716,5,-1,11,8 9 10 11 12 24 25 26 34 35 36,2,1.4666666666666666,0.5333333333333334,-0.5333333333333334,0
L5-M3,718,717,7,-3,6,8 9 10 34 35 36,0,0.8,-0.8,2.4000000000000004,0
L5-M3,719,718,7,-3,6,8 9 10 34 35 36,1,0.8,0.19999999999999996,-0.5999999999999999,0
L5-M3,720,719,6,-2,5,34 35 36 37 38,3,0.6666666666666666,2.3333333333333335,-4.666666666666667,0
L5-M3,721,720,7,-3,3,40 41 42,1,0.4,0.6,-1.7999999999999998,0
L5-M3,722,721,3,1,8,5 6 7 14 15 16 17 18,1,1.0666666666666667,-0.06666666666666665,-0.06666666666666665,0
L5-M3,723,722,7,-3,11,5 6 7 15 16 17 18 24 25 26 27,0,1.4666666666666666,-1.4666666666666666,4.3999999999999995,0
L5-M3,724,723,2,2,16,5 6 7 9 10 11 15 16 17 18 22 23 24 25 26 27,0,2.1333333333333333,-2.1333333333333333,-4.266666666666667,0
L5-M3,725,724,3,1,19,3 4 5 6 7 9 10 11 15 16 17 18 19 22 23 24 25 26 27,3,2.533333333333333,0.4666666666666668,0.4666666666666668,0
L5-M3,726,725,5,-1,16,3 4 5 9 10 11 15 16 17 18 22 23 24 25 26 27,2,2.1333333333333333,-0.1333333333333333,0.1333333333333333,0
L5-M3,727,726,5,-1,13,3 4 5 15 16 17 18 24 25 26 27 28 29,0,1.7333333333333334,-1.7333333333333334,1.7333333333333334,0
L5-M3,728,727,5,-1,19,3 4 5 12 13 14 15 16 17 18 24 25 26 27 28 29 38 39 40,1,2.533333333333333,-1.5333333333333332,1.5333333333333332,0
L5-M3,729,728,6,-2,16,12 13 14 15 16 17 18 24 25 26 27 28 29 38 39 40,2,2.1333333333333333,-0.1333333333333333,0.2666666666666666,0
L5-M3,730,729,2,2,11,12 13 14 15 16 27 28 29 38 39 40,2,1.4666666666666666,0.5333333333333334,1.0666666666666669,0
L5-M3,731,730,7,-3,9,27 28 29 38 39 40 41 42 43,1,1.2,-0.19999999999999996,0.5999999999999999,0
L5-M3,732,731,5,-1,7,27 28 29 38 39 40 41,1,0.9333333333333333,0.06666666666666665,-0.06666666666666665,0
L5-M3,733,732,7,-3,4,38 39 40 41,1,0.5333333333333333,0.4666666666666667,-1.4,0
L5-M3,734,733,2,2,7,28 29 30 31 37 38 39,2,0.9333333333333333,1.0666666666666667,2.1333333333333333,0
L5-M3,735,734,3,1,7,19 20 21 28 29 30 31,0,0.9333333333333333,-0.9333333333333333,-0.9333333333333333,0
L5-M3,736,735,1,3,10,18 19 20 21 22 23 28 29 30 31,2,1.3333333333333333,0.6666666666666667,2.0,0
L5-M3,737,736,2,2,10,7 8 9 28 29 30 31 42 43 44,0,1.3333333333333333,-1.3333333333333333,-2.6666666666666665,0
L5-M3,738,737,1,3,10,7 8 9 28 29 30 31 42 43 44,3,1.3333333333333333,1.6666666666666667,5.0,0
L5-M3,739,738,4,0,11,7 8 9 29 30 31 32 33 34 35 36,5,1.4666666666666666,3.533333333333333,0.0,0
L5-M3,740,739,4,0,3,30 31 32,0,0.4,-0.4,-0.0,0
L5-M3,741,740,7,-3,3,30 31 32,0,0.4,-0.4,1.2000000000000002,0
L5-M3,742,741,2,2,9,1 2 3 10 11 12 30 31 32,1,1.2,-0.19999999999999996,-0.3999999999999999,0
L5-M3,743,742,1,3,9,1 2 3 24 25 26 30 31 32,0,1.2,-1.2,-3.5999999999999996,0
L5-M3,744,743,1,3,10,1 2 3 23 24 25 26 30 31 32,0,1.3333333333333333,-1.3333333333333333,-4.0,0
L5-M3,745,744,7,-3,14,1 2 3 22 23 24 25 26 28 29 30 31 32 33,4,1.8666666666666667,2.1333333333333333,-6.4,0
L5-M3,746,745,5,-1,9,24 25 26 28 29 30 31 32 33,1,1.2,-0.19999999999999996,0.19999999999999996,0
L5-M3,747,746,3,1,13,4 5 6 7 24 25 26 27 28 29 30 31 32,2,1.7333333333333334,0.2666666666666666,0.2666666666666666,0
L5-M3,748,747,5,-1,15,4 5 6 24 25 26 27 29 30 31 32 37 38 39 40,2,2.0,0.0,-0.0,0
L5-M3,749,748,5,-1,11,4 5 6 24 25 26 27 37 38 39 40,2,1.4666666666666666,0.5333333333333334,-0.5333333333333334,0
L5-M3,750,749,6,-2,15,4 5 6 15 16 17 18 19 20 21 37 38 39 40 41,2,2.0,0.0,-0.0,0
L5-M3,751,750,3,1,11,4 5 6 16 17 18 37 38 39 40 41,2,1.4666666666666666,0.5333333333333334,0.5333333333333334,0
L5-M3,752,751,4,0,7,37 38 39 40 41 42 43,2,0.9333333333333333,1.0666666666666667,0.0,0
L5-M3,753,752,2,2,8,5 6 7 8 9 37 38 39,1,1.0666666666666667,-0.06666666666666665,-0.1333333333333333,0
L5-M3,754,753,2,2,14,5 6 7 8 9 10 11 21 22 23 29 30 31 32,3,1.8666666666666667,1.1333333333333333,2.2666666666666666,0
L5-M3,755,754,7,-3,15,5 6 7 9 10 11 12 13 14 21 22 23 25 26 27,3,2.0,1.0,-3.0,0
L5-M3,756,755,7,-3,10,5 6 7 9 10 11 12 21 22 23,1,1.3333333333333333,-0.33333333333333326,0.9999999999999998,0
L5-M3,757,756,1,3,6,5 6 7 21 22 23,2,0.8,1.2,3.5999999999999996,0
L5-M3,758,757,1,3,10,3 4 5 20 21 22 23 38 39 40,2,1.3333333333333333,0.6666666666666667,2.0,0
L5-M3,759,758,4,0,8,19 20 21 22 23 40 41 42,2,1.0666666666666667,0.9333333333333333,0.0,0
L5-M3,760,759,2,2,11,1 2 3 4 19 20 21 22 23 24 25,1,1.4666666666666666,-0.46666666666666656,-0.9333333333333331,0
L5-M3,761,760,2,2,11,1 2 3 4 19 20 21 23 24 25 26,2,1.4666666666666666,0.5333333333333334,1.0666666666666669,0
L5-M3,762,761,5,-1,11,1 2 3 13 14 15 16 18 19 20 21,3,1.4666666666666666,1.5333333333333334,-1.5333333333333334,0
L5-M3,763,762,4,0,8,13 14 15 16 17 18 19 20,1,1.0666666666666667,-0.06666666666666665,-0.0,0
L5-M3,764,763,3,1,13,13 14 15 17 18 19 20 28 29 30 37 38 39,0,1.7333333333333334,-1.7333333333333334,-1.7333333333333334,0
L5-M3,765,764,2,2,14,13 14 15 17 18 19 20 28 29 30 37 38 39 40,0,1.8666666666666667,-1.8666666666666667,-3.7333333333333334,0
L5-M3,766,765,5,-1,15,13 14 15 17 18 19 20 27 28 29 30 37 38 39 40,2,2.0,0.0,-0.0,0
L5-M3,767,766,2,2,13,4 5 6 13 14 15 17 18 19 20 27 28 29,3,1.7333333333333334,1.2666666666666666,2.533333333333333,0
L5-M3,768,767,4,0,8,17 18 19 25 26 27 28 29,2,1.0666666666666667,0.9333333333333333,0.0,0
L5-M3,769,768,1,3,4,16 17 18 19,1,0.5333333333333333,0.4666666666666667,1.4,0
L5-M3,770,769,1,3,9,17 18 19 21 22 23 24 25 26,1,1.2,-0.19999999999999996,-0.5999999999999999,0
L5-M3,771,770,5,-1,9,2 3 4 17 18 19 24 25 26,2,1.2,0.8,-0.8,0
L5-M3,772,771,7,-3,9,2 3 4 24 25 26 35 36 37,0,1.2,-1.2,3.5999999999999996,0
L5-M3,773,772,6,-2,13,2 3 4 24 25 26 31 32 33 34 35 36 37,2,1.7333333333333334,0.2666666666666666,-0.5333333333333332,0
L5-M3,774,773,7,-3,14,2 3 4 24 25 26 27 28 32 33 34 36 37 38,2,1.8666666666666667,0.1333333333333333,-0.3999999999999999,0
L5-M3,775,774,1,3,10,2 3 4 24 25 26 27 36 37 38,1,1.3333333333333333,-0.33333333333333326,-0.9999999999999998,0
L5-M3,776,775,3,1,13,1 2 3 4 22 23 24 25 26 27 43 44 45,0,1.7333333333333334,-1.7333333333333334,-1.7333333333333334,0
L5-M3,777,776,4,0,13,1 2 3 4 22 23 24 25 26 27 43 44 45,0,1.7333333333333334,-1.7333333333333334,-0.0,0
L5-M3,778,777,4,0,14,1 2 3 4 5 22 23 24 25 26 27 43 44 45,0,1.8666666666666667,-1.8666666666666667,-0.0,0
L5-M3,779,778,2,2,17,1 2 3 4 5 22 23 24 25 26 27 30 31 32 43 44 45,1,2.2666666666666666,-1.2666666666666666,-2.533333333333333,0
L5-M3,780,779,1,3,18,1 2 3 4 5 13 14 15 16 25 26 27 30 31 32 43 44 45,3,2.4,0.6000000000000001,1.8000000000000003,0
L5-M3,781,780,2,2,13,1 2 3 4 5 29 30 31 32 33 42 43 44,0,1.7333333333333334,-1.7333333333333334,-3.466666666666667,0
L5-M3,782,781,7,-3,18,1 2 3 4 5 7 8 9 10 28 29 30 31 32 33 42 43 44,1,2.4,-1.4,4.199999999999999,0
L5-M3,783,782,3,1,15,1 2 3 4 5 7 8 9 10 28 29 30 42 43 44,0,2.0,-2.0,-2.0,0
L5-M3,784,783,5,-1,18,1 2 3 4 5 7 8 9 10 28 29 30 35 36 37 42 43 44,2,2.4,-0.3999999999999999,0.3999999999999999,0
L5-M3,785,784,3,1,14,7 8 9 28 29 30 35 36 37 40 41 42 43 44,0,1.8666666666666667,-1.8666666666666667,-1.8666666666666667,0
L5-M3,786,785,7,-3,18,7 8 9 20 21 22 27 28 29 30 35 36 37 40 41 42 43 44,2,2.4,-0.3999999999999999,1.1999999999999997,0
L5-M3,787,786,7,-3,14,7 8 9 27 28 29 35 36 37 40 41 42 43 44,2,1.8666666666666667,0.1333333333333333,-0.3999999999999999,0
L5-M3,788,787,3,1,12,7 8 9 34 35 36 37 40 41 42 43 44,1,1.6,-0.6000000000000001,-0.6000000000000001,0
L5-M3,789,788,5,-1,12,7 8 9 36 37 38 40 41 42 43 44 45,2,1.6,0.3999999999999999,-0.3999999999999999,0
L5-M3,790,789,6,-2,11,21 22 23 36 37 38 40 41 42 43 44,1,1.4666666666666666,-0.46666666666666656,0.9333333333333331,0
L5-M3,791,790,3,1,13,21 22 23 31 32 33 34 36 37 38 42 43 44,3,1.7333333333333334,1.2666666666666666,1.2666666666666666,0
L5-M3,792,791,5,-1,10,20 21 22 23 24 25 26 36 37 38,2,1.3333333333333333,0.6666666666666667,-0.6666666666666667,0
L5-M3,793,792,3,1,11,13 14 15 16 17 18 20 21 22 23 24,2,1.4666666666666666,0.5333333333333334,0.5333333333333334,0
L5-M3,794,793,4,0,6,16 17 18 22 23 24,1,0.8,0.19999999999999996,0.0,0
L5-M3,795,794,3,1,3,22 23 24,0,0.4,-0.4,-0.4,0
L5-M3,796,795,6,-2,6,22 23 24 39 40 41,2,0.8,1.2,-2.4,0
L5-M3,797,796,2,2,6,22 23 24 31 32 33,3,0.8,2.2,4.4,0
L5-M3,798,797,5,-1,6,23 24 25 27 28 29,0,0.8,-0.8,0.8,0
L5-M3,799,798,7,-3,12,15 16 17 23 24 25 27 28 29 42 43 44,3,1.6,1.4,-4.199999999999999,0
L5-M3,800,799,4,0,11,6 7 8 9 18 19 20 27 28 29 30,1,1.4666666666666666,-0.46666666666666656,-0.0,0
L5-M3,801,800,5,-1,7,6 7 8 9 18 19 20,0,0.9333333333333333,-0.9333333333333333,0.9333333333333333,0
L5-M3,802,801,1,3,8,6 7 8 9 18 19 20 21,1,1.0666666666666667,-0.06666666666666665,-0.19999999999999996,0
L5-M3,803,802,6,-2,15,5 6 7 8 9 19 20 21 29 30 31 38 39 40 41,3,2.0,1.0,-2.0,0
L5-M3,804,803,1,3,14,6 7 8 19 20 21 22 31 32 33 38 39 40 41,1,1.8666666666666667,-0.8666666666666667,-2.6,0
L5-M3,805,804,2,2,15,6 7 8 19 20 21 22 23 33 34 35 38 39 40 41,0,2.0,-2.0,-4.0,0
L5-M3,806,805,7,-3,15,6 7 8 19 20 21 22 23 33 34 35 38 39 40 41,3,2.0,1.0,-3.0,0
L5-M3,807,806,4,0,15,6 7 8 15 16 17 27 28 29 33 34 35 39 40 41,3,2.0,1.0,0.0,0
L5-M3,808,807,5,-1,10,15 16 17 27 28 29 39 40 41 42,2,1.3333333333333333,0.6666666666666667,-0.6666666666666667,0
L5-M3,809,808,3,1,7,7 8 9 27 28 29 30,0,0.9333333333333333,-0.9333333333333333,-0.9333333333333333,0
L5-M3,810,809,6,-2,8,7 8 9 26 27 28 29 30,0,1.0666666666666667,-1.0666666666666667,2.1333333333333333,0
L5-M3,811,810,3,1,12,1 2 3 4 7 8 9 26 27 28 29 30,1,1.6,-0.6000000000000001,-0.6000000000000001,0
L5-M3,812,811,5,-1,9,1 2 3 4 26 27 28 29 30,2,1.2,0.8,-0.8,0
L5-M3,813,812,3,1,10,24 25 26 27 28 29 30 33 34 35,3,1.3333333333333333,1.6666666666666667,1.6666666666666667,0
L5-M3,814,813,2,2,9,24 25 26 27 28 29 31 32 33,1,1.2,-0.19999999999999996,-0.3999999999999999,0
L5-M3,815,814,4,0,9,22 23 24 25 26 27 31 32 33,3,1.2,1.8,0.0,0
L5-M3,816,815,1,3,13,4 5 6 7 22 23 24 31 32 33 39 40 41,2,1.7333333333333334,0.2666666666666666,0.7999999999999998,0
L5-M3,817,816,1,3,10,4 5 6 7 8 9 10 22 23 24,1,1.3333333333333333,-0.33333333333333326,-0.9999999999999998,0
L5-M3,818,817,6,-2,11,4 5 6 7 8 14 15 16 22 23 24,2,1.4666666666666666,0.5333333333333334,-1.0666666666666669,0
L5-M3,819,818,1,3,12,4 5 6 7 8 22 23 24 32 33 34 35,1,1.6,-0.6000000000000001,-1.8000000000000003,0
L5-M3,820,819,1,3,8,4 5 6 7 8 22 23 24,1,1.0666666666666667,-0.06666666666666665,-0.19999999999999996,0
L5-M3,821,820,1,3,5,4 5 6 7 8,0,0.6666666666666666,-0.6666666666666666,-2.0,0
L5-M3,822,821,4,0,9,4 5 6 7 8 17 18 19 20,2,1.2,0.8,0.0,0
L5-M3,823,822,2,2,7,2 3 4 5 6 7 8,0,0.9333333333333333,-0.9333333333333333,-1.8666666666666667,0
L5-M3,824,823,2,2,7,2 3 4 5 6 7 8,1,0.9333333333333333,0.06666666666666665,0.1333333333333333,0
L5-M3,825,824,4,0,12,2 3 4 5 6 14 15 16 17 31 32 33,3,1.6,1.4,0.0,0
L5-M3,826,825,7,-3,8,2 3 4 5 6 41 42 43,0,1.0666666666666667,-1.0666666666666667,3.2,0
L5-M3,827,826,7,-3,11,1 2 3 4 5 6 41 42 43 44 45,2,1.4666666666666666,0.5333333333333334,-1.6000000000000003,0
L5-M3,828,827,4,0,7,1 2 3 4 41 42 43,1,0.9333333333333333,0.06666666666666665,0.0,0
L5-M3,829,828,4,0,14,1 2 3 17 18 19 20 26 27 28 40 41 42 43,1,1.8666666666666667,-0.8666666666666667,-0.0,0
L5-M3,830,829,3,1,13,1 2 3 17 18 19 20 26 27 28 40 41 42,1,1.7333333333333334,-0.7333333333333334,-0.7333333333333334,0
L5-M3,831,830,4,0,17,1 2 3 8 9 10 19 20 21 22 23 26 27 28 40 41 42,3,2.2666666666666666,0.7333333333333334,0.0,0
L5-M3,832,831,2,2,12,20 21 22 23 24 25 26 27 28 40 41 42,2,1.6,0.3999999999999999,0.7999999999999998,0
L5-M3,833,832,5,-1,9,20 21 22 23 24 25 32 33 34,0,1.2,-1.2,1.2,0
L5-M3,834,833,3,1,15,7 8 9 20 21 22 23 24 25 27 28 29 32 33 34,1,2.0,-1.0,-1.0,0
L5-M3,835,834,1,3,12,20 21 22 23 24 25 27 28 29 32 33 34,1,1.6,-0.6000000000000001,-1.8000000000000003,0
L5-M3,836,835,5,-1,9,20 21 22 23 24 25 32 33 34,0,1.2,-1.2,1.2,0
L5-M3,837,836,5,-1,17,2 3 4 5 15 16 17 20 21 22 23 24 25 31 32 33 34,3,2.2666666666666666,0.7333333333333334,-0.7333333333333334,0
L5-M3,838,837,2,2,12,3 4 5 15 16 17 19 20 21 22 23 24,1,1.6,-0.6000000000000001,-1.2000000000000002,0
L5-M3,839,838,4,0,12,3 4 5 19 20 21 22 23 24 39 40 41,2,1.6,0.3999999999999999,0.0,0
L5-M3,840,839,7,-3,16,4 5 6 7 8 20 21 22 23 24 39 40 41 42 43 44,2,2.1333333333333333,-0.1333333333333333,0.3999999999999999,0
L5-M3,841,840,4,0,13,5 6 7 8 20 21 22 23 24 39 40 41 42,1,1.7333333333333334,-0.7333333333333334,-0.0,0
L5-M3,842,841,4,0,12,6 7 8 20 21 22 23 24 39 40 41 42,2,1.6,0.3999999999999999,0.0,0
L5-M3,843,842,5,-1,9,6 7 8 20 21 22 23 24 25,1,1.2,-0.19999999999999996,0.19999999999999996,0
L5-M3,844,843,1,3,11,6 7 8 15 16 17 18 22 23 24 25,3,1.4666666666666666,1.5333333333333334,4.6000000000000005,0
L5-M3,845,844,5,-1,7,16 17 18 22 23 24 25,1,0.9333333333333333,0.06666666666666665,-0.06666666666666665,0
L5-M3,846,845,2,2,7,2 3 4 22 23 24 25,0,0.9333333333333333,-0.9333333333333333,-1.8666666666666667,0
L5-M3,847,846,2,2,11,2 3 4 9 10 11 12 22 23 24 25,1,1.4666666666666666,-0.46666666666666656,-0.9333333333333331,0
L5-M3,848,847,3,1,15,2 3 4 9 10 11 22 23 24 25 35 36 37 38 39,4,2.0,2.0,2.0,0
L5-M3,849,848,5,-1,13,9 10 11 19 20 21 23 24 25 34 35 36 37,1,1.7333333333333334,-0.7333333333333334,0.7333333333333334,0
L5-M3,850,849,1,3,15,6 7 8 9 10 11 19 20 21 23 24 25 35 36 37,3,2.0,1.0,3.0,0
L5-M3,851,850,1,3,9,6 7 8 9 10 11 31 32 33,1,1.2,-0.19999999999999996,-0.5999999999999999,0
L5-M3,852,851,6,-2,6,6 7 8 9 10 11,1,0.8,0.19999999999999996,-0.3999999999999999,0
L5-M3,853,852,1,3,9,6 7 8 9 10 40 41 42 43,1,1.2,-0.19999999999999996,-0.5999999999999999,0
L5-M3,854,853,3,1,4,40 41 42 43,1,0.5333333333333333,0.4666666666666667,0.4666666666666667,0
L5-M3,855,854,1,3,8,3 4 5 6 7 40 41 42,0,1.0666666666666667,-1.0666666666666667,-3.2,0
L5-M3,856,855,1,3,11,3 4 5 6 7 37 38 39 40 41 42,2,1.4666666666666666,0.5333333333333334,1.6000000000000003,0
L5-M3,857,856,2,2,11,3 4 5 6 7 12 13 14 37 38 39,2,1.4666666666666666,0.5333333333333334,1.0666666666666669,0
L5-M3,858,857,7,-3,7,3 4 5 11 12 13 14,1,0.9333333333333333,0.06666666666666665,-0.19999999999999996,0
L5-M3,859,858,3,1,8,1 2 3 4 5 21 22 23,1,1.0666666666666667,-0.06666666666666665,-0.06666666666666665,0
L5-M3,860,859,3,1,11,1 2 3 4 5 25 26 27 29 30 31,3,1.4666666666666666,1.5333333333333334,1.5333333333333334,0
L5-M3,861,860,7,-3,9,1 2 3 19 20 21 29 30 31,2,1.2,0.8,-2.4000000000000004,0
L5-M3,862,861,6,-2,6,1 2 3 29 30 31,0,0.8,-0.8,1.6,0
L5-M3,863,862,2,2,13,1 2 3 5 6 7 14 15 16 28 29 30 31,2,1.7333333333333334,0.2666666666666666,0.5333333333333332,0
L5-M3,864,863,1,3,13,1 2 3 5 6 7 12 13 14 15 29 30 31,3,1.7333333333333334,1.2666666666666666,3.8,0
L5-M3,865,864,6,-2,3,29 30 31,0,0.4,-0.4,0.8,0
L5-M3,866,865,1,3,6,4 5 6 29 30 31,1,0.8,0.19999999999999996,0.5999999999999999,0
L5-M3,867,866,2,2,7,4 5 6 17 18 19 20,2,0.9333333333333333,1.0666666666666667,2.1333333333333333,0
L5-M3,868,867,7,-3,3,4 5 6,0,0.4,-0.4,1.2000000000000002,0
L5-M3,869,868,3,1,3,4 5 6,1,0.4,0.6,0.6,0
L5-M3,870,869,2,2,0,,0,0.0,0.0,0.0,0
L5-M3,871,870,4,0,3,3 4 5,0,0.4,-0.4,-0.0,0
L5-M3,872,871,7,-3,8,3 4 5 7 8 9 10 11,1,1.0666666666666667,-0.06666666666666665,0.19999999999999996,0
L5-M3,873,872,3,1,12,7 8 9 10 11 13 14 15 16 22 23 24,1,1.6,-0.6000000000000001,-0.6000000000000001,0
L5-M3,874,873,6,-2,14,7 8 9 10 11 14 15 16 17 18 19 22 23 24,3,1.8666666666666667,1.1333333333333333,-2.2666666666666666,0
L5-M3,875,874,6,-2,12,7 8 9 10 11 16 17 18 35 36 37 38,0,1.6,-1.6,3.2,0
L5-M3,876,875,5,-1,12,7 8 9 10 11 16 17 18 35 36 37 38,1,1.6,-0.6000000000000001,0.6000000000000001,0
L5-M3,877,876,4,0,10,6 7 8 9 10 11 35 36 37 38,0,1.3333333333333333,-1.3333333333333333,-0.0,0
L5-M3,878,877,2,2,10,6 7 8 9 10 11 35 36 37 38,2,1.3333333333333333,0.6666666666666667,1.3333333333333335,0
L5-M3,879,878,2,2,11,7 8 9 10 12 13 14 35 36 37 38,3,1.4666666666666666,1.5333333333333334,3.066666666666667,0
L5-M3,880,879,6,-2,9,7 8 9 27 28 29 36 37 38,1,1.2,-0.19999999999999996,0.3999999999999999,0
L5-M3,881,880,6,-2,10,27 28 29 30 36 37 38 39 40 41,1,1.3333333333333333,-0.33333333333333326,0.6666666666666665,0
L5-M3,882,881,2,2,10,28 29 30 36 37 38 39 40 41 42,1,1.3333333333333333,-0.33333333333333326,-0.6666666666666665,0
L5-M3,883,882,2,2,9,28 29 30 36 37 38 40 41 42,1,1.2,-0.19999999999999996,-0.3999999999999999,0
L5-M3,884,883,3,1,10,11 12 13 28 29 30 31 40 41 42,1,1.3333333333333333,-0.33333333333333326,-0.33333333333333326,0
L5-M3,885,884,3,1,13,1 2 3 10 11 12 13 29 30 31 40 41 42,2,1.7333333333333334,0.2666666666666666,0.2666666666666666,0
L5-M3,886,885,5,-1,17,5 6 7 8 10 11 12 13 15 16 17 29 30 31 40 41 42,1,2.2666666666666666,-1.2666666666666666,1.2666666666666666,0
L5-M3,887,886,1,3,17,5 6 7 8 10 11 12 13 15 16 17 20 21 22 29 30 31,2,2.2666666666666666,-0.2666666666666666,-0.7999999999999998,0
L5-M3,888,887,2,2,13,5 6 7 10 11 12 13 20 21 22 29 30 31,3,1.7333333333333334,1.2666666666666666,2.533333333333333,0
L5-M3,889,888,5,-1,6,9 10 11 20 21 22,0,0.8,-0.8,0.8,0
L5-M3,890,889,3,1,9,4 5 6 9 10 11 20 21 22,1,1.2,-0.19999999999999996,-0.19999999999999996,0
L5-M3,891,890,3,1,9,9 10 11 20 21 22 24 25 26,1,1.2,-0.19999999999999996,-0.19999999999999996,0
L5-M3,892,891,3,1,8,19 20 21 22 23 24 25 26,1,1.0666666666666667,-0.06666666666666665,-0.06666666666666665,0
L5-M3,893,892,6,-2,10,19 20 21 22 23 24 25 43 44 45,2,1.3333333333333333,0.6666666666666667,-1.3333333333333335,0
L5-M3,894,893,2,2,19,5 6 7 8 10 11 12 19 20 21 22 32 33 34 35 36 43 44 45,3,2.533333333333333,0.4666666666666668,0.9333333333333336,0
L5-M3,895,894,7,-3,14,5 6 7 8 10 11 12 20 21 22 33 34 35 36,0,1.8666666666666667,-1.8666666666666667,5.6,0
L5-M3,896,895,2,2,14,5 6 7 8 10 11 12 20 21 22 33 34 35 36,2,1.8666666666666667,0.1333333333333333,0.2666666666666666,0
L5-M3,897,896,3,1,14,6 7 8 20 21 22 27 28 29 30 33 34 35 36,4,1.8666666666666667,2.1333333333333333,2.1333333333333333,0
L5-M3,898,897,6,-2,14,2 3 4 8 9 10 11 27 28 29 30 33 34 35,2,1.8666666666666667,0.1333333333333333,-0.2666666666666666,0
L5-M3,899,898,1,3,11,1 2 3 4 8 9 10 11 13 14 15,1,1.4666666666666666,-0.46666666666666656,-1.3999999999999997,0
L5-M3,900,899,6,-2,10,1 2 3 4 9 10 11 13 14 15,1,1.3333333333333333,-0.33333333333333326,0.6666666666666665,0
L5-M3,901,900,3,1,11,1 2 3 4 9 10 11 29 30 31 32,1,1.4666666666666666,-0.46666666666666656,-0.46666666666666656,0
L5-M3,902,901,4,0,10,1 2 3 4 9 10 11 43 44 45,0,1.3333333333333333,-1.3333333333333333,-0.0,0
L5-M3,903,902,5,-1,14,1 2 3 4 9 10 11 12 25 26 27 43 44 45,1,1.8666666666666667,-0.8666666666666667,0.8666666666666667,0
L5-M3,904,903,7,-3,13,9 10 11 12 25 26 27 40 41 42 43 44 45,3,1.7333333333333334,1.2666666666666666,-3.8,0
L5-M3,905,904,4,0,10,9 10 11 12 31 32 33 40 41 42,1,1.3333333333333333,-0.33333333333333326,-0.0,0
L5-M3,906,905,4,0,9,9 10 11 12 13 14 31 32 33,3,1.2,1.8,0.0,0
L5-M3,907,906,4,0,8,9 10 11 12 13 33 34 35,0,1.0666666666666667,-1.0666666666666667,-0.0,0
L5-M3,908,907,4,0,17,9 10 11 12 13 17 18 19 20 23 24 25 33 34 35 36 37,1,2.2666666666666666,-1.2666666666666666,-0.0,0
L5-M3,909,908,6,-2,14,9 10 11 12 13 17 18 19 20 33 34 35 36 37,2,1.8666666666666667,0.1333333333333333,-0.2666666666666666,0
L5-M3,910,909,5,-1,13,8 9 10 11 12 13 17 18 19 20 41 42 43,2,1.7333333333333334,0.2666666666666666,-0.2666666666666666,0
L5-M3,911,910,5,-1,9,8 9 10 18 19 20 41 42 43,1,1.2,-0.19999999999999996,0.19999999999999996,0
L5-M3,912,911,6,-2,6,8 9 10 18 19 20,2,0.8,1.2,-2.4,0
L5-M3,913,912,3,1,0,,0,0.0,0.0,0.0,0
L5-M3,914,913,7,-3,3,43 44 45,1,0.4,0.6,-1.7999999999999998,0
L5-M3,915,914,4,0,4,28 29 30 31,0,0.5333333333333333,-0.5333333333333333,-0.0,0
L5-M3,916,915,5,-1,10,28 29 30 31 34 35 36 39 40 41,2,1.3333333333333333,0.6666666666666667,-0.6666666666666667,0
L5-M3,917,916,2,2,7,28 29 30 31 39 40 41,0,0.9333333333333333,-0.9333333333333333,-1.8666666666666667,0
L5-M3,918,917,6,-2,12,7 8 9 10 28 29 30 31 38 39 40 41,3,1.6,1.4,-2.8,0
L5-M3,919,918,1,3,9,8 9 10 28 29 30 39 40 41,1,1.2,-0.19999999999999996,-0.5999999999999999,0
L5-M3,920,919,5,-1,6,28 29 30 39 40 41,0,0.8,-0.8,0.8,0
L5-M3,921,920,4,0,6,28 29 30 39 40 41,2,0.8,1.2,0.0,0
L5-M3,922,921,1,3,6,19 20 21 35 36 37,0,0.8,-0.8,-2.4000000000000004,0
L5-M3,923,922,6,-2,9,19 20 21 23 24 25 35 36 37,2,1.2,0.8,-1.6,0
L5-M3,924,923,5,-1,11,19 20 21 29 30 31 32 37 38 39 40,0,1.4666666666666666,-1.4666666666666666,1.4666666666666666,0
L5-M3,925,924,3,1,17,8 9 10 14 15 16 19 20 21 29 30 31 32 37 38 39 40,2,2.2666666666666666,-0.2666666666666666,-0.2666666666666666,0
L5-M3,926,925,1,3,12,8 9 10 14 15 16 19 20 21 29 30 31,4,1.6,2.4,7.199999999999999,0
L5-M3,927,926,1,3,6,7 8 9 28 29 30,0,0.8,-0.8,-2.4000000000000004,0
L5-M3,928,927,4,0,10,5 6 7 8 9 26 27 28 29 30,1,1.3333333333333333,-0.33333333333333326,-0.0,0
L5-M3,929,928,6,-2,8,5 6 7 8 9 35 36 37,2,1.0666666666666667,0.9333333333333333,-1.8666666666666667,0
L5-M3,930,929,1,3,3,35 36 37,0,0.4,-0.4,-1.2000000000000002,0
L5-M3,931,930,4,0,6,32 33 34 35 36 37,1,0.8,0.19999999999999996,0.0,0
L5-M3,932,931,5,-1,9,16 17 18 29 30 31 32 33 34,0,1.2,-1.2,1.2,0
L5-M3,933,932,2,2,12,16 17 18 29 30 31 32 33 34 40 41 42,2,1.6,0.3999999999999999,0.7999999999999998,0
L5-M3,934,933,6,-2,13,2 3 4 5 16 17 18 32 33 34 40 41 42,2,1.7333333333333334,0.2666666666666666,-0.5333333333333332,0
L5-M3,935,934,3,1,13,9 10 11 12 13 16 17 18 19 20 40 41 42,2,1.7333333333333334,0.2666666666666666,0.2666666666666666,0
L5-M3,936,935,3,1,13,7 8 9 11 12 13 16 17 18 19 40 41 42,5,1.7333333333333334,3.2666666666666666,3.2666666666666666,0
L5-M3,937,936,7,-3,7,24 25 26 40 41 42 43,1,0.9333333333333333,0.06666666666666665,-0.19999999999999996,0
L5-M3,938,937,5,-1,9,14 15 16 24 25 26 41 42 43,1,1.2,-0.19999999999999996,0.19999999999999996,0
L5-M3,939,938,3,1,9,23 24 25 26 27 28 41 42 43,2,1.2,0.8,0.8,0
L5-M3,940,939,2,2,8,23 24 25 26 27 33 34 35,1,1.0666666666666667,-0.06666666666666665,-0.1333333333333333,0
L5-M3,941,940,2,2,7,25 26 27 32 33 34 35,2,0.9333333333333333,1.0666666666666667,2.1333333333333333,0
L5-M3,942,941,5,-1,10,5 6 7 17 18 19 32 33 34 35,2,1.3333333333333333,0.6666666666666667,-0.6666666666666667,0
L5-M3,943,942,5,-1,6,5 6 7 32 33 34,0,0.8,-0.8,0.8,0
L5-M3,944,943,5,-1,9,5 6 7 29 30 31 32 33 34,2,1.2,0.8,-0.8,0
L5-M3,945,944,7,-3,8,4 5 6 7 28 29 30 31,1,1.0666666666666667,-0.06666666666666665,0.19999999999999996,0
L5-M3,946,945,4,0,10,3 4 5 6 7 20 21 22 23 24,0,1.3333333333333333,-1.3333333333333333,-0.0,0
L5-M3,947,946,4,0,15,3 4 5 6 7 20 21 22 23 24 25 26 27 28 29,3,2.0,1.0,0.0,0
L5-M3,948,947,5,-1,13,4 5 6 7 21 22 23 24 25 26 41 42 43,1,1.7333333333333334,-0.7333333333333334,0.7333333333333334,0
L5-M3,949,948,1,3,14,4 5 6 7 21 22 23 24 25 26 42 43 44 45,2,1.8666666666666667,0.1333333333333333,0.3999999999999999,0
L5-M3,950,949,3,1,9,4 5 6 7 22 23 24 25 26,2,1.2,0.8,0.8,0
L5-M3,951,950,3,1,10,5 6 7 10 11 12 23 24 25 26,1,1.3333333333333333,-0.33333333333333326,-0.33333333333333326,0
L5-M3,952,951,5,-1,13,5 6 7 9 10 11 23 24 25 26 32 33 34,2,1.7333333333333334,0.2666666666666666,-0.2666666666666666,0
L5-M3,953,952,6,-2,10,5 6 7 8 9 10 11 25 26 27,3,1.3333333333333333,1.6666666666666667,-3.3333333333333335,0
L5-M3,954,953,5,-1,5,16 17 18 19 20,0,0.6666666666666666,-0.6666666666666666,0.6666666666666666,0
L5-M3,955,954,6,-2,9,16 17 18 19 20 21 34 35 36,0,1.2,-1.2,2.4,0
L5-M3,956,955,2,2,12,13 14 15 16 17 18 19 20 21 34 35 36,2,1.6,0.3999999999999999,0.7999999999999998,0
L5-M3,957,956,6,-2,16,13 14 15 16 17 18 19 34 35 36 38 39 40 43 44 45,4,2.1333333333333333,1.8666666666666667,-3.7333333333333334,0
L5-M3,958,957,1,3,10,12 13 14 16 17 18 19 43 44 45,1,1.3333333333333333,-0.33333333333333326,-0.9999999999999998,0
L5-M3,959,958,1,3,14,5 6 7 8 12 13 14 17 18 19 42 43 44 45,1,1.8666666666666667,-0.8666666666666667,-2.6,0
L5-M3,960,959,5,-1,14,5 6 7 8 17 18 19 30 31 32 42 43 44 45,4,1.8666666666666667,2.1333333333333333,-2.1333333333333333,0
L5-M3,961,960,2,2,11,5 6 7 8 26 27 28 29 42 43 44,2,1.4666666666666666,0.5333333333333334,1.0666666666666669,0
L5-M3,962,961,7,-3,11,5 6 7 8 21 22 23 25 26 27 28,1,1.4666666666666666,-0.46666666666666656,1.3999999999999997,0
L5-M3,963,962,6,-2,12,3 4 5 6 7 8 21 22 23 25 26 27,2,1.6,0.3999999999999999,-0.7999999999999998,0
L5-M3,964,963,6,-2,15,3 4 5 7 8 9 10 25 26 27 35 36 37 38 39,3,2.0,1.0,-2.0,0
L5-M3,965,964,3,1,15,3 4 5 7 8 9 10 13 14 15 16 17 25 26 27,2,2.0,0.0,0.0,0
L5-M3,966,965,6,-2,11,3 4 5 7 8 9 10 14 15 16 17,0,1.4666666666666666,-1.4666666666666666,2.933333333333333,0
L5-M3,967,966,6,-2,12,3 4 5 7 8 9 10 11 14 15 16 17,0,1.6,-1.6,3.2,0
L5-M3,968,967,3,1,17,3 4 5 7 8 9 10 11 14 15 16 17 18 30 31 32 33,2,2.2666666666666666,-0.2666666666666666,-0.2666666666666666,0
L5-M3,969,968,6,-2,15,7 8 9 10 11 15 16 17 18 19 20 30 31 32 33,2,2.0,0.0,-0.0,0
L5-M3,970,969,2,2,14,15 16 17 18 19 20 30 31 32 33 41 42 43 44,1,1.8666666666666667,-0.8666666666666667,-1.7333333333333334,0
L5-M3,971,970,1,3,12,17 18 19 20 30 31 32 33 41 42 43 44,2,1.6,0.3999999999999999,1.1999999999999997,0
L5-M3,972,971,3,1,10,30 31 32 33 34 35 41 42 43 44,0,1.3333333333333333,-1.3333333333333333,-1.3333333333333333,0
L5-M3,973,972,5,-1,10,30 31 32 33 34 35 41 42 43 44,3,1.3333333333333333,1.6666666666666667,-1.6666666666666667,0
L5-M3,974,973,2,2,8,12 13 14 15 32 33 34 35,0,1.0666666666666667,-1.0666666666666667,-2.1333333333333333,0
L5-M3,975,974,5,-1,8,12 13 14 15 32 33 34 35,0,1.0666666666666667,-1.0666666666666667,1.0666666666666667,0
L5-M3,976,975,1,3,13,12 13 14 15 27 28 29 30 32 33 34 35 36,3,1.7333333333333334,1.2666666666666666,3.8,0
L5-M3,977,976,1,3,11,18 19 20 21 27 28 29 30 32 33 34,0,1.4666666666666666,-1.4666666666666666,-4.3999999999999995,0
L5-M3,978,977,5,-1,11,18 19 20 21 27 28 29 30 32 33 34,2,1.4666666666666666,0.5333333333333334,-0.5333333333333334,0
L5-M3,979,978,3,1,10,18 19 20 21 26 27 28 29 30 31,2,1.3333333333333333,0.6666666666666667,0.6666666666666667,0
L5-M3,980,979,5,-1,11,18 19 20 28 29 30 31 38 39 40 41,0,1.4666666666666666,-1.4666666666666666,1.4666666666666666,0
L5-M3,981,980,3,1,12,17 18 19 20 28 29 30 31 38 39 40 41,1,1.6,-0.6000000000000001,-0.6000000000000001,0
L5-M3,982,981,2,2,14,4 5 6 17 18 19 20 28 29 30 31 38 39 40,2,1.8666666666666667,0.1333333333333333,0.2666666666666666,0
L5-M3,983,982,6,-2,13,8 9 10 17 18 19 28 29 30 31 38 39 40,1,1.7333333333333334,-0.7333333333333334,1.4666666666666668,0
L5-M3,984,983,2,2,12,8 9 10 17 18 19 28 29 30 38 39 40,1,1.6,-0.6000000000000001,-1.2000000000000002,0
L5-M3,985,984,3,1,12,17 18 19 28 29 30 32 33 34 38 39 40,3,1.6,1.4,1.4,0
L5-M3,986,985,2,2,6,14 15 16 38 39 40,1,0.8,0.19999999999999996,0.3999999999999999,0
L5-M3,987,986,5,-1,3,38 39 40,1,0.4,0.6,-0.6,0
L5-M3,988,987,3,1,3,18 19 20,1,0.4,0.6,0.6,0
L5-M3,989,988,4,0,4,24 25 26 27,1,0.5333333333333333,0.4666666666666667,0.0,0
L5-M3,990,989,4,0,6,24 25 26 35 36 37,4,0.8,3.2,0.0,0
L5-M3,991,990,5,-1,3,43 44 45,1,0.4,0.6,-0.6,0
L5-M3,992,991,6,-2,8,5 6 7 8 9 10 11 12,1,1.0666666666666667,-0.06666666666666665,0.1333333333333333,0
L5-M3,993,992,3,1,16,5 6 7 8 9 10 11 14 15 16 22 23 24 38 39 40,4,2.1333333333333333,1.8666666666666667,1.8666666666666667,0
L5-M3,994,993,7,-3,9,7 8 9 10 11 38 39 40 41,1,1.2,-0.19999999999999996,0.5999999999999999,0
L5-M3,995,994,6,-2,13,9 10 11 21 22 23 28 29 30 38 39 40 41,3,1.7333333333333334,1.2666666666666666,-2.533333333333333,0
L5-M3,996,995,3,1,6,9 10 11 21 22 23,1,0.8,0.19999999999999996,0.19999999999999996,0
L5-M3,997,996,5,-1,3,21 22 23,0,0.4,-0.4,0.4,0
L5-M3,998,997,5,-1,5,19 20 21 22 23,1,0.6666666666666666,0.33333333333333337,-0.33333333333333337,0
L5-M3,999,998,5,-1,3,21 22 23,0,0.4,-0.4,0.4,0
L5-M3,1000,999,7,-3,11,21 22 23 25 26 27 33 34 35 36 37,1,1.4666666666666666,-0.46666666666666656,1.3999999999999997,0
L5-M3,1001,1000,6,-2,12,25 26 27 29 30 31 33 34 35 36 37 38,0,1.6,-1.6,3.2,0
L5-M3,1002,1001,5,-1,15,25 26 27 29 30 31 33 34 35 36 37 38 39 40 41,4,2.0,2.0,-2.0,0
L5-M3,1003,1002,1,3,6,29 30 31 39 40 41,2,0.8,1.2,3.5999999999999996,0
L5-M3,1004,1003,4,0,0,,0,0.0,0.0,0.0,0
L5-M3,1005,1004,3,1,3,26 27 28,1,0.4,0.6,0.6,0
L5-M3,1006,1005,3,1,3,21 22 23,0,0.4,-0.4,-0.4,0
L5-M3,1007,1006,6,-2,8,19 20 21 22 23 40 41 42,2,1.0666666666666667,0.9333333333333333,-1.8666666666666667,0
L5-M3,1008,1007,7,-3,9,31 32 33 34 35 36 40 41 42,2,1.2,0.8,-2.4000000000000004,0
L5-M3,1009,1008,5,-1,11,1 2 3 4 5 6 32 33 34 35 36,1,1.4666666666666666,-0.46666666666666656,0.46666666666666656,0
L5-M3,1010,1009,2,2,7,1 2 3 4 5 6 7,0,0.9333333333333333,-0.9333333333333333,-1.8666666666666667,0
L5-M3,1011,1010,1,3,10,1 2 3 4 5 6 7 26 27 28,2,1.3333333333333333,0.6666666666666667,2.0,0
L5-M3,1012,1011,7,-3,6,2 3 4 5 6 7,1,0.8,0.19999999999999996,-0.5999999999999999,0
L5-M3,1013,1012,1,3,6,2 3 4 6 7 8,0,0.8,-0.8,-2.4000000000000004,0
L5-M3,1014,1013,4,0,10,2 3 4 6 7 8 30 31 32 33,1,1.3333333333333333,-0.33333333333333326,-0.0,0
L5-M3,1015,1014,5,-1,12,6 7 8 28 29 30 31 32 33 42 43 44,2,1.6,0.3999999999999999,-0.3999999999999999,0
L5-M3,1016,1015,7,-3,12,6 7 8 15 16 17 28 29 30 42 43 44,3,1.6,1.4,-4.199999999999999,0
L5-M3,1017,1016,7,-3,5,6 7 8 9 10,0,0.6666666666666666,-0.6666666666666666,2.0,0
L5-M3,1018,1017,6,-2,10,4 5 6 7 8 9 10 43 44 45,1,1.3333333333333333,-0.33333333333333326,0.6666666666666665,0
L5-M3,1019,1018,5,-1,7,4 5 6 7 8 9 10,1,0.9333333333333333,0.06666666666666665,-0.06666666666666665,0
L5-M3,1020,1019,3,1,7,5 6 7 8 9 10 11,0,0.9333333333333333,-0.9333333333333333,-0.9333333333333333,0
L5-M3,1021,1020,1,3,10,5 6 7 8 9 10 11 31 32 33,0,1.3333333333333333,-1.3333333333333333,-4.0,0
L5-M3,1022,1021,3,1,13,5 6 7 8 9 10 11 31 32 33 42 43 44,4,1.7333333333333334,2.2666666666666666,2.2666666666666666,0
L5-M3,1023,1022,4,0,8,7 8 9 10 30 31 32 33,1,1.0666666666666667,-0.06666666666666665,-0.0,0
L5-M3,1024,1023,5,-1,12,7 8 9 19 20 21 22 23 30 31 32 33,3,1.6,1.4,-1.4,0
L5-M3,1025,1024,2,2,9,1 2 3 4 30 31 32 33 34,1,1.2,-0.19999999999999996,-0.3999999999999999,0
L5-M3,1026,1025,1,3,13,1 2 3 4 26 27 28 30 31 32 39 40 41,3,1.7333333333333334,1.2666666666666666,3.8,0
L5-M3,1027,1026,6,-2,7,1 2 3 4 26 27 28,1,0.9333333333333333,0.06666666666666665,-0.1333333333333333,0
L5-M3,1028,1027,1,3,4,1 2 3 4,0,0.5333333333333333,-0.5333333333333333,-1.6,0
L5-M3,1029,1028,6,-2,4,1 2 3 4,0,0.5333333333333333,-0.5333333333333333,1.0666666666666667,0
L5-M3,1030,1029,2,2,11,1 2 3 4 21 22 23 24 42 43 44,2,1.4666666666666666,0.5333333333333334,1.0666666666666669,0
L5-M3,1031,1030,3,1,11,8 9 10 19 20 21 22 23 42 43 44,1,1.4666666666666666,-0.46666666666666656,-0.46666666666666656,0
L5-M3,1032,1031,3,1,9,8 9 10 19 20 21 42 43 44,2,1.2,0.8,0.8,0
L5-M3,1033,1032,5,-1,13,8 9 10 14 15 16 25 26 27 28 43 44 45,2,1.7333333333333334,0.2666666666666666,-0.2666666666666666,0
L5-M3,1034,1033,2,2,7,8 9 10 25 26 27 28,1,0.9333333333333333,0.06666666666666665,0.1333333333333333,0
L5-M3,1035,1034,1,3,3,8 9 10,1,0.4,0.6,1.7999999999999998,0
L5-M3,1036,1035,1,3,10,16 17 18 23 24 25 27 28 29 30,0,1.3333333333333333,-1.3333333333333333,-4.0,0
L5-M3,1037,1036,6,-2,10,16 17 18 23 24 25 27 28 29 30,1,1.3333333333333333,-0.33333333333333326,0.6666666666666665,0
L5-M3,1038,1037,6,-2,13,6 7 8 16 17 18 19 23 24 25 28 29 30,3,1.7333333333333334,1.2666666666666666,-2.533333333333333,0
L5-M3,1039,1038,1,3,12,10 11 12 13 17 18 19 20 21 28 29 30,1,1.6,-0.6000000000000001,-1.8000000000000003,0
L5-M3,1040,1039,5,-1,8,10 11 12 13 28 29 30 31,2,1.0666666666666667,0.9333333333333333,-0.9333333333333333,0
L5-M3,1041,1040,2,2,9,9 10 11 12 13 40 41 42 43,2,1.2,0.8,1.6,0
L5-M3,1042,1041,7,-3,4,40 41 42 43,1,0.5333333333333333,0.4666666666666667,-1.4,0
L5-M3,1043,1042,1,3,6,20 21 22 40 41 42,1,0.8,0.19999999999999996,0.5999999999999999,0
L5-M3,1044,1043,4,0,3,40 41 42,0,0.4,-0.4,-0.0,0
L5-M3,1045,1044,1,3,6,37 38 39 40 41 42,1,0.8,0.19999999999999996,0.5999999999999999,0
L5-M3,1046,1045,6,-2,4,37 38 39 40,0,0.5333333333333333,-0.5333333333333333,1.0666666666666667,0
L5-M3,1047,1046,4,0,8,8 9 10 11 37 38 39 40,1,1.0666666666666667,-0.06666666666666665,-0.0,0
L5-M3,1048,1047,3,1,7,8 9 10 11 37 38 39,1,0.9333333333333333,0.06666666666666665,0.06666666666666665,0
L5-M3,1049,1048,5,-1,10,3 4 5 8 9 10 11 22 23 24,2,1.3333333333333333,0.6666666666666667,-0.6666666666666667,0
L5-M3,1050,1049,4,0,10,8 9 10 11 22 23 24 26 27 28,0,1.3333333333333333,-1.3333333333333333,-0.0,0
L5-M3,1051,1050,3,1,10,8 9 10 11 22 23 24 26 27 28,1,1.3333333333333333,-0.33333333333333326,-0.33333333333333326,0
L5-M3,1052,1051,7,-3,15,7 8 9 10 11 14 15 16 22 23 24 25 27 28 29,1,2.0,-1.0,3.0,0
L5-M3,1053,1052,1,3,15,7 8 9 10 11 14 15 16 22 23 24 25 40 41 42,1,2.0,-1.0,-3.0,0
L5-M3,1054,1053,1,3,15,7 8 9 10 11 14 15 16 23 24 25 39 40 41 42,1,2.0,-1.0,-3.0,0
L5-M3,1055,1054,6,-2,16,1 2 3 4 7 8 9 10 11 23 24 25 39 40 41 42,2,2.1333333333333333,-0.1333333333333333,0.2666666666666666,0
L5-M3,1056,1055,6,-2,16,1 2 3 8 9 10 11 23 24 25 39 40 41 42 43 44,1,2.1333333333333333,-1.1333333333333333,2.2666666666666666,0
L5-M3,1057,1056,4,0,13,1 2 3 8 9 10 11 39 40 41 42 43 44,2,1.7333333333333334,0.2666666666666666,0.0,0
L5-M3,1058,1057,2,2,17,1 2 3 9 10 11 15 16 17 18 37 38 39 41 42 43 44,1,2.2666666666666666,-1.2666666666666666,-2.533333333333333,0
L5-M3,1059,1058,7,-3,14,1 2 3 15 16 17 18 37 38 39 41 42 43 44,0,1.8666666666666667,-1.8666666666666667,5.6,0
L5-M3,1060,1059,5,-1,14,1 2 3 15 16 17 18 37 38 39 41 42 43 44,2,1.8666666666666667,0.1333333333333333,-0.1333333333333333,0
L5-M3,1061,1060,5,-1,12,4 5 6 14 15 16 17 18 41 42 43 44,1,1.6,-0.6000000000000001,0.6000000000000001,0
L5-M3,1062,1061,2,2,9,14 15 16 17 18 41 42 43 44,1,1.2,-0.19999999999999996,-0.3999999999999999,0
L5-M3,1063,1062,1,3,11,12 13 14 15 16 17 18 19 42 43 44,0,1.4666666666666666,-1.4666666666666666,-4.3999999999999995,0
L5-M3,1064,1063,6,-2,15,11 12 13 14 15 16 17 18 19 28 29 30 42 43 44,1,2.0,-1.0,2.0,0
L5-M3,1065,1064,4,0,13,11 12 13 14 15 16 17 28 29 30 42 43 44,0,1.7333333333333334,-1.7333333333333334,-0.0,0
L5-M3,1066,1065,5,-1,14,10 11 12 13 14 15 16 17 28 29 30 42 43 44,2,1.8666666666666667,0.1333333333333333,-0.1333333333333333,0
L5-M3,1067,1066,7,-3,13,12 13 14 15 25 26 27 28 29 30 42 43 44,1,1.7333333333333334,-0.7333333333333334,2.2,0
L5-M3,1068,1067,3,1,16,12 13 14 15 25 26 27 29 30 31 39 40 41 42 43 44,1,2.1333333333333333,-1.1333333333333333,-1.1333333333333333,0
L5-M3,1069,1068,1,3,16,12 13 14 15 29 30 31 36 37 38 39 40 41 42 43 44,1,2.1333333333333333,-1.1333333333333333,-3.4,0
L5-M3,1070,1069,7,-3,13,12 13 14 15 36 37 38 39 40 41 42 43 44,2,1.7333333333333334,0.2666666666666666,-0.7999999999999998,0
L5-M3,1071,1070,6,-2,9,36 37 38 39 40 42 43 44 45,0,1.2,-1.2,2.4,0
L5-M3,1072,1071,7,-3,12,15 16 17 36 37 38 39 40 42 43 44 45,2,1.6,0.3999999999999999,-1.1999999999999997,0
L5-M3,1073,1072,5,-1,5,36 37 38 39 40,1,0.6666666666666666,0.33333333333333337,-0.33333333333333337,0
L5-M3,1074,1073,2,2,7,7 8 9 24 25 26 27,1,0.9333333333333333,0.06666666666666665,0.1333333333333333,0
L5-M3,1075,1074,3,1,7,7 8 9 10 24 25 26,1,0.9333333333333333,0.06666666666666665,0.06666666666666665,0
L5-M3,1076,1075,2,2,11,3 4 5 7 8 9 10 12 13 14 15,3,1.4666666666666666,1.5333333333333334,3.066666666666667,0
L5-M3,1077,1076,4,0,6,10 11 12 13 14 15,0,0.8,-0.8,-0.0,0
L5-M3,1078,1077,5,-1,7,10 11 12 13 14 15 16,3,0.9333333333333333,2.0666666666666664,-2.0666666666666664,0
L5-M3,1079,1078,7,-3,0,,0,0.0,0.0,-0.0,0
L5-M3,1080,1079,2,2,9,19 20 21 22 25 26 27 28 29,0,1.2,-1.2,-2.4,0
L5-M3,1081,1080,6,-2,9,19 20 21 22 25 26 27 28 29,0,1.2,-1.2,2.4,0
L5-M3,1082,1081,4,0,13,19 20 21 22 25 26 27 28 29 32 33 34 35,5,1.7333333333333334,3.2666666666666666,0.0,0
L5-M3,1083,1082,4,0,6,28 29 30 39 40 41,0,0.8,-0.8,-0.0,0
L5-M3,1084,1083,5,-1,9,10 11 12 28 29 30 39 40 41,2,1.2,0.8,-0.8,0
L5-M3,1085,1084,1,3,10,4 5 6 17 18 19 20 39 40 41,3,1.3333333333333333,1.6666666666666667,5.0,0
L5-M3,1086,1085,5,-1,6,35 36 37 39 40 41,2,0.8,1.2,-1.2,0
L5-M3,1087,1086,7,-3,3,39 40 41,0,0.4,-0.4,1.2000000000000002,0
L5-M3,1088,1087,3,1,6,30 31 32 39 40 41,2,0.8,1.2,1.2,0
L5-M3,1089,1088,5,-1,3,1 2 3,0,0.4,-0.4,0.4,0
L5-M3,1090,1089,5,-1,6,1 2 3 8 9 10,0,0.8,-0.8,0.8,0
L5-M3,1091,1090,1,3,9,1 2 3 5 6 7 8 9 10,1,1.2,-0.19999999999999996,-0.5999999999999999,0
L5-M3,1092,1091,7,-3,13,1 2 3 7 8 9 10 15 16 17 25 26 27,2,1.7333333333333334,0.2666666666666666,-0.7999999999999998,0
L5-M3,1093,1092,6,-2,14,1 2 3 8 9 10 13 14 15 16 17 34 35 36,3,1.8666666666666667,1.1333333333333333,-2.2666666666666666,0
L5-M3,1094,1093,7,-3,7,1 2 3 13 14 15 16,1,0.9333333333333333,0.06666666666666665,-0.19999999999999996,0
L5-M3,1095,1094,7,-3,9,1 2 3 4 5 36 37 38 39,0,1.2,-1.2,3.5999999999999996,0
L5-M3,1096,1095,2,2,12,1 2 3 4 5 11 12 13 36 37 38 39,2,1.6,0.3999999999999999,0.7999999999999998,0
L5-M3,1097,1096,6,-2,8,2 3 4 5 36 37 38 39,1,1.0666666666666667,-0.06666666666666665,0.1333333333333333,0
L5-M3,1098,1097,1,3,4,2 3 4 5,0,0.5333333333333333,-0.5333333333333333,-1.6,0
L5-M3,1099,1098,2,2,10,2 3 4 5 9 10 11 30 31 32,1,1.3333333333333333,-0.33333333333333326,-0.6666666666666665,0
L5-M3,1100,1099,2,2,13,4 5 6 7 9 10 11 25 26 27 30 31 32,3,1.7333333333333334,1.2666666666666666,2.533333333333333,0
L5-M3,1101,1100,1,3,8,4 5 6 7 8 9 10 11,2,1.0666666666666667,0.9333333333333333,2.8,0
L5-M3,1102,1101,6,-2,4,8 9 10 11,0,0.5333333333333333,-0.5333333333333333,1.0666666666666667,0
L5-M3,1103,1102,3,1,8,8 9 10 11 32 33 34 35,1,1.0666666666666667,-0.06666666666666665,-0.06666666666666665,0
L5-M3,1104,1103,1,3,7,23 24 25 32 33 34 35,1,0.9333333333333333,0.06666666666666665,0.19999999999999996,0
L5-M3,1105,1104,2,2,13,2 3 4 5 18 19 20 23 24 25 32 33 34,1,1.7333333333333334,-0.7333333333333334,-1.4666666666666668,0
L5-M3,1106,1105,2,2,11,2 3 4 5 17 18 19 20 23 24 25,2,1.4666666666666666,0.5333333333333334,1.0666666666666669,0
L5-M3,1107,1106,5,-1,7,17 18 19 20 23 24 25,0,0.9333333333333333,-0.9333333333333333,0.9333333333333333,0
L5-M3,1108,1107,3,1,11,17 18 19 20 22 23 24 25 26 27 28,2,1.4666666666666666,0.5333333333333334,0.5333333333333334,0
L5-M3,1109,1108,4,0,10,8 9 10 11 12 13 22 23 24 25,3,1.3333333333333333,1.6666666666666667,0.0,0
L5-M3,1110,1109,1,3,6,20 21 22 23 24 25,2,0.8,1.2,3.5999999999999996,0
L5-M3,1111,1110,6,-2,10,15 16 17 18 23 24 25 34 35 36,0,1.3333333333333333,-1.3333333333333333,2.6666666666666665,0
L5-M3,1112,1111,2,2,13,15 16 17 18 23 24 25 27 28 29 34 35 36,2,1.7333333333333334,0.2666666666666666,0.5333333333333332,0
L5-M3,1113,1112,3,1,9,4 5 6 23 24 25 27 28 29,0,1.2,-1.2,-1.2,0
L5-M3,1114,1113,1,3,12,4 5 6 23 24 25 27 28 29 37 38 39,1,1.6,-0.6000000000000001,-1.8000000000000003,0
L5-M3,1115,1114,1,3,9,4 5 6 23 24 25 27 28 29,1,1.2,-0.19999999999999996,-0.5999999999999999,0
L5-M3,1116,1115,2,2,9,4 5 6 27 28 29 39 40 41,0,1.2,-1.2,-2.4,0
L5-M3,1117,1116,7,-3,12,1 2 3 4 5 6 27 28 29 39 40 41,2,1.6,0.3999999999999999,-1.1999999999999997,0
L5-M3,1118,1117,3,1,9,26 27 28 29 39 40 41 42 43,0,1.2,-1.2,-1.2,0
L5-M3,1119,1118,1,3,13,20 21 22 26 27 28 29 39 40 41 42 43 44,1,1.7333333333333334,-0.7333333333333334,-2.2,0
L5-M3,1120,1119,2,2,12,26 27 28 29 37 38 39 40 41 42 43 44,3,1.6,1.4,2.8,0
L5-M3,1121,1120,5,-1,14,5 6 7 8 21 22 23 24 27 28 29 42 43 44,3,1.8666666666666667,1.1333333333333333,-1.1333333333333333,0
L5-M3,1122,1121,2,2,6,21 22 23 27 28 29,1,0.8,0.19999999999999996,0.3999999999999999,0
L5-M3,1123,1122,4,0,3,27 28 29,0,0.4,-0.4,-0.0,0
L5-M3,1124,1123,5,-1,8,14 15 16 17 18 27 28 29,1,1.0666666666666667,-0.06666666666666665,0.06666666666666665,0
L5-M3,1125,1124,4,0,10,9 10 11 12 14 15 16 27 28 29,1,1.3333333333333333,-0.33333333333333326,-0.0,0
L5-M3,1126,1125,4,0,11,9 10 11 12 26 27 28 29 41 42 43,2,1.4666666666666666,0.5333333333333334,0.0,0
L5-M3,1127,1126,3,1,7,26 27 28 29 41 42 43,0,0.9333333333333333,-0.9333333333333333,-0.9333333333333333,0
L5-M3,1128,1127,6,-2,7,26 27 28 29 41 42 43,1,0.9333333333333333,0.06666666666666665,-0.1333333333333333,0
L5-M3,1129,1128,7,-3,9,18 19 20 21 22 23 41 42 43,0,1.2,-1.2,3.5999999999999996,0
L5-M3,1130,1129,5,-1,9,18 19 20 21 22 23 41 42 43,2,1.2,0.8,-0.8,0
L5-M3,1131,1130,7,-3,8,12 13 14 41 42 43 44 45,1,1.0666666666666667,-0.06666666666666665,0.19999999999999996,0
L5-M3,1132,1131,6,-2,7,39 40 41 42 43 44 45,1,0.9333333333333333,0.06666666666666665,-0.1333333333333333,0
L5-M3,1133,1132,1,3,14,22 23 24 29 30 31 32 35 36 37 42 43 44 45,1,1.8666666666666667,-0.8666666666666667,-2.6,0
L5-M3,1134,1133,4,0,14,22 23 24 30 31 32 33 35 36 37 42 43 44 45,1,1.8666666666666667,-0.8666666666666667,-0.0,0
L5-M3,1135,1134,6,-2,17,10 11 12 16 17 18 30 31 32 33 35 36 37 42 43 44 45,1,2.2666666666666666,-1.2666666666666666,2.533333333333333,0
L5-M3,1136,1135,2,2,17,10 11 12 15 16 17 18 30 31 32 35 36 37 42 43 44 45,3,2.2666666666666666,0.7333333333333334,1.4666666666666668,0
L5-M3,1137,1136,1,3,13,10 11 12 15 16 17 18 25 26 27 30 31 32,2,1.7333333333333334,0.2666666666666666,0.7999999999999998,0
L5-M3,1138,1137,5,-1,12,16 17 18 25 26 27 30 31 32 39 40 41,1,1.6,-0.6000000000000001,0.6000000000000001,0
L5-M3,1139,1138,7,-3,10,25 26 27 28 30 31 32 39 40 41,2,1.3333333333333333,0.6666666666666667,-2.0,0
L5-M3,1140,1139,4,0,7,22 23 24 25 26 27 28,1,0.9333333333333333,0.06666666666666665,0.0,0
L5-M3,1141,1140,3,1,9,1 2 3 23 24 25 26 27 28,1,1.2,-0.19999999999999996,-0.19999999999999996,0
L5-M3,1142,1141,4,0,10,1 2 3 23 24 25 41 42 43 44,2,1.3333333333333333,0.6666666666666667,0.0,0
L5-M3,1143,1142,3,1,7,23 24 25 42 43 44 45,0,0.9333333333333333,-0.9333333333333333,-0.9333333333333333,0
L5-M3,1144,1143,1,3,13,18 19 20 23 24 25 32 33 34 42 43 44 45,1,1.7333333333333334,-0.7333333333333334,-2.2,0
L5-M3,1145,1144,3,1,10,18 19 20 23 24 25 42 43 44 45,1,1.3333333333333333,-0.33333333333333326,-0.33333333333333326,0
L5-M3,1146,1145,4,0,10,18 19 20 22 23 24 25 38 39 40,2,1.3333333333333333,0.6666666666666667,0.0,0
L5-M3,1147,1146,5,-1,6,20 21 22 23 24 25,1,0.8,0.19999999999999996,-0.19999999999999996,0
L5-M3,1148,1147,6,-2,4,20 21 22 23,1,0.5333333333333333,0.4666666666666667,-0.9333333333333333,0
L5-M3,1149,1148,7,-3,6,8 9 10 28 29 30,1,0.8,0.19999999999999996,-0.5999999999999999,0
L5-M3,1150,1149,7,-3,3,28 29 30,0,0.4,-0.4,1.2000000000000002,0
L5-M3,1151,1150,4,0,4,28 29 30 31,1,0.5333333333333333,0.4666666666666667,0.0,0
L5-M3,1152,1151,3,1,5,40 41 42 43 44,0,0.6666666666666666,-0.6666666666666666,-0.6666666666666666,0
L5-M3,1153,1152,1,3,12,10 11 12 23 24 25 26 40 41 42 43 44,2,1.6,0.3999999999999999,1.1999999999999997,0
L5-M3,1154,1153,2,2,13,4 5 6 7 22 23 24 25 26 40 41 42 43,3,1.7333333333333334,1.2666666666666666,2.533333333333333,0
L5-M3,1155,1154,5,-1,13,5 6 7 19 20 21 23 24 25 40 41 42 43,1,1.7333333333333334,-0.7333333333333334,0.7333333333333334,0
L5-M3,1156,1155,2,2,11,5 6 7 23 24 25 39 40 41 42 43,2,1.4666666666666666,0.5333333333333334,1.0666666666666669,0
L5-M3,1157,1156,1,3,6,5 6 7 23 24 25,3,0.8,2.2,6.6000000000000005,0
L5-M3,1158,1157,7,-3,0,,0,0.0,0.0,-0.0,0
L5-M3,1159,1158,1,3,9,1 2 3 13 14 15 42 43 44,1,1.2,-0.19999999999999996,-0.5999999999999999,0
L5-M3,1160,1159,2,2,9,13 14 15 22 23 24 42 43 44,1,1.2,-0.19999999999999996,-0.3999999999999999,0
L5-M3,1161,1160,4,0,10,14 15 16 17 22 23 24 42 43 44,2,1.3333333333333333,0.6666666666666667,0.0,0
L5-M3,1162,1161,6,-2,7,14 15 16 17 29 30 31,1,0.9333333333333333,0.06666666666666665,-0.1333333333333333,0
L5-M3,1163,1162,1,3,7,4 5 6 14 15 16 17,2,0.9333333333333333,1.0666666666666667,3.2,0
L5-M3,1164,1163,2,2,6,4 5 6 30 31 32,0,0.8,-0.8,-1.6,0
L5-M3,1165,1164,3,1,11,3 4 5 6 8 9 10 11 30 31 32,1,1.4666666666666666,-0.46666666666666656,-0.46666666666666656,0
L5-M3,1166,1165,3,1,13,3 4 5 8 9 10 11 30 31 32 35 36 37,0,1.7333333333333334,-1.7333333333333334,-1.7333333333333334,0
L5-M3,1167,1166,2,2,15,3 4 5 8 9 10 11 12 30 31 32 34 35 36 37,3,2.0,1.0,2.0,0
L5-M3,1168,1167,3,1,11,3 4 5 9 10 11 12 19 20 21 22,2,1.4666666666666666,0.5333333333333334,0.5333333333333334,0
L5-M3,1169,1168,4,0,9,1 2 3 4 5 10 11 12 13,2,1.2,0.8,0.0,0
L5-M3,1170,1169,3,1,10,1 2 3 4 15 16 17 18 19 20,1,1.3333333333333333,-0.33333333333333326,-0.33333333333333326,0
L5-M3,1171,1170,3,1,9,15 16 17 18 19 20 43 44 45,1,1.2,-0.19999999999999996,-0.19999999999999996,0
L5-M3,1172,1171,7,-3,9,14 15 16 18 19 20 43 44 45,1,1.2,-0.19999999999999996,0.5999999999999999,0
L5-M3,1173,1172,7,-3,6,14 15 16 18 19 20,2,0.8,1.2,-3.5999999999999996,0
L5-M3,1174,1173,2,2,9,14 15 16 21 22 23 31 32 33,1,1.2,-0.19999999999999996,-0.3999999999999999,0
L5-M3,1175,1174,5,-1,9,21 22 23 25 26 27 31 32 33,1,1.2,-0.19999999999999996,0.19999999999999996,0
L5-M3,1176,1175,5,-1,8,21 22 23 25 26 27 28 29,1,1.0666666666666667,-0.06666666666666665,0.06666666666666665,0
L5-M3,1177,1176,5,-1,5,25 26 27 28 29,0,0.6666666666666666,-0.6666666666666666,0.6666666666666666,0
L5-M3,1178,1177,6,-2,8,22 23 24 25 26 27 28 29,1,1.0666666666666667,-0.06666666666666665,0.1333333333333333,0
L5-M3,1179,1178,4,0,5,22 23 24 25 26,1,0.6666666666666666,0.33333333333333337,0.0,0
L5-M3,1180,1179,4,0,7,12 13 14 36 37 38 39,2,0.9333333333333333,1.0666666666666667,0.0,0
L5-M3,1181,1180,1,3,4,31 32 33 34,1,0.5333333333333333,0.4666666666666667,1.4,0
L5-M3,1182,1181,5,-1,11,21 22 23 28 29 30 31 32 34 35 36,3,1.4666666666666666,1.5333333333333334,-1.5333333333333334,0
L5-M3,1183,1182,4,0,3,34 35 36,1,0.4,0.6,0.0,0
L5-M3,1184,1183,6,-2,0,,0,0.0,0.0,-0.0,0
L5-M3,1185,1184,7,-3,4,42 43 44 45,0,0.5333333333333333,-0.5333333333333333,1.6,0
L5-M3,1186,1185,7,-3,7,38 39 40 42 43 44 45,0,0.9333333333333333,-0.9333333333333333,2.8,0
L5-M3,1187,1186,7,-3,18,9 10 11 12 18 19 20 33 34 35 38 39 40 41 42 43 44 45,1,2.4,-1.4,4.199999999999999,0
L5-M3,1188,1187,7,-3,16,9 10 11 12 18 19 20 21 33 34 35 41 42 43 44 45,2,2.1333333333333333,-0.1333333333333333,0.3999999999999999,0
L5-M3,1189,1188,3,1,12,9 10 11 33 34 35 36 41 42 43 44 45,2,1.6,0.3999999999999999,0.3999999999999999,0
L5-M3,1190,1189,4,0,5,41 42 43 44 45,1,0.6666666666666666,0.33333333333333337,0.0,0
L5-M3,1191,1190,6,-2,9,30 31 32 33 34 41 42 43 44,1,1.2,-0.19999999999999996,0.3999999999999999,0
L5-M3,1192,1191,2,2,13,14 15 16 17 18 30 31 32 33 34 42 43 44,1,1.7333333333333334,-0.7333333333333334,-1.4666666666666668,0
L5-M3,1193,1192,2,2,11,13 14 15 30 31 32 33 34 42 43 44,0,1.4666666666666666,-1.4666666666666666,-2.933333333333333,0
L5-M3,1194,1193,4,0,11,13 14 15 30 31 32 33 34 42 43 44,3,1.4666666666666666,1.5333333333333334,0.0,0
L5-M3,1195,1194,1,3,7,29 30 31 32 42 43 44,0,0.9333333333333333,-0.9333333333333333,-2.8,0
L5-M3,1196,1195,7,-3,8,29 30 31 32 42 43 44 45,2,1.0666666666666667,0.9333333333333333,-2.8,0
L5-M3,1197,1196,3,1,10,20 21 22 30 31 32 41 42 43 44,1,1.3333333333333333,-0.33333333333333326,-0.33333333333333326,0
L5-M3,1198,1197,6,-2,7,20 21 22 23 30 31 32,1,0.9333333333333333,0.06666666666666665,-0.1333333333333333,0
L5-M3,1199,1198,1,3,11,9 10 11 16 17 18 19 20 21 22 23,1,1.4666666666666666,-0.46666666666666656,-1.3999999999999997,0
L5-M3,1200,1199,1,3,10,9 10 11 17 18 19 20 21 22 23,1,1.3333333333333333,-0.33333333333333326,-0.9999999999999998,0
L5-M3,1201,1200,7,-3,13,9 10 11 17 18 19 21 22 23 34 35 36 37,3,1.7333333333333334,1.2666666666666666,-3.8,0
L5-M3,1202,1201,7,-3,12,10 11 12 13 14 15 17 18 19 21 22 23,2,1.6,0.3999999999999999,-1.1999999999999997,0
L5-M3,1203,1202,2,2,10,13 14 15 17 18 19 42 43 44 45,1,1.3333333333333333,-0.33333333333333326,-0.6666666666666665,0
L5-M3,1204,1203,4,0,8,13 14 15 41 42 43 44 45,1,1.0666666666666667,-0.06666666666666665,-0.0,0
L5-M3,1205,1204,3,1,6,13 14 15 41 42 43,1,0.8,0.19999999999999996,0.19999999999999996,0
L5-M3,1206,1205,2,2,3,13 14 15,0,0.4,-0.4,-0.8,0
L5-M3,1207,1206,4,0,6,9 10 11 13 14 15,1,0.8,0.19999999999999996,0.0,0
L5-M3,1208,1207,2,2,11,11 12 13 14 15 19 20 21 32 33 34,0,1.4666666666666666,-1.4666666666666666,-2.933333333333333,0
L5-M3,1209,1208,2,2,13,11 12 13 14 15 18 19 20 21 32 33 34 35,2,1.7333333333333334,0.2666666666666666,0.5333333333333332,0
L5-M3,1210,1209,4,0,11,7 8 9 11 12 13 14 15 32 33 34,2,1.4666666666666666,0.5333333333333334,0.0,0
L5-M3,1211,1210,6,-2,10,11 12 13 14 15 16 31 32 33 34,0,1.3333333333333333,-1.3333333333333333,2.6666666666666665,0
L5-M3,1212,1211,1,3,13,3 4 5 11 12 13 14 15 16 31 32 33 34,2,1.7333333333333334,0.2666666666666666,0.7999999999999998,0
L5-M3,1213,1212,7,-3,10,10 11 12 13 14 15 16 32 33 34,1,1.3333333333333333,-0.33333333333333326,0.9999999999999998,0
L5-M3,1214,1213,1,3,11,12 13 14 15 16 28 29 30 32 33 34,3,1.4666666666666666,1.5333333333333334,4.6000000000000005,0
L5-M3,1215,1214,2,2,9,2 3 4 12 13 14 20 21 22,2,1.2,0.8,1.6,0
L5-M3,1216,1215,5,-1,7,1 2 3 4 16 17 18,1,0.9333333333333333,0.06666666666666665,-0.06666666666666665,0
L5-M3,1217,1216,7,-3,3,16 17 18,0,0.4,-0.4,1.2000000000000002,0
L5-M3,1218,1217,7,-3,8,16 17 18 39 40 41 42 43,1,1.0666666666666667,-0.06666666666666665,0.19999999999999996,0
L5-M3,1219,1218,2,2,15,4 5 6 7 16 17 18 34 35 36 37 38 39 40 41,1,2.0,-1.0,-2.0,0
L5-M3,1220,1219,5,-1,16,4 5 6 7 16 17 18 25 26 27 33 34 35 36 37 38,2,2.1333333333333333,-0.1333333333333333,0.1333333333333333,0
L5-M3,1221,1220,2,2,15,4 5 6 7 11 12 13 16 17 18 19 35 36 37 38,4,2.0,2.0,4.0,0
L5-M3,1222,1221,2,2,0,,0,0.0,0.0,0.0,0
L5-M3,1223,1222,6,-2,7,7 8 9 10 19 20 21,1,0.9333333333333333,0.06666666666666665,-0.1333333333333333,0
L5-M3,1224,1223,4,0,4,7 8 9 10,1,0.5333333333333333,0.4666666666666667,0.0,0
L5-M3,1225,1224,5,-1,0,,0,0.0,0.0,-0.0,0
L5-M3,1226,1225,5,-1,3,1 2 3,0,0.4,-0.4,0.4,0
L5-M3,1227,1226,7,-3,11,1 2 3 29 30 31 34 35 36 37 38,2,1.4666666666666666,0.5333333333333334,-1.6000000000000003,0
L5-M3,1228,1227,2,2,13,10 11 12 22 23 24 29 30 31 35 36 37 38,5,1.7333333333333334,3.2666666666666666,6.533333333333333,0
L5-M3,1229,1228,1,3,8,10 11 12 36 37 38 39 40,2,1.0666666666666667,0.9333333333333333,2.8,0
L5-M3,1230,1229,3,1,7,20 21 22 23 38 39 40,1,0.9333333333333333,0.06666666666666665,0.06666666666666665,0
L5-M3,1231,1230,7,-3,7,18 19 20 21 38 39 40,2,0.9333333333333333,1.0666666666666667,-3.2,0
L5-M3,1232,1231,4,0,9,5 6 7 19 20 21 25 26 27,1,1.2,-0.19999999999999996,-0.0,0
L5-M3,1233,1232,1,3,9,5 6 7 25 26 27 39 40 41,3,1.2,1.8,5.4,0
L5-M3,1234,1233,5,-1,3,43 44 45,1,0.4,0.6,-0.6,0
L5-M3,1235,1234,4,0,3,32 33 34,0,0.4,-0.4,-0.0,0
L5-M3,1236,1235,5,-1,11,8 9 10 26 27 28 29 30 32 33 34,2,1.4666666666666666,0.5333333333333334,-0.5333333333333334,0
L5-M3,1237,1236,1,3,9,3 4 5 8 9 10 26 27 28,1,1.2,-0.19999999999999996,-0.5999999999999999,0
L5-M3,1238,1237,5,-1,6,3 4 5 26 27 28,0,0.8,-0.8,0.8,0
L5-M4,21,20,7,-3,5,25 26 27 28 29,0,0.6666666666666666,-0.6666666666666666,2.0,0
L5-M4,22,21,5,-1,6,24 25 26 27 28 29,0,0.8,-0.8,0.8,0
L5-M4,23,22,6,-2,6,24 25 26 27 28 29,0,0.8,-0.8,1.6,0
L5-M4,24,23,7,-3,10,24 25 26 27 28 29 34 35 36 37,3,1.3333333333333333,1.6666666666666667,-5.0,0
L5-M4,25,24,1,3,0,,0,0.0,0.0,0.0,0
L5-M4,26,25,3,1,4,22 23 24 25,1,0.5333333333333333,0.4666666666666667,0.4666666666666667,0
L5-M4,27,26,7,-3,4,9 10 11 12,0,0.5333333333333333,-0.5333333333333333,1.6,0
L5-M4,28,27,4,0,8,9 10 11 12 38 39 40 41,1,1.0666666666666667,-0.06666666666666665,-0.0,0
L5-M4,29,28,1,3,18,10 11 12 13 14 15 16 17 30 31 32 33 34 38 39 40 41 42,4,2.4,1.6,4.800000000000001,0
L5-M4,30,29,3,1,9,14 15 16 17 29 30 31 32 33,1,1.2,-0.19999999999999996,-0.19999999999999996,0
L5-M4,31,30,1,3,5,29 30 31 32 33,0,0.6666666666666666,-0.6666666666666666,-2.0,0
L5-M4,32,31,6,-2,5,29 30 31 32 33,0,0.6666666666666666,-0.6666666666666666,1.3333333333333333,0
L5-M4,33,32,2,2,5,29 30 31 32 33,2,0.6666666666666666,1.3333333333333335,2.666666666666667,0
L5-M4,34,33,3,1,0,,0,0.0,0.0,0.0,0
L5-M4,35,34,1,3,4,10 11 12 13,1,0.5333333333333333,0.4666666666666667,1.4,0
L5-M4,36,35,6,-2,0,,0,0.0,0.0,-0.0,0
L5-M4,37,36,6,-2,4,15 16 17 18,0,0.5333333333333333,-0.5333333333333333,1.0666666666666667,0
L5-M4,38,37,7,-3,11,12 13 14 15 16 17 18 19 20 21 22,3,1.4666666666666666,1.5333333333333334,-4.6000000000000005,0
L5-M4,39,38,5,-1,8,12 13 14 15 18 19 20 21,3,1.0666666666666667,1.9333333333333333,-1.9333333333333333,0
L5-M4,40,39,3,1,0,,0,0.0,0.0,0.0,0
L5-M4,41,40,1,3,4,2 3 4 5,0,0.5333333333333333,-0.5333333333333333,-1.6,0
L5-M4,42,41,4,0,14,1 2 3 4 5 8 9 10 11 12 39 40 41 42,0,1.8666666666666667,-1.8666666666666667,-0.0,0
L5-M4,43,42,1,3,14,1 2 3 4 5 8 9 10 11 12 39 40 41 42,1,1.8666666666666667,-0.8666666666666667,-2.6,0
L5-M4,44,43,1,3,14,1 2 3 4 5 8 9 10 11 12 27 28 29 30,3,1.8666666666666667,1.1333333333333333,3.4,0
L5-M4,45,44,6,-2,0,,0,0.0,0.0,-0.0,0
L5-M4,46,45,3,1,0,,0,0.0,0.0,0.0,0
L5-M4,47,46,7,-3,4,40 41 42 43,0,0.5333333333333333,-0.5333333333333333,1.6,0
L5-M4,48,47,4,0,4,40 41 42 43,0,0.5333333333333333,-0.5333333333333333,-0.0,0
L5-M4,49,48,1,3,6,39 40 41 42 43 44,1,0.8,0.19999999999999996,0.5999999999999999,0
L5-M4,50,49,5,-1,4,41 42 43 44,1,0.5333333333333333,0.4666666666666667,-0.4666666666666667,0
L5-M4,51,50,1,3,4,27 28 29 30,0,0.5333333333333333,-0.5333333333333333,-1.6,0
L5-M4,52,51,6,-2,4,27 28 29 30,1,0.5333333333333333,0.4666666666666667,-0.9333333333333333,0
L5-M4,53,52,1,3,0,,0,0.0,0.0,0.0,0
L5-M4,54,53,7,-3,5,34 35 36 37 38,1,0.6666666666666666,0.33333333333333337,-1.0,0
L5-M4,55,54,6,-2,4,40 41 42 43,1,0.5333333333333333,0.4666666666666667,-0.9333333333333333,0
L5-M4,56,55,1,3,4,22 23 24 25,0,0.5333333333333333,-0.5333333333333333,-1.6,0
L5-M4,57,56,3,1,5,22 23 24 25 26,1,0.6666666666666666,0.33333333333333337,0.33333333333333337,0
L5-M4,58,57,1,3,5,2 3 4 5 6,0,0.6666666666666666,-0.6666666666666666,-2.0,0
L5-M4,59,58,1,3,5,2 3 4 5 6,1,0.6666666666666666,0.33333333333333337,1.0,0
L5-M4,60,59,2,2,5,1 2 3 4 5,1,0.6666666666666666,0.33333333333333337,0.6666666666666667,0
L5-M4,61,60,3,1,7,17 18 19 20 21 22 23,1,0.9333333333333333,0.06666666666666665,0.06666666666666665,0
L5-M4,62,61,1,3,4,20 21 22 23,0,0.5333333333333333,-0.5333333333333333,-1.6,0
L5-M4,63,62,4,0,4,20 21 22 23,2,0.5333333333333333,1.4666666666666668,0.0,0
L5-M4,64,63,2,2,9,9 10 11 12 13 31 32 33 34,0,1.2,-1.2,-2.4,0
L5-M4,65,64,7,-3,13,4 5 6 7 9 10 11 12 13 31 32 33 34,2,1.7333333333333334,0.2666666666666666,-0.7999999999999998,0
L5-M4,66,65,5,-1,5,9 10 11 12 13,0,0.6666666666666666,-0.6666666666666666,0.6666666666666666,0
L5-M4,67,66,7,-3,5,9 10 11 12 13,1,0.6666666666666666,0.33333333333333337,-1.0,0
L5-M4,68,67,5,-1,6,27 28 29 30 31 32,0,0.8,-0.8,0.8,0
L5-M4,69,68,6,-2,6,27 28 29 30 31 32,0,0.8,-0.8,1.6,0
L5-M4,70,69,6,-2,6,27 28 29 30 31 32,1,0.8,0.19999999999999996,-0.3999999999999999,0
L5-M4,71,70,5,-1,7,29 30 31 32 33 34 35,1,0.9333333333333333,0.06666666666666665,-0.06666666666666665,0
L5-M4,72,71,5,-1,6,30 31 32 33 34 35,0,0.8,-0.8,0.8,0
L5-M4,73,72,1,3,9,30 31 32 33 34 35 36 37 38,1,1.2,-0.19999999999999996,-0.5999999999999999,0
L5-M4,74,73,5,-1,6,33 34 35 36 37 38,1,0.8,0.19999999999999996,-0.19999999999999996,0
L5-M4,75,74,5,-1,4,36 37 38 39,0,0.5333333333333333,-0.5333333333333333,0.5333333333333333,0
L5-M4,76,75,4,0,9,19 20 21 22 23 36 37 38 39,2,1.2,0.8,0.0,0
L5-M4,77,76,7,-3,8,7 8 9 10 28 29 30 31,1,1.0666666666666667,-0.06666666666666665,0.19999999999999996,0
L5-M4,78,77,5,-1,5,7 8 9 10 11,1,0.6666666666666666,0.33333333333333337,-0.33333333333333337,0
L5-M4,79,78,7,-3,0,,0,0.0,0.0,-0.0,0
L5-M4,80,79,3,1,9,6 7 8 9 38 39 40 41 42,0,1.2,-1.2,-1.2,0
L5-M4,81,80,1,3,11,4 5 6 7 8 9 38 39 40 41 42,2,1.4666666666666666,0.5333333333333334,1.6000000000000003,0
L5-M4,82,81,2,2,7,36 37 38 39 40 41 42,1,0.9333333333333333,0.06666666666666665,0.1333333333333333,0
L5-M4,83,82,6,-2,6,36 37 38 39 40 41,0,0.8,-0.8,1.6,0
L5-M4,84,83,3,1,7,35 36 37 38 39 40 41,0,0.9333333333333333,-0.9333333333333333,-0.9333333333333333,0
L5-M4,85,84,1,3,7,35 36 37 38 39 40 41,1,0.9333333333333333,0.06666666666666665,0.19999999999999996,0
L5-M4,86,85,4,0,5,37 38 39 40 41,3,0.6666666666666666,2.3333333333333335,0.0,0
L5-M4,87,86,3,1,0,,0,0.0,0.0,0.0,0
L5-M4,88,87,5,-1,0,,0,0.0,0.0,-0.0,0
L5-M4,89,88,5,-1,0,,0,0.0,0.0,-0.0,0
L5-M4,90,89,6,-2,0,,0,0.0,0.0,-0.0,0
L5-M4,91,90,1,3,7,5 6 7 8 9 10 11,0,0.9333333333333333,-0.9333333333333333,-2.8,0
L5-M4,92,91,5,-1,7,5 6 7 8 9 10 11,0,0.9333333333333333,-0.9333333333333333,0.9333333333333333,0
L5-M4,93,92,3,1,9,5 6 7 8 9 10 11 12 13,1,1.2,-0.19999999999999996,-0.19999999999999996,0
L5-M4,94,93,2,2,7,7 8 9 10 11 12 13,0,0.9333333333333333,-0.9333333333333333,-1.8666666666666667,0
L5-M4,95,94,2,2,7,7 8 9 10 11 12 13,1,0.9333333333333333,0.06666666666666665,0.1333333333333333,0
L5-M4,96,95,2,2,5,9 10 11 12 13,0,0.6666666666666666,-0.6666666666666666,-1.3333333333333333,0
L5-M4,97,96,4,0,5,9 10 11 12 13,0,0.6666666666666666,-0.6666666666666666,-0.0,0
L5-M4,98,97,1,3,5,9 10 11 12 13,1,0.6666666666666666,0.33333333333333337,1.0,0
L5-M4,99,98,7,-3,4,10 11 12 13,1,0.5333333333333333,0.4666666666666667,-1.4,0
L5-M4,100,99,4,0,5,38 39 40 41 42,1,0.6666666666666666,0.33333333333333337,0.0,0
L5-M4,101,100,2,2,4,38 39 40 41,0,0.5333333333333333,-0.5333333333333333,-1.0666666666666667,0
L5-M4,102,101,3,1,4,38 39 40 41,1,0.5333333333333333,0.4666666666666667,0.4666666666666667,0
L5-M4,103,102,7,-3,8,12 13 14 15 18 19 20 21,2,1.0666666666666667,0.9333333333333333,-2.8,0
L5-M4,104,103,2,2,4,18 19 20 21,0,0.5333333333333333,-0.5333333333333333,-1.0666666666666667,0
L5-M4,105,104,5,-1,4,18 19 20 21,1,0.5333333333333333,0.4666666666666667,-0.4666666666666667,0
L5-M4,106,105,4,0,4,36 37 38 39,0,0.5333333333333333,-0.5333333333333333,-0.0,0
L5-M4,107,106,6,-2,4,36 37 38 39,0,0.5333333333333333,-0.5333333333333333,1.0666666666666667,0
L5-M4,108,107,6,-2,6,35 36 37 38 39 40,0,0.8,-0.8,1.6,0
L5-M4,109,108,2,2,14,13 14 15 16 25 26 27 28 35 36 37 38 39 40,1,1.8666666666666667,-0.8666666666666667,-1.7333333333333334,0
L5-M4,110,109,3,1,13,13 14 15 16 17 25 26 27 28 37 38 39 40,0,1.7333333333333334,-1.7333333333333334,-1.7333333333333334,0
L5-M4,111,110,1,3,14,13 14 15 16 17 25 26 27 28 37 38 39 40 41,1,1.8666666666666667,-0.8666666666666667,-2.6,0
L5-M4,112,111,3,1,13,10 11 12 13 14 15 16 17 24 25 26 27 28,1,1.7333333333333334,-0.7333333333333334,-0.7333333333333334,0
L5-M4,113,112,7,-3,10,8 9 10 11 12 13 14 15 16 17,1,1.3333333333333333,-0.33333333333333326,0.9999999999999998,0
L5-M4,114,113,3,1,8,10 11 12 13 14 15 16 17,2,1.0666666666666667,0.9333333333333333,0.9333333333333333,0
L5-M4,115,114,1,3,0,,0,0.0,0.0,0.0,0
L5-M4,116,115,7,-3,5,20 21 22 23 24,0,0.6666666666666666,-0.6666666666666666,2.0,0
L5-M4,117,116,3,1,9,15 16 17 18 20 21 22 23 24,1,1.2,-0.19999999999999996,-0.19999999999999996,0
L5-M4,118,117,5,-1,4,15 16 17 18,1,0.5333333333333333,0.4666666666666667,-0.4666666666666667,0
L5-M4,119,118,7,-3,0,,0,0.0,0.0,-0.0,0
L5-M4,120,119,7,-3,6,38 39 40 41 42 43,0,0.8,-0.8,2.4000000000000004,0
L5-M4,121,120,5,-1,11,26 27 28 29 30 38 39 40 41 42 43,4,1.4666666666666666,2.533333333333333,-2.533333333333333,0
L5-M4,122,121,1,3,9,23 24 25 26 27 39 40 41 42,1,1.2,-0.19999999999999996,-0.5999999999999999,0
L5-M4,123,122,2,2,5,23 24 25 26 27,0,0.6666666666666666,-0.6666666666666666,-1.3333333333333333,0
L5-M4,124,123,4,0,6,22 23 24 25 26 27,2,0.8,1.2,0.0,0
L5-M4,125,124,1,3,4,19 20 21 22,0,0.5333333333333333,-0.5333333333333333,-1.6,0
L5-M4,126,125,3,1,4,19 20 21 22,2,0.5333333333333333,1.4666666666666668,1.4666666666666668,0
L5-M4,127,126,1,3,4,12 13 14 15,0,0.5333333333333333,-0.5333333333333333,-1.6,0
L5-M4,128,127,6,-2,5,11 12 13 14 15,1,0.6666666666666666,0.33333333333333337,-0.6666666666666667,0
L5-M4,129,128,6,-2,0,,0,0.0,0.0,-0.0,0
L5-M4,130,129,1,3,6,13 14 15 16 17 18,0,0.8,-0.8,-2.4000000000000004,0
L5-M4,131,130,5,-1,6,13 14 15 16 17 18,2,0.8,1.2,-1.2,0
L5-M4,132,131,7,-3,0,,0,0.0,0.0,-0.0,0
L5-M4,133,132,6,-2,0,,0,0.0,0.0,-0.0,0
L5-M4,134,133,3,1,5,29 30 31 32 33,1,0.6666666666666666,0.33333333333333337,0.33333333333333337,0
L5-M4,135,134,7,-3,5,36 37 38 39 40,1,0.6666666666666666,0.33333333333333337,-1.0,0
L5-M4,136,135,3,1,0,,0,0.0,0.0,0.0,0
L5-M4,137,136,2,2,4,8 9 10 11,1,0.5333333333333333,0.4666666666666667,0.9333333333333333,0
L5-M4,138,137,3,1,0,,0,0.0,0.0,0.0,0
L5-M4,139,138,3,1,0,,0,0.0,0.0,0.0,0
L5-M4,140,139,3,1,4,31 32 33 34,0,0.5333333333333333,-0.5333333333333333,-0.5333333333333333,0
L5-M4,141,140,2,2,9,21 22 23 24 31 32 33 34 35,1,1.2,-0.19999999999999996,-0.3999999999999999,0
L5-M4,142,141,1,3,8,21 22 23 24 32 33 34 35,1,1.0666666666666667,-0.06666666666666665,-0.19999999999999996,0
L5-M4,143,142,3,1,10,4 5 6 7 21 22 23 24 25 26,1,1.3333333333333333,-0.33333333333333326,-0.33333333333333326,0
L5-M4,144,143,1,3,14,4 5 6 7 21 22 23 24 25 35 36 37 38 39,3,1.8666666666666667,1.1333333333333333,3.4,0
L5-M4,145,144,7,-3,6,20 21 22 23 24 25,1,0.8,0.19999999999999996,-0.5999999999999999,0
L5-M4,146,145,3,1,5,21 22 23 24 25,0,0.6666666666666666,-0.6666666666666666,-0.6666666666666666,0
L5-M4,147,146,3,1,12,5 6 7 8 9 10 11 21 22 23 24 25,2,1.6,0.3999999999999999,0.3999999999999999,0
L5-M4,148,147,5,-1,16,7 8 9 10 11 12 22 23 24 25 29 30 31 32 33 34,3,2.1333333333333333,0.8666666666666667,-0.8666666666666667,0
L5-M4,149,148,1,3,11,7 8 9 10 11 12 28 29 30 31 32,1,1.4666666666666666,-0.46666666666666656,-1.3999999999999997,0
L5-M4,150,149,4,0,14,7 8 9 10 14 15 16 17 18 28 29 30 31 32,2,1.8666666666666667,0.1333333333333333,0.0,0
L5-M4,151,150,2,2,12,7 8 9 10 14 15 16 17 29 30 31 32,1,1.6,-0.6000000000000001,-1.2000000000000002,0
L5-M4,152,151,5,-1,8,14 15 16 17 29 30 31 32,1,1.0666666666666667,-0.06666666666666665,0.06666666666666665,0
L5-M4,153,152,7,-3,8,6 7 8 9 14 15 16 17,1,1.0666666666666667,-0.06666666666666665,0.19999999999999996,0
L5-M4,154,153,6,-2,8,14 15 16 17 30 31 32 33,0,1.0666666666666667,-1.0666666666666667,2.1333333333333333,0
L5-M4,155,154,3,1,12,14 15 16 17 30 31 32 33 41 42 43 44,4,1.6,2.4,2.4,0
L5-M4,156,155,1,3,4,22 23 24 25,0,0.5333333333333333,-0.5333333333333333,-1.6,0
L5-M4,157,156,1,3,4,22 23 24 25,0,0.5333333333333333,-0.5333333333333333,-1.6,0
L5-M4,158,157,6,-2,4,22 23 24 25,0,0.5333333333333333,-0.5333333333333333,1.0666666666666667,0
L5-M4,159,158,2,2,4,22 23 24 25,0,0.5333333333333333,-0.5333333333333333,-1.0666666666666667,0
L5-M4,160,159,4,0,4,22 23 24 25,0,0.5333333333333333,-0.5333333333333333,-0.0,0
L5-M4,161,160,1,3,8,14 15 16 17 22 23 24 25,1,1.0666666666666667,-0.06666666666666665,-0.19999999999999996,0
L5-M4,162,161,6,-2,4,14 15 16 17,0,0.5333333333333333,-0.5333333333333333,1.0666666666666667,0
L5-M4,163,162,4,0,8,14 15 16 17 26 27 28 29,3,1.0666666666666667,1.9333333333333333,0.0,0
L5-M4,164,163,3,1,6,12 13 14 15 16 17,0,0.8,-0.8,-0.8,0
L5-M4,165,164,5,-1,13,12 13 14 15 16 17 18 19 20 30 31 32 33,3,1.7333333333333334,1.2666666666666666,-1.2666666666666666,0
L5-M4,166,165,6,-2,8,14 15 16 17 30 31 32 33,0,1.0666666666666667,-1.0666666666666667,2.1333333333333333,0
L5-M4,167,166,3,1,10,14 15 16 17 30 31 32 33 34 35,1,1.3333333333333333,-0.33333333333333326,-0.33333333333333326,0
L5-M4,168,167,1,3,13,1 2 3 4 14 15 16 17 31 32 33 34 35,2,1.7333333333333334,0.2666666666666666,0.7999999999999998,0
L5-M4,169,168,3,1,8,14 15 16 17 32 33 34 35,2,1.0666666666666667,0.9333333333333333,0.9333333333333333,0
L5-M4,170,169,2,2,0,,0,0.0,0.0,0.0,0
L5-M4,171,170,2,2,12,4 5 6 7 8 17 18 19 20 21 22 23,1,1.6,-0.6000000000000001,-1.2000000000000002,0
L5-M4,172,171,1,3,12,5 6 7 8 9 17 18 19 20 21 22 23,2,1.6,0.3999999999999999,1.1999999999999997,0
L5-M4,173,172,6,-2,5,5 6 7 8 9,1,0.6666666666666666,0.33333333333333337,-0.6666666666666667,0
L5-M4,174,173,3,1,4,5 6 7 8,0,0.5333333333333333,-0.5333333333333333,-0.5333333333333333,0
L5-M4,175,174,3,1,4,5 6 7 8,0,0.5333333333333333,-0.5333333333333333,-0.5333333333333333,0
L5-M4,176,175,1,3,8,5 6 7 8 42 43 44 45,0,1.0666666666666667,-1.0666666666666667,-3.2,0
L5-M4,177,176,2,2,8,5 6 7 8 42 43 44 45,1,1.0666666666666667,-0.06666666666666665,-0.1333333333333333,0
L5-M4,178,177,2,2,4,5 6 7 8,1,0.5333333333333333,0.4666666666666667,0.9333333333333333,0
L5-M4,179,178,3,1,4,6 7 8 9,1,0.5333333333333333,0.4666666666666667,0.4666666666666667,0
L5-M4,180,179,5,-1,0,,0,0.0,0.0,-0.0,0
L5-M4,181,180,5,-1,0,,0,0.0,0.0,-0.0,0
L5-M4,182,181,6,-2,0,,0,0.0,0.0,-0.0,0
L5-M4,183,182,6,-2,4,35 36 37 38,0,0.5333333333333333,-0.5333333333333333,1.0666666666666667,0
L5-M4,184,183,2,2,4,35 36 37 38,0,0.5333333333333333,-0.5333333333333333,-1.0666666666666667,0
L5-M4,185,184,7,-3,11,7 8 9 10 11 12 35 36 37 38 39,2,1.4666666666666666,0.5333333333333334,-1.6000000000000003,0
L5-M4,186,185,5,-1,4,9 10 11 12,1,0.5333333333333333,0.4666666666666667,-0.4666666666666667,0
L5-M4,187,186,2,2,0,,0,0.0,0.0,0.0,0
L5-M4,188,187,7,-3,4,25 26 27 28,1,0.5333333333333333,0.4666666666666667,-1.4,0
L5-M4,189,188,7,-3,6,39 40 41 42 43 44,0,0.8,-0.8,2.4000000000000004,0
L5-M4,190,189,3,1,6,39 40 41 42 43 44,1,0.8,0.19999999999999996,0.19999999999999996,0
L5-M4,191,190,3,1,5,39 40 41 42 43,0,0.6666666666666666,-0.6666666666666666,-0.6666666666666666,0
L5-M4,192,191,3,1,14,9 10 11 12 13 20 21 22 23 39 40 41 42 43,1,1.8666666666666667,-0.8666666666666667,-0.8666666666666667,0
L5-M4,193,192,5,-1,10,20 21 22 23 38 39 40 41 42 43,1,1.3333333333333333,-0.33333333333333326,0.33333333333333326,0
L5-M4,194,193,2,2,9,19 20 21 22 23 40 41 42 43,2,1.2,0.8,1.6,0
L5-M4,195,194,5,-1,4,40 41 42 43,1,0.5333333333333333,0.4666666666666667,-0.4666666666666667,0
L5-M4,196,195,5,-1,5,27 28 29 30 31,0,0.6666666666666666,-0.6666666666666666,0.6666666666666666,0
L5-M4,197,196,1,3,8,27 28 29 30 31 32 33 34,1,1.0666666666666667,-0.06666666666666665,-0.19999999999999996,0
L5-M4,198,197,1,3,12,1 2 3 4 5 27 28 29 30 31 32 33,0,1.6,-1.6,-4.800000000000001,0
L5-M4,199,198,1,3,13,1 2 3 4 5 6 27 28 29 30 31 32 33,1,1.7333333333333334,-0.7333333333333334,-2.2,0
L5-M4,200,199,7,-3,10,1 2 3 4 5 6 26 27 28 29,2,1.3333333333333333,0.6666666666666667,-2.0,0
L5-M4,201,200,3,1,12,1 2 3 4 8 9 10 11 26 27 28 29,2,1.6,0.3999999999999999,0.3999999999999999,0
L5-M4,202,201,4,0,4,26 27 28 29,1,0.5333333333333333,0.4666666666666667,0.0,0
L5-M4,203,202,3,1,4,7 8 9 10,0,0.5333333333333333,-0.5333333333333333,-0.5333333333333333,0
L5-M4,204,203,3,1,8,7 8 9 10 40 41 42 43,1,1.0666666666666667,-0.06666666666666665,-0.06666666666666665,0
L5-M4,205,204,2,2,4,7 8 9 10,0,0.5333333333333333,-0.5333333333333333,-1.0666666666666667,0
L5-M4,206,205,5,-1,13,4 5 6 7 8 9 10 15 16 17 18 19 20,2,1.7333333333333334,0.2666666666666666,-0.2666666666666666,0
L5-M4,207,206,7,-3,11,4 5 6 7 8 9 10 16 17 18 19,0,1.4666666666666666,-1.4666666666666666,4.3999999999999995,0
L5-M4,208,207,7,-3,15,4 5 6 7 8 9 10 16 17 18 19 41 42 43 44,1,2.0,-1.0,3.0,0
L5-M4,209,208,2,2,11,4 5 6 7 8 9 10 16 17 18 19,2,1.4666666666666666,0.5333333333333334,1.0666666666666669,0
L5-M4,210,209,7,-3,0,,0,0.0,0.0,-0.0,0
L5-M4,211,210,7,-3,5,26 27 28 29 30,0,0.6666666666666666,-0.6666666666666666,2.0,0
L5-M4,212,211,1,3,5,26 27 28 29 30,0,0.6666666666666666,-0.6666666666666666,-2.0,0
L5-M4,213,212,1,3,9,3 4 5 6 26 27 28 29 30,3,1.2,1.8,5.4,0
L5-M4,214,213,7,-3,9,26 27 28 29 30 42 43 44 45,1,1.2,-0.19999999999999996,0.5999999999999999,0
L5-M4,215,214,6,-2,4,42 43 44 45,2,0.5333333333333333,1.4666666666666668,-2.9333333333333336,0
L5-M4,216,215,3,1,0,,0,0.0,0.0,0.0,0
L5-M4,217,216,1,3,0,,0,0.0,0.0,0.0,0
L5-M4,218,217,6,-2,11,8 9 10 11 12 13 14 29 30 31 32,3,1.4666666666666666,1.5333333333333334,-3.066666666666667,0
L5-M4,219,218,5,-1,9,9 10 11 12 13 21 22 23 24,1,1.2,-0.19999999999999996,0.19999999999999996,0
L5-M4,220,219,3,1,5,21 22 23 24 25,1,0.6666666666666666,0.33333333333333337,0.33333333333333337,0
L5-M4,221,220,5,-1,4,22 23 24 25,0,0.5333333333333333,-0.5333333333333333,0.5333333333333333,0
L5-M4,222,221,2,2,4,22 23 24 25,0,0.5333333333333333,-0.5333333333333333,-1.0666666666666667,0
L5-M4,223,222,7,-3,4,22 23 24 25,0,0.5333333333333333,-0.5333333333333333,1.6,0
L5-M4,224,223,7,-3,10,12 13 14 15 16 17 22 23 24 25,0,1.3333333333333333,-1.3333333333333333,4.0,0
L5-M4,225,224,2,2,10,12 13 14 15 16 17 22 23 24 25,1,1.3333333333333333,-0.33333333333333326,-0.6666666666666665,0
L5-M4,226,225,2,2,9,14 15 16 17 21 22 23 24 25,3,1.2,1.8,3.6,0
L5-M4,227,226,7,-3,4,32 33 34 35,0,0.5333333333333333,-0.5333333333333333,1.6,0
L5-M4,228,227,1,3,9,32 33 34 35 37 38 39 40 41,2,1.2,0.8,2.4000000000000004,0
L5-M4,229,228,2,2,0,,0,0.0,0.0,0.0,0
L5-M4,230,229,6,-2,5,26 27 28 29 30,1,0.6666666666666666,0.33333333333333337,-0.6666666666666667,0
L5-M4,231,230,3,1,0,,0,0.0,0.0,0.0,0
L5-M4,232,231,4,0,0,,0,0.0,0.0,0.0,0
L5-M4,233,232,6,-2,4,40 41 42 43,1,0.5333333333333333,0.4666666666666667,-0.9333333333333333,0
L5-M4,234,233,6,-2,4,34 35 36 37,1,0.5333333333333333,0.4666666666666667,-0.9333333333333333,0
L5-M4,235,234,1,3,0,,0,0.0,0.0,0.0,0
L5-M4,236,235,1,3,5,32 33 34 35 36,0,0.6666666666666666,-0.6666666666666666,-2.0,0
L5-M4,237,236,3,1,5,32 33 34 35 36,0,0.6666666666666666,-0.6666666666666666,-0.6666666666666666,0
L5-M4,238,237,6,-2,5,32 33 34 35 36,1,0.6666666666666666,0.33333333333333337,-0.6666666666666667,0
L5-M4,239,238,7,-3,4,40 41 42 43,1,0.5333333333333333,0.4666666666666667,-1.4,0
L5-M4,240,239,1,3,0,,0,0.0,0.0,0.0,0
L5-M4,241,240,4,0,0,,0,0.0,0.0,0.0,0
L5-M4,242,241,3,1,0,,0,0.0,0.0,0.0,0
L5-M4,243,242,7,-3,0,,0,0.0,0.0,-0.0,0
L5-M4,244,243,6,-2,0,,0,0.0,0.0,-0.0,0
L5-M4,245,244,3,1,0,,0,0.0,0.0,0.0,0
L5-M4,246,245,3,1,4,5 6 7 8,0,0.5333333333333333,-0.5333333333333333,-0.5333333333333333,0
L5-M4,247,246,2,2,4,5 6 7 8,0,0.5333333333333333,-0.5333333333333333,-1.0666666666666667,0
L5-M4,248,247,2,2,6,3 4 5 6 7 8,2,0.8,1.2,2.4,0
L5-M4,249,248,3,1,8,4 5 6 7 41 42 43 44,2,1.0666666666666667,0.9333333333333333,0.9333333333333333,0
L5-M4,250,249,3,1,4,4 5 6 7,0,0.5333333333333333,-0.5333333333333333,-0.5333333333333333,0
L5-M4,251,250,5,-1,8,4 5 6 7 32 33 34 35,2,1.0666666666666667,0.9333333333333333,-0.9333333333333333,0
L5-M4,252,251,7,-3,4,32 33 34 35,0,0.5333333333333333,-0.5333333333333333,1.6,0
L5-M4,253,252,4,0,10,9 10 11 12 13 32 33 34 35 36,2,1.3333333333333333,0.6666666666666667,0.0,0
L5-M4,254,253,5,-1,9,9 10 11 12 13 15 16 17 18,0,1.2,-1.2,1.2,0
L5-M4,255,254,6,-2,9,9 10 11 12 13 15 16 17 18,0,1.2,-1.2,2.4,0
L5-M4,256,255,6,-2,9,9 10 11 12 13 15 16 17 18,1,1.2,-0.19999999999999996,0.3999999999999999,0
L5-M4,257,256,6,-2,4,15 16 17 18,0,0.5333333333333333,-0.5333333333333333,1.0666666666666667,0
L5-M4,258,257,1,3,8,15 16 17 18 38 39 40 41,2,1.0666666666666667,0.9333333333333333,2.8,0
L5-M4,259,258,2,2,12,7 8 9 10 15 16 17 18 33 34 35 36,1,1.6,-0.6000000000000001,-1.2000000000000002,0
L5-M4,260,259,4,0,10,7 8 9 10 15 16 17 18 19 20,2,1.3333333333333333,0.6666666666666667,0.0,0
L5-M4,261,260,7,-3,5,16 17 18 19 20,2,0.6666666666666666,1.3333333333333335,-4.0,0
L5-M4,262,261,1,3,5,19 20 21 22 23,0,0.6666666666666666,-0.6666666666666666,-2.0,0
L5-M4,263,262,7,-3,5,19 20 21 22 23,0,0.6666666666666666,-0.6666666666666666,2.0,0
L5-M4,264,263,2,2,5,19 20 21 22 23,0,0.6666666666666666,-0.6666666666666666,-1.3333333333333333,0
L5-M4,265,264,1,3,9,2 3 4 5 19 20 21 22 23,1,1.2,-0.19999999999999996,-0.5999999999999999,0
L5-M4,266,265,3,1,5,19 20 21 22 23,1,0.6666666666666666,0.33333333333333337,0.33333333333333337,0
L5-M4,267,266,6,-2,5,17 18 19 20 21,0,0.6666666666666666,-0.6666666666666666,1.3333333333333333,0
L5-M4,268,267,1,3,9,12 13 14 15 17 18 19 20 21,1,1.2,-0.19999999999999996,-0.5999999999999999,0
L5-M4,269,268,3,1,8,12 13 14 15 28 29 30 31,0,1.0666666666666667,-1.0666666666666667,-1.0666666666666667,0
L5-M4,270,269,4,0,13,12 13 14 15 16 17 25 26 27 28 29 30 31,2,1.7333333333333334,0.2666666666666666,0.0,0
L5-M4,271,270,7,-3,14,13 14 15 16 17 27 28 29 30 31 37 38 39 40,3,1.8666666666666667,1.1333333333333333,-3.4,0
L5-M4,272,271,6,-2,5,13 14 15 16 17,0,0.6666666666666666,-0.6666666666666666,1.3333333333333333,0
L5-M4,273,272,5,-1,5,13 14 15 16 17,0,0.6666666666666666,-0.6666666666666666,0.6666666666666666,0
L5-M4,274,273,2,2,5,13 14 15 16 17,3,0.6666666666666666,2.3333333333333335,4.666666666666667,0
L5-M4,275,274,4,0,4,16 17 18 19,1,0.5333333333333333,0.4666666666666667,0.0,0
L5-M4,276,275,4,0,0,,0,0.0,0.0,0.0,0
L5-M4,277,276,4,0,0,,0,0.0,0.0,0.0,0
L5-M4,278,277,5,-1,0,,0,0.0,0.0,-0.0,0
L5-M4,279,278,3,1,5,5 6 7 8 9,1,0.6666666666666666,0.33333333333333337,0.33333333333333337,0
L5-M4,280,279,2,2,0,,0,0.0,0.0,0.0,0
L5-M4,281,280,5,-1,4,17 18 19 20,0,0.5333333333333333,-0.5333333333333333,0.5333333333333333,0
L5-M4,282,281,5,-1,10,17 18 19 20 21 22 32 33 34 35,2,1.3333333333333333,0.6666666666666667,-0.6666666666666667,0
L5-M4,283,282,5,-1,10,19 20 21 22 25 26 27 28 29 30,0,1.3333333333333333,-1.3333333333333333,1.3333333333333333,0
L5-M4,284,283,6,-2,10,19 20 21 22 25 26 27 28 29 30,1,1.3333333333333333,-0.33333333333333326,0.6666666666666665,0
L5-M4,285,284,5,-1,9,19 20 21 22 25 26 27 28 29,0,1.2,-1.2,1.2,0
L5-M4,286,285,1,3,10,19 20 21 22 23 25 26 27 28 29,1,1.3333333333333333,-0.33333333333333326,-0.9999999999999998,0
L5-M4,287,286,3,1,9,20 21 22 23 25 26 27 28 29,1,1.2,-0.19999999999999996,-0.19999999999999996,0
L5-M4,288,287,7,-3,4,20 21 22 23,0,0.5333333333333333,-0.5333333333333333,1.6,0
L5-M4,289,288,2,2,8,8 9 10 11 20 21 22 23,0,1.0666666666666667,-1.0666666666666667,-2.1333333333333333,0
L5-M4,290,289,2,2,13,7 8 9 10 11 20 21 22 23 29 30 31 32,2,1.7333333333333334,0.2666666666666666,0.5333333333333332,0
L5-M4,291,290,1,3,4,20 21 22 23,1,0.5333333333333333,0.4666666666666667,1.4,0
L5-M4,292,291,7,-3,0,,0,0.0,0.0,-0.0,0
L5-M4,293,292,1,3,7,21 22 23 24 25 26 27,1,0.9333333333333333,0.06666666666666665,0.19999999999999996,0
L5-M4,294,293,5,-1,7,22 23 24 25 26 27 28,0,0.9333333333333333,-0.9333333333333333,0.9333333333333333,0
L5-M4,295,294,7,-3,7,22 23 24 25 26 27 28,0,0.9333333333333333,-0.9333333333333333,2.8,0
L5-M4,296,295,3,1,7,22 23 24 25 26 27 28,1,0.9333333333333333,0.06666666666666665,0.06666666666666665,0
L5-M4,297,296,6,-2,11,22 23 24 25 26 39 40 41 42 43 44,0,1.4666666666666666,-1.4666666666666666,2.933333333333333,0
L5-M4,298,297,7,-3,11,22 23 24 25 26 39 40 41 42 43 44,1,1.4666666666666666,-0.46666666666666656,1.3999999999999997,0
L5-M4,299,298,3,1,14,21 22 23 24 25 26 33 34 35 36 41 42 43 44,2,1.8666666666666667,0.1333333333333333,0.1333333333333333,0
L5-M4,300,299,4,0,8,21 22 23 24 41 42 43 44,0,1.0666666666666667,-1.0666666666666667,-0.0,0
L5-M4,301,300,7,-3,8,21 22 23 24 41 42 43 44,1,1.0666666666666667,-0.06666666666666665,0.19999999999999996,0
L5-M4,302,301,4,0,9,14 15 16 17 18 21 22 23 24,0,1.2,-1.2,-0.0,0
L5-M4,303,302,1,3,9,14 15 16 17 18 21 22 23 24,2,1.2,0.8,2.4000000000000004,0
L5-M4,304,303,6,-2,4,21 22 23 24,0,0.5333333333333333,-0.5333333333333333,1.0666666666666667,0
L5-M4,305,304,6,-2,5,21 22 23 24 25,2,0.6666666666666666,1.3333333333333335,-2.666666666666667,0
L5-M4,306,305,3,1,0,,0,0.0,0.0,0.0,0
L5-M4,307,306,3,1,0,,0,0.0,0.0,0.0,0
L5-M4,308,307,2,2,0,,0,0.0,0.0,0.0,0
L5-M4,309,308,6,-2,0,,0,0.0,0.0,-0.0,0
L5-M4,310,309,6,-2,4,26 27 28 29,1,0.5333333333333333,0.4666666666666667,-0.9333333333333333,0
L5-M4,311,310,3,1,5,6 7 8 9 10,0,0.6666666666666666,-0.6666666666666666,-0.6666666666666666,0
L5-M4,312,311,2,2,5,6 7 8 9 10,1,0.6666666666666666,0.33333333333333337,0.6666666666666667,0
L5-M4,313,312,7,-3,4,7 8 9 10,1,0.5333333333333333,0.4666666666666667,-1.4,0
L5-M4,314,313,1,3,8,13 14 15 16 37 38 39 40,2,1.0666666666666667,0.9333333333333333,2.8,0
L5-M4,315,314,1,3,0,,0,0.0,0.0,0.0,0
L5-M4,316,315,3,1,0,,0,0.0,0.0,0.0,0
L5-M4,317,316,7,-3,5,22 23 24 25 26,1,0.6666666666666666,0.33333333333333337,-1.0,0
L5-M4,318,317,2,2,9,4 5 6 7 8 23 24 25 26,0,1.2,-1.2,-2.4,0
L5-M4,319,318,5,-1,10,4 5 6 7 8 9 23 24 25 26,2,1.3333333333333333,0.6666666666666667,-0.6666666666666667,0
L5-M4,320,319,6,-2,4,23 24 25 26,2,0.5333333333333333,1.4666666666666668,-2.9333333333333336,0
L5-M4,321,320,1,3,4,12 13 14 15,1,0.5333333333333333,0.4666666666666667,1.4,0
L5-M4,322,321,7,-3,4,29 30 31 32,2,0.5333333333333333,1.4666666666666668,-4.4,0
L5-M4,323,322,3,1,0,,0,0.0,0.0,0.0,0
L5-M4,324,323,1,3,4,1 2 3 4,2,0.5333333333333333,1.4666666666666668,4.4,0
L5-M4,325,324,3,1,4,5 6 7 8,1,0.5333333333333333,0.4666666666666667,0.4666666666666667,0
L5-M4,326,325,5,-1,0,,0,0.0,0.0,-0.0,0
L5-M4,327,326,7,-3,0,,0,0.0,0.0,-0.0,0
L5-M4,328,327,5,-1,6,26 27 28 29 30 31,1,0.8,0.19999999999999996,-0.19999999999999996,0
L5-M4,329,328,6,-2,4,40 41 42 43,1,0.5333333333333333,0.4666666666666667,-0.9333333333333333,0
L5-M4,330,329,1,3,4,2 3 4 5,2,0.5333333333333333,1.4666666666666668,4.4,0
L5-M4,331,330,7,-3,0,,0,0.0,0.0,-0.0,0
L5-M4,332,331,6,-2,11,21 22 23 24 25 36 37 38 39 40 41,1,1.4666666666666666,-0.46666666666666656,0.9333333333333331,0
L5-M4,333,332,1,3,14,10 11 12 13 21 22 23 24 25 37 38 39 40 41,1,1.8666666666666667,-0.8666666666666667,-2.6,0
L5-M4,334,333,5,-1,9,10 11 12 13 21 22 23 24 25,2,1.2,0.8,-0.8,0
L5-M4,335,334,5,-1,4,22 23 24 25,1,0.5333333333333333,0.4666666666666667,-0.4666666666666667,0
L5-M4,336,335,4,0,0,,0,0.0,0.0,0.0,0
L5-M4,337,336,3,1,0,,0,0.0,0.0,0.0,0
L5-M4,338,337,2,2,0,,0,0.0,0.0,0.0,0
L5-M4,339,338,3,1,0,,0,0.0,0.0,0.0,0
L5-M4,340,339,7,-3,0,,0,0.0,0.0,-0.0,0
L5-M4,341,340,5,-1,4,9 10 11 12,0,0.5333333333333333,-0.5333333333333333,0.5333333333333333,0
L5-M4,342,341,6,-2,4,9 10 11 12,0,0.5333333333333333,-0.5333333333333333,1.0666666666666667,0
L5-M4,343,342,4,0,4,9 10 11 12,1,0.5333333333333333,0.4666666666666667,0.0,0
L5-M4,344,343,3,1,4,2 3 4 5,1,0.5333333333333333,0.4666666666666667,0.4666666666666667,0
L5-M4,345,344,6,-2,9,3 4 5 6 7 20 21 22 23,2,1.2,0.8,-1.6,0
L5-M4,346,345,1,3,13,3 4 5 6 7 24 25 26 27 35 36 37 38,1,1.7333333333333334,-0.7333333333333334,-2.2,0
L5-M4,347,346,5,-1,12,6 7 8 9 24 25 26 27 35 36 37 38,2,1.6,0.3999999999999999,-0.3999999999999999,0
L5-M4,348,347,3,1,4,35 36 37 38,0,0.5333333333333333,-0.5333333333333333,-0.5333333333333333,0
L5-M4,349,348,7,-3,8,9 10 11 12 35 36 37 38,0,1.0666666666666667,-1.0666666666666667,3.2,0
L5-M4,350,349,7,-3,10,9 10 11 12 33 34 35 36 37 38,1,1.3333333333333333,-0.33333333333333326,0.9999999999999998,0
L5-M4,351,350,7,-3,12,9 10 11 12 34 35 36 37 38 39 40 41,2,1.6,0.3999999999999999,-1.1999999999999997,0
L5-M4,352,351,5,-1,9,9 10 11 12 37 38 39 40 41,1,1.2,-0.19999999999999996,0.19999999999999996,0
L5-M4,353,352,5,-1,12,9 10 11 12 37 38 39 40 42 43 44 45,1,1.6,-0.6000000000000001,0.6000000000000001,0
L5-M4,354,353,5,-1,8,37 38 39 40 42 43 44 45,3,1.0666666666666667,1.9333333333333333,-1.9333333333333333,0
L5-M4,355,354,1,3,4,37 38 39 40,0,0.5333333333333333,-0.5333333333333333,-1.6,0
L5-M4,356,355,6,-2,8,1 2 3 4 37 38 39 40,1,1.0666666666666667,-0.06666666666666665,0.1333333333333333,0
L5-M4,357,356,4,0,8,31 32 33 34 37 38 39 40,1,1.0666666666666667,-0.06666666666666665,-0.0,0
L5-M4,358,357,1,3,9,31 32 33 34 38 39 40 41 42,1,1.2,-0.19999999999999996,-0.5999999999999999,0
L5-M4,359,358,6,-2,4,31 32 33 34,0,0.5333333333333333,-0.5333333333333333,1.0666666666666667,0
L5-M4,360,359,5,-1,4,31 32 33 34,0,0.5333333333333333,-0.5333333333333333,0.5333333333333333,0
L5-M4,361,360,5,-1,9,30 31 32 33 34 41 42 43 44,0,1.2,-1.2,1.2,0
L5-M4,362,361,6,-2,12,28 29 30 31 32 33 34 41 42 43 44 45,1,1.6,-0.6000000000000001,1.2000000000000002,0
L5-M4,363,362,5,-1,13,31 32 33 34 36 37 38 39 41 42 43 44 45,2,1.7333333333333334,0.2666666666666666,-0.2666666666666666,0
L5-M4,364,363,1,3,9,6 7 8 9 41 42 43 44 45,1,1.2,-0.19999999999999996,-0.5999999999999999,0
L5-M4,365,364,2,2,9,17 18 19 20 41 42 43 44 45,0,1.2,-1.2,-2.4,0
L5-M4,366,365,7,-3,9,17 18 19 20 41 42 43 44 45,2,1.2,0.8,-2.4000000000000004,0
L5-M4,367,366,6,-2,5,33 34 35 36 37,0,0.6666666666666666,-0.6666666666666666,1.3333333333333333,0
L5-M4,368,367,2,2,5,33 34 35 36 37,0,0.6666666666666666,-0.6666666666666666,-1.3333333333333333,0
L5-M4,369,368,4,0,6,33 34 35 36 37 38,2,0.8,1.2,0.0,0
L5-M4,370,369,3,1,5,6 7 8 9 10,0,0.6666666666666666,-0.6666666666666666,-0.6666666666666666,0
L5-M4,371,370,2,2,5,6 7 8 9 10,2,0.6666666666666666,1.3333333333333335,2.666666666666667,0
L5-M4,372,371,4,0,0,,0,0.0,0.0,0.0,0
L5-M4,373,372,3,1,10,1 2 3 4 5 6 31 32 33 34,0,1.3333333333333333,-1.3333333333333333,-1.3333333333333333,0
L5-M4,374,373,1,3,13,1 2 3 4 5 6 28 29 30 31 32 33 34,1,1.7333333333333334,-0.7333333333333334,-2.2,0
L5-M4,375,374,6,-2,16,1 2 3 4 5 6 28 29 30 31 32 33 38 39 40 41,1,2.1333333333333333,-1.1333333333333333,2.2666666666666666,0
L5-M4,376,375,2,2,10,28 29 30 31 32 33 38 39 40 41,2,1.3333333333333333,0.6666666666666667,1.3333333333333335,0
L5-M4,377,376,2,2,5,29 30 31 32 33,1,0.6666666666666666,0.33333333333333337,0.6666666666666667,0
L5-M4,378,377,3,1,4,30 31 32 33,1,0.5333333333333333,0.4666666666666667,0.4666666666666667,0
L5-M4,379,378,7,-3,0,,0,0.0,0.0,-0.0,0
L5-M4,380,379,3,1,5,14 15 16 17 18,1,0.6666666666666666,0.33333333333333337,0.33333333333333337,0
L5-M4,381,380,6,-2,4,18 19 20 21,1,0.5333333333333333,0.4666666666666667,-0.9333333333333333,0
L5-M4,382,381,4,0,0,,0,0.0,0.0,0.0,0
L5-M4,383,382,3,1,0,,0,0.0,0.0,0.0,0
L5-M4,384,383,3,1,0,,0,0.0,0.0,0.0,0
L5-M4,385,384,1,3,0,,0,0.0,0.0,0.0,0
L5-M4,386,385,2,2,0,,0,0.0,0.0,0.0,0
L5-M4,387,386,5,-1,0,,0,0.0,0.0,-0.0,0
L5-M4,388,387,2,2,0,,0,0.0,0.0,0.0,0
L5-M4,389,388,7,-3,4,13 14 15 16,1,0.5333333333333333,0.4666666666666667,-1.4,0
L5-M4,390,389,1,3,5,35 36 37 38 39,2,0.6666666666666666,1.3333333333333335,4.0,0
L5-M4,391,390,1,3,5,11 12 13 14 15,1,0.6666666666666666,0.33333333333333337,1.0,0
L5-M4,392,391,6,-2,9,2 3 4 5 6 12 13 14 15,1,1.2,-0.19999999999999996,0.3999999999999999,0
L5-M4,393,392,7,-3,8,12 13 14 15 33 34 35 36,0,1.0666666666666667,-1.0666666666666667,3.2,0
L5-M4,394,393,3,1,12,12 13 14 15 29 30 31 32 33 34 35 36,1,1.6,-0.6000000000000001,-0.6000000000000001,0
L5-M4,395,394,3,1,8,29 30 31 32 33 34 35 36,2,1.0666666666666667,0.9333333333333333,0.9333333333333333,0
L5-M4,396,395,1,3,0,,0,0.0,0.0,0.0,0
L5-M4,397,396,3,1,4,36 37 38 39,0,0.5333333333333333,-0.5333333333333333,-0.5333333333333333,0
L5-M4,398,397,1,3,11,2 3 4 5 6 7 8 36 37 38 39,0,1.4666666666666666,-1.4666666666666666,-4.3999999999999995,0
L5-M4,399,398,1,3,12,2 3 4 5 6 7 8 9 36 37 38 39,2,1.6,0.3999999999999999,1.1999999999999997,0
L5-M4,400,399,6,-2,14,3 4 5 6 7 8 27 28 29 30 36 37 38 39,1,1.8666666666666667,-0.8666666666666667,1.7333333333333334,0
L5-M4,401,400,1,3,11,3 4 5 6 7 8 35 36 37 38 39,2,1.4666666666666666,0.5333333333333334,1.6000000000000003,0
L5-M4,402,401,2,2,0,,0,0.0,0.0,0.0,0
L5-M4,403,402,6,-2,0,,0,0.0,0.0,-0.0,0
L5-M4,404,403,5,-1,0,,0,0.0,0.0,-0.0,0
L5-M4,405,404,6,-2,4,1 2 3 4,2,0.5333333333333333,1.4666666666666668,-2.9333333333333336,0
L5-M4,406,405,3,1,0,,0,0.0,0.0,0.0,0
L5-M4,407,406,7,-3,4,29 30 31 32,0,0.5333333333333333,-0.5333333333333333,1.6,0
L5-M4,408,407,1,3,4,29 30 31 32,1,0.5333333333333333,0.4666666666666667,1.4,0
L5-M4,409,408,2,2,0,,0,0.0,0.0,0.0,0
L5-M4,410,409,6,-2,0,,0,0.0,0.0,-0.0,0
L5-M4,411,410,3,1,4,42 43 44 45,0,0.5333333333333333,-0.5333333333333333,-0.5333333333333333,0
L5-M4,412,411,1,3,8,26 27 28 29 42 43 44 45,2,1.0666666666666667,0.9333333333333333,2.8,0
L5-M4,413,412,4,0,7,23 24 25 26 27 28 29,1,0.9333333333333333,0.06666666666666665,0.0,0
L5-M4,414,413,2,2,7,24 25 26 27 28 29 30,0,0.9333333333333333,-0.9333333333333333,-1.8666666666666667,0
L5-M4,415,414,6,-2,8,24 25 26 27 28 29 30 31,2,1.0666666666666667,0.9333333333333333,-1.8666666666666667,0
L5-M4,416,415,4,0,0,,0,0.0,0.0,0.0,0
L5-M4,417,416,7,-3,4,35 36 37 38,0,0.5333333333333333,-0.5333333333333333,1.6,0
L5-M4,418,417,7,-3,5,35 36 37 38 39,0,0.6666666666666666,-0.6666666666666666,2.0,0
L5-M4,419,418,6,-2,5,35 36 37 38 39,0,0.6666666666666666,-0.6666666666666666,1.3333333333333333,0
L5-M4,420,419,2,2,5,35 36 37 38 39,0,0.6666666666666666,-0.6666666666666666,-1.3333333333333333,0
L5-M4,421,420,4,0,12,16 17 18 19 35 36 37 38 39 40 41 42,0,1.6,-1.6,-0.0,0
L5-M4,422,421,6,-2,12,16 17 18 19 35 36 37 38 39 40 41 42,1,1.6,-0.6000000000000001,1.2000000000000002,0
L5-M4,423,422,2,2,13,22 23 24 25 35 36 37 38 39 40 41 42 43,1,1.7333333333333334,-0.7333333333333334,-1.4666666666666668,0
L5-M4,424,423,2,2,9,22 23 24 25 35 36 37 38 39,0,1.2,-1.2,-2.4,0
L5-M4,425,424,4,0,9,22 23 24 25 35 36 37 38 39,1,1.2,-0.19999999999999996,-0.0,0
L5-M4,426,425,1,3,8,2 3 4 5 22 23 24 25,1,1.0666666666666667,-0.06666666666666665,-0.19999999999999996,0
L5-M4,427,426,4,0,4,22 23 24 25,1,0.5333333333333333,0.4666666666666667,0.0,0
L5-M4,428,427,4,0,5,19 20 21 22 23,2,0.6666666666666666,1.3333333333333335,0.0,0
L5-M4,429,428,1,3,0,,0,0.0,0.0,0.0,0
L5-M4,430,429,2,2,0,,0,0.0,0.0,0.0,0
L5-M4,431,430,7,-3,4,8 9 10 11,0,0.5333333333333333,-0.5333333333333333,1.6,0
L5-M4,432,431,1,3,4,8 9 10 11,1,0.5333333333333333,0.4666666666666667,1.4,0
L5-M4,433,432,6,-2,5,6 7 8 9 10,0,0.6666666666666666,-0.6666666666666666,1.3333333333333333,0
L5-M4,434,433,3,1,9,6 7 8 9 10 12 13 14 15,1,1.2,-0.19999999999999996,-0.19999999999999996,0
L5-M4,435,434,6,-2,5,6 7 8 9 10,1,0.6666666666666666,0.33333333333333337,-0.6666666666666667,0
L5-M4,436,435,6,-2,0,,0,0.0,0.0,-0.0,0
L5-M4,437,436,5,-1,0,,0,0.0,0.0,-0.0,0
L5-M4,438,437,3,1,4,4 5 6 7,1,0.5333333333333333,0.4666666666666667,0.4666666666666667,0
L5-M4,439,438,7,-3,0,,0,0.0,0.0,-0.0,0
L5-M4,440,439,3,1,5,1 2 3 4 5,0,0.6666666666666666,-0.6666666666666666,-0.6666666666666666,0
L5-M4,441,440,1,3,5,1 2 3 4 5,1,0.6666666666666666,0.33333333333333337,1.0,0
L5-M4,442,441,2,2,4,2 3 4 5,0,0.5333333333333333,-0.5333333333333333,-1.0666666666666667,0
L5-M4,443,442,7,-3,8,2 3 4 5 13 14 15 16,1,1.0666666666666667,-0.06666666666666665,0.19999999999999996,0
L5-M4,444,443,4,0,6,11 12 13 14 15 16,2,0.8,1.2,0.0,0
L5-M4,445,444,3,1,5,14 15 16 17 18,0,0.6666666666666666,-0.6666666666666666,-0.6666666666666666,0
L5-M4,446,445,5,-1,5,14 15 16 17 18,1,0.6666666666666666,0.33333333333333337,-0.33333333333333337,0
L5-M4,447,446,2,2,8,15 16 17 18 31 32 33 34,2,1.0666666666666667,0.9333333333333333,1.8666666666666667,0
L5-M4,448,447,7,-3,0,,0,0.0,0.0,-0.0,0
L5-M4,449,448,5,-1,0,,0,0.0,0.0,-0.0,0
L5-M4,450,449,6,-2,4,22 23 24 25,1,0.5333333333333333,0.4666666666666667,-0.9333333333333333,0
L5-M4,451,450,2,2,4,36 37 38 39,1,0.5333333333333333,0.4666666666666667,0.9333333333333333,0
L5-M4,452,451,5,-1,0,,0,0.0,0.0,-0.0,0
L5-M4,453,452,4,0,0,,0,0.0,0.0,0.0,0
L5-M4,454,453,3,1,0,,0,0.0,0.0,0.0,0
L5-M4,455,454,1,3,5,1 2 3 4 5,1,0.6666666666666666,0.33333333333333337,1.0,0
L5-M4,456,455,4,0,0,,0,0.0,0.0,0.0,0
L5-M4,457,456,7,-3,4,14 15 16 17,0,0.5333333333333333,-0.5333333333333333,1.6,0
L5-M4,458,457,6,-2,4,14 15 16 17,0,0.5333333333333333,-0.5333333333333333,1.0666666666666667,0
L5-M4,459,458,4,0,8,14 15 16 17 42 43 44 45,1,1.0666666666666667,-0.06666666666666665,-0.0,0
L5-M4,460,459,4,0,5,41 42 43 44 45,2,0.6666666666666666,1.3333333333333335,0.0,0
L5-M4,461,460,5,-1,4,19 20 21 22,0,0.5333333333333333,-0.5333333333333333,0.5333333333333333,0
L5-M4,462,461,7,-3,4,19 20 21 22,1,0.5333333333333333,0.4666666666666667,-1.4,0
L5-M4,463,462,2,2,0,,0,0.0,0.0,0.0,0
L5-M4,464,463,6,-2,0,,0,0.0,0.0,-0.0,0
L5-M4,465,464,1,3,0,,0,0.0,0.0,0.0,0
L5-M4,466,465,6,-2,0,,0,0.0,0.0,-0.0,0
L5-M4,467,466,4,0,8,16 17 18 19 25 26 27 28,1,1.0666666666666667,-0.06666666666666665,-0.0,0
L5-M4,468,467,6,-2,8,18 19 20 21 25 26 27 28,1,1.0666666666666667,-0.06666666666666665,0.1333333333333333,0
L5-M4,469,468,4,0,4,18 19 20 21,1,0.5333333333333333,0.4666666666666667,0.0,0
L5-M4,470,469,4,0,0,,0,0.0,0.0,0.0,0
L5-M4,471,470,4,0,0,,0,0.0,0.0,0.0,0
L5-M4,472,471,7,-3,4,30 31 32 33,1,0.5333333333333333,0.4666666666666667,-1.4,0
L5-M4,473,472,7,-3,0,,0,0.0,0.0,-0.0,0
L5-M4,474,473,6,-2,0,,0,0.0,0.0,-0.0,0
L5-M4,475,474,6,-2,0,,0,0.0,0.0,-0.0,0
L5-M4,476,475,2,2,0,,0,0.0,0.0,0.0,0
L5-M4,477,476,5,-1,4,39 40 41 42,0,0.5333333333333333,-0.5333333333333333,0.5333333333333333,0
L5-M4,478,477,6,-2,6,39 40 41 42 43 44,2,0.8,1.2,-2.4,0
L5-M4,479,478,1,3,4,5 6 7 8,1,0.5333333333333333,0.4666666666666667,1.4,0
L5-M4,480,479,3,1,6,2 3 4 5 6 7,2,0.8,1.2,1.2,0
L5-M4,481,480,4,0,4,19 20 21 22,0,0.5333333333333333,-0.5333333333333333,-0.0,0
L5-M4,482,481,3,1,4,19 20 21 22,0,0.5333333333333333,-0.5333333333333333,-0.5333333333333333,0
L5-M4,483,482,7,-3,9,11 12 13 14 15 19 20 21 22,4,1.2,2.8,-8.399999999999999,0
L5-M4,484,483,1,3,4,36 37 38 39,0,0.5333333333333333,-0.5333333333333333,-1.6,0
L5-M4,485,484,3,1,8,6 7 8 9 36 37 38 39,2,1.0666666666666667,0.9333333333333333,0.9333333333333333,0
L5-M4,486,485,2,2,5,5 6 7 8 9,0,0.6666666666666666,-0.6666666666666666,-1.3333333333333333,0
L5-M4,487,486,7,-3,10,4 5 6 7 8 9 41 42 43 44,3,1.3333333333333333,1.6666666666666667,-5.0,0
L5-M4,488,487,3,1,0,,0,0.0,0.0,0.0,0
L5-M4,489,488,4,0,12,9 10 11 12 13 14 15 16 18 19 20 21,2,1.6,0.3999999999999999,0.0,0
L5-M4,490,489,4,0,14,9 10 11 12 13 14 32 33 34 35 42 43 44 45,1,1.8666666666666667,-0.8666666666666667,-0.0,0
L5-M4,491,490,6,-2,11,9 10 11 12 13 14 32 33 34 35 36,2,1.4666666666666666,0.5333333333333334,-1.0666666666666669,0
L5-M4,492,491,1,3,10,9 10 11 12 13 14 21 22 23 24,1,1.3333333333333333,-0.33333333333333326,-0.9999999999999998,0
L5-M4,493,492,7,-3,6,9 10 11 12 13 14,0,0.8,-0.8,2.4000000000000004,0
L5-M4,494,493,3,1,6,9 10 11 12 13 14,0,0.8,-0.8,-0.8,0
L5-M4,495,494,5,-1,6,9 10 11 12 13 14,1,0.8,0.19999999999999996,-0.19999999999999996,0
L5-M4,496,495,2,2,4,9 10 11 12,0,0.5333333333333333,-0.5333333333333333,-1.0666666666666667,0
L5-M4,497,496,6,-2,8,9 10 11 12 16 17 18 19,1,1.0666666666666667,-0.06666666666666665,0.1333333333333333,0
L5-M4,498,497,1,3,4,9 10 11 12,0,0.5333333333333333,-0.5333333333333333,-1.6,0
L5-M4,499,498,1,3,4,9 10 11 12,0,0.5333333333333333,-0.5333333333333333,-1.6,0
L5-M4,500,499,7,-3,11,6 7 8 9 10 11 12 15 16 17 18,1,1.4666666666666666,-0.46666666666666656,1.3999999999999997,0
L5-M4,501,500,7,-3,10,6 7 8 9 10 11 15 16 17 18,2,1.3333333333333333,0.6666666666666667,-2.0,0
L5-M4,502,501,2,2,4,6 7 8 9,1,0.5333333333333333,0.4666666666666667,0.9333333333333333,0
L5-M4,503,502,3,1,0,,0,0.0,0.0,0.0,0
L5-M4,504,503,7,-3,4,13 14 15 16,1,0.5333333333333333,0.4666666666666667,-1.4,0
L5-M4,505,504,5,-1,0,,0,0.0,0.0,-0.0,0
L5-M4,506,505,7,-3,0,,0,0.0,0.0,-0.0,0
L5-M4,507,506,7,-3,5,15 16 17 18 19,0,0.6666666666666666,-0.6666666666666666,2.0,0
L5-M4,508,507,1,3,5,15 16 17 18 19,0,0.6666666666666666,-0.6666666666666666,-2.0,0
L5-M4,509,508,6,-2,9,1 2 3 4 15 16 17 18 19,0,1.2,-1.2,2.4,0
L5-M4,510,509,2,2,10,1 2 3 4 14 15 16 17 18 19,0,1.3333333333333333,-1.3333333333333333,-2.6666666666666665,0
L5-M4,511,510,7,-3,12,1 2 3 4 14 15 16 17 18 19 20 21,2,1.6,0.3999999999999999,-1.1999999999999997,0
L5-M4,512,511,5,-1,12,8 9 10 11 15 16 17 18 19 20 21 22,1,1.6,-0.6000000000000001,0.6000000000000001,0
L5-M4,513,512,1,3,8,15 16 17 18 19 20 21 22,1,1.0666666666666667,-0.06666666666666665,-0.19999999999999996,0
L5-M4,514,513,3,1,6,15 16 17 18 19 20,2,0.8,1.2,1.2,0
L5-M4,515,514,2,2,4,16 17 18 19,0,0.5333333333333333,-0.5333333333333333,-1.0666666666666667,0
L5-M4,516,515,2,2,13,16 17 18 19 28 29 30 31 32 38 39 40 41,1,1.7333333333333334,-0.7333333333333334,-1.4666666666666668,0
L5-M4,517,516,4,0,9,16 17 18 19 28 29 30 31 32,1,1.2,-0.19999999999999996,-0.0,0
L5-M4,518,517,3,1,8,16 17 18 19 29 30 31 32,2,1.0666666666666667,0.9333333333333333,0.9333333333333333,0
L5-M4,519,518,1,3,9,3 4 5 6 7 16 17 18 19,2,1.2,0.8,2.4000000000000004,0
L5-M4,520,519,1,3,10,17 18 19 20 21 22 24 25 26 27,2,1.3333333333333333,0.6666666666666667,2.0,0
L5-M4,521,520,1,3,5,17 18 19 20 21,1,0.6666666666666666,0.33333333333333337,1.0,0
L5-M4,522,521,4,0,0,,0,0.0,0.0,0.0,0
L5-M4,523,522,3,1,4,9 10 11 12,0,0.5333333333333333,-0.5333333333333333,-0.5333333333333333,0
L5-M4,524,523,3,1,8,9 10 11 12 23 24 25 26,2,1.0666666666666667,0.9333333333333333,0.9333333333333333,0
L5-M4,525,524,3,1,4,23 24 25 26,2,0.5333333333333333,1.4666666666666668,1.4666666666666668,0
L5-M4,526,525,2,2,4,19 20 21 22,1,0.5333333333333333,0.4666666666666667,0.9333333333333333,0
L5-M4,527,526,5,-1,5,30 31 32 33 34,2,0.6666666666666666,1.3333333333333335,-1.3333333333333335,0
L5-M4,528,527,6,-2,0,,0,0.0,0.0,-0.0,0
L5-M4,529,528,2,2,0,,0,0.0,0.0,0.0,0
L5-M4,530,529,6,-2,0,,0,0.0,0.0,-0.0,0
L5-M4,531,530,2,2,4,8 9 10 11,1,0.5333333333333333,0.4666666666666667,0.9333333333333333,0
L5-M4,532,531,7,-3,0,,0,0.0,0.0,-0.0,0
L5-M4,533,532,1,3,6,10 11 12 13 14 15,2,0.8,1.2,3.5999999999999996,0
L5-M4,534,533,5,-1,9,10 11 12 13 36 37 38 39 40,3,1.2,1.8,-1.8,0
L5-M4,535,534,5,-1,0,,0,0.0,0.0,-0.0,0
L5-M4,536,535,6,-2,4,40 41 42 43,1,0.5333333333333333,0.4666666666666667,-0.9333333333333333,0
L5-M4,537,536,3,1,10,1 2 3 4 5 6 19 20 21 22,0,1.3333333333333333,-1.3333333333333333,-1.3333333333333333,0
L5-M4,538,537,1,3,10,1 2 3 4 5 6 19 20 21 22,1,1.3333333333333333,-0.33333333333333326,-0.9999999999999998,0
L5-M4,539,538,3,1,9,1 2 3 4 5 19 20 21 22,3,1.2,1.8,1.8,0
L5-M4,540,539,4,0,0,,0,0.0,0.0,0.0,0
L5-M4,541,540,4,0,4,38 39 40 41,0,0.5333333333333333,-0.5333333333333333,-0.0,0
L5-M4,542,541,7,-3,5,37 38 39 40 41,1,0.6666666666666666,0.33333333333333337,-1.0,0
L5-M4,543,542,5,-1,4,37 38 39 40,0,0.5333333333333333,-0.5333333333333333,0.5333333333333333,0
L5-M4,544,543,1,3,4,37 38 39 40,0,0.5333333333333333,-0.5333333333333333,-1.6,0
L5-M4,545,544,2,2,4,37 38 39 40,0,0.5333333333333333,-0.5333333333333333,-1.0666666666666667,0
L5-M4,546,545,1,3,8,9 10 11 12 37 38 39 40,1,1.0666666666666667,-0.06666666666666665,-0.19999999999999996,0
L5-M4,547,546,1,3,4,9 10 11 12,0,0.5333333333333333,-0.5333333333333333,-1.6,0
L5-M4,548,547,5,-1,4,9 10 11 12,1,0.5333333333333333,0.4666666666666667,-0.4666666666666667,0
L5-M4,549,548,4,0,4,28 29 30 31,2,0.5333333333333333,1.4666666666666668,0.0,0
L5-M4,550,549,1,3,0,,0,0.0,0.0,0.0,0
L5-M4,551,550,7,-3,8,2 3 4 5 23 24 25 26,2,1.0666666666666667,0.9333333333333333,-2.8,0
L5-M4,552,551,5,-1,8,8 9 10 11 16 17 18 19,1,1.0666666666666667,-0.06666666666666665,0.06666666666666665,0
L5-M4,553,552,7,-3,5,15 16 17 18 19,1,0.6666666666666666,0.33333333333333337,-1.0,0
L5-M4,554,553,6,-2,0,,0,0.0,0.0,-0.0,0
L5-M4,555,554,1,3,0,,0,0.0,0.0,0.0,0
L5-M4,556,555,2,2,0,,0,0.0,0.0,0.0,0
L5-M4,557,556,6,-2,4,3 4 5 6,1,0.5333333333333333,0.4666666666666667,-0.9333333333333333,0
L5-M4,558,557,5,-1,0,,0,0.0,0.0,-0.0,0
L5-M4,559,558,5,-1,6,5 6 7 8 9 10,0,0.8,-0.8,0.8,0
L5-M4,560,559,3,1,6,5 6 7 8 9 10,0,0.8,-0.8,-0.8,0
L5-M4,561,560,5,-1,10,5 6 7 8 9 10 36 37 38 39,3,1.3333333333333333,1.6666666666666667,-1.6666666666666667,0
L5-M4,562,561,4,0,0,,0,0.0,0.0,0.0,0
L5-M4,563,562,7,-3,4,33 34 35 36,0,0.5333333333333333,-0.5333333333333333,1.6,0
L5-M4,564,563,5,-1,8,33 34 35 36 38 39 40 41,1,1.0666666666666667,-0.06666666666666665,0.06666666666666665,0
L5-M4,565,564,1,3,4,38 39 40 41,1,0.5333333333333333,0.4666666666666667,1.4,0
L5-M4,566,565,5,-1,4,21 22 23 24,0,0.5333333333333333,-0.5333333333333333,0.5333333333333333,0
L5-M4,567,566,6,-2,9,21 22 23 24 35 36 37 38 39,0,1.2,-1.2,2.4,0
L5-M4,568,567,5,-1,10,20 21 22 23 24 35 36 37 38 39,1,1.3333333333333333,-0.33333333333333326,0.33333333333333326,0
L5-M4,569,568,6,-2,9,21 22 23 24 35 36 37 38 39,3,1.2,1.8,-3.6,0
L5-M4,570,569,1,3,4,36 37 38 39,0,0.5333333333333333,-0.5333333333333333,-1.6,0
L5-M4,571,570,7,-3,5,36 37 38 39 40,1,0.6666666666666666,0.33333333333333337,-1.0,0
L5-M4,572,571,5,-1,0,,0,0.0,0.0,-0.0,0
L5-M4,573,572,1,3,8,7 8 9 10 39 40 41 42,0,1.0666666666666667,-1.0666666666666667,-3.2,0
L5-M4,574,573,3,1,12,7 8 9 10 14 15 16 17 39 40 41 42,3,1.6,1.4,1.4,0
L5-M4,575,574,1,3,10,5 6 7 8 9 10 39 40 41 42,1,1.3333333333333333,-0.33333333333333326,-0.9999999999999998,0
L5-M4,576,575,2,2,4,39 40 41 42,1,0.5333333333333333,0.4666666666666667,0.9333333333333333,0
L5-M4,577,576,3,1,8,21 22 23 24 26 27 28 29,1,1.0666666666666667,-0.06666666666666665,-0.06666666666666665,0
L5-M4,578,577,5,-1,4,26 27 28 29,0,0.5333333333333333,-0.5333333333333333,0.5333333333333333,0
L5-M4,579,578,4,0,4,26 27 28 29,0,0.5333333333333333,-0.5333333333333333,-0.0,0
L5-M4,580,579,6,-2,4,26 27 28 29,0,0.5333333333333333,-0.5333333333333333,1.0666666666666667,0
L5-M4,581,580,6,-2,9,1 2 3 4 26 27 28 29 30,1,1.2,-0.19999999999999996,0.3999999999999999,0
L5-M4,582,581,5,-1,12,23 24 25 26 27 28 29 30 38 39 40 41,2,1.6,0.3999999999999999,-0.3999999999999999,0
L5-M4,583,582,4,0,14,15 16 17 18 19 23 24 25 26 27 28 29 30 31,2,1.8666666666666667,0.1333333333333333,0.0,0
L5-M4,584,583,3,1,8,23 24 25 26 28 29 30 31,1,1.0666666666666667,-0.06666666666666665,-0.06666666666666665,0
L5-M4,585,584,4,0,6,21 22 23 24 25 26,0,0.8,-0.8,-0.0,0
L5-M4,586,585,1,3,10,21 22 23 24 25 26 34 35 36 37,2,1.3333333333333333,0.6666666666666667,2.0,0
L5-M4,587,586,2,2,5,22 23 24 25 26,0,0.6666666666666666,-0.6666666666666666,-1.3333333333333333,0
L5-M4,588,587,2,2,5,22 23 24 25 26,2,0.6666666666666666,1.3333333333333335,2.666666666666667,0
L5-M4,589,588,6,-2,4,42 43 44 45,0,0.5333333333333333,-0.5333333333333333,1.0666666666666667,0
L5-M4,590,589,3,1,8,17 18 19 20 42 43 44 45,2,1.0666666666666667,0.9333333333333333,0.9333333333333333,0
L5-M4,591,590,2,2,4,16 17 18 19,0,0.5333333333333333,-0.5333333333333333,-1.0666666666666667,0
L5-M4,592,591,1,3,8,9 10 11 12 16 17 18 19,0,1.0666666666666667,-1.0666666666666667,-3.2,0
L5-M4,593,592,6,-2,8,9 10 11 12 16 17 18 19,2,1.0666666666666667,0.9333333333333333,-1.8666666666666667,0
L5-M4,594,593,5,-1,5,15 16 17 18 19,0,0.6666666666666666,-0.6666666666666666,0.6666666666666666,0
L5-M4,595,594,2,2,5,15 16 17 18 19,0,0.6666666666666666,-0.6666666666666666,-1.3333333333333333,0
L5-M4,596,595,1,3,9,15 16 17 18 19 20 21 22 23,0,1.2,-1.2,-3.5999999999999996,0
L5-M4,597,596,5,-1,13,15 16 17 18 19 20 21 22 23 29 30 31 32,1,1.7333333333333334,-0.7333333333333334,0.7333333333333334,0
L5-M4,598,597,6,-2,12,15 16 17 18 19 20 21 22 29 30 31 32,0,1.6,-1.6,3.2,0
L5-M4,599,598,3,1,12,15 16 17 18 19 20 21 22 29 30 31 32,2,1.6,0.3999999999999999,0.3999999999999999,0
L5-M4,600,599,4,0,5,18 19 20 21 22,0,0.6666666666666666,-0.6666666666666666,-0.0,0
L5-M4,601,600,7,-3,9,18 19 20 21 22 39 40 41 42,1,1.2,-0.19999999999999996,0.5999999999999999,0
L5-M4,602,601,7,-3,4,39 40 41 42,0,0.5333333333333333,-0.5333333333333333,1.6,0
L5-M4,603,602,1,3,11,6 7 8 9 10 39 40 41 42 43 44,1,1.4666666666666666,-0.46666666666666656,-1.3999999999999997,0
L5-M4,604,603,6,-2,9,6 7 8 9 10 39 40 41 42,1,1.2,-0.19999999999999996,0.3999999999999999,0
L5-M4,605,604,5,-1,8,7 8 9 10 39 40 41 42,3,1.0666666666666667,1.9333333333333333,-1.9333333333333333,0
L5-M4,606,605,7,-3,4,39 40 41 42,1,0.5333333333333333,0.4666666666666667,-1.4,0
L5-M4,607,606,6,-2,0,,0,0.0,0.0,-0.0,0
L5-M4,608,607,2,2,5,28 29 30 31 32,0,0.6666666666666666,-0.6666666666666666,-1.3333333333333333,0
L5-M4,609,608,6,-2,13,24 25 26 27 28 29 30 31 32 40 41 42 43,2,1.7333333333333334,0.2666666666666666,-0.5333333333333332,0
L5-M4,610,609,3,1,6,28 29 30 31 32 33,1,0.8,0.19999999999999996,0.19999999999999996,0
L5-M4,611,610,6,-2,10,9 10 11 12 13 29 30 31 32 33,1,1.3333333333333333,-0.33333333333333326,0.6666666666666665,0
L5-M4,612,611,2,2,9,9 10 11 12 13 29 30 31 32,1,1.2,-0.19999999999999996,-0.3999999999999999,0
L5-M4,613,612,7,-3,8,10 11 12 13 29 30 31 32,1,1.0666666666666667,-0.06666666666666665,0.19999999999999996,0
L5-M4,614,613,5,-1,4,29 30 31 32,0,0.5333333333333333,-0.5333333333333333,0.5333333333333333,0
L5-M4,615,614,2,2,4,29 30 31 32,0,0.5333333333333333,-0.5333333333333333,-1.0666666666666667,0
L5-M4,616,615,7,-3,9,12 13 14 15 28 29 30 31 32,1,1.2,-0.19999999999999996,0.5999999999999999,0
L5-M4,617,616,1,3,14,1 2 3 4 28 29 30 31 32 34 35 36 37 38,1,1.8666666666666667,-0.8666666666666667,-2.6,0
L5-M4,618,617,7,-3,11,28 29 30 31 32 33 34 35 36 37 38,1,1.4666666666666666,-0.46666666666666656,1.3999999999999997,0
L5-M4,619,618,2,2,8,31 32 33 34 35 36 37 38,1,1.0666666666666667,-0.06666666666666665,-0.1333333333333333,0
L5-M4,620,619,4,0,8,31 32 33 34 36 37 38 39,2,1.0666666666666667,0.9333333333333333,0.0,0
L5-M4,621,620,6,-2,4,19 20 21 22,1,0.5333333333333333,0.4666666666666667,-0.9333333333333333,0
L5-M4,622,621,4,0,4,20 21 22 23,1,0.5333333333333333,0.4666666666666667,0.0,0
L5-M4,623,622,5,-1,0,,0,0.0,0.0,-0.0,0
L5-M4,624,623,3,1,6,22 23 24 25 26 27,2,0.8,1.2,1.2,0
L5-M4,625,624,3,1,4,22 23 24 25,0,0.5333333333333333,-0.5333333333333333,-0.5333333333333333,0
L5-M4,626,625,4,0,4,22 23 24 25,0,0.5333333333333333,-0.5333333333333333,-0.0,0
L5-M4,627,626,3,1,4,22 23 24 25,2,0.5333333333333333,1.4666666666666668,1.4666666666666668,0
L5-M4,628,627,3,1,4,15 16 17 18,1,0.5333333333333333,0.4666666666666667,0.4666666666666667,0
L5-M4,629,628,3,1,0,,0,0.0,0.0,0.0,0
L5-M4,630,629,1,3,4,34 35 36 37,0,0.5333333333333333,-0.5333333333333333,-1.6,0
L5-M4,631,630,2,2,8,3 4 5 6 34 35 36 37,2,1.0666666666666667,0.9333333333333333,1.8666666666666667,0
L5-M4,632,631,4,0,0,,0,0.0,0.0,0.0,0
L5-M4,633,632,1,3,0,,0,0.0,0.0,0.0,0
L5-M4,634,633,3,1,0,,0,0.0,0.0,0.0,0
L5-M4,635,634,7,-3,0,,0,0.0,0.0,-0.0,0
L5-M4,636,635,6,-2,4,5 6 7 8,2,0.5333333333333333,1.4666666666666668,-2.9333333333333336,0
L5-M4,637,636,6,-2,0,,0,0.0,0.0,-0.0,0
L5-M4,638,637,4,0,0,,0,0.0,0.0,0.0,0
L5-M4,639,638,1,3,5,39 40 41 42 43,0,0.6666666666666666,-0.6666666666666666,-2.0,0
L5-M4,640,639,7,-3,5,39 40 41 42 43,0,0.6666666666666666,-0.6666666666666666,2.0,0
L5-M4,641,640,5,-1,15,8 9 10 11 12 13 27 28 29 30 39 40 41 42 43,2,2.0,0.0,-0.0,0
L5-M4,642,641,2,2,8,27 28 29 30 39 40 41 42,1,1.0666666666666667,-0.06666666666666665,-0.1333333333333333,0
L5-M4,643,642,5,-1,9,1 2 3 4 5 27 28 29 30,0,1.2,-1.2,1.2,0
L5-M4,644,643,1,3,9,1 2 3 4 5 27 28 29 30,2,1.2,0.8,2.4000000000000004,0
L5-M4,645,644,2,2,4,1 2 3 4,2,0.5333333333333333,1.4666666666666668,2.9333333333333336,0
L5-M4,646,645,5,-1,0,,0,0.0,0.0,-0.0,0
L5-M4,647,646,4,0,4,19 20 21 22,1,0.5333333333333333,0.4666666666666667,0.0,0
L5-M4,648,647,6,-2,0,,0,0.0,0.0,-0.0,0
L5-M4,649,648,1,3,5,31 32 33 34 35,1,0.6666666666666666,0.33333333333333337,1.0,0
L5-M4,650,649,2,2,0,,0,0.0,0.0,0.0,0
L5-M4,651,650,6,-2,0,,0,0.0,0.0,-0.0,0
L5-M4,652,651,4,0,0,,0,0.0,0.0,0.0,0
L5-M4,653,652,4,0,0,,0,0.0,0.0,0.0,0
L5-M4,654,653,1,3,8,17 18 19 20 34 35 36 37,1,1.0666666666666667,-0.06666666666666665,-0.19999999999999996,0
L5-M4,655,654,1,3,12,17 18 19 20 22 23 24 25 32 33 34 35,0,1.6,-1.6,-4.800000000000001,0
L5-M4,656,655,2,2,12,17 18 19 20 22 23 24 25 32 33 34 35,0,1.6,-1.6,-3.2,0
L5-M4,657,656,6,-2,17,8 9 10 11 12 17 18 19 20 22 23 24 25 32 33 34 35,2,2.2666666666666666,-0.2666666666666666,0.5333333333333332,0
L5-M4,658,657,4,0,8,22 23 24 25 32 33 34 35,2,1.0666666666666667,0.9333333333333333,0.0,0
L5-M4,659,658,7,-3,0,,0,0.0,0.0,-0.0,0
L5-M4,660,659,7,-3,5,20 21 22 23 24,1,0.6666666666666666,0.33333333333333337,-1.0,0
L5-M4,661,660,3,1,0,,0,0.0,0.0,0.0,0
L5-M4,662,661,7,-3,0,,0,0.0,0.0,-0.0,0
L5-M4,663,662,6,-2,0,,0,0.0,0.0,-0.0,0
L5-M4,664,663,5,-1,0,,0,0.0,0.0,-0.0,0
L5-M4,665,664,1,3,5,28 29 30 31 32,0,0.6666666666666666,-0.6666666666666666,-2.0,0
L5-M4,666,665,4,0,11,21 22 23 24 25 26 28 29 30 31 32,1,1.4666666666666666,-0.46666666666666656,-0.0,0
L5-M4,667,666,5,-1,11,21 22 23 24 25 26 27 29 30 31 32,1,1.4666666666666666,-0.46666666666666656,0.46666666666666656,0
L5-M4,668,667,1,3,8,21 22 23 24 29 30 31 32,2,1.0666666666666667,0.9333333333333333,2.8,0
L5-M4,669,668,1,3,0,,0,0.0,0.0,0.0,0
L5-M4,670,669,3,1,0,,0,0.0,0.0,0.0,0
L5-M4,671,670,3,1,0,,0,0.0,0.0,0.0,0
L5-M4,672,671,5,-1,6,1 2 3 4 5 6,0,0.8,-0.8,0.8,0
L5-M4,673,672,6,-2,6,1 2 3 4 5 6,0,0.8,-0.8,1.6,0
L5-M4,674,673,1,3,10,1 2 3 4 5 6 22 23 24 25,1,1.3333333333333333,-0.33333333333333326,-0.9999999999999998,0
L5-M4,675,674,3,1,6,1 2 3 4 5 6,1,0.8,0.19999999999999996,0.19999999999999996,0
L5-M4,676,675,2,2,12,2 3 4 5 6 37 38 39 40 41 42 43,1,1.6,-0.6000000000000001,-1.2000000000000002,0
L5-M4,677,676,4,0,9,2 3 4 5 6 40 41 42 43,1,1.2,-0.19999999999999996,-0.0,0
L5-M4,678,677,6,-2,10,2 3 4 5 6 19 20 21 22 23,3,1.3333333333333333,1.6666666666666667,-3.3333333333333335,0
L5-M4,679,678,7,-3,5,19 20 21 22 23,0,0.6666666666666666,-0.6666666666666666,2.0,0
L5-M4,680,679,7,-3,12,19 20 21 22 23 27 28 29 30 31 32 33,3,1.6,1.4,-4.199999999999999,0
L5-M4,681,680,5,-1,4,20 21 22 23,1,0.5333333333333333,0.4666666666666667,-0.4666666666666667,0
L5-M4,682,681,1,3,0,,0,0.0,0.0,0.0,0
L5-M4,683,682,1,3,0,,0,0.0,0.0,0.0,0
L5-M4,684,683,3,1,0,,0,0.0,0.0,0.0,0
L5-M4,685,684,7,-3,0,,0,0.0,0.0,-0.0,0
L5-M4,686,685,4,0,9,2 3 4 5 30 31 32 33 34,0,1.2,-1.2,-0.0,0
L5-M4,687,686,3,1,10,2 3 4 5 29 30 31 32 33 34,0,1.3333333333333333,-1.3333333333333333,-1.3333333333333333,0
L5-M4,688,687,7,-3,13,2 3 4 5 29 30 31 32 33 34 35 36 37,3,1.7333333333333334,1.2666666666666666,-3.8,0
L5-M4,689,688,1,3,9,18 19 20 21 29 30 31 32 33,2,1.2,0.8,2.4000000000000004,0
L5-M4,690,689,5,-1,0,,0,0.0,0.0,-0.0,0
L5-M4,691,690,7,-3,0,,0,0.0,0.0,-0.0,0
L5-M4,692,691,2,2,0,,0,0.0,0.0,0.0,0
L5-M4,693,692,7,-3,0,,0,0.0,0.0,-0.0,0
L5-M4,694,693,5,-1,4,20 21 22 23,1,0.5333333333333333,0.4666666666666667,-0.4666666666666667,0
L5-M4,695,694,2,2,4,16 17 18 19,1,0.5333333333333333,0.4666666666666667,0.9333333333333333,0
L5-M4,696,695,2,2,4,21 22 23 24,0,0.5333333333333333,-0.5333333333333333,-1.0666666666666667,0
L5-M4,697,696,5,-1,4,21 22 23 24,0,0.5333333333333333,-0.5333333333333333,0.5333333333333333,0
L5-M4,698,697,5,-1,8,21 22 23 24 29 30 31 32,1,1.0666666666666667,-0.06666666666666665,0.06666666666666665,0
L5-M4,699,698,4,0,6,27 28 29 30 31 32,1,0.8,0.19999999999999996,0.0,0
L5-M4,700,699,1,3,10,22 23 24 25 40 41 42 43 44 45,2,1.3333333333333333,0.6666666666666667,2.0,0
L5-M4,701,700,2,2,8,24 25 26 27 40 41 42 43,0,1.0666666666666667,-1.0666666666666667,-2.1333333333333333,0
L5-M4,702,701,5,-1,12,17 18 19 20 24 25 26 27 40 41 42 43,2,1.6,0.3999999999999999,-0.3999999999999999,0
L5-M4,703,702,2,2,9,17 18 19 20 39 40 41 42 43,1,1.2,-0.19999999999999996,-0.3999999999999999,0
L5-M4,704,703,2,2,4,17 18 19 20,0,0.5333333333333333,-0.5333333333333333,-1.0666666666666667,0
L5-M4,705,704,7,-3,6,17 18 19 20 21 22,2,0.8,1.2,-3.5999999999999996,0
L5-M4,706,705,5,-1,4,18 19 20 21,0,0.5333333333333333,-0.5333333333333333,0.5333333333333333,0
L5-M4,707,706,7,-3,11,18 19 20 21 34 35 36 37 38 39 40,2,1.4666666666666666,0.5333333333333334,-1.6000000000000003,0
L5-M4,708,707,5,-1,9,13 14 15 16 34 35 36 37 38,2,1.2,0.8,-0.8,0
L5-M4,709,708,1,3,4,35 36 37 38,1,0.5333333333333333,0.4666666666666667,1.4,0
L5-M4,710,709,4,0,4,40 41 42 43,0,0.5333333333333333,-0.5333333333333333,-0.0,0
L5-M4,711,710,4,0,8,20 21 22 23 40 41 42 43,0,1.0666666666666667,-1.0666666666666667,-0.0,0
L5-M4,712,711,6,-2,16,5 6 7 8 20 21 22 23 26 27 28 29 40 41 42 43,1,2.1333333333333333,-1.1333333333333333,2.2666666666666666,0
L5-M4,713,712,2,2,12,5 6 7 8 26 27 28 29 40 41 42 43,1,1.6,-0.6000000000000001,-1.2000000000000002,0
L5-M4,714,713,7,-3,8,26 27 28 29 40 41 42 43,1,1.0666666666666667,-0.06666666666666665,0.19999999999999996,0
L5-M4,715,714,3,1,8,26 27 28 29 41 42 43 44,3,1.0666666666666667,1.9333333333333333,1.9333333333333333,0
L5-M4,716,715,3,1,0,,0,0.0,0.0,0.0,0
L5-M4,717,716,5,-1,5,8 9 10 11 12,1,0.6666666666666666,0.33333333333333337,-0.33333333333333337,0
L5-M4,718,717,7,-3,0,,0,0.0,0.0,-0.0,0
L5-M4,719,718,7,-3,0,,0,0.0,0.0,-0.0,0
L5-M4,720,719,6,-2,5,34 35 36 37 38,3,0.6666666666666666,2.3333333333333335,-4.666666666666667,0
L5-M4,721,720,7,-3,0,,0,0.0,0.0,-0.0,0
L5-M4,722,721,3,1,5,14 15 16 17 18,1,0.6666666666666666,0.33333333333333337,0.33333333333333337,0
L5-M4,723,722,7,-3,8,15 16 17 18 24 25 26 27,0,1.0666666666666667,-1.0666666666666667,3.2,0
L5-M4,724,723,2,2,10,15 16 17 18 22 23 24 25 26 27,0,1.3333333333333333,-1.3333333333333333,-2.6666666666666665,0
L5-M4,725,724,3,1,16,3 4 5 6 7 15 16 17 18 19 22 23 24 25 26 27,3,2.1333333333333333,0.8666666666666667,0.8666666666666667,0
L5-M4,726,725,5,-1,10,15 16 17 18 22 23 24 25 26 27,1,1.3333333333333333,-0.33333333333333326,0.33333333333333326,0
L5-M4,727,726,5,-1,10,15 16 17 18 24 25 26 27 28 29,0,1.3333333333333333,-1.3333333333333333,1.3333333333333333,0
L5-M4,728,727,5,-1,13,12 13 14 15 16 17 18 24 25 26 27 28 29,0,1.7333333333333334,-1.7333333333333334,1.7333333333333334,0
L5-M4,729,728,6,-2,13,12 13 14 15 16 17 18 24 25 26 27 28 29,2,1.7333333333333334,0.2666666666666666,-0.5333333333333332,0
L5-M4,730,729,2,2,5,12 13 14 15 16,2,0.6666666666666666,1.3333333333333335,2.666666666666667,0
L5-M4,731,730,7,-3,6,38 39 40 41 42 43,1,0.8,0.19999999999999996,-0.5999999999999999,0
L5-M4,732,731,5,-1,4,38 39 40 41,0,0.5333333333333333,-0.5333333333333333,0.5333333333333333,0
L5-M4,733,732,7,-3,4,38 39 40 41,1,0.5333333333333333,0.4666666666666667,-1.4,0
L5-M4,734,733,2,2,4,28 29 30 31,0,0.5333333333333333,-0.5333333333333333,-1.0666666666666667,0
L5-M4,735,734,3,1,4,28 29 30 31,0,0.5333333333333333,-0.5333333333333333,-0.5333333333333333,0
L5-M4,736,735,1,3,10,18 19 20 21 22 23 28 29 30 31,2,1.3333333333333333,0.6666666666666667,2.0,0
L5-M4,737,736,2,2,4,28 29 30 31,0,0.5333333333333333,-0.5333333333333333,-1.0666666666666667,0
L5-M4,738,737,1,3,4,28 29 30 31,1,0.5333333333333333,0.4666666666666667,1.4,0
L5-M4,739,738,4,0,8,29 30 31 32 33 34 35 36,4,1.0666666666666667,2.9333333333333336,0.0,0
L5-M4,740,739,4,0,0,,0,0.0,0.0,0.0,0
L5-M4,741,740,7,-3,0,,0,0.0,0.0,-0.0,0
L5-M4,742,741,2,2,0,,0,0.0,0.0,0.0,0
L5-M4,743,742,1,3,0,,0,0.0,0.0,0.0,0
L5-M4,744,743,1,3,4,23 24 25 26,0,0.5333333333333333,-0.5333333333333333,-1.6,0
L5-M4,745,744,7,-3,11,22 23 24 25 26 28 29 30 31 32 33,1,1.4666666666666666,-0.46666666666666656,1.3999999999999997,0
L5-M4,746,745,5,-1,6,28 29 30 31 32 33,1,0.8,0.19999999999999996,-0.19999999999999996,0
L5-M4,747,746,3,1,13,4 5 6 7 24 25 26 27 28 29 30 31 32,2,1.7333333333333334,0.2666666666666666,0.2666666666666666,0
L5-M4,748,747,5,-1,12,24 25 26 27 29 30 31 32 37 38 39 40,2,1.6,0.3999999999999999,-0.3999999999999999,0
L5-M4,749,748,5,-1,8,24 25 26 27 37 38 39 40,2,1.0666666666666667,0.9333333333333333,-0.9333333333333333,0
L5-M4,750,749,6,-2,12,15 16 17 18 19 20 21 37 38 39 40 41,2,1.6,0.3999999999999999,-0.7999999999999998,0
L5-M4,751,750,3,1,5,37 38 39 40 41,0,0.6666666666666666,-0.6666666666666666,-0.6666666666666666,0
L5-M4,752,751,4,0,7,37 38 39 40 41 42 43,2,0.9333333333333333,1.0666666666666667,0.0,0
L5-M4,753,752,2,2,5,5 6 7 8 9,0,0.6666666666666666,-0.6666666666666666,-1.3333333333333333,0
L5-M4,754,753,2,2,11,5 6 7 8 9 10 11 29 30 31 32,3,1.4666666666666666,1.5333333333333334,3.066666666666667,0
L5-M4,755,754,7,-3,6,9 10 11 12 13 14,2,0.8,1.2,-3.5999999999999996,0
L5-M4,756,755,7,-3,4,9 10 11 12,1,0.5333333333333333,0.4666666666666667,-1.4,0
L5-M4,757,756,1,3,0,,0,0.0,0.0,0.0,0
L5-M4,758,757,1,3,4,20 21 22 23,0,0.5333333333333333,-0.5333333333333333,-1.6,0
L5-M4,759,758,4,0,5,19 20 21 22 23,0,0.6666666666666666,-0.6666666666666666,-0.0,0
L5-M4,760,759,2,2,11,1 2 3 4 19 20 21 22 23 24 25,1,1.4666666666666666,-0.46666666666666656,-0.9333333333333331,0
L5-M4,761,760,2,2,8,1 2 3 4 23 24 25 26,2,1.0666666666666667,0.9333333333333333,1.8666666666666667,0
L5-M4,762,761,5,-1,8,13 14 15 16 18 19 20 21,1,1.0666666666666667,-0.06666666666666665,0.06666666666666665,0
L5-M4,763,762,4,0,8,13 14 15 16 17 18 19 20,1,1.0666666666666667,-0.06666666666666665,-0.0,0
L5-M4,764,763,3,1,4,17 18 19 20,0,0.5333333333333333,-0.5333333333333333,-0.5333333333333333,0
L5-M4,765,764,2,2,8,17 18 19 20 37 38 39 40,0,1.0666666666666667,-1.0666666666666667,-2.1333333333333333,0
L5-M4,766,765,5,-1,12,17 18 19 20 27 28 29 30 37 38 39 40,2,1.6,0.3999999999999999,-0.3999999999999999,0
L5-M4,767,766,2,2,4,17 18 19 20,1,0.5333333333333333,0.4666666666666667,0.9333333333333333,0
L5-M4,768,767,4,0,5,25 26 27 28 29,2,0.6666666666666666,1.3333333333333335,0.0,0
L5-M4,769,768,1,3,4,16 17 18 19,1,0.5333333333333333,0.4666666666666667,1.4,0
L5-M4,770,769,1,3,6,21 22 23 24 25 26,1,0.8,0.19999999999999996,0.5999999999999999,0
L5-M4,771,770,5,-1,0,,0,0.0,0.0,-0.0,0
L5-M4,772,771,7,-3,0,,0,0.0,0.0,-0.0,0
L5-M4,773,772,6,-2,7,31 32 33 34 35 36 37,2,0.9333333333333333,1.0666666666666667,-2.1333333333333333,0
L5-M4,774,773,7,-3,5,24 25 26 27 28,1,0.6666666666666666,0.33333333333333337,-1.0,0
L5-M4,775,774,1,3,4,24 25 26 27,0,0.5333333333333333,-0.5333333333333333,-1.6,0
L5-M4,776,775,3,1,10,1 2 3 4 22 23 24 25 26 27,0,1.3333333333333333,-1.3333333333333333,-1.3333333333333333,0
L5-M4,777,776,4,0,10,1 2 3 4 22 23 24 25 26 27,0,1.3333333333333333,-1.3333333333333333,-0.0,0
L5-M4,778,777,4,0,11,1 2 3 4 5 22 23 24 25 26 27,0,1.4666666666666666,-1.4666666666666666,-0.0,0
L5-M4,779,778,2,2,11,1 2 3 4 5 22 23 24 25 26 27,1,1.4666666666666666,-0.46666666666666656,-0.9333333333333331,0
L5-M4,780,779,1,3,9,1 2 3 4 5 13 14 15 16,1,1.2,-0.19999999999999996,-0.5999999999999999,0
L5-M4,781,780,2,2,10,1 2 3 4 5 29 30 31 32 33,0,1.3333333333333333,-1.3333333333333333,-2.6666666666666665,0
L5-M4,782,781,7,-3,15,1 2 3 4 5 7 8 9 10 28 29 30 31 32 33,1,2.0,-1.0,3.0,0
L5-M4,783,782,3,1,9,1 2 3 4 5 7 8 9 10,0,1.2,-1.2,-1.2,0
L5-M4,784,783,5,-1,9,1 2 3 4 5 7 8 9 10,2,1.2,0.8,-0.8,0
L5-M4,785,784,3,1,5,40 41 42 43 44,0,0.6666666666666666,-0.6666666666666666,-0.6666666666666666,0
L5-M4,786,785,7,-3,9,27 28 29 30 40 41 42 43 44,1,1.2,-0.19999999999999996,0.5999999999999999,0
L5-M4,787,786,7,-3,5,40 41 42 43 44,0,0.6666666666666666,-0.6666666666666666,2.0,0
L5-M4,788,787,3,1,9,34 35 36 37 40 41 42 43 44,1,1.2,-0.19999999999999996,-0.19999999999999996,0
L5-M4,789,788,5,-1,6,40 41 42 43 44 45,1,0.8,0.19999999999999996,-0.19999999999999996,0
L5-M4,790,789,6,-2,5,40 41 42 43 44,1,0.6666666666666666,0.33333333333333337,-0.6666666666666667,0
L5-M4,791,790,3,1,4,31 32 33 34,2,0.5333333333333333,1.4666666666666668,1.4666666666666668,0
L5-M4,792,791,5,-1,7,20 21 22 23 24 25 26,1,0.9333333333333333,0.06666666666666665,-0.06666666666666665,0
L5-M4,793,792,3,1,11,13 14 15 16 17 18 20 21 22 23 24,2,1.4666666666666666,0.5333333333333334,0.5333333333333334,0
L5-M4,794,793,4,0,0,,0,0.0,0.0,0.0,0
L5-M4,795,794,3,1,0,,0,0.0,0.0,0.0,0
L5-M4,796,795,6,-2,0,,0,0.0,0.0,-0.0,0
L5-M4,797,796,2,2,0,,0,0.0,0.0,0.0,0
L5-M4,798,797,5,-1,0,,0,0.0,0.0,-0.0,0
L5-M4,799,798,7,-3,0,,0,0.0,0.0,-0.0,0
L5-M4,800,799,4,0,8,6 7 8 9 27 28 29 30,1,1.0666666666666667,-0.06666666666666665,-0.0,0
L5-M4,801,800,5,-1,4,6 7 8 9,0,0.5333333333333333,-0.5333333333333333,0.5333333333333333,0
L5-M4,802,801,1,3,8,6 7 8 9 18 19 20 21,1,1.0666666666666667,-0.06666666666666665,-0.19999999999999996,0
L5-M4,803,802,6,-2,9,5 6 7 8 9 38 39 40 41,2,1.2,0.8,-1.6,0
L5-M4,804,803,1,3,8,19 20 21 22 38 39 40 41,0,1.0666666666666667,-1.0666666666666667,-3.2,0
L5-M4,805,804,2,2,9,19 20 21 22 23 38 39 40 41,0,1.2,-1.2,-2.4,0
L5-M4,806,805,7,-3,9,19 20 21 22 23 38 39 40 41,3,1.2,1.8,-5.4,0
L5-M4,807,806,4,0,0,,0,0.0,0.0,0.0,0
L5-M4,808,807,5,-1,4,39 40 41 42,1,0.5333333333333333,0.4666666666666667,-0.4666666666666667,0
L5-M4,809,808,3,1,4,27 28 29 30,0,0.5333333333333333,-0.5333333333333333,-0.5333333333333333,0
L5-M4,810,809,6,-2,5,26 27 28 29 30,0,0.6666666666666666,-0.6666666666666666,1.3333333333333333,0
L5-M4,811,810,3,1,9,1 2 3 4 26 27 28 29 30,0,1.2,-1.2,-1.2,0
L5-M4,812,811,5,-1,9,1 2 3 4 26 27 28 29 30,2,1.2,0.8,-0.8,0
L5-M4,813,812,3,1,7,24 25 26 27 28 29 30,1,0.9333333333333333,0.06666666666666665,0.06666666666666665,0
L5-M4,814,813,2,2,6,24 25 26 27 28 29,1,0.8,0.19999999999999996,0.3999999999999999,0
L5-M4,815,814,4,0,6,22 23 24 25 26 27,3,0.8,2.2,0.0,0
L5-M4,816,815,1,3,4,4 5 6 7,0,0.5333333333333333,-0.5333333333333333,-1.6,0
L5-M4,817,816,1,3,7,4 5 6 7 8 9 10,1,0.9333333333333333,0.06666666666666665,0.19999999999999996,0
L5-M4,818,817,6,-2,5,4 5 6 7 8,0,0.6666666666666666,-0.6666666666666666,1.3333333333333333,0
L5-M4,819,818,1,3,9,4 5 6 7 8 32 33 34 35,1,1.2,-0.19999999999999996,-0.5999999999999999,0
L5-M4,820,819,1,3,5,4 5 6 7 8,0,0.6666666666666666,-0.6666666666666666,-2.0,0
L5-M4,821,820,1,3,5,4 5 6 7 8,0,0.6666666666666666,-0.6666666666666666,-2.0,0
L5-M4,822,821,4,0,9,4 5 6 7 8 17 18 19 20,2,1.2,0.8,0.0,0
L5-M4,823,822,2,2,7,2 3 4 5 6 7 8,0,0.9333333333333333,-0.9333333333333333,-1.8666666666666667,0
L5-M4,824,823,2,2,7,2 3 4 5 6 7 8,1,0.9333333333333333,0.06666666666666665,0.1333333333333333,0
L5-M4,825,824,4,0,9,2 3 4 5 6 14 15 16 17,1,1.2,-0.19999999999999996,-0.0,0
L5-M4,826,825,7,-3,5,2 3 4 5 6,0,0.6666666666666666,-0.6666666666666666,2.0,0
L5-M4,827,826,7,-3,11,1 2 3 4 5 6 41 42 43 44 45,2,1.4666666666666666,0.5333333333333334,-1.6000000000000003,0
L5-M4,828,827,4,0,4,1 2 3 4,1,0.5333333333333333,0.4666666666666667,0.0,0
L5-M4,829,828,4,0,8,17 18 19 20 40 41 42 43,1,1.0666666666666667,-0.06666666666666665,-0.0,0
L5-M4,830,829,3,1,4,17 18 19 20,1,0.5333333333333333,0.4666666666666667,0.4666666666666667,0
L5-M4,831,830,4,0,5,19 20 21 22 23,1,0.6666666666666666,0.33333333333333337,0.0,0
L5-M4,832,831,2,2,9,20 21 22 23 24 25 26 27 28,1,1.2,-0.19999999999999996,-0.3999999999999999,0
L5-M4,833,832,5,-1,6,20 21 22 23 24 25,0,0.8,-0.8,0.8,0
L5-M4,834,833,3,1,6,20 21 22 23 24 25,0,0.8,-0.8,-0.8,0
L5-M4,835,834,1,3,6,20 21 22 23 24 25,0,0.8,-0.8,-2.4000000000000004,0
L5-M4,836,835,5,-1,6,20 21 22 23 24 25,0,0.8,-0.8,0.8,0
L5-M4,837,836,5,-1,14,2 3 4 5 20 21 22 23 24 25 31 32 33 34,3,1.8666666666666667,1.1333333333333333,-1.1333333333333333,0
L5-M4,838,837,2,2,6,19 20 21 22 23 24,0,0.8,-0.8,-1.6,0
L5-M4,839,838,4,0,6,19 20 21 22 23 24,1,0.8,0.19999999999999996,0.0,0
L5-M4,840,839,7,-3,16,4 5 6 7 8 20 21 22 23 24 39 40 41 42 43 44,2,2.1333333333333333,-0.1333333333333333,0.3999999999999999,0
L5-M4,841,840,4,0,13,5 6 7 8 20 21 22 23 24 39 40 41 42,1,1.7333333333333334,-0.7333333333333334,-0.0,0
L5-M4,842,841,4,0,9,20 21 22 23 24 39 40 41 42,2,1.2,0.8,0.0,0
L5-M4,843,842,5,-1,6,20 21 22 23 24 25,1,0.8,0.19999999999999996,-0.19999999999999996,0
L5-M4,844,843,1,3,8,15 16 17 18 22 23 24 25,1,1.0666666666666667,-0.06666666666666665,-0.19999999999999996,0
L5-M4,845,844,5,-1,4,22 23 24 25,0,0.5333333333333333,-0.5333333333333333,0.5333333333333333,0
L5-M4,846,845,2,2,4,22 23 24 25,0,0.5333333333333333,-0.5333333333333333,-1.0666666666666667,0
L5-M4,847,846,2,2,8,9 10 11 12 22 23 24 25,1,1.0666666666666667,-0.06666666666666665,-0.1333333333333333,0
L5-M4,848,847,3,1,9,22 23 24 25 35 36 37 38 39,3,1.2,1.8,1.8,0
L5-M4,849,848,5,-1,4,34 35 36 37,1,0.5333333333333333,0.4666666666666667,-0.4666666666666667,0
L5-M4,850,849,1,3,6,6 7 8 9 10 11,0,0.8,-0.8,-2.4000000000000004,0
L5-M4,851,850,1,3,6,6 7 8 9 10 11,0,0.8,-0.8,-2.4000000000000004,0
L5-M4,852,851,6,-2,6,6 7 8 9 10 11,1,0.8,0.19999999999999996,-0.3999999999999999,0
L5-M4,853,852,1,3,9,6 7 8 9 10 40 41 42 43,1,1.2,-0.19999999999999996,-0.5999999999999999,0
L5-M4,854,853,3,1,4,40 41 42 43,1,0.5333333333333333,0.4666666666666667,0.4666666666666667,0
L5-M4,855,854,1,3,5,3 4 5 6 7,0,0.6666666666666666,-0.6666666666666666,-2.0,0
L5-M4,856,855,1,3,11,3 4 5 6 7 37 38 39 40 41 42,2,1.4666666666666666,0.5333333333333334,1.6000000000000003,0
L5-M4,857,856,2,2,5,3 4 5 6 7,1,0.6666666666666666,0.33333333333333337,0.6666666666666667,0
L5-M4,858,857,7,-3,4,11 12 13 14,1,0.5333333333333333,0.4666666666666667,-1.4,0
L5-M4,859,858,3,1,5,1 2 3 4 5,0,0.6666666666666666,-0.6666666666666666,-0.6666666666666666,0
L5-M4,860,859,3,1,5,1 2 3 4 5,1,0.6666666666666666,0.33333333333333337,0.33333333333333337,0
L5-M4,861,860,7,-3,0,,0,0.0,0.0,-0.0,0
L5-M4,862,861,6,-2,0,,0,0.0,0.0,-0.0,0
L5-M4,863,862,2,2,4,28 29 30 31,1,0.5333333333333333,0.4666666666666667,0.9333333333333333,0
L5-M4,864,863,1,3,4,12 13 14 15,1,0.5333333333333333,0.4666666666666667,1.4,0
L5-M4,865,864,6,-2,0,,0,0.0,0.0,-0.0,0
L5-M4,866,865,1,3,0,,0,0.0,0.0,0.0,0
L5-M4,867,866,2,2,4,17 18 19 20,2,0.5333333333333333,1.4666666666666668,2.9333333333333336,0
L5-M4,868,867,7,-3,0,,0,0.0,0.0,-0.0,0
L5-M4,869,868,3,1,0,,0,0.0,0.0,0.0,0
L5-M4,870,869,2,2,0,,0,0.0,0.0,0.0,0
L5-M4,871,870,4,0,0,,0,0.0,0.0,0.0,0
L5-M4,872,871,7,-3,5,7 8 9 10 11,0,0.6666666666666666,-0.6666666666666666,2.0,0
L5-M4,873,872,3,1,9,7 8 9 10 11 13 14 15 16,1,1.2,-0.19999999999999996,-0.19999999999999996,0
L5-M4,874,873,6,-2,11,7 8 9 10 11 14 15 16 17 18 19,2,1.4666666666666666,0.5333333333333334,-1.0666666666666669,0
L5-M4,875,874,6,-2,9,7 8 9 10 11 35 36 37 38,0,1.2,-1.2,2.4,0
L5-M4,876,875,5,-1,9,7 8 9 10 11 35 36 37 38,0,1.2,-1.2,1.2,0
L5-M4,877,876,4,0,10,6 7 8 9 10 11 35 36 37 38,0,1.3333333333333333,-1.3333333333333333,-0.0,0
L5-M4,878,877,2,2,10,6 7 8 9 10 11 35 36 37 38,2,1.3333333333333333,0.6666666666666667,1.3333333333333335,0
L5-M4,879,878,2,2,8,7 8 9 10 35 36 37 38,2,1.0666666666666667,0.9333333333333333,1.8666666666666667,0
L5-M4,880,879,6,-2,0,,0,0.0,0.0,-0.0,0
L5-M4,881,880,6,-2,10,27 28 29 30 36 37 38 39 40 41,1,1.3333333333333333,-0.33333333333333326,0.6666666666666665,0
L5-M4,882,881,2,2,7,36 37 38 39 40 41 42,1,0.9333333333333333,0.06666666666666665,0.1333333333333333,0
L5-M4,883,882,2,2,0,,0,0.0,0.0,0.0,0
L5-M4,884,883,3,1,4,28 29 30 31,1,0.5333333333333333,0.4666666666666667,0.4666666666666667,0
L5-M4,885,884,3,1,4,10 11 12 13,0,0.5333333333333333,-0.5333333333333333,-0.5333333333333333,0
L5-M4,886,885,5,-1,8,5 6 7 8 10 11 12 13,0,1.0666666666666667,-1.0666666666666667,1.0666666666666667,0
L5-M4,887,886,1,3,8,5 6 7 8 10 11 12 13,1,1.0666666666666667,-0.06666666666666665,-0.19999999999999996,0
L5-M4,888,887,2,2,4,10 11 12 13,1,0.5333333333333333,0.4666666666666667,0.9333333333333333,0
L5-M4,889,888,5,-1,0,,0,0.0,0.0,-0.0,0
L5-M4,890,889,3,1,0,,0,0.0,0.0,0.0,0
L5-M4,891,890,3,1,0,,0,0.0,0.0,0.0,0
L5-M4,892,891,3,1,8,19 20 21 22 23 24 25 26,1,1.0666666666666667,-0.06666666666666665,-0.06666666666666665,0
L5-M4,893,892,6,-2,7,19 20 21 22 23 24 25,2,0.9333333333333333,1.0666666666666667,-2.1333333333333333,0
L5-M4,894,893,2,2,13,5 6 7 8 19 20 21 22 32 33 34 35 36,2,1.7333333333333334,0.2666666666666666,0.5333333333333332,0
L5-M4,895,894,7,-3,8,5 6 7 8 33 34 35 36,0,1.0666666666666667,-1.0666666666666667,3.2,0
L5-M4,896,895,2,2,8,5 6 7 8 33 34 35 36,1,1.0666666666666667,-0.06666666666666665,-0.1333333333333333,0
L5-M4,897,896,3,1,8,27 28 29 30 33 34 35 36,1,1.0666666666666667,-0.06666666666666665,-0.06666666666666665,0
L5-M4,898,897,6,-2,8,8 9 10 11 27 28 29 30,1,1.0666666666666667,-0.06666666666666665,0.1333333333333333,0
L5-M4,899,898,1,3,8,1 2 3 4 8 9 10 11,1,1.0666666666666667,-0.06666666666666665,-0.19999999999999996,0
L5-M4,900,899,6,-2,4,1 2 3 4,0,0.5333333333333333,-0.5333333333333333,1.0666666666666667,0
L5-M4,901,900,3,1,8,1 2 3 4 29 30 31 32,1,1.0666666666666667,-0.06666666666666665,-0.06666666666666665,0
L5-M4,902,901,4,0,4,1 2 3 4,0,0.5333333333333333,-0.5333333333333333,-0.0,0
L5-M4,903,902,5,-1,8,1 2 3 4 9 10 11 12,1,1.0666666666666667,-0.06666666666666665,0.06666666666666665,0
L5-M4,904,903,7,-3,10,9 10 11 12 40 41 42 43 44 45,2,1.3333333333333333,0.6666666666666667,-2.0,0
L5-M4,905,904,4,0,4,9 10 11 12,0,0.5333333333333333,-0.5333333333333333,-0.0,0
L5-M4,906,905,4,0,6,9 10 11 12 13 14,1,0.8,0.19999999999999996,0.0,0
L5-M4,907,906,4,0,5,9 10 11 12 13,0,0.6666666666666666,-0.6666666666666666,-0.0,0
L5-M4,908,907,4,0,14,9 10 11 12 13 17 18 19 20 33 34 35 36 37,0,1.8666666666666667,-1.8666666666666667,-0.0,0
L5-M4,909,908,6,-2,14,9 10 11 12 13 17 18 19 20 33 34 35 36 37,2,1.8666666666666667,0.1333333333333333,-0.2666666666666666,0
L5-M4,910,909,5,-1,10,8 9 10 11 12 13 17 18 19 20,2,1.3333333333333333,0.6666666666666667,-0.6666666666666667,0
L5-M4,911,910,5,-1,0,,0,0.0,0.0,-0.0,0
L5-M4,912,911,6,-2,0,,0,0.0,0.0,-0.0,0
L5-M4,913,912,3,1,0,,0,0.0,0.0,0.0,0
L5-M4,914,913,7,-3,0,,0,0.0,0.0,-0.0,0
L5-M4,915,914,4,0,4,28 29 30 31,0,0.5333333333333333,-0.5333333333333333,-0.0,0
L5-M4,916,915,5,-1,4,28 29 30 31,0,0.5333333333333333,-0.5333333333333333,0.5333333333333333,0
L5-M4,917,916,2,2,4,28 29 30 31,0,0.5333333333333333,-0.5333333333333333,-1.0666666666666667,0
L5-M4,918,917,6,-2,12,7 8 9 10 28 29 30 31 38 39 40 41,3,1.6,1.4,-2.8,0
L5-M4,919,918,1,3,0,,0,0.0,0.0,0.0,0
L5-M4,920,919,5,-1,0,,0,0.0,0.0,-0.0,0
L5-M4,921,920,4,0,0,,0,0.0,0.0,0.0,0
L5-M4,922,921,1,3,0,,0,0.0,0.0,0.0,0
L5-M4,923,922,6,-2,0,,0,0.0,0.0,-0.0,0
L5-M4,924,923,5,-1,8,29 30 31 32 37 38 39 40,0,1.0666666666666667,-1.0666666666666667,1.0666666666666667,0
L5-M4,925,924,3,1,8,29 30 31 32 37 38 39 40,2,1.0666666666666667,0.9333333333333333,0.9333333333333333,0
L5-M4,926,925,1,3,0,,0,0.0,0.0,0.0,0
L5-M4,927,926,1,3,0,,0,0.0,0.0,0.0,0
L5-M4,928,927,4,0,10,5 6 7 8 9 26 27 28 29 30,1,1.3333333333333333,-0.33333333333333326,-0.0,0
L5-M4,929,928,6,-2,5,5 6 7 8 9,2,0.6666666666666666,1.3333333333333335,-2.666666666666667,0
L5-M4,930,929,1,3,0,,0,0.0,0.0,0.0,0
L5-M4,931,930,4,0,6,32 33 34 35 36 37,1,0.8,0.19999999999999996,0.0,0
L5-M4,932,931,5,-1,6,29 30 31 32 33 34,0,0.8,-0.8,0.8,0
L5-M4,933,932,2,2,6,29 30 31 32 33 34,2,0.8,1.2,2.4,0
L5-M4,934,933,6,-2,4,2 3 4 5,1,0.5333333333333333,0.4666666666666667,-0.9333333333333333,0
L5-M4,935,934,3,1,10,9 10 11 12 13 16 17 18 19 20,2,1.3333333333333333,0.6666666666666667,0.6666666666666667,0
L5-M4,936,935,3,1,4,16 17 18 19,2,0.5333333333333333,1.4666666666666668,1.4666666666666668,0
L5-M4,937,936,7,-3,4,40 41 42 43,1,0.5333333333333333,0.4666666666666667,-1.4,0
L5-M4,938,937,5,-1,0,,0,0.0,0.0,-0.0,0
L5-M4,939,938,3,1,6,23 24 25 26 27 28,1,0.8,0.19999999999999996,0.19999999999999996,0
L5-M4,940,939,2,2,5,23 24 25 26 27,1,0.6666666666666666,0.33333333333333337,0.6666666666666667,0
L5-M4,941,940,2,2,4,32 33 34 35,0,0.5333333333333333,-0.5333333333333333,-1.0666666666666667,0
L5-M4,942,941,5,-1,4,32 33 34 35,1,0.5333333333333333,0.4666666666666667,-0.4666666666666667,0
L5-M4,943,942,5,-1,0,,0,0.0,0.0,-0.0,0
L5-M4,944,943,5,-1,6,29 30 31 32 33 34,2,0.8,1.2,-1.2,0
L5-M4,945,944,7,-3,8,4 5 6 7 28 29 30 31,1,1.0666666666666667,-0.06666666666666665,0.19999999999999996,0
L5-M4,946,945,4,0,10,3 4 5 6 7 20 21 22 23 24,0,1.3333333333333333,-1.3333333333333333,-0.0,0
L5-M4,947,946,4,0,15,3 4 5 6 7 20 21 22 23 24 25 26 27 28 29,3,2.0,1.0,0.0,0
L5-M4,948,947,5,-1,10,4 5 6 7 21 22 23 24 25 26,0,1.3333333333333333,-1.3333333333333333,1.3333333333333333,0
L5-M4,949,948,1,3,14,4 5 6 7 21 22 23 24 25 26 42 43 44 45,2,1.8666666666666667,0.1333333333333333,0.3999999999999999,0
L5-M4,950,949,3,1,9,4 5 6 7 22 23 24 25 26,2,1.2,0.8,0.8,0
L5-M4,951,950,3,1,4,23 24 25 26,0,0.5333333333333333,-0.5333333333333333,-0.5333333333333333,0
L5-M4,952,951,5,-1,4,23 24 25 26,1,0.5333333333333333,0.4666666666666667,-0.4666666666666667,0
L5-M4,953,952,6,-2,7,5 6 7 8 9 10 11,2,0.9333333333333333,1.0666666666666667,-2.1333333333333333,0
L5-M4,954,953,5,-1,5,16 17 18 19 20,0,0.6666666666666666,-0.6666666666666666,0.6666666666666666,0
L5-M4,955,954,6,-2,6,16 17 18 19 20 21,0,0.8,-0.8,1.6,0
L5-M4,956,955,2,2,9,13 14 15 16 17 18 19 20 21,2,1.2,0.8,1.6,0
L5-M4,957,956,6,-2,7,13 14 15 16 17 18 19,1,0.9333333333333333,0.06666666666666665,-0.1333333333333333,0
L5-M4,958,957,1,3,4,16 17 18 19,1,0.5333333333333333,0.4666666666666667,1.4,0
L5-M4,959,958,1,3,8,5 6 7 8 42 43 44 45,0,1.0666666666666667,-1.0666666666666667,-3.2,0
L5-M4,960,959,5,-1,8,5 6 7 8 42 43 44 45,1,1.0666666666666667,-0.06666666666666665,0.06666666666666665,0
L5-M4,961,960,2,2,8,5 6 7 8 26 27 28 29,1,1.0666666666666667,-0.06666666666666665,-0.1333333333333333,0
L5-M4,962,961,7,-3,8,5 6 7 8 25 26 27 28,1,1.0666666666666667,-0.06666666666666665,0.19999999999999996,0
L5-M4,963,962,6,-2,6,3 4 5 6 7 8,1,0.8,0.19999999999999996,-0.3999999999999999,0
L5-M4,964,963,6,-2,9,7 8 9 10 35 36 37 38 39,3,1.2,1.8,-3.6,0
L5-M4,965,964,3,1,9,7 8 9 10 13 14 15 16 17,1,1.2,-0.19999999999999996,-0.19999999999999996,0
L5-M4,966,965,6,-2,8,7 8 9 10 14 15 16 17,0,1.0666666666666667,-1.0666666666666667,2.1333333333333333,0
L5-M4,967,966,6,-2,9,7 8 9 10 11 14 15 16 17,0,1.2,-1.2,2.4,0
L5-M4,968,967,3,1,14,7 8 9 10 11 14 15 16 17 18 30 31 32 33,1,1.8666666666666667,-0.8666666666666667,-0.8666666666666667,0
L5-M4,969,968,6,-2,15,7 8 9 10 11 15 16 17 18 19 20 30 31 32 33,2,2.0,0.0,-0.0,0
L5-M4,970,969,2,2,14,15 16 17 18 19 20 30 31 32 33 41 42 43 44,1,1.8666666666666667,-0.8666666666666667,-1.7333333333333334,0
L5-M4,971,970,1,3,12,17 18 19 20 30 31 32 33 41 42 43 44,2,1.6,0.3999999999999999,1.1999999999999997,0
L5-M4,972,971,3,1,10,30 31 32 33 34 35 41 42 43 44,0,1.3333333333333333,-1.3333333333333333,-1.3333333333333333,0
L5-M4,973,972,5,-1,10,30 31 32 33 34 35 41 42 43 44,3,1.3333333333333333,1.6666666666666667,-1.6666666666666667,0
L5-M4,974,973,2,2,8,12 13 14 15 32 33 34 35,0,1.0666666666666667,-1.0666666666666667,-2.1333333333333333,0
L5-M4,975,974,5,-1,8,12 13 14 15 32 33 34 35,0,1.0666666666666667,-1.0666666666666667,1.0666666666666667,0
L5-M4,976,975,1,3,13,12 13 14 15 27 28 29 30 32 33 34 35 36,3,1.7333333333333334,1.2666666666666666,3.8,0
L5-M4,977,976,1,3,8,18 19 20 21 27 28 29 30,0,1.0666666666666667,-1.0666666666666667,-3.2,0
L5-M4,978,977,5,-1,8,18 19 20 21 27 28 29 30,0,1.0666666666666667,-1.0666666666666667,1.0666666666666667,0
L5-M4,979,978,3,1,10,18 19 20 21 26 27 28 29 30 31,2,1.3333333333333333,0.6666666666666667,0.6666666666666667,0
L5-M4,980,979,5,-1,8,28 29 30 31 38 39 40 41,0,1.0666666666666667,-1.0666666666666667,1.0666666666666667,0
L5-M4,981,980,3,1,12,17 18 19 20 28 29 30 31 38 39 40 41,1,1.6,-0.6000000000000001,-0.6000000000000001,0
L5-M4,982,981,2,2,8,17 18 19 20 28 29 30 31,1,1.0666666666666667,-0.06666666666666665,-0.1333333333333333,0
L5-M4,983,982,6,-2,4,28 29 30 31,1,0.5333333333333333,0.4666666666666667,-0.9333333333333333,0
L5-M4,984,983,2,2,0,,0,0.0,0.0,0.0,0
L5-M4,985,984,3,1,0,,0,0.0,0.0,0.0,0
L5-M4,986,985,2,2,0,,0,0.0,0.0,0.0,0
L5-M4,987,986,5,-1,0,,0,0.0,0.0,-0.0,0
L5-M4,988,987,3,1,0,,0,0.0,0.0,0.0,0
L5-M4,989,988,4,0,4,24 25 26 27,1,0.5333333333333333,0.4666666666666667,0.0,0
L5-M4,990,989,4,0,0,,0,0.0,0.0,0.0,0
L5-M4,991,990,5,-1,0,,0,0.0,0.0,-0.0,0
L5-M4,992,991,6,-2,8,5 6 7 8 9 10 11 12,1,1.0666666666666667,-0.06666666666666665,0.1333333333333333,0
L5-M4,993,992,3,1,7,5 6 7 8 9 10 11,1,0.9333333333333333,0.06666666666666665,0.06666666666666665,0
L5-M4,994,993,7,-3,9,7 8 9 10 11 38 39 40 41,1,1.2,-0.19999999999999996,0.5999999999999999,0
L5-M4,995,994,6,-2,4,38 39 40 41,2,0.5333333333333333,1.4666666666666668,-2.9333333333333336,0
L5-M4,996,995,3,1,0,,0,0.0,0.0,0.0,0
L5-M4,997,996,5,-1,0,,0,0.0,0.0,-0.0,0
L5-M4,998,997,5,-1,5,19 20 21 22 23,1,0.6666666666666666,0.33333333333333337,-0.33333333333333337,0
L5-M4,999,998,5,-1,0,,0,0.0,0.0,-0.0,0
L5-M4,1000,999,7,-3,5,33 34 35 36 37,0,0.6666666666666666,-0.6666666666666666,2.0,0
L5-M4,1001,1000,6,-2,6,33 34 35 36 37 38,0,0.8,-0.8,1.6,0
L5-M4,1002,1001,5,-1,9,33 34 35 36 37 38 39 40 41,3,1.2,1.8,-1.8,0
L5-M4,1003,1002,1,3,0,,0,0.0,0.0,0.0,0
L5-M4,1004,1003,4,0,0,,0,0.0,0.0,0.0,0
L5-M4,1005,1004,3,1,0,,0,0.0,0.0,0.0,0
L5-M4,1006,1005,3,1,0,,0,0.0,0.0,0.0,0
L5-M4,1007,1006,6,-2,5,19 20 21 22 23,2,0.6666666666666666,1.3333333333333335,-2.666666666666667,0
L5-M4,1008,1007,7,-3,6,31 32 33 34 35 36,1,0.8,0.19999999999999996,-0.5999999999999999,0
L5-M4,1009,1008,5,-1,11,1 2 3 4 5 6 32 33 34 35 36,1,1.4666666666666666,-0.46666666666666656,0.46666666666666656,0
L5-M4,1010,1009,2,2,7,1 2 3 4 5 6 7,0,0.9333333333333333,-0.9333333333333333,-1.8666666666666667,0
L5-M4,1011,1010,1,3,7,1 2 3 4 5 6 7,1,0.9333333333333333,0.06666666666666665,0.19999999999999996,0
L5-M4,1012,1011,7,-3,6,2 3 4 5 6 7,1,0.8,0.19999999999999996,-0.5999999999999999,0
L5-M4,1013,1012,1,3,0,,0,0.0,0.0,0.0,0
L5-M4,1014,1013,4,0,4,30 31 32 33,0,0.5333333333333333,-0.5333333333333333,-0.0,0
L5-M4,1015,1014,5,-1,6,28 29 30 31 32 33,2,0.8,1.2,-1.2,0
L5-M4,1016,1015,7,-3,0,,0,0.0,0.0,-0.0,0
L5-M4,1017,1016,7,-3,5,6 7 8 9 10,0,0.6666666666666666,-0.6666666666666666,2.0,0
L5-M4,1018,1017,6,-2,7,4 5 6 7 8 9 10,0,0.9333333333333333,-0.9333333333333333,1.8666666666666667,0
L5-M4,1019,1018,5,-1,7,4 5 6 7 8 9 10,1,0.9333333333333333,0.06666666666666665,-0.06666666666666665,0
L5-M4,1020,1019,3,1,7,5 6 7 8 9 10 11,0,0.9333333333333333,-0.9333333333333333,-0.9333333333333333,0
L5-M4,1021,1020,1,3,7,5 6 7 8 9 10 11,0,0.9333333333333333,-0.9333333333333333,-2.8,0
L5-M4,1022,1021,3,1,7,5 6 7 8 9 10 11,3,0.9333333333333333,2.0666666666666664,2.0666666666666664,0
L5-M4,1023,1022,4,0,8,7 8 9 10 30 31 32 33,1,1.0666666666666667,-0.06666666666666665,-0.0,0
L5-M4,1024,1023,5,-1,9,19 20 21 22 23 30 31 32 33,2,1.2,0.8,-0.8,0
L5-M4,1025,1024,2,2,9,1 2 3 4 30 31 32 33 34,1,1.2,-0.19999999999999996,-0.3999999999999999,0
L5-M4,1026,1025,1,3,4,1 2 3 4,0,0.5333333333333333,-0.5333333333333333,-1.6,0
L5-M4,1027,1026,6,-2,4,1 2 3 4,0,0.5333333333333333,-0.5333333333333333,1.0666666666666667,0
L5-M4,1028,1027,1,3,4,1 2 3 4,0,0.5333333333333333,-0.5333333333333333,-1.6,0
L5-M4,1029,1028,6,-2,4,1 2 3 4,0,0.5333333333333333,-0.5333333333333333,1.0666666666666667,0
L5-M4,1030,1029,2,2,8,1 2 3 4 21 22 23 24,2,1.0666666666666667,0.9333333333333333,1.8666666666666667,0
L5-M4,1031,1030,3,1,5,19 20 21 22 23,1,0.6666666666666666,0.33333333333333337,0.33333333333333337,0
L5-M4,1032,1031,3,1,0,,0,0.0,0.0,0.0,0
L5-M4,1033,1032,5,-1,4,25 26 27 28,0,0.5333333333333333,-0.5333333333333333,0.5333333333333333,0
L5-M4,1034,1033,2,2,4,25 26 27 28,1,0.5333333333333333,0.4666666666666667,0.9333333333333333,0
L5-M4,1035,1034,1,3,0,,0,0.0,0.0,0.0,0
L5-M4,1036,1035,1,3,4,27 28 29 30,0,0.5333333333333333,-0.5333333333333333,-1.6,0
L5-M4,1037,1036,6,-2,4,27 28 29 30,1,0.5333333333333333,0.4666666666666667,-0.9333333333333333,0
L5-M4,1038,1037,6,-2,4,16 17 18 19,1,0.5333333333333333,0.4666666666666667,-0.9333333333333333,0
L5-M4,1039,1038,1,3,9,10 11 12 13 17 18 19 20 21,1,1.2,-0.19999999999999996,-0.5999999999999999,0
L5-M4,1040,1039,5,-1,8,10 11 12 13 28 29 30 31,2,1.0666666666666667,0.9333333333333333,-0.9333333333333333,0
L5-M4,1041,1040,2,2,9,9 10 11 12 13 40 41 42 43,2,1.2,0.8,1.6,0
L5-M4,1042,1041,7,-3,4,40 41 42 43,1,0.5333333333333333,0.4666666666666667,-1.4,0
L5-M4,1043,1042,1,3,0,,0,0.0,0.0,0.0,0
L5-M4,1044,1043,4,0,0,,0,0.0,0.0,0.0,0
L5-M4,1045,1044,1,3,6,37 38 39 40 41 42,1,0.8,0.19999999999999996,0.5999999999999999,0
L5-M4,1046,1045,6,-2,4,37 38 39 40,0,0.5333333333333333,-0.5333333333333333,1.0666666666666667,0
L5-M4,1047,1046,4,0,8,8 9 10 11 37 38 39 40,1,1.0666666666666667,-0.06666666666666665,-0.0,0
L5-M4,1048,1047,3,1,4,8 9 10 11,0,0.5333333333333333,-0.5333333333333333,-0.5333333333333333,0
L5-M4,1049,1048,5,-1,4,8 9 10 11,0,0.5333333333333333,-0.5333333333333333,0.5333333333333333,0
L5-M4,1050,1049,4,0,4,8 9 10 11,0,0.5333333333333333,-0.5333333333333333,-0.0,0
L5-M4,1051,1050,3,1,4,8 9 10 11,0,0.5333333333333333,-0.5333333333333333,-0.5333333333333333,0
L5-M4,1052,1051,7,-3,9,7 8 9 10 11 22 23 24 25,0,1.2,-1.2,3.5999999999999996,0
L5-M4,1053,1052,1,3,9,7 8 9 10 11 22 23 24 25,1,1.2,-0.19999999999999996,-0.5999999999999999,0
L5-M4,1054,1053,1,3,9,7 8 9 10 11 39 40 41 42,0,1.2,-1.2,-3.5999999999999996,0
L5-M4,1055,1054,6,-2,13,1 2 3 4 7 8 9 10 11 39 40 41 42,2,1.7333333333333334,0.2666666666666666,-0.5333333333333332,0
L5-M4,1056,1055,6,-2,10,8 9 10 11 39 40 41 42 43 44,0,1.3333333333333333,-1.3333333333333333,2.6666666666666665,0
L5-M4,1057,1056,4,0,10,8 9 10 11 39 40 41 42 43 44,2,1.3333333333333333,0.6666666666666667,0.0,0
L5-M4,1058,1057,2,2,8,15 16 17 18 41 42 43 44,0,1.0666666666666667,-1.0666666666666667,-2.1333333333333333,0
L5-M4,1059,1058,7,-3,8,15 16 17 18 41 42 43 44,0,1.0666666666666667,-1.0666666666666667,3.2,0
L5-M4,1060,1059,5,-1,8,15 16 17 18 41 42 43 44,0,1.0666666666666667,-1.0666666666666667,1.0666666666666667,0
L5-M4,1061,1060,5,-1,9,14 15 16 17 18 41 42 43 44,0,1.2,-1.2,1.2,0
L5-M4,1062,1061,2,2,9,14 15 16 17 18 41 42 43 44,1,1.2,-0.19999999999999996,-0.3999999999999999,0
L5-M4,1063,1062,1,3,8,12 13 14 15 16 17 18 19,0,1.0666666666666667,-1.0666666666666667,-3.2,0
L5-M4,1064,1063,6,-2,9,11 12 13 14 15 16 17 18 19,1,1.2,-0.19999999999999996,0.3999999999999999,0
L5-M4,1065,1064,4,0,7,11 12 13 14 15 16 17,0,0.9333333333333333,-0.9333333333333333,-0.0,0
L5-M4,1066,1065,5,-1,8,10 11 12 13 14 15 16 17,2,1.0666666666666667,0.9333333333333333,-0.9333333333333333,0
L5-M4,1067,1066,7,-3,10,12 13 14 15 25 26 27 28 29 30,1,1.3333333333333333,-0.33333333333333326,0.9999999999999998,0
L5-M4,1068,1067,3,1,10,12 13 14 15 39 40 41 42 43 44,0,1.3333333333333333,-1.3333333333333333,-1.3333333333333333,0
L5-M4,1069,1068,1,3,13,12 13 14 15 36 37 38 39 40 41 42 43 44,0,1.7333333333333334,-1.7333333333333334,-5.2,0
L5-M4,1070,1069,7,-3,13,12 13 14 15 36 37 38 39 40 41 42 43 44,2,1.7333333333333334,0.2666666666666666,-0.7999999999999998,0
L5-M4,1071,1070,6,-2,9,36 37 38 39 40 42 43 44 45,0,1.2,-1.2,2.4,0
L5-M4,1072,1071,7,-3,9,36 37 38 39 40 42 43 44 45,1,1.2,-0.19999999999999996,0.5999999999999999,0
L5-M4,1073,1072,5,-1,5,36 37 38 39 40,1,0.6666666666666666,0.33333333333333337,-0.33333333333333337,0
L5-M4,1074,1073,2,2,4,24 25 26 27,1,0.5333333333333333,0.4666666666666667,0.9333333333333333,0
L5-M4,1075,1074,3,1,4,7 8 9 10,0,0.5333333333333333,-0.5333333333333333,-0.5333333333333333,0
L5-M4,1076,1075,2,2,8,7 8 9 10 12 13 14 15,2,1.0666666666666667,0.9333333333333333,1.8666666666666667,0
L5-M4,1077,1076,4,0,6,10 11 12 13 14 15,0,0.8,-0.8,-0.0,0
L5-M4,1078,1077,5,-1,7,10 11 12 13 14 15 16,3,0.9333333333333333,2.0666666666666664,-2.0666666666666664,0
L5-M4,1079,1078,7,-3,0,,0,0.0,0.0,-0.0,0
L5-M4,1080,1079,2,2,9,19 20 21 22 25 26 27 28 29,0,1.2,-1.2,-2.4,0
L5-M4,1081,1080,6,-2,9,19 20 21 22 25 26 27 28 29,0,1.2,-1.2,2.4,0
L5-M4,1082,1081,4,0,13,19 20 21 22 25 26 27 28 29 32 33 34 35,5,1.7333333333333334,3.2666666666666666,0.0,0
L5-M4,1083,1082,4,0,0,,0,0.0,0.0,0.0,0
L5-M4,1084,1083,5,-1,0,,0,0.0,0.0,-0.0,0
L5-M4,1085,1084,1,3,4,17 18 19 20,2,0.5333333333333333,1.4666666666666668,4.4,0
L5-M4,1086,1085,5,-1,0,,0,0.0,0.0,-0.0,0
L5-M4,1087,1086,7,-3,0,,0,0.0,0.0,-0.0,0
L5-M4,1088,1087,3,1,0,,0,0.0,0.0,0.0,0
L5-M4,1089,1088,5,-1,0,,0,0.0,0.0,-0.0,0
L5-M4,1090,1089,5,-1,0,,0,0.0,0.0,-0.0,0
L5-M4,1091,1090,1,3,6,5 6 7 8 9 10,1,0.8,0.19999999999999996,0.5999999999999999,0
L5-M4,1092,1091,7,-3,4,7 8 9 10,1,0.5333333333333333,0.4666666666666667,-1.4,0
L5-M4,1093,1092,6,-2,5,13 14 15 16 17,1,0.6666666666666666,0.33333333333333337,-0.6666666666666667,0
L5-M4,1094,1093,7,-3,4,13 14 15 16,1,0.5333333333333333,0.4666666666666667,-1.4,0
L5-M4,1095,1094,7,-3,9,1 2 3 4 5 36 37 38 39,0,1.2,-1.2,3.5999999999999996,0
L5-M4,1096,1095,2,2,9,1 2 3 4 5 36 37 38 39,1,1.2,-0.19999999999999996,-0.3999999999999999,0
L5-M4,1097,1096,6,-2,8,2 3 4 5 36 37 38 39,1,1.0666666666666667,-0.06666666666666665,0.1333333333333333,0
L5-M4,1098,1097,1,3,4,2 3 4 5,0,0.5333333333333333,-0.5333333333333333,-1.6,0
L5-M4,1099,1098,2,2,4,2 3 4 5,1,0.5333333333333333,0.4666666666666667,0.9333333333333333,0
L5-M4,1100,1099,2,2,4,4 5 6 7,0,0.5333333333333333,-0.5333333333333333,-1.0666666666666667,0
L5-M4,1101,1100,1,3,8,4 5 6 7 8 9 10 11,2,1.0666666666666667,0.9333333333333333,2.8,0
L5-M4,1102,1101,6,-2,4,8 9 10 11,0,0.5333333333333333,-0.5333333333333333,1.0666666666666667,0
L5-M4,1103,1102,3,1,8,8 9 10 11 32 33 34 35,1,1.0666666666666667,-0.06666666666666665,-0.06666666666666665,0
L5-M4,1104,1103,1,3,4,32 33 34 35,1,0.5333333333333333,0.4666666666666667,1.4,0
L5-M4,1105,1104,2,2,4,2 3 4 5,0,0.5333333333333333,-0.5333333333333333,-1.0666666666666667,0
L5-M4,1106,1105,2,2,8,2 3 4 5 17 18 19 20,2,1.0666666666666667,0.9333333333333333,1.8666666666666667,0
L5-M4,1107,1106,5,-1,4,17 18 19 20,0,0.5333333333333333,-0.5333333333333333,0.5333333333333333,0
L5-M4,1108,1107,3,1,11,17 18 19 20 22 23 24 25 26 27 28,2,1.4666666666666666,0.5333333333333334,0.5333333333333334,0
L5-M4,1109,1108,4,0,10,8 9 10 11 12 13 22 23 24 25,3,1.3333333333333333,1.6666666666666667,0.0,0
L5-M4,1110,1109,1,3,6,20 21 22 23 24 25,2,0.8,1.2,3.5999999999999996,0
L5-M4,1111,1110,6,-2,4,15 16 17 18,0,0.5333333333333333,-0.5333333333333333,1.0666666666666667,0
L5-M4,1112,1111,2,2,4,15 16 17 18,1,0.5333333333333333,0.4666666666666667,0.9333333333333333,0
L5-M4,1113,1112,3,1,0,,0,0.0,0.0,0.0,0
L5-M4,1114,1113,1,3,0,,0,0.0,0.0,0.0,0
L5-M4,1115,1114,1,3,0,,0,0.0,0.0,0.0,0
L5-M4,1116,1115,2,2,0,,0,0.0,0.0,0.0,0
L5-M4,1117,1116,7,-3,6,1 2 3 4 5 6,2,0.8,1.2,-3.5999999999999996,0
L5-M4,1118,1117,3,1,9,26 27 28 29 39 40 41 42 43,0,1.2,-1.2,-1.2,0
L5-M4,1119,1118,1,3,10,26 27 28 29 39 40 41 42 43 44,0,1.3333333333333333,-1.3333333333333333,-4.0,0
L5-M4,1120,1119,2,2,12,26 27 28 29 37 38 39 40 41 42 43 44,3,1.6,1.4,2.8,0
L5-M4,1121,1120,5,-1,8,5 6 7 8 21 22 23 24,2,1.0666666666666667,0.9333333333333333,-0.9333333333333333,0
L5-M4,1122,1121,2,2,0,,0,0.0,0.0,0.0,0
L5-M4,1123,1122,4,0,0,,0,0.0,0.0,0.0,0
L5-M4,1124,1123,5,-1,5,14 15 16 17 18,1,0.6666666666666666,0.33333333333333337,-0.33333333333333337,0
L5-M4,1125,1124,4,0,4,9 10 11 12,0,0.5333333333333333,-0.5333333333333333,-0.0,0
L5-M4,1126,1125,4,0,8,9 10 11 12 26 27 28 29,2,1.0666666666666667,0.9333333333333333,0.0,0
L5-M4,1127,1126,3,1,4,26 27 28 29,0,0.5333333333333333,-0.5333333333333333,-0.5333333333333333,0
L5-M4,1128,1127,6,-2,4,26 27 28 29,1,0.5333333333333333,0.4666666666666667,-0.9333333333333333,0
L5-M4,1129,1128,7,-3,6,18 19 20 21 22 23,0,0.8,-0.8,2.4000000000000004,0
L5-M4,1130,1129,5,-1,6,18 19 20 21 22 23,2,0.8,1.2,-1.2,0
L5-M4,1131,1130,7,-3,5,41 42 43 44 45,0,0.6666666666666666,-0.6666666666666666,2.0,0
L5-M4,1132,1131,6,-2,7,39 40 41 42 43 44 45,1,0.9333333333333333,0.06666666666666665,-0.1333333333333333,0
L5-M4,1133,1132,1,3,8,29 30 31 32 42 43 44 45,1,1.0666666666666667,-0.06666666666666665,-0.19999999999999996,0
L5-M4,1134,1133,4,0,8,30 31 32 33 42 43 44 45,0,1.0666666666666667,-1.0666666666666667,-0.0,0
L5-M4,1135,1134,6,-2,8,30 31 32 33 42 43 44 45,1,1.0666666666666667,-0.06666666666666665,0.1333333333333333,0
L5-M4,1136,1135,2,2,8,15 16 17 18 42 43 44 45,2,1.0666666666666667,0.9333333333333333,1.8666666666666667,0
L5-M4,1137,1136,1,3,4,15 16 17 18,1,0.5333333333333333,0.4666666666666667,1.4,0
L5-M4,1138,1137,5,-1,0,,0,0.0,0.0,-0.0,0
L5-M4,1139,1138,7,-3,4,25 26 27 28,0,0.5333333333333333,-0.5333333333333333,1.6,0
L5-M4,1140,1139,4,0,7,22 23 24 25 26 27 28,1,0.9333333333333333,0.06666666666666665,0.0,0
L5-M4,1141,1140,3,1,6,23 24 25 26 27 28,1,0.8,0.19999999999999996,0.19999999999999996,0
L5-M4,1142,1141,4,0,4,41 42 43 44,1,0.5333333333333333,0.4666666666666667,0.0,0
L5-M4,1143,1142,3,1,4,42 43 44 45,0,0.5333333333333333,-0.5333333333333333,-0.5333333333333333,0
L5-M4,1144,1143,1,3,4,42 43 44 45,0,0.5333333333333333,-0.5333333333333333,-1.6,0
L5-M4,1145,1144,3,1,4,42 43 44 45,1,0.5333333333333333,0.4666666666666667,0.4666666666666667,0
L5-M4,1146,1145,4,0,4,22 23 24 25,0,0.5333333333333333,-0.5333333333333333,-0.0,0
L5-M4,1147,1146,5,-1,6,20 21 22 23 24 25,1,0.8,0.19999999999999996,-0.19999999999999996,0
L5-M4,1148,1147,6,-2,4,20 21 22 23,1,0.5333333333333333,0.4666666666666667,-0.9333333333333333,0
L5-M4,1149,1148,7,-3,0,,0,0.0,0.0,-0.0,0
L5-M4,1150,1149,7,-3,0,,0,0.0,0.0,-0.0,0
L5-M4,1151,1150,4,0,4,28 29 30 31,1,0.5333333333333333,0.4666666666666667,0.0,0
L5-M4,1152,1151,3,1,5,40 41 42 43 44,0,0.6666666666666666,-0.6666666666666666,-0.6666666666666666,0
L5-M4,1153,1152,1,3,9,23 24 25 26 40 41 42 43 44,1,1.2,-0.19999999999999996,-0.5999999999999999,0
L5-M4,1154,1153,2,2,13,4 5 6 7 22 23 24 25 26 40 41 42 43,3,1.7333333333333334,1.2666666666666666,2.533333333333333,0
L5-M4,1155,1154,5,-1,4,40 41 42 43,0,0.5333333333333333,-0.5333333333333333,0.5333333333333333,0
L5-M4,1156,1155,2,2,5,39 40 41 42 43,2,0.6666666666666666,1.3333333333333335,2.666666666666667,0
L5-M4,1157,1156,1,3,0,,0,0.0,0.0,0.0,0
L5-M4,1158,1157,7,-3,0,,0,0.0,0.0,-0.0,0
L5-M4,1159,1158,1,3,0,,0,0.0,0.0,0.0,0
L5-M4,1160,1159,2,2,0,,0,0.0,0.0,0.0,0
L5-M4,1161,1160,4,0,4,14 15 16 17,0,0.5333333333333333,-0.5333333333333333,-0.0,0
L5-M4,1162,1161,6,-2,4,14 15 16 17,0,0.5333333333333333,-0.5333333333333333,1.0666666666666667,0
L5-M4,1163,1162,1,3,4,14 15 16 17,2,0.5333333333333333,1.4666666666666668,4.4,0
L5-M4,1164,1163,2,2,0,,0,0.0,0.0,0.0,0
L5-M4,1165,1164,3,1,8,3 4 5 6 8 9 10 11,1,1.0666666666666667,-0.06666666666666665,-0.06666666666666665,0
L5-M4,1166,1165,3,1,4,8 9 10 11,0,0.5333333333333333,-0.5333333333333333,-0.5333333333333333,0
L5-M4,1167,1166,2,2,9,8 9 10 11 12 34 35 36 37,2,1.2,0.8,1.6,0
L5-M4,1168,1167,3,1,8,9 10 11 12 19 20 21 22,2,1.0666666666666667,0.9333333333333333,0.9333333333333333,0
L5-M4,1169,1168,4,0,9,1 2 3 4 5 10 11 12 13,2,1.2,0.8,0.0,0
L5-M4,1170,1169,3,1,10,1 2 3 4 15 16 17 18 19 20,1,1.3333333333333333,-0.33333333333333326,-0.33333333333333326,0
L5-M4,1171,1170,3,1,6,15 16 17 18 19 20,1,0.8,0.19999999999999996,0.19999999999999996,0
L5-M4,1172,1171,7,-3,0,,0,0.0,0.0,-0.0,0
L5-M4,1173,1172,7,-3,0,,0,0.0,0.0,-0.0,0
L5-M4,1174,1173,2,2,0,,0,0.0,0.0,0.0,0
L5-M4,1175,1174,5,-1,0,,0,0.0,0.0,-0.0,0
L5-M4,1176,1175,5,-1,5,25 26 27 28 29,0,0.6666666666666666,-0.6666666666666666,0.6666666666666666,0
L5-M4,1177,1176,5,-1,5,25 26 27 28 29,0,0.6666666666666666,-0.6666666666666666,0.6666666666666666,0
L5-M4,1178,1177,6,-2,8,22 23 24 25 26 27 28 29,1,1.0666666666666667,-0.06666666666666665,0.1333333333333333,0
L5-M4,1179,1178,4,0,5,22 23 24 25 26,1,0.6666666666666666,0.33333333333333337,0.0,0
L5-M4,1180,1179,4,0,4,36 37 38 39,1,0.5333333333333333,0.4666666666666667,0.0,0
L5-M4,1181,1180,1,3,4,31 32 33 34,1,0.5333333333333333,0.4666666666666667,1.4,0
L5-M4,1182,1181,5,-1,5,28 29 30 31 32,2,0.6666666666666666,1.3333333333333335,-1.3333333333333335,0
L5-M4,1183,1182,4,0,0,,0,0.0,0.0,0.0,0
L5-M4,1184,1183,6,-2,0,,0,0.0,0.0,-0.0,0
L5-M4,1185,1184,7,-3,4,42 43 44 45,0,0.5333333333333333,-0.5333333333333333,1.6,0
L5-M4,1186,1185,7,-3,4,42 43 44 45,0,0.5333333333333333,-0.5333333333333333,1.6,0
L5-M4,1187,1186,7,-3,12,9 10 11 12 38 39 40 41 42 43 44 45,1,1.6,-0.6000000000000001,1.8000000000000003,0
L5-M4,1188,1187,7,-3,13,9 10 11 12 18 19 20 21 41 42 43 44 45,2,1.7333333333333334,0.2666666666666666,-0.7999999999999998,0
L5-M4,1189,1188,3,1,9,33 34 35 36 41 42 43 44 45,1,1.2,-0.19999999999999996,-0.19999999999999996,0
L5-M4,1190,1189,4,0,5,41 42 43 44 45,1,0.6666666666666666,0.33333333333333337,0.0,0
L5-M4,1191,1190,6,-2,9,30 31 32 33 34 41 42 43 44,1,1.2,-0.19999999999999996,0.3999999999999999,0
L5-M4,1192,1191,2,2,10,14 15 16 17 18 30 31 32 33 34,1,1.3333333333333333,-0.33333333333333326,-0.6666666666666665,0
L5-M4,1193,1192,2,2,5,30 31 32 33 34,0,0.6666666666666666,-0.6666666666666666,-1.3333333333333333,0
L5-M4,1194,1193,4,0,5,30 31 32 33 34,1,0.6666666666666666,0.33333333333333337,0.0,0
L5-M4,1195,1194,1,3,4,29 30 31 32,0,0.5333333333333333,-0.5333333333333333,-1.6,0
L5-M4,1196,1195,7,-3,8,29 30 31 32 42 43 44 45,2,1.0666666666666667,0.9333333333333333,-2.8,0
L5-M4,1197,1196,3,1,4,41 42 43 44,1,0.5333333333333333,0.4666666666666667,0.4666666666666667,0
L5-M4,1198,1197,6,-2,4,20 21 22 23,0,0.5333333333333333,-0.5333333333333333,1.0666666666666667,0
L5-M4,1199,1198,1,3,8,16 17 18 19 20 21 22 23,1,1.0666666666666667,-0.06666666666666665,-0.19999999999999996,0
L5-M4,1200,1199,1,3,7,17 18 19 20 21 22 23,1,0.9333333333333333,0.06666666666666665,0.19999999999999996,0
L5-M4,1201,1200,7,-3,4,34 35 36 37,2,0.5333333333333333,1.4666666666666668,-4.4,0
L5-M4,1202,1201,7,-3,6,10 11 12 13 14 15,1,0.8,0.19999999999999996,-0.5999999999999999,0
L5-M4,1203,1202,2,2,4,42 43 44 45,0,0.5333333333333333,-0.5333333333333333,-1.0666666666666667,0
L5-M4,1204,1203,4,0,5,41 42 43 44 45,1,0.6666666666666666,0.33333333333333337,0.0,0
L5-M4,1205,1204,3,1,0,,0,0.0,0.0,0.0,0
L5-M4,1206,1205,2,2,0,,0,0.0,0.0,0.0,0
L5-M4,1207,1206,4,0,0,,0,0.0,0.0,0.0,0
L5-M4,1208,1207,2,2,5,11 12 13 14 15,0,0.6666666666666666,-0.6666666666666666,-1.3333333333333333,0
L5-M4,1209,1208,2,2,13,11 12 13 14 15 18 19 20 21 32 33 34 35,2,1.7333333333333334,0.2666666666666666,0.5333333333333332,0
L5-M4,1210,1209,4,0,5,11 12 13 14 15,0,0.6666666666666666,-0.6666666666666666,-0.0,0
L5-M4,1211,1210,6,-2,10,11 12 13 14 15 16 31 32 33 34,0,1.3333333333333333,-1.3333333333333333,2.6666666666666665,0
L5-M4,1212,1211,1,3,10,11 12 13 14 15 16 31 32 33 34,1,1.3333333333333333,-0.33333333333333326,-0.9999999999999998,0
L5-M4,1213,1212,7,-3,7,10 11 12 13 14 15 16,1,0.9333333333333333,0.06666666666666665,-0.19999999999999996,0
L5-M4,1214,1213,1,3,5,12 13 14 15 16,1,0.6666666666666666,0.33333333333333337,1.0,0
L5-M4,1215,1214,2,2,0,,0,0.0,0.0,0.0,0
L5-M4,1216,1215,5,-1,4,1 2 3 4,1,0.5333333333333333,0.4666666666666667,-0.4666666666666667,0
L5-M4,1217,1216,7,-3,0,,0,0.0,0.0,-0.0,0
L5-M4,1218,1217,7,-3,5,39 40 41 42 43,1,0.6666666666666666,0.33333333333333337,-1.0,0
L5-M4,1219,1218,2,2,12,4 5 6 7 34 35 36 37 38 39 40 41,1,1.6,-0.6000000000000001,-1.2000000000000002,0
L5-M4,1220,1219,5,-1,10,4 5 6 7 33 34 35 36 37 38,1,1.3333333333333333,-0.33333333333333326,0.33333333333333326,0
L5-M4,1221,1220,2,2,12,4 5 6 7 16 17 18 19 35 36 37 38,3,1.6,1.4,2.8,0
L5-M4,1222,1221,2,2,0,,0,0.0,0.0,0.0,0
L5-M4,1223,1222,6,-2,4,7 8 9 10,0,0.5333333333333333,-0.5333333333333333,1.0666666666666667,0
L5-M4,1224,1223,4,0,4,7 8 9 10,1,0.5333333333333333,0.4666666666666667,0.0,0
L5-M4,1225,1224,5,-1,0,,0,0.0,0.0,-0.0,0
L5-M4,1226,1225,5,-1,0,,0,0.0,0.0,-0.0,0
L5-M4,1227,1226,7,-3,5,34 35 36 37 38,1,0.6666666666666666,0.33333333333333337,-1.0,0
L5-M4,1228,1227,2,2,4,35 36 37 38,1,0.5333333333333333,0.4666666666666667,0.9333333333333333,0
L5-M4,1229,1228,1,3,5,36 37 38 39 40,1,0.6666666666666666,0.33333333333333337,1.0,0
L5-M4,1230,1229,3,1,4,20 21 22 23,1,0.5333333333333333,0.4666666666666667,0.4666666666666667,0
L5-M4,1231,1230,7,-3,4,18 19 20 21,1,0.5333333333333333,0.4666666666666667,-1.4,0
L5-M4,1232,1231,4,0,0,,0,0.0,0.0,0.0,0
L5-M4,1233,1232,1,3,0,,0,0.0,0.0,0.0,0
L5-M4,1234,1233,5,-1,0,,0,0.0,0.0,-0.0,0
L5-M4,1235,1234,4,0,0,,0,0.0,0.0,0.0,0
L5-M4,1236,1235,5,-1,5,26 27 28 29 30,1,0.6666666666666666,0.33333333333333337,-0.33333333333333337,0
L5-M4,1237,1236,1,3,0,,0,0.0,0.0,0.0,0
L5-M4,1238,1237,5,-1,0,,0,0.0,0.0,-0.0,0
L5-M5,21,20,7,-3,5,25 26 27 28 29,0,0.6666666666666666,-0.6666666666666666,2.0,0
L5-M5,22,21,5,-1,6,24 25 26 27 28 29,0,0.8,-0.8,0.8,0
L5-M5,23,22,6,-2,6,24 25 26 27 28 29,0,0.8,-0.8,1.6,0
L5-M5,24,23,7,-3,6,24 25 26 27 28 29,2,0.8,1.2,-3.5999999999999996,0
L5-M5,25,24,1,3,0,,0,0.0,0.0,0.0,0
L5-M5,26,25,3,1,0,,0,0.0,0.0,0.0,0
L5-M5,27,26,7,-3,0,,0,0.0,0.0,-0.0,0
L5-M5,28,27,4,0,0,,0,0.0,0.0,0.0,0
L5-M5,29,28,1,3,18,10 11 12 13 14 15 16 17 30 31 32 33 34 38 39 40 41 42,4,2.4,1.6,4.800000000000001,0
L5-M5,30,29,3,1,5,29 30 31 32 33,0,0.6666666666666666,-0.6666666666666666,-0.6666666666666666,0
L5-M5,31,30,1,3,5,29 30 31 32 33,0,0.6666666666666666,-0.6666666666666666,-2.0,0
L5-M5,32,31,6,-2,5,29 30 31 32 33,0,0.6666666666666666,-0.6666666666666666,1.3333333333333333,0
L5-M5,33,32,2,2,5,29 30 31 32 33,2,0.6666666666666666,1.3333333333333335,2.666666666666667,0
L5-M5,34,33,3,1,0,,0,0.0,0.0,0.0,0
L5-M5,35,34,1,3,0,,0,0.0,0.0,0.0,0
L5-M5,36,35,6,-2,0,,0,0.0,0.0,-0.0,0
L5-M5,37,36,6,-2,0,,0,0.0,0.0,-0.0,0
L5-M5,38,37,7,-3,11,12 13 14 15 16 17 18 19 20 21 22,3,1.4666666666666666,1.5333333333333334,-4.6000000000000005,0
L5-M5,39,38,5,-1,0,,0,0.0,0.0,-0.0,0
L5-M5,40,39,3,1,0,,0,0.0,0.0,0.0,0
L5-M5,41,40,1,3,0,,0,0.0,0.0,0.0,0
L5-M5,42,41,4,0,10,1 2 3 4 5 8 9 10 11 12,0,1.3333333333333333,-1.3333333333333333,-0.0,0
L5-M5,43,42,1,3,10,1 2 3 4 5 8 9 10 11 12,0,1.3333333333333333,-1.3333333333333333,-4.0,0
L5-M5,44,43,1,3,10,1 2 3 4 5 8 9 10 11 12,2,1.3333333333333333,0.6666666666666667,2.0,0
L5-M5,45,44,6,-2,0,,0,0.0,0.0,-0.0,0
L5-M5,46,45,3,1,0,,0,0.0,0.0,0.0,0
L5-M5,47,46,7,-3,0,,0,0.0,0.0,-0.0,0
L5-M5,48,47,4,0,0,,0,0.0,0.0,0.0,0
L5-M5,49,48,1,3,6,39 40 41 42 43 44,1,0.8,0.19999999999999996,0.5999999999999999,0
L5-M5,50,49,5,-1,0,,0,0.0,0.0,-0.0,0
L5-M5,51,50,1,3,0,,0,0.0,0.0,0.0,0
L5-M5,52,51,6,-2,0,,0,0.0,0.0,-0.0,0
L5-M5,53,52,1,3,0,,0,0.0,0.0,0.0,0
L5-M5,54,53,7,-3,5,34 35 36 37 38,1,0.6666666666666666,0.33333333333333337,-1.0,0
L5-M5,55,54,6,-2,0,,0,0.0,0.0,-0.0,0
L5-M5,56,55,1,3,0,,0,0.0,0.0,0.0,0
L5-M5,57,56,3,1,5,22 23 24 25 26,1,0.6666666666666666,0.33333333333333337,0.33333333333333337,0
L5-M5,58,57,1,3,5,2 3 4 5 6,0,0.6666666666666666,-0.6666666666666666,-2.0,0
L5-M5,59,58,1,3,5,2 3 4 5 6,1,0.6666666666666666,0.33333333333333337,1.0,0
L5-M5,60,59,2,2,5,1 2 3 4 5,1,0.6666666666666666,0.33333333333333337,0.6666666666666667,0
L5-M5,61,60,3,1,7,17 18 19 20 21 22 23,1,0.9333333333333333,0.06666666666666665,0.06666666666666665,0
L5-M5,62,61,1,3,0,,0,0.0,0.0,0.0,0
L5-M5,63,62,4,0,0,,0,0.0,0.0,0.0,0
L5-M5,64,63,2,2,5,9 10 11 12 13,0,0.6666666666666666,-0.6666666666666666,-1.3333333333333333,0
L5-M5,65,64,7,-3,5,9 10 11 12 13,0,0.6666666666666666,-0.6666666666666666,2.0,0
L5-M5,66,65,5,-1,5,9 10 11 12 13,0,0.6666666666666666,-0.6666666666666666,0.6666666666666666,0
L5-M5,67,66,7,-3,5,9 10 11 12 13,1,0.6666666666666666,0.33333333333333337,-1.0,0
L5-M5,68,67,5,-1,6,27 28 29 30 31 32,0,0.8,-0.8,0.8,0
L5-M5,69,68,6,-2,6,27 28 29 30 31 32,0,0.8,-0.8,1.6,0
L5-M5,70,69,6,-2,6,27 28 29 30 31 32,1,0.8,0.19999999999999996,-0.3999999999999999,0
L5-M5,71,70,5,-1,7,29 30 31 32 33 34 35,1,0.9333333333333333,0.06666666666666665,-0.06666666666666665,0
L5-M5,72,71,5,-1,6,30 31 32 33 34 35,0,0.8,-0.8,0.8,0
L5-M5,73,72,1,3,9,30 31 32 33 34 35 36 37 38,1,1.2,-0.19999999999999996,-0.5999999999999999,0
L5-M5,74,73,5,-1,6,33 34 35 36 37 38,1,0.8,0.19999999999999996,-0.19999999999999996,0
L5-M5,75,74,5,-1,0,,0,0.0,0.0,-0.0,0
L5-M5,76,75,4,0,5,19 20 21 22 23,1,0.6666666666666666,0.33333333333333337,0.0,0
L5-M5,77,76,7,-3,0,,0,0.0,0.0,-0.0,0
L5-M5,78,77,5,-1,5,7 8 9 10 11,1,0.6666666666666666,0.33333333333333337,-0.33333333333333337,0
L5-M5,79,78,7,-3,0,,0,0.0,0.0,-0.0,0
L5-M5,80,79,3,1,5,38 39 40 41 42,0,0.6666666666666666,-0.6666666666666666,-0.6666666666666666,0
L5-M5,81,80,1,3,11,4 5 6 7 8 9 38 39 40 41 42,2,1.4666666666666666,0.5333333333333334,1.6000000000000003,0
L5-M5,82,81,2,2,7,36 37 38 39 40 41 42,1,0.9333333333333333,0.06666666666666665,0.1333333333333333,0
L5-M5,83,82,6,-2,6,36 37 38 39 40 41,0,0.8,-0.8,1.6,0
L5-M5,84,83,3,1,7,35 36 37 38 39 40 41,0,0.9333333333333333,-0.9333333333333333,-0.9333333333333333,0
L5-M5,85,84,1,3,7,35 36 37 38 39 40 41,1,0.9333333333333333,0.06666666666666665,0.19999999999999996,0
L5-M5,86,85,4,0,5,37 38 39 40 41,3,0.6666666666666666,2.3333333333333335,0.0,0
L5-M5,87,86,3,1,0,,0,0.0,0.0,0.0,0
L5-M5,88,87,5,-1,0,,0,0.0,0.0,-0.0,0
L5-M5,89,88,5,-1,0,,0,0.0,0.0,-0.0,0
L5-M5,90,89,6,-2,0,,0,0.0,0.0,-0.0,0
L5-M5,91,90,1,3,7,5 6 7 8 9 10 11,0,0.9333333333333333,-0.9333333333333333,-2.8,0
L5-M5,92,91,5,-1,7,5 6 7 8 9 10 11,0,0.9333333333333333,-0.9333333333333333,0.9333333333333333,0
L5-M5,93,92,3,1,9,5 6 7 8 9 10 11 12 13,1,1.2,-0.19999999999999996,-0.19999999999999996,0
L5-M5,94,93,2,2,7,7 8 9 10 11 12 13,0,0.9333333333333333,-0.9333333333333333,-1.8666666666666667,0
L5-M5,95,94,2,2,7,7 8 9 10 11 12 13,1,0.9333333333333333,0.06666666666666665,0.1333333333333333,0
L5-M5,96,95,2,2,5,9 10 11 12 13,0,0.6666666666666666,-0.6666666666666666,-1.3333333333333333,0
L5-M5,97,96,4,0,5,9 10 11 12 13,0,0.6666666666666666,-0.6666666666666666,-0.0,0
L5-M5,98,97,1,3,5,9 10 11 12 13,1,0.6666666666666666,0.33333333333333337,1.0,0
L5-M5,99,98,7,-3,0,,0,0.0,0.0,-0.0,0
L5-M5,100,99,4,0,5,38 39 40 41 42,1,0.6666666666666666,0.33333333333333337,0.0,0
L5-M5,101,100,2,2,0,,0,0.0,0.0,0.0,0
L5-M5,102,101,3,1,0,,0,0.0,0.0,0.0,0
L5-M5,103,102,7,-3,0,,0,0.0,0.0,-0.0,0
L5-M5,104,103,2,2,0,,0,0.0,0.0,0.0,0
L5-M5,105,104,5,-1,0,,0,0.0,0.0,-0.0,0
L5-M5,106,105,4,0,0,,0,0.0,0.0,0.0,0
L5-M5,107,106,6,-2,0,,0,0.0,0.0,-0.0,0
L5-M5,108,107,6,-2,6,35 36 37 38 39 40,0,0.8,-0.8,1.6,0
L5-M5,109,108,2,2,6,35 36 37 38 39 40,1,0.8,0.19999999999999996,0.3999999999999999,0
L5-M5,110,109,3,1,5,13 14 15 16 17,0,0.6666666666666666,-0.6666666666666666,-0.6666666666666666,0
L5-M5,111,110,1,3,10,13 14 15 16 17 37 38 39 40 41,1,1.3333333333333333,-0.33333333333333326,-0.9999999999999998,0
L5-M5,112,111,3,1,13,10 11 12 13 14 15 16 17 24 25 26 27 28,1,1.7333333333333334,-0.7333333333333334,-0.7333333333333334,0
L5-M5,113,112,7,-3,10,8 9 10 11 12 13 14 15 16 17,1,1.3333333333333333,-0.33333333333333326,0.9999999999999998,0
L5-M5,114,113,3,1,8,10 11 12 13 14 15 16 17,2,1.0666666666666667,0.9333333333333333,0.9333333333333333,0
L5-M5,115,114,1,3,0,,0,0.0,0.0,0.0,0
L5-M5,116,115,7,-3,5,20 21 22 23 24,0,0.6666666666666666,-0.6666666666666666,2.0,0
L5-M5,117,116,3,1,5,20 21 22 23 24,1,0.6666666666666666,0.33333333333333337,0.33333333333333337,0
L5-M5,118,117,5,-1,0,,0,0.0,0.0,-0.0,0
L5-M5,119,118,7,-3,0,,0,0.0,0.0,-0.0,0
L5-M5,120,119,7,-3,6,38 39 40 41 42 43,0,0.8,-0.8,2.4000000000000004,0
L5-M5,121,120,5,-1,11,26 27 28 29 30 38 39 40 41 42 43,4,1.4666666666666666,2.533333333333333,-2.533333333333333,0
L5-M5,122,121,1,3,5,23 24 25 26 27,0,0.6666666666666666,-0.6666666666666666,-2.0,0
L5-M5,123,122,2,2,5,23 24 25 26 27,0,0.6666666666666666,-0.6666666666666666,-1.3333333333333333,0
L5-M5,124,123,4,0,6,22 23 24 25 26 27,2,0.8,1.2,0.0,0
L5-M5,125,124,1,3,0,,0,0.0,0.0,0.0,0
L5-M5,126,125,3,1,0,,0,0.0,0.0,0.0,0
L5-M5,127,126,1,3,0,,0,0.0,0.0,0.0,0
L5-M5,128,127,6,-2,5,11 12 13 14 15,1,0.6666666666666666,0.33333333333333337,-0.6666666666666667,0
L5-M5,129,128,6,-2,0,,0,0.0,0.0,-0.0,0
L5-M5,130,129,1,3,6,13 14 15 16 17 18,0,0.8,-0.8,-2.4000000000000004,0
L5-M5,131,130,5,-1,6,13 14 15 16 17 18,2,0.8,1.2,-1.2,0
L5-M5,132,131,7,-3,0,,0,0.0,0.0,-0.0,0
L5-M5,133,132,6,-2,0,,0,0.0,0.0,-0.0,0
L5-M5,134,133,3,1,5,29 30 31 32 33,1,0.6666666666666666,0.33333333333333337,0.33333333333333337,0
L5-M5,135,134,7,-3,5,36 37 38 39 40,1,0.6666666666666666,0.33333333333333337,-1.0,0
L5-M5,136,135,3,1,0,,0,0.0,0.0,0.0,0
L5-M5,137,136,2,2,0,,0,0.0,0.0,0.0,0
L5-M5,138,137,3,1,0,,0,0.0,0.0,0.0,0
L5-M5,139,138,3,1,0,,0,0.0,0.0,0.0,0
L5-M5,140,139,3,1,0,,0,0.0,0.0,0.0,0
L5-M5,141,140,2,2,5,31 32 33 34 35,1,0.6666666666666666,0.33333333333333337,0.6666666666666667,0
L5-M5,142,141,1,3,0,,0,0.0,0.0,0.0,0
L5-M5,143,142,3,1,6,21 22 23 24 25 26,1,0.8,0.19999999999999996,0.19999999999999996,0
L5-M5,144,143,1,3,10,21 22 23 24 25 35 36 37 38 39,2,1.3333333333333333,0.6666666666666667,2.0,0
L5-M5,145,144,7,-3,6,20 21 22 23 24 25,1,0.8,0.19999999999999996,-0.5999999999999999,0
L5-M5,146,145,3,1,5,21 22 23 24 25,0,0.6666666666666666,-0.6666666666666666,-0.6666666666666666,0
L5-M5,147,146,3,1,12,5 6 7 8 9 10 11 21 22 23 24 25,2,1.6,0.3999999999999999,0.3999999999999999,0
L5-M5,148,147,5,-1,12,7 8 9 10 11 12 29 30 31 32 33 34,2,1.6,0.3999999999999999,-0.3999999999999999,0
L5-M5,149,148,1,3,11,7 8 9 10 11 12 28 29 30 31 32,1,1.4666666666666666,-0.46666666666666656,-1.3999999999999997,0
L5-M5,150,149,4,0,10,14 15 16 17 18 28 29 30 31 32,2,1.3333333333333333,0.6666666666666667,0.0,0
L5-M5,151,150,2,2,0,,0,0.0,0.0,0.0,0
L5-M5,152,151,5,-1,0,,0,0.0,0.0,-0.0,0
L5-M5,153,152,7,-3,0,,0,0.0,0.0,-0.0,0
L5-M5,154,153,6,-2,0,,0,0.0,0.0,-0.0,0
L5-M5,155,154,3,1,0,,0,0.0,0.0,0.0,0
L5-M5,156,155,1,3,0,,0,0.0,0.0,0.0,0
L5-M5,157,156,1,3,0,,0,0.0,0.0,0.0,0
L5-M5,158,157,6,-2,0,,0,0.0,0.0,-0.0,0
L5-M5,159,158,2,2,0,,0,0.0,0.0,0.0,0
L5-M5,160,159,4,0,0,,0,0.0,0.0,0.0,0
L5-M5,161,160,1,3,0,,0,0.0,0.0,0.0,0
L5-M5,162,161,6,-2,0,,0,0.0,0.0,-0.0,0
L5-M5,163,162,4,0,0,,0,0.0,0.0,0.0,0
L5-M5,164,163,3,1,6,12 13 14 15 16 17,0,0.8,-0.8,-0.8,0
L5-M5,165,164,5,-1,9,12 13 14 15 16 17 18 19 20,3,1.2,1.8,-1.8,0
L5-M5,166,165,6,-2,0,,0,0.0,0.0,-0.0,0
L5-M5,167,166,3,1,6,30 31 32 33 34 35,1,0.8,0.19999999999999996,0.19999999999999996,0
L5-M5,168,167,1,3,5,31 32 33 34 35,1,0.6666666666666666,0.33333333333333337,1.0,0
L5-M5,169,168,3,1,0,,0,0.0,0.0,0.0,0
L5-M5,170,169,2,2,0,,0,0.0,0.0,0.0,0
L5-M5,171,170,2,2,12,4 5 6 7 8 17 18 19 20 21 22 23,1,1.6,-0.6000000000000001,-1.2000000000000002,0
L5-M5,172,171,1,3,12,5 6 7 8 9 17 18 19 20 21 22 23,2,1.6,0.3999999999999999,1.1999999999999997,0
L5-M5,173,172,6,-2,5,5 6 7 8 9,1,0.6666666666666666,0.33333333333333337,-0.6666666666666667,0
L5-M5,174,173,3,1,0,,0,0.0,0.0,0.0,0
L5-M5,175,174,3,1,0,,0,0.0,0.0,0.0,0
L5-M5,176,175,1,3,0,,0,0.0,0.0,0.0,0
L5-M5,177,176,2,2,0,,0,0.0,0.0,0.0,0
L5-M5,178,177,2,2,0,,0,0.0,0.0,0.0,0
L5-M5,179,178,3,1,0,,0,0.0,0.0,0.0,0
L5-M5,180,179,5,-1,0,,0,0.0,0.0,-0.0,0
L5-M5,181,180,5,-1,0,,0,0.0,0.0,-0.0,0
L5-M5,182,181,6,-2,0,,0,0.0,0.0,-0.0,0
L5-M5,183,182,6,-2,0,,0,0.0,0.0,-0.0,0
L5-M5,184,183,2,2,0,,0,0.0,0.0,0.0,0
L5-M5,185,184,7,-3,11,7 8 9 10 11 12 35 36 37 38 39,2,1.4666666666666666,0.5333333333333334,-1.6000000000000003,0
L5-M5,186,185,5,-1,0,,0,0.0,0.0,-0.0,0
L5-M5,187,186,2,2,0,,0,0.0,0.0,0.0,0
L5-M5,188,187,7,-3,0,,0,0.0,0.0,-0.0,0
L5-M5,189,188,7,-3,6,39 40 41 42 43 44,0,0.8,-0.8,2.4000000000000004,0
L5-M5,190,189,3,1,6,39 40 41 42 43 44,1,0.8,0.19999999999999996,0.19999999999999996,0
L5-M5,191,190,3,1,5,39 40 41 42 43,0,0.6666666666666666,-0.6666666666666666,-0.6666666666666666,0
L5-M5,192,191,3,1,10,9 10 11 12 13 39 40 41 42 43,1,1.3333333333333333,-0.33333333333333326,-0.33333333333333326,0
L5-M5,193,192,5,-1,6,38 39 40 41 42 43,1,0.8,0.19999999999999996,-0.19999999999999996,0
L5-M5,194,193,2,2,5,19 20 21 22 23,2,0.6666666666666666,1.3333333333333335,2.666666666666667,0
L5-M5,195,194,5,-1,0,,0,0.0,0.0,-0.0,0
L5-M5,196,195,5,-1,5,27 28 29 30 31,0,0.6666666666666666,-0.6666666666666666,0.6666666666666666,0
L5-M5,197,196,1,3,8,27 28 29 30 31 32 33 34,1,1.0666666666666667,-0.06666666666666665,-0.19999999999999996,0
L5-M5,198,197,1,3,12,1 2 3 4 5 27 28 29 30 31 32 33,0,1.6,-1.6,-4.800000000000001,0
L5-M5,199,198,1,3,13,1 2 3 4 5 6 27 28 29 30 31 32 33,1,1.7333333333333334,-0.7333333333333334,-2.2,0
L5-M5,200,199,7,-3,6,1 2 3 4 5 6,2,0.8,1.2,-3.5999999999999996,0
L5-M5,201,200,3,1,0,,0,0.0,0.0,0.0,0
L5-M5,202,201,4,0,0,,0,0.0,0.0,0.0,0
L5-M5,203,202,3,1,0,,0,0.0,0.0,0.0,0
L5-M5,204,203,3,1,0,,0,0.0,0.0,0.0,0
L5-M5,205,204,2,2,0,,0,0.0,0.0,0.0,0
L5-M5,206,205,5,-1,13,4 5 6 7 8 9 10 15 16 17 18 19 20,2,1.7333333333333334,0.2666666666666666,-0.2666666666666666,0
L5-M5,207,206,7,-3,7,4 5 6 7 8 9 10,0,0.9333333333333333,-0.9333333333333333,2.8,0
L5-M5,208,207,7,-3,7,4 5 6 7 8 9 10,0,0.9333333333333333,-0.9333333333333333,2.8,0
L5-M5,209,208,2,2,7,4 5 6 7 8 9 10,1,0.9333333333333333,0.06666666666666665,0.1333333333333333,0
L5-M5,210,209,7,-3,0,,0,0.0,0.0,-0.0,0
L5-M5,211,210,7,-3,5,26 27 28 29 30,0,0.6666666666666666,-0.6666666666666666,2.0,0
L5-M5,212,211,1,3,5,26 27 28 29 30,0,0.6666666666666666,-0.6666666666666666,-2.0,0
L5-M5,213,212,1,3,5,26 27 28 29 30,0,0.6666666666666666,-0.6666666666666666,-2.0,0
L5-M5,214,213,7,-3,5,26 27 28 29 30,1,0.6666666666666666,0.33333333333333337,-1.0,0
L5-M5,215,214,6,-2,0,,0,0.0,0.0,-0.0,0
L5-M5,216,215,3,1,0,,0,0.0,0.0,0.0,0
L5-M5,217,216,1,3,0,,0,0.0,0.0,0.0,0
L5-M5,218,217,6,-2,7,8 9 10 11 12 13 14,2,0.9333333333333333,1.0666666666666667,-2.1333333333333333,0
L5-M5,219,218,5,-1,5,9 10 11 12 13,1,0.6666666666666666,0.33333333333333337,-0.33333333333333337,0
L5-M5,220,219,3,1,5,21 22 23 24 25,1,0.6666666666666666,0.33333333333333337,0.33333333333333337,0
L5-M5,221,220,5,-1,0,,0,0.0,0.0,-0.0,0
L5-M5,222,221,2,2,0,,0,0.0,0.0,0.0,0
L5-M5,223,222,7,-3,0,,0,0.0,0.0,-0.0,0
L5-M5,224,223,7,-3,6,12 13 14 15 16 17,0,0.8,-0.8,2.4000000000000004,0
L5-M5,225,224,2,2,6,12 13 14 15 16 17,1,0.8,0.19999999999999996,0.3999999999999999,0
L5-M5,226,225,2,2,5,21 22 23 24 25,2,0.6666666666666666,1.3333333333333335,2.666666666666667,0
L5-M5,227,226,7,-3,0,,0,0.0,0.0,-0.0,0
L5-M5,228,227,1,3,5,37 38 39 40 41,1,0.6666666666666666,0.33333333333333337,1.0,0
L5-M5,229,228,2,2,0,,0,0.0,0.0,0.0,0
L5-M5,230,229,6,-2,5,26 27 28 29 30,1,0.6666666666666666,0.33333333333333337,-0.6666666666666667,0
L5-M5,231,230,3,1,0,,0,0.0,0.0,0.0,0
L5-M5,232,231,4,0,0,,0,0.0,0.0,0.0,0
L5-M5,233,232,6,-2,0,,0,0.0,0.0,-0.0,0
L5-M5,234,233,6,-2,0,,0,0.0,0.0,-0.0,0
L5-M5,235,234,1,3,0,,0,0.0,0.0,0.0,0
L5-M5,236,235,1,3,5,32 33 34 35 36,0,0.6666666666666666,-0.6666666666666666,-2.0,0
L5-M5,237,236,3,1,5,32 33 34 35 36,0,0.6666666666666666,-0.6666666666666666,-0.6666666666666666,0
L5-M5,238,237,6,-2,5,32 33 34 35 36,1,0.6666666666666666,0.33333333333333337,-0.6666666666666667,0
L5-M5,239,238,7,-3,0,,0,0.0,0.0,-0.0,0
L5-M5,240,239,1,3,0,,0,0.0,0.0,0.0,0
L5-M5,241,240,4,0,0,,0,0.0,0.0,0.0,0
L5-M5,242,241,3,1,0,,0,0.0,0.0,0.0,0
L5-M5,243,242,7,-3,0,,0,0.0,0.0,-0.0,0
L5-M5,244,243,6,-2,0,,0,0.0,0.0,-0.0,0
L5-M5,245,244,3,1,0,,0,0.0,0.0,0.0,0
L5-M5,246,245,3,1,0,,0,0.0,0.0,0.0,0
L5-M5,247,246,2,2,0,,0,0.0,0.0,0.0,0
L5-M5,248,247,2,2,6,3 4 5 6 7 8,2,0.8,1.2,2.4,0
L5-M5,249,248,3,1,0,,0,0.0,0.0,0.0,0
L5-M5,250,249,3,1,0,,0,0.0,0.0,0.0,0
L5-M5,251,250,5,-1,0,,0,0.0,0.0,-0.0,0
L5-M5,252,251,7,-3,0,,0,0.0,0.0,-0.0,0
L5-M5,253,252,4,0,10,9 10 11 12 13 32 33 34 35 36,2,1.3333333333333333,0.6666666666666667,0.0,0
L5-M5,254,253,5,-1,5,9 10 11 12 13,0,0.6666666666666666,-0.6666666666666666,0.6666666666666666,0
L5-M5,255,254,6,-2,5,9 10 11 12 13,0,0.6666666666666666,-0.6666666666666666,1.3333333333333333,0
L5-M5,256,255,6,-2,5,9 10 11 12 13,1,0.6666666666666666,0.33333333333333337,-0.6666666666666667,0
L5-M5,257,256,6,-2,0,,0,0.0,0.0,-0.0,0
L5-M5,258,257,1,3,0,,0,0.0,0.0,0.0,0
L5-M5,259,258,2,2,0,,0,0.0,0.0,0.0,0
L5-M5,260,259,4,0,6,15 16 17 18 19 20,1,0.8,0.19999999999999996,0.0,0
L5-M5,261,260,7,-3,5,16 17 18 19 20,2,0.6666666666666666,1.3333333333333335,-4.0,0
L5-M5,262,261,1,3,5,19 20 21 22 23,0,0.6666666666666666,-0.6666666666666666,-2.0,0
L5-M5,263,262,7,-3,5,19 20 21 22 23,0,0.6666666666666666,-0.6666666666666666,2.0,0
L5-M5,264,263,2,2,5,19 20 21 22 23,0,0.6666666666666666,-0.6666666666666666,-1.3333333333333333,0
L5-M5,265,264,1,3,5,19 20 21 22 23,0,0.6666666666666666,-0.6666666666666666,-2.0,0
L5-M5,266,265,3,1,5,19 20 21 22 23,1,0.6666666666666666,0.33333333333333337,0.33333333333333337,0
L5-M5,267,266,6,-2,5,17 18 19 20 21,0,0.6666666666666666,-0.6666666666666666,1.3333333333333333,0
L5-M5,268,267,1,3,5,17 18 19 20 21,1,0.6666666666666666,0.33333333333333337,1.0,0
L5-M5,269,268,3,1,0,,0,0.0,0.0,0.0,0
L5-M5,270,269,4,0,13,12 13 14 15 16 17 25 26 27 28 29 30 31,2,1.7333333333333334,0.2666666666666666,0.0,0
L5-M5,271,270,7,-3,10,13 14 15 16 17 27 28 29 30 31,2,1.3333333333333333,0.6666666666666667,-2.0,0
L5-M5,272,271,6,-2,5,13 14 15 16 17,0,0.6666666666666666,-0.6666666666666666,1.3333333333333333,0
L5-M5,273,272,5,-1,5,13 14 15 16 17,0,0.6666666666666666,-0.6666666666666666,0.6666666666666666,0
L5-M5,274,273,2,2,5,13 14 15 16 17,3,0.6666666666666666,2.3333333333333335,4.666666666666667,0
L5-M5,275,274,4,0,0,,0,0.0,0.0,0.0,0
L5-M5,276,275,4,0,0,,0,0.0,0.0,0.0,0
L5-M5,277,276,4,0,0,,0,0.0,0.0,0.0,0
L5-M5,278,277,5,-1,0,,0,0.0,0.0,-0.0,0
L5-M5,279,278,3,1,5,5 6 7 8 9,1,0.6666666666666666,0.33333333333333337,0.33333333333333337,0
L5-M5,280,279,2,2,0,,0,0.0,0.0,0.0,0
L5-M5,281,280,5,-1,0,,0,0.0,0.0,-0.0,0
L5-M5,282,281,5,-1,6,17 18 19 20 21 22,1,0.8,0.19999999999999996,-0.19999999999999996,0
L5-M5,283,282,5,-1,6,25 26 27 28 29 30,0,0.8,-0.8,0.8,0
L5-M5,284,283,6,-2,6,25 26 27 28 29 30,1,0.8,0.19999999999999996,-0.3999999999999999,0
L5-M5,285,284,5,-1,5,25 26 27 28 29,0,0.6666666666666666,-0.6666666666666666,0.6666666666666666,0
L5-M5,286,285,1,3,10,19 20 21 22 23 25 26 27 28 29,1,1.3333333333333333,-0.33333333333333326,-0.9999999999999998,0
L5-M5,287,286,3,1,5,25 26 27 28 29,1,0.6666666666666666,0.33333333333333337,0.33333333333333337,0
L5-M5,288,287,7,-3,0,,0,0.0,0.0,-0.0,0
L5-M5,289,288,2,2,0,,0,0.0,0.0,0.0,0
L5-M5,290,289,2,2,5,7 8 9 10 11,1,0.6666666666666666,0.33333333333333337,0.6666666666666667,0
L5-M5,291,290,1,3,0,,0,0.0,0.0,0.0,0
L5-M5,292,291,7,-3,0,,0,0.0,0.0,-0.0,0
L5-M5,293,292,1,3,7,21 22 23 24 25 26 27,1,0.9333333333333333,0.06666666666666665,0.19999999999999996,0
L5-M5,294,293,5,-1,7,22 23 24 25 26 27 28,0,0.9333333333333333,-0.9333333333333333,0.9333333333333333,0
L5-M5,295,294,7,-3,7,22 23 24 25 26 27 28,0,0.9333333333333333,-0.9333333333333333,2.8,0
L5-M5,296,295,3,1,7,22 23 24 25 26 27 28,1,0.9333333333333333,0.06666666666666665,0.06666666666666665,0
L5-M5,297,296,6,-2,11,22 23 24 25 26 39 40 41 42 43 44,0,1.4666666666666666,-1.4666666666666666,2.933333333333333,0
L5-M5,298,297,7,-3,11,22 23 24 25 26 39 40 41 42 43 44,1,1.4666666666666666,-0.46666666666666656,1.3999999999999997,0
L5-M5,299,298,3,1,6,21 22 23 24 25 26,1,0.8,0.19999999999999996,0.19999999999999996,0
L5-M5,300,299,4,0,0,,0,0.0,0.0,0.0,0
L5-M5,301,300,7,-3,0,,0,0.0,0.0,-0.0,0
L5-M5,302,301,4,0,5,14 15 16 17 18,0,0.6666666666666666,-0.6666666666666666,-0.0,0
L5-M5,303,302,1,3,5,14 15 16 17 18,2,0.6666666666666666,1.3333333333333335,4.0,0
L5-M5,304,303,6,-2,0,,0,0.0,0.0,-0.0,0
L5-M5,305,304,6,-2,5,21 22 23 24 25,2,0.6666666666666666,1.3333333333333335,-2.666666666666667,0
L5-M5,306,305,3,1,0,,0,0.0,0.0,0.0,0
L5-M5,307,306,3,1,0,,0,0.0,0.0,0.0,0
L5-M5,308,307,2,2,0,,0,0.0,0.0,0.0,0
L5-M5,309,308,6,-2,0,,0,0.0,0.0,-0.0,0
L5-M5,310,309,6,-2,0,,0,0.0,0.0,-0.0,0
L5-M5,311,310,3,1,5,6 7 8 9 10,0,0.6666666666666666,-0.6666666666666666,-0.6666666666666666,0
L5-M5,312,311,2,2,5,6 7 8 9 10,1,0.6666666666666666,0.33333333333333337,0.6666666666666667,0
L5-M5,313,312,7,-3,0,,0,0.0,0.0,-0.0,0
L5-M5,314,313,1,3,0,,0,0.0,0.0,0.0,0
L5-M5,315,314,1,3,0,,0,0.0,0.0,0.0,0
L5-M5,316,315,3,1,0,,0,0.0,0.0,0.0,0
L5-M5,317,316,7,-3,5,22 23 24 25 26,1,0.6666666666666666,0.33333333333333337,-1.0,0
L5-M5,318,317,2,2,5,4 5 6 7 8,0,0.6666666666666666,-0.6666666666666666,-1.3333333333333333,0
L5-M5,319,318,5,-1,6,4 5 6 7 8 9,2,0.8,1.2,-1.2,0
L5-M5,320,319,6,-2,0,,0,0.0,0.0,-0.0,0
L5-M5,321,320,1,3,0,,0,0.0,0.0,0.0,0
L5-M5,322,321,7,-3,0,,0,0.0,0.0,-0.0,0
L5-M5,323,322,3,1,0,,0,0.0,0.0,0.0,0
L5-M5,324,323,1,3,0,,0,0.0,0.0,0.0,0
L5-M5,325,324,3,1,0,,0,0.0,0.0,0.0,0
L5-M5,326,325,5,-1,0,,0,0.0,0.0,-0.0,0
L5-M5,327,326,7,-3,0,,0,0.0,0.0,-0.0,0
L5-M5,328,327,5,-1,6,26 27 28 29 30 31,1,0.8,0.19999999999999996,-0.19999999999999996,0
L5-M5,329,328,6,-2,0,,0,0.0,0.0,-0.0,0
L5-M5,330,329,1,3,0,,0,0.0,0.0,0.0,0
L5-M5,331,330,7,-3,0,,0,0.0,0.0,-0.0,0
L5-M5,332,331,6,-2,11,21 22 23 24 25 36 37 38 39 40 41,1,1.4666666666666666,-0.46666666666666656,0.9333333333333331,0
L5-M5,333,332,1,3,10,21 22 23 24 25 37 38 39 40 41,1,1.3333333333333333,-0.33333333333333326,-0.9999999999999998,0
L5-M5,334,333,5,-1,5,21 22 23 24 25,1,0.6666666666666666,0.33333333333333337,-0.33333333333333337,0
L5-M5,335,334,5,-1,0,,0,0.0,0.0,-0.0,0
L5-M5,336,335,4,0,0,,0,0.0,0.0,0.0,0
L5-M5,337,336,3,1,0,,0,0.0,0.0,0.0,0
L5-M5,338,337,2,2,0,,0,0.0,0.0,0.0,0
L5-M5,339,338,3,1,0,,0,0.0,0.0,0.0,0
L5-M5,340,339,7,-3,0,,0,0.0,0.0,-0.0,0
L5-M5,341,340,5,-1,0,,0,0.0,0.0,-0.0,0
L5-M5,342,341,6,-2,0,,0,0.0,0.0,-0.0,0
L5-M5,343,342,4,0,0,,0,0.0,0.0,0.0,0
L5-M5,344,343,3,1,0,,0,0.0,0.0,0.0,0
L5-M5,345,344,6,-2,5,3 4 5 6 7,0,0.6666666666666666,-0.6666666666666666,1.3333333333333333,0
L5-M5,346,345,1,3,5,3 4 5 6 7,1,0.6666666666666666,0.33333333333333337,1.0,0
L5-M5,347,346,5,-1,0,,0,0.0,0.0,-0.0,0
L5-M5,348,347,3,1,0,,0,0.0,0.0,0.0,0
L5-M5,349,348,7,-3,0,,0,0.0,0.0,-0.0,0
L5-M5,350,349,7,-3,6,33 34 35 36 37 38,1,0.8,0.19999999999999996,-0.5999999999999999,0
L5-M5,351,350,7,-3,8,34 35 36 37 38 39 40 41,2,1.0666666666666667,0.9333333333333333,-2.8,0
L5-M5,352,351,5,-1,5,37 38 39 40 41,1,0.6666666666666666,0.33333333333333337,-0.33333333333333337,0
L5-M5,353,352,5,-1,0,,0,0.0,0.0,-0.0,0
L5-M5,354,353,5,-1,0,,0,0.0,0.0,-0.0,0
L5-M5,355,354,1,3,0,,0,0.0,0.0,0.0,0
L5-M5,356,355,6,-2,0,,0,0.0,0.0,-0.0,0
L5-M5,357,356,4,0,0,,0,0.0,0.0,0.0,0
L5-M5,358,357,1,3,5,38 39 40 41 42,1,0.6666666666666666,0.33333333333333337,1.0,0
L5-M5,359,358,6,-2,0,,0,0.0,0.0,-0.0,0
L5-M5,360,359,5,-1,0,,0,0.0,0.0,-0.0,0
L5-M5,361,360,5,-1,5,30 31 32 33 34,0,0.6666666666666666,-0.6666666666666666,0.6666666666666666,0
L5-M5,362,361,6,-2,12,28 29 30 31 32 33 34 41 42 43 44 45,1,1.6,-0.6000000000000001,1.2000000000000002,0
L5-M5,363,362,5,-1,5,41 42 43 44 45,0,0.6666666666666666,-0.6666666666666666,0.6666666666666666,0
L5-M5,364,363,1,3,5,41 42 43 44 45,0,0.6666666666666666,-0.6666666666666666,-2.0,0
L5-M5,365,364,2,2,5,41 42 43 44 45,0,0.6666666666666666,-0.6666666666666666,-1.3333333333333333,0
L5-M5,366,365,7,-3,5,41 42 43 44 45,1,0.6666666666666666,0.33333333333333337,-1.0,0
L5-M5,367,366,6,-2,5,33 34 35 36 37,0,0.6666666666666666,-0.6666666666666666,1.3333333333333333,0
L5-M5,368,367,2,2,5,33 34 35 36 37,0,0.6666666666666666,-0.6666666666666666,-1.3333333333333333,0
L5-M5,369,368,4,0,6,33 34 35 36 37 38,2,0.8,1.2,0.0,0
L5-M5,370,369,3,1,5,6 7 8 9 10,0,0.6666666666666666,-0.6666666666666666,-0.6666666666666666,0
L5-M5,371,370,2,2,5,6 7 8 9 10,2,0.6666666666666666,1.3333333333333335,2.666666666666667,0
L5-M5,372,371,4,0,0,,0,0.0,0.0,0.0,0
L5-M5,373,372,3,1,6,1 2 3 4 5 6,0,0.8,-0.8,-0.8,0
L5-M5,374,373,1,3,13,1 2 3 4 5 6 28 29 30 31 32 33 34,1,1.7333333333333334,-0.7333333333333334,-2.2,0
L5-M5,375,374,6,-2,12,1 2 3 4 5 6 28 29 30 31 32 33,1,1.6,-0.6000000000000001,1.2000000000000002,0
L5-M5,376,375,2,2,6,28 29 30 31 32 33,1,0.8,0.19999999999999996,0.3999999999999999,0
L5-M5,377,376,2,2,5,29 30 31 32 33,1,0.6666666666666666,0.33333333333333337,0.6666666666666667,0
L5-M5,378,377,3,1,0,,0,0.0,0.0,0.0,0
L5-M5,379,378,7,-3,0,,0,0.0,0.0,-0.0,0
L5-M5,380,379,3,1,5,14 15 16 17 18,1,0.6666666666666666,0.33333333333333337,0.33333333333333337,0
L5-M5,381,380,6,-2,0,,0,0.0,0.0,-0.0,0
L5-M5,382,381,4,0,0,,0,0.0,0.0,0.0,0
L5-M5,383,382,3,1,0,,0,0.0,0.0,0.0,0
L5-M5,384,383,3,1,0,,0,0.0,0.0,0.0,0
L5-M5,385,384,1,3,0,,0,0.0,0.0,0.0,0
L5-M5,386,385,2,2,0,,0,0.0,0.0,0.0,0
L5-M5,387,386,5,-1,0,,0,0.0,0.0,-0.0,0
L5-M5,388,387,2,2,0,,0,0.0,0.0,0.0,0
L5-M5,389,388,7,-3,0,,0,0.0,0.0,-0.0,0
L5-M5,390,389,1,3,5,35 36 37 38 39,2,0.6666666666666666,1.3333333333333335,4.0,0
L5-M5,391,390,1,3,5,11 12 13 14 15,1,0.6666666666666666,0.33333333333333337,1.0,0
L5-M5,392,391,6,-2,5,2 3 4 5 6,1,0.6666666666666666,0.33333333333333337,-0.6666666666666667,0
L5-M5,393,392,7,-3,0,,0,0.0,0.0,-0.0,0
L5-M5,394,393,3,1,8,29 30 31 32 33 34 35 36,0,1.0666666666666667,-1.0666666666666667,-1.0666666666666667,0
L5-M5,395,394,3,1,8,29 30 31 32 33 34 35 36,2,1.0666666666666667,0.9333333333333333,0.9333333333333333,0
L5-M5,396,395,1,3,0,,0,0.0,0.0,0.0,0
L5-M5,397,396,3,1,0,,0,0.0,0.0,0.0,0
L5-M5,398,397,1,3,7,2 3 4 5 6 7 8,0,0.9333333333333333,-0.9333333333333333,-2.8,0
L5-M5,399,398,1,3,8,2 3 4 5 6 7 8 9,2,1.0666666666666667,0.9333333333333333,2.8,0
L5-M5,400,399,6,-2,6,3 4 5 6 7 8,0,0.8,-0.8,1.6,0
L5-M5,401,400,1,3,11,3 4 5 6 7 8 35 36 37 38 39,2,1.4666666666666666,0.5333333333333334,1.6000000000000003,0
L5-M5,402,401,2,2,0,,0,0.0,0.0,0.0,0
L5-M5,403,402,6,-2,0,,0,0.0,0.0,-0.0,0
L5-M5,404,403,5,-1,0,,0,0.0,0.0,-0.0,0
L5-M5,405,404,6,-2,0,,0,0.0,0.0,-0.0,0
L5-M5,406,405,3,1,0,,0,0.0,0.0,0.0,0
L5-M5,407,406,7,-3,0,,0,0.0,0.0,-0.0,0
L5-M5,408,407,1,3,0,,0,0.0,0.0,0.0,0
L5-M5,409,408,2,2,0,,0,0.0,0.0,0.0,0
L5-M5,410,409,6,-2,0,,0,0.0,0.0,-0.0,0
L5-M5,411,410,3,1,0,,0,0.0,0.0,0.0,0
L5-M5,412,411,1,3,0,,0,0.0,0.0,0.0,0
L5-M5,413,412,4,0,7,23 24 25 26 27 28 29,1,0.9333333333333333,0.06666666666666665,0.0,0
L5-M5,414,413,2,2,7,24 25 26 27 28 29 30,0,0.9333333333333333,-0.9333333333333333,-1.8666666666666667,0
L5-M5,415,414,6,-2,8,24 25 26 27 28 29 30 31,2,1.0666666666666667,0.9333333333333333,-1.8666666666666667,0
L5-M5,416,415,4,0,0,,0,0.0,0.0,0.0,0
L5-M5,417,416,7,-3,0,,0,0.0,0.0,-0.0,0
L5-M5,418,417,7,-3,5,35 36 37 38 39,0,0.6666666666666666,-0.6666666666666666,2.0,0
L5-M5,419,418,6,-2,5,35 36 37 38 39,0,0.6666666666666666,-0.6666666666666666,1.3333333333333333,0
L5-M5,420,419,2,2,5,35 36 37 38 39,0,0.6666666666666666,-0.6666666666666666,-1.3333333333333333,0
L5-M5,421,420,4,0,8,35 36 37 38 39 40 41 42,0,1.0666666666666667,-1.0666666666666667,-0.0,0
L5-M5,422,421,6,-2,8,35 36 37 38 39 40 41 42,0,1.0666666666666667,-1.0666666666666667,2.1333333333333333,0
L5-M5,423,422,2,2,9,35 36 37 38 39 40 41 42 43,1,1.2,-0.19999999999999996,-0.3999999999999999,0
L5-M5,424,423,2,2,5,35 36 37 38 39,0,0.6666666666666666,-0.6666666666666666,-1.3333333333333333,0
L5-M5,425,424,4,0,5,35 36 37 38 39,1,0.6666666666666666,0.33333333333333337,0.0,0
L5-M5,426,425,1,3,0,,0,0.0,0.0,0.0,0
L5-M5,427,426,4,0,0,,0,0.0,0.0,0.0,0
L5-M5,428,427,4,0,5,19 20 21 22 23,2,0.6666666666666666,1.3333333333333335,0.0,0
L5-M5,429,428,1,3,0,,0,0.0,0.0,0.0,0
L5-M5,430,429,2,2,0,,0,0.0,0.0,0.0,0
L5-M5,431,430,7,-3,0,,0,0.0,0.0,-0.0,0
L5-M5,432,431,1,3,0,,0,0.0,0.0,0.0,0
L5-M5,433,432,6,-2,5,6 7 8 9 10,0,0.6666666666666666,-0.6666666666666666,1.3333333333333333,0
L5-M5,434,433,3,1,5,6 7 8 9 10,0,0.6666666666666666,-0.6666666666666666,-0.6666666666666666,0
L5-M5,435,434,6,-2,5,6 7 8 9 10,1,0.6666666666666666,0.33333333333333337,-0.6666666666666667,0
L5-M5,436,435,6,-2,0,,0,0.0,0.0,-0.0,0
L5-M5,437,436,5,-1,0,,0,0.0,0.0,-0.0,0
L5-M5,438,437,3,1,0,,0,0.0,0.0,0.0,0
L5-M5,439,438,7,-3,0,,0,0.0,0.0,-0.0,0
L5-M5,440,439,3,1,5,1 2 3 4 5,0,0.6666666666666666,-0.6666666666666666,-0.6666666666666666,0
L5-M5,441,440,1,3,5,1 2 3 4 5,1,0.6666666666666666,0.33333333333333337,1.0,0
L5-M5,442,441,2,2,0,,0,0.0,0.0,0.0,0
L5-M5,443,442,7,-3,0,,0,0.0,0.0,-0.0,0
L5-M5,444,443,4,0,6,11 12 13 14 15 16,2,0.8,1.2,0.0,0
L5-M5,445,444,3,1,5,14 15 16 17 18,0,0.6666666666666666,-0.6666666666666666,-0.6666666666666666,0
L5-M5,446,445,5,-1,5,14 15 16 17 18,1,0.6666666666666666,0.33333333333333337,-0.33333333333333337,0
L5-M5,447,446,2,2,0,,0,0.0,0.0,0.0,0
L5-M5,448,447,7,-3,0,,0,0.0,0.0,-0.0,0
L5-M5,449,448,5,-1,0,,0,0.0,0.0,-0.0,0
L5-M5,450,449,6,-2,0,,0,0.0,0.0,-0.0,0
L5-M5,451,450,2,2,0,,0,0.0,0.0,0.0,0
L5-M5,452,451,5,-1,0,,0,0.0,0.0,-0.0,0
L5-M5,453,452,4,0,0,,0,0.0,0.0,0.0,0
L5-M5,454,453,3,1,0,,0,0.0,0.0,0.0,0
L5-M5,455,454,1,3,5,1 2 3 4 5,1,0.6666666666666666,0.33333333333333337,1.0,0
L5-M5,456,455,4,0,0,,0,0.0,0.0,0.0,0
L5-M5,457,456,7,-3,0,,0,0.0,0.0,-0.0,0
L5-M5,458,457,6,-2,0,,0,0.0,0.0,-0.0,0
L5-M5,459,458,4,0,0,,0,0.0,0.0,0.0,0
L5-M5,460,459,4,0,5,41 42 43 44 45,2,0.6666666666666666,1.3333333333333335,0.0,0
L5-M5,461,460,5,-1,0,,0,0.0,0.0,-0.0,0
L5-M5,462,461,7,-3,0,,0,0.0,0.0,-0.0,0
L5-M5,463,462,2,2,0,,0,0.0,0.0,0.0,0
L5-M5,464,463,6,-2,0,,0,0.0,0.0,-0.0,0
L5-M5,465,464,1,3,0,,0,0.0,0.0,0.0,0
L5-M5,466,465,6,-2,0,,0,0.0,0.0,-0.0,0
L5-M5,467,466,4,0,0,,0,0.0,0.0,0.0,0
L5-M5,468,467,6,-2,0,,0,0.0,0.0,-0.0,0
L5-M5,469,468,4,0,0,,0,0.0,0.0,0.0,0
L5-M5,470,469,4,0,0,,0,0.0,0.0,0.0,0
L5-M5,471,470,4,0,0,,0,0.0,0.0,0.0,0
L5-M5,472,471,7,-3,0,,0,0.0,0.0,-0.0,0
L5-M5,473,472,7,-3,0,,0,0.0,0.0,-0.0,0
L5-M5,474,473,6,-2,0,,0,0.0,0.0,-0.0,0
L5-M5,475,474,6,-2,0,,0,0.0,0.0,-0.0,0
L5-M5,476,475,2,2,0,,0,0.0,0.0,0.0,0
L5-M5,477,476,5,-1,0,,0,0.0,0.0,-0.0,0
L5-M5,478,477,6,-2,6,39 40 41 42 43 44,2,0.8,1.2,-2.4,0
L5-M5,479,478,1,3,0,,0,0.0,0.0,0.0,0
L5-M5,480,479,3,1,6,2 3 4 5 6 7,2,0.8,1.2,1.2,0
L5-M5,481,480,4,0,0,,0,0.0,0.0,0.0,0
L5-M5,482,481,3,1,0,,0,0.0,0.0,0.0,0
L5-M5,483,482,7,-3,5,11 12 13 14 15,2,0.6666666666666666,1.3333333333333335,-4.0,0
L5-M5,484,483,1,3,0,,0,0.0,0.0,0.0,0
L5-M5,485,484,3,1,0,,0,0.0,0.0,0.0,0
L5-M5,486,485,2,2,5,5 6 7 8 9,0,0.6666666666666666,-0.6666666666666666,-1.3333333333333333,0
L5-M5,487,486,7,-3,6,4 5 6 7 8 9,2,0.8,1.2,-3.5999999999999996,0
L5-M5,488,487,3,1,0,,0,0.0,0.0,0.0,0
L5-M5,489,488,4,0,8,9 10 11 12 13 14 15 16,1,1.0666666666666667,-0.06666666666666665,-0.0,0
L5-M5,490,489,4,0,6,9 10 11 12 13 14,0,0.8,-0.8,-0.0,0
L5-M5,491,490,6,-2,11,9 10 11 12 13 14 32 33 34 35 36,2,1.4666666666666666,0.5333333333333334,-1.0666666666666669,0
L5-M5,492,491,1,3,6,9 10 11 12 13 14,0,0.8,-0.8,-2.4000000000000004,0
L5-M5,493,492,7,-3,6,9 10 11 12 13 14,0,0.8,-0.8,2.4000000000000004,0
L5-M5,494,493,3,1,6,9 10 11 12 13 14,0,0.8,-0.8,-0.8,0
L5-M5,495,494,5,-1,6,9 10 11 12 13 14,1,0.8,0.19999999999999996,-0.19999999999999996,0
L5-M5,496,495,2,2,0,,0,0.0,0.0,0.0,0
L5-M5,497,496,6,-2,0,,0,0.0,0.0,-0.0,0
L5-M5,498,497,1,3,0,,0,0.0,0.0,0.0,0
L5-M5,499,498,1,3,0,,0,0.0,0.0,0.0,0
L5-M5,500,499,7,-3,7,6 7 8 9 10 11 12,1,0.9333333333333333,0.06666666666666665,-0.19999999999999996,0
L5-M5,501,500,7,-3,6,6 7 8 9 10 11,1,0.8,0.19999999999999996,-0.5999999999999999,0
L5-M5,502,501,2,2,0,,0,0.0,0.0,0.0,0
L5-M5,503,502,3,1,0,,0,0.0,0.0,0.0,0
L5-M5,504,503,7,-3,0,,0,0.0,0.0,-0.0,0
L5-M5,505,504,5,-1,0,,0,0.0,0.0,-0.0,0
L5-M5,506,505,7,-3,0,,0,0.0,0.0,-0.0,0
L5-M5,507,506,7,-3,5,15 16 17 18 19,0,0.6666666666666666,-0.6666666666666666,2.0,0
L5-M5,508,507,1,3,5,15 16 17 18 19,0,0.6666666666666666,-0.6666666666666666,-2.0,0
L5-M5,509,508,6,-2,5,15 16 17 18 19,0,0.6666666666666666,-0.6666666666666666,1.3333333333333333,0
L5-M5,510,509,2,2,6,14 15 16 17 18 19,0,0.8,-0.8,-1.6,0
L5-M5,511,510,7,-3,8,14 15 16 17 18 19 20 21,1,1.0666666666666667,-0.06666666666666665,0.19999999999999996,0
L5-M5,512,511,5,-1,8,15 16 17 18 19 20 21 22,0,1.0666666666666667,-1.0666666666666667,1.0666666666666667,0
L5-M5,513,512,1,3,8,15 16 17 18 19 20 21 22,1,1.0666666666666667,-0.06666666666666665,-0.19999999999999996,0
L5-M5,514,513,3,1,6,15 16 17 18 19 20,2,0.8,1.2,1.2,0
L5-M5,515,514,2,2,0,,0,0.0,0.0,0.0,0
L5-M5,516,515,2,2,5,28 29 30 31 32,0,0.6666666666666666,-0.6666666666666666,-1.3333333333333333,0
L5-M5,517,516,4,0,5,28 29 30 31 32,1,0.6666666666666666,0.33333333333333337,0.0,0
L5-M5,518,517,3,1,0,,0,0.0,0.0,0.0,0
L5-M5,519,518,1,3,5,3 4 5 6 7,1,0.6666666666666666,0.33333333333333337,1.0,0
L5-M5,520,519,1,3,6,17 18 19 20 21 22,1,0.8,0.19999999999999996,0.5999999999999999,0
L5-M5,521,520,1,3,5,17 18 19 20 21,1,0.6666666666666666,0.33333333333333337,1.0,0
L5-M5,522,521,4,0,0,,0,0.0,0.0,0.0,0
L5-M5,523,522,3,1,0,,0,0.0,0.0,0.0,0
L5-M5,524,523,3,1,0,,0,0.0,0.0,0.0,0
L5-M5,525,524,3,1,0,,0,0.0,0.0,0.0,0
L5-M5,526,525,2,2,0,,0,0.0,0.0,0.0,0
L5-M5,527,526,5,-1,5,30 31 32 33 34,2,0.6666666666666666,1.3333333333333335,-1.3333333333333335,0
L5-M5,528,527,6,-2,0,,0,0.0,0.0,-0.0,0
L5-M5,529,528,2,2,0,,0,0.0,0.0,0.0,0
L5-M5,530,529,6,-2,0,,0,0.0,0.0,-0.0,0
L5-M5,531,530,2,2,0,,0,0.0,0.0,0.0,0
L5-M5,532,531,7,-3,0,,0,0.0,0.0,-0.0,0
L5-M5,533,532,1,3,6,10 11 12 13 14 15,2,0.8,1.2,3.5999999999999996,0
L5-M5,534,533,5,-1,5,36 37 38 39 40,2,0.6666666666666666,1.3333333333333335,-1.3333333333333335,0
L5-M5,535,534,5,-1,0,,0,0.0,0.0,-0.0,0
L5-M5,536,535,6,-2,0,,0,0.0,0.0,-0.0,0
L5-M5,537,536,3,1,6,1 2 3 4 5 6,0,0.8,-0.8,-0.8,0
L5-M5,538,537,1,3,6,1 2 3 4 5 6,1,0.8,0.19999999999999996,0.5999999999999999,0
L5-M5,539,538,3,1,5,1 2 3 4 5,1,0.6666666666666666,0.33333333333333337,0.33333333333333337,0
L5-M5,540,539,4,0,0,,0,0.0,0.0,0.0,0
L5-M5,541,540,4,0,0,,0,0.0,0.0,0.0,0
L5-M5,542,541,7,-3,5,37 38 39 40 41,1,0.6666666666666666,0.33333333333333337,-1.0,0
L5-M5,543,542,5,-1,0,,0,0.0,0.0,-0.0,0
L5-M5,544,543,1,3,0,,0,0.0,0.0,0.0,0
L5-M5,545,544,2,2,0,,0,0.0,0.0,0.0,0
L5-M5,546,545,1,3,0,,0,0.0,0.0,0.0,0
L5-M5,547,546,1,3,0,,0,0.0,0.0,0.0,0
L5-M5,548,547,5,-1,0,,0,0.0,0.0,-0.0,0
L5-M5,549,548,4,0,0,,0,0.0,0.0,0.0,0
L5-M5,550,549,1,3,0,,0,0.0,0.0,0.0,0
L5-M5,551,550,7,-3,0,,0,0.0,0.0,-0.0,0
L5-M5,552,551,5,-1,0,,0,0.0,0.0,-0.0,0
L5-M5,553,552,7,-3,5,15 16 17 18 19,1,0.6666666666666666,0.33333333333333337,-1.0,0
L5-M5,554,553,6,-2,0,,0,0.0,0.0,-0.0,0
L5-M5,555,554,1,3,0,,0,0.0,0.0,0.0,0
L5-M5,556,555,2,2,0,,0,0.0,0.0,0.0,0
L5-M5,557,556,6,-2,0,,0,0.0,0.0,-0.0,0
L5-M5,558,557,5,-1,0,,0,0.0,0.0,-0.0,0
L5-M5,559,558,5,-1,6,5 6 7 8 9 10,0,0.8,-0.8,0.8,0
L5-M5,560,559,3,1,6,5 6 7 8 9 10,0,0.8,-0.8,-0.8,0
L5-M5,561,560,5,-1,6,5 6 7 8 9 10,2,0.8,1.2,-1.2,0
L5-M5,562,561,4,0,0,,0,0.0,0.0,0.0,0
L5-M5,563,562,7,-3,0,,0,0.0,0.0,-0.0,0
L5-M5,564,563,5,-1,0,,0,0.0,0.0,-0.0,0
L5-M5,565,564,1,3,0,,0,0.0,0.0,0.0,0
L5-M5,566,565,5,-1,0,,0,0.0,0.0,-0.0,0
L5-M5,567,566,6,-2,5,35 36 37 38 39,0,0.6666666666666666,-0.6666666666666666,1.3333333333333333,0
L5-M5,568,567,5,-1,10,20 21 22 23 24 35 36 37 38 39,1,1.3333333333333333,-0.33333333333333326,0.33333333333333326,0
L5-M5,569,568,6,-2,5,35 36 37 38 39,1,0.6666666666666666,0.33333333333333337,-0.6666666666666667,0
L5-M5,570,569,1,3,0,,0,0.0,0.0,0.0,0
L5-M5,571,570,7,-3,5,36 37 38 39 40,1,0.6666666666666666,0.33333333333333337,-1.0,0
L5-M5,572,571,5,-1,0,,0,0.0,0.0,-0.0,0
L5-M5,573,572,1,3,0,,0,0.0,0.0,0.0,0
L5-M5,574,573,3,1,0,,0,0.0,0.0,0.0,0
L5-M5,575,574,1,3,6,5 6 7 8 9 10,1,0.8,0.19999999999999996,0.5999999999999999,0
L5-M5,576,575,2,2,0,,0,0.0,0.0,0.0,0
L5-M5,577,576,3,1,0,,0,0.0,0.0,0.0,0
L5-M5,578,577,5,-1,0,,0,0.0,0.0,-0.0,0
L5-M5,579,578,4,0,0,,0,0.0,0.0,0.0,0
L5-M5,580,579,6,-2,0,,0,0.0,0.0,-0.0,0
L5-M5,581,580,6,-2,5,26 27 28 29 30,0,0.6666666666666666,-0.6666666666666666,1.3333333333333333,0
L5-M5,582,581,5,-1,8,23 24 25 26 27 28 29 30,0,1.0666666666666667,-1.0666666666666667,1.0666666666666667,0
L5-M5,583,582,4,0,14,15 16 17 18 19 23 24 25 26 27 28 29 30 31,2,1.8666666666666667,0.1333333333333333,0.0,0
L5-M5,584,583,3,1,0,,0,0.0,0.0,0.0,0
L5-M5,585,584,4,0,6,21 22 23 24 25 26,0,0.8,-0.8,-0.0,0
L5-M5,586,585,1,3,6,21 22 23 24 25 26,1,0.8,0.19999999999999996,0.5999999999999999,0
L5-M5,587,586,2,2,5,22 23 24 25 26,0,0.6666666666666666,-0.6666666666666666,-1.3333333333333333,0
L5-M5,588,587,2,2,5,22 23 24 25 26,2,0.6666666666666666,1.3333333333333335,2.666666666666667,0
L5-M5,589,588,6,-2,0,,0,0.0,0.0,-0.0,0
L5-M5,590,589,3,1,0,,0,0.0,0.0,0.0,0
L5-M5,591,590,2,2,0,,0,0.0,0.0,0.0,0
L5-M5,592,591,1,3,0,,0,0.0,0.0,0.0,0
L5-M5,593,592,6,-2,0,,0,0.0,0.0,-0.0,0
L5-M5,594,593,5,-1,5,15 16 17 18 19,0,0.6666666666666666,-0.6666666666666666,0.6666666666666666,0
L5-M5,595,594,2,2,5,15 16 17 18 19,0,0.6666666666666666,-0.6666666666666666,-1.3333333333333333,0
L5-M5,596,595,1,3,9,15 16 17 18 19 20 21 22 23,0,1.2,-1.2,-3.5999999999999996,0
L5-M5,597,596,5,-1,9,15 16 17 18 19 20 21 22 23,1,1.2,-0.19999999999999996,0.19999999999999996,0
L5-M5,598,597,6,-2,8,15 16 17 18 19 20 21 22,0,1.0666666666666667,-1.0666666666666667,2.1333333333333333,0
L5-M5,599,598,3,1,8,15 16 17 18 19 20 21 22,1,1.0666666666666667,-0.06666666666666665,-0.06666666666666665,0
L5-M5,600,599,4,0,5,18 19 20 21 22,0,0.6666666666666666,-0.6666666666666666,-0.0,0
L5-M5,601,600,7,-3,5,18 19 20 21 22,1,0.6666666666666666,0.33333333333333337,-1.0,0
L5-M5,602,601,7,-3,0,,0,0.0,0.0,-0.0,0
L5-M5,603,602,1,3,11,6 7 8 9 10 39 40 41 42 43 44,1,1.4666666666666666,-0.46666666666666656,-1.3999999999999997,0
L5-M5,604,603,6,-2,5,6 7 8 9 10,1,0.6666666666666666,0.33333333333333337,-0.6666666666666667,0
L5-M5,605,604,5,-1,0,,0,0.0,0.0,-0.0,0
L5-M5,606,605,7,-3,0,,0,0.0,0.0,-0.0,0
L5-M5,607,606,6,-2,0,,0,0.0,0.0,-0.0,0
L5-M5,608,607,2,2,5,28 29 30 31 32,0,0.6666666666666666,-0.6666666666666666,-1.3333333333333333,0
L5-M5,609,608,6,-2,9,24 25 26 27 28 29 30 31 32,1,1.2,-0.19999999999999996,0.3999999999999999,0
L5-M5,610,609,3,1,6,28 29 30 31 32 33,1,0.8,0.19999999999999996,0.19999999999999996,0
L5-M5,611,610,6,-2,10,9 10 11 12 13 29 30 31 32 33,1,1.3333333333333333,-0.33333333333333326,0.6666666666666665,0
L5-M5,612,611,2,2,5,9 10 11 12 13,1,0.6666666666666666,0.33333333333333337,0.6666666666666667,0
L5-M5,613,612,7,-3,0,,0,0.0,0.0,-0.0,0
L5-M5,614,613,5,-1,0,,0,0.0,0.0,-0.0,0
L5-M5,615,614,2,2,0,,0,0.0,0.0,0.0,0
L5-M5,616,615,7,-3,5,28 29 30 31 32,0,0.6666666666666666,-0.6666666666666666,2.0,0
L5-M5,617,616,1,3,10,28 29 30 31 32 34 35 36 37 38,0,1.3333333333333333,-1.3333333333333333,-4.0,0
L5-M5,618,617,7,-3,11,28 29 30 31 32 33 34 35 36 37 38,1,1.4666666666666666,-0.46666666666666656,1.3999999999999997,0
L5-M5,619,618,2,2,8,31 32 33 34 35 36 37 38,1,1.0666666666666667,-0.06666666666666665,-0.1333333333333333,0
L5-M5,620,619,4,0,0,,0,0.0,0.0,0.0,0
L5-M5,621,620,6,-2,0,,0,0.0,0.0,-0.0,0
L5-M5,622,621,4,0,0,,0,0.0,0.0,0.0,0
L5-M5,623,622,5,-1,0,,0,0.0,0.0,-0.0,0
L5-M5,624,623,3,1,6,22 23 24 25 26 27,2,0.8,1.2,1.2,0
L5-M5,625,624,3,1,0,,0,0.0,0.0,0.0,0
L5-M5,626,625,4,0,0,,0,0.0,0.0,0.0,0
L5-M5,627,626,3,1,0,,0,0.0,0.0,0.0,0
L5-M5,628,627,3,1,0,,0,0.0,0.0,0.0,0
L5-M5,629,628,3,1,0,,0,0.0,0.0,0.0,0
L5-M5,630,629,1,3,0,,0,0.0,0.0,0.0,0
L5-M5,631,630,2,2,0,,0,0.0,0.0,0.0,0
L5-M5,632,631,4,0,0,,0,0.0,0.0,0.0,0
L5-M5,633,632,1,3,0,,0,0.0,0.0,0.0,0
L5-M5,634,633,3,1,0,,0,0.0,0.0,0.0,0
L5-M5,635,634,7,-3,0,,0,0.0,0.0,-0.0,0
L5-M5,636,635,6,-2,0,,0,0.0,0.0,-0.0,0
L5-M5,637,636,6,-2,0,,0,0.0,0.0,-0.0,0
L5-M5,638,637,4,0,0,,0,0.0,0.0,0.0,0
L5-M5,639,638,1,3,5,39 40 41 42 43,0,0.6666666666666666,-0.6666666666666666,-2.0,0
L5-M5,640,639,7,-3,5,39 40 41 42 43,0,0.6666666666666666,-0.6666666666666666,2.0,0
L5-M5,641,640,5,-1,11,8 9 10 11 12 13 39 40 41 42 43,2,1.4666666666666666,0.5333333333333334,-0.5333333333333334,0
L5-M5,642,641,2,2,0,,0,0.0,0.0,0.0,0
L5-M5,643,642,5,-1,5,1 2 3 4 5,0,0.6666666666666666,-0.6666666666666666,0.6666666666666666,0
L5-M5,644,643,1,3,5,1 2 3 4 5,1,0.6666666666666666,0.33333333333333337,1.0,0
L5-M5,645,644,2,2,0,,0,0.0,0.0,0.0,0
L5-M5,646,645,5,-1,0,,0,0.0,0.0,-0.0,0
L5-M5,647,646,4,0,0,,0,0.0,0.0,0.0,0
L5-M5,648,647,6,-2,0,,0,0.0,0.0,-0.0,0
L5-M5,649,648,1,3,5,31 32 33 34 35,1,0.6666666666666666,0.33333333333333337,1.0,0
L5-M5,650,649,2,2,0,,0,0.0,0.0,0.0,0
L5-M5,651,650,6,-2,0,,0,0.0,0.0,-0.0,0
L5-M5,652,651,4,0,0,,0,0.0,0.0,0.0,0
L5-M5,653,652,4,0,0,,0,0.0,0.0,0.0,0
L5-M5,654,653,1,3,0,,0,0.0,0.0,0.0,0
L5-M5,655,654,1,3,0,,0,0.0,0.0,0.0,0
L5-M5,656,655,2,2,0,,0,0.0,0.0,0.0,0
L5-M5,657,656,6,-2,5,8 9 10 11 12,1,0.6666666666666666,0.33333333333333337,-0.6666666666666667,0
L5-M5,658,657,4,0,0,,0,0.0,0.0,0.0,0
L5-M5,659,658,7,-3,0,,0,0.0,0.0,-0.0,0
L5-M5,660,659,7,-3,5,20 21 22 23 24,1,0.6666666666666666,0.33333333333333337,-1.0,0
L5-M5,661,660,3,1,0,,0,0.0,0.0,0.0,0
L5-M5,662,661,7,-3,0,,0,0.0,0.0,-0.0,0
L5-M5,663,662,6,-2,0,,0,0.0,0.0,-0.0,0
L5-M5,664,663,5,-1,0,,0,0.0,0.0,-0.0,0
L5-M5,665,664,1,3,5,28 29 30 31 32,0,0.6666666666666666,-0.6666666666666666,-2.0,0
L5-M5,666,665,4,0,11,21 22 23 24 25 26 28 29 30 31 32,1,1.4666666666666666,-0.46666666666666656,-0.0,0
L5-M5,667,666,5,-1,7,21 22 23 24 25 26 27,1,0.9333333333333333,0.06666666666666665,-0.06666666666666665,0
L5-M5,668,667,1,3,0,,0,0.0,0.0,0.0,0
L5-M5,669,668,1,3,0,,0,0.0,0.0,0.0,0
L5-M5,670,669,3,1,0,,0,0.0,0.0,0.0,0
L5-M5,671,670,3,1,0,,0,0.0,0.0,0.0,0
L5-M5,672,671,5,-1,6,1 2 3 4 5 6,0,0.8,-0.8,0.8,0
L5-M5,673,672,6,-2,6,1 2 3 4 5 6,0,0.8,-0.8,1.6,0
L5-M5,674,673,1,3,6,1 2 3 4 5 6,0,0.8,-0.8,-2.4000000000000004,0
L5-M5,675,674,3,1,6,1 2 3 4 5 6,1,0.8,0.19999999999999996,0.19999999999999996,0
L5-M5,676,675,2,2,12,2 3 4 5 6 37 38 39 40 41 42 43,1,1.6,-0.6000000000000001,-1.2000000000000002,0
L5-M5,677,676,4,0,5,2 3 4 5 6,0,0.6666666666666666,-0.6666666666666666,-0.0,0
L5-M5,678,677,6,-2,10,2 3 4 5 6 19 20 21 22 23,3,1.3333333333333333,1.6666666666666667,-3.3333333333333335,0
L5-M5,679,678,7,-3,5,19 20 21 22 23,0,0.6666666666666666,-0.6666666666666666,2.0,0
L5-M5,680,679,7,-3,12,19 20 21 22 23 27 28 29 30 31 32 33,3,1.6,1.4,-4.199999999999999,0
L5-M5,681,680,5,-1,0,,0,0.0,0.0,-0.0,0
L5-M5,682,681,1,3,0,,0,0.0,0.0,0.0,0
L5-M5,683,682,1,3,0,,0,0.0,0.0,0.0,0
L5-M5,684,683,3,1,0,,0,0.0,0.0,0.0,0
L5-M5,685,684,7,-3,0,,0,0.0,0.0,-0.0,0
L5-M5,686,685,4,0,5,30 31 32 33 34,0,0.6666666666666666,-0.6666666666666666,-0.0,0
L5-M5,687,686,3,1,6,29 30 31 32 33 34,0,0.8,-0.8,-0.8,0
L5-M5,688,687,7,-3,9,29 30 31 32 33 34 35 36 37,2,1.2,0.8,-2.4000000000000004,0
L5-M5,689,688,1,3,5,29 30 31 32 33,1,0.6666666666666666,0.33333333333333337,1.0,0
L5-M5,690,689,5,-1,0,,0,0.0,0.0,-0.0,0
L5-M5,691,690,7,-3,0,,0,0.0,0.0,-0.0,0
L5-M5,692,691,2,2,0,,0,0.0,0.0,0.0,0
L5-M5,693,692,7,-3,0,,0,0.0,0.0,-0.0,0
L5-M5,694,693,5,-1,0,,0,0.0,0.0,-0.0,0
L5-M5,695,694,2,2,0,,0,0.0,0.0,0.0,0
L5-M5,696,695,2,2,0,,0,0.0,0.0,0.0,0
L5-M5,697,696,5,-1,0,,0,0.0,0.0,-0.0,0
L5-M5,698,697,5,-1,0,,0,0.0,0.0,-0.0,0
L5-M5,699,698,4,0,6,27 28 29 30 31 32,1,0.8,0.19999999999999996,0.0,0
L5-M5,700,699,1,3,6,40 41 42 43 44 45,1,0.8,0.19999999999999996,0.5999999999999999,0
L5-M5,701,700,2,2,0,,0,0.0,0.0,0.0,0
L5-M5,702,701,5,-1,0,,0,0.0,0.0,-0.0,0
L5-M5,703,702,2,2,5,39 40 41 42 43,1,0.6666666666666666,0.33333333333333337,0.6666666666666667,0
L5-M5,704,703,2,2,0,,0,0.0,0.0,0.0,0
L5-M5,705,704,7,-3,6,17 18 19 20 21 22,2,0.8,1.2,-3.5999999999999996,0
L5-M5,706,705,5,-1,0,,0,0.0,0.0,-0.0,0
L5-M5,707,706,7,-3,7,34 35 36 37 38 39 40,1,0.9333333333333333,0.06666666666666665,-0.19999999999999996,0
L5-M5,708,707,5,-1,5,34 35 36 37 38,1,0.6666666666666666,0.33333333333333337,-0.33333333333333337,0
L5-M5,709,708,1,3,0,,0,0.0,0.0,0.0,0
L5-M5,710,709,4,0,0,,0,0.0,0.0,0.0,0
L5-M5,711,710,4,0,0,,0,0.0,0.0,0.0,0
L5-M5,712,711,6,-2,0,,0,0.0,0.0,-0.0,0
L5-M5,713,712,2,2,0,,0,0.0,0.0,0.0,0
L5-M5,714,713,7,-3,0,,0,0.0,0.0,-0.0,0
L5-M5,715,714,3,1,0,,0,0.0,0.0,0.0,0
L5-M5,716,715,3,1,0,,0,0.0,0.0,0.0,0
L5-M5,717,716,5,-1,5,8 9 10 11 12,1,0.6666666666666666,0.33333333333333337,-0.33333333333333337,0
L5-M5,718,717,7,-3,0,,0,0.0,0.0,-0.0,0
L5-M5,719,718,7,-3,0,,0,0.0,0.0,-0.0,0
L5-M5,720,719,6,-2,5,34 35 36 37 38,3,0.6666666666666666,2.3333333333333335,-4.666666666666667,0
L5-M5,721,720,7,-3,0,,0,0.0,0.0,-0.0,0
L5-M5,722,721,3,1,5,14 15 16 17 18,1,0.6666666666666666,0.33333333333333337,0.33333333333333337,0
L5-M5,723,722,7,-3,0,,0,0.0,0.0,-0.0,0
L5-M5,724,723,2,2,6,22 23 24 25 26 27,0,0.8,-0.8,-1.6,0
L5-M5,725,724,3,1,16,3 4 5 6 7 15 16 17 18 19 22 23 24 25 26 27,3,2.1333333333333333,0.8666666666666667,0.8666666666666667,0
L5-M5,726,725,5,-1,6,22 23 24 25 26 27,1,0.8,0.19999999999999996,-0.19999999999999996,0
L5-M5,727,726,5,-1,6,24 25 26 27 28 29,0,0.8,-0.8,0.8,0
L5-M5,728,727,5,-1,13,12 13 14 15 16 17 18 24 25 26 27 28 29,0,1.7333333333333334,-1.7333333333333334,1.7333333333333334,0
L5-M5,729,728,6,-2,13,12 13 14 15 16 17 18 24 25 26 27 28 29,2,1.7333333333333334,0.2666666666666666,-0.5333333333333332,0
L5-M5,730,729,2,2,5,12 13 14 15 16,2,0.6666666666666666,1.3333333333333335,2.666666666666667,0
L5-M5,731,730,7,-3,6,38 39 40 41 42 43,1,0.8,0.19999999999999996,-0.5999999999999999,0
L5-M5,732,731,5,-1,0,,0,0.0,0.0,-0.0,0
L5-M5,733,732,7,-3,0,,0,0.0,0.0,-0.0,0
L5-M5,734,733,2,2,0,,0,0.0,0.0,0.0,0
L5-M5,735,734,3,1,0,,0,0.0,0.0,0.0,0
L5-M5,736,735,1,3,6,18 19 20 21 22 23,2,0.8,1.2,3.5999999999999996,0
L5-M5,737,736,2,2,0,,0,0.0,0.0,0.0,0
L5-M5,738,737,1,3,0,,0,0.0,0.0,0.0,0
L5-M5,739,738,4,0,8,29 30 31 32 33 34 35 36,4,1.0666666666666667,2.9333333333333336,0.0,0
L5-M5,740,739,4,0,0,,0,0.0,0.0,0.0,0
L5-M5,741,740,7,-3,0,,0,0.0,0.0,-0.0,0
L5-M5,742,741,2,2,0,,0,0.0,0.0,0.0,0
L5-M5,743,742,1,3,0,,0,0.0,0.0,0.0,0
L5-M5,744,743,1,3,0,,0,0.0,0.0,0.0,0
L5-M5,745,744,7,-3,11,22 23 24 25 26 28 29 30 31 32 33,1,1.4666666666666666,-0.46666666666666656,1.3999999999999997,0
L5-M5,746,745,5,-1,6,28 29 30 31 32 33,1,0.8,0.19999999999999996,-0.19999999999999996,0
L5-M5,747,746,3,1,9,24 25 26 27 28 29 30 31 32,1,1.2,-0.19999999999999996,-0.19999999999999996,0
L5-M5,748,747,5,-1,0,,0,0.0,0.0,-0.0,0
L5-M5,749,748,5,-1,0,,0,0.0,0.0,-0.0,0
L5-M5,750,749,6,-2,12,15 16 17 18 19 20 21 37 38 39 40 41,2,1.6,0.3999999999999999,-0.7999999999999998,0
L5-M5,751,750,3,1,5,37 38 39 40 41,0,0.6666666666666666,-0.6666666666666666,-0.6666666666666666,0
L5-M5,752,751,4,0,7,37 38 39 40 41 42 43,2,0.9333333333333333,1.0666666666666667,0.0,0
L5-M5,753,752,2,2,5,5 6 7 8 9,0,0.6666666666666666,-0.6666666666666666,-1.3333333333333333,0
L5-M5,754,753,2,2,7,5 6 7 8 9 10 11,1,0.9333333333333333,0.06666666666666665,0.1333333333333333,0
L5-M5,755,754,7,-3,6,9 10 11 12 13 14,2,0.8,1.2,-3.5999999999999996,0
L5-M5,756,755,7,-3,0,,0,0.0,0.0,-0.0,0
L5-M5,757,756,1,3,0,,0,0.0,0.0,0.0,0
L5-M5,758,757,1,3,0,,0,0.0,0.0,0.0,0
L5-M5,759,758,4,0,5,19 20 21 22 23,0,0.6666666666666666,-0.6666666666666666,-0.0,0
L5-M5,760,759,2,2,7,19 20 21 22 23 24 25,1,0.9333333333333333,0.06666666666666665,0.1333333333333333,0
L5-M5,761,760,2,2,0,,0,0.0,0.0,0.0,0
L5-M5,762,761,5,-1,0,,0,0.0,0.0,-0.0,0
L5-M5,763,762,4,0,8,13 14 15 16 17 18 19 20,1,1.0666666666666667,-0.06666666666666665,-0.0,0
L5-M5,764,763,3,1,0,,0,0.0,0.0,0.0,0
L5-M5,765,764,2,2,0,,0,0.0,0.0,0.0,0
L5-M5,766,765,5,-1,0,,0,0.0,0.0,-0.0,0
L5-M5,767,766,2,2,0,,0,0.0,0.0,0.0,0
L5-M5,768,767,4,0,5,25 26 27 28 29,2,0.6666666666666666,1.3333333333333335,0.0,0
L5-M5,769,768,1,3,0,,0,0.0,0.0,0.0,0
L5-M5,770,769,1,3,6,21 22 23 24 25 26,1,0.8,0.19999999999999996,0.5999999999999999,0
L5-M5,771,770,5,-1,0,,0,0.0,0.0,-0.0,0
L5-M5,772,771,7,-3,0,,0,0.0,0.0,-0.0,0
L5-M5,773,772,6,-2,7,31 32 33 34 35 36 37,2,0.9333333333333333,1.0666666666666667,-2.1333333333333333,0
L5-M5,774,773,7,-3,5,24 25 26 27 28,1,0.6666666666666666,0.33333333333333337,-1.0,0
L5-M5,775,774,1,3,0,,0,0.0,0.0,0.0,0
L5-M5,776,775,3,1,6,22 23 24 25 26 27,0,0.8,-0.8,-0.8,0
L5-M5,777,776,4,0,6,22 23 24 25 26 27,0,0.8,-0.8,-0.0,0
L5-M5,778,777,4,0,11,1 2 3 4 5 22 23 24 25 26 27,0,1.4666666666666666,-1.4666666666666666,-0.0,0
L5-M5,779,778,2,2,11,1 2 3 4 5 22 23 24 25 26 27,1,1.4666666666666666,-0.46666666666666656,-0.9333333333333331,0
L5-M5,780,779,1,3,5,1 2 3 4 5,0,0.6666666666666666,-0.6666666666666666,-2.0,0
L5-M5,781,780,2,2,10,1 2 3 4 5 29 30 31 32 33,0,1.3333333333333333,-1.3333333333333333,-2.6666666666666665,0
L5-M5,782,781,7,-3,11,1 2 3 4 5 28 29 30 31 32 33,1,1.4666666666666666,-0.46666666666666656,1.3999999999999997,0
L5-M5,783,782,3,1,5,1 2 3 4 5,0,0.6666666666666666,-0.6666666666666666,-0.6666666666666666,0
L5-M5,784,783,5,-1,5,1 2 3 4 5,1,0.6666666666666666,0.33333333333333337,-0.33333333333333337,0
L5-M5,785,784,3,1,5,40 41 42 43 44,0,0.6666666666666666,-0.6666666666666666,-0.6666666666666666,0
L5-M5,786,785,7,-3,5,40 41 42 43 44,0,0.6666666666666666,-0.6666666666666666,2.0,0
L5-M5,787,786,7,-3,5,40 41 42 43 44,0,0.6666666666666666,-0.6666666666666666,2.0,0
L5-M5,788,787,3,1,5,40 41 42 43 44,0,0.6666666666666666,-0.6666666666666666,-0.6666666666666666,0
L5-M5,789,788,5,-1,6,40 41 42 43 44 45,1,0.8,0.19999999999999996,-0.19999999999999996,0
L5-M5,790,789,6,-2,5,40 41 42 43 44,1,0.6666666666666666,0.33333333333333337,-0.6666666666666667,0
L5-M5,791,790,3,1,0,,0,0.0,0.0,0.0,0
L5-M5,792,791,5,-1,7,20 21 22 23 24 25 26,1,0.9333333333333333,0.06666666666666665,-0.06666666666666665,0
L5-M5,793,792,3,1,11,13 14 15 16 17 18 20 21 22 23 24,2,1.4666666666666666,0.5333333333333334,0.5333333333333334,0
L5-M5,794,793,4,0,0,,0,0.0,0.0,0.0,0
L5-M5,795,794,3,1,0,,0,0.0,0.0,0.0,0
L5-M5,796,795,6,-2,0,,0,0.0,0.0,-0.0,0
L5-M5,797,796,2,2,0,,0,0.0,0.0,0.0,0
L5-M5,798,797,5,-1,0,,0,0.0,0.0,-0.0,0
L5-M5,799,798,7,-3,0,,0,0.0,0.0,-0.0,0
L5-M5,800,799,4,0,0,,0,0.0,0.0,0.0,0
L5-M5,801,800,5,-1,0,,0,0.0,0.0,-0.0,0
L5-M5,802,801,1,3,0,,0,0.0,0.0,0.0,0
L5-M5,803,802,6,-2,5,5 6 7 8 9,2,0.6666666666666666,1.3333333333333335,-2.666666666666667,0
L5-M5,804,803,1,3,0,,0,0.0,0.0,0.0,0
L5-M5,805,804,2,2,5,19 20 21 22 23,0,0.6666666666666666,-0.6666666666666666,-1.3333333333333333,0
L5-M5,806,805,7,-3,5,19 20 21 22 23,2,0.6666666666666666,1.3333333333333335,-4.0,0
L5-M5,807,806,4,0,0,,0,0.0,0.0,0.0,0
L5-M5,808,807,5,-1,0,,0,0.0,0.0,-0.0,0
L5-M5,809,808,3,1,0,,0,0.0,0.0,0.0,0
L5-M5,810,809,6,-2,5,26 27 28 29 30,0,0.6666666666666666,-0.6666666666666666,1.3333333333333333,0
L5-M5,811,810,3,1,5,26 27 28 29 30,0,0.6666666666666666,-0.6666666666666666,-0.6666666666666666,0
L5-M5,812,811,5,-1,5,26 27 28 29 30,0,0.6666666666666666,-0.6666666666666666,0.6666666666666666,0
L5-M5,813,812,3,1,7,24 25 26 27 28 29 30,1,0.9333333333333333,0.06666666666666665,0.06666666666666665,0
L5-M5,814,813,2,2,6,24 25 26 27 28 29,1,0.8,0.19999999999999996,0.3999999999999999,0
L5-M5,815,814,4,0,6,22 23 24 25 26 27,3,0.8,2.2,0.0,0
L5-M5,816,815,1,3,0,,0,0.0,0.0,0.0,0
L5-M5,817,816,1,3,7,4 5 6 7 8 9 10,1,0.9333333333333333,0.06666666666666665,0.19999999999999996,0
L5-M5,818,817,6,-2,5,4 5 6 7 8,0,0.6666666666666666,-0.6666666666666666,1.3333333333333333,0
L5-M5,819,818,1,3,5,4 5 6 7 8,0,0.6666666666666666,-0.6666666666666666,-2.0,0
L5-M5,820,819,1,3,5,4 5 6 7 8,0,0.6666666666666666,-0.6666666666666666,-2.0,0
L5-M5,821,820,1,3,5,4 5 6 7 8,0,0.6666666666666666,-0.6666666666666666,-2.0,0
L5-M5,822,821,4,0,5,4 5 6 7 8,0,0.6666666666666666,-0.6666666666666666,-0.0,0
L5-M5,823,822,2,2,7,2 3 4 5 6 7 8,0,0.9333333333333333,-0.9333333333333333,-1.8666666666666667,0
L5-M5,824,823,2,2,7,2 3 4 5 6 7 8,1,0.9333333333333333,0.06666666666666665,0.1333333333333333,0
L5-M5,825,824,4,0,5,2 3 4 5 6,0,0.6666666666666666,-0.6666666666666666,-0.0,0
L5-M5,826,825,7,-3,5,2 3 4 5 6,0,0.6666666666666666,-0.6666666666666666,2.0,0
L5-M5,827,826,7,-3,11,1 2 3 4 5 6 41 42 43 44 45,2,1.4666666666666666,0.5333333333333334,-1.6000000000000003,0
L5-M5,828,827,4,0,0,,0,0.0,0.0,0.0,0
L5-M5,829,828,4,0,0,,0,0.0,0.0,0.0,0
L5-M5,830,829,3,1,0,,0,0.0,0.0,0.0,0
L5-M5,831,830,4,0,5,19 20 21 22 23,1,0.6666666666666666,0.33333333333333337,0.0,0
L5-M5,832,831,2,2,9,20 21 22 23 24 25 26 27 28,1,1.2,-0.19999999999999996,-0.3999999999999999,0
L5-M5,833,832,5,-1,6,20 21 22 23 24 25,0,0.8,-0.8,0.8,0
L5-M5,834,833,3,1,6,20 21 22 23 24 25,0,0.8,-0.8,-0.8,0
L5-M5,835,834,1,3,6,20 21 22 23 24 25,0,0.8,-0.8,-2.4000000000000004,0
L5-M5,836,835,5,-1,6,20 21 22 23 24 25,0,0.8,-0.8,0.8,0
L5-M5,837,836,5,-1,6,20 21 22 23 24 25,1,0.8,0.19999999999999996,-0.19999999999999996,0
L5-M5,838,837,2,2,6,19 20 21 22 23 24,0,0.8,-0.8,-1.6,0
L5-M5,839,838,4,0,6,19 20 21 22 23 24,1,0.8,0.19999999999999996,0.0,0
L5-M5,840,839,7,-3,16,4 5 6 7 8 20 21 22 23 24 39 40 41 42 43 44,2,2.1333333333333333,-0.1333333333333333,0.3999999999999999,0
L5-M5,841,840,4,0,5,20 21 22 23 24,0,0.6666666666666666,-0.6666666666666666,-0.0,0
L5-M5,842,841,4,0,5,20 21 22 23 24,0,0.6666666666666666,-0.6666666666666666,-0.0,0
L5-M5,843,842,5,-1,6,20 21 22 23 24 25,1,0.8,0.19999999999999996,-0.19999999999999996,0
L5-M5,844,843,1,3,0,,0,0.0,0.0,0.0,0
L5-M5,845,844,5,-1,0,,0,0.0,0.0,-0.0,0
L5-M5,846,845,2,2,0,,0,0.0,0.0,0.0,0
L5-M5,847,846,2,2,0,,0,0.0,0.0,0.0,0
L5-M5,848,847,3,1,5,35 36 37 38 39,2,0.6666666666666666,1.3333333333333335,1.3333333333333335,0
L5-M5,849,848,5,-1,0,,0,0.0,0.0,-0.0,0
L5-M5,850,849,1,3,6,6 7 8 9 10 11,0,0.8,-0.8,-2.4000000000000004,0
L5-M5,851,850,1,3,6,6 7 8 9 10 11,0,0.8,-0.8,-2.4000000000000004,0
L5-M5,852,851,6,-2,6,6 7 8 9 10 11,1,0.8,0.19999999999999996,-0.3999999999999999,0
L5-M5,853,852,1,3,5,6 7 8 9 10,1,0.6666666666666666,0.33333333333333337,1.0,0
L5-M5,854,853,3,1,0,,0,0.0,0.0,0.0,0
L5-M5,855,854,1,3,5,3 4 5 6 7,0,0.6666666666666666,-0.6666666666666666,-2.0,0
L5-M5,856,855,1,3,11,3 4 5 6 7 37 38 39 40 41 42,2,1.4666666666666666,0.5333333333333334,1.6000000000000003,0
L5-M5,857,856,2,2,5,3 4 5 6 7,1,0.6666666666666666,0.33333333333333337,0.6666666666666667,0
L5-M5,858,857,7,-3,0,,0,0.0,0.0,-0.0,0
L5-M5,859,858,3,1,5,1 2 3 4 5,0,0.6666666666666666,-0.6666666666666666,-0.6666666666666666,0
L5-M5,860,859,3,1,5,1 2 3 4 5,1,0.6666666666666666,0.33333333333333337,0.33333333333333337,0
L5-M5,861,860,7,-3,0,,0,0.0,0.0,-0.0,0
L5-M5,862,861,6,-2,0,,0,0.0,0.0,-0.0,0
L5-M5,863,862,2,2,0,,0,0.0,0.0,0.0,0
L5-M5,864,863,1,3,0,,0,0.0,0.0,0.0,0
L5-M5,865,864,6,-2,0,,0,0.0,0.0,-0.0,0
L5-M5,866,865,1,3,0,,0,0.0,0.0,0.0,0
L5-M5,867,866,2,2,0,,0,0.0,0.0,0.0,0
L5-M5,868,867,7,-3,0,,0,0.0,0.0,-0.0,0
L5-M5,869,868,3,1,0,,0,0.0,0.0,0.0,0
L5-M5,870,869,2,2,0,,0,0.0,0.0,0.0,0
L5-M5,871,870,4,0,0,,0,0.0,0.0,0.0,0
L5-M5,872,871,7,-3,5,7 8 9 10 11,0,0.6666666666666666,-0.6666666666666666,2.0,0
L5-M5,873,872,3,1,5,7 8 9 10 11,0,0.6666666666666666,-0.6666666666666666,-0.6666666666666666,0
L5-M5,874,873,6,-2,11,7 8 9 10 11 14 15 16 17 18 19,2,1.4666666666666666,0.5333333333333334,-1.0666666666666669,0
L5-M5,875,874,6,-2,5,7 8 9 10 11,0,0.6666666666666666,-0.6666666666666666,1.3333333333333333,0
L5-M5,876,875,5,-1,5,7 8 9 10 11,0,0.6666666666666666,-0.6666666666666666,0.6666666666666666,0
L5-M5,877,876,4,0,6,6 7 8 9 10 11,0,0.8,-0.8,-0.0,0
L5-M5,878,877,2,2,6,6 7 8 9 10 11,2,0.8,1.2,2.4,0
L5-M5,879,878,2,2,0,,0,0.0,0.0,0.0,0
L5-M5,880,879,6,-2,0,,0,0.0,0.0,-0.0,0
L5-M5,881,880,6,-2,6,36 37 38 39 40 41,0,0.8,-0.8,1.6,0
L5-M5,882,881,2,2,7,36 37 38 39 40 41 42,1,0.9333333333333333,0.06666666666666665,0.1333333333333333,0
L5-M5,883,882,2,2,0,,0,0.0,0.0,0.0,0
L5-M5,884,883,3,1,0,,0,0.0,0.0,0.0,0
L5-M5,885,884,3,1,0,,0,0.0,0.0,0.0,0
L5-M5,886,885,5,-1,0,,0,0.0,0.0,-0.0,0
L5-M5,887,886,1,3,0,,0,0.0,0.0,0.0,0
L5-M5,888,887,2,2,0,,0,0.0,0.0,0.0,0
L5-M5,889,888,5,-1,0,,0,0.0,0.0,-0.0,0
L5-M5,890,889,3,1,0,,0,0.0,0.0,0.0,0
L5-M5,891,890,3,1,0,,0,0.0,0.0,0.0,0
L5-M5,892,891,3,1,8,19 20 21 22 23 24 25 26,1,1.0666666666666667,-0.06666666666666665,-0.06666666666666665,0
L5-M5,893,892,6,-2,7,19 20 21 22 23 24 25,2,0.9333333333333333,1.0666666666666667,-2.1333333333333333,0
L5-M5,894,893,2,2,5,32 33 34 35 36,1,0.6666666666666666,0.33333333333333337,0.6666666666666667,0
L5-M5,895,894,7,-3,0,,0,0.0,0.0,-0.0,0
L5-M5,896,895,2,2,0,,0,0.0,0.0,0.0,0
L5-M5,897,896,3,1,0,,0,0.0,0.0,0.0,0
L5-M5,898,897,6,-2,0,,0,0.0,0.0,-0.0,0
L5-M5,899,898,1,3,0,,0,0.0,0.0,0.0,0
L5-M5,900,899,6,-2,0,,0,0.0,0.0,-0.0,0
L5-M5,901,900,3,1,0,,0,0.0,0.0,0.0,0
L5-M5,902,901,4,0,0,,0,0.0,0.0,0.0,0
L5-M5,903,902,5,-1,0,,0,0.0,0.0,-0.0,0
L5-M5,904,903,7,-3,6,40 41 42 43 44 45,2,0.8,1.2,-3.5999999999999996,0
L5-M5,905,904,4,0,0,,0,0.0,0.0,0.0,0
L5-M5,906,905,4,0,6,9 10 11 12 13 14,1,0.8,0.19999999999999996,0.0,0
L5-M5,907,906,4,0,5,9 10 11 12 13,0,0.6666666666666666,-0.6666666666666666,-0.0,0
L5-M5,908,907,4,0,10,9 10 11 12 13 33 34 35 36 37,0,1.3333333333333333,-1.3333333333333333,-0.0,0
L5-M5,909,908,6,-2,10,9 10 11 12 13 33 34 35 36 37,2,1.3333333333333333,0.6666666666666667,-1.3333333333333335,0
L5-M5,910,909,5,-1,6,8 9 10 11 12 13,1,0.8,0.19999999999999996,-0.19999999999999996,0
L5-M5,911,910,5,-1,0,,0,0.0,0.0,-0.0,0
L5-M5,912,911,6,-2,0,,0,0.0,0.0,-0.0,0
L5-M5,913,912,3,1,0,,0,0.0,0.0,0.0,0
L5-M5,914,913,7,-3,0,,0,0.0,0.0,-0.0,0
L5-M5,915,914,4,0,0,,0,0.0,0.0,0.0,0
L5-M5,916,915,5,-1,0,,0,0.0,0.0,-0.0,0
L5-M5,917,916,2,2,0,,0,0.0,0.0,0.0,0
L5-M5,918,917,6,-2,0,,0,0.0,0.0,-0.0,0
L5-M5,919,918,1,3,0,,0,0.0,0.0,0.0,0
L5-M5,920,919,5,-1,0,,0,0.0,0.0,-0.0,0
L5-M5,921,920,4,0,0,,0,0.0,0.0,0.0,0
L5-M5,922,921,1,3,0,,0,0.0,0.0,0.0,0
L5-M5,923,922,6,-2,0,,0,0.0,0.0,-0.0,0
L5-M5,924,923,5,-1,0,,0,0.0,0.0,-0.0,0
L5-M5,925,924,3,1,0,,0,0.0,0.0,0.0,0
L5-M5,926,925,1,3,0,,0,0.0,0.0,0.0,0
L5-M5,927,926,1,3,0,,0,0.0,0.0,0.0,0
L5-M5,928,927,4,0,10,5 6 7 8 9 26 27 28 29 30,1,1.3333333333333333,-0.33333333333333326,-0.0,0
L5-M5,929,928,6,-2,5,5 6 7 8 9,2,0.6666666666666666,1.3333333333333335,-2.666666666666667,0
L5-M5,930,929,1,3,0,,0,0.0,0.0,0.0,0
L5-M5,931,930,4,0,6,32 33 34 35 36 37,1,0.8,0.19999999999999996,0.0,0
L5-M5,932,931,5,-1,6,29 30 31 32 33 34,0,0.8,-0.8,0.8,0
L5-M5,933,932,2,2,6,29 30 31 32 33 34,2,0.8,1.2,2.4,0
L5-M5,934,933,6,-2,0,,0,0.0,0.0,-0.0,0
L5-M5,935,934,3,1,10,9 10 11 12 13 16 17 18 19 20,2,1.3333333333333333,0.6666666666666667,0.6666666666666667,0
L5-M5,936,935,3,1,0,,0,0.0,0.0,0.0,0
L5-M5,937,936,7,-3,0,,0,0.0,0.0,-0.0,0
L5-M5,938,937,5,-1,0,,0,0.0,0.0,-0.0,0
L5-M5,939,938,3,1,6,23 24 25 26 27 28,1,0.8,0.19999999999999996,0.19999999999999996,0
L5-M5,940,939,2,2,5,23 24 25 26 27,1,0.6666666666666666,0.33333333333333337,0.6666666666666667,0
L5-M5,941,940,2,2,0,,0,0.0,0.0,0.0,0
L5-M5,942,941,5,-1,0,,0,0.0,0.0,-0.0,0
L5-M5,943,942,5,-1,0,,0,0.0,0.0,-0.0,0
L5-M5,944,943,5,-1,6,29 30 31 32 33 34,2,0.8,1.2,-1.2,0
L5-M5,945,944,7,-3,0,,0,0.0,0.0,-0.0,0
L5-M5,946,945,4,0,10,3 4 5 6 7 20 21 22 23 24,0,1.3333333333333333,-1.3333333333333333,-0.0,0
L5-M5,947,946,4,0,15,3 4 5 6 7 20 21 22 23 24 25 26 27 28 29,3,2.0,1.0,0.0,0
L5-M5,948,947,5,-1,6,21 22 23 24 25 26,0,0.8,-0.8,0.8,0
L5-M5,949,948,1,3,6,21 22 23 24 25 26,1,0.8,0.19999999999999996,0.5999999999999999,0
L5-M5,950,949,3,1,5,22 23 24 25 26,1,0.6666666666666666,0.33333333333333337,0.33333333333333337,0
L5-M5,951,950,3,1,0,,0,0.0,0.0,0.0,0
L5-M5,952,951,5,-1,0,,0,0.0,0.0,-0.0,0
L5-M5,953,952,6,-2,7,5 6 7 8 9 10 11,2,0.9333333333333333,1.0666666666666667,-2.1333333333333333,0
L5-M5,954,953,5,-1,5,16 17 18 19 20,0,0.6666666666666666,-0.6666666666666666,0.6666666666666666,0
L5-M5,955,954,6,-2,6,16 17 18 19 20 21,0,0.8,-0.8,1.6,0
L5-M5,956,955,2,2,9,13 14 15 16 17 18 19 20 21,2,1.2,0.8,1.6,0
L5-M5,957,956,6,-2,7,13 14 15 16 17 18 19,1,0.9333333333333333,0.06666666666666665,-0.1333333333333333,0
L5-M5,958,957,1,3,0,,0,0.0,0.0,0.0,0
L5-M5,959,958,1,3,0,,0,0.0,0.0,0.0,0
L5-M5,960,959,5,-1,0,,0,0.0,0.0,-0.0,0
L5-M5,961,960,2,2,0,,0,0.0,0.0,0.0,0
L5-M5,962,961,7,-3,0,,0,0.0,0.0,-0.0,0
L5-M5,963,962,6,-2,6,3 4 5 6 7 8,1,0.8,0.19999999999999996,-0.3999999999999999,0
L5-M5,964,963,6,-2,5,35 36 37 38 39,3,0.6666666666666666,2.3333333333333335,-4.666666666666667,0
L5-M5,965,964,3,1,5,13 14 15 16 17,1,0.6666666666666666,0.33333333333333337,0.33333333333333337,0
L5-M5,966,965,6,-2,0,,0,0.0,0.0,-0.0,0
L5-M5,967,966,6,-2,5,7 8 9 10 11,0,0.6666666666666666,-0.6666666666666666,1.3333333333333333,0
L5-M5,968,967,3,1,10,7 8 9 10 11 14 15 16 17 18,1,1.3333333333333333,-0.33333333333333326,-0.33333333333333326,0
L5-M5,969,968,6,-2,11,7 8 9 10 11 15 16 17 18 19 20,2,1.4666666666666666,0.5333333333333334,-1.0666666666666669,0
L5-M5,970,969,2,2,6,15 16 17 18 19 20,1,0.8,0.19999999999999996,0.3999999999999999,0
L5-M5,971,970,1,3,0,,0,0.0,0.0,0.0,0
L5-M5,972,971,3,1,6,30 31 32 33 34 35,0,0.8,-0.8,-0.8,0
L5-M5,973,972,5,-1,6,30 31 32 33 34 35,1,0.8,0.19999999999999996,-0.19999999999999996,0
L5-M5,974,973,2,2,0,,0,0.0,0.0,0.0,0
L5-M5,975,974,5,-1,0,,0,0.0,0.0,-0.0,0
L5-M5,976,975,1,3,5,32 33 34 35 36,1,0.6666666666666666,0.33333333333333337,1.0,0
L5-M5,977,976,1,3,0,,0,0.0,0.0,0.0,0
L5-M5,978,977,5,-1,0,,0,0.0,0.0,-0.0,0
L5-M5,979,978,3,1,6,26 27 28 29 30 31,1,0.8,0.19999999999999996,0.19999999999999996,0
L5-M5,980,979,5,-1,0,,0,0.0,0.0,-0.0,0
L5-M5,981,980,3,1,0,,0,0.0,0.0,0.0,0
L5-M5,982,981,2,2,0,,0,0.0,0.0,0.0,0
L5-M5,983,982,6,-2,0,,0,0.0,0.0,-0.0,0
L5-M5,984,983,2,2,0,,0,0.0,0.0,0.0,0
L5-M5,985,984,3,1,0,,0,0.0,0.0,0.0,0
L5-M5,986,985,2,2,0,,0,0.0,0.0,0.0,0
L5-M5,987,986,5,-1,0,,0,0.0,0.0,-0.0,0
L5-M5,988,987,3,1,0,,0,0.0,0.0,0.0,0
L5-M5,989,988,4,0,0,,0,0.0,0.0,0.0,0
L5-M5,990,989,4,0,0,,0,0.0,0.0,0.0,0
L5-M5,991,990,5,-1,0,,0,0.0,0.0,-0.0,0
L5-M5,992,991,6,-2,8,5 6 7 8 9 10 11 12,1,1.0666666666666667,-0.06666666666666665,0.1333333333333333,0
L5-M5,993,992,3,1,7,5 6 7 8 9 10 11,1,0.9333333333333333,0.06666666666666665,0.06666666666666665,0
L5-M5,994,993,7,-3,5,7 8 9 10 11,1,0.6666666666666666,0.33333333333333337,-1.0,0
L5-M5,995,994,6,-2,0,,0,0.0,0.0,-0.0,0
L5-M5,996,995,3,1,0,,0,0.0,0.0,0.0,0
L5-M5,997,996,5,-1,0,,0,0.0,0.0,-0.0,0
L5-M5,998,997,5,-1,5,19 20 21 22 23,1,0.6666666666666666,0.33333333333333337,-0.33333333333333337,0
L5-M5,999,998,5,-1,0,,0,0.0,0.0,-0.0,0
L5-M5,1000,999,7,-3,5,33 34 35 36 37,0,0.6666666666666666,-0.6666666666666666,2.0,0
L5-M5,1001,1000,6,-2,6,33 34 35 36 37 38,0,0.8,-0.8,1.6,0
L5-M5,1002,1001,5,-1,9,33 34 35 36 37 38 39 40 41,3,1.2,1.8,-1.8,0
L5-M5,1003,1002,1,3,0,,0,0.0,0.0,0.0,0
L5-M5,1004,1003,4,0,0,,0,0.0,0.0,0.0,0
L5-M5,1005,1004,3,1,0,,0,0.0,0.0,0.0,0
L5-M5,1006,1005,3,1,0,,0,0.0,0.0,0.0,0
L5-M5,1007,1006,6,-2,5,19 20 21 22 23,2,0.6666666666666666,1.3333333333333335,-2.666666666666667,0
L5-M5,1008,1007,7,-3,6,31 32 33 34 35 36,1,0.8,0.19999999999999996,-0.5999999999999999,0
L5-M5,1009,1008,5,-1,11,1 2 3 4 5 6 32 33 34 35 36,1,1.4666666666666666,-0.46666666666666656,0.46666666666666656,0
L5-M5,1010,1009,2,2,7,1 2 3 4 5 6 7,0,0.9333333333333333,-0.9333333333333333,-1.8666666666666667,0
L5-M5,1011,1010,1,3,7,1 2 3 4 5 6 7,1,0.9333333333333333,0.06666666666666665,0.19999999999999996,0
L5-M5,1012,1011,7,-3,6,2 3 4 5 6 7,1,0.8,0.19999999999999996,-0.5999999999999999,0
L5-M5,1013,1012,1,3,0,,0,0.0,0.0,0.0,0
L5-M5,1014,1013,4,0,0,,0,0.0,0.0,0.0,0
L5-M5,1015,1014,5,-1,6,28 29 30 31 32 33,2,0.8,1.2,-1.2,0
L5-M5,1016,1015,7,-3,0,,0,0.0,0.0,-0.0,0
L5-M5,1017,1016,7,-3,5,6 7 8 9 10,0,0.6666666666666666,-0.6666666666666666,2.0,0
L5-M5,1018,1017,6,-2,7,4 5 6 7 8 9 10,0,0.9333333333333333,-0.9333333333333333,1.8666666666666667,0
L5-M5,1019,1018,5,-1,7,4 5 6 7 8 9 10,1,0.9333333333333333,0.06666666666666665,-0.06666666666666665,0
L5-M5,1020,1019,3,1,7,5 6 7 8 9 10 11,0,0.9333333333333333,-0.9333333333333333,-0.9333333333333333,0
L5-M5,1021,1020,1,3,7,5 6 7 8 9 10 11,0,0.9333333333333333,-0.9333333333333333,-2.8,0
L5-M5,1022,1021,3,1,7,5 6 7 8 9 10 11,3,0.9333333333333333,2.0666666666666664,2.0666666666666664,0
L5-M5,1023,1022,4,0,0,,0,0.0,0.0,0.0,0
L5-M5,1024,1023,5,-1,5,19 20 21 22 23,2,0.6666666666666666,1.3333333333333335,-1.3333333333333335,0
L5-M5,1025,1024,2,2,5,30 31 32 33 34,1,0.6666666666666666,0.33333333333333337,0.6666666666666667,0
L5-M5,1026,1025,1,3,0,,0,0.0,0.0,0.0,0
L5-M5,1027,1026,6,-2,0,,0,0.0,0.0,-0.0,0
L5-M5,1028,1027,1,3,0,,0,0.0,0.0,0.0,0
L5-M5,1029,1028,6,-2,0,,0,0.0,0.0,-0.0,0
L5-M5,1030,1029,2,2,0,,0,0.0,0.0,0.0,0
L5-M5,1031,1030,3,1,5,19 20 21 22 23,1,0.6666666666666666,0.33333333333333337,0.33333333333333337,0
L5-M5,1032,1031,3,1,0,,0,0.0,0.0,0.0,0
L5-M5,1033,1032,5,-1,0,,0,0.0,0.0,-0.0,0
L5-M5,1034,1033,2,2,0,,0,0.0,0.0,0.0,0
L5-M5,1035,1034,1,3,0,,0,0.0,0.0,0.0,0
L5-M5,1036,1035,1,3,0,,0,0.0,0.0,0.0,0
L5-M5,1037,1036,6,-2,0,,0,0.0,0.0,-0.0,0
L5-M5,1038,1037,6,-2,0,,0,0.0,0.0,-0.0,0
L5-M5,1039,1038,1,3,5,17 18 19 20 21,1,0.6666666666666666,0.33333333333333337,1.0,0
L5-M5,1040,1039,5,-1,0,,0,0.0,0.0,-0.0,0
L5-M5,1041,1040,2,2,5,9 10 11 12 13,2,0.6666666666666666,1.3333333333333335,2.666666666666667,0
L5-M5,1042,1041,7,-3,0,,0,0.0,0.0,-0.0,0
L5-M5,1043,1042,1,3,0,,0,0.0,0.0,0.0,0
L5-M5,1044,1043,4,0,0,,0,0.0,0.0,0.0,0
L5-M5,1045,1044,1,3,6,37 38 39 40 41 42,1,0.8,0.19999999999999996,0.5999999999999999,0
L5-M5,1046,1045,6,-2,0,,0,0.0,0.0,-0.0,0
L5-M5,1047,1046,4,0,0,,0,0.0,0.0,0.0,0
L5-M5,1048,1047,3,1,0,,0,0.0,0.0,0.0,0
L5-M5,1049,1048,5,-1,0,,0,0.0,0.0,-0.0,0
L5-M5,1050,1049,4,0,0,,0,0.0,0.0,0.0,0
L5-M5,1051,1050,3,1,0,,0,0.0,0.0,0.0,0
L5-M5,1052,1051,7,-3,5,7 8 9 10 11,0,0.6666666666666666,-0.6666666666666666,2.0,0
L5-M5,1053,1052,1,3,5,7 8 9 10 11,0,0.6666666666666666,-0.6666666666666666,-2.0,0
L5-M5,1054,1053,1,3,5,7 8 9 10 11,0,0.6666666666666666,-0.6666666666666666,-2.0,0
L5-M5,1055,1054,6,-2,5,7 8 9 10 11,1,0.6666666666666666,0.33333333333333337,-0.6666666666666667,0
L5-M5,1056,1055,6,-2,6,39 40 41 42 43 44,0,0.8,-0.8,1.6,0
L5-M5,1057,1056,4,0,6,39 40 41 42 43 44,1,0.8,0.19999999999999996,0.0,0
L5-M5,1058,1057,2,2,0,,0,0.0,0.0,0.0,0
L5-M5,1059,1058,7,-3,0,,0,0.0,0.0,-0.0,0
L5-M5,1060,1059,5,-1,0,,0,0.0,0.0,-0.0,0
L5-M5,1061,1060,5,-1,5,14 15 16 17 18,0,0.6666666666666666,-0.6666666666666666,0.6666666666666666,0
L5-M5,1062,1061,2,2,5,14 15 16 17 18,0,0.6666666666666666,-0.6666666666666666,-1.3333333333333333,0
L5-M5,1063,1062,1,3,8,12 13 14 15 16 17 18 19,0,1.0666666666666667,-1.0666666666666667,-3.2,0
L5-M5,1064,1063,6,-2,9,11 12 13 14 15 16 17 18 19,1,1.2,-0.19999999999999996,0.3999999999999999,0
L5-M5,1065,1064,4,0,7,11 12 13 14 15 16 17,0,0.9333333333333333,-0.9333333333333333,-0.0,0
L5-M5,1066,1065,5,-1,8,10 11 12 13 14 15 16 17,2,1.0666666666666667,0.9333333333333333,-0.9333333333333333,0
L5-M5,1067,1066,7,-3,6,25 26 27 28 29 30,1,0.8,0.19999999999999996,-0.5999999999999999,0
L5-M5,1068,1067,3,1,6,39 40 41 42 43 44,0,0.8,-0.8,-0.8,0
L5-M5,1069,1068,1,3,9,36 37 38 39 40 41 42 43 44,0,1.2,-1.2,-3.5999999999999996,0
L5-M5,1070,1069,7,-3,9,36 37 38 39 40 41 42 43 44,1,1.2,-0.19999999999999996,0.5999999999999999,0
L5-M5,1071,1070,6,-2,5,36 37 38 39 40,0,0.6666666666666666,-0.6666666666666666,1.3333333333333333,0
L5-M5,1072,1071,7,-3,5,36 37 38 39 40,0,0.6666666666666666,-0.6666666666666666,2.0,0
L5-M5,1073,1072,5,-1,5,36 37 38 39 40,1,0.6666666666666666,0.33333333333333337,-0.33333333333333337,0
L5-M5,1074,1073,2,2,0,,0,0.0,0.0,0.0,0
L5-M5,1075,1074,3,1,0,,0,0.0,0.0,0.0,0
L5-M5,1076,1075,2,2,0,,0,0.0,0.0,0.0,0
L5-M5,1077,1076,4,0,6,10 11 12 13 14 15,0,0.8,-0.8,-0.0,0
L5-M5,1078,1077,5,-1,7,10 11 12 13 14 15 16,3,0.9333333333333333,2.0666666666666664,-2.0666666666666664,0
L5-M5,1079,1078,7,-3,0,,0,0.0,0.0,-0.0,0
L5-M5,1080,1079,2,2,5,25 26 27 28 29,0,0.6666666666666666,-0.6666666666666666,-1.3333333333333333,0
L5-M5,1081,1080,6,-2,5,25 26 27 28 29,0,0.6666666666666666,-0.6666666666666666,1.3333333333333333,0
L5-M5,1082,1081,4,0,5,25 26 27 28 29,2,0.6666666666666666,1.3333333333333335,0.0,0
L5-M5,1083,1082,4,0,0,,0,0.0,0.0,0.0,0
L5-M5,1084,1083,5,-1,0,,0,0.0,0.0,-0.0,0
L5-M5,1085,1084,1,3,0,,0,0.0,0.0,0.0,0
L5-M5,1086,1085,5,-1,0,,0,0.0,0.0,-0.0,0
L5-M5,1087,1086,7,-3,0,,0,0.0,0.0,-0.0,0
L5-M5,1088,1087,3,1,0,,0,0.0,0.0,0.0,0
L5-M5,1089,1088,5,-1,0,,0,0.0,0.0,-0.0,0
L5-M5,1090,1089,5,-1,0,,0,0.0,0.0,-0.0,0
L5-M5,1091,1090,1,3,6,5 6 7 8 9 10,1,0.8,0.19999999999999996,0.5999999999999999,0
L5-M5,1092,1091,7,-3,0,,0,0.0,0.0,-0.0,0
L5-M5,1093,1092,6,-2,5,13 14 15 16 17,1,0.6666666666666666,0.33333333333333337,-0.6666666666666667,0
L5-M5,1094,1093,7,-3,0,,0,0.0,0.0,-0.0,0
L5-M5,1095,1094,7,-3,5,1 2 3 4 5,0,0.6666666666666666,-0.6666666666666666,2.0,0
L5-M5,1096,1095,2,2,5,1 2 3 4 5,1,0.6666666666666666,0.33333333333333337,0.6666666666666667,0
L5-M5,1097,1096,6,-2,0,,0,0.0,0.0,-0.0,0
L5-M5,1098,1097,1,3,0,,0,0.0,0.0,0.0,0
L5-M5,1099,1098,2,2,0,,0,0.0,0.0,0.0,0
L5-M5,1100,1099,2,2,0,,0,0.0,0.0,0.0,0
L5-M5,1101,1100,1,3,8,4 5 6 7 8 9 10 11,2,1.0666666666666667,0.9333333333333333,2.8,0
L5-M5,1102,1101,6,-2,0,,0,0.0,0.0,-0.0,0
L5-M5,1103,1102,3,1,0,,0,0.0,0.0,0.0,0
L5-M5,1104,1103,1,3,0,,0,0.0,0.0,0.0,0
L5-M5,1105,1104,2,2,0,,0,0.0,0.0,0.0,0
L5-M5,1106,1105,2,2,0,,0,0.0,0.0,0.0,0
L5-M5,1107,1106,5,-1,0,,0,0.0,0.0,-0.0,0
L5-M5,1108,1107,3,1,7,22 23 24 25 26 27 28,1,0.9333333333333333,0.06666666666666665,0.06666666666666665,0
L5-M5,1109,1108,4,0,6,8 9 10 11 12 13,3,0.8,2.2,0.0,0
L5-M5,1110,1109,1,3,6,20 21 22 23 24 25,2,0.8,1.2,3.5999999999999996,0
L5-M5,1111,1110,6,-2,0,,0,0.0,0.0,-0.0,0
L5-M5,1112,1111,2,2,0,,0,0.0,0.0,0.0,0
L5-M5,1113,1112,3,1,0,,0,0.0,0.0,0.0,0
L5-M5,1114,1113,1,3,0,,0,0.0,0.0,0.0,0
L5-M5,1115,1114,1,3,0,,0,0.0,0.0,0.0,0
L5-M5,1116,1115,2,2,0,,0,0.0,0.0,0.0,0
L5-M5,1117,1116,7,-3,6,1 2 3 4 5 6,2,0.8,1.2,-3.5999999999999996,0
L5-M5,1118,1117,3,1,5,39 40 41 42 43,0,0.6666666666666666,-0.6666666666666666,-0.6666666666666666,0
L5-M5,1119,1118,1,3,6,39 40 41 42 43 44,0,0.8,-0.8,-2.4000000000000004,0
L5-M5,1120,1119,2,2,8,37 38 39 40 41 42 43 44,2,1.0666666666666667,0.9333333333333333,1.8666666666666667,0
L5-M5,1121,1120,5,-1,0,,0,0.0,0.0,-0.0,0
L5-M5,1122,1121,2,2,0,,0,0.0,0.0,0.0,0
L5-M5,1123,1122,4,0,0,,0,0.0,0.0,0.0,0
L5-M5,1124,1123,5,-1,5,14 15 16 17 18,1,0.6666666666666666,0.33333333333333337,-0.33333333333333337,0
L5-M5,1125,1124,4,0,0,,0,0.0,0.0,0.0,0
L5-M5,1126,1125,4,0,0,,0,0.0,0.0,0.0,0
L5-M5,1127,1126,3,1,0,,0,0.0,0.0,0.0,0
L5-M5,1128,1127,6,-2,0,,0,0.0,0.0,-0.0,0
L5-M5,1129,1128,7,-3,6,18 19 20 21 22 23,0,0.8,-0.8,2.4000000000000004,0
L5-M5,1130,1129,5,-1,6,18 19 20 21 22 23,2,0.8,1.2,-1.2,0
L5-M5,1131,1130,7,-3,5,41 42 43 44 45,0,0.6666666666666666,-0.6666666666666666,2.0,0
L5-M5,1132,1131,6,-2,7,39 40 41 42 43 44 45,1,0.9333333333333333,0.06666666666666665,-0.1333333333333333,0
L5-M5,1133,1132,1,3,0,,0,0.0,0.0,0.0,0
L5-M5,1134,1133,4,0,0,,0,0.0,0.0,0.0,0
L5-M5,1135,1134,6,-2,0,,0,0.0,0.0,-0.0,0
L5-M5,1136,1135,2,2,0,,0,0.0,0.0,0.0,0
L5-M5,1137,1136,1,3,0,,0,0.0,0.0,0.0,0
L5-M5,1138,1137,5,-1,0,,0,0.0,0.0,-0.0,0
L5-M5,1139,1138,7,-3,0,,0,0.0,0.0,-0.0,0
L5-M5,1140,1139,4,0,7,22 23 24 25 26 27 28,1,0.9333333333333333,0.06666666666666665,0.0,0
L5-M5,1141,1140,3,1,6,23 24 25 26 27 28,1,0.8,0.19999999999999996,0.19999999999999996,0
L5-M5,1142,1141,4,0,0,,0,0.0,0.0,0.0,0
L5-M5,1143,1142,3,1,0,,0,0.0,0.0,0.0,0
L5-M5,1144,1143,1,3,0,,0,0.0,0.0,0.0,0
L5-M5,1145,1144,3,1,0,,0,0.0,0.0,0.0,0
L5-M5,1146,1145,4,0,0,,0,0.0,0.0,0.0,0
L5-M5,1147,1146,5,-1,6,20 21 22 23 24 25,1,0.8,0.19999999999999996,-0.19999999999999996,0
L5-M5,1148,1147,6,-2,0,,0,0.0,0.0,-0.0,0
L5-M5,1149,1148,7,-3,0,,0,0.0,0.0,-0.0,0
L5-M5,1150,1149,7,-3,0,,0,0.0,0.0,-0.0,0
L5-M5,1151,1150,4,0,0,,0,0.0,0.0,0.0,0
L5-M5,1152,1151,3,1,5,40 41 42 43 44,0,0.6666666666666666,-0.6666666666666666,-0.6666666666666666,0
L5-M5,1153,1152,1,3,5,40 41 42 43 44,1,0.6666666666666666,0.33333333333333337,1.0,0
L5-M5,1154,1153,2,2,5,22 23 24 25 26,2,0.6666666666666666,1.3333333333333335,2.666666666666667,0
L5-M5,1155,1154,5,-1,0,,0,0.0,0.0,-0.0,0
L5-M5,1156,1155,2,2,5,39 40 41 42 43,2,0.6666666666666666,1.3333333333333335,2.666666666666667,0
L5-M5,1157,1156,1,3,0,,0,0.0,0.0,0.0,0
L5-M5,1158,1157,7,-3,0,,0,0.0,0.0,-0.0,0
L5-M5,1159,1158,1,3,0,,0,0.0,0.0,0.0,0
L5-M5,1160,1159,2,2,0,,0,0.0,0.0,0.0,0
L5-M5,1161,1160,4,0,0,,0,0.0,0.0,0.0,0
L5-M5,1162,1161,6,-2,0,,0,0.0,0.0,-0.0,0
L5-M5,1163,1162,1,3,0,,0,0.0,0.0,0.0,0
L5-M5,1164,1163,2,2,0,,0,0.0,0.0,0.0,0
L5-M5,1165,1164,3,1,0,,0,0.0,0.0,0.0,0
L5-M5,1166,1165,3,1,0,,0,0.0,0.0,0.0,0
L5-M5,1167,1166,2,2,5,8 9 10 11 12,1,0.6666666666666666,0.33333333333333337,0.6666666666666667,0
L5-M5,1168,1167,3,1,0,,0,0.0,0.0,0.0,0
L5-M5,1169,1168,4,0,5,1 2 3 4 5,1,0.6666666666666666,0.33333333333333337,0.0,0
L5-M5,1170,1169,3,1,6,15 16 17 18 19 20,0,0.8,-0.8,-0.8,0
L5-M5,1171,1170,3,1,6,15 16 17 18 19 20,1,0.8,0.19999999999999996,0.19999999999999996,0
L5-M5,1172,1171,7,-3,0,,0,0.0,0.0,-0.0,0
L5-M5,1173,1172,7,-3,0,,0,0.0,0.0,-0.0,0
L5-M5,1174,1173,2,2,0,,0,0.0,0.0,0.0,0
L5-M5,1175,1174,5,-1,0,,0,0.0,0.0,-0.0,0
L5-M5,1176,1175,5,-1,5,25 26 27 28 29,0,0.6666666666666666,-0.6666666666666666,0.6666666666666666,0
L5-M5,1177,1176,5,-1,5,25 26 27 28 29,0,0.6666666666666666,-0.6666666666666666,0.6666666666666666,0
L5-M5,1178,1177,6,-2,8,22 23 24 25 26 27 28 29,1,1.0666666666666667,-0.06666666666666665,0.1333333333333333,0
L5-M5,1179,1178,4,0,5,22 23 24 25 26,1,0.6666666666666666,0.33333333333333337,0.0,0
L5-M5,1180,1179,4,0,0,,0,0.0,0.0,0.0,0
L5-M5,1181,1180,1,3,0,,0,0.0,0.0,0.0,0
L5-M5,1182,1181,5,-1,5,28 29 30 31 32,2,0.6666666666666666,1.3333333333333335,-1.3333333333333335,0
L5-M5,1183,1182,4,0,0,,0,0.0,0.0,0.0,0
L5-M5,1184,1183,6,-2,0,,0,0.0,0.0,-0.0,0
L5-M5,1185,1184,7,-3,0,,0,0.0,0.0,-0.0,0
L5-M5,1186,1185,7,-3,0,,0,0.0,0.0,-0.0,0
L5-M5,1187,1186,7,-3,8,38 39 40 41 42 43 44 45,1,1.0666666666666667,-0.06666666666666665,0.19999999999999996,0
L5-M5,1188,1187,7,-3,5,41 42 43 44 45,0,0.6666666666666666,-0.6666666666666666,2.0,0
L5-M5,1189,1188,3,1,5,41 42 43 44 45,0,0.6666666666666666,-0.6666666666666666,-0.6666666666666666,0
L5-M5,1190,1189,4,0,5,41 42 43 44 45,1,0.6666666666666666,0.33333333333333337,0.0,0
L5-M5,1191,1190,6,-2,5,30 31 32 33 34,0,0.6666666666666666,-0.6666666666666666,1.3333333333333333,0
L5-M5,1192,1191,2,2,10,14 15 16 17 18 30 31 32 33 34,1,1.3333333333333333,-0.33333333333333326,-0.6666666666666665,0
L5-M5,1193,1192,2,2,5,30 31 32 33 34,0,0.6666666666666666,-0.6666666666666666,-1.3333333333333333,0
L5-M5,1194,1193,4,0,5,30 31 32 33 34,1,0.6666666666666666,0.33333333333333337,0.0,0
L5-M5,1195,1194,1,3,0,,0,0.0,0.0,0.0,0
L5-M5,1196,1195,7,-3,0,,0,0.0,0.0,-0.0,0
L5-M5,1197,1196,3,1,0,,0,0.0,0.0,0.0,0
L5-M5,1198,1197,6,-2,0,,0,0.0,0.0,-0.0,0
L5-M5,1199,1198,1,3,8,16 17 18 19 20 21 22 23,1,1.0666666666666667,-0.06666666666666665,-0.19999999999999996,0
L5-M5,1200,1199,1,3,7,17 18 19 20 21 22 23,1,0.9333333333333333,0.06666666666666665,0.19999999999999996,0
L5-M5,1201,1200,7,-3,0,,0,0.0,0.0,-0.0,0
L5-M5,1202,1201,7,-3,6,10 11 12 13 14 15,1,0.8,0.19999999999999996,-0.5999999999999999,0
L5-M5,1203,1202,2,2,0,,0,0.0,0.0,0.0,0
L5-M5,1204,1203,4,0,5,41 42 43 44 45,1,0.6666666666666666,0.33333333333333337,0.0,0
L5-M5,1205,1204,3,1,0,,0,0.0,0.0,0.0,0
L5-M5,1206,1205,2,2,0,,0,0.0,0.0,0.0,0
L5-M5,1207,1206,4,0,0,,0,0.0,0.0,0.0,0
L5-M5,1208,1207,2,2,5,11 12 13 14 15,0,0.6666666666666666,-0.6666666666666666,-1.3333333333333333,0
L5-M5,1209,1208,2,2,5,11 12 13 14 15,0,0.6666666666666666,-0.6666666666666666,-1.3333333333333333,0
L5-M5,1210,1209,4,0,5,11 12 13 14 15,0,0.6666666666666666,-0.6666666666666666,-0.0,0
L5-M5,1211,1210,6,-2,6,11 12 13 14 15 16,0,0.8,-0.8,1.6,0
L5-M5,1212,1211,1,3,6,11 12 13 14 15 16,0,0.8,-0.8,-2.4000000000000004,0
L5-M5,1213,1212,7,-3,7,10 11 12 13 14 15 16,1,0.9333333333333333,0.06666666666666665,-0.19999999999999996,0
L5-M5,1214,1213,1,3,5,12 13 14 15 16,1,0.6666666666666666,0.33333333333333337,1.0,0
L5-M5,1215,1214,2,2,0,,0,0.0,0.0,0.0,0
L5-M5,1216,1215,5,-1,0,,0,0.0,0.0,-0.0,0
L5-M5,1217,1216,7,-3,0,,0,0.0,0.0,-0.0,0
L5-M5,1218,1217,7,-3,5,39 40 41 42 43,1,0.6666666666666666,0.33333333333333337,-1.0,0
L5-M5,1219,1218,2,2,8,34 35 36 37 38 39 40 41,1,1.0666666666666667,-0.06666666666666665,-0.1333333333333333,0
L5-M5,1220,1219,5,-1,6,33 34 35 36 37 38,1,0.8,0.19999999999999996,-0.19999999999999996,0
L5-M5,1221,1220,2,2,0,,0,0.0,0.0,0.0,0
L5-M5,1222,1221,2,2,0,,0,0.0,0.0,0.0,0
L5-M5,1223,1222,6,-2,0,,0,0.0,0.0,-0.0,0
L5-M5,1224,1223,4,0,0,,0,0.0,0.0,0.0,0
L5-M5,1225,1224,5,-1,0,,0,0.0,0.0,-0.0,0
L5-M5,1226,1225,5,-1,0,,0,0.0,0.0,-0.0,0
L5-M5,1227,1226,7,-3,5,34 35 36 37 38,1,0.6666666666666666,0.33333333333333337,-1.0,0
L5-M5,1228,1227,2,2,0,,0,0.0,0.0,0.0,0
L5-M5,1229,1228,1,3,5,36 37 38 39 40,1,0.6666666666666666,0.33333333333333337,1.0,0
L5-M5,1230,1229,3,1,0,,0,0.0,0.0,0.0,0
L5-M5,1231,1230,7,-3,0,,0,0.0,0.0,-0.0,0
L5-M5,1232,1231,4,0,0,,0,0.0,0.0,0.0,0
L5-M5,1233,1232,1,3,0,,0,0.0,0.0,0.0,0
L5-M5,1234,1233,5,-1,0,,0,0.0,0.0,-0.0,0
L5-M5,1235,1234,4,0,0,,0,0.0,0.0,0.0,0
L5-M5,1236,1235,5,-1,5,26 27 28 29 30,1,0.6666666666666666,0.33333333333333337,-0.33333333333333337,0
L5-M5,1237,1236,1,3,0,,0,0.0,0.0,0.0,0
L5-M5,1238,1237,5,-1,0,,0,0.0,0.0,-0.0,0
L10-M2,21,20,7,-3,4,26 27 28 29,0,0.5333333333333333,-0.5333333333333333,1.6,0
L10-M2,22,21,5,-1,4,26 27 28 29,0,0.5333333333333333,-0.5333333333333333,0.5333333333333333,0
L10-M2,23,22,6,-2,6,26 27 28 29 44 45,0,0.8,-0.8,1.6,0
L10-M2,24,23,7,-3,9,21 22 25 26 27 28 29 44 45,2,1.2,0.8,-2.4000000000000004,0
L10-M2,25,24,1,3,8,1 2 21 22 25 26 44 45,4,1.0666666666666667,2.9333333333333336,8.8,0
L10-M2,26,25,3,1,2,15 16,0,0.26666666666666666,-0.26666666666666666,-0.26666666666666666,0
L10-M2,27,26,7,-3,2,15 16,0,0.26666666666666666,-0.26666666666666666,0.8,0
L10-M2,28,27,4,0,2,15 16,0,0.26666666666666666,-0.26666666666666666,-0.0,0
L10-M2,29,28,1,3,2,15 16,0,0.26666666666666666,-0.26666666666666666,-0.8,0
L10-M2,30,29,3,1,2,15 16,0,0.26666666666666666,-0.26666666666666666,-0.26666666666666666,0
L10-M2,31,30,1,3,5,10 11 14 15 16,0,0.6666666666666666,-0.6666666666666666,-2.0,0
L10-M2,32,31,6,-2,9,10 11 12 14 15 16 30 31 32,1,1.2,-0.19999999999999996,0.3999999999999999,0
L10-M2,33,32,2,2,8,10 11 12 15 16 30 31 32,1,1.0666666666666667,-0.06666666666666665,-0.1333333333333333,0
L10-M2,34,33,3,1,7,10 11 12 15 16 30 31,0,0.9333333333333333,-0.9333333333333333,-0.9333333333333333,0
L10-M2,35,34,1,3,8,10 11 12 15 16 29 30 31,1,1.0666666666666667,-0.06666666666666665,-0.19999999999999996,0
L10-M2,36,35,6,-2,7,15 16 21 22 29 30 31,0,0.9333333333333333,-0.9333333333333333,1.8666666666666667,0
L10-M2,37,36,6,-2,7,15 16 21 22 29 30 31,1,0.9333333333333333,0.06666666666666665,-0.1333333333333333,0
L10-M2,38,37,7,-3,4,15 16 21 22,2,0.5333333333333333,1.4666666666666668,-4.4,0
L10-M2,39,38,5,-1,0,,0,0.0,0.0,-0.0,0
L10-M2,40,39,3,1,2,38 39,0,0.26666666666666666,-0.26666666666666666,-0.26666666666666666,0
L10-M2,41,40,1,3,2,38 39,1,0.26666666666666666,0.7333333333333334,2.2,0
L10-M2,42,41,4,0,0,,0,0.0,0.0,0.0,0
L10-M2,43,42,1,3,2,44 45,1,0.26666666666666666,0.7333333333333334,2.2,0
L10-M2,44,43,1,3,2,4 5,0,0.26666666666666666,-0.26666666666666666,-0.8,0
L10-M2,45,44,6,-2,6,4 5 8 9 41 42,0,0.8,-0.8,1.6,0
L10-M2,46,45,3,1,6,4 5 8 9 41 42,1,0.8,0.19999999999999996,0.19999999999999996,0
L10-M2,47,46,7,-3,7,4 5 28 29 40 41 42,0,0.9333333333333333,-0.9333333333333333,2.8,0
L10-M2,48,47,4,0,7,4 5 28 29 40 41 42,0,0.9333333333333333,-0.9333333333333333,-0.0,0
L10-M2,49,48,1,3,7,4 5 28 29 40 41 42,2,0.9333333333333333,1.0666666666666667,3.2,0
L10-M2,50,49,5,-1,4,28 29 41 42,0,0.5333333333333333,-0.5333333333333333,0.5333333333333333,0
L10-M2,51,50,1,3,6,24 25 28 29 41 42,0,0.8,-0.8,-2.4000000000000004,0
L10-M2,52,51,6,-2,7,24 25 28 29 41 42 43,1,0.9333333333333333,0.06666666666666665,-0.1333333333333333,0
L10-M2,53,52,1,3,5,24 25 41 42 43,0,0.6666666666666666,-0.6666666666666666,-2.0,0
L10-M2,54,53,7,-3,5,24 25 41 42 43,0,0.6666666666666666,-0.6666666666666666,2.0,0
L10-M2,55,54,6,-2,5,24 25 41 42 43,0,0.6666666666666666,-0.6666666666666666,1.3333333333333333,0
L10-M2,56,55,1,3,7,24 25 34 35 41 42 43,0,0.9333333333333333,-0.9333333333333333,-2.8,0
L10-M2,57,56,3,1,8,23 24 25 34 35 41 42 43,1,1.0666666666666667,-0.06666666666666665,-0.06666666666666665,0
L10-M2,58,57,1,3,7,23 24 34 35 41 42 43,1,0.9333333333333333,0.06666666666666665,0.19999999999999996,0
L10-M2,59,58,1,3,7,5 6 34 35 41 42 43,2,0.9333333333333333,1.0666666666666667,3.2,0
L10-M2,60,59,2,2,6,18 19 34 35 42 43,1,0.8,0.19999999999999996,0.3999999999999999,0
L10-M2,61,60,3,1,8,12 13 18 19 22 23 34 35,1,1.0666666666666667,-0.06666666666666665,-0.06666666666666665,0
L10-M2,62,61,1,3,7,11 12 13 22 23 34 35,1,0.9333333333333333,0.06666666666666665,0.19999999999999996,0
L10-M2,63,62,4,0,7,4 5 11 12 13 22 23,1,0.9333333333333333,0.06666666666666665,0.0,0
L10-M2,64,63,2,2,5,4 5 11 12 13,0,0.6666666666666666,-0.6666666666666666,-1.3333333333333333,0
L10-M2,65,64,7,-3,5,4 5 11 12 13,1,0.6666666666666666,0.33333333333333337,-1.0,0
L10-M2,66,65,5,-1,3,11 12 13,0,0.4,-0.4,0.4,0
L10-M2,67,66,7,-3,5,11 12 13 31 32,0,0.6666666666666666,-0.6666666666666666,2.0,0
L10-M2,68,67,5,-1,5,11 12 13 31 32,1,0.6666666666666666,0.33333333333333337,-0.33333333333333337,0
L10-M2,69,68,6,-2,2,31 32,0,0.26666666666666666,-0.26666666666666666,0.5333333333333333,0
L10-M2,70,69,6,-2,4,31 32 44 45,0,0.5333333333333333,-0.5333333333333333,1.0666666666666667,0
L10-M2,71,70,5,-1,6,31 32 41 42 44 45,1,0.8,0.19999999999999996,-0.19999999999999996,0
L10-M2,72,71,5,-1,5,30 31 32 44 45,0,0.6666666666666666,-0.6666666666666666,0.6666666666666666,0
L10-M2,73,72,1,3,7,30 31 32 34 35 44 45,1,0.9333333333333333,0.06666666666666665,0.19999999999999996,0
L10-M2,74,73,5,-1,6,30 31 34 35 44 45,1,0.8,0.19999999999999996,-0.19999999999999996,0
L10-M2,75,74,5,-1,6,20 21 30 31 44 45,1,0.8,0.19999999999999996,-0.19999999999999996,0
L10-M2,76,75,4,0,4,20 21 30 31,0,0.5333333333333333,-0.5333333333333333,-0.0,0
L10-M2,77,76,7,-3,4,20 21 30 31,0,0.5333333333333333,-0.5333333333333333,1.6,0
L10-M2,78,77,5,-1,4,20 21 30 31,0,0.5333333333333333,-0.5333333333333333,0.5333333333333333,0
L10-M2,79,78,7,-3,4,20 21 30 31,1,0.5333333333333333,0.4666666666666667,-1.4,0
L10-M2,80,79,3,1,6,7 8 20 21 38 39,0,0.8,-0.8,-0.8,0
L10-M2,81,80,1,3,7,7 8 19 20 21 38 39,2,0.9333333333333333,1.0666666666666667,3.2,0
L10-M2,82,81,2,2,6,8 9 38 39 41 42,1,0.8,0.19999999999999996,0.3999999999999999,0
L10-M2,83,82,6,-2,4,8 9 38 39,0,0.5333333333333333,-0.5333333333333333,1.0666666666666667,0
L10-M2,84,83,3,1,4,8 9 38 39,0,0.5333333333333333,-0.5333333333333333,-0.5333333333333333,0
L10-M2,85,84,1,3,6,8 9 38 39 40 41,1,0.8,0.19999999999999996,0.5999999999999999,0
L10-M2,86,85,4,0,4,38 39 40 41,2,0.5333333333333333,1.4666666666666668,0.0,0
L10-M2,87,86,3,1,2,21 22,0,0.26666666666666666,-0.26666666666666666,-0.26666666666666666,0
L10-M2,88,87,5,-1,2,21 22,0,0.26666666666666666,-0.26666666666666666,0.26666666666666666,0
L10-M2,89,88,5,-1,4,21 22 28 29,2,0.5333333333333333,1.4666666666666668,-1.4666666666666668,0
L10-M2,90,89,6,-2,2,21 22,0,0.26666666666666666,-0.26666666666666666,0.5333333333333333,0
L10-M2,91,90,1,3,2,21 22,1,0.26666666666666666,0.7333333333333334,2.2,0
L10-M2,92,91,5,-1,0,,0,0.0,0.0,-0.0,0
L10-M2,93,92,3,1,0,,0,0.0,0.0,0.0,0
L10-M2,94,93,2,2,5,9 10 11 18 19,0,0.6666666666666666,-0.6666666666666666,-1.3333333333333333,0
L10-M2,95,94,2,2,5,9 10 11 18 19,0,0.6666666666666666,-0.6666666666666666,-1.3333333333333333,0
L10-M2,96,95,2,2,5,9 10 11 18 19,0,0.6666666666666666,-0.6666666666666666,-1.3333333333333333,0
L10-M2,97,96,4,0,5,9 10 11 18 19,0,0.6666666666666666,-0.6666666666666666,-0.0,0
L10-M2,98,97,1,3,7,9 10 11 12 13 18 19,1,0.9333333333333333,0.06666666666666665,0.19999999999999996,0
L10-M2,99,98,7,-3,6,10 11 12 13 18 19,1,0.8,0.19999999999999996,-0.5999999999999999,0
L10-M2,100,99,4,0,5,11 12 13 18 19,1,0.6666666666666666,0.33333333333333337,0.0,0
L10-M2,101,100,2,2,4,12 13 18 19,0,0.5333333333333333,-0.5333333333333333,-1.0666666666666667,0
L10-M2,102,101,3,1,6,12 13 18 19 25 26,1,0.8,0.19999999999999996,0.19999999999999996,0
L10-M2,103,102,7,-3,4,12 13 18 19,0,0.5333333333333333,-0.5333333333333333,1.6,0
L10-M2,104,103,2,2,6,12 13 18 19 38 39,0,0.8,-0.8,-1.6,0
L10-M2,105,104,5,-1,6,12 13 18 19 38 39,0,0.8,-0.8,0.8,0
L10-M2,106,105,4,0,6,12 13 18 19 38 39,1,0.8,0.19999999999999996,0.0,0
L10-M2,107,106,6,-2,4,18 19 38 39,0,0.5333333333333333,-0.5333333333333333,1.0666666666666667,0
L10-M2,108,107,6,-2,4,18 19 38 39,1,0.5333333333333333,0.4666666666666667,-0.9333333333333333,0
L10-M2,109,108,2,2,2,38 39,0,0.26666666666666666,-0.26666666666666666,-0.5333333333333333,0
L10-M2,110,109,3,1,2,38 39,0,0.26666666666666666,-0.26666666666666666,-0.26666666666666666,0
L10-M2,111,110,1,3,3,37 38 39,0,0.4,-0.4,-1.2000000000000002,0
L10-M2,112,111,3,1,5,2 3 37 38 39,0,0.6666666666666666,-0.6666666666666666,-0.6666666666666666,0
L10-M2,113,112,7,-3,5,2 3 37 38 39,0,0.6666666666666666,-0.6666666666666666,2.0,0
L10-M2,114,113,3,1,9,2 3 13 14 15 16 37 38 39,1,1.2,-0.19999999999999996,-0.19999999999999996,0
L10-M2,115,114,1,3,8,2 3 15 16 17 37 38 39,1,1.0666666666666667,-0.06666666666666665,-0.19999999999999996,0
L10-M2,116,115,7,-3,6,15 16 17 37 38 39,1,0.8,0.19999999999999996,-0.5999999999999999,0
L10-M2,117,116,3,1,7,12 13 15 16 17 38 39,0,0.9333333333333333,-0.9333333333333333,-0.9333333333333333,0
L10-M2,118,117,5,-1,7,12 13 15 16 17 38 39,1,0.9333333333333333,0.06666666666666665,-0.06666666666666665,0
L10-M2,119,118,7,-3,6,12 13 15 16 38 39,1,0.8,0.19999999999999996,-0.5999999999999999,0
L10-M2,120,119,7,-3,4,15 16 38 39,0,0.5333333333333333,-0.5333333333333333,1.6,0
L10-M2,121,120,5,-1,6,15 16 23 24 38 39,1,0.8,0.19999999999999996,-0.19999999999999996,0
L10-M2,122,121,1,3,8,7 8 15 16 23 24 39 40,2,1.0666666666666667,0.9333333333333333,2.8,0
L10-M2,123,122,2,2,4,7 8 23 24,1,0.5333333333333333,0.4666666666666667,0.9333333333333333,0
L10-M2,124,123,4,0,2,23 24,1,0.26666666666666666,0.7333333333333334,0.0,0
L10-M2,125,124,1,3,2,26 27,0,0.26666666666666666,-0.26666666666666666,-0.8,0
L10-M2,126,125,3,1,2,26 27,1,0.26666666666666666,0.7333333333333334,0.7333333333333334,0
L10-M2,127,126,1,3,0,,0,0.0,0.0,0.0,0
L10-M2,128,127,6,-2,0,,0,0.0,0.0,-0.0,0
L10-M2,129,128,6,-2,0,,0,0.0,0.0,-0.0,0
L10-M2,130,129,1,3,3,13 14 15,0,0.4,-0.4,-1.2000000000000002,0
L10-M2,131,130,5,-1,3,13 14 15,2,0.4,1.6,-1.6,0
L10-M2,132,131,7,-3,0,,0,0.0,0.0,-0.0,0
L10-M2,133,132,6,-2,0,,0,0.0,0.0,-0.0,0
L10-M2,134,133,3,1,0,,0,0.0,0.0,0.0,0
L10-M2,135,134,7,-3,0,,0,0.0,0.0,-0.0,0
L10-M2,136,135,3,1,2,1 2,1,0.26666666666666666,0.7333333333333334,0.7333333333333334,0
L10-M2,137,136,2,2,0,,0,0.0,0.0,0.0,0
L10-M2,138,137,3,1,4,32 33 43 44,0,0.5333333333333333,-0.5333333333333333,-0.5333333333333333,0
L10-M2,139,138,3,1,4,32 33 43 44,1,0.5333333333333333,0.4666666666666667,0.4666666666666667,0
L10-M2,140,139,3,1,2,32 33,0,0.26666666666666666,-0.26666666666666666,-0.26666666666666666,0
L10-M2,141,140,2,2,2,32 33,0,0.26666666666666666,-0.26666666666666666,-0.5333333333333333,0
L10-M2,142,141,1,3,2,32 33,0,0.26666666666666666,-0.26666666666666666,-0.8,0
L10-M2,143,142,3,1,2,32 33,0,0.26666666666666666,-0.26666666666666666,-0.26666666666666666,0
L10-M2,144,143,1,3,4,4 5 32 33,1,0.5333333333333333,0.4666666666666667,1.4,0
L10-M2,145,144,7,-3,4,23 24 32 33,0,0.5333333333333333,-0.5333333333333333,1.6,0
L10-M2,146,145,3,1,8,5 6 21 22 23 24 32 33,0,1.0666666666666667,-1.0666666666666667,-1.0666666666666667,0
L10-M2,147,146,3,1,8,5 6 21 22 23 24 32 33,2,1.0666666666666667,0.9333333333333333,0.9333333333333333,0
L10-M2,148,147,5,-1,6,22 23 24 25 32 33,2,0.8,1.2,-1.2,0
L10-M2,149,148,1,3,5,22 23 24 38 39,0,0.6666666666666666,-0.6666666666666666,-2.0,0
L10-M2,150,149,4,0,7,9 10 22 23 24 38 39,1,0.9333333333333333,0.06666666666666665,0.0,0
L10-M2,151,150,2,2,5,9 10 22 23 24,1,0.6666666666666666,0.33333333333333337,0.6666666666666667,0
L10-M2,152,151,5,-1,8,7 8 9 22 23 24 31 32,0,1.0666666666666667,-1.0666666666666667,1.0666666666666667,0
L10-M2,153,152,7,-3,9,7 8 9 22 23 24 30 31 32,1,1.2,-0.19999999999999996,0.5999999999999999,0
L10-M2,154,153,6,-2,6,22 23 24 30 31 32,0,0.8,-0.8,1.6,0
L10-M2,155,154,3,1,10,14 15 16 17 22 23 24 30 31 32,2,1.3333333333333333,0.6666666666666667,0.6666666666666667,0
L10-M2,156,155,1,3,9,14 15 22 23 24 30 31 43 44,1,1.2,-0.19999999999999996,-0.5999999999999999,0
L10-M2,157,156,1,3,7,14 15 22 23 24 43 44,0,0.9333333333333333,-0.9333333333333333,-2.8,0
L10-M2,158,157,6,-2,7,14 15 22 23 24 43 44,0,0.9333333333333333,-0.9333333333333333,1.8666666666666667,0
L10-M2,159,158,2,2,7,14 15 22 23 24 43 44,1,0.9333333333333333,0.06666666666666665,0.1333333333333333,0
L10-M2,160,159,4,0,5,14 15 22 23 24,0,0.6666666666666666,-0.6666666666666666,-0.0,0
L10-M2,161,160,1,3,8,14 15 22 23 24 25 37 38,1,1.0666666666666667,-0.06666666666666665,-0.19999999999999996,0
L10-M2,162,161,6,-2,7,14 15 23 24 25 37 38,2,0.9333333333333333,1.0666666666666667,-2.1333333333333333,0
L10-M2,163,162,4,0,4,14 15 23 24,0,0.5333333333333333,-0.5333333333333333,-0.0,0
L10-M2,164,163,3,1,4,14 15 23 24,0,0.5333333333333333,-0.5333333333333333,-0.5333333333333333,0
L10-M2,165,164,5,-1,4,14 15 23 24,0,0.5333333333333333,-0.5333333333333333,0.5333333333333333,0
L10-M2,166,165,6,-2,8,14 15 16 17 23 24 31 32,0,1.0666666666666667,-1.0666666666666667,2.1333333333333333,0
L10-M2,167,166,3,1,8,14 15 16 17 23 24 31 32,1,1.0666666666666667,-0.06666666666666665,-0.06666666666666665,0
L10-M2,168,167,1,3,7,14 15 16 17 31 32 33,1,0.9333333333333333,0.06666666666666665,0.19999999999999996,0
L10-M2,169,168,3,1,6,14 15 16 17 32 33,1,0.8,0.19999999999999996,0.19999999999999996,0
L10-M2,170,169,2,2,4,14 15 32 33,1,0.5333333333333333,0.4666666666666667,0.9333333333333333,0
L10-M2,171,170,2,2,2,32 33,0,0.26666666666666666,-0.26666666666666666,-0.5333333333333333,0
L10-M2,172,171,1,3,2,32 33,0,0.26666666666666666,-0.26666666666666666,-0.8,0
L10-M2,173,172,6,-2,2,32 33,1,0.26666666666666666,0.7333333333333334,-1.4666666666666668,0
L10-M2,174,173,3,1,2,7 8,0,0.26666666666666666,-0.26666666666666666,-0.26666666666666666,0
L10-M2,175,174,3,1,3,6 7 8,0,0.4,-0.4,-0.4,0
L10-M2,176,175,1,3,4,5 6 7 8,0,0.5333333333333333,-0.5333333333333333,-1.6,0
L10-M2,177,176,2,2,4,5 6 7 8,0,0.5333333333333333,-0.5333333333333333,-1.0666666666666667,0
L10-M2,178,177,2,2,4,5 6 7 8,1,0.5333333333333333,0.4666666666666667,0.9333333333333333,0
L10-M2,179,178,3,1,3,6 7 8,0,0.4,-0.4,-0.4,0
L10-M2,180,179,5,-1,5,6 7 8 44 45,0,0.6666666666666666,-0.6666666666666666,0.6666666666666666,0
L10-M2,181,180,5,-1,5,6 7 8 44 45,1,0.6666666666666666,0.33333333333333337,-0.33333333333333337,0
L10-M2,182,181,6,-2,3,6 7 8,0,0.4,-0.4,0.8,0
L10-M2,183,182,6,-2,5,6 7 8 41 42,1,0.6666666666666666,0.33333333333333337,-0.6666666666666667,0
L10-M2,184,183,2,2,3,6 7 8,1,0.4,0.6,1.2,0
L10-M2,185,184,7,-3,2,7 8,1,0.26666666666666666,0.7333333333333334,-2.2,0
L10-M2,186,185,5,-1,2,35 36,0,0.26666666666666666,-0.26666666666666666,0.26666666666666666,0
L10-M2,187,186,2,2,4,30 31 35 36,0,0.5333333333333333,-0.5333333333333333,-1.0666666666666667,0
L10-M2,188,187,7,-3,5,30 31 35 36 37,2,0.6666666666666666,1.3333333333333335,-4.0,0
L10-M2,189,188,7,-3,5,11 12 35 36 37,2,0.6666666666666666,1.3333333333333335,-4.0,0
L10-M2,190,189,3,1,6,11 12 25 26 43 44,1,0.8,0.19999999999999996,0.19999999999999996,0
L10-M2,191,190,3,1,4,11 12 25 26,1,0.5333333333333333,0.4666666666666667,0.4666666666666667,0
L10-M2,192,191,3,1,4,11 12 22 23,1,0.5333333333333333,0.4666666666666667,0.4666666666666667,0
L10-M2,193,192,5,-1,4,12 13 22 23,0,0.5333333333333333,-0.5333333333333333,0.5333333333333333,0
L10-M2,194,193,2,2,8,12 13 22 23 40 41 42 43,1,1.0666666666666667,-0.06666666666666665,-0.1333333333333333,0
L10-M2,195,194,5,-1,8,12 13 16 17 40 41 42 43,1,1.0666666666666667,-0.06666666666666665,0.06666666666666665,0
L10-M2,196,195,5,-1,7,12 13 16 17 41 42 43,1,0.9333333333333333,0.06666666666666665,-0.06666666666666665,0
L10-M2,197,196,1,3,6,12 13 16 17 42 43,3,0.8,2.2,6.6000000000000005,0
L10-M2,198,197,1,3,5,1 2 3 28 29,0,0.6666666666666666,-0.6666666666666666,-2.0,0
L10-M2,199,198,1,3,6,1 2 3 27 28 29,0,0.8,-0.8,-2.4000000000000004,0
L10-M2,200,199,7,-3,6,1 2 3 27 28 29,0,0.8,-0.8,2.4000000000000004,0
L10-M2,201,200,3,1,6,1 2 3 27 28 29,1,0.8,0.19999999999999996,0.19999999999999996,0
L10-M2,202,201,4,0,8,1 2 27 28 29 31 32 33,2,1.0666666666666667,0.9333333333333333,0.0,0
L10-M2,203,202,3,1,8,1 2 8 9 28 29 31 32,2,1.0666666666666667,0.9333333333333333,0.9333333333333333,0
L10-M2,204,203,3,1,4,8 9 28 29,0,0.5333333333333333,-0.5333333333333333,-0.5333333333333333,0
L10-M2,205,204,2,2,4,8 9 28 29,1,0.5333333333333333,0.4666666666666667,0.9333333333333333,0
L10-M2,206,205,5,-1,3,8 9 10,0,0.4,-0.4,0.4,0
L10-M2,207,206,7,-3,3,8 9 10,0,0.4,-0.4,1.2000000000000002,0
L10-M2,208,207,7,-3,6,7 8 9 10 42 43,0,0.8,-0.8,2.4000000000000004,0
L10-M2,209,208,2,2,9,7 8 9 10 18 19 41 42 43,2,1.2,0.8,1.6,0
L10-M2,210,209,7,-3,8,8 9 10 22 23 41 42 43,3,1.0666666666666667,1.9333333333333333,-5.8,0
L10-M2,211,210,7,-3,10,4 5 6 8 9 16 17 41 42 43,2,1.3333333333333333,0.6666666666666667,-2.0,0
L10-M2,212,211,1,3,7,4 5 6 8 9 42 43,0,0.9333333333333333,-0.9333333333333333,-2.8,0
L10-M2,213,212,1,3,10,4 5 6 8 9 26 27 28 42 43,2,1.3333333333333333,0.6666666666666667,2.0,0
L10-M2,214,213,7,-3,7,8 9 26 27 28 42 43,1,0.9333333333333333,0.06666666666666665,-0.19999999999999996,0
L10-M2,215,214,6,-2,6,8 9 26 27 42 43,1,0.8,0.19999999999999996,-0.3999999999999999,0
L10-M2,216,215,3,1,8,8 9 26 27 29 30 35 36,1,1.0666666666666667,-0.06666666666666665,-0.06666666666666665,0
L10-M2,217,216,1,3,6,8 9 26 27 29 30,1,0.8,0.19999999999999996,0.5999999999999999,0
L10-M2,218,217,6,-2,4,8 9 29 30,2,0.5333333333333333,1.4666666666666668,-2.9333333333333336,0
L10-M2,219,218,5,-1,0,,0,0.0,0.0,-0.0,0
L10-M2,220,219,3,1,0,,0,0.0,0.0,0.0,0
L10-M2,221,220,5,-1,4,9 10 22 23,0,0.5333333333333333,-0.5333333333333333,0.5333333333333333,0
L10-M2,222,221,2,2,6,9 10 22 23 41 42,0,0.8,-0.8,-1.6,0
L10-M2,223,222,7,-3,11,9 10 12 13 22 23 30 31 32 41 42,0,1.4666666666666666,-1.4666666666666666,4.3999999999999995,0
L10-M2,224,223,7,-3,12,9 10 12 13 22 23 24 30 31 32 41 42,2,1.6,0.3999999999999999,-1.1999999999999997,0
L10-M2,225,224,2,2,10,9 10 12 13 22 23 24 25 31 32,2,1.3333333333333333,0.6666666666666667,1.3333333333333335,0
L10-M2,226,225,2,2,6,9 10 22 23 24 25,1,0.8,0.19999999999999996,0.3999999999999999,0
L10-M2,227,226,7,-3,5,9 10 23 24 25,0,0.6666666666666666,-0.6666666666666666,2.0,0
L10-M2,228,227,1,3,5,9 10 23 24 25,1,0.6666666666666666,0.33333333333333337,1.0,0
L10-M2,229,228,2,2,4,9 10 23 24,2,0.5333333333333333,1.4666666666666668,2.9333333333333336,0
L10-M2,230,229,6,-2,0,,0,0.0,0.0,-0.0,0
L10-M2,231,230,3,1,0,,0,0.0,0.0,0.0,0
L10-M2,232,231,4,0,2,40 41,0,0.26666666666666666,-0.26666666666666666,-0.0,0
L10-M2,233,232,6,-2,2,40 41,1,0.26666666666666666,0.7333333333333334,-1.4666666666666668,0
L10-M2,234,233,6,-2,0,,0,0.0,0.0,-0.0,0
L10-M2,235,234,1,3,0,,0,0.0,0.0,0.0,0
L10-M2,236,235,1,3,0,,0,0.0,0.0,0.0,0
L10-M2,237,236,3,1,2,2 3,0,0.26666666666666666,-0.26666666666666666,-0.26666666666666666,0
L10-M2,238,237,6,-2,7,2 3 15 16 41 42 43,2,0.9333333333333333,1.0666666666666667,-2.1333333333333333,0
L10-M2,239,238,7,-3,5,35 36 41 42 43,1,0.6666666666666666,0.33333333333333337,-1.0,0
L10-M2,240,239,1,3,4,35 36 42 43,1,0.5333333333333333,0.4666666666666667,1.4,0
L10-M2,241,240,4,0,6,29 30 32 33 35 36,1,0.8,0.19999999999999996,0.0,0
L10-M2,242,241,3,1,7,18 19 20 29 30 32 33,3,0.9333333333333333,2.0666666666666664,2.0666666666666664,0
L10-M2,243,242,7,-3,2,29 30,0,0.26666666666666666,-0.26666666666666666,0.8,0
L10-M2,244,243,6,-2,2,29 30,0,0.26666666666666666,-0.26666666666666666,0.5333333333333333,0
L10-M2,245,244,3,1,2,29 30,0,0.26666666666666666,-0.26666666666666666,-0.26666666666666666,0
L10-M2,246,245,3,1,4,22 23 29 30,1,0.5333333333333333,0.4666666666666667,0.4666666666666667,0
L10-M2,247,246,2,2,4,7 8 29 30,0,0.5333333333333333,-0.5333333333333333,-1.0666666666666667,0
L10-M2,248,247,2,2,4,7 8 29 30,1,0.5333333333333333,0.4666666666666667,0.9333333333333333,0
L10-M2,249,248,3,1,2,29 30,0,0.26666666666666666,-0.26666666666666666,-0.26666666666666666,0
L10-M2,250,249,3,1,2,29 30,1,0.26666666666666666,0.7333333333333334,0.7333333333333334,0
L10-M2,251,250,5,-1,3,5 6 7,2,0.4,1.6,-1.6,0
L10-M2,252,251,7,-3,0,,0,0.0,0.0,-0.0,0
L10-M2,253,252,4,0,5,4 5 33 34 35,1,0.6666666666666666,0.33333333333333337,0.0,0
L10-M2,254,253,5,-1,4,1 2 4 5,2,0.5333333333333333,1.4666666666666668,-1.4666666666666668,0
L10-M2,255,254,6,-2,0,,0,0.0,0.0,-0.0,0
L10-M2,256,255,6,-2,5,9 10 11 32 33,1,0.6666666666666666,0.33333333333333337,-0.6666666666666667,0
L10-M2,257,256,6,-2,4,9 10 32 33,1,0.5333333333333333,0.4666666666666667,-0.9333333333333333,0
L10-M2,258,257,1,3,4,9 10 15 16,0,0.5333333333333333,-0.5333333333333333,-1.6,0
L10-M2,259,258,2,2,6,9 10 15 16 17 18,0,0.8,-0.8,-1.6,0
L10-M2,260,259,4,0,8,2 3 9 10 15 16 17 18,1,1.0666666666666667,-0.06666666666666665,-0.0,0
L10-M2,261,260,7,-3,7,2 3 9 10 16 17 18,2,0.9333333333333333,1.0666666666666667,-3.2,0
L10-M2,262,261,1,3,6,2 3 9 10 28 29,2,0.8,1.2,3.5999999999999996,0
L10-M2,263,262,7,-3,2,2 3,0,0.26666666666666666,-0.26666666666666666,0.8,0
L10-M2,264,263,2,2,4,2 3 33 34,0,0.5333333333333333,-0.5333333333333333,-1.0666666666666667,0
L10-M2,265,264,1,3,6,2 3 19 20 33 34,1,0.8,0.19999999999999996,0.5999999999999999,0
L10-M2,266,265,3,1,4,2 3 19 20,1,0.5333333333333333,0.4666666666666667,0.4666666666666667,0
L10-M2,267,266,6,-2,3,19 20 21,0,0.4,-0.4,0.8,0
L10-M2,268,267,1,3,3,19 20 21,1,0.4,0.6,1.7999999999999998,0
L10-M2,269,268,3,1,2,20 21,1,0.26666666666666666,0.7333333333333334,0.7333333333333334,0
L10-M2,270,269,4,0,2,13 14,0,0.26666666666666666,-0.26666666666666666,-0.0,0
L10-M2,271,270,7,-3,3,13 14 15,0,0.4,-0.4,1.2000000000000002,0
L10-M2,272,271,6,-2,3,13 14 15,0,0.4,-0.4,0.8,0
L10-M2,273,272,5,-1,5,13 14 15 30 31,1,0.6666666666666666,0.33333333333333337,-0.33333333333333337,0
L10-M2,274,273,2,2,3,13 14 15,3,0.4,2.6,5.2,0
L10-M2,275,274,4,0,2,16 17,0,0.26666666666666666,-0.26666666666666666,-0.0,0
L10-M2,276,275,4,0,2,16 17,0,0.26666666666666666,-0.26666666666666666,-0.0,0
L10-M2,277,276,4,0,4,16 17 22 23,0,0.5333333333333333,-0.5333333333333333,-0.0,0
L10-M2,278,277,5,-1,4,16 17 22 23,0,0.5333333333333333,-0.5333333333333333,0.5333333333333333,0
L10-M2,279,278,3,1,4,16 17 22 23,1,0.5333333333333333,0.4666666666666667,0.4666666666666667,0
L10-M2,280,279,2,2,4,17 18 22 23,1,0.5333333333333333,0.4666666666666667,0.9333333333333333,0
L10-M2,281,280,5,-1,4,5 6 17 18,1,0.5333333333333333,0.4666666666666667,-0.4666666666666667,0
L10-M2,282,281,5,-1,2,17 18,1,0.26666666666666666,0.7333333333333334,-0.7333333333333334,0
L10-M2,283,282,5,-1,2,27 28,0,0.26666666666666666,-0.26666666666666666,0.26666666666666666,0
L10-M2,284,283,6,-2,2,27 28,0,0.26666666666666666,-0.26666666666666666,0.5333333333333333,0
L10-M2,285,284,5,-1,3,26 27 28,0,0.4,-0.4,0.4,0
L10-M2,286,285,1,3,7,19 20 26 27 28 34 35,1,0.9333333333333333,0.06666666666666665,0.19999999999999996,0
L10-M2,287,286,3,1,8,20 21 22 26 27 28 34 35,2,1.0666666666666667,0.9333333333333333,0.9333333333333333,0
L10-M2,288,287,7,-3,7,20 21 22 25 26 28 29,1,0.9333333333333333,0.06666666666666665,-0.19999999999999996,0
L10-M2,289,288,2,2,5,20 21 22 25 26,0,0.6666666666666666,-0.6666666666666666,-1.3333333333333333,0
L10-M2,290,289,2,2,5,20 21 22 25 26,0,0.6666666666666666,-0.6666666666666666,-1.3333333333333333,0
L10-M2,291,290,1,3,6,20 21 22 23 25 26,1,0.8,0.19999999999999996,0.5999999999999999,0
L10-M2,292,291,7,-3,5,21 22 23 25 26,0,0.6666666666666666,-0.6666666666666666,2.0,0
L10-M2,293,292,1,3,10,4 5 9 10 11 21 22 23 25 26,2,1.3333333333333333,0.6666666666666667,2.0,0
L10-M2,294,293,5,-1,8,4 5 10 11 22 23 25 26,1,1.0666666666666667,-0.06666666666666665,0.06666666666666665,0
L10-M2,295,294,7,-3,6,4 5 22 23 25 26,1,0.8,0.19999999999999996,-0.5999999999999999,0
L10-M2,296,295,3,1,4,22 23 25 26,0,0.5333333333333333,-0.5333333333333333,-0.5333333333333333,0
L10-M2,297,296,6,-2,6,22 23 25 26 43 44,0,0.8,-0.8,1.6,0
L10-M2,298,297,7,-3,7,22 23 24 25 26 43 44,0,0.9333333333333333,-0.9333333333333333,2.8,0
L10-M2,299,298,3,1,9,22 23 24 25 26 35 36 43 44,2,1.2,0.8,0.8,0
L10-M2,300,299,4,0,5,22 23 24 43 44,0,0.6666666666666666,-0.6666666666666666,-0.0,0
L10-M2,301,300,7,-3,7,13 14 22 23 24 43 44,2,0.9333333333333333,1.0666666666666667,-3.2,0
L10-M2,302,301,4,0,5,22 23 24 41 42,1,0.6666666666666666,0.33333333333333337,0.0,0
L10-M2,303,302,1,3,5,22 23 24 34 35,0,0.6666666666666666,-0.6666666666666666,-2.0,0
L10-M2,304,303,6,-2,6,21 22 23 24 34 35,0,0.8,-0.8,1.6,0
L10-M2,305,304,6,-2,6,21 22 23 24 34 35,2,0.8,1.2,-2.4,0
L10-M2,306,305,3,1,2,34 35,1,0.26666666666666666,0.7333333333333334,0.7333333333333334,0
L10-M2,307,306,3,1,0,,0,0.0,0.0,0.0,0
L10-M2,308,307,2,2,0,,0,0.0,0.0,0.0,0
L10-M2,309,308,6,-2,3,27 28 29,0,0.4,-0.4,0.8,0
L10-M2,310,309,6,-2,3,27 28 29,1,0.4,0.6,-1.2,0
L10-M2,311,310,3,1,0,,0,0.0,0.0,0.0,0
L10-M2,312,311,2,2,2,43 44,0,0.26666666666666666,-0.26666666666666666,-0.5333333333333333,0
L10-M2,313,312,7,-3,3,42 43 44,1,0.4,0.6,-1.7999999999999998,0
L10-M2,314,313,1,3,0,,0,0.0,0.0,0.0,0
L10-M2,315,314,1,3,0,,0,0.0,0.0,0.0,0
L10-M2,316,315,3,1,4,7 8 39 40,1,0.5333333333333333,0.4666666666666667,0.4666666666666667,0
L10-M2,317,316,7,-3,4,7 8 29 30,0,0.5333333333333333,-0.5333333333333333,1.6,0
L10-M2,318,317,2,2,6,7 8 25 26 29 30,0,0.8,-0.8,-1.6,0
L10-M2,319,318,5,-1,6,7 8 25 26 29 30,1,0.8,0.19999999999999996,-0.19999999999999996,0
L10-M2,320,319,6,-2,4,25 26 29 30,1,0.5333333333333333,0.4666666666666667,-0.9333333333333333,0
L10-M2,321,320,1,3,2,29 30,0,0.26666666666666666,-0.26666666666666666,-0.8,0
L10-M2,322,321,7,-3,2,29 30,1,0.26666666666666666,0.7333333333333334,-2.2,0
L10-M2,323,322,3,1,2,6 7,0,0.26666666666666666,-0.26666666666666666,-0.26666666666666666,0
L10-M2,324,323,1,3,2,6 7,0,0.26666666666666666,-0.26666666666666666,-0.8,0
L10-M2,325,324,3,1,2,6 7,1,0.26666666666666666,0.7333333333333334,0.7333333333333334,0
L10-M2,326,325,5,-1,0,,0,0.0,0.0,-0.0,0
L10-M2,327,326,7,-3,4,26 27 30 31,0,0.5333333333333333,-0.5333333333333333,1.6,0
L10-M2,328,327,5,-1,4,26 27 30 31,0,0.5333333333333333,-0.5333333333333333,0.5333333333333333,0
L10-M2,329,328,6,-2,4,26 27 30 31,1,0.5333333333333333,0.4666666666666667,-0.9333333333333333,0
L10-M2,330,329,1,3,2,26 27,0,0.26666666666666666,-0.26666666666666666,-0.8,0
L10-M2,331,330,7,-3,4,26 27 40 41,1,0.5333333333333333,0.4666666666666667,-1.4,0
L10-M2,332,331,6,-2,2,40 41,0,0.26666666666666666,-0.26666666666666666,0.5333333333333333,0
L10-M2,333,332,1,3,4,37 38 40 41,0,0.5333333333333333,-0.5333333333333333,-1.6,0
L10-M2,334,333,5,-1,6,10 11 37 38 40 41,0,0.8,-0.8,0.8,0
L10-M2,335,334,5,-1,6,10 11 37 38 40 41,0,0.8,-0.8,0.8,0
L10-M2,336,335,4,0,8,7 8 10 11 37 38 40 41,0,1.0666666666666667,-1.0666666666666667,-0.0,0
L10-M2,337,336,3,1,10,7 8 10 11 24 25 37 38 40 41,1,1.3333333333333333,-0.33333333333333326,-0.33333333333333326,0
L10-M2,338,337,2,2,9,7 8 10 11 12 24 25 40 41,0,1.2,-1.2,-2.4,0
L10-M2,339,338,3,1,10,6 7 8 10 11 12 24 25 40 41,2,1.3333333333333333,0.6666666666666667,0.6666666666666667,0
L10-M2,340,339,7,-3,7,10 11 12 24 25 40 41,1,0.9333333333333333,0.06666666666666665,-0.19999999999999996,0
L10-M2,341,340,5,-1,5,10 11 12 40 41,0,0.6666666666666666,-0.6666666666666666,0.6666666666666666,0
L10-M2,342,341,6,-2,5,10 11 12 40 41,0,0.6666666666666666,-0.6666666666666666,1.3333333333333333,0
L10-M2,343,342,4,0,5,10 11 12 40 41,1,0.6666666666666666,0.33333333333333337,0.0,0
L10-M2,344,343,3,1,6,11 12 27 28 40 41,1,0.8,0.19999999999999996,0.19999999999999996,0
L10-M2,345,344,6,-2,4,11 12 40 41,0,0.5333333333333333,-0.5333333333333333,1.0666666666666667,0
L10-M2,346,345,1,3,4,11 12 40 41,0,0.5333333333333333,-0.5333333333333333,-1.6,0
L10-M2,347,346,5,-1,8,3 4 11 12 35 36 40 41,1,1.0666666666666667,-0.06666666666666665,0.06666666666666665,0
L10-M2,348,347,3,1,6,11 12 35 36 40 41,0,0.8,-0.8,-0.8,0
L10-M2,349,348,7,-3,6,11 12 35 36 40 41,0,0.8,-0.8,2.4000000000000004,0
L10-M2,350,349,7,-3,9,6 7 11 12 35 36 37 40 41,0,1.2,-1.2,3.5999999999999996,0
L10-M2,351,350,7,-3,10,6 7 11 12 35 36 37 38 40 41,1,1.3333333333333333,-0.33333333333333326,0.9999999999999998,0
L10-M2,352,351,5,-1,8,6 7 11 12 37 38 40 41,1,1.0666666666666667,-0.06666666666666665,0.06666666666666665,0
L10-M2,353,352,5,-1,6,6 7 11 12 37 38,1,0.8,0.19999999999999996,-0.19999999999999996,0
L10-M2,354,353,5,-1,6,6 7 9 10 37 38,0,0.8,-0.8,0.8,0
L10-M2,355,354,1,3,6,6 7 9 10 37 38,0,0.8,-0.8,-2.4000000000000004,0
L10-M2,356,355,6,-2,8,6 7 9 10 37 38 39 40,0,1.0666666666666667,-1.0666666666666667,2.1333333333333333,0
L10-M2,357,356,4,0,8,6 7 9 10 37 38 39 40,2,1.0666666666666667,0.9333333333333333,0.0,0
L10-M2,358,357,1,3,5,6 7 38 39 40,1,0.6666666666666666,0.33333333333333337,1.0,0
L10-M2,359,358,6,-2,8,3 4 6 7 31 32 38 39,0,1.0666666666666667,-1.0666666666666667,2.1333333333333333,0
L10-M2,360,359,5,-1,8,3 4 6 7 31 32 38 39,1,1.0666666666666667,-0.06666666666666665,0.06666666666666665,0
L10-M2,361,360,5,-1,7,6 7 31 32 33 38 39,0,0.9333333333333333,-0.9333333333333333,0.9333333333333333,0
L10-M2,362,361,6,-2,8,6 7 31 32 33 34 38 39,0,1.0666666666666667,-1.0666666666666667,2.1333333333333333,0
L10-M2,363,362,5,-1,10,6 7 31 32 33 34 38 39 41 42,2,1.3333333333333333,0.6666666666666667,-0.6666666666666667,0
L10-M2,364,363,1,3,6,6 7 33 34 41 42,1,0.8,0.19999999999999996,0.5999999999999999,0
L10-M2,365,364,2,2,5,33 34 41 42 43,0,0.6666666666666666,-0.6666666666666666,-1.3333333333333333,0
L10-M2,366,365,7,-3,6,33 34 41 42 43 44,1,0.8,0.19999999999999996,-0.5999999999999999,0
L10-M2,367,366,6,-2,7,28 29 33 34 41 42 43,1,0.9333333333333333,0.06666666666666665,-0.1333333333333333,0
L10-M2,368,367,2,2,9,17 18 33 34 36 37 41 42 43,0,1.2,-1.2,-2.4,0
L10-M2,369,368,4,0,11,8 9 17 18 33 34 36 37 41 42 43,4,1.4666666666666666,2.533333333333333,0.0,0
L10-M2,370,369,3,1,4,8 9 33 34,0,0.5333333333333333,-0.5333333333333333,-0.5333333333333333,0
L10-M2,371,370,2,2,4,8 9 33 34,1,0.5333333333333333,0.4666666666666667,0.9333333333333333,0
L10-M2,372,371,4,0,2,33 34,0,0.26666666666666666,-0.26666666666666666,-0.0,0
L10-M2,373,372,3,1,2,33 34,0,0.26666666666666666,-0.26666666666666666,-0.26666666666666666,0
L10-M2,374,373,1,3,2,33 34,1,0.26666666666666666,0.7333333333333334,2.2,0
L10-M2,375,374,6,-2,2,1 2,0,0.26666666666666666,-0.26666666666666666,0.5333333333333333,0
L10-M2,376,375,2,2,2,1 2,1,0.26666666666666666,0.7333333333333334,1.4666666666666668,0
L10-M2,377,376,2,2,2,5 6,1,0.26666666666666666,0.7333333333333334,1.4666666666666668,0
L10-M2,378,377,3,1,5,2 3 31 32 33,1,0.6666666666666666,0.33333333333333337,0.33333333333333337,0
L10-M2,379,378,7,-3,4,2 3 32 33,0,0.5333333333333333,-0.5333333333333333,1.6,0
L10-M2,380,379,3,1,4,2 3 32 33,1,0.5333333333333333,0.4666666666666667,0.4666666666666667,0
L10-M2,381,380,6,-2,2,32 33,0,0.26666666666666666,-0.26666666666666666,0.5333333333333333,0
L10-M2,382,381,4,0,2,32 33,0,0.26666666666666666,-0.26666666666666666,-0.0,0
L10-M2,383,382,3,1,2,32 33,1,0.26666666666666666,0.7333333333333334,0.7333333333333334,0
L10-M2,384,383,3,1,0,,0,0.0,0.0,0.0,0
L10-M2,385,384,1,3,0,,0,0.0,0.0,0.0,0
L10-M2,386,385,2,2,0,,0,0.0,0.0,0.0,0
L10-M2,387,386,5,-1,2,13 14,0,0.26666666666666666,-0.26666666666666666,0.26666666666666666,0
L10-M2,388,387,2,2,4,13 14 44 45,0,0.5333333333333333,-0.5333333333333333,-1.0666666666666667,0
L10-M2,389,388,7,-3,4,13 14 44 45,0,0.5333333333333333,-0.5333333333333333,1.6,0
L10-M2,390,389,1,3,4,13 14 44 45,0,0.5333333333333333,-0.5333333333333333,-1.6,0
L10-M2,391,390,1,3,6,2 3 13 14 44 45,0,0.8,-0.8,-2.4000000000000004,0
L10-M2,392,391,6,-2,8,2 3 5 6 13 14 44 45,1,1.0666666666666667,-0.06666666666666665,0.1333333333333333,0
L10-M2,393,392,7,-3,6,5 6 13 14 44 45,0,0.8,-0.8,2.4000000000000004,0
L10-M2,394,393,3,1,7,5 6 13 14 15 44 45,1,0.9333333333333333,0.06666666666666665,0.06666666666666665,0
L10-M2,395,394,3,1,8,5 6 14 15 35 36 44 45,2,1.0666666666666667,0.9333333333333333,0.9333333333333333,0
L10-M2,396,395,1,3,4,5 6 44 45,1,0.5333333333333333,0.4666666666666667,1.4,0
L10-M2,397,396,3,1,3,4 5 6,0,0.4,-0.4,-0.4,0
L10-M2,398,397,1,3,3,4 5 6,0,0.4,-0.4,-1.2000000000000002,0
L10-M2,399,398,1,3,5,4 5 6 29 30,0,0.6666666666666666,-0.6666666666666666,-2.0,0
L10-M2,400,399,6,-2,5,4 5 6 29 30,0,0.6666666666666666,-0.6666666666666666,1.3333333333333333,0
L10-M2,401,400,1,3,8,4 5 6 29 30 36 37 38,2,1.0666666666666667,0.9333333333333333,2.8,0
L10-M2,402,401,2,2,6,4 5 29 30 36 37,2,0.8,1.2,2.4,0
L10-M2,403,402,6,-2,6,3 4 7 8 29 30,0,0.8,-0.8,1.6,0
L10-M2,404,403,5,-1,6,3 4 7 8 29 30,0,0.8,-0.8,0.8,0
L10-M2,405,404,6,-2,6,3 4 7 8 29 30,0,0.8,-0.8,1.6,0
L10-M2,406,405,3,1,6,3 4 7 8 29 30,1,0.8,0.19999999999999996,0.19999999999999996,0
L10-M2,407,406,7,-3,4,3 4 29 30,0,0.5333333333333333,-0.5333333333333333,1.6,0
L10-M2,408,407,1,3,4,3 4 29 30,1,0.5333333333333333,0.4666666666666667,1.4,0
L10-M2,409,408,2,2,2,3 4,0,0.26666666666666666,-0.26666666666666666,-0.5333333333333333,0
L10-M2,410,409,6,-2,2,3 4,1,0.26666666666666666,0.7333333333333334,-1.4666666666666668,0
L10-M2,411,410,3,1,2,34 35,1,0.26666666666666666,0.7333333333333334,0.7333333333333334,0
L10-M2,412,411,1,3,2,42 43,1,0.26666666666666666,0.7333333333333334,2.2,0
L10-M2,413,412,4,0,0,,0,0.0,0.0,0.0,0
L10-M2,414,413,2,2,2,28 29,0,0.26666666666666666,-0.26666666666666666,-0.5333333333333333,0
L10-M2,415,414,6,-2,2,28 29,0,0.26666666666666666,-0.26666666666666666,0.5333333333333333,0
L10-M2,416,415,4,0,2,28 29,0,0.26666666666666666,-0.26666666666666666,-0.0,0
L10-M2,417,416,7,-3,3,27 28 29,0,0.4,-0.4,1.2000000000000002,0
L10-M2,418,417,7,-3,7,12 13 24 25 27 28 29,2,0.9333333333333333,1.0666666666666667,-3.2,0
L10-M2,419,418,6,-2,2,24 25,0,0.26666666666666666,-0.26666666666666666,0.5333333333333333,0
L10-M2,420,419,2,2,2,24 25,0,0.26666666666666666,-0.26666666666666666,-0.5333333333333333,0
L10-M2,421,420,4,0,6,18 19 24 25 32 33,0,0.8,-0.8,-0.0,0
L10-M2,422,421,6,-2,10,18 19 24 25 32 33 35 36 37 38,1,1.3333333333333333,-0.33333333333333326,0.6666666666666665,0
L10-M2,423,422,2,2,11,24 25 32 33 35 36 37 38 39 41 42,0,1.4666666666666666,-1.4666666666666666,-2.933333333333333,0
L10-M2,424,423,2,2,11,24 25 32 33 35 36 37 38 39 41 42,0,1.4666666666666666,-1.4666666666666666,-2.933333333333333,0
L10-M2,425,424,4,0,12,23 24 25 32 33 35 36 37 38 39 41 42,2,1.6,0.3999999999999999,0.0,0
L10-M2,426,425,1,3,8,23 24 25 35 36 37 41 42,0,1.0666666666666667,-1.0666666666666667,-3.2,0
L10-M2,427,426,4,0,8,23 24 25 35 36 37 41 42,1,1.0666666666666667,-0.06666666666666665,-0.0,0
L10-M2,428,427,4,0,7,22 23 35 36 37 41 42,2,0.9333333333333333,1.0666666666666667,0.0,0
L10-M2,429,428,1,3,4,35 36 41 42,1,0.5333333333333333,0.4666666666666667,1.4,0
L10-M2,430,429,2,2,2,35 36,0,0.26666666666666666,-0.26666666666666666,-0.5333333333333333,0
L10-M2,431,430,7,-3,2,35 36,0,0.26666666666666666,-0.26666666666666666,0.8,0
L10-M2,432,431,1,3,2,35 36,0,0.26666666666666666,-0.26666666666666666,-0.8,0
L10-M2,433,432,6,-2,4,20 21 35 36,1,0.5333333333333333,0.4666666666666667,-0.9333333333333333,0
L10-M2,434,433,3,1,2,20 21,1,0.26666666666666666,0.7333333333333334,0.7333333333333334,0
L10-M2,435,434,6,-2,0,,0,0.0,0.0,-0.0,0
L10-M2,436,435,6,-2,2,9 10,1,0.26666666666666666,0.7333333333333334,-1.4666666666666668,0
L10-M2,437,436,5,-1,0,,0,0.0,0.0,-0.0,0
L10-M2,438,437,3,1,2,6 7,1,0.26666666666666666,0.7333333333333334,0.7333333333333334,0
L10-M2,439,438,7,-3,0,,0,0.0,0.0,-0.0,0
L10-M2,440,439,3,1,0,,0,0.0,0.0,0.0,0
L10-M2,441,440,1,3,0,,0,0.0,0.0,0.0,0
L10-M2,442,441,2,2,0,,0,0.0,0.0,0.0,0
L10-M2,443,442,7,-3,2,4 5,1,0.26666666666666666,0.7333333333333334,-2.2,0
L10-M2,444,443,4,0,2,42 43,1,0.26666666666666666,0.7333333333333334,0.0,0
L10-M2,445,444,3,1,2,2 3,0,0.26666666666666666,-0.26666666666666666,-0.26666666666666666,0
L10-M2,446,445,5,-1,4,2 3 7 8,0,0.5333333333333333,-0.5333333333333333,0.5333333333333333,0
L10-M2,447,446,2,2,7,2 3 7 8 9 32 33,5,0.9333333333333333,4.066666666666666,8.133333333333333,0
L10-M2,448,447,7,-3,4,15 16 41 42,1,0.5333333333333333,0.4666666666666667,-1.4,0
L10-M2,449,448,5,-1,2,15 16,0,0.26666666666666666,-0.26666666666666666,0.26666666666666666,0
L10-M2,450,449,6,-2,4,15 16 31 32,1,0.5333333333333333,0.4666666666666667,-0.9333333333333333,0
L10-M2,451,450,2,2,2,15 16,1,0.26666666666666666,0.7333333333333334,1.4666666666666668,0
L10-M2,452,451,5,-1,0,,0,0.0,0.0,-0.0,0
L10-M2,453,452,4,0,4,28 29 36 37,0,0.5333333333333333,-0.5333333333333333,-0.0,0
L10-M2,454,453,3,1,6,4 5 28 29 36 37,0,0.8,-0.8,-0.8,0
L10-M2,455,454,1,3,6,4 5 28 29 36 37,1,0.8,0.19999999999999996,0.5999999999999999,0
L10-M2,456,455,4,0,6,28 29 36 37 44 45,0,0.8,-0.8,-0.0,0
L10-M2,457,456,7,-3,6,28 29 36 37 44 45,0,0.8,-0.8,2.4000000000000004,0
L10-M2,458,457,6,-2,8,16 17 28 29 36 37 44 45,1,1.0666666666666667,-0.06666666666666665,0.1333333333333333,0
L10-M2,459,458,4,0,6,16 17 28 29 44 45,0,0.8,-0.8,-0.0,0
L10-M2,460,459,4,0,9,2 3 16 17 28 29 43 44 45,3,1.2,1.8,0.0,0
L10-M2,461,460,5,-1,6,2 3 16 17 21 22,0,0.8,-0.8,0.8,0
L10-M2,462,461,7,-3,7,2 3 15 16 17 21 22,1,0.9333333333333333,0.06666666666666665,-0.19999999999999996,0
L10-M2,463,462,2,2,5,15 16 17 21 22,0,0.6666666666666666,-0.6666666666666666,-1.3333333333333333,0
L10-M2,464,463,6,-2,5,15 16 17 21 22,1,0.6666666666666666,0.33333333333333337,-0.6666666666666667,0
L10-M2,465,464,1,3,6,16 17 21 22 38 39,2,0.8,1.2,3.5999999999999996,0
L10-M2,466,465,6,-2,2,16 17,0,0.26666666666666666,-0.26666666666666666,0.5333333333333333,0
L10-M2,467,466,4,0,2,16 17,1,0.26666666666666666,0.7333333333333334,0.0,0
L10-M2,468,467,6,-2,0,,0,0.0,0.0,-0.0,0
L10-M2,469,468,4,0,2,35 36,0,0.26666666666666666,-0.26666666666666666,-0.0,0
L10-M2,470,469,4,0,2,35 36,0,0.26666666666666666,-0.26666666666666666,-0.0,0
L10-M2,471,470,4,0,2,35 36,0,0.26666666666666666,-0.26666666666666666,-0.0,0
L10-M2,472,471,7,-3,7,18 19 25 26 27 35 36,3,0.9333333333333333,2.0666666666666664,-6.199999999999999,0
L10-M2,473,472,7,-3,2,18 19,0,0.26666666666666666,-0.26666666666666666,0.8,0
L10-M2,474,473,6,-2,2,18 19,1,0.26666666666666666,0.7333333333333334,-1.4666666666666668,0
L10-M2,475,474,6,-2,0,,0,0.0,0.0,-0.0,0
L10-M2,476,475,2,2,0,,0,0.0,0.0,0.0,0
L10-M2,477,476,5,-1,0,,0,0.0,0.0,-0.0,0
L10-M2,478,477,6,-2,2,2 3,0,0.26666666666666666,-0.26666666666666666,0.5333333333333333,0
L10-M2,479,478,1,3,4,2 3 27 28,1,0.5333333333333333,0.4666666666666667,1.4,0
L10-M2,480,479,3,1,2,2 3,1,0.26666666666666666,0.7333333333333334,0.7333333333333334,0
L10-M2,481,480,4,0,0,,0,0.0,0.0,0.0,0
L10-M2,482,481,3,1,2,6 7,0,0.26666666666666666,-0.26666666666666666,-0.26666666666666666,0
L10-M2,483,482,7,-3,2,6 7,0,0.26666666666666666,-0.26666666666666666,0.8,0
L10-M2,484,483,1,3,2,6 7,0,0.26666666666666666,-0.26666666666666666,-0.8,0
L10-M2,485,484,3,1,2,6 7,0,0.26666666666666666,-0.26666666666666666,-0.26666666666666666,0
L10-M2,486,485,2,2,4,6 7 20 21,0,0.5333333333333333,-0.5333333333333333,-1.0666666666666667,0
L10-M2,487,486,7,-3,4,6 7 20 21,0,0.5333333333333333,-0.5333333333333333,1.6,0
L10-M2,488,487,3,1,6,6 7 13 14 20 21,0,0.8,-0.8,-0.8,0
L10-M2,489,488,4,0,8,6 7 13 14 20 21 42 43,1,1.0666666666666667,-0.06666666666666665,-0.0,0
L10-M2,490,489,4,0,7,6 7 13 14 42 43 44,2,0.9333333333333333,1.0666666666666667,0.0,0
L10-M2,491,490,6,-2,4,5 6 13 14,0,0.5333333333333333,-0.5333333333333333,1.0666666666666667,0
L10-M2,492,491,1,3,4,5 6 13 14,0,0.5333333333333333,-0.5333333333333333,-1.6,0
L10-M2,493,492,7,-3,7,5 6 9 10 11 13 14,0,0.9333333333333333,-0.9333333333333333,2.8,0
L10-M2,494,493,3,1,10,5 6 9 10 11 12 13 14 18 19,1,1.3333333333333333,-0.33333333333333326,-0.33333333333333326,0
L10-M2,495,494,5,-1,10,9 10 11 12 13 14 18 19 44 45,2,1.3333333333333333,0.6666666666666667,-0.6666666666666667,0
L10-M2,496,495,2,2,6,9 10 11 12 18 19,0,0.8,-0.8,-1.6,0
L10-M2,497,496,6,-2,8,9 10 11 12 18 19 23 24,3,1.0666666666666667,1.9333333333333333,-3.8666666666666667,0
L10-M2,498,497,1,3,4,9 10 11 12,0,0.5333333333333333,-0.5333333333333333,-1.6,0
L10-M2,499,498,1,3,4,9 10 11 12,0,0.5333333333333333,-0.5333333333333333,-1.6,0
L10-M2,500,499,7,-3,4,9 10 11 12,1,0.5333333333333333,0.4666666666666667,-1.4,0
L10-M2,501,500,7,-3,5,1 2 9 10 11,2,0.6666666666666666,1.3333333333333335,-4.0,0
L10-M2,502,501,2,2,0,,0,0.0,0.0,0.0,0
L10-M2,503,502,3,1,0,,0,0.0,0.0,0.0,0
L10-M2,504,503,7,-3,4,25 26 37 38,1,0.5333333333333333,0.4666666666666667,-1.4,0
L10-M2,505,504,5,-1,7,7 8 9 15 16 37 38,2,0.9333333333333333,1.0666666666666667,-1.0666666666666667,0
L10-M2,506,505,7,-3,4,8 9 15 16,1,0.5333333333333333,0.4666666666666667,-1.4,0
L10-M2,507,506,7,-3,2,15 16,0,0.26666666666666666,-0.26666666666666666,0.8,0
L10-M2,508,507,1,3,4,15 16 18 19,0,0.5333333333333333,-0.5333333333333333,-1.6,0
L10-M2,509,508,6,-2,4,15 16 18 19,0,0.5333333333333333,-0.5333333333333333,1.0666666666666667,0
L10-M2,510,509,2,2,4,15 16 18 19,0,0.5333333333333333,-0.5333333333333333,-1.0666666666666667,0
L10-M2,511,510,7,-3,6,2 3 15 16 18 19,1,0.8,0.19999999999999996,-0.5999999999999999,0
L10-M2,512,511,5,-1,5,15 16 17 18 19,0,0.6666666666666666,-0.6666666666666666,0.6666666666666666,0
L10-M2,513,512,1,3,5,15 16 17 18 19,0,0.6666666666666666,-0.6666666666666666,-2.0,0
L10-M2,514,513,3,1,9,1 2 15 16 17 18 19 36 37,2,1.2,0.8,0.8,0
L10-M2,515,514,2,2,8,16 17 18 19 36 37 44 45,1,1.0666666666666667,-0.06666666666666665,-0.1333333333333333,0
L10-M2,516,515,2,2,6,16 17 18 19 44 45,1,0.8,0.19999999999999996,0.3999999999999999,0
L10-M2,517,516,4,0,4,16 17 18 19,0,0.5333333333333333,-0.5333333333333333,-0.0,0
L10-M2,518,517,3,1,4,16 17 18 19,0,0.5333333333333333,-0.5333333333333333,-0.5333333333333333,0
L10-M2,519,518,1,3,4,16 17 18 19,1,0.5333333333333333,0.4666666666666667,1.4,0
L10-M2,520,519,1,3,5,17 18 19 24 25,0,0.6666666666666666,-0.6666666666666666,-2.0,0
L10-M2,521,520,1,3,5,17 18 19 24 25,1,0.6666666666666666,0.33333333333333337,1.0,0
L10-M2,522,521,4,0,2,24 25,0,0.26666666666666666,-0.26666666666666666,-0.0,0
L10-M2,523,522,3,1,2,24 25,0,0.26666666666666666,-0.26666666666666666,-0.26666666666666666,0
L10-M2,524,523,3,1,2,24 25,0,0.26666666666666666,-0.26666666666666666,-0.26666666666666666,0
L10-M2,525,524,3,1,6,19 20 21 24 25 26,1,0.8,0.19999999999999996,0.19999999999999996,0
L10-M2,526,525,2,2,5,19 20 21 24 25,1,0.6666666666666666,0.33333333333333337,0.6666666666666667,0
L10-M2,527,526,5,-1,2,24 25,0,0.26666666666666666,-0.26666666666666666,0.26666666666666666,0
L10-M2,528,527,6,-2,2,24 25,1,0.26666666666666666,0.7333333333333334,-1.4666666666666668,0
L10-M2,529,528,2,2,0,,0,0.0,0.0,0.0,0
L10-M2,530,529,6,-2,4,8 9 15 16,1,0.5333333333333333,0.4666666666666667,-0.9333333333333333,0
L10-M2,531,530,2,2,2,8 9,1,0.26666666666666666,0.7333333333333334,1.4666666666666668,0
L10-M2,532,531,7,-3,2,2 3,0,0.26666666666666666,-0.26666666666666666,0.8,0
L10-M2,533,532,1,3,2,2 3,0,0.26666666666666666,-0.26666666666666666,-0.8,0
L10-M2,534,533,5,-1,5,2 3 4 36 37,1,0.6666666666666666,0.33333333333333337,-0.33333333333333337,0
L10-M2,535,534,5,-1,3,2 3 4,0,0.4,-0.4,0.4,0
L10-M2,536,535,6,-2,3,2 3 4,0,0.4,-0.4,0.8,0
L10-M2,537,536,3,1,3,2 3 4,0,0.4,-0.4,-0.4,0
L10-M2,538,537,1,3,3,2 3 4,0,0.4,-0.4,-1.2000000000000002,0
L10-M2,539,538,3,1,3,2 3 4,1,0.4,0.6,0.6,0
L10-M2,540,539,4,0,0,,0,0.0,0.0,0.0,0
L10-M2,541,540,4,0,2,40 41,0,0.26666666666666666,-0.26666666666666666,-0.0,0
L10-M2,542,541,7,-3,8,1 2 4 5 20 21 40 41,2,1.0666666666666667,0.9333333333333333,-2.8,0
L10-M2,543,542,5,-1,4,1 2 20 21,0,0.5333333333333333,-0.5333333333333333,0.5333333333333333,0
L10-M2,544,543,1,3,6,1 2 16 17 20 21,2,0.8,1.2,3.5999999999999996,0
L10-M2,545,544,2,2,2,1 2,0,0.26666666666666666,-0.26666666666666666,-0.5333333333333333,0
L10-M2,546,545,1,3,5,1 2 38 39 40,0,0.6666666666666666,-0.6666666666666666,-2.0,0
L10-M2,547,546,1,3,5,1 2 38 39 40,1,0.6666666666666666,0.33333333333333337,1.0,0
L10-M2,548,547,5,-1,4,1 2 29 30,1,0.5333333333333333,0.4666666666666667,-0.4666666666666667,0
L10-M2,549,548,4,0,5,9 10 11 29 30,1,0.6666666666666666,0.33333333333333337,0.0,0
L10-M2,550,549,1,3,3,9 10 11,0,0.4,-0.4,-1.2000000000000002,0
L10-M2,551,550,7,-3,5,2 3 9 10 11,1,0.6666666666666666,0.33333333333333337,-1.0,0
L10-M2,552,551,5,-1,3,9 10 11,1,0.4,0.6,-0.6,0
L10-M2,553,552,7,-3,2,41 42,0,0.26666666666666666,-0.26666666666666666,0.8,0
L10-M2,554,553,6,-2,4,18 19 41 42,2,0.5333333333333333,1.4666666666666668,-2.9333333333333336,0
L10-M2,555,554,1,3,2,18 19,0,0.26666666666666666,-0.26666666666666666,-0.8,0
L10-M2,556,555,2,2,4,4 5 18 19,0,0.5333333333333333,-0.5333333333333333,-1.0666666666666667,0
L10-M2,557,556,6,-2,6,4 5 8 9 18 19,1,0.8,0.19999999999999996,-0.3999999999999999,0
L10-M2,558,557,5,-1,6,8 9 15 16 18 19,2,0.8,1.2,-1.2,0
L10-M2,559,558,5,-1,2,8 9,0,0.26666666666666666,-0.26666666666666666,0.26666666666666666,0
L10-M2,560,559,3,1,2,8 9,0,0.26666666666666666,-0.26666666666666666,-0.26666666666666666,0
L10-M2,561,560,5,-1,6,8 9 33 34 37 38,1,0.8,0.19999999999999996,-0.19999999999999996,0
L10-M2,562,561,4,0,4,8 9 33 34,0,0.5333333333333333,-0.5333333333333333,-0.0,0
L10-M2,563,562,7,-3,5,8 9 10 33 34,1,0.6666666666666666,0.33333333333333337,-1.0,0
L10-M2,564,563,5,-1,8,2 3 8 9 33 34 38 39,1,1.0666666666666667,-0.06666666666666665,0.06666666666666665,0
L10-M2,565,564,1,3,6,2 3 8 9 38 39,0,0.8,-0.8,-2.4000000000000004,0
L10-M2,566,565,5,-1,8,2 3 8 9 21 22 38 39,0,1.0666666666666667,-1.0666666666666667,1.0666666666666667,0
L10-M2,567,566,6,-2,8,2 3 8 9 21 22 38 39,0,1.0666666666666667,-1.0666666666666667,2.1333333333333333,0
L10-M2,568,567,5,-1,10,2 3 8 9 21 22 35 36 38 39,1,1.3333333333333333,-0.33333333333333326,0.33333333333333326,0
L10-M2,569,568,6,-2,8,8 9 21 22 35 36 38 39,1,1.0666666666666667,-0.06666666666666665,0.1333333333333333,0
L10-M2,570,569,1,3,6,8 9 21 22 38 39,0,0.8,-0.8,-2.4000000000000004,0
L10-M2,571,570,7,-3,6,8 9 21 22 38 39,2,0.8,1.2,-3.5999999999999996,0
L10-M2,572,571,5,-1,5,7 8 9 36 37,1,0.6666666666666666,0.33333333333333337,-0.33333333333333337,0
L10-M2,573,572,1,3,3,7 8 9,0,0.4,-0.4,-1.2000000000000002,0
L10-M2,574,573,3,1,3,7 8 9,0,0.4,-0.4,-0.4,0
L10-M2,575,574,1,3,3,7 8 9,1,0.4,0.6,1.7999999999999998,0
L10-M2,576,575,2,2,2,39 40,0,0.26666666666666666,-0.26666666666666666,-0.5333333333333333,0
L10-M2,577,576,3,1,2,39 40,0,0.26666666666666666,-0.26666666666666666,-0.26666666666666666,0
L10-M2,578,577,5,-1,2,39 40,0,0.26666666666666666,-0.26666666666666666,0.26666666666666666,0
L10-M2,579,578,4,0,2,39 40,0,0.26666666666666666,-0.26666666666666666,-0.0,0
L10-M2,580,579,6,-2,4,23 24 39 40,0,0.5333333333333333,-0.5333333333333333,1.0666666666666667,0
L10-M2,581,580,6,-2,7,23 24 27 28 29 39 40,0,0.9333333333333333,-0.9333333333333333,1.8666666666666667,0
L10-M2,582,581,5,-1,9,23 24 26 27 28 29 38 39 40,1,1.2,-0.19999999999999996,0.19999999999999996,0
L10-M2,583,582,4,0,8,23 24 26 27 28 29 38 39,1,1.0666666666666667,-0.06666666666666665,-0.0,0
L10-M2,584,583,3,1,6,23 24 28 29 38 39,1,0.8,0.19999999999999996,0.19999999999999996,0
L10-M2,585,584,4,0,4,23 24 28 29,0,0.5333333333333333,-0.5333333333333333,-0.0,0
L10-M2,586,585,1,3,4,23 24 28 29,0,0.5333333333333333,-0.5333333333333333,-1.6,0
L10-M2,587,586,2,2,6,23 24 25 26 28 29,1,0.8,0.19999999999999996,0.3999999999999999,0
L10-M2,588,587,2,2,4,23 24 25 26,1,0.5333333333333333,0.4666666666666667,0.9333333333333333,0
L10-M2,589,588,6,-2,2,23 24,0,0.26666666666666666,-0.26666666666666666,0.5333333333333333,0
L10-M2,590,589,3,1,2,23 24,0,0.26666666666666666,-0.26666666666666666,-0.26666666666666666,0
L10-M2,591,590,2,2,2,23 24,0,0.26666666666666666,-0.26666666666666666,-0.5333333333333333,0
L10-M2,592,591,1,3,7,3 4 5 23 24 42 43,1,0.9333333333333333,0.06666666666666665,0.19999999999999996,0
L10-M2,593,592,6,-2,6,3 4 23 24 42 43,1,0.8,0.19999999999999996,-0.3999999999999999,0
L10-M2,594,593,5,-1,6,3 4 26 27 42 43,0,0.8,-0.8,0.8,0
L10-M2,595,594,2,2,9,3 4 17 18 19 26 27 42 43,0,1.2,-1.2,-2.4,0
L10-M2,596,595,1,3,10,3 4 16 17 18 19 26 27 42 43,3,1.3333333333333333,1.6666666666666667,5.0,0
L10-M2,597,596,5,-1,6,16 17 18 19 26 27,0,0.8,-0.8,0.8,0
L10-M2,598,597,6,-2,8,16 17 18 19 26 27 31 32,0,1.0666666666666667,-1.0666666666666667,2.1333333333333333,0
L10-M2,599,598,3,1,11,15 16 17 18 19 21 22 26 27 31 32,1,1.4666666666666666,-0.46666666666666656,-0.46666666666666656,0
L10-M2,600,599,4,0,10,15 16 18 19 21 22 26 27 31 32,1,1.3333333333333333,-0.33333333333333326,-0.0,0
L10-M2,601,600,7,-3,11,15 16 18 19 20 21 22 31 32 41 42,3,1.4666666666666666,1.5333333333333334,-4.6000000000000005,0
L10-M2,602,601,7,-3,5,20 21 22 41 42,1,0.6666666666666666,0.33333333333333337,-1.0,0
L10-M2,603,602,1,3,6,6 7 20 21 41 42,0,0.8,-0.8,-2.4000000000000004,0
L10-M2,604,603,6,-2,6,6 7 20 21 41 42,2,0.8,1.2,-2.4,0
L10-M2,605,604,5,-1,2,41 42,0,0.26666666666666666,-0.26666666666666666,0.26666666666666666,0
L10-M2,606,605,7,-3,4,39 40 41 42,1,0.5333333333333333,0.4666666666666667,-1.4,0
L10-M2,607,606,6,-2,3,40 41 42,0,0.4,-0.4,0.8,0
L10-M2,608,607,2,2,3,40 41 42,0,0.4,-0.4,-0.8,0
L10-M2,609,608,6,-2,3,40 41 42,1,0.4,0.6,-1.2,0
L10-M2,610,609,3,1,2,41 42,0,0.26666666666666666,-0.26666666666666666,-0.26666666666666666,0
L10-M2,611,610,6,-2,4,11 12 41 42,0,0.5333333333333333,-0.5333333333333333,1.0666666666666667,0
L10-M2,612,611,2,2,9,11 12 15 16 17 31 32 41 42,0,1.2,-1.2,-2.4,0
L10-M2,613,612,7,-3,12,11 12 13 15 16 17 29 30 31 32 41 42,3,1.6,1.4,-4.199999999999999,0
L10-M2,614,613,5,-1,8,12 13 29 30 31 32 42 43,0,1.0666666666666667,-1.0666666666666667,1.0666666666666667,0
L10-M2,615,614,2,2,8,12 13 29 30 31 32 42 43,0,1.0666666666666667,-1.0666666666666667,-2.1333333333333333,0
L10-M2,616,615,7,-3,8,12 13 29 30 31 32 42 43,1,1.0666666666666667,-0.06666666666666665,0.19999999999999996,0
L10-M2,617,616,1,3,6,29 30 31 32 42 43,0,0.8,-0.8,-2.4000000000000004,0
L10-M2,618,617,7,-3,6,29 30 31 32 42 43,3,0.8,2.2,-6.6000000000000005,0
L10-M2,619,618,2,2,2,31 32,0,0.26666666666666666,-0.26666666666666666,-0.5333333333333333,0
L10-M2,620,619,4,0,2,31 32,1,0.26666666666666666,0.7333333333333334,0.0,0
L10-M2,621,620,6,-2,4,14 15 28 29,0,0.5333333333333333,-0.5333333333333333,1.0666666666666667,0
L10-M2,622,621,4,0,7,14 15 28 29 36 37 38,2,0.9333333333333333,1.0666666666666667,0.0,0
L10-M2,623,622,5,-1,3,36 37 38,0,0.4,-0.4,0.4,0
L10-M2,624,623,3,1,3,36 37 38,0,0.4,-0.4,-0.4,0
L10-M2,625,624,3,1,3,36 37 38,0,0.4,-0.4,-0.4,0
L10-M2,626,625,4,0,3,36 37 38,0,0.4,-0.4,-0.0,0
L10-M2,627,626,3,1,5,22 23 36 37 38,1,0.6666666666666666,0.33333333333333337,0.33333333333333337,0
L10-M2,628,627,3,1,10,4 5 10 11 12 23 24 36 37 38,2,1.3333333333333333,0.6666666666666667,0.6666666666666667,0
L10-M2,629,628,3,1,7,4 5 10 11 36 37 38,1,0.9333333333333333,0.06666666666666665,0.06666666666666665,0
L10-M2,630,629,1,3,6,4 5 10 11 36 37,0,0.8,-0.8,-2.4000000000000004,0
L10-M2,631,630,2,2,6,4 5 10 11 36 37,1,0.8,0.19999999999999996,0.3999999999999999,0
L10-M2,632,631,4,0,4,10 11 36 37,0,0.5333333333333333,-0.5333333333333333,-0.0,0
L10-M2,633,632,1,3,4,10 11 36 37,0,0.5333333333333333,-0.5333333333333333,-1.6,0
L10-M2,634,633,3,1,6,10 11 29 30 36 37,2,0.8,1.2,1.2,0
L10-M2,635,634,7,-3,4,29 30 36 37,1,0.5333333333333333,0.4666666666666667,-1.4,0
L10-M2,636,635,6,-2,4,5 6 36 37,1,0.5333333333333333,0.4666666666666667,-0.9333333333333333,0
L10-M2,637,636,6,-2,2,36 37,1,0.26666666666666666,0.7333333333333334,-1.4666666666666668,0
L10-M2,638,637,4,0,0,,0,0.0,0.0,0.0,0
L10-M2,639,638,1,3,0,,0,0.0,0.0,0.0,0
L10-M2,640,639,7,-3,2,42 43,0,0.26666666666666666,-0.26666666666666666,0.8,0
L10-M2,641,640,5,-1,2,42 43,1,0.26666666666666666,0.7333333333333334,-0.7333333333333334,0
L10-M2,642,641,2,2,2,1 2,0,0.26666666666666666,-0.26666666666666666,-0.5333333333333333,0
L10-M2,643,642,5,-1,2,1 2,0,0.26666666666666666,-0.26666666666666666,0.26666666666666666,0
L10-M2,644,643,1,3,4,1 2 41 42,0,0.5333333333333333,-0.5333333333333333,-1.6,0
L10-M2,645,644,2,2,6,1 2 9 10 41 42,2,0.8,1.2,2.4,0
L10-M2,646,645,5,-1,4,9 10 29 30,1,0.5333333333333333,0.4666666666666667,-0.4666666666666667,0
L10-M2,647,646,4,0,4,19 20 29 30,1,0.5333333333333333,0.4666666666666667,0.0,0
L10-M2,648,647,6,-2,2,19 20,1,0.26666666666666666,0.7333333333333334,-1.4666666666666668,0
L10-M2,649,648,1,3,0,,0,0.0,0.0,0.0,0
L10-M2,650,649,2,2,2,6 7,1,0.26666666666666666,0.7333333333333334,1.4666666666666668,0
L10-M2,651,650,6,-2,2,34 35,0,0.26666666666666666,-0.26666666666666666,0.5333333333333333,0
L10-M2,652,651,4,0,2,34 35,0,0.26666666666666666,-0.26666666666666666,-0.0,0
L10-M2,653,652,4,0,2,34 35,0,0.26666666666666666,-0.26666666666666666,-0.0,0
L10-M2,654,653,1,3,2,34 35,0,0.26666666666666666,-0.26666666666666666,-0.8,0
L10-M2,655,654,1,3,4,17 18 34 35,0,0.5333333333333333,-0.5333333333333333,-1.6,0
L10-M2,656,655,2,2,4,17 18 34 35,0,0.5333333333333333,-0.5333333333333333,-1.0666666666666667,0
L10-M2,657,656,6,-2,9,1 2 8 9 10 17 18 34 35,1,1.2,-0.19999999999999996,0.3999999999999999,0
L10-M2,658,657,4,0,11,1 2 8 9 17 18 23 24 25 34 35,2,1.4666666666666666,0.5333333333333334,0.0,0
L10-M2,659,658,7,-3,8,1 2 17 18 23 24 34 35,1,1.0666666666666667,-0.06666666666666665,0.19999999999999996,0
L10-M2,660,659,7,-3,8,1 2 22 23 24 33 34 35,2,1.0666666666666667,0.9333333333333333,-2.8,0
L10-M2,661,660,3,1,4,1 2 34 35,1,0.5333333333333333,0.4666666666666667,0.4666666666666667,0
L10-M2,662,661,7,-3,2,34 35,0,0.26666666666666666,-0.26666666666666666,0.8,0
L10-M2,663,662,6,-2,2,34 35,0,0.26666666666666666,-0.26666666666666666,0.5333333333333333,0
L10-M2,664,663,5,-1,2,34 35,0,0.26666666666666666,-0.26666666666666666,0.26666666666666666,0
L10-M2,665,664,1,3,4,21 22 34 35,0,0.5333333333333333,-0.5333333333333333,-1.6,0
L10-M2,666,665,4,0,4,21 22 34 35,0,0.5333333333333333,-0.5333333333333333,-0.0,0
L10-M2,667,666,5,-1,6,21 22 30 31 34 35,0,0.8,-0.8,0.8,0
L10-M2,668,667,1,3,8,13 14 21 22 30 31 34 35,1,1.0666666666666667,-0.06666666666666665,-0.19999999999999996,0
L10-M2,669,668,1,3,6,21 22 30 31 34 35,0,0.8,-0.8,-2.4000000000000004,0
L10-M2,670,669,3,1,6,21 22 30 31 34 35,0,0.8,-0.8,-0.8,0
L10-M2,671,670,3,1,7,21 22 23 30 31 34 35,2,0.9333333333333333,1.0666666666666667,1.0666666666666667,0
L10-M2,672,671,5,-1,3,21 22 23,1,0.4,0.6,-0.6,0
L10-M2,673,672,6,-2,2,22 23,0,0.26666666666666666,-0.26666666666666666,0.5333333333333333,0
L10-M2,674,673,1,3,2,22 23,0,0.26666666666666666,-0.26666666666666666,-0.8,0
L10-M2,675,674,3,1,2,22 23,0,0.26666666666666666,-0.26666666666666666,-0.26666666666666666,0
L10-M2,676,675,2,2,2,22 23,0,0.26666666666666666,-0.26666666666666666,-0.5333333333333333,0
L10-M2,677,676,4,0,7,2 3 4 5 6 22 23,0,0.9333333333333333,-0.9333333333333333,-0.0,0
L10-M2,678,677,6,-2,9,2 3 4 5 6 22 23 42 43,3,1.2,1.8,-3.6,0
L10-M2,679,678,7,-3,6,2 3 22 23 42 43,1,0.8,0.19999999999999996,-0.5999999999999999,0
L10-M2,680,679,7,-3,6,19 20 22 23 42 43,2,0.8,1.2,-3.5999999999999996,0
L10-M2,681,680,5,-1,2,22 23,0,0.26666666666666666,-0.26666666666666666,0.26666666666666666,0
L10-M2,682,681,1,3,2,22 23,1,0.26666666666666666,0.7333333333333334,2.2,0
L10-M2,683,682,1,3,0,,0,0.0,0.0,0.0,0
L10-M2,684,683,3,1,0,,0,0.0,0.0,0.0,0
L10-M2,685,684,7,-3,2,30 31,0,0.26666666666666666,-0.26666666666666666,0.8,0
L10-M2,686,685,4,0,2,30 31,0,0.26666666666666666,-0.26666666666666666,-0.0,0
L10-M2,687,686,3,1,4,8 9 30 31,1,0.5333333333333333,0.4666666666666667,0.4666666666666667,0
L10-M2,688,687,7,-3,2,30 31,0,0.26666666666666666,-0.26666666666666666,0.8,0
L10-M2,689,688,1,3,4,30 31 36 37,2,0.5333333333333333,1.4666666666666668,4.4,0
L10-M2,690,689,5,-1,2,2 3,0,0.26666666666666666,-0.26666666666666666,0.26666666666666666,0
L10-M2,691,690,7,-3,5,2 3 4 31 32,0,0.6666666666666666,-0.6666666666666666,2.0,0
L10-M2,692,691,2,2,5,2 3 4 31 32,2,0.6666666666666666,1.3333333333333335,2.666666666666667,0
L10-M2,693,692,7,-3,0,,0,0.0,0.0,-0.0,0
L10-M2,694,693,5,-1,2,20 21,1,0.26666666666666666,0.7333333333333334,-0.7333333333333334,0
L10-M2,695,694,2,2,0,,0,0.0,0.0,0.0,0
L10-M2,696,695,2,2,2,40 41,0,0.26666666666666666,-0.26666666666666666,-0.5333333333333333,0
L10-M2,697,696,5,-1,2,40 41,0,0.26666666666666666,-0.26666666666666666,0.26666666666666666,0
L10-M2,698,697,5,-1,6,9 10 12 13 40 41,1,0.8,0.19999999999999996,-0.19999999999999996,0
L10-M2,699,698,4,0,6,9 10 22 23 40 41,0,0.8,-0.8,-0.0,0
L10-M2,700,699,1,3,8,9 10 22 23 30 31 40 41,2,1.0666666666666667,0.9333333333333333,2.8,0
L10-M2,701,700,2,2,4,9 10 40 41,1,0.5333333333333333,0.4666666666666667,0.9333333333333333,0
L10-M2,702,701,5,-1,2,40 41,0,0.26666666666666666,-0.26666666666666666,0.26666666666666666,0
L10-M2,703,702,2,2,4,31 32 40 41,2,0.5333333333333333,1.4666666666666668,2.9333333333333336,0
L10-M2,704,703,2,2,0,,0,0.0,0.0,0.0,0
L10-M2,705,704,7,-3,2,19 20,0,0.26666666666666666,-0.26666666666666666,0.8,0
L10-M2,706,705,5,-1,2,19 20,0,0.26666666666666666,-0.26666666666666666,0.26666666666666666,0
L10-M2,707,706,7,-3,5,18 19 20 34 35,1,0.6666666666666666,0.33333333333333337,-1.0,0
L10-M2,708,707,5,-1,2,34 35,1,0.26666666666666666,0.7333333333333334,-0.7333333333333334,0
L10-M2,709,708,1,3,0,,0,0.0,0.0,0.0,0
L10-M2,710,709,4,0,2,20 21,0,0.26666666666666666,-0.26666666666666666,-0.0,0
L10-M2,711,710,4,0,2,20 21,0,0.26666666666666666,-0.26666666666666666,-0.0,0
L10-M2,712,711,6,-2,2,20 21,1,0.26666666666666666,0.7333333333333334,-1.4666666666666668,0
L10-M2,713,712,2,2,4,13 14 26 27,0,0.5333333333333333,-0.5333333333333333,-1.0666666666666667,0
L10-M2,714,713,7,-3,6,13 14 26 27 40 41,1,0.8,0.19999999999999996,-0.5999999999999999,0
L10-M2,715,714,3,1,7,13 14 26 27 41 42 43,2,0.9333333333333333,1.0666666666666667,1.0666666666666667,0
L10-M2,716,715,3,1,4,13 14 42 43,1,0.5333333333333333,0.4666666666666667,0.4666666666666667,0
L10-M2,717,716,5,-1,2,42 43,0,0.26666666666666666,-0.26666666666666666,0.26666666666666666,0
L10-M2,718,717,7,-3,2,42 43,0,0.26666666666666666,-0.26666666666666666,0.8,0
L10-M2,719,718,7,-3,2,42 43,1,0.26666666666666666,0.7333333333333334,-2.2,0
L10-M2,720,719,6,-2,0,,0,0.0,0.0,-0.0,0
L10-M2,721,720,7,-3,2,9 10,0,0.26666666666666666,-0.26666666666666666,0.8,0
L10-M2,722,721,3,1,2,9 10,0,0.26666666666666666,-0.26666666666666666,-0.26666666666666666,0
L10-M2,723,722,7,-3,2,9 10,0,0.26666666666666666,-0.26666666666666666,0.8,0
L10-M2,724,723,2,2,4,9 10 17 18,0,0.5333333333333333,-0.5333333333333333,-1.0666666666666667,0
L10-M2,725,724,3,1,4,9 10 17 18,0,0.5333333333333333,-0.5333333333333333,-0.5333333333333333,0
L10-M2,726,725,5,-1,6,9 10 17 18 26 27,0,0.8,-0.8,0.8,0
L10-M2,727,726,5,-1,8,9 10 15 16 17 18 26 27,1,1.0666666666666667,-0.06666666666666665,0.06666666666666665,0
L10-M2,728,727,5,-1,8,15 16 17 18 24 25 26 27,0,1.0666666666666667,-1.0666666666666667,1.0666666666666667,0
L10-M2,729,728,6,-2,8,15 16 17 18 24 25 26 27,2,1.0666666666666667,0.9333333333333333,-1.8666666666666667,0
L10-M2,730,729,2,2,6,4 5 15 16 24 25,2,0.8,1.2,2.4,0
L10-M2,731,730,7,-3,2,24 25,1,0.26666666666666666,0.7333333333333334,-2.2,0
L10-M2,732,731,5,-1,3,27 28 29,1,0.4,0.6,-0.6,0
L10-M2,733,732,7,-3,5,28 29 38 39 40,1,0.6666666666666666,0.33333333333333337,-1.0,0
L10-M2,734,733,2,2,4,28 29 38 39,1,0.5333333333333333,0.4666666666666667,0.9333333333333333,0
L10-M2,735,734,3,1,2,28 29,0,0.26666666666666666,-0.26666666666666666,-0.26666666666666666,0
L10-M2,736,735,1,3,2,28 29,0,0.26666666666666666,-0.26666666666666666,-0.8,0
L10-M2,737,736,2,2,4,28 29 43 44,0,0.5333333333333333,-0.5333333333333333,-1.0666666666666667,0
L10-M2,738,737,1,3,8,8 9 19 20 28 29 43 44,2,1.0666666666666667,0.9333333333333333,2.8,0
L10-M2,739,738,4,0,7,8 9 19 20 29 30 31,1,0.9333333333333333,0.06666666666666665,0.0,0
L10-M2,740,739,4,0,6,8 9 19 20 30 31,3,0.8,2.2,0.0,0
L10-M2,741,740,7,-3,2,30 31,0,0.26666666666666666,-0.26666666666666666,0.8,0
L10-M2,742,741,2,2,4,25 26 30 31,0,0.5333333333333333,-0.5333333333333333,-1.0666666666666667,0
L10-M2,743,742,1,3,4,25 26 30 31,0,0.5333333333333333,-0.5333333333333333,-1.6,0
L10-M2,744,743,1,3,5,25 26 30 31 32,0,0.6666666666666666,-0.6666666666666666,-2.0,0
L10-M2,745,744,7,-3,5,25 26 30 31 32,0,0.6666666666666666,-0.6666666666666666,2.0,0
L10-M2,746,745,5,-1,5,25 26 30 31 32,0,0.6666666666666666,-0.6666666666666666,0.6666666666666666,0
L10-M2,747,746,3,1,5,25 26 30 31 32,0,0.6666666666666666,-0.6666666666666666,-0.6666666666666666,0
L10-M2,748,747,5,-1,6,24 25 26 30 31 32,2,0.8,1.2,-1.2,0
L10-M2,749,748,5,-1,5,24 25 26 38 39,2,0.6666666666666666,1.3333333333333335,-1.3333333333333335,0
L10-M2,750,749,6,-2,4,29 30 38 39,0,0.5333333333333333,-0.5333333333333333,1.0666666666666667,0
L10-M2,751,750,3,1,6,16 17 29 30 38 39,1,0.8,0.19999999999999996,0.19999999999999996,0
L10-M2,752,751,4,0,6,5 6 29 30 38 39,0,0.8,-0.8,-0.0,0
L10-M2,753,752,2,2,7,5 6 29 30 37 38 39,1,0.9333333333333333,0.06666666666666665,0.1333333333333333,0
L10-M2,754,753,2,2,6,5 6 29 30 38 39,1,0.8,0.19999999999999996,0.3999999999999999,0
L10-M2,755,754,7,-3,4,5 6 38 39,0,0.5333333333333333,-0.5333333333333333,1.6,0
L10-M2,756,755,7,-3,4,5 6 38 39,0,0.5333333333333333,-0.5333333333333333,1.6,0
L10-M2,757,756,1,3,4,5 6 38 39,1,0.5333333333333333,0.4666666666666667,1.4,0
L10-M2,758,757,1,3,2,38 39,1,0.26666666666666666,0.7333333333333334,2.2,0
L10-M2,759,758,4,0,3,21 22 23,0,0.4,-0.4,-0.0,0
L10-M2,760,759,2,2,5,21 22 23 34 35,1,0.6666666666666666,0.33333333333333337,0.6666666666666667,0
L10-M2,761,760,2,2,2,34 35,0,0.26666666666666666,-0.26666666666666666,-0.5333333333333333,0
L10-M2,762,761,5,-1,2,34 35,0,0.26666666666666666,-0.26666666666666666,0.26666666666666666,0
L10-M2,763,762,4,0,2,34 35,1,0.26666666666666666,0.7333333333333334,0.0,0
L10-M2,764,763,3,1,4,19 20 37 38,0,0.5333333333333333,-0.5333333333333333,-0.5333333333333333,0
L10-M2,765,764,2,2,4,19 20 37 38,0,0.5333333333333333,-0.5333333333333333,-1.0666666666666667,0
L10-M2,766,765,5,-1,4,19 20 37 38,0,0.5333333333333333,-0.5333333333333333,0.5333333333333333,0
L10-M2,767,766,2,2,10,13 14 15 18 19 20 28 29 37 38,2,1.3333333333333333,0.6666666666666667,1.3333333333333335,0
L10-M2,768,767,4,0,9,13 14 17 18 19 28 29 37 38,2,1.2,0.8,0.0,0
L10-M2,769,768,1,3,5,13 14 17 18 19,0,0.6666666666666666,-0.6666666666666666,-2.0,0
L10-M2,770,769,1,3,5,13 14 17 18 19,0,0.6666666666666666,-0.6666666666666666,-2.0,0
L10-M2,771,770,5,-1,5,13 14 17 18 19,2,0.6666666666666666,1.3333333333333335,-1.3333333333333335,0
L10-M2,772,771,7,-3,2,13 14,1,0.26666666666666666,0.7333333333333334,-2.2,0
L10-M2,773,772,6,-2,2,25 26,0,0.26666666666666666,-0.26666666666666666,0.5333333333333333,0
L10-M2,774,773,7,-3,4,25 26 32 33,0,0.5333333333333333,-0.5333333333333333,1.6,0
L10-M2,775,774,1,3,7,24 25 26 32 33 36 37,1,0.9333333333333333,0.06666666666666665,0.19999999999999996,0
L10-M2,776,775,3,1,8,2 3 4 24 25 26 36 37,0,1.0666666666666667,-1.0666666666666667,-1.0666666666666667,0
L10-M2,777,776,4,0,8,2 3 4 24 25 26 36 37,1,1.0666666666666667,-0.06666666666666665,-0.0,0
L10-M2,778,777,4,0,6,2 3 4 24 25 26,0,0.8,-0.8,-0.0,0
L10-M2,779,778,2,2,7,2 3 4 24 25 26 27,1,0.9333333333333333,0.06666666666666665,0.1333333333333333,0
L10-M2,780,779,1,3,8,2 3 4 25 26 27 44 45,2,1.0666666666666667,0.9333333333333333,2.8,0
L10-M2,781,780,2,2,10,1 2 3 4 22 23 25 26 43 44,0,1.3333333333333333,-1.3333333333333333,-2.6666666666666665,0
L10-M2,782,781,7,-3,10,1 2 3 4 22 23 25 26 43 44,0,1.3333333333333333,-1.3333333333333333,4.0,0
L10-M2,783,782,3,1,13,1 2 3 4 5 13 14 22 23 25 26 43 44,1,1.7333333333333334,-0.7333333333333334,-0.7333333333333334,0
L10-M2,784,783,5,-1,11,1 2 3 4 5 22 23 25 26 43 44,2,1.4666666666666666,0.5333333333333334,-0.5333333333333334,0
L10-M2,785,784,3,1,8,1 2 4 5 25 26 43 44,3,1.0666666666666667,1.9333333333333333,1.9333333333333333,0
L10-M2,786,785,7,-3,7,1 2 29 30 42 43 44,1,0.9333333333333333,0.06666666666666665,-0.19999999999999996,0
L10-M2,787,786,7,-3,10,1 2 7 8 9 28 29 42 43 44,1,1.3333333333333333,-0.33333333333333326,0.9999999999999998,0
L10-M2,788,787,3,1,8,1 2 7 8 9 42 43 44,1,1.0666666666666667,-0.06666666666666665,-0.06666666666666665,0
L10-M2,789,788,5,-1,8,7 8 9 36 37 42 43 44,1,1.0666666666666667,-0.06666666666666665,0.06666666666666665,0
L10-M2,790,789,6,-2,9,8 9 36 37 40 41 42 43 44,2,1.2,0.8,-1.6,0
L10-M2,791,790,3,1,7,21 22 36 37 42 43 44,1,0.9333333333333333,0.06666666666666665,0.06666666666666665,0
L10-M2,792,791,5,-1,6,21 22 36 37 43 44,1,0.8,0.19999999999999996,-0.19999999999999996,0
L10-M2,793,792,3,1,4,21 22 43 44,2,0.5333333333333333,1.4666666666666668,1.4666666666666668,0
L10-M2,794,793,4,0,2,17 18,1,0.26666666666666666,0.7333333333333334,0.0,0
L10-M2,795,794,3,1,2,22 23,0,0.26666666666666666,-0.26666666666666666,-0.26666666666666666,0
L10-M2,796,795,6,-2,2,22 23,0,0.26666666666666666,-0.26666666666666666,0.5333333333333333,0
L10-M2,797,796,2,2,3,22 23 24,1,0.4,0.6,1.2,0
L10-M2,798,797,5,-1,4,16 17 23 24,0,0.5333333333333333,-0.5333333333333333,0.5333333333333333,0
L10-M2,799,798,7,-3,4,16 17 23 24,2,0.5333333333333333,1.4666666666666668,-4.4,0
L10-M2,800,799,4,0,0,,0,0.0,0.0,0.0,0
L10-M2,801,800,5,-1,2,8 9,0,0.26666666666666666,-0.26666666666666666,0.26666666666666666,0
L10-M2,802,801,1,3,2,8 9,0,0.26666666666666666,-0.26666666666666666,-0.8,0
L10-M2,803,802,6,-2,2,8 9,1,0.26666666666666666,0.7333333333333334,-1.4666666666666668,0
L10-M2,804,803,1,3,2,15 16,0,0.26666666666666666,-0.26666666666666666,-0.8,0
L10-M2,805,804,2,2,7,6 7 8 15 16 19 20,0,0.9333333333333333,-0.9333333333333333,-1.8666666666666667,0
L10-M2,806,805,7,-3,7,6 7 8 15 16 19 20,1,0.9333333333333333,0.06666666666666665,-0.19999999999999996,0
L10-M2,807,806,4,0,7,6 7 8 15 16 40 41,1,0.9333333333333333,0.06666666666666665,0.0,0
L10-M2,808,807,5,-1,7,7 8 15 16 39 40 41,2,0.9333333333333333,1.0666666666666667,-1.0666666666666667,0
L10-M2,809,808,3,1,4,7 8 39 40,1,0.5333333333333333,0.4666666666666667,0.4666666666666667,0
L10-M2,810,809,6,-2,2,7 8,0,0.26666666666666666,-0.26666666666666666,0.5333333333333333,0
L10-M2,811,810,3,1,2,7 8,1,0.26666666666666666,0.7333333333333334,0.7333333333333334,0
L10-M2,812,811,5,-1,3,27 28 29,0,0.4,-0.4,0.4,0
L10-M2,813,812,3,1,3,27 28 29,0,0.4,-0.4,-0.4,0
L10-M2,814,813,2,2,3,27 28 29,1,0.4,0.6,1.2,0
L10-M2,815,814,4,0,2,26 27,2,0.26666666666666666,1.7333333333333334,0.0,0
L10-M2,816,815,1,3,0,,0,0.0,0.0,0.0,0
L10-M2,817,816,1,3,0,,0,0.0,0.0,0.0,0
L10-M2,818,817,6,-2,0,,0,0.0,0.0,-0.0,0
L10-M2,819,818,1,3,2,32 33,1,0.26666666666666666,0.7333333333333334,2.2,0
L10-M2,820,819,1,3,5,6 7 22 23 24,1,0.6666666666666666,0.33333333333333337,1.0,0
L10-M2,821,820,1,3,6,4 5 6 7 23 24,1,0.8,0.19999999999999996,0.5999999999999999,0
L10-M2,822,821,4,0,5,4 5 6 7 8,0,0.6666666666666666,-0.6666666666666666,-0.0,0
L10-M2,823,822,2,2,5,4 5 6 7 8,0,0.6666666666666666,-0.6666666666666666,-1.3333333333333333,0
L10-M2,824,823,2,2,5,4 5 6 7 8,1,0.6666666666666666,0.33333333333333337,0.6666666666666667,0
L10-M2,825,824,4,0,3,4 5 6,0,0.4,-0.4,-0.0,0
L10-M2,826,825,7,-3,3,4 5 6,0,0.4,-0.4,1.2000000000000002,0
L10-M2,827,826,7,-3,3,4 5 6,1,0.4,0.6,-1.7999999999999998,0
L10-M2,828,827,4,0,3,2 3 4,1,0.4,0.6,0.0,0
L10-M2,829,828,4,0,2,2 3,0,0.26666666666666666,-0.26666666666666666,-0.0,0
L10-M2,830,829,3,1,2,2 3,0,0.26666666666666666,-0.26666666666666666,-0.26666666666666666,0
L10-M2,831,830,4,0,6,2 3 22 23 41 42,1,0.8,0.19999999999999996,0.0,0
L10-M2,832,831,2,2,6,1 2 22 23 41 42,0,0.8,-0.8,-1.6,0
L10-M2,833,832,5,-1,8,1 2 22 23 27 28 41 42,2,1.0666666666666667,0.9333333333333333,-0.9333333333333333,0
L10-M2,834,833,3,1,6,1 2 22 23 27 28,0,0.8,-0.8,-0.8,0
L10-M2,835,834,1,3,6,1 2 22 23 27 28,1,0.8,0.19999999999999996,0.5999999999999999,0
L10-M2,836,835,5,-1,6,1 2 20 21 22 23,1,0.8,0.19999999999999996,-0.19999999999999996,0
L10-M2,837,836,5,-1,6,20 21 22 23 24 25,1,0.8,0.19999999999999996,-0.19999999999999996,0
L10-M2,838,837,2,2,5,20 21 22 23 24,0,0.6666666666666666,-0.6666666666666666,-1.3333333333333333,0
L10-M2,839,838,4,0,5,20 21 22 23 24,0,0.6666666666666666,-0.6666666666666666,-0.0,0
L10-M2,840,839,7,-3,5,20 21 22 23 24,0,0.6666666666666666,-0.6666666666666666,2.0,0
L10-M2,841,840,4,0,5,20 21 22 23 24,0,0.6666666666666666,-0.6666666666666666,-0.0,0
L10-M2,842,841,4,0,9,15 16 20 21 22 23 24 31 32,1,1.2,-0.19999999999999996,-0.0,0
L10-M2,843,842,5,-1,7,15 16 20 21 22 23 24,1,0.9333333333333333,0.06666666666666665,-0.06666666666666665,0
L10-M2,844,843,1,3,7,15 16 22 23 24 40 41,1,0.9333333333333333,0.06666666666666665,0.19999999999999996,0
L10-M2,845,844,5,-1,5,22 23 24 40 41,1,0.6666666666666666,0.33333333333333337,-0.33333333333333337,0
L10-M2,846,845,2,2,3,22 23 24,0,0.4,-0.4,-0.8,0
L10-M2,847,846,2,2,3,22 23 24,0,0.4,-0.4,-0.8,0
L10-M2,848,847,3,1,4,22 23 24 25,1,0.5333333333333333,0.4666666666666667,0.4666666666666667,0
L10-M2,849,848,5,-1,3,23 24 25,0,0.4,-0.4,0.4,0
L10-M2,850,849,1,3,5,9 10 23 24 25,1,0.6666666666666666,0.33333333333333337,1.0,0
L10-M2,851,850,1,3,4,3 4 9 10,0,0.5333333333333333,-0.5333333333333333,-1.6,0
L10-M2,852,851,6,-2,5,3 4 9 10 11,1,0.6666666666666666,0.33333333333333337,-0.6666666666666667,0
L10-M2,853,852,1,3,4,3 4 9 10,0,0.5333333333333333,-0.5333333333333333,-1.6,0
L10-M2,854,853,3,1,4,3 4 9 10,0,0.5333333333333333,-0.5333333333333333,-0.5333333333333333,0
L10-M2,855,854,1,3,6,3 4 6 7 9 10,0,0.8,-0.8,-2.4000000000000004,0
L10-M2,856,855,1,3,6,3 4 6 7 9 10,1,0.8,0.19999999999999996,0.5999999999999999,0
L10-M2,857,856,2,2,4,3 4 6 7,1,0.5333333333333333,0.4666666666666667,0.9333333333333333,0
L10-M2,858,857,7,-3,2,3 4,0,0.26666666666666666,-0.26666666666666666,0.8,0
L10-M2,859,858,3,1,2,3 4,0,0.26666666666666666,-0.26666666666666666,-0.26666666666666666,0
L10-M2,860,859,3,1,3,3 4 5,1,0.4,0.6,0.6,0
L10-M2,861,860,7,-3,0,,0,0.0,0.0,-0.0,0
L10-M2,862,861,6,-2,0,,0,0.0,0.0,-0.0,0
L10-M2,863,862,2,2,2,29 30,0,0.26666666666666666,-0.26666666666666666,-0.5333333333333333,0
L10-M2,864,863,1,3,5,1 2 3 29 30,1,0.6666666666666666,0.33333333333333337,1.0,0
L10-M2,865,864,6,-2,5,1 2 29 30 31,0,0.6666666666666666,-0.6666666666666666,1.3333333333333333,0
L10-M2,866,865,1,3,5,1 2 29 30 31,1,0.6666666666666666,0.33333333333333337,1.0,0
L10-M2,867,866,2,2,6,1 2 23 24 30 31,1,0.8,0.19999999999999996,0.3999999999999999,0
L10-M2,868,867,7,-3,6,1 2 5 6 30 31,0,0.8,-0.8,2.4000000000000004,0
L10-M2,869,868,3,1,6,1 2 5 6 30 31,2,0.8,1.2,1.2,0
L10-M2,870,869,2,2,2,30 31,1,0.26666666666666666,0.7333333333333334,1.4666666666666668,0
L10-M2,871,870,4,0,2,4 5,0,0.26666666666666666,-0.26666666666666666,-0.0,0
L10-M2,872,871,7,-3,2,4 5,1,0.26666666666666666,0.7333333333333334,-2.2,0
L10-M2,873,872,3,1,0,,0,0.0,0.0,0.0,0
L10-M2,874,873,6,-2,0,,0,0.0,0.0,-0.0,0
L10-M2,875,874,6,-2,6,7 8 10 11 35 36,0,0.8,-0.8,1.6,0
L10-M2,876,875,5,-1,6,7 8 10 11 35 36,0,0.8,-0.8,0.8,0
L10-M2,877,876,4,0,7,7 8 9 10 11 35 36,0,0.9333333333333333,-0.9333333333333333,-0.0,0
L10-M2,878,877,2,2,7,7 8 9 10 11 35 36,1,0.9333333333333333,0.06666666666666665,0.1333333333333333,0
L10-M2,879,878,2,2,6,7 8 9 10 35 36,2,0.8,1.2,2.4,0
L10-M2,880,879,6,-2,6,7 8 9 36 37 38,1,0.8,0.19999999999999996,-0.3999999999999999,0
L10-M2,881,880,6,-2,7,8 9 36 37 38 40 41,0,0.9333333333333333,-0.9333333333333333,1.8666666666666667,0
L10-M2,882,881,2,2,7,8 9 36 37 38 40 41,0,0.9333333333333333,-0.9333333333333333,-1.8666666666666667,0
L10-M2,883,882,2,2,7,8 9 36 37 38 40 41,2,0.9333333333333333,1.0666666666666667,2.1333333333333333,0
L10-M2,884,883,3,1,4,12 13 40 41,0,0.5333333333333333,-0.5333333333333333,-0.5333333333333333,0
L10-M2,885,884,3,1,4,12 13 40 41,0,0.5333333333333333,-0.5333333333333333,-0.5333333333333333,0
L10-M2,886,885,5,-1,6,12 13 29 30 40 41,0,0.8,-0.8,0.8,0
L10-M2,887,886,1,3,6,12 13 29 30 40 41,0,0.8,-0.8,-2.4000000000000004,0
L10-M2,888,887,2,2,8,12 13 21 22 29 30 40 41,1,1.0666666666666667,-0.06666666666666665,-0.1333333333333333,0
L10-M2,889,888,5,-1,8,5 6 21 22 29 30 40 41,1,1.0666666666666667,-0.06666666666666665,0.06666666666666665,0
L10-M2,890,889,3,1,10,5 6 10 11 15 16 21 22 40 41,0,1.3333333333333333,-1.3333333333333333,-1.3333333333333333,0
L10-M2,891,890,3,1,10,5 6 10 11 15 16 21 22 40 41,1,1.3333333333333333,-0.33333333333333326,-0.33333333333333326,0
L10-M2,892,891,3,1,11,5 6 10 11 15 16 20 21 22 25 26,1,1.4666666666666666,-0.46666666666666656,-0.46666666666666656,0
L10-M2,893,892,6,-2,9,5 6 10 11 15 16 20 21 22,1,1.2,-0.19999999999999996,0.3999999999999999,0
L10-M2,894,893,2,2,11,5 6 10 11 20 21 22 32 33 43 44,2,1.4666666666666666,0.5333333333333334,1.0666666666666669,0
L10-M2,895,894,7,-3,7,5 6 10 11 20 21 22,0,0.9333333333333333,-0.9333333333333333,2.8,0
L10-M2,896,895,2,2,7,5 6 10 11 20 21 22,1,0.9333333333333333,0.06666666666666665,0.1333333333333333,0
L10-M2,897,896,3,1,5,10 11 20 21 22,1,0.6666666666666666,0.33333333333333337,0.33333333333333337,0
L10-M2,898,897,6,-2,4,10 11 20 21,1,0.5333333333333333,0.4666666666666667,-0.9333333333333333,0
L10-M2,899,898,1,3,4,10 11 33 34,1,0.5333333333333333,0.4666666666666667,1.4,0
L10-M2,900,899,6,-2,4,2 3 10 11,0,0.5333333333333333,-0.5333333333333333,1.0666666666666667,0
L10-M2,901,900,3,1,6,2 3 10 11 29 30,1,0.8,0.19999999999999996,0.19999999999999996,0
L10-M2,902,901,4,0,4,2 3 10 11,0,0.5333333333333333,-0.5333333333333333,-0.0,0
L10-M2,903,902,5,-1,6,2 3 4 9 10 11,1,0.8,0.19999999999999996,-0.19999999999999996,0
L10-M2,904,903,7,-3,5,3 4 9 10 11,0,0.6666666666666666,-0.6666666666666666,2.0,0
L10-M2,905,904,4,0,5,3 4 9 10 11,2,0.6666666666666666,1.3333333333333335,0.0,0
L10-M2,906,905,4,0,5,9 10 11 31 32,2,0.6666666666666666,1.3333333333333335,0.0,0
L10-M2,907,906,4,0,3,9 10 11,0,0.4,-0.4,-0.0,0
L10-M2,908,907,4,0,4,9 10 11 12,0,0.5333333333333333,-0.5333333333333333,-0.0,0
L10-M2,909,908,6,-2,6,9 10 11 12 41 42,0,0.8,-0.8,1.6,0
L10-M2,910,909,5,-1,6,9 10 11 12 41 42,1,0.8,0.19999999999999996,-0.19999999999999996,0
L10-M2,911,910,5,-1,6,9 10 12 13 41 42,2,0.8,1.2,-1.2,0
L10-M2,912,911,6,-2,2,9 10,0,0.26666666666666666,-0.26666666666666666,0.5333333333333333,0
L10-M2,913,912,3,1,6,9 10 19 20 36 37,1,0.8,0.19999999999999996,0.19999999999999996,0
L10-M2,914,913,7,-3,4,9 10 19 20,1,0.5333333333333333,0.4666666666666667,-1.4,0
L10-M2,915,914,4,0,4,9 10 25 26,0,0.5333333333333333,-0.5333333333333333,-0.0,0
L10-M2,916,915,5,-1,4,9 10 25 26,0,0.5333333333333333,-0.5333333333333333,0.5333333333333333,0
L10-M2,917,916,2,2,4,9 10 25 26,0,0.5333333333333333,-0.5333333333333333,-1.0666666666666667,0
L10-M2,918,917,6,-2,6,9 10 25 26 40 41,0,0.8,-0.8,1.6,0
L10-M2,919,918,1,3,6,9 10 25 26 40 41,1,0.8,0.19999999999999996,0.5999999999999999,0
L10-M2,920,919,5,-1,7,25 26 28 29 30 40 41,1,0.9333333333333333,0.06666666666666665,-0.06666666666666665,0
L10-M2,921,920,4,0,6,28 29 30 39 40 41,2,0.8,1.2,0.0,0
L10-M2,922,921,1,3,4,29 30 39 40,0,0.5333333333333333,-0.5333333333333333,-1.6,0
L10-M2,923,922,6,-2,4,29 30 39 40,0,0.5333333333333333,-0.5333333333333333,1.0666666666666667,0
L10-M2,924,923,5,-1,4,29 30 39 40,0,0.5333333333333333,-0.5333333333333333,0.5333333333333333,0
L10-M2,925,924,3,1,8,15 16 19 20 29 30 39 40,1,1.0666666666666667,-0.06666666666666665,-0.06666666666666665,0
L10-M2,926,925,1,3,6,15 16 19 20 29 30,2,0.8,1.2,3.5999999999999996,0
L10-M2,927,926,1,3,2,29 30,0,0.26666666666666666,-0.26666666666666666,-0.8,0
L10-M2,928,927,4,0,2,29 30,0,0.26666666666666666,-0.26666666666666666,-0.0,0
L10-M2,929,928,6,-2,2,29 30,0,0.26666666666666666,-0.26666666666666666,0.5333333333333333,0
L10-M2,930,929,1,3,2,29 30,0,0.26666666666666666,-0.26666666666666666,-0.8,0
L10-M2,931,930,4,0,2,29 30,0,0.26666666666666666,-0.26666666666666666,-0.0,0
L10-M2,932,931,5,-1,2,29 30,0,0.26666666666666666,-0.26666666666666666,0.26666666666666666,0
L10-M2,933,932,2,2,4,26 27 29 30,2,0.5333333333333333,1.4666666666666668,2.9333333333333336,0
L10-M2,934,933,6,-2,0,,0,0.0,0.0,-0.0,0
L10-M2,935,934,3,1,0,,0,0.0,0.0,0.0,0
L10-M2,936,935,3,1,0,,0,0.0,0.0,0.0,0
L10-M2,937,936,7,-3,0,,0,0.0,0.0,-0.0,0
L10-M2,938,937,5,-1,2,41 42,0,0.26666666666666666,-0.26666666666666666,0.26666666666666666,0
L10-M2,939,938,3,1,2,41 42,1,0.26666666666666666,0.7333333333333334,0.7333333333333334,0
L10-M2,940,939,2,2,0,,0,0.0,0.0,0.0,0
L10-M2,941,940,2,2,0,,0,0.0,0.0,0.0,0
L10-M2,942,941,5,-1,2,34 35,1,0.26666666666666666,0.7333333333333334,-0.7333333333333334,0
L10-M2,943,942,5,-1,2,5 6,0,0.26666666666666666,-0.26666666666666666,0.26666666666666666,0
L10-M2,944,943,5,-1,2,5 6,0,0.26666666666666666,-0.26666666666666666,0.26666666666666666,0
L10-M2,945,944,7,-3,2,5 6,0,0.26666666666666666,-0.26666666666666666,0.8,0
L10-M2,946,945,4,0,2,5 6,0,0.26666666666666666,-0.26666666666666666,-0.0,0
L10-M2,947,946,4,0,3,5 6 7,0,0.4,-0.4,-0.0,0
L10-M2,948,947,5,-1,3,5 6 7,0,0.4,-0.4,0.4,0
L10-M2,949,948,1,3,3,5 6 7,0,0.4,-0.4,-1.2000000000000002,0
L10-M2,950,949,3,1,6,4 5 6 7 28 29,2,0.8,1.2,1.2,0
L10-M2,951,950,3,1,5,5 6 7 23 24,0,0.6666666666666666,-0.6666666666666666,-0.6666666666666666,0
L10-M2,952,951,5,-1,7,5 6 7 23 24 25 26,1,0.9333333333333333,0.06666666666666665,-0.06666666666666665,0
L10-M2,953,952,6,-2,5,5 6 7 25 26,1,0.6666666666666666,0.33333333333333337,-0.6666666666666667,0
L10-M2,954,953,5,-1,4,5 6 25 26,1,0.5333333333333333,0.4666666666666667,-0.4666666666666667,0
L10-M2,955,954,6,-2,2,5 6,0,0.26666666666666666,-0.26666666666666666,0.5333333333333333,0
L10-M2,956,955,2,2,4,5 6 10 11,2,0.5333333333333333,1.4666666666666668,2.9333333333333336,0
L10-M2,957,956,6,-2,2,5 6,0,0.26666666666666666,-0.26666666666666666,0.5333333333333333,0
L10-M2,958,957,1,3,4,5 6 16 17,1,0.5333333333333333,0.4666666666666667,1.4,0
L10-M2,959,958,1,3,5,5 6 17 18 19,0,0.6666666666666666,-0.6666666666666666,-2.0,0
L10-M2,960,959,5,-1,7,5 6 17 18 19 44 45,2,0.9333333333333333,1.0666666666666667,-1.0666666666666667,0
L10-M2,961,960,2,2,2,5 6,0,0.26666666666666666,-0.26666666666666666,-0.5333333333333333,0
L10-M2,962,961,7,-3,6,5 6 38 39 43 44,1,0.8,0.19999999999999996,-0.5999999999999999,0
L10-M2,963,962,6,-2,6,5 6 12 13 38 39,2,0.8,1.2,-2.4,0
L10-M2,964,963,6,-2,4,7 8 38 39,2,0.5333333333333333,1.4666666666666668,-2.9333333333333336,0
L10-M2,965,964,3,1,2,7 8,0,0.26666666666666666,-0.26666666666666666,-0.26666666666666666,0
L10-M2,966,965,6,-2,4,7 8 26 27,0,0.5333333333333333,-0.5333333333333333,1.0666666666666667,0
L10-M2,967,966,6,-2,4,7 8 26 27,0,0.5333333333333333,-0.5333333333333333,1.0666666666666667,0
L10-M2,968,967,3,1,7,3 4 5 7 8 26 27,1,0.9333333333333333,0.06666666666666665,0.06666666666666665,0
L10-M2,969,968,6,-2,10,3 4 7 8 9 10 16 17 26 27,3,1.3333333333333333,1.6666666666666667,-3.3333333333333335,0
L10-M2,970,969,2,2,7,7 8 15 16 17 26 27,1,0.9333333333333333,0.06666666666666665,0.1333333333333333,0
L10-M2,971,970,1,3,4,7 8 26 27,1,0.5333333333333333,0.4666666666666667,1.4,0
L10-M2,972,971,3,1,4,7 8 32 33,0,0.5333333333333333,-0.5333333333333333,-0.5333333333333333,0
L10-M2,973,972,5,-1,6,7 8 30 31 32 33,1,0.8,0.19999999999999996,-0.19999999999999996,0
L10-M2,974,973,2,2,6,7 8 19 20 32 33,0,0.8,-0.8,-1.6,0
L10-M2,975,974,5,-1,6,7 8 19 20 32 33,2,0.8,1.2,-1.2,0
L10-M2,976,975,1,3,4,19 20 32 33,0,0.5333333333333333,-0.5333333333333333,-1.6,0
L10-M2,977,976,1,3,5,19 20 32 33 34,0,0.6666666666666666,-0.6666666666666666,-2.0,0
L10-M2,978,977,5,-1,5,19 20 32 33 34,2,0.6666666666666666,1.3333333333333335,-1.3333333333333335,0
L10-M2,979,978,3,1,2,19 20,0,0.26666666666666666,-0.26666666666666666,-0.26666666666666666,0
L10-M2,980,979,5,-1,4,19 20 29 30,0,0.5333333333333333,-0.5333333333333333,0.5333333333333333,0
L10-M2,981,980,3,1,5,19 20 28 29 30,0,0.6666666666666666,-0.6666666666666666,-0.6666666666666666,0
L10-M2,982,981,2,2,6,18 19 20 28 29 30,1,0.8,0.19999999999999996,0.3999999999999999,0
L10-M2,983,982,6,-2,5,18 19 28 29 30,0,0.6666666666666666,-0.6666666666666666,1.3333333333333333,0
L10-M2,984,983,2,2,5,18 19 28 29 30,0,0.6666666666666666,-0.6666666666666666,-1.3333333333333333,0
L10-M2,985,984,3,1,8,18 19 28 29 30 38 39 40,1,1.0666666666666667,-0.06666666666666665,-0.06666666666666665,0
L10-M2,986,985,2,2,7,18 19 28 29 38 39 40,1,0.9333333333333333,0.06666666666666665,0.1333333333333333,0
L10-M2,987,986,5,-1,5,18 19 38 39 40,1,0.6666666666666666,0.33333333333333337,-0.33333333333333337,0
L10-M2,988,987,3,1,6,8 9 18 19 39 40,0,0.8,-0.8,-0.8,0
L10-M2,989,988,4,0,6,8 9 18 19 39 40,1,0.8,0.19999999999999996,0.0,0
L10-M2,990,989,4,0,6,8 9 11 12 39 40,0,0.8,-0.8,-0.0,0
L10-M2,991,990,5,-1,6,8 9 11 12 39 40,0,0.8,-0.8,0.8,0
L10-M2,992,991,6,-2,6,8 9 11 12 39 40,1,0.8,0.19999999999999996,-0.3999999999999999,0
L10-M2,993,992,3,1,6,5 6 8 9 39 40,1,0.8,0.19999999999999996,0.19999999999999996,0
L10-M2,994,993,7,-3,4,8 9 39 40,1,0.5333333333333333,0.4666666666666667,-1.4,0
L10-M2,995,994,6,-2,2,39 40,1,0.26666666666666666,0.7333333333333334,-1.4666666666666668,0
L10-M2,996,995,3,1,0,,0,0.0,0.0,0.0,0
L10-M2,997,996,5,-1,2,9 10,0,0.26666666666666666,-0.26666666666666666,0.26666666666666666,0
L10-M2,998,997,5,-1,4,9 10 22 23,0,0.5333333333333333,-0.5333333333333333,0.5333333333333333,0
L10-M2,999,998,5,-1,6,9 10 22 23 40 41,1,0.8,0.19999999999999996,-0.19999999999999996,0
L10-M2,1000,999,7,-3,5,21 22 23 40 41,1,0.6666666666666666,0.33333333333333337,-1.0,0
L10-M2,1001,1000,6,-2,4,36 37 40 41,0,0.5333333333333333,-0.5333333333333333,1.0666666666666667,0
L10-M2,1002,1001,5,-1,6,30 31 36 37 40 41,0,0.8,-0.8,0.8,0
L10-M2,1003,1002,1,3,6,30 31 36 37 40 41,0,0.8,-0.8,-2.4000000000000004,0
L10-M2,1004,1003,4,0,6,30 31 36 37 40 41,2,0.8,1.2,0.0,0
L10-M2,1005,1004,3,1,4,26 27 40 41,1,0.5333333333333333,0.4666666666666667,0.4666666666666667,0
L10-M2,1006,1005,3,1,2,40 41,0,0.26666666666666666,-0.26666666666666666,-0.26666666666666666,0
L10-M2,1007,1006,6,-2,2,40 41,0,0.26666666666666666,-0.26666666666666666,0.5333333333333333,0
L10-M2,1008,1007,7,-3,2,40 41,1,0.26666666666666666,0.7333333333333334,-2.2,0
L10-M2,1009,1008,5,-1,0,,0,0.0,0.0,-0.0,0
L10-M2,1010,1009,2,2,0,,0,0.0,0.0,0.0,0
L10-M2,1011,1010,1,3,2,2 3,0,0.26666666666666666,-0.26666666666666666,-0.8,0
L10-M2,1012,1011,7,-3,4,2 3 5 6,1,0.5333333333333333,0.4666666666666667,-1.4,0
L10-M2,1013,1012,1,3,4,2 3 32 33,0,0.5333333333333333,-0.5333333333333333,-1.6,0
L10-M2,1014,1013,4,0,7,2 3 4 32 33 42 43,1,0.9333333333333333,0.06666666666666665,0.0,0
L10-M2,1015,1014,5,-1,6,6 7 32 33 42 43,1,0.8,0.19999999999999996,-0.19999999999999996,0
L10-M2,1016,1015,7,-3,4,6 7 42 43,1,0.5333333333333333,0.4666666666666667,-1.4,0
L10-M2,1017,1016,7,-3,2,6 7,0,0.26666666666666666,-0.26666666666666666,0.8,0
L10-M2,1018,1017,6,-2,5,6 7 8 16 17,0,0.6666666666666666,-0.6666666666666666,1.3333333333333333,0
L10-M2,1019,1018,5,-1,5,6 7 8 16 17,1,0.6666666666666666,0.33333333333333337,-0.33333333333333337,0
L10-M2,1020,1019,3,1,5,6 7 8 43 44,0,0.6666666666666666,-0.6666666666666666,-0.6666666666666666,0
L10-M2,1021,1020,1,3,5,6 7 8 43 44,0,0.6666666666666666,-0.6666666666666666,-2.0,0
L10-M2,1022,1021,3,1,7,6 7 8 9 10 43 44,1,0.9333333333333333,0.06666666666666665,0.06666666666666665,0
L10-M2,1023,1022,4,0,6,7 8 9 10 43 44,1,0.8,0.19999999999999996,0.0,0
L10-M2,1024,1023,5,-1,5,7 8 9 43 44,2,0.6666666666666666,1.3333333333333335,-1.3333333333333335,0
L10-M2,1025,1024,2,2,2,7 8,1,0.26666666666666666,0.7333333333333334,1.4666666666666668,0
L10-M2,1026,1025,1,3,2,31 32,2,0.26666666666666666,1.7333333333333334,5.2,0
L10-M2,1027,1026,6,-2,0,,0,0.0,0.0,-0.0,0
L10-M2,1028,1027,1,3,0,,0,0.0,0.0,0.0,0
L10-M2,1029,1028,6,-2,4,2 3 36 37,1,0.5333333333333333,0.4666666666666667,-0.9333333333333333,0
L10-M2,1030,1029,2,2,4,1 2 3 4,1,0.5333333333333333,0.4666666666666667,0.9333333333333333,0
L10-M2,1031,1030,3,1,2,3 4,0,0.26666666666666666,-0.26666666666666666,-0.26666666666666666,0
L10-M2,1032,1031,3,1,2,3 4,0,0.26666666666666666,-0.26666666666666666,-0.26666666666666666,0
L10-M2,1033,1032,5,-1,2,3 4,1,0.26666666666666666,0.7333333333333334,-0.7333333333333334,0
L10-M2,1034,1033,2,2,0,,0,0.0,0.0,0.0,0
L10-M2,1035,1034,1,3,0,,0,0.0,0.0,0.0,0
L10-M2,1036,1035,1,3,0,,0,0.0,0.0,0.0,0
L10-M2,1037,1036,6,-2,0,,0,0.0,0.0,-0.0,0
L10-M2,1038,1037,6,-2,0,,0,0.0,0.0,-0.0,0
L10-M2,1039,1038,1,3,0,,0,0.0,0.0,0.0,0
L10-M2,1040,1039,5,-1,0,,0,0.0,0.0,-0.0,0
L10-M2,1041,1040,2,2,2,17 18,2,0.26666666666666666,1.7333333333333334,3.466666666666667,0
L10-M2,1042,1041,7,-3,0,,0,0.0,0.0,-0.0,0
L10-M2,1043,1042,1,3,2,12 13,1,0.26666666666666666,0.7333333333333334,2.2,0
L10-M2,1044,1043,4,0,2,20 21,1,0.26666666666666666,0.7333333333333334,0.0,0
L10-M2,1045,1044,1,3,0,,0,0.0,0.0,0.0,0
L10-M2,1046,1045,6,-2,0,,0,0.0,0.0,-0.0,0
L10-M2,1047,1046,4,0,0,,0,0.0,0.0,0.0,0
L10-M2,1048,1047,3,1,0,,0,0.0,0.0,0.0,0
L10-M2,1049,1048,5,-1,2,37 38,1,0.26666666666666666,0.7333333333333334,-0.7333333333333334,0
L10-M2,1050,1049,4,0,0,,0,0.0,0.0,0.0,0
L10-M2,1051,1050,3,1,0,,0,0.0,0.0,0.0,0
L10-M2,1052,1051,7,-3,4,8 9 10 11,0,0.5333333333333333,-0.5333333333333333,1.6,0
L10-M2,1053,1052,1,3,6,8 9 10 11 23 24,0,0.8,-0.8,-2.4000000000000004,0
L10-M2,1054,1053,1,3,6,8 9 10 11 23 24,0,0.8,-0.8,-2.4000000000000004,0
L10-M2,1055,1054,6,-2,6,8 9 10 11 23 24,0,0.8,-0.8,1.6,0
L10-M2,1056,1055,6,-2,6,8 9 10 11 23 24,1,0.8,0.19999999999999996,-0.3999999999999999,0
L10-M2,1057,1056,4,0,6,8 9 10 11 15 16,1,0.8,0.19999999999999996,0.0,0
L10-M2,1058,1057,2,2,9,1 2 9 10 11 15 16 41 42,1,1.2,-0.19999999999999996,-0.3999999999999999,0
L10-M2,1059,1058,7,-3,8,1 2 9 10 15 16 41 42,1,1.0666666666666667,-0.06666666666666665,0.19999999999999996,0
L10-M2,1060,1059,5,-1,7,1 2 3 15 16 41 42,1,0.9333333333333333,0.06666666666666665,-0.06666666666666665,0
L10-M2,1061,1060,5,-1,8,1 2 15 16 41 42 43 44,0,1.0666666666666667,-1.0666666666666667,1.0666666666666667,0
L10-M2,1062,1061,2,2,8,1 2 15 16 41 42 43 44,1,1.0666666666666667,-0.06666666666666665,-0.1333333333333333,0
L10-M2,1063,1062,1,3,11,1 2 5 6 15 16 17 18 42 43 44,1,1.4666666666666666,-0.46666666666666656,-1.3999999999999997,0
L10-M2,1064,1063,6,-2,9,1 2 15 16 17 18 42 43 44,1,1.2,-0.19999999999999996,0.3999999999999999,0
L10-M2,1065,1064,4,0,10,1 2 15 16 17 28 29 42 43 44,0,1.3333333333333333,-1.3333333333333333,-0.0,0
L10-M2,1066,1065,5,-1,11,1 2 14 15 16 17 28 29 42 43 44,1,1.4666666666666666,-0.46666666666666656,0.46666666666666656,0
L10-M2,1067,1066,7,-3,9,1 2 14 15 28 29 42 43 44,1,1.2,-0.19999999999999996,0.5999999999999999,0
L10-M2,1068,1067,3,1,9,1 2 12 13 14 15 42 43 44,0,1.2,-1.2,-1.2,0
L10-M2,1069,1068,1,3,11,1 2 12 13 14 15 29 30 42 43 44,1,1.4666666666666666,-0.46666666666666656,-1.3999999999999997,0
L10-M2,1070,1069,7,-3,9,12 13 14 15 29 30 42 43 44,2,1.2,0.8,-2.4000000000000004,0
L10-M2,1071,1070,6,-2,5,12 13 42 43 44,0,0.6666666666666666,-0.6666666666666666,1.3333333333333333,0
L10-M2,1072,1071,7,-3,7,12 13 36 37 42 43 44,1,0.9333333333333333,0.06666666666666665,-0.19999999999999996,0
L10-M2,1073,1072,5,-1,6,12 13 36 37 39 40,0,0.8,-0.8,0.8,0
L10-M2,1074,1073,2,2,8,12 13 24 25 36 37 39 40,0,1.0666666666666667,-1.0666666666666667,-2.1333333333333333,0
L10-M2,1075,1074,3,1,10,8 9 12 13 24 25 36 37 39 40,1,1.3333333333333333,-0.33333333333333326,-0.33333333333333326,0
L10-M2,1076,1075,2,2,8,8 9 12 13 36 37 39 40,3,1.0666666666666667,1.9333333333333333,3.8666666666666667,0
L10-M2,1077,1076,4,0,4,12 13 39 40,1,0.5333333333333333,0.4666666666666667,0.0,0
L10-M2,1078,1077,5,-1,2,12 13,0,0.26666666666666666,-0.26666666666666666,0.26666666666666666,0
L10-M2,1079,1078,7,-3,4,12 13 25 26,0,0.5333333333333333,-0.5333333333333333,1.6,0
L10-M2,1080,1079,2,2,4,12 13 25 26,1,0.5333333333333333,0.4666666666666667,0.9333333333333333,0
L10-M2,1081,1080,6,-2,2,25 26,0,0.26666666666666666,-0.26666666666666666,0.5333333333333333,0
L10-M2,1082,1081,4,0,4,21 22 25 26,2,0.5333333333333333,1.4666666666666668,0.0,0
L10-M2,1083,1082,4,0,0,,0,0.0,0.0,0.0,0
L10-M2,1084,1083,5,-1,0,,0,0.0,0.0,-0.0,0
L10-M2,1085,1084,1,3,2,19 20,0,0.26666666666666666,-0.26666666666666666,-0.8,0
L10-M2,1086,1085,5,-1,2,19 20,0,0.26666666666666666,-0.26666666666666666,0.26666666666666666,0
L10-M2,1087,1086,7,-3,2,19 20,0,0.26666666666666666,-0.26666666666666666,0.8,0
L10-M2,1088,1087,3,1,5,19 20 39 40 41,1,0.6666666666666666,0.33333333333333337,0.33333333333333337,0
L10-M2,1089,1088,5,-1,6,5 6 19 20 40 41,0,0.8,-0.8,0.8,0
L10-M2,1090,1089,5,-1,6,5 6 19 20 40 41,2,0.8,1.2,-1.2,0
L10-M2,1091,1090,1,3,2,5 6,1,0.26666666666666666,0.7333333333333334,2.2,0
L10-M2,1092,1091,7,-3,4,1 2 9 10,0,0.5333333333333333,-0.5333333333333333,1.6,0
L10-M2,1093,1092,6,-2,4,1 2 9 10,1,0.5333333333333333,0.4666666666666667,-0.9333333333333333,0
L10-M2,1094,1093,7,-3,3,1 2 3,0,0.4,-0.4,1.2000000000000002,0
L10-M2,1095,1094,7,-3,5,1 2 3 8 9,1,0.6666666666666666,0.33333333333333337,-1.0,0
L10-M2,1096,1095,2,2,3,1 2 3,1,0.4,0.6,1.2,0
L10-M2,1097,1096,6,-2,2,2 3,0,0.26666666666666666,-0.26666666666666666,0.5333333333333333,0
L10-M2,1098,1097,1,3,2,2 3,0,0.26666666666666666,-0.26666666666666666,-0.8,0
L10-M2,1099,1098,2,2,4,2 3 38 39,2,0.5333333333333333,1.4666666666666668,2.9333333333333336,0
L10-M2,1100,1099,2,2,4,4 5 31 32,1,0.5333333333333333,0.4666666666666667,0.9333333333333333,0
L10-M2,1101,1100,1,3,2,4 5,0,0.26666666666666666,-0.26666666666666666,-0.8,0
L10-M2,1102,1101,6,-2,2,4 5,0,0.26666666666666666,-0.26666666666666666,0.5333333333333333,0
L10-M2,1103,1102,3,1,4,4 5 44 45,1,0.5333333333333333,0.4666666666666667,0.4666666666666667,0
L10-M2,1104,1103,1,3,2,4 5,0,0.26666666666666666,-0.26666666666666666,-0.8,0
L10-M2,1105,1104,2,2,2,4 5,0,0.26666666666666666,-0.26666666666666666,-0.5333333333333333,0
L10-M2,1106,1105,2,2,4,4 5 8 9,1,0.5333333333333333,0.4666666666666667,0.9333333333333333,0
L10-M2,1107,1106,5,-1,4,8 9 18 19,0,0.5333333333333333,-0.5333333333333333,0.5333333333333333,0
L10-M2,1108,1107,3,1,6,8 9 18 19 32 33,1,0.8,0.19999999999999996,0.19999999999999996,0
L10-M2,1109,1108,4,0,7,8 9 23 24 25 32 33,1,0.9333333333333333,0.06666666666666665,0.0,0
L10-M2,1110,1109,1,3,5,8 9 23 24 25,0,0.6666666666666666,-0.6666666666666666,-2.0,0
L10-M2,1111,1110,6,-2,7,8 9 17 18 23 24 25,0,0.9333333333333333,-0.9333333333333333,1.8666666666666667,0
L10-M2,1112,1111,2,2,9,8 9 17 18 23 24 25 27 28,0,1.2,-1.2,-2.4,0
L10-M2,1113,1112,3,1,9,8 9 17 18 23 24 25 27 28,0,1.2,-1.2,-1.2,0
L10-M2,1114,1113,1,3,9,8 9 17 18 23 24 25 27 28,0,1.2,-1.2,-3.5999999999999996,0
L10-M2,1115,1114,1,3,9,8 9 17 18 23 24 25 27 28,1,1.2,-0.19999999999999996,-0.5999999999999999,0
L10-M2,1116,1115,2,2,8,8 9 17 18 24 25 27 28,2,1.0666666666666667,0.9333333333333333,1.8666666666666667,0
L10-M2,1117,1116,7,-3,9,1 2 4 5 8 9 27 28 29,2,1.2,0.8,-2.4000000000000004,0
L10-M2,1118,1117,3,1,7,1 2 5 6 27 28 29,0,0.9333333333333333,-0.9333333333333333,-0.9333333333333333,0
L10-M2,1119,1118,1,3,7,1 2 5 6 27 28 29,1,0.9333333333333333,0.06666666666666665,0.19999999999999996,0
L10-M2,1120,1119,2,2,7,5 6 27 28 29 39 40,0,0.9333333333333333,-0.9333333333333333,-1.8666666666666667,0
L10-M2,1121,1120,5,-1,7,5 6 27 28 29 39 40,1,0.9333333333333333,0.06666666666666665,-0.06666666666666665,0
L10-M2,1122,1121,2,2,5,27 28 29 39 40,0,0.6666666666666666,-0.6666666666666666,-1.3333333333333333,0
L10-M2,1123,1122,4,0,7,27 28 29 39 40 42 43,0,0.9333333333333333,-0.9333333333333333,-0.0,0
L10-M2,1124,1123,5,-1,7,27 28 29 39 40 42 43,0,0.9333333333333333,-0.9333333333333333,0.9333333333333333,0
L10-M2,1125,1124,4,0,7,27 28 29 39 40 42 43,1,0.9333333333333333,0.06666666666666665,0.0,0
L10-M2,1126,1125,4,0,7,22 23 27 28 29 42 43,0,0.9333333333333333,-0.9333333333333333,-0.0,0
L10-M2,1127,1126,3,1,7,22 23 27 28 29 42 43,0,0.9333333333333333,-0.9333333333333333,-0.9333333333333333,0
L10-M2,1128,1127,6,-2,7,22 23 27 28 29 42 43,1,0.9333333333333333,0.06666666666666665,-0.1333333333333333,0
L10-M2,1129,1128,7,-3,4,22 23 42 43,0,0.5333333333333333,-0.5333333333333333,1.6,0
L10-M2,1130,1129,5,-1,4,22 23 42 43,0,0.5333333333333333,-0.5333333333333333,0.5333333333333333,0
L10-M2,1131,1130,7,-3,5,22 23 41 42 43,0,0.6666666666666666,-0.6666666666666666,2.0,0
L10-M2,1132,1131,6,-2,5,22 23 41 42 43,1,0.6666666666666666,0.33333333333333337,-0.6666666666666667,0
L10-M2,1133,1132,1,3,4,22 23 42 43,0,0.5333333333333333,-0.5333333333333333,-1.6,0
L10-M2,1134,1133,4,0,6,22 23 35 36 42 43,0,0.8,-0.8,-0.0,0
L10-M2,1135,1134,6,-2,6,22 23 35 36 42 43,0,0.8,-0.8,1.6,0
L10-M2,1136,1135,2,2,8,22 23 35 36 42 43 44 45,3,1.0666666666666667,1.9333333333333333,3.8666666666666667,0
L10-M2,1137,1136,1,3,4,22 23 39 40,0,0.5333333333333333,-0.5333333333333333,-1.6,0
L10-M2,1138,1137,5,-1,9,22 23 30 31 32 36 37 39 40,0,1.2,-1.2,1.2,0
L10-M2,1139,1138,7,-3,9,22 23 30 31 32 36 37 39 40,3,1.2,1.8,-5.4,0
L10-M2,1140,1139,4,0,8,10 11 17 18 22 23 31 32,3,1.0666666666666667,1.9333333333333333,0.0,0
L10-M2,1141,1140,3,1,4,17 18 25 26,1,0.5333333333333333,0.4666666666666667,0.4666666666666667,0
L10-M2,1142,1141,4,0,2,17 18,0,0.26666666666666666,-0.26666666666666666,-0.0,0
L10-M2,1143,1142,3,1,2,17 18,1,0.26666666666666666,0.7333333333333334,0.7333333333333334,0
L10-M2,1144,1143,1,3,0,,0,0.0,0.0,0.0,0
L10-M2,1145,1144,3,1,3,23 24 25,0,0.4,-0.4,-0.4,0
L10-M2,1146,1145,4,0,3,23 24 25,0,0.4,-0.4,-0.0,0
L10-M2,1147,1146,5,-1,3,23 24 25,1,0.4,0.6,-0.6,0
L10-M2,1148,1147,6,-2,0,,0,0.0,0.0,-0.0,0
L10-M2,1149,1148,7,-3,0,,0,0.0,0.0,-0.0,0
L10-M2,1150,1149,7,-3,0,,0,0.0,0.0,-0.0,0
L10-M2,1151,1150,4,0,0,,0,0.0,0.0,0.0,0
L10-M2,1152,1151,3,1,0,,0,0.0,0.0,0.0,0
L10-M2,1153,1152,1,3,2,41 42,0,0.26666666666666666,-0.26666666666666666,-0.8,0
L10-M2,1154,1153,2,2,2,41 42,0,0.26666666666666666,-0.26666666666666666,-0.5333333333333333,0
L10-M2,1155,1154,5,-1,2,41 42,0,0.26666666666666666,-0.26666666666666666,0.26666666666666666,0
L10-M2,1156,1155,2,2,4,33 34 41 42,2,0.5333333333333333,1.4666666666666668,2.9333333333333336,0
L10-M2,1157,1156,1,3,2,42 43,0,0.26666666666666666,-0.26666666666666666,-0.8,0
L10-M2,1158,1157,7,-3,4,23 24 42 43,0,0.5333333333333333,-0.5333333333333333,1.6,0
L10-M2,1159,1158,1,3,4,23 24 42 43,0,0.5333333333333333,-0.5333333333333333,-1.6,0
L10-M2,1160,1159,2,2,4,23 24 42 43,0,0.5333333333333333,-0.5333333333333333,-1.0666666666666667,0
L10-M2,1161,1160,4,0,4,23 24 42 43,2,0.5333333333333333,1.4666666666666668,0.0,0
L10-M2,1162,1161,6,-2,2,14 15,0,0.26666666666666666,-0.26666666666666666,0.5333333333333333,0
L10-M2,1163,1162,1,3,2,14 15,1,0.26666666666666666,0.7333333333333334,2.2,0
L10-M2,1164,1163,2,2,0,,0,0.0,0.0,0.0,0
L10-M2,1165,1164,3,1,0,,0,0.0,0.0,0.0,0
L10-M2,1166,1165,3,1,2,10 11,0,0.26666666666666666,-0.26666666666666666,-0.26666666666666666,0
L10-M2,1167,1166,2,2,6,10 11 30 31 40 41,2,0.8,1.2,2.4,0
L10-M2,1168,1167,3,1,4,4 5 10 11,0,0.5333333333333333,-0.5333333333333333,-0.5333333333333333,0
L10-M2,1169,1168,4,0,4,4 5 10 11,1,0.5333333333333333,0.4666666666666667,0.0,0
L10-M2,1170,1169,3,1,4,3 4 10 11,1,0.5333333333333333,0.4666666666666667,0.4666666666666667,0
L10-M2,1171,1170,3,1,2,10 11,1,0.26666666666666666,0.7333333333333334,0.7333333333333334,0
L10-M2,1172,1171,7,-3,0,,0,0.0,0.0,-0.0,0
L10-M2,1173,1172,7,-3,2,19 20,1,0.26666666666666666,0.7333333333333334,-2.2,0
L10-M2,1174,1173,2,2,2,15 16,0,0.26666666666666666,-0.26666666666666666,-0.5333333333333333,0
L10-M2,1175,1174,5,-1,2,15 16,0,0.26666666666666666,-0.26666666666666666,0.26666666666666666,0
L10-M2,1176,1175,5,-1,2,15 16,0,0.26666666666666666,-0.26666666666666666,0.26666666666666666,0
L10-M2,1177,1176,5,-1,2,15 16,2,0.26666666666666666,1.7333333333333334,-1.7333333333333334,0
L10-M2,1178,1177,6,-2,2,22 23,0,0.26666666666666666,-0.26666666666666666,0.5333333333333333,0
L10-M2,1179,1178,4,0,2,22 23,0,0.26666666666666666,-0.26666666666666666,-0.0,0
L10-M2,1180,1179,4,0,4,22 23 25 26,0,0.5333333333333333,-0.5333333333333333,-0.0,0
L10-M2,1181,1180,1,3,8,22 23 25 26 28 29 33 34,1,1.0666666666666667,-0.06666666666666665,-0.19999999999999996,0
L10-M2,1182,1181,5,-1,6,22 23 25 26 28 29,2,0.8,1.2,-1.2,0
L10-M2,1183,1182,4,0,2,22 23,1,0.26666666666666666,0.7333333333333334,0.0,0
L10-M2,1184,1183,6,-2,0,,0,0.0,0.0,-0.0,0
L10-M2,1185,1184,7,-3,2,38 39,0,0.26666666666666666,-0.26666666666666666,0.8,0
L10-M2,1186,1185,7,-3,2,38 39,0,0.26666666666666666,-0.26666666666666666,0.8,0
L10-M2,1187,1186,7,-3,4,34 35 38 39,0,0.5333333333333333,-0.5333333333333333,1.6,0
L10-M2,1188,1187,7,-3,4,34 35 38 39,0,0.5333333333333333,-0.5333333333333333,1.6,0
L10-M2,1189,1188,3,1,6,34 35 38 39 42 43,2,0.8,1.2,1.2,0
L10-M2,1190,1189,4,0,4,42 43 44 45,1,0.5333333333333333,0.4666666666666667,0.0,0
L10-M2,1191,1190,6,-2,3,42 43 44,0,0.4,-0.4,0.8,0
L10-M2,1192,1191,2,2,5,33 34 42 43 44,0,0.6666666666666666,-0.6666666666666666,-1.3333333333333333,0
L10-M2,1193,1192,2,2,5,33 34 42 43 44,0,0.6666666666666666,-0.6666666666666666,-1.3333333333333333,0
L10-M2,1194,1193,4,0,5,33 34 42 43 44,1,0.6666666666666666,0.33333333333333337,0.0,0
L10-M2,1195,1194,1,3,5,30 31 42 43 44,0,0.6666666666666666,-0.6666666666666666,-2.0,0
L10-M2,1196,1195,7,-3,8,17 18 30 31 32 42 43 44,0,1.0666666666666667,-1.0666666666666667,3.2,0
L10-M2,1197,1196,3,1,8,17 18 30 31 32 42 43 44,1,1.0666666666666667,-0.06666666666666665,-0.06666666666666665,0
L10-M2,1198,1197,6,-2,5,17 18 30 31 32,1,0.6666666666666666,0.33333333333333337,-0.6666666666666667,0
L10-M2,1199,1198,1,3,6,17 18 21 22 31 32,2,0.8,1.2,3.5999999999999996,0
L10-M2,1200,1199,1,3,4,17 18 21 22,0,0.5333333333333333,-0.5333333333333333,-1.6,0
L10-M2,1201,1200,7,-3,4,17 18 21 22,0,0.5333333333333333,-0.5333333333333333,1.6,0
L10-M2,1202,1201,7,-3,4,17 18 21 22,1,0.5333333333333333,0.4666666666666667,-1.4,0
L10-M2,1203,1202,2,2,6,10 11 17 18 22 23,1,0.8,0.19999999999999996,0.3999999999999999,0
L10-M2,1204,1203,4,0,4,10 11 22 23,0,0.5333333333333333,-0.5333333333333333,-0.0,0
L10-M2,1205,1204,3,1,6,10 11 13 14 22 23,1,0.8,0.19999999999999996,0.19999999999999996,0
L10-M2,1206,1205,2,2,4,10 11 13 14,0,0.5333333333333333,-0.5333333333333333,-1.0666666666666667,0
L10-M2,1207,1206,4,0,5,10 11 13 14 15,1,0.6666666666666666,0.33333333333333337,0.0,0
L10-M2,1208,1207,2,2,3,13 14 15,0,0.4,-0.4,-0.8,0
L10-M2,1209,1208,2,2,3,13 14 15,0,0.4,-0.4,-0.8,0
L10-M2,1210,1209,4,0,3,13 14 15,0,0.4,-0.4,-0.0,0
L10-M2,1211,1210,6,-2,3,13 14 15,0,0.4,-0.4,0.8,0
L10-M2,1212,1211,1,3,3,13 14 15,0,0.4,-0.4,-1.2000000000000002,0
L10-M2,1213,1212,7,-3,8,11 12 13 14 15 32 33 34,1,1.0666666666666667,-0.06666666666666665,0.19999999999999996,0
L10-M2,1214,1213,1,3,9,12 13 14 15 18 19 32 33 34,3,1.2,1.8,5.4,0
L10-M2,1215,1214,2,2,5,12 13 14 28 29,1,0.6666666666666666,0.33333333333333337,0.6666666666666667,0
L10-M2,1216,1215,5,-1,2,28 29,0,0.26666666666666666,-0.26666666666666666,0.26666666666666666,0
L10-M2,1217,1216,7,-3,2,28 29,1,0.26666666666666666,0.7333333333333334,-2.2,0
L10-M2,1218,1217,7,-3,0,,0,0.0,0.0,-0.0,0
L10-M2,1219,1218,2,2,0,,0,0.0,0.0,0.0,0
L10-M2,1220,1219,5,-1,0,,0,0.0,0.0,-0.0,0
L10-M2,1221,1220,2,2,5,6 7 16 17 18,2,0.6666666666666666,1.3333333333333335,2.666666666666667,0
L10-M2,1222,1221,2,2,2,16 17,1,0.26666666666666666,0.7333333333333334,1.4666666666666668,0
L10-M2,1223,1222,6,-2,0,,0,0.0,0.0,-0.0,0
L10-M2,1224,1223,4,0,2,37 38,0,0.26666666666666666,-0.26666666666666666,-0.0,0
L10-M2,1225,1224,5,-1,2,37 38,0,0.26666666666666666,-0.26666666666666666,0.26666666666666666,0
L10-M2,1226,1225,5,-1,2,37 38,0,0.26666666666666666,-0.26666666666666666,0.26666666666666666,0
L10-M2,1227,1226,7,-3,4,23 24 37 38,0,0.5333333333333333,-0.5333333333333333,1.6,0
L10-M2,1228,1227,2,2,4,23 24 37 38,1,0.5333333333333333,0.4666666666666667,0.9333333333333333,0
L10-M2,1229,1228,1,3,2,37 38,1,0.26666666666666666,0.7333333333333334,2.2,0
L10-M2,1230,1229,3,1,0,,0,0.0,0.0,0.0,0
L10-M2,1231,1230,7,-3,0,,0,0.0,0.0,-0.0,0
L10-M2,1232,1231,4,0,0,,0,0.0,0.0,0.0,0
L10-M2,1233,1232,1,3,2,10 11,0,0.26666666666666666,-0.26666666666666666,-0.8,0
L10-M2,1234,1233,5,-1,4,10 11 32 33,0,0.5333333333333333,-0.5333333333333333,0.5333333333333333,0
L10-M2,1235,1234,4,0,4,10 11 32 33,1,0.5333333333333333,0.4666666666666667,0.0,0
L10-M2,1236,1235,5,-1,2,32 33,0,0.26666666666666666,-0.26666666666666666,0.26666666666666666,0
L10-M2,1237,1236,1,3,4,26 27 32 33,0,0.5333333333333333,-0.5333333333333333,-1.6,0
L10-M2,1238,1237,5,-1,6,16 17 26 27 32 33,1,0.8,0.19999999999999996,-0.19999999999999996,0
L10-M3,21,20,7,-3,4,26 27 28 29,0,0.5333333333333333,-0.5333333333333333,1.6,0
L10-M3,22,21,5,-1,4,26 27 28 29,0,0.5333333333333333,-0.5333333333333333,0.5333333333333333,0
L10-M3,23,22,6,-2,4,26 27 28 29,0,0.5333333333333333,-0.5333333333333333,1.0666666666666667,0
L10-M3,24,23,7,-3,5,25 26 27 28 29,2,0.6666666666666666,1.3333333333333335,-4.0,0
L10-M3,25,24,1,3,0,,0,0.0,0.0,0.0,0
L10-M3,26,25,3,1,0,,0,0.0,0.0,0.0,0
L10-M3,27,26,7,-3,0,,0,0.0,0.0,-0.0,0
L10-M3,28,27,4,0,0,,0,0.0,0.0,0.0,0
L10-M3,29,28,1,3,0,,0,0.0,0.0,0.0,0
L10-M3,30,29,3,1,0,,0,0.0,0.0,0.0,0
L10-M3,31,30,1,3,3,14 15 16,0,0.4,-0.4,-1.2000000000000002,0
L10-M3,32,31,6,-2,9,10 11 12 14 15 16 30 31 32,1,1.2,-0.19999999999999996,0.3999999999999999,0
L10-M3,33,32,2,2,6,10 11 12 30 31 32,1,0.8,0.19999999999999996,0.3999999999999999,0
L10-M3,34,33,3,1,3,10 11 12,0,0.4,-0.4,-0.4,0
L10-M3,35,34,1,3,6,10 11 12 29 30 31,1,0.8,0.19999999999999996,0.5999999999999999,0
L10-M3,36,35,6,-2,3,29 30 31,0,0.4,-0.4,0.8,0
L10-M3,37,36,6,-2,3,29 30 31,1,0.4,0.6,-1.2,0
L10-M3,38,37,7,-3,0,,0,0.0,0.0,-0.0,0
L10-M3,39,38,5,-1,0,,0,0.0,0.0,-0.0,0
L10-M3,40,39,3,1,0,,0,0.0,0.0,0.0,0
L10-M3,41,40,1,3,0,,0,0.0,0.0,0.0,0
L10-M3,42,41,4,0,0,,0,0.0,0.0,0.0,0
L10-M3,43,42,1,3,0,,0,0.0,0.0,0.0,0
L10-M3,44,43,1,3,0,,0,0.0,0.0,0.0,0
L10-M3,45,44,6,-2,0,,0,0.0,0.0,-0.0,0
L10-M3,46,45,3,1,0,,0,0.0,0.0,0.0,0
L10-M3,47,46,7,-3,3,40 41 42,0,0.4,-0.4,1.2000000000000002,0
L10-M3,48,47,4,0,3,40 41 42,0,0.4,-0.4,-0.0,0
L10-M3,49,48,1,3,3,40 41 42,1,0.4,0.6,1.7999999999999998,0
L10-M3,50,49,5,-1,0,,0,0.0,0.0,-0.0,0
L10-M3,51,50,1,3,0,,0,0.0,0.0,0.0,0
L10-M3,52,51,6,-2,3,41 42 43,0,0.4,-0.4,0.8,0
L10-M3,53,52,1,3,3,41 42 43,0,0.4,-0.4,-1.2000000000000002,0
L10-M3,54,53,7,-3,3,41 42 43,0,0.4,-0.4,1.2000000000000002,0
L10-M3,55,54,6,-2,3,41 42 43,0,0.4,-0.4,0.8,0
L10-M3,56,55,1,3,3,41 42 43,0,0.4,-0.4,-1.2000000000000002,0
L10-M3,57,56,3,1,6,23 24 25 41 42 43,1,0.8,0.19999999999999996,0.19999999999999996,0
L10-M3,58,57,1,3,3,41 42 43,0,0.4,-0.4,-1.2000000000000002,0
L10-M3,59,58,1,3,3,41 42 43,1,0.4,0.6,1.7999999999999998,0
L10-M3,60,59,2,2,0,,0,0.0,0.0,0.0,0
L10-M3,61,60,3,1,0,,0,0.0,0.0,0.0,0
L10-M3,62,61,1,3,3,11 12 13,0,0.4,-0.4,-1.2000000000000002,0
L10-M3,63,62,4,0,3,11 12 13,0,0.4,-0.4,-0.0,0
L10-M3,64,63,2,2,3,11 12 13,0,0.4,-0.4,-0.8,0
L10-M3,65,64,7,-3,3,11 12 13,0,0.4,-0.4,1.2000000000000002,0
L10-M3,66,65,5,-1,3,11 12 13,0,0.4,-0.4,0.4,0
L10-M3,67,66,7,-3,3,11 12 13,0,0.4,-0.4,1.2000000000000002,0
L10-M3,68,67,5,-1,3,11 12 13,1,0.4,0.6,-0.6,0
L10-M3,69,68,6,-2,0,,0,0.0,0.0,-0.0,0
L10-M3,70,69,6,-2,0,,0,0.0,0.0,-0.0,0
L10-M3,71,70,5,-1,0,,0,0.0,0.0,-0.0,0
L10-M3,72,71,5,-1,3,30 31 32,0,0.4,-0.4,0.4,0
L10-M3,73,72,1,3,3,30 31 32,1,0.4,0.6,1.7999999999999998,0
L10-M3,74,73,5,-1,0,,0,0.0,0.0,-0.0,0
L10-M3,75,74,5,-1,0,,0,0.0,0.0,-0.0,0
L10-M3,76,75,4,0,0,,0,0.0,0.0,0.0,0
L10-M3,77,76,7,-3,0,,0,0.0,0.0,-0.0,0
L10-M3,78,77,5,-1,0,,0,0.0,0.0,-0.0,0
L10-M3,79,78,7,-3,0,,0,0.0,0.0,-0.0,0
L10-M3,80,79,3,1,0,,0,0.0,0.0,0.0,0
L10-M3,81,80,1,3,3,19 20 21,1,0.4,0.6,1.7999999999999998,0
L10-M3,82,81,2,2,0,,0,0.0,0.0,0.0,0
L10-M3,83,82,6,-2,0,,0,0.0,0.0,-0.0,0
L10-M3,84,83,3,1,0,,0,0.0,0.0,0.0,0
L10-M3,85,84,1,3,4,38 39 40 41,0,0.5333333333333333,-0.5333333333333333,-1.6,0
L10-M3,86,85,4,0,4,38 39 40 41,2,0.5333333333333333,1.4666666666666668,0.0,0
L10-M3,87,86,3,1,0,,0,0.0,0.0,0.0,0
L10-M3,88,87,5,-1,0,,0,0.0,0.0,-0.0,0
L10-M3,89,88,5,-1,0,,0,0.0,0.0,-0.0,0
L10-M3,90,89,6,-2,0,,0,0.0,0.0,-0.0,0
L10-M3,91,90,1,3,0,,0,0.0,0.0,0.0,0
L10-M3,92,91,5,-1,0,,0,0.0,0.0,-0.0,0
L10-M3,93,92,3,1,0,,0,0.0,0.0,0.0,0
L10-M3,94,93,2,2,3,9 10 11,0,0.4,-0.4,-0.8,0
L10-M3,95,94,2,2,3,9 10 11,0,0.4,-0.4,-0.8,0
L10-M3,96,95,2,2,3,9 10 11,0,0.4,-0.4,-0.8,0
L10-M3,97,96,4,0,3,9 10 11,0,0.4,-0.4,-0.0,0
L10-M3,98,97,1,3,5,9 10 11 12 13,1,0.6666666666666666,0.33333333333333337,1.0,0
L10-M3,99,98,7,-3,4,10 11 12 13,1,0.5333333333333333,0.4666666666666667,-1.4,0
L10-M3,100,99,4,0,3,11 12 13,1,0.4,0.6,0.0,0
L10-M3,101,100,2,2,0,,0,0.0,0.0,0.0,0
L10-M3,102,101,3,1,0,,0,0.0,0.0,0.0,0
L10-M3,103,102,7,-3,0,,0,0.0,0.0,-0.0,0
L10-M3,104,103,2,2,0,,0,0.0,0.0,0.0,0
L10-M3,105,104,5,-1,0,,0,0.0,0.0,-0.0,0
L10-M3,106,105,4,0,0,,0,0.0,0.0,0.0,0
L10-M3,107,106,6,-2,0,,0,0.0,0.0,-0.0,0
L10-M3,108,107,6,-2,0,,0,0.0,0.0,-0.0,0
L10-M3,109,108,2,2,0,,0,0.0,0.0,0.0,0
L10-M3,110,109,3,1,0,,0,0.0,0.0,0.0,0
L10-M3,111,110,1,3,3,37 38 39,0,0.4,-0.4,-1.2000000000000002,0
L10-M3,112,111,3,1,3,37 38 39,0,0.4,-0.4,-0.4,0
L10-M3,113,112,7,-3,3,37 38 39,0,0.4,-0.4,1.2000000000000002,0
L10-M3,114,113,3,1,7,13 14 15 16 37 38 39,1,0.9333333333333333,0.06666666666666665,0.06666666666666665,0
L10-M3,115,114,1,3,6,15 16 17 37 38 39,0,0.8,-0.8,-2.4000000000000004,0
L10-M3,116,115,7,-3,6,15 16 17 37 38 39,1,0.8,0.19999999999999996,-0.5999999999999999,0
L10-M3,117,116,3,1,3,15 16 17,0,0.4,-0.4,-0.4,0
L10-M3,118,117,5,-1,3,15 16 17,1,0.4,0.6,-0.6,0
L10-M3,119,118,7,-3,0,,0,0.0,0.0,-0.0,0
L10-M3,120,119,7,-3,0,,0,0.0,0.0,-0.0,0
L10-M3,121,120,5,-1,0,,0,0.0,0.0,-0.0,0
L10-M3,122,121,1,3,0,,0,0.0,0.0,0.0,0
L10-M3,123,122,2,2,0,,0,0.0,0.0,0.0,0
L10-M3,124,123,4,0,0,,0,0.0,0.0,0.0,0
L10-M3,125,124,1,3,0,,0,0.0,0.0,0.0,0
L10-M3,126,125,3,1,0,,0,0.0,0.0,0.0,0
L10-M3,127,126,1,3,0,,0,0.0,0.0,0.0,0
L10-M3,128,127,6,-2,0,,0,0.0,0.0,-0.0,0
L10-M3,129,128,6,-2,0,,0,0.0,0.0,-0.0,0
L10-M3,130,129,1,3,3,13 14 15,0,0.4,-0.4,-1.2000000000000002,0
L10-M3,131,130,5,-1,3,13 14 15,2,0.4,1.6,-1.6,0
L10-M3,132,131,7,-3,0,,0,0.0,0.0,-0.0,0
L10-M3,133,132,6,-2,0,,0,0.0,0.0,-0.0,0
L10-M3,134,133,3,1,0,,0,0.0,0.0,0.0,0
L10-M3,135,134,7,-3,0,,0,0.0,0.0,-0.0,0
L10-M3,136,135,3,1,0,,0,0.0,0.0,0.0,0
L10-M3,137,136,2,2,0,,0,0.0,0.0,0.0,0
L10-M3,138,137,3,1,0,,0,0.0,0.0,0.0,0
L10-M3,139,138,3,1,0,,0,0.0,0.0,0.0,0
L10-M3,140,139,3,1,0,,0,0.0,0.0,0.0,0
L10-M3,141,140,2,2,0,,0,0.0,0.0,0.0,0
L10-M3,142,141,1,3,0,,0,0.0,0.0,0.0,0
L10-M3,143,142,3,1,0,,0,0.0,0.0,0.0,0
L10-M3,144,143,1,3,0,,0,0.0,0.0,0.0,0
L10-M3,145,144,7,-3,0,,0,0.0,0.0,-0.0,0
L10-M3,146,145,3,1,4,21 22 23 24,0,0.5333333333333333,-0.5333333333333333,-0.5333333333333333,0
L10-M3,147,146,3,1,4,21 22 23 24,1,0.5333333333333333,0.4666666666666667,0.4666666666666667,0
L10-M3,148,147,5,-1,4,22 23 24 25,1,0.5333333333333333,0.4666666666666667,-0.4666666666666667,0
L10-M3,149,148,1,3,3,22 23 24,0,0.4,-0.4,-1.2000000000000002,0
L10-M3,150,149,4,0,3,22 23 24,0,0.4,-0.4,-0.0,0
L10-M3,151,150,2,2,3,22 23 24,0,0.4,-0.4,-0.8,0
L10-M3,152,151,5,-1,6,7 8 9 22 23 24,0,0.8,-0.8,0.8,0
L10-M3,153,152,7,-3,9,7 8 9 22 23 24 30 31 32,1,1.2,-0.19999999999999996,0.5999999999999999,0
L10-M3,154,153,6,-2,6,22 23 24 30 31 32,0,0.8,-0.8,1.6,0
L10-M3,155,154,3,1,10,14 15 16 17 22 23 24 30 31 32,2,1.3333333333333333,0.6666666666666667,0.6666666666666667,0
L10-M3,156,155,1,3,3,22 23 24,0,0.4,-0.4,-1.2000000000000002,0
L10-M3,157,156,1,3,3,22 23 24,0,0.4,-0.4,-1.2000000000000002,0
L10-M3,158,157,6,-2,3,22 23 24,0,0.4,-0.4,0.8,0
L10-M3,159,158,2,2,3,22 23 24,0,0.4,-0.4,-0.8,0
L10-M3,160,159,4,0,3,22 23 24,0,0.4,-0.4,-0.0,0
L10-M3,161,160,1,3,4,22 23 24 25,1,0.5333333333333333,0.4666666666666667,1.4,0
L10-M3,162,161,6,-2,3,23 24 25,1,0.4,0.6,-1.2,0
L10-M3,163,162,4,0,0,,0,0.0,0.0,0.0,0
L10-M3,164,163,3,1,0,,0,0.0,0.0,0.0,0
L10-M3,165,164,5,-1,0,,0,0.0,0.0,-0.0,0
L10-M3,166,165,6,-2,4,14 15 16 17,0,0.5333333333333333,-0.5333333333333333,1.0666666666666667,0
L10-M3,167,166,3,1,4,14 15 16 17,0,0.5333333333333333,-0.5333333333333333,-0.5333333333333333,0
L10-M3,168,167,1,3,7,14 15 16 17 31 32 33,1,0.9333333333333333,0.06666666666666665,0.19999999999999996,0
L10-M3,169,168,3,1,4,14 15 16 17,1,0.5333333333333333,0.4666666666666667,0.4666666666666667,0
L10-M3,170,169,2,2,0,,0,0.0,0.0,0.0,0
L10-M3,171,170,2,2,0,,0,0.0,0.0,0.0,0
L10-M3,172,171,1,3,0,,0,0.0,0.0,0.0,0
L10-M3,173,172,6,-2,0,,0,0.0,0.0,-0.0,0
L10-M3,174,173,3,1,0,,0,0.0,0.0,0.0,0
L10-M3,175,174,3,1,3,6 7 8,0,0.4,-0.4,-0.4,0
L10-M3,176,175,1,3,4,5 6 7 8,0,0.5333333333333333,-0.5333333333333333,-1.6,0
L10-M3,177,176,2,2,4,5 6 7 8,0,0.5333333333333333,-0.5333333333333333,-1.0666666666666667,0
L10-M3,178,177,2,2,4,5 6 7 8,1,0.5333333333333333,0.4666666666666667,0.9333333333333333,0
L10-M3,179,178,3,1,3,6 7 8,0,0.4,-0.4,-0.4,0
L10-M3,180,179,5,-1,3,6 7 8,0,0.4,-0.4,0.4,0
L10-M3,181,180,5,-1,3,6 7 8,0,0.4,-0.4,0.4,0
L10-M3,182,181,6,-2,3,6 7 8,0,0.4,-0.4,0.8,0
L10-M3,183,182,6,-2,3,6 7 8,0,0.4,-0.4,0.8,0
L10-M3,184,183,2,2,3,6 7 8,1,0.4,0.6,1.2,0
L10-M3,185,184,7,-3,0,,0,0.0,0.0,-0.0,0
L10-M3,186,185,5,-1,0,,0,0.0,0.0,-0.0,0
L10-M3,187,186,2,2,0,,0,0.0,0.0,0.0,0
L10-M3,188,187,7,-3,3,35 36 37,0,0.4,-0.4,1.2000000000000002,0
L10-M3,189,188,7,-3,3,35 36 37,2,0.4,1.6,-4.800000000000001,0
L10-M3,190,189,3,1,0,,0,0.0,0.0,0.0,0
L10-M3,191,190,3,1,0,,0,0.0,0.0,0.0,0
L10-M3,192,191,3,1,0,,0,0.0,0.0,0.0,0
L10-M3,193,192,5,-1,0,,0,0.0,0.0,-0.0,0
L10-M3,194,193,2,2,4,40 41 42 43,0,0.5333333333333333,-0.5333333333333333,-1.0666666666666667,0
L10-M3,195,194,5,-1,4,40 41 42 43,1,0.5333333333333333,0.4666666666666667,-0.4666666666666667,0
L10-M3,196,195,5,-1,3,41 42 43,1,0.4,0.6,-0.6,0
L10-M3,197,196,1,3,0,,0,0.0,0.0,0.0,0
L10-M3,198,197,1,3,3,1 2 3,0,0.4,-0.4,-1.2000000000000002,0
L10-M3,199,198,1,3,6,1 2 3 27 28 29,0,0.8,-0.8,-2.4000000000000004,0
L10-M3,200,199,7,-3,6,1 2 3 27 28 29,0,0.8,-0.8,2.4000000000000004,0
L10-M3,201,200,3,1,6,1 2 3 27 28 29,1,0.8,0.19999999999999996,0.19999999999999996,0
L10-M3,202,201,4,0,6,27 28 29 31 32 33,2,0.8,1.2,0.0,0
L10-M3,203,202,3,1,0,,0,0.0,0.0,0.0,0
L10-M3,204,203,3,1,0,,0,0.0,0.0,0.0,0
L10-M3,205,204,2,2,0,,0,0.0,0.0,0.0,0
L10-M3,206,205,5,-1,3,8 9 10,0,0.4,-0.4,0.4,0
L10-M3,207,206,7,-3,3,8 9 10,0,0.4,-0.4,1.2000000000000002,0
L10-M3,208,207,7,-3,4,7 8 9 10,0,0.5333333333333333,-0.5333333333333333,1.6,0
L10-M3,209,208,2,2,7,7 8 9 10 41 42 43,1,0.9333333333333333,0.06666666666666665,0.1333333333333333,0
L10-M3,210,209,7,-3,6,8 9 10 41 42 43,1,0.8,0.19999999999999996,-0.5999999999999999,0
L10-M3,211,210,7,-3,6,4 5 6 41 42 43,1,0.8,0.19999999999999996,-0.5999999999999999,0
L10-M3,212,211,1,3,3,4 5 6,0,0.4,-0.4,-1.2000000000000002,0
L10-M3,213,212,1,3,6,4 5 6 26 27 28,2,0.8,1.2,3.5999999999999996,0
L10-M3,214,213,7,-3,3,26 27 28,1,0.4,0.6,-1.7999999999999998,0
L10-M3,215,214,6,-2,0,,0,0.0,0.0,-0.0,0
L10-M3,216,215,3,1,0,,0,0.0,0.0,0.0,0
L10-M3,217,216,1,3,0,,0,0.0,0.0,0.0,0
L10-M3,218,217,6,-2,0,,0,0.0,0.0,-0.0,0
L10-M3,219,218,5,-1,0,,0,0.0,0.0,-0.0,0
L10-M3,220,219,3,1,0,,0,0.0,0.0,0.0,0
L10-M3,221,220,5,-1,0,,0,0.0,0.0,-0.0,0
L10-M3,222,221,2,2,0,,0,0.0,0.0,0.0,0
L10-M3,223,222,7,-3,3,30 31 32,0,0.4,-0.4,1.2000000000000002,0
L10-M3,224,223,7,-3,6,22 23 24 30 31 32,1,0.8,0.19999999999999996,-0.5999999999999999,0
L10-M3,225,224,2,2,4,22 23 24 25,0,0.5333333333333333,-0.5333333333333333,-1.0666666666666667,0
L10-M3,226,225,2,2,4,22 23 24 25,1,0.5333333333333333,0.4666666666666667,0.9333333333333333,0
L10-M3,227,226,7,-3,3,23 24 25,0,0.4,-0.4,1.2000000000000002,0
L10-M3,228,227,1,3,3,23 24 25,1,0.4,0.6,1.7999999999999998,0
L10-M3,229,228,2,2,0,,0,0.0,0.0,0.0,0
L10-M3,230,229,6,-2,0,,0,0.0,0.0,-0.0,0
L10-M3,231,230,3,1,0,,0,0.0,0.0,0.0,0
L10-M3,232,231,4,0,0,,0,0.0,0.0,0.0,0
L10-M3,233,232,6,-2,0,,0,0.0,0.0,-0.0,0
L10-M3,234,233,6,-2,0,,0,0.0,0.0,-0.0,0
L10-M3,235,234,1,3,0,,0,0.0,0.0,0.0,0
L10-M3,236,235,1,3,0,,0,0.0,0.0,0.0,0
L10-M3,237,236,3,1,0,,0,0.0,0.0,0.0,0
L10-M3,238,237,6,-2,3,41 42 43,0,0.4,-0.4,0.8,0
L10-M3,239,238,7,-3,3,41 42 43,1,0.4,0.6,-1.7999999999999998,0
L10-M3,240,239,1,3,0,,0,0.0,0.0,0.0,0
L10-M3,241,240,4,0,0,,0,0.0,0.0,0.0,0
L10-M3,242,241,3,1,3,18 19 20,2,0.4,1.6,1.6,0
L10-M3,243,242,7,-3,0,,0,0.0,0.0,-0.0,0
L10-M3,244,243,6,-2,0,,0,0.0,0.0,-0.0,0
L10-M3,245,244,3,1,0,,0,0.0,0.0,0.0,0
L10-M3,246,245,3,1,0,,0,0.0,0.0,0.0,0
L10-M3,247,246,2,2,0,,0,0.0,0.0,0.0,0
L10-M3,248,247,2,2,0,,0,0.0,0.0,0.0,0
L10-M3,249,248,3,1,0,,0,0.0,0.0,0.0,0
L10-M3,250,249,3,1,0,,0,0.0,0.0,0.0,0
L10-M3,251,250,5,-1,3,5 6 7,2,0.4,1.6,-1.6,0
L10-M3,252,251,7,-3,0,,0,0.0,0.0,-0.0,0
L10-M3,253,252,4,0,3,33 34 35,1,0.4,0.6,0.0,0
L10-M3,254,253,5,-1,0,,0,0.0,0.0,-0.0,0
L10-M3,255,254,6,-2,0,,0,0.0,0.0,-0.0,0
L10-M3,256,255,6,-2,3,9 10 11,1,0.4,0.6,-1.2,0
L10-M3,257,256,6,-2,0,,0,0.0,0.0,-0.0,0
L10-M3,258,257,1,3,0,,0,0.0,0.0,0.0,0
L10-M3,259,258,2,2,4,15 16 17 18,0,0.5333333333333333,-0.5333333333333333,-1.0666666666666667,0
L10-M3,260,259,4,0,4,15 16 17 18,1,0.5333333333333333,0.4666666666666667,0.0,0
L10-M3,261,260,7,-3,3,16 17 18,2,0.4,1.6,-4.800000000000001,0
L10-M3,262,261,1,3,0,,0,0.0,0.0,0.0,0
L10-M3,263,262,7,-3,0,,0,0.0,0.0,-0.0,0
L10-M3,264,263,2,2,0,,0,0.0,0.0,0.0,0
L10-M3,265,264,1,3,0,,0,0.0,0.0,0.0,0
L10-M3,266,265,3,1,0,,0,0.0,0.0,0.0,0
L10-M3,267,266,6,-2,3,19 20 21,0,0.4,-0.4,0.8,0
L10-M3,268,267,1,3,3,19 20 21,1,0.4,0.6,1.7999999999999998,0
L10-M3,269,268,3,1,0,,0,0.0,0.0,0.0,0
L10-M3,270,269,4,0,0,,0,0.0,0.0,0.0,0
L10-M3,271,270,7,-3,3,13 14 15,0,0.4,-0.4,1.2000000000000002,0
L10-M3,272,271,6,-2,3,13 14 15,0,0.4,-0.4,0.8,0
L10-M3,273,272,5,-1,3,13 14 15,0,0.4,-0.4,0.4,0
L10-M3,274,273,2,2,3,13 14 15,3,0.4,2.6,5.2,0
L10-M3,275,274,4,0,0,,0,0.0,0.0,0.0,0
L10-M3,276,275,4,0,0,,0,0.0,0.0,0.0,0
L10-M3,277,276,4,0,0,,0,0.0,0.0,0.0,0
L10-M3,278,277,5,-1,0,,0,0.0,0.0,-0.0,0
L10-M3,279,278,3,1,0,,0,0.0,0.0,0.0,0
L10-M3,280,279,2,2,0,,0,0.0,0.0,0.0,0
L10-M3,281,280,5,-1,0,,0,0.0,0.0,-0.0,0
L10-M3,282,281,5,-1,0,,0,0.0,0.0,-0.0,0
L10-M3,283,282,5,-1,0,,0,0.0,0.0,-0.0,0
L10-M3,284,283,6,-2,0,,0,0.0,0.0,-0.0,0
L10-M3,285,284,5,-1,3,26 27 28,0,0.4,-0.4,0.4,0
L10-M3,286,285,1,3,3,26 27 28,0,0.4,-0.4,-1.2000000000000002,0
L10-M3,287,286,3,1,6,20 21 22 26 27 28,1,0.8,0.19999999999999996,0.19999999999999996,0
L10-M3,288,287,7,-3,3,20 21 22,0,0.4,-0.4,1.2000000000000002,0
L10-M3,289,288,2,2,3,20 21 22,0,0.4,-0.4,-0.8,0
L10-M3,290,289,2,2,3,20 21 22,0,0.4,-0.4,-0.8,0
L10-M3,291,290,1,3,4,20 21 22 23,1,0.5333333333333333,0.4666666666666667,1.4,0
L10-M3,292,291,7,-3,3,21 22 23,0,0.4,-0.4,1.2000000000000002,0
L10-M3,293,292,1,3,6,9 10 11 21 22 23,2,0.8,1.2,3.5999999999999996,0
L10-M3,294,293,5,-1,0,,0,0.0,0.0,-0.0,0
L10-M3,295,294,7,-3,0,,0,0.0,0.0,-0.0,0
L10-M3,296,295,3,1,0,,0,0.0,0.0,0.0,0
L10-M3,297,296,6,-2,0,,0,0.0,0.0,-0.0,0
L10-M3,298,297,7,-3,5,22 23 24 25 26,0,0.6666666666666666,-0.6666666666666666,2.0,0
L10-M3,299,298,3,1,5,22 23 24 25 26,1,0.6666666666666666,0.33333333333333337,0.33333333333333337,0
L10-M3,300,299,4,0,3,22 23 24,0,0.4,-0.4,-0.0,0
L10-M3,301,300,7,-3,3,22 23 24,0,0.4,-0.4,1.2000000000000002,0
L10-M3,302,301,4,0,3,22 23 24,0,0.4,-0.4,-0.0,0
L10-M3,303,302,1,3,3,22 23 24,0,0.4,-0.4,-1.2000000000000002,0
L10-M3,304,303,6,-2,4,21 22 23 24,0,0.5333333333333333,-0.5333333333333333,1.0666666666666667,0
L10-M3,305,304,6,-2,4,21 22 23 24,2,0.5333333333333333,1.4666666666666668,-2.9333333333333336,0
L10-M3,306,305,3,1,0,,0,0.0,0.0,0.0,0
L10-M3,307,306,3,1,0,,0,0.0,0.0,0.0,0
L10-M3,308,307,2,2,0,,0,0.0,0.0,0.0,0
L10-M3,309,308,6,-2,3,27 28 29,0,0.4,-0.4,0.8,0
L10-M3,310,309,6,-2,3,27 28 29,1,0.4,0.6,-1.2,0
L10-M3,311,310,3,1,0,,0,0.0,0.0,0.0,0
L10-M3,312,311,2,2,0,,0,0.0,0.0,0.0,0
L10-M3,313,312,7,-3,3,42 43 44,1,0.4,0.6,-1.7999999999999998,0
L10-M3,314,313,1,3,0,,0,0.0,0.0,0.0,0
L10-M3,315,314,1,3,0,,0,0.0,0.0,0.0,0
L10-M3,316,315,3,1,0,,0,0.0,0.0,0.0,0
L10-M3,317,316,7,-3,0,,0,0.0,0.0,-0.0,0
L10-M3,318,317,2,2,0,,0,0.0,0.0,0.0,0
L10-M3,319,318,5,-1,0,,0,0.0,0.0,-0.0,0
L10-M3,320,319,6,-2,0,,0,0.0,0.0,-0.0,0
L10-M3,321,320,1,3,0,,0,0.0,0.0,0.0,0
L10-M3,322,321,7,-3,0,,0,0.0,0.0,-0.0,0
L10-M3,323,322,3,1,0,,0,0.0,0.0,0.0,0
L10-M3,324,323,1,3,0,,0,0.0,0.0,0.0,0
L10-M3,325,324,3,1,0,,0,0.0,0.0,0.0,0
L10-M3,326,325,5,-1,0,,0,0.0,0.0,-0.0,0
L10-M3,327,326,7,-3,0,,0,0.0,0.0,-0.0,0
L10-M3,328,327,5,-1,0,,0,0.0,0.0,-0.0,0
L10-M3,329,328,6,-2,0,,0,0.0,0.0,-0.0,0
L10-M3,330,329,1,3,0,,0,0.0,0.0,0.0,0
L10-M3,331,330,7,-3,0,,0,0.0,0.0,-0.0,0
L10-M3,332,331,6,-2,0,,0,0.0,0.0,-0.0,0
L10-M3,333,332,1,3,0,,0,0.0,0.0,0.0,0
L10-M3,334,333,5,-1,0,,0,0.0,0.0,-0.0,0
L10-M3,335,334,5,-1,0,,0,0.0,0.0,-0.0,0
L10-M3,336,335,4,0,0,,0,0.0,0.0,0.0,0
L10-M3,337,336,3,1,0,,0,0.0,0.0,0.0,0
L10-M3,338,337,2,2,3,10 11 12,0,0.4,-0.4,-0.8,0
L10-M3,339,338,3,1,6,6 7 8 10 11 12,2,0.8,1.2,1.2,0
L10-M3,340,339,7,-3,3,10 11 12,0,0.4,-0.4,1.2000000000000002,0
L10-M3,341,340,5,-1,3,10 11 12,0,0.4,-0.4,0.4,0
L10-M3,342,341,6,-2,3,10 11 12,0,0.4,-0.4,0.8,0
L10-M3,343,342,4,0,3,10 11 12,1,0.4,0.6,0.0,0
L10-M3,344,343,3,1,0,,0,0.0,0.0,0.0,0
L10-M3,345,344,6,-2,0,,0,0.0,0.0,-0.0,0
L10-M3,346,345,1,3,0,,0,0.0,0.0,0.0,0
L10-M3,347,346,5,-1,0,,0,0.0,0.0,-0.0,0
L10-M3,348,347,3,1,0,,0,0.0,0.0,0.0,0
L10-M3,349,348,7,-3,0,,0,0.0,0.0,-0.0,0
L10-M3,350,349,7,-3,3,35 36 37,0,0.4,-0.4,1.2000000000000002,0
L10-M3,351,350,7,-3,4,35 36 37 38,1,0.5333333333333333,0.4666666666666667,-1.4,0
L10-M3,352,351,5,-1,0,,0,0.0,0.0,-0.0,0
L10-M3,353,352,5,-1,0,,0,0.0,0.0,-0.0,0
L10-M3,354,353,5,-1,0,,0,0.0,0.0,-0.0,0
L10-M3,355,354,1,3,0,,0,0.0,0.0,0.0,0
L10-M3,356,355,6,-2,4,37 38 39 40,0,0.5333333333333333,-0.5333333333333333,1.0666666666666667,0
L10-M3,357,356,4,0,4,37 38 39 40,1,0.5333333333333333,0.4666666666666667,0.0,0
L10-M3,358,357,1,3,3,38 39 40,1,0.4,0.6,1.7999999999999998,0
L10-M3,359,358,6,-2,0,,0,0.0,0.0,-0.0,0
L10-M3,360,359,5,-1,0,,0,0.0,0.0,-0.0,0
L10-M3,361,360,5,-1,3,31 32 33,0,0.4,-0.4,0.4,0
L10-M3,362,361,6,-2,4,31 32 33 34,0,0.5333333333333333,-0.5333333333333333,1.0666666666666667,0
L10-M3,363,362,5,-1,4,31 32 33 34,1,0.5333333333333333,0.4666666666666667,-0.4666666666666667,0
L10-M3,364,363,1,3,0,,0,0.0,0.0,0.0,0
L10-M3,365,364,2,2,3,41 42 43,0,0.4,-0.4,-0.8,0
L10-M3,366,365,7,-3,4,41 42 43 44,1,0.5333333333333333,0.4666666666666667,-1.4,0
L10-M3,367,366,6,-2,3,41 42 43,0,0.4,-0.4,0.8,0
L10-M3,368,367,2,2,3,41 42 43,0,0.4,-0.4,-0.8,0
L10-M3,369,368,4,0,3,41 42 43,2,0.4,1.6,0.0,0
L10-M3,370,369,3,1,0,,0,0.0,0.0,0.0,0
L10-M3,371,370,2,2,0,,0,0.0,0.0,0.0,0
L10-M3,372,371,4,0,0,,0,0.0,0.0,0.0,0
L10-M3,373,372,3,1,0,,0,0.0,0.0,0.0,0
L10-M3,374,373,1,3,0,,0,0.0,0.0,0.0,0
L10-M3,375,374,6,-2,0,,0,0.0,0.0,-0.0,0
L10-M3,376,375,2,2,0,,0,0.0,0.0,0.0,0
L10-M3,377,376,2,2,0,,0,0.0,0.0,0.0,0
L10-M3,378,377,3,1,3,31 32 33,1,0.4,0.6,0.6,0
L10-M3,379,378,7,-3,0,,0,0.0,0.0,-0.0,0
L10-M3,380,379,3,1,0,,0,0.0,0.0,0.0,0
L10-M3,381,380,6,-2,0,,0,0.0,0.0,-0.0,0
L10-M3,382,381,4,0,0,,0,0.0,0.0,0.0,0
L10-M3,383,382,3,1,0,,0,0.0,0.0,0.0,0
L10-M3,384,383,3,1,0,,0,0.0,0.0,0.0,0
L10-M3,385,384,1,3,0,,0,0.0,0.0,0.0,0
L10-M3,386,385,2,2,0,,0,0.0,0.0,0.0,0
L10-M3,387,386,5,-1,0,,0,0.0,0.0,-0.0,0
L10-M3,388,387,2,2,0,,0,0.0,0.0,0.0,0
L10-M3,389,388,7,-3,0,,0,0.0,0.0,-0.0,0
L10-M3,390,389,1,3,0,,0,0.0,0.0,0.0,0
L10-M3,391,390,1,3,0,,0,0.0,0.0,0.0,0
L10-M3,392,391,6,-2,0,,0,0.0,0.0,-0.0,0
L10-M3,393,392,7,-3,0,,0,0.0,0.0,-0.0,0
L10-M3,394,393,3,1,3,13 14 15,1,0.4,0.6,0.6,0
L10-M3,395,394,3,1,0,,0,0.0,0.0,0.0,0
L10-M3,396,395,1,3,0,,0,0.0,0.0,0.0,0
L10-M3,397,396,3,1,3,4 5 6,0,0.4,-0.4,-0.4,0
L10-M3,398,397,1,3,3,4 5 6,0,0.4,-0.4,-1.2000000000000002,0
L10-M3,399,398,1,3,3,4 5 6,0,0.4,-0.4,-1.2000000000000002,0
L10-M3,400,399,6,-2,3,4 5 6,0,0.4,-0.4,0.8,0
L10-M3,401,400,1,3,6,4 5 6 36 37 38,2,0.8,1.2,3.5999999999999996,0
L10-M3,402,401,2,2,0,,0,0.0,0.0,0.0,0
L10-M3,403,402,6,-2,0,,0,0.0,0.0,-0.0,0
L10-M3,404,403,5,-1,0,,0,0.0,0.0,-0.0,0
L10-M3,405,404,6,-2,0,,0,0.0,0.0,-0.0,0
L10-M3,406,405,3,1,0,,0,0.0,0.0,0.0,0
L10-M3,407,406,7,-3,0,,0,0.0,0.0,-0.0,0
L10-M3,408,407,1,3,0,,0,0.0,0.0,0.0,0
L10-M3,409,408,2,2,0,,0,0.0,0.0,0.0,0
L10-M3,410,409,6,-2,0,,0,0.0,0.0,-0.0,0
L10-M3,411,410,3,1,0,,0,0.0,0.0,0.0,0
L10-M3,412,411,1,3,0,,0,0.0,0.0,0.0,0
L10-M3,413,412,4,0,0,,0,0.0,0.0,0.0,0
L10-M3,414,413,2,2,0,,0,0.0,0.0,0.0,0
L10-M3,415,414,6,-2,0,,0,0.0,0.0,-0.0,0
L10-M3,416,415,4,0,0,,0,0.0,0.0,0.0,0
L10-M3,417,416,7,-3,3,27 28 29,0,0.4,-0.4,1.2000000000000002,0
L10-M3,418,417,7,-3,3,27 28 29,1,0.4,0.6,-1.7999999999999998,0
L10-M3,419,418,6,-2,0,,0,0.0,0.0,-0.0,0
L10-M3,420,419,2,2,0,,0,0.0,0.0,0.0,0
L10-M3,421,420,4,0,0,,0,0.0,0.0,0.0,0
L10-M3,422,421,6,-2,4,35 36 37 38,0,0.5333333333333333,-0.5333333333333333,1.0666666666666667,0
L10-M3,423,422,2,2,5,35 36 37 38 39,0,0.6666666666666666,-0.6666666666666666,-1.3333333333333333,0
L10-M3,424,423,2,2,5,35 36 37 38 39,0,0.6666666666666666,-0.6666666666666666,-1.3333333333333333,0
L10-M3,425,424,4,0,8,23 24 25 35 36 37 38 39,1,1.0666666666666667,-0.06666666666666665,-0.0,0
L10-M3,426,425,1,3,6,23 24 25 35 36 37,0,0.8,-0.8,-2.4000000000000004,0
L10-M3,427,426,4,0,6,23 24 25 35 36 37,1,0.8,0.19999999999999996,0.0,0
L10-M3,428,427,4,0,3,35 36 37,1,0.4,0.6,0.0,0
L10-M3,429,428,1,3,0,,0,0.0,0.0,0.0,0
L10-M3,430,429,2,2,0,,0,0.0,0.0,0.0,0
L10-M3,431,430,7,-3,0,,0,0.0,0.0,-0.0,0
L10-M3,432,431,1,3,0,,0,0.0,0.0,0.0,0
L10-M3,433,432,6,-2,0,,0,0.0,0.0,-0.0,0
L10-M3,434,433,3,1,0,,0,0.0,0.0,0.0,0
L10-M3,435,434,6,-2,0,,0,0.0,0.0,-0.0,0
L10-M3,436,435,6,-2,0,,0,0.0,0.0,-0.0,0
L10-M3,437,436,5,-1,0,,0,0.0,0.0,-0.0,0
L10-M3,438,437,3,1,0,,0,0.0,0.0,0.0,0
L10-M3,439,438,7,-3,0,,0,0.0,0.0,-0.0,0
L10-M3,440,439,3,1,0,,0,0.0,0.0,0.0,0
L10-M3,441,440,1,3,0,,0,0.0,0.0,0.0,0
L10-M3,442,441,2,2,0,,0,0.0,0.0,0.0,0
L10-M3,443,442,7,-3,0,,0,0.0,0.0,-0.0,0
L10-M3,444,443,4,0,0,,0,0.0,0.0,0.0,0
L10-M3,445,444,3,1,0,,0,0.0,0.0,0.0,0
L10-M3,446,445,5,-1,0,,0,0.0,0.0,-0.0,0
L10-M3,447,446,2,2,3,7 8 9,3,0.4,2.6,5.2,0
L10-M3,448,447,7,-3,0,,0,0.0,0.0,-0.0,0
L10-M3,449,448,5,-1,0,,0,0.0,0.0,-0.0,0
L10-M3,450,449,6,-2,0,,0,0.0,0.0,-0.0,0
L10-M3,451,450,2,2,0,,0,0.0,0.0,0.0,0
L10-M3,452,451,5,-1,0,,0,0.0,0.0,-0.0,0
L10-M3,453,452,4,0,0,,0,0.0,0.0,0.0,0
L10-M3,454,453,3,1,0,,0,0.0,0.0,0.0,0
L10-M3,455,454,1,3,0,,0,0.0,0.0,0.0,0
L10-M3,456,455,4,0,0,,0,0.0,0.0,0.0,0
L10-M3,457,456,7,-3,0,,0,0.0,0.0,-0.0,0
L10-M3,458,457,6,-2,0,,0,0.0,0.0,-0.0,0
L10-M3,459,458,4,0,0,,0,0.0,0.0,0.0,0
L10-M3,460,459,4,0,3,43 44 45,2,0.4,1.6,0.0,0
L10-M3,461,460,5,-1,0,,0,0.0,0.0,-0.0,0
L10-M3,462,461,7,-3,3,15 16 17,0,0.4,-0.4,1.2000000000000002,0
L10-M3,463,462,2,2,3,15 16 17,0,0.4,-0.4,-0.8,0
L10-M3,464,463,6,-2,3,15 16 17,1,0.4,0.6,-1.2,0
L10-M3,465,464,1,3,0,,0,0.0,0.0,0.0,0
L10-M3,466,465,6,-2,0,,0,0.0,0.0,-0.0,0
L10-M3,467,466,4,0,0,,0,0.0,0.0,0.0,0
L10-M3,468,467,6,-2,0,,0,0.0,0.0,-0.0,0
L10-M3,469,468,4,0,0,,0,0.0,0.0,0.0,0
L10-M3,470,469,4,0,0,,0,0.0,0.0,0.0,0
L10-M3,471,470,4,0,0,,0,0.0,0.0,0.0,0
L10-M3,472,471,7,-3,3,25 26 27,2,0.4,1.6,-4.800000000000001,0
L10-M3,473,472,7,-3,0,,0,0.0,0.0,-0.0,0
L10-M3,474,473,6,-2,0,,0,0.0,0.0,-0.0,0
L10-M3,475,474,6,-2,0,,0,0.0,0.0,-0.0,0
L10-M3,476,475,2,2,0,,0,0.0,0.0,0.0,0
L10-M3,477,476,5,-1,0,,0,0.0,0.0,-0.0,0
L10-M3,478,477,6,-2,0,,0,0.0,0.0,-0.0,0
L10-M3,479,478,1,3,0,,0,0.0,0.0,0.0,0
L10-M3,480,479,3,1,0,,0,0.0,0.0,0.0,0
L10-M3,481,480,4,0,0,,0,0.0,0.0,0.0,0
L10-M3,482,481,3,1,0,,0,0.0,0.0,0.0,0
L10-M3,483,482,7,-3,0,,0,0.0,0.0,-0.0,0
L10-M3,484,483,1,3,0,,0,0.0,0.0,0.0,0
L10-M3,485,484,3,1,0,,0,0.0,0.0,0.0,0
L10-M3,486,485,2,2,0,,0,0.0,0.0,0.0,0
L10-M3,487,486,7,-3,0,,0,0.0,0.0,-0.0,0
L10-M3,488,487,3,1,0,,0,0.0,0.0,0.0,0
L10-M3,489,488,4,0,0,,0,0.0,0.0,0.0,0
L10-M3,490,489,4,0,3,42 43 44,1,0.4,0.6,0.0,0
L10-M3,491,490,6,-2,0,,0,0.0,0.0,-0.0,0
L10-M3,492,491,1,3,0,,0,0.0,0.0,0.0,0
L10-M3,493,492,7,-3,3,9 10 11,0,0.4,-0.4,1.2000000000000002,0
L10-M3,494,493,3,1,6,9 10 11 12 13 14,0,0.8,-0.8,-0.8,0
L10-M3,495,494,5,-1,6,9 10 11 12 13 14,1,0.8,0.19999999999999996,-0.19999999999999996,0
L10-M3,496,495,2,2,4,9 10 11 12,0,0.5333333333333333,-0.5333333333333333,-1.0666666666666667,0
L10-M3,497,496,6,-2,4,9 10 11 12,0,0.5333333333333333,-0.5333333333333333,1.0666666666666667,0
L10-M3,498,497,1,3,4,9 10 11 12,0,0.5333333333333333,-0.5333333333333333,-1.6,0
L10-M3,499,498,1,3,4,9 10 11 12,0,0.5333333333333333,-0.5333333333333333,-1.6,0
L10-M3,500,499,7,-3,4,9 10 11 12,1,0.5333333333333333,0.4666666666666667,-1.4,0
L10-M3,501,500,7,-3,3,9 10 11,1,0.4,0.6,-1.7999999999999998,0
L10-M3,502,501,2,2,0,,0,0.0,0.0,0.0,0
L10-M3,503,502,3,1,0,,0,0.0,0.0,0.0,0
L10-M3,504,503,7,-3,0,,0,0.0,0.0,-0.0,0
L10-M3,505,504,5,-1,3,7 8 9,1,0.4,0.6,-0.6,0
L10-M3,506,505,7,-3,0,,0,0.0,0.0,-0.0,0
L10-M3,507,506,7,-3,0,,0,0.0,0.0,-0.0,0
L10-M3,508,507,1,3,0,,0,0.0,0.0,0.0,0
L10-M3,509,508,6,-2,0,,0,0.0,0.0,-0.0,0
L10-M3,510,509,2,2,0,,0,0.0,0.0,0.0,0
L10-M3,511,510,7,-3,0,,0,0.0,0.0,-0.0,0
L10-M3,512,511,5,-1,5,15 16 17 18 19,0,0.6666666666666666,-0.6666666666666666,0.6666666666666666,0
L10-M3,513,512,1,3,5,15 16 17 18 19,0,0.6666666666666666,-0.6666666666666666,-2.0,0
L10-M3,514,513,3,1,5,15 16 17 18 19,1,0.6666666666666666,0.33333333333333337,0.33333333333333337,0
L10-M3,515,514,2,2,4,16 17 18 19,0,0.5333333333333333,-0.5333333333333333,-1.0666666666666667,0
L10-M3,516,515,2,2,4,16 17 18 19,0,0.5333333333333333,-0.5333333333333333,-1.0666666666666667,0
L10-M3,517,516,4,0,4,16 17 18 19,0,0.5333333333333333,-0.5333333333333333,-0.0,0
L10-M3,518,517,3,1,4,16 17 18 19,0,0.5333333333333333,-0.5333333333333333,-0.5333333333333333,0
L10-M3,519,518,1,3,4,16 17 18 19,1,0.5333333333333333,0.4666666666666667,1.4,0
L10-M3,520,519,1,3,3,17 18 19,0,0.4,-0.4,-1.2000000000000002,0
L10-M3,521,520,1,3,3,17 18 19,1,0.4,0.6,1.7999999999999998,0
L10-M3,522,521,4,0,0,,0,0.0,0.0,0.0,0
L10-M3,523,522,3,1,0,,0,0.0,0.0,0.0,0
L10-M3,524,523,3,1,0,,0,0.0,0.0,0.0,0
L10-M3,525,524,3,1,6,19 20 21 24 25 26,1,0.8,0.19999999999999996,0.19999999999999996,0
L10-M3,526,525,2,2,3,19 20 21,1,0.4,0.6,1.2,0
L10-M3,527,526,5,-1,0,,0,0.0,0.0,-0.0,0
L10-M3,528,527,6,-2,0,,0,0.0,0.0,-0.0,0
L10-M3,529,528,2,2,0,,0,0.0,0.0,0.0,0
L10-M3,530,529,6,-2,0,,0,0.0,0.0,-0.0,0
L10-M3,531,530,2,2,0,,0,0.0,0.0,0.0,0
L10-M3,532,531,7,-3,0,,0,0.0,0.0,-0.0,0
L10-M3,533,532,1,3,0,,0,0.0,0.0,0.0,0
L10-M3,534,533,5,-1,3,2 3 4,0,0.4,-0.4,0.4,0
L10-M3,535,534,5,-1,3,2 3 4,0,0.4,-0.4,0.4,0
L10-M3,536,535,6,-2,3,2 3 4,0,0.4,-0.4,0.8,0
L10-M3,537,536,3,1,3,2 3 4,0,0.4,-0.4,-0.4,0
L10-M3,538,537,1,3,3,2 3 4,0,0.4,-0.4,-1.2000000000000002,0
L10-M3,539,538,3,1,3,2 3 4,1,0.4,0.6,0.6,0
L10-M3,540,539,4,0,0,,0,0.0,0.0,0.0,0
L10-M3,541,540,4,0,0,,0,0.0,0.0,0.0,0
L10-M3,542,541,7,-3,0,,0,0.0,0.0,-0.0,0
L10-M3,543,542,5,-1,0,,0,0.0,0.0,-0.0,0
L10-M3,544,543,1,3,0,,0,0.0,0.0,0.0,0
L10-M3,545,544,2,2,0,,0,0.0,0.0,0.0,0
L10-M3,546,545,1,3,3,38 39 40,0,0.4,-0.4,-1.2000000000000002,0
L10-M3,547,546,1,3,3,38 39 40,1,0.4,0.6,1.7999999999999998,0
L10-M3,548,547,5,-1,0,,0,0.0,0.0,-0.0,0
L10-M3,549,548,4,0,3,9 10 11,0,0.4,-0.4,-0.0,0
L10-M3,550,549,1,3,3,9 10 11,0,0.4,-0.4,-1.2000000000000002,0
L10-M3,551,550,7,-3,3,9 10 11,0,0.4,-0.4,1.2000000000000002,0
L10-M3,552,551,5,-1,3,9 10 11,1,0.4,0.6,-0.6,0
L10-M3,553,552,7,-3,0,,0,0.0,0.0,-0.0,0
L10-M3,554,553,6,-2,0,,0,0.0,0.0,-0.0,0
L10-M3,555,554,1,3,0,,0,0.0,0.0,0.0,0
L10-M3,556,555,2,2,0,,0,0.0,0.0,0.0,0
L10-M3,557,556,6,-2,0,,0,0.0,0.0,-0.0,0
L10-M3,558,557,5,-1,0,,0,0.0,0.0,-0.0,0
L10-M3,559,558,5,-1,0,,0,0.0,0.0,-0.0,0
L10-M3,560,559,3,1,0,,0,0.0,0.0,0.0,0
L10-M3,561,560,5,-1,0,,0,0.0,0.0,-0.0,0
L10-M3,562,561,4,0,0,,0,0.0,0.0,0.0,0
L10-M3,563,562,7,-3,3,8 9 10,1,0.4,0.6,-1.7999999999999998,0
L10-M3,564,563,5,-1,0,,0,0.0,0.0,-0.0,0
L10-M3,565,564,1,3,0,,0,0.0,0.0,0.0,0
L10-M3,566,565,5,-1,0,,0,0.0,0.0,-0.0,0
L10-M3,567,566,6,-2,0,,0,0.0,0.0,-0.0,0
L10-M3,568,567,5,-1,0,,0,0.0,0.0,-0.0,0
L10-M3,569,568,6,-2,0,,0,0.0,0.0,-0.0,0
L10-M3,570,569,1,3,0,,0,0.0,0.0,0.0,0
L10-M3,571,570,7,-3,0,,0,0.0,0.0,-0.0,0
L10-M3,572,571,5,-1,3,7 8 9,0,0.4,-0.4,0.4,0
L10-M3,573,572,1,3,3,7 8 9,0,0.4,-0.4,-1.2000000000000002,0
L10-M3,574,573,3,1,3,7 8 9,0,0.4,-0.4,-0.4,0
L10-M3,575,574,1,3,3,7 8 9,1,0.4,0.6,1.7999999999999998,0
L10-M3,576,575,2,2,0,,0,0.0,0.0,0.0,0
L10-M3,577,576,3,1,0,,0,0.0,0.0,0.0,0
L10-M3,578,577,5,-1,0,,0,0.0,0.0,-0.0,0
L10-M3,579,578,4,0,0,,0,0.0,0.0,0.0,0
L10-M3,580,579,6,-2,0,,0,0.0,0.0,-0.0,0
L10-M3,581,580,6,-2,3,27 28 29,0,0.4,-0.4,0.8,0
L10-M3,582,581,5,-1,7,26 27 28 29 38 39 40,1,0.9333333333333333,0.06666666666666665,-0.06666666666666665,0
L10-M3,583,582,4,0,4,26 27 28 29,1,0.5333333333333333,0.4666666666666667,0.0,0
L10-M3,584,583,3,1,0,,0,0.0,0.0,0.0,0
L10-M3,585,584,4,0,0,,0,0.0,0.0,0.0,0
L10-M3,586,585,1,3,0,,0,0.0,0.0,0.0,0
L10-M3,587,586,2,2,4,23 24 25 26,0,0.5333333333333333,-0.5333333333333333,-1.0666666666666667,0
L10-M3,588,587,2,2,4,23 24 25 26,1,0.5333333333333333,0.4666666666666667,0.9333333333333333,0
L10-M3,589,588,6,-2,0,,0,0.0,0.0,-0.0,0
L10-M3,590,589,3,1,0,,0,0.0,0.0,0.0,0
L10-M3,591,590,2,2,0,,0,0.0,0.0,0.0,0
L10-M3,592,591,1,3,3,3 4 5,1,0.4,0.6,1.7999999999999998,0
L10-M3,593,592,6,-2,0,,0,0.0,0.0,-0.0,0
L10-M3,594,593,5,-1,0,,0,0.0,0.0,-0.0,0
L10-M3,595,594,2,2,3,17 18 19,0,0.4,-0.4,-0.8,0
L10-M3,596,595,1,3,4,16 17 18 19,0,0.5333333333333333,-0.5333333333333333,-1.6,0
L10-M3,597,596,5,-1,4,16 17 18 19,0,0.5333333333333333,-0.5333333333333333,0.5333333333333333,0
L10-M3,598,597,6,-2,4,16 17 18 19,0,0.5333333333333333,-0.5333333333333333,1.0666666666666667,0
L10-M3,599,598,3,1,5,15 16 17 18 19,1,0.6666666666666666,0.33333333333333337,0.33333333333333337,0
L10-M3,600,599,4,0,0,,0,0.0,0.0,0.0,0
L10-M3,601,600,7,-3,5,18 19 20 21 22,1,0.6666666666666666,0.33333333333333337,-1.0,0
L10-M3,602,601,7,-3,3,20 21 22,1,0.4,0.6,-1.7999999999999998,0
L10-M3,603,602,1,3,0,,0,0.0,0.0,0.0,0
L10-M3,604,603,6,-2,0,,0,0.0,0.0,-0.0,0
L10-M3,605,604,5,-1,0,,0,0.0,0.0,-0.0,0
L10-M3,606,605,7,-3,4,39 40 41 42,1,0.5333333333333333,0.4666666666666667,-1.4,0
L10-M3,607,606,6,-2,3,40 41 42,0,0.4,-0.4,0.8,0
L10-M3,608,607,2,2,3,40 41 42,0,0.4,-0.4,-0.8,0
L10-M3,609,608,6,-2,3,40 41 42,1,0.4,0.6,-1.2,0
L10-M3,610,609,3,1,0,,0,0.0,0.0,0.0,0
L10-M3,611,610,6,-2,0,,0,0.0,0.0,-0.0,0
L10-M3,612,611,2,2,3,15 16 17,0,0.4,-0.4,-0.8,0
L10-M3,613,612,7,-3,10,11 12 13 15 16 17 29 30 31 32,2,1.3333333333333333,0.6666666666666667,-2.0,0
L10-M3,614,613,5,-1,4,29 30 31 32,0,0.5333333333333333,-0.5333333333333333,0.5333333333333333,0
L10-M3,615,614,2,2,4,29 30 31 32,0,0.5333333333333333,-0.5333333333333333,-1.0666666666666667,0
L10-M3,616,615,7,-3,4,29 30 31 32,0,0.5333333333333333,-0.5333333333333333,1.6,0
L10-M3,617,616,1,3,4,29 30 31 32,0,0.5333333333333333,-0.5333333333333333,-1.6,0
L10-M3,618,617,7,-3,4,29 30 31 32,1,0.5333333333333333,0.4666666666666667,-1.4,0
L10-M3,619,618,2,2,0,,0,0.0,0.0,0.0,0
L10-M3,620,619,4,0,0,,0,0.0,0.0,0.0,0
L10-M3,621,620,6,-2,0,,0,0.0,0.0,-0.0,0
L10-M3,622,621,4,0,3,36 37 38,0,0.4,-0.4,-0.0,0
L10-M3,623,622,5,-1,3,36 37 38,0,0.4,-0.4,0.4,0
L10-M3,624,623,3,1,3,36 37 38,0,0.4,-0.4,-0.4,0
L10-M3,625,624,3,1,3,36 37 38,0,0.4,-0.4,-0.4,0
L10-M3,626,625,4,0,3,36 37 38,0,0.4,-0.4,-0.0,0
L10-M3,627,626,3,1,3,36 37 38,0,0.4,-0.4,-0.4,0
L10-M3,628,627,3,1,6,10 11 12 36 37 38,1,0.8,0.19999999999999996,0.19999999999999996,0
L10-M3,629,628,3,1,3,36 37 38,1,0.4,0.6,0.6,0
L10-M3,630,629,1,3,0,,0,0.0,0.0,0.0,0
L10-M3,631,630,2,2,0,,0,0.0,0.0,0.0,0
L10-M3,632,631,4,0,0,,0,0.0,0.0,0.0,0
L10-M3,633,632,1,3,0,,0,0.0,0.0,0.0,0
L10-M3,634,633,3,1,0,,0,0.0,0.0,0.0,0
L10-M3,635,634,7,-3,0,,0,0.0,0.0,-0.0,0
L10-M3,636,635,6,-2,0,,0,0.0,0.0,-0.0,0
L10-M3,637,636,6,-2,0,,0,0.0,0.0,-0.0,0
L10-M3,638,637,4,0,0,,0,0.0,0.0,0.0,0
L10-M3,639,638,1,3,0,,0,0.0,0.0,0.0,0
L10-M3,640,639,7,-3,0,,0,0.0,0.0,-0.0,0
L10-M3,641,640,5,-1,0,,0,0.0,0.0,-0.0,0
L10-M3,642,641,2,2,0,,0,0.0,0.0,0.0,0
L10-M3,643,642,5,-1,0,,0,0.0,0.0,-0.0,0
L10-M3,644,643,1,3,0,,0,0.0,0.0,0.0,0
L10-M3,645,644,2,2,0,,0,0.0,0.0,0.0,0
L10-M3,646,645,5,-1,0,,0,0.0,0.0,-0.0,0
L10-M3,647,646,4,0,0,,0,0.0,0.0,0.0,0
L10-M3,648,647,6,-2,0,,0,0.0,0.0,-0.0,0
L10-M3,649,648,1,3,0,,0,0.0,0.0,0.0,0
L10-M3,650,649,2,2,0,,0,0.0,0.0,0.0,0
L10-M3,651,650,6,-2,0,,0,0.0,0.0,-0.0,0
L10-M3,652,651,4,0,0,,0,0.0,0.0,0.0,0
L10-M3,653,652,4,0,0,,0,0.0,0.0,0.0,0
L10-M3,654,653,1,3,0,,0,0.0,0.0,0.0,0
L10-M3,655,654,1,3,0,,0,0.0,0.0,0.0,0
L10-M3,656,655,2,2,0,,0,0.0,0.0,0.0,0
L10-M3,657,656,6,-2,3,8 9 10,1,0.4,0.6,-1.2,0
L10-M3,658,657,4,0,3,23 24 25,1,0.4,0.6,0.0,0
L10-M3,659,658,7,-3,0,,0,0.0,0.0,-0.0,0
L10-M3,660,659,7,-3,6,22 23 24 33 34 35,2,0.8,1.2,-3.5999999999999996,0
L10-M3,661,660,3,1,0,,0,0.0,0.0,0.0,0
L10-M3,662,661,7,-3,0,,0,0.0,0.0,-0.0,0
L10-M3,663,662,6,-2,0,,0,0.0,0.0,-0.0,0
L10-M3,664,663,5,-1,0,,0,0.0,0.0,-0.0,0
L10-M3,665,664,1,3,0,,0,0.0,0.0,0.0,0
L10-M3,666,665,4,0,0,,0,0.0,0.0,0.0,0
L10-M3,667,666,5,-1,0,,0,0.0,0.0,-0.0,0
L10-M3,668,667,1,3,0,,0,0.0,0.0,0.0,0
L10-M3,669,668,1,3,0,,0,0.0,0.0,0.0,0
L10-M3,670,669,3,1,0,,0,0.0,0.0,0.0,0
L10-M3,671,670,3,1,3,21 22 23,0,0.4,-0.4,-0.4,0
L10-M3,672,671,5,-1,3,21 22 23,1,0.4,0.6,-0.6,0
L10-M3,673,672,6,-2,0,,0,0.0,0.0,-0.0,0
L10-M3,674,673,1,3,0,,0,0.0,0.0,0.0,0
L10-M3,675,674,3,1,0,,0,0.0,0.0,0.0,0
L10-M3,676,675,2,2,0,,0,0.0,0.0,0.0,0
L10-M3,677,676,4,0,5,2 3 4 5 6,0,0.6666666666666666,-0.6666666666666666,-0.0,0
L10-M3,678,677,6,-2,5,2 3 4 5 6,3,0.6666666666666666,2.3333333333333335,-4.666666666666667,0
L10-M3,679,678,7,-3,0,,0,0.0,0.0,-0.0,0
L10-M3,680,679,7,-3,0,,0,0.0,0.0,-0.0,0
L10-M3,681,680,5,-1,0,,0,0.0,0.0,-0.0,0
L10-M3,682,681,1,3,0,,0,0.0,0.0,0.0,0
L10-M3,683,682,1,3,0,,0,0.0,0.0,0.0,0
L10-M3,684,683,3,1,0,,0,0.0,0.0,0.0,0
L10-M3,685,684,7,-3,0,,0,0.0,0.0,-0.0,0
L10-M3,686,685,4,0,0,,0,0.0,0.0,0.0,0
L10-M3,687,686,3,1,0,,0,0.0,0.0,0.0,0
L10-M3,688,687,7,-3,0,,0,0.0,0.0,-0.0,0
L10-M3,689,688,1,3,0,,0,0.0,0.0,0.0,0
L10-M3,690,689,5,-1,0,,0,0.0,0.0,-0.0,0
L10-M3,691,690,7,-3,3,2 3 4,0,0.4,-0.4,1.2000000000000002,0
L10-M3,692,691,2,2,3,2 3 4,1,0.4,0.6,1.2,0
L10-M3,693,692,7,-3,0,,0,0.0,0.0,-0.0,0
L10-M3,694,693,5,-1,0,,0,0.0,0.0,-0.0,0
L10-M3,695,694,2,2,0,,0,0.0,0.0,0.0,0
L10-M3,696,695,2,2,0,,0,0.0,0.0,0.0,0
L10-M3,697,696,5,-1,0,,0,0.0,0.0,-0.0,0
L10-M3,698,697,5,-1,0,,0,0.0,0.0,-0.0,0
L10-M3,699,698,4,0,0,,0,0.0,0.0,0.0,0
L10-M3,700,699,1,3,0,,0,0.0,0.0,0.0,0
L10-M3,701,700,2,2,0,,0,0.0,0.0,0.0,0
L10-M3,702,701,5,-1,0,,0,0.0,0.0,-0.0,0
L10-M3,703,702,2,2,0,,0,0.0,0.0,0.0,0
L10-M3,704,703,2,2,0,,0,0.0,0.0,0.0,0
L10-M3,705,704,7,-3,0,,0,0.0,0.0,-0.0,0
L10-M3,706,705,5,-1,0,,0,0.0,0.0,-0.0,0
L10-M3,707,706,7,-3,3,18 19 20,1,0.4,0.6,-1.7999999999999998,0
L10-M3,708,707,5,-1,0,,0,0.0,0.0,-0.0,0
L10-M3,709,708,1,3,0,,0,0.0,0.0,0.0,0
L10-M3,710,709,4,0,0,,0,0.0,0.0,0.0,0
L10-M3,711,710,4,0,0,,0,0.0,0.0,0.0,0
L10-M3,712,711,6,-2,0,,0,0.0,0.0,-0.0,0
L10-M3,713,712,2,2,0,,0,0.0,0.0,0.0,0
L10-M3,714,713,7,-3,0,,0,0.0,0.0,-0.0,0
L10-M3,715,714,3,1,3,41 42 43,1,0.4,0.6,0.6,0
L10-M3,716,715,3,1,0,,0,0.0,0.0,0.0,0
L10-M3,717,716,5,-1,0,,0,0.0,0.0,-0.0,0
L10-M3,718,717,7,-3,0,,0,0.0,0.0,-0.0,0
L10-M3,719,718,7,-3,0,,0,0.0,0.0,-0.0,0
L10-M3,720,719,6,-2,0,,0,0.0,0.0,-0.0,0
L10-M3,721,720,7,-3,0,,0,0.0,0.0,-0.0,0
L10-M3,722,721,3,1,0,,0,0.0,0.0,0.0,0
L10-M3,723,722,7,-3,0,,0,0.0,0.0,-0.0,0
L10-M3,724,723,2,2,0,,0,0.0,0.0,0.0,0
L10-M3,725,724,3,1,0,,0,0.0,0.0,0.0,0
L10-M3,726,725,5,-1,0,,0,0.0,0.0,-0.0,0
L10-M3,727,726,5,-1,4,15 16 17 18,0,0.5333333333333333,-0.5333333333333333,0.5333333333333333,0
L10-M3,728,727,5,-1,8,15 16 17 18 24 25 26 27,0,1.0666666666666667,-1.0666666666666667,1.0666666666666667,0
L10-M3,729,728,6,-2,8,15 16 17 18 24 25 26 27,2,1.0666666666666667,0.9333333333333333,-1.8666666666666667,0
L10-M3,730,729,2,2,0,,0,0.0,0.0,0.0,0
L10-M3,731,730,7,-3,0,,0,0.0,0.0,-0.0,0
L10-M3,732,731,5,-1,3,27 28 29,1,0.4,0.6,-0.6,0
L10-M3,733,732,7,-3,3,38 39 40,1,0.4,0.6,-1.7999999999999998,0
L10-M3,734,733,2,2,0,,0,0.0,0.0,0.0,0
L10-M3,735,734,3,1,0,,0,0.0,0.0,0.0,0
L10-M3,736,735,1,3,0,,0,0.0,0.0,0.0,0
L10-M3,737,736,2,2,0,,0,0.0,0.0,0.0,0
L10-M3,738,737,1,3,0,,0,0.0,0.0,0.0,0
L10-M3,739,738,4,0,3,29 30 31,1,0.4,0.6,0.0,0
L10-M3,740,739,4,0,0,,0,0.0,0.0,0.0,0
L10-M3,741,740,7,-3,0,,0,0.0,0.0,-0.0,0
L10-M3,742,741,2,2,0,,0,0.0,0.0,0.0,0
L10-M3,743,742,1,3,0,,0,0.0,0.0,0.0,0
L10-M3,744,743,1,3,3,30 31 32,0,0.4,-0.4,-1.2000000000000002,0
L10-M3,745,744,7,-3,3,30 31 32,0,0.4,-0.4,1.2000000000000002,0
L10-M3,746,745,5,-1,3,30 31 32,0,0.4,-0.4,0.4,0
L10-M3,747,746,3,1,3,30 31 32,0,0.4,-0.4,-0.4,0
L10-M3,748,747,5,-1,6,24 25 26 30 31 32,2,0.8,1.2,-1.2,0
L10-M3,749,748,5,-1,3,24 25 26,2,0.4,1.6,-1.6,0
L10-M3,750,749,6,-2,0,,0,0.0,0.0,-0.0,0
L10-M3,751,750,3,1,0,,0,0.0,0.0,0.0,0
L10-M3,752,751,4,0,0,,0,0.0,0.0,0.0,0
L10-M3,753,752,2,2,3,37 38 39,1,0.4,0.6,1.2,0
L10-M3,754,753,2,2,0,,0,0.0,0.0,0.0,0
L10-M3,755,754,7,-3,0,,0,0.0,0.0,-0.0,0
L10-M3,756,755,7,-3,0,,0,0.0,0.0,-0.0,0
L10-M3,757,756,1,3,0,,0,0.0,0.0,0.0,0
L10-M3,758,757,1,3,0,,0,0.0,0.0,0.0,0
L10-M3,759,758,4,0,3,21 22 23,0,0.4,-0.4,-0.0,0
L10-M3,760,759,2,2,3,21 22 23,1,0.4,0.6,1.2,0
L10-M3,761,760,2,2,0,,0,0.0,0.0,0.0,0
L10-M3,762,761,5,-1,0,,0,0.0,0.0,-0.0,0
L10-M3,763,762,4,0,0,,0,0.0,0.0,0.0,0
L10-M3,764,763,3,1,0,,0,0.0,0.0,0.0,0
L10-M3,765,764,2,2,0,,0,0.0,0.0,0.0,0
L10-M3,766,765,5,-1,0,,0,0.0,0.0,-0.0,0
L10-M3,767,766,2,2,6,13 14 15 18 19 20,2,0.8,1.2,2.4,0
L10-M3,768,767,4,0,3,17 18 19,0,0.4,-0.4,-0.0,0
L10-M3,769,768,1,3,3,17 18 19,0,0.4,-0.4,-1.2000000000000002,0
L10-M3,770,769,1,3,3,17 18 19,0,0.4,-0.4,-1.2000000000000002,0
L10-M3,771,770,5,-1,3,17 18 19,2,0.4,1.6,-1.6,0
L10-M3,772,771,7,-3,0,,0,0.0,0.0,-0.0,0
L10-M3,773,772,6,-2,0,,0,0.0,0.0,-0.0,0
L10-M3,774,773,7,-3,0,,0,0.0,0.0,-0.0,0
L10-M3,775,774,1,3,3,24 25 26,0,0.4,-0.4,-1.2000000000000002,0
L10-M3,776,775,3,1,6,2 3 4 24 25 26,0,0.8,-0.8,-0.8,0
L10-M3,777,776,4,0,6,2 3 4 24 25 26,0,0.8,-0.8,-0.0,0
L10-M3,778,777,4,0,6,2 3 4 24 25 26,0,0.8,-0.8,-0.0,0
L10-M3,779,778,2,2,7,2 3 4 24 25 26 27,1,0.9333333333333333,0.06666666666666665,0.1333333333333333,0
L10-M3,780,779,1,3,6,2 3 4 25 26 27,1,0.8,0.19999999999999996,0.5999999999999999,0
L10-M3,781,780,2,2,4,1 2 3 4,0,0.5333333333333333,-0.5333333333333333,-1.0666666666666667,0
L10-M3,782,781,7,-3,4,1 2 3 4,0,0.5333333333333333,-0.5333333333333333,1.6,0
L10-M3,783,782,3,1,5,1 2 3 4 5,0,0.6666666666666666,-0.6666666666666666,-0.6666666666666666,0
L10-M3,784,783,5,-1,5,1 2 3 4 5,1,0.6666666666666666,0.33333333333333337,-0.33333333333333337,0
L10-M3,785,784,3,1,0,,0,0.0,0.0,0.0,0
L10-M3,786,785,7,-3,3,42 43 44,0,0.4,-0.4,1.2000000000000002,0
L10-M3,787,786,7,-3,6,7 8 9 42 43 44,0,0.8,-0.8,2.4000000000000004,0
L10-M3,788,787,3,1,6,7 8 9 42 43 44,0,0.8,-0.8,-0.8,0
L10-M3,789,788,5,-1,6,7 8 9 42 43 44,1,0.8,0.19999999999999996,-0.19999999999999996,0
L10-M3,790,789,6,-2,5,40 41 42 43 44,1,0.6666666666666666,0.33333333333333337,-0.6666666666666667,0
L10-M3,791,790,3,1,3,42 43 44,1,0.4,0.6,0.6,0
L10-M3,792,791,5,-1,0,,0,0.0,0.0,-0.0,0
L10-M3,793,792,3,1,0,,0,0.0,0.0,0.0,0
L10-M3,794,793,4,0,0,,0,0.0,0.0,0.0,0
L10-M3,795,794,3,1,0,,0,0.0,0.0,0.0,0
L10-M3,796,795,6,-2,0,,0,0.0,0.0,-0.0,0
L10-M3,797,796,2,2,3,22 23 24,1,0.4,0.6,1.2,0
L10-M3,798,797,5,-1,0,,0,0.0,0.0,-0.0,0
L10-M3,799,798,7,-3,0,,0,0.0,0.0,-0.0,0
L10-M3,800,799,4,0,0,,0,0.0,0.0,0.0,0
L10-M3,801,800,5,-1,0,,0,0.0,0.0,-0.0,0
L10-M3,802,801,1,3,0,,0,0.0,0.0,0.0,0
L10-M3,803,802,6,-2,0,,0,0.0,0.0,-0.0,0
L10-M3,804,803,1,3,0,,0,0.0,0.0,0.0,0
L10-M3,805,804,2,2,3,6 7 8,0,0.4,-0.4,-0.8,0
L10-M3,806,805,7,-3,3,6 7 8,0,0.4,-0.4,1.2000000000000002,0
L10-M3,807,806,4,0,3,6 7 8,1,0.4,0.6,0.0,0
L10-M3,808,807,5,-1,3,39 40 41,1,0.4,0.6,-0.6,0
L10-M3,809,808,3,1,0,,0,0.0,0.0,0.0,0
L10-M3,810,809,6,-2,0,,0,0.0,0.0,-0.0,0
L10-M3,811,810,3,1,0,,0,0.0,0.0,0.0,0
L10-M3,812,811,5,-1,3,27 28 29,0,0.4,-0.4,0.4,0
L10-M3,813,812,3,1,3,27 28 29,0,0.4,-0.4,-0.4,0
L10-M3,814,813,2,2,3,27 28 29,1,0.4,0.6,1.2,0
L10-M3,815,814,4,0,0,,0,0.0,0.0,0.0,0
L10-M3,816,815,1,3,0,,0,0.0,0.0,0.0,0
L10-M3,817,816,1,3,0,,0,0.0,0.0,0.0,0
L10-M3,818,817,6,-2,0,,0,0.0,0.0,-0.0,0
L10-M3,819,818,1,3,0,,0,0.0,0.0,0.0,0
L10-M3,820,819,1,3,3,22 23 24,1,0.4,0.6,1.7999999999999998,0
L10-M3,821,820,1,3,4,4 5 6 7,0,0.5333333333333333,-0.5333333333333333,-1.6,0
L10-M3,822,821,4,0,5,4 5 6 7 8,0,0.6666666666666666,-0.6666666666666666,-0.0,0
L10-M3,823,822,2,2,5,4 5 6 7 8,0,0.6666666666666666,-0.6666666666666666,-1.3333333333333333,0
L10-M3,824,823,2,2,5,4 5 6 7 8,1,0.6666666666666666,0.33333333333333337,0.6666666666666667,0
L10-M3,825,824,4,0,3,4 5 6,0,0.4,-0.4,-0.0,0
L10-M3,826,825,7,-3,3,4 5 6,0,0.4,-0.4,1.2000000000000002,0
L10-M3,827,826,7,-3,3,4 5 6,1,0.4,0.6,-1.7999999999999998,0
L10-M3,828,827,4,0,3,2 3 4,1,0.4,0.6,0.0,0
L10-M3,829,828,4,0,0,,0,0.0,0.0,0.0,0
L10-M3,830,829,3,1,0,,0,0.0,0.0,0.0,0
L10-M3,831,830,4,0,0,,0,0.0,0.0,0.0,0
L10-M3,832,831,2,2,0,,0,0.0,0.0,0.0,0
L10-M3,833,832,5,-1,0,,0,0.0,0.0,-0.0,0
L10-M3,834,833,3,1,0,,0,0.0,0.0,0.0,0
L10-M3,835,834,1,3,0,,0,0.0,0.0,0.0,0
L10-M3,836,835,5,-1,4,20 21 22 23,0,0.5333333333333333,-0.5333333333333333,0.5333333333333333,0
L10-M3,837,836,5,-1,6,20 21 22 23 24 25,1,0.8,0.19999999999999996,-0.19999999999999996,0
L10-M3,838,837,2,2,5,20 21 22 23 24,0,0.6666666666666666,-0.6666666666666666,-1.3333333333333333,0
L10-M3,839,838,4,0,5,20 21 22 23 24,0,0.6666666666666666,-0.6666666666666666,-0.0,0
L10-M3,840,839,7,-3,5,20 21 22 23 24,0,0.6666666666666666,-0.6666666666666666,2.0,0
L10-M3,841,840,4,0,5,20 21 22 23 24,0,0.6666666666666666,-0.6666666666666666,-0.0,0
L10-M3,842,841,4,0,5,20 21 22 23 24,0,0.6666666666666666,-0.6666666666666666,-0.0,0
L10-M3,843,842,5,-1,5,20 21 22 23 24,1,0.6666666666666666,0.33333333333333337,-0.33333333333333337,0
L10-M3,844,843,1,3,3,22 23 24,0,0.4,-0.4,-1.2000000000000002,0
L10-M3,845,844,5,-1,3,22 23 24,0,0.4,-0.4,0.4,0
L10-M3,846,845,2,2,3,22 23 24,0,0.4,-0.4,-0.8,0
L10-M3,847,846,2,2,3,22 23 24,0,0.4,-0.4,-0.8,0
L10-M3,848,847,3,1,4,22 23 24 25,1,0.5333333333333333,0.4666666666666667,0.4666666666666667,0
L10-M3,849,848,5,-1,3,23 24 25,0,0.4,-0.4,0.4,0
L10-M3,850,849,1,3,3,23 24 25,1,0.4,0.6,1.7999999999999998,0
L10-M3,851,850,1,3,0,,0,0.0,0.0,0.0,0
L10-M3,852,851,6,-2,3,9 10 11,1,0.4,0.6,-1.2,0
L10-M3,853,852,1,3,0,,0,0.0,0.0,0.0,0
L10-M3,854,853,3,1,0,,0,0.0,0.0,0.0,0
L10-M3,855,854,1,3,0,,0,0.0,0.0,0.0,0
L10-M3,856,855,1,3,0,,0,0.0,0.0,0.0,0
L10-M3,857,856,2,2,0,,0,0.0,0.0,0.0,0
L10-M3,858,857,7,-3,0,,0,0.0,0.0,-0.0,0
L10-M3,859,858,3,1,0,,0,0.0,0.0,0.0,0
L10-M3,860,859,3,1,3,3 4 5,1,0.4,0.6,0.6,0
L10-M3,861,860,7,-3,0,,0,0.0,0.0,-0.0,0
L10-M3,862,861,6,-2,0,,0,0.0,0.0,-0.0,0
L10-M3,863,862,2,2,0,,0,0.0,0.0,0.0,0
L10-M3,864,863,1,3,3,1 2 3,1,0.4,0.6,1.7999999999999998,0
L10-M3,865,864,6,-2,3,29 30 31,0,0.4,-0.4,0.8,0
L10-M3,866,865,1,3,3,29 30 31,1,0.4,0.6,1.7999999999999998,0
L10-M3,867,866,2,2,0,,0,0.0,0.0,0.0,0
L10-M3,868,867,7,-3,0,,0,0.0,0.0,-0.0,0
L10-M3,869,868,3,1,0,,0,0.0,0.0,0.0,0
L10-M3,870,869,2,2,0,,0,0.0,0.0,0.0,0
L10-M3,871,870,4,0,0,,0,0.0,0.0,0.0,0
L10-M3,872,871,7,-3,0,,0,0.0,0.0,-0.0,0
L10-M3,873,872,3,1,0,,0,0.0,0.0,0.0,0
L10-M3,874,873,6,-2,0,,0,0.0,0.0,-0.0,0
L10-M3,875,874,6,-2,0,,0,0.0,0.0,-0.0,0
L10-M3,876,875,5,-1,0,,0,0.0,0.0,-0.0,0
L10-M3,877,876,4,0,5,7 8 9 10 11,0,0.6666666666666666,-0.6666666666666666,-0.0,0
L10-M3,878,877,2,2,5,7 8 9 10 11,1,0.6666666666666666,0.33333333333333337,0.6666666666666667,0
L10-M3,879,878,2,2,4,7 8 9 10,1,0.5333333333333333,0.4666666666666667,0.9333333333333333,0
L10-M3,880,879,6,-2,6,7 8 9 36 37 38,1,0.8,0.19999999999999996,-0.3999999999999999,0
L10-M3,881,880,6,-2,3,36 37 38,0,0.4,-0.4,0.8,0
L10-M3,882,881,2,2,3,36 37 38,0,0.4,-0.4,-0.8,0
L10-M3,883,882,2,2,3,36 37 38,1,0.4,0.6,1.2,0
L10-M3,884,883,3,1,0,,0,0.0,0.0,0.0,0
L10-M3,885,884,3,1,0,,0,0.0,0.0,0.0,0
L10-M3,886,885,5,-1,0,,0,0.0,0.0,-0.0,0
L10-M3,887,886,1,3,0,,0,0.0,0.0,0.0,0
L10-M3,888,887,2,2,0,,0,0.0,0.0,0.0,0
L10-M3,889,888,5,-1,0,,0,0.0,0.0,-0.0,0
L10-M3,890,889,3,1,0,,0,0.0,0.0,0.0,0
L10-M3,891,890,3,1,0,,0,0.0,0.0,0.0,0
L10-M3,892,891,3,1,3,20 21 22,0,0.4,-0.4,-0.4,0
L10-M3,893,892,6,-2,3,20 21 22,0,0.4,-0.4,0.8,0
L10-M3,894,893,2,2,3,20 21 22,0,0.4,-0.4,-0.8,0
L10-M3,895,894,7,-3,3,20 21 22,0,0.4,-0.4,1.2000000000000002,0
L10-M3,896,895,2,2,3,20 21 22,0,0.4,-0.4,-0.8,0
L10-M3,897,896,3,1,3,20 21 22,1,0.4,0.6,0.6,0
L10-M3,898,897,6,-2,0,,0,0.0,0.0,-0.0,0
L10-M3,899,898,1,3,0,,0,0.0,0.0,0.0,0
L10-M3,900,899,6,-2,0,,0,0.0,0.0,-0.0,0
L10-M3,901,900,3,1,0,,0,0.0,0.0,0.0,0
L10-M3,902,901,4,0,0,,0,0.0,0.0,0.0,0
L10-M3,903,902,5,-1,6,2 3 4 9 10 11,1,0.8,0.19999999999999996,-0.19999999999999996,0
L10-M3,904,903,7,-3,3,9 10 11,0,0.4,-0.4,1.2000000000000002,0
L10-M3,905,904,4,0,3,9 10 11,0,0.4,-0.4,-0.0,0
L10-M3,906,905,4,0,3,9 10 11,0,0.4,-0.4,-0.0,0
L10-M3,907,906,4,0,3,9 10 11,0,0.4,-0.4,-0.0,0
L10-M3,908,907,4,0,4,9 10 11 12,0,0.5333333333333333,-0.5333333333333333,-0.0,0
L10-M3,909,908,6,-2,4,9 10 11 12,0,0.5333333333333333,-0.5333333333333333,1.0666666666666667,0
L10-M3,910,909,5,-1,4,9 10 11 12,1,0.5333333333333333,0.4666666666666667,-0.4666666666666667,0
L10-M3,911,910,5,-1,0,,0,0.0,0.0,-0.0,0
L10-M3,912,911,6,-2,0,,0,0.0,0.0,-0.0,0
L10-M3,913,912,3,1,0,,0,0.0,0.0,0.0,0
L10-M3,914,913,7,-3,0,,0,0.0,0.0,-0.0,0
L10-M3,915,914,4,0,0,,0,0.0,0.0,0.0,0
L10-M3,916,915,5,-1,0,,0,0.0,0.0,-0.0,0
L10-M3,917,916,2,2,0,,0,0.0,0.0,0.0,0
L10-M3,918,917,6,-2,0,,0,0.0,0.0,-0.0,0
L10-M3,919,918,1,3,0,,0,0.0,0.0,0.0,0
L10-M3,920,919,5,-1,3,28 29 30,0,0.4,-0.4,0.4,0
L10-M3,921,920,4,0,6,28 29 30 39 40 41,2,0.8,1.2,0.0,0
L10-M3,922,921,1,3,0,,0,0.0,0.0,0.0,0
L10-M3,923,922,6,-2,0,,0,0.0,0.0,-0.0,0
L10-M3,924,923,5,-1,0,,0,0.0,0.0,-0.0,0
L10-M3,925,924,3,1,0,,0,0.0,0.0,0.0,0
L10-M3,926,925,1,3,0,,0,0.0,0.0,0.0,0
L10-M3,927,926,1,3,0,,0,0.0,0.0,0.0,0
L10-M3,928,927,4,0,0,,0,0.0,0.0,0.0,0
L10-M3,929,928,6,-2,0,,0,0.0,0.0,-0.0,0
L10-M3,930,929,1,3,0,,0,0.0,0.0,0.0,0
L10-M3,931,930,4,0,0,,0,0.0,0.0,0.0,0
L10-M3,932,931,5,-1,0,,0,0.0,0.0,-0.0,0
L10-M3,933,932,2,2,0,,0,0.0,0.0,0.0,0
L10-M3,934,933,6,-2,0,,0,0.0,0.0,-0.0,0
L10-M3,935,934,3,1,0,,0,0.0,0.0,0.0,0
L10-M3,936,935,3,1,0,,0,0.0,0.0,0.0,0
L10-M3,937,936,7,-3,0,,0,0.0,0.0,-0.0,0
L10-M3,938,937,5,-1,0,,0,0.0,0.0,-0.0,0
L10-M3,939,938,3,1,0,,0,0.0,0.0,0.0,0
L10-M3,940,939,2,2,0,,0,0.0,0.0,0.0,0
L10-M3,941,940,2,2,0,,0,0.0,0.0,0.0,0
L10-M3,942,941,5,-1,0,,0,0.0,0.0,-0.0,0
L10-M3,943,942,5,-1,0,,0,0.0,0.0,-0.0,0
L10-M3,944,943,5,-1,0,,0,0.0,0.0,-0.0,0
L10-M3,945,944,7,-3,0,,0,0.0,0.0,-0.0,0
L10-M3,946,945,4,0,0,,0,0.0,0.0,0.0,0
L10-M3,947,946,4,0,3,5 6 7,0,0.4,-0.4,-0.0,0
L10-M3,948,947,5,-1,3,5 6 7,0,0.4,-0.4,0.4,0
L10-M3,949,948,1,3,3,5 6 7,0,0.4,-0.4,-1.2000000000000002,0
L10-M3,950,949,3,1,4,4 5 6 7,1,0.5333333333333333,0.4666666666666667,0.4666666666666667,0
L10-M3,951,950,3,1,3,5 6 7,0,0.4,-0.4,-0.4,0
L10-M3,952,951,5,-1,7,5 6 7 23 24 25 26,1,0.9333333333333333,0.06666666666666665,-0.06666666666666665,0
L10-M3,953,952,6,-2,3,5 6 7,1,0.4,0.6,-1.2,0
L10-M3,954,953,5,-1,0,,0,0.0,0.0,-0.0,0
L10-M3,955,954,6,-2,0,,0,0.0,0.0,-0.0,0
L10-M3,956,955,2,2,0,,0,0.0,0.0,0.0,0
L10-M3,957,956,6,-2,0,,0,0.0,0.0,-0.0,0
L10-M3,958,957,1,3,0,,0,0.0,0.0,0.0,0
L10-M3,959,958,1,3,3,17 18 19,0,0.4,-0.4,-1.2000000000000002,0
L10-M3,960,959,5,-1,3,17 18 19,1,0.4,0.6,-0.6,0
L10-M3,961,960,2,2,0,,0,0.0,0.0,0.0,0
L10-M3,962,961,7,-3,0,,0,0.0,0.0,-0.0,0
L10-M3,963,962,6,-2,0,,0,0.0,0.0,-0.0,0
L10-M3,964,963,6,-2,0,,0,0.0,0.0,-0.0,0
L10-M3,965,964,3,1,0,,0,0.0,0.0,0.0,0
L10-M3,966,965,6,-2,0,,0,0.0,0.0,-0.0,0
L10-M3,967,966,6,-2,0,,0,0.0,0.0,-0.0,0
L10-M3,968,967,3,1,3,3 4 5,1,0.4,0.6,0.6,0
L10-M3,969,968,6,-2,4,7 8 9 10,2,0.5333333333333333,1.4666666666666668,-2.9333333333333336,0
L10-M3,970,969,2,2,3,15 16 17,1,0.4,0.6,1.2,0
L10-M3,971,970,1,3,0,,0,0.0,0.0,0.0,0
L10-M3,972,971,3,1,0,,0,0.0,0.0,0.0,0
L10-M3,973,972,5,-1,4,30 31 32 33,1,0.5333333333333333,0.4666666666666667,-0.4666666666666667,0
L10-M3,974,973,2,2,0,,0,0.0,0.0,0.0,0
L10-M3,975,974,5,-1,0,,0,0.0,0.0,-0.0,0
L10-M3,976,975,1,3,0,,0,0.0,0.0,0.0,0
L10-M3,977,976,1,3,3,32 33 34,0,0.4,-0.4,-1.2000000000000002,0
L10-M3,978,977,5,-1,3,32 33 34,2,0.4,1.6,-1.6,0
L10-M3,979,978,3,1,0,,0,0.0,0.0,0.0,0
L10-M3,980,979,5,-1,0,,0,0.0,0.0,-0.0,0
L10-M3,981,980,3,1,3,28 29 30,0,0.4,-0.4,-0.4,0
L10-M3,982,981,2,2,6,18 19 20 28 29 30,1,0.8,0.19999999999999996,0.3999999999999999,0
L10-M3,983,982,6,-2,3,28 29 30,0,0.4,-0.4,0.8,0
L10-M3,984,983,2,2,3,28 29 30,0,0.4,-0.4,-0.8,0
L10-M3,985,984,3,1,6,28 29 30 38 39 40,1,0.8,0.19999999999999996,0.19999999999999996,0
L10-M3,986,985,2,2,3,38 39 40,0,0.4,-0.4,-0.8,0
L10-M3,987,986,5,-1,3,38 39 40,1,0.4,0.6,-0.6,0
L10-M3,988,987,3,1,0,,0,0.0,0.0,0.0,0
L10-M3,989,988,4,0,0,,0,0.0,0.0,0.0,0
L10-M3,990,989,4,0,0,,0,0.0,0.0,0.0,0
L10-M3,991,990,5,-1,0,,0,0.0,0.0,-0.0,0
L10-M3,992,991,6,-2,0,,0,0.0,0.0,-0.0,0
L10-M3,993,992,3,1,0,,0,0.0,0.0,0.0,0
L10-M3,994,993,7,-3,0,,0,0.0,0.0,-0.0,0
L10-M3,995,994,6,-2,0,,0,0.0,0.0,-0.0,0
L10-M3,996,995,3,1,0,,0,0.0,0.0,0.0,0
L10-M3,997,996,5,-1,0,,0,0.0,0.0,-0.0,0
L10-M3,998,997,5,-1,0,,0,0.0,0.0,-0.0,0
L10-M3,999,998,5,-1,0,,0,0.0,0.0,-0.0,0
L10-M3,1000,999,7,-3,3,21 22 23,1,0.4,0.6,-1.7999999999999998,0
L10-M3,1001,1000,6,-2,0,,0,0.0,0.0,-0.0,0
L10-M3,1002,1001,5,-1,0,,0,0.0,0.0,-0.0,0
L10-M3,1003,1002,1,3,0,,0,0.0,0.0,0.0,0
L10-M3,1004,1003,4,0,0,,0,0.0,0.0,0.0,0
L10-M3,1005,1004,3,1,0,,0,0.0,0.0,0.0,0
L10-M3,1006,1005,3,1,0,,0,0.0,0.0,0.0,0
L10-M3,1007,1006,6,-2,0,,0,0.0,0.0,-0.0,0
L10-M3,1008,1007,7,-3,0,,0,0.0,0.0,-0.0,0
L10-M3,1009,1008,5,-1,0,,0,0.0,0.0,-0.0,0
L10-M3,1010,1009,2,2,0,,0,0.0,0.0,0.0,0
L10-M3,1011,1010,1,3,0,,0,0.0,0.0,0.0,0
L10-M3,1012,1011,7,-3,0,,0,0.0,0.0,-0.0,0
L10-M3,1013,1012,1,3,0,,0,0.0,0.0,0.0,0
L10-M3,1014,1013,4,0,3,2 3 4,1,0.4,0.6,0.0,0
L10-M3,1015,1014,5,-1,0,,0,0.0,0.0,-0.0,0
L10-M3,1016,1015,7,-3,0,,0,0.0,0.0,-0.0,0
L10-M3,1017,1016,7,-3,0,,0,0.0,0.0,-0.0,0
L10-M3,1018,1017,6,-2,3,6 7 8,0,0.4,-0.4,0.8,0
L10-M3,1019,1018,5,-1,3,6 7 8,0,0.4,-0.4,0.4,0
L10-M3,1020,1019,3,1,3,6 7 8,0,0.4,-0.4,-0.4,0
L10-M3,1021,1020,1,3,3,6 7 8,0,0.4,-0.4,-1.2000000000000002,0
L10-M3,1022,1021,3,1,5,6 7 8 9 10,1,0.6666666666666666,0.33333333333333337,0.33333333333333337,0
L10-M3,1023,1022,4,0,4,7 8 9 10,1,0.5333333333333333,0.4666666666666667,0.0,0
L10-M3,1024,1023,5,-1,3,7 8 9,1,0.4,0.6,-0.6,0
L10-M3,1025,1024,2,2,0,,0,0.0,0.0,0.0,0
L10-M3,1026,1025,1,3,0,,0,0.0,0.0,0.0,0
L10-M3,1027,1026,6,-2,0,,0,0.0,0.0,-0.0,0
L10-M3,1028,1027,1,3,0,,0,0.0,0.0,0.0,0
L10-M3,1029,1028,6,-2,0,,0,0.0,0.0,-0.0,0
L10-M3,1030,1029,2,2,4,1 2 3 4,1,0.5333333333333333,0.4666666666666667,0.9333333333333333,0
L10-M3,1031,1030,3,1,0,,0,0.0,0.0,0.0,0
L10-M3,1032,1031,3,1,0,,0,0.0,0.0,0.0,0
L10-M3,1033,1032,5,-1,0,,0,0.0,0.0,-0.0,0
L10-M3,1034,1033,2,2,0,,0,0.0,0.0,0.0,0
L10-M3,1035,1034,1,3,0,,0,0.0,0.0,0.0,0
L10-M3,1036,1035,1,3,0,,0,0.0,0.0,0.0,0
L10-M3,1037,1036,6,-2,0,,0,0.0,0.0,-0.0,0
L10-M3,1038,1037,6,-2,0,,0,0.0,0.0,-0.0,0
L10-M3,1039,1038,1,3,0,,0,0.0,0.0,0.0,0
L10-M3,1040,1039,5,-1,0,,0,0.0,0.0,-0.0,0
L10-M3,1041,1040,2,2,0,,0,0.0,0.0,0.0,0
L10-M3,1042,1041,7,-3,0,,0,0.0,0.0,-0.0,0
L10-M3,1043,1042,1,3,0,,0,0.0,0.0,0.0,0
L10-M3,1044,1043,4,0,0,,0,0.0,0.0,0.0,0
L10-M3,1045,1044,1,3,0,,0,0.0,0.0,0.0,0
L10-M3,1046,1045,6,-2,0,,0,0.0,0.0,-0.0,0
L10-M3,1047,1046,4,0,0,,0,0.0,0.0,0.0,0
L10-M3,1048,1047,3,1,0,,0,0.0,0.0,0.0,0
L10-M3,1049,1048,5,-1,0,,0,0.0,0.0,-0.0,0
L10-M3,1050,1049,4,0,0,,0,0.0,0.0,0.0,0
L10-M3,1051,1050,3,1,0,,0,0.0,0.0,0.0,0
L10-M3,1052,1051,7,-3,4,8 9 10 11,0,0.5333333333333333,-0.5333333333333333,1.6,0
L10-M3,1053,1052,1,3,4,8 9 10 11,0,0.5333333333333333,-0.5333333333333333,-1.6,0
L10-M3,1054,1053,1,3,4,8 9 10 11,0,0.5333333333333333,-0.5333333333333333,-1.6,0
L10-M3,1055,1054,6,-2,4,8 9 10 11,0,0.5333333333333333,-0.5333333333333333,1.0666666666666667,0
L10-M3,1056,1055,6,-2,4,8 9 10 11,0,0.5333333333333333,-0.5333333333333333,1.0666666666666667,0
L10-M3,1057,1056,4,0,4,8 9 10 11,1,0.5333333333333333,0.4666666666666667,0.0,0
L10-M3,1058,1057,2,2,3,9 10 11,1,0.4,0.6,1.2,0
L10-M3,1059,1058,7,-3,0,,0,0.0,0.0,-0.0,0
L10-M3,1060,1059,5,-1,3,1 2 3,1,0.4,0.6,-0.6,0
L10-M3,1061,1060,5,-1,4,41 42 43 44,0,0.5333333333333333,-0.5333333333333333,0.5333333333333333,0
L10-M3,1062,1061,2,2,4,41 42 43 44,1,0.5333333333333333,0.4666666666666667,0.9333333333333333,0
L10-M3,1063,1062,1,3,7,15 16 17 18 42 43 44,0,0.9333333333333333,-0.9333333333333333,-2.8,0
L10-M3,1064,1063,6,-2,7,15 16 17 18 42 43 44,1,0.9333333333333333,0.06666666666666665,-0.1333333333333333,0
L10-M3,1065,1064,4,0,6,15 16 17 42 43 44,0,0.8,-0.8,-0.0,0
L10-M3,1066,1065,5,-1,7,14 15 16 17 42 43 44,1,0.9333333333333333,0.06666666666666665,-0.06666666666666665,0
L10-M3,1067,1066,7,-3,3,42 43 44,0,0.4,-0.4,1.2000000000000002,0
L10-M3,1068,1067,3,1,7,12 13 14 15 42 43 44,0,0.9333333333333333,-0.9333333333333333,-0.9333333333333333,0
L10-M3,1069,1068,1,3,7,12 13 14 15 42 43 44,0,0.9333333333333333,-0.9333333333333333,-2.8,0
L10-M3,1070,1069,7,-3,7,12 13 14 15 42 43 44,1,0.9333333333333333,0.06666666666666665,-0.19999999999999996,0
L10-M3,1071,1070,6,-2,3,42 43 44,0,0.4,-0.4,0.8,0
L10-M3,1072,1071,7,-3,3,42 43 44,1,0.4,0.6,-1.7999999999999998,0
L10-M3,1073,1072,5,-1,0,,0,0.0,0.0,-0.0,0
L10-M3,1074,1073,2,2,0,,0,0.0,0.0,0.0,0
L10-M3,1075,1074,3,1,0,,0,0.0,0.0,0.0,0
L10-M3,1076,1075,2,2,0,,0,0.0,0.0,0.0,0
L10-M3,1077,1076,4,0,0,,0,0.0,0.0,0.0,0
L10-M3,1078,1077,5,-1,0,,0,0.0,0.0,-0.0,0
L10-M3,1079,1078,7,-3,0,,0,0.0,0.0,-0.0,0
L10-M3,1080,1079,2,2,0,,0,0.0,0.0,0.0,0
L10-M3,1081,1080,6,-2,0,,0,0.0,0.0,-0.0,0
L10-M3,1082,1081,4,0,0,,0,0.0,0.0,0.0,0
L10-M3,1083,1082,4,0,0,,0,0.0,0.0,0.0,0
L10-M3,1084,1083,5,-1,0,,0,0.0,0.0,-0.0,0
L10-M3,1085,1084,1,3,0,,0,0.0,0.0,0.0,0
L10-M3,1086,1085,5,-1,0,,0,0.0,0.0,-0.0,0
L10-M3,1087,1086,7,-3,0,,0,0.0,0.0,-0.0,0
L10-M3,1088,1087,3,1,3,39 40 41,1,0.4,0.6,0.6,0
L10-M3,1089,1088,5,-1,0,,0,0.0,0.0,-0.0,0
L10-M3,1090,1089,5,-1,0,,0,0.0,0.0,-0.0,0
L10-M3,1091,1090,1,3,0,,0,0.0,0.0,0.0,0
L10-M3,1092,1091,7,-3,0,,0,0.0,0.0,-0.0,0
L10-M3,1093,1092,6,-2,0,,0,0.0,0.0,-0.0,0
L10-M3,1094,1093,7,-3,3,1 2 3,0,0.4,-0.4,1.2000000000000002,0
L10-M3,1095,1094,7,-3,3,1 2 3,0,0.4,-0.4,1.2000000000000002,0
L10-M3,1096,1095,2,2,3,1 2 3,1,0.4,0.6,1.2,0
L10-M3,1097,1096,6,-2,0,,0,0.0,0.0,-0.0,0
L10-M3,1098,1097,1,3,0,,0,0.0,0.0,0.0,0
L10-M3,1099,1098,2,2,0,,0,0.0,0.0,0.0,0
L10-M3,1100,1099,2,2,0,,0,0.0,0.0,0.0,0
L10-M3,1101,1100,1,3,0,,0,0.0,0.0,0.0,0
L10-M3,1102,1101,6,-2,0,,0,0.0,0.0,-0.0,0
L10-M3,1103,1102,3,1,0,,0,0.0,0.0,0.0,0
L10-M3,1104,1103,1,3,0,,0,0.0,0.0,0.0,0
L10-M3,1105,1104,2,2,0,,0,0.0,0.0,0.0,0
L10-M3,1106,1105,2,2,0,,0,0.0,0.0,0.0,0
L10-M3,1107,1106,5,-1,0,,0,0.0,0.0,-0.0,0
L10-M3,1108,1107,3,1,0,,0,0.0,0.0,0.0,0
L10-M3,1109,1108,4,0,3,23 24 25,0,0.4,-0.4,-0.0,0
L10-M3,1110,1109,1,3,3,23 24 25,0,0.4,-0.4,-1.2000000000000002,0
L10-M3,1111,1110,6,-2,3,23 24 25,0,0.4,-0.4,0.8,0
L10-M3,1112,1111,2,2,3,23 24 25,0,0.4,-0.4,-0.8,0
L10-M3,1113,1112,3,1,3,23 24 25,0,0.4,-0.4,-0.4,0
L10-M3,1114,1113,1,3,3,23 24 25,0,0.4,-0.4,-1.2000000000000002,0
L10-M3,1115,1114,1,3,3,23 24 25,1,0.4,0.6,1.7999999999999998,0
L10-M3,1116,1115,2,2,0,,0,0.0,0.0,0.0,0
L10-M3,1117,1116,7,-3,3,27 28 29,0,0.4,-0.4,1.2000000000000002,0
L10-M3,1118,1117,3,1,3,27 28 29,0,0.4,-0.4,-0.4,0
L10-M3,1119,1118,1,3,3,27 28 29,0,0.4,-0.4,-1.2000000000000002,0
L10-M3,1120,1119,2,2,3,27 28 29,0,0.4,-0.4,-0.8,0
L10-M3,1121,1120,5,-1,3,27 28 29,0,0.4,-0.4,0.4,0
L10-M3,1122,1121,2,2,3,27 28 29,0,0.4,-0.4,-0.8,0
L10-M3,1123,1122,4,0,3,27 28 29,0,0.4,-0.4,-0.0,0
L10-M3,1124,1123,5,-1,3,27 28 29,0,0.4,-0.4,0.4,0
L10-M3,1125,1124,4,0,3,27 28 29,0,0.4,-0.4,-0.0,0
L10-M3,1126,1125,4,0,3,27 28 29,0,0.4,-0.4,-0.0,0
L10-M3,1127,1126,3,1,3,27 28 29,0,0.4,-0.4,-0.4,0
L10-M3,1128,1127,6,-2,3,27 28 29,1,0.4,0.6,-1.2,0
L10-M3,1129,1128,7,-3,0,,0,0.0,0.0,-0.0,0
L10-M3,1130,1129,5,-1,0,,0,0.0,0.0,-0.0,0
L10-M3,1131,1130,7,-3,3,41 42 43,0,0.4,-0.4,1.2000000000000002,0
L10-M3,1132,1131,6,-2,3,41 42 43,1,0.4,0.6,-1.2,0
L10-M3,1133,1132,1,3,0,,0,0.0,0.0,0.0,0
L10-M3,1134,1133,4,0,0,,0,0.0,0.0,0.0,0
L10-M3,1135,1134,6,-2,0,,0,0.0,0.0,-0.0,0
L10-M3,1136,1135,2,2,4,42 43 44 45,2,0.5333333333333333,1.4666666666666668,2.9333333333333336,0
L10-M3,1137,1136,1,3,0,,0,0.0,0.0,0.0,0
L10-M3,1138,1137,5,-1,3,30 31 32,0,0.4,-0.4,0.4,0
L10-M3,1139,1138,7,-3,3,30 31 32,1,0.4,0.6,-1.7999999999999998,0
L10-M3,1140,1139,4,0,0,,0,0.0,0.0,0.0,0
L10-M3,1141,1140,3,1,0,,0,0.0,0.0,0.0,0
L10-M3,1142,1141,4,0,0,,0,0.0,0.0,0.0,0
L10-M3,1143,1142,3,1,0,,0,0.0,0.0,0.0,0
L10-M3,1144,1143,1,3,0,,0,0.0,0.0,0.0,0
L10-M3,1145,1144,3,1,3,23 24 25,0,0.4,-0.4,-0.4,0
L10-M3,1146,1145,4,0,3,23 24 25,0,0.4,-0.4,-0.0,0
L10-M3,1147,1146,5,-1,3,23 24 25,1,0.4,0.6,-0.6,0
L10-M3,1148,1147,6,-2,0,,0,0.0,0.0,-0.0,0
L10-M3,1149,1148,7,-3,0,,0,0.0,0.0,-0.0,0
L10-M3,1150,1149,7,-3,0,,0,0.0,0.0,-0.0,0
L10-M3,1151,1150,4,0,0,,0,0.0,0.0,0.0,0
L10-M3,1152,1151,3,1,0,,0,0.0,0.0,0.0,0
L10-M3,1153,1152,1,3,0,,0,0.0,0.0,0.0,0
L10-M3,1154,1153,2,2,0,,0,0.0,0.0,0.0,0
L10-M3,1155,1154,5,-1,0,,0,0.0,0.0,-0.0,0
L10-M3,1156,1155,2,2,0,,0,0.0,0.0,0.0,0
L10-M3,1157,1156,1,3,0,,0,0.0,0.0,0.0,0
L10-M3,1158,1157,7,-3,0,,0,0.0,0.0,-0.0,0
L10-M3,1159,1158,1,3,0,,0,0.0,0.0,0.0,0
L10-M3,1160,1159,2,2,0,,0,0.0,0.0,0.0,0
L10-M3,1161,1160,4,0,0,,0,0.0,0.0,0.0,0
L10-M3,1162,1161,6,-2,0,,0,0.0,0.0,-0.0,0
L10-M3,1163,1162,1,3,0,,0,0.0,0.0,0.0,0
L10-M3,1164,1163,2,2,0,,0,0.0,0.0,0.0,0
L10-M3,1165,1164,3,1,0,,0,0.0,0.0,0.0,0
L10-M3,1166,1165,3,1,0,,0,0.0,0.0,0.0,0
L10-M3,1167,1166,2,2,0,,0,0.0,0.0,0.0,0
L10-M3,1168,1167,3,1,0,,0,0.0,0.0,0.0,0
L10-M3,1169,1168,4,0,0,,0,0.0,0.0,0.0,0
L10-M3,1170,1169,3,1,0,,0,0.0,0.0,0.0,0
L10-M3,1171,1170,3,1,0,,0,0.0,0.0,0.0,0
L10-M3,1172,1171,7,-3,0,,0,0.0,0.0,-0.0,0
L10-M3,1173,1172,7,-3,0,,0,0.0,0.0,-0.0,0
L10-M3,1174,1173,2,2,0,,0,0.0,0.0,0.0,0
L10-M3,1175,1174,5,-1,0,,0,0.0,0.0,-0.0,0
L10-M3,1176,1175,5,-1,0,,0,0.0,0.0,-0.0,0
L10-M3,1177,1176,5,-1,0,,0,0.0,0.0,-0.0,0
L10-M3,1178,1177,6,-2,0,,0,0.0,0.0,-0.0,0
L10-M3,1179,1178,4,0,0,,0,0.0,0.0,0.0,0
L10-M3,1180,1179,4,0,0,,0,0.0,0.0,0.0,0
L10-M3,1181,1180,1,3,0,,0,0.0,0.0,0.0,0
L10-M3,1182,1181,5,-1,0,,0,0.0,0.0,-0.0,0
L10-M3,1183,1182,4,0,0,,0,0.0,0.0,0.0,0
L10-M3,1184,1183,6,-2,0,,0,0.0,0.0,-0.0,0
L10-M3,1185,1184,7,-3,0,,0,0.0,0.0,-0.0,0
L10-M3,1186,1185,7,-3,0,,0,0.0,0.0,-0.0,0
L10-M3,1187,1186,7,-3,0,,0,0.0,0.0,-0.0,0
L10-M3,1188,1187,7,-3,0,,0,0.0,0.0,-0.0,0
L10-M3,1189,1188,3,1,0,,0,0.0,0.0,0.0,0
L10-M3,1190,1189,4,0,4,42 43 44 45,1,0.5333333333333333,0.4666666666666667,0.0,0
L10-M3,1191,1190,6,-2,3,42 43 44,0,0.4,-0.4,0.8,0
L10-M3,1192,1191,2,2,3,42 43 44,0,0.4,-0.4,-0.8,0
L10-M3,1193,1192,2,2,3,42 43 44,0,0.4,-0.4,-0.8,0
L10-M3,1194,1193,4,0,3,42 43 44,0,0.4,-0.4,-0.0,0
L10-M3,1195,1194,1,3,3,42 43 44,0,0.4,-0.4,-1.2000000000000002,0
L10-M3,1196,1195,7,-3,6,30 31 32 42 43 44,0,0.8,-0.8,2.4000000000000004,0
L10-M3,1197,1196,3,1,6,30 31 32 42 43 44,1,0.8,0.19999999999999996,0.19999999999999996,0
L10-M3,1198,1197,6,-2,3,30 31 32,1,0.4,0.6,-1.2,0
L10-M3,1199,1198,1,3,0,,0,0.0,0.0,0.0,0
L10-M3,1200,1199,1,3,0,,0,0.0,0.0,0.0,0
L10-M3,1201,1200,7,-3,0,,0,0.0,0.0,-0.0,0
L10-M3,1202,1201,7,-3,0,,0,0.0,0.0,-0.0,0
L10-M3,1203,1202,2,2,0,,0,0.0,0.0,0.0,0
L10-M3,1204,1203,4,0,0,,0,0.0,0.0,0.0,0
L10-M3,1205,1204,3,1,0,,0,0.0,0.0,0.0,0
L10-M3,1206,1205,2,2,0,,0,0.0,0.0,0.0,0
L10-M3,1207,1206,4,0,3,13 14 15,0,0.4,-0.4,-0.0,0
L10-M3,1208,1207,2,2,3,13 14 15,0,0.4,-0.4,-0.8,0
L10-M3,1209,1208,2,2,3,13 14 15,0,0.4,-0.4,-0.8,0
L10-M3,1210,1209,4,0,3,13 14 15,0,0.4,-0.4,-0.0,0
L10-M3,1211,1210,6,-2,3,13 14 15,0,0.4,-0.4,0.8,0
L10-M3,1212,1211,1,3,3,13 14 15,0,0.4,-0.4,-1.2000000000000002,0
L10-M3,1213,1212,7,-3,8,11 12 13 14 15 32 33 34,1,1.0666666666666667,-0.06666666666666665,0.19999999999999996,0
L10-M3,1214,1213,1,3,7,12 13 14 15 32 33 34,2,0.9333333333333333,1.0666666666666667,3.2,0
L10-M3,1215,1214,2,2,3,12 13 14,1,0.4,0.6,1.2,0
L10-M3,1216,1215,5,-1,0,,0,0.0,0.0,-0.0,0
L10-M3,1217,1216,7,-3,0,,0,0.0,0.0,-0.0,0
L10-M3,1218,1217,7,-3,0,,0,0.0,0.0,-0.0,0
L10-M3,1219,1218,2,2,0,,0,0.0,0.0,0.0,0
L10-M3,1220,1219,5,-1,0,,0,0.0,0.0,-0.0,0
L10-M3,1221,1220,2,2,3,16 17 18,1,0.4,0.6,1.2,0
L10-M3,1222,1221,2,2,0,,0,0.0,0.0,0.0,0
L10-M3,1223,1222,6,-2,0,,0,0.0,0.0,-0.0,0
L10-M3,1224,1223,4,0,0,,0,0.0,0.0,0.0,0
L10-M3,1225,1224,5,-1,0,,0,0.0,0.0,-0.0,0
L10-M3,1226,1225,5,-1,0,,0,0.0,0.0,-0.0,0
L10-M3,1227,1226,7,-3,0,,0,0.0,0.0,-0.0,0
L10-M3,1228,1227,2,2,0,,0,0.0,0.0,0.0,0
L10-M3,1229,1228,1,3,0,,0,0.0,0.0,0.0,0
L10-M3,1230,1229,3,1,0,,0,0.0,0.0,0.0,0
L10-M3,1231,1230,7,-3,0,,0,0.0,0.0,-0.0,0
L10-M3,1232,1231,4,0,0,,0,0.0,0.0,0.0,0
L10-M3,1233,1232,1,3,0,,0,0.0,0.0,0.0,0
L10-M3,1234,1233,5,-1,0,,0,0.0,0.0,-0.0,0
L10-M3,1235,1234,4,0,0,,0,0.0,0.0,0.0,0
L10-M3,1236,1235,5,-1,0,,0,0.0,0.0,-0.0,0
L10-M3,1237,1236,1,3,0,,0,0.0,0.0,0.0,0
L10-M3,1238,1237,5,-1,0,,0,0.0,0.0,-0.0,0
L10-M4,21,20,7,-3,4,26 27 28 29,0,0.5333333333333333,-0.5333333333333333,1.6,0
L10-M4,22,21,5,-1,4,26 27 28 29,0,0.5333333333333333,-0.5333333333333333,0.5333333333333333,0
L10-M4,23,22,6,-2,4,26 27 28 29,0,0.5333333333333333,-0.5333333333333333,1.0666666666666667,0
L10-M4,24,23,7,-3,5,25 26 27 28 29,2,0.6666666666666666,1.3333333333333335,-4.0,0
L10-M4,25,24,1,3,0,,0,0.0,0.0,0.0,0
L10-M4,26,25,3,1,0,,0,0.0,0.0,0.0,0
L10-M4,27,26,7,-3,0,,0,0.0,0.0,-0.0,0
L10-M4,28,27,4,0,0,,0,0.0,0.0,0.0,0
L10-M4,29,28,1,3,0,,0,0.0,0.0,0.0,0
L10-M4,30,29,3,1,0,,0,0.0,0.0,0.0,0
L10-M4,31,30,1,3,0,,0,0.0,0.0,0.0,0
L10-M4,32,31,6,-2,0,,0,0.0,0.0,-0.0,0
L10-M4,33,32,2,2,0,,0,0.0,0.0,0.0,0
L10-M4,34,33,3,1,0,,0,0.0,0.0,0.0,0
L10-M4,35,34,1,3,0,,0,0.0,0.0,0.0,0
L10-M4,36,35,6,-2,0,,0,0.0,0.0,-0.0,0
L10-M4,37,36,6,-2,0,,0,0.0,0.0,-0.0,0
L10-M4,38,37,7,-3,0,,0,0.0,0.0,-0.0,0
L10-M4,39,38,5,-1,0,,0,0.0,0.0,-0.0,0
L10-M4,40,39,3,1,0,,0,0.0,0.0,0.0,0
L10-M4,41,40,1,3,0,,0,0.0,0.0,0.0,0
L10-M4,42,41,4,0,0,,0,0.0,0.0,0.0,0
L10-M4,43,42,1,3,0,,0,0.0,0.0,0.0,0
L10-M4,44,43,1,3,0,,0,0.0,0.0,0.0,0
L10-M4,45,44,6,-2,0,,0,0.0,0.0,-0.0,0
L10-M4,46,45,3,1,0,,0,0.0,0.0,0.0,0
L10-M4,47,46,7,-3,0,,0,0.0,0.0,-0.0,0
L10-M4,48,47,4,0,0,,0,0.0,0.0,0.0,0
L10-M4,49,48,1,3,0,,0,0.0,0.0,0.0,0
L10-M4,50,49,5,-1,0,,0,0.0,0.0,-0.0,0
L10-M4,51,50,1,3,0,,0,0.0,0.0,0.0,0
L10-M4,52,51,6,-2,0,,0,0.0,0.0,-0.0,0
L10-M4,53,52,1,3,0,,0,0.0,0.0,0.0,0
L10-M4,54,53,7,-3,0,,0,0.0,0.0,-0.0,0
L10-M4,55,54,6,-2,0,,0,0.0,0.0,-0.0,0
L10-M4,56,55,1,3,0,,0,0.0,0.0,0.0,0
L10-M4,57,56,3,1,0,,0,0.0,0.0,0.0,0
L10-M4,58,57,1,3,0,,0,0.0,0.0,0.0,0
L10-M4,59,58,1,3,0,,0,0.0,0.0,0.0,0
L10-M4,60,59,2,2,0,,0,0.0,0.0,0.0,0
L10-M4,61,60,3,1,0,,0,0.0,0.0,0.0,0
L10-M4,62,61,1,3,0,,0,0.0,0.0,0.0,0
L10-M4,63,62,4,0,0,,0,0.0,0.0,0.0,0
L10-M4,64,63,2,2,0,,0,0.0,0.0,0.0,0
L10-M4,65,64,7,-3,0,,0,0.0,0.0,-0.0,0
L10-M4,66,65,5,-1,0,,0,0.0,0.0,-0.0,0
L10-M4,67,66,7,-3,0,,0,0.0,0.0,-0.0,0
L10-M4,68,67,5,-1,0,,0,0.0,0.0,-0.0,0
L10-M4,69,68,6,-2,0,,0,0.0,0.0,-0.0,0
L10-M4,70,69,6,-2,0,,0,0.0,0.0,-0.0,0
L10-M4,71,70,5,-1,0,,0,0.0,0.0,-0.0,0
L10-M4,72,71,5,-1,0,,0,0.0,0.0,-0.0,0
L10-M4,73,72,1,3,0,,0,0.0,0.0,0.0,0
L10-M4,74,73,5,-1,0,,0,0.0,0.0,-0.0,0
L10-M4,75,74,5,-1,0,,0,0.0,0.0,-0.0,0
L10-M4,76,75,4,0,0,,0,0.0,0.0,0.0,0
L10-M4,77,76,7,-3,0,,0,0.0,0.0,-0.0,0
L10-M4,78,77,5,-1,0,,0,0.0,0.0,-0.0,0
L10-M4,79,78,7,-3,0,,0,0.0,0.0,-0.0,0
L10-M4,80,79,3,1,0,,0,0.0,0.0,0.0,0
L10-M4,81,80,1,3,0,,0,0.0,0.0,0.0,0
L10-M4,82,81,2,2,0,,0,0.0,0.0,0.0,0
L10-M4,83,82,6,-2,0,,0,0.0,0.0,-0.0,0
L10-M4,84,83,3,1,0,,0,0.0,0.0,0.0,0
L10-M4,85,84,1,3,4,38 39 40 41,0,0.5333333333333333,-0.5333333333333333,-1.6,0
L10-M4,86,85,4,0,4,38 39 40 41,2,0.5333333333333333,1.4666666666666668,0.0,0
L10-M4,87,86,3,1,0,,0,0.0,0.0,0.0,0
L10-M4,88,87,5,-1,0,,0,0.0,0.0,-0.0,0
L10-M4,89,88,5,-1,0,,0,0.0,0.0,-0.0,0
L10-M4,90,89,6,-2,0,,0,0.0,0.0,-0.0,0
L10-M4,91,90,1,3,0,,0,0.0,0.0,0.0,0
L10-M4,92,91,5,-1,0,,0,0.0,0.0,-0.0,0
L10-M4,93,92,3,1,0,,0,0.0,0.0,0.0,0
L10-M4,94,93,2,2,0,,0,0.0,0.0,0.0,0
L10-M4,95,94,2,2,0,,0,0.0,0.0,0.0,0
L10-M4,96,95,2,2,0,,0,0.0,0.0,0.0,0
L10-M4,97,96,4,0,0,,0,0.0,0.0,0.0,0
L10-M4,98,97,1,3,5,9 10 11 12 13,1,0.6666666666666666,0.33333333333333337,1.0,0
L10-M4,99,98,7,-3,4,10 11 12 13,1,0.5333333333333333,0.4666666666666667,-1.4,0
L10-M4,100,99,4,0,0,,0,0.0,0.0,0.0,0
L10-M4,101,100,2,2,0,,0,0.0,0.0,0.0,0
L10-M4,102,101,3,1,0,,0,0.0,0.0,0.0,0
L10-M4,103,102,7,-3,0,,0,0.0,0.0,-0.0,0
L10-M4,104,103,2,2,0,,0,0.0,0.0,0.0,0
L10-M4,105,104,5,-1,0,,0,0.0,0.0,-0.0,0
L10-M4,106,105,4,0,0,,0,0.0,0.0,0.0,0
L10-M4,107,106,6,-2,0,,0,0.0,0.0,-0.0,0
L10-M4,108,107,6,-2,0,,0,0.0,0.0,-0.0,0
L10-M4,109,108,2,2,0,,0,0.0,0.0,0.0,0
L10-M4,110,109,3,1,0,,0,0.0,0.0,0.0,0
L10-M4,111,110,1,3,0,,0,0.0,0.0,0.0,0
L10-M4,112,111,3,1,0,,0,0.0,0.0,0.0,0
L10-M4,113,112,7,-3,0,,0,0.0,0.0,-0.0,0
L10-M4,114,113,3,1,4,13 14 15 16,1,0.5333333333333333,0.4666666666666667,0.4666666666666667,0
L10-M4,115,114,1,3,0,,0,0.0,0.0,0.0,0
L10-M4,116,115,7,-3,0,,0,0.0,0.0,-0.0,0
L10-M4,117,116,3,1,0,,0,0.0,0.0,0.0,0
L10-M4,118,117,5,-1,0,,0,0.0,0.0,-0.0,0
L10-M4,119,118,7,-3,0,,0,0.0,0.0,-0.0,0
L10-M4,120,119,7,-3,0,,0,0.0,0.0,-0.0,0
L10-M4,121,120,5,-1,0,,0,0.0,0.0,-0.0,0
L10-M4,122,121,1,3,0,,0,0.0,0.0,0.0,0
L10-M4,123,122,2,2,0,,0,0.0,0.0,0.0,0
L10-M4,124,123,4,0,0,,0,0.0,0.0,0.0,0
L10-M4,125,124,1,3,0,,0,0.0,0.0,0.0,0
L10-M4,126,125,3,1,0,,0,0.0,0.0,0.0,0
L10-M4,127,126,1,3,0,,0,0.0,0.0,0.0,0
L10-M4,128,127,6,-2,0,,0,0.0,0.0,-0.0,0
L10-M4,129,128,6,-2,0,,0,0.0,0.0,-0.0,0
L10-M4,130,129,1,3,0,,0,0.0,0.0,0.0,0
L10-M4,131,130,5,-1,0,,0,0.0,0.0,-0.0,0
L10-M4,132,131,7,-3,0,,0,0.0,0.0,-0.0,0
L10-M4,133,132,6,-2,0,,0,0.0,0.0,-0.0,0
L10-M4,134,133,3,1,0,,0,0.0,0.0,0.0,0
L10-M4,135,134,7,-3,0,,0,0.0,0.0,-0.0,0
L10-M4,136,135,3,1,0,,0,0.0,0.0,0.0,0
L10-M4,137,136,2,2,0,,0,0.0,0.0,0.0,0
L10-M4,138,137,3,1,0,,0,0.0,0.0,0.0,0
L10-M4,139,138,3,1,0,,0,0.0,0.0,0.0,0
L10-M4,140,139,3,1,0,,0,0.0,0.0,0.0,0
L10-M4,141,140,2,2,0,,0,0.0,0.0,0.0,0
L10-M4,142,141,1,3,0,,0,0.0,0.0,0.0,0
L10-M4,143,142,3,1,0,,0,0.0,0.0,0.0,0
L10-M4,144,143,1,3,0,,0,0.0,0.0,0.0,0
L10-M4,145,144,7,-3,0,,0,0.0,0.0,-0.0,0
L10-M4,146,145,3,1,4,21 22 23 24,0,0.5333333333333333,-0.5333333333333333,-0.5333333333333333,0
L10-M4,147,146,3,1,4,21 22 23 24,1,0.5333333333333333,0.4666666666666667,0.4666666666666667,0
L10-M4,148,147,5,-1,4,22 23 24 25,1,0.5333333333333333,0.4666666666666667,-0.4666666666666667,0
L10-M4,149,148,1,3,0,,0,0.0,0.0,0.0,0
L10-M4,150,149,4,0,0,,0,0.0,0.0,0.0,0
L10-M4,151,150,2,2,0,,0,0.0,0.0,0.0,0
L10-M4,152,151,5,-1,0,,0,0.0,0.0,-0.0,0
L10-M4,153,152,7,-3,0,,0,0.0,0.0,-0.0,0
L10-M4,154,153,6,-2,0,,0,0.0,0.0,-0.0,0
L10-M4,155,154,3,1,4,14 15 16 17,1,0.5333333333333333,0.4666666666666667,0.4666666666666667,0
L10-M4,156,155,1,3,0,,0,0.0,0.0,0.0,0
L10-M4,157,156,1,3,0,,0,0.0,0.0,0.0,0
L10-M4,158,157,6,-2,0,,0,0.0,0.0,-0.0,0
L10-M4,159,158,2,2,0,,0,0.0,0.0,0.0,0
L10-M4,160,159,4,0,0,,0,0.0,0.0,0.0,0
L10-M4,161,160,1,3,4,22 23 24 25,1,0.5333333333333333,0.4666666666666667,1.4,0
L10-M4,162,161,6,-2,0,,0,0.0,0.0,-0.0,0
L10-M4,163,162,4,0,0,,0,0.0,0.0,0.0,0
L10-M4,164,163,3,1,0,,0,0.0,0.0,0.0,0
L10-M4,165,164,5,-1,0,,0,0.0,0.0,-0.0,0
L10-M4,166,165,6,-2,4,14 15 16 17,0,0.5333333333333333,-0.5333333333333333,1.0666666666666667,0
L10-M4,167,166,3,1,4,14 15 16 17,0,0.5333333333333333,-0.5333333333333333,-0.5333333333333333,0
L10-M4,168,167,1,3,4,14 15 16 17,0,0.5333333333333333,-0.5333333333333333,-1.6,0
L10-M4,169,168,3,1,4,14 15 16 17,1,0.5333333333333333,0.4666666666666667,0.4666666666666667,0
L10-M4,170,169,2,2,0,,0,0.0,0.0,0.0,0
L10-M4,171,170,2,2,0,,0,0.0,0.0,0.0,0
L10-M4,172,171,1,3,0,,0,0.0,0.0,0.0,0
L10-M4,173,172,6,-2,0,,0,0.0,0.0,-0.0,0
L10-M4,174,173,3,1,0,,0,0.0,0.0,0.0,0
L10-M4,175,174,3,1,0,,0,0.0,0.0,0.0,0
L10-M4,176,175,1,3,4,5 6 7 8,0,0.5333333333333333,-0.5333333333333333,-1.6,0
L10-M4,177,176,2,2,4,5 6 7 8,0,0.5333333333333333,-0.5333333333333333,-1.0666666666666667,0
L10-M4,178,177,2,2,4,5 6 7 8,1,0.5333333333333333,0.4666666666666667,0.9333333333333333,0
L10-M4,179,178,3,1,0,,0,0.0,0.0,0.0,0
L10-M4,180,179,5,-1,0,,0,0.0,0.0,-0.0,0
L10-M4,181,180,5,-1,0,,0,0.0,0.0,-0.0,0
L10-M4,182,181,6,-2,0,,0,0.0,0.0,-0.0,0
L10-M4,183,182,6,-2,0,,0,0.0,0.0,-0.0,0
L10-M4,184,183,2,2,0,,0,0.0,0.0,0.0,0
L10-M4,185,184,7,-3,0,,0,0.0,0.0,-0.0,0
L10-M4,186,185,5,-1,0,,0,0.0,0.0,-0.0,0
L10-M4,187,186,2,2,0,,0,0.0,0.0,0.0,0
L10-M4,188,187,7,-3,0,,0,0.0,0.0,-0.0,0
L10-M4,189,188,7,-3,0,,0,0.0,0.0,-0.0,0
L10-M4,190,189,3,1,0,,0,0.0,0.0,0.0,0
L10-M4,191,190,3,1,0,,0,0.0,0.0,0.0,0
L10-M4,192,191,3,1,0,,0,0.0,0.0,0.0,0
L10-M4,193,192,5,-1,0,,0,0.0,0.0,-0.0,0
L10-M4,194,193,2,2,4,40 41 42 43,0,0.5333333333333333,-0.5333333333333333,-1.0666666666666667,0
L10-M4,195,194,5,-1,4,40 41 42 43,1,0.5333333333333333,0.4666666666666667,-0.4666666666666667,0
L10-M4,196,195,5,-1,0,,0,0.0,0.0,-0.0,0
L10-M4,197,196,1,3,0,,0,0.0,0.0,0.0,0
L10-M4,198,197,1,3,0,,0,0.0,0.0,0.0,0
L10-M4,199,198,1,3,0,,0,0.0,0.0,0.0,0
L10-M4,200,199,7,-3,0,,0,0.0,0.0,-0.0,0
L10-M4,201,200,3,1,0,,0,0.0,0.0,0.0,0
L10-M4,202,201,4,0,0,,0,0.0,0.0,0.0,0
L10-M4,203,202,3,1,0,,0,0.0,0.0,0.0,0
L10-M4,204,203,3,1,0,,0,0.0,0.0,0.0,0
L10-M4,205,204,2,2,0,,0,0.0,0.0,0.0,0
L10-M4,206,205,5,-1,0,,0,0.0,0.0,-0.0,0
L10-M4,207,206,7,-3,0,,0,0.0,0.0,-0.0,0
L10-M4,208,207,7,-3,4,7 8 9 10,0,0.5333333333333333,-0.5333333333333333,1.6,0
L10-M4,209,208,2,2,4,7 8 9 10,1,0.5333333333333333,0.4666666666666667,0.9333333333333333,0
L10-M4,210,209,7,-3,0,,0,0.0,0.0,-0.0,0
L10-M4,211,210,7,-3,0,,0,0.0,0.0,-0.0,0
L10-M4,212,211,1,3,0,,0,0.0,0.0,0.0,0
L10-M4,213,212,1,3,0,,0,0.0,0.0,0.0,0
L10-M4,214,213,7,-3,0,,0,0.0,0.0,-0.0,0
L10-M4,215,214,6,-2,0,,0,0.0,0.0,-0.0,0
L10-M4,216,215,3,1,0,,0,0.0,0.0,0.0,0
L10-M4,217,216,1,3,0,,0,0.0,0.0,0.0,0
L10-M4,218,217,6,-2,0,,0,0.0,0.0,-0.0,0
L10-M4,219,218,5,-1,0,,0,0.0,0.0,-0.0,0
L10-M4,220,219,3,1,0,,0,0.0,0.0,0.0,0
L10-M4,221,220,5,-1,0,,0,0.0,0.0,-0.0,0
L10-M4,222,221,2,2,0,,0,0.0,0.0,0.0,0
L10-M4,223,222,7,-3,0,,0,0.0,0.0,-0.0,0
L10-M4,224,223,7,-3,0,,0,0.0,0.0,-0.0,0
L10-M4,225,224,2,2,4,22 23 24 25,0,0.5333333333333333,-0.5333333333333333,-1.0666666666666667,0
L10-M4,226,225,2,2,4,22 23 24 25,1,0.5333333333333333,0.4666666666666667,0.9333333333333333,0
L10-M4,227,226,7,-3,0,,0,0.0,0.0,-0.0,0
L10-M4,228,227,1,3,0,,0,0.0,0.0,0.0,0
L10-M4,229,228,2,2,0,,0,0.0,0.0,0.0,0
L10-M4,230,229,6,-2,0,,0,0.0,0.0,-0.0,0
L10-M4,231,230,3,1,0,,0,0.0,0.0,0.0,0
L10-M4,232,231,4,0,0,,0,0.0,0.0,0.0,0
L10-M4,233,232,6,-2,0,,0,0.0,0.0,-0.0,0
L10-M4,234,233,6,-2,0,,0,0.0,0.0,-0.0,0
L10-M4,235,234,1,3,0,,0,0.0,0.0,0.0,0
L10-M4,236,235,1,3,0,,0,0.0,0.0,0.0,0
L10-M4,237,236,3,1,0,,0,0.0,0.0,0.0,0
L10-M4,238,237,6,-2,0,,0,0.0,0.0,-0.0,0
L10-M4,239,238,7,-3,0,,0,0.0,0.0,-0.0,0
L10-M4,240,239,1,3,0,,0,0.0,0.0,0.0,0
L10-M4,241,240,4,0,0,,0,0.0,0.0,0.0,0
L10-M4,242,241,3,1,0,,0,0.0,0.0,0.0,0
L10-M4,243,242,7,-3,0,,0,0.0,0.0,-0.0,0
L10-M4,244,243,6,-2,0,,0,0.0,0.0,-0.0,0
L10-M4,245,244,3,1,0,,0,0.0,0.0,0.0,0
L10-M4,246,245,3,1,0,,0,0.0,0.0,0.0,0
L10-M4,247,246,2,2,0,,0,0.0,0.0,0.0,0
L10-M4,248,247,2,2,0,,0,0.0,0.0,0.0,0
L10-M4,249,248,3,1,0,,0,0.0,0.0,0.0,0
L10-M4,250,249,3,1,0,,0,0.0,0.0,0.0,0
L10-M4,251,250,5,-1,0,,0,0.0,0.0,-0.0,0
L10-M4,252,251,7,-3,0,,0,0.0,0.0,-0.0,0
L10-M4,253,252,4,0,0,,0,0.0,0.0,0.0,0
L10-M4,254,253,5,-1,0,,0,0.0,0.0,-0.0,0
L10-M4,255,254,6,-2,0,,0,0.0,0.0,-0.0,0
L10-M4,256,255,6,-2,0,,0,0.0,0.0,-0.0,0
L10-M4,257,256,6,-2,0,,0,0.0,0.0,-0.0,0
L10-M4,258,257,1,3,0,,0,0.0,0.0,0.0,0
L10-M4,259,258,2,2,4,15 16 17 18,0,0.5333333333333333,-0.5333333333333333,-1.0666666666666667,0
L10-M4,260,259,4,0,4,15 16 17 18,1,0.5333333333333333,0.4666666666666667,0.0,0
L10-M4,261,260,7,-3,0,,0,0.0,0.0,-0.0,0
L10-M4,262,261,1,3,0,,0,0.0,0.0,0.0,0
L10-M4,263,262,7,-3,0,,0,0.0,0.0,-0.0,0
L10-M4,264,263,2,2,0,,0,0.0,0.0,0.0,0
L10-M4,265,264,1,3,0,,0,0.0,0.0,0.0,0
L10-M4,266,265,3,1,0,,0,0.0,0.0,0.0,0
L10-M4,267,266,6,-2,0,,0,0.0,0.0,-0.0,0
L10-M4,268,267,1,3,0,,0,0.0,0.0,0.0,0
L10-M4,269,268,3,1,0,,0,0.0,0.0,0.0,0
L10-M4,270,269,4,0,0,,0,0.0,0.0,0.0,0
L10-M4,271,270,7,-3,0,,0,0.0,0.0,-0.0,0
L10-M4,272,271,6,-2,0,,0,0.0,0.0,-0.0,0
L10-M4,273,272,5,-1,0,,0,0.0,0.0,-0.0,0
L10-M4,274,273,2,2,0,,0,0.0,0.0,0.0,0
L10-M4,275,274,4,0,0,,0,0.0,0.0,0.0,0
L10-M4,276,275,4,0,0,,0,0.0,0.0,0.0,0
L10-M4,277,276,4,0,0,,0,0.0,0.0,0.0,0
L10-M4,278,277,5,-1,0,,0,0.0,0.0,-0.0,0
L10-M4,279,278,3,1,0,,0,0.0,0.0,0.0,0
L10-M4,280,279,2,2,0,,0,0.0,0.0,0.0,0
L10-M4,281,280,5,-1,0,,0,0.0,0.0,-0.0,0
L10-M4,282,281,5,-1,0,,0,0.0,0.0,-0.0,0
L10-M4,283,282,5,-1,0,,0,0.0,0.0,-0.0,0
L10-M4,284,283,6,-2,0,,0,0.0,0.0,-0.0,0
L10-M4,285,284,5,-1,0,,0,0.0,0.0,-0.0,0
L10-M4,286,285,1,3,0,,0,0.0,0.0,0.0,0
L10-M4,287,286,3,1,0,,0,0.0,0.0,0.0,0
L10-M4,288,287,7,-3,0,,0,0.0,0.0,-0.0,0
L10-M4,289,288,2,2,0,,0,0.0,0.0,0.0,0
L10-M4,290,289,2,2,0,,0,0.0,0.0,0.0,0
L10-M4,291,290,1,3,4,20 21 22 23,1,0.5333333333333333,0.4666666666666667,1.4,0
L10-M4,292,291,7,-3,0,,0,0.0,0.0,-0.0,0
L10-M4,293,292,1,3,0,,0,0.0,0.0,0.0,0
L10-M4,294,293,5,-1,0,,0,0.0,0.0,-0.0,0
L10-M4,295,294,7,-3,0,,0,0.0,0.0,-0.0,0
L10-M4,296,295,3,1,0,,0,0.0,0.0,0.0,0
L10-M4,297,296,6,-2,0,,0,0.0,0.0,-0.0,0
L10-M4,298,297,7,-3,5,22 23 24 25 26,0,0.6666666666666666,-0.6666666666666666,2.0,0
L10-M4,299,298,3,1,5,22 23 24 25 26,1,0.6666666666666666,0.33333333333333337,0.33333333333333337,0
L10-M4,300,299,4,0,0,,0,0.0,0.0,0.0,0
L10-M4,301,300,7,-3,0,,0,0.0,0.0,-0.0,0
L10-M4,302,301,4,0,0,,0,0.0,0.0,0.0,0
L10-M4,303,302,1,3,0,,0,0.0,0.0,0.0,0
L10-M4,304,303,6,-2,4,21 22 23 24,0,0.5333333333333333,-0.5333333333333333,1.0666666666666667,0
L10-M4,305,304,6,-2,4,21 22 23 24,2,0.5333333333333333,1.4666666666666668,-2.9333333333333336,0
L10-M4,306,305,3,1,0,,0,0.0,0.0,0.0,0
L10-M4,307,306,3,1,0,,0,0.0,0.0,0.0,0
L10-M4,308,307,2,2,0,,0,0.0,0.0,0.0,0
L10-M4,309,308,6,-2,0,,0,0.0,0.0,-0.0,0
L10-M4,310,309,6,-2,0,,0,0.0,0.0,-0.0,0
L10-M4,311,310,3,1,0,,0,0.0,0.0,0.0,0
L10-M4,312,311,2,2,0,,0,0.0,0.0,0.0,0
L10-M4,313,312,7,-3,0,,0,0.0,0.0,-0.0,0
L10-M4,314,313,1,3,0,,0,0.0,0.0,0.0,0
L10-M4,315,314,1,3,0,,0,0.0,0.0,0.0,0
L10-M4,316,315,3,1,0,,0,0.0,0.0,0.0,0
L10-M4,317,316,7,-3,0,,0,0.0,0.0,-0.0,0
L10-M4,318,317,2,2,0,,0,0.0,0.0,0.0,0
L10-M4,319,318,5,-1,0,,0,0.0,0.0,-0.0,0
L10-M4,320,319,6,-2,0,,0,0.0,0.0,-0.0,0
L10-M4,321,320,1,3,0,,0,0.0,0.0,0.0,0
L10-M4,322,321,7,-3,0,,0,0.0,0.0,-0.0,0
L10-M4,323,322,3,1,0,,0,0.0,0.0,0.0,0
L10-M4,324,323,1,3,0,,0,0.0,0.0,0.0,0
L10-M4,325,324,3,1,0,,0,0.0,0.0,0.0,0
L10-M4,326,325,5,-1,0,,0,0.0,0.0,-0.0,0
L10-M4,327,326,7,-3,0,,0,0.0,0.0,-0.0,0
L10-M4,328,327,5,-1,0,,0,0.0,0.0,-0.0,0
L10-M4,329,328,6,-2,0,,0,0.0,0.0,-0.0,0
L10-M4,330,329,1,3,0,,0,0.0,0.0,0.0,0
L10-M4,331,330,7,-3,0,,0,0.0,0.0,-0.0,0
L10-M4,332,331,6,-2,0,,0,0.0,0.0,-0.0,0
L10-M4,333,332,1,3,0,,0,0.0,0.0,0.0,0
L10-M4,334,333,5,-1,0,,0,0.0,0.0,-0.0,0
L10-M4,335,334,5,-1,0,,0,0.0,0.0,-0.0,0
L10-M4,336,335,4,0,0,,0,0.0,0.0,0.0,0
L10-M4,337,336,3,1,0,,0,0.0,0.0,0.0,0
L10-M4,338,337,2,2,0,,0,0.0,0.0,0.0,0
L10-M4,339,338,3,1,0,,0,0.0,0.0,0.0,0
L10-M4,340,339,7,-3,0,,0,0.0,0.0,-0.0,0
L10-M4,341,340,5,-1,0,,0,0.0,0.0,-0.0,0
L10-M4,342,341,6,-2,0,,0,0.0,0.0,-0.0,0
L10-M4,343,342,4,0,0,,0,0.0,0.0,0.0,0
L10-M4,344,343,3,1,0,,0,0.0,0.0,0.0,0
L10-M4,345,344,6,-2,0,,0,0.0,0.0,-0.0,0
L10-M4,346,345,1,3,0,,0,0.0,0.0,0.0,0
L10-M4,347,346,5,-1,0,,0,0.0,0.0,-0.0,0
L10-M4,348,347,3,1,0,,0,0.0,0.0,0.0,0
L10-M4,349,348,7,-3,0,,0,0.0,0.0,-0.0,0
L10-M4,350,349,7,-3,0,,0,0.0,0.0,-0.0,0
L10-M4,351,350,7,-3,4,35 36 37 38,1,0.5333333333333333,0.4666666666666667,-1.4,0
L10-M4,352,351,5,-1,0,,0,0.0,0.0,-0.0,0
L10-M4,353,352,5,-1,0,,0,0.0,0.0,-0.0,0
L10-M4,354,353,5,-1,0,,0,0.0,0.0,-0.0,0
L10-M4,355,354,1,3,0,,0,0.0,0.0,0.0,0
L10-M4,356,355,6,-2,4,37 38 39 40,0,0.5333333333333333,-0.5333333333333333,1.0666666666666667,0
L10-M4,357,356,4,0,4,37 38 39 40,1,0.5333333333333333,0.4666666666666667,0.0,0
L10-M4,358,357,1,3,0,,0,0.0,0.0,0.0,0
L10-M4,359,358,6,-2,0,,0,0.0,0.0,-0.0,0
L10-M4,360,359,5,-1,0,,0,0.0,0.0,-0.0,0
L10-M4,361,360,5,-1,0,,0,0.0,0.0,-0.0,0
L10-M4,362,361,6,-2,4,31 32 33 34,0,0.5333333333333333,-0.5333333333333333,1.0666666666666667,0
L10-M4,363,362,5,-1,4,31 32 33 34,1,0.5333333333333333,0.4666666666666667,-0.4666666666666667,0
L10-M4,364,363,1,3,0,,0,0.0,0.0,0.0,0
L10-M4,365,364,2,2,0,,0,0.0,0.0,0.0,0
L10-M4,366,365,7,-3,4,41 42 43 44,1,0.5333333333333333,0.4666666666666667,-1.4,0
L10-M4,367,366,6,-2,0,,0,0.0,0.0,-0.0,0
L10-M4,368,367,2,2,0,,0,0.0,0.0,0.0,0
L10-M4,369,368,4,0,0,,0,0.0,0.0,0.0,0
L10-M4,370,369,3,1,0,,0,0.0,0.0,0.0,0
L10-M4,371,370,2,2,0,,0,0.0,0.0,0.0,0
L10-M4,372,371,4,0,0,,0,0.0,0.0,0.0,0
L10-M4,373,372,3,1,0,,0,0.0,0.0,0.0,0
L10-M4,374,373,1,3,0,,0,0.0,0.0,0.0,0
L10-M4,375,374,6,-2,0,,0,0.0,0.0,-0.0,0
L10-M4,376,375,2,2,0,,0,0.0,0.0,0.0,0
L10-M4,377,376,2,2,0,,0,0.0,0.0,0.0,0
L10-M4,378,377,3,1,0,,0,0.0,0.0,0.0,0
L10-M4,379,378,7,-3,0,,0,0.0,0.0,-0.0,0
L10-M4,380,379,3,1,0,,0,0.0,0.0,0.0,0
L10-M4,381,380,6,-2,0,,0,0.0,0.0,-0.0,0
L10-M4,382,381,4,0,0,,0,0.0,0.0,0.0,0
L10-M4,383,382,3,1,0,,0,0.0,0.0,0.0,0
L10-M4,384,383,3,1,0,,0,0.0,0.0,0.0,0
L10-M4,385,384,1,3,0,,0,0.0,0.0,0.0,0
L10-M4,386,385,2,2,0,,0,0.0,0.0,0.0,0
L10-M4,387,386,5,-1,0,,0,0.0,0.0,-0.0,0
L10-M4,388,387,2,2,0,,0,0.0,0.0,0.0,0
L10-M4,389,388,7,-3,0,,0,0.0,0.0,-0.0,0
L10-M4,390,389,1,3,0,,0,0.0,0.0,0.0,0
L10-M4,391,390,1,3,0,,0,0.0,0.0,0.0,0
L10-M4,392,391,6,-2,0,,0,0.0,0.0,-0.0,0
L10-M4,393,392,7,-3,0,,0,0.0,0.0,-0.0,0
L10-M4,394,393,3,1,0,,0,0.0,0.0,0.0,0
L10-M4,395,394,3,1,0,,0,0.0,0.0,0.0,0
L10-M4,396,395,1,3,0,,0,0.0,0.0,0.0,0
L10-M4,397,396,3,1,0,,0,0.0,0.0,0.0,0
L10-M4,398,397,1,3,0,,0,0.0,0.0,0.0,0
L10-M4,399,398,1,3,0,,0,0.0,0.0,0.0,0
L10-M4,400,399,6,-2,0,,0,0.0,0.0,-0.0,0
L10-M4,401,400,1,3,0,,0,0.0,0.0,0.0,0
L10-M4,402,401,2,2,0,,0,0.0,0.0,0.0,0
L10-M4,403,402,6,-2,0,,0,0.0,0.0,-0.0,0
L10-M4,404,403,5,-1,0,,0,0.0,0.0,-0.0,0
L10-M4,405,404,6,-2,0,,0,0.0,0.0,-0.0,0
L10-M4,406,405,3,1,0,,0,0.0,0.0,0.0,0
L10-M4,407,406,7,-3,0,,0,0.0,0.0,-0.0,0
L10-M4,408,407,1,3,0,,0,0.0,0.0,0.0,0
L10-M4,409,408,2,2,0,,0,0.0,0.0,0.0,0
L10-M4,410,409,6,-2,0,,0,0.0,0.0,-0.0,0
L10-M4,411,410,3,1,0,,0,0.0,0.0,0.0,0
L10-M4,412,411,1,3,0,,0,0.0,0.0,0.0,0
L10-M4,413,412,4,0,0,,0,0.0,0.0,0.0,0
L10-M4,414,413,2,2,0,,0,0.0,0.0,0.0,0
L10-M4,415,414,6,-2,0,,0,0.0,0.0,-0.0,0
L10-M4,416,415,4,0,0,,0,0.0,0.0,0.0,0
L10-M4,417,416,7,-3,0,,0,0.0,0.0,-0.0,0
L10-M4,418,417,7,-3,0,,0,0.0,0.0,-0.0,0
L10-M4,419,418,6,-2,0,,0,0.0,0.0,-0.0,0
L10-M4,420,419,2,2,0,,0,0.0,0.0,0.0,0
L10-M4,421,420,4,0,0,,0,0.0,0.0,0.0,0
L10-M4,422,421,6,-2,4,35 36 37 38,0,0.5333333333333333,-0.5333333333333333,1.0666666666666667,0
L10-M4,423,422,2,2,5,35 36 37 38 39,0,0.6666666666666666,-0.6666666666666666,-1.3333333333333333,0
L10-M4,424,423,2,2,5,35 36 37 38 39,0,0.6666666666666666,-0.6666666666666666,-1.3333333333333333,0
L10-M4,425,424,4,0,5,35 36 37 38 39,1,0.6666666666666666,0.33333333333333337,0.0,0
L10-M4,426,425,1,3,0,,0,0.0,0.0,0.0,0
L10-M4,427,426,4,0,0,,0,0.0,0.0,0.0,0
L10-M4,428,427,4,0,0,,0,0.0,0.0,0.0,0
L10-M4,429,428,1,3,0,,0,0.0,0.0,0.0,0
L10-M4,430,429,2,2,0,,0,0.0,0.0,0.0,0
L10-M4,431,430,7,-3,0,,0,0.0,0.0,-0.0,0
L10-M4,432,431,1,3,0,,0,0.0,0.0,0.0,0
L10-M4,433,432,6,-2,0,,0,0.0,0.0,-0.0,0
L10-M4,434,433,3,1,0,,0,0.0,0.0,0.0,0
L10-M4,435,434,6,-2,0,,0,0.0,0.0,-0.0,0
L10-M4,436,435,6,-2,0,,0,0.0,0.0,-0.0,0
L10-M4,437,436,5,-1,0,,0,0.0,0.0,-0.0,0
L10-M4,438,437,3,1,0,,0,0.0,0.0,0.0,0
L10-M4,439,438,7,-3,0,,0,0.0,0.0,-0.0,0
L10-M4,440,439,3,1,0,,0,0.0,0.0,0.0,0
L10-M4,441,440,1,3,0,,0,0.0,0.0,0.0,0
L10-M4,442,441,2,2,0,,0,0.0,0.0,0.0,0
L10-M4,443,442,7,-3,0,,0,0.0,0.0,-0.0,0
L10-M4,444,443,4,0,0,,0,0.0,0.0,0.0,0
L10-M4,445,444,3,1,0,,0,0.0,0.0,0.0,0
L10-M4,446,445,5,-1,0,,0,0.0,0.0,-0.0,0
L10-M4,447,446,2,2,0,,0,0.0,0.0,0.0,0
L10-M4,448,447,7,-3,0,,0,0.0,0.0,-0.0,0
L10-M4,449,448,5,-1,0,,0,0.0,0.0,-0.0,0
L10-M4,450,449,6,-2,0,,0,0.0,0.0,-0.0,0
L10-M4,451,450,2,2,0,,0,0.0,0.0,0.0,0
L10-M4,452,451,5,-1,0,,0,0.0,0.0,-0.0,0
L10-M4,453,452,4,0,0,,0,0.0,0.0,0.0,0
L10-M4,454,453,3,1,0,,0,0.0,0.0,0.0,0
L10-M4,455,454,1,3,0,,0,0.0,0.0,0.0,0
L10-M4,456,455,4,0,0,,0,0.0,0.0,0.0,0
L10-M4,457,456,7,-3,0,,0,0.0,0.0,-0.0,0
L10-M4,458,457,6,-2,0,,0,0.0,0.0,-0.0,0
L10-M4,459,458,4,0,0,,0,0.0,0.0,0.0,0
L10-M4,460,459,4,0,0,,0,0.0,0.0,0.0,0
L10-M4,461,460,5,-1,0,,0,0.0,0.0,-0.0,0
L10-M4,462,461,7,-3,0,,0,0.0,0.0,-0.0,0
L10-M4,463,462,2,2,0,,0,0.0,0.0,0.0,0
L10-M4,464,463,6,-2,0,,0,0.0,0.0,-0.0,0
L10-M4,465,464,1,3,0,,0,0.0,0.0,0.0,0
L10-M4,466,465,6,-2,0,,0,0.0,0.0,-0.0,0
L10-M4,467,466,4,0,0,,0,0.0,0.0,0.0,0
L10-M4,468,467,6,-2,0,,0,0.0,0.0,-0.0,0
L10-M4,469,468,4,0,0,,0,0.0,0.0,0.0,0
L10-M4,470,469,4,0,0,,0,0.0,0.0,0.0,0
L10-M4,471,470,4,0,0,,0,0.0,0.0,0.0,0
L10-M4,472,471,7,-3,0,,0,0.0,0.0,-0.0,0
L10-M4,473,472,7,-3,0,,0,0.0,0.0,-0.0,0
L10-M4,474,473,6,-2,0,,0,0.0,0.0,-0.0,0
L10-M4,475,474,6,-2,0,,0,0.0,0.0,-0.0,0
L10-M4,476,475,2,2,0,,0,0.0,0.0,0.0,0
L10-M4,477,476,5,-1,0,,0,0.0,0.0,-0.0,0
L10-M4,478,477,6,-2,0,,0,0.0,0.0,-0.0,0
L10-M4,479,478,1,3,0,,0,0.0,0.0,0.0,0
L10-M4,480,479,3,1,0,,0,0.0,0.0,0.0,0
L10-M4,481,480,4,0,0,,0,0.0,0.0,0.0,0
L10-M4,482,481,3,1,0,,0,0.0,0.0,0.0,0
L10-M4,483,482,7,-3,0,,0,0.0,0.0,-0.0,0
L10-M4,484,483,1,3,0,,0,0.0,0.0,0.0,0
L10-M4,485,484,3,1,0,,0,0.0,0.0,0.0,0
L10-M4,486,485,2,2,0,,0,0.0,0.0,0.0,0
L10-M4,487,486,7,-3,0,,0,0.0,0.0,-0.0,0
L10-M4,488,487,3,1,0,,0,0.0,0.0,0.0,0
L10-M4,489,488,4,0,0,,0,0.0,0.0,0.0,0
L10-M4,490,489,4,0,0,,0,0.0,0.0,0.0,0
L10-M4,491,490,6,-2,0,,0,0.0,0.0,-0.0,0
L10-M4,492,491,1,3,0,,0,0.0,0.0,0.0,0
L10-M4,493,492,7,-3,0,,0,0.0,0.0,-0.0,0
L10-M4,494,493,3,1,6,9 10 11 12 13 14,0,0.8,-0.8,-0.8,0
L10-M4,495,494,5,-1,6,9 10 11 12 13 14,1,0.8,0.19999999999999996,-0.19999999999999996,0
L10-M4,496,495,2,2,4,9 10 11 12,0,0.5333333333333333,-0.5333333333333333,-1.0666666666666667,0
L10-M4,497,496,6,-2,4,9 10 11 12,0,0.5333333333333333,-0.5333333333333333,1.0666666666666667,0
L10-M4,498,497,1,3,4,9 10 11 12,0,0.5333333333333333,-0.5333333333333333,-1.6,0
L10-M4,499,498,1,3,4,9 10 11 12,0,0.5333333333333333,-0.5333333333333333,-1.6,0
L10-M4,500,499,7,-3,4,9 10 11 12,1,0.5333333333333333,0.4666666666666667,-1.4,0
L10-M4,501,500,7,-3,0,,0,0.0,0.0,-0.0,0
L10-M4,502,501,2,2,0,,0,0.0,0.0,0.0,0
L10-M4,503,502,3,1,0,,0,0.0,0.0,0.0,0
L10-M4,504,503,7,-3,0,,0,0.0,0.0,-0.0,0
L10-M4,505,504,5,-1,0,,0,0.0,0.0,-0.0,0
L10-M4,506,505,7,-3,0,,0,0.0,0.0,-0.0,0
L10-M4,507,506,7,-3,0,,0,0.0,0.0,-0.0,0
L10-M4,508,507,1,3,0,,0,0.0,0.0,0.0,0
L10-M4,509,508,6,-2,0,,0,0.0,0.0,-0.0,0
L10-M4,510,509,2,2,0,,0,0.0,0.0,0.0,0
L10-M4,511,510,7,-3,0,,0,0.0,0.0,-0.0,0
L10-M4,512,511,5,-1,5,15 16 17 18 19,0,0.6666666666666666,-0.6666666666666666,0.6666666666666666,0
L10-M4,513,512,1,3,5,15 16 17 18 19,0,0.6666666666666666,-0.6666666666666666,-2.0,0
L10-M4,514,513,3,1,5,15 16 17 18 19,1,0.6666666666666666,0.33333333333333337,0.33333333333333337,0
L10-M4,515,514,2,2,4,16 17 18 19,0,0.5333333333333333,-0.5333333333333333,-1.0666666666666667,0
L10-M4,516,515,2,2,4,16 17 18 19,0,0.5333333333333333,-0.5333333333333333,-1.0666666666666667,0
L10-M4,517,516,4,0,4,16 17 18 19,0,0.5333333333333333,-0.5333333333333333,-0.0,0
L10-M4,518,517,3,1,4,16 17 18 19,0,0.5333333333333333,-0.5333333333333333,-0.5333333333333333,0
L10-M4,519,518,1,3,4,16 17 18 19,1,0.5333333333333333,0.4666666666666667,1.4,0
L10-M4,520,519,1,3,0,,0,0.0,0.0,0.0,0
L10-M4,521,520,1,3,0,,0,0.0,0.0,0.0,0
L10-M4,522,521,4,0,0,,0,0.0,0.0,0.0,0
L10-M4,523,522,3,1,0,,0,0.0,0.0,0.0,0
L10-M4,524,523,3,1,0,,0,0.0,0.0,0.0,0
L10-M4,525,524,3,1,0,,0,0.0,0.0,0.0,0
L10-M4,526,525,2,2,0,,0,0.0,0.0,0.0,0
L10-M4,527,526,5,-1,0,,0,0.0,0.0,-0.0,0
L10-M4,528,527,6,-2,0,,0,0.0,0.0,-0.0,0
L10-M4,529,528,2,2,0,,0,0.0,0.0,0.0,0
L10-M4,530,529,6,-2,0,,0,0.0,0.0,-0.0,0
L10-M4,531,530,2,2,0,,0,0.0,0.0,0.0,0
L10-M4,532,531,7,-3,0,,0,0.0,0.0,-0.0,0
L10-M4,533,532,1,3,0,,0,0.0,0.0,0.0,0
L10-M4,534,533,5,-1,0,,0,0.0,0.0,-0.0,0
L10-M4,535,534,5,-1,0,,0,0.0,0.0,-0.0,0
L10-M4,536,535,6,-2,0,,0,0.0,0.0,-0.0,0
L10-M4,537,536,3,1,0,,0,0.0,0.0,0.0,0
L10-M4,538,537,1,3,0,,0,0.0,0.0,0.0,0
L10-M4,539,538,3,1,0,,0,0.0,0.0,0.0,0
L10-M4,540,539,4,0,0,,0,0.0,0.0,0.0,0
L10-M4,541,540,4,0,0,,0,0.0,0.0,0.0,0
L10-M4,542,541,7,-3,0,,0,0.0,0.0,-0.0,0
L10-M4,543,542,5,-1,0,,0,0.0,0.0,-0.0,0
L10-M4,544,543,1,3,0,,0,0.0,0.0,0.0,0
L10-M4,545,544,2,2,0,,0,0.0,0.0,0.0,0
L10-M4,546,545,1,3,0,,0,0.0,0.0,0.0,0
L10-M4,547,546,1,3,0,,0,0.0,0.0,0.0,0
L10-M4,548,547,5,-1,0,,0,0.0,0.0,-0.0,0
L10-M4,549,548,4,0,0,,0,0.0,0.0,0.0,0
L10-M4,550,549,1,3,0,,0,0.0,0.0,0.0,0
L10-M4,551,550,7,-3,0,,0,0.0,0.0,-0.0,0
L10-M4,552,551,5,-1,0,,0,0.0,0.0,-0.0,0
L10-M4,553,552,7,-3,0,,0,0.0,0.0,-0.0,0
L10-M4,554,553,6,-2,0,,0,0.0,0.0,-0.0,0
L10-M4,555,554,1,3,0,,0,0.0,0.0,0.0,0
L10-M4,556,555,2,2,0,,0,0.0,0.0,0.0,0
L10-M4,557,556,6,-2,0,,0,0.0,0.0,-0.0,0
L10-M4,558,557,5,-1,0,,0,0.0,0.0,-0.0,0
L10-M4,559,558,5,-1,0,,0,0.0,0.0,-0.0,0
L10-M4,560,559,3,1,0,,0,0.0,0.0,0.0,0
L10-M4,561,560,5,-1,0,,0,0.0,0.0,-0.0,0
L10-M4,562,561,4,0,0,,0,0.0,0.0,0.0,0
L10-M4,563,562,7,-3,0,,0,0.0,0.0,-0.0,0
L10-M4,564,563,5,-1,0,,0,0.0,0.0,-0.0,0
L10-M4,565,564,1,3,0,,0,0.0,0.0,0.0,0
L10-M4,566,565,5,-1,0,,0,0.0,0.0,-0.0,0
L10-M4,567,566,6,-2,0,,0,0.0,0.0,-0.0,0
L10-M4,568,567,5,-1,0,,0,0.0,0.0,-0.0,0
L10-M4,569,568,6,-2,0,,0,0.0,0.0,-0.0,0
L10-M4,570,569,1,3,0,,0,0.0,0.0,0.0,0
L10-M4,571,570,7,-3,0,,0,0.0,0.0,-0.0,0
L10-M4,572,571,5,-1,0,,0,0.0,0.0,-0.0,0
L10-M4,573,572,1,3,0,,0,0.0,0.0,0.0,0
L10-M4,574,573,3,1,0,,0,0.0,0.0,0.0,0
L10-M4,575,574,1,3,0,,0,0.0,0.0,0.0,0
L10-M4,576,575,2,2,0,,0,0.0,0.0,0.0,0
L10-M4,577,576,3,1,0,,0,0.0,0.0,0.0,0
L10-M4,578,577,5,-1,0,,0,0.0,0.0,-0.0,0
L10-M4,579,578,4,0,0,,0,0.0,0.0,0.0,0
L10-M4,580,579,6,-2,0,,0,0.0,0.0,-0.0,0
L10-M4,581,580,6,-2,0,,0,0.0,0.0,-0.0,0
L10-M4,582,581,5,-1,4,26 27 28 29,0,0.5333333333333333,-0.5333333333333333,0.5333333333333333,0
L10-M4,583,582,4,0,4,26 27 28 29,1,0.5333333333333333,0.4666666666666667,0.0,0
L10-M4,584,583,3,1,0,,0,0.0,0.0,0.0,0
L10-M4,585,584,4,0,0,,0,0.0,0.0,0.0,0
L10-M4,586,585,1,3,0,,0,0.0,0.0,0.0,0
L10-M4,587,586,2,2,4,23 24 25 26,0,0.5333333333333333,-0.5333333333333333,-1.0666666666666667,0
L10-M4,588,587,2,2,4,23 24 25 26,1,0.5333333333333333,0.4666666666666667,0.9333333333333333,0
L10-M4,589,588,6,-2,0,,0,0.0,0.0,-0.0,0
L10-M4,590,589,3,1,0,,0,0.0,0.0,0.0,0
L10-M4,591,590,2,2,0,,0,0.0,0.0,0.0,0
L10-M4,592,591,1,3,0,,0,0.0,0.0,0.0,0
L10-M4,593,592,6,-2,0,,0,0.0,0.0,-0.0,0
L10-M4,594,593,5,-1,0,,0,0.0,0.0,-0.0,0
L10-M4,595,594,2,2,0,,0,0.0,0.0,0.0,0
L10-M4,596,595,1,3,4,16 17 18 19,0,0.5333333333333333,-0.5333333333333333,-1.6,0
L10-M4,597,596,5,-1,4,16 17 18 19,0,0.5333333333333333,-0.5333333333333333,0.5333333333333333,0
L10-M4,598,597,6,-2,4,16 17 18 19,0,0.5333333333333333,-0.5333333333333333,1.0666666666666667,0
L10-M4,599,598,3,1,5,15 16 17 18 19,1,0.6666666666666666,0.33333333333333337,0.33333333333333337,0
L10-M4,600,599,4,0,0,,0,0.0,0.0,0.0,0
L10-M4,601,600,7,-3,5,18 19 20 21 22,1,0.6666666666666666,0.33333333333333337,-1.0,0
L10-M4,602,601,7,-3,0,,0,0.0,0.0,-0.0,0
L10-M4,603,602,1,3,0,,0,0.0,0.0,0.0,0
L10-M4,604,603,6,-2,0,,0,0.0,0.0,-0.0,0
L10-M4,605,604,5,-1,0,,0,0.0,0.0,-0.0,0
L10-M4,606,605,7,-3,4,39 40 41 42,1,0.5333333333333333,0.4666666666666667,-1.4,0
L10-M4,607,606,6,-2,0,,0,0.0,0.0,-0.0,0
L10-M4,608,607,2,2,0,,0,0.0,0.0,0.0,0
L10-M4,609,608,6,-2,0,,0,0.0,0.0,-0.0,0
L10-M4,610,609,3,1,0,,0,0.0,0.0,0.0,0
L10-M4,611,610,6,-2,0,,0,0.0,0.0,-0.0,0
L10-M4,612,611,2,2,0,,0,0.0,0.0,0.0,0
L10-M4,613,612,7,-3,4,29 30 31 32,0,0.5333333333333333,-0.5333333333333333,1.6,0
L10-M4,614,613,5,-1,4,29 30 31 32,0,0.5333333333333333,-0.5333333333333333,0.5333333333333333,0
L10-M4,615,614,2,2,4,29 30 31 32,0,0.5333333333333333,-0.5333333333333333,-1.0666666666666667,0
L10-M4,616,615,7,-3,4,29 30 31 32,0,0.5333333333333333,-0.5333333333333333,1.6,0
L10-M4,617,616,1,3,4,29 30 31 32,0,0.5333333333333333,-0.5333333333333333,-1.6,0
L10-M4,618,617,7,-3,4,29 30 31 32,1,0.5333333333333333,0.4666666666666667,-1.4,0
L10-M4,619,618,2,2,0,,0,0.0,0.0,0.0,0
L10-M4,620,619,4,0,0,,0,0.0,0.0,0.0,0
L10-M4,621,620,6,-2,0,,0,0.0,0.0,-0.0,0
L10-M4,622,621,4,0,0,,0,0.0,0.0,0.0,0
L10-M4,623,622,5,-1,0,,0,0.0,0.0,-0.0,0
L10-M4,624,623,3,1,0,,0,0.0,0.0,0.0,0
L10-M4,625,624,3,1,0,,0,0.0,0.0,0.0,0
L10-M4,626,625,4,0,0,,0,0.0,0.0,0.0,0
L10-M4,627,626,3,1,0,,0,0.0,0.0,0.0,0
L10-M4,628,627,3,1,0,,0,0.0,0.0,0.0,0
L10-M4,629,628,3,1,0,,0,0.0,0.0,0.0,0
L10-M4,630,629,1,3,0,,0,0.0,0.0,0.0,0
L10-M4,631,630,2,2,0,,0,0.0,0.0,0.0,0
L10-M4,632,631,4,0,0,,0,0.0,0.0,0.0,0
L10-M4,633,632,1,3,0,,0,0.0,0.0,0.0,0
L10-M4,634,633,3,1,0,,0,0.0,0.0,0.0,0
L10-M4,635,634,7,-3,0,,0,0.0,0.0,-0.0,0
L10-M4,636,635,6,-2,0,,0,0.0,0.0,-0.0,0
L10-M4,637,636,6,-2,0,,0,0.0,0.0,-0.0,0
L10-M4,638,637,4,0,0,,0,0.0,0.0,0.0,0
L10-M4,639,638,1,3,0,,0,0.0,0.0,0.0,0
L10-M4,640,639,7,-3,0,,0,0.0,0.0,-0.0,0
L10-M4,641,640,5,-1,0,,0,0.0,0.0,-0.0,0
L10-M4,642,641,2,2,0,,0,0.0,0.0,0.0,0
L10-M4,643,642,5,-1,0,,0,0.0,0.0,-0.0,0
L10-M4,644,643,1,3,0,,0,0.0,0.0,0.0,0
L10-M4,645,644,2,2,0,,0,0.0,0.0,0.0,0
L10-M4,646,645,5,-1,0,,0,0.0,0.0,-0.0,0
L10-M4,647,646,4,0,0,,0,0.0,0.0,0.0,0
L10-M4,648,647,6,-2,0,,0,0.0,0.0,-0.0,0
L10-M4,649,648,1,3,0,,0,0.0,0.0,0.0,0
L10-M4,650,649,2,2,0,,0,0.0,0.0,0.0,0
L10-M4,651,650,6,-2,0,,0,0.0,0.0,-0.0,0
L10-M4,652,651,4,0,0,,0,0.0,0.0,0.0,0
L10-M4,653,652,4,0,0,,0,0.0,0.0,0.0,0
L10-M4,654,653,1,3,0,,0,0.0,0.0,0.0,0
L10-M4,655,654,1,3,0,,0,0.0,0.0,0.0,0
L10-M4,656,655,2,2,0,,0,0.0,0.0,0.0,0
L10-M4,657,656,6,-2,0,,0,0.0,0.0,-0.0,0
L10-M4,658,657,4,0,0,,0,0.0,0.0,0.0,0
L10-M4,659,658,7,-3,0,,0,0.0,0.0,-0.0,0
L10-M4,660,659,7,-3,0,,0,0.0,0.0,-0.0,0
L10-M4,661,660,3,1,0,,0,0.0,0.0,0.0,0
L10-M4,662,661,7,-3,0,,0,0.0,0.0,-0.0,0
L10-M4,663,662,6,-2,0,,0,0.0,0.0,-0.0,0
L10-M4,664,663,5,-1,0,,0,0.0,0.0,-0.0,0
L10-M4,665,664,1,3,0,,0,0.0,0.0,0.0,0
L10-M4,666,665,4,0,0,,0,0.0,0.0,0.0,0
L10-M4,667,666,5,-1,0,,0,0.0,0.0,-0.0,0
L10-M4,668,667,1,3,0,,0,0.0,0.0,0.0,0
L10-M4,669,668,1,3,0,,0,0.0,0.0,0.0,0
L10-M4,670,669,3,1,0,,0,0.0,0.0,0.0,0
L10-M4,671,670,3,1,0,,0,0.0,0.0,0.0,0
L10-M4,672,671,5,-1,0,,0,0.0,0.0,-0.0,0
L10-M4,673,672,6,-2,0,,0,0.0,0.0,-0.0,0
L10-M4,674,673,1,3,0,,0,0.0,0.0,0.0,0
L10-M4,675,674,3,1,0,,0,0.0,0.0,0.0,0
L10-M4,676,675,2,2,0,,0,0.0,0.0,0.0,0
L10-M4,677,676,4,0,5,2 3 4 5 6,0,0.6666666666666666,-0.6666666666666666,-0.0,0
L10-M4,678,677,6,-2,5,2 3 4 5 6,3,0.6666666666666666,2.3333333333333335,-4.666666666666667,0
L10-M4,679,678,7,-3,0,,0,0.0,0.0,-0.0,0
L10-M4,680,679,7,-3,0,,0,0.0,0.0,-0.0,0
L10-M4,681,680,5,-1,0,,0,0.0,0.0,-0.0,0
L10-M4,682,681,1,3,0,,0,0.0,0.0,0.0,0
L10-M4,683,682,1,3,0,,0,0.0,0.0,0.0,0
L10-M4,684,683,3,1,0,,0,0.0,0.0,0.0,0
L10-M4,685,684,7,-3,0,,0,0.0,0.0,-0.0,0
L10-M4,686,685,4,0,0,,0,0.0,0.0,0.0,0
L10-M4,687,686,3,1,0,,0,0.0,0.0,0.0,0
L10-M4,688,687,7,-3,0,,0,0.0,0.0,-0.0,0
L10-M4,689,688,1,3,0,,0,0.0,0.0,0.0,0
L10-M4,690,689,5,-1,0,,0,0.0,0.0,-0.0,0
L10-M4,691,690,7,-3,0,,0,0.0,0.0,-0.0,0
L10-M4,692,691,2,2,0,,0,0.0,0.0,0.0,0
L10-M4,693,692,7,-3,0,,0,0.0,0.0,-0.0,0
L10-M4,694,693,5,-1,0,,0,0.0,0.0,-0.0,0
L10-M4,695,694,2,2,0,,0,0.0,0.0,0.0,0
L10-M4,696,695,2,2,0,,0,0.0,0.0,0.0,0
L10-M4,697,696,5,-1,0,,0,0.0,0.0,-0.0,0
L10-M4,698,697,5,-1,0,,0,0.0,0.0,-0.0,0
L10-M4,699,698,4,0,0,,0,0.0,0.0,0.0,0
L10-M4,700,699,1,3,0,,0,0.0,0.0,0.0,0
L10-M4,701,700,2,2,0,,0,0.0,0.0,0.0,0
L10-M4,702,701,5,-1,0,,0,0.0,0.0,-0.0,0
L10-M4,703,702,2,2,0,,0,0.0,0.0,0.0,0
L10-M4,704,703,2,2,0,,0,0.0,0.0,0.0,0
L10-M4,705,704,7,-3,0,,0,0.0,0.0,-0.0,0
L10-M4,706,705,5,-1,0,,0,0.0,0.0,-0.0,0
L10-M4,707,706,7,-3,0,,0,0.0,0.0,-0.0,0
L10-M4,708,707,5,-1,0,,0,0.0,0.0,-0.0,0
L10-M4,709,708,1,3,0,,0,0.0,0.0,0.0,0
L10-M4,710,709,4,0,0,,0,0.0,0.0,0.0,0
L10-M4,711,710,4,0,0,,0,0.0,0.0,0.0,0
L10-M4,712,711,6,-2,0,,0,0.0,0.0,-0.0,0
L10-M4,713,712,2,2,0,,0,0.0,0.0,0.0,0
L10-M4,714,713,7,-3,0,,0,0.0,0.0,-0.0,0
L10-M4,715,714,3,1,0,,0,0.0,0.0,0.0,0
L10-M4,716,715,3,1,0,,0,0.0,0.0,0.0,0
L10-M4,717,716,5,-1,0,,0,0.0,0.0,-0.0,0
L10-M4,718,717,7,-3,0,,0,0.0,0.0,-0.0,0
L10-M4,719,718,7,-3,0,,0,0.0,0.0,-0.0,0
L10-M4,720,719,6,-2,0,,0,0.0,0.0,-0.0,0
L10-M4,721,720,7,-3,0,,0,0.0,0.0,-0.0,0
L10-M4,722,721,3,1,0,,0,0.0,0.0,0.0,0
L10-M4,723,722,7,-3,0,,0,0.0,0.0,-0.0,0
L10-M4,724,723,2,2,0,,0,0.0,0.0,0.0,0
L10-M4,725,724,3,1,0,,0,0.0,0.0,0.0,0
L10-M4,726,725,5,-1,0,,0,0.0,0.0,-0.0,0
L10-M4,727,726,5,-1,4,15 16 17 18,0,0.5333333333333333,-0.5333333333333333,0.5333333333333333,0
L10-M4,728,727,5,-1,8,15 16 17 18 24 25 26 27,0,1.0666666666666667,-1.0666666666666667,1.0666666666666667,0
L10-M4,729,728,6,-2,8,15 16 17 18 24 25 26 27,2,1.0666666666666667,0.9333333333333333,-1.8666666666666667,0
L10-M4,730,729,2,2,0,,0,0.0,0.0,0.0,0
L10-M4,731,730,7,-3,0,,0,0.0,0.0,-0.0,0
L10-M4,732,731,5,-1,0,,0,0.0,0.0,-0.0,0
L10-M4,733,732,7,-3,0,,0,0.0,0.0,-0.0,0
L10-M4,734,733,2,2,0,,0,0.0,0.0,0.0,0
L10-M4,735,734,3,1,0,,0,0.0,0.0,0.0,0
L10-M4,736,735,1,3,0,,0,0.0,0.0,0.0,0
L10-M4,737,736,2,2,0,,0,0.0,0.0,0.0,0
L10-M4,738,737,1,3,0,,0,0.0,0.0,0.0,0
L10-M4,739,738,4,0,0,,0,0.0,0.0,0.0,0
L10-M4,740,739,4,0,0,,0,0.0,0.0,0.0,0
L10-M4,741,740,7,-3,0,,0,0.0,0.0,-0.0,0
L10-M4,742,741,2,2,0,,0,0.0,0.0,0.0,0
L10-M4,743,742,1,3,0,,0,0.0,0.0,0.0,0
L10-M4,744,743,1,3,0,,0,0.0,0.0,0.0,0
L10-M4,745,744,7,-3,0,,0,0.0,0.0,-0.0,0
L10-M4,746,745,5,-1,0,,0,0.0,0.0,-0.0,0
L10-M4,747,746,3,1,0,,0,0.0,0.0,0.0,0
L10-M4,748,747,5,-1,0,,0,0.0,0.0,-0.0,0
L10-M4,749,748,5,-1,0,,0,0.0,0.0,-0.0,0
L10-M4,750,749,6,-2,0,,0,0.0,0.0,-0.0,0
L10-M4,751,750,3,1,0,,0,0.0,0.0,0.0,0
L10-M4,752,751,4,0,0,,0,0.0,0.0,0.0,0
L10-M4,753,752,2,2,0,,0,0.0,0.0,0.0,0
L10-M4,754,753,2,2,0,,0,0.0,0.0,0.0,0
L10-M4,755,754,7,-3,0,,0,0.0,0.0,-0.0,0
L10-M4,756,755,7,-3,0,,0,0.0,0.0,-0.0,0
L10-M4,757,756,1,3,0,,0,0.0,0.0,0.0,0
L10-M4,758,757,1,3,0,,0,0.0,0.0,0.0,0
L10-M4,759,758,4,0,0,,0,0.0,0.0,0.0,0
L10-M4,760,759,2,2,0,,0,0.0,0.0,0.0,0
L10-M4,761,760,2,2,0,,0,0.0,0.0,0.0,0
L10-M4,762,761,5,-1,0,,0,0.0,0.0,-0.0,0
L10-M4,763,762,4,0,0,,0,0.0,0.0,0.0,0
L10-M4,764,763,3,1,0,,0,0.0,0.0,0.0,0
L10-M4,765,764,2,2,0,,0,0.0,0.0,0.0,0
L10-M4,766,765,5,-1,0,,0,0.0,0.0,-0.0,0
L10-M4,767,766,2,2,0,,0,0.0,0.0,0.0,0
L10-M4,768,767,4,0,0,,0,0.0,0.0,0.0,0
L10-M4,769,768,1,3,0,,0,0.0,0.0,0.0,0
L10-M4,770,769,1,3,0,,0,0.0,0.0,0.0,0
L10-M4,771,770,5,-1,0,,0,0.0,0.0,-0.0,0
L10-M4,772,771,7,-3,0,,0,0.0,0.0,-0.0,0
L10-M4,773,772,6,-2,0,,0,0.0,0.0,-0.0,0
L10-M4,774,773,7,-3,0,,0,0.0,0.0,-0.0,0
L10-M4,775,774,1,3,0,,0,0.0,0.0,0.0,0
L10-M4,776,775,3,1,0,,0,0.0,0.0,0.0,0
L10-M4,777,776,4,0,0,,0,0.0,0.0,0.0,0
L10-M4,778,777,4,0,0,,0,0.0,0.0,0.0,0
L10-M4,779,778,2,2,4,24 25 26 27,1,0.5333333333333333,0.4666666666666667,0.9333333333333333,0
L10-M4,780,779,1,3,0,,0,0.0,0.0,0.0,0
L10-M4,781,780,2,2,4,1 2 3 4,0,0.5333333333333333,-0.5333333333333333,-1.0666666666666667,0
L10-M4,782,781,7,-3,4,1 2 3 4,0,0.5333333333333333,-0.5333333333333333,1.6,0
L10-M4,783,782,3,1,5,1 2 3 4 5,0,0.6666666666666666,-0.6666666666666666,-0.6666666666666666,0
L10-M4,784,783,5,-1,5,1 2 3 4 5,1,0.6666666666666666,0.33333333333333337,-0.33333333333333337,0
L10-M4,785,784,3,1,0,,0,0.0,0.0,0.0,0
L10-M4,786,785,7,-3,0,,0,0.0,0.0,-0.0,0
L10-M4,787,786,7,-3,0,,0,0.0,0.0,-0.0,0
L10-M4,788,787,3,1,0,,0,0.0,0.0,0.0,0
L10-M4,789,788,5,-1,0,,0,0.0,0.0,-0.0,0
L10-M4,790,789,6,-2,5,40 41 42 43 44,1,0.6666666666666666,0.33333333333333337,-0.6666666666666667,0
L10-M4,791,790,3,1,0,,0,0.0,0.0,0.0,0
L10-M4,792,791,5,-1,0,,0,0.0,0.0,-0.0,0
L10-M4,793,792,3,1,0,,0,0.0,0.0,0.0,0
L10-M4,794,793,4,0,0,,0,0.0,0.0,0.0,0
L10-M4,795,794,3,1,0,,0,0.0,0.0,0.0,0
L10-M4,796,795,6,-2,0,,0,0.0,0.0,-0.0,0
L10-M4,797,796,2,2,0,,0,0.0,0.0,0.0,0
L10-M4,798,797,5,-1,0,,0,0.0,0.0,-0.0,0
L10-M4,799,798,7,-3,0,,0,0.0,0.0,-0.0,0
L10-M4,800,799,4,0,0,,0,0.0,0.0,0.0,0
L10-M4,801,800,5,-1,0,,0,0.0,0.0,-0.0,0
L10-M4,802,801,1,3,0,,0,0.0,0.0,0.0,0
L10-M4,803,802,6,-2,0,,0,0.0,0.0,-0.0,0
L10-M4,804,803,1,3,0,,0,0.0,0.0,0.0,0
L10-M4,805,804,2,2,0,,0,0.0,0.0,0.0,0
L10-M4,806,805,7,-3,0,,0,0.0,0.0,-0.0,0
L10-M4,807,806,4,0,0,,0,0.0,0.0,0.0,0
L10-M4,808,807,5,-1,0,,0,0.0,0.0,-0.0,0
L10-M4,809,808,3,1,0,,0,0.0,0.0,0.0,0
L10-M4,810,809,6,-2,0,,0,0.0,0.0,-0.0,0
L10-M4,811,810,3,1,0,,0,0.0,0.0,0.0,0
L10-M4,812,811,5,-1,0,,0,0.0,0.0,-0.0,0
L10-M4,813,812,3,1,0,,0,0.0,0.0,0.0,0
L10-M4,814,813,2,2,0,,0,0.0,0.0,0.0,0
L10-M4,815,814,4,0,0,,0,0.0,0.0,0.0,0
L10-M4,816,815,1,3,0,,0,0.0,0.0,0.0,0
L10-M4,817,816,1,3,0,,0,0.0,0.0,0.0,0
L10-M4,818,817,6,-2,0,,0,0.0,0.0,-0.0,0
L10-M4,819,818,1,3,0,,0,0.0,0.0,0.0,0
L10-M4,820,819,1,3,0,,0,0.0,0.0,0.0,0
L10-M4,821,820,1,3,4,4 5 6 7,0,0.5333333333333333,-0.5333333333333333,-1.6,0
L10-M4,822,821,4,0,5,4 5 6 7 8,0,0.6666666666666666,-0.6666666666666666,-0.0,0
L10-M4,823,822,2,2,5,4 5 6 7 8,0,0.6666666666666666,-0.6666666666666666,-1.3333333333333333,0
L10-M4,824,823,2,2,5,4 5 6 7 8,1,0.6666666666666666,0.33333333333333337,0.6666666666666667,0
L10-M4,825,824,4,0,0,,0,0.0,0.0,0.0,0
L10-M4,826,825,7,-3,0,,0,0.0,0.0,-0.0,0
L10-M4,827,826,7,-3,0,,0,0.0,0.0,-0.0,0
L10-M4,828,827,4,0,0,,0,0.0,0.0,0.0,0
L10-M4,829,828,4,0,0,,0,0.0,0.0,0.0,0
L10-M4,830,829,3,1,0,,0,0.0,0.0,0.0,0
L10-M4,831,830,4,0,0,,0,0.0,0.0,0.0,0
L10-M4,832,831,2,2,0,,0,0.0,0.0,0.0,0
L10-M4,833,832,5,-1,0,,0,0.0,0.0,-0.0,0
L10-M4,834,833,3,1,0,,0,0.0,0.0,0.0,0
L10-M4,835,834,1,3,0,,0,0.0,0.0,0.0,0
L10-M4,836,835,5,-1,4,20 21 22 23,0,0.5333333333333333,-0.5333333333333333,0.5333333333333333,0
L10-M4,837,836,5,-1,6,20 21 22 23 24 25,1,0.8,0.19999999999999996,-0.19999999999999996,0
L10-M4,838,837,2,2,5,20 21 22 23 24,0,0.6666666666666666,-0.6666666666666666,-1.3333333333333333,0
L10-M4,839,838,4,0,5,20 21 22 23 24,0,0.6666666666666666,-0.6666666666666666,-0.0,0
L10-M4,840,839,7,-3,5,20 21 22 23 24,0,0.6666666666666666,-0.6666666666666666,2.0,0
L10-M4,841,840,4,0,5,20 21 22 23 24,0,0.6666666666666666,-0.6666666666666666,-0.0,0
L10-M4,842,841,4,0,5,20 21 22 23 24,0,0.6666666666666666,-0.6666666666666666,-0.0,0
L10-M4,843,842,5,-1,5,20 21 22 23 24,1,0.6666666666666666,0.33333333333333337,-0.33333333333333337,0
L10-M4,844,843,1,3,0,,0,0.0,0.0,0.0,0
L10-M4,845,844,5,-1,0,,0,0.0,0.0,-0.0,0
L10-M4,846,845,2,2,0,,0,0.0,0.0,0.0,0
L10-M4,847,846,2,2,0,,0,0.0,0.0,0.0,0
L10-M4,848,847,3,1,4,22 23 24 25,1,0.5333333333333333,0.4666666666666667,0.4666666666666667,0
L10-M4,849,848,5,-1,0,,0,0.0,0.0,-0.0,0
L10-M4,850,849,1,3,0,,0,0.0,0.0,0.0,0
L10-M4,851,850,1,3,0,,0,0.0,0.0,0.0,0
L10-M4,852,851,6,-2,0,,0,0.0,0.0,-0.0,0
L10-M4,853,852,1,3,0,,0,0.0,0.0,0.0,0
L10-M4,854,853,3,1,0,,0,0.0,0.0,0.0,0
L10-M4,855,854,1,3,0,,0,0.0,0.0,0.0,0
L10-M4,856,855,1,3,0,,0,0.0,0.0,0.0,0
L10-M4,857,856,2,2,0,,0,0.0,0.0,0.0,0
L10-M4,858,857,7,-3,0,,0,0.0,0.0,-0.0,0
L10-M4,859,858,3,1,0,,0,0.0,0.0,0.0,0
L10-M4,860,859,3,1,0,,0,0.0,0.0,0.0,0
L10-M4,861,860,7,-3,0,,0,0.0,0.0,-0.0,0
L10-M4,862,861,6,-2,0,,0,0.0,0.0,-0.0,0
L10-M4,863,862,2,2,0,,0,0.0,0.0,0.0,0
L10-M4,864,863,1,3,0,,0,0.0,0.0,0.0,0
L10-M4,865,864,6,-2,0,,0,0.0,0.0,-0.0,0
L10-M4,866,865,1,3,0,,0,0.0,0.0,0.0,0
L10-M4,867,866,2,2,0,,0,0.0,0.0,0.0,0
L10-M4,868,867,7,-3,0,,0,0.0,0.0,-0.0,0
L10-M4,869,868,3,1,0,,0,0.0,0.0,0.0,0
L10-M4,870,869,2,2,0,,0,0.0,0.0,0.0,0
L10-M4,871,870,4,0,0,,0,0.0,0.0,0.0,0
L10-M4,872,871,7,-3,0,,0,0.0,0.0,-0.0,0
L10-M4,873,872,3,1,0,,0,0.0,0.0,0.0,0
L10-M4,874,873,6,-2,0,,0,0.0,0.0,-0.0,0
L10-M4,875,874,6,-2,0,,0,0.0,0.0,-0.0,0
L10-M4,876,875,5,-1,0,,0,0.0,0.0,-0.0,0
L10-M4,877,876,4,0,5,7 8 9 10 11,0,0.6666666666666666,-0.6666666666666666,-0.0,0
L10-M4,878,877,2,2,5,7 8 9 10 11,1,0.6666666666666666,0.33333333333333337,0.6666666666666667,0
L10-M4,879,878,2,2,4,7 8 9 10,1,0.5333333333333333,0.4666666666666667,0.9333333333333333,0
L10-M4,880,879,6,-2,0,,0,0.0,0.0,-0.0,0
L10-M4,881,880,6,-2,0,,0,0.0,0.0,-0.0,0
L10-M4,882,881,2,2,0,,0,0.0,0.0,0.0,0
L10-M4,883,882,2,2,0,,0,0.0,0.0,0.0,0
L10-M4,884,883,3,1,0,,0,0.0,0.0,0.0,0
L10-M4,885,884,3,1,0,,0,0.0,0.0,0.0,0
L10-M4,886,885,5,-1,0,,0,0.0,0.0,-0.0,0
L10-M4,887,886,1,3,0,,0,0.0,0.0,0.0,0
L10-M4,888,887,2,2,0,,0,0.0,0.0,0.0,0
L10-M4,889,888,5,-1,0,,0,0.0,0.0,-0.0,0
L10-M4,890,889,3,1,0,,0,0.0,0.0,0.0,0
L10-M4,891,890,3,1,0,,0,0.0,0.0,0.0,0
L10-M4,892,891,3,1,0,,0,0.0,0.0,0.0,0
L10-M4,893,892,6,-2,0,,0,0.0,0.0,-0.0,0
L10-M4,894,893,2,2,0,,0,0.0,0.0,0.0,0
L10-M4,895,894,7,-3,0,,0,0.0,0.0,-0.0,0
L10-M4,896,895,2,2,0,,0,0.0,0.0,0.0,0
L10-M4,897,896,3,1,0,,0,0.0,0.0,0.0,0
L10-M4,898,897,6,-2,0,,0,0.0,0.0,-0.0,0
L10-M4,899,898,1,3,0,,0,0.0,0.0,0.0,0
L10-M4,900,899,6,-2,0,,0,0.0,0.0,-0.0,0
L10-M4,901,900,3,1,0,,0,0.0,0.0,0.0,0
L10-M4,902,901,4,0,0,,0,0.0,0.0,0.0,0
L10-M4,903,902,5,-1,0,,0,0.0,0.0,-0.0,0
L10-M4,904,903,7,-3,0,,0,0.0,0.0,-0.0,0
L10-M4,905,904,4,0,0,,0,0.0,0.0,0.0,0
L10-M4,906,905,4,0,0,,0,0.0,0.0,0.0,0
L10-M4,907,906,4,0,0,,0,0.0,0.0,0.0,0
L10-M4,908,907,4,0,4,9 10 11 12,0,0.5333333333333333,-0.5333333333333333,-0.0,0
L10-M4,909,908,6,-2,4,9 10 11 12,0,0.5333333333333333,-0.5333333333333333,1.0666666666666667,0
L10-M4,910,909,5,-1,4,9 10 11 12,1,0.5333333333333333,0.4666666666666667,-0.4666666666666667,0
L10-M4,911,910,5,-1,0,,0,0.0,0.0,-0.0,0
L10-M4,912,911,6,-2,0,,0,0.0,0.0,-0.0,0
L10-M4,913,912,3,1,0,,0,0.0,0.0,0.0,0
L10-M4,914,913,7,-3,0,,0,0.0,0.0,-0.0,0
L10-M4,915,914,4,0,0,,0,0.0,0.0,0.0,0
L10-M4,916,915,5,-1,0,,0,0.0,0.0,-0.0,0
L10-M4,917,916,2,2,0,,0,0.0,0.0,0.0,0
L10-M4,918,917,6,-2,0,,0,0.0,0.0,-0.0,0
L10-M4,919,918,1,3,0,,0,0.0,0.0,0.0,0
L10-M4,920,919,5,-1,0,,0,0.0,0.0,-0.0,0
L10-M4,921,920,4,0,0,,0,0.0,0.0,0.0,0
L10-M4,922,921,1,3,0,,0,0.0,0.0,0.0,0
L10-M4,923,922,6,-2,0,,0,0.0,0.0,-0.0,0
L10-M4,924,923,5,-1,0,,0,0.0,0.0,-0.0,0
L10-M4,925,924,3,1,0,,0,0.0,0.0,0.0,0
L10-M4,926,925,1,3,0,,0,0.0,0.0,0.0,0
L10-M4,927,926,1,3,0,,0,0.0,0.0,0.0,0
L10-M4,928,927,4,0,0,,0,0.0,0.0,0.0,0
L10-M4,929,928,6,-2,0,,0,0.0,0.0,-0.0,0
L10-M4,930,929,1,3,0,,0,0.0,0.0,0.0,0
L10-M4,931,930,4,0,0,,0,0.0,0.0,0.0,0
L10-M4,932,931,5,-1,0,,0,0.0,0.0,-0.0,0
L10-M4,933,932,2,2,0,,0,0.0,0.0,0.0,0
L10-M4,934,933,6,-2,0,,0,0.0,0.0,-0.0,0
L10-M4,935,934,3,1,0,,0,0.0,0.0,0.0,0
L10-M4,936,935,3,1,0,,0,0.0,0.0,0.0,0
L10-M4,937,936,7,-3,0,,0,0.0,0.0,-0.0,0
L10-M4,938,937,5,-1,0,,0,0.0,0.0,-0.0,0
L10-M4,939,938,3,1,0,,0,0.0,0.0,0.0,0
L10-M4,940,939,2,2,0,,0,0.0,0.0,0.0,0
L10-M4,941,940,2,2,0,,0,0.0,0.0,0.0,0
L10-M4,942,941,5,-1,0,,0,0.0,0.0,-0.0,0
L10-M4,943,942,5,-1,0,,0,0.0,0.0,-0.0,0
L10-M4,944,943,5,-1,0,,0,0.0,0.0,-0.0,0
L10-M4,945,944,7,-3,0,,0,0.0,0.0,-0.0,0
L10-M4,946,945,4,0,0,,0,0.0,0.0,0.0,0
L10-M4,947,946,4,0,0,,0,0.0,0.0,0.0,0
L10-M4,948,947,5,-1,0,,0,0.0,0.0,-0.0,0
L10-M4,949,948,1,3,0,,0,0.0,0.0,0.0,0
L10-M4,950,949,3,1,4,4 5 6 7,1,0.5333333333333333,0.4666666666666667,0.4666666666666667,0
L10-M4,951,950,3,1,0,,0,0.0,0.0,0.0,0
L10-M4,952,951,5,-1,4,23 24 25 26,1,0.5333333333333333,0.4666666666666667,-0.4666666666666667,0
L10-M4,953,952,6,-2,0,,0,0.0,0.0,-0.0,0
L10-M4,954,953,5,-1,0,,0,0.0,0.0,-0.0,0
L10-M4,955,954,6,-2,0,,0,0.0,0.0,-0.0,0
L10-M4,956,955,2,2,0,,0,0.0,0.0,0.0,0
L10-M4,957,956,6,-2,0,,0,0.0,0.0,-0.0,0
L10-M4,958,957,1,3,0,,0,0.0,0.0,0.0,0
L10-M4,959,958,1,3,0,,0,0.0,0.0,0.0,0
L10-M4,960,959,5,-1,0,,0,0.0,0.0,-0.0,0
L10-M4,961,960,2,2,0,,0,0.0,0.0,0.0,0
L10-M4,962,961,7,-3,0,,0,0.0,0.0,-0.0,0
L10-M4,963,962,6,-2,0,,0,0.0,0.0,-0.0,0
L10-M4,964,963,6,-2,0,,0,0.0,0.0,-0.0,0
L10-M4,965,964,3,1,0,,0,0.0,0.0,0.0,0
L10-M4,966,965,6,-2,0,,0,0.0,0.0,-0.0,0
L10-M4,967,966,6,-2,0,,0,0.0,0.0,-0.0,0
L10-M4,968,967,3,1,0,,0,0.0,0.0,0.0,0
L10-M4,969,968,6,-2,4,7 8 9 10,2,0.5333333333333333,1.4666666666666668,-2.9333333333333336,0
L10-M4,970,969,2,2,0,,0,0.0,0.0,0.0,0
L10-M4,971,970,1,3,0,,0,0.0,0.0,0.0,0
L10-M4,972,971,3,1,0,,0,0.0,0.0,0.0,0
L10-M4,973,972,5,-1,4,30 31 32 33,1,0.5333333333333333,0.4666666666666667,-0.4666666666666667,0
L10-M4,974,973,2,2,0,,0,0.0,0.0,0.0,0
L10-M4,975,974,5,-1,0,,0,0.0,0.0,-0.0,0
L10-M4,976,975,1,3,0,,0,0.0,0.0,0.0,0
L10-M4,977,976,1,3,0,,0,0.0,0.0,0.0,0
L10-M4,978,977,5,-1,0,,0,0.0,0.0,-0.0,0
L10-M4,979,978,3,1,0,,0,0.0,0.0,0.0,0
L10-M4,980,979,5,-1,0,,0,0.0,0.0,-0.0,0
L10-M4,981,980,3,1,0,,0,0.0,0.0,0.0,0
L10-M4,982,981,2,2,0,,0,0.0,0.0,0.0,0
L10-M4,983,982,6,-2,0,,0,0.0,0.0,-0.0,0
L10-M4,984,983,2,2,0,,0,0.0,0.0,0.0,0
L10-M4,985,984,3,1,0,,0,0.0,0.0,0.0,0
L10-M4,986,985,2,2,0,,0,0.0,0.0,0.0,0
L10-M4,987,986,5,-1,0,,0,0.0,0.0,-0.0,0
L10-M4,988,987,3,1,0,,0,0.0,0.0,0.0,0
L10-M4,989,988,4,0,0,,0,0.0,0.0,0.0,0
L10-M4,990,989,4,0,0,,0,0.0,0.0,0.0,0
L10-M4,991,990,5,-1,0,,0,0.0,0.0,-0.0,0
L10-M4,992,991,6,-2,0,,0,0.0,0.0,-0.0,0
L10-M4,993,992,3,1,0,,0,0.0,0.0,0.0,0
L10-M4,994,993,7,-3,0,,0,0.0,0.0,-0.0,0
L10-M4,995,994,6,-2,0,,0,0.0,0.0,-0.0,0
L10-M4,996,995,3,1,0,,0,0.0,0.0,0.0,0
L10-M4,997,996,5,-1,0,,0,0.0,0.0,-0.0,0
L10-M4,998,997,5,-1,0,,0,0.0,0.0,-0.0,0
L10-M4,999,998,5,-1,0,,0,0.0,0.0,-0.0,0
L10-M4,1000,999,7,-3,0,,0,0.0,0.0,-0.0,0
L10-M4,1001,1000,6,-2,0,,0,0.0,0.0,-0.0,0
L10-M4,1002,1001,5,-1,0,,0,0.0,0.0,-0.0,0
L10-M4,1003,1002,1,3,0,,0,0.0,0.0,0.0,0
L10-M4,1004,1003,4,0,0,,0,0.0,0.0,0.0,0
L10-M4,1005,1004,3,1,0,,0,0.0,0.0,0.0,0
L10-M4,1006,1005,3,1,0,,0,0.0,0.0,0.0,0
L10-M4,1007,1006,6,-2,0,,0,0.0,0.0,-0.0,0
L10-M4,1008,1007,7,-3,0,,0,0.0,0.0,-0.0,0
L10-M4,1009,1008,5,-1,0,,0,0.0,0.0,-0.0,0
L10-M4,1010,1009,2,2,0,,0,0.0,0.0,0.0,0
L10-M4,1011,1010,1,3,0,,0,0.0,0.0,0.0,0
L10-M4,1012,1011,7,-3,0,,0,0.0,0.0,-0.0,0
L10-M4,1013,1012,1,3,0,,0,0.0,0.0,0.0,0
L10-M4,1014,1013,4,0,0,,0,0.0,0.0,0.0,0
L10-M4,1015,1014,5,-1,0,,0,0.0,0.0,-0.0,0
L10-M4,1016,1015,7,-3,0,,0,0.0,0.0,-0.0,0
L10-M4,1017,1016,7,-3,0,,0,0.0,0.0,-0.0,0
L10-M4,1018,1017,6,-2,0,,0,0.0,0.0,-0.0,0
L10-M4,1019,1018,5,-1,0,,0,0.0,0.0,-0.0,0
L10-M4,1020,1019,3,1,0,,0,0.0,0.0,0.0,0
L10-M4,1021,1020,1,3,0,,0,0.0,0.0,0.0,0
L10-M4,1022,1021,3,1,5,6 7 8 9 10,1,0.6666666666666666,0.33333333333333337,0.33333333333333337,0
L10-M4,1023,1022,4,0,4,7 8 9 10,1,0.5333333333333333,0.4666666666666667,0.0,0
L10-M4,1024,1023,5,-1,0,,0,0.0,0.0,-0.0,0
L10-M4,1025,1024,2,2,0,,0,0.0,0.0,0.0,0
L10-M4,1026,1025,1,3,0,,0,0.0,0.0,0.0,0
L10-M4,1027,1026,6,-2,0,,0,0.0,0.0,-0.0,0
L10-M4,1028,1027,1,3,0,,0,0.0,0.0,0.0,0
L10-M4,1029,1028,6,-2,0,,0,0.0,0.0,-0.0,0
L10-M4,1030,1029,2,2,4,1 2 3 4,1,0.5333333333333333,0.4666666666666667,0.9333333333333333,0
L10-M4,1031,1030,3,1,0,,0,0.0,0.0,0.0,0
L10-M4,1032,1031,3,1,0,,0,0.0,0.0,0.0,0
L10-M4,1033,1032,5,-1,0,,0,0.0,0.0,-0.0,0
L10-M4,1034,1033,2,2,0,,0,0.0,0.0,0.0,0
L10-M4,1035,1034,1,3,0,,0,0.0,0.0,0.0,0
L10-M4,1036,1035,1,3,0,,0,0.0,0.0,0.0,0
L10-M4,1037,1036,6,-2,0,,0,0.0,0.0,-0.0,0
L10-M4,1038,1037,6,-2,0,,0,0.0,0.0,-0.0,0
L10-M4,1039,1038,1,3,0,,0,0.0,0.0,0.0,0
L10-M4,1040,1039,5,-1,0,,0,0.0,0.0,-0.0,0
L10-M4,1041,1040,2,2,0,,0,0.0,0.0,0.0,0
L10-M4,1042,1041,7,-3,0,,0,0.0,0.0,-0.0,0
L10-M4,1043,1042,1,3,0,,0,0.0,0.0,0.0,0
L10-M4,1044,1043,4,0,0,,0,0.0,0.0,0.0,0
L10-M4,1045,1044,1,3,0,,0,0.0,0.0,0.0,0
L10-M4,1046,1045,6,-2,0,,0,0.0,0.0,-0.0,0
L10-M4,1047,1046,4,0,0,,0,0.0,0.0,0.0,0
L10-M4,1048,1047,3,1,0,,0,0.0,0.0,0.0,0
L10-M4,1049,1048,5,-1,0,,0,0.0,0.0,-0.0,0
L10-M4,1050,1049,4,0,0,,0,0.0,0.0,0.0,0
L10-M4,1051,1050,3,1,0,,0,0.0,0.0,0.0,0
L10-M4,1052,1051,7,-3,4,8 9 10 11,0,0.5333333333333333,-0.5333333333333333,1.6,0
L10-M4,1053,1052,1,3,4,8 9 10 11,0,0.5333333333333333,-0.5333333333333333,-1.6,0
L10-M4,1054,1053,1,3,4,8 9 10 11,0,0.5333333333333333,-0.5333333333333333,-1.6,0
L10-M4,1055,1054,6,-2,4,8 9 10 11,0,0.5333333333333333,-0.5333333333333333,1.0666666666666667,0
L10-M4,1056,1055,6,-2,4,8 9 10 11,0,0.5333333333333333,-0.5333333333333333,1.0666666666666667,0
L10-M4,1057,1056,4,0,4,8 9 10 11,1,0.5333333333333333,0.4666666666666667,0.0,0
L10-M4,1058,1057,2,2,0,,0,0.0,0.0,0.0,0
L10-M4,1059,1058,7,-3,0,,0,0.0,0.0,-0.0,0
L10-M4,1060,1059,5,-1,0,,0,0.0,0.0,-0.0,0
L10-M4,1061,1060,5,-1,4,41 42 43 44,0,0.5333333333333333,-0.5333333333333333,0.5333333333333333,0
L10-M4,1062,1061,2,2,4,41 42 43 44,1,0.5333333333333333,0.4666666666666667,0.9333333333333333,0
L10-M4,1063,1062,1,3,4,15 16 17 18,0,0.5333333333333333,-0.5333333333333333,-1.6,0
L10-M4,1064,1063,6,-2,4,15 16 17 18,1,0.5333333333333333,0.4666666666666667,-0.9333333333333333,0
L10-M4,1065,1064,4,0,0,,0,0.0,0.0,0.0,0
L10-M4,1066,1065,5,-1,4,14 15 16 17,1,0.5333333333333333,0.4666666666666667,-0.4666666666666667,0
L10-M4,1067,1066,7,-3,0,,0,0.0,0.0,-0.0,0
L10-M4,1068,1067,3,1,4,12 13 14 15,0,0.5333333333333333,-0.5333333333333333,-0.5333333333333333,0
L10-M4,1069,1068,1,3,4,12 13 14 15,0,0.5333333333333333,-0.5333333333333333,-1.6,0
L10-M4,1070,1069,7,-3,4,12 13 14 15,1,0.5333333333333333,0.4666666666666667,-1.4,0
L10-M4,1071,1070,6,-2,0,,0,0.0,0.0,-0.0,0
L10-M4,1072,1071,7,-3,0,,0,0.0,0.0,-0.0,0
L10-M4,1073,1072,5,-1,0,,0,0.0,0.0,-0.0,0
L10-M4,1074,1073,2,2,0,,0,0.0,0.0,0.0,0
L10-M4,1075,1074,3,1,0,,0,0.0,0.0,0.0,0
L10-M4,1076,1075,2,2,0,,0,0.0,0.0,0.0,0
L10-M4,1077,1076,4,0,0,,0,0.0,0.0,0.0,0
L10-M4,1078,1077,5,-1,0,,0,0.0,0.0,-0.0,0
L10-M4,1079,1078,7,-3,0,,0,0.0,0.0,-0.0,0
L10-M4,1080,1079,2,2,0,,0,0.0,0.0,0.0,0
L10-M4,1081,1080,6,-2,0,,0,0.0,0.0,-0.0,0
L10-M4,1082,1081,4,0,0,,0,0.0,0.0,0.0,0
L10-M4,1083,1082,4,0,0,,0,0.0,0.0,0.0,0
L10-M4,1084,1083,5,-1,0,,0,0.0,0.0,-0.0,0
L10-M4,1085,1084,1,3,0,,0,0.0,0.0,0.0,0
L10-M4,1086,1085,5,-1,0,,0,0.0,0.0,-0.0,0
L10-M4,1087,1086,7,-3,0,,0,0.0,0.0,-0.0,0
L10-M4,1088,1087,3,1,0,,0,0.0,0.0,0.0,0
L10-M4,1089,1088,5,-1,0,,0,0.0,0.0,-0.0,0
L10-M4,1090,1089,5,-1,0,,0,0.0,0.0,-0.0,0
L10-M4,1091,1090,1,3,0,,0,0.0,0.0,0.0,0
L10-M4,1092,1091,7,-3,0,,0,0.0,0.0,-0.0,0
L10-M4,1093,1092,6,-2,0,,0,0.0,0.0,-0.0,0
L10-M4,1094,1093,7,-3,0,,0,0.0,0.0,-0.0,0
L10-M4,1095,1094,7,-3,0,,0,0.0,0.0,-0.0,0
L10-M4,1096,1095,2,2,0,,0,0.0,0.0,0.0,0
L10-M4,1097,1096,6,-2,0,,0,0.0,0.0,-0.0,0
L10-M4,1098,1097,1,3,0,,0,0.0,0.0,0.0,0
L10-M4,1099,1098,2,2,0,,0,0.0,0.0,0.0,0
L10-M4,1100,1099,2,2,0,,0,0.0,0.0,0.0,0
L10-M4,1101,1100,1,3,0,,0,0.0,0.0,0.0,0
L10-M4,1102,1101,6,-2,0,,0,0.0,0.0,-0.0,0
L10-M4,1103,1102,3,1,0,,0,0.0,0.0,0.0,0
L10-M4,1104,1103,1,3,0,,0,0.0,0.0,0.0,0
L10-M4,1105,1104,2,2,0,,0,0.0,0.0,0.0,0
L10-M4,1106,1105,2,2,0,,0,0.0,0.0,0.0,0
L10-M4,1107,1106,5,-1,0,,0,0.0,0.0,-0.0,0
L10-M4,1108,1107,3,1,0,,0,0.0,0.0,0.0,0
L10-M4,1109,1108,4,0,0,,0,0.0,0.0,0.0,0
L10-M4,1110,1109,1,3,0,,0,0.0,0.0,0.0,0
L10-M4,1111,1110,6,-2,0,,0,0.0,0.0,-0.0,0
L10-M4,1112,1111,2,2,0,,0,0.0,0.0,0.0,0
L10-M4,1113,1112,3,1,0,,0,0.0,0.0,0.0,0
L10-M4,1114,1113,1,3,0,,0,0.0,0.0,0.0,0
L10-M4,1115,1114,1,3,0,,0,0.0,0.0,0.0,0
L10-M4,1116,1115,2,2,0,,0,0.0,0.0,0.0,0
L10-M4,1117,1116,7,-3,0,,0,0.0,0.0,-0.0,0
L10-M4,1118,1117,3,1,0,,0,0.0,0.0,0.0,0
L10-M4,1119,1118,1,3,0,,0,0.0,0.0,0.0,0
L10-M4,1120,1119,2,2,0,,0,0.0,0.0,0.0,0
L10-M4,1121,1120,5,-1,0,,0,0.0,0.0,-0.0,0
L10-M4,1122,1121,2,2,0,,0,0.0,0.0,0.0,0
L10-M4,1123,1122,4,0,0,,0,0.0,0.0,0.0,0
L10-M4,1124,1123,5,-1,0,,0,0.0,0.0,-0.0,0
L10-M4,1125,1124,4,0,0,,0,0.0,0.0,0.0,0
L10-M4,1126,1125,4,0,0,,0,0.0,0.0,0.0,0
L10-M4,1127,1126,3,1,0,,0,0.0,0.0,0.0,0
L10-M4,1128,1127,6,-2,0,,0,0.0,0.0,-0.0,0
L10-M4,1129,1128,7,-3,0,,0,0.0,0.0,-0.0,0
L10-M4,1130,1129,5,-1,0,,0,0.0,0.0,-0.0,0
L10-M4,1131,1130,7,-3,0,,0,0.0,0.0,-0.0,0
L10-M4,1132,1131,6,-2,0,,0,0.0,0.0,-0.0,0
L10-M4,1133,1132,1,3,0,,0,0.0,0.0,0.0,0
L10-M4,1134,1133,4,0,0,,0,0.0,0.0,0.0,0
L10-M4,1135,1134,6,-2,0,,0,0.0,0.0,-0.0,0
L10-M4,1136,1135,2,2,4,42 43 44 45,2,0.5333333333333333,1.4666666666666668,2.9333333333333336,0
L10-M4,1137,1136,1,3,0,,0,0.0,0.0,0.0,0
L10-M4,1138,1137,5,-1,0,,0,0.0,0.0,-0.0,0
L10-M4,1139,1138,7,-3,0,,0,0.0,0.0,-0.0,0
L10-M4,1140,1139,4,0,0,,0,0.0,0.0,0.0,0
L10-M4,1141,1140,3,1,0,,0,0.0,0.0,0.0,0
L10-M4,1142,1141,4,0,0,,0,0.0,0.0,0.0,0
L10-M4,1143,1142,3,1,0,,0,0.0,0.0,0.0,0
L10-M4,1144,1143,1,3,0,,0,0.0,0.0,0.0,0
L10-M4,1145,1144,3,1,0,,0,0.0,0.0,0.0,0
L10-M4,1146,1145,4,0,0,,0,0.0,0.0,0.0,0
L10-M4,1147,1146,5,-1,0,,0,0.0,0.0,-0.0,0
L10-M4,1148,1147,6,-2,0,,0,0.0,0.0,-0.0,0
L10-M4,1149,1148,7,-3,0,,0,0.0,0.0,-0.0,0
L10-M4,1150,1149,7,-3,0,,0,0.0,0.0,-0.0,0
L10-M4,1151,1150,4,0,0,,0,0.0,0.0,0.0,0
L10-M4,1152,1151,3,1,0,,0,0.0,0.0,0.0,0
L10-M4,1153,1152,1,3,0,,0,0.0,0.0,0.0,0
L10-M4,1154,1153,2,2,0,,0,0.0,0.0,0.0,0
L10-M4,1155,1154,5,-1,0,,0,0.0,0.0,-0.0,0
L10-M4,1156,1155,2,2,0,,0,0.0,0.0,0.0,0
L10-M4,1157,1156,1,3,0,,0,0.0,0.0,0.0,0
L10-M4,1158,1157,7,-3,0,,0,0.0,0.0,-0.0,0
L10-M4,1159,1158,1,3,0,,0,0.0,0.0,0.0,0
L10-M4,1160,1159,2,2,0,,0,0.0,0.0,0.0,0
L10-M4,1161,1160,4,0,0,,0,0.0,0.0,0.0,0
L10-M4,1162,1161,6,-2,0,,0,0.0,0.0,-0.0,0
L10-M4,1163,1162,1,3,0,,0,0.0,0.0,0.0,0
L10-M4,1164,1163,2,2,0,,0,0.0,0.0,0.0,0
L10-M4,1165,1164,3,1,0,,0,0.0,0.0,0.0,0
L10-M4,1166,1165,3,1,0,,0,0.0,0.0,0.0,0
L10-M4,1167,1166,2,2,0,,0,0.0,0.0,0.0,0
L10-M4,1168,1167,3,1,0,,0,0.0,0.0,0.0,0
L10-M4,1169,1168,4,0,0,,0,0.0,0.0,0.0,0
L10-M4,1170,1169,3,1,0,,0,0.0,0.0,0.0,0
L10-M4,1171,1170,3,1,0,,0,0.0,0.0,0.0,0
L10-M4,1172,1171,7,-3,0,,0,0.0,0.0,-0.0,0
L10-M4,1173,1172,7,-3,0,,0,0.0,0.0,-0.0,0
L10-M4,1174,1173,2,2,0,,0,0.0,0.0,0.0,0
L10-M4,1175,1174,5,-1,0,,0,0.0,0.0,-0.0,0
L10-M4,1176,1175,5,-1,0,,0,0.0,0.0,-0.0,0
L10-M4,1177,1176,5,-1,0,,0,0.0,0.0,-0.0,0
L10-M4,1178,1177,6,-2,0,,0,0.0,0.0,-0.0,0
L10-M4,1179,1178,4,0,0,,0,0.0,0.0,0.0,0
L10-M4,1180,1179,4,0,0,,0,0.0,0.0,0.0,0
L10-M4,1181,1180,1,3,0,,0,0.0,0.0,0.0,0
L10-M4,1182,1181,5,-1,0,,0,0.0,0.0,-0.0,0
L10-M4,1183,1182,4,0,0,,0,0.0,0.0,0.0,0
L10-M4,1184,1183,6,-2,0,,0,0.0,0.0,-0.0,0
L10-M4,1185,1184,7,-3,0,,0,0.0,0.0,-0.0,0
L10-M4,1186,1185,7,-3,0,,0,0.0,0.0,-0.0,0
L10-M4,1187,1186,7,-3,0,,0,0.0,0.0,-0.0,0
L10-M4,1188,1187,7,-3,0,,0,0.0,0.0,-0.0,0
L10-M4,1189,1188,3,1,0,,0,0.0,0.0,0.0,0
L10-M4,1190,1189,4,0,4,42 43 44 45,1,0.5333333333333333,0.4666666666666667,0.0,0
L10-M4,1191,1190,6,-2,0,,0,0.0,0.0,-0.0,0
L10-M4,1192,1191,2,2,0,,0,0.0,0.0,0.0,0
L10-M4,1193,1192,2,2,0,,0,0.0,0.0,0.0,0
L10-M4,1194,1193,4,0,0,,0,0.0,0.0,0.0,0
L10-M4,1195,1194,1,3,0,,0,0.0,0.0,0.0,0
L10-M4,1196,1195,7,-3,0,,0,0.0,0.0,-0.0,0
L10-M4,1197,1196,3,1,0,,0,0.0,0.0,0.0,0
L10-M4,1198,1197,6,-2,0,,0,0.0,0.0,-0.0,0
L10-M4,1199,1198,1,3,0,,0,0.0,0.0,0.0,0
L10-M4,1200,1199,1,3,0,,0,0.0,0.0,0.0,0
L10-M4,1201,1200,7,-3,0,,0,0.0,0.0,-0.0,0
L10-M4,1202,1201,7,-3,0,,0,0.0,0.0,-0.0,0
L10-M4,1203,1202,2,2,0,,0,0.0,0.0,0.0,0
L10-M4,1204,1203,4,0,0,,0,0.0,0.0,0.0,0
L10-M4,1205,1204,3,1,0,,0,0.0,0.0,0.0,0
L10-M4,1206,1205,2,2,0,,0,0.0,0.0,0.0,0
L10-M4,1207,1206,4,0,0,,0,0.0,0.0,0.0,0
L10-M4,1208,1207,2,2,0,,0,0.0,0.0,0.0,0
L10-M4,1209,1208,2,2,0,,0,0.0,0.0,0.0,0
L10-M4,1210,1209,4,0,0,,0,0.0,0.0,0.0,0
L10-M4,1211,1210,6,-2,0,,0,0.0,0.0,-0.0,0
L10-M4,1212,1211,1,3,0,,0,0.0,0.0,0.0,0
L10-M4,1213,1212,7,-3,5,11 12 13 14 15,1,0.6666666666666666,0.33333333333333337,-1.0,0
L10-M4,1214,1213,1,3,4,12 13 14 15,1,0.5333333333333333,0.4666666666666667,1.4,0
L10-M4,1215,1214,2,2,0,,0,0.0,0.0,0.0,0
L10-M4,1216,1215,5,-1,0,,0,0.0,0.0,-0.0,0
L10-M4,1217,1216,7,-3,0,,0,0.0,0.0,-0.0,0
L10-M4,1218,1217,7,-3,0,,0,0.0,0.0,-0.0,0
L10-M4,1219,1218,2,2,0,,0,0.0,0.0,0.0,0
L10-M4,1220,1219,5,-1,0,,0,0.0,0.0,-0.0,0
L10-M4,1221,1220,2,2,0,,0,0.0,0.0,0.0,0
L10-M4,1222,1221,2,2,0,,0,0.0,0.0,0.0,0
L10-M4,1223,1222,6,-2,0,,0,0.0,0.0,-0.0,0
L10-M4,1224,1223,4,0,0,,0,0.0,0.0,0.0,0
L10-M4,1225,1224,5,-1,0,,0,0.0,0.0,-0.0,0
L10-M4,1226,1225,5,-1,0,,0,0.0,0.0,-0.0,0
L10-M4,1227,1226,7,-3,0,,0,0.0,0.0,-0.0,0
L10-M4,1228,1227,2,2,0,,0,0.0,0.0,0.0,0
L10-M4,1229,1228,1,3,0,,0,0.0,0.0,0.0,0
L10-M4,1230,1229,3,1,0,,0,0.0,0.0,0.0,0
L10-M4,1231,1230,7,-3,0,,0,0.0,0.0,-0.0,0
L10-M4,1232,1231,4,0,0,,0,0.0,0.0,0.0,0
L10-M4,1233,1232,1,3,0,,0,0.0,0.0,0.0,0
L10-M4,1234,1233,5,-1,0,,0,0.0,0.0,-0.0,0
L10-M4,1235,1234,4,0,0,,0,0.0,0.0,0.0,0
L10-M4,1236,1235,5,-1,0,,0,0.0,0.0,-0.0,0
L10-M4,1237,1236,1,3,0,,0,0.0,0.0,0.0,0
L10-M4,1238,1237,5,-1,0,,0,0.0,0.0,-0.0,0
L10-M5,21,20,7,-3,0,,0,0.0,0.0,-0.0,0
L10-M5,22,21,5,-1,0,,0,0.0,0.0,-0.0,0
L10-M5,23,22,6,-2,0,,0,0.0,0.0,-0.0,0
L10-M5,24,23,7,-3,5,25 26 27 28 29,2,0.6666666666666666,1.3333333333333335,-4.0,0
L10-M5,25,24,1,3,0,,0,0.0,0.0,0.0,0
L10-M5,26,25,3,1,0,,0,0.0,0.0,0.0,0
L10-M5,27,26,7,-3,0,,0,0.0,0.0,-0.0,0
L10-M5,28,27,4,0,0,,0,0.0,0.0,0.0,0
L10-M5,29,28,1,3,0,,0,0.0,0.0,0.0,0
L10-M5,30,29,3,1,0,,0,0.0,0.0,0.0,0
L10-M5,31,30,1,3,0,,0,0.0,0.0,0.0,0
L10-M5,32,31,6,-2,0,,0,0.0,0.0,-0.0,0
L10-M5,33,32,2,2,0,,0,0.0,0.0,0.0,0
L10-M5,34,33,3,1,0,,0,0.0,0.0,0.0,0
L10-M5,35,34,1,3,0,,0,0.0,0.0,0.0,0
L10-M5,36,35,6,-2,0,,0,0.0,0.0,-0.0,0
L10-M5,37,36,6,-2,0,,0,0.0,0.0,-0.0,0
L10-M5,38,37,7,-3,0,,0,0.0,0.0,-0.0,0
L10-M5,39,38,5,-1,0,,0,0.0,0.0,-0.0,0
L10-M5,40,39,3,1,0,,0,0.0,0.0,0.0,0
L10-M5,41,40,1,3,0,,0,0.0,0.0,0.0,0
L10-M5,42,41,4,0,0,,0,0.0,0.0,0.0,0
L10-M5,43,42,1,3,0,,0,0.0,0.0,0.0,0
L10-M5,44,43,1,3,0,,0,0.0,0.0,0.0,0
L10-M5,45,44,6,-2,0,,0,0.0,0.0,-0.0,0
L10-M5,46,45,3,1,0,,0,0.0,0.0,0.0,0
L10-M5,47,46,7,-3,0,,0,0.0,0.0,-0.0,0
L10-M5,48,47,4,0,0,,0,0.0,0.0,0.0,0
L10-M5,49,48,1,3,0,,0,0.0,0.0,0.0,0
L10-M5,50,49,5,-1,0,,0,0.0,0.0,-0.0,0
L10-M5,51,50,1,3,0,,0,0.0,0.0,0.0,0
L10-M5,52,51,6,-2,0,,0,0.0,0.0,-0.0,0
L10-M5,53,52,1,3,0,,0,0.0,0.0,0.0,0
L10-M5,54,53,7,-3,0,,0,0.0,0.0,-0.0,0
L10-M5,55,54,6,-2,0,,0,0.0,0.0,-0.0,0
L10-M5,56,55,1,3,0,,0,0.0,0.0,0.0,0
L10-M5,57,56,3,1,0,,0,0.0,0.0,0.0,0
L10-M5,58,57,1,3,0,,0,0.0,0.0,0.0,0
L10-M5,59,58,1,3,0,,0,0.0,0.0,0.0,0
L10-M5,60,59,2,2,0,,0,0.0,0.0,0.0,0
L10-M5,61,60,3,1,0,,0,0.0,0.0,0.0,0
L10-M5,62,61,1,3,0,,0,0.0,0.0,0.0,0
L10-M5,63,62,4,0,0,,0,0.0,0.0,0.0,0
L10-M5,64,63,2,2,0,,0,0.0,0.0,0.0,0
L10-M5,65,64,7,-3,0,,0,0.0,0.0,-0.0,0
L10-M5,66,65,5,-1,0,,0,0.0,0.0,-0.0,0
L10-M5,67,66,7,-3,0,,0,0.0,0.0,-0.0,0
L10-M5,68,67,5,-1,0,,0,0.0,0.0,-0.0,0
L10-M5,69,68,6,-2,0,,0,0.0,0.0,-0.0,0
L10-M5,70,69,6,-2,0,,0,0.0,0.0,-0.0,0
L10-M5,71,70,5,-1,0,,0,0.0,0.0,-0.0,0
L10-M5,72,71,5,-1,0,,0,0.0,0.0,-0.0,0
L10-M5,73,72,1,3,0,,0,0.0,0.0,0.0,0
L10-M5,74,73,5,-1,0,,0,0.0,0.0,-0.0,0
L10-M5,75,74,5,-1,0,,0,0.0,0.0,-0.0,0
L10-M5,76,75,4,0,0,,0,0.0,0.0,0.0,0
L10-M5,77,76,7,-3,0,,0,0.0,0.0,-0.0,0
L10-M5,78,77,5,-1,0,,0,0.0,0.0,-0.0,0
L10-M5,79,78,7,-3,0,,0,0.0,0.0,-0.0,0
L10-M5,80,79,3,1,0,,0,0.0,0.0,0.0,0
L10-M5,81,80,1,3,0,,0,0.0,0.0,0.0,0
L10-M5,82,81,2,2,0,,0,0.0,0.0,0.0,0
L10-M5,83,82,6,-2,0,,0,0.0,0.0,-0.0,0
L10-M5,84,83,3,1,0,,0,0.0,0.0,0.0,0
L10-M5,85,84,1,3,0,,0,0.0,0.0,0.0,0
L10-M5,86,85,4,0,0,,0,0.0,0.0,0.0,0
L10-M5,87,86,3,1,0,,0,0.0,0.0,0.0,0
L10-M5,88,87,5,-1,0,,0,0.0,0.0,-0.0,0
L10-M5,89,88,5,-1,0,,0,0.0,0.0,-0.0,0
L10-M5,90,89,6,-2,0,,0,0.0,0.0,-0.0,0
L10-M5,91,90,1,3,0,,0,0.0,0.0,0.0,0
L10-M5,92,91,5,-1,0,,0,0.0,0.0,-0.0,0
L10-M5,93,92,3,1,0,,0,0.0,0.0,0.0,0
L10-M5,94,93,2,2,0,,0,0.0,0.0,0.0,0
L10-M5,95,94,2,2,0,,0,0.0,0.0,0.0,0
L10-M5,96,95,2,2,0,,0,0.0,0.0,0.0,0
L10-M5,97,96,4,0,0,,0,0.0,0.0,0.0,0
L10-M5,98,97,1,3,5,9 10 11 12 13,1,0.6666666666666666,0.33333333333333337,1.0,0
L10-M5,99,98,7,-3,0,,0,0.0,0.0,-0.0,0
L10-M5,100,99,4,0,0,,0,0.0,0.0,0.0,0
L10-M5,101,100,2,2,0,,0,0.0,0.0,0.0,0
L10-M5,102,101,3,1,0,,0,0.0,0.0,0.0,0
L10-M5,103,102,7,-3,0,,0,0.0,0.0,-0.0,0
L10-M5,104,103,2,2,0,,0,0.0,0.0,0.0,0
L10-M5,105,104,5,-1,0,,0,0.0,0.0,-0.0,0
L10-M5,106,105,4,0,0,,0,0.0,0.0,0.0,0
L10-M5,107,106,6,-2,0,,0,0.0,0.0,-0.0,0
L10-M5,108,107,6,-2,0,,0,0.0,0.0,-0.0,0
L10-M5,109,108,2,2,0,,0,0.0,0.0,0.0,0
L10-M5,110,109,3,1,0,,0,0.0,0.0,0.0,0
L10-M5,111,110,1,3,0,,0,0.0,0.0,0.0,0
L10-M5,112,111,3,1,0,,0,0.0,0.0,0.0,0
L10-M5,113,112,7,-3,0,,0,0.0,0.0,-0.0,0
L10-M5,114,113,3,1,0,,0,0.0,0.0,0.0,0
L10-M5,115,114,1,3,0,,0,0.0,0.0,0.0,0
L10-M5,116,115,7,-3,0,,0,0.0,0.0,-0.0,0
L10-M5,117,116,3,1,0,,0,0.0,0.0,0.0,0
L10-M5,118,117,5,-1,0,,0,0.0,0.0,-0.0,0
L10-M5,119,118,7,-3,0,,0,0.0,0.0,-0.0,0
L10-M5,120,119,7,-3,0,,0,0.0,0.0,-0.0,0
L10-M5,121,120,5,-1,0,,0,0.0,0.0,-0.0,0
L10-M5,122,121,1,3,0,,0,0.0,0.0,0.0,0
L10-M5,123,122,2,2,0,,0,0.0,0.0,0.0,0
L10-M5,124,123,4,0,0,,0,0.0,0.0,0.0,0
L10-M5,125,124,1,3,0,,0,0.0,0.0,0.0,0
L10-M5,126,125,3,1,0,,0,0.0,0.0,0.0,0
L10-M5,127,126,1,3,0,,0,0.0,0.0,0.0,0
L10-M5,128,127,6,-2,0,,0,0.0,0.0,-0.0,0
L10-M5,129,128,6,-2,0,,0,0.0,0.0,-0.0,0
L10-M5,130,129,1,3,0,,0,0.0,0.0,0.0,0
L10-M5,131,130,5,-1,0,,0,0.0,0.0,-0.0,0
L10-M5,132,131,7,-3,0,,0,0.0,0.0,-0.0,0
L10-M5,133,132,6,-2,0,,0,0.0,0.0,-0.0,0
L10-M5,134,133,3,1,0,,0,0.0,0.0,0.0,0
L10-M5,135,134,7,-3,0,,0,0.0,0.0,-0.0,0
L10-M5,136,135,3,1,0,,0,0.0,0.0,0.0,0
L10-M5,137,136,2,2,0,,0,0.0,0.0,0.0,0
L10-M5,138,137,3,1,0,,0,0.0,0.0,0.0,0
L10-M5,139,138,3,1,0,,0,0.0,0.0,0.0,0
L10-M5,140,139,3,1,0,,0,0.0,0.0,0.0,0
L10-M5,141,140,2,2,0,,0,0.0,0.0,0.0,0
L10-M5,142,141,1,3,0,,0,0.0,0.0,0.0,0
L10-M5,143,142,3,1,0,,0,0.0,0.0,0.0,0
L10-M5,144,143,1,3,0,,0,0.0,0.0,0.0,0
L10-M5,145,144,7,-3,0,,0,0.0,0.0,-0.0,0
L10-M5,146,145,3,1,0,,0,0.0,0.0,0.0,0
L10-M5,147,146,3,1,0,,0,0.0,0.0,0.0,0
L10-M5,148,147,5,-1,0,,0,0.0,0.0,-0.0,0
L10-M5,149,148,1,3,0,,0,0.0,0.0,0.0,0
L10-M5,150,149,4,0,0,,0,0.0,0.0,0.0,0
L10-M5,151,150,2,2,0,,0,0.0,0.0,0.0,0
L10-M5,152,151,5,-1,0,,0,0.0,0.0,-0.0,0
L10-M5,153,152,7,-3,0,,0,0.0,0.0,-0.0,0
L10-M5,154,153,6,-2,0,,0,0.0,0.0,-0.0,0
L10-M5,155,154,3,1,0,,0,0.0,0.0,0.0,0
L10-M5,156,155,1,3,0,,0,0.0,0.0,0.0,0
L10-M5,157,156,1,3,0,,0,0.0,0.0,0.0,0
L10-M5,158,157,6,-2,0,,0,0.0,0.0,-0.0,0
L10-M5,159,158,2,2,0,,0,0.0,0.0,0.0,0
L10-M5,160,159,4,0,0,,0,0.0,0.0,0.0,0
L10-M5,161,160,1,3,0,,0,0.0,0.0,0.0,0
L10-M5,162,161,6,-2,0,,0,0.0,0.0,-0.0,0
L10-M5,163,162,4,0,0,,0,0.0,0.0,0.0,0
L10-M5,164,163,3,1,0,,0,0.0,0.0,0.0,0
L10-M5,165,164,5,-1,0,,0,0.0,0.0,-0.0,0
L10-M5,166,165,6,-2,0,,0,0.0,0.0,-0.0,0
L10-M5,167,166,3,1,0,,0,0.0,0.0,0.0,0
L10-M5,168,167,1,3,0,,0,0.0,0.0,0.0,0
L10-M5,169,168,3,1,0,,0,0.0,0.0,0.0,0
L10-M5,170,169,2,2,0,,0,0.0,0.0,0.0,0
L10-M5,171,170,2,2,0,,0,0.0,0.0,0.0,0
L10-M5,172,171,1,3,0,,0,0.0,0.0,0.0,0
L10-M5,173,172,6,-2,0,,0,0.0,0.0,-0.0,0
L10-M5,174,173,3,1,0,,0,0.0,0.0,0.0,0
L10-M5,175,174,3,1,0,,0,0.0,0.0,0.0,0
L10-M5,176,175,1,3,0,,0,0.0,0.0,0.0,0
L10-M5,177,176,2,2,0,,0,0.0,0.0,0.0,0
L10-M5,178,177,2,2,0,,0,0.0,0.0,0.0,0
L10-M5,179,178,3,1,0,,0,0.0,0.0,0.0,0
L10-M5,180,179,5,-1,0,,0,0.0,0.0,-0.0,0
L10-M5,181,180,5,-1,0,,0,0.0,0.0,-0.0,0
L10-M5,182,181,6,-2,0,,0,0.0,0.0,-0.0,0
L10-M5,183,182,6,-2,0,,0,0.0,0.0,-0.0,0
L10-M5,184,183,2,2,0,,0,0.0,0.0,0.0,0
L10-M5,185,184,7,-3,0,,0,0.0,0.0,-0.0,0
L10-M5,186,185,5,-1,0,,0,0.0,0.0,-0.0,0
L10-M5,187,186,2,2,0,,0,0.0,0.0,0.0,0
L10-M5,188,187,7,-3,0,,0,0.0,0.0,-0.0,0
L10-M5,189,188,7,-3,0,,0,0.0,0.0,-0.0,0
L10-M5,190,189,3,1,0,,0,0.0,0.0,0.0,0
L10-M5,191,190,3,1,0,,0,0.0,0.0,0.0,0
L10-M5,192,191,3,1,0,,0,0.0,0.0,0.0,0
L10-M5,193,192,5,-1,0,,0,0.0,0.0,-0.0,0
L10-M5,194,193,2,2,0,,0,0.0,0.0,0.0,0
L10-M5,195,194,5,-1,0,,0,0.0,0.0,-0.0,0
L10-M5,196,195,5,-1,0,,0,0.0,0.0,-0.0,0
L10-M5,197,196,1,3,0,,0,0.0,0.0,0.0,0
L10-M5,198,197,1,3,0,,0,0.0,0.0,0.0,0
L10-M5,199,198,1,3,0,,0,0.0,0.0,0.0,0
L10-M5,200,199,7,-3,0,,0,0.0,0.0,-0.0,0
L10-M5,201,200,3,1,0,,0,0.0,0.0,0.0,0
L10-M5,202,201,4,0,0,,0,0.0,0.0,0.0,0
L10-M5,203,202,3,1,0,,0,0.0,0.0,0.0,0
L10-M5,204,203,3,1,0,,0,0.0,0.0,0.0,0
L10-M5,205,204,2,2,0,,0,0.0,0.0,0.0,0
L10-M5,206,205,5,-1,0,,0,0.0,0.0,-0.0,0
L10-M5,207,206,7,-3,0,,0,0.0,0.0,-0.0,0
L10-M5,208,207,7,-3,0,,0,0.0,0.0,-0.0,0
L10-M5,209,208,2,2,0,,0,0.0,0.0,0.0,0
L10-M5,210,209,7,-3,0,,0,0.0,0.0,-0.0,0
L10-M5,211,210,7,-3,0,,0,0.0,0.0,-0.0,0
L10-M5,212,211,1,3,0,,0,0.0,0.0,0.0,0
L10-M5,213,212,1,3,0,,0,0.0,0.0,0.0,0
L10-M5,214,213,7,-3,0,,0,0.0,0.0,-0.0,0
L10-M5,215,214,6,-2,0,,0,0.0,0.0,-0.0,0
L10-M5,216,215,3,1,0,,0,0.0,0.0,0.0,0
L10-M5,217,216,1,3,0,,0,0.0,0.0,0.0,0
L10-M5,218,217,6,-2,0,,0,0.0,0.0,-0.0,0
L10-M5,219,218,5,-1,0,,0,0.0,0.0,-0.0,0
L10-M5,220,219,3,1,0,,0,0.0,0.0,0.0,0
L10-M5,221,220,5,-1,0,,0,0.0,0.0,-0.0,0
L10-M5,222,221,2,2,0,,0,0.0,0.0,0.0,0
L10-M5,223,222,7,-3,0,,0,0.0,0.0,-0.0,0
L10-M5,224,223,7,-3,0,,0,0.0,0.0,-0.0,0
L10-M5,225,224,2,2,0,,0,0.0,0.0,0.0,0
L10-M5,226,225,2,2,0,,0,0.0,0.0,0.0,0
L10-M5,227,226,7,-3,0,,0,0.0,0.0,-0.0,0
L10-M5,228,227,1,3,0,,0,0.0,0.0,0.0,0
L10-M5,229,228,2,2,0,,0,0.0,0.0,0.0,0
L10-M5,230,229,6,-2,0,,0,0.0,0.0,-0.0,0
L10-M5,231,230,3,1,0,,0,0.0,0.0,0.0,0
L10-M5,232,231,4,0,0,,0,0.0,0.0,0.0,0
L10-M5,233,232,6,-2,0,,0,0.0,0.0,-0.0,0
L10-M5,234,233,6,-2,0,,0,0.0,0.0,-0.0,0
L10-M5,235,234,1,3,0,,0,0.0,0.0,0.0,0
L10-M5,236,235,1,3,0,,0,0.0,0.0,0.0,0
L10-M5,237,236,3,1,0,,0,0.0,0.0,0.0,0
L10-M5,238,237,6,-2,0,,0,0.0,0.0,-0.0,0
L10-M5,239,238,7,-3,0,,0,0.0,0.0,-0.0,0
L10-M5,240,239,1,3,0,,0,0.0,0.0,0.0,0
L10-M5,241,240,4,0,0,,0,0.0,0.0,0.0,0
L10-M5,242,241,3,1,0,,0,0.0,0.0,0.0,0
L10-M5,243,242,7,-3,0,,0,0.0,0.0,-0.0,0
L10-M5,244,243,6,-2,0,,0,0.0,0.0,-0.0,0
L10-M5,245,244,3,1,0,,0,0.0,0.0,0.0,0
L10-M5,246,245,3,1,0,,0,0.0,0.0,0.0,0
L10-M5,247,246,2,2,0,,0,0.0,0.0,0.0,0
L10-M5,248,247,2,2,0,,0,0.0,0.0,0.0,0
L10-M5,249,248,3,1,0,,0,0.0,0.0,0.0,0
L10-M5,250,249,3,1,0,,0,0.0,0.0,0.0,0
L10-M5,251,250,5,-1,0,,0,0.0,0.0,-0.0,0
L10-M5,252,251,7,-3,0,,0,0.0,0.0,-0.0,0
L10-M5,253,252,4,0,0,,0,0.0,0.0,0.0,0
L10-M5,254,253,5,-1,0,,0,0.0,0.0,-0.0,0
L10-M5,255,254,6,-2,0,,0,0.0,0.0,-0.0,0
L10-M5,256,255,6,-2,0,,0,0.0,0.0,-0.0,0
L10-M5,257,256,6,-2,0,,0,0.0,0.0,-0.0,0
L10-M5,258,257,1,3,0,,0,0.0,0.0,0.0,0
L10-M5,259,258,2,2,0,,0,0.0,0.0,0.0,0
L10-M5,260,259,4,0,0,,0,0.0,0.0,0.0,0
L10-M5,261,260,7,-3,0,,0,0.0,0.0,-0.0,0
L10-M5,262,261,1,3,0,,0,0.0,0.0,0.0,0
L10-M5,263,262,7,-3,0,,0,0.0,0.0,-0.0,0
L10-M5,264,263,2,2,0,,0,0.0,0.0,0.0,0
L10-M5,265,264,1,3,0,,0,0.0,0.0,0.0,0
L10-M5,266,265,3,1,0,,0,0.0,0.0,0.0,0
L10-M5,267,266,6,-2,0,,0,0.0,0.0,-0.0,0
L10-M5,268,267,1,3,0,,0,0.0,0.0,0.0,0
L10-M5,269,268,3,1,0,,0,0.0,0.0,0.0,0
L10-M5,270,269,4,0,0,,0,0.0,0.0,0.0,0
L10-M5,271,270,7,-3,0,,0,0.0,0.0,-0.0,0
L10-M5,272,271,6,-2,0,,0,0.0,0.0,-0.0,0
L10-M5,273,272,5,-1,0,,0,0.0,0.0,-0.0,0
L10-M5,274,273,2,2,0,,0,0.0,0.0,0.0,0
L10-M5,275,274,4,0,0,,0,0.0,0.0,0.0,0
L10-M5,276,275,4,0,0,,0,0.0,0.0,0.0,0
L10-M5,277,276,4,0,0,,0,0.0,0.0,0.0,0
L10-M5,278,277,5,-1,0,,0,0.0,0.0,-0.0,0
L10-M5,279,278,3,1,0,,0,0.0,0.0,0.0,0
L10-M5,280,279,2,2,0,,0,0.0,0.0,0.0,0
L10-M5,281,280,5,-1,0,,0,0.0,0.0,-0.0,0
L10-M5,282,281,5,-1,0,,0,0.0,0.0,-0.0,0
L10-M5,283,282,5,-1,0,,0,0.0,0.0,-0.0,0
L10-M5,284,283,6,-2,0,,0,0.0,0.0,-0.0,0
L10-M5,285,284,5,-1,0,,0,0.0,0.0,-0.0,0
L10-M5,286,285,1,3,0,,0,0.0,0.0,0.0,0
L10-M5,287,286,3,1,0,,0,0.0,0.0,0.0,0
L10-M5,288,287,7,-3,0,,0,0.0,0.0,-0.0,0
L10-M5,289,288,2,2,0,,0,0.0,0.0,0.0,0
L10-M5,290,289,2,2,0,,0,0.0,0.0,0.0,0
L10-M5,291,290,1,3,0,,0,0.0,0.0,0.0,0
L10-M5,292,291,7,-3,0,,0,0.0,0.0,-0.0,0
L10-M5,293,292,1,3,0,,0,0.0,0.0,0.0,0
L10-M5,294,293,5,-1,0,,0,0.0,0.0,-0.0,0
L10-M5,295,294,7,-3,0,,0,0.0,0.0,-0.0,0
L10-M5,296,295,3,1,0,,0,0.0,0.0,0.0,0
L10-M5,297,296,6,-2,0,,0,0.0,0.0,-0.0,0
L10-M5,298,297,7,-3,5,22 23 24 25 26,0,0.6666666666666666,-0.6666666666666666,2.0,0
L10-M5,299,298,3,1,5,22 23 24 25 26,1,0.6666666666666666,0.33333333333333337,0.33333333333333337,0
L10-M5,300,299,4,0,0,,0,0.0,0.0,0.0,0
L10-M5,301,300,7,-3,0,,0,0.0,0.0,-0.0,0
L10-M5,302,301,4,0,0,,0,0.0,0.0,0.0,0
L10-M5,303,302,1,3,0,,0,0.0,0.0,0.0,0
L10-M5,304,303,6,-2,0,,0,0.0,0.0,-0.0,0
L10-M5,305,304,6,-2,0,,0,0.0,0.0,-0.0,0
L10-M5,306,305,3,1,0,,0,0.0,0.0,0.0,0
L10-M5,307,306,3,1,0,,0,0.0,0.0,0.0,0
L10-M5,308,307,2,2,0,,0,0.0,0.0,0.0,0
L10-M5,309,308,6,-2,0,,0,0.0,0.0,-0.0,0
L10-M5,310,309,6,-2,0,,0,0.0,0.0,-0.0,0
L10-M5,311,310,3,1,0,,0,0.0,0.0,0.0,0
L10-M5,312,311,2,2,0,,0,0.0,0.0,0.0,0
L10-M5,313,312,7,-3,0,,0,0.0,0.0,-0.0,0
L10-M5,314,313,1,3,0,,0,0.0,0.0,0.0,0
L10-M5,315,314,1,3,0,,0,0.0,0.0,0.0,0
L10-M5,316,315,3,1,0,,0,0.0,0.0,0.0,0
L10-M5,317,316,7,-3,0,,0,0.0,0.0,-0.0,0
L10-M5,318,317,2,2,0,,0,0.0,0.0,0.0,0
L10-M5,319,318,5,-1,0,,0,0.0,0.0,-0.0,0
L10-M5,320,319,6,-2,0,,0,0.0,0.0,-0.0,0
L10-M5,321,320,1,3,0,,0,0.0,0.0,0.0,0
L10-M5,322,321,7,-3,0,,0,0.0,0.0,-0.0,0
L10-M5,323,322,3,1,0,,0,0.0,0.0,0.0,0
L10-M5,324,323,1,3,0,,0,0.0,0.0,0.0,0
L10-M5,325,324,3,1,0,,0,0.0,0.0,0.0,0
L10-M5,326,325,5,-1,0,,0,0.0,0.0,-0.0,0
L10-M5,327,326,7,-3,0,,0,0.0,0.0,-0.0,0
L10-M5,328,327,5,-1,0,,0,0.0,0.0,-0.0,0
L10-M5,329,328,6,-2,0,,0,0.0,0.0,-0.0,0
L10-M5,330,329,1,3,0,,0,0.0,0.0,0.0,0
L10-M5,331,330,7,-3,0,,0,0.0,0.0,-0.0,0
L10-M5,332,331,6,-2,0,,0,0.0,0.0,-0.0,0
L10-M5,333,332,1,3,0,,0,0.0,0.0,0.0,0
L10-M5,334,333,5,-1,0,,0,0.0,0.0,-0.0,0
L10-M5,335,334,5,-1,0,,0,0.0,0.0,-0.0,0
L10-M5,336,335,4,0,0,,0,0.0,0.0,0.0,0
L10-M5,337,336,3,1,0,,0,0.0,0.0,0.0,0
L10-M5,338,337,2,2,0,,0,0.0,0.0,0.0,0
L10-M5,339,338,3,1,0,,0,0.0,0.0,0.0,0
L10-M5,340,339,7,-3,0,,0,0.0,0.0,-0.0,0
L10-M5,341,340,5,-1,0,,0,0.0,0.0,-0.0,0
L10-M5,342,341,6,-2,0,,0,0.0,0.0,-0.0,0
L10-M5,343,342,4,0,0,,0,0.0,0.0,0.0,0
L10-M5,344,343,3,1,0,,0,0.0,0.0,0.0,0
L10-M5,345,344,6,-2,0,,0,0.0,0.0,-0.0,0
L10-M5,346,345,1,3,0,,0,0.0,0.0,0.0,0
L10-M5,347,346,5,-1,0,,0,0.0,0.0,-0.0,0
L10-M5,348,347,3,1,0,,0,0.0,0.0,0.0,0
L10-M5,349,348,7,-3,0,,0,0.0,0.0,-0.0,0
L10-M5,350,349,7,-3,0,,0,0.0,0.0,-0.0,0
L10-M5,351,350,7,-3,0,,0,0.0,0.0,-0.0,0
L10-M5,352,351,5,-1,0,,0,0.0,0.0,-0.0,0
L10-M5,353,352,5,-1,0,,0,0.0,0.0,-0.0,0
L10-M5,354,353,5,-1,0,,0,0.0,0.0,-0.0,0
L10-M5,355,354,1,3,0,,0,0.0,0.0,0.0,0
L10-M5,356,355,6,-2,0,,0,0.0,0.0,-0.0,0
L10-M5,357,356,4,0,0,,0,0.0,0.0,0.0,0
L10-M5,358,357,1,3,0,,0,0.0,0.0,0.0,0
L10-M5,359,358,6,-2,0,,0,0.0,0.0,-0.0,0
L10-M5,360,359,5,-1,0,,0,0.0,0.0,-0.0,0
L10-M5,361,360,5,-1,0,,0,0.0,0.0,-0.0,0
L10-M5,362,361,6,-2,0,,0,0.0,0.0,-0.0,0
L10-M5,363,362,5,-1,0,,0,0.0,0.0,-0.0,0
L10-M5,364,363,1,3,0,,0,0.0,0.0,0.0,0
L10-M5,365,364,2,2,0,,0,0.0,0.0,0.0,0
L10-M5,366,365,7,-3,0,,0,0.0,0.0,-0.0,0
L10-M5,367,366,6,-2,0,,0,0.0,0.0,-0.0,0
L10-M5,368,367,2,2,0,,0,0.0,0.0,0.0,0
L10-M5,369,368,4,0,0,,0,0.0,0.0,0.0,0
L10-M5,370,369,3,1,0,,0,0.0,0.0,0.0,0
L10-M5,371,370,2,2,0,,0,0.0,0.0,0.0,0
L10-M5,372,371,4,0,0,,0,0.0,0.0,0.0,0
L10-M5,373,372,3,1,0,,0,0.0,0.0,0.0,0
L10-M5,374,373,1,3,0,,0,0.0,0.0,0.0,0
L10-M5,375,374,6,-2,0,,0,0.0,0.0,-0.0,0
L10-M5,376,375,2,2,0,,0,0.0,0.0,0.0,0
L10-M5,377,376,2,2,0,,0,0.0,0.0,0.0,0
L10-M5,378,377,3,1,0,,0,0.0,0.0,0.0,0
L10-M5,379,378,7,-3,0,,0,0.0,0.0,-0.0,0
L10-M5,380,379,3,1,0,,0,0.0,0.0,0.0,0
L10-M5,381,380,6,-2,0,,0,0.0,0.0,-0.0,0
L10-M5,382,381,4,0,0,,0,0.0,0.0,0.0,0
L10-M5,383,382,3,1,0,,0,0.0,0.0,0.0,0
L10-M5,384,383,3,1,0,,0,0.0,0.0,0.0,0
L10-M5,385,384,1,3,0,,0,0.0,0.0,0.0,0
L10-M5,386,385,2,2,0,,0,0.0,0.0,0.0,0
L10-M5,387,386,5,-1,0,,0,0.0,0.0,-0.0,0
L10-M5,388,387,2,2,0,,0,0.0,0.0,0.0,0
L10-M5,389,388,7,-3,0,,0,0.0,0.0,-0.0,0
L10-M5,390,389,1,3,0,,0,0.0,0.0,0.0,0
L10-M5,391,390,1,3,0,,0,0.0,0.0,0.0,0
L10-M5,392,391,6,-2,0,,0,0.0,0.0,-0.0,0
L10-M5,393,392,7,-3,0,,0,0.0,0.0,-0.0,0
L10-M5,394,393,3,1,0,,0,0.0,0.0,0.0,0
L10-M5,395,394,3,1,0,,0,0.0,0.0,0.0,0
L10-M5,396,395,1,3,0,,0,0.0,0.0,0.0,0
L10-M5,397,396,3,1,0,,0,0.0,0.0,0.0,0
L10-M5,398,397,1,3,0,,0,0.0,0.0,0.0,0
L10-M5,399,398,1,3,0,,0,0.0,0.0,0.0,0
L10-M5,400,399,6,-2,0,,0,0.0,0.0,-0.0,0
L10-M5,401,400,1,3,0,,0,0.0,0.0,0.0,0
L10-M5,402,401,2,2,0,,0,0.0,0.0,0.0,0
L10-M5,403,402,6,-2,0,,0,0.0,0.0,-0.0,0
L10-M5,404,403,5,-1,0,,0,0.0,0.0,-0.0,0
L10-M5,405,404,6,-2,0,,0,0.0,0.0,-0.0,0
L10-M5,406,405,3,1,0,,0,0.0,0.0,0.0,0
L10-M5,407,406,7,-3,0,,0,0.0,0.0,-0.0,0
L10-M5,408,407,1,3,0,,0,0.0,0.0,0.0,0
L10-M5,409,408,2,2,0,,0,0.0,0.0,0.0,0
L10-M5,410,409,6,-2,0,,0,0.0,0.0,-0.0,0
L10-M5,411,410,3,1,0,,0,0.0,0.0,0.0,0
L10-M5,412,411,1,3,0,,0,0.0,0.0,0.0,0
L10-M5,413,412,4,0,0,,0,0.0,0.0,0.0,0
L10-M5,414,413,2,2,0,,0,0.0,0.0,0.0,0
L10-M5,415,414,6,-2,0,,0,0.0,0.0,-0.0,0
L10-M5,416,415,4,0,0,,0,0.0,0.0,0.0,0
L10-M5,417,416,7,-3,0,,0,0.0,0.0,-0.0,0
L10-M5,418,417,7,-3,0,,0,0.0,0.0,-0.0,0
L10-M5,419,418,6,-2,0,,0,0.0,0.0,-0.0,0
L10-M5,420,419,2,2,0,,0,0.0,0.0,0.0,0
L10-M5,421,420,4,0,0,,0,0.0,0.0,0.0,0
L10-M5,422,421,6,-2,0,,0,0.0,0.0,-0.0,0
L10-M5,423,422,2,2,5,35 36 37 38 39,0,0.6666666666666666,-0.6666666666666666,-1.3333333333333333,0
L10-M5,424,423,2,2,5,35 36 37 38 39,0,0.6666666666666666,-0.6666666666666666,-1.3333333333333333,0
L10-M5,425,424,4,0,5,35 36 37 38 39,1,0.6666666666666666,0.33333333333333337,0.0,0
L10-M5,426,425,1,3,0,,0,0.0,0.0,0.0,0
L10-M5,427,426,4,0,0,,0,0.0,0.0,0.0,0
L10-M5,428,427,4,0,0,,0,0.0,0.0,0.0,0
L10-M5,429,428,1,3,0,,0,0.0,0.0,0.0,0
L10-M5,430,429,2,2,0,,0,0.0,0.0,0.0,0
L10-M5,431,430,7,-3,0,,0,0.0,0.0,-0.0,0
L10-M5,432,431,1,3,0,,0,0.0,0.0,0.0,0
L10-M5,433,432,6,-2,0,,0,0.0,0.0,-0.0,0
L10-M5,434,433,3,1,0,,0,0.0,0.0,0.0,0
L10-M5,435,434,6,-2,0,,0,0.0,0.0,-0.0,0
L10-M5,436,435,6,-2,0,,0,0.0,0.0,-0.0,0
L10-M5,437,436,5,-1,0,,0,0.0,0.0,-0.0,0
L10-M5,438,437,3,1,0,,0,0.0,0.0,0.0,0
L10-M5,439,438,7,-3,0,,0,0.0,0.0,-0.0,0
L10-M5,440,439,3,1,0,,0,0.0,0.0,0.0,0
L10-M5,441,440,1,3,0,,0,0.0,0.0,0.0,0
L10-M5,442,441,2,2,0,,0,0.0,0.0,0.0,0
L10-M5,443,442,7,-3,0,,0,0.0,0.0,-0.0,0
L10-M5,444,443,4,0,0,,0,0.0,0.0,0.0,0
L10-M5,445,444,3,1,0,,0,0.0,0.0,0.0,0
L10-M5,446,445,5,-1,0,,0,0.0,0.0,-0.0,0
L10-M5,447,446,2,2,0,,0,0.0,0.0,0.0,0
L10-M5,448,447,7,-3,0,,0,0.0,0.0,-0.0,0
L10-M5,449,448,5,-1,0,,0,0.0,0.0,-0.0,0
L10-M5,450,449,6,-2,0,,0,0.0,0.0,-0.0,0
L10-M5,451,450,2,2,0,,0,0.0,0.0,0.0,0
L10-M5,452,451,5,-1,0,,0,0.0,0.0,-0.0,0
L10-M5,453,452,4,0,0,,0,0.0,0.0,0.0,0
L10-M5,454,453,3,1,0,,0,0.0,0.0,0.0,0
L10-M5,455,454,1,3,0,,0,0.0,0.0,0.0,0
L10-M5,456,455,4,0,0,,0,0.0,0.0,0.0,0
L10-M5,457,456,7,-3,0,,0,0.0,0.0,-0.0,0
L10-M5,458,457,6,-2,0,,0,0.0,0.0,-0.0,0
L10-M5,459,458,4,0,0,,0,0.0,0.0,0.0,0
L10-M5,460,459,4,0,0,,0,0.0,0.0,0.0,0
L10-M5,461,460,5,-1,0,,0,0.0,0.0,-0.0,0
L10-M5,462,461,7,-3,0,,0,0.0,0.0,-0.0,0
L10-M5,463,462,2,2,0,,0,0.0,0.0,0.0,0
L10-M5,464,463,6,-2,0,,0,0.0,0.0,-0.0,0
L10-M5,465,464,1,3,0,,0,0.0,0.0,0.0,0
L10-M5,466,465,6,-2,0,,0,0.0,0.0,-0.0,0
L10-M5,467,466,4,0,0,,0,0.0,0.0,0.0,0
L10-M5,468,467,6,-2,0,,0,0.0,0.0,-0.0,0
L10-M5,469,468,4,0,0,,0,0.0,0.0,0.0,0
L10-M5,470,469,4,0,0,,0,0.0,0.0,0.0,0
L10-M5,471,470,4,0,0,,0,0.0,0.0,0.0,0
L10-M5,472,471,7,-3,0,,0,0.0,0.0,-0.0,0
L10-M5,473,472,7,-3,0,,0,0.0,0.0,-0.0,0
L10-M5,474,473,6,-2,0,,0,0.0,0.0,-0.0,0
L10-M5,475,474,6,-2,0,,0,0.0,0.0,-0.0,0
L10-M5,476,475,2,2,0,,0,0.0,0.0,0.0,0
L10-M5,477,476,5,-1,0,,0,0.0,0.0,-0.0,0
L10-M5,478,477,6,-2,0,,0,0.0,0.0,-0.0,0
L10-M5,479,478,1,3,0,,0,0.0,0.0,0.0,0
L10-M5,480,479,3,1,0,,0,0.0,0.0,0.0,0
L10-M5,481,480,4,0,0,,0,0.0,0.0,0.0,0
L10-M5,482,481,3,1,0,,0,0.0,0.0,0.0,0
L10-M5,483,482,7,-3,0,,0,0.0,0.0,-0.0,0
L10-M5,484,483,1,3,0,,0,0.0,0.0,0.0,0
L10-M5,485,484,3,1,0,,0,0.0,0.0,0.0,0
L10-M5,486,485,2,2,0,,0,0.0,0.0,0.0,0
L10-M5,487,486,7,-3,0,,0,0.0,0.0,-0.0,0
L10-M5,488,487,3,1,0,,0,0.0,0.0,0.0,0
L10-M5,489,488,4,0,0,,0,0.0,0.0,0.0,0
L10-M5,490,489,4,0,0,,0,0.0,0.0,0.0,0
L10-M5,491,490,6,-2,0,,0,0.0,0.0,-0.0,0
L10-M5,492,491,1,3,0,,0,0.0,0.0,0.0,0
L10-M5,493,492,7,-3,0,,0,0.0,0.0,-0.0,0
L10-M5,494,493,3,1,6,9 10 11 12 13 14,0,0.8,-0.8,-0.8,0
L10-M5,495,494,5,-1,6,9 10 11 12 13 14,1,0.8,0.19999999999999996,-0.19999999999999996,0
L10-M5,496,495,2,2,0,,0,0.0,0.0,0.0,0
L10-M5,497,496,6,-2,0,,0,0.0,0.0,-0.0,0
L10-M5,498,497,1,3,0,,0,0.0,0.0,0.0,0
L10-M5,499,498,1,3,0,,0,0.0,0.0,0.0,0
L10-M5,500,499,7,-3,0,,0,0.0,0.0,-0.0,0
L10-M5,501,500,7,-3,0,,0,0.0,0.0,-0.0,0
L10-M5,502,501,2,2,0,,0,0.0,0.0,0.0,0
L10-M5,503,502,3,1,0,,0,0.0,0.0,0.0,0
L10-M5,504,503,7,-3,0,,0,0.0,0.0,-0.0,0
L10-M5,505,504,5,-1,0,,0,0.0,0.0,-0.0,0
L10-M5,506,505,7,-3,0,,0,0.0,0.0,-0.0,0
L10-M5,507,506,7,-3,0,,0,0.0,0.0,-0.0,0
L10-M5,508,507,1,3,0,,0,0.0,0.0,0.0,0
L10-M5,509,508,6,-2,0,,0,0.0,0.0,-0.0,0
L10-M5,510,509,2,2,0,,0,0.0,0.0,0.0,0
L10-M5,511,510,7,-3,0,,0,0.0,0.0,-0.0,0
L10-M5,512,511,5,-1,5,15 16 17 18 19,0,0.6666666666666666,-0.6666666666666666,0.6666666666666666,0
L10-M5,513,512,1,3,5,15 16 17 18 19,0,0.6666666666666666,-0.6666666666666666,-2.0,0
L10-M5,514,513,3,1,5,15 16 17 18 19,1,0.6666666666666666,0.33333333333333337,0.33333333333333337,0
L10-M5,515,514,2,2,0,,0,0.0,0.0,0.0,0
L10-M5,516,515,2,2,0,,0,0.0,0.0,0.0,0
L10-M5,517,516,4,0,0,,0,0.0,0.0,0.0,0
L10-M5,518,517,3,1,0,,0,0.0,0.0,0.0,0
L10-M5,519,518,1,3,0,,0,0.0,0.0,0.0,0
L10-M5,520,519,1,3,0,,0,0.0,0.0,0.0,0
L10-M5,521,520,1,3,0,,0,0.0,0.0,0.0,0
L10-M5,522,521,4,0,0,,0,0.0,0.0,0.0,0
L10-M5,523,522,3,1,0,,0,0.0,0.0,0.0,0
L10-M5,524,523,3,1,0,,0,0.0,0.0,0.0,0
L10-M5,525,524,3,1,0,,0,0.0,0.0,0.0,0
L10-M5,526,525,2,2,0,,0,0.0,0.0,0.0,0
L10-M5,527,526,5,-1,0,,0,0.0,0.0,-0.0,0
L10-M5,528,527,6,-2,0,,0,0.0,0.0,-0.0,0
L10-M5,529,528,2,2,0,,0,0.0,0.0,0.0,0
L10-M5,530,529,6,-2,0,,0,0.0,0.0,-0.0,0
L10-M5,531,530,2,2,0,,0,0.0,0.0,0.0,0
L10-M5,532,531,7,-3,0,,0,0.0,0.0,-0.0,0
L10-M5,533,532,1,3,0,,0,0.0,0.0,0.0,0
L10-M5,534,533,5,-1,0,,0,0.0,0.0,-0.0,0
L10-M5,535,534,5,-1,0,,0,0.0,0.0,-0.0,0
L10-M5,536,535,6,-2,0,,0,0.0,0.0,-0.0,0
L10-M5,537,536,3,1,0,,0,0.0,0.0,0.0,0
L10-M5,538,537,1,3,0,,0,0.0,0.0,0.0,0
L10-M5,539,538,3,1,0,,0,0.0,0.0,0.0,0
L10-M5,540,539,4,0,0,,0,0.0,0.0,0.0,0
L10-M5,541,540,4,0,0,,0,0.0,0.0,0.0,0
L10-M5,542,541,7,-3,0,,0,0.0,0.0,-0.0,0
L10-M5,543,542,5,-1,0,,0,0.0,0.0,-0.0,0
L10-M5,544,543,1,3,0,,0,0.0,0.0,0.0,0
L10-M5,545,544,2,2,0,,0,0.0,0.0,0.0,0
L10-M5,546,545,1,3,0,,0,0.0,0.0,0.0,0
L10-M5,547,546,1,3,0,,0,0.0,0.0,0.0,0
L10-M5,548,547,5,-1,0,,0,0.0,0.0,-0.0,0
L10-M5,549,548,4,0,0,,0,0.0,0.0,0.0,0
L10-M5,550,549,1,3,0,,0,0.0,0.0,0.0,0
L10-M5,551,550,7,-3,0,,0,0.0,0.0,-0.0,0
L10-M5,552,551,5,-1,0,,0,0.0,0.0,-0.0,0
L10-M5,553,552,7,-3,0,,0,0.0,0.0,-0.0,0
L10-M5,554,553,6,-2,0,,0,0.0,0.0,-0.0,0
L10-M5,555,554,1,3,0,,0,0.0,0.0,0.0,0
L10-M5,556,555,2,2,0,,0,0.0,0.0,0.0,0
L10-M5,557,556,6,-2,0,,0,0.0,0.0,-0.0,0
L10-M5,558,557,5,-1,0,,0,0.0,0.0,-0.0,0
L10-M5,559,558,5,-1,0,,0,0.0,0.0,-0.0,0
L10-M5,560,559,3,1,0,,0,0.0,0.0,0.0,0
L10-M5,561,560,5,-1,0,,0,0.0,0.0,-0.0,0
L10-M5,562,561,4,0,0,,0,0.0,0.0,0.0,0
L10-M5,563,562,7,-3,0,,0,0.0,0.0,-0.0,0
L10-M5,564,563,5,-1,0,,0,0.0,0.0,-0.0,0
L10-M5,565,564,1,3,0,,0,0.0,0.0,0.0,0
L10-M5,566,565,5,-1,0,,0,0.0,0.0,-0.0,0
L10-M5,567,566,6,-2,0,,0,0.0,0.0,-0.0,0
L10-M5,568,567,5,-1,0,,0,0.0,0.0,-0.0,0
L10-M5,569,568,6,-2,0,,0,0.0,0.0,-0.0,0
L10-M5,570,569,1,3,0,,0,0.0,0.0,0.0,0
L10-M5,571,570,7,-3,0,,0,0.0,0.0,-0.0,0
L10-M5,572,571,5,-1,0,,0,0.0,0.0,-0.0,0
L10-M5,573,572,1,3,0,,0,0.0,0.0,0.0,0
L10-M5,574,573,3,1,0,,0,0.0,0.0,0.0,0
L10-M5,575,574,1,3,0,,0,0.0,0.0,0.0,0
L10-M5,576,575,2,2,0,,0,0.0,0.0,0.0,0
L10-M5,577,576,3,1,0,,0,0.0,0.0,0.0,0
L10-M5,578,577,5,-1,0,,0,0.0,0.0,-0.0,0
L10-M5,579,578,4,0,0,,0,0.0,0.0,0.0,0
L10-M5,580,579,6,-2,0,,0,0.0,0.0,-0.0,0
L10-M5,581,580,6,-2,0,,0,0.0,0.0,-0.0,0
L10-M5,582,581,5,-1,0,,0,0.0,0.0,-0.0,0
L10-M5,583,582,4,0,0,,0,0.0,0.0,0.0,0
L10-M5,584,583,3,1,0,,0,0.0,0.0,0.0,0
L10-M5,585,584,4,0,0,,0,0.0,0.0,0.0,0
L10-M5,586,585,1,3,0,,0,0.0,0.0,0.0,0
L10-M5,587,586,2,2,0,,0,0.0,0.0,0.0,0
L10-M5,588,587,2,2,0,,0,0.0,0.0,0.0,0
L10-M5,589,588,6,-2,0,,0,0.0,0.0,-0.0,0
L10-M5,590,589,3,1,0,,0,0.0,0.0,0.0,0
L10-M5,591,590,2,2,0,,0,0.0,0.0,0.0,0
L10-M5,592,591,1,3,0,,0,0.0,0.0,0.0,0
L10-M5,593,592,6,-2,0,,0,0.0,0.0,-0.0,0
L10-M5,594,593,5,-1,0,,0,0.0,0.0,-0.0,0
L10-M5,595,594,2,2,0,,0,0.0,0.0,0.0,0
L10-M5,596,595,1,3,0,,0,0.0,0.0,0.0,0
L10-M5,597,596,5,-1,0,,0,0.0,0.0,-0.0,0
L10-M5,598,597,6,-2,0,,0,0.0,0.0,-0.0,0
L10-M5,599,598,3,1,5,15 16 17 18 19,1,0.6666666666666666,0.33333333333333337,0.33333333333333337,0
L10-M5,600,599,4,0,0,,0,0.0,0.0,0.0,0
L10-M5,601,600,7,-3,5,18 19 20 21 22,1,0.6666666666666666,0.33333333333333337,-1.0,0
L10-M5,602,601,7,-3,0,,0,0.0,0.0,-0.0,0
L10-M5,603,602,1,3,0,,0,0.0,0.0,0.0,0
L10-M5,604,603,6,-2,0,,0,0.0,0.0,-0.0,0
L10-M5,605,604,5,-1,0,,0,0.0,0.0,-0.0,0
L10-M5,606,605,7,-3,0,,0,0.0,0.0,-0.0,0
L10-M5,607,606,6,-2,0,,0,0.0,0.0,-0.0,0
L10-M5,608,607,2,2,0,,0,0.0,0.0,0.0,0
L10-M5,609,608,6,-2,0,,0,0.0,0.0,-0.0,0
L10-M5,610,609,3,1,0,,0,0.0,0.0,0.0,0
L10-M5,611,610,6,-2,0,,0,0.0,0.0,-0.0,0
L10-M5,612,611,2,2,0,,0,0.0,0.0,0.0,0
L10-M5,613,612,7,-3,0,,0,0.0,0.0,-0.0,0
L10-M5,614,613,5,-1,0,,0,0.0,0.0,-0.0,0
L10-M5,615,614,2,2,0,,0,0.0,0.0,0.0,0
L10-M5,616,615,7,-3,0,,0,0.0,0.0,-0.0,0
L10-M5,617,616,1,3,0,,0,0.0,0.0,0.0,0
L10-M5,618,617,7,-3,0,,0,0.0,0.0,-0.0,0
L10-M5,619,618,2,2,0,,0,0.0,0.0,0.0,0
L10-M5,620,619,4,0,0,,0,0.0,0.0,0.0,0
L10-M5,621,620,6,-2,0,,0,0.0,0.0,-0.0,0
L10-M5,622,621,4,0,0,,0,0.0,0.0,0.0,0
L10-M5,623,622,5,-1,0,,0,0.0,0.0,-0.0,0
L10-M5,624,623,3,1,0,,0,0.0,0.0,0.0,0
L10-M5,625,624,3,1,0,,0,0.0,0.0,0.0,0
L10-M5,626,625,4,0,0,,0,0.0,0.0,0.0,0
L10-M5,627,626,3,1,0,,0,0.0,0.0,0.0,0
L10-M5,628,627,3,1,0,,0,0.0,0.0,0.0,0
L10-M5,629,628,3,1,0,,0,0.0,0.0,0.0,0
L10-M5,630,629,1,3,0,,0,0.0,0.0,0.0,0
L10-M5,631,630,2,2,0,,0,0.0,0.0,0.0,0
L10-M5,632,631,4,0,0,,0,0.0,0.0,0.0,0
L10-M5,633,632,1,3,0,,0,0.0,0.0,0.0,0
L10-M5,634,633,3,1,0,,0,0.0,0.0,0.0,0
L10-M5,635,634,7,-3,0,,0,0.0,0.0,-0.0,0
L10-M5,636,635,6,-2,0,,0,0.0,0.0,-0.0,0
L10-M5,637,636,6,-2,0,,0,0.0,0.0,-0.0,0
L10-M5,638,637,4,0,0,,0,0.0,0.0,0.0,0
L10-M5,639,638,1,3,0,,0,0.0,0.0,0.0,0
L10-M5,640,639,7,-3,0,,0,0.0,0.0,-0.0,0
L10-M5,641,640,5,-1,0,,0,0.0,0.0,-0.0,0
L10-M5,642,641,2,2,0,,0,0.0,0.0,0.0,0
L10-M5,643,642,5,-1,0,,0,0.0,0.0,-0.0,0
L10-M5,644,643,1,3,0,,0,0.0,0.0,0.0,0
L10-M5,645,644,2,2,0,,0,0.0,0.0,0.0,0
L10-M5,646,645,5,-1,0,,0,0.0,0.0,-0.0,0
L10-M5,647,646,4,0,0,,0,0.0,0.0,0.0,0
L10-M5,648,647,6,-2,0,,0,0.0,0.0,-0.0,0
L10-M5,649,648,1,3,0,,0,0.0,0.0,0.0,0
L10-M5,650,649,2,2,0,,0,0.0,0.0,0.0,0
L10-M5,651,650,6,-2,0,,0,0.0,0.0,-0.0,0
L10-M5,652,651,4,0,0,,0,0.0,0.0,0.0,0
L10-M5,653,652,4,0,0,,0,0.0,0.0,0.0,0
L10-M5,654,653,1,3,0,,0,0.0,0.0,0.0,0
L10-M5,655,654,1,3,0,,0,0.0,0.0,0.0,0
L10-M5,656,655,2,2,0,,0,0.0,0.0,0.0,0
L10-M5,657,656,6,-2,0,,0,0.0,0.0,-0.0,0
L10-M5,658,657,4,0,0,,0,0.0,0.0,0.0,0
L10-M5,659,658,7,-3,0,,0,0.0,0.0,-0.0,0
L10-M5,660,659,7,-3,0,,0,0.0,0.0,-0.0,0
L10-M5,661,660,3,1,0,,0,0.0,0.0,0.0,0
L10-M5,662,661,7,-3,0,,0,0.0,0.0,-0.0,0
L10-M5,663,662,6,-2,0,,0,0.0,0.0,-0.0,0
L10-M5,664,663,5,-1,0,,0,0.0,0.0,-0.0,0
L10-M5,665,664,1,3,0,,0,0.0,0.0,0.0,0
L10-M5,666,665,4,0,0,,0,0.0,0.0,0.0,0
L10-M5,667,666,5,-1,0,,0,0.0,0.0,-0.0,0
L10-M5,668,667,1,3,0,,0,0.0,0.0,0.0,0
L10-M5,669,668,1,3,0,,0,0.0,0.0,0.0,0
L10-M5,670,669,3,1,0,,0,0.0,0.0,0.0,0
L10-M5,671,670,3,1,0,,0,0.0,0.0,0.0,0
L10-M5,672,671,5,-1,0,,0,0.0,0.0,-0.0,0
L10-M5,673,672,6,-2,0,,0,0.0,0.0,-0.0,0
L10-M5,674,673,1,3,0,,0,0.0,0.0,0.0,0
L10-M5,675,674,3,1,0,,0,0.0,0.0,0.0,0
L10-M5,676,675,2,2,0,,0,0.0,0.0,0.0,0
L10-M5,677,676,4,0,5,2 3 4 5 6,0,0.6666666666666666,-0.6666666666666666,-0.0,0
L10-M5,678,677,6,-2,5,2 3 4 5 6,3,0.6666666666666666,2.3333333333333335,-4.666666666666667,0
L10-M5,679,678,7,-3,0,,0,0.0,0.0,-0.0,0
L10-M5,680,679,7,-3,0,,0,0.0,0.0,-0.0,0
L10-M5,681,680,5,-1,0,,0,0.0,0.0,-0.0,0
L10-M5,682,681,1,3,0,,0,0.0,0.0,0.0,0
L10-M5,683,682,1,3,0,,0,0.0,0.0,0.0,0
L10-M5,684,683,3,1,0,,0,0.0,0.0,0.0,0
L10-M5,685,684,7,-3,0,,0,0.0,0.0,-0.0,0
L10-M5,686,685,4,0,0,,0,0.0,0.0,0.0,0
L10-M5,687,686,3,1,0,,0,0.0,0.0,0.0,0
L10-M5,688,687,7,-3,0,,0,0.0,0.0,-0.0,0
L10-M5,689,688,1,3,0,,0,0.0,0.0,0.0,0
L10-M5,690,689,5,-1,0,,0,0.0,0.0,-0.0,0
L10-M5,691,690,7,-3,0,,0,0.0,0.0,-0.0,0
L10-M5,692,691,2,2,0,,0,0.0,0.0,0.0,0
L10-M5,693,692,7,-3,0,,0,0.0,0.0,-0.0,0
L10-M5,694,693,5,-1,0,,0,0.0,0.0,-0.0,0
L10-M5,695,694,2,2,0,,0,0.0,0.0,0.0,0
L10-M5,696,695,2,2,0,,0,0.0,0.0,0.0,0
L10-M5,697,696,5,-1,0,,0,0.0,0.0,-0.0,0
L10-M5,698,697,5,-1,0,,0,0.0,0.0,-0.0,0
L10-M5,699,698,4,0,0,,0,0.0,0.0,0.0,0
L10-M5,700,699,1,3,0,,0,0.0,0.0,0.0,0
L10-M5,701,700,2,2,0,,0,0.0,0.0,0.0,0
L10-M5,702,701,5,-1,0,,0,0.0,0.0,-0.0,0
L10-M5,703,702,2,2,0,,0,0.0,0.0,0.0,0
L10-M5,704,703,2,2,0,,0,0.0,0.0,0.0,0
L10-M5,705,704,7,-3,0,,0,0.0,0.0,-0.0,0
L10-M5,706,705,5,-1,0,,0,0.0,0.0,-0.0,0
L10-M5,707,706,7,-3,0,,0,0.0,0.0,-0.0,0
L10-M5,708,707,5,-1,0,,0,0.0,0.0,-0.0,0
L10-M5,709,708,1,3,0,,0,0.0,0.0,0.0,0
L10-M5,710,709,4,0,0,,0,0.0,0.0,0.0,0
L10-M5,711,710,4,0,0,,0,0.0,0.0,0.0,0
L10-M5,712,711,6,-2,0,,0,0.0,0.0,-0.0,0
L10-M5,713,712,2,2,0,,0,0.0,0.0,0.0,0
L10-M5,714,713,7,-3,0,,0,0.0,0.0,-0.0,0
L10-M5,715,714,3,1,0,,0,0.0,0.0,0.0,0
L10-M5,716,715,3,1,0,,0,0.0,0.0,0.0,0
L10-M5,717,716,5,-1,0,,0,0.0,0.0,-0.0,0
L10-M5,718,717,7,-3,0,,0,0.0,0.0,-0.0,0
L10-M5,719,718,7,-3,0,,0,0.0,0.0,-0.0,0
L10-M5,720,719,6,-2,0,,0,0.0,0.0,-0.0,0
L10-M5,721,720,7,-3,0,,0,0.0,0.0,-0.0,0
L10-M5,722,721,3,1,0,,0,0.0,0.0,0.0,0
L10-M5,723,722,7,-3,0,,0,0.0,0.0,-0.0,0
L10-M5,724,723,2,2,0,,0,0.0,0.0,0.0,0
L10-M5,725,724,3,1,0,,0,0.0,0.0,0.0,0
L10-M5,726,725,5,-1,0,,0,0.0,0.0,-0.0,0
L10-M5,727,726,5,-1,0,,0,0.0,0.0,-0.0,0
L10-M5,728,727,5,-1,0,,0,0.0,0.0,-0.0,0
L10-M5,729,728,6,-2,0,,0,0.0,0.0,-0.0,0
L10-M5,730,729,2,2,0,,0,0.0,0.0,0.0,0
L10-M5,731,730,7,-3,0,,0,0.0,0.0,-0.0,0
L10-M5,732,731,5,-1,0,,0,0.0,0.0,-0.0,0
L10-M5,733,732,7,-3,0,,0,0.0,0.0,-0.0,0
L10-M5,734,733,2,2,0,,0,0.0,0.0,0.0,0
L10-M5,735,734,3,1,0,,0,0.0,0.0,0.0,0
L10-M5,736,735,1,3,0,,0,0.0,0.0,0.0,0
L10-M5,737,736,2,2,0,,0,0.0,0.0,0.0,0
L10-M5,738,737,1,3,0,,0,0.0,0.0,0.0,0
L10-M5,739,738,4,0,0,,0,0.0,0.0,0.0,0
L10-M5,740,739,4,0,0,,0,0.0,0.0,0.0,0
L10-M5,741,740,7,-3,0,,0,0.0,0.0,-0.0,0
L10-M5,742,741,2,2,0,,0,0.0,0.0,0.0,0
L10-M5,743,742,1,3,0,,0,0.0,0.0,0.0,0
L10-M5,744,743,1,3,0,,0,0.0,0.0,0.0,0
L10-M5,745,744,7,-3,0,,0,0.0,0.0,-0.0,0
L10-M5,746,745,5,-1,0,,0,0.0,0.0,-0.0,0
L10-M5,747,746,3,1,0,,0,0.0,0.0,0.0,0
L10-M5,748,747,5,-1,0,,0,0.0,0.0,-0.0,0
L10-M5,749,748,5,-1,0,,0,0.0,0.0,-0.0,0
L10-M5,750,749,6,-2,0,,0,0.0,0.0,-0.0,0
L10-M5,751,750,3,1,0,,0,0.0,0.0,0.0,0
L10-M5,752,751,4,0,0,,0,0.0,0.0,0.0,0
L10-M5,753,752,2,2,0,,0,0.0,0.0,0.0,0
L10-M5,754,753,2,2,0,,0,0.0,0.0,0.0,0
L10-M5,755,754,7,-3,0,,0,0.0,0.0,-0.0,0
L10-M5,756,755,7,-3,0,,0,0.0,0.0,-0.0,0
L10-M5,757,756,1,3,0,,0,0.0,0.0,0.0,0
L10-M5,758,757,1,3,0,,0,0.0,0.0,0.0,0
L10-M5,759,758,4,0,0,,0,0.0,0.0,0.0,0
L10-M5,760,759,2,2,0,,0,0.0,0.0,0.0,0
L10-M5,761,760,2,2,0,,0,0.0,0.0,0.0,0
L10-M5,762,761,5,-1,0,,0,0.0,0.0,-0.0,0
L10-M5,763,762,4,0,0,,0,0.0,0.0,0.0,0
L10-M5,764,763,3,1,0,,0,0.0,0.0,0.0,0
L10-M5,765,764,2,2,0,,0,0.0,0.0,0.0,0
L10-M5,766,765,5,-1,0,,0,0.0,0.0,-0.0,0
L10-M5,767,766,2,2,0,,0,0.0,0.0,0.0,0
L10-M5,768,767,4,0,0,,0,0.0,0.0,0.0,0
L10-M5,769,768,1,3,0,,0,0.0,0.0,0.0,0
L10-M5,770,769,1,3,0,,0,0.0,0.0,0.0,0
L10-M5,771,770,5,-1,0,,0,0.0,0.0,-0.0,0
L10-M5,772,771,7,-3,0,,0,0.0,0.0,-0.0,0
L10-M5,773,772,6,-2,0,,0,0.0,0.0,-0.0,0
L10-M5,774,773,7,-3,0,,0,0.0,0.0,-0.0,0
L10-M5,775,774,1,3,0,,0,0.0,0.0,0.0,0
L10-M5,776,775,3,1,0,,0,0.0,0.0,0.0,0
L10-M5,777,776,4,0,0,,0,0.0,0.0,0.0,0
L10-M5,778,777,4,0,0,,0,0.0,0.0,0.0,0
L10-M5,779,778,2,2,0,,0,0.0,0.0,0.0,0
L10-M5,780,779,1,3,0,,0,0.0,0.0,0.0,0
L10-M5,781,780,2,2,0,,0,0.0,0.0,0.0,0
L10-M5,782,781,7,-3,0,,0,0.0,0.0,-0.0,0
L10-M5,783,782,3,1,5,1 2 3 4 5,0,0.6666666666666666,-0.6666666666666666,-0.6666666666666666,0
L10-M5,784,783,5,-1,5,1 2 3 4 5,1,0.6666666666666666,0.33333333333333337,-0.33333333333333337,0
L10-M5,785,784,3,1,0,,0,0.0,0.0,0.0,0
L10-M5,786,785,7,-3,0,,0,0.0,0.0,-0.0,0
L10-M5,787,786,7,-3,0,,0,0.0,0.0,-0.0,0
L10-M5,788,787,3,1,0,,0,0.0,0.0,0.0,0
L10-M5,789,788,5,-1,0,,0,0.0,0.0,-0.0,0
L10-M5,790,789,6,-2,5,40 41 42 43 44,1,0.6666666666666666,0.33333333333333337,-0.6666666666666667,0
L10-M5,791,790,3,1,0,,0,0.0,0.0,0.0,0
L10-M5,792,791,5,-1,0,,0,0.0,0.0,-0.0,0
L10-M5,793,792,3,1,0,,0,0.0,0.0,0.0,0
L10-M5,794,793,4,0,0,,0,0.0,0.0,0.0,0
L10-M5,795,794,3,1,0,,0,0.0,0.0,0.0,0
L10-M5,796,795,6,-2,0,,0,0.0,0.0,-0.0,0
L10-M5,797,796,2,2,0,,0,0.0,0.0,0.0,0
L10-M5,798,797,5,-1,0,,0,0.0,0.0,-0.0,0
L10-M5,799,798,7,-3,0,,0,0.0,0.0,-0.0,0
L10-M5,800,799,4,0,0,,0,0.0,0.0,0.0,0
L10-M5,801,800,5,-1,0,,0,0.0,0.0,-0.0,0
L10-M5,802,801,1,3,0,,0,0.0,0.0,0.0,0
L10-M5,803,802,6,-2,0,,0,0.0,0.0,-0.0,0
L10-M5,804,803,1,3,0,,0,0.0,0.0,0.0,0
L10-M5,805,804,2,2,0,,0,0.0,0.0,0.0,0
L10-M5,806,805,7,-3,0,,0,0.0,0.0,-0.0,0
L10-M5,807,806,4,0,0,,0,0.0,0.0,0.0,0
L10-M5,808,807,5,-1,0,,0,0.0,0.0,-0.0,0
L10-M5,809,808,3,1,0,,0,0.0,0.0,0.0,0
L10-M5,810,809,6,-2,0,,0,0.0,0.0,-0.0,0
L10-M5,811,810,3,1,0,,0,0.0,0.0,0.0,0
L10-M5,812,811,5,-1,0,,0,0.0,0.0,-0.0,0
L10-M5,813,812,3,1,0,,0,0.0,0.0,0.0,0
L10-M5,814,813,2,2,0,,0,0.0,0.0,0.0,0
L10-M5,815,814,4,0,0,,0,0.0,0.0,0.0,0
L10-M5,816,815,1,3,0,,0,0.0,0.0,0.0,0
L10-M5,817,816,1,3,0,,0,0.0,0.0,0.0,0
L10-M5,818,817,6,-2,0,,0,0.0,0.0,-0.0,0
L10-M5,819,818,1,3,0,,0,0.0,0.0,0.0,0
L10-M5,820,819,1,3,0,,0,0.0,0.0,0.0,0
L10-M5,821,820,1,3,0,,0,0.0,0.0,0.0,0
L10-M5,822,821,4,0,5,4 5 6 7 8,0,0.6666666666666666,-0.6666666666666666,-0.0,0
L10-M5,823,822,2,2,5,4 5 6 7 8,0,0.6666666666666666,-0.6666666666666666,-1.3333333333333333,0
L10-M5,824,823,2,2,5,4 5 6 7 8,1,0.6666666666666666,0.33333333333333337,0.6666666666666667,0
L10-M5,825,824,4,0,0,,0,0.0,0.0,0.0,0
L10-M5,826,825,7,-3,0,,0,0.0,0.0,-0.0,0
L10-M5,827,826,7,-3,0,,0,0.0,0.0,-0.0,0
L10-M5,828,827,4,0,0,,0,0.0,0.0,0.0,0
L10-M5,829,828,4,0,0,,0,0.0,0.0,0.0,0
L10-M5,830,829,3,1,0,,0,0.0,0.0,0.0,0
L10-M5,831,830,4,0,0,,0,0.0,0.0,0.0,0
L10-M5,832,831,2,2,0,,0,0.0,0.0,0.0,0
L10-M5,833,832,5,-1,0,,0,0.0,0.0,-0.0,0
L10-M5,834,833,3,1,0,,0,0.0,0.0,0.0,0
L10-M5,835,834,1,3,0,,0,0.0,0.0,0.0,0
L10-M5,836,835,5,-1,0,,0,0.0,0.0,-0.0,0
L10-M5,837,836,5,-1,6,20 21 22 23 24 25,1,0.8,0.19999999999999996,-0.19999999999999996,0
L10-M5,838,837,2,2,5,20 21 22 23 24,0,0.6666666666666666,-0.6666666666666666,-1.3333333333333333,0
L10-M5,839,838,4,0,5,20 21 22 23 24,0,0.6666666666666666,-0.6666666666666666,-0.0,0
L10-M5,840,839,7,-3,5,20 21 22 23 24,0,0.6666666666666666,-0.6666666666666666,2.0,0
L10-M5,841,840,4,0,5,20 21 22 23 24,0,0.6666666666666666,-0.6666666666666666,-0.0,0
L10-M5,842,841,4,0,5,20 21 22 23 24,0,0.6666666666666666,-0.6666666666666666,-0.0,0
L10-M5,843,842,5,-1,5,20 21 22 23 24,1,0.6666666666666666,0.33333333333333337,-0.33333333333333337,0
L10-M5,844,843,1,3,0,,0,0.0,0.0,0.0,0
L10-M5,845,844,5,-1,0,,0,0.0,0.0,-0.0,0
L10-M5,846,845,2,2,0,,0,0.0,0.0,0.0,0
L10-M5,847,846,2,2,0,,0,0.0,0.0,0.0,0
L10-M5,848,847,3,1,0,,0,0.0,0.0,0.0,0
L10-M5,849,848,5,-1,0,,0,0.0,0.0,-0.0,0
L10-M5,850,849,1,3,0,,0,0.0,0.0,0.0,0
L10-M5,851,850,1,3,0,,0,0.0,0.0,0.0,0
L10-M5,852,851,6,-2,0,,0,0.0,0.0,-0.0,0
L10-M5,853,852,1,3,0,,0,0.0,0.0,0.0,0
L10-M5,854,853,3,1,0,,0,0.0,0.0,0.0,0
L10-M5,855,854,1,3,0,,0,0.0,0.0,0.0,0
L10-M5,856,855,1,3,0,,0,0.0,0.0,0.0,0
L10-M5,857,856,2,2,0,,0,0.0,0.0,0.0,0
L10-M5,858,857,7,-3,0,,0,0.0,0.0,-0.0,0
L10-M5,859,858,3,1,0,,0,0.0,0.0,0.0,0
L10-M5,860,859,3,1,0,,0,0.0,0.0,0.0,0
L10-M5,861,860,7,-3,0,,0,0.0,0.0,-0.0,0
L10-M5,862,861,6,-2,0,,0,0.0,0.0,-0.0,0
L10-M5,863,862,2,2,0,,0,0.0,0.0,0.0,0
L10-M5,864,863,1,3,0,,0,0.0,0.0,0.0,0
L10-M5,865,864,6,-2,0,,0,0.0,0.0,-0.0,0
L10-M5,866,865,1,3,0,,0,0.0,0.0,0.0,0
L10-M5,867,866,2,2,0,,0,0.0,0.0,0.0,0
L10-M5,868,867,7,-3,0,,0,0.0,0.0,-0.0,0
L10-M5,869,868,3,1,0,,0,0.0,0.0,0.0,0
L10-M5,870,869,2,2,0,,0,0.0,0.0,0.0,0
L10-M5,871,870,4,0,0,,0,0.0,0.0,0.0,0
L10-M5,872,871,7,-3,0,,0,0.0,0.0,-0.0,0
L10-M5,873,872,3,1,0,,0,0.0,0.0,0.0,0
L10-M5,874,873,6,-2,0,,0,0.0,0.0,-0.0,0
L10-M5,875,874,6,-2,0,,0,0.0,0.0,-0.0,0
L10-M5,876,875,5,-1,0,,0,0.0,0.0,-0.0,0
L10-M5,877,876,4,0,5,7 8 9 10 11,0,0.6666666666666666,-0.6666666666666666,-0.0,0
L10-M5,878,877,2,2,5,7 8 9 10 11,1,0.6666666666666666,0.33333333333333337,0.6666666666666667,0
L10-M5,879,878,2,2,0,,0,0.0,0.0,0.0,0
L10-M5,880,879,6,-2,0,,0,0.0,0.0,-0.0,0
L10-M5,881,880,6,-2,0,,0,0.0,0.0,-0.0,0
L10-M5,882,881,2,2,0,,0,0.0,0.0,0.0,0
L10-M5,883,882,2,2,0,,0,0.0,0.0,0.0,0
L10-M5,884,883,3,1,0,,0,0.0,0.0,0.0,0
L10-M5,885,884,3,1,0,,0,0.0,0.0,0.0,0
L10-M5,886,885,5,-1,0,,0,0.0,0.0,-0.0,0
L10-M5,887,886,1,3,0,,0,0.0,0.0,0.0,0
L10-M5,888,887,2,2,0,,0,0.0,0.0,0.0,0
L10-M5,889,888,5,-1,0,,0,0.0,0.0,-0.0,0
L10-M5,890,889,3,1,0,,0,0.0,0.0,0.0,0
L10-M5,891,890,3,1,0,,0,0.0,0.0,0.0,0
L10-M5,892,891,3,1,0,,0,0.0,0.0,0.0,0
L10-M5,893,892,6,-2,0,,0,0.0,0.0,-0.0,0
L10-M5,894,893,2,2,0,,0,0.0,0.0,0.0,0
L10-M5,895,894,7,-3,0,,0,0.0,0.0,-0.0,0
L10-M5,896,895,2,2,0,,0,0.0,0.0,0.0,0
L10-M5,897,896,3,1,0,,0,0.0,0.0,0.0,0
L10-M5,898,897,6,-2,0,,0,0.0,0.0,-0.0,0
L10-M5,899,898,1,3,0,,0,0.0,0.0,0.0,0
L10-M5,900,899,6,-2,0,,0,0.0,0.0,-0.0,0
L10-M5,901,900,3,1,0,,0,0.0,0.0,0.0,0
L10-M5,902,901,4,0,0,,0,0.0,0.0,0.0,0
L10-M5,903,902,5,-1,0,,0,0.0,0.0,-0.0,0
L10-M5,904,903,7,-3,0,,0,0.0,0.0,-0.0,0
L10-M5,905,904,4,0,0,,0,0.0,0.0,0.0,0
L10-M5,906,905,4,0,0,,0,0.0,0.0,0.0,0
L10-M5,907,906,4,0,0,,0,0.0,0.0,0.0,0
L10-M5,908,907,4,0,0,,0,0.0,0.0,0.0,0
L10-M5,909,908,6,-2,0,,0,0.0,0.0,-0.0,0
L10-M5,910,909,5,-1,0,,0,0.0,0.0,-0.0,0
L10-M5,911,910,5,-1,0,,0,0.0,0.0,-0.0,0
L10-M5,912,911,6,-2,0,,0,0.0,0.0,-0.0,0
L10-M5,913,912,3,1,0,,0,0.0,0.0,0.0,0
L10-M5,914,913,7,-3,0,,0,0.0,0.0,-0.0,0
L10-M5,915,914,4,0,0,,0,0.0,0.0,0.0,0
L10-M5,916,915,5,-1,0,,0,0.0,0.0,-0.0,0
L10-M5,917,916,2,2,0,,0,0.0,0.0,0.0,0
L10-M5,918,917,6,-2,0,,0,0.0,0.0,-0.0,0
L10-M5,919,918,1,3,0,,0,0.0,0.0,0.0,0
L10-M5,920,919,5,-1,0,,0,0.0,0.0,-0.0,0
L10-M5,921,920,4,0,0,,0,0.0,0.0,0.0,0
L10-M5,922,921,1,3,0,,0,0.0,0.0,0.0,0
L10-M5,923,922,6,-2,0,,0,0.0,0.0,-0.0,0
L10-M5,924,923,5,-1,0,,0,0.0,0.0,-0.0,0
L10-M5,925,924,3,1,0,,0,0.0,0.0,0.0,0
L10-M5,926,925,1,3,0,,0,0.0,0.0,0.0,0
L10-M5,927,926,1,3,0,,0,0.0,0.0,0.0,0
L10-M5,928,927,4,0,0,,0,0.0,0.0,0.0,0
L10-M5,929,928,6,-2,0,,0,0.0,0.0,-0.0,0
L10-M5,930,929,1,3,0,,0,0.0,0.0,0.0,0
L10-M5,931,930,4,0,0,,0,0.0,0.0,0.0,0
L10-M5,932,931,5,-1,0,,0,0.0,0.0,-0.0,0
L10-M5,933,932,2,2,0,,0,0.0,0.0,0.0,0
L10-M5,934,933,6,-2,0,,0,0.0,0.0,-0.0,0
L10-M5,935,934,3,1,0,,0,0.0,0.0,0.0,0
L10-M5,936,935,3,1,0,,0,0.0,0.0,0.0,0
L10-M5,937,936,7,-3,0,,0,0.0,0.0,-0.0,0
L10-M5,938,937,5,-1,0,,0,0.0,0.0,-0.0,0
L10-M5,939,938,3,1,0,,0,0.0,0.0,0.0,0
L10-M5,940,939,2,2,0,,0,0.0,0.0,0.0,0
L10-M5,941,940,2,2,0,,0,0.0,0.0,0.0,0
L10-M5,942,941,5,-1,0,,0,0.0,0.0,-0.0,0
L10-M5,943,942,5,-1,0,,0,0.0,0.0,-0.0,0
L10-M5,944,943,5,-1,0,,0,0.0,0.0,-0.0,0
L10-M5,945,944,7,-3,0,,0,0.0,0.0,-0.0,0
L10-M5,946,945,4,0,0,,0,0.0,0.0,0.0,0
L10-M5,947,946,4,0,0,,0,0.0,0.0,0.0,0
L10-M5,948,947,5,-1,0,,0,0.0,0.0,-0.0,0
L10-M5,949,948,1,3,0,,0,0.0,0.0,0.0,0
L10-M5,950,949,3,1,0,,0,0.0,0.0,0.0,0
L10-M5,951,950,3,1,0,,0,0.0,0.0,0.0,0
L10-M5,952,951,5,-1,0,,0,0.0,0.0,-0.0,0
L10-M5,953,952,6,-2,0,,0,0.0,0.0,-0.0,0
L10-M5,954,953,5,-1,0,,0,0.0,0.0,-0.0,0
L10-M5,955,954,6,-2,0,,0,0.0,0.0,-0.0,0
L10-M5,956,955,2,2,0,,0,0.0,0.0,0.0,0
L10-M5,957,956,6,-2,0,,0,0.0,0.0,-0.0,0
L10-M5,958,957,1,3,0,,0,0.0,0.0,0.0,0
L10-M5,959,958,1,3,0,,0,0.0,0.0,0.0,0
L10-M5,960,959,5,-1,0,,0,0.0,0.0,-0.0,0
L10-M5,961,960,2,2,0,,0,0.0,0.0,0.0,0
L10-M5,962,961,7,-3,0,,0,0.0,0.0,-0.0,0
L10-M5,963,962,6,-2,0,,0,0.0,0.0,-0.0,0
L10-M5,964,963,6,-2,0,,0,0.0,0.0,-0.0,0
L10-M5,965,964,3,1,0,,0,0.0,0.0,0.0,0
L10-M5,966,965,6,-2,0,,0,0.0,0.0,-0.0,0
L10-M5,967,966,6,-2,0,,0,0.0,0.0,-0.0,0
L10-M5,968,967,3,1,0,,0,0.0,0.0,0.0,0
L10-M5,969,968,6,-2,0,,0,0.0,0.0,-0.0,0
L10-M5,970,969,2,2,0,,0,0.0,0.0,0.0,0
L10-M5,971,970,1,3,0,,0,0.0,0.0,0.0,0
L10-M5,972,971,3,1,0,,0,0.0,0.0,0.0,0
L10-M5,973,972,5,-1,0,,0,0.0,0.0,-0.0,0
L10-M5,974,973,2,2,0,,0,0.0,0.0,0.0,0
L10-M5,975,974,5,-1,0,,0,0.0,0.0,-0.0,0
L10-M5,976,975,1,3,0,,0,0.0,0.0,0.0,0
L10-M5,977,976,1,3,0,,0,0.0,0.0,0.0,0
L10-M5,978,977,5,-1,0,,0,0.0,0.0,-0.0,0
L10-M5,979,978,3,1,0,,0,0.0,0.0,0.0,0
L10-M5,980,979,5,-1,0,,0,0.0,0.0,-0.0,0
L10-M5,981,980,3,1,0,,0,0.0,0.0,0.0,0
L10-M5,982,981,2,2,0,,0,0.0,0.0,0.0,0
L10-M5,983,982,6,-2,0,,0,0.0,0.0,-0.0,0
L10-M5,984,983,2,2,0,,0,0.0,0.0,0.0,0
L10-M5,985,984,3,1,0,,0,0.0,0.0,0.0,0
L10-M5,986,985,2,2,0,,0,0.0,0.0,0.0,0
L10-M5,987,986,5,-1,0,,0,0.0,0.0,-0.0,0
L10-M5,988,987,3,1,0,,0,0.0,0.0,0.0,0
L10-M5,989,988,4,0,0,,0,0.0,0.0,0.0,0
L10-M5,990,989,4,0,0,,0,0.0,0.0,0.0,0
L10-M5,991,990,5,-1,0,,0,0.0,0.0,-0.0,0
L10-M5,992,991,6,-2,0,,0,0.0,0.0,-0.0,0
L10-M5,993,992,3,1,0,,0,0.0,0.0,0.0,0
L10-M5,994,993,7,-3,0,,0,0.0,0.0,-0.0,0
L10-M5,995,994,6,-2,0,,0,0.0,0.0,-0.0,0
L10-M5,996,995,3,1,0,,0,0.0,0.0,0.0,0
L10-M5,997,996,5,-1,0,,0,0.0,0.0,-0.0,0
L10-M5,998,997,5,-1,0,,0,0.0,0.0,-0.0,0
L10-M5,999,998,5,-1,0,,0,0.0,0.0,-0.0,0
L10-M5,1000,999,7,-3,0,,0,0.0,0.0,-0.0,0
L10-M5,1001,1000,6,-2,0,,0,0.0,0.0,-0.0,0
L10-M5,1002,1001,5,-1,0,,0,0.0,0.0,-0.0,0
L10-M5,1003,1002,1,3,0,,0,0.0,0.0,0.0,0
L10-M5,1004,1003,4,0,0,,0,0.0,0.0,0.0,0
L10-M5,1005,1004,3,1,0,,0,0.0,0.0,0.0,0
L10-M5,1006,1005,3,1,0,,0,0.0,0.0,0.0,0
L10-M5,1007,1006,6,-2,0,,0,0.0,0.0,-0.0,0
L10-M5,1008,1007,7,-3,0,,0,0.0,0.0,-0.0,0
L10-M5,1009,1008,5,-1,0,,0,0.0,0.0,-0.0,0
L10-M5,1010,1009,2,2,0,,0,0.0,0.0,0.0,0
L10-M5,1011,1010,1,3,0,,0,0.0,0.0,0.0,0
L10-M5,1012,1011,7,-3,0,,0,0.0,0.0,-0.0,0
L10-M5,1013,1012,1,3,0,,0,0.0,0.0,0.0,0
L10-M5,1014,1013,4,0,0,,0,0.0,0.0,0.0,0
L10-M5,1015,1014,5,-1,0,,0,0.0,0.0,-0.0,0
L10-M5,1016,1015,7,-3,0,,0,0.0,0.0,-0.0,0
L10-M5,1017,1016,7,-3,0,,0,0.0,0.0,-0.0,0
L10-M5,1018,1017,6,-2,0,,0,0.0,0.0,-0.0,0
L10-M5,1019,1018,5,-1,0,,0,0.0,0.0,-0.0,0
L10-M5,1020,1019,3,1,0,,0,0.0,0.0,0.0,0
L10-M5,1021,1020,1,3,0,,0,0.0,0.0,0.0,0
L10-M5,1022,1021,3,1,5,6 7 8 9 10,1,0.6666666666666666,0.33333333333333337,0.33333333333333337,0
L10-M5,1023,1022,4,0,0,,0,0.0,0.0,0.0,0
L10-M5,1024,1023,5,-1,0,,0,0.0,0.0,-0.0,0
L10-M5,1025,1024,2,2,0,,0,0.0,0.0,0.0,0
L10-M5,1026,1025,1,3,0,,0,0.0,0.0,0.0,0
L10-M5,1027,1026,6,-2,0,,0,0.0,0.0,-0.0,0
L10-M5,1028,1027,1,3,0,,0,0.0,0.0,0.0,0
L10-M5,1029,1028,6,-2,0,,0,0.0,0.0,-0.0,0
L10-M5,1030,1029,2,2,0,,0,0.0,0.0,0.0,0
L10-M5,1031,1030,3,1,0,,0,0.0,0.0,0.0,0
L10-M5,1032,1031,3,1,0,,0,0.0,0.0,0.0,0
L10-M5,1033,1032,5,-1,0,,0,0.0,0.0,-0.0,0
L10-M5,1034,1033,2,2,0,,0,0.0,0.0,0.0,0
L10-M5,1035,1034,1,3,0,,0,0.0,0.0,0.0,0
L10-M5,1036,1035,1,3,0,,0,0.0,0.0,0.0,0
L10-M5,1037,1036,6,-2,0,,0,0.0,0.0,-0.0,0
L10-M5,1038,1037,6,-2,0,,0,0.0,0.0,-0.0,0
L10-M5,1039,1038,1,3,0,,0,0.0,0.0,0.0,0
L10-M5,1040,1039,5,-1,0,,0,0.0,0.0,-0.0,0
L10-M5,1041,1040,2,2,0,,0,0.0,0.0,0.0,0
L10-M5,1042,1041,7,-3,0,,0,0.0,0.0,-0.0,0
L10-M5,1043,1042,1,3,0,,0,0.0,0.0,0.0,0
L10-M5,1044,1043,4,0,0,,0,0.0,0.0,0.0,0
L10-M5,1045,1044,1,3,0,,0,0.0,0.0,0.0,0
L10-M5,1046,1045,6,-2,0,,0,0.0,0.0,-0.0,0
L10-M5,1047,1046,4,0,0,,0,0.0,0.0,0.0,0
L10-M5,1048,1047,3,1,0,,0,0.0,0.0,0.0,0
L10-M5,1049,1048,5,-1,0,,0,0.0,0.0,-0.0,0
L10-M5,1050,1049,4,0,0,,0,0.0,0.0,0.0,0
L10-M5,1051,1050,3,1,0,,0,0.0,0.0,0.0,0
L10-M5,1052,1051,7,-3,0,,0,0.0,0.0,-0.0,0
L10-M5,1053,1052,1,3,0,,0,0.0,0.0,0.0,0
L10-M5,1054,1053,1,3,0,,0,0.0,0.0,0.0,0
L10-M5,1055,1054,6,-2,0,,0,0.0,0.0,-0.0,0
L10-M5,1056,1055,6,-2,0,,0,0.0,0.0,-0.0,0
L10-M5,1057,1056,4,0,0,,0,0.0,0.0,0.0,0
L10-M5,1058,1057,2,2,0,,0,0.0,0.0,0.0,0
L10-M5,1059,1058,7,-3,0,,0,0.0,0.0,-0.0,0
L10-M5,1060,1059,5,-1,0,,0,0.0,0.0,-0.0,0
L10-M5,1061,1060,5,-1,0,,0,0.0,0.0,-0.0,0
L10-M5,1062,1061,2,2,0,,0,0.0,0.0,0.0,0
L10-M5,1063,1062,1,3,0,,0,0.0,0.0,0.0,0
L10-M5,1064,1063,6,-2,0,,0,0.0,0.0,-0.0,0
L10-M5,1065,1064,4,0,0,,0,0.0,0.0,0.0,0
L10-M5,1066,1065,5,-1,0,,0,0.0,0.0,-0.0,0
L10-M5,1067,1066,7,-3,0,,0,0.0,0.0,-0.0,0
L10-M5,1068,1067,3,1,0,,0,0.0,0.0,0.0,0
L10-M5,1069,1068,1,3,0,,0,0.0,0.0,0.0,0
L10-M5,1070,1069,7,-3,0,,0,0.0,0.0,-0.0,0
L10-M5,1071,1070,6,-2,0,,0,0.0,0.0,-0.0,0
L10-M5,1072,1071,7,-3,0,,0,0.0,0.0,-0.0,0
L10-M5,1073,1072,5,-1,0,,0,0.0,0.0,-0.0,0
L10-M5,1074,1073,2,2,0,,0,0.0,0.0,0.0,0
L10-M5,1075,1074,3,1,0,,0,0.0,0.0,0.0,0
L10-M5,1076,1075,2,2,0,,0,0.0,0.0,0.0,0
L10-M5,1077,1076,4,0,0,,0,0.0,0.0,0.0,0
L10-M5,1078,1077,5,-1,0,,0,0.0,0.0,-0.0,0
L10-M5,1079,1078,7,-3,0,,0,0.0,0.0,-0.0,0
L10-M5,1080,1079,2,2,0,,0,0.0,0.0,0.0,0
L10-M5,1081,1080,6,-2,0,,0,0.0,0.0,-0.0,0
L10-M5,1082,1081,4,0,0,,0,0.0,0.0,0.0,0
L10-M5,1083,1082,4,0,0,,0,0.0,0.0,0.0,0
L10-M5,1084,1083,5,-1,0,,0,0.0,0.0,-0.0,0
L10-M5,1085,1084,1,3,0,,0,0.0,0.0,0.0,0
L10-M5,1086,1085,5,-1,0,,0,0.0,0.0,-0.0,0
L10-M5,1087,1086,7,-3,0,,0,0.0,0.0,-0.0,0
L10-M5,1088,1087,3,1,0,,0,0.0,0.0,0.0,0
L10-M5,1089,1088,5,-1,0,,0,0.0,0.0,-0.0,0
L10-M5,1090,1089,5,-1,0,,0,0.0,0.0,-0.0,0
L10-M5,1091,1090,1,3,0,,0,0.0,0.0,0.0,0
L10-M5,1092,1091,7,-3,0,,0,0.0,0.0,-0.0,0
L10-M5,1093,1092,6,-2,0,,0,0.0,0.0,-0.0,0
L10-M5,1094,1093,7,-3,0,,0,0.0,0.0,-0.0,0
L10-M5,1095,1094,7,-3,0,,0,0.0,0.0,-0.0,0
L10-M5,1096,1095,2,2,0,,0,0.0,0.0,0.0,0
L10-M5,1097,1096,6,-2,0,,0,0.0,0.0,-0.0,0
L10-M5,1098,1097,1,3,0,,0,0.0,0.0,0.0,0
L10-M5,1099,1098,2,2,0,,0,0.0,0.0,0.0,0
L10-M5,1100,1099,2,2,0,,0,0.0,0.0,0.0,0
L10-M5,1101,1100,1,3,0,,0,0.0,0.0,0.0,0
L10-M5,1102,1101,6,-2,0,,0,0.0,0.0,-0.0,0
L10-M5,1103,1102,3,1,0,,0,0.0,0.0,0.0,0
L10-M5,1104,1103,1,3,0,,0,0.0,0.0,0.0,0
L10-M5,1105,1104,2,2,0,,0,0.0,0.0,0.0,0
L10-M5,1106,1105,2,2,0,,0,0.0,0.0,0.0,0
L10-M5,1107,1106,5,-1,0,,0,0.0,0.0,-0.0,0
L10-M5,1108,1107,3,1,0,,0,0.0,0.0,0.0,0
L10-M5,1109,1108,4,0,0,,0,0.0,0.0,0.0,0
L10-M5,1110,1109,1,3,0,,0,0.0,0.0,0.0,0
L10-M5,1111,1110,6,-2,0,,0,0.0,0.0,-0.0,0
L10-M5,1112,1111,2,2,0,,0,0.0,0.0,0.0,0
L10-M5,1113,1112,3,1,0,,0,0.0,0.0,0.0,0
L10-M5,1114,1113,1,3,0,,0,0.0,0.0,0.0,0
L10-M5,1115,1114,1,3,0,,0,0.0,0.0,0.0,0
L10-M5,1116,1115,2,2,0,,0,0.0,0.0,0.0,0
L10-M5,1117,1116,7,-3,0,,0,0.0,0.0,-0.0,0
L10-M5,1118,1117,3,1,0,,0,0.0,0.0,0.0,0
L10-M5,1119,1118,1,3,0,,0,0.0,0.0,0.0,0
L10-M5,1120,1119,2,2,0,,0,0.0,0.0,0.0,0
L10-M5,1121,1120,5,-1,0,,0,0.0,0.0,-0.0,0
L10-M5,1122,1121,2,2,0,,0,0.0,0.0,0.0,0
L10-M5,1123,1122,4,0,0,,0,0.0,0.0,0.0,0
L10-M5,1124,1123,5,-1,0,,0,0.0,0.0,-0.0,0
L10-M5,1125,1124,4,0,0,,0,0.0,0.0,0.0,0
L10-M5,1126,1125,4,0,0,,0,0.0,0.0,0.0,0
L10-M5,1127,1126,3,1,0,,0,0.0,0.0,0.0,0
L10-M5,1128,1127,6,-2,0,,0,0.0,0.0,-0.0,0
L10-M5,1129,1128,7,-3,0,,0,0.0,0.0,-0.0,0
L10-M5,1130,1129,5,-1,0,,0,0.0,0.0,-0.0,0
L10-M5,1131,1130,7,-3,0,,0,0.0,0.0,-0.0,0
L10-M5,1132,1131,6,-2,0,,0,0.0,0.0,-0.0,0
L10-M5,1133,1132,1,3,0,,0,0.0,0.0,0.0,0
L10-M5,1134,1133,4,0,0,,0,0.0,0.0,0.0,0
L10-M5,1135,1134,6,-2,0,,0,0.0,0.0,-0.0,0
L10-M5,1136,1135,2,2,0,,0,0.0,0.0,0.0,0
L10-M5,1137,1136,1,3,0,,0,0.0,0.0,0.0,0
L10-M5,1138,1137,5,-1,0,,0,0.0,0.0,-0.0,0
L10-M5,1139,1138,7,-3,0,,0,0.0,0.0,-0.0,0
L10-M5,1140,1139,4,0,0,,0,0.0,0.0,0.0,0
L10-M5,1141,1140,3,1,0,,0,0.0,0.0,0.0,0
L10-M5,1142,1141,4,0,0,,0,0.0,0.0,0.0,0
L10-M5,1143,1142,3,1,0,,0,0.0,0.0,0.0,0
L10-M5,1144,1143,1,3,0,,0,0.0,0.0,0.0,0
L10-M5,1145,1144,3,1,0,,0,0.0,0.0,0.0,0
L10-M5,1146,1145,4,0,0,,0,0.0,0.0,0.0,0
L10-M5,1147,1146,5,-1,0,,0,0.0,0.0,-0.0,0
L10-M5,1148,1147,6,-2,0,,0,0.0,0.0,-0.0,0
L10-M5,1149,1148,7,-3,0,,0,0.0,0.0,-0.0,0
L10-M5,1150,1149,7,-3,0,,0,0.0,0.0,-0.0,0
L10-M5,1151,1150,4,0,0,,0,0.0,0.0,0.0,0
L10-M5,1152,1151,3,1,0,,0,0.0,0.0,0.0,0
L10-M5,1153,1152,1,3,0,,0,0.0,0.0,0.0,0
L10-M5,1154,1153,2,2,0,,0,0.0,0.0,0.0,0
L10-M5,1155,1154,5,-1,0,,0,0.0,0.0,-0.0,0
L10-M5,1156,1155,2,2,0,,0,0.0,0.0,0.0,0
L10-M5,1157,1156,1,3,0,,0,0.0,0.0,0.0,0
L10-M5,1158,1157,7,-3,0,,0,0.0,0.0,-0.0,0
L10-M5,1159,1158,1,3,0,,0,0.0,0.0,0.0,0
L10-M5,1160,1159,2,2,0,,0,0.0,0.0,0.0,0
L10-M5,1161,1160,4,0,0,,0,0.0,0.0,0.0,0
L10-M5,1162,1161,6,-2,0,,0,0.0,0.0,-0.0,0
L10-M5,1163,1162,1,3,0,,0,0.0,0.0,0.0,0
L10-M5,1164,1163,2,2,0,,0,0.0,0.0,0.0,0
L10-M5,1165,1164,3,1,0,,0,0.0,0.0,0.0,0
L10-M5,1166,1165,3,1,0,,0,0.0,0.0,0.0,0
L10-M5,1167,1166,2,2,0,,0,0.0,0.0,0.0,0
L10-M5,1168,1167,3,1,0,,0,0.0,0.0,0.0,0
L10-M5,1169,1168,4,0,0,,0,0.0,0.0,0.0,0
L10-M5,1170,1169,3,1,0,,0,0.0,0.0,0.0,0
L10-M5,1171,1170,3,1,0,,0,0.0,0.0,0.0,0
L10-M5,1172,1171,7,-3,0,,0,0.0,0.0,-0.0,0
L10-M5,1173,1172,7,-3,0,,0,0.0,0.0,-0.0,0
L10-M5,1174,1173,2,2,0,,0,0.0,0.0,0.0,0
L10-M5,1175,1174,5,-1,0,,0,0.0,0.0,-0.0,0
L10-M5,1176,1175,5,-1,0,,0,0.0,0.0,-0.0,0
L10-M5,1177,1176,5,-1,0,,0,0.0,0.0,-0.0,0
L10-M5,1178,1177,6,-2,0,,0,0.0,0.0,-0.0,0
L10-M5,1179,1178,4,0,0,,0,0.0,0.0,0.0,0
L10-M5,1180,1179,4,0,0,,0,0.0,0.0,0.0,0
L10-M5,1181,1180,1,3,0,,0,0.0,0.0,0.0,0
L10-M5,1182,1181,5,-1,0,,0,0.0,0.0,-0.0,0
L10-M5,1183,1182,4,0,0,,0,0.0,0.0,0.0,0
L10-M5,1184,1183,6,-2,0,,0,0.0,0.0,-0.0,0
L10-M5,1185,1184,7,-3,0,,0,0.0,0.0,-0.0,0
L10-M5,1186,1185,7,-3,0,,0,0.0,0.0,-0.0,0
L10-M5,1187,1186,7,-3,0,,0,0.0,0.0,-0.0,0
L10-M5,1188,1187,7,-3,0,,0,0.0,0.0,-0.0,0
L10-M5,1189,1188,3,1,0,,0,0.0,0.0,0.0,0
L10-M5,1190,1189,4,0,0,,0,0.0,0.0,0.0,0
L10-M5,1191,1190,6,-2,0,,0,0.0,0.0,-0.0,0
L10-M5,1192,1191,2,2,0,,0,0.0,0.0,0.0,0
L10-M5,1193,1192,2,2,0,,0,0.0,0.0,0.0,0
L10-M5,1194,1193,4,0,0,,0,0.0,0.0,0.0,0
L10-M5,1195,1194,1,3,0,,0,0.0,0.0,0.0,0
L10-M5,1196,1195,7,-3,0,,0,0.0,0.0,-0.0,0
L10-M5,1197,1196,3,1,0,,0,0.0,0.0,0.0,0
L10-M5,1198,1197,6,-2,0,,0,0.0,0.0,-0.0,0
L10-M5,1199,1198,1,3,0,,0,0.0,0.0,0.0,0
L10-M5,1200,1199,1,3,0,,0,0.0,0.0,0.0,0
L10-M5,1201,1200,7,-3,0,,0,0.0,0.0,-0.0,0
L10-M5,1202,1201,7,-3,0,,0,0.0,0.0,-0.0,0
L10-M5,1203,1202,2,2,0,,0,0.0,0.0,0.0,0
L10-M5,1204,1203,4,0,0,,0,0.0,0.0,0.0,0
L10-M5,1205,1204,3,1,0,,0,0.0,0.0,0.0,0
L10-M5,1206,1205,2,2,0,,0,0.0,0.0,0.0,0
L10-M5,1207,1206,4,0,0,,0,0.0,0.0,0.0,0
L10-M5,1208,1207,2,2,0,,0,0.0,0.0,0.0,0
L10-M5,1209,1208,2,2,0,,0,0.0,0.0,0.0,0
L10-M5,1210,1209,4,0,0,,0,0.0,0.0,0.0,0
L10-M5,1211,1210,6,-2,0,,0,0.0,0.0,-0.0,0
L10-M5,1212,1211,1,3,0,,0,0.0,0.0,0.0,0
L10-M5,1213,1212,7,-3,5,11 12 13 14 15,1,0.6666666666666666,0.33333333333333337,-1.0,0
L10-M5,1214,1213,1,3,0,,0,0.0,0.0,0.0,0
L10-M5,1215,1214,2,2,0,,0,0.0,0.0,0.0,0
L10-M5,1216,1215,5,-1,0,,0,0.0,0.0,-0.0,0
L10-M5,1217,1216,7,-3,0,,0,0.0,0.0,-0.0,0
L10-M5,1218,1217,7,-3,0,,0,0.0,0.0,-0.0,0
L10-M5,1219,1218,2,2,0,,0,0.0,0.0,0.0,0
L10-M5,1220,1219,5,-1,0,,0,0.0,0.0,-0.0,0
L10-M5,1221,1220,2,2,0,,0,0.0,0.0,0.0,0
L10-M5,1222,1221,2,2,0,,0,0.0,0.0,0.0,0
L10-M5,1223,1222,6,-2,0,,0,0.0,0.0,-0.0,0
L10-M5,1224,1223,4,0,0,,0,0.0,0.0,0.0,0
L10-M5,1225,1224,5,-1,0,,0,0.0,0.0,-0.0,0
L10-M5,1226,1225,5,-1,0,,0,0.0,0.0,-0.0,0
L10-M5,1227,1226,7,-3,0,,0,0.0,0.0,-0.0,0
L10-M5,1228,1227,2,2,0,,0,0.0,0.0,0.0,0
L10-M5,1229,1228,1,3,0,,0,0.0,0.0,0.0,0
L10-M5,1230,1229,3,1,0,,0,0.0,0.0,0.0,0
L10-M5,1231,1230,7,-3,0,,0,0.0,0.0,-0.0,0
L10-M5,1232,1231,4,0,0,,0,0.0,0.0,0.0,0
L10-M5,1233,1232,1,3,0,,0,0.0,0.0,0.0,0
L10-M5,1234,1233,5,-1,0,,0,0.0,0.0,-0.0,0
L10-M5,1235,1234,4,0,0,,0,0.0,0.0,0.0,0
L10-M5,1236,1235,5,-1,0,,0,0.0,0.0,-0.0,0
L10-M5,1237,1236,1,3,0,,0,0.0,0.0,0.0,0
L10-M5,1238,1237,5,-1,0,,0,0.0,0.0,-0.0,0
L20-M2,21,20,7,-3,0,,0,0.0,0.0,-0.0,0
L20-M2,22,21,5,-1,0,,0,0.0,0.0,-0.0,0
L20-M2,23,22,6,-2,0,,0,0.0,0.0,-0.0,0
L20-M2,24,23,7,-3,0,,0,0.0,0.0,-0.0,0
L20-M2,25,24,1,3,0,,0,0.0,0.0,0.0,0
L20-M2,26,25,3,1,0,,0,0.0,0.0,0.0,0
L20-M2,27,26,7,-3,0,,0,0.0,0.0,-0.0,0
L20-M2,28,27,4,0,0,,0,0.0,0.0,0.0,0
L20-M2,29,28,1,3,0,,0,0.0,0.0,0.0,0
L20-M2,30,29,3,1,0,,0,0.0,0.0,0.0,0
L20-M2,31,30,1,3,0,,0,0.0,0.0,0.0,0
L20-M2,32,31,6,-2,0,,0,0.0,0.0,-0.0,0
L20-M2,33,32,2,2,0,,0,0.0,0.0,0.0,0
L20-M2,34,33,3,1,0,,0,0.0,0.0,0.0,0
L20-M2,35,34,1,3,0,,0,0.0,0.0,0.0,0
L20-M2,36,35,6,-2,2,15 16,0,0.26666666666666666,-0.26666666666666666,0.5333333333333333,0
L20-M2,37,36,6,-2,2,15 16,0,0.26666666666666666,-0.26666666666666666,0.5333333333333333,0
L20-M2,38,37,7,-3,2,15 16,1,0.26666666666666666,0.7333333333333334,-2.2,0
L20-M2,39,38,5,-1,0,,0,0.0,0.0,-0.0,0
L20-M2,40,39,3,1,0,,0,0.0,0.0,0.0,0
L20-M2,41,40,1,3,0,,0,0.0,0.0,0.0,0
L20-M2,42,41,4,0,0,,0,0.0,0.0,0.0,0
L20-M2,43,42,1,3,0,,0,0.0,0.0,0.0,0
L20-M2,44,43,1,3,0,,0,0.0,0.0,0.0,0
L20-M2,45,44,6,-2,0,,0,0.0,0.0,-0.0,0
L20-M2,46,45,3,1,0,,0,0.0,0.0,0.0,0
L20-M2,47,46,7,-3,0,,0,0.0,0.0,-0.0,0
L20-M2,48,47,4,0,0,,0,0.0,0.0,0.0,0
L20-M2,49,48,1,3,0,,0,0.0,0.0,0.0,0
L20-M2,50,49,5,-1,0,,0,0.0,0.0,-0.0,0
L20-M2,51,50,1,3,0,,0,0.0,0.0,0.0,0
L20-M2,52,51,6,-2,0,,0,0.0,0.0,-0.0,0
L20-M2,53,52,1,3,0,,0,0.0,0.0,0.0,0
L20-M2,54,53,7,-3,0,,0,0.0,0.0,-0.0,0
L20-M2,55,54,6,-2,2,41 42,0,0.26666666666666666,-0.26666666666666666,0.5333333333333333,0
L20-M2,56,55,1,3,2,41 42,0,0.26666666666666666,-0.26666666666666666,-0.8,0
L20-M2,57,56,3,1,2,41 42,0,0.26666666666666666,-0.26666666666666666,-0.26666666666666666,0
L20-M2,58,57,1,3,2,41 42,0,0.26666666666666666,-0.26666666666666666,-0.8,0
L20-M2,59,58,1,3,2,41 42,1,0.26666666666666666,0.7333333333333334,2.2,0
L20-M2,60,59,2,2,0,,0,0.0,0.0,0.0,0
L20-M2,61,60,3,1,0,,0,0.0,0.0,0.0,0
L20-M2,62,61,1,3,0,,0,0.0,0.0,0.0,0
L20-M2,63,62,4,0,0,,0,0.0,0.0,0.0,0
L20-M2,64,63,2,2,0,,0,0.0,0.0,0.0,0
L20-M2,65,64,7,-3,0,,0,0.0,0.0,-0.0,0
L20-M2,66,65,5,-1,0,,0,0.0,0.0,-0.0,0
L20-M2,67,66,7,-3,0,,0,0.0,0.0,-0.0,0
L20-M2,68,67,5,-1,0,,0,0.0,0.0,-0.0,0
L20-M2,69,68,6,-2,0,,0,0.0,0.0,-0.0,0
L20-M2,70,69,6,-2,0,,0,0.0,0.0,-0.0,0
L20-M2,71,70,5,-1,0,,0,0.0,0.0,-0.0,0
L20-M2,72,71,5,-1,0,,0,0.0,0.0,-0.0,0
L20-M2,73,72,1,3,0,,0,0.0,0.0,0.0,0
L20-M2,74,73,5,-1,0,,0,0.0,0.0,-0.0,0
L20-M2,75,74,5,-1,0,,0,0.0,0.0,-0.0,0
L20-M2,76,75,4,0,0,,0,0.0,0.0,0.0,0
L20-M2,77,76,7,-3,0,,0,0.0,0.0,-0.0,0
L20-M2,78,77,5,-1,0,,0,0.0,0.0,-0.0,0
L20-M2,79,78,7,-3,0,,0,0.0,0.0,-0.0,0
L20-M2,80,79,3,1,0,,0,0.0,0.0,0.0,0
L20-M2,81,80,1,3,0,,0,0.0,0.0,0.0,0
L20-M2,82,81,2,2,0,,0,0.0,0.0,0.0,0
L20-M2,83,82,6,-2,0,,0,0.0,0.0,-0.0,0
L20-M2,84,83,3,1,0,,0,0.0,0.0,0.0,0
L20-M2,85,84,1,3,0,,0,0.0,0.0,0.0,0
L20-M2,86,85,4,0,0,,0,0.0,0.0,0.0,0
L20-M2,87,86,3,1,0,,0,0.0,0.0,0.0,0
L20-M2,88,87,5,-1,0,,0,0.0,0.0,-0.0,0
L20-M2,89,88,5,-1,0,,0,0.0,0.0,-0.0,0
L20-M2,90,89,6,-2,0,,0,0.0,0.0,-0.0,0
L20-M2,91,90,1,3,0,,0,0.0,0.0,0.0,0
L20-M2,92,91,5,-1,0,,0,0.0,0.0,-0.0,0
L20-M2,93,92,3,1,0,,0,0.0,0.0,0.0,0
L20-M2,94,93,2,2,0,,0,0.0,0.0,0.0,0
L20-M2,95,94,2,2,0,,0,0.0,0.0,0.0,0
L20-M2,96,95,2,2,0,,0,0.0,0.0,0.0,0
L20-M2,97,96,4,0,0,,0,0.0,0.0,0.0,0
L20-M2,98,97,1,3,0,,0,0.0,0.0,0.0,0
L20-M2,99,98,7,-3,0,,0,0.0,0.0,-0.0,0
L20-M2,100,99,4,0,0,,0,0.0,0.0,0.0,0
L20-M2,101,100,2,2,0,,0,0.0,0.0,0.0,0
L20-M2,102,101,3,1,0,,0,0.0,0.0,0.0,0
L20-M2,103,102,7,-3,0,,0,0.0,0.0,-0.0,0
L20-M2,104,103,2,2,2,18 19,0,0.26666666666666666,-0.26666666666666666,-0.5333333333333333,0
L20-M2,105,104,5,-1,2,18 19,0,0.26666666666666666,-0.26666666666666666,0.26666666666666666,0
L20-M2,106,105,4,0,2,18 19,0,0.26666666666666666,-0.26666666666666666,-0.0,0
L20-M2,107,106,6,-2,2,18 19,0,0.26666666666666666,-0.26666666666666666,0.5333333333333333,0
L20-M2,108,107,6,-2,2,18 19,1,0.26666666666666666,0.7333333333333334,-1.4666666666666668,0
L20-M2,109,108,2,2,0,,0,0.0,0.0,0.0,0
L20-M2,110,109,3,1,0,,0,0.0,0.0,0.0,0
L20-M2,111,110,1,3,0,,0,0.0,0.0,0.0,0
L20-M2,112,111,3,1,0,,0,0.0,0.0,0.0,0
L20-M2,113,112,7,-3,0,,0,0.0,0.0,-0.0,0
L20-M2,114,113,3,1,2,38 39,0,0.26666666666666666,-0.26666666666666666,-0.26666666666666666,0
L20-M2,115,114,1,3,2,38 39,0,0.26666666666666666,-0.26666666666666666,-0.8,0
L20-M2,116,115,7,-3,2,38 39,0,0.26666666666666666,-0.26666666666666666,0.8,0
L20-M2,117,116,3,1,2,38 39,0,0.26666666666666666,-0.26666666666666666,-0.26666666666666666,0
L20-M2,118,117,5,-1,2,38 39,0,0.26666666666666666,-0.26666666666666666,0.26666666666666666,0
L20-M2,119,118,7,-3,2,38 39,0,0.26666666666666666,-0.26666666666666666,0.8,0
L20-M2,120,119,7,-3,2,38 39,0,0.26666666666666666,-0.26666666666666666,0.8,0
L20-M2,121,120,5,-1,2,38 39,1,0.26666666666666666,0.7333333333333334,-0.7333333333333334,0
L20-M2,122,121,1,3,0,,0,0.0,0.0,0.0,0
L20-M2,123,122,2,2,0,,0,0.0,0.0,0.0,0
L20-M2,124,123,4,0,0,,0,0.0,0.0,0.0,0
L20-M2,125,124,1,3,0,,0,0.0,0.0,0.0,0
L20-M2,126,125,3,1,0,,0,0.0,0.0,0.0,0
L20-M2,127,126,1,3,0,,0,0.0,0.0,0.0,0
L20-M2,128,127,6,-2,0,,0,0.0,0.0,-0.0,0
L20-M2,129,128,6,-2,0,,0,0.0,0.0,-0.0,0
L20-M2,130,129,1,3,0,,0,0.0,0.0,0.0,0
L20-M2,131,130,5,-1,0,,0,0.0,0.0,-0.0,0
L20-M2,132,131,7,-3,0,,0,0.0,0.0,-0.0,0
L20-M2,133,132,6,-2,0,,0,0.0,0.0,-0.0,0
L20-M2,134,133,3,1,0,,0,0.0,0.0,0.0,0
L20-M2,135,134,7,-3,0,,0,0.0,0.0,-0.0,0
L20-M2,136,135,3,1,0,,0,0.0,0.0,0.0,0
L20-M2,137,136,2,2,0,,0,0.0,0.0,0.0,0
L20-M2,138,137,3,1,0,,0,0.0,0.0,0.0,0
L20-M2,139,138,3,1,0,,0,0.0,0.0,0.0,0
L20-M2,140,139,3,1,0,,0,0.0,0.0,0.0,0
L20-M2,141,140,2,2,0,,0,0.0,0.0,0.0,0
L20-M2,142,141,1,3,0,,0,0.0,0.0,0.0,0
L20-M2,143,142,3,1,0,,0,0.0,0.0,0.0,0
L20-M2,144,143,1,3,0,,0,0.0,0.0,0.0,0
L20-M2,145,144,7,-3,0,,0,0.0,0.0,-0.0,0
L20-M2,146,145,3,1,0,,0,0.0,0.0,0.0,0
L20-M2,147,146,3,1,0,,0,0.0,0.0,0.0,0
L20-M2,148,147,5,-1,2,32 33,1,0.26666666666666666,0.7333333333333334,-0.7333333333333334,0
L20-M2,149,148,1,3,0,,0,0.0,0.0,0.0,0
L20-M2,150,149,4,0,0,,0,0.0,0.0,0.0,0
L20-M2,151,150,2,2,0,,0,0.0,0.0,0.0,0
L20-M2,152,151,5,-1,0,,0,0.0,0.0,-0.0,0
L20-M2,153,152,7,-3,0,,0,0.0,0.0,-0.0,0
L20-M2,154,153,6,-2,0,,0,0.0,0.0,-0.0,0
L20-M2,155,154,3,1,2,23 24,0,0.26666666666666666,-0.26666666666666666,-0.26666666666666666,0
L20-M2,156,155,1,3,3,22 23 24,0,0.4,-0.4,-1.2000000000000002,0
L20-M2,157,156,1,3,3,22 23 24,0,0.4,-0.4,-1.2000000000000002,0
L20-M2,158,157,6,-2,3,22 23 24,0,0.4,-0.4,0.8,0
L20-M2,159,158,2,2,3,22 23 24,0,0.4,-0.4,-0.8,0
L20-M2,160,159,4,0,3,22 23 24,0,0.4,-0.4,-0.0,0
L20-M2,161,160,1,3,3,22 23 24,1,0.4,0.6,1.7999999999999998,0
L20-M2,162,161,6,-2,2,23 24,0,0.26666666666666666,-0.26666666666666666,0.5333333333333333,0
L20-M2,163,162,4,0,2,23 24,0,0.26666666666666666,-0.26666666666666666,-0.0,0
L20-M2,164,163,3,1,2,23 24,0,0.26666666666666666,-0.26666666666666666,-0.26666666666666666,0
L20-M2,165,164,5,-1,4,14 15 23 24,0,0.5333333333333333,-0.5333333333333333,0.5333333333333333,0
L20-M2,166,165,6,-2,4,14 15 23 24,0,0.5333333333333333,-0.5333333333333333,1.0666666666666667,0
L20-M2,167,166,3,1,4,14 15 23 24,1,0.5333333333333333,0.4666666666666667,0.4666666666666667,0
L20-M2,168,167,1,3,2,14 15,0,0.26666666666666666,-0.26666666666666666,-0.8,0
L20-M2,169,168,3,1,2,14 15,0,0.26666666666666666,-0.26666666666666666,-0.26666666666666666,0
L20-M2,170,169,2,2,2,14 15,1,0.26666666666666666,0.7333333333333334,1.4666666666666668,0
L20-M2,171,170,2,2,0,,0,0.0,0.0,0.0,0
L20-M2,172,171,1,3,0,,0,0.0,0.0,0.0,0
L20-M2,173,172,6,-2,0,,0,0.0,0.0,-0.0,0
L20-M2,174,173,3,1,0,,0,0.0,0.0,0.0,0
L20-M2,175,174,3,1,0,,0,0.0,0.0,0.0,0
L20-M2,176,175,1,3,0,,0,0.0,0.0,0.0,0
L20-M2,177,176,2,2,0,,0,0.0,0.0,0.0,0
L20-M2,178,177,2,2,0,,0,0.0,0.0,0.0,0
L20-M2,179,178,3,1,0,,0,0.0,0.0,0.0,0
L20-M2,180,179,5,-1,0,,0,0.0,0.0,-0.0,0
L20-M2,181,180,5,-1,0,,0,0.0,0.0,-0.0,0
L20-M2,182,181,6,-2,0,,0,0.0,0.0,-0.0,0
L20-M2,183,182,6,-2,0,,0,0.0,0.0,-0.0,0
L20-M2,184,183,2,2,2,7 8,0,0.26666666666666666,-0.26666666666666666,-0.5333333333333333,0
L20-M2,185,184,7,-3,2,7 8,1,0.26666666666666666,0.7333333333333334,-2.2,0
L20-M2,186,185,5,-1,0,,0,0.0,0.0,-0.0,0
L20-M2,187,186,2,2,0,,0,0.0,0.0,0.0,0
L20-M2,188,187,7,-3,0,,0,0.0,0.0,-0.0,0
L20-M2,189,188,7,-3,0,,0,0.0,0.0,-0.0,0
L20-M2,190,189,3,1,0,,0,0.0,0.0,0.0,0
L20-M2,191,190,3,1,0,,0,0.0,0.0,0.0,0
L20-M2,192,191,3,1,0,,0,0.0,0.0,0.0,0
L20-M2,193,192,5,-1,0,,0,0.0,0.0,-0.0,0
L20-M2,194,193,2,2,0,,0,0.0,0.0,0.0,0
L20-M2,195,194,5,-1,0,,0,0.0,0.0,-0.0,0
L20-M2,196,195,5,-1,0,,0,0.0,0.0,-0.0,0
L20-M2,197,196,1,3,0,,0,0.0,0.0,0.0,0
L20-M2,198,197,1,3,0,,0,0.0,0.0,0.0,0
L20-M2,199,198,1,3,0,,0,0.0,0.0,0.0,0
L20-M2,200,199,7,-3,0,,0,0.0,0.0,-0.0,0
L20-M2,201,200,3,1,0,,0,0.0,0.0,0.0,0
L20-M2,202,201,4,0,0,,0,0.0,0.0,0.0,0
L20-M2,203,202,3,1,0,,0,0.0,0.0,0.0,0
L20-M2,204,203,3,1,0,,0,0.0,0.0,0.0,0
L20-M2,205,204,2,2,0,,0,0.0,0.0,0.0,0
L20-M2,206,205,5,-1,0,,0,0.0,0.0,-0.0,0
L20-M2,207,206,7,-3,0,,0,0.0,0.0,-0.0,0
L20-M2,208,207,7,-3,0,,0,0.0,0.0,-0.0,0
L20-M2,209,208,2,2,0,,0,0.0,0.0,0.0,0
L20-M2,210,209,7,-3,0,,0,0.0,0.0,-0.0,0
L20-M2,211,210,7,-3,0,,0,0.0,0.0,-0.0,0
L20-M2,212,211,1,3,0,,0,0.0,0.0,0.0,0
L20-M2,213,212,1,3,2,8 9,0,0.26666666666666666,-0.26666666666666666,-0.8,0
L20-M2,214,213,7,-3,2,8 9,0,0.26666666666666666,-0.26666666666666666,0.8,0
L20-M2,215,214,6,-2,2,8 9,0,0.26666666666666666,-0.26666666666666666,0.5333333333333333,0
L20-M2,216,215,3,1,2,8 9,0,0.26666666666666666,-0.26666666666666666,-0.26666666666666666,0
L20-M2,217,216,1,3,2,8 9,0,0.26666666666666666,-0.26666666666666666,-0.8,0
L20-M2,218,217,6,-2,2,8 9,1,0.26666666666666666,0.7333333333333334,-1.4666666666666668,0
L20-M2,219,218,5,-1,0,,0,0.0,0.0,-0.0,0
L20-M2,220,219,3,1,0,,0,0.0,0.0,0.0,0
L20-M2,221,220,5,-1,0,,0,0.0,0.0,-0.0,0
L20-M2,222,221,2,2,0,,0,0.0,0.0,0.0,0
L20-M2,223,222,7,-3,0,,0,0.0,0.0,-0.0,0
L20-M2,224,223,7,-3,0,,0,0.0,0.0,-0.0,0
L20-M2,225,224,2,2,0,,0,0.0,0.0,0.0,0
L20-M2,226,225,2,2,0,,0,0.0,0.0,0.0,0
L20-M2,227,226,7,-3,0,,0,0.0,0.0,-0.0,0
L20-M2,228,227,1,3,0,,0,0.0,0.0,0.0,0
L20-M2,229,228,2,2,0,,0,0.0,0.0,0.0,0
L20-M2,230,229,6,-2,0,,0,0.0,0.0,-0.0,0
L20-M2,231,230,3,1,0,,0,0.0,0.0,0.0,0
L20-M2,232,231,4,0,0,,0,0.0,0.0,0.0,0
L20-M2,233,232,6,-2,0,,0,0.0,0.0,-0.0,0
L20-M2,234,233,6,-2,0,,0,0.0,0.0,-0.0,0
L20-M2,235,234,1,3,0,,0,0.0,0.0,0.0,0
L20-M2,236,235,1,3,0,,0,0.0,0.0,0.0,0
L20-M2,237,236,3,1,0,,0,0.0,0.0,0.0,0
L20-M2,238,237,6,-2,0,,0,0.0,0.0,-0.0,0
L20-M2,239,238,7,-3,0,,0,0.0,0.0,-0.0,0
L20-M2,240,239,1,3,0,,0,0.0,0.0,0.0,0
L20-M2,241,240,4,0,0,,0,0.0,0.0,0.0,0
L20-M2,242,241,3,1,0,,0,0.0,0.0,0.0,0
L20-M2,243,242,7,-3,0,,0,0.0,0.0,-0.0,0
L20-M2,244,243,6,-2,0,,0,0.0,0.0,-0.0,0
L20-M2,245,244,3,1,0,,0,0.0,0.0,0.0,0
L20-M2,246,245,3,1,0,,0,0.0,0.0,0.0,0
L20-M2,247,246,2,2,0,,0,0.0,0.0,0.0,0
L20-M2,248,247,2,2,0,,0,0.0,0.0,0.0,0
L20-M2,249,248,3,1,0,,0,0.0,0.0,0.0,0
L20-M2,250,249,3,1,0,,0,0.0,0.0,0.0,0
L20-M2,251,250,5,-1,0,,0,0.0,0.0,-0.0,0
L20-M2,252,251,7,-3,0,,0,0.0,0.0,-0.0,0
L20-M2,253,252,4,0,0,,0,0.0,0.0,0.0,0
L20-M2,254,253,5,-1,0,,0,0.0,0.0,-0.0,0
L20-M2,255,254,6,-2,0,,0,0.0,0.0,-0.0,0
L20-M2,256,255,6,-2,0,,0,0.0,0.0,-0.0,0
L20-M2,257,256,6,-2,0,,0,0.0,0.0,-0.0,0
L20-M2,258,257,1,3,0,,0,0.0,0.0,0.0,0
L20-M2,259,258,2,2,0,,0,0.0,0.0,0.0,0
L20-M2,260,259,4,0,0,,0,0.0,0.0,0.0,0
L20-M2,261,260,7,-3,0,,0,0.0,0.0,-0.0,0
L20-M2,262,261,1,3,0,,0,0.0,0.0,0.0,0
L20-M2,263,262,7,-3,0,,0,0.0,0.0,-0.0,0
L20-M2,264,263,2,2,0,,0,0.0,0.0,0.0,0
L20-M2,265,264,1,3,0,,0,0.0,0.0,0.0,0
L20-M2,266,265,3,1,0,,0,0.0,0.0,0.0,0
L20-M2,267,266,6,-2,0,,0,0.0,0.0,-0.0,0
L20-M2,268,267,1,3,0,,0,0.0,0.0,0.0,0
L20-M2,269,268,3,1,0,,0,0.0,0.0,0.0,0
L20-M2,270,269,4,0,0,,0,0.0,0.0,0.0,0
L20-M2,271,270,7,-3,0,,0,0.0,0.0,-0.0,0
L20-M2,272,271,6,-2,0,,0,0.0,0.0,-0.0,0
L20-M2,273,272,5,-1,0,,0,0.0,0.0,-0.0,0
L20-M2,274,273,2,2,0,,0,0.0,0.0,0.0,0
L20-M2,275,274,4,0,0,,0,0.0,0.0,0.0,0
L20-M2,276,275,4,0,0,,0,0.0,0.0,0.0,0
L20-M2,277,276,4,0,0,,0,0.0,0.0,0.0,0
L20-M2,278,277,5,-1,0,,0,0.0,0.0,-0.0,0
L20-M2,279,278,3,1,0,,0,0.0,0.0,0.0,0
L20-M2,280,279,2,2,0,,0,0.0,0.0,0.0,0
L20-M2,281,280,5,-1,0,,0,0.0,0.0,-0.0,0
L20-M2,282,281,5,-1,0,,0,0.0,0.0,-0.0,0
L20-M2,283,282,5,-1,0,,0,0.0,0.0,-0.0,0
L20-M2,284,283,6,-2,0,,0,0.0,0.0,-0.0,0
L20-M2,285,284,5,-1,0,,0,0.0,0.0,-0.0,0
L20-M2,286,285,1,3,0,,0,0.0,0.0,0.0,0
L20-M2,287,286,3,1,0,,0,0.0,0.0,0.0,0
L20-M2,288,287,7,-3,0,,0,0.0,0.0,-0.0,0
L20-M2,289,288,2,2,0,,0,0.0,0.0,0.0,0
L20-M2,290,289,2,2,0,,0,0.0,0.0,0.0,0
L20-M2,291,290,1,3,0,,0,0.0,0.0,0.0,0
L20-M2,292,291,7,-3,0,,0,0.0,0.0,-0.0,0
L20-M2,293,292,1,3,0,,0,0.0,0.0,0.0,0
L20-M2,294,293,5,-1,0,,0,0.0,0.0,-0.0,0
L20-M2,295,294,7,-3,0,,0,0.0,0.0,-0.0,0
L20-M2,296,295,3,1,0,,0,0.0,0.0,0.0,0
L20-M2,297,296,6,-2,0,,0,0.0,0.0,-0.0,0
L20-M2,298,297,7,-3,2,25 26,0,0.26666666666666666,-0.26666666666666666,0.8,0
L20-M2,299,298,3,1,2,25 26,1,0.26666666666666666,0.7333333333333334,0.7333333333333334,0
L20-M2,300,299,4,0,0,,0,0.0,0.0,0.0,0
L20-M2,301,300,7,-3,2,22 23,0,0.26666666666666666,-0.26666666666666666,0.8,0
L20-M2,302,301,4,0,2,22 23,0,0.26666666666666666,-0.26666666666666666,-0.0,0
L20-M2,303,302,1,3,2,22 23,0,0.26666666666666666,-0.26666666666666666,-0.8,0
L20-M2,304,303,6,-2,2,22 23,0,0.26666666666666666,-0.26666666666666666,0.5333333333333333,0
L20-M2,305,304,6,-2,2,22 23,1,0.26666666666666666,0.7333333333333334,-1.4666666666666668,0
L20-M2,306,305,3,1,0,,0,0.0,0.0,0.0,0
L20-M2,307,306,3,1,0,,0,0.0,0.0,0.0,0
L20-M2,308,307,2,2,0,,0,0.0,0.0,0.0,0
L20-M2,309,308,6,-2,0,,0,0.0,0.0,-0.0,0
L20-M2,310,309,6,-2,0,,0,0.0,0.0,-0.0,0
L20-M2,311,310,3,1,0,,0,0.0,0.0,0.0,0
L20-M2,312,311,2,2,0,,0,0.0,0.0,0.0,0
L20-M2,313,312,7,-3,0,,0,0.0,0.0,-0.0,0
L20-M2,314,313,1,3,0,,0,0.0,0.0,0.0,0
L20-M2,315,314,1,3,0,,0,0.0,0.0,0.0,0
L20-M2,316,315,3,1,0,,0,0.0,0.0,0.0,0
L20-M2,317,316,7,-3,0,,0,0.0,0.0,-0.0,0
L20-M2,318,317,2,2,0,,0,0.0,0.0,0.0,0
L20-M2,319,318,5,-1,0,,0,0.0,0.0,-0.0,0
L20-M2,320,319,6,-2,0,,0,0.0,0.0,-0.0,0
L20-M2,321,320,1,3,0,,0,0.0,0.0,0.0,0
L20-M2,322,321,7,-3,0,,0,0.0,0.0,-0.0,0
L20-M2,323,322,3,1,0,,0,0.0,0.0,0.0,0
L20-M2,324,323,1,3,0,,0,0.0,0.0,0.0,0
L20-M2,325,324,3,1,0,,0,0.0,0.0,0.0,0
L20-M2,326,325,5,-1,0,,0,0.0,0.0,-0.0,0
L20-M2,327,326,7,-3,0,,0,0.0,0.0,-0.0,0
L20-M2,328,327,5,-1,0,,0,0.0,0.0,-0.0,0
L20-M2,329,328,6,-2,0,,0,0.0,0.0,-0.0,0
L20-M2,330,329,1,3,0,,0,0.0,0.0,0.0,0
L20-M2,331,330,7,-3,0,,0,0.0,0.0,-0.0,0
L20-M2,332,331,6,-2,0,,0,0.0,0.0,-0.0,0
L20-M2,333,332,1,3,0,,0,0.0,0.0,0.0,0
L20-M2,334,333,5,-1,0,,0,0.0,0.0,-0.0,0
L20-M2,335,334,5,-1,0,,0,0.0,0.0,-0.0,0
L20-M2,336,335,4,0,0,,0,0.0,0.0,0.0,0
L20-M2,337,336,3,1,0,,0,0.0,0.0,0.0,0
L20-M2,338,337,2,2,0,,0,0.0,0.0,0.0,0
L20-M2,339,338,3,1,0,,0,0.0,0.0,0.0,0
L20-M2,340,339,7,-3,0,,0,0.0,0.0,-0.0,0
L20-M2,341,340,5,-1,2,40 41,0,0.26666666666666666,-0.26666666666666666,0.26666666666666666,0
L20-M2,342,341,6,-2,2,40 41,0,0.26666666666666666,-0.26666666666666666,0.5333333333333333,0
L20-M2,343,342,4,0,2,40 41,0,0.26666666666666666,-0.26666666666666666,-0.0,0
L20-M2,344,343,3,1,2,40 41,0,0.26666666666666666,-0.26666666666666666,-0.26666666666666666,0
L20-M2,345,344,6,-2,2,40 41,0,0.26666666666666666,-0.26666666666666666,0.5333333333333333,0
L20-M2,346,345,1,3,2,40 41,0,0.26666666666666666,-0.26666666666666666,-0.8,0
L20-M2,347,346,5,-1,2,40 41,0,0.26666666666666666,-0.26666666666666666,0.26666666666666666,0
L20-M2,348,347,3,1,4,11 12 40 41,0,0.5333333333333333,-0.5333333333333333,-0.5333333333333333,0
L20-M2,349,348,7,-3,4,11 12 40 41,0,0.5333333333333333,-0.5333333333333333,1.6,0
L20-M2,350,349,7,-3,4,11 12 40 41,0,0.5333333333333333,-0.5333333333333333,1.6,0
L20-M2,351,350,7,-3,4,11 12 40 41,0,0.5333333333333333,-0.5333333333333333,1.6,0
L20-M2,352,351,5,-1,4,11 12 40 41,1,0.5333333333333333,0.4666666666666667,-0.4666666666666667,0
L20-M2,353,352,5,-1,2,11 12,1,0.26666666666666666,0.7333333333333334,-0.7333333333333334,0
L20-M2,354,353,5,-1,0,,0,0.0,0.0,-0.0,0
L20-M2,355,354,1,3,0,,0,0.0,0.0,0.0,0
L20-M2,356,355,6,-2,0,,0,0.0,0.0,-0.0,0
L20-M2,357,356,4,0,0,,0,0.0,0.0,0.0,0
L20-M2,358,357,1,3,0,,0,0.0,0.0,0.0,0
L20-M2,359,358,6,-2,0,,0,0.0,0.0,-0.0,0
L20-M2,360,359,5,-1,2,6 7,0,0.26666666666666666,-0.26666666666666666,0.26666666666666666,0
L20-M2,361,360,5,-1,2,6 7,0,0.26666666666666666,-0.26666666666666666,0.26666666666666666,0
L20-M2,362,361,6,-2,2,6 7,0,0.26666666666666666,-0.26666666666666666,0.5333333333333333,0
L20-M2,363,362,5,-1,2,6 7,0,0.26666666666666666,-0.26666666666666666,0.26666666666666666,0
L20-M2,364,363,1,3,2,6 7,1,0.26666666666666666,0.7333333333333334,2.2,0
L20-M2,365,364,2,2,0,,0,0.0,0.0,0.0,0
L20-M2,366,365,7,-3,0,,0,0.0,0.0,-0.0,0
L20-M2,367,366,6,-2,0,,0,0.0,0.0,-0.0,0
L20-M2,368,367,2,2,0,,0,0.0,0.0,0.0,0
L20-M2,369,368,4,0,0,,0,0.0,0.0,0.0,0
L20-M2,370,369,3,1,0,,0,0.0,0.0,0.0,0
L20-M2,371,370,2,2,0,,0,0.0,0.0,0.0,0
L20-M2,372,371,4,0,2,33 34,0,0.26666666666666666,-0.26666666666666666,-0.0,0
L20-M2,373,372,3,1,2,33 34,0,0.26666666666666666,-0.26666666666666666,-0.26666666666666666,0
L20-M2,374,373,1,3,2,33 34,1,0.26666666666666666,0.7333333333333334,2.2,0
L20-M2,375,374,6,-2,0,,0,0.0,0.0,-0.0,0
L20-M2,376,375,2,2,0,,0,0.0,0.0,0.0,0
L20-M2,377,376,2,2,0,,0,0.0,0.0,0.0,0
L20-M2,378,377,3,1,0,,0,0.0,0.0,0.0,0
L20-M2,379,378,7,-3,0,,0,0.0,0.0,-0.0,0
L20-M2,380,379,3,1,0,,0,0.0,0.0,0.0,0
L20-M2,381,380,6,-2,0,,0,0.0,0.0,-0.0,0
L20-M2,382,381,4,0,0,,0,0.0,0.0,0.0,0
L20-M2,383,382,3,1,0,,0,0.0,0.0,0.0,0
L20-M2,384,383,3,1,0,,0,0.0,0.0,0.0,0
L20-M2,385,384,1,3,0,,0,0.0,0.0,0.0,0
L20-M2,386,385,2,2,0,,0,0.0,0.0,0.0,0
L20-M2,387,386,5,-1,0,,0,0.0,0.0,-0.0,0
L20-M2,388,387,2,2,0,,0,0.0,0.0,0.0,0
L20-M2,389,388,7,-3,0,,0,0.0,0.0,-0.0,0
L20-M2,390,389,1,3,0,,0,0.0,0.0,0.0,0
L20-M2,391,390,1,3,0,,0,0.0,0.0,0.0,0
L20-M2,392,391,6,-2,0,,0,0.0,0.0,-0.0,0
L20-M2,393,392,7,-3,0,,0,0.0,0.0,-0.0,0
L20-M2,394,393,3,1,0,,0,0.0,0.0,0.0,0
L20-M2,395,394,3,1,0,,0,0.0,0.0,0.0,0
L20-M2,396,395,1,3,0,,0,0.0,0.0,0.0,0
L20-M2,397,396,3,1,0,,0,0.0,0.0,0.0,0
L20-M2,398,397,1,3,0,,0,0.0,0.0,0.0,0
L20-M2,399,398,1,3,0,,0,0.0,0.0,0.0,0
L20-M2,400,399,6,-2,0,,0,0.0,0.0,-0.0,0
L20-M2,401,400,1,3,0,,0,0.0,0.0,0.0,0
L20-M2,402,401,2,2,0,,0,0.0,0.0,0.0,0
L20-M2,403,402,6,-2,0,,0,0.0,0.0,-0.0,0
L20-M2,404,403,5,-1,0,,0,0.0,0.0,-0.0,0
L20-M2,405,404,6,-2,0,,0,0.0,0.0,-0.0,0
L20-M2,406,405,3,1,0,,0,0.0,0.0,0.0,0
L20-M2,407,406,7,-3,0,,0,0.0,0.0,-0.0,0
L20-M2,408,407,1,3,0,,0,0.0,0.0,0.0,0
L20-M2,409,408,2,2,0,,0,0.0,0.0,0.0,0
L20-M2,410,409,6,-2,0,,0,0.0,0.0,-0.0,0
L20-M2,411,410,3,1,0,,0,0.0,0.0,0.0,0
L20-M2,412,411,1,3,0,,0,0.0,0.0,0.0,0
L20-M2,413,412,4,0,0,,0,0.0,0.0,0.0,0
L20-M2,414,413,2,2,0,,0,0.0,0.0,0.0,0
L20-M2,415,414,6,-2,0,,0,0.0,0.0,-0.0,0
L20-M2,416,415,4,0,0,,0,0.0,0.0,0.0,0
L20-M2,417,416,7,-3,0,,0,0.0,0.0,-0.0,0
L20-M2,418,417,7,-3,0,,0,0.0,0.0,-0.0,0
L20-M2,419,418,6,-2,0,,0,0.0,0.0,-0.0,0
L20-M2,420,419,2,2,0,,0,0.0,0.0,0.0,0
L20-M2,421,420,4,0,0,,0,0.0,0.0,0.0,0
L20-M2,422,421,6,-2,0,,0,0.0,0.0,-0.0,0
L20-M2,423,422,2,2,0,,0,0.0,0.0,0.0,0
L20-M2,424,423,2,2,0,,0,0.0,0.0,0.0,0
L20-M2,425,424,4,0,0,,0,0.0,0.0,0.0,0
L20-M2,426,425,1,3,0,,0,0.0,0.0,0.0,0
L20-M2,427,426,4,0,0,,0,0.0,0.0,0.0,0
L20-M2,428,427,4,0,0,,0,0.0,0.0,0.0,0
L20-M2,429,428,1,3,0,,0,0.0,0.0,0.0,0
L20-M2,430,429,2,2,0,,0,0.0,0.0,0.0,0
L20-M2,431,430,7,-3,0,,0,0.0,0.0,-0.0,0
L20-M2,432,431,1,3,2,35 36,0,0.26666666666666666,-0.26666666666666666,-0.8,0
L20-M2,433,432,6,-2,2,35 36,1,0.26666666666666666,0.7333333333333334,-1.4666666666666668,0
L20-M2,434,433,3,1,0,,0,0.0,0.0,0.0,0
L20-M2,435,434,6,-2,0,,0,0.0,0.0,-0.0,0
L20-M2,436,435,6,-2,0,,0,0.0,0.0,-0.0,0
L20-M2,437,436,5,-1,0,,0,0.0,0.0,-0.0,0
L20-M2,438,437,3,1,0,,0,0.0,0.0,0.0,0
L20-M2,439,438,7,-3,0,,0,0.0,0.0,-0.0,0
L20-M2,440,439,3,1,0,,0,0.0,0.0,0.0,0
L20-M2,441,440,1,3,0,,0,0.0,0.0,0.0,0
L20-M2,442,441,2,2,0,,0,0.0,0.0,0.0,0
L20-M2,443,442,7,-3,0,,0,0.0,0.0,-0.0,0
L20-M2,444,443,4,0,0,,0,0.0,0.0,0.0,0
L20-M2,445,444,3,1,0,,0,0.0,0.0,0.0,0
L20-M2,446,445,5,-1,0,,0,0.0,0.0,-0.0,0
L20-M2,447,446,2,2,0,,0,0.0,0.0,0.0,0
L20-M2,448,447,7,-3,0,,0,0.0,0.0,-0.0,0
L20-M2,449,448,5,-1,0,,0,0.0,0.0,-0.0,0
L20-M2,450,449,6,-2,0,,0,0.0,0.0,-0.0,0
L20-M2,451,450,2,2,0,,0,0.0,0.0,0.0,0
L20-M2,452,451,5,-1,0,,0,0.0,0.0,-0.0,0
L20-M2,453,452,4,0,0,,0,0.0,0.0,0.0,0
L20-M2,454,453,3,1,0,,0,0.0,0.0,0.0,0
L20-M2,455,454,1,3,0,,0,0.0,0.0,0.0,0
L20-M2,456,455,4,0,0,,0,0.0,0.0,0.0,0
L20-M2,457,456,7,-3,0,,0,0.0,0.0,-0.0,0
L20-M2,458,457,6,-2,0,,0,0.0,0.0,-0.0,0
L20-M2,459,458,4,0,0,,0,0.0,0.0,0.0,0
L20-M2,460,459,4,0,0,,0,0.0,0.0,0.0,0
L20-M2,461,460,5,-1,0,,0,0.0,0.0,-0.0,0
L20-M2,462,461,7,-3,0,,0,0.0,0.0,-0.0,0
L20-M2,463,462,2,2,0,,0,0.0,0.0,0.0,0
L20-M2,464,463,6,-2,0,,0,0.0,0.0,-0.0,0
L20-M2,465,464,1,3,0,,0,0.0,0.0,0.0,0
L20-M2,466,465,6,-2,0,,0,0.0,0.0,-0.0,0
L20-M2,467,466,4,0,0,,0,0.0,0.0,0.0,0
L20-M2,468,467,6,-2,0,,0,0.0,0.0,-0.0,0
L20-M2,469,468,4,0,0,,0,0.0,0.0,0.0,0
L20-M2,470,469,4,0,0,,0,0.0,0.0,0.0,0
L20-M2,471,470,4,0,0,,0,0.0,0.0,0.0,0
L20-M2,472,471,7,-3,0,,0,0.0,0.0,-0.0,0
L20-M2,473,472,7,-3,0,,0,0.0,0.0,-0.0,0
L20-M2,474,473,6,-2,0,,0,0.0,0.0,-0.0,0
L20-M2,475,474,6,-2,0,,0,0.0,0.0,-0.0,0
L20-M2,476,475,2,2,0,,0,0.0,0.0,0.0,0
L20-M2,477,476,5,-1,0,,0,0.0,0.0,-0.0,0
L20-M2,478,477,6,-2,0,,0,0.0,0.0,-0.0,0
L20-M2,479,478,1,3,0,,0,0.0,0.0,0.0,0
L20-M2,480,479,3,1,0,,0,0.0,0.0,0.0,0
L20-M2,481,480,4,0,0,,0,0.0,0.0,0.0,0
L20-M2,482,481,3,1,0,,0,0.0,0.0,0.0,0
L20-M2,483,482,7,-3,0,,0,0.0,0.0,-0.0,0
L20-M2,484,483,1,3,0,,0,0.0,0.0,0.0,0
L20-M2,485,484,3,1,0,,0,0.0,0.0,0.0,0
L20-M2,486,485,2,2,0,,0,0.0,0.0,0.0,0
L20-M2,487,486,7,-3,0,,0,0.0,0.0,-0.0,0
L20-M2,488,487,3,1,0,,0,0.0,0.0,0.0,0
L20-M2,489,488,4,0,0,,0,0.0,0.0,0.0,0
L20-M2,490,489,4,0,0,,0,0.0,0.0,0.0,0
L20-M2,491,490,6,-2,0,,0,0.0,0.0,-0.0,0
L20-M2,492,491,1,3,0,,0,0.0,0.0,0.0,0
L20-M2,493,492,7,-3,0,,0,0.0,0.0,-0.0,0
L20-M2,494,493,3,1,0,,0,0.0,0.0,0.0,0
L20-M2,495,494,5,-1,0,,0,0.0,0.0,-0.0,0
L20-M2,496,495,2,2,0,,0,0.0,0.0,0.0,0
L20-M2,497,496,6,-2,0,,0,0.0,0.0,-0.0,0
L20-M2,498,497,1,3,0,,0,0.0,0.0,0.0,0
L20-M2,499,498,1,3,0,,0,0.0,0.0,0.0,0
L20-M2,500,499,7,-3,0,,0,0.0,0.0,-0.0,0
L20-M2,501,500,7,-3,0,,0,0.0,0.0,-0.0,0
L20-M2,502,501,2,2,0,,0,0.0,0.0,0.0,0
L20-M2,503,502,3,1,0,,0,0.0,0.0,0.0,0
L20-M2,504,503,7,-3,0,,0,0.0,0.0,-0.0,0
L20-M2,505,504,5,-1,0,,0,0.0,0.0,-0.0,0
L20-M2,506,505,7,-3,0,,0,0.0,0.0,-0.0,0
L20-M2,507,506,7,-3,0,,0,0.0,0.0,-0.0,0
L20-M2,508,507,1,3,0,,0,0.0,0.0,0.0,0
L20-M2,509,508,6,-2,0,,0,0.0,0.0,-0.0,0
L20-M2,510,509,2,2,0,,0,0.0,0.0,0.0,0
L20-M2,511,510,7,-3,0,,0,0.0,0.0,-0.0,0
L20-M2,512,511,5,-1,0,,0,0.0,0.0,-0.0,0
L20-M2,513,512,1,3,0,,0,0.0,0.0,0.0,0
L20-M2,514,513,3,1,0,,0,0.0,0.0,0.0,0
L20-M2,515,514,2,2,0,,0,0.0,0.0,0.0,0
L20-M2,516,515,2,2,0,,0,0.0,0.0,0.0,0
L20-M2,517,516,4,0,0,,0,0.0,0.0,0.0,0
L20-M2,518,517,3,1,2,18 19,0,0.26666666666666666,-0.26666666666666666,-0.26666666666666666,0
L20-M2,519,518,1,3,2,18 19,0,0.26666666666666666,-0.26666666666666666,-0.8,0
L20-M2,520,519,1,3,2,18 19,0,0.26666666666666666,-0.26666666666666666,-0.8,0
L20-M2,521,520,1,3,2,18 19,1,0.26666666666666666,0.7333333333333334,2.2,0
L20-M2,522,521,4,0,0,,0,0.0,0.0,0.0,0
L20-M2,523,522,3,1,0,,0,0.0,0.0,0.0,0
L20-M2,524,523,3,1,0,,0,0.0,0.0,0.0,0
L20-M2,525,524,3,1,0,,0,0.0,0.0,0.0,0
L20-M2,526,525,2,2,0,,0,0.0,0.0,0.0,0
L20-M2,527,526,5,-1,0,,0,0.0,0.0,-0.0,0
L20-M2,528,527,6,-2,0,,0,0.0,0.0,-0.0,0
L20-M2,529,528,2,2,0,,0,0.0,0.0,0.0,0
L20-M2,530,529,6,-2,0,,0,0.0,0.0,-0.0,0
L20-M2,531,530,2,2,0,,0,0.0,0.0,0.0,0
L20-M2,532,531,7,-3,0,,0,0.0,0.0,-0.0,0
L20-M2,533,532,1,3,0,,0,0.0,0.0,0.0,0
L20-M2,534,533,5,-1,0,,0,0.0,0.0,-0.0,0
L20-M2,535,534,5,-1,0,,0,0.0,0.0,-0.0,0
L20-M2,536,535,6,-2,0,,0,0.0,0.0,-0.0,0
L20-M2,537,536,3,1,0,,0,0.0,0.0,0.0,0
L20-M2,538,537,1,3,0,,0,0.0,0.0,0.0,0
L20-M2,539,538,3,1,0,,0,0.0,0.0,0.0,0
L20-M2,540,539,4,0,0,,0,0.0,0.0,0.0,0
L20-M2,541,540,4,0,0,,0,0.0,0.0,0.0,0
L20-M2,542,541,7,-3,0,,0,0.0,0.0,-0.0,0
L20-M2,543,542,5,-1,0,,0,0.0,0.0,-0.0,0
L20-M2,544,543,1,3,0,,0,0.0,0.0,0.0,0
L20-M2,545,544,2,2,0,,0,0.0,0.0,0.0,0
L20-M2,546,545,1,3,0,,0,0.0,0.0,0.0,0
L20-M2,547,546,1,3,0,,0,0.0,0.0,0.0,0
L20-M2,548,547,5,-1,0,,0,0.0,0.0,-0.0,0
L20-M2,549,548,4,0,0,,0,0.0,0.0,0.0,0
L20-M2,550,549,1,3,0,,0,0.0,0.0,0.0,0
L20-M2,551,550,7,-3,0,,0,0.0,0.0,-0.0,0
L20-M2,552,551,5,-1,0,,0,0.0,0.0,-0.0,0
L20-M2,553,552,7,-3,0,,0,0.0,0.0,-0.0,0
L20-M2,554,553,6,-2,0,,0,0.0,0.0,-0.0,0
L20-M2,555,554,1,3,0,,0,0.0,0.0,0.0,0
L20-M2,556,555,2,2,0,,0,0.0,0.0,0.0,0
L20-M2,557,556,6,-2,0,,0,0.0,0.0,-0.0,0
L20-M2,558,557,5,-1,0,,0,0.0,0.0,-0.0,0
L20-M2,559,558,5,-1,0,,0,0.0,0.0,-0.0,0
L20-M2,560,559,3,1,0,,0,0.0,0.0,0.0,0
L20-M2,561,560,5,-1,0,,0,0.0,0.0,-0.0,0
L20-M2,562,561,4,0,0,,0,0.0,0.0,0.0,0
L20-M2,563,562,7,-3,0,,0,0.0,0.0,-0.0,0
L20-M2,564,563,5,-1,0,,0,0.0,0.0,-0.0,0
L20-M2,565,564,1,3,0,,0,0.0,0.0,0.0,0
L20-M2,566,565,5,-1,0,,0,0.0,0.0,-0.0,0
L20-M2,567,566,6,-2,2,8 9,0,0.26666666666666666,-0.26666666666666666,0.5333333333333333,0
L20-M2,568,567,5,-1,2,8 9,0,0.26666666666666666,-0.26666666666666666,0.26666666666666666,0
L20-M2,569,568,6,-2,2,8 9,0,0.26666666666666666,-0.26666666666666666,0.5333333333333333,0
L20-M2,570,569,1,3,2,8 9,0,0.26666666666666666,-0.26666666666666666,-0.8,0
L20-M2,571,570,7,-3,2,8 9,0,0.26666666666666666,-0.26666666666666666,0.8,0
L20-M2,572,571,5,-1,2,8 9,0,0.26666666666666666,-0.26666666666666666,0.26666666666666666,0
L20-M2,573,572,1,3,2,8 9,0,0.26666666666666666,-0.26666666666666666,-0.8,0
L20-M2,574,573,3,1,2,8 9,0,0.26666666666666666,-0.26666666666666666,-0.26666666666666666,0
L20-M2,575,574,1,3,2,8 9,1,0.26666666666666666,0.7333333333333334,2.2,0
L20-M2,576,575,2,2,0,,0,0.0,0.0,0.0,0
L20-M2,577,576,3,1,0,,0,0.0,0.0,0.0,0
L20-M2,578,577,5,-1,0,,0,0.0,0.0,-0.0,0
L20-M2,579,578,4,0,0,,0,0.0,0.0,0.0,0
L20-M2,580,579,6,-2,0,,0,0.0,0.0,-0.0,0
L20-M2,581,580,6,-2,0,,0,0.0,0.0,-0.0,0
L20-M2,582,581,5,-1,0,,0,0.0,0.0,-0.0,0
L20-M2,583,582,4,0,0,,0,0.0,0.0,0.0,0
L20-M2,584,583,3,1,0,,0,0.0,0.0,0.0,0
L20-M2,585,584,4,0,0,,0,0.0,0.0,0.0,0
L20-M2,586,585,1,3,0,,0,0.0,0.0,0.0,0
L20-M2,587,586,2,2,0,,0,0.0,0.0,0.0,0
L20-M2,588,587,2,2,0,,0,0.0,0.0,0.0,0
L20-M2,589,588,6,-2,0,,0,0.0,0.0,-0.0,0
L20-M2,590,589,3,1,2,23 24,0,0.26666666666666666,-0.26666666666666666,-0.26666666666666666,0
L20-M2,591,590,2,2,2,23 24,0,0.26666666666666666,-0.26666666666666666,-0.5333333333333333,0
L20-M2,592,591,1,3,2,23 24,0,0.26666666666666666,-0.26666666666666666,-0.8,0
L20-M2,593,592,6,-2,2,23 24,1,0.26666666666666666,0.7333333333333334,-1.4666666666666668,0
L20-M2,594,593,5,-1,0,,0,0.0,0.0,-0.0,0
L20-M2,595,594,2,2,0,,0,0.0,0.0,0.0,0
L20-M2,596,595,1,3,0,,0,0.0,0.0,0.0,0
L20-M2,597,596,5,-1,0,,0,0.0,0.0,-0.0,0
L20-M2,598,597,6,-2,0,,0,0.0,0.0,-0.0,0
L20-M2,599,598,3,1,0,,0,0.0,0.0,0.0,0
L20-M2,600,599,4,0,0,,0,0.0,0.0,0.0,0
L20-M2,601,600,7,-3,0,,0,0.0,0.0,-0.0,0
L20-M2,602,601,7,-3,0,,0,0.0,0.0,-0.0,0
L20-M2,603,602,1,3,0,,0,0.0,0.0,0.0,0
L20-M2,604,603,6,-2,0,,0,0.0,0.0,-0.0,0
L20-M2,605,604,5,-1,0,,0,0.0,0.0,-0.0,0
L20-M2,606,605,7,-3,0,,0,0.0,0.0,-0.0,0
L20-M2,607,606,6,-2,0,,0,0.0,0.0,-0.0,0
L20-M2,608,607,2,2,0,,0,0.0,0.0,0.0,0
L20-M2,609,608,6,-2,0,,0,0.0,0.0,-0.0,0
L20-M2,610,609,3,1,0,,0,0.0,0.0,0.0,0
L20-M2,611,610,6,-2,2,41 42,0,0.26666666666666666,-0.26666666666666666,0.5333333333333333,0
L20-M2,612,611,2,2,2,41 42,0,0.26666666666666666,-0.26666666666666666,-0.5333333333333333,0
L20-M2,613,612,7,-3,2,41 42,1,0.26666666666666666,0.7333333333333334,-2.2,0
L20-M2,614,613,5,-1,0,,0,0.0,0.0,-0.0,0
L20-M2,615,614,2,2,0,,0,0.0,0.0,0.0,0
L20-M2,616,615,7,-3,0,,0,0.0,0.0,-0.0,0
L20-M2,617,616,1,3,0,,0,0.0,0.0,0.0,0
L20-M2,618,617,7,-3,0,,0,0.0,0.0,-0.0,0
L20-M2,619,618,2,2,0,,0,0.0,0.0,0.0,0
L20-M2,620,619,4,0,0,,0,0.0,0.0,0.0,0
L20-M2,621,620,6,-2,0,,0,0.0,0.0,-0.0,0
L20-M2,622,621,4,0,0,,0,0.0,0.0,0.0,0
L20-M2,623,622,5,-1,0,,0,0.0,0.0,-0.0,0
L20-M2,624,623,3,1,0,,0,0.0,0.0,0.0,0
L20-M2,625,624,3,1,0,,0,0.0,0.0,0.0,0
L20-M2,626,625,4,0,0,,0,0.0,0.0,0.0,0
L20-M2,627,626,3,1,0,,0,0.0,0.0,0.0,0
L20-M2,628,627,3,1,0,,0,0.0,0.0,0.0,0
L20-M2,629,628,3,1,0,,0,0.0,0.0,0.0,0
L20-M2,630,629,1,3,0,,0,0.0,0.0,0.0,0
L20-M2,631,630,2,2,0,,0,0.0,0.0,0.0,0
L20-M2,632,631,4,0,2,36 37,0,0.26666666666666666,-0.26666666666666666,-0.0,0
L20-M2,633,632,1,3,2,36 37,0,0.26666666666666666,-0.26666666666666666,-0.8,0
L20-M2,634,633,3,1,2,36 37,0,0.26666666666666666,-0.26666666666666666,-0.26666666666666666,0
L20-M2,635,634,7,-3,2,36 37,0,0.26666666666666666,-0.26666666666666666,0.8,0
L20-M2,636,635,6,-2,2,36 37,0,0.26666666666666666,-0.26666666666666666,0.5333333333333333,0
L20-M2,637,636,6,-2,2,36 37,1,0.26666666666666666,0.7333333333333334,-1.4666666666666668,0
L20-M2,638,637,4,0,0,,0,0.0,0.0,0.0,0
L20-M2,639,638,1,3,0,,0,0.0,0.0,0.0,0
L20-M2,640,639,7,-3,0,,0,0.0,0.0,-0.0,0
L20-M2,641,640,5,-1,0,,0,0.0,0.0,-0.0,0
L20-M2,642,641,2,2,0,,0,0.0,0.0,0.0,0
L20-M2,643,642,5,-1,0,,0,0.0,0.0,-0.0,0
L20-M2,644,643,1,3,0,,0,0.0,0.0,0.0,0
L20-M2,645,644,2,2,0,,0,0.0,0.0,0.0,0
L20-M2,646,645,5,-1,0,,0,0.0,0.0,-0.0,0
L20-M2,647,646,4,0,0,,0,0.0,0.0,0.0,0
L20-M2,648,647,6,-2,0,,0,0.0,0.0,-0.0,0
L20-M2,649,648,1,3,0,,0,0.0,0.0,0.0,0
L20-M2,650,649,2,2,0,,0,0.0,0.0,0.0,0
L20-M2,651,650,6,-2,0,,0,0.0,0.0,-0.0,0
L20-M2,652,651,4,0,0,,0,0.0,0.0,0.0,0
L20-M2,653,652,4,0,0,,0,0.0,0.0,0.0,0
L20-M2,654,653,1,3,0,,0,0.0,0.0,0.0,0
L20-M2,655,654,1,3,0,,0,0.0,0.0,0.0,0
L20-M2,656,655,2,2,0,,0,0.0,0.0,0.0,0
L20-M2,657,656,6,-2,0,,0,0.0,0.0,-0.0,0
L20-M2,658,657,4,0,0,,0,0.0,0.0,0.0,0
L20-M2,659,658,7,-3,0,,0,0.0,0.0,-0.0,0
L20-M2,660,659,7,-3,0,,0,0.0,0.0,-0.0,0
L20-M2,661,660,3,1,2,34 35,0,0.26666666666666666,-0.26666666666666666,-0.26666666666666666,0
L20-M2,662,661,7,-3,2,34 35,0,0.26666666666666666,-0.26666666666666666,0.8,0
L20-M2,663,662,6,-2,2,34 35,0,0.26666666666666666,-0.26666666666666666,0.5333333333333333,0
L20-M2,664,663,5,-1,2,34 35,0,0.26666666666666666,-0.26666666666666666,0.26666666666666666,0
L20-M2,665,664,1,3,2,34 35,0,0.26666666666666666,-0.26666666666666666,-0.8,0
L20-M2,666,665,4,0,2,34 35,0,0.26666666666666666,-0.26666666666666666,-0.0,0
L20-M2,667,666,5,-1,2,34 35,0,0.26666666666666666,-0.26666666666666666,0.26666666666666666,0
L20-M2,668,667,1,3,2,34 35,0,0.26666666666666666,-0.26666666666666666,-0.8,0
L20-M2,669,668,1,3,2,34 35,0,0.26666666666666666,-0.26666666666666666,-0.8,0
L20-M2,670,669,3,1,2,34 35,0,0.26666666666666666,-0.26666666666666666,-0.26666666666666666,0
L20-M2,671,670,3,1,2,34 35,1,0.26666666666666666,0.7333333333333334,0.7333333333333334,0
L20-M2,672,671,5,-1,0,,0,0.0,0.0,-0.0,0
L20-M2,673,672,6,-2,0,,0,0.0,0.0,-0.0,0
L20-M2,674,673,1,3,0,,0,0.0,0.0,0.0,0
L20-M2,675,674,3,1,0,,0,0.0,0.0,0.0,0
L20-M2,676,675,2,2,0,,0,0.0,0.0,0.0,0
L20-M2,677,676,4,0,0,,0,0.0,0.0,0.0,0
L20-M2,678,677,6,-2,0,,0,0.0,0.0,-0.0,0
L20-M2,679,678,7,-3,0,,0,0.0,0.0,-0.0,0
L20-M2,680,679,7,-3,0,,0,0.0,0.0,-0.0,0
L20-M2,681,680,5,-1,2,22 23,0,0.26666666666666666,-0.26666666666666666,0.26666666666666666,0
L20-M2,682,681,1,3,2,22 23,1,0.26666666666666666,0.7333333333333334,2.2,0
L20-M2,683,682,1,3,0,,0,0.0,0.0,0.0,0
L20-M2,684,683,3,1,0,,0,0.0,0.0,0.0,0
L20-M2,685,684,7,-3,0,,0,0.0,0.0,-0.0,0
L20-M2,686,685,4,0,0,,0,0.0,0.0,0.0,0
L20-M2,687,686,3,1,0,,0,0.0,0.0,0.0,0
L20-M2,688,687,7,-3,0,,0,0.0,0.0,-0.0,0
L20-M2,689,688,1,3,0,,0,0.0,0.0,0.0,0
L20-M2,690,689,5,-1,0,,0,0.0,0.0,-0.0,0
L20-M2,691,690,7,-3,0,,0,0.0,0.0,-0.0,0
L20-M2,692,691,2,2,0,,0,0.0,0.0,0.0,0
L20-M2,693,692,7,-3,0,,0,0.0,0.0,-0.0,0
L20-M2,694,693,5,-1,0,,0,0.0,0.0,-0.0,0
L20-M2,695,694,2,2,0,,0,0.0,0.0,0.0,0
L20-M2,696,695,2,2,0,,0,0.0,0.0,0.0,0
L20-M2,697,696,5,-1,0,,0,0.0,0.0,-0.0,0
L20-M2,698,697,5,-1,0,,0,0.0,0.0,-0.0,0
L20-M2,699,698,4,0,0,,0,0.0,0.0,0.0,0
L20-M2,700,699,1,3,0,,0,0.0,0.0,0.0,0
L20-M2,701,700,2,2,0,,0,0.0,0.0,0.0,0
L20-M2,702,701,5,-1,0,,0,0.0,0.0,-0.0,0
L20-M2,703,702,2,2,0,,0,0.0,0.0,0.0,0
L20-M2,704,703,2,2,0,,0,0.0,0.0,0.0,0
L20-M2,705,704,7,-3,0,,0,0.0,0.0,-0.0,0
L20-M2,706,705,5,-1,0,,0,0.0,0.0,-0.0,0
L20-M2,707,706,7,-3,0,,0,0.0,0.0,-0.0,0
L20-M2,708,707,5,-1,0,,0,0.0,0.0,-0.0,0
L20-M2,709,708,1,3,0,,0,0.0,0.0,0.0,0
L20-M2,710,709,4,0,0,,0,0.0,0.0,0.0,0
L20-M2,711,710,4,0,0,,0,0.0,0.0,0.0,0
L20-M2,712,711,6,-2,0,,0,0.0,0.0,-0.0,0
L20-M2,713,712,2,2,0,,0,0.0,0.0,0.0,0
L20-M2,714,713,7,-3,0,,0,0.0,0.0,-0.0,0
L20-M2,715,714,3,1,0,,0,0.0,0.0,0.0,0
L20-M2,716,715,3,1,0,,0,0.0,0.0,0.0,0
L20-M2,717,716,5,-1,0,,0,0.0,0.0,-0.0,0
L20-M2,718,717,7,-3,0,,0,0.0,0.0,-0.0,0
L20-M2,719,718,7,-3,0,,0,0.0,0.0,-0.0,0
L20-M2,720,719,6,-2,0,,0,0.0,0.0,-0.0,0
L20-M2,721,720,7,-3,0,,0,0.0,0.0,-0.0,0
L20-M2,722,721,3,1,0,,0,0.0,0.0,0.0,0
L20-M2,723,722,7,-3,0,,0,0.0,0.0,-0.0,0
L20-M2,724,723,2,2,0,,0,0.0,0.0,0.0,0
L20-M2,725,724,3,1,0,,0,0.0,0.0,0.0,0
L20-M2,726,725,5,-1,0,,0,0.0,0.0,-0.0,0
L20-M2,727,726,5,-1,0,,0,0.0,0.0,-0.0,0
L20-M2,728,727,5,-1,0,,0,0.0,0.0,-0.0,0
L20-M2,729,728,6,-2,0,,0,0.0,0.0,-0.0,0
L20-M2,730,729,2,2,0,,0,0.0,0.0,0.0,0
L20-M2,731,730,7,-3,0,,0,0.0,0.0,-0.0,0
L20-M2,732,731,5,-1,0,,0,0.0,0.0,-0.0,0
L20-M2,733,732,7,-3,0,,0,0.0,0.0,-0.0,0
L20-M2,734,733,2,2,0,,0,0.0,0.0,0.0,0
L20-M2,735,734,3,1,0,,0,0.0,0.0,0.0,0
L20-M2,736,735,1,3,0,,0,0.0,0.0,0.0,0
L20-M2,737,736,2,2,0,,0,0.0,0.0,0.0,0
L20-M2,738,737,1,3,0,,0,0.0,0.0,0.0,0
L20-M2,739,738,4,0,0,,0,0.0,0.0,0.0,0
L20-M2,740,739,4,0,0,,0,0.0,0.0,0.0,0
L20-M2,741,740,7,-3,0,,0,0.0,0.0,-0.0,0
L20-M2,742,741,2,2,0,,0,0.0,0.0,0.0,0
L20-M2,743,742,1,3,0,,0,0.0,0.0,0.0,0
L20-M2,744,743,1,3,0,,0,0.0,0.0,0.0,0
L20-M2,745,744,7,-3,0,,0,0.0,0.0,-0.0,0
L20-M2,746,745,5,-1,0,,0,0.0,0.0,-0.0,0
L20-M2,747,746,3,1,0,,0,0.0,0.0,0.0,0
L20-M2,748,747,5,-1,0,,0,0.0,0.0,-0.0,0
L20-M2,749,748,5,-1,0,,0,0.0,0.0,-0.0,0
L20-M2,750,749,6,-2,0,,0,0.0,0.0,-0.0,0
L20-M2,751,750,3,1,0,,0,0.0,0.0,0.0,0
L20-M2,752,751,4,0,0,,0,0.0,0.0,0.0,0
L20-M2,753,752,2,2,0,,0,0.0,0.0,0.0,0
L20-M2,754,753,2,2,0,,0,0.0,0.0,0.0,0
L20-M2,755,754,7,-3,0,,0,0.0,0.0,-0.0,0
L20-M2,756,755,7,-3,0,,0,0.0,0.0,-0.0,0
L20-M2,757,756,1,3,0,,0,0.0,0.0,0.0,0
L20-M2,758,757,1,3,0,,0,0.0,0.0,0.0,0
L20-M2,759,758,4,0,0,,0,0.0,0.0,0.0,0
L20-M2,760,759,2,2,0,,0,0.0,0.0,0.0,0
L20-M2,761,760,2,2,0,,0,0.0,0.0,0.0,0
L20-M2,762,761,5,-1,0,,0,0.0,0.0,-0.0,0
L20-M2,763,762,4,0,0,,0,0.0,0.0,0.0,0
L20-M2,764,763,3,1,0,,0,0.0,0.0,0.0,0
L20-M2,765,764,2,2,0,,0,0.0,0.0,0.0,0
L20-M2,766,765,5,-1,0,,0,0.0,0.0,-0.0,0
L20-M2,767,766,2,2,0,,0,0.0,0.0,0.0,0
L20-M2,768,767,4,0,0,,0,0.0,0.0,0.0,0
L20-M2,769,768,1,3,0,,0,0.0,0.0,0.0,0
L20-M2,770,769,1,3,0,,0,0.0,0.0,0.0,0
L20-M2,771,770,5,-1,0,,0,0.0,0.0,-0.0,0
L20-M2,772,771,7,-3,0,,0,0.0,0.0,-0.0,0
L20-M2,773,772,6,-2,0,,0,0.0,0.0,-0.0,0
L20-M2,774,773,7,-3,0,,0,0.0,0.0,-0.0,0
L20-M2,775,774,1,3,0,,0,0.0,0.0,0.0,0
L20-M2,776,775,3,1,0,,0,0.0,0.0,0.0,0
L20-M2,777,776,4,0,0,,0,0.0,0.0,0.0,0
L20-M2,778,777,4,0,0,,0,0.0,0.0,0.0,0
L20-M2,779,778,2,2,0,,0,0.0,0.0,0.0,0
L20-M2,780,779,1,3,0,,0,0.0,0.0,0.0,0
L20-M2,781,780,2,2,0,,0,0.0,0.0,0.0,0
L20-M2,782,781,7,-3,0,,0,0.0,0.0,-0.0,0
L20-M2,783,782,3,1,2,25 26,0,0.26666666666666666,-0.26666666666666666,-0.26666666666666666,0
L20-M2,784,783,5,-1,2,25 26,0,0.26666666666666666,-0.26666666666666666,0.26666666666666666,0
L20-M2,785,784,3,1,2,25 26,2,0.26666666666666666,1.7333333333333334,1.7333333333333334,0
L20-M2,786,785,7,-3,0,,0,0.0,0.0,-0.0,0
L20-M2,787,786,7,-3,0,,0,0.0,0.0,-0.0,0
L20-M2,788,787,3,1,0,,0,0.0,0.0,0.0,0
L20-M2,789,788,5,-1,0,,0,0.0,0.0,-0.0,0
L20-M2,790,789,6,-2,0,,0,0.0,0.0,-0.0,0
L20-M2,791,790,3,1,2,43 44,0,0.26666666666666666,-0.26666666666666666,-0.26666666666666666,0
L20-M2,792,791,5,-1,2,43 44,0,0.26666666666666666,-0.26666666666666666,0.26666666666666666,0
L20-M2,793,792,3,1,2,43 44,1,0.26666666666666666,0.7333333333333334,0.7333333333333334,0
L20-M2,794,793,4,0,0,,0,0.0,0.0,0.0,0
L20-M2,795,794,3,1,0,,0,0.0,0.0,0.0,0
L20-M2,796,795,6,-2,0,,0,0.0,0.0,-0.0,0
L20-M2,797,796,2,2,0,,0,0.0,0.0,0.0,0
L20-M2,798,797,5,-1,0,,0,0.0,0.0,-0.0,0
L20-M2,799,798,7,-3,0,,0,0.0,0.0,-0.0,0
L20-M2,800,799,4,0,0,,0,0.0,0.0,0.0,0
L20-M2,801,800,5,-1,0,,0,0.0,0.0,-0.0,0
L20-M2,802,801,1,3,0,,0,0.0,0.0,0.0,0
L20-M2,803,802,6,-2,0,,0,0.0,0.0,-0.0,0
L20-M2,804,803,1,3,0,,0,0.0,0.0,0.0,0
L20-M2,805,804,2,2,0,,0,0.0,0.0,0.0,0
L20-M2,806,805,7,-3,0,,0,0.0,0.0,-0.0,0
L20-M2,807,806,4,0,0,,0,0.0,0.0,0.0,0
L20-M2,808,807,5,-1,0,,0,0.0,0.0,-0.0,0
L20-M2,809,808,3,1,0,,0,0.0,0.0,0.0,0
L20-M2,810,809,6,-2,0,,0,0.0,0.0,-0.0,0
L20-M2,811,810,3,1,0,,0,0.0,0.0,0.0,0
L20-M2,812,811,5,-1,0,,0,0.0,0.0,-0.0,0
L20-M2,813,812,3,1,0,,0,0.0,0.0,0.0,0
L20-M2,814,813,2,2,0,,0,0.0,0.0,0.0,0
L20-M2,815,814,4,0,0,,0,0.0,0.0,0.0,0
L20-M2,816,815,1,3,0,,0,0.0,0.0,0.0,0
L20-M2,817,816,1,3,0,,0,0.0,0.0,0.0,0
L20-M2,818,817,6,-2,0,,0,0.0,0.0,-0.0,0
L20-M2,819,818,1,3,0,,0,0.0,0.0,0.0,0
L20-M2,820,819,1,3,0,,0,0.0,0.0,0.0,0
L20-M2,821,820,1,3,0,,0,0.0,0.0,0.0,0
L20-M2,822,821,4,0,0,,0,0.0,0.0,0.0,0
L20-M2,823,822,2,2,0,,0,0.0,0.0,0.0,0
L20-M2,824,823,2,2,0,,0,0.0,0.0,0.0,0
L20-M2,825,824,4,0,0,,0,0.0,0.0,0.0,0
L20-M2,826,825,7,-3,0,,0,0.0,0.0,-0.0,0
L20-M2,827,826,7,-3,0,,0,0.0,0.0,-0.0,0
L20-M2,828,827,4,0,0,,0,0.0,0.0,0.0,0
L20-M2,829,828,4,0,0,,0,0.0,0.0,0.0,0
L20-M2,830,829,3,1,0,,0,0.0,0.0,0.0,0
L20-M2,831,830,4,0,0,,0,0.0,0.0,0.0,0
L20-M2,832,831,2,2,0,,0,0.0,0.0,0.0,0
L20-M2,833,832,5,-1,0,,0,0.0,0.0,-0.0,0
L20-M2,834,833,3,1,0,,0,0.0,0.0,0.0,0
L20-M2,835,834,1,3,0,,0,0.0,0.0,0.0,0
L20-M2,836,835,5,-1,0,,0,0.0,0.0,-0.0,0
L20-M2,837,836,5,-1,0,,0,0.0,0.0,-0.0,0
L20-M2,838,837,2,2,0,,0,0.0,0.0,0.0,0
L20-M2,839,838,4,0,0,,0,0.0,0.0,0.0,0
L20-M2,840,839,7,-3,0,,0,0.0,0.0,-0.0,0
L20-M2,841,840,4,0,2,22 23,0,0.26666666666666666,-0.26666666666666666,-0.0,0
L20-M2,842,841,4,0,2,22 23,0,0.26666666666666666,-0.26666666666666666,-0.0,0
L20-M2,843,842,5,-1,2,22 23,0,0.26666666666666666,-0.26666666666666666,0.26666666666666666,0
L20-M2,844,843,1,3,2,22 23,0,0.26666666666666666,-0.26666666666666666,-0.8,0
L20-M2,845,844,5,-1,2,22 23,0,0.26666666666666666,-0.26666666666666666,0.26666666666666666,0
L20-M2,846,845,2,2,2,22 23,0,0.26666666666666666,-0.26666666666666666,-0.5333333333333333,0
L20-M2,847,846,2,2,3,22 23 24,0,0.4,-0.4,-0.8,0
L20-M2,848,847,3,1,3,22 23 24,1,0.4,0.6,0.6,0
L20-M2,849,848,5,-1,2,23 24,0,0.26666666666666666,-0.26666666666666666,0.26666666666666666,0
L20-M2,850,849,1,3,2,23 24,1,0.26666666666666666,0.7333333333333334,2.2,0
L20-M2,851,850,1,3,0,,0,0.0,0.0,0.0,0
L20-M2,852,851,6,-2,0,,0,0.0,0.0,-0.0,0
L20-M2,853,852,1,3,0,,0,0.0,0.0,0.0,0
L20-M2,854,853,3,1,0,,0,0.0,0.0,0.0,0
L20-M2,855,854,1,3,0,,0,0.0,0.0,0.0,0
L20-M2,856,855,1,3,0,,0,0.0,0.0,0.0,0
L20-M2,857,856,2,2,0,,0,0.0,0.0,0.0,0
L20-M2,858,857,7,-3,0,,0,0.0,0.0,-0.0,0
L20-M2,859,858,3,1,0,,0,0.0,0.0,0.0,0
L20-M2,860,859,3,1,0,,0,0.0,0.0,0.0,0
L20-M2,861,860,7,-3,0,,0,0.0,0.0,-0.0,0
L20-M2,862,861,6,-2,0,,0,0.0,0.0,-0.0,0
L20-M2,863,862,2,2,0,,0,0.0,0.0,0.0,0
L20-M2,864,863,1,3,0,,0,0.0,0.0,0.0,0
L20-M2,865,864,6,-2,0,,0,0.0,0.0,-0.0,0
L20-M2,866,865,1,3,0,,0,0.0,0.0,0.0,0
L20-M2,867,866,2,2,0,,0,0.0,0.0,0.0,0
L20-M2,868,867,7,-3,0,,0,0.0,0.0,-0.0,0
L20-M2,869,868,3,1,0,,0,0.0,0.0,0.0,0
L20-M2,870,869,2,2,0,,0,0.0,0.0,0.0,0
L20-M2,871,870,4,0,0,,0,0.0,0.0,0.0,0
L20-M2,872,871,7,-3,0,,0,0.0,0.0,-0.0,0
L20-M2,873,872,3,1,0,,0,0.0,0.0,0.0,0
L20-M2,874,873,6,-2,0,,0,0.0,0.0,-0.0,0
L20-M2,875,874,6,-2,0,,0,0.0,0.0,-0.0,0
L20-M2,876,875,5,-1,0,,0,0.0,0.0,-0.0,0
L20-M2,877,876,4,0,0,,0,0.0,0.0,0.0,0
L20-M2,878,877,2,2,0,,0,0.0,0.0,0.0,0
L20-M2,879,878,2,2,0,,0,0.0,0.0,0.0,0
L20-M2,880,879,6,-2,0,,0,0.0,0.0,-0.0,0
L20-M2,881,880,6,-2,0,,0,0.0,0.0,-0.0,0
L20-M2,882,881,2,2,0,,0,0.0,0.0,0.0,0
L20-M2,883,882,2,2,0,,0,0.0,0.0,0.0,0
L20-M2,884,883,3,1,0,,0,0.0,0.0,0.0,0
L20-M2,885,884,3,1,0,,0,0.0,0.0,0.0,0
L20-M2,886,885,5,-1,0,,0,0.0,0.0,-0.0,0
L20-M2,887,886,1,3,0,,0,0.0,0.0,0.0,0
L20-M2,888,887,2,2,0,,0,0.0,0.0,0.0,0
L20-M2,889,888,5,-1,0,,0,0.0,0.0,-0.0,0
L20-M2,890,889,3,1,0,,0,0.0,0.0,0.0,0
L20-M2,891,890,3,1,2,40 41,1,0.26666666666666666,0.7333333333333334,0.7333333333333334,0
L20-M2,892,891,3,1,0,,0,0.0,0.0,0.0,0
L20-M2,893,892,6,-2,0,,0,0.0,0.0,-0.0,0
L20-M2,894,893,2,2,0,,0,0.0,0.0,0.0,0
L20-M2,895,894,7,-3,0,,0,0.0,0.0,-0.0,0
L20-M2,896,895,2,2,0,,0,0.0,0.0,0.0,0
L20-M2,897,896,3,1,0,,0,0.0,0.0,0.0,0
L20-M2,898,897,6,-2,0,,0,0.0,0.0,-0.0,0
L20-M2,899,898,1,3,0,,0,0.0,0.0,0.0,0
L20-M2,900,899,6,-2,2,10 11,0,0.26666666666666666,-0.26666666666666666,0.5333333333333333,0
L20-M2,901,900,3,1,2,10 11,0,0.26666666666666666,-0.26666666666666666,-0.26666666666666666,0
L20-M2,902,901,4,0,2,10 11,0,0.26666666666666666,-0.26666666666666666,-0.0,0
L20-M2,903,902,5,-1,2,10 11,0,0.26666666666666666,-0.26666666666666666,0.26666666666666666,0
L20-M2,904,903,7,-3,2,10 11,0,0.26666666666666666,-0.26666666666666666,0.8,0
L20-M2,905,904,4,0,2,10 11,0,0.26666666666666666,-0.26666666666666666,-0.0,0
L20-M2,906,905,4,0,2,10 11,0,0.26666666666666666,-0.26666666666666666,-0.0,0
L20-M2,907,906,4,0,2,10 11,0,0.26666666666666666,-0.26666666666666666,-0.0,0
L20-M2,908,907,4,0,2,10 11,0,0.26666666666666666,-0.26666666666666666,-0.0,0
L20-M2,909,908,6,-2,2,10 11,0,0.26666666666666666,-0.26666666666666666,0.5333333333333333,0
L20-M2,910,909,5,-1,2,10 11,1,0.26666666666666666,0.7333333333333334,-0.7333333333333334,0
L20-M2,911,910,5,-1,0,,0,0.0,0.0,-0.0,0
L20-M2,912,911,6,-2,0,,0,0.0,0.0,-0.0,0
L20-M2,913,912,3,1,2,9 10,0,0.26666666666666666,-0.26666666666666666,-0.26666666666666666,0
L20-M2,914,913,7,-3,2,9 10,0,0.26666666666666666,-0.26666666666666666,0.8,0
L20-M2,915,914,4,0,2,9 10,0,0.26666666666666666,-0.26666666666666666,-0.0,0
L20-M2,916,915,5,-1,2,9 10,0,0.26666666666666666,-0.26666666666666666,0.26666666666666666,0
L20-M2,917,916,2,2,2,9 10,0,0.26666666666666666,-0.26666666666666666,-0.5333333333333333,0
L20-M2,918,917,6,-2,2,9 10,0,0.26666666666666666,-0.26666666666666666,0.5333333333333333,0
L20-M2,919,918,1,3,2,9 10,1,0.26666666666666666,0.7333333333333334,2.2,0
L20-M2,920,919,5,-1,0,,0,0.0,0.0,-0.0,0
L20-M2,921,920,4,0,0,,0,0.0,0.0,0.0,0
L20-M2,922,921,1,3,0,,0,0.0,0.0,0.0,0
L20-M2,923,922,6,-2,0,,0,0.0,0.0,-0.0,0
L20-M2,924,923,5,-1,0,,0,0.0,0.0,-0.0,0
L20-M2,925,924,3,1,0,,0,0.0,0.0,0.0,0
L20-M2,926,925,1,3,0,,0,0.0,0.0,0.0,0
L20-M2,927,926,1,3,0,,0,0.0,0.0,0.0,0
L20-M2,928,927,4,0,0,,0,0.0,0.0,0.0,0
L20-M2,929,928,6,-2,0,,0,0.0,0.0,-0.0,0
L20-M2,930,929,1,3,2,29 30,0,0.26666666666666666,-0.26666666666666666,-0.8,0
L20-M2,931,930,4,0,2,29 30,0,0.26666666666666666,-0.26666666666666666,-0.0,0
L20-M2,932,931,5,-1,2,29 30,0,0.26666666666666666,-0.26666666666666666,0.26666666666666666,0
L20-M2,933,932,2,2,2,29 30,1,0.26666666666666666,0.7333333333333334,1.4666666666666668,0
L20-M2,934,933,6,-2,0,,0,0.0,0.0,-0.0,0
L20-M2,935,934,3,1,0,,0,0.0,0.0,0.0,0
L20-M2,936,935,3,1,0,,0,0.0,0.0,0.0,0
L20-M2,937,936,7,-3,0,,0,0.0,0.0,-0.0,0
L20-M2,938,937,5,-1,0,,0,0.0,0.0,-0.0,0
L20-M2,939,938,3,1,0,,0,0.0,0.0,0.0,0
L20-M2,940,939,2,2,0,,0,0.0,0.0,0.0,0
L20-M2,941,940,2,2,0,,0,0.0,0.0,0.0,0
L20-M2,942,941,5,-1,0,,0,0.0,0.0,-0.0,0
L20-M2,943,942,5,-1,0,,0,0.0,0.0,-0.0,0
L20-M2,944,943,5,-1,0,,0,0.0,0.0,-0.0,0
L20-M2,945,944,7,-3,0,,0,0.0,0.0,-0.0,0
L20-M2,946,945,4,0,0,,0,0.0,0.0,0.0,0
L20-M2,947,946,4,0,0,,0,0.0,0.0,0.0,0
L20-M2,948,947,5,-1,0,,0,0.0,0.0,-0.0,0
L20-M2,949,948,1,3,0,,0,0.0,0.0,0.0,0
L20-M2,950,949,3,1,0,,0,0.0,0.0,0.0,0
L20-M2,951,950,3,1,0,,0,0.0,0.0,0.0,0
L20-M2,952,951,5,-1,0,,0,0.0,0.0,-0.0,0
L20-M2,953,952,6,-2,2,5 6,0,0.26666666666666666,-0.26666666666666666,0.5333333333333333,0
L20-M2,954,953,5,-1,2,5 6,0,0.26666666666666666,-0.26666666666666666,0.26666666666666666,0
L20-M2,955,954,6,-2,2,5 6,0,0.26666666666666666,-0.26666666666666666,0.5333333333333333,0
L20-M2,956,955,2,2,2,5 6,0,0.26666666666666666,-0.26666666666666666,-0.5333333333333333,0
L20-M2,957,956,6,-2,2,5 6,0,0.26666666666666666,-0.26666666666666666,0.5333333333333333,0
L20-M2,958,957,1,3,2,5 6,0,0.26666666666666666,-0.26666666666666666,-0.8,0
L20-M2,959,958,1,3,2,5 6,0,0.26666666666666666,-0.26666666666666666,-0.8,0
L20-M2,960,959,5,-1,2,5 6,0,0.26666666666666666,-0.26666666666666666,0.26666666666666666,0
L20-M2,961,960,2,2,2,5 6,0,0.26666666666666666,-0.26666666666666666,-0.5333333333333333,0
L20-M2,962,961,7,-3,2,5 6,0,0.26666666666666666,-0.26666666666666666,0.8,0
L20-M2,963,962,6,-2,2,5 6,1,0.26666666666666666,0.7333333333333334,-1.4666666666666668,0
L20-M2,964,963,6,-2,0,,0,0.0,0.0,-0.0,0
L20-M2,965,964,3,1,0,,0,0.0,0.0,0.0,0
L20-M2,966,965,6,-2,0,,0,0.0,0.0,-0.0,0
L20-M2,967,966,6,-2,0,,0,0.0,0.0,-0.0,0
L20-M2,968,967,3,1,0,,0,0.0,0.0,0.0,0
L20-M2,969,968,6,-2,0,,0,0.0,0.0,-0.0,0
L20-M2,970,969,2,2,0,,0,0.0,0.0,0.0,0
L20-M2,971,970,1,3,0,,0,0.0,0.0,0.0,0
L20-M2,972,971,3,1,0,,0,0.0,0.0,0.0,0
L20-M2,973,972,5,-1,0,,0,0.0,0.0,-0.0,0
L20-M2,974,973,2,2,2,7 8,0,0.26666666666666666,-0.26666666666666666,-0.5333333333333333,0
L20-M2,975,974,5,-1,2,7 8,2,0.26666666666666666,1.7333333333333334,-1.7333333333333334,0
L20-M2,976,975,1,3,0,,0,0.0,0.0,0.0,0
L20-M2,977,976,1,3,0,,0,0.0,0.0,0.0,0
L20-M2,978,977,5,-1,0,,0,0.0,0.0,-0.0,0
L20-M2,979,978,3,1,0,,0,0.0,0.0,0.0,0
L20-M2,980,979,5,-1,0,,0,0.0,0.0,-0.0,0
L20-M2,981,980,3,1,0,,0,0.0,0.0,0.0,0
L20-M2,982,981,2,2,0,,0,0.0,0.0,0.0,0
L20-M2,983,982,6,-2,0,,0,0.0,0.0,-0.0,0
L20-M2,984,983,2,2,0,,0,0.0,0.0,0.0,0
L20-M2,985,984,3,1,0,,0,0.0,0.0,0.0,0
L20-M2,986,985,2,2,0,,0,0.0,0.0,0.0,0
L20-M2,987,986,5,-1,0,,0,0.0,0.0,-0.0,0
L20-M2,988,987,3,1,0,,0,0.0,0.0,0.0,0
L20-M2,989,988,4,0,0,,0,0.0,0.0,0.0,0
L20-M2,990,989,4,0,0,,0,0.0,0.0,0.0,0
L20-M2,991,990,5,-1,0,,0,0.0,0.0,-0.0,0
L20-M2,992,991,6,-2,0,,0,0.0,0.0,-0.0,0
L20-M2,993,992,3,1,0,,0,0.0,0.0,0.0,0
L20-M2,994,993,7,-3,0,,0,0.0,0.0,-0.0,0
L20-M2,995,994,6,-2,2,39 40,1,0.26666666666666666,0.7333333333333334,-1.4666666666666668,0
L20-M2,996,995,3,1,0,,0,0.0,0.0,0.0,0
L20-M2,997,996,5,-1,0,,0,0.0,0.0,-0.0,0
L20-M2,998,997,5,-1,0,,0,0.0,0.0,-0.0,0
L20-M2,999,998,5,-1,0,,0,0.0,0.0,-0.0,0
L20-M2,1000,999,7,-3,0,,0,0.0,0.0,-0.0,0
L20-M2,1001,1000,6,-2,0,,0,0.0,0.0,-0.0,0
L20-M2,1002,1001,5,-1,0,,0,0.0,0.0,-0.0,0
L20-M2,1003,1002,1,3,0,,0,0.0,0.0,0.0,0
L20-M2,1004,1003,4,0,0,,0,0.0,0.0,0.0,0
L20-M2,1005,1004,3,1,0,,0,0.0,0.0,0.0,0
L20-M2,1006,1005,3,1,0,,0,0.0,0.0,0.0,0
L20-M2,1007,1006,6,-2,0,,0,0.0,0.0,-0.0,0
L20-M2,1008,1007,7,-3,0,,0,0.0,0.0,-0.0,0
L20-M2,1009,1008,5,-1,0,,0,0.0,0.0,-0.0,0
L20-M2,1010,1009,2,2,0,,0,0.0,0.0,0.0,0
L20-M2,1011,1010,1,3,0,,0,0.0,0.0,0.0,0
L20-M2,1012,1011,7,-3,0,,0,0.0,0.0,-0.0,0
L20-M2,1013,1012,1,3,0,,0,0.0,0.0,0.0,0
L20-M2,1014,1013,4,0,0,,0,0.0,0.0,0.0,0
L20-M2,1015,1014,5,-1,0,,0,0.0,0.0,-0.0,0
L20-M2,1016,1015,7,-3,0,,0,0.0,0.0,-0.0,0
L20-M2,1017,1016,7,-3,0,,0,0.0,0.0,-0.0,0
L20-M2,1018,1017,6,-2,0,,0,0.0,0.0,-0.0,0
L20-M2,1019,1018,5,-1,0,,0,0.0,0.0,-0.0,0
L20-M2,1020,1019,3,1,0,,0,0.0,0.0,0.0,0
L20-M2,1021,1020,1,3,0,,0,0.0,0.0,0.0,0
L20-M2,1022,1021,3,1,0,,0,0.0,0.0,0.0,0
L20-M2,1023,1022,4,0,0,,0,0.0,0.0,0.0,0
L20-M2,1024,1023,5,-1,0,,0,0.0,0.0,-0.0,0
L20-M2,1025,1024,2,2,0,,0,0.0,0.0,0.0,0
L20-M2,1026,1025,1,3,0,,0,0.0,0.0,0.0,0
L20-M2,1027,1026,6,-2,0,,0,0.0,0.0,-0.0,0
L20-M2,1028,1027,1,3,0,,0,0.0,0.0,0.0,0
L20-M2,1029,1028,6,-2,0,,0,0.0,0.0,-0.0,0
L20-M2,1030,1029,2,2,0,,0,0.0,0.0,0.0,0
L20-M2,1031,1030,3,1,0,,0,0.0,0.0,0.0,0
L20-M2,1032,1031,3,1,0,,0,0.0,0.0,0.0,0
L20-M2,1033,1032,5,-1,0,,0,0.0,0.0,-0.0,0
L20-M2,1034,1033,2,2,0,,0,0.0,0.0,0.0,0
L20-M2,1035,1034,1,3,0,,0,0.0,0.0,0.0,0
L20-M2,1036,1035,1,3,0,,0,0.0,0.0,0.0,0
L20-M2,1037,1036,6,-2,0,,0,0.0,0.0,-0.0,0
L20-M2,1038,1037,6,-2,0,,0,0.0,0.0,-0.0,0
L20-M2,1039,1038,1,3,0,,0,0.0,0.0,0.0,0
L20-M2,1040,1039,5,-1,0,,0,0.0,0.0,-0.0,0
L20-M2,1041,1040,2,2,0,,0,0.0,0.0,0.0,0
L20-M2,1042,1041,7,-3,0,,0,0.0,0.0,-0.0,0
L20-M2,1043,1042,1,3,0,,0,0.0,0.0,0.0,0
L20-M2,1044,1043,4,0,0,,0,0.0,0.0,0.0,0
L20-M2,1045,1044,1,3,0,,0,0.0,0.0,0.0,0
L20-M2,1046,1045,6,-2,0,,0,0.0,0.0,-0.0,0
L20-M2,1047,1046,4,0,0,,0,0.0,0.0,0.0,0
L20-M2,1048,1047,3,1,0,,0,0.0,0.0,0.0,0
L20-M2,1049,1048,5,-1,0,,0,0.0,0.0,-0.0,0
L20-M2,1050,1049,4,0,0,,0,0.0,0.0,0.0,0
L20-M2,1051,1050,3,1,0,,0,0.0,0.0,0.0,0
L20-M2,1052,1051,7,-3,0,,0,0.0,0.0,-0.0,0
L20-M2,1053,1052,1,3,0,,0,0.0,0.0,0.0,0
L20-M2,1054,1053,1,3,0,,0,0.0,0.0,0.0,0
L20-M2,1055,1054,6,-2,0,,0,0.0,0.0,-0.0,0
L20-M2,1056,1055,6,-2,0,,0,0.0,0.0,-0.0,0
L20-M2,1057,1056,4,0,0,,0,0.0,0.0,0.0,0
L20-M2,1058,1057,2,2,0,,0,0.0,0.0,0.0,0
L20-M2,1059,1058,7,-3,0,,0,0.0,0.0,-0.0,0
L20-M2,1060,1059,5,-1,0,,0,0.0,0.0,-0.0,0
L20-M2,1061,1060,5,-1,0,,0,0.0,0.0,-0.0,0
L20-M2,1062,1061,2,2,0,,0,0.0,0.0,0.0,0
L20-M2,1063,1062,1,3,0,,0,0.0,0.0,0.0,0
L20-M2,1064,1063,6,-2,0,,0,0.0,0.0,-0.0,0
L20-M2,1065,1064,4,0,0,,0,0.0,0.0,0.0,0
L20-M2,1066,1065,5,-1,0,,0,0.0,0.0,-0.0,0
L20-M2,1067,1066,7,-3,0,,0,0.0,0.0,-0.0,0
L20-M2,1068,1067,3,1,2,1 2,0,0.26666666666666666,-0.26666666666666666,-0.26666666666666666,0
L20-M2,1069,1068,1,3,2,1 2,1,0.26666666666666666,0.7333333333333334,2.2,0
L20-M2,1070,1069,7,-3,0,,0,0.0,0.0,-0.0,0
L20-M2,1071,1070,6,-2,3,42 43 44,0,0.4,-0.4,0.8,0
L20-M2,1072,1071,7,-3,3,42 43 44,1,0.4,0.6,-1.7999999999999998,0
L20-M2,1073,1072,5,-1,0,,0,0.0,0.0,-0.0,0
L20-M2,1074,1073,2,2,0,,0,0.0,0.0,0.0,0
L20-M2,1075,1074,3,1,0,,0,0.0,0.0,0.0,0
L20-M2,1076,1075,2,2,0,,0,0.0,0.0,0.0,0
L20-M2,1077,1076,4,0,0,,0,0.0,0.0,0.0,0
L20-M2,1078,1077,5,-1,2,12 13,0,0.26666666666666666,-0.26666666666666666,0.26666666666666666,0
L20-M2,1079,1078,7,-3,2,12 13,0,0.26666666666666666,-0.26666666666666666,0.8,0
L20-M2,1080,1079,2,2,2,12 13,1,0.26666666666666666,0.7333333333333334,1.4666666666666668,0
L20-M2,1081,1080,6,-2,0,,0,0.0,0.0,-0.0,0
L20-M2,1082,1081,4,0,0,,0,0.0,0.0,0.0,0
L20-M2,1083,1082,4,0,0,,0,0.0,0.0,0.0,0
L20-M2,1084,1083,5,-1,0,,0,0.0,0.0,-0.0,0
L20-M2,1085,1084,1,3,0,,0,0.0,0.0,0.0,0
L20-M2,1086,1085,5,-1,0,,0,0.0,0.0,-0.0,0
L20-M2,1087,1086,7,-3,0,,0,0.0,0.0,-0.0,0
L20-M2,1088,1087,3,1,0,,0,0.0,0.0,0.0,0
L20-M2,1089,1088,5,-1,0,,0,0.0,0.0,-0.0,0
L20-M2,1090,1089,5,-1,0,,0,0.0,0.0,-0.0,0
L20-M2,1091,1090,1,3,0,,0,0.0,0.0,0.0,0
L20-M2,1092,1091,7,-3,0,,0,0.0,0.0,-0.0,0
L20-M2,1093,1092,6,-2,0,,0,0.0,0.0,-0.0,0
L20-M2,1094,1093,7,-3,0,,0,0.0,0.0,-0.0,0
L20-M2,1095,1094,7,-3,0,,0,0.0,0.0,-0.0,0
L20-M2,1096,1095,2,2,0,,0,0.0,0.0,0.0,0
L20-M2,1097,1096,6,-2,0,,0,0.0,0.0,-0.0,0
L20-M2,1098,1097,1,3,0,,0,0.0,0.0,0.0,0
L20-M2,1099,1098,2,2,0,,0,0.0,0.0,0.0,0
L20-M2,1100,1099,2,2,0,,0,0.0,0.0,0.0,0
L20-M2,1101,1100,1,3,0,,0,0.0,0.0,0.0,0
L20-M2,1102,1101,6,-2,0,,0,0.0,0.0,-0.0,0
L20-M2,1103,1102,3,1,0,,0,0.0,0.0,0.0,0
L20-M2,1104,1103,1,3,0,,0,0.0,0.0,0.0,0
L20-M2,1105,1104,2,2,0,,0,0.0,0.0,0.0,0
L20-M2,1106,1105,2,2,0,,0,0.0,0.0,0.0,0
L20-M2,1107,1106,5,-1,0,,0,0.0,0.0,-0.0,0
L20-M2,1108,1107,3,1,0,,0,0.0,0.0,0.0,0
L20-M2,1109,1108,4,0,0,,0,0.0,0.0,0.0,0
L20-M2,1110,1109,1,3,0,,0,0.0,0.0,0.0,0
L20-M2,1111,1110,6,-2,0,,0,0.0,0.0,-0.0,0
L20-M2,1112,1111,2,2,0,,0,0.0,0.0,0.0,0
L20-M2,1113,1112,3,1,0,,0,0.0,0.0,0.0,0
L20-M2,1114,1113,1,3,0,,0,0.0,0.0,0.0,0
L20-M2,1115,1114,1,3,0,,0,0.0,0.0,0.0,0
L20-M2,1116,1115,2,2,2,8 9,0,0.26666666666666666,-0.26666666666666666,-0.5333333333333333,0
L20-M2,1117,1116,7,-3,2,8 9,1,0.26666666666666666,0.7333333333333334,-2.2,0
L20-M2,1118,1117,3,1,0,,0,0.0,0.0,0.0,0
L20-M2,1119,1118,1,3,0,,0,0.0,0.0,0.0,0
L20-M2,1120,1119,2,2,0,,0,0.0,0.0,0.0,0
L20-M2,1121,1120,5,-1,0,,0,0.0,0.0,-0.0,0
L20-M2,1122,1121,2,2,2,27 28,0,0.26666666666666666,-0.26666666666666666,-0.5333333333333333,0
L20-M2,1123,1122,4,0,2,27 28,0,0.26666666666666666,-0.26666666666666666,-0.0,0
L20-M2,1124,1123,5,-1,2,27 28,0,0.26666666666666666,-0.26666666666666666,0.26666666666666666,0
L20-M2,1125,1124,4,0,2,27 28,0,0.26666666666666666,-0.26666666666666666,-0.0,0
L20-M2,1126,1125,4,0,2,27 28,0,0.26666666666666666,-0.26666666666666666,-0.0,0
L20-M2,1127,1126,3,1,3,27 28 29,0,0.4,-0.4,-0.4,0
L20-M2,1128,1127,6,-2,3,27 28 29,1,0.4,0.6,-1.2,0
L20-M2,1129,1128,7,-3,0,,0,0.0,0.0,-0.0,0
L20-M2,1130,1129,5,-1,0,,0,0.0,0.0,-0.0,0
L20-M2,1131,1130,7,-3,0,,0,0.0,0.0,-0.0,0
L20-M2,1132,1131,6,-2,0,,0,0.0,0.0,-0.0,0
L20-M2,1133,1132,1,3,2,42 43,0,0.26666666666666666,-0.26666666666666666,-0.8,0
L20-M2,1134,1133,4,0,2,42 43,0,0.26666666666666666,-0.26666666666666666,-0.0,0
L20-M2,1135,1134,6,-2,2,42 43,0,0.26666666666666666,-0.26666666666666666,0.5333333333333333,0
L20-M2,1136,1135,2,2,4,22 23 42 43,1,0.5333333333333333,0.4666666666666667,0.9333333333333333,0
L20-M2,1137,1136,1,3,2,22 23,0,0.26666666666666666,-0.26666666666666666,-0.8,0
L20-M2,1138,1137,5,-1,2,22 23,0,0.26666666666666666,-0.26666666666666666,0.26666666666666666,0
L20-M2,1139,1138,7,-3,2,22 23,0,0.26666666666666666,-0.26666666666666666,0.8,0
L20-M2,1140,1139,4,0,2,22 23,1,0.26666666666666666,0.7333333333333334,0.0,0
L20-M2,1141,1140,3,1,0,,0,0.0,0.0,0.0,0
L20-M2,1142,1141,4,0,0,,0,0.0,0.0,0.0,0
L20-M2,1143,1142,3,1,0,,0,0.0,0.0,0.0,0
L20-M2,1144,1143,1,3,0,,0,0.0,0.0,0.0,0
L20-M2,1145,1144,3,1,0,,0,0.0,0.0,0.0,0
L20-M2,1146,1145,4,0,0,,0,0.0,0.0,0.0,0
L20-M2,1147,1146,5,-1,0,,0,0.0,0.0,-0.0,0
L20-M2,1148,1147,6,-2,0,,0,0.0,0.0,-0.0,0
L20-M2,1149,1148,7,-3,0,,0,0.0,0.0,-0.0,0
L20-M2,1150,1149,7,-3,0,,0,0.0,0.0,-0.0,0
L20-M2,1151,1150,4,0,0,,0,0.0,0.0,0.0,0
L20-M2,1152,1151,3,1,0,,0,0.0,0.0,0.0,0
L20-M2,1153,1152,1,3,0,,0,0.0,0.0,0.0,0
L20-M2,1154,1153,2,2,0,,0,0.0,0.0,0.0,0
L20-M2,1155,1154,5,-1,0,,0,0.0,0.0,-0.0,0
L20-M2,1156,1155,2,2,0,,0,0.0,0.0,0.0,0
L20-M2,1157,1156,1,3,0,,0,0.0,0.0,0.0,0
L20-M2,1158,1157,7,-3,0,,0,0.0,0.0,-0.0,0
L20-M2,1159,1158,1,3,0,,0,0.0,0.0,0.0,0
L20-M2,1160,1159,2,2,0,,0,0.0,0.0,0.0,0
L20-M2,1161,1160,4,0,0,,0,0.0,0.0,0.0,0
L20-M2,1162,1161,6,-2,0,,0,0.0,0.0,-0.0,0
L20-M2,1163,1162,1,3,0,,0,0.0,0.0,0.0,0
L20-M2,1164,1163,2,2,0,,0,0.0,0.0,0.0,0
L20-M2,1165,1164,3,1,0,,0,0.0,0.0,0.0,0
L20-M2,1166,1165,3,1,0,,0,0.0,0.0,0.0,0
L20-M2,1167,1166,2,2,0,,0,0.0,0.0,0.0,0
L20-M2,1168,1167,3,1,0,,0,0.0,0.0,0.0,0
L20-M2,1169,1168,4,0,0,,0,0.0,0.0,0.0,0
L20-M2,1170,1169,3,1,0,,0,0.0,0.0,0.0,0
L20-M2,1171,1170,3,1,0,,0,0.0,0.0,0.0,0
L20-M2,1172,1171,7,-3,0,,0,0.0,0.0,-0.0,0
L20-M2,1173,1172,7,-3,0,,0,0.0,0.0,-0.0,0
L20-M2,1174,1173,2,2,0,,0,0.0,0.0,0.0,0
L20-M2,1175,1174,5,-1,0,,0,0.0,0.0,-0.0,0
L20-M2,1176,1175,5,-1,0,,0,0.0,0.0,-0.0,0
L20-M2,1177,1176,5,-1,0,,0,0.0,0.0,-0.0,0
L20-M2,1178,1177,6,-2,0,,0,0.0,0.0,-0.0,0
L20-M2,1179,1178,4,0,0,,0,0.0,0.0,0.0,0
L20-M2,1180,1179,4,0,0,,0,0.0,0.0,0.0,0
L20-M2,1181,1180,1,3,0,,0,0.0,0.0,0.0,0
L20-M2,1182,1181,5,-1,0,,0,0.0,0.0,-0.0,0
L20-M2,1183,1182,4,0,0,,0,0.0,0.0,0.0,0
L20-M2,1184,1183,6,-2,0,,0,0.0,0.0,-0.0,0
L20-M2,1185,1184,7,-3,0,,0,0.0,0.0,-0.0,0
L20-M2,1186,1185,7,-3,0,,0,0.0,0.0,-0.0,0
L20-M2,1187,1186,7,-3,0,,0,0.0,0.0,-0.0,0
L20-M2,1188,1187,7,-3,0,,0,0.0,0.0,-0.0,0
L20-M2,1189,1188,3,1,0,,0,0.0,0.0,0.0,0
L20-M2,1190,1189,4,0,0,,0,0.0,0.0,0.0,0
L20-M2,1191,1190,6,-2,0,,0,0.0,0.0,-0.0,0
L20-M2,1192,1191,2,2,0,,0,0.0,0.0,0.0,0
L20-M2,1193,1192,2,2,0,,0,0.0,0.0,0.0,0
L20-M2,1194,1193,4,0,0,,0,0.0,0.0,0.0,0
L20-M2,1195,1194,1,3,0,,0,0.0,0.0,0.0,0
L20-M2,1196,1195,7,-3,0,,0,0.0,0.0,-0.0,0
L20-M2,1197,1196,3,1,0,,0,0.0,0.0,0.0,0
L20-M2,1198,1197,6,-2,0,,0,0.0,0.0,-0.0,0
L20-M2,1199,1198,1,3,0,,0,0.0,0.0,0.0,0
L20-M2,1200,1199,1,3,0,,0,0.0,0.0,0.0,0
L20-M2,1201,1200,7,-3,0,,0,0.0,0.0,-0.0,0
L20-M2,1202,1201,7,-3,0,,0,0.0,0.0,-0.0,0
L20-M2,1203,1202,2,2,0,,0,0.0,0.0,0.0,0
L20-M2,1204,1203,4,0,0,,0,0.0,0.0,0.0,0
L20-M2,1205,1204,3,1,0,,0,0.0,0.0,0.0,0
L20-M2,1206,1205,2,2,0,,0,0.0,0.0,0.0,0
L20-M2,1207,1206,4,0,0,,0,0.0,0.0,0.0,0
L20-M2,1208,1207,2,2,0,,0,0.0,0.0,0.0,0
L20-M2,1209,1208,2,2,0,,0,0.0,0.0,0.0,0
L20-M2,1210,1209,4,0,0,,0,0.0,0.0,0.0,0
L20-M2,1211,1210,6,-2,0,,0,0.0,0.0,-0.0,0
L20-M2,1212,1211,1,3,0,,0,0.0,0.0,0.0,0
L20-M2,1213,1212,7,-3,0,,0,0.0,0.0,-0.0,0
L20-M2,1214,1213,1,3,0,,0,0.0,0.0,0.0,0
L20-M2,1215,1214,2,2,2,13 14,1,0.26666666666666666,0.7333333333333334,1.4666666666666668,0
L20-M2,1216,1215,5,-1,0,,0,0.0,0.0,-0.0,0
L20-M2,1217,1216,7,-3,0,,0,0.0,0.0,-0.0,0
L20-M2,1218,1217,7,-3,0,,0,0.0,0.0,-0.0,0
L20-M2,1219,1218,2,2,0,,0,0.0,0.0,0.0,0
L20-M2,1220,1219,5,-1,0,,0,0.0,0.0,-0.0,0
L20-M2,1221,1220,2,2,0,,0,0.0,0.0,0.0,0
L20-M2,1222,1221,2,2,0,,0,0.0,0.0,0.0,0
L20-M2,1223,1222,6,-2,0,,0,0.0,0.0,-0.0,0
L20-M2,1224,1223,4,0,0,,0,0.0,0.0,0.0,0
L20-M2,1225,1224,5,-1,0,,0,0.0,0.0,-0.0,0
L20-M2,1226,1225,5,-1,0,,0,0.0,0.0,-0.0,0
L20-M2,1227,1226,7,-3,0,,0,0.0,0.0,-0.0,0
L20-M2,1228,1227,2,2,0,,0,0.0,0.0,0.0,0
L20-M2,1229,1228,1,3,0,,0,0.0,0.0,0.0,0
L20-M2,1230,1229,3,1,0,,0,0.0,0.0,0.0,0
L20-M2,1231,1230,7,-3,0,,0,0.0,0.0,-0.0,0
L20-M2,1232,1231,4,0,0,,0,0.0,0.0,0.0,0
L20-M2,1233,1232,1,3,0,,0,0.0,0.0,0.0,0
L20-M2,1234,1233,5,-1,0,,0,0.0,0.0,-0.0,0
L20-M2,1235,1234,4,0,0,,0,0.0,0.0,0.0,0
L20-M2,1236,1235,5,-1,0,,0,0.0,0.0,-0.0,0
L20-M2,1237,1236,1,3,0,,0,0.0,0.0,0.0,0
L20-M2,1238,1237,5,-1,0,,0,0.0,0.0,-0.0,0
L20-M3,21,20,7,-3,0,,0,0.0,0.0,-0.0,0
L20-M3,22,21,5,-1,0,,0,0.0,0.0,-0.0,0
L20-M3,23,22,6,-2,0,,0,0.0,0.0,-0.0,0
L20-M3,24,23,7,-3,0,,0,0.0,0.0,-0.0,0
L20-M3,25,24,1,3,0,,0,0.0,0.0,0.0,0
L20-M3,26,25,3,1,0,,0,0.0,0.0,0.0,0
L20-M3,27,26,7,-3,0,,0,0.0,0.0,-0.0,0
L20-M3,28,27,4,0,0,,0,0.0,0.0,0.0,0
L20-M3,29,28,1,3,0,,0,0.0,0.0,0.0,0
L20-M3,30,29,3,1,0,,0,0.0,0.0,0.0,0
L20-M3,31,30,1,3,0,,0,0.0,0.0,0.0,0
L20-M3,32,31,6,-2,0,,0,0.0,0.0,-0.0,0
L20-M3,33,32,2,2,0,,0,0.0,0.0,0.0,0
L20-M3,34,33,3,1,0,,0,0.0,0.0,0.0,0
L20-M3,35,34,1,3,0,,0,0.0,0.0,0.0,0
L20-M3,36,35,6,-2,0,,0,0.0,0.0,-0.0,0
L20-M3,37,36,6,-2,0,,0,0.0,0.0,-0.0,0
L20-M3,38,37,7,-3,0,,0,0.0,0.0,-0.0,0
L20-M3,39,38,5,-1,0,,0,0.0,0.0,-0.0,0
L20-M3,40,39,3,1,0,,0,0.0,0.0,0.0,0
L20-M3,41,40,1,3,0,,0,0.0,0.0,0.0,0
L20-M3,42,41,4,0,0,,0,0.0,0.0,0.0,0
L20-M3,43,42,1,3,0,,0,0.0,0.0,0.0,0
L20-M3,44,43,1,3,0,,0,0.0,0.0,0.0,0
L20-M3,45,44,6,-2,0,,0,0.0,0.0,-0.0,0
L20-M3,46,45,3,1,0,,0,0.0,0.0,0.0,0
L20-M3,47,46,7,-3,0,,0,0.0,0.0,-0.0,0
L20-M3,48,47,4,0,0,,0,0.0,0.0,0.0,0
L20-M3,49,48,1,3,0,,0,0.0,0.0,0.0,0
L20-M3,50,49,5,-1,0,,0,0.0,0.0,-0.0,0
L20-M3,51,50,1,3,0,,0,0.0,0.0,0.0,0
L20-M3,52,51,6,-2,0,,0,0.0,0.0,-0.0,0
L20-M3,53,52,1,3,0,,0,0.0,0.0,0.0,0
L20-M3,54,53,7,-3,0,,0,0.0,0.0,-0.0,0
L20-M3,55,54,6,-2,0,,0,0.0,0.0,-0.0,0
L20-M3,56,55,1,3,0,,0,0.0,0.0,0.0,0
L20-M3,57,56,3,1,0,,0,0.0,0.0,0.0,0
L20-M3,58,57,1,3,0,,0,0.0,0.0,0.0,0
L20-M3,59,58,1,3,0,,0,0.0,0.0,0.0,0
L20-M3,60,59,2,2,0,,0,0.0,0.0,0.0,0
L20-M3,61,60,3,1,0,,0,0.0,0.0,0.0,0
L20-M3,62,61,1,3,0,,0,0.0,0.0,0.0,0
L20-M3,63,62,4,0,0,,0,0.0,0.0,0.0,0
L20-M3,64,63,2,2,0,,0,0.0,0.0,0.0,0
L20-M3,65,64,7,-3,0,,0,0.0,0.0,-0.0,0
L20-M3,66,65,5,-1,0,,0,0.0,0.0,-0.0,0
L20-M3,67,66,7,-3,0,,0,0.0,0.0,-0.0,0
L20-M3,68,67,5,-1,0,,0,0.0,0.0,-0.0,0
L20-M3,69,68,6,-2,0,,0,0.0,0.0,-0.0,0
L20-M3,70,69,6,-2,0,,0,0.0,0.0,-0.0,0
L20-M3,71,70,5,-1,0,,0,0.0,0.0,-0.0,0
L20-M3,72,71,5,-1,0,,0,0.0,0.0,-0.0,0
L20-M3,73,72,1,3,0,,0,0.0,0.0,0.0,0
L20-M3,74,73,5,-1,0,,0,0.0,0.0,-0.0,0
L20-M3,75,74,5,-1,0,,0,0.0,0.0,-0.0,0
L20-M3,76,75,4,0,0,,0,0.0,0.0,0.0,0
L20-M3,77,76,7,-3,0,,0,0.0,0.0,-0.0,0
L20-M3,78,77,5,-1,0,,0,0.0,0.0,-0.0,0
L20-M3,79,78,7,-3,0,,0,0.0,0.0,-0.0,0
L20-M3,80,79,3,1,0,,0,0.0,0.0,0.0,0
L20-M3,81,80,1,3,0,,0,0.0,0.0,0.0,0
L20-M3,82,81,2,2,0,,0,0.0,0.0,0.0,0
L20-M3,83,82,6,-2,0,,0,0.0,0.0,-0.0,0
L20-M3,84,83,3,1,0,,0,0.0,0.0,0.0,0
L20-M3,85,84,1,3,0,,0,0.0,0.0,0.0,0
L20-M3,86,85,4,0,0,,0,0.0,0.0,0.0,0
L20-M3,87,86,3,1,0,,0,0.0,0.0,0.0,0
L20-M3,88,87,5,-1,0,,0,0.0,0.0,-0.0,0
L20-M3,89,88,5,-1,0,,0,0.0,0.0,-0.0,0
L20-M3,90,89,6,-2,0,,0,0.0,0.0,-0.0,0
L20-M3,91,90,1,3,0,,0,0.0,0.0,0.0,0
L20-M3,92,91,5,-1,0,,0,0.0,0.0,-0.0,0
L20-M3,93,92,3,1,0,,0,0.0,0.0,0.0,0
L20-M3,94,93,2,2,0,,0,0.0,0.0,0.0,0
L20-M3,95,94,2,2,0,,0,0.0,0.0,0.0,0
L20-M3,96,95,2,2,0,,0,0.0,0.0,0.0,0
L20-M3,97,96,4,0,0,,0,0.0,0.0,0.0,0
L20-M3,98,97,1,3,0,,0,0.0,0.0,0.0,0
L20-M3,99,98,7,-3,0,,0,0.0,0.0,-0.0,0
L20-M3,100,99,4,0,0,,0,0.0,0.0,0.0,0
L20-M3,101,100,2,2,0,,0,0.0,0.0,0.0,0
L20-M3,102,101,3,1,0,,0,0.0,0.0,0.0,0
L20-M3,103,102,7,-3,0,,0,0.0,0.0,-0.0,0
L20-M3,104,103,2,2,0,,0,0.0,0.0,0.0,0
L20-M3,105,104,5,-1,0,,0,0.0,0.0,-0.0,0
L20-M3,106,105,4,0,0,,0,0.0,0.0,0.0,0
L20-M3,107,106,6,-2,0,,0,0.0,0.0,-0.0,0
L20-M3,108,107,6,-2,0,,0,0.0,0.0,-0.0,0
L20-M3,109,108,2,2,0,,0,0.0,0.0,0.0,0
L20-M3,110,109,3,1,0,,0,0.0,0.0,0.0,0
L20-M3,111,110,1,3,0,,0,0.0,0.0,0.0,0
L20-M3,112,111,3,1,0,,0,0.0,0.0,0.0,0
L20-M3,113,112,7,-3,0,,0,0.0,0.0,-0.0,0
L20-M3,114,113,3,1,0,,0,0.0,0.0,0.0,0
L20-M3,115,114,1,3,0,,0,0.0,0.0,0.0,0
L20-M3,116,115,7,-3,0,,0,0.0,0.0,-0.0,0
L20-M3,117,116,3,1,0,,0,0.0,0.0,0.0,0
L20-M3,118,117,5,-1,0,,0,0.0,0.0,-0.0,0
L20-M3,119,118,7,-3,0,,0,0.0,0.0,-0.0,0
L20-M3,120,119,7,-3,0,,0,0.0,0.0,-0.0,0
L20-M3,121,120,5,-1,0,,0,0.0,0.0,-0.0,0
L20-M3,122,121,1,3,0,,0,0.0,0.0,0.0,0
L20-M3,123,122,2,2,0,,0,0.0,0.0,0.0,0
L20-M3,124,123,4,0,0,,0,0.0,0.0,0.0,0
L20-M3,125,124,1,3,0,,0,0.0,0.0,0.0,0
L20-M3,126,125,3,1,0,,0,0.0,0.0,0.0,0
L20-M3,127,126,1,3,0,,0,0.0,0.0,0.0,0
L20-M3,128,127,6,-2,0,,0,0.0,0.0,-0.0,0
L20-M3,129,128,6,-2,0,,0,0.0,0.0,-0.0,0
L20-M3,130,129,1,3,0,,0,0.0,0.0,0.0,0
L20-M3,131,130,5,-1,0,,0,0.0,0.0,-0.0,0
L20-M3,132,131,7,-3,0,,0,0.0,0.0,-0.0,0
L20-M3,133,132,6,-2,0,,0,0.0,0.0,-0.0,0
L20-M3,134,133,3,1,0,,0,0.0,0.0,0.0,0
L20-M3,135,134,7,-3,0,,0,0.0,0.0,-0.0,0
L20-M3,136,135,3,1,0,,0,0.0,0.0,0.0,0
L20-M3,137,136,2,2,0,,0,0.0,0.0,0.0,0
L20-M3,138,137,3,1,0,,0,0.0,0.0,0.0,0
L20-M3,139,138,3,1,0,,0,0.0,0.0,0.0,0
L20-M3,140,139,3,1,0,,0,0.0,0.0,0.0,0
L20-M3,141,140,2,2,0,,0,0.0,0.0,0.0,0
L20-M3,142,141,1,3,0,,0,0.0,0.0,0.0,0
L20-M3,143,142,3,1,0,,0,0.0,0.0,0.0,0
L20-M3,144,143,1,3,0,,0,0.0,0.0,0.0,0
L20-M3,145,144,7,-3,0,,0,0.0,0.0,-0.0,0
L20-M3,146,145,3,1,0,,0,0.0,0.0,0.0,0
L20-M3,147,146,3,1,0,,0,0.0,0.0,0.0,0
L20-M3,148,147,5,-1,0,,0,0.0,0.0,-0.0,0
L20-M3,149,148,1,3,0,,0,0.0,0.0,0.0,0
L20-M3,150,149,4,0,0,,0,0.0,0.0,0.0,0
L20-M3,151,150,2,2,0,,0,0.0,0.0,0.0,0
L20-M3,152,151,5,-1,0,,0,0.0,0.0,-0.0,0
L20-M3,153,152,7,-3,0,,0,0.0,0.0,-0.0,0
L20-M3,154,153,6,-2,0,,0,0.0,0.0,-0.0,0
L20-M3,155,154,3,1,0,,0,0.0,0.0,0.0,0
L20-M3,156,155,1,3,3,22 23 24,0,0.4,-0.4,-1.2000000000000002,0
L20-M3,157,156,1,3,3,22 23 24,0,0.4,-0.4,-1.2000000000000002,0
L20-M3,158,157,6,-2,3,22 23 24,0,0.4,-0.4,0.8,0
L20-M3,159,158,2,2,3,22 23 24,0,0.4,-0.4,-0.8,0
L20-M3,160,159,4,0,3,22 23 24,0,0.4,-0.4,-0.0,0
L20-M3,161,160,1,3,3,22 23 24,1,0.4,0.6,1.7999999999999998,0
L20-M3,162,161,6,-2,0,,0,0.0,0.0,-0.0,0
L20-M3,163,162,4,0,0,,0,0.0,0.0,0.0,0
L20-M3,164,163,3,1,0,,0,0.0,0.0,0.0,0
L20-M3,165,164,5,-1,0,,0,0.0,0.0,-0.0,0
L20-M3,166,165,6,-2,0,,0,0.0,0.0,-0.0,0
L20-M3,167,166,3,1,0,,0,0.0,0.0,0.0,0
L20-M3,168,167,1,3,0,,0,0.0,0.0,0.0,0
L20-M3,169,168,3,1,0,,0,0.0,0.0,0.0,0
L20-M3,170,169,2,2,0,,0,0.0,0.0,0.0,0
L20-M3,171,170,2,2,0,,0,0.0,0.0,0.0,0
L20-M3,172,171,1,3,0,,0,0.0,0.0,0.0,0
L20-M3,173,172,6,-2,0,,0,0.0,0.0,-0.0,0
L20-M3,174,173,3,1,0,,0,0.0,0.0,0.0,0
L20-M3,175,174,3,1,0,,0,0.0,0.0,0.0,0
L20-M3,176,175,1,3,0,,0,0.0,0.0,0.0,0
L20-M3,177,176,2,2,0,,0,0.0,0.0,0.0,0
L20-M3,178,177,2,2,0,,0,0.0,0.0,0.0,0
L20-M3,179,178,3,1,0,,0,0.0,0.0,0.0,0
L20-M3,180,179,5,-1,0,,0,0.0,0.0,-0.0,0
L20-M3,181,180,5,-1,0,,0,0.0,0.0,-0.0,0
L20-M3,182,181,6,-2,0,,0,0.0,0.0,-0.0,0
L20-M3,183,182,6,-2,0,,0,0.0,0.0,-0.0,0
L20-M3,184,183,2,2,0,,0,0.0,0.0,0.0,0
L20-M3,185,184,7,-3,0,,0,0.0,0.0,-0.0,0
L20-M3,186,185,5,-1,0,,0,0.0,0.0,-0.0,0
L20-M3,187,186,2,2,0,,0,0.0,0.0,0.0,0
L20-M3,188,187,7,-3,0,,0,0.0,0.0,-0.0,0
L20-M3,189,188,7,-3,0,,0,0.0,0.0,-0.0,0
L20-M3,190,189,3,1,0,,0,0.0,0.0,0.0,0
L20-M3,191,190,3,1,0,,0,0.0,0.0,0.0,0
L20-M3,192,191,3,1,0,,0,0.0,0.0,0.0,0
L20-M3,193,192,5,-1,0,,0,0.0,0.0,-0.0,0
L20-M3,194,193,2,2,0,,0,0.0,0.0,0.0,0
L20-M3,195,194,5,-1,0,,0,0.0,0.0,-0.0,0
L20-M3,196,195,5,-1,0,,0,0.0,0.0,-0.0,0
L20-M3,197,196,1,3,0,,0,0.0,0.0,0.0,0
L20-M3,198,197,1,3,0,,0,0.0,0.0,0.0,0
L20-M3,199,198,1,3,0,,0,0.0,0.0,0.0,0
L20-M3,200,199,7,-3,0,,0,0.0,0.0,-0.0,0
L20-M3,201,200,3,1,0,,0,0.0,0.0,0.0,0
L20-M3,202,201,4,0,0,,0,0.0,0.0,0.0,0
L20-M3,203,202,3,1,0,,0,0.0,0.0,0.0,0
L20-M3,204,203,3,1,0,,0,0.0,0.0,0.0,0
L20-M3,205,204,2,2,0,,0,0.0,0.0,0.0,0
L20-M3,206,205,5,-1,0,,0,0.0,0.0,-0.0,0
L20-M3,207,206,7,-3,0,,0,0.0,0.0,-0.0,0
L20-M3,208,207,7,-3,0,,0,0.0,0.0,-0.0,0
L20-M3,209,208,2,2,0,,0,0.0,0.0,0.0,0
L20-M3,210,209,7,-3,0,,0,0.0,0.0,-0.0,0
L20-M3,211,210,7,-3,0,,0,0.0,0.0,-0.0,0
L20-M3,212,211,1,3,0,,0,0.0,0.0,0.0,0
L20-M3,213,212,1,3,0,,0,0.0,0.0,0.0,0
L20-M3,214,213,7,-3,0,,0,0.0,0.0,-0.0,0
L20-M3,215,214,6,-2,0,,0,0.0,0.0,-0.0,0
L20-M3,216,215,3,1,0,,0,0.0,0.0,0.0,0
L20-M3,217,216,1,3,0,,0,0.0,0.0,0.0,0
L20-M3,218,217,6,-2,0,,0,0.0,0.0,-0.0,0
L20-M3,219,218,5,-1,0,,0,0.0,0.0,-0.0,0
L20-M3,220,219,3,1,0,,0,0.0,0.0,0.0,0
L20-M3,221,220,5,-1,0,,0,0.0,0.0,-0.0,0
L20-M3,222,221,2,2,0,,0,0.0,0.0,0.0,0
L20-M3,223,222,7,-3,0,,0,0.0,0.0,-0.0,0
L20-M3,224,223,7,-3,0,,0,0.0,0.0,-0.0,0
L20-M3,225,224,2,2,0,,0,0.0,0.0,0.0,0
L20-M3,226,225,2,2,0,,0,0.0,0.0,0.0,0
L20-M3,227,226,7,-3,0,,0,0.0,0.0,-0.0,0
L20-M3,228,227,1,3,0,,0,0.0,0.0,0.0,0
L20-M3,229,228,2,2,0,,0,0.0,0.0,0.0,0
L20-M3,230,229,6,-2,0,,0,0.0,0.0,-0.0,0
L20-M3,231,230,3,1,0,,0,0.0,0.0,0.0,0
L20-M3,232,231,4,0,0,,0,0.0,0.0,0.0,0
L20-M3,233,232,6,-2,0,,0,0.0,0.0,-0.0,0
L20-M3,234,233,6,-2,0,,0,0.0,0.0,-0.0,0
L20-M3,235,234,1,3,0,,0,0.0,0.0,0.0,0
L20-M3,236,235,1,3,0,,0,0.0,0.0,0.0,0
L20-M3,237,236,3,1,0,,0,0.0,0.0,0.0,0
L20-M3,238,237,6,-2,0,,0,0.0,0.0,-0.0,0
L20-M3,239,238,7,-3,0,,0,0.0,0.0,-0.0,0
L20-M3,240,239,1,3,0,,0,0.0,0.0,0.0,0
L20-M3,241,240,4,0,0,,0,0.0,0.0,0.0,0
L20-M3,242,241,3,1,0,,0,0.0,0.0,0.0,0
L20-M3,243,242,7,-3,0,,0,0.0,0.0,-0.0,0
L20-M3,244,243,6,-2,0,,0,0.0,0.0,-0.0,0
L20-M3,245,244,3,1,0,,0,0.0,0.0,0.0,0
L20-M3,246,245,3,1,0,,0,0.0,0.0,0.0,0
L20-M3,247,246,2,2,0,,0,0.0,0.0,0.0,0
L20-M3,248,247,2,2,0,,0,0.0,0.0,0.0,0
L20-M3,249,248,3,1,0,,0,0.0,0.0,0.0,0
L20-M3,250,249,3,1,0,,0,0.0,0.0,0.0,0
L20-M3,251,250,5,-1,0,,0,0.0,0.0,-0.0,0
L20-M3,252,251,7,-3,0,,0,0.0,0.0,-0.0,0
L20-M3,253,252,4,0,0,,0,0.0,0.0,0.0,0
L20-M3,254,253,5,-1,0,,0,0.0,0.0,-0.0,0
L20-M3,255,254,6,-2,0,,0,0.0,0.0,-0.0,0
L20-M3,256,255,6,-2,0,,0,0.0,0.0,-0.0,0
L20-M3,257,256,6,-2,0,,0,0.0,0.0,-0.0,0
L20-M3,258,257,1,3,0,,0,0.0,0.0,0.0,0
L20-M3,259,258,2,2,0,,0,0.0,0.0,0.0,0
L20-M3,260,259,4,0,0,,0,0.0,0.0,0.0,0
L20-M3,261,260,7,-3,0,,0,0.0,0.0,-0.0,0
L20-M3,262,261,1,3,0,,0,0.0,0.0,0.0,0
L20-M3,263,262,7,-3,0,,0,0.0,0.0,-0.0,0
L20-M3,264,263,2,2,0,,0,0.0,0.0,0.0,0
L20-M3,265,264,1,3,0,,0,0.0,0.0,0.0,0
L20-M3,266,265,3,1,0,,0,0.0,0.0,0.0,0
L20-M3,267,266,6,-2,0,,0,0.0,0.0,-0.0,0
L20-M3,268,267,1,3,0,,0,0.0,0.0,0.0,0
L20-M3,269,268,3,1,0,,0,0.0,0.0,0.0,0
L20-M3,270,269,4,0,0,,0,0.0,0.0,0.0,0
L20-M3,271,270,7,-3,0,,0,0.0,0.0,-0.0,0
L20-M3,272,271,6,-2,0,,0,0.0,0.0,-0.0,0
L20-M3,273,272,5,-1,0,,0,0.0,0.0,-0.0,0
L20-M3,274,273,2,2,0,,0,0.0,0.0,0.0,0
L20-M3,275,274,4,0,0,,0,0.0,0.0,0.0,0
L20-M3,276,275,4,0,0,,0,0.0,0.0,0.0,0
L20-M3,277,276,4,0,0,,0,0.0,0.0,0.0,0
L20-M3,278,277,5,-1,0,,0,0.0,0.0,-0.0,0
L20-M3,279,278,3,1,0,,0,0.0,0.0,0.0,0
L20-M3,280,279,2,2,0,,0,0.0,0.0,0.0,0
L20-M3,281,280,5,-1,0,,0,0.0,0.0,-0.0,0
L20-M3,282,281,5,-1,0,,0,0.0,0.0,-0.0,0
L20-M3,283,282,5,-1,0,,0,0.0,0.0,-0.0,0
L20-M3,284,283,6,-2,0,,0,0.0,0.0,-0.0,0
L20-M3,285,284,5,-1,0,,0,0.0,0.0,-0.0,0
L20-M3,286,285,1,3,0,,0,0.0,0.0,0.0,0
L20-M3,287,286,3,1,0,,0,0.0,0.0,0.0,0
L20-M3,288,287,7,-3,0,,0,0.0,0.0,-0.0,0
L20-M3,289,288,2,2,0,,0,0.0,0.0,0.0,0
L20-M3,290,289,2,2,0,,0,0.0,0.0,0.0,0
L20-M3,291,290,1,3,0,,0,0.0,0.0,0.0,0
L20-M3,292,291,7,-3,0,,0,0.0,0.0,-0.0,0
L20-M3,293,292,1,3,0,,0,0.0,0.0,0.0,0
L20-M3,294,293,5,-1,0,,0,0.0,0.0,-0.0,0
L20-M3,295,294,7,-3,0,,0,0.0,0.0,-0.0,0
L20-M3,296,295,3,1,0,,0,0.0,0.0,0.0,0
L20-M3,297,296,6,-2,0,,0,0.0,0.0,-0.0,0
L20-M3,298,297,7,-3,0,,0,0.0,0.0,-0.0,0
L20-M3,299,298,3,1,0,,0,0.0,0.0,0.0,0
L20-M3,300,299,4,0,0,,0,0.0,0.0,0.0,0
L20-M3,301,300,7,-3,0,,0,0.0,0.0,-0.0,0
L20-M3,302,301,4,0,0,,0,0.0,0.0,0.0,0
L20-M3,303,302,1,3,0,,0,0.0,0.0,0.0,0
L20-M3,304,303,6,-2,0,,0,0.0,0.0,-0.0,0
L20-M3,305,304,6,-2,0,,0,0.0,0.0,-0.0,0
L20-M3,306,305,3,1,0,,0,0.0,0.0,0.0,0
L20-M3,307,306,3,1,0,,0,0.0,0.0,0.0,0
L20-M3,308,307,2,2,0,,0,0.0,0.0,0.0,0
L20-M3,309,308,6,-2,0,,0,0.0,0.0,-0.0,0
L20-M3,310,309,6,-2,0,,0,0.0,0.0,-0.0,0
L20-M3,311,310,3,1,0,,0,0.0,0.0,0.0,0
L20-M3,312,311,2,2,0,,0,0.0,0.0,0.0,0
L20-M3,313,312,7,-3,0,,0,0.0,0.0,-0.0,0
L20-M3,314,313,1,3,0,,0,0.0,0.0,0.0,0
L20-M3,315,314,1,3,0,,0,0.0,0.0,0.0,0
L20-M3,316,315,3,1,0,,0,0.0,0.0,0.0,0
L20-M3,317,316,7,-3,0,,0,0.0,0.0,-0.0,0
L20-M3,318,317,2,2,0,,0,0.0,0.0,0.0,0
L20-M3,319,318,5,-1,0,,0,0.0,0.0,-0.0,0
L20-M3,320,319,6,-2,0,,0,0.0,0.0,-0.0,0
L20-M3,321,320,1,3,0,,0,0.0,0.0,0.0,0
L20-M3,322,321,7,-3,0,,0,0.0,0.0,-0.0,0
L20-M3,323,322,3,1,0,,0,0.0,0.0,0.0,0
L20-M3,324,323,1,3,0,,0,0.0,0.0,0.0,0
L20-M3,325,324,3,1,0,,0,0.0,0.0,0.0,0
L20-M3,326,325,5,-1,0,,0,0.0,0.0,-0.0,0
L20-M3,327,326,7,-3,0,,0,0.0,0.0,-0.0,0
L20-M3,328,327,5,-1,0,,0,0.0,0.0,-0.0,0
L20-M3,329,328,6,-2,0,,0,0.0,0.0,-0.0,0
L20-M3,330,329,1,3,0,,0,0.0,0.0,0.0,0
L20-M3,331,330,7,-3,0,,0,0.0,0.0,-0.0,0
L20-M3,332,331,6,-2,0,,0,0.0,0.0,-0.0,0
L20-M3,333,332,1,3,0,,0,0.0,0.0,0.0,0
L20-M3,334,333,5,-1,0,,0,0.0,0.0,-0.0,0
L20-M3,335,334,5,-1,0,,0,0.0,0.0,-0.0,0
L20-M3,336,335,4,0,0,,0,0.0,0.0,0.0,0
L20-M3,337,336,3,1,0,,0,0.0,0.0,0.0,0
L20-M3,338,337,2,2,0,,0,0.0,0.0,0.0,0
L20-M3,339,338,3,1,0,,0,0.0,0.0,0.0,0
L20-M3,340,339,7,-3,0,,0,0.0,0.0,-0.0,0
L20-M3,341,340,5,-1,0,,0,0.0,0.0,-0.0,0
L20-M3,342,341,6,-2,0,,0,0.0,0.0,-0.0,0
L20-M3,343,342,4,0,0,,0,0.0,0.0,0.0,0
L20-M3,344,343,3,1,0,,0,0.0,0.0,0.0,0
L20-M3,345,344,6,-2,0,,0,0.0,0.0,-0.0,0
L20-M3,346,345,1,3,0,,0,0.0,0.0,0.0,0
L20-M3,347,346,5,-1,0,,0,0.0,0.0,-0.0,0
L20-M3,348,347,3,1,0,,0,0.0,0.0,0.0,0
L20-M3,349,348,7,-3,0,,0,0.0,0.0,-0.0,0
L20-M3,350,349,7,-3,0,,0,0.0,0.0,-0.0,0
L20-M3,351,350,7,-3,0,,0,0.0,0.0,-0.0,0
L20-M3,352,351,5,-1,0,,0,0.0,0.0,-0.0,0
L20-M3,353,352,5,-1,0,,0,0.0,0.0,-0.0,0
L20-M3,354,353,5,-1,0,,0,0.0,0.0,-0.0,0
L20-M3,355,354,1,3,0,,0,0.0,0.0,0.0,0
L20-M3,356,355,6,-2,0,,0,0.0,0.0,-0.0,0
L20-M3,357,356,4,0,0,,0,0.0,0.0,0.0,0
L20-M3,358,357,1,3,0,,0,0.0,0.0,0.0,0
L20-M3,359,358,6,-2,0,,0,0.0,0.0,-0.0,0
L20-M3,360,359,5,-1,0,,0,0.0,0.0,-0.0,0
L20-M3,361,360,5,-1,0,,0,0.0,0.0,-0.0,0
L20-M3,362,361,6,-2,0,,0,0.0,0.0,-0.0,0
L20-M3,363,362,5,-1,0,,0,0.0,0.0,-0.0,0
L20-M3,364,363,1,3,0,,0,0.0,0.0,0.0,0
L20-M3,365,364,2,2,0,,0,0.0,0.0,0.0,0
L20-M3,366,365,7,-3,0,,0,0.0,0.0,-0.0,0
L20-M3,367,366,6,-2,0,,0,0.0,0.0,-0.0,0
L20-M3,368,367,2,2,0,,0,0.0,0.0,0.0,0
L20-M3,369,368,4,0,0,,0,0.0,0.0,0.0,0
L20-M3,370,369,3,1,0,,0,0.0,0.0,0.0,0
L20-M3,371,370,2,2,0,,0,0.0,0.0,0.0,0
L20-M3,372,371,4,0,0,,0,0.0,0.0,0.0,0
L20-M3,373,372,3,1,0,,0,0.0,0.0,0.0,0
L20-M3,374,373,1,3,0,,0,0.0,0.0,0.0,0
L20-M3,375,374,6,-2,0,,0,0.0,0.0,-0.0,0
L20-M3,376,375,2,2,0,,0,0.0,0.0,0.0,0
L20-M3,377,376,2,2,0,,0,0.0,0.0,0.0,0
L20-M3,378,377,3,1,0,,0,0.0,0.0,0.0,0
L20-M3,379,378,7,-3,0,,0,0.0,0.0,-0.0,0
L20-M3,380,379,3,1,0,,0,0.0,0.0,0.0,0
L20-M3,381,380,6,-2,0,,0,0.0,0.0,-0.0,0
L20-M3,382,381,4,0,0,,0,0.0,0.0,0.0,0
L20-M3,383,382,3,1,0,,0,0.0,0.0,0.0,0
L20-M3,384,383,3,1,0,,0,0.0,0.0,0.0,0
L20-M3,385,384,1,3,0,,0,0.0,0.0,0.0,0
L20-M3,386,385,2,2,0,,0,0.0,0.0,0.0,0
L20-M3,387,386,5,-1,0,,0,0.0,0.0,-0.0,0
L20-M3,388,387,2,2,0,,0,0.0,0.0,0.0,0
L20-M3,389,388,7,-3,0,,0,0.0,0.0,-0.0,0
L20-M3,390,389,1,3,0,,0,0.0,0.0,0.0,0
L20-M3,391,390,1,3,0,,0,0.0,0.0,0.0,0
L20-M3,392,391,6,-2,0,,0,0.0,0.0,-0.0,0
L20-M3,393,392,7,-3,0,,0,0.0,0.0,-0.0,0
L20-M3,394,393,3,1,0,,0,0.0,0.0,0.0,0
L20-M3,395,394,3,1,0,,0,0.0,0.0,0.0,0
L20-M3,396,395,1,3,0,,0,0.0,0.0,0.0,0
L20-M3,397,396,3,1,0,,0,0.0,0.0,0.0,0
L20-M3,398,397,1,3,0,,0,0.0,0.0,0.0,0
L20-M3,399,398,1,3,0,,0,0.0,0.0,0.0,0
L20-M3,400,399,6,-2,0,,0,0.0,0.0,-0.0,0
L20-M3,401,400,1,3,0,,0,0.0,0.0,0.0,0
L20-M3,402,401,2,2,0,,0,0.0,0.0,0.0,0
L20-M3,403,402,6,-2,0,,0,0.0,0.0,-0.0,0
L20-M3,404,403,5,-1,0,,0,0.0,0.0,-0.0,0
L20-M3,405,404,6,-2,0,,0,0.0,0.0,-0.0,0
L20-M3,406,405,3,1,0,,0,0.0,0.0,0.0,0
L20-M3,407,406,7,-3,0,,0,0.0,0.0,-0.0,0
L20-M3,408,407,1,3,0,,0,0.0,0.0,0.0,0
L20-M3,409,408,2,2,0,,0,0.0,0.0,0.0,0
L20-M3,410,409,6,-2,0,,0,0.0,0.0,-0.0,0
L20-M3,411,410,3,1,0,,0,0.0,0.0,0.0,0
L20-M3,412,411,1,3,0,,0,0.0,0.0,0.0,0
L20-M3,413,412,4,0,0,,0,0.0,0.0,0.0,0
L20-M3,414,413,2,2,0,,0,0.0,0.0,0.0,0
L20-M3,415,414,6,-2,0,,0,0.0,0.0,-0.0,0
L20-M3,416,415,4,0,0,,0,0.0,0.0,0.0,0
L20-M3,417,416,7,-3,0,,0,0.0,0.0,-0.0,0
L20-M3,418,417,7,-3,0,,0,0.0,0.0,-0.0,0
L20-M3,419,418,6,-2,0,,0,0.0,0.0,-0.0,0
L20-M3,420,419,2,2,0,,0,0.0,0.0,0.0,0
L20-M3,421,420,4,0,0,,0,0.0,0.0,0.0,0
L20-M3,422,421,6,-2,0,,0,0.0,0.0,-0.0,0
L20-M3,423,422,2,2,0,,0,0.0,0.0,0.0,0
L20-M3,424,423,2,2,0,,0,0.0,0.0,0.0,0
L20-M3,425,424,4,0,0,,0,0.0,0.0,0.0,0
L20-M3,426,425,1,3,0,,0,0.0,0.0,0.0,0
L20-M3,427,426,4,0,0,,0,0.0,0.0,0.0,0
L20-M3,428,427,4,0,0,,0,0.0,0.0,0.0,0
L20-M3,429,428,1,3,0,,0,0.0,0.0,0.0,0
L20-M3,430,429,2,2,0,,0,0.0,0.0,0.0,0
L20-M3,431,430,7,-3,0,,0,0.0,0.0,-0.0,0
L20-M3,432,431,1,3,0,,0,0.0,0.0,0.0,0
L20-M3,433,432,6,-2,0,,0,0.0,0.0,-0.0,0
L20-M3,434,433,3,1,0,,0,0.0,0.0,0.0,0
L20-M3,435,434,6,-2,0,,0,0.0,0.0,-0.0,0
L20-M3,436,435,6,-2,0,,0,0.0,0.0,-0.0,0
L20-M3,437,436,5,-1,0,,0,0.0,0.0,-0.0,0
L20-M3,438,437,3,1,0,,0,0.0,0.0,0.0,0
L20-M3,439,438,7,-3,0,,0,0.0,0.0,-0.0,0
L20-M3,440,439,3,1,0,,0,0.0,0.0,0.0,0
L20-M3,441,440,1,3,0,,0,0.0,0.0,0.0,0
L20-M3,442,441,2,2,0,,0,0.0,0.0,0.0,0
L20-M3,443,442,7,-3,0,,0,0.0,0.0,-0.0,0
L20-M3,444,443,4,0,0,,0,0.0,0.0,0.0,0
L20-M3,445,444,3,1,0,,0,0.0,0.0,0.0,0
L20-M3,446,445,5,-1,0,,0,0.0,0.0,-0.0,0
L20-M3,447,446,2,2,0,,0,0.0,0.0,0.0,0
L20-M3,448,447,7,-3,0,,0,0.0,0.0,-0.0,0
L20-M3,449,448,5,-1,0,,0,0.0,0.0,-0.0,0
L20-M3,450,449,6,-2,0,,0,0.0,0.0,-0.0,0
L20-M3,451,450,2,2,0,,0,0.0,0.0,0.0,0
L20-M3,452,451,5,-1,0,,0,0.0,0.0,-0.0,0
L20-M3,453,452,4,0,0,,0,0.0,0.0,0.0,0
L20-M3,454,453,3,1,0,,0,0.0,0.0,0.0,0
L20-M3,455,454,1,3,0,,0,0.0,0.0,0.0,0
L20-M3,456,455,4,0,0,,0,0.0,0.0,0.0,0
L20-M3,457,456,7,-3,0,,0,0.0,0.0,-0.0,0
L20-M3,458,457,6,-2,0,,0,0.0,0.0,-0.0,0
L20-M3,459,458,4,0,0,,0,0.0,0.0,0.0,0
L20-M3,460,459,4,0,0,,0,0.0,0.0,0.0,0
L20-M3,461,460,5,-1,0,,0,0.0,0.0,-0.0,0
L20-M3,462,461,7,-3,0,,0,0.0,0.0,-0.0,0
L20-M3,463,462,2,2,0,,0,0.0,0.0,0.0,0
L20-M3,464,463,6,-2,0,,0,0.0,0.0,-0.0,0
L20-M3,465,464,1,3,0,,0,0.0,0.0,0.0,0
L20-M3,466,465,6,-2,0,,0,0.0,0.0,-0.0,0
L20-M3,467,466,4,0,0,,0,0.0,0.0,0.0,0
L20-M3,468,467,6,-2,0,,0,0.0,0.0,-0.0,0
L20-M3,469,468,4,0,0,,0,0.0,0.0,0.0,0
L20-M3,470,469,4,0,0,,0,0.0,0.0,0.0,0
L20-M3,471,470,4,0,0,,0,0.0,0.0,0.0,0
L20-M3,472,471,7,-3,0,,0,0.0,0.0,-0.0,0
L20-M3,473,472,7,-3,0,,0,0.0,0.0,-0.0,0
L20-M3,474,473,6,-2,0,,0,0.0,0.0,-0.0,0
L20-M3,475,474,6,-2,0,,0,0.0,0.0,-0.0,0
L20-M3,476,475,2,2,0,,0,0.0,0.0,0.0,0
L20-M3,477,476,5,-1,0,,0,0.0,0.0,-0.0,0
L20-M3,478,477,6,-2,0,,0,0.0,0.0,-0.0,0
L20-M3,479,478,1,3,0,,0,0.0,0.0,0.0,0
L20-M3,480,479,3,1,0,,0,0.0,0.0,0.0,0
L20-M3,481,480,4,0,0,,0,0.0,0.0,0.0,0
L20-M3,482,481,3,1,0,,0,0.0,0.0,0.0,0
L20-M3,483,482,7,-3,0,,0,0.0,0.0,-0.0,0
L20-M3,484,483,1,3,0,,0,0.0,0.0,0.0,0
L20-M3,485,484,3,1,0,,0,0.0,0.0,0.0,0
L20-M3,486,485,2,2,0,,0,0.0,0.0,0.0,0
L20-M3,487,486,7,-3,0,,0,0.0,0.0,-0.0,0
L20-M3,488,487,3,1,0,,0,0.0,0.0,0.0,0
L20-M3,489,488,4,0,0,,0,0.0,0.0,0.0,0
L20-M3,490,489,4,0,0,,0,0.0,0.0,0.0,0
L20-M3,491,490,6,-2,0,,0,0.0,0.0,-0.0,0
L20-M3,492,491,1,3,0,,0,0.0,0.0,0.0,0
L20-M3,493,492,7,-3,0,,0,0.0,0.0,-0.0,0
L20-M3,494,493,3,1,0,,0,0.0,0.0,0.0,0
L20-M3,495,494,5,-1,0,,0,0.0,0.0,-0.0,0
L20-M3,496,495,2,2,0,,0,0.0,0.0,0.0,0
L20-M3,497,496,6,-2,0,,0,0.0,0.0,-0.0,0
L20-M3,498,497,1,3,0,,0,0.0,0.0,0.0,0
L20-M3,499,498,1,3,0,,0,0.0,0.0,0.0,0
L20-M3,500,499,7,-3,0,,0,0.0,0.0,-0.0,0
L20-M3,501,500,7,-3,0,,0,0.0,0.0,-0.0,0
L20-M3,502,501,2,2,0,,0,0.0,0.0,0.0,0
L20-M3,503,502,3,1,0,,0,0.0,0.0,0.0,0
L20-M3,504,503,7,-3,0,,0,0.0,0.0,-0.0,0
L20-M3,505,504,5,-1,0,,0,0.0,0.0,-0.0,0
L20-M3,506,505,7,-3,0,,0,0.0,0.0,-0.0,0
L20-M3,507,506,7,-3,0,,0,0.0,0.0,-0.0,0
L20-M3,508,507,1,3,0,,0,0.0,0.0,0.0,0
L20-M3,509,508,6,-2,0,,0,0.0,0.0,-0.0,0
L20-M3,510,509,2,2,0,,0,0.0,0.0,0.0,0
L20-M3,511,510,7,-3,0,,0,0.0,0.0,-0.0,0
L20-M3,512,511,5,-1,0,,0,0.0,0.0,-0.0,0
L20-M3,513,512,1,3,0,,0,0.0,0.0,0.0,0
L20-M3,514,513,3,1,0,,0,0.0,0.0,0.0,0
L20-M3,515,514,2,2,0,,0,0.0,0.0,0.0,0
L20-M3,516,515,2,2,0,,0,0.0,0.0,0.0,0
L20-M3,517,516,4,0,0,,0,0.0,0.0,0.0,0
L20-M3,518,517,3,1,0,,0,0.0,0.0,0.0,0
L20-M3,519,518,1,3,0,,0,0.0,0.0,0.0,0
L20-M3,520,519,1,3,0,,0,0.0,0.0,0.0,0
L20-M3,521,520,1,3,0,,0,0.0,0.0,0.0,0
L20-M3,522,521,4,0,0,,0,0.0,0.0,0.0,0
L20-M3,523,522,3,1,0,,0,0.0,0.0,0.0,0
L20-M3,524,523,3,1,0,,0,0.0,0.0,0.0,0
L20-M3,525,524,3,1,0,,0,0.0,0.0,0.0,0
L20-M3,526,525,2,2,0,,0,0.0,0.0,0.0,0
L20-M3,527,526,5,-1,0,,0,0.0,0.0,-0.0,0
L20-M3,528,527,6,-2,0,,0,0.0,0.0,-0.0,0
L20-M3,529,528,2,2,0,,0,0.0,0.0,0.0,0
L20-M3,530,529,6,-2,0,,0,0.0,0.0,-0.0,0
L20-M3,531,530,2,2,0,,0,0.0,0.0,0.0,0
L20-M3,532,531,7,-3,0,,0,0.0,0.0,-0.0,0
L20-M3,533,532,1,3,0,,0,0.0,0.0,0.0,0
L20-M3,534,533,5,-1,0,,0,0.0,0.0,-0.0,0
L20-M3,535,534,5,-1,0,,0,0.0,0.0,-0.0,0
L20-M3,536,535,6,-2,0,,0,0.0,0.0,-0.0,0
L20-M3,537,536,3,1,0,,0,0.0,0.0,0.0,0
L20-M3,538,537,1,3,0,,0,0.0,0.0,0.0,0
L20-M3,539,538,3,1,0,,0,0.0,0.0,0.0,0
L20-M3,540,539,4,0,0,,0,0.0,0.0,0.0,0
L20-M3,541,540,4,0,0,,0,0.0,0.0,0.0,0
L20-M3,542,541,7,-3,0,,0,0.0,0.0,-0.0,0
L20-M3,543,542,5,-1,0,,0,0.0,0.0,-0.0,0
L20-M3,544,543,1,3,0,,0,0.0,0.0,0.0,0
L20-M3,545,544,2,2,0,,0,0.0,0.0,0.0,0
L20-M3,546,545,1,3,0,,0,0.0,0.0,0.0,0
L20-M3,547,546,1,3,0,,0,0.0,0.0,0.0,0
L20-M3,548,547,5,-1,0,,0,0.0,0.0,-0.0,0
L20-M3,549,548,4,0,0,,0,0.0,0.0,0.0,0
L20-M3,550,549,1,3,0,,0,0.0,0.0,0.0,0
L20-M3,551,550,7,-3,0,,0,0.0,0.0,-0.0,0
L20-M3,552,551,5,-1,0,,0,0.0,0.0,-0.0,0
L20-M3,553,552,7,-3,0,,0,0.0,0.0,-0.0,0
L20-M3,554,553,6,-2,0,,0,0.0,0.0,-0.0,0
L20-M3,555,554,1,3,0,,0,0.0,0.0,0.0,0
L20-M3,556,555,2,2,0,,0,0.0,0.0,0.0,0
L20-M3,557,556,6,-2,0,,0,0.0,0.0,-0.0,0
L20-M3,558,557,5,-1,0,,0,0.0,0.0,-0.0,0
L20-M3,559,558,5,-1,0,,0,0.0,0.0,-0.0,0
L20-M3,560,559,3,1,0,,0,0.0,0.0,0.0,0
L20-M3,561,560,5,-1,0,,0,0.0,0.0,-0.0,0
L20-M3,562,561,4,0,0,,0,0.0,0.0,0.0,0
L20-M3,563,562,7,-3,0,,0,0.0,0.0,-0.0,0
L20-M3,564,563,5,-1,0,,0,0.0,0.0,-0.0,0
L20-M3,565,564,1,3,0,,0,0.0,0.0,0.0,0
L20-M3,566,565,5,-1,0,,0,0.0,0.0,-0.0,0
L20-M3,567,566,6,-2,0,,0,0.0,0.0,-0.0,0
L20-M3,568,567,5,-1,0,,0,0.0,0.0,-0.0,0
L20-M3,569,568,6,-2,0,,0,0.0,0.0,-0.0,0
L20-M3,570,569,1,3,0,,0,0.0,0.0,0.0,0
L20-M3,571,570,7,-3,0,,0,0.0,0.0,-0.0,0
L20-M3,572,571,5,-1,0,,0,0.0,0.0,-0.0,0
L20-M3,573,572,1,3,0,,0,0.0,0.0,0.0,0
L20-M3,574,573,3,1,0,,0,0.0,0.0,0.0,0
L20-M3,575,574,1,3,0,,0,0.0,0.0,0.0,0
L20-M3,576,575,2,2,0,,0,0.0,0.0,0.0,0
L20-M3,577,576,3,1,0,,0,0.0,0.0,0.0,0
L20-M3,578,577,5,-1,0,,0,0.0,0.0,-0.0,0
L20-M3,579,578,4,0,0,,0,0.0,0.0,0.0,0
L20-M3,580,579,6,-2,0,,0,0.0,0.0,-0.0,0
L20-M3,581,580,6,-2,0,,0,0.0,0.0,-0.0,0
L20-M3,582,581,5,-1,0,,0,0.0,0.0,-0.0,0
L20-M3,583,582,4,0,0,,0,0.0,0.0,0.0,0
L20-M3,584,583,3,1,0,,0,0.0,0.0,0.0,0
L20-M3,585,584,4,0,0,,0,0.0,0.0,0.0,0
L20-M3,586,585,1,3,0,,0,0.0,0.0,0.0,0
L20-M3,587,586,2,2,0,,0,0.0,0.0,0.0,0
L20-M3,588,587,2,2,0,,0,0.0,0.0,0.0,0
L20-M3,589,588,6,-2,0,,0,0.0,0.0,-0.0,0
L20-M3,590,589,3,1,0,,0,0.0,0.0,0.0,0
L20-M3,591,590,2,2,0,,0,0.0,0.0,0.0,0
L20-M3,592,591,1,3,0,,0,0.0,0.0,0.0,0
L20-M3,593,592,6,-2,0,,0,0.0,0.0,-0.0,0
L20-M3,594,593,5,-1,0,,0,0.0,0.0,-0.0,0
L20-M3,595,594,2,2,0,,0,0.0,0.0,0.0,0
L20-M3,596,595,1,3,0,,0,0.0,0.0,0.0,0
L20-M3,597,596,5,-1,0,,0,0.0,0.0,-0.0,0
L20-M3,598,597,6,-2,0,,0,0.0,0.0,-0.0,0
L20-M3,599,598,3,1,0,,0,0.0,0.0,0.0,0
L20-M3,600,599,4,0,0,,0,0.0,0.0,0.0,0
L20-M3,601,600,7,-3,0,,0,0.0,0.0,-0.0,0
L20-M3,602,601,7,-3,0,,0,0.0,0.0,-0.0,0
L20-M3,603,602,1,3,0,,0,0.0,0.0,0.0,0
L20-M3,604,603,6,-2,0,,0,0.0,0.0,-0.0,0
L20-M3,605,604,5,-1,0,,0,0.0,0.0,-0.0,0
L20-M3,606,605,7,-3,0,,0,0.0,0.0,-0.0,0
L20-M3,607,606,6,-2,0,,0,0.0,0.0,-0.0,0
L20-M3,608,607,2,2,0,,0,0.0,0.0,0.0,0
L20-M3,609,608,6,-2,0,,0,0.0,0.0,-0.0,0
L20-M3,610,609,3,1,0,,0,0.0,0.0,0.0,0
L20-M3,611,610,6,-2,0,,0,0.0,0.0,-0.0,0
L20-M3,612,611,2,2,0,,0,0.0,0.0,0.0,0
L20-M3,613,612,7,-3,0,,0,0.0,0.0,-0.0,0
L20-M3,614,613,5,-1,0,,0,0.0,0.0,-0.0,0
L20-M3,615,614,2,2,0,,0,0.0,0.0,0.0,0
L20-M3,616,615,7,-3,0,,0,0.0,0.0,-0.0,0
L20-M3,617,616,1,3,0,,0,0.0,0.0,0.0,0
L20-M3,618,617,7,-3,0,,0,0.0,0.0,-0.0,0
L20-M3,619,618,2,2,0,,0,0.0,0.0,0.0,0
L20-M3,620,619,4,0,0,,0,0.0,0.0,0.0,0
L20-M3,621,620,6,-2,0,,0,0.0,0.0,-0.0,0
L20-M3,622,621,4,0,0,,0,0.0,0.0,0.0,0
L20-M3,623,622,5,-1,0,,0,0.0,0.0,-0.0,0
L20-M3,624,623,3,1,0,,0,0.0,0.0,0.0,0
L20-M3,625,624,3,1,0,,0,0.0,0.0,0.0,0
L20-M3,626,625,4,0,0,,0,0.0,0.0,0.0,0
L20-M3,627,626,3,1,0,,0,0.0,0.0,0.0,0
L20-M3,628,627,3,1,0,,0,0.0,0.0,0.0,0
L20-M3,629,628,3,1,0,,0,0.0,0.0,0.0,0
L20-M3,630,629,1,3,0,,0,0.0,0.0,0.0,0
L20-M3,631,630,2,2,0,,0,0.0,0.0,0.0,0
L20-M3,632,631,4,0,0,,0,0.0,0.0,0.0,0
L20-M3,633,632,1,3,0,,0,0.0,0.0,0.0,0
L20-M3,634,633,3,1,0,,0,0.0,0.0,0.0,0
L20-M3,635,634,7,-3,0,,0,0.0,0.0,-0.0,0
L20-M3,636,635,6,-2,0,,0,0.0,0.0,-0.0,0
L20-M3,637,636,6,-2,0,,0,0.0,0.0,-0.0,0
L20-M3,638,637,4,0,0,,0,0.0,0.0,0.0,0
L20-M3,639,638,1,3,0,,0,0.0,0.0,0.0,0
L20-M3,640,639,7,-3,0,,0,0.0,0.0,-0.0,0
L20-M3,641,640,5,-1,0,,0,0.0,0.0,-0.0,0
L20-M3,642,641,2,2,0,,0,0.0,0.0,0.0,0
L20-M3,643,642,5,-1,0,,0,0.0,0.0,-0.0,0
L20-M3,644,643,1,3,0,,0,0.0,0.0,0.0,0
L20-M3,645,644,2,2,0,,0,0.0,0.0,0.0,0
L20-M3,646,645,5,-1,0,,0,0.0,0.0,-0.0,0
L20-M3,647,646,4,0,0,,0,0.0,0.0,0.0,0
L20-M3,648,647,6,-2,0,,0,0.0,0.0,-0.0,0
L20-M3,649,648,1,3,0,,0,0.0,0.0,0.0,0
L20-M3,650,649,2,2,0,,0,0.0,0.0,0.0,0
L20-M3,651,650,6,-2,0,,0,0.0,0.0,-0.0,0
L20-M3,652,651,4,0,0,,0,0.0,0.0,0.0,0
L20-M3,653,652,4,0,0,,0,0.0,0.0,0.0,0
L20-M3,654,653,1,3,0,,0,0.0,0.0,0.0,0
L20-M3,655,654,1,3,0,,0,0.0,0.0,0.0,0
L20-M3,656,655,2,2,0,,0,0.0,0.0,0.0,0
L20-M3,657,656,6,-2,0,,0,0.0,0.0,-0.0,0
L20-M3,658,657,4,0,0,,0,0.0,0.0,0.0,0
L20-M3,659,658,7,-3,0,,0,0.0,0.0,-0.0,0
L20-M3,660,659,7,-3,0,,0,0.0,0.0,-0.0,0
L20-M3,661,660,3,1,0,,0,0.0,0.0,0.0,0
L20-M3,662,661,7,-3,0,,0,0.0,0.0,-0.0,0
L20-M3,663,662,6,-2,0,,0,0.0,0.0,-0.0,0
L20-M3,664,663,5,-1,0,,0,0.0,0.0,-0.0,0
L20-M3,665,664,1,3,0,,0,0.0,0.0,0.0,0
L20-M3,666,665,4,0,0,,0,0.0,0.0,0.0,0
L20-M3,667,666,5,-1,0,,0,0.0,0.0,-0.0,0
L20-M3,668,667,1,3,0,,0,0.0,0.0,0.0,0
L20-M3,669,668,1,3,0,,0,0.0,0.0,0.0,0
L20-M3,670,669,3,1,0,,0,0.0,0.0,0.0,0
L20-M3,671,670,3,1,0,,0,0.0,0.0,0.0,0
L20-M3,672,671,5,-1,0,,0,0.0,0.0,-0.0,0
L20-M3,673,672,6,-2,0,,0,0.0,0.0,-0.0,0
L20-M3,674,673,1,3,0,,0,0.0,0.0,0.0,0
L20-M3,675,674,3,1,0,,0,0.0,0.0,0.0,0
L20-M3,676,675,2,2,0,,0,0.0,0.0,0.0,0
L20-M3,677,676,4,0,0,,0,0.0,0.0,0.0,0
L20-M3,678,677,6,-2,0,,0,0.0,0.0,-0.0,0
L20-M3,679,678,7,-3,0,,0,0.0,0.0,-0.0,0
L20-M3,680,679,7,-3,0,,0,0.0,0.0,-0.0,0
L20-M3,681,680,5,-1,0,,0,0.0,0.0,-0.0,0
L20-M3,682,681,1,3,0,,0,0.0,0.0,0.0,0
L20-M3,683,682,1,3,0,,0,0.0,0.0,0.0,0
L20-M3,684,683,3,1,0,,0,0.0,0.0,0.0,0
L20-M3,685,684,7,-3,0,,0,0.0,0.0,-0.0,0
L20-M3,686,685,4,0,0,,0,0.0,0.0,0.0,0
L20-M3,687,686,3,1,0,,0,0.0,0.0,0.0,0
L20-M3,688,687,7,-3,0,,0,0.0,0.0,-0.0,0
L20-M3,689,688,1,3,0,,0,0.0,0.0,0.0,0
L20-M3,690,689,5,-1,0,,0,0.0,0.0,-0.0,0
L20-M3,691,690,7,-3,0,,0,0.0,0.0,-0.0,0
L20-M3,692,691,2,2,0,,0,0.0,0.0,0.0,0
L20-M3,693,692,7,-3,0,,0,0.0,0.0,-0.0,0
L20-M3,694,693,5,-1,0,,0,0.0,0.0,-0.0,0
L20-M3,695,694,2,2,0,,0,0.0,0.0,0.0,0
L20-M3,696,695,2,2,0,,0,0.0,0.0,0.0,0
L20-M3,697,696,5,-1,0,,0,0.0,0.0,-0.0,0
L20-M3,698,697,5,-1,0,,0,0.0,0.0,-0.0,0
L20-M3,699,698,4,0,0,,0,0.0,0.0,0.0,0
L20-M3,700,699,1,3,0,,0,0.0,0.0,0.0,0
L20-M3,701,700,2,2,0,,0,0.0,0.0,0.0,0
L20-M3,702,701,5,-1,0,,0,0.0,0.0,-0.0,0
L20-M3,703,702,2,2,0,,0,0.0,0.0,0.0,0
L20-M3,704,703,2,2,0,,0,0.0,0.0,0.0,0
L20-M3,705,704,7,-3,0,,0,0.0,0.0,-0.0,0
L20-M3,706,705,5,-1,0,,0,0.0,0.0,-0.0,0
L20-M3,707,706,7,-3,0,,0,0.0,0.0,-0.0,0
L20-M3,708,707,5,-1,0,,0,0.0,0.0,-0.0,0
L20-M3,709,708,1,3,0,,0,0.0,0.0,0.0,0
L20-M3,710,709,4,0,0,,0,0.0,0.0,0.0,0
L20-M3,711,710,4,0,0,,0,0.0,0.0,0.0,0
L20-M3,712,711,6,-2,0,,0,0.0,0.0,-0.0,0
L20-M3,713,712,2,2,0,,0,0.0,0.0,0.0,0
L20-M3,714,713,7,-3,0,,0,0.0,0.0,-0.0,0
L20-M3,715,714,3,1,0,,0,0.0,0.0,0.0,0
L20-M3,716,715,3,1,0,,0,0.0,0.0,0.0,0
L20-M3,717,716,5,-1,0,,0,0.0,0.0,-0.0,0
L20-M3,718,717,7,-3,0,,0,0.0,0.0,-0.0,0
L20-M3,719,718,7,-3,0,,0,0.0,0.0,-0.0,0
L20-M3,720,719,6,-2,0,,0,0.0,0.0,-0.0,0
L20-M3,721,720,7,-3,0,,0,0.0,0.0,-0.0,0
L20-M3,722,721,3,1,0,,0,0.0,0.0,0.0,0
L20-M3,723,722,7,-3,0,,0,0.0,0.0,-0.0,0
L20-M3,724,723,2,2,0,,0,0.0,0.0,0.0,0
L20-M3,725,724,3,1,0,,0,0.0,0.0,0.0,0
L20-M3,726,725,5,-1,0,,0,0.0,0.0,-0.0,0
L20-M3,727,726,5,-1,0,,0,0.0,0.0,-0.0,0
L20-M3,728,727,5,-1,0,,0,0.0,0.0,-0.0,0
L20-M3,729,728,6,-2,0,,0,0.0,0.0,-0.0,0
L20-M3,730,729,2,2,0,,0,0.0,0.0,0.0,0
L20-M3,731,730,7,-3,0,,0,0.0,0.0,-0.0,0
L20-M3,732,731,5,-1,0,,0,0.0,0.0,-0.0,0
L20-M3,733,732,7,-3,0,,0,0.0,0.0,-0.0,0
L20-M3,734,733,2,2,0,,0,0.0,0.0,0.0,0
L20-M3,735,734,3,1,0,,0,0.0,0.0,0.0,0
L20-M3,736,735,1,3,0,,0,0.0,0.0,0.0,0
L20-M3,737,736,2,2,0,,0,0.0,0.0,0.0,0
L20-M3,738,737,1,3,0,,0,0.0,0.0,0.0,0
L20-M3,739,738,4,0,0,,0,0.0,0.0,0.0,0
L20-M3,740,739,4,0,0,,0,0.0,0.0,0.0,0
L20-M3,741,740,7,-3,0,,0,0.0,0.0,-0.0,0
L20-M3,742,741,2,2,0,,0,0.0,0.0,0.0,0
L20-M3,743,742,1,3,0,,0,0.0,0.0,0.0,0
L20-M3,744,743,1,3,0,,0,0.0,0.0,0.0,0
L20-M3,745,744,7,-3,0,,0,0.0,0.0,-0.0,0
L20-M3,746,745,5,-1,0,,0,0.0,0.0,-0.0,0
L20-M3,747,746,3,1,0,,0,0.0,0.0,0.0,0
L20-M3,748,747,5,-1,0,,0,0.0,0.0,-0.0,0
L20-M3,749,748,5,-1,0,,0,0.0,0.0,-0.0,0
L20-M3,750,749,6,-2,0,,0,0.0,0.0,-0.0,0
L20-M3,751,750,3,1,0,,0,0.0,0.0,0.0,0
L20-M3,752,751,4,0,0,,0,0.0,0.0,0.0,0
L20-M3,753,752,2,2,0,,0,0.0,0.0,0.0,0
L20-M3,754,753,2,2,0,,0,0.0,0.0,0.0,0
L20-M3,755,754,7,-3,0,,0,0.0,0.0,-0.0,0
L20-M3,756,755,7,-3,0,,0,0.0,0.0,-0.0,0
L20-M3,757,756,1,3,0,,0,0.0,0.0,0.0,0
L20-M3,758,757,1,3,0,,0,0.0,0.0,0.0,0
L20-M3,759,758,4,0,0,,0,0.0,0.0,0.0,0
L20-M3,760,759,2,2,0,,0,0.0,0.0,0.0,0
L20-M3,761,760,2,2,0,,0,0.0,0.0,0.0,0
L20-M3,762,761,5,-1,0,,0,0.0,0.0,-0.0,0
L20-M3,763,762,4,0,0,,0,0.0,0.0,0.0,0
L20-M3,764,763,3,1,0,,0,0.0,0.0,0.0,0
L20-M3,765,764,2,2,0,,0,0.0,0.0,0.0,0
L20-M3,766,765,5,-1,0,,0,0.0,0.0,-0.0,0
L20-M3,767,766,2,2,0,,0,0.0,0.0,0.0,0
L20-M3,768,767,4,0,0,,0,0.0,0.0,0.0,0
L20-M3,769,768,1,3,0,,0,0.0,0.0,0.0,0
L20-M3,770,769,1,3,0,,0,0.0,0.0,0.0,0
L20-M3,771,770,5,-1,0,,0,0.0,0.0,-0.0,0
L20-M3,772,771,7,-3,0,,0,0.0,0.0,-0.0,0
L20-M3,773,772,6,-2,0,,0,0.0,0.0,-0.0,0
L20-M3,774,773,7,-3,0,,0,0.0,0.0,-0.0,0
L20-M3,775,774,1,3,0,,0,0.0,0.0,0.0,0
L20-M3,776,775,3,1,0,,0,0.0,0.0,0.0,0
L20-M3,777,776,4,0,0,,0,0.0,0.0,0.0,0
L20-M3,778,777,4,0,0,,0,0.0,0.0,0.0,0
L20-M3,779,778,2,2,0,,0,0.0,0.0,0.0,0
L20-M3,780,779,1,3,0,,0,0.0,0.0,0.0,0
L20-M3,781,780,2,2,0,,0,0.0,0.0,0.0,0
L20-M3,782,781,7,-3,0,,0,0.0,0.0,-0.0,0
L20-M3,783,782,3,1,0,,0,0.0,0.0,0.0,0
L20-M3,784,783,5,-1,0,,0,0.0,0.0,-0.0,0
L20-M3,785,784,3,1,0,,0,0.0,0.0,0.0,0
L20-M3,786,785,7,-3,0,,0,0.0,0.0,-0.0,0
L20-M3,787,786,7,-3,0,,0,0.0,0.0,-0.0,0
L20-M3,788,787,3,1,0,,0,0.0,0.0,0.0,0
L20-M3,789,788,5,-1,0,,0,0.0,0.0,-0.0,0
L20-M3,790,789,6,-2,0,,0,0.0,0.0,-0.0,0
L20-M3,791,790,3,1,0,,0,0.0,0.0,0.0,0
L20-M3,792,791,5,-1,0,,0,0.0,0.0,-0.0,0
L20-M3,793,792,3,1,0,,0,0.0,0.0,0.0,0
L20-M3,794,793,4,0,0,,0,0.0,0.0,0.0,0
L20-M3,795,794,3,1,0,,0,0.0,0.0,0.0,0
L20-M3,796,795,6,-2,0,,0,0.0,0.0,-0.0,0
L20-M3,797,796,2,2,0,,0,0.0,0.0,0.0,0
L20-M3,798,797,5,-1,0,,0,0.0,0.0,-0.0,0
L20-M3,799,798,7,-3,0,,0,0.0,0.0,-0.0,0
L20-M3,800,799,4,0,0,,0,0.0,0.0,0.0,0
L20-M3,801,800,5,-1,0,,0,0.0,0.0,-0.0,0
L20-M3,802,801,1,3,0,,0,0.0,0.0,0.0,0
L20-M3,803,802,6,-2,0,,0,0.0,0.0,-0.0,0
L20-M3,804,803,1,3,0,,0,0.0,0.0,0.0,0
L20-M3,805,804,2,2,0,,0,0.0,0.0,0.0,0
L20-M3,806,805,7,-3,0,,0,0.0,0.0,-0.0,0
L20-M3,807,806,4,0,0,,0,0.0,0.0,0.0,0
L20-M3,808,807,5,-1,0,,0,0.0,0.0,-0.0,0
L20-M3,809,808,3,1,0,,0,0.0,0.0,0.0,0
L20-M3,810,809,6,-2,0,,0,0.0,0.0,-0.0,0
L20-M3,811,810,3,1,0,,0,0.0,0.0,0.0,0
L20-M3,812,811,5,-1,0,,0,0.0,0.0,-0.0,0
L20-M3,813,812,3,1,0,,0,0.0,0.0,0.0,0
L20-M3,814,813,2,2,0,,0,0.0,0.0,0.0,0
L20-M3,815,814,4,0,0,,0,0.0,0.0,0.0,0
L20-M3,816,815,1,3,0,,0,0.0,0.0,0.0,0
L20-M3,817,816,1,3,0,,0,0.0,0.0,0.0,0
L20-M3,818,817,6,-2,0,,0,0.0,0.0,-0.0,0
L20-M3,819,818,1,3,0,,0,0.0,0.0,0.0,0
L20-M3,820,819,1,3,0,,0,0.0,0.0,0.0,0
L20-M3,821,820,1,3,0,,0,0.0,0.0,0.0,0
L20-M3,822,821,4,0,0,,0,0.0,0.0,0.0,0
L20-M3,823,822,2,2,0,,0,0.0,0.0,0.0,0
L20-M3,824,823,2,2,0,,0,0.0,0.0,0.0,0
L20-M3,825,824,4,0,0,,0,0.0,0.0,0.0,0
L20-M3,826,825,7,-3,0,,0,0.0,0.0,-0.0,0
L20-M3,827,826,7,-3,0,,0,0.0,0.0,-0.0,0
L20-M3,828,827,4,0,0,,0,0.0,0.0,0.0,0
L20-M3,829,828,4,0,0,,0,0.0,0.0,0.0,0
L20-M3,830,829,3,1,0,,0,0.0,0.0,0.0,0
L20-M3,831,830,4,0,0,,0,0.0,0.0,0.0,0
L20-M3,832,831,2,2,0,,0,0.0,0.0,0.0,0
L20-M3,833,832,5,-1,0,,0,0.0,0.0,-0.0,0
L20-M3,834,833,3,1,0,,0,0.0,0.0,0.0,0
L20-M3,835,834,1,3,0,,0,0.0,0.0,0.0,0
L20-M3,836,835,5,-1,0,,0,0.0,0.0,-0.0,0
L20-M3,837,836,5,-1,0,,0,0.0,0.0,-0.0,0
L20-M3,838,837,2,2,0,,0,0.0,0.0,0.0,0
L20-M3,839,838,4,0,0,,0,0.0,0.0,0.0,0
L20-M3,840,839,7,-3,0,,0,0.0,0.0,-0.0,0
L20-M3,841,840,4,0,0,,0,0.0,0.0,0.0,0
L20-M3,842,841,4,0,0,,0,0.0,0.0,0.0,0
L20-M3,843,842,5,-1,0,,0,0.0,0.0,-0.0,0
L20-M3,844,843,1,3,0,,0,0.0,0.0,0.0,0
L20-M3,845,844,5,-1,0,,0,0.0,0.0,-0.0,0
L20-M3,846,845,2,2,0,,0,0.0,0.0,0.0,0
L20-M3,847,846,2,2,3,22 23 24,0,0.4,-0.4,-0.8,0
L20-M3,848,847,3,1,3,22 23 24,1,0.4,0.6,0.6,0
L20-M3,849,848,5,-1,0,,0,0.0,0.0,-0.0,0
L20-M3,850,849,1,3,0,,0,0.0,0.0,0.0,0
L20-M3,851,850,1,3,0,,0,0.0,0.0,0.0,0
L20-M3,852,851,6,-2,0,,0,0.0,0.0,-0.0,0
L20-M3,853,852,1,3,0,,0,0.0,0.0,0.0,0
L20-M3,854,853,3,1,0,,0,0.0,0.0,0.0,0
L20-M3,855,854,1,3,0,,0,0.0,0.0,0.0,0
L20-M3,856,855,1,3,0,,0,0.0,0.0,0.0,0
L20-M3,857,856,2,2,0,,0,0.0,0.0,0.0,0
L20-M3,858,857,7,-3,0,,0,0.0,0.0,-0.0,0
L20-M3,859,858,3,1,0,,0,0.0,0.0,0.0,0
L20-M3,860,859,3,1,0,,0,0.0,0.0,0.0,0
L20-M3,861,860,7,-3,0,,0,0.0,0.0,-0.0,0
L20-M3,862,861,6,-2,0,,0,0.0,0.0,-0.0,0
L20-M3,863,862,2,2,0,,0,0.0,0.0,0.0,0
L20-M3,864,863,1,3,0,,0,0.0,0.0,0.0,0
L20-M3,865,864,6,-2,0,,0,0.0,0.0,-0.0,0
L20-M3,866,865,1,3,0,,0,0.0,0.0,0.0,0
L20-M3,867,866,2,2,0,,0,0.0,0.0,0.0,0
L20-M3,868,867,7,-3,0,,0,0.0,0.0,-0.0,0
L20-M3,869,868,3,1,0,,0,0.0,0.0,0.0,0
L20-M3,870,869,2,2,0,,0,0.0,0.0,0.0,0
L20-M3,871,870,4,0,0,,0,0.0,0.0,0.0,0
L20-M3,872,871,7,-3,0,,0,0.0,0.0,-0.0,0
L20-M3,873,872,3,1,0,,0,0.0,0.0,0.0,0
L20-M3,874,873,6,-2,0,,0,0.0,0.0,-0.0,0
L20-M3,875,874,6,-2,0,,0,0.0,0.0,-0.0,0
L20-M3,876,875,5,-1,0,,0,0.0,0.0,-0.0,0
L20-M3,877,876,4,0,0,,0,0.0,0.0,0.0,0
L20-M3,878,877,2,2,0,,0,0.0,0.0,0.0,0
L20-M3,879,878,2,2,0,,0,0.0,0.0,0.0,0
L20-M3,880,879,6,-2,0,,0,0.0,0.0,-0.0,0
L20-M3,881,880,6,-2,0,,0,0.0,0.0,-0.0,0
L20-M3,882,881,2,2,0,,0,0.0,0.0,0.0,0
L20-M3,883,882,2,2,0,,0,0.0,0.0,0.0,0
L20-M3,884,883,3,1,0,,0,0.0,0.0,0.0,0
L20-M3,885,884,3,1,0,,0,0.0,0.0,0.0,0
L20-M3,886,885,5,-1,0,,0,0.0,0.0,-0.0,0
L20-M3,887,886,1,3,0,,0,0.0,0.0,0.0,0
L20-M3,888,887,2,2,0,,0,0.0,0.0,0.0,0
L20-M3,889,888,5,-1,0,,0,0.0,0.0,-0.0,0
L20-M3,890,889,3,1,0,,0,0.0,0.0,0.0,0
L20-M3,891,890,3,1,0,,0,0.0,0.0,0.0,0
L20-M3,892,891,3,1,0,,0,0.0,0.0,0.0,0
L20-M3,893,892,6,-2,0,,0,0.0,0.0,-0.0,0
L20-M3,894,893,2,2,0,,0,0.0,0.0,0.0,0
L20-M3,895,894,7,-3,0,,0,0.0,0.0,-0.0,0
L20-M3,896,895,2,2,0,,0,0.0,0.0,0.0,0
L20-M3,897,896,3,1,0,,0,0.0,0.0,0.0,0
L20-M3,898,897,6,-2,0,,0,0.0,0.0,-0.0,0
L20-M3,899,898,1,3,0,,0,0.0,0.0,0.0,0
L20-M3,900,899,6,-2,0,,0,0.0,0.0,-0.0,0
L20-M3,901,900,3,1,0,,0,0.0,0.0,0.0,0
L20-M3,902,901,4,0,0,,0,0.0,0.0,0.0,0
L20-M3,903,902,5,-1,0,,0,0.0,0.0,-0.0,0
L20-M3,904,903,7,-3,0,,0,0.0,0.0,-0.0,0
L20-M3,905,904,4,0,0,,0,0.0,0.0,0.0,0
L20-M3,906,905,4,0,0,,0,0.0,0.0,0.0,0
L20-M3,907,906,4,0,0,,0,0.0,0.0,0.0,0
L20-M3,908,907,4,0,0,,0,0.0,0.0,0.0,0
L20-M3,909,908,6,-2,0,,0,0.0,0.0,-0.0,0
L20-M3,910,909,5,-1,0,,0,0.0,0.0,-0.0,0
L20-M3,911,910,5,-1,0,,0,0.0,0.0,-0.0,0
L20-M3,912,911,6,-2,0,,0,0.0,0.0,-0.0,0
L20-M3,913,912,3,1,0,,0,0.0,0.0,0.0,0
L20-M3,914,913,7,-3,0,,0,0.0,0.0,-0.0,0
L20-M3,915,914,4,0,0,,0,0.0,0.0,0.0,0
L20-M3,916,915,5,-1,0,,0,0.0,0.0,-0.0,0
L20-M3,917,916,2,2,0,,0,0.0,0.0,0.0,0
L20-M3,918,917,6,-2,0,,0,0.0,0.0,-0.0,0
L20-M3,919,918,1,3,0,,0,0.0,0.0,0.0,0
L20-M3,920,919,5,-1,0,,0,0.0,0.0,-0.0,0
L20-M3,921,920,4,0,0,,0,0.0,0.0,0.0,0
L20-M3,922,921,1,3,0,,0,0.0,0.0,0.0,0
L20-M3,923,922,6,-2,0,,0,0.0,0.0,-0.0,0
L20-M3,924,923,5,-1,0,,0,0.0,0.0,-0.0,0
L20-M3,925,924,3,1,0,,0,0.0,0.0,0.0,0
L20-M3,926,925,1,3,0,,0,0.0,0.0,0.0,0
L20-M3,927,926,1,3,0,,0,0.0,0.0,0.0,0
L20-M3,928,927,4,0,0,,0,0.0,0.0,0.0,0
L20-M3,929,928,6,-2,0,,0,0.0,0.0,-0.0,0
L20-M3,930,929,1,3,0,,0,0.0,0.0,0.0,0
L20-M3,931,930,4,0,0,,0,0.0,0.0,0.0,0
L20-M3,932,931,5,-1,0,,0,0.0,0.0,-0.0,0
L20-M3,933,932,2,2,0,,0,0.0,0.0,0.0,0
L20-M3,934,933,6,-2,0,,0,0.0,0.0,-0.0,0
L20-M3,935,934,3,1,0,,0,0.0,0.0,0.0,0
L20-M3,936,935,3,1,0,,0,0.0,0.0,0.0,0
L20-M3,937,936,7,-3,0,,0,0.0,0.0,-0.0,0
L20-M3,938,937,5,-1,0,,0,0.0,0.0,-0.0,0
L20-M3,939,938,3,1,0,,0,0.0,0.0,0.0,0
L20-M3,940,939,2,2,0,,0,0.0,0.0,0.0,0
L20-M3,941,940,2,2,0,,0,0.0,0.0,0.0,0
L20-M3,942,941,5,-1,0,,0,0.0,0.0,-0.0,0
L20-M3,943,942,5,-1,0,,0,0.0,0.0,-0.0,0
L20-M3,944,943,5,-1,0,,0,0.0,0.0,-0.0,0
L20-M3,945,944,7,-3,0,,0,0.0,0.0,-0.0,0
L20-M3,946,945,4,0,0,,0,0.0,0.0,0.0,0
L20-M3,947,946,4,0,0,,0,0.0,0.0,0.0,0
L20-M3,948,947,5,-1,0,,0,0.0,0.0,-0.0,0
L20-M3,949,948,1,3,0,,0,0.0,0.0,0.0,0
L20-M3,950,949,3,1,0,,0,0.0,0.0,0.0,0
L20-M3,951,950,3,1,0,,0,0.0,0.0,0.0,0
L20-M3,952,951,5,-1,0,,0,0.0,0.0,-0.0,0
L20-M3,953,952,6,-2,0,,0,0.0,0.0,-0.0,0
L20-M3,954,953,5,-1,0,,0,0.0,0.0,-0.0,0
L20-M3,955,954,6,-2,0,,0,0.0,0.0,-0.0,0
L20-M3,956,955,2,2,0,,0,0.0,0.0,0.0,0
L20-M3,957,956,6,-2,0,,0,0.0,0.0,-0.0,0
L20-M3,958,957,1,3,0,,0,0.0,0.0,0.0,0
L20-M3,959,958,1,3,0,,0,0.0,0.0,0.0,0
L20-M3,960,959,5,-1,0,,0,0.0,0.0,-0.0,0
L20-M3,961,960,2,2,0,,0,0.0,0.0,0.0,0
L20-M3,962,961,7,-3,0,,0,0.0,0.0,-0.0,0
L20-M3,963,962,6,-2,0,,0,0.0,0.0,-0.0,0
L20-M3,964,963,6,-2,0,,0,0.0,0.0,-0.0,0
L20-M3,965,964,3,1,0,,0,0.0,0.0,0.0,0
L20-M3,966,965,6,-2,0,,0,0.0,0.0,-0.0,0
L20-M3,967,966,6,-2,0,,0,0.0,0.0,-0.0,0
L20-M3,968,967,3,1,0,,0,0.0,0.0,0.0,0
L20-M3,969,968,6,-2,0,,0,0.0,0.0,-0.0,0
L20-M3,970,969,2,2,0,,0,0.0,0.0,0.0,0
L20-M3,971,970,1,3,0,,0,0.0,0.0,0.0,0
L20-M3,972,971,3,1,0,,0,0.0,0.0,0.0,0
L20-M3,973,972,5,-1,0,,0,0.0,0.0,-0.0,0
L20-M3,974,973,2,2,0,,0,0.0,0.0,0.0,0
L20-M3,975,974,5,-1,0,,0,0.0,0.0,-0.0,0
L20-M3,976,975,1,3,0,,0,0.0,0.0,0.0,0
L20-M3,977,976,1,3,0,,0,0.0,0.0,0.0,0
L20-M3,978,977,5,-1,0,,0,0.0,0.0,-0.0,0
L20-M3,979,978,3,1,0,,0,0.0,0.0,0.0,0
L20-M3,980,979,5,-1,0,,0,0.0,0.0,-0.0,0
L20-M3,981,980,3,1,0,,0,0.0,0.0,0.0,0
L20-M3,982,981,2,2,0,,0,0.0,0.0,0.0,0
L20-M3,983,982,6,-2,0,,0,0.0,0.0,-0.0,0
L20-M3,984,983,2,2,0,,0,0.0,0.0,0.0,0
L20-M3,985,984,3,1,0,,0,0.0,0.0,0.0,0
L20-M3,986,985,2,2,0,,0,0.0,0.0,0.0,0
L20-M3,987,986,5,-1,0,,0,0.0,0.0,-0.0,0
L20-M3,988,987,3,1,0,,0,0.0,0.0,0.0,0
L20-M3,989,988,4,0,0,,0,0.0,0.0,0.0,0
L20-M3,990,989,4,0,0,,0,0.0,0.0,0.0,0
L20-M3,991,990,5,-1,0,,0,0.0,0.0,-0.0,0
L20-M3,992,991,6,-2,0,,0,0.0,0.0,-0.0,0
L20-M3,993,992,3,1,0,,0,0.0,0.0,0.0,0
L20-M3,994,993,7,-3,0,,0,0.0,0.0,-0.0,0
L20-M3,995,994,6,-2,0,,0,0.0,0.0,-0.0,0
L20-M3,996,995,3,1,0,,0,0.0,0.0,0.0,0
L20-M3,997,996,5,-1,0,,0,0.0,0.0,-0.0,0
L20-M3,998,997,5,-1,0,,0,0.0,0.0,-0.0,0
L20-M3,999,998,5,-1,0,,0,0.0,0.0,-0.0,0
L20-M3,1000,999,7,-3,0,,0,0.0,0.0,-0.0,0
L20-M3,1001,1000,6,-2,0,,0,0.0,0.0,-0.0,0
L20-M3,1002,1001,5,-1,0,,0,0.0,0.0,-0.0,0
L20-M3,1003,1002,1,3,0,,0,0.0,0.0,0.0,0
L20-M3,1004,1003,4,0,0,,0,0.0,0.0,0.0,0
L20-M3,1005,1004,3,1,0,,0,0.0,0.0,0.0,0
L20-M3,1006,1005,3,1,0,,0,0.0,0.0,0.0,0
L20-M3,1007,1006,6,-2,0,,0,0.0,0.0,-0.0,0
L20-M3,1008,1007,7,-3,0,,0,0.0,0.0,-0.0,0
L20-M3,1009,1008,5,-1,0,,0,0.0,0.0,-0.0,0
L20-M3,1010,1009,2,2,0,,0,0.0,0.0,0.0,0
L20-M3,1011,1010,1,3,0,,0,0.0,0.0,0.0,0
L20-M3,1012,1011,7,-3,0,,0,0.0,0.0,-0.0,0
L20-M3,1013,1012,1,3,0,,0,0.0,0.0,0.0,0
L20-M3,1014,1013,4,0,0,,0,0.0,0.0,0.0,0
L20-M3,1015,1014,5,-1,0,,0,0.0,0.0,-0.0,0
L20-M3,1016,1015,7,-3,0,,0,0.0,0.0,-0.0,0
L20-M3,1017,1016,7,-3,0,,0,0.0,0.0,-0.0,0
L20-M3,1018,1017,6,-2,0,,0,0.0,0.0,-0.0,0
L20-M3,1019,1018,5,-1,0,,0,0.0,0.0,-0.0,0
L20-M3,1020,1019,3,1,0,,0,0.0,0.0,0.0,0
L20-M3,1021,1020,1,3,0,,0,0.0,0.0,0.0,0
L20-M3,1022,1021,3,1,0,,0,0.0,0.0,0.0,0
L20-M3,1023,1022,4,0,0,,0,0.0,0.0,0.0,0
L20-M3,1024,1023,5,-1,0,,0,0.0,0.0,-0.0,0
L20-M3,1025,1024,2,2,0,,0,0.0,0.0,0.0,0
L20-M3,1026,1025,1,3,0,,0,0.0,0.0,0.0,0
L20-M3,1027,1026,6,-2,0,,0,0.0,0.0,-0.0,0
L20-M3,1028,1027,1,3,0,,0,0.0,0.0,0.0,0
L20-M3,1029,1028,6,-2,0,,0,0.0,0.0,-0.0,0
L20-M3,1030,1029,2,2,0,,0,0.0,0.0,0.0,0
L20-M3,1031,1030,3,1,0,,0,0.0,0.0,0.0,0
L20-M3,1032,1031,3,1,0,,0,0.0,0.0,0.0,0
L20-M3,1033,1032,5,-1,0,,0,0.0,0.0,-0.0,0
L20-M3,1034,1033,2,2,0,,0,0.0,0.0,0.0,0
L20-M3,1035,1034,1,3,0,,0,0.0,0.0,0.0,0
L20-M3,1036,1035,1,3,0,,0,0.0,0.0,0.0,0
L20-M3,1037,1036,6,-2,0,,0,0.0,0.0,-0.0,0
L20-M3,1038,1037,6,-2,0,,0,0.0,0.0,-0.0,0
L20-M3,1039,1038,1,3,0,,0,0.0,0.0,0.0,0
L20-M3,1040,1039,5,-1,0,,0,0.0,0.0,-0.0,0
L20-M3,1041,1040,2,2,0,,0,0.0,0.0,0.0,0
L20-M3,1042,1041,7,-3,0,,0,0.0,0.0,-0.0,0
L20-M3,1043,1042,1,3,0,,0,0.0,0.0,0.0,0
L20-M3,1044,1043,4,0,0,,0,0.0,0.0,0.0,0
L20-M3,1045,1044,1,3,0,,0,0.0,0.0,0.0,0
L20-M3,1046,1045,6,-2,0,,0,0.0,0.0,-0.0,0
L20-M3,1047,1046,4,0,0,,0,0.0,0.0,0.0,0
L20-M3,1048,1047,3,1,0,,0,0.0,0.0,0.0,0
L20-M3,1049,1048,5,-1,0,,0,0.0,0.0,-0.0,0
L20-M3,1050,1049,4,0,0,,0,0.0,0.0,0.0,0
L20-M3,1051,1050,3,1,0,,0,0.0,0.0,0.0,0
L20-M3,1052,1051,7,-3,0,,0,0.0,0.0,-0.0,0
L20-M3,1053,1052,1,3,0,,0,0.0,0.0,0.0,0
L20-M3,1054,1053,1,3,0,,0,0.0,0.0,0.0,0
L20-M3,1055,1054,6,-2,0,,0,0.0,0.0,-0.0,0
L20-M3,1056,1055,6,-2,0,,0,0.0,0.0,-0.0,0
L20-M3,1057,1056,4,0,0,,0,0.0,0.0,0.0,0
L20-M3,1058,1057,2,2,0,,0,0.0,0.0,0.0,0
L20-M3,1059,1058,7,-3,0,,0,0.0,0.0,-0.0,0
L20-M3,1060,1059,5,-1,0,,0,0.0,0.0,-0.0,0
L20-M3,1061,1060,5,-1,0,,0,0.0,0.0,-0.0,0
L20-M3,1062,1061,2,2,0,,0,0.0,0.0,0.0,0
L20-M3,1063,1062,1,3,0,,0,0.0,0.0,0.0,0
L20-M3,1064,1063,6,-2,0,,0,0.0,0.0,-0.0,0
L20-M3,1065,1064,4,0,0,,0,0.0,0.0,0.0,0
L20-M3,1066,1065,5,-1,0,,0,0.0,0.0,-0.0,0
L20-M3,1067,1066,7,-3,0,,0,0.0,0.0,-0.0,0
L20-M3,1068,1067,3,1,0,,0,0.0,0.0,0.0,0
L20-M3,1069,1068,1,3,0,,0,0.0,0.0,0.0,0
L20-M3,1070,1069,7,-3,0,,0,0.0,0.0,-0.0,0
L20-M3,1071,1070,6,-2,3,42 43 44,0,0.4,-0.4,0.8,0
L20-M3,1072,1071,7,-3,3,42 43 44,1,0.4,0.6,-1.7999999999999998,0
L20-M3,1073,1072,5,-1,0,,0,0.0,0.0,-0.0,0
L20-M3,1074,1073,2,2,0,,0,0.0,0.0,0.0,0
L20-M3,1075,1074,3,1,0,,0,0.0,0.0,0.0,0
L20-M3,1076,1075,2,2,0,,0,0.0,0.0,0.0,0
L20-M3,1077,1076,4,0,0,,0,0.0,0.0,0.0,0
L20-M3,1078,1077,5,-1,0,,0,0.0,0.0,-0.0,0
L20-M3,1079,1078,7,-3,0,,0,0.0,0.0,-0.0,0
L20-M3,1080,1079,2,2,0,,0,0.0,0.0,0.0,0
L20-M3,1081,1080,6,-2,0,,0,0.0,0.0,-0.0,0
L20-M3,1082,1081,4,0,0,,0,0.0,0.0,0.0,0
L20-M3,1083,1082,4,0,0,,0,0.0,0.0,0.0,0
L20-M3,1084,1083,5,-1,0,,0,0.0,0.0,-0.0,0
L20-M3,1085,1084,1,3,0,,0,0.0,0.0,0.0,0
L20-M3,1086,1085,5,-1,0,,0,0.0,0.0,-0.0,0
L20-M3,1087,1086,7,-3,0,,0,0.0,0.0,-0.0,0
L20-M3,1088,1087,3,1,0,,0,0.0,0.0,0.0,0
L20-M3,1089,1088,5,-1,0,,0,0.0,0.0,-0.0,0
L20-M3,1090,1089,5,-1,0,,0,0.0,0.0,-0.0,0
L20-M3,1091,1090,1,3,0,,0,0.0,0.0,0.0,0
L20-M3,1092,1091,7,-3,0,,0,0.0,0.0,-0.0,0
L20-M3,1093,1092,6,-2,0,,0,0.0,0.0,-0.0,0
L20-M3,1094,1093,7,-3,0,,0,0.0,0.0,-0.0,0
L20-M3,1095,1094,7,-3,0,,0,0.0,0.0,-0.0,0
L20-M3,1096,1095,2,2,0,,0,0.0,0.0,0.0,0
L20-M3,1097,1096,6,-2,0,,0,0.0,0.0,-0.0,0
L20-M3,1098,1097,1,3,0,,0,0.0,0.0,0.0,0
L20-M3,1099,1098,2,2,0,,0,0.0,0.0,0.0,0
L20-M3,1100,1099,2,2,0,,0,0.0,0.0,0.0,0
L20-M3,1101,1100,1,3,0,,0,0.0,0.0,0.0,0
L20-M3,1102,1101,6,-2,0,,0,0.0,0.0,-0.0,0
L20-M3,1103,1102,3,1,0,,0,0.0,0.0,0.0,0
L20-M3,1104,1103,1,3,0,,0,0.0,0.0,0.0,0
L20-M3,1105,1104,2,2,0,,0,0.0,0.0,0.0,0
L20-M3,1106,1105,2,2,0,,0,0.0,0.0,0.0,0
L20-M3,1107,1106,5,-1,0,,0,0.0,0.0,-0.0,0
L20-M3,1108,1107,3,1,0,,0,0.0,0.0,0.0,0
L20-M3,1109,1108,4,0,0,,0,0.0,0.0,0.0,0
L20-M3,1110,1109,1,3,0,,0,0.0,0.0,0.0,0
L20-M3,1111,1110,6,-2,0,,0,0.0,0.0,-0.0,0
L20-M3,1112,1111,2,2,0,,0,0.0,0.0,0.0,0
L20-M3,1113,1112,3,1,0,,0,0.0,0.0,0.0,0
L20-M3,1114,1113,1,3,0,,0,0.0,0.0,0.0,0
L20-M3,1115,1114,1,3,0,,0,0.0,0.0,0.0,0
L20-M3,1116,1115,2,2,0,,0,0.0,0.0,0.0,0
L20-M3,1117,1116,7,-3,0,,0,0.0,0.0,-0.0,0
L20-M3,1118,1117,3,1,0,,0,0.0,0.0,0.0,0
L20-M3,1119,1118,1,3,0,,0,0.0,0.0,0.0,0
L20-M3,1120,1119,2,2,0,,0,0.0,0.0,0.0,0
L20-M3,1121,1120,5,-1,0,,0,0.0,0.0,-0.0,0
L20-M3,1122,1121,2,2,0,,0,0.0,0.0,0.0,0
L20-M3,1123,1122,4,0,0,,0,0.0,0.0,0.0,0
L20-M3,1124,1123,5,-1,0,,0,0.0,0.0,-0.0,0
L20-M3,1125,1124,4,0,0,,0,0.0,0.0,0.0,0
L20-M3,1126,1125,4,0,0,,0,0.0,0.0,0.0,0
L20-M3,1127,1126,3,1,3,27 28 29,0,0.4,-0.4,-0.4,0
L20-M3,1128,1127,6,-2,3,27 28 29,1,0.4,0.6,-1.2,0
L20-M3,1129,1128,7,-3,0,,0,0.0,0.0,-0.0,0
L20-M3,1130,1129,5,-1,0,,0,0.0,0.0,-0.0,0
L20-M3,1131,1130,7,-3,0,,0,0.0,0.0,-0.0,0
L20-M3,1132,1131,6,-2,0,,0,0.0,0.0,-0.0,0
L20-M3,1133,1132,1,3,0,,0,0.0,0.0,0.0,0
L20-M3,1134,1133,4,0,0,,0,0.0,0.0,0.0,0
L20-M3,1135,1134,6,-2,0,,0,0.0,0.0,-0.0,0
L20-M3,1136,1135,2,2,0,,0,0.0,0.0,0.0,0
L20-M3,1137,1136,1,3,0,,0,0.0,0.0,0.0,0
L20-M3,1138,1137,5,-1,0,,0,0.0,0.0,-0.0,0
L20-M3,1139,1138,7,-3,0,,0,0.0,0.0,-0.0,0
L20-M3,1140,1139,4,0,0,,0,0.0,0.0,0.0,0
L20-M3,1141,1140,3,1,0,,0,0.0,0.0,0.0,0
L20-M3,1142,1141,4,0,0,,0,0.0,0.0,0.0,0
L20-M3,1143,1142,3,1,0,,0,0.0,0.0,0.0,0
L20-M3,1144,1143,1,3,0,,0,0.0,0.0,0.0,0
L20-M3,1145,1144,3,1,0,,0,0.0,0.0,0.0,0
L20-M3,1146,1145,4,0,0,,0,0.0,0.0,0.0,0
L20-M3,1147,1146,5,-1,0,,0,0.0,0.0,-0.0,0
L20-M3,1148,1147,6,-2,0,,0,0.0,0.0,-0.0,0
L20-M3,1149,1148,7,-3,0,,0,0.0,0.0,-0.0,0
L20-M3,1150,1149,7,-3,0,,0,0.0,0.0,-0.0,0
L20-M3,1151,1150,4,0,0,,0,0.0,0.0,0.0,0
L20-M3,1152,1151,3,1,0,,0,0.0,0.0,0.0,0
L20-M3,1153,1152,1,3,0,,0,0.0,0.0,0.0,0
L20-M3,1154,1153,2,2,0,,0,0.0,0.0,0.0,0
L20-M3,1155,1154,5,-1,0,,0,0.0,0.0,-0.0,0
L20-M3,1156,1155,2,2,0,,0,0.0,0.0,0.0,0
L20-M3,1157,1156,1,3,0,,0,0.0,0.0,0.0,0
L20-M3,1158,1157,7,-3,0,,0,0.0,0.0,-0.0,0
L20-M3,1159,1158,1,3,0,,0,0.0,0.0,0.0,0
L20-M3,1160,1159,2,2,0,,0,0.0,0.0,0.0,0
L20-M3,1161,1160,4,0,0,,0,0.0,0.0,0.0,0
L20-M3,1162,1161,6,-2,0,,0,0.0,0.0,-0.0,0
L20-M3,1163,1162,1,3,0,,0,0.0,0.0,0.0,0
L20-M3,1164,1163,2,2,0,,0,0.0,0.0,0.0,0
L20-M3,1165,1164,3,1,0,,0,0.0,0.0,0.0,0
L20-M3,1166,1165,3,1,0,,0,0.0,0.0,0.0,0
L20-M3,1167,1166,2,2,0,,0,0.0,0.0,0.0,0
L20-M3,1168,1167,3,1,0,,0,0.0,0.0,0.0,0
L20-M3,1169,1168,4,0,0,,0,0.0,0.0,0.0,0
L20-M3,1170,1169,3,1,0,,0,0.0,0.0,0.0,0
L20-M3,1171,1170,3,1,0,,0,0.0,0.0,0.0,0
L20-M3,1172,1171,7,-3,0,,0,0.0,0.0,-0.0,0
L20-M3,1173,1172,7,-3,0,,0,0.0,0.0,-0.0,0
L20-M3,1174,1173,2,2,0,,0,0.0,0.0,0.0,0
L20-M3,1175,1174,5,-1,0,,0,0.0,0.0,-0.0,0
L20-M3,1176,1175,5,-1,0,,0,0.0,0.0,-0.0,0
L20-M3,1177,1176,5,-1,0,,0,0.0,0.0,-0.0,0
L20-M3,1178,1177,6,-2,0,,0,0.0,0.0,-0.0,0
L20-M3,1179,1178,4,0,0,,0,0.0,0.0,0.0,0
L20-M3,1180,1179,4,0,0,,0,0.0,0.0,0.0,0
L20-M3,1181,1180,1,3,0,,0,0.0,0.0,0.0,0
L20-M3,1182,1181,5,-1,0,,0,0.0,0.0,-0.0,0
L20-M3,1183,1182,4,0,0,,0,0.0,0.0,0.0,0
L20-M3,1184,1183,6,-2,0,,0,0.0,0.0,-0.0,0
L20-M3,1185,1184,7,-3,0,,0,0.0,0.0,-0.0,0
L20-M3,1186,1185,7,-3,0,,0,0.0,0.0,-0.0,0
L20-M3,1187,1186,7,-3,0,,0,0.0,0.0,-0.0,0
L20-M3,1188,1187,7,-3,0,,0,0.0,0.0,-0.0,0
L20-M3,1189,1188,3,1,0,,0,0.0,0.0,0.0,0
L20-M3,1190,1189,4,0,0,,0,0.0,0.0,0.0,0
L20-M3,1191,1190,6,-2,0,,0,0.0,0.0,-0.0,0
L20-M3,1192,1191,2,2,0,,0,0.0,0.0,0.0,0
L20-M3,1193,1192,2,2,0,,0,0.0,0.0,0.0,0
L20-M3,1194,1193,4,0,0,,0,0.0,0.0,0.0,0
L20-M3,1195,1194,1,3,0,,0,0.0,0.0,0.0,0
L20-M3,1196,1195,7,-3,0,,0,0.0,0.0,-0.0,0
L20-M3,1197,1196,3,1,0,,0,0.0,0.0,0.0,0
L20-M3,1198,1197,6,-2,0,,0,0.0,0.0,-0.0,0
L20-M3,1199,1198,1,3,0,,0,0.0,0.0,0.0,0
L20-M3,1200,1199,1,3,0,,0,0.0,0.0,0.0,0
L20-M3,1201,1200,7,-3,0,,0,0.0,0.0,-0.0,0
L20-M3,1202,1201,7,-3,0,,0,0.0,0.0,-0.0,0
L20-M3,1203,1202,2,2,0,,0,0.0,0.0,0.0,0
L20-M3,1204,1203,4,0,0,,0,0.0,0.0,0.0,0
L20-M3,1205,1204,3,1,0,,0,0.0,0.0,0.0,0
L20-M3,1206,1205,2,2,0,,0,0.0,0.0,0.0,0
L20-M3,1207,1206,4,0,0,,0,0.0,0.0,0.0,0
L20-M3,1208,1207,2,2,0,,0,0.0,0.0,0.0,0
L20-M3,1209,1208,2,2,0,,0,0.0,0.0,0.0,0
L20-M3,1210,1209,4,0,0,,0,0.0,0.0,0.0,0
L20-M3,1211,1210,6,-2,0,,0,0.0,0.0,-0.0,0
L20-M3,1212,1211,1,3,0,,0,0.0,0.0,0.0,0
L20-M3,1213,1212,7,-3,0,,0,0.0,0.0,-0.0,0
L20-M3,1214,1213,1,3,0,,0,0.0,0.0,0.0,0
L20-M3,1215,1214,2,2,0,,0,0.0,0.0,0.0,0
L20-M3,1216,1215,5,-1,0,,0,0.0,0.0,-0.0,0
L20-M3,1217,1216,7,-3,0,,0,0.0,0.0,-0.0,0
L20-M3,1218,1217,7,-3,0,,0,0.0,0.0,-0.0,0
L20-M3,1219,1218,2,2,0,,0,0.0,0.0,0.0,0
L20-M3,1220,1219,5,-1,0,,0,0.0,0.0,-0.0,0
L20-M3,1221,1220,2,2,0,,0,0.0,0.0,0.0,0
L20-M3,1222,1221,2,2,0,,0,0.0,0.0,0.0,0
L20-M3,1223,1222,6,-2,0,,0,0.0,0.0,-0.0,0
L20-M3,1224,1223,4,0,0,,0,0.0,0.0,0.0,0
L20-M3,1225,1224,5,-1,0,,0,0.0,0.0,-0.0,0
L20-M3,1226,1225,5,-1,0,,0,0.0,0.0,-0.0,0
L20-M3,1227,1226,7,-3,0,,0,0.0,0.0,-0.0,0
L20-M3,1228,1227,2,2,0,,0,0.0,0.0,0.0,0
L20-M3,1229,1228,1,3,0,,0,0.0,0.0,0.0,0
L20-M3,1230,1229,3,1,0,,0,0.0,0.0,0.0,0
L20-M3,1231,1230,7,-3,0,,0,0.0,0.0,-0.0,0
L20-M3,1232,1231,4,0,0,,0,0.0,0.0,0.0,0
L20-M3,1233,1232,1,3,0,,0,0.0,0.0,0.0,0
L20-M3,1234,1233,5,-1,0,,0,0.0,0.0,-0.0,0
L20-M3,1235,1234,4,0,0,,0,0.0,0.0,0.0,0
L20-M3,1236,1235,5,-1,0,,0,0.0,0.0,-0.0,0
L20-M3,1237,1236,1,3,0,,0,0.0,0.0,0.0,0
L20-M3,1238,1237,5,-1,0,,0,0.0,0.0,-0.0,0
L20-M4,21,20,7,-3,0,,0,0.0,0.0,-0.0,0
L20-M4,22,21,5,-1,0,,0,0.0,0.0,-0.0,0
L20-M4,23,22,6,-2,0,,0,0.0,0.0,-0.0,0
L20-M4,24,23,7,-3,0,,0,0.0,0.0,-0.0,0
L20-M4,25,24,1,3,0,,0,0.0,0.0,0.0,0
L20-M4,26,25,3,1,0,,0,0.0,0.0,0.0,0
L20-M4,27,26,7,-3,0,,0,0.0,0.0,-0.0,0
L20-M4,28,27,4,0,0,,0,0.0,0.0,0.0,0
L20-M4,29,28,1,3,0,,0,0.0,0.0,0.0,0
L20-M4,30,29,3,1,0,,0,0.0,0.0,0.0,0
L20-M4,31,30,1,3,0,,0,0.0,0.0,0.0,0
L20-M4,32,31,6,-2,0,,0,0.0,0.0,-0.0,0
L20-M4,33,32,2,2,0,,0,0.0,0.0,0.0,0
L20-M4,34,33,3,1,0,,0,0.0,0.0,0.0,0
L20-M4,35,34,1,3,0,,0,0.0,0.0,0.0,0
L20-M4,36,35,6,-2,0,,0,0.0,0.0,-0.0,0
L20-M4,37,36,6,-2,0,,0,0.0,0.0,-0.0,0
L20-M4,38,37,7,-3,0,,0,0.0,0.0,-0.0,0
L20-M4,39,38,5,-1,0,,0,0.0,0.0,-0.0,0
L20-M4,40,39,3,1,0,,0,0.0,0.0,0.0,0
L20-M4,41,40,1,3,0,,0,0.0,0.0,0.0,0
L20-M4,42,41,4,0,0,,0,0.0,0.0,0.0,0
L20-M4,43,42,1,3,0,,0,0.0,0.0,0.0,0
L20-M4,44,43,1,3,0,,0,0.0,0.0,0.0,0
L20-M4,45,44,6,-2,0,,0,0.0,0.0,-0.0,0
L20-M4,46,45,3,1,0,,0,0.0,0.0,0.0,0
L20-M4,47,46,7,-3,0,,0,0.0,0.0,-0.0,0
L20-M4,48,47,4,0,0,,0,0.0,0.0,0.0,0
L20-M4,49,48,1,3,0,,0,0.0,0.0,0.0,0
L20-M4,50,49,5,-1,0,,0,0.0,0.0,-0.0,0
L20-M4,51,50,1,3,0,,0,0.0,0.0,0.0,0
L20-M4,52,51,6,-2,0,,0,0.0,0.0,-0.0,0
L20-M4,53,52,1,3,0,,0,0.0,0.0,0.0,0
L20-M4,54,53,7,-3,0,,0,0.0,0.0,-0.0,0
L20-M4,55,54,6,-2,0,,0,0.0,0.0,-0.0,0
L20-M4,56,55,1,3,0,,0,0.0,0.0,0.0,0
L20-M4,57,56,3,1,0,,0,0.0,0.0,0.0,0
L20-M4,58,57,1,3,0,,0,0.0,0.0,0.0,0
L20-M4,59,58,1,3,0,,0,0.0,0.0,0.0,0
L20-M4,60,59,2,2,0,,0,0.0,0.0,0.0,0
L20-M4,61,60,3,1,0,,0,0.0,0.0,0.0,0
L20-M4,62,61,1,3,0,,0,0.0,0.0,0.0,0
L20-M4,63,62,4,0,0,,0,0.0,0.0,0.0,0
L20-M4,64,63,2,2,0,,0,0.0,0.0,0.0,0
L20-M4,65,64,7,-3,0,,0,0.0,0.0,-0.0,0
L20-M4,66,65,5,-1,0,,0,0.0,0.0,-0.0,0
L20-M4,67,66,7,-3,0,,0,0.0,0.0,-0.0,0
L20-M4,68,67,5,-1,0,,0,0.0,0.0,-0.0,0
L20-M4,69,68,6,-2,0,,0,0.0,0.0,-0.0,0
L20-M4,70,69,6,-2,0,,0,0.0,0.0,-0.0,0
L20-M4,71,70,5,-1,0,,0,0.0,0.0,-0.0,0
L20-M4,72,71,5,-1,0,,0,0.0,0.0,-0.0,0
L20-M4,73,72,1,3,0,,0,0.0,0.0,0.0,0
L20-M4,74,73,5,-1,0,,0,0.0,0.0,-0.0,0
L20-M4,75,74,5,-1,0,,0,0.0,0.0,-0.0,0
L20-M4,76,75,4,0,0,,0,0.0,0.0,0.0,0
L20-M4,77,76,7,-3,0,,0,0.0,0.0,-0.0,0
L20-M4,78,77,5,-1,0,,0,0.0,0.0,-0.0,0
L20-M4,79,78,7,-3,0,,0,0.0,0.0,-0.0,0
L20-M4,80,79,3,1,0,,0,0.0,0.0,0.0,0
L20-M4,81,80,1,3,0,,0,0.0,0.0,0.0,0
L20-M4,82,81,2,2,0,,0,0.0,0.0,0.0,0
L20-M4,83,82,6,-2,0,,0,0.0,0.0,-0.0,0
L20-M4,84,83,3,1,0,,0,0.0,0.0,0.0,0
L20-M4,85,84,1,3,0,,0,0.0,0.0,0.0,0
L20-M4,86,85,4,0,0,,0,0.0,0.0,0.0,0
L20-M4,87,86,3,1,0,,0,0.0,0.0,0.0,0
L20-M4,88,87,5,-1,0,,0,0.0,0.0,-0.0,0
L20-M4,89,88,5,-1,0,,0,0.0,0.0,-0.0,0
L20-M4,90,89,6,-2,0,,0,0.0,0.0,-0.0,0
L20-M4,91,90,1,3,0,,0,0.0,0.0,0.0,0
L20-M4,92,91,5,-1,0,,0,0.0,0.0,-0.0,0
L20-M4,93,92,3,1,0,,0,0.0,0.0,0.0,0
L20-M4,94,93,2,2,0,,0,0.0,0.0,0.0,0
L20-M4,95,94,2,2,0,,0,0.0,0.0,0.0,0
L20-M4,96,95,2,2,0,,0,0.0,0.0,0.0,0
L20-M4,97,96,4,0,0,,0,0.0,0.0,0.0,0
L20-M4,98,97,1,3,0,,0,0.0,0.0,0.0,0
L20-M4,99,98,7,-3,0,,0,0.0,0.0,-0.0,0
L20-M4,100,99,4,0,0,,0,0.0,0.0,0.0,0
L20-M4,101,100,2,2,0,,0,0.0,0.0,0.0,0
L20-M4,102,101,3,1,0,,0,0.0,0.0,0.0,0
L20-M4,103,102,7,-3,0,,0,0.0,0.0,-0.0,0
L20-M4,104,103,2,2,0,,0,0.0,0.0,0.0,0
L20-M4,105,104,5,-1,0,,0,0.0,0.0,-0.0,0
L20-M4,106,105,4,0,0,,0,0.0,0.0,0.0,0
L20-M4,107,106,6,-2,0,,0,0.0,0.0,-0.0,0
L20-M4,108,107,6,-2,0,,0,0.0,0.0,-0.0,0
L20-M4,109,108,2,2,0,,0,0.0,0.0,0.0,0
L20-M4,110,109,3,1,0,,0,0.0,0.0,0.0,0
L20-M4,111,110,1,3,0,,0,0.0,0.0,0.0,0
L20-M4,112,111,3,1,0,,0,0.0,0.0,0.0,0
L20-M4,113,112,7,-3,0,,0,0.0,0.0,-0.0,0
L20-M4,114,113,3,1,0,,0,0.0,0.0,0.0,0
L20-M4,115,114,1,3,0,,0,0.0,0.0,0.0,0
L20-M4,116,115,7,-3,0,,0,0.0,0.0,-0.0,0
L20-M4,117,116,3,1,0,,0,0.0,0.0,0.0,0
L20-M4,118,117,5,-1,0,,0,0.0,0.0,-0.0,0
L20-M4,119,118,7,-3,0,,0,0.0,0.0,-0.0,0
L20-M4,120,119,7,-3,0,,0,0.0,0.0,-0.0,0
L20-M4,121,120,5,-1,0,,0,0.0,0.0,-0.0,0
L20-M4,122,121,1,3,0,,0,0.0,0.0,0.0,0
L20-M4,123,122,2,2,0,,0,0.0,0.0,0.0,0
L20-M4,124,123,4,0,0,,0,0.0,0.0,0.0,0
L20-M4,125,124,1,3,0,,0,0.0,0.0,0.0,0
L20-M4,126,125,3,1,0,,0,0.0,0.0,0.0,0
L20-M4,127,126,1,3,0,,0,0.0,0.0,0.0,0
L20-M4,128,127,6,-2,0,,0,0.0,0.0,-0.0,0
L20-M4,129,128,6,-2,0,,0,0.0,0.0,-0.0,0
L20-M4,130,129,1,3,0,,0,0.0,0.0,0.0,0
L20-M4,131,130,5,-1,0,,0,0.0,0.0,-0.0,0
L20-M4,132,131,7,-3,0,,0,0.0,0.0,-0.0,0
L20-M4,133,132,6,-2,0,,0,0.0,0.0,-0.0,0
L20-M4,134,133,3,1,0,,0,0.0,0.0,0.0,0
L20-M4,135,134,7,-3,0,,0,0.0,0.0,-0.0,0
L20-M4,136,135,3,1,0,,0,0.0,0.0,0.0,0
L20-M4,137,136,2,2,0,,0,0.0,0.0,0.0,0
L20-M4,138,137,3,1,0,,0,0.0,0.0,0.0,0
L20-M4,139,138,3,1,0,,0,0.0,0.0,0.0,0
L20-M4,140,139,3,1,0,,0,0.0,0.0,0.0,0
L20-M4,141,140,2,2,0,,0,0.0,0.0,0.0,0
L20-M4,142,141,1,3,0,,0,0.0,0.0,0.0,0
L20-M4,143,142,3,1,0,,0,0.0,0.0,0.0,0
L20-M4,144,143,1,3,0,,0,0.0,0.0,0.0,0
L20-M4,145,144,7,-3,0,,0,0.0,0.0,-0.0,0
L20-M4,146,145,3,1,0,,0,0.0,0.0,0.0,0
L20-M4,147,146,3,1,0,,0,0.0,0.0,0.0,0
L20-M4,148,147,5,-1,0,,0,0.0,0.0,-0.0,0
L20-M4,149,148,1,3,0,,0,0.0,0.0,0.0,0
L20-M4,150,149,4,0,0,,0,0.0,0.0,0.0,0
L20-M4,151,150,2,2,0,,0,0.0,0.0,0.0,0
L20-M4,152,151,5,-1,0,,0,0.0,0.0,-0.0,0
L20-M4,153,152,7,-3,0,,0,0.0,0.0,-0.0,0
L20-M4,154,153,6,-2,0,,0,0.0,0.0,-0.0,0
L20-M4,155,154,3,1,0,,0,0.0,0.0,0.0,0
L20-M4,156,155,1,3,0,,0,0.0,0.0,0.0,0
L20-M4,157,156,1,3,0,,0,0.0,0.0,0.0,0
L20-M4,158,157,6,-2,0,,0,0.0,0.0,-0.0,0
L20-M4,159,158,2,2,0,,0,0.0,0.0,0.0,0
L20-M4,160,159,4,0,0,,0,0.0,0.0,0.0,0
L20-M4,161,160,1,3,0,,0,0.0,0.0,0.0,0
L20-M4,162,161,6,-2,0,,0,0.0,0.0,-0.0,0
L20-M4,163,162,4,0,0,,0,0.0,0.0,0.0,0
L20-M4,164,163,3,1,0,,0,0.0,0.0,0.0,0
L20-M4,165,164,5,-1,0,,0,0.0,0.0,-0.0,0
L20-M4,166,165,6,-2,0,,0,0.0,0.0,-0.0,0
L20-M4,167,166,3,1,0,,0,0.0,0.0,0.0,0
L20-M4,168,167,1,3,0,,0,0.0,0.0,0.0,0
L20-M4,169,168,3,1,0,,0,0.0,0.0,0.0,0
L20-M4,170,169,2,2,0,,0,0.0,0.0,0.0,0
L20-M4,171,170,2,2,0,,0,0.0,0.0,0.0,0
L20-M4,172,171,1,3,0,,0,0.0,0.0,0.0,0
L20-M4,173,172,6,-2,0,,0,0.0,0.0,-0.0,0
L20-M4,174,173,3,1,0,,0,0.0,0.0,0.0,0
L20-M4,175,174,3,1,0,,0,0.0,0.0,0.0,0
L20-M4,176,175,1,3,0,,0,0.0,0.0,0.0,0
L20-M4,177,176,2,2,0,,0,0.0,0.0,0.0,0
L20-M4,178,177,2,2,0,,0,0.0,0.0,0.0,0
L20-M4,179,178,3,1,0,,0,0.0,0.0,0.0,0
L20-M4,180,179,5,-1,0,,0,0.0,0.0,-0.0,0
L20-M4,181,180,5,-1,0,,0,0.0,0.0,-0.0,0
L20-M4,182,181,6,-2,0,,0,0.0,0.0,-0.0,0
L20-M4,183,182,6,-2,0,,0,0.0,0.0,-0.0,0
L20-M4,184,183,2,2,0,,0,0.0,0.0,0.0,0
L20-M4,185,184,7,-3,0,,0,0.0,0.0,-0.0,0
L20-M4,186,185,5,-1,0,,0,0.0,0.0,-0.0,0
L20-M4,187,186,2,2,0,,0,0.0,0.0,0.0,0
L20-M4,188,187,7,-3,0,,0,0.0,0.0,-0.0,0
L20-M4,189,188,7,-3,0,,0,0.0,0.0,-0.0,0
L20-M4,190,189,3,1,0,,0,0.0,0.0,0.0,0
L20-M4,191,190,3,1,0,,0,0.0,0.0,0.0,0
L20-M4,192,191,3,1,0,,0,0.0,0.0,0.0,0
L20-M4,193,192,5,-1,0,,0,0.0,0.0,-0.0,0
L20-M4,194,193,2,2,0,,0,0.0,0.0,0.0,0
L20-M4,195,194,5,-1,0,,0,0.0,0.0,-0.0,0
L20-M4,196,195,5,-1,0,,0,0.0,0.0,-0.0,0
L20-M4,197,196,1,3,0,,0,0.0,0.0,0.0,0
L20-M4,198,197,1,3,0,,0,0.0,0.0,0.0,0
L20-M4,199,198,1,3,0,,0,0.0,0.0,0.0,0
L20-M4,200,199,7,-3,0,,0,0.0,0.0,-0.0,0
L20-M4,201,200,3,1,0,,0,0.0,0.0,0.0,0
L20-M4,202,201,4,0,0,,0,0.0,0.0,0.0,0
L20-M4,203,202,3,1,0,,0,0.0,0.0,0.0,0
L20-M4,204,203,3,1,0,,0,0.0,0.0,0.0,0
L20-M4,205,204,2,2,0,,0,0.0,0.0,0.0,0
L20-M4,206,205,5,-1,0,,0,0.0,0.0,-0.0,0
L20-M4,207,206,7,-3,0,,0,0.0,0.0,-0.0,0
L20-M4,208,207,7,-3,0,,0,0.0,0.0,-0.0,0
L20-M4,209,208,2,2,0,,0,0.0,0.0,0.0,0
L20-M4,210,209,7,-3,0,,0,0.0,0.0,-0.0,0
L20-M4,211,210,7,-3,0,,0,0.0,0.0,-0.0,0
L20-M4,212,211,1,3,0,,0,0.0,0.0,0.0,0
L20-M4,213,212,1,3,0,,0,0.0,0.0,0.0,0
L20-M4,214,213,7,-3,0,,0,0.0,0.0,-0.0,0
L20-M4,215,214,6,-2,0,,0,0.0,0.0,-0.0,0
L20-M4,216,215,3,1,0,,0,0.0,0.0,0.0,0
L20-M4,217,216,1,3,0,,0,0.0,0.0,0.0,0
L20-M4,218,217,6,-2,0,,0,0.0,0.0,-0.0,0
L20-M4,219,218,5,-1,0,,0,0.0,0.0,-0.0,0
L20-M4,220,219,3,1,0,,0,0.0,0.0,0.0,0
L20-M4,221,220,5,-1,0,,0,0.0,0.0,-0.0,0
L20-M4,222,221,2,2,0,,0,0.0,0.0,0.0,0
L20-M4,223,222,7,-3,0,,0,0.0,0.0,-0.0,0
L20-M4,224,223,7,-3,0,,0,0.0,0.0,-0.0,0
L20-M4,225,224,2,2,0,,0,0.0,0.0,0.0,0
L20-M4,226,225,2,2,0,,0,0.0,0.0,0.0,0
L20-M4,227,226,7,-3,0,,0,0.0,0.0,-0.0,0
L20-M4,228,227,1,3,0,,0,0.0,0.0,0.0,0
L20-M4,229,228,2,2,0,,0,0.0,0.0,0.0,0
L20-M4,230,229,6,-2,0,,0,0.0,0.0,-0.0,0
L20-M4,231,230,3,1,0,,0,0.0,0.0,0.0,0
L20-M4,232,231,4,0,0,,0,0.0,0.0,0.0,0
L20-M4,233,232,6,-2,0,,0,0.0,0.0,-0.0,0
L20-M4,234,233,6,-2,0,,0,0.0,0.0,-0.0,0
L20-M4,235,234,1,3,0,,0,0.0,0.0,0.0,0
L20-M4,236,235,1,3,0,,0,0.0,0.0,0.0,0
L20-M4,237,236,3,1,0,,0,0.0,0.0,0.0,0
L20-M4,238,237,6,-2,0,,0,0.0,0.0,-0.0,0
L20-M4,239,238,7,-3,0,,0,0.0,0.0,-0.0,0
L20-M4,240,239,1,3,0,,0,0.0,0.0,0.0,0
L20-M4,241,240,4,0,0,,0,0.0,0.0,0.0,0
L20-M4,242,241,3,1,0,,0,0.0,0.0,0.0,0
L20-M4,243,242,7,-3,0,,0,0.0,0.0,-0.0,0
L20-M4,244,243,6,-2,0,,0,0.0,0.0,-0.0,0
L20-M4,245,244,3,1,0,,0,0.0,0.0,0.0,0
L20-M4,246,245,3,1,0,,0,0.0,0.0,0.0,0
L20-M4,247,246,2,2,0,,0,0.0,0.0,0.0,0
L20-M4,248,247,2,2,0,,0,0.0,0.0,0.0,0
L20-M4,249,248,3,1,0,,0,0.0,0.0,0.0,0
L20-M4,250,249,3,1,0,,0,0.0,0.0,0.0,0
L20-M4,251,250,5,-1,0,,0,0.0,0.0,-0.0,0
L20-M4,252,251,7,-3,0,,0,0.0,0.0,-0.0,0
L20-M4,253,252,4,0,0,,0,0.0,0.0,0.0,0
L20-M4,254,253,5,-1,0,,0,0.0,0.0,-0.0,0
L20-M4,255,254,6,-2,0,,0,0.0,0.0,-0.0,0
L20-M4,256,255,6,-2,0,,0,0.0,0.0,-0.0,0
L20-M4,257,256,6,-2,0,,0,0.0,0.0,-0.0,0
L20-M4,258,257,1,3,0,,0,0.0,0.0,0.0,0
L20-M4,259,258,2,2,0,,0,0.0,0.0,0.0,0
L20-M4,260,259,4,0,0,,0,0.0,0.0,0.0,0
L20-M4,261,260,7,-3,0,,0,0.0,0.0,-0.0,0
L20-M4,262,261,1,3,0,,0,0.0,0.0,0.0,0
L20-M4,263,262,7,-3,0,,0,0.0,0.0,-0.0,0
L20-M4,264,263,2,2,0,,0,0.0,0.0,0.0,0
L20-M4,265,264,1,3,0,,0,0.0,0.0,0.0,0
L20-M4,266,265,3,1,0,,0,0.0,0.0,0.0,0
L20-M4,267,266,6,-2,0,,0,0.0,0.0,-0.0,0
L20-M4,268,267,1,3,0,,0,0.0,0.0,0.0,0
L20-M4,269,268,3,1,0,,0,0.0,0.0,0.0,0
L20-M4,270,269,4,0,0,,0,0.0,0.0,0.0,0
L20-M4,271,270,7,-3,0,,0,0.0,0.0,-0.0,0
L20-M4,272,271,6,-2,0,,0,0.0,0.0,-0.0,0
L20-M4,273,272,5,-1,0,,0,0.0,0.0,-0.0,0
L20-M4,274,273,2,2,0,,0,0.0,0.0,0.0,0
L20-M4,275,274,4,0,0,,0,0.0,0.0,0.0,0
L20-M4,276,275,4,0,0,,0,0.0,0.0,0.0,0
L20-M4,277,276,4,0,0,,0,0.0,0.0,0.0,0
L20-M4,278,277,5,-1,0,,0,0.0,0.0,-0.0,0
L20-M4,279,278,3,1,0,,0,0.0,0.0,0.0,0
L20-M4,280,279,2,2,0,,0,0.0,0.0,0.0,0
L20-M4,281,280,5,-1,0,,0,0.0,0.0,-0.0,0
L20-M4,282,281,5,-1,0,,0,0.0,0.0,-0.0,0
L20-M4,283,282,5,-1,0,,0,0.0,0.0,-0.0,0
L20-M4,284,283,6,-2,0,,0,0.0,0.0,-0.0,0
L20-M4,285,284,5,-1,0,,0,0.0,0.0,-0.0,0
L20-M4,286,285,1,3,0,,0,0.0,0.0,0.0,0
L20-M4,287,286,3,1,0,,0,0.0,0.0,0.0,0
L20-M4,288,287,7,-3,0,,0,0.0,0.0,-0.0,0
L20-M4,289,288,2,2,0,,0,0.0,0.0,0.0,0
L20-M4,290,289,2,2,0,,0,0.0,0.0,0.0,0
L20-M4,291,290,1,3,0,,0,0.0,0.0,0.0,0
L20-M4,292,291,7,-3,0,,0,0.0,0.0,-0.0,0
L20-M4,293,292,1,3,0,,0,0.0,0.0,0.0,0
L20-M4,294,293,5,-1,0,,0,0.0,0.0,-0.0,0
L20-M4,295,294,7,-3,0,,0,0.0,0.0,-0.0,0
L20-M4,296,295,3,1,0,,0,0.0,0.0,0.0,0
L20-M4,297,296,6,-2,0,,0,0.0,0.0,-0.0,0
L20-M4,298,297,7,-3,0,,0,0.0,0.0,-0.0,0
L20-M4,299,298,3,1,0,,0,0.0,0.0,0.0,0
L20-M4,300,299,4,0,0,,0,0.0,0.0,0.0,0
L20-M4,301,300,7,-3,0,,0,0.0,0.0,-0.0,0
L20-M4,302,301,4,0,0,,0,0.0,0.0,0.0,0
L20-M4,303,302,1,3,0,,0,0.0,0.0,0.0,0
L20-M4,304,303,6,-2,0,,0,0.0,0.0,-0.0,0
L20-M4,305,304,6,-2,0,,0,0.0,0.0,-0.0,0
L20-M4,306,305,3,1,0,,0,0.0,0.0,0.0,0
L20-M4,307,306,3,1,0,,0,0.0,0.0,0.0,0
L20-M4,308,307,2,2,0,,0,0.0,0.0,0.0,0
L20-M4,309,308,6,-2,0,,0,0.0,0.0,-0.0,0
L20-M4,310,309,6,-2,0,,0,0.0,0.0,-0.0,0
L20-M4,311,310,3,1,0,,0,0.0,0.0,0.0,0
L20-M4,312,311,2,2,0,,0,0.0,0.0,0.0,0
L20-M4,313,312,7,-3,0,,0,0.0,0.0,-0.0,0
L20-M4,314,313,1,3,0,,0,0.0,0.0,0.0,0
L20-M4,315,314,1,3,0,,0,0.0,0.0,0.0,0
L20-M4,316,315,3,1,0,,0,0.0,0.0,0.0,0
L20-M4,317,316,7,-3,0,,0,0.0,0.0,-0.0,0
L20-M4,318,317,2,2,0,,0,0.0,0.0,0.0,0
L20-M4,319,318,5,-1,0,,0,0.0,0.0,-0.0,0
L20-M4,320,319,6,-2,0,,0,0.0,0.0,-0.0,0
L20-M4,321,320,1,3,0,,0,0.0,0.0,0.0,0
L20-M4,322,321,7,-3,0,,0,0.0,0.0,-0.0,0
L20-M4,323,322,3,1,0,,0,0.0,0.0,0.0,0
L20-M4,324,323,1,3,0,,0,0.0,0.0,0.0,0
L20-M4,325,324,3,1,0,,0,0.0,0.0,0.0,0
L20-M4,326,325,5,-1,0,,0,0.0,0.0,-0.0,0
L20-M4,327,326,7,-3,0,,0,0.0,0.0,-0.0,0
L20-M4,328,327,5,-1,0,,0,0.0,0.0,-0.0,0
L20-M4,329,328,6,-2,0,,0,0.0,0.0,-0.0,0
L20-M4,330,329,1,3,0,,0,0.0,0.0,0.0,0
L20-M4,331,330,7,-3,0,,0,0.0,0.0,-0.0,0
L20-M4,332,331,6,-2,0,,0,0.0,0.0,-0.0,0
L20-M4,333,332,1,3,0,,0,0.0,0.0,0.0,0
L20-M4,334,333,5,-1,0,,0,0.0,0.0,-0.0,0
L20-M4,335,334,5,-1,0,,0,0.0,0.0,-0.0,0
L20-M4,336,335,4,0,0,,0,0.0,0.0,0.0,0
L20-M4,337,336,3,1,0,,0,0.0,0.0,0.0,0
L20-M4,338,337,2,2,0,,0,0.0,0.0,0.0,0
L20-M4,339,338,3,1,0,,0,0.0,0.0,0.0,0
L20-M4,340,339,7,-3,0,,0,0.0,0.0,-0.0,0
L20-M4,341,340,5,-1,0,,0,0.0,0.0,-0.0,0
L20-M4,342,341,6,-2,0,,0,0.0,0.0,-0.0,0
L20-M4,343,342,4,0,0,,0,0.0,0.0,0.0,0
L20-M4,344,343,3,1,0,,0,0.0,0.0,0.0,0
L20-M4,345,344,6,-2,0,,0,0.0,0.0,-0.0,0
L20-M4,346,345,1,3,0,,0,0.0,0.0,0.0,0
L20-M4,347,346,5,-1,0,,0,0.0,0.0,-0.0,0
L20-M4,348,347,3,1,0,,0,0.0,0.0,0.0,0
L20-M4,349,348,7,-3,0,,0,0.0,0.0,-0.0,0
L20-M4,350,349,7,-3,0,,0,0.0,0.0,-0.0,0
L20-M4,351,350,7,-3,0,,0,0.0,0.0,-0.0,0
L20-M4,352,351,5,-1,0,,0,0.0,0.0,-0.0,0
L20-M4,353,352,5,-1,0,,0,0.0,0.0,-0.0,0
L20-M4,354,353,5,-1,0,,0,0.0,0.0,-0.0,0
L20-M4,355,354,1,3,0,,0,0.0,0.0,0.0,0
L20-M4,356,355,6,-2,0,,0,0.0,0.0,-0.0,0
L20-M4,357,356,4,0,0,,0,0.0,0.0,0.0,0
L20-M4,358,357,1,3,0,,0,0.0,0.0,0.0,0
L20-M4,359,358,6,-2,0,,0,0.0,0.0,-0.0,0
L20-M4,360,359,5,-1,0,,0,0.0,0.0,-0.0,0
L20-M4,361,360,5,-1,0,,0,0.0,0.0,-0.0,0
L20-M4,362,361,6,-2,0,,0,0.0,0.0,-0.0,0
L20-M4,363,362,5,-1,0,,0,0.0,0.0,-0.0,0
L20-M4,364,363,1,3,0,,0,0.0,0.0,0.0,0
L20-M4,365,364,2,2,0,,0,0.0,0.0,0.0,0
L20-M4,366,365,7,-3,0,,0,0.0,0.0,-0.0,0
L20-M4,367,366,6,-2,0,,0,0.0,0.0,-0.0,0
L20-M4,368,367,2,2,0,,0,0.0,0.0,0.0,0
L20-M4,369,368,4,0,0,,0,0.0,0.0,0.0,0
L20-M4,370,369,3,1,0,,0,0.0,0.0,0.0,0
L20-M4,371,370,2,2,0,,0,0.0,0.0,0.0,0
L20-M4,372,371,4,0,0,,0,0.0,0.0,0.0,0
L20-M4,373,372,3,1,0,,0,0.0,0.0,0.0,0
L20-M4,374,373,1,3,0,,0,0.0,0.0,0.0,0
L20-M4,375,374,6,-2,0,,0,0.0,0.0,-0.0,0
L20-M4,376,375,2,2,0,,0,0.0,0.0,0.0,0
L20-M4,377,376,2,2,0,,0,0.0,0.0,0.0,0
L20-M4,378,377,3,1,0,,0,0.0,0.0,0.0,0
L20-M4,379,378,7,-3,0,,0,0.0,0.0,-0.0,0
L20-M4,380,379,3,1,0,,0,0.0,0.0,0.0,0
L20-M4,381,380,6,-2,0,,0,0.0,0.0,-0.0,0
L20-M4,382,381,4,0,0,,0,0.0,0.0,0.0,0
L20-M4,383,382,3,1,0,,0,0.0,0.0,0.0,0
L20-M4,384,383,3,1,0,,0,0.0,0.0,0.0,0
L20-M4,385,384,1,3,0,,0,0.0,0.0,0.0,0
L20-M4,386,385,2,2,0,,0,0.0,0.0,0.0,0
L20-M4,387,386,5,-1,0,,0,0.0,0.0,-0.0,0
L20-M4,388,387,2,2,0,,0,0.0,0.0,0.0,0
L20-M4,389,388,7,-3,0,,0,0.0,0.0,-0.0,0
L20-M4,390,389,1,3,0,,0,0.0,0.0,0.0,0
L20-M4,391,390,1,3,0,,0,0.0,0.0,0.0,0
L20-M4,392,391,6,-2,0,,0,0.0,0.0,-0.0,0
L20-M4,393,392,7,-3,0,,0,0.0,0.0,-0.0,0
L20-M4,394,393,3,1,0,,0,0.0,0.0,0.0,0
L20-M4,395,394,3,1,0,,0,0.0,0.0,0.0,0
L20-M4,396,395,1,3,0,,0,0.0,0.0,0.0,0
L20-M4,397,396,3,1,0,,0,0.0,0.0,0.0,0
L20-M4,398,397,1,3,0,,0,0.0,0.0,0.0,0
L20-M4,399,398,1,3,0,,0,0.0,0.0,0.0,0
L20-M4,400,399,6,-2,0,,0,0.0,0.0,-0.0,0
L20-M4,401,400,1,3,0,,0,0.0,0.0,0.0,0
L20-M4,402,401,2,2,0,,0,0.0,0.0,0.0,0
L20-M4,403,402,6,-2,0,,0,0.0,0.0,-0.0,0
L20-M4,404,403,5,-1,0,,0,0.0,0.0,-0.0,0
L20-M4,405,404,6,-2,0,,0,0.0,0.0,-0.0,0
L20-M4,406,405,3,1,0,,0,0.0,0.0,0.0,0
L20-M4,407,406,7,-3,0,,0,0.0,0.0,-0.0,0
L20-M4,408,407,1,3,0,,0,0.0,0.0,0.0,0
L20-M4,409,408,2,2,0,,0,0.0,0.0,0.0,0
L20-M4,410,409,6,-2,0,,0,0.0,0.0,-0.0,0
L20-M4,411,410,3,1,0,,0,0.0,0.0,0.0,0
L20-M4,412,411,1,3,0,,0,0.0,0.0,0.0,0
L20-M4,413,412,4,0,0,,0,0.0,0.0,0.0,0
L20-M4,414,413,2,2,0,,0,0.0,0.0,0.0,0
L20-M4,415,414,6,-2,0,,0,0.0,0.0,-0.0,0
L20-M4,416,415,4,0,0,,0,0.0,0.0,0.0,0
L20-M4,417,416,7,-3,0,,0,0.0,0.0,-0.0,0
L20-M4,418,417,7,-3,0,,0,0.0,0.0,-0.0,0
L20-M4,419,418,6,-2,0,,0,0.0,0.0,-0.0,0
L20-M4,420,419,2,2,0,,0,0.0,0.0,0.0,0
L20-M4,421,420,4,0,0,,0,0.0,0.0,0.0,0
L20-M4,422,421,6,-2,0,,0,0.0,0.0,-0.0,0
L20-M4,423,422,2,2,0,,0,0.0,0.0,0.0,0
L20-M4,424,423,2,2,0,,0,0.0,0.0,0.0,0
L20-M4,425,424,4,0,0,,0,0.0,0.0,0.0,0
L20-M4,426,425,1,3,0,,0,0.0,0.0,0.0,0
L20-M4,427,426,4,0,0,,0,0.0,0.0,0.0,0
L20-M4,428,427,4,0,0,,0,0.0,0.0,0.0,0
L20-M4,429,428,1,3,0,,0,0.0,0.0,0.0,0
L20-M4,430,429,2,2,0,,0,0.0,0.0,0.0,0
L20-M4,431,430,7,-3,0,,0,0.0,0.0,-0.0,0
L20-M4,432,431,1,3,0,,0,0.0,0.0,0.0,0
L20-M4,433,432,6,-2,0,,0,0.0,0.0,-0.0,0
L20-M4,434,433,3,1,0,,0,0.0,0.0,0.0,0
L20-M4,435,434,6,-2,0,,0,0.0,0.0,-0.0,0
L20-M4,436,435,6,-2,0,,0,0.0,0.0,-0.0,0
L20-M4,437,436,5,-1,0,,0,0.0,0.0,-0.0,0
L20-M4,438,437,3,1,0,,0,0.0,0.0,0.0,0
L20-M4,439,438,7,-3,0,,0,0.0,0.0,-0.0,0
L20-M4,440,439,3,1,0,,0,0.0,0.0,0.0,0
L20-M4,441,440,1,3,0,,0,0.0,0.0,0.0,0
L20-M4,442,441,2,2,0,,0,0.0,0.0,0.0,0
L20-M4,443,442,7,-3,0,,0,0.0,0.0,-0.0,0
L20-M4,444,443,4,0,0,,0,0.0,0.0,0.0,0
L20-M4,445,444,3,1,0,,0,0.0,0.0,0.0,0
L20-M4,446,445,5,-1,0,,0,0.0,0.0,-0.0,0
L20-M4,447,446,2,2,0,,0,0.0,0.0,0.0,0
L20-M4,448,447,7,-3,0,,0,0.0,0.0,-0.0,0
L20-M4,449,448,5,-1,0,,0,0.0,0.0,-0.0,0
L20-M4,450,449,6,-2,0,,0,0.0,0.0,-0.0,0
L20-M4,451,450,2,2,0,,0,0.0,0.0,0.0,0
L20-M4,452,451,5,-1,0,,0,0.0,0.0,-0.0,0
L20-M4,453,452,4,0,0,,0,0.0,0.0,0.0,0
L20-M4,454,453,3,1,0,,0,0.0,0.0,0.0,0
L20-M4,455,454,1,3,0,,0,0.0,0.0,0.0,0
L20-M4,456,455,4,0,0,,0,0.0,0.0,0.0,0
L20-M4,457,456,7,-3,0,,0,0.0,0.0,-0.0,0
L20-M4,458,457,6,-2,0,,0,0.0,0.0,-0.0,0
L20-M4,459,458,4,0,0,,0,0.0,0.0,0.0,0
L20-M4,460,459,4,0,0,,0,0.0,0.0,0.0,0
L20-M4,461,460,5,-1,0,,0,0.0,0.0,-0.0,0
L20-M4,462,461,7,-3,0,,0,0.0,0.0,-0.0,0
L20-M4,463,462,2,2,0,,0,0.0,0.0,0.0,0
L20-M4,464,463,6,-2,0,,0,0.0,0.0,-0.0,0
L20-M4,465,464,1,3,0,,0,0.0,0.0,0.0,0
L20-M4,466,465,6,-2,0,,0,0.0,0.0,-0.0,0
L20-M4,467,466,4,0,0,,0,0.0,0.0,0.0,0
L20-M4,468,467,6,-2,0,,0,0.0,0.0,-0.0,0
L20-M4,469,468,4,0,0,,0,0.0,0.0,0.0,0
L20-M4,470,469,4,0,0,,0,0.0,0.0,0.0,0
L20-M4,471,470,4,0,0,,0,0.0,0.0,0.0,0
L20-M4,472,471,7,-3,0,,0,0.0,0.0,-0.0,0
L20-M4,473,472,7,-3,0,,0,0.0,0.0,-0.0,0
L20-M4,474,473,6,-2,0,,0,0.0,0.0,-0.0,0
L20-M4,475,474,6,-2,0,,0,0.0,0.0,-0.0,0
L20-M4,476,475,2,2,0,,0,0.0,0.0,0.0,0
L20-M4,477,476,5,-1,0,,0,0.0,0.0,-0.0,0
L20-M4,478,477,6,-2,0,,0,0.0,0.0,-0.0,0
L20-M4,479,478,1,3,0,,0,0.0,0.0,0.0,0
L20-M4,480,479,3,1,0,,0,0.0,0.0,0.0,0
L20-M4,481,480,4,0,0,,0,0.0,0.0,0.0,0
L20-M4,482,481,3,1,0,,0,0.0,0.0,0.0,0
L20-M4,483,482,7,-3,0,,0,0.0,0.0,-0.0,0
L20-M4,484,483,1,3,0,,0,0.0,0.0,0.0,0
L20-M4,485,484,3,1,0,,0,0.0,0.0,0.0,0
L20-M4,486,485,2,2,0,,0,0.0,0.0,0.0,0
L20-M4,487,486,7,-3,0,,0,0.0,0.0,-0.0,0
L20-M4,488,487,3,1,0,,0,0.0,0.0,0.0,0
L20-M4,489,488,4,0,0,,0,0.0,0.0,0.0,0
L20-M4,490,489,4,0,0,,0,0.0,0.0,0.0,0
L20-M4,491,490,6,-2,0,,0,0.0,0.0,-0.0,0
L20-M4,492,491,1,3,0,,0,0.0,0.0,0.0,0
L20-M4,493,492,7,-3,0,,0,0.0,0.0,-0.0,0
L20-M4,494,493,3,1,0,,0,0.0,0.0,0.0,0
L20-M4,495,494,5,-1,0,,0,0.0,0.0,-0.0,0
L20-M4,496,495,2,2,0,,0,0.0,0.0,0.0,0
L20-M4,497,496,6,-2,0,,0,0.0,0.0,-0.0,0
L20-M4,498,497,1,3,0,,0,0.0,0.0,0.0,0
L20-M4,499,498,1,3,0,,0,0.0,0.0,0.0,0
L20-M4,500,499,7,-3,0,,0,0.0,0.0,-0.0,0
L20-M4,501,500,7,-3,0,,0,0.0,0.0,-0.0,0
L20-M4,502,501,2,2,0,,0,0.0,0.0,0.0,0
L20-M4,503,502,3,1,0,,0,0.0,0.0,0.0,0
L20-M4,504,503,7,-3,0,,0,0.0,0.0,-0.0,0
L20-M4,505,504,5,-1,0,,0,0.0,0.0,-0.0,0
L20-M4,506,505,7,-3,0,,0,0.0,0.0,-0.0,0
L20-M4,507,506,7,-3,0,,0,0.0,0.0,-0.0,0
L20-M4,508,507,1,3,0,,0,0.0,0.0,0.0,0
L20-M4,509,508,6,-2,0,,0,0.0,0.0,-0.0,0
L20-M4,510,509,2,2,0,,0,0.0,0.0,0.0,0
L20-M4,511,510,7,-3,0,,0,0.0,0.0,-0.0,0
L20-M4,512,511,5,-1,0,,0,0.0,0.0,-0.0,0
L20-M4,513,512,1,3,0,,0,0.0,0.0,0.0,0
L20-M4,514,513,3,1,0,,0,0.0,0.0,0.0,0
L20-M4,515,514,2,2,0,,0,0.0,0.0,0.0,0
L20-M4,516,515,2,2,0,,0,0.0,0.0,0.0,0
L20-M4,517,516,4,0,0,,0,0.0,0.0,0.0,0
L20-M4,518,517,3,1,0,,0,0.0,0.0,0.0,0
L20-M4,519,518,1,3,0,,0,0.0,0.0,0.0,0
L20-M4,520,519,1,3,0,,0,0.0,0.0,0.0,0
L20-M4,521,520,1,3,0,,0,0.0,0.0,0.0,0
L20-M4,522,521,4,0,0,,0,0.0,0.0,0.0,0
L20-M4,523,522,3,1,0,,0,0.0,0.0,0.0,0
L20-M4,524,523,3,1,0,,0,0.0,0.0,0.0,0
L20-M4,525,524,3,1,0,,0,0.0,0.0,0.0,0
L20-M4,526,525,2,2,0,,0,0.0,0.0,0.0,0
L20-M4,527,526,5,-1,0,,0,0.0,0.0,-0.0,0
L20-M4,528,527,6,-2,0,,0,0.0,0.0,-0.0,0
L20-M4,529,528,2,2,0,,0,0.0,0.0,0.0,0
L20-M4,530,529,6,-2,0,,0,0.0,0.0,-0.0,0
L20-M4,531,530,2,2,0,,0,0.0,0.0,0.0,0
L20-M4,532,531,7,-3,0,,0,0.0,0.0,-0.0,0
L20-M4,533,532,1,3,0,,0,0.0,0.0,0.0,0
L20-M4,534,533,5,-1,0,,0,0.0,0.0,-0.0,0
L20-M4,535,534,5,-1,0,,0,0.0,0.0,-0.0,0
L20-M4,536,535,6,-2,0,,0,0.0,0.0,-0.0,0
L20-M4,537,536,3,1,0,,0,0.0,0.0,0.0,0
L20-M4,538,537,1,3,0,,0,0.0,0.0,0.0,0
L20-M4,539,538,3,1,0,,0,0.0,0.0,0.0,0
L20-M4,540,539,4,0,0,,0,0.0,0.0,0.0,0
L20-M4,541,540,4,0,0,,0,0.0,0.0,0.0,0
L20-M4,542,541,7,-3,0,,0,0.0,0.0,-0.0,0
L20-M4,543,542,5,-1,0,,0,0.0,0.0,-0.0,0
L20-M4,544,543,1,3,0,,0,0.0,0.0,0.0,0
L20-M4,545,544,2,2,0,,0,0.0,0.0,0.0,0
L20-M4,546,545,1,3,0,,0,0.0,0.0,0.0,0
L20-M4,547,546,1,3,0,,0,0.0,0.0,0.0,0
L20-M4,548,547,5,-1,0,,0,0.0,0.0,-0.0,0
L20-M4,549,548,4,0,0,,0,0.0,0.0,0.0,0
L20-M4,550,549,1,3,0,,0,0.0,0.0,0.0,0
L20-M4,551,550,7,-3,0,,0,0.0,0.0,-0.0,0
L20-M4,552,551,5,-1,0,,0,0.0,0.0,-0.0,0
L20-M4,553,552,7,-3,0,,0,0.0,0.0,-0.0,0
L20-M4,554,553,6,-2,0,,0,0.0,0.0,-0.0,0
L20-M4,555,554,1,3,0,,0,0.0,0.0,0.0,0
L20-M4,556,555,2,2,0,,0,0.0,0.0,0.0,0
L20-M4,557,556,6,-2,0,,0,0.0,0.0,-0.0,0
L20-M4,558,557,5,-1,0,,0,0.0,0.0,-0.0,0
L20-M4,559,558,5,-1,0,,0,0.0,0.0,-0.0,0
L20-M4,560,559,3,1,0,,0,0.0,0.0,0.0,0
L20-M4,561,560,5,-1,0,,0,0.0,0.0,-0.0,0
L20-M4,562,561,4,0,0,,0,0.0,0.0,0.0,0
L20-M4,563,562,7,-3,0,,0,0.0,0.0,-0.0,0
L20-M4,564,563,5,-1,0,,0,0.0,0.0,-0.0,0
L20-M4,565,564,1,3,0,,0,0.0,0.0,0.0,0
L20-M4,566,565,5,-1,0,,0,0.0,0.0,-0.0,0
L20-M4,567,566,6,-2,0,,0,0.0,0.0,-0.0,0
L20-M4,568,567,5,-1,0,,0,0.0,0.0,-0.0,0
L20-M4,569,568,6,-2,0,,0,0.0,0.0,-0.0,0
L20-M4,570,569,1,3,0,,0,0.0,0.0,0.0,0
L20-M4,571,570,7,-3,0,,0,0.0,0.0,-0.0,0
L20-M4,572,571,5,-1,0,,0,0.0,0.0,-0.0,0
L20-M4,573,572,1,3,0,,0,0.0,0.0,0.0,0
L20-M4,574,573,3,1,0,,0,0.0,0.0,0.0,0
L20-M4,575,574,1,3,0,,0,0.0,0.0,0.0,0
L20-M4,576,575,2,2,0,,0,0.0,0.0,0.0,0
L20-M4,577,576,3,1,0,,0,0.0,0.0,0.0,0
L20-M4,578,577,5,-1,0,,0,0.0,0.0,-0.0,0
L20-M4,579,578,4,0,0,,0,0.0,0.0,0.0,0
L20-M4,580,579,6,-2,0,,0,0.0,0.0,-0.0,0
L20-M4,581,580,6,-2,0,,0,0.0,0.0,-0.0,0
L20-M4,582,581,5,-1,0,,0,0.0,0.0,-0.0,0
L20-M4,583,582,4,0,0,,0,0.0,0.0,0.0,0
L20-M4,584,583,3,1,0,,0,0.0,0.0,0.0,0
L20-M4,585,584,4,0,0,,0,0.0,0.0,0.0,0
L20-M4,586,585,1,3,0,,0,0.0,0.0,0.0,0
L20-M4,587,586,2,2,0,,0,0.0,0.0,0.0,0
L20-M4,588,587,2,2,0,,0,0.0,0.0,0.0,0
L20-M4,589,588,6,-2,0,,0,0.0,0.0,-0.0,0
L20-M4,590,589,3,1,0,,0,0.0,0.0,0.0,0
L20-M4,591,590,2,2,0,,0,0.0,0.0,0.0,0
L20-M4,592,591,1,3,0,,0,0.0,0.0,0.0,0
L20-M4,593,592,6,-2,0,,0,0.0,0.0,-0.0,0
L20-M4,594,593,5,-1,0,,0,0.0,0.0,-0.0,0
L20-M4,595,594,2,2,0,,0,0.0,0.0,0.0,0
L20-M4,596,595,1,3,0,,0,0.0,0.0,0.0,0
L20-M4,597,596,5,-1,0,,0,0.0,0.0,-0.0,0
L20-M4,598,597,6,-2,0,,0,0.0,0.0,-0.0,0
L20-M4,599,598,3,1,0,,0,0.0,0.0,0.0,0
L20-M4,600,599,4,0,0,,0,0.0,0.0,0.0,0
L20-M4,601,600,7,-3,0,,0,0.0,0.0,-0.0,0
L20-M4,602,601,7,-3,0,,0,0.0,0.0,-0.0,0
L20-M4,603,602,1,3,0,,0,0.0,0.0,0.0,0
L20-M4,604,603,6,-2,0,,0,0.0,0.0,-0.0,0
L20-M4,605,604,5,-1,0,,0,0.0,0.0,-0.0,0
L20-M4,606,605,7,-3,0,,0,0.0,0.0,-0.0,0
L20-M4,607,606,6,-2,0,,0,0.0,0.0,-0.0,0
L20-M4,608,607,2,2,0,,0,0.0,0.0,0.0,0
L20-M4,609,608,6,-2,0,,0,0.0,0.0,-0.0,0
L20-M4,610,609,3,1,0,,0,0.0,0.0,0.0,0
L20-M4,611,610,6,-2,0,,0,0.0,0.0,-0.0,0
L20-M4,612,611,2,2,0,,0,0.0,0.0,0.0,0
L20-M4,613,612,7,-3,0,,0,0.0,0.0,-0.0,0
L20-M4,614,613,5,-1,0,,0,0.0,0.0,-0.0,0
L20-M4,615,614,2,2,0,,0,0.0,0.0,0.0,0
L20-M4,616,615,7,-3,0,,0,0.0,0.0,-0.0,0
L20-M4,617,616,1,3,0,,0,0.0,0.0,0.0,0
L20-M4,618,617,7,-3,0,,0,0.0,0.0,-0.0,0
L20-M4,619,618,2,2,0,,0,0.0,0.0,0.0,0
L20-M4,620,619,4,0,0,,0,0.0,0.0,0.0,0
L20-M4,621,620,6,-2,0,,0,0.0,0.0,-0.0,0
L20-M4,622,621,4,0,0,,0,0.0,0.0,0.0,0
L20-M4,623,622,5,-1,0,,0,0.0,0.0,-0.0,0
L20-M4,624,623,3,1,0,,0,0.0,0.0,0.0,0
L20-M4,625,624,3,1,0,,0,0.0,0.0,0.0,0
L20-M4,626,625,4,0,0,,0,0.0,0.0,0.0,0
L20-M4,627,626,3,1,0,,0,0.0,0.0,0.0,0
L20-M4,628,627,3,1,0,,0,0.0,0.0,0.0,0
L20-M4,629,628,3,1,0,,0,0.0,0.0,0.0,0
L20-M4,630,629,1,3,0,,0,0.0,0.0,0.0,0
L20-M4,631,630,2,2,0,,0,0.0,0.0,0.0,0
L20-M4,632,631,4,0,0,,0,0.0,0.0,0.0,0
L20-M4,633,632,1,3,0,,0,0.0,0.0,0.0,0
L20-M4,634,633,3,1,0,,0,0.0,0.0,0.0,0
L20-M4,635,634,7,-3,0,,0,0.0,0.0,-0.0,0
L20-M4,636,635,6,-2,0,,0,0.0,0.0,-0.0,0
L20-M4,637,636,6,-2,0,,0,0.0,0.0,-0.0,0
L20-M4,638,637,4,0,0,,0,0.0,0.0,0.0,0
L20-M4,639,638,1,3,0,,0,0.0,0.0,0.0,0
L20-M4,640,639,7,-3,0,,0,0.0,0.0,-0.0,0
L20-M4,641,640,5,-1,0,,0,0.0,0.0,-0.0,0
L20-M4,642,641,2,2,0,,0,0.0,0.0,0.0,0
L20-M4,643,642,5,-1,0,,0,0.0,0.0,-0.0,0
L20-M4,644,643,1,3,0,,0,0.0,0.0,0.0,0
L20-M4,645,644,2,2,0,,0,0.0,0.0,0.0,0
L20-M4,646,645,5,-1,0,,0,0.0,0.0,-0.0,0
L20-M4,647,646,4,0,0,,0,0.0,0.0,0.0,0
L20-M4,648,647,6,-2,0,,0,0.0,0.0,-0.0,0
L20-M4,649,648,1,3,0,,0,0.0,0.0,0.0,0
L20-M4,650,649,2,2,0,,0,0.0,0.0,0.0,0
L20-M4,651,650,6,-2,0,,0,0.0,0.0,-0.0,0
L20-M4,652,651,4,0,0,,0,0.0,0.0,0.0,0
L20-M4,653,652,4,0,0,,0,0.0,0.0,0.0,0
L20-M4,654,653,1,3,0,,0,0.0,0.0,0.0,0
L20-M4,655,654,1,3,0,,0,0.0,0.0,0.0,0
L20-M4,656,655,2,2,0,,0,0.0,0.0,0.0,0
L20-M4,657,656,6,-2,0,,0,0.0,0.0,-0.0,0
L20-M4,658,657,4,0,0,,0,0.0,0.0,0.0,0
L20-M4,659,658,7,-3,0,,0,0.0,0.0,-0.0,0
L20-M4,660,659,7,-3,0,,0,0.0,0.0,-0.0,0
L20-M4,661,660,3,1,0,,0,0.0,0.0,0.0,0
L20-M4,662,661,7,-3,0,,0,0.0,0.0,-0.0,0
L20-M4,663,662,6,-2,0,,0,0.0,0.0,-0.0,0
L20-M4,664,663,5,-1,0,,0,0.0,0.0,-0.0,0
L20-M4,665,664,1,3,0,,0,0.0,0.0,0.0,0
L20-M4,666,665,4,0,0,,0,0.0,0.0,0.0,0
L20-M4,667,666,5,-1,0,,0,0.0,0.0,-0.0,0
L20-M4,668,667,1,3,0,,0,0.0,0.0,0.0,0
L20-M4,669,668,1,3,0,,0,0.0,0.0,0.0,0
L20-M4,670,669,3,1,0,,0,0.0,0.0,0.0,0
L20-M4,671,670,3,1,0,,0,0.0,0.0,0.0,0
L20-M4,672,671,5,-1,0,,0,0.0,0.0,-0.0,0
L20-M4,673,672,6,-2,0,,0,0.0,0.0,-0.0,0
L20-M4,674,673,1,3,0,,0,0.0,0.0,0.0,0
L20-M4,675,674,3,1,0,,0,0.0,0.0,0.0,0
L20-M4,676,675,2,2,0,,0,0.0,0.0,0.0,0
L20-M4,677,676,4,0,0,,0,0.0,0.0,0.0,0
L20-M4,678,677,6,-2,0,,0,0.0,0.0,-0.0,0
L20-M4,679,678,7,-3,0,,0,0.0,0.0,-0.0,0
L20-M4,680,679,7,-3,0,,0,0.0,0.0,-0.0,0
L20-M4,681,680,5,-1,0,,0,0.0,0.0,-0.0,0
L20-M4,682,681,1,3,0,,0,0.0,0.0,0.0,0
L20-M4,683,682,1,3,0,,0,0.0,0.0,0.0,0
L20-M4,684,683,3,1,0,,0,0.0,0.0,0.0,0
L20-M4,685,684,7,-3,0,,0,0.0,0.0,-0.0,0
L20-M4,686,685,4,0,0,,0,0.0,0.0,0.0,0
L20-M4,687,686,3,1,0,,0,0.0,0.0,0.0,0
L20-M4,688,687,7,-3,0,,0,0.0,0.0,-0.0,0
L20-M4,689,688,1,3,0,,0,0.0,0.0,0.0,0
L20-M4,690,689,5,-1,0,,0,0.0,0.0,-0.0,0
L20-M4,691,690,7,-3,0,,0,0.0,0.0,-0.0,0
L20-M4,692,691,2,2,0,,0,0.0,0.0,0.0,0
L20-M4,693,692,7,-3,0,,0,0.0,0.0,-0.0,0
L20-M4,694,693,5,-1,0,,0,0.0,0.0,-0.0,0
L20-M4,695,694,2,2,0,,0,0.0,0.0,0.0,0
L20-M4,696,695,2,2,0,,0,0.0,0.0,0.0,0
L20-M4,697,696,5,-1,0,,0,0.0,0.0,-0.0,0
L20-M4,698,697,5,-1,0,,0,0.0,0.0,-0.0,0
L20-M4,699,698,4,0,0,,0,0.0,0.0,0.0,0
L20-M4,700,699,1,3,0,,0,0.0,0.0,0.0,0
L20-M4,701,700,2,2,0,,0,0.0,0.0,0.0,0
L20-M4,702,701,5,-1,0,,0,0.0,0.0,-0.0,0
L20-M4,703,702,2,2,0,,0,0.0,0.0,0.0,0
L20-M4,704,703,2,2,0,,0,0.0,0.0,0.0,0
L20-M4,705,704,7,-3,0,,0,0.0,0.0,-0.0,0
L20-M4,706,705,5,-1,0,,0,0.0,0.0,-0.0,0
L20-M4,707,706,7,-3,0,,0,0.0,0.0,-0.0,0
L20-M4,708,707,5,-1,0,,0,0.0,0.0,-0.0,0
L20-M4,709,708,1,3,0,,0,0.0,0.0,0.0,0
L20-M4,710,709,4,0,0,,0,0.0,0.0,0.0,0
L20-M4,711,710,4,0,0,,0,0.0,0.0,0.0,0
L20-M4,712,711,6,-2,0,,0,0.0,0.0,-0.0,0
L20-M4,713,712,2,2,0,,0,0.0,0.0,0.0,0
L20-M4,714,713,7,-3,0,,0,0.0,0.0,-0.0,0
L20-M4,715,714,3,1,0,,0,0.0,0.0,0.0,0
L20-M4,716,715,3,1,0,,0,0.0,0.0,0.0,0
L20-M4,717,716,5,-1,0,,0,0.0,0.0,-0.0,0
L20-M4,718,717,7,-3,0,,0,0.0,0.0,-0.0,0
L20-M4,719,718,7,-3,0,,0,0.0,0.0,-0.0,0
L20-M4,720,719,6,-2,0,,0,0.0,0.0,-0.0,0
L20-M4,721,720,7,-3,0,,0,0.0,0.0,-0.0,0
L20-M4,722,721,3,1,0,,0,0.0,0.0,0.0,0
L20-M4,723,722,7,-3,0,,0,0.0,0.0,-0.0,0
L20-M4,724,723,2,2,0,,0,0.0,0.0,0.0,0
L20-M4,725,724,3,1,0,,0,0.0,0.0,0.0,0
L20-M4,726,725,5,-1,0,,0,0.0,0.0,-0.0,0
L20-M4,727,726,5,-1,0,,0,0.0,0.0,-0.0,0
L20-M4,728,727,5,-1,0,,0,0.0,0.0,-0.0,0
L20-M4,729,728,6,-2,0,,0,0.0,0.0,-0.0,0
L20-M4,730,729,2,2,0,,0,0.0,0.0,0.0,0
L20-M4,731,730,7,-3,0,,0,0.0,0.0,-0.0,0
L20-M4,732,731,5,-1,0,,0,0.0,0.0,-0.0,0
L20-M4,733,732,7,-3,0,,0,0.0,0.0,-0.0,0
L20-M4,734,733,2,2,0,,0,0.0,0.0,0.0,0
L20-M4,735,734,3,1,0,,0,0.0,0.0,0.0,0
L20-M4,736,735,1,3,0,,0,0.0,0.0,0.0,0
L20-M4,737,736,2,2,0,,0,0.0,0.0,0.0,0
L20-M4,738,737,1,3,0,,0,0.0,0.0,0.0,0
L20-M4,739,738,4,0,0,,0,0.0,0.0,0.0,0
L20-M4,740,739,4,0,0,,0,0.0,0.0,0.0,0
L20-M4,741,740,7,-3,0,,0,0.0,0.0,-0.0,0
L20-M4,742,741,2,2,0,,0,0.0,0.0,0.0,0
L20-M4,743,742,1,3,0,,0,0.0,0.0,0.0,0
L20-M4,744,743,1,3,0,,0,0.0,0.0,0.0,0
L20-M4,745,744,7,-3,0,,0,0.0,0.0,-0.0,0
L20-M4,746,745,5,-1,0,,0,0.0,0.0,-0.0,0
L20-M4,747,746,3,1,0,,0,0.0,0.0,0.0,0
L20-M4,748,747,5,-1,0,,0,0.0,0.0,-0.0,0
L20-M4,749,748,5,-1,0,,0,0.0,0.0,-0.0,0
L20-M4,750,749,6,-2,0,,0,0.0,0.0,-0.0,0
L20-M4,751,750,3,1,0,,0,0.0,0.0,0.0,0
L20-M4,752,751,4,0,0,,0,0.0,0.0,0.0,0
L20-M4,753,752,2,2,0,,0,0.0,0.0,0.0,0
L20-M4,754,753,2,2,0,,0,0.0,0.0,0.0,0
L20-M4,755,754,7,-3,0,,0,0.0,0.0,-0.0,0
L20-M4,756,755,7,-3,0,,0,0.0,0.0,-0.0,0
L20-M4,757,756,1,3,0,,0,0.0,0.0,0.0,0
L20-M4,758,757,1,3,0,,0,0.0,0.0,0.0,0
L20-M4,759,758,4,0,0,,0,0.0,0.0,0.0,0
L20-M4,760,759,2,2,0,,0,0.0,0.0,0.0,0
L20-M4,761,760,2,2,0,,0,0.0,0.0,0.0,0
L20-M4,762,761,5,-1,0,,0,0.0,0.0,-0.0,0
L20-M4,763,762,4,0,0,,0,0.0,0.0,0.0,0
L20-M4,764,763,3,1,0,,0,0.0,0.0,0.0,0
L20-M4,765,764,2,2,0,,0,0.0,0.0,0.0,0
L20-M4,766,765,5,-1,0,,0,0.0,0.0,-0.0,0
L20-M4,767,766,2,2,0,,0,0.0,0.0,0.0,0
L20-M4,768,767,4,0,0,,0,0.0,0.0,0.0,0
L20-M4,769,768,1,3,0,,0,0.0,0.0,0.0,0
L20-M4,770,769,1,3,0,,0,0.0,0.0,0.0,0
L20-M4,771,770,5,-1,0,,0,0.0,0.0,-0.0,0
L20-M4,772,771,7,-3,0,,0,0.0,0.0,-0.0,0
L20-M4,773,772,6,-2,0,,0,0.0,0.0,-0.0,0
L20-M4,774,773,7,-3,0,,0,0.0,0.0,-0.0,0
L20-M4,775,774,1,3,0,,0,0.0,0.0,0.0,0
L20-M4,776,775,3,1,0,,0,0.0,0.0,0.0,0
L20-M4,777,776,4,0,0,,0,0.0,0.0,0.0,0
L20-M4,778,777,4,0,0,,0,0.0,0.0,0.0,0
L20-M4,779,778,2,2,0,,0,0.0,0.0,0.0,0
L20-M4,780,779,1,3,0,,0,0.0,0.0,0.0,0
L20-M4,781,780,2,2,0,,0,0.0,0.0,0.0,0
L20-M4,782,781,7,-3,0,,0,0.0,0.0,-0.0,0
L20-M4,783,782,3,1,0,,0,0.0,0.0,0.0,0
L20-M4,784,783,5,-1,0,,0,0.0,0.0,-0.0,0
L20-M4,785,784,3,1,0,,0,0.0,0.0,0.0,0
L20-M4,786,785,7,-3,0,,0,0.0,0.0,-0.0,0
L20-M4,787,786,7,-3,0,,0,0.0,0.0,-0.0,0
L20-M4,788,787,3,1,0,,0,0.0,0.0,0.0,0
L20-M4,789,788,5,-1,0,,0,0.0,0.0,-0.0,0
L20-M4,790,789,6,-2,0,,0,0.0,0.0,-0.0,0
L20-M4,791,790,3,1,0,,0,0.0,0.0,0.0,0
L20-M4,792,791,5,-1,0,,0,0.0,0.0,-0.0,0
L20-M4,793,792,3,1,0,,0,0.0,0.0,0.0,0
L20-M4,794,793,4,0,0,,0,0.0,0.0,0.0,0
L20-M4,795,794,3,1,0,,0,0.0,0.0,0.0,0
L20-M4,796,795,6,-2,0,,0,0.0,0.0,-0.0,0
L20-M4,797,796,2,2,0,,0,0.0,0.0,0.0,0
L20-M4,798,797,5,-1,0,,0,0.0,0.0,-0.0,0
L20-M4,799,798,7,-3,0,,0,0.0,0.0,-0.0,0
L20-M4,800,799,4,0,0,,0,0.0,0.0,0.0,0
L20-M4,801,800,5,-1,0,,0,0.0,0.0,-0.0,0
L20-M4,802,801,1,3,0,,0,0.0,0.0,0.0,0
L20-M4,803,802,6,-2,0,,0,0.0,0.0,-0.0,0
L20-M4,804,803,1,3,0,,0,0.0,0.0,0.0,0
L20-M4,805,804,2,2,0,,0,0.0,0.0,0.0,0
L20-M4,806,805,7,-3,0,,0,0.0,0.0,-0.0,0
L20-M4,807,806,4,0,0,,0,0.0,0.0,0.0,0
L20-M4,808,807,5,-1,0,,0,0.0,0.0,-0.0,0
L20-M4,809,808,3,1,0,,0,0.0,0.0,0.0,0
L20-M4,810,809,6,-2,0,,0,0.0,0.0,-0.0,0
L20-M4,811,810,3,1,0,,0,0.0,0.0,0.0,0
L20-M4,812,811,5,-1,0,,0,0.0,0.0,-0.0,0
L20-M4,813,812,3,1,0,,0,0.0,0.0,0.0,0
L20-M4,814,813,2,2,0,,0,0.0,0.0,0.0,0
L20-M4,815,814,4,0,0,,0,0.0,0.0,0.0,0
L20-M4,816,815,1,3,0,,0,0.0,0.0,0.0,0
L20-M4,817,816,1,3,0,,0,0.0,0.0,0.0,0
L20-M4,818,817,6,-2,0,,0,0.0,0.0,-0.0,0
L20-M4,819,818,1,3,0,,0,0.0,0.0,0.0,0
L20-M4,820,819,1,3,0,,0,0.0,0.0,0.0,0
L20-M4,821,820,1,3,0,,0,0.0,0.0,0.0,0
L20-M4,822,821,4,0,0,,0,0.0,0.0,0.0,0
L20-M4,823,822,2,2,0,,0,0.0,0.0,0.0,0
L20-M4,824,823,2,2,0,,0,0.0,0.0,0.0,0
L20-M4,825,824,4,0,0,,0,0.0,0.0,0.0,0
L20-M4,826,825,7,-3,0,,0,0.0,0.0,-0.0,0
L20-M4,827,826,7,-3,0,,0,0.0,0.0,-0.0,0
L20-M4,828,827,4,0,0,,0,0.0,0.0,0.0,0
L20-M4,829,828,4,0,0,,0,0.0,0.0,0.0,0
L20-M4,830,829,3,1,0,,0,0.0,0.0,0.0,0
L20-M4,831,830,4,0,0,,0,0.0,0.0,0.0,0
L20-M4,832,831,2,2,0,,0,0.0,0.0,0.0,0
L20-M4,833,832,5,-1,0,,0,0.0,0.0,-0.0,0
L20-M4,834,833,3,1,0,,0,0.0,0.0,0.0,0
L20-M4,835,834,1,3,0,,0,0.0,0.0,0.0,0
L20-M4,836,835,5,-1,0,,0,0.0,0.0,-0.0,0
L20-M4,837,836,5,-1,0,,0,0.0,0.0,-0.0,0
L20-M4,838,837,2,2,0,,0,0.0,0.0,0.0,0
L20-M4,839,838,4,0,0,,0,0.0,0.0,0.0,0
L20-M4,840,839,7,-3,0,,0,0.0,0.0,-0.0,0
L20-M4,841,840,4,0,0,,0,0.0,0.0,0.0,0
L20-M4,842,841,4,0,0,,0,0.0,0.0,0.0,0
L20-M4,843,842,5,-1,0,,0,0.0,0.0,-0.0,0
L20-M4,844,843,1,3,0,,0,0.0,0.0,0.0,0
L20-M4,845,844,5,-1,0,,0,0.0,0.0,-0.0,0
L20-M4,846,845,2,2,0,,0,0.0,0.0,0.0,0
L20-M4,847,846,2,2,0,,0,0.0,0.0,0.0,0
L20-M4,848,847,3,1,0,,0,0.0,0.0,0.0,0
L20-M4,849,848,5,-1,0,,0,0.0,0.0,-0.0,0
L20-M4,850,849,1,3,0,,0,0.0,0.0,0.0,0
L20-M4,851,850,1,3,0,,0,0.0,0.0,0.0,0
L20-M4,852,851,6,-2,0,,0,0.0,0.0,-0.0,0
L20-M4,853,852,1,3,0,,0,0.0,0.0,0.0,0
L20-M4,854,853,3,1,0,,0,0.0,0.0,0.0,0
L20-M4,855,854,1,3,0,,0,0.0,0.0,0.0,0
L20-M4,856,855,1,3,0,,0,0.0,0.0,0.0,0
L20-M4,857,856,2,2,0,,0,0.0,0.0,0.0,0
L20-M4,858,857,7,-3,0,,0,0.0,0.0,-0.0,0
L20-M4,859,858,3,1,0,,0,0.0,0.0,0.0,0
L20-M4,860,859,3,1,0,,0,0.0,0.0,0.0,0
L20-M4,861,860,7,-3,0,,0,0.0,0.0,-0.0,0
L20-M4,862,861,6,-2,0,,0,0.0,0.0,-0.0,0
L20-M4,863,862,2,2,0,,0,0.0,0.0,0.0,0
L20-M4,864,863,1,3,0,,0,0.0,0.0,0.0,0
L20-M4,865,864,6,-2,0,,0,0.0,0.0,-0.0,0
L20-M4,866,865,1,3,0,,0,0.0,0.0,0.0,0
L20-M4,867,866,2,2,0,,0,0.0,0.0,0.0,0
L20-M4,868,867,7,-3,0,,0,0.0,0.0,-0.0,0
L20-M4,869,868,3,1,0,,0,0.0,0.0,0.0,0
L20-M4,870,869,2,2,0,,0,0.0,0.0,0.0,0
L20-M4,871,870,4,0,0,,0,0.0,0.0,0.0,0
L20-M4,872,871,7,-3,0,,0,0.0,0.0,-0.0,0
L20-M4,873,872,3,1,0,,0,0.0,0.0,0.0,0
L20-M4,874,873,6,-2,0,,0,0.0,0.0,-0.0,0
L20-M4,875,874,6,-2,0,,0,0.0,0.0,-0.0,0
L20-M4,876,875,5,-1,0,,0,0.0,0.0,-0.0,0
L20-M4,877,876,4,0,0,,0,0.0,0.0,0.0,0
L20-M4,878,877,2,2,0,,0,0.0,0.0,0.0,0
L20-M4,879,878,2,2,0,,0,0.0,0.0,0.0,0
L20-M4,880,879,6,-2,0,,0,0.0,0.0,-0.0,0
L20-M4,881,880,6,-2,0,,0,0.0,0.0,-0.0,0
L20-M4,882,881,2,2,0,,0,0.0,0.0,0.0,0
L20-M4,883,882,2,2,0,,0,0.0,0.0,0.0,0
L20-M4,884,883,3,1,0,,0,0.0,0.0,0.0,0
L20-M4,885,884,3,1,0,,0,0.0,0.0,0.0,0
L20-M4,886,885,5,-1,0,,0,0.0,0.0,-0.0,0
L20-M4,887,886,1,3,0,,0,0.0,0.0,0.0,0
L20-M4,888,887,2,2,0,,0,0.0,0.0,0.0,0
L20-M4,889,888,5,-1,0,,0,0.0,0.0,-0.0,0
L20-M4,890,889,3,1,0,,0,0.0,0.0,0.0,0
L20-M4,891,890,3,1,0,,0,0.0,0.0,0.0,0
L20-M4,892,891,3,1,0,,0,0.0,0.0,0.0,0
L20-M4,893,892,6,-2,0,,0,0.0,0.0,-0.0,0
L20-M4,894,893,2,2,0,,0,0.0,0.0,0.0,0
L20-M4,895,894,7,-3,0,,0,0.0,0.0,-0.0,0
L20-M4,896,895,2,2,0,,0,0.0,0.0,0.0,0
L20-M4,897,896,3,1,0,,0,0.0,0.0,0.0,0
L20-M4,898,897,6,-2,0,,0,0.0,0.0,-0.0,0
L20-M4,899,898,1,3,0,,0,0.0,0.0,0.0,0
L20-M4,900,899,6,-2,0,,0,0.0,0.0,-0.0,0
L20-M4,901,900,3,1,0,,0,0.0,0.0,0.0,0
L20-M4,902,901,4,0,0,,0,0.0,0.0,0.0,0
L20-M4,903,902,5,-1,0,,0,0.0,0.0,-0.0,0
L20-M4,904,903,7,-3,0,,0,0.0,0.0,-0.0,0
L20-M4,905,904,4,0,0,,0,0.0,0.0,0.0,0
L20-M4,906,905,4,0,0,,0,0.0,0.0,0.0,0
L20-M4,907,906,4,0,0,,0,0.0,0.0,0.0,0
L20-M4,908,907,4,0,0,,0,0.0,0.0,0.0,0
L20-M4,909,908,6,-2,0,,0,0.0,0.0,-0.0,0
L20-M4,910,909,5,-1,0,,0,0.0,0.0,-0.0,0
L20-M4,911,910,5,-1,0,,0,0.0,0.0,-0.0,0
L20-M4,912,911,6,-2,0,,0,0.0,0.0,-0.0,0
L20-M4,913,912,3,1,0,,0,0.0,0.0,0.0,0
L20-M4,914,913,7,-3,0,,0,0.0,0.0,-0.0,0
L20-M4,915,914,4,0,0,,0,0.0,0.0,0.0,0
L20-M4,916,915,5,-1,0,,0,0.0,0.0,-0.0,0
L20-M4,917,916,2,2,0,,0,0.0,0.0,0.0,0
L20-M4,918,917,6,-2,0,,0,0.0,0.0,-0.0,0
L20-M4,919,918,1,3,0,,0,0.0,0.0,0.0,0
L20-M4,920,919,5,-1,0,,0,0.0,0.0,-0.0,0
L20-M4,921,920,4,0,0,,0,0.0,0.0,0.0,0
L20-M4,922,921,1,3,0,,0,0.0,0.0,0.0,0
L20-M4,923,922,6,-2,0,,0,0.0,0.0,-0.0,0
L20-M4,924,923,5,-1,0,,0,0.0,0.0,-0.0,0
L20-M4,925,924,3,1,0,,0,0.0,0.0,0.0,0
L20-M4,926,925,1,3,0,,0,0.0,0.0,0.0,0
L20-M4,927,926,1,3,0,,0,0.0,0.0,0.0,0
L20-M4,928,927,4,0,0,,0,0.0,0.0,0.0,0
L20-M4,929,928,6,-2,0,,0,0.0,0.0,-0.0,0
L20-M4,930,929,1,3,0,,0,0.0,0.0,0.0,0
L20-M4,931,930,4,0,0,,0,0.0,0.0,0.0,0
L20-M4,932,931,5,-1,0,,0,0.0,0.0,-0.0,0
L20-M4,933,932,2,2,0,,0,0.0,0.0,0.0,0
L20-M4,934,933,6,-2,0,,0,0.0,0.0,-0.0,0
L20-M4,935,934,3,1,0,,0,0.0,0.0,0.0,0
L20-M4,936,935,3,1,0,,0,0.0,0.0,0.0,0
L20-M4,937,936,7,-3,0,,0,0.0,0.0,-0.0,0
L20-M4,938,937,5,-1,0,,0,0.0,0.0,-0.0,0
L20-M4,939,938,3,1,0,,0,0.0,0.0,0.0,0
L20-M4,940,939,2,2,0,,0,0.0,0.0,0.0,0
L20-M4,941,940,2,2,0,,0,0.0,0.0,0.0,0
L20-M4,942,941,5,-1,0,,0,0.0,0.0,-0.0,0
L20-M4,943,942,5,-1,0,,0,0.0,0.0,-0.0,0
L20-M4,944,943,5,-1,0,,0,0.0,0.0,-0.0,0
L20-M4,945,944,7,-3,0,,0,0.0,0.0,-0.0,0
L20-M4,946,945,4,0,0,,0,0.0,0.0,0.0,0
L20-M4,947,946,4,0,0,,0,0.0,0.0,0.0,0
L20-M4,948,947,5,-1,0,,0,0.0,0.0,-0.0,0
L20-M4,949,948,1,3,0,,0,0.0,0.0,0.0,0
L20-M4,950,949,3,1,0,,0,0.0,0.0,0.0,0
L20-M4,951,950,3,1,0,,0,0.0,0.0,0.0,0
L20-M4,952,951,5,-1,0,,0,0.0,0.0,-0.0,0
L20-M4,953,952,6,-2,0,,0,0.0,0.0,-0.0,0
L20-M4,954,953,5,-1,0,,0,0.0,0.0,-0.0,0
L20-M4,955,954,6,-2,0,,0,0.0,0.0,-0.0,0
L20-M4,956,955,2,2,0,,0,0.0,0.0,0.0,0
L20-M4,957,956,6,-2,0,,0,0.0,0.0,-0.0,0
L20-M4,958,957,1,3,0,,0,0.0,0.0,0.0,0
L20-M4,959,958,1,3,0,,0,0.0,0.0,0.0,0
L20-M4,960,959,5,-1,0,,0,0.0,0.0,-0.0,0
L20-M4,961,960,2,2,0,,0,0.0,0.0,0.0,0
L20-M4,962,961,7,-3,0,,0,0.0,0.0,-0.0,0
L20-M4,963,962,6,-2,0,,0,0.0,0.0,-0.0,0
L20-M4,964,963,6,-2,0,,0,0.0,0.0,-0.0,0
L20-M4,965,964,3,1,0,,0,0.0,0.0,0.0,0
L20-M4,966,965,6,-2,0,,0,0.0,0.0,-0.0,0
L20-M4,967,966,6,-2,0,,0,0.0,0.0,-0.0,0
L20-M4,968,967,3,1,0,,0,0.0,0.0,0.0,0
L20-M4,969,968,6,-2,0,,0,0.0,0.0,-0.0,0
L20-M4,970,969,2,2,0,,0,0.0,0.0,0.0,0
L20-M4,971,970,1,3,0,,0,0.0,0.0,0.0,0
L20-M4,972,971,3,1,0,,0,0.0,0.0,0.0,0
L20-M4,973,972,5,-1,0,,0,0.0,0.0,-0.0,0
L20-M4,974,973,2,2,0,,0,0.0,0.0,0.0,0
L20-M4,975,974,5,-1,0,,0,0.0,0.0,-0.0,0
L20-M4,976,975,1,3,0,,0,0.0,0.0,0.0,0
L20-M4,977,976,1,3,0,,0,0.0,0.0,0.0,0
L20-M4,978,977,5,-1,0,,0,0.0,0.0,-0.0,0
L20-M4,979,978,3,1,0,,0,0.0,0.0,0.0,0
L20-M4,980,979,5,-1,0,,0,0.0,0.0,-0.0,0
L20-M4,981,980,3,1,0,,0,0.0,0.0,0.0,0
L20-M4,982,981,2,2,0,,0,0.0,0.0,0.0,0
L20-M4,983,982,6,-2,0,,0,0.0,0.0,-0.0,0
L20-M4,984,983,2,2,0,,0,0.0,0.0,0.0,0
L20-M4,985,984,3,1,0,,0,0.0,0.0,0.0,0
L20-M4,986,985,2,2,0,,0,0.0,0.0,0.0,0
L20-M4,987,986,5,-1,0,,0,0.0,0.0,-0.0,0
L20-M4,988,987,3,1,0,,0,0.0,0.0,0.0,0
L20-M4,989,988,4,0,0,,0,0.0,0.0,0.0,0
L20-M4,990,989,4,0,0,,0,0.0,0.0,0.0,0
L20-M4,991,990,5,-1,0,,0,0.0,0.0,-0.0,0
L20-M4,992,991,6,-2,0,,0,0.0,0.0,-0.0,0
L20-M4,993,992,3,1,0,,0,0.0,0.0,0.0,0
L20-M4,994,993,7,-3,0,,0,0.0,0.0,-0.0,0
L20-M4,995,994,6,-2,0,,0,0.0,0.0,-0.0,0
L20-M4,996,995,3,1,0,,0,0.0,0.0,0.0,0
L20-M4,997,996,5,-1,0,,0,0.0,0.0,-0.0,0
L20-M4,998,997,5,-1,0,,0,0.0,0.0,-0.0,0
L20-M4,999,998,5,-1,0,,0,0.0,0.0,-0.0,0
L20-M4,1000,999,7,-3,0,,0,0.0,0.0,-0.0,0
L20-M4,1001,1000,6,-2,0,,0,0.0,0.0,-0.0,0
L20-M4,1002,1001,5,-1,0,,0,0.0,0.0,-0.0,0
L20-M4,1003,1002,1,3,0,,0,0.0,0.0,0.0,0
L20-M4,1004,1003,4,0,0,,0,0.0,0.0,0.0,0
L20-M4,1005,1004,3,1,0,,0,0.0,0.0,0.0,0
L20-M4,1006,1005,3,1,0,,0,0.0,0.0,0.0,0
L20-M4,1007,1006,6,-2,0,,0,0.0,0.0,-0.0,0
L20-M4,1008,1007,7,-3,0,,0,0.0,0.0,-0.0,0
L20-M4,1009,1008,5,-1,0,,0,0.0,0.0,-0.0,0
L20-M4,1010,1009,2,2,0,,0,0.0,0.0,0.0,0
L20-M4,1011,1010,1,3,0,,0,0.0,0.0,0.0,0
L20-M4,1012,1011,7,-3,0,,0,0.0,0.0,-0.0,0
L20-M4,1013,1012,1,3,0,,0,0.0,0.0,0.0,0
L20-M4,1014,1013,4,0,0,,0,0.0,0.0,0.0,0
L20-M4,1015,1014,5,-1,0,,0,0.0,0.0,-0.0,0
L20-M4,1016,1015,7,-3,0,,0,0.0,0.0,-0.0,0
L20-M4,1017,1016,7,-3,0,,0,0.0,0.0,-0.0,0
L20-M4,1018,1017,6,-2,0,,0,0.0,0.0,-0.0,0
L20-M4,1019,1018,5,-1,0,,0,0.0,0.0,-0.0,0
L20-M4,1020,1019,3,1,0,,0,0.0,0.0,0.0,0
L20-M4,1021,1020,1,3,0,,0,0.0,0.0,0.0,0
L20-M4,1022,1021,3,1,0,,0,0.0,0.0,0.0,0
L20-M4,1023,1022,4,0,0,,0,0.0,0.0,0.0,0
L20-M4,1024,1023,5,-1,0,,0,0.0,0.0,-0.0,0
L20-M4,1025,1024,2,2,0,,0,0.0,0.0,0.0,0
L20-M4,1026,1025,1,3,0,,0,0.0,0.0,0.0,0
L20-M4,1027,1026,6,-2,0,,0,0.0,0.0,-0.0,0
L20-M4,1028,1027,1,3,0,,0,0.0,0.0,0.0,0
L20-M4,1029,1028,6,-2,0,,0,0.0,0.0,-0.0,0
L20-M4,1030,1029,2,2,0,,0,0.0,0.0,0.0,0
L20-M4,1031,1030,3,1,0,,0,0.0,0.0,0.0,0
L20-M4,1032,1031,3,1,0,,0,0.0,0.0,0.0,0
L20-M4,1033,1032,5,-1,0,,0,0.0,0.0,-0.0,0
L20-M4,1034,1033,2,2,0,,0,0.0,0.0,0.0,0
L20-M4,1035,1034,1,3,0,,0,0.0,0.0,0.0,0
L20-M4,1036,1035,1,3,0,,0,0.0,0.0,0.0,0
L20-M4,1037,1036,6,-2,0,,0,0.0,0.0,-0.0,0
L20-M4,1038,1037,6,-2,0,,0,0.0,0.0,-0.0,0
L20-M4,1039,1038,1,3,0,,0,0.0,0.0,0.0,0
L20-M4,1040,1039,5,-1,0,,0,0.0,0.0,-0.0,0
L20-M4,1041,1040,2,2,0,,0,0.0,0.0,0.0,0
L20-M4,1042,1041,7,-3,0,,0,0.0,0.0,-0.0,0
L20-M4,1043,1042,1,3,0,,0,0.0,0.0,0.0,0
L20-M4,1044,1043,4,0,0,,0,0.0,0.0,0.0,0
L20-M4,1045,1044,1,3,0,,0,0.0,0.0,0.0,0
L20-M4,1046,1045,6,-2,0,,0,0.0,0.0,-0.0,0
L20-M4,1047,1046,4,0,0,,0,0.0,0.0,0.0,0
L20-M4,1048,1047,3,1,0,,0,0.0,0.0,0.0,0
L20-M4,1049,1048,5,-1,0,,0,0.0,0.0,-0.0,0
L20-M4,1050,1049,4,0,0,,0,0.0,0.0,0.0,0
L20-M4,1051,1050,3,1,0,,0,0.0,0.0,0.0,0
L20-M4,1052,1051,7,-3,0,,0,0.0,0.0,-0.0,0
L20-M4,1053,1052,1,3,0,,0,0.0,0.0,0.0,0
L20-M4,1054,1053,1,3,0,,0,0.0,0.0,0.0,0
L20-M4,1055,1054,6,-2,0,,0,0.0,0.0,-0.0,0
L20-M4,1056,1055,6,-2,0,,0,0.0,0.0,-0.0,0
L20-M4,1057,1056,4,0,0,,0,0.0,0.0,0.0,0
L20-M4,1058,1057,2,2,0,,0,0.0,0.0,0.0,0
L20-M4,1059,1058,7,-3,0,,0,0.0,0.0,-0.0,0
L20-M4,1060,1059,5,-1,0,,0,0.0,0.0,-0.0,0
L20-M4,1061,1060,5,-1,0,,0,0.0,0.0,-0.0,0
L20-M4,1062,1061,2,2,0,,0,0.0,0.0,0.0,0
L20-M4,1063,1062,1,3,0,,0,0.0,0.0,0.0,0
L20-M4,1064,1063,6,-2,0,,0,0.0,0.0,-0.0,0
L20-M4,1065,1064,4,0,0,,0,0.0,0.0,0.0,0
L20-M4,1066,1065,5,-1,0,,0,0.0,0.0,-0.0,0
L20-M4,1067,1066,7,-3,0,,0,0.0,0.0,-0.0,0
L20-M4,1068,1067,3,1,0,,0,0.0,0.0,0.0,0
L20-M4,1069,1068,1,3,0,,0,0.0,0.0,0.0,0
L20-M4,1070,1069,7,-3,0,,0,0.0,0.0,-0.0,0
L20-M4,1071,1070,6,-2,0,,0,0.0,0.0,-0.0,0
L20-M4,1072,1071,7,-3,0,,0,0.0,0.0,-0.0,0
L20-M4,1073,1072,5,-1,0,,0,0.0,0.0,-0.0,0
L20-M4,1074,1073,2,2,0,,0,0.0,0.0,0.0,0
L20-M4,1075,1074,3,1,0,,0,0.0,0.0,0.0,0
L20-M4,1076,1075,2,2,0,,0,0.0,0.0,0.0,0
L20-M4,1077,1076,4,0,0,,0,0.0,0.0,0.0,0
L20-M4,1078,1077,5,-1,0,,0,0.0,0.0,-0.0,0
L20-M4,1079,1078,7,-3,0,,0,0.0,0.0,-0.0,0
L20-M4,1080,1079,2,2,0,,0,0.0,0.0,0.0,0
L20-M4,1081,1080,6,-2,0,,0,0.0,0.0,-0.0,0
L20-M4,1082,1081,4,0,0,,0,0.0,0.0,0.0,0
L20-M4,1083,1082,4,0,0,,0,0.0,0.0,0.0,0
L20-M4,1084,1083,5,-1,0,,0,0.0,0.0,-0.0,0
L20-M4,1085,1084,1,3,0,,0,0.0,0.0,0.0,0
L20-M4,1086,1085,5,-1,0,,0,0.0,0.0,-0.0,0
L20-M4,1087,1086,7,-3,0,,0,0.0,0.0,-0.0,0
L20-M4,1088,1087,3,1,0,,0,0.0,0.0,0.0,0
L20-M4,1089,1088,5,-1,0,,0,0.0,0.0,-0.0,0
L20-M4,1090,1089,5,-1,0,,0,0.0,0.0,-0.0,0
L20-M4,1091,1090,1,3,0,,0,0.0,0.0,0.0,0
L20-M4,1092,1091,7,-3,0,,0,0.0,0.0,-0.0,0
L20-M4,1093,1092,6,-2,0,,0,0.0,0.0,-0.0,0
L20-M4,1094,1093,7,-3,0,,0,0.0,0.0,-0.0,0
L20-M4,1095,1094,7,-3,0,,0,0.0,0.0,-0.0,0
L20-M4,1096,1095,2,2,0,,0,0.0,0.0,0.0,0
L20-M4,1097,1096,6,-2,0,,0,0.0,0.0,-0.0,0
L20-M4,1098,1097,1,3,0,,0,0.0,0.0,0.0,0
L20-M4,1099,1098,2,2,0,,0,0.0,0.0,0.0,0
L20-M4,1100,1099,2,2,0,,0,0.0,0.0,0.0,0
L20-M4,1101,1100,1,3,0,,0,0.0,0.0,0.0,0
L20-M4,1102,1101,6,-2,0,,0,0.0,0.0,-0.0,0
L20-M4,1103,1102,3,1,0,,0,0.0,0.0,0.0,0
L20-M4,1104,1103,1,3,0,,0,0.0,0.0,0.0,0
L20-M4,1105,1104,2,2,0,,0,0.0,0.0,0.0,0
L20-M4,1106,1105,2,2,0,,0,0.0,0.0,0.0,0
L20-M4,1107,1106,5,-1,0,,0,0.0,0.0,-0.0,0
L20-M4,1108,1107,3,1,0,,0,0.0,0.0,0.0,0
L20-M4,1109,1108,4,0,0,,0,0.0,0.0,0.0,0
L20-M4,1110,1109,1,3,0,,0,0.0,0.0,0.0,0
L20-M4,1111,1110,6,-2,0,,0,0.0,0.0,-0.0,0
L20-M4,1112,1111,2,2,0,,0,0.0,0.0,0.0,0
L20-M4,1113,1112,3,1,0,,0,0.0,0.0,0.0,0
L20-M4,1114,1113,1,3,0,,0,0.0,0.0,0.0,0
L20-M4,1115,1114,1,3,0,,0,0.0,0.0,0.0,0
L20-M4,1116,1115,2,2,0,,0,0.0,0.0,0.0,0
L20-M4,1117,1116,7,-3,0,,0,0.0,0.0,-0.0,0
L20-M4,1118,1117,3,1,0,,0,0.0,0.0,0.0,0
L20-M4,1119,1118,1,3,0,,0,0.0,0.0,0.0,0
L20-M4,1120,1119,2,2,0,,0,0.0,0.0,0.0,0
L20-M4,1121,1120,5,-1,0,,0,0.0,0.0,-0.0,0
L20-M4,1122,1121,2,2,0,,0,0.0,0.0,0.0,0
L20-M4,1123,1122,4,0,0,,0,0.0,0.0,0.0,0
L20-M4,1124,1123,5,-1,0,,0,0.0,0.0,-0.0,0
L20-M4,1125,1124,4,0,0,,0,0.0,0.0,0.0,0
L20-M4,1126,1125,4,0,0,,0,0.0,0.0,0.0,0
L20-M4,1127,1126,3,1,0,,0,0.0,0.0,0.0,0
L20-M4,1128,1127,6,-2,0,,0,0.0,0.0,-0.0,0
L20-M4,1129,1128,7,-3,0,,0,0.0,0.0,-0.0,0
L20-M4,1130,1129,5,-1,0,,0,0.0,0.0,-0.0,0
L20-M4,1131,1130,7,-3,0,,0,0.0,0.0,-0.0,0
L20-M4,1132,1131,6,-2,0,,0,0.0,0.0,-0.0,0
L20-M4,1133,1132,1,3,0,,0,0.0,0.0,0.0,0
L20-M4,1134,1133,4,0,0,,0,0.0,0.0,0.0,0
L20-M4,1135,1134,6,-2,0,,0,0.0,0.0,-0.0,0
L20-M4,1136,1135,2,2,0,,0,0.0,0.0,0.0,0
L20-M4,1137,1136,1,3,0,,0,0.0,0.0,0.0,0
L20-M4,1138,1137,5,-1,0,,0,0.0,0.0,-0.0,0
L20-M4,1139,1138,7,-3,0,,0,0.0,0.0,-0.0,0
L20-M4,1140,1139,4,0,0,,0,0.0,0.0,0.0,0
L20-M4,1141,1140,3,1,0,,0,0.0,0.0,0.0,0
L20-M4,1142,1141,4,0,0,,0,0.0,0.0,0.0,0
L20-M4,1143,1142,3,1,0,,0,0.0,0.0,0.0,0
L20-M4,1144,1143,1,3,0,,0,0.0,0.0,0.0,0
L20-M4,1145,1144,3,1,0,,0,0.0,0.0,0.0,0
L20-M4,1146,1145,4,0,0,,0,0.0,0.0,0.0,0
L20-M4,1147,1146,5,-1,0,,0,0.0,0.0,-0.0,0
L20-M4,1148,1147,6,-2,0,,0,0.0,0.0,-0.0,0
L20-M4,1149,1148,7,-3,0,,0,0.0,0.0,-0.0,0
L20-M4,1150,1149,7,-3,0,,0,0.0,0.0,-0.0,0
L20-M4,1151,1150,4,0,0,,0,0.0,0.0,0.0,0
L20-M4,1152,1151,3,1,0,,0,0.0,0.0,0.0,0
L20-M4,1153,1152,1,3,0,,0,0.0,0.0,0.0,0
L20-M4,1154,1153,2,2,0,,0,0.0,0.0,0.0,0
L20-M4,1155,1154,5,-1,0,,0,0.0,0.0,-0.0,0
L20-M4,1156,1155,2,2,0,,0,0.0,0.0,0.0,0
L20-M4,1157,1156,1,3,0,,0,0.0,0.0,0.0,0
L20-M4,1158,1157,7,-3,0,,0,0.0,0.0,-0.0,0
L20-M4,1159,1158,1,3,0,,0,0.0,0.0,0.0,0
L20-M4,1160,1159,2,2,0,,0,0.0,0.0,0.0,0
L20-M4,1161,1160,4,0,0,,0,0.0,0.0,0.0,0
L20-M4,1162,1161,6,-2,0,,0,0.0,0.0,-0.0,0
L20-M4,1163,1162,1,3,0,,0,0.0,0.0,0.0,0
L20-M4,1164,1163,2,2,0,,0,0.0,0.0,0.0,0
L20-M4,1165,1164,3,1,0,,0,0.0,0.0,0.0,0
L20-M4,1166,1165,3,1,0,,0,0.0,0.0,0.0,0
L20-M4,1167,1166,2,2,0,,0,0.0,0.0,0.0,0
L20-M4,1168,1167,3,1,0,,0,0.0,0.0,0.0,0
L20-M4,1169,1168,4,0,0,,0,0.0,0.0,0.0,0
L20-M4,1170,1169,3,1,0,,0,0.0,0.0,0.0,0
L20-M4,1171,1170,3,1,0,,0,0.0,0.0,0.0,0
L20-M4,1172,1171,7,-3,0,,0,0.0,0.0,-0.0,0
L20-M4,1173,1172,7,-3,0,,0,0.0,0.0,-0.0,0
L20-M4,1174,1173,2,2,0,,0,0.0,0.0,0.0,0
L20-M4,1175,1174,5,-1,0,,0,0.0,0.0,-0.0,0
L20-M4,1176,1175,5,-1,0,,0,0.0,0.0,-0.0,0
L20-M4,1177,1176,5,-1,0,,0,0.0,0.0,-0.0,0
L20-M4,1178,1177,6,-2,0,,0,0.0,0.0,-0.0,0
L20-M4,1179,1178,4,0,0,,0,0.0,0.0,0.0,0
L20-M4,1180,1179,4,0,0,,0,0.0,0.0,0.0,0
L20-M4,1181,1180,1,3,0,,0,0.0,0.0,0.0,0
L20-M4,1182,1181,5,-1,0,,0,0.0,0.0,-0.0,0
L20-M4,1183,1182,4,0,0,,0,0.0,0.0,0.0,0
L20-M4,1184,1183,6,-2,0,,0,0.0,0.0,-0.0,0
L20-M4,1185,1184,7,-3,0,,0,0.0,0.0,-0.0,0
L20-M4,1186,1185,7,-3,0,,0,0.0,0.0,-0.0,0
L20-M4,1187,1186,7,-3,0,,0,0.0,0.0,-0.0,0
L20-M4,1188,1187,7,-3,0,,0,0.0,0.0,-0.0,0
L20-M4,1189,1188,3,1,0,,0,0.0,0.0,0.0,0
L20-M4,1190,1189,4,0,0,,0,0.0,0.0,0.0,0
L20-M4,1191,1190,6,-2,0,,0,0.0,0.0,-0.0,0
L20-M4,1192,1191,2,2,0,,0,0.0,0.0,0.0,0
L20-M4,1193,1192,2,2,0,,0,0.0,0.0,0.0,0
L20-M4,1194,1193,4,0,0,,0,0.0,0.0,0.0,0
L20-M4,1195,1194,1,3,0,,0,0.0,0.0,0.0,0
L20-M4,1196,1195,7,-3,0,,0,0.0,0.0,-0.0,0
L20-M4,1197,1196,3,1,0,,0,0.0,0.0,0.0,0
L20-M4,1198,1197,6,-2,0,,0,0.0,0.0,-0.0,0
L20-M4,1199,1198,1,3,0,,0,0.0,0.0,0.0,0
L20-M4,1200,1199,1,3,0,,0,0.0,0.0,0.0,0
L20-M4,1201,1200,7,-3,0,,0,0.0,0.0,-0.0,0
L20-M4,1202,1201,7,-3,0,,0,0.0,0.0,-0.0,0
L20-M4,1203,1202,2,2,0,,0,0.0,0.0,0.0,0
L20-M4,1204,1203,4,0,0,,0,0.0,0.0,0.0,0
L20-M4,1205,1204,3,1,0,,0,0.0,0.0,0.0,0
L20-M4,1206,1205,2,2,0,,0,0.0,0.0,0.0,0
L20-M4,1207,1206,4,0,0,,0,0.0,0.0,0.0,0
L20-M4,1208,1207,2,2,0,,0,0.0,0.0,0.0,0
L20-M4,1209,1208,2,2,0,,0,0.0,0.0,0.0,0
L20-M4,1210,1209,4,0,0,,0,0.0,0.0,0.0,0
L20-M4,1211,1210,6,-2,0,,0,0.0,0.0,-0.0,0
L20-M4,1212,1211,1,3,0,,0,0.0,0.0,0.0,0
L20-M4,1213,1212,7,-3,0,,0,0.0,0.0,-0.0,0
L20-M4,1214,1213,1,3,0,,0,0.0,0.0,0.0,0
L20-M4,1215,1214,2,2,0,,0,0.0,0.0,0.0,0
L20-M4,1216,1215,5,-1,0,,0,0.0,0.0,-0.0,0
L20-M4,1217,1216,7,-3,0,,0,0.0,0.0,-0.0,0
L20-M4,1218,1217,7,-3,0,,0,0.0,0.0,-0.0,0
L20-M4,1219,1218,2,2,0,,0,0.0,0.0,0.0,0
L20-M4,1220,1219,5,-1,0,,0,0.0,0.0,-0.0,0
L20-M4,1221,1220,2,2,0,,0,0.0,0.0,0.0,0
L20-M4,1222,1221,2,2,0,,0,0.0,0.0,0.0,0
L20-M4,1223,1222,6,-2,0,,0,0.0,0.0,-0.0,0
L20-M4,1224,1223,4,0,0,,0,0.0,0.0,0.0,0
L20-M4,1225,1224,5,-1,0,,0,0.0,0.0,-0.0,0
L20-M4,1226,1225,5,-1,0,,0,0.0,0.0,-0.0,0
L20-M4,1227,1226,7,-3,0,,0,0.0,0.0,-0.0,0
L20-M4,1228,1227,2,2,0,,0,0.0,0.0,0.0,0
L20-M4,1229,1228,1,3,0,,0,0.0,0.0,0.0,0
L20-M4,1230,1229,3,1,0,,0,0.0,0.0,0.0,0
L20-M4,1231,1230,7,-3,0,,0,0.0,0.0,-0.0,0
L20-M4,1232,1231,4,0,0,,0,0.0,0.0,0.0,0
L20-M4,1233,1232,1,3,0,,0,0.0,0.0,0.0,0
L20-M4,1234,1233,5,-1,0,,0,0.0,0.0,-0.0,0
L20-M4,1235,1234,4,0,0,,0,0.0,0.0,0.0,0
L20-M4,1236,1235,5,-1,0,,0,0.0,0.0,-0.0,0
L20-M4,1237,1236,1,3,0,,0,0.0,0.0,0.0,0
L20-M4,1238,1237,5,-1,0,,0,0.0,0.0,-0.0,0
L20-M5,21,20,7,-3,0,,0,0.0,0.0,-0.0,0
L20-M5,22,21,5,-1,0,,0,0.0,0.0,-0.0,0
L20-M5,23,22,6,-2,0,,0,0.0,0.0,-0.0,0
L20-M5,24,23,7,-3,0,,0,0.0,0.0,-0.0,0
L20-M5,25,24,1,3,0,,0,0.0,0.0,0.0,0
L20-M5,26,25,3,1,0,,0,0.0,0.0,0.0,0
L20-M5,27,26,7,-3,0,,0,0.0,0.0,-0.0,0
L20-M5,28,27,4,0,0,,0,0.0,0.0,0.0,0
L20-M5,29,28,1,3,0,,0,0.0,0.0,0.0,0
L20-M5,30,29,3,1,0,,0,0.0,0.0,0.0,0
L20-M5,31,30,1,3,0,,0,0.0,0.0,0.0,0
L20-M5,32,31,6,-2,0,,0,0.0,0.0,-0.0,0
L20-M5,33,32,2,2,0,,0,0.0,0.0,0.0,0
L20-M5,34,33,3,1,0,,0,0.0,0.0,0.0,0
L20-M5,35,34,1,3,0,,0,0.0,0.0,0.0,0
L20-M5,36,35,6,-2,0,,0,0.0,0.0,-0.0,0
L20-M5,37,36,6,-2,0,,0,0.0,0.0,-0.0,0
L20-M5,38,37,7,-3,0,,0,0.0,0.0,-0.0,0
L20-M5,39,38,5,-1,0,,0,0.0,0.0,-0.0,0
L20-M5,40,39,3,1,0,,0,0.0,0.0,0.0,0
L20-M5,41,40,1,3,0,,0,0.0,0.0,0.0,0
L20-M5,42,41,4,0,0,,0,0.0,0.0,0.0,0
L20-M5,43,42,1,3,0,,0,0.0,0.0,0.0,0
L20-M5,44,43,1,3,0,,0,0.0,0.0,0.0,0
L20-M5,45,44,6,-2,0,,0,0.0,0.0,-0.0,0
L20-M5,46,45,3,1,0,,0,0.0,0.0,0.0,0
L20-M5,47,46,7,-3,0,,0,0.0,0.0,-0.0,0
L20-M5,48,47,4,0,0,,0,0.0,0.0,0.0,0
L20-M5,49,48,1,3,0,,0,0.0,0.0,0.0,0
L20-M5,50,49,5,-1,0,,0,0.0,0.0,-0.0,0
L20-M5,51,50,1,3,0,,0,0.0,0.0,0.0,0
L20-M5,52,51,6,-2,0,,0,0.0,0.0,-0.0,0
L20-M5,53,52,1,3,0,,0,0.0,0.0,0.0,0
L20-M5,54,53,7,-3,0,,0,0.0,0.0,-0.0,0
L20-M5,55,54,6,-2,0,,0,0.0,0.0,-0.0,0
L20-M5,56,55,1,3,0,,0,0.0,0.0,0.0,0
L20-M5,57,56,3,1,0,,0,0.0,0.0,0.0,0
L20-M5,58,57,1,3,0,,0,0.0,0.0,0.0,0
L20-M5,59,58,1,3,0,,0,0.0,0.0,0.0,0
L20-M5,60,59,2,2,0,,0,0.0,0.0,0.0,0
L20-M5,61,60,3,1,0,,0,0.0,0.0,0.0,0
L20-M5,62,61,1,3,0,,0,0.0,0.0,0.0,0
L20-M5,63,62,4,0,0,,0,0.0,0.0,0.0,0
L20-M5,64,63,2,2,0,,0,0.0,0.0,0.0,0
L20-M5,65,64,7,-3,0,,0,0.0,0.0,-0.0,0
L20-M5,66,65,5,-1,0,,0,0.0,0.0,-0.0,0
L20-M5,67,66,7,-3,0,,0,0.0,0.0,-0.0,0
L20-M5,68,67,5,-1,0,,0,0.0,0.0,-0.0,0
L20-M5,69,68,6,-2,0,,0,0.0,0.0,-0.0,0
L20-M5,70,69,6,-2,0,,0,0.0,0.0,-0.0,0
L20-M5,71,70,5,-1,0,,0,0.0,0.0,-0.0,0
L20-M5,72,71,5,-1,0,,0,0.0,0.0,-0.0,0
L20-M5,73,72,1,3,0,,0,0.0,0.0,0.0,0
L20-M5,74,73,5,-1,0,,0,0.0,0.0,-0.0,0
L20-M5,75,74,5,-1,0,,0,0.0,0.0,-0.0,0
L20-M5,76,75,4,0,0,,0,0.0,0.0,0.0,0
L20-M5,77,76,7,-3,0,,0,0.0,0.0,-0.0,0
L20-M5,78,77,5,-1,0,,0,0.0,0.0,-0.0,0
L20-M5,79,78,7,-3,0,,0,0.0,0.0,-0.0,0
L20-M5,80,79,3,1,0,,0,0.0,0.0,0.0,0
L20-M5,81,80,1,3,0,,0,0.0,0.0,0.0,0
L20-M5,82,81,2,2,0,,0,0.0,0.0,0.0,0
L20-M5,83,82,6,-2,0,,0,0.0,0.0,-0.0,0
L20-M5,84,83,3,1,0,,0,0.0,0.0,0.0,0
L20-M5,85,84,1,3,0,,0,0.0,0.0,0.0,0
L20-M5,86,85,4,0,0,,0,0.0,0.0,0.0,0
L20-M5,87,86,3,1,0,,0,0.0,0.0,0.0,0
L20-M5,88,87,5,-1,0,,0,0.0,0.0,-0.0,0
L20-M5,89,88,5,-1,0,,0,0.0,0.0,-0.0,0
L20-M5,90,89,6,-2,0,,0,0.0,0.0,-0.0,0
L20-M5,91,90,1,3,0,,0,0.0,0.0,0.0,0
L20-M5,92,91,5,-1,0,,0,0.0,0.0,-0.0,0
L20-M5,93,92,3,1,0,,0,0.0,0.0,0.0,0
L20-M5,94,93,2,2,0,,0,0.0,0.0,0.0,0
L20-M5,95,94,2,2,0,,0,0.0,0.0,0.0,0
L20-M5,96,95,2,2,0,,0,0.0,0.0,0.0,0
L20-M5,97,96,4,0,0,,0,0.0,0.0,0.0,0
L20-M5,98,97,1,3,0,,0,0.0,0.0,0.0,0
L20-M5,99,98,7,-3,0,,0,0.0,0.0,-0.0,0
L20-M5,100,99,4,0,0,,0,0.0,0.0,0.0,0
L20-M5,101,100,2,2,0,,0,0.0,0.0,0.0,0
L20-M5,102,101,3,1,0,,0,0.0,0.0,0.0,0
L20-M5,103,102,7,-3,0,,0,0.0,0.0,-0.0,0
L20-M5,104,103,2,2,0,,0,0.0,0.0,0.0,0
L20-M5,105,104,5,-1,0,,0,0.0,0.0,-0.0,0
L20-M5,106,105,4,0,0,,0,0.0,0.0,0.0,0
L20-M5,107,106,6,-2,0,,0,0.0,0.0,-0.0,0
L20-M5,108,107,6,-2,0,,0,0.0,0.0,-0.0,0
L20-M5,109,108,2,2,0,,0,0.0,0.0,0.0,0
L20-M5,110,109,3,1,0,,0,0.0,0.0,0.0,0
L20-M5,111,110,1,3,0,,0,0.0,0.0,0.0,0
L20-M5,112,111,3,1,0,,0,0.0,0.0,0.0,0
L20-M5,113,112,7,-3,0,,0,0.0,0.0,-0.0,0
L20-M5,114,113,3,1,0,,0,0.0,0.0,0.0,0
L20-M5,115,114,1,3,0,,0,0.0,0.0,0.0,0
L20-M5,116,115,7,-3,0,,0,0.0,0.0,-0.0,0
L20-M5,117,116,3,1,0,,0,0.0,0.0,0.0,0
L20-M5,118,117,5,-1,0,,0,0.0,0.0,-0.0,0
L20-M5,119,118,7,-3,0,,0,0.0,0.0,-0.0,0
L20-M5,120,119,7,-3,0,,0,0.0,0.0,-0.0,0
L20-M5,121,120,5,-1,0,,0,0.0,0.0,-0.0,0
L20-M5,122,121,1,3,0,,0,0.0,0.0,0.0,0
L20-M5,123,122,2,2,0,,0,0.0,0.0,0.0,0
L20-M5,124,123,4,0,0,,0,0.0,0.0,0.0,0
L20-M5,125,124,1,3,0,,0,0.0,0.0,0.0,0
L20-M5,126,125,3,1,0,,0,0.0,0.0,0.0,0
L20-M5,127,126,1,3,0,,0,0.0,0.0,0.0,0
L20-M5,128,127,6,-2,0,,0,0.0,0.0,-0.0,0
L20-M5,129,128,6,-2,0,,0,0.0,0.0,-0.0,0
L20-M5,130,129,1,3,0,,0,0.0,0.0,0.0,0
L20-M5,131,130,5,-1,0,,0,0.0,0.0,-0.0,0
L20-M5,132,131,7,-3,0,,0,0.0,0.0,-0.0,0
L20-M5,133,132,6,-2,0,,0,0.0,0.0,-0.0,0
L20-M5,134,133,3,1,0,,0,0.0,0.0,0.0,0
L20-M5,135,134,7,-3,0,,0,0.0,0.0,-0.0,0
L20-M5,136,135,3,1,0,,0,0.0,0.0,0.0,0
L20-M5,137,136,2,2,0,,0,0.0,0.0,0.0,0
L20-M5,138,137,3,1,0,,0,0.0,0.0,0.0,0
L20-M5,139,138,3,1,0,,0,0.0,0.0,0.0,0
L20-M5,140,139,3,1,0,,0,0.0,0.0,0.0,0
L20-M5,141,140,2,2,0,,0,0.0,0.0,0.0,0
L20-M5,142,141,1,3,0,,0,0.0,0.0,0.0,0
L20-M5,143,142,3,1,0,,0,0.0,0.0,0.0,0
L20-M5,144,143,1,3,0,,0,0.0,0.0,0.0,0
L20-M5,145,144,7,-3,0,,0,0.0,0.0,-0.0,0
L20-M5,146,145,3,1,0,,0,0.0,0.0,0.0,0
L20-M5,147,146,3,1,0,,0,0.0,0.0,0.0,0
L20-M5,148,147,5,-1,0,,0,0.0,0.0,-0.0,0
L20-M5,149,148,1,3,0,,0,0.0,0.0,0.0,0
L20-M5,150,149,4,0,0,,0,0.0,0.0,0.0,0
L20-M5,151,150,2,2,0,,0,0.0,0.0,0.0,0
L20-M5,152,151,5,-1,0,,0,0.0,0.0,-0.0,0
L20-M5,153,152,7,-3,0,,0,0.0,0.0,-0.0,0
L20-M5,154,153,6,-2,0,,0,0.0,0.0,-0.0,0
L20-M5,155,154,3,1,0,,0,0.0,0.0,0.0,0
L20-M5,156,155,1,3,0,,0,0.0,0.0,0.0,0
L20-M5,157,156,1,3,0,,0,0.0,0.0,0.0,0
L20-M5,158,157,6,-2,0,,0,0.0,0.0,-0.0,0
L20-M5,159,158,2,2,0,,0,0.0,0.0,0.0,0
L20-M5,160,159,4,0,0,,0,0.0,0.0,0.0,0
L20-M5,161,160,1,3,0,,0,0.0,0.0,0.0,0
L20-M5,162,161,6,-2,0,,0,0.0,0.0,-0.0,0
L20-M5,163,162,4,0,0,,0,0.0,0.0,0.0,0
L20-M5,164,163,3,1,0,,0,0.0,0.0,0.0,0
L20-M5,165,164,5,-1,0,,0,0.0,0.0,-0.0,0
L20-M5,166,165,6,-2,0,,0,0.0,0.0,-0.0,0
L20-M5,167,166,3,1,0,,0,0.0,0.0,0.0,0
L20-M5,168,167,1,3,0,,0,0.0,0.0,0.0,0
L20-M5,169,168,3,1,0,,0,0.0,0.0,0.0,0
L20-M5,170,169,2,2,0,,0,0.0,0.0,0.0,0
L20-M5,171,170,2,2,0,,0,0.0,0.0,0.0,0
L20-M5,172,171,1,3,0,,0,0.0,0.0,0.0,0
L20-M5,173,172,6,-2,0,,0,0.0,0.0,-0.0,0
L20-M5,174,173,3,1,0,,0,0.0,0.0,0.0,0
L20-M5,175,174,3,1,0,,0,0.0,0.0,0.0,0
L20-M5,176,175,1,3,0,,0,0.0,0.0,0.0,0
L20-M5,177,176,2,2,0,,0,0.0,0.0,0.0,0
L20-M5,178,177,2,2,0,,0,0.0,0.0,0.0,0
L20-M5,179,178,3,1,0,,0,0.0,0.0,0.0,0
L20-M5,180,179,5,-1,0,,0,0.0,0.0,-0.0,0
L20-M5,181,180,5,-1,0,,0,0.0,0.0,-0.0,0
L20-M5,182,181,6,-2,0,,0,0.0,0.0,-0.0,0
L20-M5,183,182,6,-2,0,,0,0.0,0.0,-0.0,0
L20-M5,184,183,2,2,0,,0,0.0,0.0,0.0,0
L20-M5,185,184,7,-3,0,,0,0.0,0.0,-0.0,0
L20-M5,186,185,5,-1,0,,0,0.0,0.0,-0.0,0
L20-M5,187,186,2,2,0,,0,0.0,0.0,0.0,0
L20-M5,188,187,7,-3,0,,0,0.0,0.0,-0.0,0
L20-M5,189,188,7,-3,0,,0,0.0,0.0,-0.0,0
L20-M5,190,189,3,1,0,,0,0.0,0.0,0.0,0
L20-M5,191,190,3,1,0,,0,0.0,0.0,0.0,0
L20-M5,192,191,3,1,0,,0,0.0,0.0,0.0,0
L20-M5,193,192,5,-1,0,,0,0.0,0.0,-0.0,0
L20-M5,194,193,2,2,0,,0,0.0,0.0,0.0,0
L20-M5,195,194,5,-1,0,,0,0.0,0.0,-0.0,0
L20-M5,196,195,5,-1,0,,0,0.0,0.0,-0.0,0
L20-M5,197,196,1,3,0,,0,0.0,0.0,0.0,0
L20-M5,198,197,1,3,0,,0,0.0,0.0,0.0,0
L20-M5,199,198,1,3,0,,0,0.0,0.0,0.0,0
L20-M5,200,199,7,-3,0,,0,0.0,0.0,-0.0,0
L20-M5,201,200,3,1,0,,0,0.0,0.0,0.0,0
L20-M5,202,201,4,0,0,,0,0.0,0.0,0.0,0
L20-M5,203,202,3,1,0,,0,0.0,0.0,0.0,0
L20-M5,204,203,3,1,0,,0,0.0,0.0,0.0,0
L20-M5,205,204,2,2,0,,0,0.0,0.0,0.0,0
L20-M5,206,205,5,-1,0,,0,0.0,0.0,-0.0,0
L20-M5,207,206,7,-3,0,,0,0.0,0.0,-0.0,0
L20-M5,208,207,7,-3,0,,0,0.0,0.0,-0.0,0
L20-M5,209,208,2,2,0,,0,0.0,0.0,0.0,0
L20-M5,210,209,7,-3,0,,0,0.0,0.0,-0.0,0
L20-M5,211,210,7,-3,0,,0,0.0,0.0,-0.0,0
L20-M5,212,211,1,3,0,,0,0.0,0.0,0.0,0
L20-M5,213,212,1,3,0,,0,0.0,0.0,0.0,0
L20-M5,214,213,7,-3,0,,0,0.0,0.0,-0.0,0
L20-M5,215,214,6,-2,0,,0,0.0,0.0,-0.0,0
L20-M5,216,215,3,1,0,,0,0.0,0.0,0.0,0
L20-M5,217,216,1,3,0,,0,0.0,0.0,0.0,0
L20-M5,218,217,6,-2,0,,0,0.0,0.0,-0.0,0
L20-M5,219,218,5,-1,0,,0,0.0,0.0,-0.0,0
L20-M5,220,219,3,1,0,,0,0.0,0.0,0.0,0
L20-M5,221,220,5,-1,0,,0,0.0,0.0,-0.0,0
L20-M5,222,221,2,2,0,,0,0.0,0.0,0.0,0
L20-M5,223,222,7,-3,0,,0,0.0,0.0,-0.0,0
L20-M5,224,223,7,-3,0,,0,0.0,0.0,-0.0,0
L20-M5,225,224,2,2,0,,0,0.0,0.0,0.0,0
L20-M5,226,225,2,2,0,,0,0.0,0.0,0.0,0
L20-M5,227,226,7,-3,0,,0,0.0,0.0,-0.0,0
L20-M5,228,227,1,3,0,,0,0.0,0.0,0.0,0
L20-M5,229,228,2,2,0,,0,0.0,0.0,0.0,0
L20-M5,230,229,6,-2,0,,0,0.0,0.0,-0.0,0
L20-M5,231,230,3,1,0,,0,0.0,0.0,0.0,0
L20-M5,232,231,4,0,0,,0,0.0,0.0,0.0,0
L20-M5,233,232,6,-2,0,,0,0.0,0.0,-0.0,0
L20-M5,234,233,6,-2,0,,0,0.0,0.0,-0.0,0
L20-M5,235,234,1,3,0,,0,0.0,0.0,0.0,0
L20-M5,236,235,1,3,0,,0,0.0,0.0,0.0,0
L20-M5,237,236,3,1,0,,0,0.0,0.0,0.0,0
L20-M5,238,237,6,-2,0,,0,0.0,0.0,-0.0,0
L20-M5,239,238,7,-3,0,,0,0.0,0.0,-0.0,0
L20-M5,240,239,1,3,0,,0,0.0,0.0,0.0,0
L20-M5,241,240,4,0,0,,0,0.0,0.0,0.0,0
L20-M5,242,241,3,1,0,,0,0.0,0.0,0.0,0
L20-M5,243,242,7,-3,0,,0,0.0,0.0,-0.0,0
L20-M5,244,243,6,-2,0,,0,0.0,0.0,-0.0,0
L20-M5,245,244,3,1,0,,0,0.0,0.0,0.0,0
L20-M5,246,245,3,1,0,,0,0.0,0.0,0.0,0
L20-M5,247,246,2,2,0,,0,0.0,0.0,0.0,0
L20-M5,248,247,2,2,0,,0,0.0,0.0,0.0,0
L20-M5,249,248,3,1,0,,0,0.0,0.0,0.0,0
L20-M5,250,249,3,1,0,,0,0.0,0.0,0.0,0
L20-M5,251,250,5,-1,0,,0,0.0,0.0,-0.0,0
L20-M5,252,251,7,-3,0,,0,0.0,0.0,-0.0,0
L20-M5,253,252,4,0,0,,0,0.0,0.0,0.0,0
L20-M5,254,253,5,-1,0,,0,0.0,0.0,-0.0,0
L20-M5,255,254,6,-2,0,,0,0.0,0.0,-0.0,0
L20-M5,256,255,6,-2,0,,0,0.0,0.0,-0.0,0
L20-M5,257,256,6,-2,0,,0,0.0,0.0,-0.0,0
L20-M5,258,257,1,3,0,,0,0.0,0.0,0.0,0
L20-M5,259,258,2,2,0,,0,0.0,0.0,0.0,0
L20-M5,260,259,4,0,0,,0,0.0,0.0,0.0,0
L20-M5,261,260,7,-3,0,,0,0.0,0.0,-0.0,0
L20-M5,262,261,1,3,0,,0,0.0,0.0,0.0,0
L20-M5,263,262,7,-3,0,,0,0.0,0.0,-0.0,0
L20-M5,264,263,2,2,0,,0,0.0,0.0,0.0,0
L20-M5,265,264,1,3,0,,0,0.0,0.0,0.0,0
L20-M5,266,265,3,1,0,,0,0.0,0.0,0.0,0
L20-M5,267,266,6,-2,0,,0,0.0,0.0,-0.0,0
L20-M5,268,267,1,3,0,,0,0.0,0.0,0.0,0
L20-M5,269,268,3,1,0,,0,0.0,0.0,0.0,0
L20-M5,270,269,4,0,0,,0,0.0,0.0,0.0,0
L20-M5,271,270,7,-3,0,,0,0.0,0.0,-0.0,0
L20-M5,272,271,6,-2,0,,0,0.0,0.0,-0.0,0
L20-M5,273,272,5,-1,0,,0,0.0,0.0,-0.0,0
L20-M5,274,273,2,2,0,,0,0.0,0.0,0.0,0
L20-M5,275,274,4,0,0,,0,0.0,0.0,0.0,0
L20-M5,276,275,4,0,0,,0,0.0,0.0,0.0,0
L20-M5,277,276,4,0,0,,0,0.0,0.0,0.0,0
L20-M5,278,277,5,-1,0,,0,0.0,0.0,-0.0,0
L20-M5,279,278,3,1,0,,0,0.0,0.0,0.0,0
L20-M5,280,279,2,2,0,,0,0.0,0.0,0.0,0
L20-M5,281,280,5,-1,0,,0,0.0,0.0,-0.0,0
L20-M5,282,281,5,-1,0,,0,0.0,0.0,-0.0,0
L20-M5,283,282,5,-1,0,,0,0.0,0.0,-0.0,0
L20-M5,284,283,6,-2,0,,0,0.0,0.0,-0.0,0
L20-M5,285,284,5,-1,0,,0,0.0,0.0,-0.0,0
L20-M5,286,285,1,3,0,,0,0.0,0.0,0.0,0
L20-M5,287,286,3,1,0,,0,0.0,0.0,0.0,0
L20-M5,288,287,7,-3,0,,0,0.0,0.0,-0.0,0
L20-M5,289,288,2,2,0,,0,0.0,0.0,0.0,0
L20-M5,290,289,2,2,0,,0,0.0,0.0,0.0,0
L20-M5,291,290,1,3,0,,0,0.0,0.0,0.0,0
L20-M5,292,291,7,-3,0,,0,0.0,0.0,-0.0,0
L20-M5,293,292,1,3,0,,0,0.0,0.0,0.0,0
L20-M5,294,293,5,-1,0,,0,0.0,0.0,-0.0,0
L20-M5,295,294,7,-3,0,,0,0.0,0.0,-0.0,0
L20-M5,296,295,3,1,0,,0,0.0,0.0,0.0,0
L20-M5,297,296,6,-2,0,,0,0.0,0.0,-0.0,0
L20-M5,298,297,7,-3,0,,0,0.0,0.0,-0.0,0
L20-M5,299,298,3,1,0,,0,0.0,0.0,0.0,0
L20-M5,300,299,4,0,0,,0,0.0,0.0,0.0,0
L20-M5,301,300,7,-3,0,,0,0.0,0.0,-0.0,0
L20-M5,302,301,4,0,0,,0,0.0,0.0,0.0,0
L20-M5,303,302,1,3,0,,0,0.0,0.0,0.0,0
L20-M5,304,303,6,-2,0,,0,0.0,0.0,-0.0,0
L20-M5,305,304,6,-2,0,,0,0.0,0.0,-0.0,0
L20-M5,306,305,3,1,0,,0,0.0,0.0,0.0,0
L20-M5,307,306,3,1,0,,0,0.0,0.0,0.0,0
L20-M5,308,307,2,2,0,,0,0.0,0.0,0.0,0
L20-M5,309,308,6,-2,0,,0,0.0,0.0,-0.0,0
L20-M5,310,309,6,-2,0,,0,0.0,0.0,-0.0,0
L20-M5,311,310,3,1,0,,0,0.0,0.0,0.0,0
L20-M5,312,311,2,2,0,,0,0.0,0.0,0.0,0
L20-M5,313,312,7,-3,0,,0,0.0,0.0,-0.0,0
L20-M5,314,313,1,3,0,,0,0.0,0.0,0.0,0
L20-M5,315,314,1,3,0,,0,0.0,0.0,0.0,0
L20-M5,316,315,3,1,0,,0,0.0,0.0,0.0,0
L20-M5,317,316,7,-3,0,,0,0.0,0.0,-0.0,0
L20-M5,318,317,2,2,0,,0,0.0,0.0,0.0,0
L20-M5,319,318,5,-1,0,,0,0.0,0.0,-0.0,0
L20-M5,320,319,6,-2,0,,0,0.0,0.0,-0.0,0
L20-M5,321,320,1,3,0,,0,0.0,0.0,0.0,0
L20-M5,322,321,7,-3,0,,0,0.0,0.0,-0.0,0
L20-M5,323,322,3,1,0,,0,0.0,0.0,0.0,0
L20-M5,324,323,1,3,0,,0,0.0,0.0,0.0,0
L20-M5,325,324,3,1,0,,0,0.0,0.0,0.0,0
L20-M5,326,325,5,-1,0,,0,0.0,0.0,-0.0,0
L20-M5,327,326,7,-3,0,,0,0.0,0.0,-0.0,0
L20-M5,328,327,5,-1,0,,0,0.0,0.0,-0.0,0
L20-M5,329,328,6,-2,0,,0,0.0,0.0,-0.0,0
L20-M5,330,329,1,3,0,,0,0.0,0.0,0.0,0
L20-M5,331,330,7,-3,0,,0,0.0,0.0,-0.0,0
L20-M5,332,331,6,-2,0,,0,0.0,0.0,-0.0,0
L20-M5,333,332,1,3,0,,0,0.0,0.0,0.0,0
L20-M5,334,333,5,-1,0,,0,0.0,0.0,-0.0,0
L20-M5,335,334,5,-1,0,,0,0.0,0.0,-0.0,0
L20-M5,336,335,4,0,0,,0,0.0,0.0,0.0,0
L20-M5,337,336,3,1,0,,0,0.0,0.0,0.0,0
L20-M5,338,337,2,2,0,,0,0.0,0.0,0.0,0
L20-M5,339,338,3,1,0,,0,0.0,0.0,0.0,0
L20-M5,340,339,7,-3,0,,0,0.0,0.0,-0.0,0
L20-M5,341,340,5,-1,0,,0,0.0,0.0,-0.0,0
L20-M5,342,341,6,-2,0,,0,0.0,0.0,-0.0,0
L20-M5,343,342,4,0,0,,0,0.0,0.0,0.0,0
L20-M5,344,343,3,1,0,,0,0.0,0.0,0.0,0
L20-M5,345,344,6,-2,0,,0,0.0,0.0,-0.0,0
L20-M5,346,345,1,3,0,,0,0.0,0.0,0.0,0
L20-M5,347,346,5,-1,0,,0,0.0,0.0,-0.0,0
L20-M5,348,347,3,1,0,,0,0.0,0.0,0.0,0
L20-M5,349,348,7,-3,0,,0,0.0,0.0,-0.0,0
L20-M5,350,349,7,-3,0,,0,0.0,0.0,-0.0,0
L20-M5,351,350,7,-3,0,,0,0.0,0.0,-0.0,0
L20-M5,352,351,5,-1,0,,0,0.0,0.0,-0.0,0
L20-M5,353,352,5,-1,0,,0,0.0,0.0,-0.0,0
L20-M5,354,353,5,-1,0,,0,0.0,0.0,-0.0,0
L20-M5,355,354,1,3,0,,0,0.0,0.0,0.0,0
L20-M5,356,355,6,-2,0,,0,0.0,0.0,-0.0,0
L20-M5,357,356,4,0,0,,0,0.0,0.0,0.0,0
L20-M5,358,357,1,3,0,,0,0.0,0.0,0.0,0
L20-M5,359,358,6,-2,0,,0,0.0,0.0,-0.0,0
L20-M5,360,359,5,-1,0,,0,0.0,0.0,-0.0,0
L20-M5,361,360,5,-1,0,,0,0.0,0.0,-0.0,0
L20-M5,362,361,6,-2,0,,0,0.0,0.0,-0.0,0
L20-M5,363,362,5,-1,0,,0,0.0,0.0,-0.0,0
L20-M5,364,363,1,3,0,,0,0.0,0.0,0.0,0
L20-M5,365,364,2,2,0,,0,0.0,0.0,0.0,0
L20-M5,366,365,7,-3,0,,0,0.0,0.0,-0.0,0
L20-M5,367,366,6,-2,0,,0,0.0,0.0,-0.0,0
L20-M5,368,367,2,2,0,,0,0.0,0.0,0.0,0
L20-M5,369,368,4,0,0,,0,0.0,0.0,0.0,0
L20-M5,370,369,3,1,0,,0,0.0,0.0,0.0,0
L20-M5,371,370,2,2,0,,0,0.0,0.0,0.0,0
L20-M5,372,371,4,0,0,,0,0.0,0.0,0.0,0
L20-M5,373,372,3,1,0,,0,0.0,0.0,0.0,0
L20-M5,374,373,1,3,0,,0,0.0,0.0,0.0,0
L20-M5,375,374,6,-2,0,,0,0.0,0.0,-0.0,0
L20-M5,376,375,2,2,0,,0,0.0,0.0,0.0,0
L20-M5,377,376,2,2,0,,0,0.0,0.0,0.0,0
L20-M5,378,377,3,1,0,,0,0.0,0.0,0.0,0
L20-M5,379,378,7,-3,0,,0,0.0,0.0,-0.0,0
L20-M5,380,379,3,1,0,,0,0.0,0.0,0.0,0
L20-M5,381,380,6,-2,0,,0,0.0,0.0,-0.0,0
L20-M5,382,381,4,0,0,,0,0.0,0.0,0.0,0
L20-M5,383,382,3,1,0,,0,0.0,0.0,0.0,0
L20-M5,384,383,3,1,0,,0,0.0,0.0,0.0,0
L20-M5,385,384,1,3,0,,0,0.0,0.0,0.0,0
L20-M5,386,385,2,2,0,,0,0.0,0.0,0.0,0
L20-M5,387,386,5,-1,0,,0,0.0,0.0,-0.0,0
L20-M5,388,387,2,2,0,,0,0.0,0.0,0.0,0
L20-M5,389,388,7,-3,0,,0,0.0,0.0,-0.0,0
L20-M5,390,389,1,3,0,,0,0.0,0.0,0.0,0
L20-M5,391,390,1,3,0,,0,0.0,0.0,0.0,0
L20-M5,392,391,6,-2,0,,0,0.0,0.0,-0.0,0
L20-M5,393,392,7,-3,0,,0,0.0,0.0,-0.0,0
L20-M5,394,393,3,1,0,,0,0.0,0.0,0.0,0
L20-M5,395,394,3,1,0,,0,0.0,0.0,0.0,0
L20-M5,396,395,1,3,0,,0,0.0,0.0,0.0,0
L20-M5,397,396,3,1,0,,0,0.0,0.0,0.0,0
L20-M5,398,397,1,3,0,,0,0.0,0.0,0.0,0
L20-M5,399,398,1,3,0,,0,0.0,0.0,0.0,0
L20-M5,400,399,6,-2,0,,0,0.0,0.0,-0.0,0
L20-M5,401,400,1,3,0,,0,0.0,0.0,0.0,0
L20-M5,402,401,2,2,0,,0,0.0,0.0,0.0,0
L20-M5,403,402,6,-2,0,,0,0.0,0.0,-0.0,0
L20-M5,404,403,5,-1,0,,0,0.0,0.0,-0.0,0
L20-M5,405,404,6,-2,0,,0,0.0,0.0,-0.0,0
L20-M5,406,405,3,1,0,,0,0.0,0.0,0.0,0
L20-M5,407,406,7,-3,0,,0,0.0,0.0,-0.0,0
L20-M5,408,407,1,3,0,,0,0.0,0.0,0.0,0
L20-M5,409,408,2,2,0,,0,0.0,0.0,0.0,0
L20-M5,410,409,6,-2,0,,0,0.0,0.0,-0.0,0
L20-M5,411,410,3,1,0,,0,0.0,0.0,0.0,0
L20-M5,412,411,1,3,0,,0,0.0,0.0,0.0,0
L20-M5,413,412,4,0,0,,0,0.0,0.0,0.0,0
L20-M5,414,413,2,2,0,,0,0.0,0.0,0.0,0
L20-M5,415,414,6,-2,0,,0,0.0,0.0,-0.0,0
L20-M5,416,415,4,0,0,,0,0.0,0.0,0.0,0
L20-M5,417,416,7,-3,0,,0,0.0,0.0,-0.0,0
L20-M5,418,417,7,-3,0,,0,0.0,0.0,-0.0,0
L20-M5,419,418,6,-2,0,,0,0.0,0.0,-0.0,0
L20-M5,420,419,2,2,0,,0,0.0,0.0,0.0,0
L20-M5,421,420,4,0,0,,0,0.0,0.0,0.0,0
L20-M5,422,421,6,-2,0,,0,0.0,0.0,-0.0,0
L20-M5,423,422,2,2,0,,0,0.0,0.0,0.0,0
L20-M5,424,423,2,2,0,,0,0.0,0.0,0.0,0
L20-M5,425,424,4,0,0,,0,0.0,0.0,0.0,0
L20-M5,426,425,1,3,0,,0,0.0,0.0,0.0,0
L20-M5,427,426,4,0,0,,0,0.0,0.0,0.0,0
L20-M5,428,427,4,0,0,,0,0.0,0.0,0.0,0
L20-M5,429,428,1,3,0,,0,0.0,0.0,0.0,0
L20-M5,430,429,2,2,0,,0,0.0,0.0,0.0,0
L20-M5,431,430,7,-3,0,,0,0.0,0.0,-0.0,0
L20-M5,432,431,1,3,0,,0,0.0,0.0,0.0,0
L20-M5,433,432,6,-2,0,,0,0.0,0.0,-0.0,0
L20-M5,434,433,3,1,0,,0,0.0,0.0,0.0,0
L20-M5,435,434,6,-2,0,,0,0.0,0.0,-0.0,0
L20-M5,436,435,6,-2,0,,0,0.0,0.0,-0.0,0
L20-M5,437,436,5,-1,0,,0,0.0,0.0,-0.0,0
L20-M5,438,437,3,1,0,,0,0.0,0.0,0.0,0
L20-M5,439,438,7,-3,0,,0,0.0,0.0,-0.0,0
L20-M5,440,439,3,1,0,,0,0.0,0.0,0.0,0
L20-M5,441,440,1,3,0,,0,0.0,0.0,0.0,0
L20-M5,442,441,2,2,0,,0,0.0,0.0,0.0,0
L20-M5,443,442,7,-3,0,,0,0.0,0.0,-0.0,0
L20-M5,444,443,4,0,0,,0,0.0,0.0,0.0,0
L20-M5,445,444,3,1,0,,0,0.0,0.0,0.0,0
L20-M5,446,445,5,-1,0,,0,0.0,0.0,-0.0,0
L20-M5,447,446,2,2,0,,0,0.0,0.0,0.0,0
L20-M5,448,447,7,-3,0,,0,0.0,0.0,-0.0,0
L20-M5,449,448,5,-1,0,,0,0.0,0.0,-0.0,0
L20-M5,450,449,6,-2,0,,0,0.0,0.0,-0.0,0
L20-M5,451,450,2,2,0,,0,0.0,0.0,0.0,0
L20-M5,452,451,5,-1,0,,0,0.0,0.0,-0.0,0
L20-M5,453,452,4,0,0,,0,0.0,0.0,0.0,0
L20-M5,454,453,3,1,0,,0,0.0,0.0,0.0,0
L20-M5,455,454,1,3,0,,0,0.0,0.0,0.0,0
L20-M5,456,455,4,0,0,,0,0.0,0.0,0.0,0
L20-M5,457,456,7,-3,0,,0,0.0,0.0,-0.0,0
L20-M5,458,457,6,-2,0,,0,0.0,0.0,-0.0,0
L20-M5,459,458,4,0,0,,0,0.0,0.0,0.0,0
L20-M5,460,459,4,0,0,,0,0.0,0.0,0.0,0
L20-M5,461,460,5,-1,0,,0,0.0,0.0,-0.0,0
L20-M5,462,461,7,-3,0,,0,0.0,0.0,-0.0,0
L20-M5,463,462,2,2,0,,0,0.0,0.0,0.0,0
L20-M5,464,463,6,-2,0,,0,0.0,0.0,-0.0,0
L20-M5,465,464,1,3,0,,0,0.0,0.0,0.0,0
L20-M5,466,465,6,-2,0,,0,0.0,0.0,-0.0,0
L20-M5,467,466,4,0,0,,0,0.0,0.0,0.0,0
L20-M5,468,467,6,-2,0,,0,0.0,0.0,-0.0,0
L20-M5,469,468,4,0,0,,0,0.0,0.0,0.0,0
L20-M5,470,469,4,0,0,,0,0.0,0.0,0.0,0
L20-M5,471,470,4,0,0,,0,0.0,0.0,0.0,0
L20-M5,472,471,7,-3,0,,0,0.0,0.0,-0.0,0
L20-M5,473,472,7,-3,0,,0,0.0,0.0,-0.0,0
L20-M5,474,473,6,-2,0,,0,0.0,0.0,-0.0,0
L20-M5,475,474,6,-2,0,,0,0.0,0.0,-0.0,0
L20-M5,476,475,2,2,0,,0,0.0,0.0,0.0,0
L20-M5,477,476,5,-1,0,,0,0.0,0.0,-0.0,0
L20-M5,478,477,6,-2,0,,0,0.0,0.0,-0.0,0
L20-M5,479,478,1,3,0,,0,0.0,0.0,0.0,0
L20-M5,480,479,3,1,0,,0,0.0,0.0,0.0,0
L20-M5,481,480,4,0,0,,0,0.0,0.0,0.0,0
L20-M5,482,481,3,1,0,,0,0.0,0.0,0.0,0
L20-M5,483,482,7,-3,0,,0,0.0,0.0,-0.0,0
L20-M5,484,483,1,3,0,,0,0.0,0.0,0.0,0
L20-M5,485,484,3,1,0,,0,0.0,0.0,0.0,0
L20-M5,486,485,2,2,0,,0,0.0,0.0,0.0,0
L20-M5,487,486,7,-3,0,,0,0.0,0.0,-0.0,0
L20-M5,488,487,3,1,0,,0,0.0,0.0,0.0,0
L20-M5,489,488,4,0,0,,0,0.0,0.0,0.0,0
L20-M5,490,489,4,0,0,,0,0.0,0.0,0.0,0
L20-M5,491,490,6,-2,0,,0,0.0,0.0,-0.0,0
L20-M5,492,491,1,3,0,,0,0.0,0.0,0.0,0
L20-M5,493,492,7,-3,0,,0,0.0,0.0,-0.0,0
L20-M5,494,493,3,1,0,,0,0.0,0.0,0.0,0
L20-M5,495,494,5,-1,0,,0,0.0,0.0,-0.0,0
L20-M5,496,495,2,2,0,,0,0.0,0.0,0.0,0
L20-M5,497,496,6,-2,0,,0,0.0,0.0,-0.0,0
L20-M5,498,497,1,3,0,,0,0.0,0.0,0.0,0
L20-M5,499,498,1,3,0,,0,0.0,0.0,0.0,0
L20-M5,500,499,7,-3,0,,0,0.0,0.0,-0.0,0
L20-M5,501,500,7,-3,0,,0,0.0,0.0,-0.0,0
L20-M5,502,501,2,2,0,,0,0.0,0.0,0.0,0
L20-M5,503,502,3,1,0,,0,0.0,0.0,0.0,0
L20-M5,504,503,7,-3,0,,0,0.0,0.0,-0.0,0
L20-M5,505,504,5,-1,0,,0,0.0,0.0,-0.0,0
L20-M5,506,505,7,-3,0,,0,0.0,0.0,-0.0,0
L20-M5,507,506,7,-3,0,,0,0.0,0.0,-0.0,0
L20-M5,508,507,1,3,0,,0,0.0,0.0,0.0,0
L20-M5,509,508,6,-2,0,,0,0.0,0.0,-0.0,0
L20-M5,510,509,2,2,0,,0,0.0,0.0,0.0,0
L20-M5,511,510,7,-3,0,,0,0.0,0.0,-0.0,0
L20-M5,512,511,5,-1,0,,0,0.0,0.0,-0.0,0
L20-M5,513,512,1,3,0,,0,0.0,0.0,0.0,0
L20-M5,514,513,3,1,0,,0,0.0,0.0,0.0,0
L20-M5,515,514,2,2,0,,0,0.0,0.0,0.0,0
L20-M5,516,515,2,2,0,,0,0.0,0.0,0.0,0
L20-M5,517,516,4,0,0,,0,0.0,0.0,0.0,0
L20-M5,518,517,3,1,0,,0,0.0,0.0,0.0,0
L20-M5,519,518,1,3,0,,0,0.0,0.0,0.0,0
L20-M5,520,519,1,3,0,,0,0.0,0.0,0.0,0
L20-M5,521,520,1,3,0,,0,0.0,0.0,0.0,0
L20-M5,522,521,4,0,0,,0,0.0,0.0,0.0,0
L20-M5,523,522,3,1,0,,0,0.0,0.0,0.0,0
L20-M5,524,523,3,1,0,,0,0.0,0.0,0.0,0
L20-M5,525,524,3,1,0,,0,0.0,0.0,0.0,0
L20-M5,526,525,2,2,0,,0,0.0,0.0,0.0,0
L20-M5,527,526,5,-1,0,,0,0.0,0.0,-0.0,0
L20-M5,528,527,6,-2,0,,0,0.0,0.0,-0.0,0
L20-M5,529,528,2,2,0,,0,0.0,0.0,0.0,0
L20-M5,530,529,6,-2,0,,0,0.0,0.0,-0.0,0
L20-M5,531,530,2,2,0,,0,0.0,0.0,0.0,0
L20-M5,532,531,7,-3,0,,0,0.0,0.0,-0.0,0
L20-M5,533,532,1,3,0,,0,0.0,0.0,0.0,0
L20-M5,534,533,5,-1,0,,0,0.0,0.0,-0.0,0
L20-M5,535,534,5,-1,0,,0,0.0,0.0,-0.0,0
L20-M5,536,535,6,-2,0,,0,0.0,0.0,-0.0,0
L20-M5,537,536,3,1,0,,0,0.0,0.0,0.0,0
L20-M5,538,537,1,3,0,,0,0.0,0.0,0.0,0
L20-M5,539,538,3,1,0,,0,0.0,0.0,0.0,0
L20-M5,540,539,4,0,0,,0,0.0,0.0,0.0,0
L20-M5,541,540,4,0,0,,0,0.0,0.0,0.0,0
L20-M5,542,541,7,-3,0,,0,0.0,0.0,-0.0,0
L20-M5,543,542,5,-1,0,,0,0.0,0.0,-0.0,0
L20-M5,544,543,1,3,0,,0,0.0,0.0,0.0,0
L20-M5,545,544,2,2,0,,0,0.0,0.0,0.0,0
L20-M5,546,545,1,3,0,,0,0.0,0.0,0.0,0
L20-M5,547,546,1,3,0,,0,0.0,0.0,0.0,0
L20-M5,548,547,5,-1,0,,0,0.0,0.0,-0.0,0
L20-M5,549,548,4,0,0,,0,0.0,0.0,0.0,0
L20-M5,550,549,1,3,0,,0,0.0,0.0,0.0,0
L20-M5,551,550,7,-3,0,,0,0.0,0.0,-0.0,0
L20-M5,552,551,5,-1,0,,0,0.0,0.0,-0.0,0
L20-M5,553,552,7,-3,0,,0,0.0,0.0,-0.0,0
L20-M5,554,553,6,-2,0,,0,0.0,0.0,-0.0,0
L20-M5,555,554,1,3,0,,0,0.0,0.0,0.0,0
L20-M5,556,555,2,2,0,,0,0.0,0.0,0.0,0
L20-M5,557,556,6,-2,0,,0,0.0,0.0,-0.0,0
L20-M5,558,557,5,-1,0,,0,0.0,0.0,-0.0,0
L20-M5,559,558,5,-1,0,,0,0.0,0.0,-0.0,0
L20-M5,560,559,3,1,0,,0,0.0,0.0,0.0,0
L20-M5,561,560,5,-1,0,,0,0.0,0.0,-0.0,0
L20-M5,562,561,4,0,0,,0,0.0,0.0,0.0,0
L20-M5,563,562,7,-3,0,,0,0.0,0.0,-0.0,0
L20-M5,564,563,5,-1,0,,0,0.0,0.0,-0.0,0
L20-M5,565,564,1,3,0,,0,0.0,0.0,0.0,0
L20-M5,566,565,5,-1,0,,0,0.0,0.0,-0.0,0
L20-M5,567,566,6,-2,0,,0,0.0,0.0,-0.0,0
L20-M5,568,567,5,-1,0,,0,0.0,0.0,-0.0,0
L20-M5,569,568,6,-2,0,,0,0.0,0.0,-0.0,0
L20-M5,570,569,1,3,0,,0,0.0,0.0,0.0,0
L20-M5,571,570,7,-3,0,,0,0.0,0.0,-0.0,0
L20-M5,572,571,5,-1,0,,0,0.0,0.0,-0.0,0
L20-M5,573,572,1,3,0,,0,0.0,0.0,0.0,0
L20-M5,574,573,3,1,0,,0,0.0,0.0,0.0,0
L20-M5,575,574,1,3,0,,0,0.0,0.0,0.0,0
L20-M5,576,575,2,2,0,,0,0.0,0.0,0.0,0
L20-M5,577,576,3,1,0,,0,0.0,0.0,0.0,0
L20-M5,578,577,5,-1,0,,0,0.0,0.0,-0.0,0
L20-M5,579,578,4,0,0,,0,0.0,0.0,0.0,0
L20-M5,580,579,6,-2,0,,0,0.0,0.0,-0.0,0
L20-M5,581,580,6,-2,0,,0,0.0,0.0,-0.0,0
L20-M5,582,581,5,-1,0,,0,0.0,0.0,-0.0,0
L20-M5,583,582,4,0,0,,0,0.0,0.0,0.0,0
L20-M5,584,583,3,1,0,,0,0.0,0.0,0.0,0
L20-M5,585,584,4,0,0,,0,0.0,0.0,0.0,0
L20-M5,586,585,1,3,0,,0,0.0,0.0,0.0,0
L20-M5,587,586,2,2,0,,0,0.0,0.0,0.0,0
L20-M5,588,587,2,2,0,,0,0.0,0.0,0.0,0
L20-M5,589,588,6,-2,0,,0,0.0,0.0,-0.0,0
L20-M5,590,589,3,1,0,,0,0.0,0.0,0.0,0
L20-M5,591,590,2,2,0,,0,0.0,0.0,0.0,0
L20-M5,592,591,1,3,0,,0,0.0,0.0,0.0,0
L20-M5,593,592,6,-2,0,,0,0.0,0.0,-0.0,0
L20-M5,594,593,5,-1,0,,0,0.0,0.0,-0.0,0
L20-M5,595,594,2,2,0,,0,0.0,0.0,0.0,0
L20-M5,596,595,1,3,0,,0,0.0,0.0,0.0,0
L20-M5,597,596,5,-1,0,,0,0.0,0.0,-0.0,0
L20-M5,598,597,6,-2,0,,0,0.0,0.0,-0.0,0
L20-M5,599,598,3,1,0,,0,0.0,0.0,0.0,0
L20-M5,600,599,4,0,0,,0,0.0,0.0,0.0,0
L20-M5,601,600,7,-3,0,,0,0.0,0.0,-0.0,0
L20-M5,602,601,7,-3,0,,0,0.0,0.0,-0.0,0
L20-M5,603,602,1,3,0,,0,0.0,0.0,0.0,0
L20-M5,604,603,6,-2,0,,0,0.0,0.0,-0.0,0
L20-M5,605,604,5,-1,0,,0,0.0,0.0,-0.0,0
L20-M5,606,605,7,-3,0,,0,0.0,0.0,-0.0,0
L20-M5,607,606,6,-2,0,,0,0.0,0.0,-0.0,0
L20-M5,608,607,2,2,0,,0,0.0,0.0,0.0,0
L20-M5,609,608,6,-2,0,,0,0.0,0.0,-0.0,0
L20-M5,610,609,3,1,0,,0,0.0,0.0,0.0,0
L20-M5,611,610,6,-2,0,,0,0.0,0.0,-0.0,0
L20-M5,612,611,2,2,0,,0,0.0,0.0,0.0,0
L20-M5,613,612,7,-3,0,,0,0.0,0.0,-0.0,0
L20-M5,614,613,5,-1,0,,0,0.0,0.0,-0.0,0
L20-M5,615,614,2,2,0,,0,0.0,0.0,0.0,0
L20-M5,616,615,7,-3,0,,0,0.0,0.0,-0.0,0
L20-M5,617,616,1,3,0,,0,0.0,0.0,0.0,0
L20-M5,618,617,7,-3,0,,0,0.0,0.0,-0.0,0
L20-M5,619,618,2,2,0,,0,0.0,0.0,0.0,0
L20-M5,620,619,4,0,0,,0,0.0,0.0,0.0,0
L20-M5,621,620,6,-2,0,,0,0.0,0.0,-0.0,0
L20-M5,622,621,4,0,0,,0,0.0,0.0,0.0,0
L20-M5,623,622,5,-1,0,,0,0.0,0.0,-0.0,0
L20-M5,624,623,3,1,0,,0,0.0,0.0,0.0,0
L20-M5,625,624,3,1,0,,0,0.0,0.0,0.0,0
L20-M5,626,625,4,0,0,,0,0.0,0.0,0.0,0
L20-M5,627,626,3,1,0,,0,0.0,0.0,0.0,0
L20-M5,628,627,3,1,0,,0,0.0,0.0,0.0,0
L20-M5,629,628,3,1,0,,0,0.0,0.0,0.0,0
L20-M5,630,629,1,3,0,,0,0.0,0.0,0.0,0
L20-M5,631,630,2,2,0,,0,0.0,0.0,0.0,0
L20-M5,632,631,4,0,0,,0,0.0,0.0,0.0,0
L20-M5,633,632,1,3,0,,0,0.0,0.0,0.0,0
L20-M5,634,633,3,1,0,,0,0.0,0.0,0.0,0
L20-M5,635,634,7,-3,0,,0,0.0,0.0,-0.0,0
L20-M5,636,635,6,-2,0,,0,0.0,0.0,-0.0,0
L20-M5,637,636,6,-2,0,,0,0.0,0.0,-0.0,0
L20-M5,638,637,4,0,0,,0,0.0,0.0,0.0,0
L20-M5,639,638,1,3,0,,0,0.0,0.0,0.0,0
L20-M5,640,639,7,-3,0,,0,0.0,0.0,-0.0,0
L20-M5,641,640,5,-1,0,,0,0.0,0.0,-0.0,0
L20-M5,642,641,2,2,0,,0,0.0,0.0,0.0,0
L20-M5,643,642,5,-1,0,,0,0.0,0.0,-0.0,0
L20-M5,644,643,1,3,0,,0,0.0,0.0,0.0,0
L20-M5,645,644,2,2,0,,0,0.0,0.0,0.0,0
L20-M5,646,645,5,-1,0,,0,0.0,0.0,-0.0,0
L20-M5,647,646,4,0,0,,0,0.0,0.0,0.0,0
L20-M5,648,647,6,-2,0,,0,0.0,0.0,-0.0,0
L20-M5,649,648,1,3,0,,0,0.0,0.0,0.0,0
L20-M5,650,649,2,2,0,,0,0.0,0.0,0.0,0
L20-M5,651,650,6,-2,0,,0,0.0,0.0,-0.0,0
L20-M5,652,651,4,0,0,,0,0.0,0.0,0.0,0
L20-M5,653,652,4,0,0,,0,0.0,0.0,0.0,0
L20-M5,654,653,1,3,0,,0,0.0,0.0,0.0,0
L20-M5,655,654,1,3,0,,0,0.0,0.0,0.0,0
L20-M5,656,655,2,2,0,,0,0.0,0.0,0.0,0
L20-M5,657,656,6,-2,0,,0,0.0,0.0,-0.0,0
L20-M5,658,657,4,0,0,,0,0.0,0.0,0.0,0
L20-M5,659,658,7,-3,0,,0,0.0,0.0,-0.0,0
L20-M5,660,659,7,-3,0,,0,0.0,0.0,-0.0,0
L20-M5,661,660,3,1,0,,0,0.0,0.0,0.0,0
L20-M5,662,661,7,-3,0,,0,0.0,0.0,-0.0,0
L20-M5,663,662,6,-2,0,,0,0.0,0.0,-0.0,0
L20-M5,664,663,5,-1,0,,0,0.0,0.0,-0.0,0
L20-M5,665,664,1,3,0,,0,0.0,0.0,0.0,0
L20-M5,666,665,4,0,0,,0,0.0,0.0,0.0,0
L20-M5,667,666,5,-1,0,,0,0.0,0.0,-0.0,0
L20-M5,668,667,1,3,0,,0,0.0,0.0,0.0,0
L20-M5,669,668,1,3,0,,0,0.0,0.0,0.0,0
L20-M5,670,669,3,1,0,,0,0.0,0.0,0.0,0
L20-M5,671,670,3,1,0,,0,0.0,0.0,0.0,0
L20-M5,672,671,5,-1,0,,0,0.0,0.0,-0.0,0
L20-M5,673,672,6,-2,0,,0,0.0,0.0,-0.0,0
L20-M5,674,673,1,3,0,,0,0.0,0.0,0.0,0
L20-M5,675,674,3,1,0,,0,0.0,0.0,0.0,0
L20-M5,676,675,2,2,0,,0,0.0,0.0,0.0,0
L20-M5,677,676,4,0,0,,0,0.0,0.0,0.0,0
L20-M5,678,677,6,-2,0,,0,0.0,0.0,-0.0,0
L20-M5,679,678,7,-3,0,,0,0.0,0.0,-0.0,0
L20-M5,680,679,7,-3,0,,0,0.0,0.0,-0.0,0
L20-M5,681,680,5,-1,0,,0,0.0,0.0,-0.0,0
L20-M5,682,681,1,3,0,,0,0.0,0.0,0.0,0
L20-M5,683,682,1,3,0,,0,0.0,0.0,0.0,0
L20-M5,684,683,3,1,0,,0,0.0,0.0,0.0,0
L20-M5,685,684,7,-3,0,,0,0.0,0.0,-0.0,0
L20-M5,686,685,4,0,0,,0,0.0,0.0,0.0,0
L20-M5,687,686,3,1,0,,0,0.0,0.0,0.0,0
L20-M5,688,687,7,-3,0,,0,0.0,0.0,-0.0,0
L20-M5,689,688,1,3,0,,0,0.0,0.0,0.0,0
L20-M5,690,689,5,-1,0,,0,0.0,0.0,-0.0,0
L20-M5,691,690,7,-3,0,,0,0.0,0.0,-0.0,0
L20-M5,692,691,2,2,0,,0,0.0,0.0,0.0,0
L20-M5,693,692,7,-3,0,,0,0.0,0.0,-0.0,0
L20-M5,694,693,5,-1,0,,0,0.0,0.0,-0.0,0
L20-M5,695,694,2,2,0,,0,0.0,0.0,0.0,0
L20-M5,696,695,2,2,0,,0,0.0,0.0,0.0,0
L20-M5,697,696,5,-1,0,,0,0.0,0.0,-0.0,0
L20-M5,698,697,5,-1,0,,0,0.0,0.0,-0.0,0
L20-M5,699,698,4,0,0,,0,0.0,0.0,0.0,0
L20-M5,700,699,1,3,0,,0,0.0,0.0,0.0,0
L20-M5,701,700,2,2,0,,0,0.0,0.0,0.0,0
L20-M5,702,701,5,-1,0,,0,0.0,0.0,-0.0,0
L20-M5,703,702,2,2,0,,0,0.0,0.0,0.0,0
L20-M5,704,703,2,2,0,,0,0.0,0.0,0.0,0
L20-M5,705,704,7,-3,0,,0,0.0,0.0,-0.0,0
L20-M5,706,705,5,-1,0,,0,0.0,0.0,-0.0,0
L20-M5,707,706,7,-3,0,,0,0.0,0.0,-0.0,0
L20-M5,708,707,5,-1,0,,0,0.0,0.0,-0.0,0
L20-M5,709,708,1,3,0,,0,0.0,0.0,0.0,0
L20-M5,710,709,4,0,0,,0,0.0,0.0,0.0,0
L20-M5,711,710,4,0,0,,0,0.0,0.0,0.0,0
L20-M5,712,711,6,-2,0,,0,0.0,0.0,-0.0,0
L20-M5,713,712,2,2,0,,0,0.0,0.0,0.0,0
L20-M5,714,713,7,-3,0,,0,0.0,0.0,-0.0,0
L20-M5,715,714,3,1,0,,0,0.0,0.0,0.0,0
L20-M5,716,715,3,1,0,,0,0.0,0.0,0.0,0
L20-M5,717,716,5,-1,0,,0,0.0,0.0,-0.0,0
L20-M5,718,717,7,-3,0,,0,0.0,0.0,-0.0,0
L20-M5,719,718,7,-3,0,,0,0.0,0.0,-0.0,0
L20-M5,720,719,6,-2,0,,0,0.0,0.0,-0.0,0
L20-M5,721,720,7,-3,0,,0,0.0,0.0,-0.0,0
L20-M5,722,721,3,1,0,,0,0.0,0.0,0.0,0
L20-M5,723,722,7,-3,0,,0,0.0,0.0,-0.0,0
L20-M5,724,723,2,2,0,,0,0.0,0.0,0.0,0
L20-M5,725,724,3,1,0,,0,0.0,0.0,0.0,0
L20-M5,726,725,5,-1,0,,0,0.0,0.0,-0.0,0
L20-M5,727,726,5,-1,0,,0,0.0,0.0,-0.0,0
L20-M5,728,727,5,-1,0,,0,0.0,0.0,-0.0,0
L20-M5,729,728,6,-2,0,,0,0.0,0.0,-0.0,0
L20-M5,730,729,2,2,0,,0,0.0,0.0,0.0,0
L20-M5,731,730,7,-3,0,,0,0.0,0.0,-0.0,0
L20-M5,732,731,5,-1,0,,0,0.0,0.0,-0.0,0
L20-M5,733,732,7,-3,0,,0,0.0,0.0,-0.0,0
L20-M5,734,733,2,2,0,,0,0.0,0.0,0.0,0
L20-M5,735,734,3,1,0,,0,0.0,0.0,0.0,0
L20-M5,736,735,1,3,0,,0,0.0,0.0,0.0,0
L20-M5,737,736,2,2,0,,0,0.0,0.0,0.0,0
L20-M5,738,737,1,3,0,,0,0.0,0.0,0.0,0
L20-M5,739,738,4,0,0,,0,0.0,0.0,0.0,0
L20-M5,740,739,4,0,0,,0,0.0,0.0,0.0,0
L20-M5,741,740,7,-3,0,,0,0.0,0.0,-0.0,0
L20-M5,742,741,2,2,0,,0,0.0,0.0,0.0,0
L20-M5,743,742,1,3,0,,0,0.0,0.0,0.0,0
L20-M5,744,743,1,3,0,,0,0.0,0.0,0.0,0
L20-M5,745,744,7,-3,0,,0,0.0,0.0,-0.0,0
L20-M5,746,745,5,-1,0,,0,0.0,0.0,-0.0,0
L20-M5,747,746,3,1,0,,0,0.0,0.0,0.0,0
L20-M5,748,747,5,-1,0,,0,0.0,0.0,-0.0,0
L20-M5,749,748,5,-1,0,,0,0.0,0.0,-0.0,0
L20-M5,750,749,6,-2,0,,0,0.0,0.0,-0.0,0
L20-M5,751,750,3,1,0,,0,0.0,0.0,0.0,0
L20-M5,752,751,4,0,0,,0,0.0,0.0,0.0,0
L20-M5,753,752,2,2,0,,0,0.0,0.0,0.0,0
L20-M5,754,753,2,2,0,,0,0.0,0.0,0.0,0
L20-M5,755,754,7,-3,0,,0,0.0,0.0,-0.0,0
L20-M5,756,755,7,-3,0,,0,0.0,0.0,-0.0,0
L20-M5,757,756,1,3,0,,0,0.0,0.0,0.0,0
L20-M5,758,757,1,3,0,,0,0.0,0.0,0.0,0
L20-M5,759,758,4,0,0,,0,0.0,0.0,0.0,0
L20-M5,760,759,2,2,0,,0,0.0,0.0,0.0,0
L20-M5,761,760,2,2,0,,0,0.0,0.0,0.0,0
L20-M5,762,761,5,-1,0,,0,0.0,0.0,-0.0,0
L20-M5,763,762,4,0,0,,0,0.0,0.0,0.0,0
L20-M5,764,763,3,1,0,,0,0.0,0.0,0.0,0
L20-M5,765,764,2,2,0,,0,0.0,0.0,0.0,0
L20-M5,766,765,5,-1,0,,0,0.0,0.0,-0.0,0
L20-M5,767,766,2,2,0,,0,0.0,0.0,0.0,0
L20-M5,768,767,4,0,0,,0,0.0,0.0,0.0,0
L20-M5,769,768,1,3,0,,0,0.0,0.0,0.0,0
L20-M5,770,769,1,3,0,,0,0.0,0.0,0.0,0
L20-M5,771,770,5,-1,0,,0,0.0,0.0,-0.0,0
L20-M5,772,771,7,-3,0,,0,0.0,0.0,-0.0,0
L20-M5,773,772,6,-2,0,,0,0.0,0.0,-0.0,0
L20-M5,774,773,7,-3,0,,0,0.0,0.0,-0.0,0
L20-M5,775,774,1,3,0,,0,0.0,0.0,0.0,0
L20-M5,776,775,3,1,0,,0,0.0,0.0,0.0,0
L20-M5,777,776,4,0,0,,0,0.0,0.0,0.0,0
L20-M5,778,777,4,0,0,,0,0.0,0.0,0.0,0
L20-M5,779,778,2,2,0,,0,0.0,0.0,0.0,0
L20-M5,780,779,1,3,0,,0,0.0,0.0,0.0,0
L20-M5,781,780,2,2,0,,0,0.0,0.0,0.0,0
L20-M5,782,781,7,-3,0,,0,0.0,0.0,-0.0,0
L20-M5,783,782,3,1,0,,0,0.0,0.0,0.0,0
L20-M5,784,783,5,-1,0,,0,0.0,0.0,-0.0,0
L20-M5,785,784,3,1,0,,0,0.0,0.0,0.0,0
L20-M5,786,785,7,-3,0,,0,0.0,0.0,-0.0,0
L20-M5,787,786,7,-3,0,,0,0.0,0.0,-0.0,0
L20-M5,788,787,3,1,0,,0,0.0,0.0,0.0,0
L20-M5,789,788,5,-1,0,,0,0.0,0.0,-0.0,0
L20-M5,790,789,6,-2,0,,0,0.0,0.0,-0.0,0
L20-M5,791,790,3,1,0,,0,0.0,0.0,0.0,0
L20-M5,792,791,5,-1,0,,0,0.0,0.0,-0.0,0
L20-M5,793,792,3,1,0,,0,0.0,0.0,0.0,0
L20-M5,794,793,4,0,0,,0,0.0,0.0,0.0,0
L20-M5,795,794,3,1,0,,0,0.0,0.0,0.0,0
L20-M5,796,795,6,-2,0,,0,0.0,0.0,-0.0,0
L20-M5,797,796,2,2,0,,0,0.0,0.0,0.0,0
L20-M5,798,797,5,-1,0,,0,0.0,0.0,-0.0,0
L20-M5,799,798,7,-3,0,,0,0.0,0.0,-0.0,0
L20-M5,800,799,4,0,0,,0,0.0,0.0,0.0,0
L20-M5,801,800,5,-1,0,,0,0.0,0.0,-0.0,0
L20-M5,802,801,1,3,0,,0,0.0,0.0,0.0,0
L20-M5,803,802,6,-2,0,,0,0.0,0.0,-0.0,0
L20-M5,804,803,1,3,0,,0,0.0,0.0,0.0,0
L20-M5,805,804,2,2,0,,0,0.0,0.0,0.0,0
L20-M5,806,805,7,-3,0,,0,0.0,0.0,-0.0,0
L20-M5,807,806,4,0,0,,0,0.0,0.0,0.0,0
L20-M5,808,807,5,-1,0,,0,0.0,0.0,-0.0,0
L20-M5,809,808,3,1,0,,0,0.0,0.0,0.0,0
L20-M5,810,809,6,-2,0,,0,0.0,0.0,-0.0,0
L20-M5,811,810,3,1,0,,0,0.0,0.0,0.0,0
L20-M5,812,811,5,-1,0,,0,0.0,0.0,-0.0,0
L20-M5,813,812,3,1,0,,0,0.0,0.0,0.0,0
L20-M5,814,813,2,2,0,,0,0.0,0.0,0.0,0
L20-M5,815,814,4,0,0,,0,0.0,0.0,0.0,0
L20-M5,816,815,1,3,0,,0,0.0,0.0,0.0,0
L20-M5,817,816,1,3,0,,0,0.0,0.0,0.0,0
L20-M5,818,817,6,-2,0,,0,0.0,0.0,-0.0,0
L20-M5,819,818,1,3,0,,0,0.0,0.0,0.0,0
L20-M5,820,819,1,3,0,,0,0.0,0.0,0.0,0
L20-M5,821,820,1,3,0,,0,0.0,0.0,0.0,0
L20-M5,822,821,4,0,0,,0,0.0,0.0,0.0,0
L20-M5,823,822,2,2,0,,0,0.0,0.0,0.0,0
L20-M5,824,823,2,2,0,,0,0.0,0.0,0.0,0
L20-M5,825,824,4,0,0,,0,0.0,0.0,0.0,0
L20-M5,826,825,7,-3,0,,0,0.0,0.0,-0.0,0
L20-M5,827,826,7,-3,0,,0,0.0,0.0,-0.0,0
L20-M5,828,827,4,0,0,,0,0.0,0.0,0.0,0
L20-M5,829,828,4,0,0,,0,0.0,0.0,0.0,0
L20-M5,830,829,3,1,0,,0,0.0,0.0,0.0,0
L20-M5,831,830,4,0,0,,0,0.0,0.0,0.0,0
L20-M5,832,831,2,2,0,,0,0.0,0.0,0.0,0
L20-M5,833,832,5,-1,0,,0,0.0,0.0,-0.0,0
L20-M5,834,833,3,1,0,,0,0.0,0.0,0.0,0
L20-M5,835,834,1,3,0,,0,0.0,0.0,0.0,0
L20-M5,836,835,5,-1,0,,0,0.0,0.0,-0.0,0
L20-M5,837,836,5,-1,0,,0,0.0,0.0,-0.0,0
L20-M5,838,837,2,2,0,,0,0.0,0.0,0.0,0
L20-M5,839,838,4,0,0,,0,0.0,0.0,0.0,0
L20-M5,840,839,7,-3,0,,0,0.0,0.0,-0.0,0
L20-M5,841,840,4,0,0,,0,0.0,0.0,0.0,0
L20-M5,842,841,4,0,0,,0,0.0,0.0,0.0,0
L20-M5,843,842,5,-1,0,,0,0.0,0.0,-0.0,0
L20-M5,844,843,1,3,0,,0,0.0,0.0,0.0,0
L20-M5,845,844,5,-1,0,,0,0.0,0.0,-0.0,0
L20-M5,846,845,2,2,0,,0,0.0,0.0,0.0,0
L20-M5,847,846,2,2,0,,0,0.0,0.0,0.0,0
L20-M5,848,847,3,1,0,,0,0.0,0.0,0.0,0
L20-M5,849,848,5,-1,0,,0,0.0,0.0,-0.0,0
L20-M5,850,849,1,3,0,,0,0.0,0.0,0.0,0
L20-M5,851,850,1,3,0,,0,0.0,0.0,0.0,0
L20-M5,852,851,6,-2,0,,0,0.0,0.0,-0.0,0
L20-M5,853,852,1,3,0,,0,0.0,0.0,0.0,0
L20-M5,854,853,3,1,0,,0,0.0,0.0,0.0,0
L20-M5,855,854,1,3,0,,0,0.0,0.0,0.0,0
L20-M5,856,855,1,3,0,,0,0.0,0.0,0.0,0
L20-M5,857,856,2,2,0,,0,0.0,0.0,0.0,0
L20-M5,858,857,7,-3,0,,0,0.0,0.0,-0.0,0
L20-M5,859,858,3,1,0,,0,0.0,0.0,0.0,0
L20-M5,860,859,3,1,0,,0,0.0,0.0,0.0,0
L20-M5,861,860,7,-3,0,,0,0.0,0.0,-0.0,0
L20-M5,862,861,6,-2,0,,0,0.0,0.0,-0.0,0
L20-M5,863,862,2,2,0,,0,0.0,0.0,0.0,0
L20-M5,864,863,1,3,0,,0,0.0,0.0,0.0,0
L20-M5,865,864,6,-2,0,,0,0.0,0.0,-0.0,0
L20-M5,866,865,1,3,0,,0,0.0,0.0,0.0,0
L20-M5,867,866,2,2,0,,0,0.0,0.0,0.0,0
L20-M5,868,867,7,-3,0,,0,0.0,0.0,-0.0,0
L20-M5,869,868,3,1,0,,0,0.0,0.0,0.0,0
L20-M5,870,869,2,2,0,,0,0.0,0.0,0.0,0
L20-M5,871,870,4,0,0,,0,0.0,0.0,0.0,0
L20-M5,872,871,7,-3,0,,0,0.0,0.0,-0.0,0
L20-M5,873,872,3,1,0,,0,0.0,0.0,0.0,0
L20-M5,874,873,6,-2,0,,0,0.0,0.0,-0.0,0
L20-M5,875,874,6,-2,0,,0,0.0,0.0,-0.0,0
L20-M5,876,875,5,-1,0,,0,0.0,0.0,-0.0,0
L20-M5,877,876,4,0,0,,0,0.0,0.0,0.0,0
L20-M5,878,877,2,2,0,,0,0.0,0.0,0.0,0
L20-M5,879,878,2,2,0,,0,0.0,0.0,0.0,0
L20-M5,880,879,6,-2,0,,0,0.0,0.0,-0.0,0
L20-M5,881,880,6,-2,0,,0,0.0,0.0,-0.0,0
L20-M5,882,881,2,2,0,,0,0.0,0.0,0.0,0
L20-M5,883,882,2,2,0,,0,0.0,0.0,0.0,0
L20-M5,884,883,3,1,0,,0,0.0,0.0,0.0,0
L20-M5,885,884,3,1,0,,0,0.0,0.0,0.0,0
L20-M5,886,885,5,-1,0,,0,0.0,0.0,-0.0,0
L20-M5,887,886,1,3,0,,0,0.0,0.0,0.0,0
L20-M5,888,887,2,2,0,,0,0.0,0.0,0.0,0
L20-M5,889,888,5,-1,0,,0,0.0,0.0,-0.0,0
L20-M5,890,889,3,1,0,,0,0.0,0.0,0.0,0
L20-M5,891,890,3,1,0,,0,0.0,0.0,0.0,0
L20-M5,892,891,3,1,0,,0,0.0,0.0,0.0,0
L20-M5,893,892,6,-2,0,,0,0.0,0.0,-0.0,0
L20-M5,894,893,2,2,0,,0,0.0,0.0,0.0,0
L20-M5,895,894,7,-3,0,,0,0.0,0.0,-0.0,0
L20-M5,896,895,2,2,0,,0,0.0,0.0,0.0,0
L20-M5,897,896,3,1,0,,0,0.0,0.0,0.0,0
L20-M5,898,897,6,-2,0,,0,0.0,0.0,-0.0,0
L20-M5,899,898,1,3,0,,0,0.0,0.0,0.0,0
L20-M5,900,899,6,-2,0,,0,0.0,0.0,-0.0,0
L20-M5,901,900,3,1,0,,0,0.0,0.0,0.0,0
L20-M5,902,901,4,0,0,,0,0.0,0.0,0.0,0
L20-M5,903,902,5,-1,0,,0,0.0,0.0,-0.0,0
L20-M5,904,903,7,-3,0,,0,0.0,0.0,-0.0,0
L20-M5,905,904,4,0,0,,0,0.0,0.0,0.0,0
L20-M5,906,905,4,0,0,,0,0.0,0.0,0.0,0
L20-M5,907,906,4,0,0,,0,0.0,0.0,0.0,0
L20-M5,908,907,4,0,0,,0,0.0,0.0,0.0,0
L20-M5,909,908,6,-2,0,,0,0.0,0.0,-0.0,0
L20-M5,910,909,5,-1,0,,0,0.0,0.0,-0.0,0
L20-M5,911,910,5,-1,0,,0,0.0,0.0,-0.0,0
L20-M5,912,911,6,-2,0,,0,0.0,0.0,-0.0,0
L20-M5,913,912,3,1,0,,0,0.0,0.0,0.0,0
L20-M5,914,913,7,-3,0,,0,0.0,0.0,-0.0,0
L20-M5,915,914,4,0,0,,0,0.0,0.0,0.0,0
L20-M5,916,915,5,-1,0,,0,0.0,0.0,-0.0,0
L20-M5,917,916,2,2,0,,0,0.0,0.0,0.0,0
L20-M5,918,917,6,-2,0,,0,0.0,0.0,-0.0,0
L20-M5,919,918,1,3,0,,0,0.0,0.0,0.0,0
L20-M5,920,919,5,-1,0,,0,0.0,0.0,-0.0,0
L20-M5,921,920,4,0,0,,0,0.0,0.0,0.0,0
L20-M5,922,921,1,3,0,,0,0.0,0.0,0.0,0
L20-M5,923,922,6,-2,0,,0,0.0,0.0,-0.0,0
L20-M5,924,923,5,-1,0,,0,0.0,0.0,-0.0,0
L20-M5,925,924,3,1,0,,0,0.0,0.0,0.0,0
L20-M5,926,925,1,3,0,,0,0.0,0.0,0.0,0
L20-M5,927,926,1,3,0,,0,0.0,0.0,0.0,0
L20-M5,928,927,4,0,0,,0,0.0,0.0,0.0,0
L20-M5,929,928,6,-2,0,,0,0.0,0.0,-0.0,0
L20-M5,930,929,1,3,0,,0,0.0,0.0,0.0,0
L20-M5,931,930,4,0,0,,0,0.0,0.0,0.0,0
L20-M5,932,931,5,-1,0,,0,0.0,0.0,-0.0,0
L20-M5,933,932,2,2,0,,0,0.0,0.0,0.0,0
L20-M5,934,933,6,-2,0,,0,0.0,0.0,-0.0,0
L20-M5,935,934,3,1,0,,0,0.0,0.0,0.0,0
L20-M5,936,935,3,1,0,,0,0.0,0.0,0.0,0
L20-M5,937,936,7,-3,0,,0,0.0,0.0,-0.0,0
L20-M5,938,937,5,-1,0,,0,0.0,0.0,-0.0,0
L20-M5,939,938,3,1,0,,0,0.0,0.0,0.0,0
L20-M5,940,939,2,2,0,,0,0.0,0.0,0.0,0
L20-M5,941,940,2,2,0,,0,0.0,0.0,0.0,0
L20-M5,942,941,5,-1,0,,0,0.0,0.0,-0.0,0
L20-M5,943,942,5,-1,0,,0,0.0,0.0,-0.0,0
L20-M5,944,943,5,-1,0,,0,0.0,0.0,-0.0,0
L20-M5,945,944,7,-3,0,,0,0.0,0.0,-0.0,0
L20-M5,946,945,4,0,0,,0,0.0,0.0,0.0,0
L20-M5,947,946,4,0,0,,0,0.0,0.0,0.0,0
L20-M5,948,947,5,-1,0,,0,0.0,0.0,-0.0,0
L20-M5,949,948,1,3,0,,0,0.0,0.0,0.0,0
L20-M5,950,949,3,1,0,,0,0.0,0.0,0.0,0
L20-M5,951,950,3,1,0,,0,0.0,0.0,0.0,0
L20-M5,952,951,5,-1,0,,0,0.0,0.0,-0.0,0
L20-M5,953,952,6,-2,0,,0,0.0,0.0,-0.0,0
L20-M5,954,953,5,-1,0,,0,0.0,0.0,-0.0,0
L20-M5,955,954,6,-2,0,,0,0.0,0.0,-0.0,0
L20-M5,956,955,2,2,0,,0,0.0,0.0,0.0,0
L20-M5,957,956,6,-2,0,,0,0.0,0.0,-0.0,0
L20-M5,958,957,1,3,0,,0,0.0,0.0,0.0,0
L20-M5,959,958,1,3,0,,0,0.0,0.0,0.0,0
L20-M5,960,959,5,-1,0,,0,0.0,0.0,-0.0,0
L20-M5,961,960,2,2,0,,0,0.0,0.0,0.0,0
L20-M5,962,961,7,-3,0,,0,0.0,0.0,-0.0,0
L20-M5,963,962,6,-2,0,,0,0.0,0.0,-0.0,0
L20-M5,964,963,6,-2,0,,0,0.0,0.0,-0.0,0
L20-M5,965,964,3,1,0,,0,0.0,0.0,0.0,0
L20-M5,966,965,6,-2,0,,0,0.0,0.0,-0.0,0
L20-M5,967,966,6,-2,0,,0,0.0,0.0,-0.0,0
L20-M5,968,967,3,1,0,,0,0.0,0.0,0.0,0
L20-M5,969,968,6,-2,0,,0,0.0,0.0,-0.0,0
L20-M5,970,969,2,2,0,,0,0.0,0.0,0.0,0
L20-M5,971,970,1,3,0,,0,0.0,0.0,0.0,0
L20-M5,972,971,3,1,0,,0,0.0,0.0,0.0,0
L20-M5,973,972,5,-1,0,,0,0.0,0.0,-0.0,0
L20-M5,974,973,2,2,0,,0,0.0,0.0,0.0,0
L20-M5,975,974,5,-1,0,,0,0.0,0.0,-0.0,0
L20-M5,976,975,1,3,0,,0,0.0,0.0,0.0,0
L20-M5,977,976,1,3,0,,0,0.0,0.0,0.0,0
L20-M5,978,977,5,-1,0,,0,0.0,0.0,-0.0,0
L20-M5,979,978,3,1,0,,0,0.0,0.0,0.0,0
L20-M5,980,979,5,-1,0,,0,0.0,0.0,-0.0,0
L20-M5,981,980,3,1,0,,0,0.0,0.0,0.0,0
L20-M5,982,981,2,2,0,,0,0.0,0.0,0.0,0
L20-M5,983,982,6,-2,0,,0,0.0,0.0,-0.0,0
L20-M5,984,983,2,2,0,,0,0.0,0.0,0.0,0
L20-M5,985,984,3,1,0,,0,0.0,0.0,0.0,0
L20-M5,986,985,2,2,0,,0,0.0,0.0,0.0,0
L20-M5,987,986,5,-1,0,,0,0.0,0.0,-0.0,0
L20-M5,988,987,3,1,0,,0,0.0,0.0,0.0,0
L20-M5,989,988,4,0,0,,0,0.0,0.0,0.0,0
L20-M5,990,989,4,0,0,,0,0.0,0.0,0.0,0
L20-M5,991,990,5,-1,0,,0,0.0,0.0,-0.0,0
L20-M5,992,991,6,-2,0,,0,0.0,0.0,-0.0,0
L20-M5,993,992,3,1,0,,0,0.0,0.0,0.0,0
L20-M5,994,993,7,-3,0,,0,0.0,0.0,-0.0,0
L20-M5,995,994,6,-2,0,,0,0.0,0.0,-0.0,0
L20-M5,996,995,3,1,0,,0,0.0,0.0,0.0,0
L20-M5,997,996,5,-1,0,,0,0.0,0.0,-0.0,0
L20-M5,998,997,5,-1,0,,0,0.0,0.0,-0.0,0
L20-M5,999,998,5,-1,0,,0,0.0,0.0,-0.0,0
L20-M5,1000,999,7,-3,0,,0,0.0,0.0,-0.0,0
L20-M5,1001,1000,6,-2,0,,0,0.0,0.0,-0.0,0
L20-M5,1002,1001,5,-1,0,,0,0.0,0.0,-0.0,0
L20-M5,1003,1002,1,3,0,,0,0.0,0.0,0.0,0
L20-M5,1004,1003,4,0,0,,0,0.0,0.0,0.0,0
L20-M5,1005,1004,3,1,0,,0,0.0,0.0,0.0,0
L20-M5,1006,1005,3,1,0,,0,0.0,0.0,0.0,0
L20-M5,1007,1006,6,-2,0,,0,0.0,0.0,-0.0,0
L20-M5,1008,1007,7,-3,0,,0,0.0,0.0,-0.0,0
L20-M5,1009,1008,5,-1,0,,0,0.0,0.0,-0.0,0
L20-M5,1010,1009,2,2,0,,0,0.0,0.0,0.0,0
L20-M5,1011,1010,1,3,0,,0,0.0,0.0,0.0,0
L20-M5,1012,1011,7,-3,0,,0,0.0,0.0,-0.0,0
L20-M5,1013,1012,1,3,0,,0,0.0,0.0,0.0,0
L20-M5,1014,1013,4,0,0,,0,0.0,0.0,0.0,0
L20-M5,1015,1014,5,-1,0,,0,0.0,0.0,-0.0,0
L20-M5,1016,1015,7,-3,0,,0,0.0,0.0,-0.0,0
L20-M5,1017,1016,7,-3,0,,0,0.0,0.0,-0.0,0
L20-M5,1018,1017,6,-2,0,,0,0.0,0.0,-0.0,0
L20-M5,1019,1018,5,-1,0,,0,0.0,0.0,-0.0,0
L20-M5,1020,1019,3,1,0,,0,0.0,0.0,0.0,0
L20-M5,1021,1020,1,3,0,,0,0.0,0.0,0.0,0
L20-M5,1022,1021,3,1,0,,0,0.0,0.0,0.0,0
L20-M5,1023,1022,4,0,0,,0,0.0,0.0,0.0,0
L20-M5,1024,1023,5,-1,0,,0,0.0,0.0,-0.0,0
L20-M5,1025,1024,2,2,0,,0,0.0,0.0,0.0,0
L20-M5,1026,1025,1,3,0,,0,0.0,0.0,0.0,0
L20-M5,1027,1026,6,-2,0,,0,0.0,0.0,-0.0,0
L20-M5,1028,1027,1,3,0,,0,0.0,0.0,0.0,0
L20-M5,1029,1028,6,-2,0,,0,0.0,0.0,-0.0,0
L20-M5,1030,1029,2,2,0,,0,0.0,0.0,0.0,0
L20-M5,1031,1030,3,1,0,,0,0.0,0.0,0.0,0
L20-M5,1032,1031,3,1,0,,0,0.0,0.0,0.0,0
L20-M5,1033,1032,5,-1,0,,0,0.0,0.0,-0.0,0
L20-M5,1034,1033,2,2,0,,0,0.0,0.0,0.0,0
L20-M5,1035,1034,1,3,0,,0,0.0,0.0,0.0,0
L20-M5,1036,1035,1,3,0,,0,0.0,0.0,0.0,0
L20-M5,1037,1036,6,-2,0,,0,0.0,0.0,-0.0,0
L20-M5,1038,1037,6,-2,0,,0,0.0,0.0,-0.0,0
L20-M5,1039,1038,1,3,0,,0,0.0,0.0,0.0,0
L20-M5,1040,1039,5,-1,0,,0,0.0,0.0,-0.0,0
L20-M5,1041,1040,2,2,0,,0,0.0,0.0,0.0,0
L20-M5,1042,1041,7,-3,0,,0,0.0,0.0,-0.0,0
L20-M5,1043,1042,1,3,0,,0,0.0,0.0,0.0,0
L20-M5,1044,1043,4,0,0,,0,0.0,0.0,0.0,0
L20-M5,1045,1044,1,3,0,,0,0.0,0.0,0.0,0
L20-M5,1046,1045,6,-2,0,,0,0.0,0.0,-0.0,0
L20-M5,1047,1046,4,0,0,,0,0.0,0.0,0.0,0
L20-M5,1048,1047,3,1,0,,0,0.0,0.0,0.0,0
L20-M5,1049,1048,5,-1,0,,0,0.0,0.0,-0.0,0
L20-M5,1050,1049,4,0,0,,0,0.0,0.0,0.0,0
L20-M5,1051,1050,3,1,0,,0,0.0,0.0,0.0,0
L20-M5,1052,1051,7,-3,0,,0,0.0,0.0,-0.0,0
L20-M5,1053,1052,1,3,0,,0,0.0,0.0,0.0,0
L20-M5,1054,1053,1,3,0,,0,0.0,0.0,0.0,0
L20-M5,1055,1054,6,-2,0,,0,0.0,0.0,-0.0,0
L20-M5,1056,1055,6,-2,0,,0,0.0,0.0,-0.0,0
L20-M5,1057,1056,4,0,0,,0,0.0,0.0,0.0,0
L20-M5,1058,1057,2,2,0,,0,0.0,0.0,0.0,0
L20-M5,1059,1058,7,-3,0,,0,0.0,0.0,-0.0,0
L20-M5,1060,1059,5,-1,0,,0,0.0,0.0,-0.0,0
L20-M5,1061,1060,5,-1,0,,0,0.0,0.0,-0.0,0
L20-M5,1062,1061,2,2,0,,0,0.0,0.0,0.0,0
L20-M5,1063,1062,1,3,0,,0,0.0,0.0,0.0,0
L20-M5,1064,1063,6,-2,0,,0,0.0,0.0,-0.0,0
L20-M5,1065,1064,4,0,0,,0,0.0,0.0,0.0,0
L20-M5,1066,1065,5,-1,0,,0,0.0,0.0,-0.0,0
L20-M5,1067,1066,7,-3,0,,0,0.0,0.0,-0.0,0
L20-M5,1068,1067,3,1,0,,0,0.0,0.0,0.0,0
L20-M5,1069,1068,1,3,0,,0,0.0,0.0,0.0,0
L20-M5,1070,1069,7,-3,0,,0,0.0,0.0,-0.0,0
L20-M5,1071,1070,6,-2,0,,0,0.0,0.0,-0.0,0
L20-M5,1072,1071,7,-3,0,,0,0.0,0.0,-0.0,0
L20-M5,1073,1072,5,-1,0,,0,0.0,0.0,-0.0,0
L20-M5,1074,1073,2,2,0,,0,0.0,0.0,0.0,0
L20-M5,1075,1074,3,1,0,,0,0.0,0.0,0.0,0
L20-M5,1076,1075,2,2,0,,0,0.0,0.0,0.0,0
L20-M5,1077,1076,4,0,0,,0,0.0,0.0,0.0,0
L20-M5,1078,1077,5,-1,0,,0,0.0,0.0,-0.0,0
L20-M5,1079,1078,7,-3,0,,0,0.0,0.0,-0.0,0
L20-M5,1080,1079,2,2,0,,0,0.0,0.0,0.0,0
L20-M5,1081,1080,6,-2,0,,0,0.0,0.0,-0.0,0
L20-M5,1082,1081,4,0,0,,0,0.0,0.0,0.0,0
L20-M5,1083,1082,4,0,0,,0,0.0,0.0,0.0,0
L20-M5,1084,1083,5,-1,0,,0,0.0,0.0,-0.0,0
L20-M5,1085,1084,1,3,0,,0,0.0,0.0,0.0,0
L20-M5,1086,1085,5,-1,0,,0,0.0,0.0,-0.0,0
L20-M5,1087,1086,7,-3,0,,0,0.0,0.0,-0.0,0
L20-M5,1088,1087,3,1,0,,0,0.0,0.0,0.0,0
L20-M5,1089,1088,5,-1,0,,0,0.0,0.0,-0.0,0
L20-M5,1090,1089,5,-1,0,,0,0.0,0.0,-0.0,0
L20-M5,1091,1090,1,3,0,,0,0.0,0.0,0.0,0
L20-M5,1092,1091,7,-3,0,,0,0.0,0.0,-0.0,0
L20-M5,1093,1092,6,-2,0,,0,0.0,0.0,-0.0,0
L20-M5,1094,1093,7,-3,0,,0,0.0,0.0,-0.0,0
L20-M5,1095,1094,7,-3,0,,0,0.0,0.0,-0.0,0
L20-M5,1096,1095,2,2,0,,0,0.0,0.0,0.0,0
L20-M5,1097,1096,6,-2,0,,0,0.0,0.0,-0.0,0
L20-M5,1098,1097,1,3,0,,0,0.0,0.0,0.0,0
L20-M5,1099,1098,2,2,0,,0,0.0,0.0,0.0,0
L20-M5,1100,1099,2,2,0,,0,0.0,0.0,0.0,0
L20-M5,1101,1100,1,3,0,,0,0.0,0.0,0.0,0
L20-M5,1102,1101,6,-2,0,,0,0.0,0.0,-0.0,0
L20-M5,1103,1102,3,1,0,,0,0.0,0.0,0.0,0
L20-M5,1104,1103,1,3,0,,0,0.0,0.0,0.0,0
L20-M5,1105,1104,2,2,0,,0,0.0,0.0,0.0,0
L20-M5,1106,1105,2,2,0,,0,0.0,0.0,0.0,0
L20-M5,1107,1106,5,-1,0,,0,0.0,0.0,-0.0,0
L20-M5,1108,1107,3,1,0,,0,0.0,0.0,0.0,0
L20-M5,1109,1108,4,0,0,,0,0.0,0.0,0.0,0
L20-M5,1110,1109,1,3,0,,0,0.0,0.0,0.0,0
L20-M5,1111,1110,6,-2,0,,0,0.0,0.0,-0.0,0
L20-M5,1112,1111,2,2,0,,0,0.0,0.0,0.0,0
L20-M5,1113,1112,3,1,0,,0,0.0,0.0,0.0,0
L20-M5,1114,1113,1,3,0,,0,0.0,0.0,0.0,0
L20-M5,1115,1114,1,3,0,,0,0.0,0.0,0.0,0
L20-M5,1116,1115,2,2,0,,0,0.0,0.0,0.0,0
L20-M5,1117,1116,7,-3,0,,0,0.0,0.0,-0.0,0
L20-M5,1118,1117,3,1,0,,0,0.0,0.0,0.0,0
L20-M5,1119,1118,1,3,0,,0,0.0,0.0,0.0,0
L20-M5,1120,1119,2,2,0,,0,0.0,0.0,0.0,0
L20-M5,1121,1120,5,-1,0,,0,0.0,0.0,-0.0,0
L20-M5,1122,1121,2,2,0,,0,0.0,0.0,0.0,0
L20-M5,1123,1122,4,0,0,,0,0.0,0.0,0.0,0
L20-M5,1124,1123,5,-1,0,,0,0.0,0.0,-0.0,0
L20-M5,1125,1124,4,0,0,,0,0.0,0.0,0.0,0
L20-M5,1126,1125,4,0,0,,0,0.0,0.0,0.0,0
L20-M5,1127,1126,3,1,0,,0,0.0,0.0,0.0,0
L20-M5,1128,1127,6,-2,0,,0,0.0,0.0,-0.0,0
L20-M5,1129,1128,7,-3,0,,0,0.0,0.0,-0.0,0
L20-M5,1130,1129,5,-1,0,,0,0.0,0.0,-0.0,0
L20-M5,1131,1130,7,-3,0,,0,0.0,0.0,-0.0,0
L20-M5,1132,1131,6,-2,0,,0,0.0,0.0,-0.0,0
L20-M5,1133,1132,1,3,0,,0,0.0,0.0,0.0,0
L20-M5,1134,1133,4,0,0,,0,0.0,0.0,0.0,0
L20-M5,1135,1134,6,-2,0,,0,0.0,0.0,-0.0,0
L20-M5,1136,1135,2,2,0,,0,0.0,0.0,0.0,0
L20-M5,1137,1136,1,3,0,,0,0.0,0.0,0.0,0
L20-M5,1138,1137,5,-1,0,,0,0.0,0.0,-0.0,0
L20-M5,1139,1138,7,-3,0,,0,0.0,0.0,-0.0,0
L20-M5,1140,1139,4,0,0,,0,0.0,0.0,0.0,0
L20-M5,1141,1140,3,1,0,,0,0.0,0.0,0.0,0
L20-M5,1142,1141,4,0,0,,0,0.0,0.0,0.0,0
L20-M5,1143,1142,3,1,0,,0,0.0,0.0,0.0,0
L20-M5,1144,1143,1,3,0,,0,0.0,0.0,0.0,0
L20-M5,1145,1144,3,1,0,,0,0.0,0.0,0.0,0
L20-M5,1146,1145,4,0,0,,0,0.0,0.0,0.0,0
L20-M5,1147,1146,5,-1,0,,0,0.0,0.0,-0.0,0
L20-M5,1148,1147,6,-2,0,,0,0.0,0.0,-0.0,0
L20-M5,1149,1148,7,-3,0,,0,0.0,0.0,-0.0,0
L20-M5,1150,1149,7,-3,0,,0,0.0,0.0,-0.0,0
L20-M5,1151,1150,4,0,0,,0,0.0,0.0,0.0,0
L20-M5,1152,1151,3,1,0,,0,0.0,0.0,0.0,0
L20-M5,1153,1152,1,3,0,,0,0.0,0.0,0.0,0
L20-M5,1154,1153,2,2,0,,0,0.0,0.0,0.0,0
L20-M5,1155,1154,5,-1,0,,0,0.0,0.0,-0.0,0
L20-M5,1156,1155,2,2,0,,0,0.0,0.0,0.0,0
L20-M5,1157,1156,1,3,0,,0,0.0,0.0,0.0,0
L20-M5,1158,1157,7,-3,0,,0,0.0,0.0,-0.0,0
L20-M5,1159,1158,1,3,0,,0,0.0,0.0,0.0,0
L20-M5,1160,1159,2,2,0,,0,0.0,0.0,0.0,0
L20-M5,1161,1160,4,0,0,,0,0.0,0.0,0.0,0
L20-M5,1162,1161,6,-2,0,,0,0.0,0.0,-0.0,0
L20-M5,1163,1162,1,3,0,,0,0.0,0.0,0.0,0
L20-M5,1164,1163,2,2,0,,0,0.0,0.0,0.0,0
L20-M5,1165,1164,3,1,0,,0,0.0,0.0,0.0,0
L20-M5,1166,1165,3,1,0,,0,0.0,0.0,0.0,0
L20-M5,1167,1166,2,2,0,,0,0.0,0.0,0.0,0
L20-M5,1168,1167,3,1,0,,0,0.0,0.0,0.0,0
L20-M5,1169,1168,4,0,0,,0,0.0,0.0,0.0,0
L20-M5,1170,1169,3,1,0,,0,0.0,0.0,0.0,0
L20-M5,1171,1170,3,1,0,,0,0.0,0.0,0.0,0
L20-M5,1172,1171,7,-3,0,,0,0.0,0.0,-0.0,0
L20-M5,1173,1172,7,-3,0,,0,0.0,0.0,-0.0,0
L20-M5,1174,1173,2,2,0,,0,0.0,0.0,0.0,0
L20-M5,1175,1174,5,-1,0,,0,0.0,0.0,-0.0,0
L20-M5,1176,1175,5,-1,0,,0,0.0,0.0,-0.0,0
L20-M5,1177,1176,5,-1,0,,0,0.0,0.0,-0.0,0
L20-M5,1178,1177,6,-2,0,,0,0.0,0.0,-0.0,0
L20-M5,1179,1178,4,0,0,,0,0.0,0.0,0.0,0
L20-M5,1180,1179,4,0,0,,0,0.0,0.0,0.0,0
L20-M5,1181,1180,1,3,0,,0,0.0,0.0,0.0,0
L20-M5,1182,1181,5,-1,0,,0,0.0,0.0,-0.0,0
L20-M5,1183,1182,4,0,0,,0,0.0,0.0,0.0,0
L20-M5,1184,1183,6,-2,0,,0,0.0,0.0,-0.0,0
L20-M5,1185,1184,7,-3,0,,0,0.0,0.0,-0.0,0
L20-M5,1186,1185,7,-3,0,,0,0.0,0.0,-0.0,0
L20-M5,1187,1186,7,-3,0,,0,0.0,0.0,-0.0,0
L20-M5,1188,1187,7,-3,0,,0,0.0,0.0,-0.0,0
L20-M5,1189,1188,3,1,0,,0,0.0,0.0,0.0,0
L20-M5,1190,1189,4,0,0,,0,0.0,0.0,0.0,0
L20-M5,1191,1190,6,-2,0,,0,0.0,0.0,-0.0,0
L20-M5,1192,1191,2,2,0,,0,0.0,0.0,0.0,0
L20-M5,1193,1192,2,2,0,,0,0.0,0.0,0.0,0
L20-M5,1194,1193,4,0,0,,0,0.0,0.0,0.0,0
L20-M5,1195,1194,1,3,0,,0,0.0,0.0,0.0,0
L20-M5,1196,1195,7,-3,0,,0,0.0,0.0,-0.0,0
L20-M5,1197,1196,3,1,0,,0,0.0,0.0,0.0,0
L20-M5,1198,1197,6,-2,0,,0,0.0,0.0,-0.0,0
L20-M5,1199,1198,1,3,0,,0,0.0,0.0,0.0,0
L20-M5,1200,1199,1,3,0,,0,0.0,0.0,0.0,0
L20-M5,1201,1200,7,-3,0,,0,0.0,0.0,-0.0,0
L20-M5,1202,1201,7,-3,0,,0,0.0,0.0,-0.0,0
L20-M5,1203,1202,2,2,0,,0,0.0,0.0,0.0,0
L20-M5,1204,1203,4,0,0,,0,0.0,0.0,0.0,0
L20-M5,1205,1204,3,1,0,,0,0.0,0.0,0.0,0
L20-M5,1206,1205,2,2,0,,0,0.0,0.0,0.0,0
L20-M5,1207,1206,4,0,0,,0,0.0,0.0,0.0,0
L20-M5,1208,1207,2,2,0,,0,0.0,0.0,0.0,0
L20-M5,1209,1208,2,2,0,,0,0.0,0.0,0.0,0
L20-M5,1210,1209,4,0,0,,0,0.0,0.0,0.0,0
L20-M5,1211,1210,6,-2,0,,0,0.0,0.0,-0.0,0
L20-M5,1212,1211,1,3,0,,0,0.0,0.0,0.0,0
L20-M5,1213,1212,7,-3,0,,0,0.0,0.0,-0.0,0
L20-M5,1214,1213,1,3,0,,0,0.0,0.0,0.0,0
L20-M5,1215,1214,2,2,0,,0,0.0,0.0,0.0,0
L20-M5,1216,1215,5,-1,0,,0,0.0,0.0,-0.0,0
L20-M5,1217,1216,7,-3,0,,0,0.0,0.0,-0.0,0
L20-M5,1218,1217,7,-3,0,,0,0.0,0.0,-0.0,0
L20-M5,1219,1218,2,2,0,,0,0.0,0.0,0.0,0
L20-M5,1220,1219,5,-1,0,,0,0.0,0.0,-0.0,0
L20-M5,1221,1220,2,2,0,,0,0.0,0.0,0.0,0
L20-M5,1222,1221,2,2,0,,0,0.0,0.0,0.0,0
L20-M5,1223,1222,6,-2,0,,0,0.0,0.0,-0.0,0
L20-M5,1224,1223,4,0,0,,0,0.0,0.0,0.0,0
L20-M5,1225,1224,5,-1,0,,0,0.0,0.0,-0.0,0
L20-M5,1226,1225,5,-1,0,,0,0.0,0.0,-0.0,0
L20-M5,1227,1226,7,-3,0,,0,0.0,0.0,-0.0,0
L20-M5,1228,1227,2,2,0,,0,0.0,0.0,0.0,0
L20-M5,1229,1228,1,3,0,,0,0.0,0.0,0.0,0
L20-M5,1230,1229,3,1,0,,0,0.0,0.0,0.0,0
L20-M5,1231,1230,7,-3,0,,0,0.0,0.0,-0.0,0
L20-M5,1232,1231,4,0,0,,0,0.0,0.0,0.0,0
L20-M5,1233,1232,1,3,0,,0,0.0,0.0,0.0,0
L20-M5,1234,1233,5,-1,0,,0,0.0,0.0,-0.0,0
L20-M5,1235,1234,4,0,0,,0,0.0,0.0,0.0,0
L20-M5,1236,1235,5,-1,0,,0,0.0,0.0,-0.0,0
L20-M5,1237,1236,1,3,0,,0,0.0,0.0,0.0,0
L20-M5,1238,1237,5,-1,0,,0,0.0,0.0,-0.0,0
