round,source_round_R_minus_1,gap_set,gap_set_size,graph_edge_count_m,shared_edge_pairs_A,disjoint_edge_pairs_D,main_matched_pairs_H,expected_main_H,variance_main_H,integrated_matched_pairs_H7,expected_integrated_H7,variance_integrated_H7
2,1,3;4;6;7;8;10;11;13;14;17;19;23;27;30,14,438,8327,87376,9,6.636363636363637,3.660983132441899,14,9.290909090909091,5.0979417857219005
3,2,4;7;8;10;11;12;16;17;19;21;23;29;33,13,375,6022,64103,8,5.681818181818182,3.281172492060435,10,7.954545454545455,4.503101842953846
4,3,2;3;4;5;6;8;10;11;12;15;16;20,12,428,8056,83322,8,6.484848484848485,3.917343168928781,9,9.07878787878788,5.540938347534535
5,4,1;2;3;4;9;10;11;12;13;15;16;17;26;28,14,463,9334,97619,10,7.015151515151516,3.7697794922953385,12,9.821212121212122,5.272920964400868
6,5,1;2;5;8;11;12;13;16;17;18;24;25;26,13,407,7132,75489,11,6.166666666666667,3.442825262592695,13,8.633333333333335,4.7472327930467415
7,6,1;2;11;12;13;14;15;16;25;26;27;28,12,350,5196,55879,5,5.303030303030303,3.0790172946621084,8,7.424242424242425,4.189762316612203
8,7,1;7;9;10;14;15;16;17;23;24;31;38,12,335,4740,51205,5,5.075757575757576,2.9840423260084936,8,7.106060606060606,4.049474662053939
9,8,2;3;5;6;9;11;12;14;15;17;18;20;26;29;31,15,457,9014,95182,6,6.924242424242425,3.5533567325321975,9,9.693939393939395,4.905880581715664
10,9,1;2;3;12;13;14;15;19;20;22;23;32;34;35;37,15,393,6514,70514,6,5.954545454545455,3.0580869095668213,9,8.336363636363638,4.103796314092293
11,10,3;5;8;11;14;16;19;21;24;32;35,11,307,3936,43035,4,4.651515151515151,2.77511524181714,4,6.512121212121213,3.739352723855891
12,11,1;4;5;6;29;30;34;35;36;40;41,11,234,2276,24985,3,3.5454545454545454,2.421698104573366,5,4.963636363636364,3.291888867533686
13,12,4;6;9;10;14;18;19;20;23;24;28;34;37;43,14,341,4862,53108,4,5.166666666666667,2.870893318567731,5,7.233333333333333,3.8476227390180817
14,13,1;2;3;4;5;12;13;14;15;16;17;19;20,13,444,8641,89705,3,6.7272727272727275,3.8910884745979786,6,9.418181818181818,5.487233433702762
15,14,2;4;6;7;9;10;19;21;25;27;28;29;31;34;38,15,385,6254,67666,7,5.833333333333334,3.059356018658338,9,8.166666666666668,4.113988724453833
16,15,1;6;7;12;13;14;15;21;26;27;28;33;34,13,348,5072,55306,6,5.2727272727272725,2.9042768366235556,9,7.381818181818182,3.894571934994758
17,16,1;2;3;13;14;16;17;18;30;31;32;33;34,13,341,4852,53118,5,5.166666666666667,2.844717943555148,9,7.233333333333333,3.8029903688043163
18,17,1;5;6;8;13;14;15;20;23;28;29;33;34,13,356,5314,57876,6,5.3939393939393945,2.9321972366369806,7,7.551515151515152,3.931349008050905
19,18,1;3;6;7;9;10;13;16;19;20;22;23;29;32,14,420,7543,80447,7,6.363636363636364,3.328555869782079,9,8.90909090909091,4.54235804130095
20,19,1;2;3;4;5;8;9;10;13;24;32;33;34;37,14,415,7295,78610,10,6.287878787878788,3.1422843658572965,10,8.803030303030303,4.228409891729122
21,20,2;3;4;5;6;7;8;9;10;12;13;16;20,13,470,9775,100440,6,7.121212121212121,4.187663405422381,10,9.96969696969697,5.983577850385451
22,21,1;5;6;11;12;13;14;15;19;20;25;26,12,373,5998,63380,5,5.651515151515151,3.3810751733584645,8,7.912121212121213,4.6757398509406904
23,22,1;2;3;4;9;11;12;13;22;31;33;34;35,13,375,5905,64220,5,5.681818181818182,2.9749206044131995,8,7.954545454545455,3.980903111452786
24,23,1;4;5;8;9;12;13;15;16;20;24;25;28;29;37,15,429,7846,83960,6,6.5,3.27224906876069,8,9.100000000000001,4.440340615456883
25,24,1;2;7;9;14;16;19;20;21;22;28;29;35;36,14,371,5774,62861,5,5.621212121212121,2.956439203267948,7,7.86969696969697,3.9540100796548927
26,25,1;2;5;17;18;19;22;23;24;39;40;41;42,13,292,3525,38961,5,4.424242424242425,2.63165633990158,6,6.193939393939394,3.522500266940007
27,26,1;2;3;5;7;11;13;14;15;16;18;20;21,13,439,8433,87708,3,6.651515151515151,3.8404530048293175,7,9.312121212121212,5.403426014905918
28,27,2;6;8;9;11;15;17;19;23;25;27;36;42,13,345,5008,54332,5,5.2272727272727275,2.9595723163376384,8,7.318181818181818,3.9930755760565404
29,28,2;5;7;9;10;12;14;16;17;19;26;28,12,375,6066,64059,3,5.681818181818182,3.396344142115808,6,7.954545454545455,4.699484271894416
30,29,1;4;5;6;8;12;21;26;27;29;33;34;35;38;39,15,357,5357,58189,5,5.409090909090909,2.9679008447507353,6,7.572727272727273,3.990916992333478
31,30,1;3;8;9;12;15;16;18;19;24;27;28;36,13,369,5749,62147,5,5.590909090909091,3.0516620447910014,7,7.827272727272728,4.118744100625701
32,31,2;5;7;9;10;11;12;14;16;17;19;21;26;28,14,433,8168,85360,7,6.5606060606060606,3.730873366708451,9,9.184848484848485,5.219930168492525
33,32,5;6;8;9;10;11;13;15;19;20;25;28;30;38,14,393,6606,70422,5,5.954545454545455,3.2989003596825945,6,8.336363636363638,4.51441412005893
34,33,1;3;7;8;9;25;26;28;29;33;34;36;37,13,309,4013,43573,6,4.681818181818182,2.8479700356021667,8,6.554545454545455,3.860038652913911
35,34,2;3;5;7;9;11;14;16;17;26;28;31;33,13,383,6213,66940,4,5.803030303030303,3.119916318119273,6,8.124242424242425,4.219353578063931
36,35,1;6;8;9;11;15;17;23;24;26;32;34;35;40;41,15,353,5199,56929,2,5.348484848484849,2.860185210608039,4,7.487878787878788,3.812549811006466
37,36,2;3;5;9;12;13;14;16;17;18;22;25;27;30;39,15,423,7643,81610,6,6.409090909090909,3.3094894886649584,9,8.972727272727273,4.507759839408877
38,37,2;3;4;5;6;7;8;10;20;23;26;28;30,13,413,7311,77767,7,6.257575757575758,3.367511569942849,10,8.760606060606062,4.613984880517634
39,38,1;5;6;7;8;13;14;15;20;21;26;27,12,377,6096,64780,8,5.712121212121212,3.3111155346884686,12,7.996969696969697,4.551905311038496
40,39,1;2;6;7;8;9;14;15;22;28;30;36;37,13,370,5753,62512,8,5.606060606060606,2.9819304491608882,10,7.848484848484849,3.9986546223332624
41,40,1;5;6;7;8;11;12;13;18;19,10,350,5344,55731,5,5.303030303030303,3.4664128448483584,7,7.424242424242425,4.850321395775936
42,41,3;5;7;8;10;12;15;18;20;22;23;25;30,13,387,6410,68281,3,5.863636363636364,3.2987813807052646,6,8.209090909090909,4.520175753304706
43,42,1;2;3;4;5;6;9;11;13;14;15,11,412,7407,77259,8,6.242424242424242,3.7100817904200483,9,8.73939393939394,5.198892092169039
44,43,1;3;4;5;6;7;8;9;13;25;29;32;33;38,14,417,7397,79339,4,6.318181818181818,3.224895435783381,7,8.845454545454546,4.367776496465709
45,44,7;8;9;10;15;17;18;19;24;27;34;35;42,13,320,4286,46754,8,4.848484848484849,2.836300180909058,11,6.787878787878788,3.821342387938575
46,45,2;6;7;8;9;10;13;15;17;19;23;25;26;32;34,15,429,7876,83930,11,6.5,3.3507751937984445,13,9.100000000000001,4.574237726098183
47,46,2;5;7;8;10;15;16;18;23;25;30,11,336,4790,51490,3,5.090909090909091,3.0434822400995696,5,7.127272727272728,4.149317274222131
48,47,3;5;9;10;12;14;17;19;22;28;31,11,325,4469,48181,5,4.924242424242425,2.9748809447540907,6,6.8939393939393945,4.049474662053939
49,48,1;4;8;11;12;16;19;20;27;28;31;32,12,331,4572,50043,2,5.015151515151516,2.827465991842308,3,7.0212121212121215,3.7886268605718882
50,49,3;7;9;12;14;15;17;21;24;26;29;33;36,13,339,4802,52489,4,5.136363636363637,2.8590350804938485,7,7.190909090909091,3.830337839280748
51,50,2;3;5;7;8;10;12;13;20;22;29;32;34;42,14,391,6472,69773,5,5.924242424242425,3.120154276073933,6,8.293939393939395,4.21157943067033
52,51,1;5;8;9;10;13;14;15;18;23;24;28;33;41;42,15,391,6493,69752,8,5.924242424242425,3.1751225636003575,12,8.293939393939395,4.305307408119241
53,52,1;2;4;5;9;11;12;13;14;16;18;25;27,13,428,7943,83435,6,6.484848484848485,3.6215614312865867,7,9.07878787878788,5.036592564118976
54,53,1;6;7;18;19;24;25;26;31;32,10,261,2789,31141,6,3.9545454545454546,2.448200671773609,7,5.536363636363637,3.27381275759711
55,54,3;6;7;9;12;13;15;18;19;20;26;28;31;35;38,15,395,6594,71221,7,5.984848484848485,3.094454816970668,7,8.378787878787879,4.163895829329228
56,55,3;4;6;7;9;10;13;14;16;19;20;23;27,13,414,7455,78036,11,6.2727272727272725,3.652892561983464,13,8.781818181818183,5.099824460247284
57,56,1;2;3;4;6;7;16;17;19;20;21;23;27,13,419,7515,80056,5,6.348484848484849,3.3483559545927335,9,8.887878787878789,4.576834518546988
58,57,3;4;6;9;13;15;18;19;22;28;34;37,12,332,4621,50325,6,5.03030303030303,2.8853195195689842,7,7.042424242424243,3.885726610716034
59,58,1;4;7;8;9;11;14;15;16;19;20;23;30;34,14,419,7545,80026,6,6.348484848484849,3.4268820796304844,9,8.887878787878789,4.710731629188281
60,59,2;3;4;5;6;7;9;10;12;16;23;30;33;35;39,15,441,8292,88728,5,6.681818181818182,3.2746286483072886,7,9.354545454545455,4.437581523480034
61,60,3;6;11;14;17;23;28;31;34;37;40,11,251,2553,28822,3,3.803030303030303,2.339890142744264,5,5.324242424242424,3.111756678839127
62,61,1;4;5;8;11;13;15;16;19;23;24;28;29,13,389,6443,69023,4,5.8939393939393945,3.2152184789605442,6,8.251515151515152,4.375664253528939
63,62,2;5;6;7;8;12;14;19;20;21;24;26;27;32,14,407,7056,75565,4,6.166666666666667,3.243892412497054,5,8.633333333333335,4.408026779422116
64,63,2;3;4;13;15;16;17;18;20;33;35;37,12,327,4503,48798,5,4.954545454545455,2.9259012657532697,8,6.9363636363636365,3.9627580242167895
65,64,1;3;4;5;6;7;8;10;11;12;15;18;21;22,14,487,10436,107905,11,7.378787878787879,4.076745253806553,15,10.33030303030303,5.791792555576897
66,65,3;4;7;8;10;11;15;18;21;29;32;36;39,13,352,5203,56573,6,5.333333333333334,2.9464747139165706,7,7.466666666666667,3.9610335917312582
67,66,1;2;4;5;7;10;14;15;17;19;20;21;22,13,428,7955,83423,5,6.484848484848485,3.6529718813016885,6,9.07878787878788,5.0901514083754975
68,67,2;3;4;5;7;8;12;21;23;26;28;29;31;33;35,15,408,7068,75960,6,6.181818181818182,3.1853051810768456,10,8.654545454545454,4.307299634826052
69,68,1;2;3;4;5;6;10;11;13;14;16;23;24;27;29,15,487,10249,108092,9,7.378787878787879,3.587265741071228,12,10.33030303030303,4.957167232579472
70,69,1;3;4;5;6;7;9;10;11;14;20;24;25;31;34,15,471,9551,101134,9,7.136363636363637,3.4950966932996437,12,9.990909090909092,4.802430862536561
71,70,3;6;9;14;15;17;18;20;21;23;24;38,12,332,4679,50267,4,5.03030303030303,3.0371366946419744,6,7.042424242424243,4.144594357955874
72,71,3;4;7;11;12;13;17;20;24;25;29;32;36,13,352,5196,56580,4,5.333333333333334,2.928151951407761,6,7.466666666666667,3.9297909325816214
73,72,1;2;6;7;9;10;13;15;16;22;23;24;25,13,412,7312,77354,5,6.242424242424242,3.4614157278004996,7,8.73939393939394,4.774884575138266
74,73,3;6;8;9;11;14;15;20;22;25;28;29;31;37;40,15,377,5969,64907,7,5.712121212121212,2.978688272028645,9,7.996969696969697,3.9850742093236704
75,74,1;2;3;5;9;11;12;17;18;20;22;23;25;29;34,15,444,8401,89945,6,6.7272727272727275,3.262879474295957,7,9.418181818181818,4.416056548572392
76,75,2;3;8;10;12;19;20;22;27;29;30;32;39;42,14,335,4672,51273,8,5.075757575757576,2.8060497759229204,9,7.106060606060606,3.7459745446003296
77,76,2;3;7;10;12;14;15;19;21;22;24;34;36,13,366,5666,61129,5,5.545454545454546,3.073464942386712,7,7.763636363636364,4.159542144489283
78,77,1;3;11;12;14;15;16;25;26;27;30;41;42,13,322,4325,47356,5,4.878787878787879,2.8029860672566773,7,6.830303030303031,3.76124287270164
79,78,2;3;4;6;8;10;12;15;16;19;20;22;23;25,14,445,8586,90204,8,6.742424242424242,3.647588082577503,11,9.43939393939394,5.071555939949164
80,79,2;3;5;6;8;9;12;15;18;20;21;24;27;29,14,431,7977,84688,8,6.53030303030303,3.42355066826525,10,9.142424242424243,4.697098468832074
81,80,1;2;4;5;6;7;8;9;12;13,10,383,6394,66759,10,5.803030303030303,3.5936906058470477,14,8.124242424242425,5.027199478933085
82,81,2;4;6;7;8;9;13;15;20;22;26;28,12,380,6194,65816,6,5.757575757575758,3.3200687027325486,6,8.06060606060606,4.563862728767582
83,82,1;2;11;12;13;15;24;25;26;28;39;40;41,13,308,3950,43328,7,4.666666666666667,2.7475418638209295,8,6.533333333333334,3.6905614282358385
84,83,2;4;5;7;9;11;13;15;17;19;24;28,12,386,6428,67877,8,5.848484848484849,3.430481193694721,9,8.187878787878788,4.74576803980608
85,84,3;4;7;8;11;15;18;19;22;26;29,11,333,4695,50583,4,5.045454545454546,3.008353697042912,7,7.063636363636364,4.093977192645262
86,85,2;5;7;8;10;13;15;17;18;23;25;28;30,13,384,6287,67249,5,5.818181818181818,3.2298033185982398,6,8.145454545454546,4.405669378777194
87,86,2;4;6;8;10;25;27;29;33;35;37;39;43,13,287,3413,37628,4,4.348484848484849,2.6363857542504423,6,6.087878787878788,3.5402923527024974
88,87,4;7;8;9;11;12;18;19;20;22;27;30;31;39,14,373,5888,63490,4,5.651515151515151,3.093146048220035,5,7.912121212121213,4.184783778589271
89,88,3;4;6;7;10;11;13;16;17;19;21;23;24;29;40,15,432,8027,85069,7,6.545454545454546,3.4582429550717038,10,9.163636363636364,4.755652081064326
90,89,1;2;3;4;5;7;11;12;14;22;24;25;29;36,14,435,8074,86321,4,6.590909090909091,3.291166726156149,6,9.227272727272728,4.469018942063329
91,90,3;6;9;12;15;18;21;24;27,9,270,3045,33270,4,4.090909090909091,2.6377639274045173,7,5.7272727272727275,3.5774873470433697
92,91,2;3;5;8;13;16;18;20;21;23;25;28;41,13,362,5523,59818,4,5.484848484848485,3.0142927309946295,7,7.67878787878788,4.063606893458893
93,92,1;2;3;9;10;11;12;19;21;22;30;32;33,13,380,6094,65916,6,5.757575757575758,3.0583149526067004,8,8.06060606060606,4.117539026629927
94,93,2;6;8;12;14;16;18;20;22;30;32;38,12,322,4335,47346,3,4.878787878787879,2.8291614422692604,3,6.830303030303031,3.8058752429154055
95,94,1;2;4;5;6;7;8;9;11;13;27;29;35;36;40,15,442,8324,89137,5,6.696969696969697,3.2596273822489366,8,9.375757575757577,4.411495931834189
96,95,3;4;7;9;10;12;14;16;17;19;23;26;35,13,390,6542,69313,6,5.909090909090909,3.388997190265684,9,8.272727272727273,4.670980417280617
97,96,1;2;5;7;9;10;13;14;18;19;20;21;23;28;30,15,455,8910,94375,9,6.8939393939393945,3.48613361034079,9,9.651515151515152,4.791995002882942
98,97,1;5;6;7;8;9;13;14;16;21;22;29;30,13,404,7011,74395,8,6.121212121212121,3.3945495425410783,8,8.56969696969697,4.667458517521936
99,98,1;3;7;8;9;10;14;15;16;17;18;23;26,13,418,7615,79538,7,6.333333333333334,3.702943051780256,13,8.866666666666667,5.182175240779877
100,99,2;7;8;9;10;17;19;24;26;27;28;34;36,13,338,4767,52186,4,5.121212121212121,2.8396315922742925,6,7.16969696969697,3.798734063681202
101,100,4;5;6;10;12;14;16;19;22;26;30;31;35;36;41,15,368,5667,61861,4,5.575757575757576,2.9169679275387477,5,7.806060606060607,3.8902709975014353
102,101,2;3;10;13;14;15;16;18;28;29;31;32;34;42;44,15,344,4922,54074,7,5.212121212121212,2.8082211422591907,10,7.296969696969698,3.7364272748627876
103,102,2;4;5;7;9;11;13;14;16;18;23,11,373,6068,63310,4,5.651515151515151,3.5643027984465547,7,7.912121212121213,4.988166442437045
104,103,1;3;9;10;12;13;15;16;18;22;25;30;31;40,14,385,6284,67636,9,5.833333333333334,3.1378821436960926,13,8.166666666666668,4.247885835095129
105,104,1;2;8;9;10;11;12;15;16;17;25;27,12,387,6486,68205,5,5.863636363636364,3.4977142308009057,7,8.209090909090909,4.8593817669293315
106,105,2;4;7;10;11;12;14;21;24;25;26;31;33;35;37,15,383,6158,66995,8,5.803030303030303,2.9759517555500565,11,8.124242424242425,3.9738755418882157
107,106,2;6;8;9;10;11;12;14;18;20;21;23;29,13,402,7019,73582,2,6.090909090909091,3.593165115363842,6,8.527272727272727,5.00786554765412
108,107,1;2;3;4;5;8;22;25;26;27;30,11,342,4929,53382,6,5.181818181818182,2.9732846434749156,7,7.254545454545455,4.02075981805368
109,108,1;4;5;6;7;11;15;16;21;22;26;37,12,369,5788,62108,3,5.590909090909091,3.1537460073400823,5,7.827272727272728,4.292810344459383
110,109,2;4;6;8;10;29;31;33;35;37;39;41;43,13,267,2941,32570,2,4.045454545454546,2.5280355655619893,3,5.663636363636364,3.3968195699062473
111,110,1;2;3;6;7;9;13;14;15;16;20;21;22;23;36,15,467,9433,99378,7,7.075757575757576,3.609633788809255,12,9.906060606060606,4.998715911760293
112,111,2;3;4;5;7;9;11;13;15;18;22;24;26;29;33,15,454,8839,93992,9,6.878787878787879,3.4024021550448538,11,9.63030303030303,4.6496055694364316
113,112,1;3;4;7;8;9;11;12;13;15;16,11,396,6901,71309,4,6.0,3.811134601832272,5,8.4,5.384984731031235
114,113,3;5;8;9;12;17;19;24;27;29;32;36;41,13,323,4329,47674,7,4.8939393939393945,2.745370497484659,11,6.851515151515152,3.6613678006278363
115,114,2;3;5;7;8;9;12;13;14;15;17;22;27;30,14,446,8638,90597,7,6.757575757575758,3.6839064154074634,10,9.460606060606061,5.133014713733509
116,115,1;3;4;5;7;8;16;19;22;23;24;26;27,13,400,6801,72999,4,6.0606060606060606,3.199186061765335,5,8.484848484848486,4.337860635957874
117,116,2;3;6;9;12;21;23;27;29;30;32;33;35,13,323,4368,47635,4,4.8939393939393945,2.8474544600337364,6,6.851515151515152,3.835434044461522
118,117,2;5;8;10;12;14;17;22;24;26;29;31;34;39,14,357,5328,58218,4,5.409090909090909,2.8919922572142394,5,7.572727272727273,3.8614831187135543
119,118,1;2;3;5;6;7;9;12;13;14;15;16;18;19,14,490,10612,109193,8,7.424242424242425,4.204796378157887,8,10.393939393939394,6.009951523693587
120,119,1;2;3;4;6;7;8;10;11;14;18,11,411,7365,76890,5,6.2272727272727275,3.69117404793937,7,8.718181818181819,5.167442501121137
121,120,1;2;4;5;6;7;21;22;26;27;28;31;33,13,372,5858,63148,8,5.636363636363637,3.095595032170081,9,7.8909090909090915,4.190119375573914
122,121,2;4;5;6;8;9;10;13;15;16;18;22;26;31,14,445,8592,90198,6,6.742424242424242,3.663293307585054,8,9.43939393939394,5.098335362077414
123,122,1;4;5;6;10;15;16;19;20;23;24;25;29;35;39,15,404,6885,74521,5,6.121212121212121,3.06473981738252,8,8.56969696969697,4.105090652828487
124,123,1;2;10;11;12;13;15;17;21;23;27;28;38,13,367,5707,61454,7,5.5606060606060606,3.101355597655802,9,7.784848484848485,4.205882717235774
125,124,2;4;6;7;9;12;13;17;19;21;25;26;38,13,386,6358,67947,4,5.848484848484849,3.247253568606631,5,8.187878787878788,4.433341448309733
126,125,1;2;3;4;6;24;25;27;28;30;31;33;34,13,337,4853,51763,3,5.106060606060606,3.1366923539227916,4,7.148484848484849,4.306751873918884
127,126,2;3;5;7;13;15;16;18;20;21;23;33;36,13,373,5906,63472,5,5.651515151515151,3.1402617232426913,6,7.912121212121213,4.265122044974042
128,127,2;3;5;7;11;14;19;22;24;26;27;29;33;38;40,15,375,5892,64233,7,5.681818181818182,2.9408926168968392,11,7.954545454545455,3.922881030174892
129,128,1;2;3;4;6;7;8;9;11;15;18;22;24;25;33,15,487,10246,108095,7,7.378787878787879,3.5794131285674524,12,10.33030303030303,4.943777521515344
130,129,2;3;4;5;6;9;10;13;14;15;17;19;23,13,445,8690,90100,6,6.742424242424242,3.9198119827083815,8,9.43939393939394,5.535732590172323
131,130,3;5;8;12;15;17;18;20;21;23;26;35;38,13,344,4979,54017,3,5.212121212121212,2.9574207798309224,5,7.296969696969698,3.9908317850812516
132,131,1;2;3;4;5;6;7;10;11;13,10,388,6536,68542,5,5.878787878787879,3.5437491801128083,7,8.23030303030303,4.936859504132222
133,132,4;6;7;11;14;17;18;20;22;24;28;31;38;42,14,348,5071,55307,5,5.2727272727272725,2.9016592991222954,6,7.381818181818182,3.8901086979733854
134,133,3;5;8;11;14;16;19;22,8,262,2916,31275,6,3.9696969696969697,2.728267269493484,7,5.557575757575758,3.7491515578619143
135,134,3;4;8;9;11;12;15;17;19;20;23;28;32,13,384,6312,67224,5,5.818181818181818,3.2952417561296983,8,8.145454545454546,4.517250304311606
136,135,4;6;7;8;11;13;14;16;17;21;22;25;29;33,14,404,6999,74407,6,6.121212121212121,3.3631390925259765,7,8.56969696969697,4.613899673265415
137,136,1;5;6;11;12;14;20;25;26;28;34;39;40,13,324,4355,47971,4,4.909090909090909,2.7450829649561115,6,6.872727272727273,3.6592538492749824
138,137,2;3;5;11;13;14;16;18;19;27;29;30;32,13,366,5635,61160,6,5.545454545454546,2.992321279847703,7,7.763636363636364,4.02118179682661
139,138,1;2;9;10;11;12;16;17;18;26;27;28;29,13,379,6091,65540,5,5.742424242424242,3.133241963580222,7,8.039393939393939,4.2463926794370686
140,139,2;4;5;6;8;9;11;13;15;17;19;23;28;32;34,15,449,8659,91917,8,6.803030303030304,3.4379471245221715,12,9.524242424242425,4.712273474704752
141,140,1;2;4;5;6;9;10;11;14;15;16;25,12,422,7767,81064,5,6.3939393939393945,3.7279286370195344,7,8.951515151515151,5.221938625152141
142,141,1;2;4;11;12;13;14;17;19;21;23;30;31;34;35,15,408,7030,75998,5,6.181818181818182,3.085838756029027,7,8.654545454545454,4.137696628013742
143,142,4;6;10;14;18;22;24;28;32,9,247,2492,27889,2,3.7424242424242427,2.3767736257165417,3,5.239393939393939,3.183963738868597
144,143,1;2;3;14;15;16;17;18;19,9,300,3855,40995,3,4.545454545454546,3.005408967353997,4,6.363636363636364,4.1447241975783164
145,144,1;2;9;10;11;13;19;20;21;22;32;33,12,347,5074,54957,3,5.257575757575758,2.9840423260084936,4,7.360606060606061,4.031978772930142
146,145,1;7;10;11;14;17;18;24;25;31;41;42,12,299,3723,40828,5,4.53030303030303,2.7220506179279944,7,6.342424242424243,3.663412774681266
147,146,1;6;7;8;14;15;16;17;22;23;25;33;39;40,14,364,5585,60481,4,5.515151515151516,3.0195278059971447,7,7.721212121212122,4.070033954769677
148,147,2;7;8;9;15;17;19;21;27;29;34;36;38,13,323,4326,47677,5,4.8939393939393945,2.7375178849808837,8,6.851515151515152,3.647978089563704
149,148,1;2;3;4;8;9;10;11;12;13;14;15,12,438,8468,87235,5,6.636363636363637,4.030055920119338,7,9.290909090909091,5.727258205735993
150,149,1;7;8;9;10;13;19;20;21;23;30;31;32;39;40,15,372,5813,63193,6,5.636363636363637,2.9778058446134494,9,7.8909090909090915,3.989273709611968
151,150,2;3;7;9;10;11;12;14;16;19;21;23;26;35;37,15,430,7927,84308,6,6.515151515151516,3.3886005936745818,9,9.121212121212121,4.638114762850478
152,151,1;3;5;6;8;9;11;12;16;17;18,11,389,6625,68841,6,5.8939393939393945,3.691610304189581,8,8.251515151515152,5.187973391419472
153,152,3;4;5;8;12;13;16;21;24;25;28;29;33,13,364,5580,60486,9,5.515151515151516,3.0064401184908522,12,7.721212121212122,4.047717769662793
154,153,1;2;3;4;5;8;9;10;23;24;25;28;33,13,410,7164,76681,5,6.212121212121212,3.255820054974386,8,8.696969696969697,4.425908129925034
155,154,2;5;10;13;14;15;16;19;21;24;26;29;34;39,14,363,5541,60162,5,5.5,2.983011174871635,8,7.7,4.009013389711058
156,155,1;3;4;8;9;12;13;14;16;17;21;22;25,13,420,7666,80324,7,6.363636363636364,3.650512982436865,9,8.90909090909091,5.091336194930271
157,156,2;3;10;12;13;14;15;17;23;24;25;27;37;40,14,368,5732,61796,4,5.575757575757576,3.0871078651205437,6,7.806060606060607,4.180381403890909
158,157,2;3;4;5;6;7;9;11;13;14;16;20,12,430,8128,84107,9,6.515151515151516,3.914725631427526,14,9.121212121212121,5.5352254041471625
159,158,3;4;5;8;9;12;13;14;16;17;21;25;30,13,408,7211,75817,5,6.181818181818182,3.5596130437568014,7,8.654545454545454,4.945542528882903
160,159,1;2;11;12;13;17;23;24;25;29;40;41;42,13,305,3862,42498,2,4.621212121212121,2.709081909399032,4,6.46969696969697,3.6303361308646664
161,160,1;2;4;5;7;26;27;31;32;33;34;36;38,13,309,4067,43519,4,4.681818181818182,2.989317060670121,7,6.554545454545455,4.101053452068243
162,161,2;3;4;5;6;8;9;11;12;14;18;20;23,13,450,8878,92147,6,6.818181818181818,3.910363068925431,9,9.545454545454547,5.517372456061658
163,162,3;4;13;16;17;20;24;33;36;37;40,11,252,2596,29030,6,3.8181818181818183,2.4026614682005762,7,5.345454545454546,3.2164845068016295
164,163,1;2;3;4;15;16;17;18;19;21;22;33;37,13,377,6037,64839,7,5.712121212121212,3.156680822114218,11,7.996969696969697,4.28857432677728
165,164,1;2;3;4;5;28;29;30;31;32;33;35,12,307,4045,42926,5,4.651515151515151,3.0604268294543093,5,6.512121212121213,4.225845559185938
166,165,1;3;4;5;6;8;9;13;14;17;20;23;24;29;37,15,462,9173,97318,6,7.0,3.4525319641598635,8,9.8,4.7322809490251245
167,166,3;6;9;12;15;18;24;27;30;33;36,11,282,3264,36357,10,4.2727272727272725,2.537821586447377,11,5.981818181818182,3.3821923249407355
168,167,1;2;3;4;6;8;9;11;12;15,10,379,6238,65393,6,5.742424242424242,3.518019976265215,8,8.039393939393939,4.902488521579418
169,168,1;2;3;7;9;11;12;21;28;30;32;33;37;39;40,15,370,5738,62527,4,5.606060606060606,2.942667386642011,5,7.848484848484849,3.931706067012609
170,169,2;6;8;10;11;16;18;19;21;27;29,11,328,4557,49071,9,4.96969696969697,2.997873632123099,11,6.957575757575758,4.083894334465153
171,170,2;4;9;11;13;16;18;20;27;29;31;40,12,320,4266,46774,6,4.848484848484849,2.7839494308838866,6,6.787878787878788,3.7320776475110478
172,171,1;4;5;6;9;10;12;13;18;19;21;25;30;31,14,426,7781,82744,2,6.454545454545455,3.3875694425377247,5,9.036363636363637,4.638893800585123
173,172,2;3;5;7;15;17;20;22;37,9,277,3196,35030,2,4.196969696969697,2.644833261640869,4,5.875757575757576,3.574862152177161
174,173,1;3;4;6;9;10;15;21;24;25;27;30;31,13,379,6068,65563,8,5.742424242424242,3.0730386010512802,10,8.039393939393939,4.143738227945406
175,174,1;4;5;8;9;13;17;21;22;25;26,11,344,5015,53981,6,5.212121212121212,3.051652129876228,7,7.296969696969698,4.151508317850805
176,175,2;3;5;7;8;9;10;12;14;17,10,363,5770,59933,4,5.5,3.5824272626598166,6,7.7,5.03109466760629
177,176,1;2;3;4;13;15;16;17;26;28;29;30,12,356,5312,57878,4,5.3939393939393945,2.926962161634462,5,7.551515151515152,3.9224225340081524
178,177,3;6;9;12;15;21;24;27;30;33;36;42,12,282,3258,36363,3,4.2727272727272725,2.522116361439826,5,5.981818181818182,3.3554129028124784
179,178,1;4;5;6;7;10;11;12;13;17;18;22,12,414,7518,77973,5,6.2727272727272725,3.8177974245627446,8,8.781818181818183,5.381008392594005
180,179,4;8;12;14;16;18;20;22;26;30;34;38,12,298,3674,40579,4,4.515151515151516,2.6556900933222263,6,6.321212121212121,3.552119930809141
181,180,1;5;6;8;9;13;14;18;19;27;32,11,343,4999,53654,7,5.196969696969697,3.0832707931016543,8,7.275757575757576,4.20685651440408
182,181,2;5;7;8;9;11;13;17;18;19;22;24;26;31,14,418,7513,79640,7,6.333333333333334,3.4359542266518943,10,8.866666666666667,4.72692506459947
183,182,2;5;6;7;11;12;13;14;16;19;21;25;27,13,407,7183,75438,6,6.166666666666667,3.5763196751568778,8,8.633333333333335,4.974857881136941
184,183,2;6;8;10;16;18;22;24;32;38;40,11,279,3201,35580,3,4.2272727272727275,2.5446926223881796,5,5.918181818181819,3.4000006406560264
185,184,1;4;5;10;13;14;15;17;18;19;27;31;32,13,379,6098,65533,6,5.742424242424242,3.151564726089031,9,8.039393939393939,4.277635338586698
186,185,1;2;3;4;6;7;11;15;17;18;19;30;34;36;37,15,435,8045,86350,7,6.590909090909091,3.215258138619653,9,9.227272727272728,4.339585068443412
187,186,2;4;5;6;7;9;10;11;15;17;24;26;31;35;41,15,432,7976,85120,6,6.545454545454546,3.324748542507521,9,9.163636363636364,4.528026992974134
188,187,1;6;7;9;10;11;16;17;20;21;27;28;30;36;37,15,399,6720,72681,6,6.045454545454546,3.075100903324998,9,8.463636363636365,4.1271836760843
189,188,1;3;4;5;6;7;8;10;11;12;15,11,413,7493,77585,5,6.257575757575758,3.843903395171889,7,8.760606060606062,5.426294018408171
190,189,2;3;5;6;8;10;13;18;21;23;24;27;29;31;37,15,418,7403,79750,5,6.333333333333334,3.1480251015134684,7,8.866666666666667,4.235968992248054
191,190,1;4;6;10;12;13;14;16;17;22;23;26;30;36,14,400,6812,72988,5,6.0606060606060606,3.2279789742791785,7,8.484848484848486,4.386956243193023
192,191,1;5;7;8;12;13;18;19;20;26;27;31;32,13,366,5641,61154,6,5.545454545454546,3.0080265048552537,7,7.763636363636364,4.0479612189548675
193,192,3;4;7;8;10;14;19;26;27;29;33;34;37;41,14,338,4757,52196,6,5.121212121212121,2.8134562172617095,8,7.16969696969697,3.7541016934674367
194,193,3;4;8;10;12;13;18;20;21;22;25;30;33,13,366,5664,61131,6,5.545454545454546,3.068229867384197,8,7.763636363636364,4.150615670446527
195,194,3;5;6;8;11;13;16;18;19;21;24;29,12,367,5776,61385,7,5.5606060606060606,3.2819656852426355,9,7.784848484848485,4.513846071710756
196,195,3;5;9;12;13;15;16;18;21;25;28;30;33,13,357,5369,58177,4,5.409090909090909,2.999311294765837,6,7.572727272727273,4.044475836589996
197,196,1;2;3;4;5;6;7;8;9;10,10,395,6790,71025,5,5.984848484848485,3.6074921672173197,7,8.378787878787879,5.038690285519031
198,197,3;4;5;8;9;11;18;22;26;27;29;30;33;35;38,15,377,5982,64894,7,5.712121212121212,3.012716259545005,8,7.996969696969697,4.043096290601568
199,198,1;4;5;6;7;8;13;16;20;21;22;25;26;29;33,15,439,8221,87920,9,6.651515151515151,3.28553505456253,14,9.312121212121212,4.457219766374088
200,199,1;3;4;5;6;7;8;9;11;14;15;16;22,13,464,9479,97937,14,7.03030303030303,4.044888632626471,17,9.842424242424244,5.741719093685255
201,200,1;3;4;6;7;8;9;11;12;14;15,11,405,7215,74595,5,6.136363636363637,3.8393028747151305,7,8.590909090909092,5.424963162278161
202,201,1;5;6;8;13;14;15;20;21;27;28;33;35;36;41,15,372,5799,63207,7,5.636363636363637,2.9411603195958307,9,7.8909090909090915,3.9267883913126944
203,202,2;5;6;11;12;13;15;17;19;21;25;27;30;32,14,395,6624,71191,8,5.984848484848485,3.1729809420084187,11,8.378787878787879,4.29779293997052
204,203,2;6;8;10;13;19;21;23;27;29;31,11,306,3899,42766,5,4.636363636363637,2.742227469500195,6,6.490909090909091,3.685059474234947
205,204,2;5;9;10;11;21;23;26;28;31;32;33;37;42,14,320,4266,46774,5,4.848484848484849,2.7839494308838866,7,6.787878787878788,3.7320776475110478
206,205,2;6;8;14;16;18;20;26;28;32;34;36,12,300,3713,41137,3,4.545454545454546,2.633718642175298,5,6.363636363636364,3.510944540542841
207,206,1;2;5;10;12;13;14;17;18;19;22;23;24,13,405,7087,74723,5,6.136363636363637,3.504258074554052,7,8.590909090909092,4.853668823541966
208,207,1;3;5;6;8;11;17;18;20;21;23;26;28;29;34,15,425,7660,82440,7,6.4393939393939394,3.165485266436633,9,9.015151515151516,4.260869797339126
209,208,3;4;6;9;10;11;13;15;17;19;20;26;30,13,402,6987,73614,9,6.090909090909091,3.5094039153235705,14,8.527272727272727,4.865041962970075
210,209,2;4;5;6;9;11;13;15;16;17;18;22;26;31,14,435,8192,86203,8,6.590909090909091,3.600036151304643,11,9.227272727272728,4.995680910585762
211,210,1;2;3;4;6;9;12;13;14;15;18;27,12,416,7501,78819,4,6.303030303030303,3.5894371074075018,7,8.824242424242424,4.990109979285442
212,211,1;3;4;5;7;8;13;16;20;21;24;28;29,13,406,7026,75189,7,6.151515151515151,3.2551061811104027,10,8.612121212121213,4.427985563884079
213,212,1;3;6;7;9;10;13;17;19;20;26;27,12,382,6252,66519,7,5.787878787878788,3.305553267498297,7,8.103030303030303,4.5369534670168825
214,213,1;2;3;4;15;16;17;18;19;20;21;22,12,382,6284,66487,7,5.787878787878788,3.389314467538565,8,8.103030303030303,4.679777051700935
215,214,2;3;5;8;9;12;13;15;17;18;20;21;23;30;32,15,447,8606,91075,4,6.7727272727272725,3.5000938103475043,6,9.481818181818182,4.819131483972917
216,215,1;4;5;8;12;13;28;29;36;37;40;41;42,13,289,3436,38180,3,4.378787878787879,2.5782050343361096,3,6.130303030303031,3.4371672325794904
217,216,1;3;4;7;9;10;16;17;19;20;23;24;26;29;33,15,434,8016,85945,7,6.575757575757576,3.2363075026922736,9,9.206060606060607,4.376049714908056
218,217,2;4;6;7;8;11;12;13;15;17;19;23,12,403,7127,73876,8,6.106060606060606,3.787150422985512,12,8.548484848484849,5.337759625856872
219,218,4;6;7;10;11;13;15;17;21;26;28;30;36;43,14,363,5563,60140,7,5.5,3.0405969998993214,10,7.7,4.107204604181337
220,219,2;6;7;9;11;15;16;17;22;24;26;31;33,13,366,5663,61132,7,5.545454545454546,3.0656123298829385,8,7.763636363636364,4.146152433425151
221,220,2;6;8;9;10;13;14;15;16;22;23;24;29;32;38,15,414,7308,78183,5,6.2727272727272725,3.2681145492984776,8,8.781818181818183,4.4437286181049345
222,221,2;3;4;5;7;13;15;17;18;20;31;33;35;38,14,389,6396,69070,4,5.8939393939393945,3.092194216401399,6,8.251515151515152,4.165892113524244
223,222,1;2;4;10;11;14;15;21;22;23;24;32;34;36;38,15,388,6319,68759,6,5.878787878787879,2.975743542339732,7,8.23030303030303,3.968337070493508
224,223,1;2;6;7;8;9;15;17;19;23;24;25;26,13,403,6943,74060,8,6.106060606060606,3.3055235227539583,10,8.548484848484849,4.516524013923579
225,224,1;3;4;7;8;11;12;15;16;22;23;26;38,13,399,6808,72593,5,6.045454545454546,3.3054442034357443,7,8.463636363636365,4.519948533965437
226,225,2;5;6;8;12;14;17;18;20;23;25;26;31,13,378,6067,65186,8,5.7272727272727275,3.1529428992431043,11,8.01818181818182,4.281088261045973
227,226,1;2;4;6;7;8;12;13;14;15;16;19;20,13,448,8833,91295,6,6.787878787878788,3.9939656303292566,10,9.503030303030304,5.6607965489995
228,227,1;6;7;10;11;12;17;18;20;26;27;37;38,13,355,5309,57526,5,5.378787878787879,2.995702265786825,7,7.530303030303031,4.040953936831308
229,228,1;3;4;5;8;9;10;11;14;18;19;22;27,13,434,8178,85783,7,6.575757575757576,3.660348577896144,8,9.206060606060607,5.099094112371056
230,229,1;2;4;5;6;7;12;14;15;18;19;27;29;33;34,15,449,8601,91975,8,6.803030303030304,3.286129949449183,11,9.524242424242425,4.4534057274649115
231,230,1;3;4;6;9;15;18;19;21;22;24;27;28,13,388,6374,68704,3,5.878787878787879,3.119708104908945,6,8.23030303030303,4.2138151066692195
232,231,1;5;9;12;13;14;21;25;26;34;35;39;40,13,311,4003,44202,6,4.712121212121212,2.6920679156408482,9,6.596969696969698,3.590702586114844
233,232,1;2;3;4;12;14;15;16;20;32;34;35;36,13,361,5475,59505,6,5.46969696969697,2.9667903742956554,8,7.657575757575758,3.9838731928161017
234,233,2;4;7;9;11;12;13;15;22;23;24;27;34;36,14,391,6479,69766,10,5.924242424242425,3.1384770385827423,12,8.293939393939395,4.24282208981997
235,234,1;2;3;4;5;8;9;11;13;15;16;24,12,429,8011,83795,11,6.5,3.7041427564683325,12,9.100000000000001,5.176774723984018
236,235,1;4;5;6;9;10;11;15;16,9,328,4665,48963,3,4.96969696969697,3.2805676822590097,6,6.957575757575758,4.565923932773821
237,236,2;3;4;5;7;9;12;24;26;29;31;33;35;36;38,15,381,6129,66261,4,5.7727272727272725,3.0668913538892326,6,8.081818181818182,4.131078864757502
238,237,3;4;6;7;10;13;16;20;23;27;33;43,12,335,4728,51217,7,5.075757575757576,2.952631875993392,11,7.106060606060606,3.995915817797421
239,238,2;3;6;11;13;16;19;24;26;27;29;30;32,13,347,5035,54996,7,5.257575757575758,2.881958363459418,8,7.360606060606061,3.8579125290964527
240,239,2;3;4;5;9;13;15;17;20;24;26;28;29;30;33,15,417,7361,79375,6,6.318181818181818,3.1306640857380756,9,8.845454545454546,4.207099963696152
241,240,1;2;3;4;6;10;24;25;27;30;31;33;34;35;37,15,373,5936,63442,5,5.651515151515151,3.218787848280442,7,7.912121212121213,4.3990191556153455
242,241,1;3;4;7;8;11;12;14;19;22;25;26;33,13,400,6820,72980,5,6.0606060606060606,3.2489192742892463,7,8.484848484848486,4.422662139364032
243,242,1;2;11;12;13;14;15;16;17;28;30,11,336,4811,51469,7,5.090909090909091,3.098450527625996,9,7.127272727272728,4.243045251671042
244,243,2;5;7;9;10;11;14;15;16;17;23;25;26;30;40,15,425,7758,82342,5,6.4393939393939394,3.4220039415599572,6,9.015151515151516,4.698267025434035
245,244,1;2;3;9;11;12;13;20;21;22;23;24;25,13,399,6790,72611,7,6.045454545454546,3.2583285284130916,10,8.463636363636365,4.439610267580658
246,245,1;2;4;5;6;7;11;16;18;20;21;22;23;27;29,15,463,9194,97759,7,7.015151515151516,3.403324242119158,10,9.821212121212122,4.648067781408152
247,246,2;3;5;8;10;13;16;18;21;26,10,328,4589,49039,6,4.96969696969697,3.0816348321633686,8,6.957575757575758,4.2267179191492055
248,247,1;3;4;8;11;12;13;16;21;24;25;27;28,13,392,6543,70093,2,5.9393939393939394,3.220126361775403,4,8.315151515151516,4.381064770324802
249,248,5;6;7;9;14;15;20;21;22;28;30;35;37;42,14,339,4795,52496,3,5.136363636363637,2.8407123179850426,5,7.190909090909091,3.799095180131115
250,249,3;4;5;10;13;14;17;19;23;24;28;33;36;38;41,15,367,5638,61523,4,5.5606060606060606,2.920745510068974,6,7.784848484848485,3.8979193627607955
251,250,2;4;6;7;8;11;13;14;15;18;20;22;24;26,14,440,8420,88160,5,6.666666666666667,3.708178126782773,8,9.333333333333334,5.177354944796797
252,251,1;3;6;9;10;12;13;18;19;21;22;31;32,13,388,6415,68663,8,5.878787878787879,3.227027142460539,9,8.23030303030303,4.396807824545661
253,252,3;5;6;8;9;12;13;14;16;17;19;22;25;31,14,430,8036,84199,8,6.515151515151516,3.6739121813117492,12,9.121212121212121,5.124607598180525
254,253,2;3;5;6;9;11;12;15;17;23;26;28,12,383,6289,66864,5,5.803030303030303,3.318849168214914,8,8.124242424242425,4.558559591688546
255,254,1;4;5;6;10;11;14;15;18;19;23;25;29,13,405,7044,74766,8,6.136363636363637,3.391703961999937,10,8.590909090909092,4.661749631622769
256,255,1;3;4;5;15;18;19;21;22;23;26;36;37;41,14,359,5393,58868,3,5.4393939393939394,2.9076578225626797,5,7.615151515151515,3.8856008285817936
257,256,2;3;7;9;10;12;17;19;20;22;29;32;39,13,364,5596,60470,3,5.515151515151516,3.048320718510988,5,7.721212121212122,4.119129562004819
258,257,1;4;5;6;7;10;14;18;19;21;24;25;26;31,14,419,7486,80085,6,6.348484848484849,3.272447367056241,9,8.887878787878789,4.447400644927065
259,258,1;2;3;4;7;8;9;10;11;13;16;17;24;26,14,479,10022,104459,6,7.257575757575758,3.868770001433841,9,10.160606060606062,5.438076964144599
260,259,1;3;7;9;10;21;28;30;31;37;38;40;41,13,289,3454,38162,5,4.378787878787879,2.6253207093587623,8,6.130303030303031,3.517505498964269
261,260,3;5;8;9;12;13;16;17;22;25;28;30;33,13,364,5595,60471,7,5.515151515151516,3.0457031810097313,9,7.721212121212122,4.1146663249834425
262,261,2;5;7;10;12;13;15;20;25;27;32;37,12,335,4706,51239,7,5.075757575757576,2.895046050965707,11,7.106060606060606,3.8977246033271307
263,262,1;2;3;4;5;6;7;12;13;15;16;17;19;20;22,15,513,11559,119769,7,7.772727272727273,4.056320529364918,10,10.881818181818183,5.75819655327053
264,263,1;3;4;5;8;9;10;12;13;26;27;31;36;39,14,406,6993,75222,5,6.151515151515151,3.168727443568873,9,8.612121212121213,4.28069874217865
265,264,3;5;7;8;9;11;14;17;18;20;25;27;28;32;35,15,416,7356,78964,5,6.303030303030303,3.209894169725029,9,8.824242424242424,4.3429406111858455
266,265,1;2;3;4;5;25;28;29;30;32;33;34,12,314,4209,44932,4,4.757575757575758,3.034757115095376,8,6.660606060606061,4.169848164520463
267,266,1;2;5;6;7;8;11;13;18;19;20;31;33;38;39,15,424,7635,82041,5,6.424242424242425,3.194426902672138,8,8.993939393939394,4.3108864543959555
268,267,1;2;5;7;10;12;16;17;26;27;28;29;33;34,14,383,6170,66983,5,5.803030303030303,3.0073622055651583,9,8.124242424242425,4.027434386144737
269,268,5;7;8;9;13;14;16;21;22;26;29;35;42,13,338,4811,52142,4,5.121212121212121,2.954803242329664,5,7.16969696969697,3.995116492621772
270,269,1;2;6;7;13;15;16;18;22;23;24;25;31;37;38,15,397,6639,71967,5,6.015151515151516,3.0381777606936105,11,8.421212121212122,4.0660616738206485
271,270,1;3;4;5;6;7;8;9;11;12;14;15;16;17;21,15,526,12297,125778,5,7.96969696969697,4.442754332817749,8,11.157575757575758,6.420131120934492
272,271,1;2;5;6;11;13;18;19;20;21;24;26;31;32;37,15,409,7058,76378,6,6.196969696969697,3.0688743368447327,10,8.675757575757576,4.107951182010375
273,272,2;3;4;5;12;15;16;18;20;27;30;31;32;34;36,15,390,6401,69454,5,5.909090909090909,3.0199244025882415,8,8.272727272727273,4.041663997266529
274,273,3;7;10;13;16;20;23;26;30;33;36;43,12,280,3212,35848,4,4.242424242424242,2.5164846898462088,6,5.9393939393939394,3.3498622589531646
275,274,1;2;4;9;11;12;13;20;21;22;24;25;26,13,395,6646,71169,7,5.984848484848485,3.2305667670361053,10,8.378787878787879,4.395984154440804
276,275,1;2;3;5;6;15;16;18;19;20;21;24;26,13,409,7151,76285,8,6.196969696969697,3.3123053244617644,10,8.675757575757576,4.5230322249983885
277,276,2;6;8;11;12;17;18;20;24;26;29;35;37,13,340,4826,52804,4,5.151515151515151,2.8493878684153504,5,7.212121212121213,3.8124159138958227
278,277,1;2;3;4;5;10;12;13;14;15;16;17;19,13,454,9069,93762,5,6.878787878787879,4.004435780334294,7,9.63030303030303,5.676150084353033
279,278,2;4;6;8;26;28;30;32;34;36;38;40,12,256,2750,29890,3,3.878787878787879,2.604053217161037,5,5.430303030303031,3.5507566147735226
280,279,1;2;5;6;7;9;15;20;21;22;24;29;30;31,14,408,7056,75972,3,6.181818181818182,3.153894731061744,6,8.654545454545454,4.25374079056953
281,280,1;12;13;14;25;26;27,7,197,1562,17744,3,2.984848484848485,2.0513661227191866,3,4.178787878787879,2.7583332265573253
282,281,1;2;3;5;8;10;11;13;27;35;37;38;40,13,355,5268,57567,8,5.378787878787879,2.888383228235231,10,7.530303030303031,3.8579612189548698
283,282,1;3;5;8;13;14;16;21;22;26;27;29;30,13,370,5763,62502,4,5.606060606060606,3.0081058241734695,5,7.848484848484849,4.043286992547028
284,283,2;7;10;12;13;14;20;23;25;27;30;32;37;39,14,339,4783,52508,3,5.136363636363637,2.809301867969941,5,7.190909090909091,3.745536335874597
285,284,5;6;8;9;13;15;17;21;22;23;28;30;38;43,14,352,5211,56565,4,5.333333333333334,2.96741501392664,6,7.466666666666667,3.9967394879022713
286,285,1;3;4;5;7;8;12;20;24;27;28;32,12,369,5762,62134,3,5.590909090909091,3.0856900323073617,4,7.827272727272728,4.1767661819035915
287,286,2;4;14;18;21;23;25;27;29;39;41;43,12,254,2621,29510,6,3.8484848484848486,2.3677609681837986,9,5.387878787878789,3.1523924231746605
288,287,2;3;6;8;10;11;12;13;15;18;21;23;25;29;31,15,448,8643,91485,7,6.787878787878788,3.4966335050901556,11,9.503030303030304,4.812781514937953
289,288,5;6;7;11;13;16;18;23;24;27;29;34;40,13,332,4599,50347,6,5.03030303030303,2.8277336945412994,9,7.042424242424243,3.787535396245751
290,289,1;4;5;9;11;19;23;24;28;30;34;35;39,13,323,4334,47669,4,4.8939393939393945,2.7584581849909515,6,6.851515151515152,3.683683985734721
291,290,5;6;7;10;13;14;19;21;24;26;27;31;32;37,14,358,5368,58535,4,5.424242424242425,2.9195854650400044,6,7.593939393939395,3.9072312981826656
292,291,1;2;4;5;10;11;12;13;15;17;22;24;34;35;39,15,431,7919,84746,10,6.53030303030303,3.2717334931922615,12,9.142424242424243,4.438230721592234
293,292,1;2;3;13;14;15;16;17,8,279,3318,35463,2,4.2272727272727275,2.8509445100354167,4,5.918181818181819,3.9221993721570847
294,293,4;8;12;16;20;24;28;32,8,216,1877,21343,7,3.272727272727273,2.1504260362611296,7,4.581818181818182,2.8753471287932157
295,294,1;4;7;8;11;13;20;21;24;27;28;31;32,13,358,5382,58521,4,5.424242424242425,2.956230990057625,8,7.593939393939395,3.9697166164819357
296,295,2;3;4;6;8;11;12;14;15;17;20;22;26;34;37,15,444,8462,89884,7,6.7272727272727275,3.4225492618727245,9,9.418181818181818,4.688314006876361
297,296,3;5;7;12;15;18;19;22;24;27;30;37;42,13,324,4362,47964,3,4.909090909090909,2.763405727464919,4,6.872727272727273,3.6904965084246193
298,297,1;4;5;8;9;12;13;14;17;21;22;26,12,388,6507,68571,4,5.878787878787879,3.467840592576316,7,8.23030303030303,4.807425630512302
299,298,2;3;4;8;10;11;13;18;20;22;24;28;31;32;35,15,414,7250,78241,6,6.2727272727272725,3.1162973742254856,7,8.781818181818183,4.184860870865087
300,299,2;5;9;11;16;17;19;20;22;24;25;33;35;42;44,15,351,5157,56268,6,5.318181818181818,2.9016295543779655,6,7.445454545454546,3.885925427637897
301,300,1;2;3;5;12;14;16;17;19;26;28;29;31,13,382,6145,66626,3,5.787878787878788,3.0254767548636394,5,8.103030303030303,4.059387105729588
302,301,2;4;6;10;20;22;24;26;30;32;36,11,283,3302,36601,5,4.287878787878788,2.579513803086739,5,6.003030303030304,3.4512710615670414
303,302,1;4;6;7;10;12;13;18;19;22;23;25;29,13,396,6706,71504,3,6.0,3.3007147890868787,5,8.4,4.5146535118628
304,303,3;7;8;12;13;15;16;21;24;28;31;36;43,13,328,4498,49130,6,4.96969696969697,2.843438919548852,9,6.957575757575758,3.8205633502039404
305,304,6;7;8;10;12;15;16;17;22;23;25;29;31;37,14,372,5853,63153,5,5.636363636363637,3.0825073446637887,6,7.8909090909090915,4.16780319046703
306,305,1;2;3;5;10;11;13;14;15;16;18;21;31;32,14,438,8258,87445,6,6.636363636363637,3.4803730448550674,10,9.290909090909091,4.789978431246915
307,306,4;5;7;11;12;14;16;18;19;23;26;30;37,13,363,5591,60112,4,5.5,3.113888049934557,6,7.7,4.232175240779888
308,307,2;4;6;8;10;16;18;20;22;24;30;40,12,340,4863,52767,8,5.151515151515151,2.9462367559619107,8,7.212121212121213,3.977555683686756
309,308,1;2;3;4;5;8;18;20;22;23;26;28;30;31,14,409,7085,76351,5,6.196969696969697,3.139547849378708,7,8.675757575757576,4.228458581587532
310,309,1;3;4;6;7;9;10;13;16;17;18;25;31;34;35,15,446,8505,90730,6,6.757575757575758,3.3357739277400924,9,9.460606060606061,4.539404189890433
311,310,4;6;7;9;13;14;15;18;22;23;27;29;33;36;40,15,379,6039,65592,4,5.742424242424242,2.997130013514788,8,8.039393939393939,4.0143043543254855
312,311,1;3;4;5;8;12;15;16;20;23;24;28,12,381,6185,66205,7,5.7727272727272725,3.213473453959704,10,8.081818181818182,4.381020137954589
313,312,1;2;3;4;6;7;8;9;10;14;15;17;18,13,471,9763,100922,8,7.136363636363637,4.050014643566431,10,9.990909090909092,5.748637111068383
314,313,1;2;8;9;10;11;17;18;25;26;28;34;36,13,360,5432,59188,4,5.454545454545455,2.932117917318756,6,7.636363636363637,3.926025583530862
315,314,2;3;4;7;15;17;19;21;22;23;24;26,12,357,5379,58167,3,5.409090909090909,3.02548666977842,5,7.572727272727273,4.089108206803761
316,315,2;8;10;12;20;22;30;32;34;42;44,11,239,2310,26131,5,3.621212121212121,2.281114527943279,8,5.06969696969697,3.0399391376769778
317,316,1;4;6;8;10;11;12;16;17;18;20;21;28;29,14,429,7948,83858,7,6.5,3.5392378938890516,8,9.100000000000001,4.8955907916372965
318,317,1;3;7;8;11;12;14;17;19;25;26;28;29;33;36,15,406,6957,75258,9,6.151515151515151,3.074496093523571,11,8.612121212121213,4.120022209409093
319,318,1;2;3;11;14;15;17;18;25;26;28;32;43,13,350,5124,55951,7,5.303030303030303,2.890554594571501,9,7.424242424242425,3.8684092510730927
320,319,3;5;6;9;11;14;17;20;23;25;28;34;37,13,353,5228,56900,5,5.348484848484849,2.9360937981445314,6,7.487878787878788,3.9419836846263863
321,320,2;3;4;6;7;9;16;18;20;22;25;26;29,13,398,6742,72261,9,6.03030303030303,3.220364319730063,10,8.442424242424243,4.375790035663176
322,321,1;2;3;4;5;6;7;8;9;13;14;16;22,13,475,9891,102684,7,7.196969696969697,3.957528318521966,9,10.075757575757576,5.590102932069094
323,322,3;5;6;9;11;14;20;23;25;29;34,11,316,4177,45593,2,4.787878787878788,2.8186912922642264,4,6.703030303030303,3.7980199457577832
324,323,1;4;5;6;10;17;18;21;22;26;27;28;32,13,368,5695,61833,4,5.575757575757576,2.9902589775739834,5,7.806060606060607,4.015241634099976
325,324,2;3;4;8;11;12;15;17;19;21;23;29;31;32;34,15,414,7254,78237,4,6.2727272727272725,3.1267675242305195,6,8.781818181818183,4.202713818950592
326,325,1;3;10;12;13;15;24;25;27;28;37;38,12,307,3914,43057,4,4.651515151515151,2.7175294167894553,7,6.512121212121213,3.641161509385608
327,326,2;3;6;7;8;9;10;11;13;14;16;17;20;23,14,471,9827,100858,4,7.136363636363637,4.217537043646971,8,9.990909090909092,6.034284280436488
328,327,1;4;5;6;7;11;12;15;19;20;26;27;31;32;38,15,421,7514,80896,9,6.378787878787879,3.1592983596154767,12,8.930303030303032,4.253046960087119
329,328,1;3;5;7;8;10;11;12;15;16;19;22;27,13,429,8016,83790,7,6.5,3.717230443974625,9,9.100000000000001,5.1990909090908985
330,329,2;5;7;8;10;11;12;13;16;18;21;23;25;26;33,15,445,8549,90241,6,6.742424242424242,3.5507391950309426,7,9.43939393939394,4.906416170158231
331,330,1;2;3;4;12;13;14;15;16;17,10,353,5404,56724,4,5.348484848484849,3.396780398366017,5,7.487878787878788,4.727513400388659
332,331,5;10;12;13;17;18;22;27;30;35;40,11,266,2899,32346,2,4.03030303030303,2.4717485943701547,3,5.642424242424243,3.303006385205114
333,332,1;2;3;6;8;9;11;17;18;19;20;25;26;28;29,15,453,8773,93605,6,6.863636363636364,3.3315005994709956,8,9.60909090909091,4.529102227347458
334,333,3;4;9;12;13;16;22;25;29;34;38,11,290,3471,38434,3,4.3939393939393945,2.6102401239821926,5,6.151515151515152,3.489845601896338
335,334,2;4;6;8;10;14;16;18;22;24;26;28;30,13,377,6019,64857,5,5.712121212121212,3.1095651470915655,8,7.996969696969697,4.208236060392501
336,335,3;4;7;10;11;14;17;18;19;21;22;29;36;40,14,379,6105,65526,4,5.742424242424242,3.169887488597844,8,8.039393939393939,4.308877997736339
337,336,1;2;9;10;14;15;17;24;29;30;31;32;39;41,14,336,4693,51587,5,5.090909090909091,2.789581102477504,8,7.127272727272728,3.7163832831486054
338,337,4;5;9;13;14;17;18;19;23;27;31;32;36,13,337,4742,51874,5,5.106060606060606,2.8461456912831054,7,7.148484848484849,3.8113325645460883
339,338,3;4;7;8;11;21;25;29;32;36;40;43,12,281,3244,36096,4,4.257575757575758,2.542987257046452,5,5.960606060606061,3.393021760949873
340,339,2;6;7;8;9;13;15;16;22;23;24;29;31,13,380,6145,65865,6,5.757575757575758,3.191809365170883,10,8.06060606060606,4.345164114720131
341,340,2;3;4;5;6;8;9;10;11;12;14;16;20,13,465,9573,98307,5,7.045454545454546,4.186245572609202,7,9.863636363636365,5.982462041130113
342,341,4;5;7;9;11;15;18;20;24;26;31;33;35;38;42,15,357,5320,58226,5,5.409090909090909,2.8710519572041697,9,7.572727272727273,3.825777222542545
343,342,1;9;10;12;13;19;20;21;29;30;32;33;42,13,314,4090,45051,8,4.757575757575758,2.7232701524456253,8,6.660606060606061,3.638722958976654
344,343,2;7;9;12;14;16;19;21;26;28;30;33;42,13,326,4422,48553,5,4.9393939393939394,2.782997599065247,6,6.915151515151516,3.7206842206419317
345,344,1;6;11;13;14;17;19;26;27;30;32;33;43;44,14,314,4075,45066,6,4.757575757575758,2.68400708992675,8,6.660606060606061,3.571774403656004
346,345,3;5;6;8;9;10;13;14;16;19;22;24;27,13,409,7265,76171,5,6.196969696969697,3.6107045996052243,6,8.675757575757576,5.0318412454353165
347,346,1;8;9;17;22;23;30;31;32;39;40,11,243,2405,26998,1,3.681818181818182,2.3414765291086637,4,5.154545454545455,3.1332451363529543
348,347,5;10;14;15;19;24;29;34;39,9,216,1869,21351,3,3.272727272727273,2.1294857362510626,5,4.581818181818182,2.839641232622201
349,348,3;4;6;7;10;11;14;17;21;28,10,329,4639,49317,6,4.984848484848485,3.1428792607439497,7,6.978787878787879,4.329571187562724
350,349,1;4;5;6;7;8;9;10;11;12;15;19;20,13,458,9285,95368,8,6.9393939393939394,4.159822324727177,10,9.715151515151515,5.939627138189493
351,350,4;5;6;7;9;10;11;15;16;17;21;23;25;28;32,15,446,8591,90644,7,6.757575757575758,3.5608821528483148,10,9.460606060606061,4.923242573728814
352,351,2;4;5;7;9;11;20;22;24;29;31,11,331,4610,50005,4,5.015151515151516,2.9269324168901285,7,7.0212121212121215,3.958229867384194
353,352,1;3;4;6;9;10;11;12;15;21;24;25;36,13,408,7136,75892,6,6.181818181818182,3.363297731162419,11,8.654545454545454,4.610799752279654
354,353,3;5;6;7;8;10;11;13;14;17;18;20;25,13,428,8064,83314,5,6.484848484848485,3.938283468938856,7,9.07878787878788,5.576644243705545
355,354,1;2;5;7;8;9;17;22;24;25;26;29;30;31,14,394,6578,70843,7,5.96969696969697,3.1392206571910535,10,8.357575757575757,4.241178807098457
356,355,1;3;5;6;9;14;15;21;22;24;25;27;30;36;39,15,398,6665,72338,5,6.03030303030303,3.0188139321331633,9,8.442424242424243,4.032120785017181
357,356,4;6;11;12;15;16;17;20;21;23;27;31;37;43,14,347,5069,54962,7,5.257575757575758,2.9709546385022048,9,7.360606060606061,4.009662587823257
358,357,1;3;4;7;8;11;15;16;18;19;22;23;26;27,14,430,7933,84302,6,6.515151515151516,3.4043058186821327,9,9.121212121212121,4.664894184978742
359,358,1;2;3;8;9;11;12;19;20;28;30;31;39,13,372,5829,63177,7,5.636363636363637,3.019686444633585,9,7.8909090909090915,4.060685501953991
360,359,1;4;5;9;10;14;16;18;19;20;21;23;30;39,14,401,6871,73329,6,6.075757575757576,3.2942205199076184,8,8.506060606060606,4.49901189484698
361,360,2;5;7;9;10;12;15;17;19;21;24;31;36,13,377,6052,64824,4,5.712121212121212,3.195943884633099,7,7.996969696969697,4.3555228820979295
362,361,3;5;6;8;11;14;17;19;22;25;30,11,335,4763,51182,5,5.075757575757576,3.0442456885374387,6,7.106060606060606,4.152129113545595
363,362,1;3;5;8;10;13;18;19;20;24;25;27;28;37;38,15,399,6703,72698,7,6.045454545454546,3.0306027658036037,9,8.463636363636365,4.051308646720901
364,363,1;2;3;6;7;9;10;11;17;18;20;21;24;26;27,15,473,9650,101978,9,7.166666666666667,3.5409829188898883,13,10.033333333333333,4.880237256283756
365,364,2;3;5;7;9;11;12;14;24;26;33;35;38,13,366,5636,61159,4,5.545454545454546,2.9949388173489613,6,7.763636363636364,4.0256450338479866
366,365,1;4;5;6;9;10;11;15;16;20;21;25,12,397,6831,71775,4,6.015151515151516,3.5407449609352284,6,8.421212121212122,4.923003181924944
367,366,1;7;8;14;15;17;18;21;22;25;32;39,12,321,4317,47043,5,4.863636363636364,2.8498736992394473,6,6.8090909090909095,3.8428349029406057
368,367,3;4;7;10;12;15;19;22;26;29;41,11,307,3940,43031,5,4.651515151515151,2.785585391822174,8,6.512121212121213,3.7572056719413958
369,368,3;6;9;10;13;15;18;19;21;24;28;34,12,340,4887,52743,7,5.151515151515151,3.0090576559921107,8,7.212121212121213,4.084673372199791
370,369,1;2;3;5;6;7;8;15;16;18;19;21;23;24;26,15,481,9996,105444,11,7.287878787878788,3.58333943481934,14,10.203030303030303,4.95109723023041
371,370,1;2;3;6;8;18;20;21;24;26;27;28;29,13,372,5822,63184,7,5.636363636363637,3.001363682124776,10,7.8909090909090915,4.029442842804357
372,371,1;2;6;8;11;12;15;16;17;18;19;20;27;33;35,15,435,8118,86277,4,6.590909090909091,3.4063383762115187,7,9.227272727272728,4.665401371003895
373,372,2;3;4;5;6;7;8;10;13,9,347,5227,54804,5,5.257575757575758,3.384525563701036,6,7.360606060606061,4.714854037200752
374,373,1;2;3;5;6;8;11;16;17;19;22;27;28;30,14,435,8077,86318,7,6.590909090909091,3.2990193386599245,10,9.227272727272728,4.482408653127457
375,374,2;4;6;8;9;10;12;14;17;19;21;23,12,395,6809,71006,8,5.984848484848485,3.6572253797412273,9,8.378787878787879,5.1234917889251825
376,375,2;4;6;8;11;15;17;18;19;20;21;23;26;37;41,15,407,7067,75554,6,6.166666666666667,3.2726853250108974,11,8.633333333333335,4.457122386657261
377,376,2;4;10;11;12;13;15;16;17;23;27;29;39,13,367,5743,61418,7,5.5606060606060606,3.1955869477011074,8,7.784848484848485,4.366559250005334
378,377,2;6;7;8;14;15;16;21;23;31;37;39,12,321,4302,47058,3,4.863636363636364,2.8106106367205683,5,6.8090909090909095,3.775886347619956
379,378,2;3;5;7;8;9;10;12;17;24;26;29;34,13,399,6801,72600,6,6.045454545454546,3.2871214409269314,9,8.463636363636365,4.488705874815807
380,379,4;5;9;12;13;16;18;21;25;29;30;34,12,324,4384,47942,6,4.909090909090909,2.8209915524926075,7,6.872727272727273,3.788687722894906
381,380,1;6;7;9;11;15;16;18;20;24;25;29;35;36,14,378,6019,65234,7,5.7272727272727275,3.0273010991827007,11,8.01818181818182,4.0668528840198945
382,381,2;4;5;6;7;8;9;10;11;15;19,11,399,7009,72392,6,6.045454545454546,3.831569241188685,10,8.463636363636365,5.417059175262121
383,382,2;3;5;7;9;12;14;15;17;18;20;27;32,13,404,7021,74385,6,6.121212121212121,3.4207249175536596,9,8.56969696969697,4.712090887735698
384,383,3;4;5;7;9;11;12;13;18;22;24;25;29;33;36,15,424,7654,82022,5,6.424242424242425,3.244160115196049,8,8.993939393939394,4.39568795780211
385,384,2;4;6;8;10;11;12;13;14;16;21;25;27,13,416,7541,78779,8,6.303030303030303,3.694138607457841,11,8.824242424242424,5.168639460140504
386,385,2;3;5;7;8;9;10;11;12;13;14;17;20;22;25,15,497,10916,112340,6,7.53030303030303,4.215355762395923,10,10.542424242424243,6.027857219125707
387,386,3;6;9;12;15;21;24;27;30;33;36,11,279,3192,35589,8,4.2272727272727275,2.5211347848768515,9,5.918181818181819,3.3598315074636353
388,387,3;5;6;8;9;12;14;17;25;30;33;39;42,13,342,4904,53407,5,5.181818181818182,2.907846205943452,5,7.254545454545455,3.909178892519268
389,388,1;3;7;8;9;12;15;16;20;21;23;24;28;31,14,412,7238,77428,6,6.242424242424242,3.267717952707372,9,8.73939393939394,4.4446050355564
390,389,2;3;4;5;6;7;8;9;10;11;13;16;19,13,472,9869,101287,5,7.151515151515151,4.220977519074761,7,10.012121212121214,6.0399282465244255
391,390,1;2;3;9;11;12;20;21;22;23;24,11,347,5091,54940,5,5.257575757575758,3.0285404635298914,9,7.360606060606061,4.107853802293544
392,391,1;4;6;7;8;10;11;12;17;18;21;28;29,13,413,7361,77717,7,6.257575757575758,3.4983884450057765,8,8.760606060606062,4.837146731586472
393,392,1;2;4;5;6;7;16;17;18;21;23;34;35;39;41,15,406,6968,75247,4,6.151515151515151,3.1032890060374143,6,8.612121212121213,4.169117816644238
394,393,1;2;3;7;12;13;15;19;24;25;27;31;32;34,14,385,6228,67692,10,5.833333333333334,2.991300043625621,13,8.166666666666668,3.9979445618980414
395,394,2;3;5;6;7;8;9;12;15;19;21;24;27,13,427,7897,83054,8,6.46969696969697,3.596308143348306,11,9.057575757575759,4.994171524974895
396,395,4;5;6;9;11;15;16;20;24,9,295,3726,39639,7,4.46969696969697,2.975951755550062,9,6.257575757575758,4.103845003950706
397,396,2;3;5;6;9;11;13;14;16;20;22;25;27,13,412,7321,77345,8,6.242424242424242,3.4849735653118223,12,8.73939393939394,4.815053708330659
398,397,1;3;4;5;8;9;10;11;12;13;16;20;21,13,452,8997,92929,7,6.848484848484849,4.019427131477862,11,9.587878787878788,5.702507527708356
399,398,2;3;5;8;10;13;19;21;22;24;27;29;32;34,14,381,6107,66283,4,5.7727272727272725,3.0093055288615496,7,8.081818181818182,4.032887650287222
400,399,1;2;7;8;10;15;16;17;18;23;25;33;40;41,14,374,5917,63834,6,5.666666666666667,3.0878217389845233,9,7.933333333333334,4.174554850833907
401,400,2;6;7;9;12;13;14;16;18;20;22;25;32;34,14,400,6839,72961,10,6.0606060606060606,3.2986524868131575,13,8.484848484848486,4.507463642770194
402,401,5;6;7;12;13;19;20;25;26;31;32;37,12,307,3903,43068,4,4.651515151515151,2.688736504275612,5,6.512121212121213,3.5920659021504626
403,402,3;4;6;7;10;13;14;17;21;27;31,11,342,4975,53336,8,5.181818181818182,3.0936913685328005,9,7.254545454545455,4.226068721037002
404,403,2;4;6;8;9;10;12;13;14;15;18;23;27,13,424,7873,81803,5,6.424242424242425,3.8174008279716425,8,8.993939393939394,5.373136865483573
405,404,1;3;4;7;9;12;13;15;16;19;20;28;35,13,403,6969,74034,6,6.106060606060606,3.373579497786679,7,8.548484848484849,4.632568176479371
406,405,1;8;9;15;16;18;19;23;24;25;34;42;43,13,308,3953,43325,5,4.666666666666667,2.755394476324703,8,6.533333333333334,3.7039511392999707
407,406,3;5;6;9;12;14;15;17;20;24;29,11,341,4975,52995,6,5.166666666666667,3.166675056209936,11,7.233333333333333,4.35196852243363
408,407,1;3;6;7;8;9;10;11;12;17;18;19,12,419,7740,79831,9,6.348484848484849,3.9373018923758814,11,8.887878787878789,5.581062848356709
409,408,1;2;7;8;9;10;11;12;13;15;16;17;21;28,14,460,9313,96257,7,6.96969696969697,4.026565870117658,10,9.757575757575758,5.711726140901597
410,409,1;3;8;9;10;11;12;15;19;22;23;25;26;31;34,15,426,7728,82797,7,6.454545454545455,3.248839954971025,9,9.036363636363637,4.402342238452164
411,410,1;2;8;9;14;15;17;22;23;29;31;37;38;39;40,15,350,5110,55965,6,5.303030303030303,2.853909069553886,8,7.424242424242425,3.8059239327738226
412,411,2;3;4;8;11;13;15;17;21;23;24;25;26;28,14,410,7161,76684,5,6.212121212121212,3.247967442470607,6,8.696969696969697,4.4125184188609055
413,412,1;2;3;4;6;32;34;35;37;38;41,11,262,2855,31336,4,3.9696969696969697,2.5685974819167168,7,5.557575757575758,3.476894099557942
414,413,6;7;8;11;13;14;17;19;21;25;31;32;38,13,343,4951,53702,6,5.196969696969697,2.9576289930412507,7,7.275757575757576,3.992621137378002
415,414,1;7;8;9;12;13;20;21;22;29;30;42,12,326,4469,48506,4,4.9393939393939394,2.906021861624396,5,6.915151515151516,3.9304563606466303
416,415,3;4;6;9;10;13;14;19;20;23;33,11,341,4963,53007,6,5.166666666666667,3.135264606194834,7,7.233333333333333,4.298409678177112
417,416,1;2;3;4;5;6;11;14;15;16;17;18;20;21,14,477,9968,103558,8,7.2272727272727275,3.9437664168108064,9,10.118181818181819,5.5662773613513465
418,417,1;2;6;8;9;10;15;16;17;18;21;23;29;38;39,15,423,7641,81612,10,6.409090909090909,3.3042544136624414,12,8.972727272727273,4.498833365366124
419,418,2;4;6;8;11;13;15;17;19;21;23,11,356,5480,57710,7,5.3939393939393945,3.36670846184588,11,7.551515151515152,4.672246353599416
420,419,1;2;3;9;11;12;14;15;16;17;19;26;28,13,412,7325,77341,4,6.242424242424242,3.49544371531686,6,8.73939393939394,4.8329066564161565
421,420,1;2;3;5;6;19;20;21;22;24;25;27;30,13,380,6079,65931,7,5.757575757575758,3.0190518900878267,11,8.06060606060606,4.050590471309281
422,421,1;2;5;15;16;17;18;20;21;22;33;38,12,332,4646,50300,2,5.03030303030303,2.950757957100448,3,7.042424242424243,3.9973075362504495
423,422,2;4;6;7;10;11;13;15;19;23;25;26;29;36,14,404,6947,74459,7,6.121212121212121,3.227027142460539,9,8.56969696969697,4.381811348153832
424,423,1;2;10;11;12;13;16;23;26;27;28;39,12,332,4627,50319,5,5.03030303030303,2.901024744576535,6,7.042424242424243,3.912506032844295
425,424,1;3;5;8;10;13;15;16;18;20;21;23;24;33;34,15,431,7935,84730,4,6.53030303030303,3.3136140932123936,6,9.142424242424243,4.509642513934253
426,425,2;4;5;6;11;13;17;19;23;24;25;28;30,13,378,6046,65207,4,5.7272727272727275,3.097974611716676,6,8.01818181818182,4.187360283597062
427,426,1;4;9;10;12;13;14;16;21;22;23;25;26;35;39,15,405,6970,74840,8,6.136363636363637,3.198006186906813,10,8.590909090909092,4.3314700920409095
428,427,1;2;4;6;8;9;13;15;17;18;21;22;23;24,14,447,8644,91037,8,6.7727272727272725,3.599560235395323,10,9.481818181818182,4.98873449078522
429,428,3;4;6;7;10;15;18;21;24;25;28,11,334,4714,50897,3,5.0606060606060606,2.987165524163407,5,7.084848484848485,4.056319644649449
430,429,3;5;6;8;11;14;16;19;20;25;31;36;39,13,352,5209,56567,3,5.333333333333334,2.9621799389241215,4,7.466666666666667,3.987813013859519
431,430,2;4;12;13;14;15;16;17;18;27;29;31;33,13,354,5273,57208,6,5.363636363636364,2.977805844613451,8,7.50909090909091,4.011768424199708
432,431,3;4;6;7;9;13;14;16;20;23;27,11,353,5353,56775,4,5.348484848484849,3.2632859858018364,6,7.487878787878788,4.499888312298456
433,432,1;2;3;6;8;9;12;16;22;24;25;28;34;36;37,15,412,7161,77505,7,6.242424242424242,3.066167565110476,12,8.73939393939394,4.100935784910405
434,433,2;4;6;8;10;12;14;16;20;24,10,334,4809,50802,5,5.0606060606060606,3.2358315867829557,7,7.084848484848485,4.4803271616802185
435,434,4;7;9;10;11;13;17;20;21;24;30;34,12,340,4895,52735,4,5.151515151515151,3.0299979560021804,6,7.212121212121213,4.120379268370808
436,435,4;7;8;10;12;14;15;18;19;22;29;30;37,13,360,5502,59118,4,5.454545454545455,3.1153455424068497,7,7.636363636363637,4.238452175027216
437,436,1;2;5;6;8;11;12;13;14;19;20;24;25,13,425,7827,82273,5,6.4393939393939394,3.6026140291467925,8,9.015151515151516,5.006230379909013
438,437,3;5;6;9;12;13;15;18;22;25;27;28;30;33,14,384,6229,67307,7,5.818181818181818,3.077986143525248,9,8.145454545454546,4.14680163153735
439,438,3;6;8;9;12;14;17;18;20;23;26;32,12,352,5277,56499,9,5.333333333333334,3.1401724890096947,12,7.466666666666667,4.291313131313121
440,439,1;3;6;7;9;10;11;13;14;17;20;23,12,406,7211,75004,4,6.151515151515151,3.7393506188432113,5,8.612121212121213,5.253684412838744
441,440,2;6;8;10;12;14;16;18;22;24;26;34,12,348,5137,55241,5,5.2727272727272725,3.0744167742053516,8,7.381818181818182,4.184682341384239
442,441,1;2;4;5;6;7;11;12;22;27;29;33;34,13,392,6507,70129,10,5.9393939393939394,3.125895011730101,13,8.315151515151516,4.220388237555248
443,442,2;4;7;9;11;13;15,7,254,2753,29378,5,3.8484848484848486,2.713275918349912,6,5.387878787878789,3.741539709996365
444,443,1;2;4;6;9;10;13;14;15;16;24;25;34;38;40,15,424,7662,82014,6,6.424242424242425,3.2651004152061134,9,8.993939393939394,4.43139385397312
445,444,2;8;10;12;20;22;24;30;32;34,10,256,2670,29970,4,3.878787878787879,2.394650217060363,6,5.430303030303031,3.193697653063401
446,445,1;6;7;8;9;10;15;17;18;19;24;25;26;32,14,413,7310,77768,6,6.257575757575758,3.3648940324415904,8,8.760606060606062,4.609521643496265
447,446,1;2;3;9;10;11;12;13;14;15;21;23;24;25;34,15,458,9051,95602,8,6.9393939393939394,3.547318549432706,10,9.715151515151515,4.895229675187373
448,447,1;2;5;6;7;8;9;10;15;16;24;25;26;31,14,445,8532,90258,4,6.742424242424242,3.5062410575095484,6,9.43939393939394,4.830541140794828
449,448,1;4;6;10;13;14;20;24;27;28;33;34;37;38,14,341,4843,53127,3,5.166666666666667,2.8211601060438234,6,7.233333333333333,3.762821235611927
450,449,6;7;8;9;10;15;16;17;23;25;32;33;40,13,344,4998,53998,9,5.212121212121212,3.0071539923548336,13,7.296969696969698,4.075633288487403
451,450,2;4;5;7;8;9;10;12;13;15;17;25,12,413,7497,77581,8,6.257575757575758,3.854373545176923,12,8.760606060606062,5.444146966493676
452,451,3;4;5;6;8;9;10;12;14;15;18;23;26,13,432,8173,84923,6,6.545454545454546,3.8404034302554315,9,9.163636363636364,5.407284686185314
453,452,2;4;8;10;12;14;16;20;22;24;26,11,337,4837,51779,7,5.106060606060606,3.094811753902661,10,7.148484848484849,4.235340081576862
454,453,2;4;5;7;9;12;14;16;18;21;26;28;30,13,393,6590,70438,11,5.954545454545455,3.2570197596624624,12,8.336363636363638,4.443002327716908
455,454,2;3;4;7;9;11;12;13;14;16;21;25;28,13,420,7651,80339,6,6.363636363636364,3.611249919917988,9,8.90909090909091,5.024387639609614
456,455,1;4;5;6;7;9;10;11;15;16;22;26;31,13,422,7695,81136,13,6.3939393939393945,3.5394659369289343,14,8.951515151515151,4.9005855596130345
457,456,4;5;6;9;11;15;16;17;20;22;26,11,344,5096,53900,7,5.212121212121212,3.2636726674781578,9,7.296969696969698,4.513030516582305
458,457,2;4;5;8;9;10;13;15;17;19;22;30;32,13,399,6829,72572,7,6.045454545454546,3.360412490962169,10,8.463636363636365,4.613676511414347
459,458,1;4;5;6;8;22;23;26;27;28;30;31;32;36,14,351,5234,56191,7,5.318181818181818,3.1031799419748634,10,7.445454545454546,4.229594678283888
460,459,2;4;6;8;10;11;15;19;21;26;30;34;36,13,363,5539,60164,6,5.5,2.977776099869118,10,7.7,4.000086915668305
461,460,2;3;13;15;17;19;20;22;32;34;35;37,12,291,3512,38683,6,4.409090909090909,2.6577226508516123,9,6.172727272727273,3.5688732995921093
462,461,3;5;6;7;8;9;11;13;14;15;19;20;22;26;29,15,468,9565,99713,6,7.090909090909091,3.8496837904871626,7,9.927272727272728,5.407771584769463
463,462,4;5;8;12;13;17;21;25;29;34;42,11,285,3359,37111,5,4.318181818181818,2.612391660488907,7,6.045454545454546,3.5033367501654986
464,463,1;2;3;4;5;6;8;10;11;13;15;21,12,441,8496,88524,5,6.681818181818182,3.808606298564005,8,9.354545454545455,5.3480818758408475
465,464,2;3;6;8;9;10;19;22;27;28;29;30;32;36;38,15,376,5958,64542,6,5.696969696969697,3.0319016196394557,8,7.9757575757575765,4.076931684711806
466,465,2;3;5;7;9;10;11;12;14;16;21;25;27;30;37,15,446,8547,90688,6,6.757575757575758,3.445710502792945,11,9.460606060606061,4.726860144788255
467,466,3;6;9;10;12;13;19;21;22;28;31;34;40,13,337,4751,51865,7,5.106060606060606,2.8697035287944335,8,7.148484848484849,3.8515016977384775
468,467,2;3;5;7;10;12;15;16;22;23;26;28;38,13,378,6053,65200,7,5.7272727272727275,3.116297374225489,9,8.01818181818182,4.218602942746696
469,468,2;5;6;7;9;13;15;20;22;24;28;29;30;35,14,385,6257,67663,3,5.833333333333334,3.0672086311621136,5,8.166666666666668,4.127378435517965
470,469,1;3;4;12;13;15;16;17;18;30;33;34,12,344,4979,54017,3,5.212121212121212,2.9574207798309224,6,7.296969696969698,3.9908317850812516
471,470,1;2;3;4;6;10;19;21;22;23;25;26;29;31;32,15,421,7511,80899,7,6.378787878787879,3.1514457471117012,10,8.930303030303032,4.23965724902299
472,471,2;4;7;8;10;12;16;23;24;26;28;31;33;35,14,371,5787,62848,4,5.621212121212121,2.990467190784308,6,7.86969696969697,4.01203216093279
473,472,1;5;6;7;9;10;11;12;15;17;18;20;27,13,427,7988,82963,7,6.46969696969697,3.8345040559628245,9,9.057575757575759,5.400326093920164
474,473,1;2;3;5;7;9;10;12;13;14;15;16;23;28,14,472,9738,101418,8,7.151515151515151,3.8780801064099037,11,10.012121212121214,5.455244196724095
475,474,2;5;9;12;13;14;15;18;20;27;29;32;41,13,348,5101,55277,10,5.2727272727272725,2.9801854241600463,13,7.381818181818182,4.024005808614682
476,475,2;5;7;8;12;13;15;20;28,9,295,3702,39663,2,4.46969696969697,2.9131308555198583,4,6.257575757575758,3.9967273154376706
477,476,1;2;3;4;6;22;23;24;25;26;28;29,12,347,5076,54955,4,5.257575757575758,2.9892774010110124,6,7.360606060606061,4.0409052469728906
478,477,1;3;4;7;8;11;12;13;15;16;18;19;20;31,14,452,8923,93003,8,6.848484848484849,3.825729356384741,9,9.587878787878788,5.37222798812649
479,478,1;2;4;6;7;8;9;10;11;12;13;14;19;21;25,15,513,11620,119708,10,7.772727272727273,4.215990316941678,13,10.881818181818183,6.030454011574506
480,479,2;4;8;9;10;12;15;17;19;21;27;36,12,360,5534,59086,4,5.454545454545455,3.1991067424471176,5,7.636363636363637,4.381275759711269
481,480,1;2;5;7;12;13;14;20;21;25;26;27;28,13,384,6247,67289,6,5.818181818181818,3.1251018185479005,8,8.145454545454546,4.227139897922129
482,481,1;6;11;12;17;18;19;20;25;26;36;37;38,13,319,4234,46487,5,4.833333333333333,2.7675005872680227,7,6.7666666666666675,3.7056918017383076
483,482,1;6;8;9;10;11;14;15;19;23;24;25;34,13,386,6379,67926,6,5.848484848484849,3.3022218561330554,9,8.187878787878788,4.527069425758636
484,483,3;4;6;7;9;10;12;13;15;16;19;22,12,404,7192,74214,2,6.121212121212121,3.8683238302688565,4,8.56969696969697,5.47530441839109
485,484,1;2;4;5;13;17;18;24;25;26;27;29;31;42;44,15,367,5643,61518,6,5.5606060606060606,2.933833197575261,7,7.784848484848485,3.9202355478676765
486,485,1;3;4;5;9;10;12;13;14;17;19;22,12,411,7380,76875,4,6.2272727272727275,3.730437110458247,6,8.718181818181819,5.234391056441787
487,486,1;2;13;15;17;21;22;23;24;36;37;38;39,13,297,3665,40291,5,4.5,2.6937732809825796,7,6.300000000000001,3.6189264740427483
488,487,2;4;10;12;14;16;17;19;21;23;29;33;37,13,348,5091,55287,4,5.2727272727272725,2.9540100491474632,6,7.381818181818182,3.9793734384009163
489,488,1;6;7;8;9;13;14;15;21;22;23;28;29;30;36,15,413,7236,77842,5,6.257575757575758,3.1711962573484698,8,8.760606060606062,4.279242103914399
490,489,2;4;5;6;7;11;12;13;16;18;19;23;25,13,424,7829,81847,3,6.424242424242425,3.702229177916273,6,8.993939393939394,5.176754436543007
491,490,3;5;11;14;17;19;22;24;27;33;36;38;41,13,295,3583,39782,5,4.46969696969697,2.6016438928701042,6,6.257575757575758,3.465602109893858
492,491,1;3;4;6;7;9;18;19;22;25;27;28;31;34,14,396,6627,71583,7,6.0,3.093929326487462,8,8.4,4.162057787174064
493,492,2;3;4;5;6;8;9;10;13;15;18,11,402,7083,73518,8,6.090909090909091,3.7606875154443813,11,8.527272727272727,5.293512717022221
494,493,1;2;3;4;6;7;10;11;13;14;15;16;17,13,466,9579,98766,7,7.0606060606060606,4.097001424696977,11,9.884848484848485,5.830010036944486
495,494,1;2;3;7;8;10;13;15;22;23;25;28;35;36;38,15,409,7053,76383,4,6.196969696969697,3.0557866493384402,8,8.675757575757576,4.085634996903487
496,495,5;7;9;10;12;14;17;18;21;22;23;30;31;40,14,371,5842,62793,8,5.621212121212121,3.134431753353521,9,7.86969696969697,4.257510197108498
497,496,5;7;9;12;16;21;23;25;28;32;37,11,280,3224,35836,4,4.242424242424242,2.5478951398613106,5,5.9393939393939394,3.4034211032096806
498,497,1;3;4;5;19;20;21;23;24;25,10,305,3867,42493,3,4.621212121212121,2.7221695969053226,4,6.46969696969697,3.652652315971551
499,498,1;2;7;8;9;10;11;15;17;18;19;25;26;27;28,15,452,8791,93135,6,6.848484848484849,3.4802144062186215,7,9.587878787878788,4.78308070130479
500,499,3;4;5;7;8;12;13;15;17;18;20;22;30;35,14,421,7636,80774,8,6.378787878787879,3.4786379347690044,10,8.930303030303032,4.797561876695056
501,500,1;4;8;9;10;12;14;16;17;20;21;22;30;31,14,415,7400,78505,5,6.287878787878788,3.41712580348943,7,8.803030303030303,4.697049778973657
502,501,3;6;7;9;11;13;14;16;21;25;27;30;32;38;41,15,382,6147,66624,4,5.787878787878788,3.0307118298661564,6,8.103030303030303,4.068313579772347
503,502,2;4;6;8;10;12;16;18;22;26;28;34,12,354,5293,57188,6,5.363636363636364,3.030156594638619,9,7.50909090909091,4.101033164627239
504,503,2;3;4;6;7;9;22;25;26;29;31;33;35,13,353,5261,56867,3,5.348484848484849,3.022472535686063,5,7.487878787878788,4.089270506331811
505,504,1;4;8;12;16;17;18;20;21;22;29;30;37;38,14,357,5344,58202,5,5.409090909090909,2.9338728572343733,8,7.572727272727273,3.9328949110555804
506,505,2;3;5;13;15;16;18;20;31;33,10,294,3606,39465,9,4.454545454545455,2.7227149172180845,10,6.236363636363636,3.6739419565635174
507,506,2;3;5;6;8;11;13;15;16;18;19;21;24,13,424,7842,81834,4,6.424242424242425,3.736257165432633,5,8.993939393939394,5.2347765178209045
508,507,1;7;8;9;19;20;21;27;28;29,10,281,3271,36069,6,4.257575757575758,2.613660769580429,6,5.960606060606061,3.5135291605270424
509,508,1;3;4;7;8;9;12;16;22;26;29;30;38,13,380,6099,65911,5,5.757575757575758,3.071402640112993,7,8.06060606060606,4.1398552117368155
510,509,1;4;6;7;8;10;13;14;17;18;23;30;31,13,403,6966,74037,9,6.106060606060606,3.3657268852829034,12,8.548484848484849,4.619178465415242
511,510,1;3;4;6;7;8;10;11;17;20;21;27;28,13,422,7665,81166,6,6.3939393939393945,3.4609398118911834,10,8.951515151515151,4.766688448971735
512,511,3;4;7;9;11;12;16;19;20;23;28;35;39,13,359,5443,58818,4,5.4393939393939394,3.038534697625602,7,7.615151515151515,4.108762679650621
513,512,1;4;5;8;9;13;14;17;18;21;22;23,12,385,6405,67515,4,5.833333333333334,3.454604181348362,7,8.166666666666668,4.787937514681694
514,513,2;3;4;6;10;12;13;15;16;18;19;22;25;28,14,437,8262,87004,6,6.621212121212121,3.5885745098218607,7,9.26969696969697,4.975020180664984
515,514,5;6;7;9;11;14;15;16;19;20;22;25;27;34;41,15,404,6979,74427,5,6.121212121212121,3.310788342500807,8,8.56969696969697,4.524634932837877
516,515,1;3;4;8;9;10;11;12;13;14;21;22;25;26;35,15,461,9186,96844,5,6.984848484848485,3.5904781734591396,9,9.77878787878788,4.967814081619572
517,516,1;2;3;6;15;18;20;21;33;35;36;39;41;42,14,318,4214,46189,2,4.818181818181818,2.782204405883048,5,6.745454545454546,3.7324347064727554
518,517,3;5;8;11;13;16;19;24;27;29;32;35;40,13,323,4325,47678,4,4.8939393939393945,2.734900347479625,7,6.851515151515152,3.6435148525423315
519,518,2;4;6;7;8;9;11;15;16;18;20;24,12,400,6985,72815,4,6.0606060606060606,3.680812961996889,4,8.484848484848486,5.1590962478911635
520,519,2;3;5;7;8;10;13;14;17;22;24;27;30;35;37,15,421,7520,80890,5,6.378787878787879,3.1750035846230276,8,8.930303030303032,4.279826382215376
521,520,1;2;5;6;10;11;12;13;16;18;23;24;34;36,14,419,7504,80067,3,6.348484848484849,3.31956304207889,8,8.887878787878789,4.527738911311836
522,521,3;4;7;11;14;15;18;22;25;26;29;33,12,333,4642,50636,2,5.045454545454546,2.8696242094762123,5,7.063636363636364,3.857425630512303
523,522,1;4;8;9;10;23;24;27;28;32;33;36;37,13,313,4087,44741,6,4.742424242424242,2.7811831696609666,7,6.63939393939394,3.7391904243278375
524,523,1;2;3;5;7;8;33;34;36;37;39;41;44,13,295,3604,39761,4,4.46969696969697,2.6566121803965324,5,6.257575757575758,3.5593300873427687
525,524,1;3;4;7;9;12;16;18;19;27;28;30;31;34;35,15,401,6775,73425,7,6.075757575757576,3.0429369197868077,10,8.506060606060606,4.07054114079483
526,525,3;5;6;10;12;13;15;16;18;21;28;33,12,360,5544,59076,9,5.454545454545455,3.2252821174597006,9,7.636363636363637,4.425908129925038
527,526,3;4;6;7;10;13;15;18;19;21;22;25;28;32,14,407,7069,75552,6,6.166666666666667,3.277920400013418,8,8.633333333333335,4.466048860700013
528,527,1;9;10;11;20;21;30;31;32;41,10,244,2424,27222,3,3.6969696969696972,2.3434892568084935,5,5.175757575757576,3.134296025797081
529,528,1;6;8;9;12;14;15;20;22;23;26;34;35,13,360,5461,59159,4,5.454545454545455,3.008026504855252,7,7.636363636363637,4.055459457150782
530,529,2;3;4;6;7;9;11;13;15;18;22;24,12,406,7159,75056,9,6.151515151515151,3.6032386687777738,12,8.612121212121213,5.021596087727161
531,530,2;4;6;7;8;10;11;12;13;14;17;18;25,13,438,8474,87229,8,6.636363636363637,4.045761145126889,10,9.290909090909091,5.75403762786425
532,531,4;6;8;12;14;16;18;20;22;26;30;34,12,330,4575,49710,5,5.0,2.905466626396855,8,7.0,3.923185341789985
533,532,1;5;6;7;8;12;13;15;20;21;27;28,12,377,6092,64784,4,5.712121212121212,3.300645384683431,7,7.996969696969697,4.534052362952991
534,533,1;2;3;5;6;8;14;16;17;18;19;22;24,13,430,7998,84237,9,6.515151515151516,3.5744457562639305,15,9.121212121212121,4.9550045913682155
535,534,1;2;3;5;8;9;11;12;13;14;16;19;27;28,14,462,9278,97213,8,7.0,3.727373401791997,11,9.8,5.20092083626966
536,535,1;2;3;4;6;7;21;24;25;27;28,11,347,5075,54956,5,5.257575757575758,2.986659863509752,8,7.360606060606061,4.036442009951518
537,536,1;5;6;10;11;14;19;24;25;29;30;35;36,13,340,4819,52811,5,5.151515151515151,2.8310651059065357,8,7.212121212121213,3.781173254746186
538,537,3;4;6;7;10;11;13;14;17;18;20;24;31,13,407,7179,75442,5,6.166666666666667,3.565849525151844,7,8.633333333333335,4.9570049330514365
539,538,1;2;3;4;8;12;13;14;16;21;22;24;25;26;28,15,456,8907,94833,8,6.909090909090909,3.3759095027593915,10,9.672727272727274,4.603674802998263
540,539,1;3;9;11;12;16;19;20;21;23;24;28;39;40,14,364,5579,60487,9,5.515151515151516,3.0038225809895938,13,7.721212121212122,4.043254532641416
541,540,1;2;3;9;10;12;19;21;22;23;24;31;33,13,375,5915,64210,5,5.681818181818182,3.0010959794257843,6,7.954545454545455,4.025535481666552
542,541,2;4;5;6;8;13;15;18;19;20;21;24;26,13,404,7019,74387,7,6.121212121212121,3.4154898425511497,9,8.56969696969697,4.703164413692942
543,542,1;4;7;13;14;15;19;20;21;22;26;35;36;39;40,15,363,5536,60167,5,5.5,2.969923487365344,9,7.7,3.9866972046041766
544,543,3;5;8;10;13;16;18;21;26;31,10,299,3758,40793,4,4.53030303030303,2.813664430472036,6,6.342424242424243,3.8196260704294502
545,544,4;8;11;12;15;16;19;20;23;27;31;39,12,315,4160,45295,5,4.7727272727272725,2.840474360030381,6,6.6818181818181825,3.836862280308363
546,545,1;2;3;7;8;9;10;11;20;21;23;30;31,13,409,7148,76288,7,6.196969696969697,3.304452711957989,11,8.675757575757576,4.50964251393426
547,546,3;6;7;9;10;12;16;17;19;20;23;26;29;35,14,398,6758,72245,6,6.03030303030303,3.2622449197501986,8,8.442424242424243,4.4472018280052055
548,547,1;5;7;8;9;12;15;16;17;19;24;27;28;32;33,15,422,7576,81255,8,6.3939393939393945,3.227978974279182,10,8.951515151515151,4.3694603540692185
549,548,1;8;9;11;12;13;19;20;24;31;32;33;44,13,328,4492,49136,5,4.96969696969697,2.827733694541301,6,6.957575757575758,3.7937839280756798
550,549,2;3;4;5;6;7;9;11;13;15,10,375,6140,63985,6,5.681818181818182,3.5900419172089286,8,7.954545454545455,5.029763811476283
551,550,3;6;7;13;14;17;19;20;23;27;30;33;36,13,337,4740,51876,7,5.106060606060606,2.840910616280592,9,7.148484848484849,3.802406090503336
552,551,3;4;7;14;17;18;20;21;24;38;41,11,288,3452,37876,2,4.363636363636363,2.6794065694699896,3,6.109090909090909,3.611683857603513
553,552,3;5;8;9;10;12;15;19;20;22;25;30;31;34;39,15,393,6518,70510,7,5.954545454545455,3.0685570595718517,11,8.336363636363638,4.121649262177794
554,553,1;5;10;11;12;15;21;22;26;27;32;37,12,321,4290,47070,5,4.863636363636364,2.7792001867054665,7,6.8090909090909095,3.7223275033634415
555,554,1;3;4;9;10;15;18;19;24;25;27;28;29,13,373,5862,63516,9,5.651515151515151,3.0250900731873216,12,7.912121212121213,4.068739616033479
556,555,2;3;4;5;6;7;9;10;12;13;15;19;25,13,455,9088,94197,5,6.8939393939393945,3.952055285564793,7,9.651515151515152,5.586451192687967
557,556,2;3;5;7;8;10;11;14;16;18;21;24;32,13,414,7401,78090,7,6.2727272727272725,3.5115455369155093,10,8.781818181818183,4.858809661092948
558,557,2;5;6;7;8;9;12;14;15;16;20;22;24;31;36,15,448,8660,91468,6,6.787878787878788,3.54113164261155,8,9.503030303030304,4.888656544301355
559,558,3;4;7;11;14;17;21;24;25;28;31,11,310,4003,43892,3,4.696969696969697,2.757060182007324,5,6.575757575757576,3.7032694812821596
560,559,1;7;12;13;14;19;20;21;32;33;34,11,289,3454,38162,2,4.378787878787879,2.6253207093587623,3,6.130303030303031,3.517505498964269
561,560,3;6;9;16;19;22;25;28;41;44,10,237,2278,25688,2,3.590909090909091,2.2899586319248035,4,5.027272727272727,3.059885749674331
562,561,2;3;5;8;11;13;19;24;27;30;32;35;37;38;40,15,351,5143,56282,5,5.318181818181818,2.864984029360345,7,7.445454545454546,3.8234401093386197
563,562,2;3;4;6;7;9;11;13;14;16;18;20;27,13,435,8260,86135,6,6.590909090909091,3.778028701390216,10,9.227272727272728,5.299181028039371
564,563,1;5;6;7;11;12;14;15;16;21;22;26;27,13,402,6967,73634,9,6.090909090909091,3.4570531652984045,10,8.527272727272727,4.775777222542544
565,564,1;2;5;6;7;8;9;11;12;13;15;20,12,431,8180,84485,5,6.53030303030303,3.9549107810207076,9,9.142424242424243,5.603135584171511
566,565,5;6;8;9;13;14;17;18;22;23;27;30;35;36;41,15,371,5781,62854,3,5.621212121212121,2.9747619657767572,5,7.86969696969697,3.9852527388045296
567,566,1;2;17;18;19;20;21;22;37;38;39,11,261,2828,31102,3,3.9545454545454546,2.550284634322688,4,5.536363636363637,3.447879001430797
568,567,1;5;6;9;14;15;16;17;22;25;26;31;40,13,358,5401,58502,4,5.424242424242425,3.0059642025815325,5,7.593939393939395,4.05451811988809
569,568,2;3;11;13;14;16;17;19;24;27;28;30;41;43,14,342,4890,53421,4,5.181818181818182,2.871200680925833,5,7.254545454545455,3.8466935742199944
570,569,1;3;7;10;11;12;17;18;20;21;22;29;32,13,382,6211,66560,7,5.787878787878788,3.1982342299466957,7,8.103030303030303,4.353960749140441
571,570,1;2;3;4;6;7;11;14;15;17;21;25;26;28;32,15,463,9177,97776,7,7.015151515151516,3.358826104597764,10,9.821212121212122,4.572192752044749
572,571,3;5;7;8;10;12;15;17;20;22;25;27;32,13,382,6224,66547,9,5.787878787878788,3.232262217463056,12,8.103030303030303,4.411982830418342
573,572,4;5;8;10;12;15;19;20;24;27;30;32;34;42,14,348,5060,55318,4,5.2727272727272725,2.872866386608454,7,7.381818181818182,3.841013090738244
574,573,1;2;8;9;14;15;16;18;23;30;31;32;33;39;41,15,363,5508,60195,5,5.5,2.8966324373301084,8,7.7,3.8617265680056327
575,574,1;2;3;4;5;6;9;10;11;18;24;27;28;29,14,453,8816,93562,7,6.863636363636364,3.444054712025107,12,9.60909090909091,4.721021419266648
576,575,1;3;4;6;10;12;13;14;18;22;25;26;28;31;32,15,430,7856,84379,9,6.515151515151516,3.202755431085233,13,9.121212121212121,4.321224934332747
577,576,1;4;5;6;10;14;15;16;20;24;25;26;30;31,14,403,6883,74120,8,6.106060606060606,3.148471272678453,11,8.548484848484849,4.248729792640994
578,577,1;3;5;6;9;12;14;15;17;18;20;21,12,399,6946,72455,4,6.045454545454546,3.666664378609404,5,8.463636363636365,5.135875242915407
579,578,2;7;8;9;10;18;20;22;27;28;29;30;37,13,338,4778,52175,6,5.121212121212121,2.868424504788136,7,7.16969696969697,3.8478296709163438
580,579,2;5;13;15;17;20;22;30;32;35;37,11,267,2917,32594,4,4.045454545454546,2.4652146655317893,6,5.663636363636364,3.289701881393208
581,580,2;3;4;6;21;23;24;25;26;27;28;30,12,321,4337,47023,6,4.863636363636364,2.902224449264615,8,6.8090909090909095,3.9320996433681366
582,581,2;6;9;11;15;17;22;24;28;30;37;39;41,13,304,3811,42245,3,4.606060606060606,2.639033036496034,5,6.448484848484849,3.5126973754457858
583,582,1;2;7;8;10;12;19;21;26;27;28;29;31;38;39,15,377,5972,64904,4,5.712121212121212,2.9865408845324204,5,7.996969696969697,3.9984639203878025
584,583,4;6;7;9;10;11;13;16;17;19;23;25;27;32;36,15,420,7546,80444,7,6.363636363636364,3.3364084822858544,9,8.90909090909091,4.555747752365079
585,584,1;2;9;10;11;12;21;22;23;32;33;34,12,330,4532,49753,6,5.0,2.79291251384274,9,7.0,3.7312661498707946
586,585,1;3;4;6;9;10;22;25;28;31;32;34;35,13,345,5001,54339,6,5.2272727272727275,2.941249553828831,8,7.318181818181818,3.9618329169069035
587,586,3;5;6;8;9;10;13;14;19;22;27;32,12,372,5936,63070,6,5.636363636363637,3.299762957268239,8,7.8909090909090915,4.538251863241285
588,587,1;2;3;5;6;7;8;10;11;15;16;17;18;23,14,488,10465,108363,8,7.3939393939393945,4.042033137170549,12,10.351515151515152,5.732532940397618
589,588,3;6;7;10;13;14;16;17;19;20;23;26;33;39,14,384,6286,67250,4,5.818181818181818,3.2271857810969813,9,8.145454545454546,4.401206141755814
590,589,1;2;5;6;10;11;20;22;25;27;30;31;32;33,14,375,5930,64195,6,5.681818181818182,3.0403590419446616,7,7.954545454545455,4.092484036987198
591,590,2;3;4;5;6;7;8;9;10;11;15;16;18;21;25,15,515,11702,120653,7,7.803030303030304,4.195724231136481,11,10.924242424242426,5.996257501014362
592,591,1;5;6;8;9;16;17;22;24;25;26;30;31,13,365,5614,60816,6,5.53030303030303,3.016523586819563,8,7.742424242424243,4.063675870758313
593,592,1;3;4;7;8;11;15;16;22;23;26;31;38;39;42,15,389,6363,69103,6,5.8939393939393945,3.005815478859869,8,8.251515151515152,4.018605291818815
594,593,1;3;4;5;9;11;14;15;20;23;24;25;28;29,14,419,7479,80092,9,6.348484848484849,3.254124604547428,12,8.887878787878789,4.416157985777424
595,594,3;5;6;9;11;12;15;17;20;23;24;26;29;35,14,395,6631,71184,5,5.984848484848485,3.191303704517228,8,8.378787878787879,4.329035599120157
596,595,2;3;4;5;7;10;11;12;14;16;20;27;30;32,14,437,8207,87059,4,6.621212121212121,3.4446099472526477,7,9.26969696969697,4.72954214448928
597,596,1;2;8;9;10;11;13;18;21;22;29;31;39;40,14,376,5968,64532,5,5.696969696969697,3.0580769946520405,8,7.9757575757575765,4.121564054925571
598,597,1;2;8;11;12;13;14;15;16;19;20;25;27;33;35,15,424,7681,81995,6,6.424242424242425,3.314833627730028,9,8.993939393939394,4.5161953573792815
599,598,5;7;8;9;12;14;20;21;26;29;33;34;41,13,326,4432,48543,6,4.9393939393939394,2.80917297407783,8,6.915151515151516,3.765316590855697
600,599,1;5;6;7;12;17;18;22;23;24;29;30,12,346,5030,54655,6,5.242424242424242,2.9431433025513325,8,7.33939393939394,3.9636466141328626
601,600,2;3;6;7;9;13;15;16;18;22;24;25;31,13,394,6634,70787,6,5.96969696969697,3.285802757261525,10,8.357575757575757,4.491120080295552
602,601,1;3;4;12;14;15;16;17;18;19;29;32;33,13,372,5862,63144,6,5.636363636363637,3.1060651821751115,7,7.8909090909090915,4.207972323659419
603,602,1;3;5;8;9;11;13;14;16;17;24;25,12,394,6732,70689,9,5.96969696969697,3.542321432384849,12,8.357575757575757,4.92851730839045
604,603,1;2;6;7;8;16;17;18;23;24;25;41,12,352,5236,56540,3,5.333333333333334,3.0328534514580987,4,7.466666666666667,4.108320413436683
605,604,1;3;4;12;13;15;16;19;27;28;31;32,12,339,4798,52493,5,5.136363636363637,2.8485649304888163,7,7.190909090909091,3.812484891195247
606,605,1;2;3;5;6;7;8;9;28;29;31;36;37,13,383,6204,66949,5,5.803030303030303,3.096358480607943,7,8.124242424242425,4.179184444871542
607,606,1;4;5;6;8;9;13;14;15;19;25;33;34;38,14,406,7008,75207,7,6.151515151515151,3.2079905060877536,10,8.612121212121213,4.3476472974993
608,607,1;2;3;6;9;13;15;16;22;24;25;28;30;31,14,405,6935,74875,4,6.136363636363637,3.1063923743627697,7,8.590909090909092,4.175256796292729
609,608,1;4;5;10;11;14;15;20;21;25;26;31;35;36;40,15,381,6085,66305,7,5.7727272727272725,2.951719703833863,11,8.081818181818182,3.9346964358169316
610,609,1;4;5;6;7;12;13;19;23;26;30;31;32;35;36,15,395,6578,71237,5,5.984848484848485,3.052574216950532,8,8.378787878787879,4.092484036987198
611,610,2;3;4;5;6;8;9;10;13;14;16;18;22,13,455,9113,94172,7,6.8939393939393945,4.017493723096255,10,9.651515151515152,5.698032118222379
612,611,1;3;4;5;6;9;10;11;14;15;20;25;31;34;35,15,452,8735,93191,7,6.848484848484849,3.33363230614815,10,9.587878787878788,4.533139428107702
613,612,1;3;6;7;8;9;10;12;13;14;15;16;19;24;27,15,491,10619,109676,5,7.4393939393939394,4.11172507314155,10,10.415151515151516,5.851210412796021
614,613,1;3;4;5;8;9;25;28;30;33;34;36;37,13,332,4634,50312,5,5.03030303030303,2.9193475070853463,6,7.042424242424243,3.9437486919939317
615,614,1;4;5;13;14;15;17;18;19;23;31;32;36,13,357,5369,58177,7,5.409090909090909,2.999311294765837,9,7.572727272727273,4.044475836589996
616,615,1;2;4;5;6;7;8;9;10;13;17,11,413,7467,77611,7,6.257575757575758,3.775847420139165,9,8.760606060606062,5.310249855852383
617,616,5;8;10;13;17;18;22;27;32;35;40,11,268,2939,32839,3,4.0606060606060606,2.468893098914238,4,5.6848484848484855,3.293820231917481
618,617,1;3;6;7;8;12;13;15;16;19;20;22;23,13,420,7680,80310,5,6.363636363636364,3.687158507454484,8,8.90909090909091,5.153821513229538
619,618,1;5;8;9;12;13;14;17;18;22;26;27;34;35,14,389,6412,69054,9,5.8939393939393945,3.134074816421535,13,8.251515151515152,4.237303905866266
620,619,2;5;7;10;17;22;24;27;29;32;34,11,286,3376,37379,3,4.333333333333333,2.5983422262491995,5,6.066666666666667,3.477397228094901
621,620,1;6;7;13;14;15;16;22;23;28;29;30;37;43,14,346,4996,54689,5,5.242424242424242,2.854147027508546,7,7.33939393939394,3.8118965554060615
622,621,1;3;4;5;10;13;14;15;17;18;23;26;36;40;41,15,409,7118,76318,5,6.196969696969697,3.225926586920238,9,8.675757575757576,4.375745403292967
623,622,1;5;6;7;12;13;18;19;25,9,299,3798,40753,2,4.53030303030303,2.9183659305223735,5,6.342424242424243,3.998155551284512
624,623,2;4;6;9;11;15;17;23;26;28;32;34;38,13,340,4817,52813,5,5.151515151515151,2.8258300309040223,8,7.212121212121213,3.7722467807034334
625,624,1;6;7;8;9;12;16;18;19;20;25;26;28;34,14,401,6840,73360,5,6.075757575757576,3.213076857368609,10,8.506060606060606,4.3606515471843075
626,625,1;3;4;13;14;15;17;18;19;32;33;36,12,335,4719,51226,6,5.075757575757576,2.9290740384820673,8,7.106060606060606,3.9557466846050318
627,626,1;3;7;10;12;13;14;17;19;20;26;27;29;30,14,402,6868,73733,7,6.090909090909091,3.1979169526738183,12,8.527272727272727,4.333916757426259
628,627,3;6;7;9;13;14;16;20;22;23;29;36;43,13,344,4991,54005,5,5.212121212121212,2.9888312298460242,5,7.296969696969698,4.044390629337769
629,628,3;5;6;8;11;14;16;19;22;27;30;35;41,13,348,5083,55295,5,5.2727272727272725,2.933069749137397,7,7.381818181818182,3.9436675422298997
630,629,1;3;5;6;7;9;10;12;13;15;16;19;24;25,14,465,9468,98412,11,7.045454545454546,3.911404134977065,16,9.863636363636365,5.51382215388557
631,630,3;4;6;7;9;10;13;14;16;19;23,11,371,6012,62623,3,5.621212121212121,3.579413128567456,7,7.86969696969697,5.016260490742514
632,631,1;2;3;8;11;19;21;22;27;29;30;32;33,13,347,5046,54985,5,5.257575757575758,2.9107512759732614,6,7.360606060606061,3.9070081363315943
633,632,3;6;9;11;12;14;17;20;23;26;29,11,325,4480,48170,4,4.924242424242425,3.003673857267934,6,6.8939393939393945,4.09857026928908
634,633,1;2;3;7;8;10;11;19;20;21;22;27;29;30;32,15,433,7975,85553,8,6.5606060606060606,3.225688628965578,10,9.184848484848485,4.358525423366849
635,634,1;2;6;7;8;9;10;15;16;17;23,11,381,6312,66078,6,5.7727272727272725,3.545900716619524,9,8.081818181818182,4.947851239669415
636,635,1;2;3;4;7;8;12;13;14;15;16;18;20;22,14,475,9906,102669,8,7.196969696969697,3.9967913810408433,9,10.075757575757576,5.657051487389744
637,636,1;4;5;8;9;10;11;13;14;15;16;24;25,13,430,8107,84128,4,6.515151515151516,3.859757343901098,7,9.121212121212121,5.4414974266982625
638,637,1;6;7;13;15;16;19;21;22;28;34;35;41,13,327,4459,48842,5,4.954545454545455,2.8107296156978983,8,6.9363636363636365,3.766375595276223
639,638,2;3;4;6;7;9;10;11;12;13;15;16;17;24;27,15,499,10975,113276,11,7.5606060606060606,4.143135523156655,13,10.584848484848486,5.904769257052536
640,639,1;2;3;7;8;9;10;16;17;19;26,11,377,6116,64760,7,5.712121212121212,3.3634662847136347,11,7.996969696969697,4.641170051466027
641,640,1;3;4;5;6;7;8;9;11;12;14;17;20;21,14,492,10682,110104,5,7.454545454545455,4.16497808041148,8,10.436363636363637,5.941980481346214
642,641,1;3;6;7;10;15;16;18;19;22;25;26;32,13,385,6292,67628,8,5.833333333333334,3.158822443706157,10,8.166666666666668,4.283591731266146
643,642,1;6;7;9;10;15;16;21;22;27;28;31;37,13,355,5289,57546,9,5.378787878787879,2.943351515761657,10,7.530303030303031,3.951689196403777
644,643,1;2;7;8;9;16;17;18;25,9,302,3868,41583,3,4.575757575757576,2.914350390037491,4,6.406060606060606,3.985784269758895
645,644,4;5;6;8;10;11;12;13;15;18;19;23;31,13,410,7339,76506,4,6.212121212121212,3.7138891176946096,7,8.696969696969697,5.206974608665931
646,645,1;3;10;12;14;15;22;24;25;36;37;39;40,13,307,3913,43058,4,4.651515151515151,2.7149118792881968,5,6.512121212121213,3.636698272364228
647,646,2;4;7;15;17;19;21;22;32;34;36;39;41;43,14,298,3678,40575,4,4.515151515151516,2.6661602433272584,4,6.321212121212121,3.569972878894646
648,647,1;2;3;5;6;7;8;9;11;14;16;18;19;25,14,486,10347,107508,9,7.363636363636364,3.954147332582842,10,10.30909090909091,5.582827855724247
649,648,1;5;6;9;10;15;18;19;24;25;30,11,333,4680,50598,7,5.045454545454546,2.969090634524033,8,7.063636363636364,4.027028637324616
650,649,1;8;9;11;12;18;19;20;21;30;38;39,12,314,4137,45004,5,4.757575757575758,2.8462944150047687,5,6.660606060606061,3.848495098981349
651,650,1;3;4;7;8;10;20;24;27;28;30;34;37;38,14,359,5405,58856,5,5.4393939393939394,2.9390682725777815,7,7.615151515151515,3.9391596728383114
652,651,1;3;4;5;10;13;14;15;17;18;28;32;33,13,392,6528,70108,5,5.9393939393939394,3.1808632992565293,7,8.315151515151516,4.314116215004152
653,652,1;2;3;4;10;12;25;26;27;28;29;31;37;38;41,15,361,5516,59464,5,5.46969696969697,3.0741094118472514,10,7.657575757575758,4.16686591069254
654,653,1;11;12;13;20;21;22;32;33;34,10,251,2559,28816,3,3.803030303030303,2.355595367751815,4,5.324242424242424,3.1385361009673876
655,654,5;7;10;12;15;17;20;22;27,9,270,3080,33235,2,4.090909090909091,2.7293777399485624,4,5.7272727272727275,3.7337006427915487
656,655,1;2;3;4;5;6;7;30;31;32;33;37,12,349,5151,55575,5,5.287878787878788,3.0362740970563333,7,7.403030303030303,4.118257202041551
657,656,2;4;7;9;11;13;15;17;24;26;28;33;37,13,359,5420,58841,6,5.4393939393939394,2.978331335096657,10,7.615151515151515,4.006108228158961
658,657,1;3;4;5;9;20;21;24;25;26;29;30;33,13,355,5299,57536,6,5.378787878787879,2.969526890774242,10,7.530303030303031,3.9963215666175422
659,658,3;4;6;7;8;9;11;13;17;20;24;28,12,390,6584,69271,7,5.909090909090909,3.4989337653185366,8,8.272727272727273,4.858436372178431
660,659,1;2;8;9;10;11;12;13;15;20;22;23;24;35,14,425,7787,82313,5,6.4393939393939394,3.497912529096457,7,9.015151515151516,4.8277008990539585
661,660,5;6;10;11;14;16;19;21;24;29;30;35;40,13,325,4396,48254,4,4.924242424242425,2.783800707162225,4,6.8939393939393945,3.7236583594934487
662,661,1;7;8;9;10;11;15;17;18;24;25;26;35;36,14,388,6387,68691,4,5.878787878787879,3.153736092425305,8,8.23030303030303,4.2718371879471135
663,662,1;2;3;4;5;6;9;10;22;26;28;31;32,13,406,7019,75196,4,6.151515151515151,3.2367834186015934,6,8.612121212121213,4.396742904734438
664,663,2;3;4;5;11;14;16;19;23;30;33;34;35;37;39,15,370,5742,62523,7,5.606060606060606,2.953137536647045,9,7.848484848484849,3.9495590150981172
665,664,3;5;8;10;11;13;16;21;23;24;26;31;34,13,360,5462,59158,3,5.454545454545455,3.0106440423565104,5,7.636363636363637,4.059922694172155
666,665,1;5;6;11;12;21;27;32;33;38;39,11,270,2978,33337,4,4.090909090909091,2.4623889148202025,8,5.7272727272727275,3.2784504666111367
667,666,2;4;5;6;7;9;11;13;15;17;22;24;26,13,424,7805,81871,6,6.424242424242425,3.6394082778860692,9,8.993939393939394,5.069636748029971
668,667,1;2;5;6;8;10;12;17;18;20;22;25;26;27;28,15,448,8581,91547,10,6.787878787878788,3.3343461800121332,11,9.503030303030304,4.536060819612601
669,668,1;2;3;5;8;9;10;12;13;15;17;18;20,13,452,8985,92941,8,6.848484848484849,3.98801668146276,11,9.587878787878788,5.6489486834518345
670,669,1;4;5;9;12;13;18;21;22;25;26;30;31,13,368,5701,61827,6,5.575757575757576,3.0059642025815343,7,7.806060606060607,4.042021056228236
671,670,1;7;8;9;13;14;15;16;22;23;29;30,12,353,5293,56835,3,5.348484848484849,3.106233735726331,6,7.487878787878788,4.23209409101586
672,671,1;2;3;4;6;18;21;22;24;25;26;28,12,360,5444,59176,3,5.454545454545455,2.9635283673338577,5,7.636363636363637,3.9795844277873833
673,672,3;5;7;8;9;10;13;14;15;17;20;23;24;28;37,15,442,8449,89012,6,6.696969696969697,3.5868195699062433,9,9.375757575757577,4.969400559506262
674,673,3;4;7;10;11;12;15;16;19;22;23;26;27;34;37,15,409,7104,76332,6,6.196969696969697,3.1892810619026193,8,8.675757575757576,4.313260084993686
675,674,1;2;4;5;6;11;13;15;16;17;18;21;22,13,434,8213,85748,2,6.575757575757576,3.7519623904401804,6,9.206060606060607,5.2553074081192435
676,675,3;4;7;10;14;17;27;30;34;37;44,11,268,2938,32840,4,4.0606060606060606,2.4662755614129797,6,5.6848484848484855,3.289356994896103
677,676,5;6;7;9;11;16;17;22;26;28;31;33;37;38;44,15,345,4960,54380,4,5.2272727272727275,2.833930516277235,5,7.318181818181818,3.7788401990304656
678,677,3;5;8;9;12;17;20;21;24;26;29;32,12,334,4676,50935,5,5.0606060606060606,2.8876990991155846,7,7.084848484848485,3.886716637837136
679,678,1;2;6;7;8;12;13;19;20;21;25;31;32;33,14,400,6766,73034,9,6.0606060606060606,3.107572249221292,12,8.484848484848486,4.1816473402097
680,679,2;4;7;8;9;11;12;19;20;21;23;27;29;31,14,407,7068,75553,3,6.166666666666667,3.275302862512156,7,8.633333333333335,4.461585623678637
681,680,3;6;9;10;13;15;19;22;23;25;28;32;38,13,342,4894,53417,7,5.181818181818182,2.8816708309308687,8,7.254545454545455,3.864546522305499
682,681,1;2;3;5;6;8;14;15;16;17;19;20;22;23,14,459,9163,95948,8,6.954545454545455,3.7373378911433797,9,9.736363636363636,5.218891451513002
683,682,3;4;5;6;8;10;11;12;15;16;18;20;21;26,14,455,9087,94198,5,6.8939393939393945,3.9494377480635343,7,9.651515151515152,5.581987955666598
684,683,1;7;8;12;13;14;15;20;21;22;27;34,12,346,5084,54601,5,5.242424242424242,3.084490327619287,7,7.33939393939394,4.204661413287198
685,684,2;4;6;8;10;14;16;22;24;28;38,11,323,4380,47623,6,4.8939393939393945,2.878864910048838,9,6.851515151515152,3.8889928887180396
686,685,1;2;5;6;10;12;16;21;22;26;28;31;32;33;34,15,396,6609,71601,6,6.0,3.0468136514648094,10,8.4,4.081719520789282
687,686,1;3;5;8;9;10;12;13;17;18;19;28;31;36,14,420,7551,80439,5,6.363636363636364,3.349496169792147,7,8.90909090909091,4.57806393747196
688,687,2;3;5;7;9;12;14;15;18;20;27;29;32;34;41,15,407,7006,75615,6,6.166666666666667,3.113015537434137,9,8.633333333333335,4.184864928353292
689,688,1;7;8;10;11;12;13;17;18;19;20;29;30,13,390,6563,69292,9,5.909090909090909,3.4439654777921085,10,8.272727272727273,4.764708394729528
690,689,2;6;8;10;11;12;13;17;19;21;23;29;31,13,383,6284,66869,4,5.803030303030303,3.3057614807086217,6,8.124242424242425,4.536243406581665
691,690,1;4;5;6;8;9;10;13;14;15,10,365,5836,60594,5,5.53030303030303,3.5976169120989354,6,7.742424242424243,5.054514489503909
692,691,2;6;8;10;12;16;18;20;28;30,10,300,3784,41066,3,4.545454545454546,2.8195638047646465,6,6.363636363636364,3.8278343690605787
693,692,1;3;4;8;11;12;17;18;21;22;25;29;33,13,381,6136,66254,4,5.7727272727272725,3.085214116398042,7,8.081818181818182,4.162321523907142
694,693,5;6;8;10;14;17;22;23;27;28;31;33;36;41,14,329,4495,49461,9,4.984848484848485,2.765953860562737,12,6.978787878787879,3.6868650564845034
695,694,5;8;10;13;18;23;26;28;36,9,238,2305,25898,3,3.606060606060606,2.3144583863399912,4,5.048484848484849,3.099223097785462
696,695,1;4;5;7;8;12;14;15;16;20;22;29;30;34,14,413,7269,77809,5,6.257575757575758,3.257574994889996,8,8.760606060606062,4.426528925619834
697,696,2;4;6;9;11;15;16;17;18;20;22;27;31;33;37,15,407,7025,75596,8,6.166666666666667,3.1627487499580447,10,8.633333333333335,4.269666431759447
698,697,3;6;9;22;25;28;31;34;37,9,210,1782,20163,2,3.181818181818182,2.140907718074736,3,4.454545454545455,2.8751361394067505
699,698,2;4;8;10;12;16;18;20;22;24;26;30;34,13,359,5417,58844,6,5.4393939393939394,2.9704787225928833,9,7.615151515151515,3.992718517094829
700,699,1;3;4;5;8;11;12;13;16;17;21;24;25,13,425,7821,82279,7,6.4393939393939394,3.586908804139245,9,9.015151515151516,4.979450957780756
701,700,1;2;5;6;7;12;14;15;16;17;18;19;21;33,14,444,8579,89767,5,6.7272727272727275,3.72880114951996,8,9.418181818181818,5.2105127383774175
702,701,2;4;6;7;11;13;20;22;24;26;28;33;35,13,354,5252,57229,6,5.363636363636364,2.922837557087025,10,7.50909090909091,3.918040446750801
703,702,2;3;5;8;10;11;13;16;21;23;26,11,357,5465,58081,12,5.409090909090909,3.2505948948866425,15,7.572727272727273,4.472946590642145
704,703,2;3;5;8;10;11;13;16;18;21;23;31;34,13,390,6484,69371,3,5.909090909090909,3.237180015192692,4,8.272727272727273,4.412112670040781
705,704,3;4;7;9;10;15;19;22;25;29;32;34;38;41,14,342,4868,53443,1,5.181818181818182,2.813614855898148,3,7.254545454545455,3.7485023597497147
706,705,5;6;11;16;17;21;22;23;27;28;39;44,12,281,3249,36091,3,4.257575757575758,2.556074944552744,4,5.960606060606061,3.4153379460567574
707,706,1;2;3;4;6;7;18;20;22;24;25;26;27,13,400,6779,73021,6,6.0606060606060606,3.1416002367376485,7,8.484848484848486,4.239669421487591
708,707,5;7;10;12;15;17;20;22;25;27;32;37;42,13,314,4096,45045,3,4.757575757575758,2.738975377453176,4,6.660606060606061,3.6655023811049148
709,708,3;6;8;9;11;14;15;17;18;24;26;29;32;35;43,15,385,6265,67655,10,5.833333333333334,3.0881489311721815,11,8.166666666666668,4.1630843316889745
710,709,3;5;6;8;9;12;14;18;20;21;26;29;34,13,380,6146,65864,8,5.757575757575758,3.1944269026721415,10,8.06060606060606,4.3496273517415105
711,710,1;5;6;8;9;15;16;20;21;22;24;29;30,13,379,6086,65545,7,5.742424242424242,3.120154276073933,8,8.039393939393939,4.224076494330188
712,711,2;4;8;9;10;11;13;20;21;22;24;26;30;34,14,396,6656,71554,5,6.0,3.1698379140239545,8,8.4,4.291491660793977
713,712,1;2;3;10;11;12;13;14;15;16;25;28,12,390,6572,69283,8,5.909090909090909,3.4675233153034384,9,8.272727272727273,4.80487752792191
714,713,1;3;4;5;8;10;13;14;16;17;18;21,12,410,7348,76497,4,6.212121212121212,3.7374469552059324,7,8.696969696969697,5.2471437418583236
715,714,3;4;6;7;11;15;18;21;26;30;32;33;36;39,14,349,5082,55644,5,5.287878787878788,2.8556640094695034,6,7.403030303030303,3.810293847566566
716,715,3;5;6;8;11;14;17;20;25;26;31;34;37;39;42,15,357,5314,58232,5,5.409090909090909,2.8553467321966224,8,7.572727272727273,3.798997800414284
717,716,1;3;4;7;10;11;13;14;16;17;23;24;27;28,14,432,8030,85066,8,6.545454545454546,3.4660955675754757,9,9.163636363636364,4.769041792128462
718,717,3;4;6;7;8;9;13;14;17;21;23;26;30,13,404,7026,74380,6,6.121212121212121,3.4338126050599556,8,8.56969696969697,4.734407072842579
719,718,3;7;9;12;16;19;21;28;35,9,255,2681,29704,5,3.8636363636363638,2.4742570678088622,6,5.409090909090909,3.331704999252562
720,719,1;4;5;6;7;9;11;12;15;16;23;24;30;35;39,15,438,8200,87503,6,6.636363636363637,3.328555869782079,10,9.290909090909091,4.531110684007075
721,720,1;2;3;5;7;8;11;17;22;24;25;28;33;35;36,15,418,7387,79766,5,6.333333333333334,3.1061445014933327,6,8.866666666666667,4.164557199906028
722,721,1;2;3;6;7;8;9;13;15;16;27;34;40;42;43,15,409,7108,76328,8,6.196969696969697,3.199751211907653,11,8.675757575757576,4.331113033079198
723,722,2;4;7;9;13;16;18;22;25;27;29;31,12,337,4754,51862,4,5.106060606060606,2.877556141298207,7,7.148484848484849,3.8648914088026096
724,723,1;2;3;5;6;8;9;10;11;13;14;15;16;24,14,493,10727,110551,5,7.46969696969697,4.170857624874529,6,10.457575757575759,5.9519821897622975
725,724,2;4;6;8;25;27;29;31;33;35;39,11,256,2732,29908,3,3.878787878787879,2.556937542138386,4,5.430303030303031,3.4704183483887494
726,725,1;2;12;13;14;15;20;22;24;34;35;36;37,13,320,4268,46772,5,4.848484848484849,2.7891845058864053,8,6.787878787878788,3.7410041215537966
727,726,2;10;11;12;13;20;21;22;23;33;43,11,285,3388,37082,10,4.318181818181818,2.688300248025403,14,6.045454545454546,3.6327706237854187
728,727,1;2;3;9;10;11;12;13;14;21;23;24,12,397,6820,71786,4,6.015151515151516,3.511952048421385,6,8.421212121212122,4.8739075746898095
729,728,3;4;7;20;24;27;28;31;34,9,227,2104,23547,4,3.4393939393939394,2.2820663597619184,5,4.815151515151515,3.071327866401859
730,729,4;5;6;9;10;15;19;24;25;28;34,11,316,4187,45583,6,4.787878787878788,2.8448666672768113,8,6.703030303030303,3.8426523159715487
731,730,1;3;4;5;6;7;8;10;11;12;14;18,12,441,8570,88450,6,6.681818181818182,4.0023040736571325,9,9.354545454545455,5.678361415422714
732,731,3;5;6;11;12;17;18;20;23;29;32;35;38;40;43,15,343,4900,53753,4,5.196969696969697,2.82413458047707,6,7.275757575757576,3.7649960492877987
733,732,1;2;3;5;10;12;13;15;22;23;25;27;28;30,14,414,7279,78212,6,6.2727272727272725,3.1922059617619816,9,8.781818181818183,4.314294744485011
734,733,1;2;3;5;7;8;9;11;13;16;21;22;24;29,14,459,9104,96007,7,6.954545454545455,3.5829031785691328,8,9.736363636363636,4.955560467251786
735,734,1;3;4;7;8;10;21;22;25;29;31;32;35;39,14,363,5532,60171,7,5.5,2.9594533373603067,8,7.7,3.968844256518665
736,735,3;4;5;8;10;14;17;22;24;27;28;31;32;36,14,369,5718,62178,4,5.590909090909091,2.970518382251992,6,7.827272727272728,3.980383752963025
737,736,1;3;4;6;7;9;10;15;16;19;25,11,380,6238,65772,5,5.757575757575758,3.4352403527879183,8,8.06060606060606,4.760245157708155
738,737,2;3;5;6;9;11;12;14;17;23;26;28,12,384,6327,67209,4,5.818181818181818,3.3345048186485755,7,8.145454545454546,4.584198859632256
739,738,1;4;5;10;11;14;15;16;19;20,10,335,4866,51079,6,5.075757575757576,3.313852051167059,9,7.106060606060606,4.611842526747381
740,739,1;2;4;5;6;7;11;12;13;15;22;26;27;28,14,451,8769,92706,10,6.833333333333334,3.5239689251317046,14,9.566666666666666,4.858099600657724
741,740,1;2;3;4;5;7;8;9;10;11;12;13;15,13,485,10409,106961,5,7.348484848484849,4.226539786264933,8,10.287878787878789,6.047381852350128
742,741,1;6;7;10;11;13;16;17;18;22;23;24;29;39;40,15,399,6772,72629,4,6.045454545454546,3.211212853390439,5,8.463636363636365,4.359272001195883
743,742,1;2;3;4;5;23;24;26;27;28;29;30;32,13,351,5259,56166,6,5.318181818181818,3.168618379506322,8,7.445454545454546,4.341175603818304
744,743,2;3;4;6;7;10;13;15;19;20;22;23;25;26;29,15,451,8719,92756,9,6.833333333333334,3.393092050068784,12,9.566666666666666,4.6349377495889
745,744,3;5;6;7;8;11;13;16;19;20;23;24;26;31,14,418,7502,79651,7,6.333333333333334,3.407161314138051,10,8.866666666666667,4.677829457364332
746,745,1;2;3;6;7;8;9;10;11;14;20;21;22,13,451,8887,92588,7,6.833333333333334,3.832838350280202,11,9.566666666666666,5.384761569180164
747,746,3;6;9;12;21;24;30;33;39;42,10,231,2145,24420,3,3.5,2.213455149501658,5,4.9,2.9442635658914718
748,747,2;3;5;7;9;11;14;16;19;21,10,343,5086,53567,7,5.196969696969697,3.310996555711137,12,7.275757575757576,4.595158135263837
749,748,1;3;7;9;10;12;18;19;21;22;28;29,12,361,5528,59452,7,5.46969696969697,3.105519861862353,9,7.657575757575758,4.220424754949061
750,749,2;8;10;11;12;14;19;20;21;22;31;33,12,337,4804,51812,4,5.106060606060606,3.008433016361133,7,7.148484848484849,4.088053259871437
751,750,1;4;5;9;12;13;14;17;18;21;22;23;34;35,14,402,6895,73706,6,6.090909090909091,3.2685904652077973,9,8.527272727272727,4.45442415700343
752,751,1;4;8;12;13;16;17;24;25;28;40;41,12,311,4031,44174,6,4.712121212121212,2.7653589656760857,7,6.596969696969698,3.715673222713388
753,752,3;4;7;10;12;13;16;17;20;23;24;27;29;36;39,15,395,6595,71220,8,5.984848484848485,3.09707235447193,9,8.378787878787879,4.168359066350597
754,753,2;4;5;7;13;15;17;18;20;22;24;35;39,13,364,5612,60454,6,5.515151515151516,3.0902013185311255,8,7.721212121212122,4.190541354346845
755,754,2;5;6;7;9;12;14;15;16;21;22;23;27;29,14,422,7663,81168,9,6.3939393939393945,3.455704736888663,12,8.951515151515151,4.757761974928982
756,755,1;2;4;6;8;10;12;13;14;15;16;17;22;23,14,467,9587,99224,12,7.075757575757576,4.012734564003058,17,9.906060606060606,5.6860544130522825
757,756,1;2;4;6;8;9;10;11;12;13;14;17;18,13,460,9379,96191,6,6.96969696969697,4.199323345200714,8,9.757575757575758,6.006299784312461
758,757,1;4;5;6;10;11;16;22;26;27;33;37;38,13,349,5090,55636,4,5.287878787878788,2.8766043094795695,5,7.403030303030303,3.8459997437375826
759,758,3;4;7;9;13;18;21;25;27;30;31;34;38,13,325,4389,48261,9,4.924242424242425,2.7654779446534175,10,6.8939393939393945,3.692415700343812
760,759,1;2;3;4;6;7;9;10;24;27;31;33;34,13,394,6586,70835,4,5.96969696969697,3.1601609572011213,7,8.357575757575757,4.27688470326947
761,760,1;4;5;9;11;12;15;16;17;20;21;32;33,13,389,6473,68993,4,5.8939393939393945,3.2937446039982987,6,8.251515151515152,4.509561364170239
762,761,3;4;7;13;17;18;20;21;31;34;35;38;41,13,303,3804,41949,4,4.590909090909091,2.6838980258641953,6,6.427272727272728,3.5910109552181346
763,762,2;5;9;11;14;15;18;20;23;25;29;38;40,13,336,4728,51552,7,5.090909090909091,2.881194915021551,8,7.127272727272728,3.872596578896786
764,763,2;5;8;9;11;13;16;18;24;26;27;29;31;35;40,15,381,6098,66292,7,5.7727272727272725,2.985747691350223,10,8.081818181818182,3.992718517094829
765,764,2;3;5;7;9;10;12;14;15;17;24;27;29,13,411,7282,76973,4,6.2272727272727275,3.4739184353349195,6,8.718181818181819,4.796993828346885
766,765,1;2;4;5;7;9;11;30;31;34;35;39;40;41;42,15,344,4939,54057,10,5.212121212121212,2.852719279780585,11,7.296969696969698,3.81230230422619
767,766,1;2;4;5;6;7;9;11;21;25;26;30;32,13,406,7025,75190,4,6.151515151515151,3.2524886436091442,7,8.612121212121213,4.423522326862702
768,767,3;5;8;10;11;14;15;16;19;22;26;27;29;37,14,388,6396,68682,7,5.878787878787879,3.1772939299366314,9,8.23030303030303,4.312006321139503
769,768,1;2;3;6;8;9;11;14;15;17;20;22;23;31;37,15,456,8928,94812,4,6.909090909090909,3.430877790285816,7,9.672727272727274,4.697402780447163
770,769,2;4;5;6;9;11;25;29;30;34;36;38;40,13,316,4152,45618,6,4.787878787878788,2.753252854732766,10,6.703030303030303,3.6864390202233714
771,770,3;4;8;11;14;16;20;22;27;30;31;34;38;42,14,330,4516,49769,8,5.0,2.7510319138226063,9,7.0,3.6598543575287685
772,771,1;3;4;7;8;11;12;15;19;23,10,347,5181,54850,5,5.257575757575758,3.264118838643146,6,7.360606060606061,4.509545134217433
773,772,1;3;5;6;7;8;9;10;15;16;20;27;30;35;36,15,447,8541,91140,5,6.7727272727272725,3.329953872765703,7,9.481818181818182,4.529021077583437
774,773,2;4;7;9;10;11;12;13;14;16;19;23;27,13,418,7653,79500,7,6.333333333333334,3.8024094768280747,9,8.866666666666667,5.351778247592193
775,774,3;6;8;10;13;14;16;19;22;24;27;30,12,348,5139,55239,4,5.2727272727272725,3.0796518492078704,6,7.381818181818182,4.1936088154269875
776,775,1;4;5;9;13;17;18;21;22;26;27;30;31,13,361,5467,59513,5,5.46969696969697,2.9458500742855858,6,7.657575757575758,3.9481672966450923
777,776,1;3;7;9;10;12;13;19;20;22;31;32,12,361,5528,59452,6,5.46969696969697,3.105519861862353,10,7.657575757575758,4.220424754949061
778,777,3;4;5;6;9;11;13;15;16;17;20;22;25;28;31,15,450,8730,92295,8,6.818181818181818,3.522967518739179,10,9.545454545454547,4.856813376897932
779,778,1;2;4;5;6;14;15;16;20;29;30;31;35,13,377,5979,64897,5,5.712121212121212,3.0048636470412333,9,7.996969696969697,4.029706579537436
780,779,5;6;7;10;12;13;15;17;18;22;28;29;35,13,368,5768,61760,6,5.575757575757576,3.181339215165849,8,7.806060606060607,4.341057936660466
781,780,2;4;6;8;10;12;18;24;26;28;30,11,327,4499,48802,5,4.954545454545455,2.9154311157482375,7,6.9363636363636365,3.9449050761312847
782,781,1;2;3;5;6;7;8;13;15;20;21;23;28,13,433,8071,85457,6,6.5606060606060606,3.4769722290863854,7,9.184848484848485,4.786996177419006
783,782,3;4;7;11;12;13;14;16;20;25;27;28;32;39,14,379,6073,65558,3,5.742424242424242,3.0861262885575727,4,8.039393939393939,4.1660544130522865
784,783,1;2;3;7;21;22;23;24;28;29;30;31,12,319,4264,46457,7,4.833333333333333,2.846026712305777,9,6.7666666666666675,3.839588912379604
785,784,1;7;8;13;14;15;16;20;21;28;29;36,12,332,4633,50313,6,5.03030303030303,2.916729969584086,10,7.042424242424243,3.9392854549725556
786,785,1;2;7;8;9;10;11;18;19;20;21;22;27;29,14,426,7796,82729,6,6.454545454545455,3.4268325050565984,9,9.036363636363637,4.705842355905773
787,786,1;3;4;5;6;8;9;10;12;14;15;18,12,435,8332,86063,8,6.590909090909091,3.9664914014808232,12,9.227272727272728,5.620534093578485
788,787,1;3;7;8;10;11;12;14;15;21;22;23,12,393,6717,70311,3,5.954545454545455,3.5894470223222825,5,8.336363636363638,5.009833429431726
789,788,1;4;8;9;16;17;20;24;25;28;29;33;37,13,334,4635,50976,4,5.0606060606060606,2.7803800615639886,4,7.084848484848485,3.703723919960698
790,789,1;4;5;6;7;10;12;13;17;26;33;38;39;43,14,376,5961,64539,3,5.696969696969697,3.0397542321432347,5,7.9757575757575765,4.090321395775934
791,790,3;5;8;11;14;16;19;22;24;27;33;38,12,320,4268,46772,3,4.848484848484849,2.7891845058864053,4,6.787878787878788,3.7410041215537966
792,791,2;8;9;10;11;19;21;23;29;30;31;32;40,13,320,4267,46773,4,4.848484848484849,2.786566968385145,6,6.787878787878788,3.7365408845324204
793,792,4;5;6;7;10;11;12;17;18;22;23;27;29;34,14,405,7004,74806,7,6.136363636363637,3.2870024619496014,11,8.590909090909092,4.483220150767707
794,793,3;5;6;8;11;14;17;20;22;23;25;28;33,13,370,5789,62476,5,5.606060606060606,3.0761617992061936,10,7.848484848484849,4.159331155102816
795,794,1;8;11;12;13;19;20;23;24;31;32,11,301,3765,41385,6,4.5606060606060606,2.707416203716413,7,6.384848484848486,3.6347669079804312
796,795,3;4;7;8;10;12;13;16;21;23;24;25;28;31;35,15,415,7317,78588,4,6.287878787878788,3.199870190884983,9,8.803030303030303,4.326601106199398
797,796,1;4;5;10;14;15;19;20;25;35;39;40,12,313,4074,44754,4,4.742424242424242,2.7471551821446063,7,6.63939393939394,3.6811683430499436
798,797,1;6;7;8;9;10;13;14;17;23;26;27;34;40,14,395,6647,71168,6,5.984848484848485,3.233184304537364,8,8.378787878787879,4.40044739146218
799,798,4;8;10;12;14;18;20;22;26;30;34,11,297,3670,40286,4,4.5,2.706860968488872,6,6.300000000000001,3.6412426591496327
800,799,3;5;6;8;11;17;19;22;25;28;30;33,12,333,4642,50636,6,5.045454545454546,2.8696242094762123,9,7.063636363636364,3.857425630512303
801,800,2;3;6;8;9;11;16;17;18;24;27;33;35;41;44,15,381,6119,66271,8,5.7727272727272725,3.0407159788766513,10,8.081818181818182,4.08644649454374
802,801,1;3;6;7;8;9;11;12;15;16;18;19;20;26;27,15,477,9931,103595,8,7.2272727272727275,3.8469175292642426,13,10.118181818181819,5.401137591560413
803,802,1;2;6;7;8;12;13;14;18;24;30;31;32,13,387,6343,68348,2,5.863636363636364,3.12340636812095,5,8.209090909090909,4.221138872872473
804,803,4;5;9;12;13;16;17;21;25;29;34;38,12,317,4192,45894,6,4.803030303030303,2.7914153617113424,8,6.724242424242425,3.7498210434151176
805,804,3;4;6;9;10;12;13;16;19;22;23;25;26;31;35,15,421,7548,80862,6,6.378787878787879,3.248294634658265,7,8.930303030303032,4.404797018813923
806,805,1;5;6;9;10;13;14;15;18;19;20;28;29,13,398,6823,72180,7,6.03030303030303,3.4323848573319964,9,8.442424242424243,4.737312234394679
807,806,1;3;6;7;8;9;11;14;15;17;18;23;24,13,429,8035,83771,7,6.5,3.7669636564985325,11,9.100000000000001,5.283892412497053
808,807,1;4;7;8;9;10;12;15;16;17;19;24;25;28;29,15,451,8775,92700,8,6.833333333333334,3.5396741501392555,13,9.566666666666666,4.884879022785988
809,808,1;2;6;9;10;11;12;16;17;20;22;26;28,13,405,7049,74761,8,6.136363636363637,3.4047916495062296,12,8.590909090909092,4.68406581672965
810,809,2;4;5;6;8;9;11;12;17;23;25;29;34,13,400,6841,72959,7,6.0606060606060606,3.3038875618156744,9,8.484848484848486,4.516390116812936
811,810,3;4;5;8;11;16;18;22;26;29;30;33;34;38,14,353,5208,56920,5,5.348484848484849,2.8837430481193636,7,7.487878787878788,3.8527189441988554
812,811,2;3;8;9;10;11;13;15;17;24;25;26;28;34;37,15,413,7245,77833,9,6.257575757575758,3.194754094859796,11,8.760606060606062,4.319411237106792
813,812,2;4;9;11;13;15;27;29;31;40;42,11,272,3036,33820,4,4.121212121212121,2.5045867921132157,5,5.76969696969697,3.3461618297136244
814,813,1;2;4;5;7;8;9;10;12;14;19;23;24;31;33,15,473,9641,101987,7,7.166666666666667,3.517425081378562,11,10.033333333333333,4.840068123091363
815,814,3;4;7;10;14;17;19;21;24;26;36;40;43,13,321,4292,47068,5,4.863636363636364,2.7844352617079853,7,6.8090909090909095,3.731253977406194
816,815,1;2;4;5;6;8;9;10;11;15;19,11,405,7163,74647,8,6.136363636363637,3.703190924649693,10,8.590909090909092,5.192874837166578
817,816,1;2;6;7;8;10;11;12;13;17;19;20;21;27,14,456,9085,94655,5,6.909090909090909,3.8418311779833907,6,9.672727272727274,5.3981309928032815
818,817,1;3;4;6;9;10;12;13;16;18;22;30;31;34;40,15,426,7715,82810,8,6.454545454545455,3.2148119674546685,10,9.036363636363637,4.344320157174266
819,818,1;2;3;4;5;10;11;13;14;15;16,11,401,7019,73181,5,6.075757575757576,3.6816160700938667,7,8.506060606060606,5.159570974010709
820,819,2;5;7;8;9;12;13;15;17;20;22;24;29,13,402,6983,73618,9,6.090909090909091,3.4989337653185366,12,8.527272727272727,4.847189014884567
821,820,1;5;7;8;9;11;12;13;14;20;21;25;32,13,407,7163,75458,8,6.166666666666667,3.5239689251317117,10,8.633333333333335,4.88559314070941
822,821,1;5;11;12;15;16;17;20;23;28;31;32;43,13,331,4574,50041,4,5.015151515151516,2.832701066844825,6,7.0212121212121215,3.797553334614637
823,822,2;3;4;6;7;9;11;12;15;16;18;27,12,410,7323,76522,7,6.212121212121212,3.6720085176744703,11,8.696969696969697,5.135562816323905
824,823,1;2;6;8;12;13;14;15;16;21;22;27;28,13,400,6867,72933,5,6.0606060606060606,3.3719435368483914,8,8.484848484848486,4.632434279368734
825,824,2;4;5;9;10;14;15;17;20;22;25;27;29;31,14,400,6788,73012,5,6.0606060606060606,3.165158074248975,8,8.484848484848486,4.27983855467998
826,825,2;5;6;7;10;12;13;16;17;18;23;25;30,13,401,6934,73266,4,6.075757575757576,3.4591253824868957,7,8.506060606060606,4.780195827193705
827,826,1;3;8;9;11;12;17;20;23,9,301,3862,41288,3,4.5606060606060606,2.9613173413384803,5,6.384848484848486,4.0677008990539605
828,827,1;4;6;7;11;15;17;18;21;22;24;28;32;33;39,15,397,6638,71968,5,6.015151515151516,3.035560223192352,8,8.421212121212122,4.061598436799276
829,828,2;3;6;8;9;10;16;18;22;24;25;26;27;32;35,15,412,7189,77477,5,6.242424242424242,3.13945861514571,10,8.73939393939394,4.225906421508945
830,829,1;2;4;8;10;12;14;26;27;30;31;38;39;40;41,15,352,5181,56595,6,5.333333333333334,2.8888888888888857,9,7.466666666666667,3.862842377260975
831,830,1;2;10;11;12;13;19;20;21;22;31;32;33,13,358,5384,58519,4,5.424242424242425,2.96146606506014,7,7.593939393939395,3.978643090524688
832,831,3;6;7;8;9;12;13;15;16;20;21;23;28;29;36,15,429,7899,83907,7,6.5,3.4109785563273896,9,9.100000000000001,4.676892177589842
833,832,1;3;5;6;7;12;13;14;17;21;24;26;27;29;30,15,440,8264,88316,10,6.666666666666667,3.299842276586457,12,9.333333333333334,4.4810899694620545
834,833,1;2;3;6;9;11;12;18;21;23;24;27;29;30,14,414,7275,78216,6,6.2727272727272725,3.1817358117569476,7,8.781818181818183,4.296441796399499
835,834,1;2;7;8;10;12;17;24;25;27;29;34;35;36;37,15,371,5769,62866,8,5.621212121212121,2.9433515157616554,11,7.86969696969697,3.931693894548008
836,835,1;3;4;7;10;15;17;18;19;25;28;29;32;35;36,15,396,6595,71615,7,6.0,3.0101681264471907,10,8.4,4.019234202490004
837,836,2;3;5;8;10;12;13;14;15;17;19;25;27,13,415,7485,78420,9,6.287878787878788,3.6396164910963975,11,8.803030303030303,5.076424925790668
838,837,2;3;5;8;12;15;17;20;23;26;28;31;43,13,352,5198,56578,6,5.333333333333334,2.933387026410278,7,7.466666666666667,3.9387174066243773
839,838,2;3;5;8;16;19;21;22;24;27;29,11,319,4242,46479,6,4.833333333333333,2.7884408872780924,9,6.7666666666666675,3.741397697909317
840,839,1;2;3;4;6;7;8;9;10;16,10,384,6402,67134,4,5.818181818181818,3.530820131242958,8,8.145454545454546,4.918941636235498
841,840,1;2;7;9;14;15;17;18;24;25;26;27;32;39;41,15,378,5998,65255,4,5.7272727272727275,2.9723328116562726,6,8.01818181818182,3.973124906570991
842,841,3;5;6;8;9;16;19;22;24;25;27;28;33,13,360,5460,59160,8,5.454545454545455,3.0054089673539934,10,7.636363636363637,4.050996220129406
843,842,3;4;6;7;10;12;13;16;18;22;25;28,12,376,6078,64422,5,5.696969696969697,3.3460061197904665,5,7.9757575757575765,4.612520127276987
844,843,1;2;3;4;8;9;11;12;13;14;15;21;23,13,449,8822,91754,4,6.803030303030304,3.864605737227297,7,9.524242424242425,5.439781109189134
845,844,1;2;5;6;7;8;12;18;20;25;26;30;32;37;38,15,408,7019,76009,4,6.181818181818182,3.0570458435151835,5,8.654545454545454,4.088601020778597
846,845,4;5;7;11;12;13;15;16;17;24;28;29;32;39;44,15,379,6077,65554,6,5.742424242424242,3.0965964385626066,10,8.039393939393939,4.183907361137795
847,846,2;4;11;12;13;15;23;25;27;36;38;40,12,294,3578,39493,6,4.454545454545455,2.6494238671828487,7,6.236363636363636,3.5489713199649735
848,847,2;4;10;12;14;16;18;26;30,9,273,3109,34019,2,4.136363636363637,2.6404706991387705,5,5.790909090909091,3.575754799581432
849,848,1;6;14;15;16;17;20;21;22;23;36;37;38,13,319,4273,46448,4,4.833333333333333,2.8695845498171018,6,6.7666666666666675,3.879758045571993
850,849,4;5;8;10;12;16;17;21;22;24;26;29;34,13,357,5369,58177,9,5.409090909090909,2.999311294765837,10,7.572727272727273,4.044475836589996
851,850,3;4;8;11;12;15;16;19;20;23,10,319,4387,46334,6,4.833333333333333,3.167983824960565,7,6.7666666666666675,4.388567066008921
852,851,4;5;8;9;12;13;17;18;22;26;30,11,331,4663,49952,6,5.015151515151516,3.0656619044568263,8,7.0212121212121215,4.194781429517153
853,852,2;3;5;6;7;11;13;16;17;18;19;22;24,13,422,7748,81083,7,6.3939393939393945,3.6781954244956268,10,8.951515151515151,5.137137121745987
854,853,1;3;4;6;15;17;18;19;21;24;25;36;42,13,354,5267,57214,4,5.363636363636364,2.9621006196059003,5,7.50909090909091,3.9849890020714476
855,854,1;4;5;6;7;11;12;16;18;23,10,347,5191,54840,4,5.257575757575758,3.2902942136557343,6,7.360606060606061,4.554177504431198
856,855,1;2;4;7;9;11;24;25;26;27;28;29;35;36,14,366,5666,61129,4,5.545454545454546,3.073464942386712,9,7.763636363636364,4.159542144489283
857,856,1;2;3;4;14;16;17;19;20;30;31;33;34,13,361,5471,59509,2,5.46969696969697,2.9563202242906215,3,7.657575757575758,3.966020244730597
858,857,4;6;10;12;18;22;24;28;32,9,249,2538,28338,3,3.772727272727273,2.3994192910683383,4,5.281818181818182,3.2179005701838648
859,858,1;4;5;6;7;11;19;23;25;26;29;30;34,13,365,5615,60815,5,5.53030303030303,3.0191411243208233,6,7.742424242424243,4.068139107779693
860,859,1;2;3;4;6;13;14;16;17;19;27;30;31;33,14,414,7258,78233,6,6.2727272727272725,3.1372376742355534,7,8.781818181818183,4.220566767036104
861,860,2;4;5;7;9;10;14;17;19;21;23;24;28,13,402,6934,73667,7,6.090909090909091,3.3706744277568745,10,8.527272727272727,4.628490400837112
862,861,1;2;3;4;5;6;8;10;11;14,10,386,6466,67839,9,5.848484848484849,3.5299476187425363,14,8.187878787878788,4.9153710466184
863,862,1;2;3;4;5;6;8;9;24;28;30;32;33,13,400,6814,72986,4,6.0606060606060606,3.2332140492816954,6,8.484848484848486,4.3958827172357715
864,863,4;5;7;8;11;12;14;15;18;19;22;23;27,13,400,6949,72851,8,6.0606060606060606,3.5865816119515834,12,8.484848484848486,4.998419715121603
865,864,3;4;6;7;10;11;12;15;18;22;23;26;29;33,14,411,7218,77037,8,6.2272727272727275,3.30639603525438,8,8.718181818181819,4.511346658978788
866,865,1;7;10;11;12;13;17;18;19;23;29;30;42,13,353,5293,56835,3,5.348484848484849,3.106233735726331,4,7.487878787878788,4.23209409101586
867,866,2;3;5;6;8;10;14;19;20;22;24;25;28;30,14,414,7298,78193,9,6.2727272727272725,3.2419391742858927,12,8.781818181818183,4.3990962478911655
868,867,2;3;5;7;8;10;16;18;21;23;26,11,356,5411,57779,6,5.3939393939393945,3.1860983742590463,10,7.551515151515152,4.3642829991244305
869,868,1;2;3;5;11;13;15;16;24;26;27;29;31;32,14,395,6580,71235,2,5.984848484848485,3.057809291953049,5,8.378787878787879,4.101410511029954
870,869,2;4;7;10;12;14;17;18;19;21;25;31;33;35;37,15,390,6410,69445,10,5.909090909090909,3.0434822400995714,11,8.272727272727273,4.081833130458918
871,870,2;4;5;7;8;9;10;11;12;15;17;19;21,13,445,8763,90027,5,6.742424242424242,4.110892220300244,8,9.43939393939394,5.861548892732806
872,871,4;6;8;10;14;18;20;22;24;28;32,11,309,3994,43592,3,4.681818181818182,2.7982368230782573,5,6.554545454545455,3.7752371495077597
873,872,1;2;3;10;11;13;26;28;29;30;31;39;41,13,321,4304,47056,6,4.863636363636364,2.815845711723087,8,6.8090909090909095,3.7848128216627117
874,873,1;2;6;7;8;9;10;20;21;26;27;28;30;34;36,15,410,7119,76726,4,6.212121212121212,3.138030867417754,6,8.696969696969697,4.225062463963084
875,874,4;5;8;9;13;14;18;19;22;23;27;41,12,337,4821,51795,7,5.106060606060606,3.052931153882522,9,7.148484848484849,4.163928289234839
876,875,3;4;5;8;9;10;11;12;14;15;17;20;22;25,14,455,9119,94166,6,6.8939393939393945,4.033198948103806,9,9.651515151515152,5.724811540350636
877,876,5;8;10;11;13;16;18;21;26;29;37,11,301,3800,41350,6,4.5606060606060606,2.799030016260456,9,6.384848484848486,3.7909802037286155
878,877,1;4;5;6;12;13;17;18;20;21;25;26;38,13,379,6096,65535,6,5.742424242424242,3.1463296510865177,8,8.039393939393939,4.2687088645439495
879,878,4;5;6;9;10;14;15;19;20;23;25;29,12,361,5569,59411,8,5.46969696969697,3.2128388994139474,13,7.657575757575758,4.403417472825499
880,879,1;3;4;5;6;9;10;11;13;14;20;21;25;31;34,15,468,9432,99846,6,7.090909090909091,3.5015513028197915,9,9.927272727272728,4.814161060926374
881,880,1;2;4;5;6;7;10;12;16;17;21;22;26;28;38,15,460,9074,96496,10,6.96969696969697,3.4009744073168946,12,9.757575757575758,4.64501249279261
882,881,1;2;5;6;7;8;9;12;14;16;22;23;28,13,432,8079,85017,8,6.545454545454546,3.5943549051371377,11,9.163636363636364,4.987740406175909
883,882,1;2;4;5;6;9;10;11;16;21;25;26;27,13,422,7646,81185,6,6.3939393939393945,3.411206599367265,9,8.951515151515151,4.68188694556558
884,883,1;4;5;7;9;11;12;14;15;19;23;24;26;28;35,15,442,8372,89089,8,6.696969696969697,3.3852691823093437,10,9.375757575757577,4.62573130886026
885,884,5;8;9;10;14;17;19;22;23;24;31;33;41,13,329,4530,49426,2,4.984848484848485,2.8575676731067805,4,6.978787878787879,3.8430783522326806
886,885,2;3;6;12;15;18;21;23;24;26;36;38;42;44,14,320,4245,46795,4,4.848484848484849,2.7289811433574602,6,6.787878787878788,3.638349670062137
887,886,3;4;5;8;9;14;17;18;19;22;23;26,12,372,5934,63072,8,5.636363636363637,3.2945278822657187,11,7.8909090909090915,4.529325389198533
888,887,3;6;9;10;13;18;19;22;28;31;37,11,299,3716,40835,7,4.53030303030303,2.7037278554191833,8,6.342424242424243,3.6321701155316326
889,888,3;4;5;7;9;19;22;24;26;27;28;31;35,13,345,5001,54339,6,5.2272727272727275,2.941249553828831,7,7.318181818181818,3.9618329169069035
890,889,1;3;4;9;10;13;16;25;26;29;35;36;39,13,339,4785,52506,6,5.136363636363637,2.814536942972458,6,7.190909090909091,3.754462809917346
891,890,3;4;8;10;11;13;14;15;17;19;23;25;28;33;36,15,416,7384,78936,9,6.303030303030303,3.2831852197602664,10,8.824242424242424,4.467911247784386
892,891,2;3;4;8;10;11;13;15;18;19;22;26;28;30;32,15,434,8031,85930,4,6.575757575757576,3.275570565211151,8,9.206060606060607,4.442998270228706
893,892,1;5;8;9;13;14;16;17;22;24;25;33;38,13,360,5473,59147,8,5.454545454545455,3.0394369548703537,11,7.636363636363637,4.109018301407296
894,893,2;6;8;10;14;16;18;22;24;26;40,11,309,4012,43574,6,4.681818181818182,2.845352498100908,9,6.554545454545455,3.8555754158925346
895,894,1;2;3;4;5;6;8;9;11;13;18;21;22;24,14,483,10153,106250,7,7.318181818181818,3.7758870797982773,10,10.245454545454546,5.279169496230793
896,895,1;2;3;5;7;8;10;12;13;15;22;23;25,13,439,8351,87790,6,6.651515151515151,3.6258149297261255,10,9.312121212121212,5.037440579153035
897,896,1;7;12;13;14;19;20;21;26;33;40,11,289,3468,38148,5,4.378787878787879,2.661966234376381,7,6.130303030303031,3.5799908172635426
898,897,1;4;5;6;10;14;15;16;19;20;24;29;30,13,392,6544,70092,7,5.9393939393939394,3.2227438992766615,10,8.315151515151516,4.385528007346181
899,898,2;3;5;7;9;10;14;16;17;19;21;24,12,393,6701,70327,3,5.954545454545455,3.547566422302147,6,8.336363636363638,4.938421637089707
900,899,1;2;6;11;12;13;14;18;19;20;25;31,12,368,5780,61748,7,5.575757575757576,3.212749665180951,9,7.806060606060607,4.394616780916987
901,900,2;3;5;6;9;11;17;19;20;22;25;28;31,13,387,6354,68337,5,5.863636363636364,3.152199280634793,8,8.209090909090909,4.2702344801076215
902,901,2;3;4;5;7;10;11;12;13;14;15;16;18;25;29,15,491,10581,109714,10,7.4393939393939394,4.012258648093734,12,10.415151515151516,5.681607405983719
903,902,1;3;4;5;12;13;15;16;17;20;29;32,12,373,5920,63458,7,5.651515151515151,3.1769072482603065,9,7.912121212121213,4.327607363273316
904,903,1;5;6;7;12;13;14;19;20;26,10,327,4575,48726,3,4.954545454545455,3.114363965843877,4,6.9363636363636365,4.284111089755903
905,904,2;4;6;17;18;19;20;24;35;37;39;41;43,13,280,3235,35825,5,4.242424242424242,2.576688052375152,9,5.9393939393939394,3.4525167104448258
906,905,1;2;11;12;13;22;23;24;34;35;36;37,12,290,3466,38439,3,4.3939393939393945,2.5971524364759,5,6.151515151515152,3.4675294167894535
907,906,1;3;4;9;12;14;17;18;23;26;27;29;30,13,372,5826,63180,5,5.636363636363637,3.0118338321298097,7,7.8909090909090915,4.047295790889862
908,907,2;4;6;8;9;11;13;15;17;19;23,11,368,5900,61628,5,5.575757575757576,3.5268541653319616,7,7.806060606060607,4.930205223482169
909,908,1;2;5;6;7;13;18;19;20;21;22;23;28;41,14,404,6939,74467,10,6.121212121212121,3.2060868424504747,12,8.56969696969697,4.346105451982815
910,909,1;4;5;6;10;11;17;22;23;27;28,11,341,4908,53062,6,5.166666666666667,2.9913000436256194,8,7.233333333333333,4.0529316420014005
911,910,4;6;8;10;12;16;18;22;24;26;28;34;38,13,339,4804,52487,7,5.136363636363637,2.864270155496367,7,7.190909090909091,3.8392643133235076
912,911,1;2;7;8;9;10;18;20;27;28;30;37;38,13,350,5118,55957,4,5.303030303030303,2.8748493695639503,7,7.424242424242425,3.841629828944832
913,912,1;3;4;10;13;14;16;17;20;30;33,11,334,4705,50906,4,5.0606060606060606,2.963607686652079,6,7.084848484848485,4.0161505114570595
914,913,2;5;6;7;8;10;11;13;15;16;21;23;31,13,417,7561,79175,5,6.318181818181818,3.6541715859897614,9,8.845454545454546,5.09974736797146
915,914,2;3;5;8;9;11;14;17;18;20;23;25;26;28,14,421,7592,80818,8,6.378787878787879,3.3634662847136347,12,8.930303030303032,4.60117944775449
916,915,2;4;5;7;9;11;15;16;20;24;26;31;35,13,380,6117,65893,6,5.757575757575758,3.1185183151356455,10,8.06060606060606,4.220193478121587
917,916,1;3;4;10;11;13;14;15;16;26;29;30,12,368,5757,61771,5,5.575757575757576,3.1525463026520075,7,7.806060606060607,4.291962329425324
918,917,1;2;3;4;16;19;20;21;22;23;24;26;40;42,14,367,5637,61524,10,5.5606060606060606,2.9181279725677136,12,7.784848484848485,3.893456125739416
919,918,1;2;4;5;7;19;20;21;22;24;26;27;31,13,376,5949,64551,7,5.696969696969697,3.008343782128133,10,7.9757575757575765,4.036762551519413
920,919,1;2;3;4;5;8;9;24;25;26;27;28;30;33;35,15,415,7357,78548,6,6.287878787878788,3.304571690935319,11,8.803030303030303,4.505130587054467
921,920,1;7;8;9;10;17;23;24;30;31;32;40;41,13,312,4044,44472,4,4.7272727272727275,2.7341368990417596,5,6.618181818181818,3.660698315074633
922,921,2;5;6;7;10;13;15;16;17;19;21;23;29;34;36,15,422,7607,81224,5,6.3939393939393945,3.3091226368181914,9,8.951515151515151,4.5078207017318945
923,922,4;7;10;11;14;15;16;21;25;26;30;37;41,13,328,4504,49124,2,4.96969696969697,2.859144144556401,4,6.957575757575758,3.847342772332194
924,923,1;5;6;13;14;15;18;19;20;23;24;33;38,13,356,5355,57835,4,5.3939393939393945,3.039516274188575,4,7.551515151515152,4.114341725927339
925,924,1;2;8;9;10;23;31;32;33;39;40;41,12,271,3025,33560,5,4.106060606060606,2.530732422381469,6,5.748484848484849,3.3928594614218266
926,925,2;3;5;7;8;10;11;15;18;19;21;26;29,13,411,7273,76982,10,6.2272727272727275,3.450360597823593,12,8.718181818181819,4.756824695154499
927,926,2;4;5;6;7;8;9;10;11;13;15;21,12,429,8136,83670,5,6.5,4.031334944125636,8,9.100000000000001,5.734679351656084
928,927,2;3;5;7;11;16;18;19;21;23;26;28;34;37;39,15,386,6255,68050,5,5.848484848484849,2.977647205977007,7,8.187878787878788,3.9736280351079394
929,928,1;6;7;8;10;16;17;18;24;25;34;40;41,13,338,4794,52159,6,5.121212121212121,2.9103051048082698,7,7.16969696969697,3.91924146325837
930,929,2;3;4;5;6;7;8;10;11;12;14;16,12,442,8638,88823,4,6.696969696969697,4.081534157644086,9,9.375757575757577,5.812952356546425
931,930,1;4;5;6;13;14;17;18;19;23;30;31;36,13,368,5709,61819,2,5.575757575757576,3.0269045025916004,4,7.806060606060607,4.077726952399249
932,931,1;2;8;9;10;11;12;18;20;21;28;29,12,371,5878,62757,5,5.621212121212121,3.2286631033988265,7,7.86969696969697,4.418186729878055
933,932,1;2;5;9;14;21;22;23;30;31;32;35;36;37,14,332,4611,50335,7,5.03030303030303,2.859144144556401,9,7.042424242424243,3.8410942405022688
934,933,2;4;5;6;7;8;9;13;14;16;18;22,12,416,7598,78722,4,6.303030303030303,3.8433382450295746,6,8.824242424242424,5.423043970358968
935,934,2;3;6;9;27;29;30;32;33;35;36;38,12,260,2872,30798,3,3.9393939393939394,2.7175591615337886,4,5.515151515151516,3.735323638072048
936,935,6;10;12;16;18;22;24;28;34;40,10,240,2336,26344,7,3.6363636363636367,2.302481169288778,7,5.090909090909091,3.073953061268069
937,936,1;2;4;5;6;7;10;11;12;16;18;22,12,426,7918,82607,6,6.454545454545455,3.746172080210126,8,9.036363636363637,5.25035727251371
938,937,3;7;8;9;11;12;16;18;19;20;27;30;38,13,367,5740,61421,4,5.5606060606060606,3.1877343351973337,6,7.784848484848485,4.353169538941202
939,938,2;4;5;6;8;12;15;20;21;23;26;27;28;32,14,401,6821,73379,2,6.075757575757576,3.1633436448446943,4,8.506060606060606,4.275850043778146
940,939,3;6;7;11;14;17;24;28;31;34;35;38;41,13,296,3604,40056,4,4.484848484848485,2.595486730793281,5,6.278787878787879,3.453214598415439
941,940,2;4;5;7;9;12;17;19;21;26;38,11,335,4745,51200,4,5.075757575757576,2.9971300135147896,7,7.106060606060606,4.07179084716082
942,941,1;2;11;12;13;14;15;25;26;27;28,11,321,4339,47021,4,4.863636363636364,2.907459524267132,5,6.8090909090909095,3.9410261174108854
943,942,1;2;6;7;8;17;23;24;25;30;31;32;33,13,346,5034,54651,6,5.242424242424242,2.9536134525563646,8,7.33939393939394,3.9814995622183744
944,943,1;5;7;8;9;12;23;28;31;32;35;36;37;43;44,15,324,4368,47958,2,4.909090909090909,2.77911095247247,4,6.872727272727273,3.71727593055288
945,944,1;3;6;11;13;14;16;17;19;20;30;31,12,359,5480,58781,4,5.4393939393939394,3.1353835851721623,8,7.615151515151515,4.273902449441554
946,945,1;3;4;5;6;7;15;18;20;21;22;23;24;27;28,15,451,8689,92786,7,6.833333333333334,3.314565925031033,9,9.566666666666666,4.5010406389476
947,946,1;4;6;9;10;11;12;15;16;21;22;25;31,13,402,6955,73646,4,6.090909090909091,3.4256427152833027,8,8.527272727272727,4.722218378286023
948,947,3;5;7;8;9;10;12;14;15;17;18;19;24;27;32,15,455,9010,94275,8,6.8939393939393945,3.7478873604666347,9,9.651515151515152,5.238318705020596
949,948,1;3;5;7;8;10;11;12;13;17;18;20;23;25;28,15,474,9772,102329,5,7.181818181818182,3.753310818849922,7,10.054545454545455,5.242079996583151
950,949,1;4;5;7;8;9;14;15;19;21;22;23;26;30,14,426,7777,82748,3,6.454545454545455,3.377099292532691,6,9.036363636363637,4.621040852499618
951,950,1;6;7;11;12;13;18;19;24;25;36;37,12,331,4600,50015,6,5.015151515151516,2.9007570418775455,9,7.0212121212121215,3.9135974971704286
952,951,1;4;8;9;10;12;13;18;19;27;28;29;31;37;41,15,388,6341,68737,10,5.878787878787879,3.0333293673674184,10,8.23030303030303,4.066528284963798
953,952,2;8;9;10;11;12;17;18;19;20;21;29;37,13,372,5945,63061,5,5.636363636363637,3.323320794779562,7,7.8909090909090915,4.578420996433675
954,953,2;5;10;13;15;18;20;28;30;33;35,11,286,3363,37392,4,4.333333333333333,2.5643142387328393,5,6.066666666666667,3.419375146817
955,954,2;4;8;11;13;15;17;19;21;25;27;29;32;40,14,367,5655,61506,5,5.5606060606060606,2.9652436475903627,9,7.784848484848485,3.973794392124198
956,955,3;4;5;6;7;10;14;17;19;20;22;24;25;29,14,425,7755,82345,6,6.4393939393939394,3.414151329056182,9,9.015151515151516,4.684877314369906
957,956,1;4;5;9;10;11;14;15;16;20;21;30;31,13,398,6793,72210,11,6.03030303030303,3.3538587322942455,12,8.442424242424243,4.603415123753379
958,957,1;4;5;9;11;12;16;20;21;25;31;32;36,13,362,5501,59840,3,5.484848484848485,2.9567069059669446,6,7.67878787878788,3.9654156789886095
959,958,1;2;6;7;8;14;19;21;25;26;27;28;33;35,14,378,6010,65243,7,5.7272727272727275,3.0037432616713744,9,8.01818181818182,4.026683750827502
960,959,1;9;10;13;14;16;17;23;25;26;27;39;40,13,325,4429,48221,4,4.924242424242425,2.870179444703753,6,6.8939393939393945,3.870945181198877
961,960,2;6;8;12;13;14;15;16;21;22;27;28;30;43,14,373,5906,63472,6,5.651515151515151,3.1402617232426913,8,7.912121212121213,4.265122044974042
962,961,2;4;9;11;13;18;20;22;31,9,275,3160,34515,2,4.166666666666667,2.6627990872176905,4,5.833333333333334,3.6096429410382846
963,962,3;6;9;10;12;13;15;16;17;25;27;30;33;42,14,372,5867,63139,5,5.636363636363637,3.119152869681404,7,7.8909090909090915,4.230288508766304
964,963,4;6;7;8;11;13;15;17;19;22;23;28;30;36,14,391,6504,69741,7,5.924242424242425,3.203915476114201,10,8.293939393939395,4.354403015354382
965,964,1;2;3;4;5;7;15;17;18;22;30;32;33;37,14,404,6900,74506,5,6.121212121212121,3.1040028799013903,8,8.56969696969697,4.172039208149137
966,965,1;3;4;7;8;11;12;15;16;23;26;27;34,13,398,6751,72252,7,6.03030303030303,3.2439221572413928,11,8.442424242424243,4.415959168855565
967,966,3;4;5;8;9;12;13;16;20;24;28;33;36,13,374,5919,63832,5,5.666666666666667,3.0930568139870402,9,7.933333333333334,4.1834813248766665
968,967,1;2;3;5;7;12;24;25;27;31;32;34;36;37;39,15,360,5484,59136,9,5.454545454545455,3.068229867384197,10,7.636363636363637,4.158113908642445
969,968,2;3;7;9;10;12;15;19;22;25;27;34;37,13,363,5545,60158,3,5.5,2.9934813248766687,6,7.7,4.026866337796566
970,969,1;5;6;7;11;16;19;20;26;30;31;35;36;37;42,15,353,5202,56926,6,5.348484848484849,2.8680378231118127,10,7.487878787878788,3.8259395220705947
971,970,2;5;7;8;10;12;15;17;19;20;25;27,12,373,5984,63394,7,5.651515151515151,3.3444296483408493,10,7.912121212121213,4.613254532641417
972,971,1;3;4;5;8;9;11;12;15;16;19;20;24,13,438,8376,87327,5,6.636363636363637,3.789242470003561,9,9.290909090909091,5.316640399769348
973,972,2;3;6;11;14;16;17;20;22;31;33;34;36,13,340,4829,52801,5,5.151515151515151,2.857240480919124,8,7.212121212121213,3.8258056249599512
974,973,1;4;5;6;9;10;11;15;16;19;20,11,379,6267,65364,6,5.742424242424242,3.593928563801704,7,8.039393939393939,5.0319223951993415
975,974,1;5;9;10;14;15;23;28;33;37;38;42;43,13,287,3386,37655,8,4.348484848484849,2.565712241716467,8,6.087878787878788,3.4197849531253297
976,975,1;2;5;7;8;9;10;13;14;15;16;17,12,423,7902,81351,6,6.409090909090909,3.987431701490891,8,8.972727272727273,5.663738227945402
977,976,2;8;10;11;12;13;21;23;25;31;33,11,306,3909,42756,5,4.636363636363637,2.768402844512778,6,6.490909090909091,3.7296918444487126
978,977,1;4;5;7;8;12;13;20;22;30;34;35;42,13,352,5193,56583,3,5.333333333333334,2.9202993389039875,7,7.466666666666667,3.916401221517493
979,978,2;6;8;10;14;17;19;25;27;31;33;35;41,13,317,4159,45927,5,4.803030303030303,2.7050366241698107,7,6.724242424242425,3.6025342217096927
980,979,4;5;6;9;10;11;12;14;16;17;20;22;26,13,413,7480,77598,7,6.257575757575758,3.8098754076555252,10,8.760606060606062,5.368271937130281
981,980,1;3;7;8;10;11;12;13;19;20;21;22;32,13,406,7116,75099,4,6.151515151515151,3.490684556223659,6,8.612121212121213,4.829676895807964
982,981,1;2;4;5;6;7;8;9;10;14;16;18,12,440,8502,88078,8,6.666666666666667,3.922816201885958,8,9.333333333333334,5.543340380549672
983,982,1;2;6;7;8;13;14;15;16;23;24;31;37;39,14,394,6573,70848,3,5.96969696969697,3.126132969684761,6,8.357575757575757,4.218862621991576
984,983,3;4;5;8;9;10;12;13;17;18;20;22;30,13,414,7454,78037,4,6.2727272727272725,3.650275024482209,8,8.781818181818183,5.095361223225908
985,984,1;2;7;12;13;14;20;25;26;27;32;33;34,13,339,4785,52506,6,5.136363636363637,2.814536942972458,9,7.190909090909091,3.754462809917346
986,985,2;4;6;7;9;10;11;13;14;17;21;23;27,13,421,7723,80687,5,6.378787878787879,3.706363697378489,6,8.930303030303032,5.18586349755482
987,986,1;3;6;9;12;13;14;18;21;25;26;31;32;34;35,15,395,6559,71256,7,5.984848484848485,3.0028410044266245,9,8.378787878787879,4.007682533581043
988,987,2;6;8;9;11;13;14;15;19;21;23;25;27;34;36,15,412,7226,77440,4,6.242424242424242,3.23630750269227,7,8.73939393939394,4.391046191299878
989,988,1;7;10;11;17;18;21;28;29;39,10,269,2977,33069,3,4.075757575757576,2.5141943445326085,5,5.706060606060606,3.368920281034443
990,989,1;2;3;4;6;8;9;10;11;12;15;16,12,443,8632,89271,7,6.712121212121212,3.9668086787537042,11,9.396969696969698,5.616833664338934
991,990,1;2;10;11;12;21;22;23;24;32;33;34;35,13,325,4377,48273,3,4.924242424242425,2.7340674946383157,3,6.8939393939393945,3.6388568560872976
992,991,2;5;6;7;8;11;12;13;15;18;19;20;26;31,14,437,8298,86968,8,6.621212121212121,3.682805859867166,11,9.26969696969697,5.135696713434548
993,992,1;6;7;8;11;12;13;14;18;19;21;24;25;32;33,15,431,7957,84708,7,6.53030303030303,3.3711999182400767,7,9.142424242424243,4.607833728404543
994,993,2;4;6;8;10;12;18;24;26;28;36,11,321,4315,47045,4,4.863636363636364,2.8446386242369304,5,6.8090909090909095,3.8339084288978533
995,994,2;3;5;7;8;11;16;19;21;23;24;26;27;32;34,15,417,7365,79371,4,6.318181818181818,3.1411342357431096,6,8.845454545454546,4.224952911781656
996,995,1;3;9;10;12;16;25;26;28;34;35;37;38,13,311,4006,44199,4,4.712121212121212,2.6999205281446255,4,6.596969696969698,3.6040922971789726
997,996,4;5;7;8;9;13;15;17;18;21;24;26;28;33,14,402,6902,73699,5,6.090909090909091,3.2869132277166067,9,8.527272727272727,4.48566681615306
998,997,2;3;7;8;9;10;12;17;20;28;30;37;40,13,362,5525,59816,5,5.484848484848485,3.019527805997148,6,7.67878787878788,4.072533367501649
999,998,1;2;3;4;5;7;22;24;25;27;28;29;32,13,376,6003,64497,5,5.696969696969697,3.1496908071960874,6,7.9757575757575765,4.277777350673752
1000,999,2;4;5;6;8;9;10;11;13;14;15;17;19;25;27,15,490,10567,109238,7,7.424242424242425,4.087007190601266,8,10.393939393939394,5.8091058577316375
1001,1000,3;6;10;11;13;14;17;20;23;24;30;34;40,13,340,4852,52778,5,5.151515151515151,2.917443843448064,6,7.212121212121213,3.928460076451614
1002,1001,2;4;6;8;10;14;22;28;30;32;36,11,303,3809,41944,6,4.590909090909091,2.6969857133704878,9,6.427272727272728,3.6133271403250227
1003,1002,2;3;5;7;8;10;12;13;16;18;20;21;28,13,422,7742,81089,5,6.3939393939393945,3.6624901994880794,8,8.951515151515151,5.11035769961773
1004,1003,2;3;4;6;10;14;16;25;28;35;38;39;41;42;44,15,328,4461,49167,2,4.96969696969697,2.74659003200229,3,6.957575757575758,3.6554235804130073
1005,1004,2;5;7;8;9;14;15;22;23;24;29;30;32;37,14,373,5846,63532,6,5.651515151515151,2.9832094731671823,8,7.912121212121213,3.9973278236914496
1006,1005,2;3;5;6;9;10;11;14;16;19;21,11,379,6263,65368,6,5.742424242424242,3.583458413796677,8,8.039393939393939,5.01406944711383
1007,1006,1;2;3;4;5;6;7;8;9;20;21;22;26;29,14,467,9406,99405,10,7.075757575757576,3.5389602762752794,12,9.906060606060606,4.878208512183122
1008,1007,2;3;4;5;6;8;9;10;11;13;14;17,12,438,8480,87223,6,6.636363636363637,4.06146637013444,10,9.290909090909091,5.780817049992514
1009,1008,1;2;3;10;11;13;14;19;20;21;22;30;32;33;35,15,409,7063,76373,6,6.196969696969697,3.081962024351025,9,8.675757575757576,4.130267367117256
1010,1009,4;5;6;8;10;11;14;15;17;19;21;25;29,13,401,6967,73233,6,6.075757575757576,3.5455041200284256,7,8.506060606060606,4.927482648899133
1011,1010,2;3;6;9;10;11;13;16;19;21;22;24;25;27,14,422,7655,81176,5,6.3939393939393945,3.4347644368785915,6,8.951515151515151,4.722056078757973
1012,1011,3;8;9;11;12;14;17;23;25;26;29;34;37,13,337,4749,51867,4,5.106060606060606,2.8644684537919165,6,7.148484848484849,3.842575223695725
1013,1012,2;6;7;9;10;13;15;17;24;25;27;30;34;40,14,371,5798,62837,6,5.621212121212121,3.0192601032981514,10,7.86969696969697,4.061127768167928
1014,1013,1;2;4;5;7;8;10;12;13;14;15;19;20,13,455,9113,94172,9,6.8939393939393945,4.017493723096255,12,9.651515151515152,5.698032118222379
1015,1014,1;3;4;7;8;9;11;12;13;15;16;23;24,13,439,8439,87702,7,6.651515151515151,3.8561582298368684,11,9.312121212121212,5.430205437034182
1016,1015,2;3;4;6;7;8;9;10;14;17;19;23;26,13,437,8311,86955,8,6.621212121212121,3.7168338473835263,11,9.26969696969697,5.193718794712439
1017,1016,1;2;6;7;8;11;13;14;15;16;19;26;27,13,420,7645,80345,7,6.363636363636364,3.595544694910437,10,8.90909090909091,4.997608217481357
1018,1017,1;4;5;6;7;8;10;11;12;16;18;22,12,420,7742,80248,9,6.363636363636364,3.8494458325325063,12,8.90909090909091,5.430542208554883
1019,1018,2;4;6;8;12;16;18;20;22;24;26;34;42,13,351,5177,56248,5,5.318181818181818,2.9539803044031316,6,7.445454545454546,3.9751901680654242
1020,1019,3;4;5;9;12;13;16;17;21;22;26;30;33;35;38,15,391,6438,69807,8,5.924242424242425,3.0311580010311445,10,8.293939393939395,4.059829371943529
1021,1020,2;3;4;7;9;11;12;14;15;16;17;18;26;29;33,15,459,9112,95999,10,6.954545454545455,3.6038434785792006,12,9.736363636363636,4.991266363422795
1022,1021,2;3;5;7;9;12;14;16;17;21;28;30;33,13,388,6396,68682,3,5.878787878787879,3.1772939299366314,6,8.23030303030303,4.312006321139503
1023,1022,1;3;5;6;13;16;18;23;24;31;34;36;37;39;40,15,349,5089,55637,3,5.287878787878788,2.873986771978309,3,7.403030303030303,3.8415365067162064
1024,1023,2;4;6;8;11;13;15;17;19;21;25,11,354,5402,57079,6,5.363636363636364,3.31546818227579,7,7.50909090909091,4.587525999957283
1025,1024,2;4;6;9;11;13;16;18;20;22;24;26;29;35,14,395,6614,71201,8,5.984848484848485,3.1468055669958375,13,8.378787878787879,4.2531605697567585
1026,1025,1;4;5;8;9;11;12;13;16;17;20;21;24;25,14,444,8586,89760,5,6.7272727272727275,3.7471239120287656,6,9.418181818181818,5.241755397527058
1027,1026,1;7;8;9;10;18;19;20;26;27;28;29;36,13,347,5040,54991,5,5.257575757575758,2.895046050965707,6,7.360606060606061,3.880228714203337
1028,1027,2;4;6;8;10;11;12;13;18;19;21;23;25;29;31,15,443,8439,89464,7,6.712121212121212,3.4616239410108243,11,9.396969696969698,4.755428919213259
1029,1028,1;2;5;6;7;8;11;13;17;22;23;28;30,13,412,7262,77404,7,6.242424242424242,3.3305388527375754,11,8.73939393939394,4.551722724069435
1030,1029,2;4;5;7;9;11;18;20;25;27;29,11,338,4824,52129,5,5.121212121212121,2.9888312298460242,9,7.16969696969697,4.053138573899663
1031,1030,3;5;6;7;9;12;13;15;18;19;22;24;27,13,405,7101,74709,3,6.136363636363637,3.5409035995716707,7,8.590909090909092,4.916154141841233
1032,1031,1;3;4;10;13;14;15;16;25;26;28;29;30,13,371,5802,62833,3,5.621212121212121,3.0297302533031853,5,7.86969696969697,4.078980716253437
1033,1032,5;6;7;11;13;17;18;23;24;30;35;36;41,13,319,4231,46490,5,4.833333333333333,2.759647974764249,7,6.7666666666666675,3.692302090674179
1034,1033,4;5;8;9;12;15;17;20;24;29;32;33;41,13,336,4718,51562,5,5.090909090909091,2.855019540008966,8,7.127272727272728,3.827964208683021
1035,1034,1;2;5;6;7;8;9;12;14,9,341,5037,52933,7,5.166666666666667,3.3289623812879583,9,7.233333333333333,4.6286892177589785
1036,1035,1;5;6;7;8;20;21;25;26;27;28;32;33,13,346,5039,54646,3,5.242424242424242,2.966701140062657,6,7.33939393939394,4.003815747325255
1037,1036,2;3;10;11;12;13;17;20;23;27;29;30;32;40;43,15,363,5518,60185,6,5.5,2.9228078123426915,9,7.7,3.9063589382193946
1038,1037,1;5;6;7;8;11;12;13;18;19;20;25;31,13,409,7223,76213,6,6.196969696969697,3.5007680245523716,8,8.675757575757576,4.844385290537502
1039,1038,3;7;8;9;10;11;13;17;20;21;28;30;37,13,371,5866,62769,8,5.621212121212121,3.1972526533837247,12,7.86969696969697,4.364627885621534
1040,1039,1;3;4;13;16;17;20;30;33;34;36;37,12,296,3631,40029,3,4.484848484848485,2.6661602433272584,5,6.278787878787879,3.5737219979926067
1041,1040,2;3;5;7;8;10;13;15;18;20;21;23;28,13,412,7323,77343,7,6.242424242424242,3.490208640314343,8,8.73939393939394,4.823980182373404
1042,1041,1;2;3;4;5;6;7;8;9;10;11;12,12,462,9404,97087,7,7.0,4.057183126950559,10,9.8,5.763288700963109
1043,1042,1;8;9;10;11;18;19;20;28;29;38,11,304,3862,42194,6,4.606060606060606,2.772527449060215,6,6.448484848484849,3.740322463535989
1044,1043,2;4;5;7;9;10;14;17;19;21;23;26;28,13,400,6854,72946,6,6.0606060606060606,3.337915549332031,6,8.484848484848486,4.574412198090837
1045,1044,2;3;5;6;8;9;10;11;14;16;19;24,12,413,7465,77613,5,6.257575757575758,3.770612345136655,6,8.760606060606062,5.301323381809631
1046,1045,1;2;4;5;6;7;8;9;13;15;20;22;26;27;35,15,475,9720,102855,9,7.196969696969697,3.5099294058067763,12,10.075757575757576,4.826889401413702
1047,1046,1;4;6;7;9;10;11;13;18;19;20;22;28;29,14,433,8094,85434,8,6.5606060606060606,3.5371755916153305,10,9.184848484848485,4.889650628910658
1048,1047,2;4;7;9;11;13;18;20;22;24;31;38;40;42,14,349,5101,55625,8,5.287878787878788,2.905397221993411,14,7.403030303030303,3.895095350972724
1049,1048,4;5;6;7;9;11;15;18;20;22;26;27;33,13,382,6220,66551,3,5.787878787878788,3.221792067458022,6,8.103030303030303,4.394129882332834
1050,1049,1;2;7;8;10;15;16;17;18;24;32;34,12,356,5363,57827,3,5.3939393939393945,3.060456574198639,4,7.551515151515152,4.150047622098359
1051,1050,3;4;5;6;7;8;12;19;23;25;26;29;31;32;37,15,408,7062,75966,8,6.181818181818182,3.1695999560692947,10,8.654545454545454,4.280520212697795
1052,1051,1;2;3;4;5;6;7;9;11;12;14,11,421,7745,80665,7,6.378787878787879,3.763949522406172,8,8.930303030303032,5.284054712025103
1053,1052,1;3;8;9;10;11;12;18;21;22;30;33,12,362,5566,59775,6,5.484848484848485,3.1268468435487407,8,7.67878787878788,4.2555260853780865
1054,1053,1;3;4;5;7;8;11;12;15;16;19;23,12,416,7543,78777,7,6.303030303030303,3.699373682460358,11,8.824242424242424,5.1775659341832565
1055,1054,1;2;3;5;8;9;11;13;14;15;16;17;18;26;31,15,486,10295,107560,9,7.363636363636364,3.818035382517401,12,10.30909090909091,5.350739530612664
1056,1055,2;3;5;7;8;10;11;15;18;19;21;26;29,13,411,7273,76982,5,6.2272727272727275,3.450360597823593,8,8.718181818181819,4.756824695154499
1057,1056,4;7;8;9;11;12;13;16;19;21;23;25;32,13,385,6388,67532,7,5.833333333333334,3.4101060438269677,9,8.166666666666668,4.712062485318292
1058,1057,5;6;8;11;13;14;18;19;21;26;27;32;37,13,348,5095,55283,5,5.2727272727272725,2.964480199152499,6,7.381818181818182,3.997226386486421
1059,1058,2;5;7;8;9;10;12;14;15;17;19;21;29,13,417,7606,79130,6,6.318181818181818,3.7719607735463896,10,8.845454545454546,5.300593033933403
1060,1059,3;6;9;12;15;18;24;27;30;33,10,273,3066,34062,3,4.136363636363637,2.5279165865846593,7,5.790909090909091,3.38383560766224
1061,1060,5;7;9;12;14;21;23;28;30;35;42,11,269,2970,33076,2,4.075757575757576,2.495871582023799,5,5.706060606060606,3.337677621884806
1062,1061,2;3;8;10;11;13;18;20;21;23;31;33;41,13,351,5181,56244,6,5.318181818181818,2.9644504544081656,9,7.445454545454546,3.9930431161509325
1063,1062,1;4;5;8;9;10;11;12;13;14;20;21;25,13,432,8184,84912,5,6.545454545454546,3.8691963427692713,7,9.163636363636364,5.456380293420452
1064,1063,1;2;3;14;15;16;17;18;19;20;21;32;35,13,372,5903,63103,7,5.636363636363637,3.2133842197267093,8,7.8909090909090915,4.390965041535857
1065,1064,3;4;6;9;12;13;15;16;17;19;26;29;32,13,384,6298,67238,8,5.818181818181818,3.258596231112083,9,8.145454545454546,4.454764986012336
1066,1065,1;4;5;9;13;14;15;16;20;22;26;27;29;42,14,387,6352,68339,8,5.863636363636364,3.146964205632276,11,8.209090909090909,4.261308006064866
1067,1066,2;3;5;8;10;11;13;15;16;21;26,11,365,5762,60668,8,5.53030303030303,3.403919137005813,13,7.742424242424243,4.724234949922046
1068,1067,3;4;5;9;10;12;13;14;16;18;21;23;26,13,411,7357,76898,6,6.2272727272727275,3.670233747929302,9,8.718181818181819,5.131736604950127
1069,1068,2;3;7;9;12;14;15;16;19;22;26;28;29;31,14,397,6682,71924,4,6.015151515151516,3.1507318732477216,7,8.421212121212122,4.257980865739842
1070,1069,3;4;6;8;9;10;12;13;17;18;21;27;30,13,407,7165,75456,6,6.166666666666667,3.5292040001342215,8,8.633333333333335,4.894519614752163
1071,1070,3;8;11;16;19;24;27;35;38,9,224,2015,22961,3,3.393939393939394,2.1783464362745537,4,4.751515151515152,2.9021265509214746
1072,1071,1;5;9;10;14;19;20;24;28;29;33;34,12,314,4087,45054,4,4.757575757575758,2.715417539941848,6,6.660606060606061,3.6253332479125255
1073,1072,2;3;4;5;7;9;11;12;14;16;20;23;25;27,14,452,8857,93069,7,6.848484848484849,3.652971881301685,10,9.587878787878788,5.07765434471564
1074,1073,2;4;6;8;10;12;14;20;22;24;26;32,12,360,5495,59125,5,5.454545454545455,3.0970227798980385,8,7.636363636363637,4.207209515877587
1075,1074,1;5;7;8;13;14;19;21;22;26;27;35;40,13,347,5041,54990,6,5.257575757575758,2.8976635884669655,9,7.360606060606061,3.8846919512247133
1076,1075,1;9;10;11;12;20;21;22;23;34;43;44,12,290,3504,38401,2,4.3939393939393945,2.6966188615237208,4,6.151515151515152,3.6371324236017664
1077,1076,1;2;3;4;6;24;26;27;28;29;30;33;34,13,338,4889,52064,4,5.121212121212121,3.1589711674278202,8,7.16969696969697,4.343248980289143
1078,1077,3;4;9;10;13;22;23;26;32;35;36;39,12,288,3406,37922,6,4.363636363636363,2.558999844412103,7,6.109090909090909,3.406374954620194
1079,1078,1;2;3;4;5;8;22;24;25;26;27;28;30;32,14,393,6583,70445,3,5.954545454545455,3.238696997153653,5,8.336363636363638,4.411759668567274
1080,1079,4;6;8;10;13;14;16;19;20;21;27;29;33;37;41,15,377,5990,64886,7,5.712121212121212,3.033656559555073,8,7.996969696969697,4.078802186772577
1081,1080,3;5;7;8;10;13;15;18;20;21;23;28;31,13,383,6266,66887,8,5.803030303030303,3.258645805685969,11,8.124242424242425,4.4559051401968865
1082,1081,1;7;8;14;15;22;23;29;37,9,249,2528,28348,5,3.772727272727273,2.3732439160557526,6,5.281818181818182,3.1732681999700993
1083,1082,1;2;5;6;7;8;10;11;13;15;16;21,12,425,7930,82170,8,6.4393939393939394,3.8722203917764126,12,9.015151515151516,5.465943793110803
1084,1083,1;4;7;8;11;12;15;16;19;23;24;31;35,13,379,6099,65532,4,5.742424242424242,3.154182263590293,7,8.039393939393939,4.282098575608078
1085,1084,1;4;5;9;13;16;17;20;21;25;29;30;34,13,361,5467,59513,5,5.46969696969697,2.9458500742855858,6,7.657575757575758,3.9481672966450923
1086,1085,1;3;6;10;11;13;14;20;21;26;27;31;34;37;40,15,381,6087,66303,6,5.7727272727272725,2.95695477883638,10,8.081818181818182,3.9436229098596876
1087,1086,1;2;5;8;9;10;11;14;16;19;20;24;25,13,421,7679,80731,6,6.378787878787879,3.591192047323119,9,8.930303030303032,4.989481068614246
1088,1087,1;3;4;5;7;8;10;13;16;20;21;23;26;30;31,15,457,8951,95245,5,6.924242424242425,3.3884518699529202,10,9.693939393939395,4.624696649368936
1089,1088,1;5;8;9;10;11;14;17;18;19;22;23;28;33,14,412,7283,77383,6,6.242424242424242,3.3855071402640036,8,8.73939393939394,4.645450701518342
1090,1089,1;5;6;11;12;13;14;19;24;25;27;33;38;39,14,363,5528,60175,5,5.5,2.9489831873552745,7,7.7,3.9509913084331636
1091,1090,2;5;7;8;9;10;11;16;17;19;21;24;26;28;33,15,439,8277,87864,7,6.651515151515151,3.432117154633005,10,9.312121212121212,4.707161039571169
1092,1091,1;2;3;4;5;6;7;8;10;14;17;18;22;24,14,489,10431,108885,5,7.409090909090909,3.8421583701710453,8,10.372727272727273,5.3916592991222885
1093,1092,1;7;8;11;12;14;15;19;26;27;38,11,317,4240,45846,5,4.803030303030303,2.917057161771746,8,6.724242424242425,3.9640564204411923
1094,1093,5;7;8;12;13;18;20;21;25;26;33,11,307,3950,43021,6,4.651515151515151,2.811760766834759,7,6.512121212121213,3.801838042155161
1095,1094,1;4;7;8;9;11;14;15;16;18;19;20;25;33;34,15,441,8380,88640,6,6.681818181818182,3.504971948418028,8,9.354545454545455,4.830346381361174
1096,1095,1;5;6;11;12;14;15;20;21;26;32,11,332,4663,50283,4,5.03030303030303,2.9952560946218405,6,7.042424242424243,4.073182565613852
1097,1096,3;4;7;11;15;18;20;22;24;27;31;42,12,316,4156,45614,5,4.787878787878788,2.7637230047378,6,6.703030303030303,3.704291968308876
1098,1097,1;2;3;4;5;6;7;19;20;21;23;26,12,403,6934,74069,6,6.106060606060606,3.2819656852426355,10,8.548484848484849,4.47635488073119
1099,1098,2;3;4;5;8;9;12;17;19;20;22;25;27;29;31,15,442,8339,89122,8,6.696969696969697,3.2988904447678173,8,9.375757575757577,4.478444487154832
1100,1099,2;3;5;8;10;12;15;17;18;20;23;25;35;37;40,15,405,6960,74850,6,6.136363636363637,3.1718308118942318,9,8.590909090909092,4.286837721827148
1101,1100,1;2;3;4;5;9;12;13;14;17;26,11,389,6524,68942,2,5.8939393939393945,3.4272390165624778,5,8.251515151515152,4.737186452260435
1102,1101,1;6;7;8;14;15;21;22;23;29;30;35;36,13,338,4758,52195,5,5.121212121212121,2.816073754762968,8,7.16969696969697,3.758564930488813
1103,1102,1;4;8;9;11;12;13;15;16;23;24;25,12,379,6215,65416,5,5.742424242424242,3.45781661373627,6,8.039393939393939,4.799834070087758
1104,1103,2;4;9;11;13;15;17;19;21;28;30;32;34,13,350,5129,55946,4,5.303030303030303,2.9036422820777936,6,7.424242424242425,3.8907254361799737
1105,1104,3;5;6;8;9;14;17;20;23;28;29;31;34;37,14,366,5618,61177,8,5.545454545454546,2.9478231423263086,13,7.763636363636364,3.945306767463208
1106,1105,1;2;3;5;6;10;18;21;23;24;28;31;33;34,14,391,6448,69797,5,5.924242424242425,3.0573333760437293,7,8.293939393939395,4.104461742157291
1107,1106,1;2;3;13;16;25;26;28;38;39;41;42;44,13,267,2931,32580,5,4.045454545454546,2.5018601905494062,7,5.663636363636364,3.3521871996924784
1108,1107,1;8;9;10;11;16;17;24;25;26;27;34;35,13,342,4893,53418,2,5.181818181818182,2.8790532934296102,6,7.254545454545455,3.8600832852841265
1109,1108,2;5;7;11;12;13;18;19;20;25;30;32;37,13,354,5267,57214,5,5.363636363636364,2.9621006196059003,6,7.50909090909091,3.9849890020714476
1110,1109,1;2;3;6;7;9;14;20;21;23;27;28;30,13,394,6577,70844,4,5.96969696969697,3.136603119689795,6,8.357575757575757,4.236715570077081
1111,1110,2;4;8;9;11;13;15;17;19;21;30;34;38,13,364,5612,60454,6,5.515151515151516,3.0902013185311255,7,7.721212121212122,4.190541354346845
1112,1111,2;3;10;12;13;15;17;20;27;30;32;40;42,13,322,4312,47369,4,4.878787878787879,2.7689580797403153,7,6.830303030303031,3.703220791423746
1113,1112,2;4;6;8;10;16;18;20;22;24;26;28,12,356,5359,57831,4,5.3939393939393945,3.049986424193607,5,7.551515151515152,4.1321946740128475
1114,1113,1;2;7;8;9;10;11;12;19;21;23;24;31;33,14,419,7502,80069,4,6.348484848484849,3.3143279670763732,5,8.887878787878789,4.518812437269084
1115,1114,1;3;5;6;9;13;14;16;17;19;22;23;28,13,409,7199,76237,5,6.196969696969697,3.437947124522168,7,8.675757575757576,4.73726760202446
1116,1115,2;4;5;9;11;13;16;20;22;24;25;27;29,13,378,6055,65198,5,5.7272727272727275,3.1215324492280025,7,8.01818181818182,4.227529416789455
1117,1116,1;2;5;6;8;9;10;13;14;15;16,11,396,6887,71323,4,6.0,3.7744890768146533,5,8.4,5.322499412731961
1118,1117,1;3;5;6;21;24;26;27;29;30;32;33,12,303,3877,41876,9,4.590909090909091,2.874978263456061,9,6.427272727272728,3.9168272577786247
1119,1118,1;2;3;4;5;29;30;31;32;34,10,279,3277,35504,4,4.2272727272727275,2.7436254724838207,5,5.918181818181819,3.739206654280645
1120,1119,1;3;4;7;8;11;12;19;25;32;33;36;44,13,350,5128,55947,7,5.303030303030303,2.901024744576535,12,7.424242424242425,3.886262199158601
1121,1120,3;5;7;10;12;15;17;19;22;24;29;36;39,13,347,5059,54972,3,5.257575757575758,2.944779263489618,5,7.360606060606061,3.965030217609492
1122,1121,1;6;7;8;12;13;14;18;20;25;26;32;38,13,365,5627,60803,5,5.53030303030303,3.050551574335925,9,7.742424242424243,4.121697952036211
1123,1122,1;3;4;5;9;13;14;15;18;24;27;28;29;31;32,15,422,7543,81288,6,6.3939393939393945,3.141600236737652,9,8.951515151515151,4.222173532363797
1124,1123,1;2;3;5;6;8;10;11;13;14;15;16;21;22,14,483,10258,106145,7,7.318181818181818,4.050728517430411,11,10.245454545454546,5.747809383475335
1125,1124,1;3;4;5;9;13;14;16;17;22;25;26;27;30;31,15,432,7932,85164,4,6.545454545454546,3.2095768924521515,8,9.163636363636364,4.33164456403356
1126,1125,4;7;8;11;15;19;26;27;30;34;38,11,276,3122,34828,3,4.181818181818182,2.5073629682509146,5,5.8545454545454545,3.3425263202853017
1127,1126,1;2;3;4;5;6;7;26;28;29;31;32;33;35;36,15,397,6763,71843,6,6.015151515151516,3.3627524108496587,9,8.421212121212122,4.619503064471338
1128,1127,1;5;6;7;9;13;14;15;16;20;21;22;27,13,409,7252,76184,5,6.196969696969697,3.5766766120888676,5,8.675757575757576,4.973819164157419
1129,1128,3;4;5;7;8;11;12;15;17;20;23;25;27;28;32,15,438,8214,87489,8,6.636363636363637,3.3652013947996977,13,9.290909090909091,4.593596002306349
1130,1129,1;5;6;7;11;12;17;18;23;24;29,11,342,4966,53345,6,5.181818181818182,3.070133531021476,7,7.254545454545455,4.185899587844613
1131,1130,1;2;3;4;6;7;8;9;10;12;13,11,420,7729,80261,6,6.363636363636364,3.815417845016146,7,8.90909090909091,5.372520127276992
1132,1131,1;4;5;8;11;12;13;21;24;25;26;32;36;37,14,375,5906,64219,5,5.681818181818182,2.977538141914458,7,7.954545454545455,3.9853663484741624
1133,1132,1;6;7;9;12;13;15;21;22;27;28;34;35,13,355,5291,57544,9,5.378787878787879,2.948586590764176,11,7.530303030303031,3.960615670446529
1134,1133,1;5;6;7;8;9;14;15;16;20;21,11,373,6067,63311,7,5.651515151515151,3.5616852609452962,11,7.912121212121213,4.983703205415672
1135,1134,2;4;5;6;10;11;12;15;16;17;21,11,376,6187,64313,6,5.696969696969697,3.6313177074276375,9,7.9757575757575765,5.099012962607034
1136,1135,2;5;6;7;8;12;13;14;15;18;20;27;32,13,406,7123,75092,7,6.151515151515151,3.509007318732472,9,8.612121212121213,4.860919554957597
1137,1136,2;3;4;5;6;7;9;11;12;14;17;21;23,13,451,8912,92563,7,6.833333333333334,3.898276787811664,11,9.566666666666666,5.496342494714575
1138,1137,3;5;6;8;11;12;18;21;24;29;30;33;36;41,14,353,5208,56920,5,5.348484848484849,2.8837430481193636,7,7.487878787878788,3.8527189441988554
1139,1138,1;2;3;4;5;6;9;10;13;14;15;18;20,13,465,9481,98399,6,7.045454545454546,3.9454321224934255,9,9.863636363636365,5.571844235163468
1140,1139,3;7;10;15;18;22;25;28;32;35,10,255,2646,29739,6,3.8636363636363638,2.3826432552648162,7,5.409090909090909,3.1754917035043846
1141,1140,2;3;7;9;12;15;16;19;21;22;24;28;31,13,376,5990,64510,6,5.696969696969697,3.115662819679727,8,7.9757575757575765,4.219755269395851
1142,1141,1;4;5;9;10;14;15;19;23;24;28,11,343,4992,53661,3,5.196969696969697,3.0649480305928467,6,7.275757575757576,4.17561385525444
1143,1142,2;4;6;7;9;11;13;20;22;26;28;29;33;35;39,15,391,6437,69808,7,5.924242424242425,3.028540463529886,10,8.293939393939395,4.055366134922149
1144,1143,1;6;7;8;9;10;11;12;17;18;19;20;26,13,421,7770,80640,8,6.378787878787879,3.8293879599376375,11,8.930303030303032,5.395635637559522
1145,1144,1;3;8;9;11;12;14;19;22;23;30;31,12,357,5393,58153,4,5.409090909090909,3.062132194796037,8,7.572727272727273,4.151593525103035
1146,1145,2;4;6;7;9;11;13;20;22;26;29;31;33;35;42,15,385,6237,67683,6,5.833333333333334,3.014857881136944,9,8.166666666666668,4.038113695090434
1147,1146,2;3;5;6;8;11;13;21;23;24;26;29;32;34;37,15,401,6784,73416,6,6.075757575757576,3.0664947572981376,11,8.506060606060606,4.110710273987216
1148,1147,1;2;3;4;10;11;13;15;16;17;19;20;26;30,14,443,8462,89441,9,6.712121212121212,3.5218273035397694,14,9.396969696969698,4.858083370704925
1149,1148,1;2;3;6;7;9;10;12;13;16;19,11,397,6877,71729,5,6.015151515151516,3.661151685993115,8,8.421212121212122,5.128312084908266
1150,1149,2;4;6;7;11;13;15;17;21;24;28,11,347,5137,54894,4,5.257575757575758,3.1489471885877762,6,7.360606060606061,4.313162705276866
1151,1150,1;4;6;9;10;17;21;26;27;30;31;36;37,13,330,4533,49752,5,5.0,2.7955300513440005,8,7.0,3.735729386892171
1152,1151,1;2;6;7;12;13;14;18;20;24;25;26;27,13,390,6469,69386,9,5.909090909090909,3.1979169526738183,12,8.272727272727273,4.345164114720131
1153,1152,1;2;3;4;5;6;7,7,287,3479,37562,3,4.348484848484849,2.809143229333502,6,6.087878787878788,3.834865996113347
1154,1153,1;3;4;8;9;12;22;25;26;31;34;35;43,13,332,4593,50353,5,5.03030303030303,2.812028469533752,6,7.042424242424243,3.760755974117494
1155,1154,4;6;10;12;14;16;18;22;24;28;30;34,12,322,4330,47351,5,4.878787878787879,2.816073754762968,8,6.830303030303031,3.7835590578085245
1156,1155,1;3;6;8;9;10;11;17;18;19;21;22;27;28,14,430,7960,84275,8,6.515151515151516,3.4749793312161117,9,9.121212121212121,4.785401584555906
1157,1156,1;2;3;4;5;6;7;8;9;10;11;14;15,13,490,10607,109198,9,7.424242424242425,4.191708690651598,12,10.393939393939394,5.987635338586706
1158,1157,1;2;5;6;7;8;13;14;15;18;19;20;21,13,436,8315,86515,8,6.606060606060606,3.8247775245661018,12,9.24848484848485,5.378330450381178
1159,1158,1;2;4;5;6;7;10;11;12;13;16;17,12,436,8362,86468,7,6.606060606060606,3.9478017871252433,9,9.24848484848485,5.588102590385873
1160,1159,1;6;10;11;12;18;19;24;25;29;30;35;36,13,329,4497,49459,5,4.984848484848485,2.771188935565254,8,6.978787878787879,3.695791530527252
1161,1160,3;5;6;9;11;18;21;23;26;27;29;32;38,13,337,4741,51875,3,5.106060606060606,2.843528153781847,5,7.148484848484849,3.806869327524712
1162,1161,4;8;10;12;14;18;22;30;32;40,10,260,2779,30891,4,3.9393939393939394,2.474128173916754,6,5.515151515151516,3.3202425950840304
1163,1162,1;2;3;4;5;6;7;8;9,9,360,5595,59025,3,5.454545454545455,3.3587765300238814,5,7.636363636363637,4.653533218015241
1164,1163,1;2;3;10;11;13;14;17;18;20;27;28;30;31;41,15,409,7070,76366,6,6.196969696969697,3.100284786859831,9,8.675757575757576,4.161510026266882
1165,1164,1;2;5;6;7;8;13;14;15;16;20;21;22,13,435,8259,86136,7,6.590909090909091,3.7754111638889576,8,9.227272727272728,5.2947177910179875
1166,1165,1;2;7;9;11;16;18;20;21;22;23;31;32;38;39,15,385,6234,67686,5,5.833333333333334,3.007005268633172,9,8.166666666666668,4.024723984026302
1167,1166,2;4;6;9;11;13;15;17;19;28,10,326,4555,48420,5,4.9393939393939394,3.131130086732618,7,6.915151515151516,4.314294744485011
1168,1167,1;4;5;8;9;12;15;16;17;23;27;31;32,13,385,6291,67629,7,5.833333333333334,3.156204906204902,12,8.166666666666668,4.279128494244766
1169,1168,3;4;6;7;9;12;13;15;16;21;24;28,12,382,6302,66469,7,5.787878787878788,3.436430142561214,10,8.103030303030303,4.76011531808571
1170,1169,2;3;7;12;13;14;15;16;18;19;21;27;30;34;37,15,407,7045,75576,3,6.166666666666667,3.2150994999832143,6,8.633333333333335,4.358931172186978
1171,1170,4;6;8;10;14;15;21;25;29;31;35;39,12,303,3793,41960,7,4.590909090909091,2.655105113350352,8,6.427272727272728,3.5419153479829966
1172,1171,1;3;4;5;6;8;9;10;11;14,10,379,6274,65357,1,5.742424242424242,3.6122513263105205,4,8.039393939393939,5.063165054348978
1173,1172,2;4;15;16;17;18;20;31;33;35;37,11,267,2943,32568,6,4.045454545454546,2.5332706405645062,10,5.663636363636364,3.4057460439489997
1174,1173,2;4;5;10;12;13;15;17;19;25;29;30;34,13,370,5779,62486,3,5.606060606060606,3.0499864241936088,5,7.848484848484849,4.11469878488905
1175,1174,3;6;9;19;22;25;28;31,8,217,1897,21539,2,3.287878787878788,2.16201657163602,4,4.6030303030303035,2.8924737864906973
1176,1175,1;2;3;4;5;10;24;26;28;29;34;36;38;39,14,351,5198,56227,8,5.318181818181818,3.008948591929558,9,7.445454545454546,4.068918145514335
1177,1176,2;4;5;9;10;12;14;19;21;23;24;26;28,13,388,6417,68661,7,5.878787878787879,3.232262217463056,10,8.23030303030303,4.405734298588413
1178,1177,1;3;4;8;9;12;13;16;24;27;28;36;40,13,364,5574,60492,4,5.515151515151516,2.9907348934833013,6,7.721212121212122,4.0209383475345355
1179,1178,1;5;6;16;17;21;22;32;33;37;38;39,12,273,3069,34059,5,4.136363636363637,2.535769199088435,6,5.790909090909091,3.3972253187263703
1180,1179,2;4;6;8;13;15;16;20;21;22;24;26;28;37;41,15,392,6482,70154,5,5.9393939393939394,3.0604565741986427,7,8.315151515151516,4.108807312020836
1181,1180,1;3;4;6;12;19;22;23;25;28;29;31;34;35,14,358,5385,58518,8,5.424242424242425,2.9640836025613986,8,7.593939393939395,3.9831063275460643
1182,1181,2;4;6;8;10;12;13;19;21;23;25;27;31;33,14,396,6643,71567,7,6.0,3.1358099265075943,9,8.4,4.233469579516086
1183,1182,3;4;6;7;8;10;12;15;18;20;24;27;30,13,401,6908,73292,5,6.075757575757576,3.3910694074541823,8,8.506060606060606,4.664151664637913
1184,1183,2;4;6;8;9;10;11;12;13;19;21;23;32,13,415,7477,78428,11,6.287878787878788,3.6186761910863297,13,8.803030303030303,5.040719029619652
1185,1184,2;6;7;8;9;11;12;14;15;17;21;23,12,395,6859,70956,7,5.984848484848485,3.7881022548041514,10,8.378787878787879,5.346653639994013
1186,1185,1;3;4;5;6;7;10;11;12;15;16;22;23;26,14,469,9586,100160,11,7.106060606060606,3.7989293417411716,14,9.94848484848485,5.3209778546564905
1187,1186,3;5;6;7;8;10;11;12;14;15;20;21;26,13,427,8010,82941,8,6.46969696969697,3.8920898809905076,9,9.057575757575759,5.498517308390447
1188,1187,3;8;11;13;14;16;21;24;27;32;35,11,291,3505,38690,5,4.409090909090909,2.639399888342801,7,6.172727272727273,3.537630640442476
1189,1188,1;3;5;7;8;9;10;15;16;18;19;23;24,13,427,7931,83020,9,6.46969696969697,3.685304418391091,10,9.057575757575759,5.145921583701693
1190,1189,1;2;3;6;8;9;10;16;18;19;20;26;28;29,14,435,8097,86298,7,6.590909090909091,3.3513700886850906,9,9.227272727272728,4.571673393554988
1191,1190,2;3;4;7;10;12;14;16;17;19;22;26;36;38,14,404,6965,74441,5,6.121212121212121,3.274142817483188,7,8.56969696969697,4.4621496145386175
1192,1191,1;3;7;8;9;10;11;16;19;21;29;30;37;40,14,389,6406,69060,6,5.8939393939393945,3.118369591413984,8,8.251515151515152,4.210524483738006
1193,1192,1;3;4;6;7;13;16;17;20;23;24;26;29;30,14,411,7165,77090,5,6.2272727272727275,3.1676665476876806,7,8.718181818181819,4.274795096845828
1194,1193,3;4;5;7;8;9;10;12;13;15;18;19;22,13,440,8559,88021,8,6.666666666666667,4.072015839457691,10,9.333333333333334,5.797744890768136
1195,1194,2;4;9;10;11;12;13;18;20;21;22;24;30;34,14,400,6827,72973,8,6.0606060606060606,3.2672420367980557,12,8.484848484848486,4.453904798513673
1196,1195,1;2;3;6;7;9;12;18;19;21;24;30;31;33,14,414,7270,78221,5,6.2727272727272725,3.1686481242506552,9,8.781818181818183,4.274125611292618
1197,1196,3;4;5;7;11;14;16;17;21;25;28;30;32;33;37,15,392,6467,70169,5,5.9393939393939394,3.021193511679762,7,8.315151515151516,4.0418587567001865
1198,1197,2;4;6;15;17;19;21;23;25;27;36;38;42,13,310,3973,43922,4,4.696969696969697,2.6785340569695713,5,6.575757575757576,3.5693723706408598
1199,1198,1;2;3;4;5;6;7;8;9;11;12;13;15,13,489,10565,108751,13,7.409090909090909,4.192908395339675,14,10.372727272727273,5.989733059986747
1200,1199,1;2;5;6;7;8;9;14;15;16,10,367,5862,61299,6,5.5606060606060606,3.5070739103508632,6,7.784848484848485,4.897684455549143
1201,1200,1;2;3;4;12;14;15;16;18;19;28;30;31,13,392,6508,70128,7,5.9393939393939394,3.1285125492313597,11,8.315151515151516,4.224851474576628
1202,1201,1;2;3;8;9;11;12;15;17;18;20;26;27;28;29,15,449,8627,91949,5,6.803030303030304,3.3541859244819,7,9.524242424242425,4.5694498900206995
1203,1202,3;4;7;9;12;16;19;21;25;28;32;35,12,329,4518,49438,5,4.984848484848485,2.8261572230916787,6,6.978787878787879,3.789519507976159
1204,1203,3;4;6;10;11;12;15;17;21;23;26;29;32;33;36,15,397,6645,71961,5,6.015151515151516,3.0538829857011613,9,8.421212121212122,4.092841095948909
1205,1204,1;2;3;8;12;13;14;15;16;20;22;23;28;36,14,417,7439,79297,6,6.318181818181818,3.3348320108362337,9,8.845454545454546,4.555232451363523
1206,1205,3;7;8;10;12;15;18;19;22;25;27;30;37;40,14,357,5347,58199,4,5.409090909090909,2.9417254697381505,7,7.572727272727273,3.9462846221197125
1207,1206,1;2;9;10;14;15;16;23;24;25;26;39;41,13,340,4855,52775,5,5.151515151515151,2.925296455951841,7,7.212121212121213,3.9418497875157428
1208,1207,2;3;5;7;11;12;14;16;17;18;21;23;28;35,14,418,7501,79652,5,6.333333333333334,3.4045437766367925,9,8.866666666666667,4.673366220342956
1209,1208,2;3;4;6;8;9;11;12;15;21;24;30;32;36,14,417,7406,79330,6,6.318181818181818,3.248453273294704,9,8.845454545454546,4.407945629658087
1210,1209,2;3;4;15;17;18;19;20;22;33;35;37,12,315,4155,45300,4,4.7727272727272725,2.8273866725240886,6,6.6818181818181825,3.8145460952014822
1211,1210,2;6;8;10;11;16;18;20;21;26;29;31;37,13,350,5139,55936,3,5.303030303030303,2.9298176570903767,4,7.424242424242425,3.935357806393739
1212,1211,1;2;3;4;5;8;9;11;12;13;14;15;17,13,471,9795,100890,4,7.136363636363637,4.133775843606703,7,9.990909090909092,5.891460695752436
1213,1212,3;6;10;13;16;17;19;20;23;26;33;36;39,13,324,4376,47950,5,4.909090909090909,2.800051252482538,8,6.872727272727273,3.7529818267238895
1214,1213,2;6;9;11;13;14;16;20;22;25;27;31;33,13,356,5331,57859,5,5.3939393939393945,2.9766953741583713,7,7.551515151515152,4.007224037414307
1215,1214,3;4;5;6;8;9;11;12;14;15;17;18;20;23,14,465,9565,98315,5,7.045454545454546,4.165305272599131,9,9.863636363636365,5.946756144959096
1216,1215,1;2;4;6;8;23;24;25;26;29;30;31;32,13,344,5023,53973,4,5.212121212121212,3.072592429886292,6,7.296969696969698,4.187214214021818
1217,1216,1;4;5;7;8;9;10;11;12;13;14;20;21,13,450,8967,92058,10,6.818181818181818,4.143323906537429,13,9.545454545454547,5.914600550964174
1218,1217,2;5;7;9;10;11;12;14;16;19;21;23,12,391,6699,69546,4,5.924242424242425,3.714335288859594,5,8.293939393939395,5.224734234522806
1219,1218,1;3;4;10;11;13;14;17;25;28;29;39;42,13,349,5112,55614,6,5.287878787878788,2.9341901345072543,9,7.403030303030303,3.944190958207866
1220,1219,1;6;11;13;14;17;24;26;27;30;37;38;43;44,14,299,3692,40859,3,4.53030303030303,2.6409069553889797,6,6.342424242424243,3.5250524270185934
1221,1220,3;6;9;12;15;18;20;21;23;26;32;41,12,314,4116,45025,6,4.757575757575758,2.7913261274783423,9,6.660606060606061,3.7547671215324456
1222,1221,2;5;6;7;8;10;12;15;17;18;22;23;24;30,14,431,8029,84636,8,6.53030303030303,3.5596626183306874,14,9.142424242424243,4.92918679394365
1223,1222,5;6;7;9;10;11;13;15;18;19;21;24;28;30;37,15,422,7645,81186,6,6.3939393939393945,3.4085890618660066,11,8.951515151515151,4.677423708544204
1224,1223,1;2;4;6;7;12;13;14;15;16;17;19;21;23,14,460,9279,96291,5,6.96969696969697,3.937569595074873,10,9.757575757575758,5.559976082174799
1225,1224,1;3;6;9;12;17;18;23;24;26;27;35;36,13,348,5055,55323,6,5.2727272727272725,2.8597786991021614,8,7.381818181818182,3.8186969056313593
1226,1225,1;6;10;11;16;17;22;23;32;33;34,11,290,3467,38438,4,4.3939393939393945,2.5997699739771605,4,6.151515151515152,3.471992653810833
1227,1226,2;4;7;9;11;13;15;20;22;24,10,323,4463,47540,5,4.8939393939393945,3.0961205226532886,5,6.851515151515152,4.259441561492295
1228,1227,2;3;7;10;13;15;18;20;25;27;28;30;33;40;43,15,361,5442,59538,5,5.46969696969697,2.8804116367541273,8,7.657575757575758,3.836586371110677
1229,1228,1;2;4;5;6;7;9;11;13;14;15;20,12,433,8222,85306,4,6.5606060606060606,3.872220391776409,6,9.184848484848485,5.46094496764686
1230,1229,1;3;5;8;13;16;17;21;22;24;25;29;30,13,371,5791,62844,4,5.621212121212121,3.000937340789342,6,7.86969696969697,4.029885109018295
1231,1230,1;5;6;13;14;19;20;25;33;34;39,11,286,3365,37390,7,4.333333333333333,2.569549313735356,8,6.066666666666667,3.428301620859756
1232,1231,1;4;5;7;9;10;13;14;17;18;20;24;25;27;34,15,447,8581,91100,9,6.7727272727272725,3.4346553728160423,10,9.481818181818182,4.7075505584384985
1233,1232,2;3;4;5;7;9;10;12;14;17;21;24,12,412,7387,77279,5,6.242424242424242,3.657731040394882,7,8.73939393939394,5.1096273517415085
1234,1233,3;5;12;13;15;17;18;20;23;30;33;35;38,13,323,4348,47655,5,4.8939393939393945,2.7951037100085685,6,6.851515151515152,3.746169304033991
1235,1234,4;8;12;14;16;18;20;24;28;30;34;42,12,290,3469,38436,7,4.3939393939393945,2.605005048979674,8,6.151515151515152,3.480919127853582
1236,1235,1;4;5;8;9;24;28;32;33;36;37,11,278,3195,35308,5,4.212121212121212,2.585730454652227,8,5.896969696969697,3.472025113716441
1237,1236,3;4;5;6;8;9;11;13;16;17;20;22;26,13,425,7878,82222,9,6.4393939393939394,3.736108441710968,13,9.015151515151516,5.23385546799922
