target_round,source_round,pattern_index,sorted_previous_7,anchor_A,anchor_B,anchor_C,pointer_before,selected_class,linked_A,linked_B,linked_C,reset_before_selection,pointer_after,cumulative_reset_count,used_trio_count_after,fixed_A,fixed_B,fixed_C,fixed_hits_A,fixed_hits_B,fixed_hits_C,linked_hits_A,linked_hits_B,linked_hits_C,fixed_primary,linked_primary,fixed_any_exact2,linked_any_exact2
2,1,1,10 16 23 29 33 37 40,10,16,29,1,1,10 31 34,16 19 40,13 15 29,N,2,0,3,1 4 25,2 8 20,3 6 27,1,0,0,0,0,1,0,0,0,0
3,2,2,2 9 13 21 25 32 42,9,13,25,2,2,9 12 18,2 13 30,22 25 31,N,3,0,6,5 32 38,7 11 24,9 37 41,0,1,0,0,0,1,0,0,0,0
4,3,3,11 16 19 21 27 30 31,19,21,30,3,3,19 23 36,4 8 21,18 30 39,N,4,0,9,10 31 34,12 33 36,13 15 29,1,0,0,0,0,1,0,0,0,0
5,4,4,2 14 27 30 31 40 42,30,31,42,4,4,6 9 30,2 31 33,25 29 42,N,5,0,12,14 43 45,16 19 40,17 23 35,0,2,0,0,0,2,0,0,1,1
6,5,5,3 16 24 29 40 41 42,40,41,3,5,5,4 40 43,14 32 41,3 31 35,N,6,0,15,18 21 42,22 26 39,28 30 44,1,1,0,1,1,0,0,0,0,0
7,6,6,14 15 26 27 34 40 42,40,42,15,6,6,9 38 40,26 28 42,15 31 44,N,7,0,18,1 37 40,2 13 30,3 39 42,1,1,0,2,1,0,0,0,0,1
8,7,7,2 9 16 25 26 40 42,42,2,16,7,8,14 31 42,2 34 45,16 27 44,N,9,0,21,4 6 20,5 34 36,7 10 16,0,1,0,0,1,0,0,0,0,0
9,8,1,8 9 19 25 34 37 39,8,9,25,9,9,7 8 30,9 31 32,25 26 33,N,10,0,24,8 14 26,9 12 18,11 38 44,0,0,0,0,0,0,0,0,0,0
10,9,2,2 4 14 16 17 36 39,4,14,17,10,10,4 41 42,14 15 22,17 18 40,N,11,0,27,15 32 43,17 28 45,19 21 35,0,0,0,1,0,0,0,0,0,0
11,10,3,6 9 25 30 33 41 44,25,30,41,11,11,24 25 32,16 30 38,18 19 41,N,12,0,30,22 25 31,23 29 41,24 27 33,0,1,0,0,0,1,0,0,0,0
12,11,4,1 7 14 36 37 41 42,36,37,42,12,13,16 26 36,12 32 37,17 22 42,N,14,0,33,1 13 22,2 35 44,3 15 24,0,1,0,0,0,0,0,0,0,0
13,12,5,2 11 21 25 39 44 45,39,44,2,14,15,20 28 39,3 37 44,2 10 21,N,16,0,36,4 8 21,5 14 17,6 34 38,0,0,1,0,1,0,0,0,0,0
14,13,6,22 23 25 26 37 38 42,38,42,23,16,16,4 38 45,1 35 42,23 30 34,N,17,0,39,7 31 43,9 33 45,10 12 26,1,1,1,0,0,0,0,0,0,0
15,14,7,2 6 12 15 31 33 40,40,2,12,17,17,14 33 40,2 36 43,4 12 23,N,18,0,42,11 40 42,16 28 37,18 30 39,0,2,1,0,0,1,0,0,1,0
16,15,1,3 4 13 16 30 31 37,3,4,16,18,18,3 18 33,4 10 22,1 16 31,N,19,0,45,19 23 36,20 29 32,25 27 41,0,0,0,0,0,0,0,0,0,0
17,16,2,6 7 24 33 37 38 40,7,24,37,19,19,7 13 25,24 30 42,10 37 43,N,20,0,48,1 3 17,2 31 33,4 7 28,2,0,1,0,0,1,0,0,1,0
18,17,3,1 3 4 9 17 32 37,4,9,32,20,21,4 13 16,5 9 22,8 32 44,N,22,0,51,5 11 23,6 9 30,8 35 41,0,0,1,1,0,1,0,0,0,0
19,18,4,3 12 13 19 29 32 35,19,29,35,22,22,1 7 19,14 29 44,11 32 35,N,1,0,54,10 14 27,12 40 44,13 34 37,0,1,0,0,0,0,0,0,0,0
20,19,5,6 26 30 38 39 40 43,39,40,6,1,2,3 39 42,1 37 40,4 6 20,N,3,0,57,15 36 39,16 18 32,19 22 43,0,1,0,0,0,1,0,0,0,0
21,20,6,10 14 18 20 23 30 41,30,41,14,3,7,17 30 31,10 39 41,12 14 28,N,8,0,60,20 26 38,21 24 45,25 29 42,0,0,0,2,0,1,0,0,0,1
22,21,7,6 12 17 18 21 31 32,32,6,17,8,8,19 30 32,6 10 23,4 15 17,N,9,0,63,1 5 18,2 11 29,3 31 35,1,0,0,0,1,2,0,0,0,1
23,22,1,4 5 6 8 17 25 39,4,5,8,9,11,3 4 26,5 42 43,8 31 45,N,12,0,66,4 40 43,6 42 45,7 9 23,0,1,0,0,2,0,0,0,0,1
24,23,2,5 13 17 18 33 42 44,13,17,33,12,12,3 13 23,7 12 17,8 33 43,N,13,0,69,8 37 39,10 13 19,12 15 21,1,0,0,0,1,2,0,0,0,1
25,24,3,6 7 8 27 29 36 43,8,27,36,13,14,3 8 28,17 27 37,1 36 41,N,15,0,72,14 32 41,16 20 33,17 26 44,0,0,2,0,0,0,0,0,1,0
26,25,4,2 4 16 21 26 43 44,21,26,44,15,16,21 29 40,18 26 37,10 36 44,N,17,0,75,22 24 38,25 28 34,27 30 36,0,1,0,0,1,0,0,0,0,0
27,26,5,4 5 7 18 20 25 31,20,25,4,17,20,11 14 20,16 25 43,4 32 36,N,21,0,78,1 14 30,2 4 18,3 32 34,1,0,0,1,1,0,0,0,0,0
28,27,6,1 20 26 27 28 37 43,37,43,20,21,22,4 31 37,13 28 43,17 20 41,N,1,0,81,5 7 21,6 35 37,8 10 24,0,2,0,1,0,0,0,0,1,0
29,28,7,1 9 18 23 25 35 37,37,1,18,1,1,9 37 41,1 4 25,18 21 42,N,2,0,84,9 38 40,11 13 27,12 41 43,1,1,0,0,1,0,0,0,0,0
30,29,1,1 5 11 13 34 39 40,1,5,13,2,4,1 3 17,5 11 23,13 34 37,N,5,0,87,15 31 44,16 29 45,17 19 33,1,0,1,1,0,0,0,0,0,0
31,30,2,4 8 17 20 35 36 44,8,17,35,5,6,8 10 24,17 19 33,6 35 37,N,7,0,90,20 22 36,23 25 39,26 28 42,0,1,1,0,0,1,0,0,0,0
32,31,3,7 9 18 23 28 32 35,18,23,32,7,7,18 20 34,21 23 37,1 32 45,N,8,0,93,1 32 45,2 15 16,3 5 19,0,0,1,1,0,0,0,0,0,0
33,32,4,6 11 14 19 25 34 44,19,25,44,8,10,11 12 19,2 3 25,7 44 45,N,11,0,96,4 33 35,6 8 22,7 36 38,2,0,1,0,0,1,0,0,1,0
34,33,5,4 7 9 32 33 40 41,33,40,4,11,13,23 28 33,15 35 40,4 14 24,N,14,0,99,9 11 25,10 39 41,12 14 28,1,0,0,0,2,0,0,0,0,1
35,34,6,2 9 26 35 37 40 42,40,42,9,14,14,20 30 40,7 32 42,9 14 19,N,15,0,102,13 42 44,17 30 31,18 20 34,0,0,0,0,0,0,0,0,0,0
36,35,7,2 3 11 26 37 39 43,43,2,11,15,16,17 24 43,2 9 28,3 11 22,N,17,0,105,21 23 37,24 26 40,27 29 43,1,2,0,0,1,0,0,0,1,0
37,36,1,1 10 23 26 28 31 40,1,10,26,17,17,1 9 20,3 10 29,7 15 26,N,18,0,108,1 12 29,2 34 45,3 7 20,0,0,1,0,0,1,0,0,0,0
38,37,2,7 27 30 33 35 37 42,27,30,35,18,18,21 27 39,26 30 43,14 35 38,N,19,0,111,4 15 17,5 33 37,6 10 23,1,1,0,0,2,0,0,0,0,1
39,38,3,16 17 22 30 36 37 43,22,30,37,19,5,22 24 38,27 30 36,8 37 39,N,6,0,114,8 36 40,9 13 26,11 39 43,0,1,1,0,0,0,0,0,0,0
40,39,4,6 7 8 13 15 21 43,13,15,43,6,7,13 42 44,2 15 16,27 29 43,N,8,0,117,14 31 42,16 27 44,18 22 35,0,0,1,1,0,0,0,0,0,0
41,40,5,6 7 13 18 19 25 26,19,25,6,8,12,19 24 44,25 30 35,1 6 26,N,13,0,120,19 30 32,21 25 38,24 28 41,0,1,0,0,1,0,0,0,0,0
42,41,6,13 20 23 34 35 38 43,38,43,20,13,21,17 29 38,1 34 43,20 24 37,N,22,0,123,1 2 24,3 40 41,4 5 27,0,0,0,1,0,0,0,0,0,0
43,42,7,1 17 18 19 21 23 32,32,1,18,22,6,3 32 34,1 14 30,2 4 18,N,7,0,126,6 43 44,7 8 30,9 31 32,2,0,1,0,0,0,0,0,1,0
44,43,1,1 6 31 35 38 39 44,1,6,35,7,9,1 2 24,6 43 44,12 34 35,N,10,0,129,10 11 18,12 34 35,13 14 21,1,0,1,0,0,0,0,0,0,0
45,44,2,3 11 21 30 38 39 45,11,21,38,10,12,11 31 36,16 21 41,18 28 38,N,13,0,132,15 37 38,16 17 39,19 20 42,0,0,1,0,0,0,0,0,0,0
46,45,3,1 10 17 20 27 33 35,17,20,33,13,19,8 11 17,5 20 35,1 33 44,N,20,0,135,22 23 45,25 26 33,28 29 36,1,0,0,1,0,0,0,0,0,0
47,46,4,8 13 15 23 31 38 39,23,31,39,20,20,8 23 38,13 31 40,9 24 39,N,21,0,138,1 38 39,2 3 25,4 41 42,0,0,0,0,1,0,0,0,0,0
48,47,5,14 17 26 27 31 36 45,31,36,14,21,21,19 28 31,3 36 45,2 14 23,N,22,0,141,5 6 28,7 44 45,8 9 16,1,0,0,0,0,0,0,0,0,0
49,48,6,3 6 10 18 26 37 38,37,38,6,22,10,29 30 37,1 38 39,5 6 28,N,11,0,144,10 32 33,11 12 19,13 35 36,1,1,0,0,0,0,0,0,0,0
50,49,7,4 7 16 19 30 33 40,40,4,16,11,15,6 32 40,4 11 30,16 23 42,N,16,0,147,14 15 22,17 18 40,20 21 43,2,0,0,0,0,0,0,0,1,0
51,50,1,1 2 10 12 15 22 44,1,2,12,16,20,1 10 28,2 6 19,3 12 30,N,21,0,150,23 24 31,26 27 34,29 30 37,0,1,0,0,1,1,0,0,0,0
52,51,2,2 3 11 16 26 35 44,3,11,26,21,1,3 6 27,7 11 24,22 26 39,N,2,0,153,1 15 23,2 39 40,3 4 26,1,1,1,0,0,0,0,0,0,0
53,52,3,1 2 4 15 16 20 29,4,15,20,2,4,4 7 28,15 36 39,20 26 38,N,5,0,156,5 42 43,6 7 29,8 31 45,0,1,1,1,1,0,0,0,0,0
54,53,4,7 8 14 32 33 39 42,32,33,42,5,3,20 29 32,9 33 45,11 40 42,N,4,0,159,9 10 17,11 33 34,12 13 20,0,0,0,0,0,0,0,0,0,0
55,54,5,1 8 21 27 36 37 39,36,37,1,4,8,8 36 40,5 33 37,1 12 29,N,9,0,162,14 36 37,16 30 38,18 19 41,1,0,0,1,1,0,0,0,0,0
56,55,6,7 17 21 31 37 40 44,40,44,17,9,11,2 39 40,21 22 44,9 10 17,N,12,0,165,21 22 44,24 25 32,27 28 35,0,0,0,0,0,1,0,0,0,0
57,56,7,10 14 19 30 31 33 37,37,10,19,12,9,15 37 38,10 11 18,19 20 42,N,10,0,168,1 6 26,2 37 42,3 13 23,0,0,0,0,1,0,0,0,0,0
58,57,1,6 7 10 16 25 29 44,6,7,16,10,16,6 14 25,7 33 41,5 12 16,N,17,0,171,4 9 29,5 40 45,7 12 17,0,1,0,1,1,0,0,0,0,0
59,58,2,1 10 24 25 33 40 44,10,24,33,17,22,10 38 42,18 24 36,6 33 39,N,1,0,174,8 33 43,10 15 20,11 31 36,0,0,1,0,1,2,0,0,0,1
60,59,3,6 13 29 36 39 41 45,29,36,41,1,6,16 29 45,20 22 36,12 41 43,N,7,0,177,14 34 39,16 21 41,18 28 38,1,0,0,0,1,0,0,0,0,0
61,60,4,2 8 11 25 36 39 42,25,36,42,7,7,9 11 25,7 36 38,13 42 44,Y,8,1,3,19 24 44,22 27 32,25 30 35,1,0,1,0,1,0,0,0,0,0
62,61,5,8 14 15 19 30 38 43,30,38,8,8,8,19 30 32,21 25 38,8 36 40,N,9,1,6,1 11 21,2 7 27,3 38 43,0,1,1,0,0,1,0,0,0,0
63,62,6,3 8 15 21 27 29 35,29,35,8,9,9,28 29 36,12 34 35,7 8 30,N,10,1,9,4 14 24,5 10 30,6 31 41,0,0,0,1,0,0,0,0,0,0
64,63,7,3 5 20 23 36 38 40,40,3,20,10,10,17 18 40,2 3 25,20 21 43,N,11,1,12,8 13 18,9 34 44,12 32 37,1,0,0,1,0,1,0,0,0,0
65,64,1,14 15 18 21 26 36 39,14,15,21,11,11,14 36 37,1 15 23,21 22 44,N,12,1,15,15 35 40,16 26 36,17 22 42,1,1,0,1,0,0,0,0,0,0
66,65,2,4 25 33 36 39 40 43,25,33,39,12,12,25 30 35,8 33 43,14 34 39,N,13,1,18,19 29 39,20 25 45,23 28 33,0,0,0,0,0,0,0,0,0,0
67,66,3,2 3 7 17 22 24 45,7,17,24,13,13,2 7 27,17 22 42,4 14 24,N,14,1,21,1 36 41,2 12 22,3 8 28,1,0,1,1,0,0,0,0,0,0
68,67,4,3 7 10 15 33 36 38,15,33,38,14,15,15 34 41,22 29 33,12 31 38,N,16,1,24,4 39 44,5 15 25,6 11 16,1,1,1,1,0,1,0,0,0,0
69,68,5,10 12 15 16 26 38 39,26,38,10,16,16,18 26 37,4 38 45,10 36 44,N,17,1,27,7 32 42,9 14 19,10 35 45,0,2,0,0,0,0,0,0,1,0
70,69,6,5 8 14 15 19 35 39,35,39,8,17,17,16 24 35,5 31 39,8 34 42,N,18,1,30,13 33 38,17 27 37,18 23 43,0,0,1,0,1,0,0,0,0,0
71,70,7,5 19 22 25 26 28 43,43,5,22,18,18,26 30 43,5 8 29,4 10 22,N,19,1,33,20 30 40,21 26 31,24 29 34,0,0,1,0,2,0,0,0,0,1
72,71,1,5 9 12 16 21 29 41,5,9,16,19,19,5 20 35,9 15 27,3 14 16,N,20,1,36,1 8 27,2 10 21,3 37 44,1,1,0,0,1,0,0,0,0,0
73,72,2,1 2 4 11 17 26 27,2,4,17,20,20,2 6 19,4 32 36,17 21 34,N,21,1,39,4 11 30,5 13 24,6 32 40,0,0,2,0,1,0,0,0,1,0
74,73,3,3 12 18 32 38 40 43,18,32,40,21,21,6 15 18,8 32 44,10 25 40,N,22,1,42,7 14 18,9 35 43,12 31 38,1,1,0,3,0,1,0,1,0,0
75,74,4,6 15 17 18 23 35 40,18,23,40,22,1,18 21 42,17 23 35,16 19 40,N,2,1,45,15 34 41,16 23 42,17 25 36,1,0,0,0,0,0,0,0,0,0
76,75,5,2 5 24 28 32 34 44,32,34,2,2,2,15 32 43,5 34 36,2 13 30,N,3,1,48,19 26 45,20 28 39,22 29 33,0,0,1,1,0,0,0,0,0,0
77,76,6,1 3 15 22 25 37 43,37,43,3,3,3,16 28 37,7 31 43,3 15 24,N,4,1,51,1 35 42,2 9 28,3 11 22,0,1,0,0,1,0,0,0,0,0
78,77,7,2 18 29 32 37 43 44,44,2,29,4,4,12 40 44,2 31 33,25 29 42,N,5,1,54,4 38 45,5 12 16,6 14 25,0,0,1,0,1,2,0,0,0,1
79,78,1,10 13 25 29 33 35 38,10,13,29,5,6,8 10 24,11 13 27,16 29 45,N,7,1,57,7 33 41,8 15 19,10 36 44,0,0,0,1,1,0,0,0,0,0
80,79,2,3 12 14 24 27 30 32,12,14,27,7,8,1 12 29,14 31 42,16 27 44,N,9,1,60,13 32 39,17 24 43,18 26 37,0,2,2,0,0,0,0,0,1,0
81,80,3,1 17 18 24 25 26 30,18,24,26,9,9,10 11 18,1 2 24,25 26 33,N,10,1,63,20 27 31,21 29 40,23 30 34,1,0,0,1,0,1,0,0,0,0
82,81,4,5 6 7 11 13 20 33,11,13,33,10,10,11 12 19,13 35 36,10 32 33,N,11,1,66,1 9 20,2 36 43,3 10 29,1,1,1,0,0,0,0,0,0,0
83,82,5,1 2 3 14 27 39 42,27,39,1,11,14,17 27 37,4 39 44,1 36 41,N,15,1,69,4 12 23,5 31 39,6 13 17,0,0,2,1,0,0,0,0,1,0
84,83,6,6 10 14 15 17 19 34,19,34,10,15,22,1 7 19,16 22 34,10 38 42,N,1,1,72,7 15 26,8 34 42,11 37 45,0,2,1,0,2,1,0,0,1,1
85,84,7,11 16 23 27 34 42 45,45,11,23,1,2,17 28 45,11 38 44,23 29 41,N,3,1,75,14 33 40,16 24 35,18 25 44,0,0,0,0,0,1,0,0,0,0
86,85,1,6 8 13 21 23 31 36,6,8,21,3,4,6 9 30,8 35 41,21 24 45,N,5,1,78,19 27 38,21 28 32,22 30 41,0,0,1,0,1,1,0,0,0,0
87,86,2,2 12 33 37 39 41 45,12,33,39,5,5,12 15 21,16 20 33,8 37 39,N,6,1,81,1 16 31,2 17 32,3 18 33,1,0,0,1,1,0,0,0,0,0
88,87,3,4 12 16 23 26 34 43,16,23,34,6,7,2 15 16,21 23 37,18 20 34,N,8,1,84,4 10 22,5 8 29,6 12 24,0,0,1,0,0,1,0,0,0,0
89,88,4,1 17 20 24 27 30 41,24,27,41,8,10,23 24 31,26 27 34,4 41 42,N,11,1,87,7 34 40,9 36 42,11 15 28,1,0,1,0,1,1,0,0,0,0
90,89,5,4 26 28 29 33 37 40,33,37,4,11,17,14 33 40,11 37 45,4 12 23,N,18,1,90,13 41 45,14 35 38,19 25 37,0,2,0,0,0,0,0,0,1,0
91,90,6,10 17 20 29 35 38 44,38,44,17,18,18,14 35 38,20 23 44,2 17 32,N,19,1,93,20 23 44,21 27 39,26 30 43,0,1,1,0,0,0,0,0,0,0
92,91,7,1 21 24 26 27 29 42,42,1,24,19,20,15 33 42,1 10 28,9 24 39,N,21,1,96,1 33 44,2 38 41,3 14 16,1,0,2,1,0,1,0,0,1,0
93,92,1,3 14 17 24 33 35 36,3,14,24,21,21,3 36 45,2 14 23,20 24 37,N,22,1,99,4 19 34,5 20 35,6 21 36,0,0,2,1,0,1,0,0,1,0
94,93,2,6 19 22 24 36 38 44,19,22,36,22,5,10 13 19,22 24 38,27 30 36,N,6,1,102,7 13 25,8 11 17,9 15 27,0,0,0,0,0,0,0,0,0,0
95,94,3,5 6 32 34 40 41 45,32,34,41,6,11,24 25 32,11 33 34,18 19 41,N,12,1,105,10 37 43,12 39 45,18 29 31,1,0,1,0,1,0,0,0,0,0
96,95,4,8 14 17 27 31 34 43,27,31,43,12,20,18 27 45,13 31 40,16 25 43,N,21,1,108,22 28 40,23 26 32,24 30 42,1,0,0,0,1,0,0,0,0,0
97,96,5,1 3 8 20 21 22 31,21,22,1,21,21,21 30 33,5 9 22,1 34 43,N,22,1,111,1 10 28,2 6 19,3 12 30,0,1,0,0,0,0,0,0,0,0
98,97,6,3 6 7 14 15 20 36,20,36,6,22,22,17 20 41,18 24 36,6 33 39,N,1,1,114,4 32 36,5 41 44,7 22 37,1,0,0,0,1,1,0,0,0,0
99,98,7,6 9 16 23 24 32 43,43,6,16,1,11,5 42 43,6 7 29,16 30 38,N,12,1,117,8 23 38,9 24 39,11 14 20,0,0,0,0,1,0,0,0,0,0
100,99,1,1 3 10 11 27 29 37,1,3,11,12,12,1 6 26,3 13 23,11 31 36,N,13,1,120,13 31 40,15 33 42,16 25 43,0,1,0,1,1,1,0,0,0,0
101,100,2,1 6 7 11 23 37 42,6,7,23,13,14,6 11 16,7 32 42,18 23 43,N,15,1,123,17 21 34,18 27 45,26 29 35,1,1,1,0,1,0,0,0,0,0
102,101,3,1 3 8 17 32 35 45,8,17,35,15,15,1 8 27,17 25 36,9 35 43,N,16,1,126,1 34 43,2 14 23,3 36 45,0,0,0,0,1,1,0,0,0,0
103,102,4,17 22 24 26 35 40 42,26,35,42,16,21,11 26 41,7 35 39,12 27 42,N,22,1,129,4 13 16,5 9 22,6 15 18,0,1,1,0,0,1,0,0,0,0
104,103,5,5 10 14 15 27 30 45,27,30,5,22,22,23 27 40,15 30 45,2 5 26,N,1,1,132,7 35 39,8 32 44,10 25 40,0,2,0,0,0,0,0,0,1,0
105,104,6,17 32 33 34 35 42 44,42,44,32,1,3,11 40 42,2 35 44,20 29 32,N,4,1,135,11 26 41,12 27 42,17 29 38,1,0,0,0,0,1,0,0,0,0
106,105,7,8 10 20 28 34 41 45,45,8,20,4,14,10 35 45,3 8 28,20 30 40,N,15,1,138,19 28 31,20 24 37,21 30 33,0,1,1,1,0,0,0,0,0,0
107,106,1,4 10 12 22 24 29 33,4,10,22,15,19,4 19 34,10 37 43,22 28 40,N,20,1,141,1 7 19,2 5 26,3 9 21,1,1,1,1,0,0,0,0,0,0
108,107,2,1 4 5 6 9 17 31,4,5,9,20,1,1 4 25,5 32 38,9 37 41,N,2,1,144,4 31 37,6 33 39,8 12 25,0,0,0,0,0,0,0,0,0,0
109,108,3,7 12 18 22 23 29 44,18,22,29,2,12,18 28 38,22 27 32,4 9 29,N,13,1,147,10 38 42,11 32 35,13 28 43,1,0,0,0,0,0,0,0,0,0
110,109,4,1 5 33 34 36 42 44,34,36,44,13,1,10 31 34,12 33 36,28 30 44,N,2,1,150,14 29 44,15 30 45,16 22 34,1,0,1,0,0,0,0,0,0,0
111,110,5,1 7 20 22 23 29 43,23,29,1,2,5,7 9 23,2 11 29,1 5 18,N,6,1,153,17 20 41,18 24 36,23 27 40,0,2,1,1,0,1,0,0,1,0
112,111,6,7 18 27 31 33 36 40,36,40,18,6,6,20 22 36,9 38 40,2 4 18,N,7,1,156,1 4 25,2 8 20,3 6 27,0,0,0,0,0,0,0,0,0,0
113,112,7,26 29 30 33 41 42 43,43,26,30,7,7,27 29 43,24 26 40,17 30 31,N,8,1,159,5 32 38,7 11 24,9 37 41,0,0,1,0,0,0,0,0,0,0
114,113,1,4 9 26 28 33 36 45,4,9,28,8,8,4 15 17,9 13 26,24 28 41,N,9,1,162,10 31 34,12 33 36,13 15 29,0,0,0,0,1,2,0,0,0,1
115,114,2,2 11 14 19 26 28 41,11,14,26,9,15,4 11 30,7 14 18,19 26 45,N,16,1,165,14 43 45,16 19 40,17 23 35,0,0,0,0,0,0,0,0,0,0
116,115,3,1 2 6 9 25 28 31,6,9,28,16,17,6 13 17,1 9 20,21 28 32,N,18,1,168,18 21 42,22 26 39,28 30 44,0,0,0,0,0,0,0,0,0,0
117,116,4,2 4 17 25 31 34 37,25,31,37,18,6,23 25 39,15 31 44,6 35 37,N,7,1,171,1 37 40,2 13 30,3 39 42,0,0,0,0,1,0,0,0,0,0
118,117,5,5 10 22 34 35 36 44,35,36,5,7,13,15 35 40,16 26 36,5 10 30,N,14,1,174,4 6 20,5 34 36,7 10 16,1,0,1,0,0,1,0,0,0,0
119,118,6,3 4 10 17 19 22 38,22,38,4,14,3,1 13 22,6 34 38,4 8 21,N,4,1,177,8 14 26,9 12 18,11 38 44,1,0,1,1,0,1,0,0,0,0
120,119,7,3 11 13 14 17 21 38,38,3,13,4,4,20 26 38,1 3 17,13 34 37,N,5,1,180,15 32 43,17 28 45,19 21 35,1,0,0,0,0,1,0,0,0,0
121,120,1,4 6 10 11 30 32 37,4,6,11,5,5,4 40 43,6 42 45,2 11 29,Y,6,2,3,22 25 31,23 29 41,24 27 33,0,0,0,1,0,0,0,0,0,0
122,121,2,9 12 28 30 34 38 43,12,28,34,6,6,12 41 43,26 28 42,3 32 34,N,7,2,6,1 13 22,2 35 44,3 15 24,1,0,0,0,0,0,0,0,0,0
123,122,3,1 8 11 16 17 36 40,11,16,36,7,7,9 11 25,2 15 16,7 36 38,N,8,2,9,4 8 21,5 14 17,6 34 38,0,1,0,0,0,1,0,0,0,0
124,123,4,7 17 18 27 28 30 45,27,28,45,8,8,16 27 44,24 28 41,2 34 45,N,9,2,12,7 31 43,9 33 45,10 12 26,0,0,0,1,0,0,0,0,0,0
125,124,5,1 4 16 23 25 29 42,25,29,1,9,9,25 26 33,28 29 36,1 2 24,N,10,2,15,11 40 42,16 28 37,18 30 39,0,0,0,1,1,1,0,0,0,0
126,125,6,2 8 18 32 33 35 36,35,36,8,10,11,27 28 35,14 36 37,8 31 45,N,12,2,18,19 23 36,20 29 32,25 27 41,0,1,1,1,0,0,0,0,0,0
127,126,7,1 7 20 22 27 40 43,43,1,20,12,12,8 33 43,1 6 26,10 15 20,N,13,2,21,1 3 17,2 31 33,4 7 28,1,0,0,1,0,1,0,0,0,0
128,127,1,3 5 10 29 32 35 43,3,5,29,13,13,3 38 43,5 10 30,19 29 39,N,14,2,24,5 11 23,6 9 30,8 35 41,0,1,0,0,1,0,0,0,0,0
129,128,2,12 30 34 36 37 39 45,30,34,37,14,14,20 30 40,24 29 34,17 27 37,N,15,2,27,10 14 27,12 40 44,13 34 37,0,0,0,0,0,0,0,0,0,0
130,129,3,17 19 23 25 28 38 42,23,25,38,15,15,16 23 42,17 25 36,12 31 38,N,16,2,30,15 36 39,16 18 32,19 22 43,0,0,1,1,0,0,0,0,0,0
131,130,4,7 19 24 27 31 42 45,27,31,45,16,17,19 27 38,5 31 39,11 37 45,N,18,2,33,20 26 38,21 24 45,25 29 42,0,1,0,0,0,1,0,0,0,0
132,131,5,8 10 11 14 15 21 37,15,21,8,18,18,11 15 28,21 27 39,5 8 29,N,19,2,36,1 5 18,2 11 29,3 31 35,0,0,1,0,0,0,0,0,0,0
133,132,6,3 17 23 34 41 43 45,43,45,17,19,19,10 37 43,12 39 45,8 11 17,N,20,2,39,4 40 43,6 42 45,7 9 23,1,0,2,0,0,0,0,0,1,0
134,133,7,4 7 13 15 18 23 26,26,4,13,20,20,26 29 35,4 32 36,13 31 40,N,21,2,42,8 37 39,10 13 19,12 15 21,0,0,1,1,0,1,0,0,0,0
135,134,1,3 12 20 23 31 35 43,3,12,23,21,21,3 36 45,12 27 42,2 14 23,N,22,2,45,14 32 41,16 20 33,17 26 44,1,0,0,0,0,1,0,0,0,0
136,135,2,6 14 16 22 28 35 39,14,16,28,22,22,14 29 44,16 22 34,13 28 43,N,1,2,48,22 24 38,25 28 34,27 30 36,0,0,2,0,1,0,0,0,1,0
137,136,3,2 11 16 30 36 41 42,16,30,41,1,1,16 19 40,28 30 44,9 37 41,N,2,2,51,1 14 30,2 4 18,3 32 34,0,0,0,0,0,1,0,0,0,0
138,137,4,7 9 15 20 25 36 39,20,25,39,2,2,4 6 20,22 25 31,3 39 42,N,3,2,54,5 7 21,6 35 37,8 10 24,0,1,1,0,0,1,0,0,0,0
139,138,5,10 11 19 27 28 37 39,28,37,10,3,4,4 7 28,13 34 37,10 14 27,N,5,2,57,9 38 40,11 13 27,12 41 43,1,1,1,1,0,0,0,0,0,0
140,139,6,9 11 13 15 20 28 43,28,43,11,5,10,5 6 28,20 21 43,11 12 19,N,11,2,60,15 31 44,16 29 45,17 19 33,0,0,2,1,0,1,0,0,1,0
141,140,7,3 8 13 17 18 19 28,28,3,13,11,15,20 28 39,3 37 44,5 13 24,N,16,2,63,20 22 36,23 25 39,26 28 42,0,0,1,0,0,0,0,0,0,0
142,141,1,2 8 12 29 31 42 43,2,8,29,16,16,2 9 28,8 15 19,21 29 40,N,17,2,66,1 32 45,2 15 16,3 5 19,0,1,0,0,0,1,0,0,0,0
143,142,2,12 16 19 30 34 40 44,16,19,34,17,18,1 16 31,19 25 37,7 34 40,N,19,2,69,4 33 35,6 8 22,7 36 38,0,0,0,0,0,0,0,0,0,0
144,143,3,8 26 27 28 42 43 45,27,28,43,19,20,18 27 45,1 10 28,16 25 43,N,21,2,72,9 11 25,10 39 41,12 14 28,0,0,0,0,0,0,0,0,0,0
145,144,4,4 15 17 26 36 37 43,26,36,43,21,1,22 26 39,12 33 36,14 43 45,N,2,2,75,13 42 44,17 30 31,18 20 34,2,0,1,0,0,0,0,0,1,0
146,145,5,2 3 9 13 20 27 44,20,27,2,2,3,20 29 32,25 27 41,2 35 44,N,4,2,78,21 23 37,24 26 40,27 29 43,0,0,1,0,2,2,0,0,0,1
147,146,6,2 19 25 27 35 41 42,41,42,19,4,4,8 35 41,25 29 42,19 22 43,N,5,2,81,1 12 29,2 34 45,3 7 20,0,0,0,0,1,0,0,0,0,0
148,147,7,4 6 13 21 36 40 42,42,4,13,5,8,14 31 42,4 15 17,9 13 26,N,9,2,84,4 15 17,5 33 37,6 10 23,0,1,0,0,0,0,0,0,0,0
149,148,1,17 21 25 33 34 35 36,17,21,33,9,11,9 10 17,21 22 44,11 33 34,N,12,2,87,8 36 40,9 13 26,11 39 43,0,0,1,0,1,2,0,0,0,1
150,149,2,2 11 21 27 34 41 42,11,21,34,12,12,11 31 36,16 21 41,14 34 39,N,13,2,90,14 31 42,16 27 44,18 22 35,0,0,1,0,0,1,0,0,0,0
151,150,3,2 16 18 25 28 37 39,18,25,37,13,13,8 13 18,20 25 45,12 32 37,N,14,2,93,19 30 32,21 25 38,24 28 41,1,0,0,2,0,0,0,0,0,1
152,151,4,1 2 10 13 15 18 19,13,15,19,14,14,13 33 38,5 15 25,9 14 19,N,15,2,96,1 2 24,3 40 41,4 5 27,1,0,1,1,1,0,0,0,0,0
153,152,5,1 5 13 26 29 34 43,29,34,1,15,15,22 29 33,15 34 41,1 8 27,N,16,2,99,6 43 44,7 8 30,9 31 32,0,1,0,0,0,1,0,0,0,0
154,153,6,3 8 11 12 13 33 36,33,36,8,16,17,14 33 40,2 36 43,8 34 42,N,18,2,102,10 11 18,12 34 35,13 14 21,0,1,1,1,0,0,0,0,0,0
155,154,7,6 19 20 21 35 40 45,45,6,20,18,18,13 41 45,6 12 24,20 23 44,N,19,2,105,15 37 38,16 17 39,19 20 42,0,1,2,1,0,1,0,0,1,0
156,155,1,4 16 19 20 32 33 41,4,16,20,19,19,4 19 34,3 14 16,5 20 35,N,20,2,108,22 23 45,25 26 33,28 29 36,1,0,1,0,0,1,0,0,0,0
157,156,2,2 5 18 28 30 42 45,5,18,30,20,21,5 9 22,6 15 18,21 30 33,N,22,2,111,1 38 39,2 3 25,4 41 42,1,0,0,0,0,2,0,0,0,1
158,157,3,19 26 30 33 35 37 39,30,33,37,22,22,15 30 45,6 33 39,4 31 37,N,1,2,114,5 6 28,7 44 45,8 9 16,0,0,1,0,0,1,0,0,0,0
159,158,4,4 7 9 13 18 21 34,13,18,34,1,1,13 15 29,18 21 42,10 31 34,N,2,2,117,10 32 33,11 12 19,13 35 36,0,0,0,0,2,0,0,0,0,1
160,159,5,1 18 30 32 41 42 43,41,42,1,2,7,10 39 41,13 42 44,1 32 45,N,8,2,120,14 15 22,17 18 40,20 21 43,0,0,0,2,0,0,0,0,0,1
161,160,6,1 3 7 8 34 39 41,39,41,3,8,10,1 38 39,4 41 42,2 3 25,N,11,2,123,23 24 31,26 27 34,29 30 37,0,1,0,0,1,0,0,0,0,0
162,161,7,22 34 36 40 42 44 45,45,22,36,11,14,10 35 45,2 12 22,1 36 41,N,15,2,126,1 15 23,2 39 40,3 4 26,1,0,0,0,0,2,0,0,0,1
163,162,1,1 5 21 24 25 38 41,1,5,24,15,16,1 35 42,5 12 16,17 24 43,N,17,2,129,5 42 43,6 7 29,8 31 45,0,2,0,0,0,0,0,0,1,0
164,163,2,7 11 16 26 28 29 44,11,16,28,17,21,11 26 41,4 13 16,19 28 31,N,22,2,132,9 10 17,11 33 34,12 13 20,2,1,0,2,0,0,0,0,1,1
165,164,3,6 9 10 11 27 39 41,10,11,39,22,3,10 12 26,11 40 42,18 30 39,N,4,2,135,14 36 37,16 30 38,18 19 41,0,0,2,0,1,1,0,0,1,0
166,165,4,5 13 18 19 22 31 42,19,22,42,4,12,19 24 44,22 27 32,2 37 42,N,13,2,138,21 22 44,24 25 32,27 28 35,0,0,1,0,1,0,0,0,0,0
167,166,5,9 12 14 27 36 39 45,36,39,9,13,5,27 30 36,8 37 39,7 9 23,N,6,2,141,1 6 26,2 37 42,3 13 23,0,0,0,3,1,0,0,1,0,0
168,167,6,4 24 27 28 30 36 39,36,39,24,6,6,20 22 36,23 25 39,8 10 24,N,7,2,144,4 9 29,5 40 45,7 12 17,0,1,0,0,0,1,0,0,0,0
169,168,7,3 10 30 31 40 42 43,43,3,30,7,7,27 29 43,3 5 19,17 30 31,N,8,2,147,8 33 43,10 15 20,11 31 36,1,0,0,2,0,0,0,0,0,1
170,169,1,16 19 27 35 37 43 45,16,19,35,8,9,16 17 39,19 20 42,12 34 35,N,10,2,150,14 34 39,16 21 41,18 28 38,0,0,0,0,1,0,0,0,0,0
171,170,2,2 10 11 13 15 31 42,10,11,15,10,2,7 10 16,11 38 44,15 32 43,N,3,2,153,19 24 44,22 27 32,25 30 35,0,0,2,1,0,0,0,0,1,0
172,171,3,1 4 16 25 29 34 35,16,25,34,3,3,16 28 37,25 27 41,6 34 38,Y,4,3,3,1 11 21,2 7 27,3 38 43,1,0,0,0,1,0,0,0,0,0
173,172,4,4 19 21 24 26 35 41,24,26,41,4,4,21 24 45,20 26 38,8 35 41,N,5,3,6,4 14 24,5 10 30,6 31 41,1,1,0,1,0,0,0,0,0,0
174,173,5,3 9 18 24 30 33 34,30,33,3,5,5,27 30 36,16 20 33,3 31 35,N,6,3,9,8 13 18,9 34 44,12 32 37,2,0,0,0,0,1,0,0,1,0
175,174,6,13 14 16 18 22 35 39,35,39,14,6,6,6 35 37,23 25 39,1 14 30,N,7,3,12,15 35 40,16 26 36,17 22 42,0,2,0,0,0,0,0,0,1,0
176,175,7,17 19 26 28 31 33 36,36,17,26,7,7,7 36 38,17 30 31,24 26 40,N,8,3,15,19 29 39,20 25 45,23 28 33,0,0,1,0,2,0,0,0,0,1
177,176,1,4 15 17 30 32 33 34,4,15,30,8,9,4 5 27,15 37 38,7 8 30,N,10,3,18,1 36 41,2 12 22,3 8 28,1,0,0,0,1,0,0,0,0,0
178,177,2,1 6 10 13 16 37 43,6,10,16,10,10,5 6 28,10 32 33,8 9 16,N,11,3,21,4 39 44,5 15 25,6 11 16,0,1,1,1,0,0,0,0,0,0
179,178,3,1 5 9 11 12 18 23,9,11,18,11,11,9 10 17,11 33 34,18 19 41,N,12,3,24,7 32 42,9 14 19,10 35 45,0,1,0,2,0,0,0,0,0,1
180,179,4,5 9 17 25 32 39 43,25,32,43,12,12,25 30 35,22 27 32,8 33 43,N,13,3,27,13 33 38,17 27 37,18 23 43,0,0,0,0,0,0,0,0,0,0
181,180,5,2 15 20 21 22 29 34,22,29,2,13,13,17 22 42,19 29 39,2 7 27,N,14,3,30,20 30 40,21 26 31,24 29 34,1,1,0,0,0,0,0,0,0,0
182,181,6,14 21 23 32 40 44 45,44,45,21,14,14,4 39 44,10 35 45,21 26 31,N,15,3,33,1 8 27,2 10 21,3 37 44,1,0,0,0,0,0,0,0,0,0
183,182,7,13 15 27 29 34 35 40,40,13,27,15,15,6 32 40,5 13 24,1 8 27,N,16,3,36,4 11 30,5 13 24,6 32 40,0,1,1,1,1,0,0,0,0,0
184,183,1,2 5 18 24 34 40 42,2,5,24,16,16,2 9 28,5 12 16,17 24 43,N,17,3,39,7 14 18,9 35 43,12 31 38,0,0,0,1,1,0,0,0,0,0
185,184,2,1 2 6 16 20 33 41,2,6,20,17,17,2 36 43,6 13 17,1 9 20,N,18,3,42,15 34 41,16 23 42,17 25 36,0,0,0,1,0,1,0,0,0,0
186,185,3,1 2 4 8 14 19 38,4,8,19,18,18,4 10 22,5 8 29,19 25 37,N,19,3,45,19 26 45,20 28 39,22 29 33,2,0,0,2,0,1,0,0,1,1
187,186,4,4 9 10 14 19 21 45,14,19,45,19,19,3 14 16,4 19 34,12 39 45,N,20,3,48,1 35 42,2 9 28,3 11 22,1,1,0,0,0,0,0,0,0,0
188,187,5,1 2 8 18 29 38 42,29,38,1,20,20,26 29 35,8 23 38,1 10 28,N,21,3,51,4 38 45,5 12 16,6 14 25,0,0,0,0,0,0,0,0,0,0
189,188,6,19 24 27 30 31 34 36,34,36,24,21,21,1 34 43,3 36 45,20 24 37,N,22,3,54,7 33 41,8 15 19,10 36 44,0,1,0,0,1,1,0,0,0,0
190,189,7,8 14 28 32 35 37 45,45,8,28,22,22,15 30 45,8 12 25,13 28 43,N,1,3,57,13 32 39,17 24 43,18 26 37,0,0,1,1,1,0,0,0,0,0
191,190,1,8 14 15 18 30 31 44,8,14,18,1,1,2 8 20,14 43 45,18 21 42,N,2,3,60,20 27 31,21 29 40,23 30 34,0,0,0,0,0,0,0,0,0,0
192,191,2,5 6 8 24 25 32 37,6,8,25,2,2,4 6 20,8 14 26,22 25 31,N,3,3,63,1 9 20,2 36 43,3 10 29,0,0,0,1,1,0,0,0,0,0
193,192,3,4 8 11 18 33 37 45,11,18,37,3,4,5 11 23,16 18 32,13 34 37,N,5,3,66,4 12 23,5 31 39,6 13 17,0,1,1,0,1,0,0,0,0,0
194,193,4,6 13 14 18 26 36 39,18,26,39,5,5,1 5 18,17 26 44,8 37 39,N,6,3,69,7 15 26,8 34 42,11 37 45,2,0,0,0,2,1,0,0,1,1
195,194,5,15 20 23 26 28 39 44,28,39,15,6,7,12 14 28,10 39 41,2 15 16,N,8,3,72,14 33 40,16 24 35,18 25 44,1,1,0,0,1,0,0,0,0,0
196,195,6,7 10 19 22 31 35 40,35,40,10,8,8,18 22 35,8 36 40,6 10 23,N,9,3,75,19 27 38,21 28 32,22 30 41,0,0,1,1,1,0,0,0,0,0
197,196,7,30 35 36 37 41 44 45,45,30,36,9,10,7 44 45,29 30 37,13 35 36,N,11,3,78,1 16 31,2 17 32,3 18 33,1,0,0,2,0,0,0,0,0,1
198,197,1,4 7 12 16 34 42 45,4,7,16,11,11,3 4 26,6 7 29,16 30 38,N,12,3,81,4 10 22,5 8 29,6 12 24,0,0,1,0,0,0,0,0,0,0
199,198,2,2 12 19 20 25 41 45,12,19,25,12,14,2 12 22,9 14 19,5 15 25,N,15,3,84,7 34 40,9 36 42,11 15 28,0,1,0,1,1,1,0,0,0,0
200,199,3,14 21 22 25 30 36 43,22,25,36,15,16,3 11 22,6 14 25,10 36 44,N,17,3,87,13 41 45,14 35 38,19 25 37,1,1,0,0,2,0,0,0,0,1
201,200,4,5 6 7 13 14 17 20,13,14,20,17,18,13 41 45,14 35 38,20 23 44,N,19,3,90,20 23 44,21 27 39,26 30 43,1,1,0,0,1,1,0,0,0,0
202,201,5,3 11 24 26 38 39 44,38,39,3,19,22,10 38 42,6 33 39,3 9 21,N,1,3,93,1 33 44,2 38 41,3 14 16,2,0,1,0,2,0,0,0,1,1
203,202,6,12 14 17 27 33 39 44,39,44,14,1,3,18 30 39,2 35 44,5 14 17,N,4,3,96,4 19 34,5 20 35,6 21 36,0,0,0,1,0,0,0,0,0,0
204,203,7,1 3 7 11 24 30 32,32,1,7,4,8,19 30 32,1 12 29,3 7 20,N,9,3,99,7 13 25,8 11 17,9 15 27,0,0,0,0,1,1,0,0,0,0
205,204,1,3 5 12 14 35 40 45,3,5,14,9,12,3 13 23,5 40 45,14 34 39,N,13,3,102,10 37 43,12 39 45,18 29 31,1,0,1,1,0,0,0,0,0,0
206,205,2,1 3 21 29 30 35 37,3,21,30,13,13,3 38 43,1 11 21,5 10 30,N,14,3,105,22 28 40,23 26 32,24 30 42,0,0,0,1,1,0,0,0,0,0
207,206,3,1 2 3 15 20 25 43,3,15,25,14,15,3 37 44,15 34 41,17 25 36,N,16,3,108,1 10 28,2 6 19,3 12 30,0,0,1,2,0,0,0,0,0,1
208,207,4,3 11 14 31 32 37 38,31,32,38,16,16,20 27 31,13 32 39,4 38 45,N,17,3,111,4 32 36,5 41 44,7 22 37,0,1,0,1,0,0,0,0,0,0
209,208,5,14 24 25 31 34 40 44,34,40,14,17,20,17 21 34,13 31 40,11 14 20,N,21,3,114,8 23 38,9 24 39,11 14 20,0,1,1,0,0,1,0,0,0,0
210,209,6,2 7 18 20 24 33 37,33,37,7,21,1,12 33 36,9 37 41,7 11 24,N,2,3,117,13 31 40,15 33 42,16 25 43,0,0,1,0,1,0,0,0,0,0
211,210,7,10 19 22 23 25 37 39,39,10,22,2,4,15 36 39,10 14 27,19 22 43,N,5,3,120,17 21 34,18 27 45,26 29 35,1,0,0,0,0,0,0,0,0,0
212,211,1,8 12 13 17 20 33 41,8,12,17,5,6,8 10 24,12 41 43,17 19 33,N,7,3,123,1 34 43,2 14 23,3 36 45,0,0,0,0,1,0,0,0,0,0
213,212,2,8 11 12 18 21 31 38,11,12,21,7,9,10 11 18,12 34 35,13 14 21,N,10,3,126,4 13 16,5 9 22,6 15 18,1,1,0,0,0,0,0,0,0,0
214,213,3,2 3 4 5 20 24 42,4,5,24,10,17,4 12 23,5 31 39,16 24 35,N,18,3,129,7 35 39,8 32 44,10 25 40,1,0,1,0,1,0,0,0,0,0
215,214,4,5 7 20 25 28 32 37,25,28,37,18,19,7 13 25,22 28 40,10 37 43,N,20,3,132,11 26 41,12 27 42,17 29 38,0,0,0,1,0,1,0,0,0,0
216,215,5,2 3 4 7 15 43 44,15,43,2,20,20,15 33 42,16 25 43,2 6 19,N,21,3,135,19 28 31,20 24 37,21 30 33,0,0,1,1,1,0,0,0,0,0
217,216,6,1 7 16 17 33 36 40,36,40,7,21,22,18 24 36,23 27 40,1 7 19,N,1,3,138,1 7 19,2 5 26,3 9 21,0,0,0,0,1,0,0,0,0,0
218,217,7,16 20 27 33 35 38 39,39,16,27,1,1,22 26 39,16 19 40,3 6 27,N,2,3,141,4 31 37,6 33 39,8 12 25,0,0,1,0,0,0,0,0,0,0
219,218,1,1 8 14 18 20 29 44,1,8,18,2,7,1 32 45,6 8 22,18 20 34,N,8,3,144,10 38 42,11 32 35,13 28 43,0,2,0,0,0,1,0,0,1,0
220,219,2,4 11 16 20 26 35 37,11,16,26,8,8,11 39 43,16 27 44,9 13 26,N,9,3,147,14 29 44,15 30 45,16 22 34,0,0,1,2,0,0,0,0,0,1
221,220,3,5 11 19 21 31 34 43,19,21,34,9,10,11 12 19,20 21 43,26 27 34,N,11,3,150,17 20 41,18 24 36,23 27 40,1,0,1,0,1,0,0,0,0,0
222,221,4,2 10 20 33 35 37 40,33,35,40,11,16,7 33 41,1 35 42,21 29 40,N,17,3,153,1 4 25,2 8 20,3 6 27,0,0,0,1,0,1,0,0,0,0
223,222,5,5 7 28 29 39 43 44,39,43,5,17,2,3 39 42,15 32 43,5 34 36,N,3,3,156,5 32 38,7 11 24,9 37 41,0,0,0,1,0,0,0,0,0,0
224,223,6,1 3 18 20 26 27 38,27,38,3,3,6,11 13 27,9 38 40,3 32 34,N,7,3,159,10 31 34,12 33 36,13 15 29,0,0,0,1,0,0,0,0,0,0
225,224,7,4 7 19 26 27 30 42,42,4,19,7,7,13 42 44,4 33 35,3 5 19,N,8,3,162,14 43 45,16 19 40,17 23 35,0,1,0,1,0,2,0,0,0,1
226,225,1,5 7 11 13 19 31 36,5,7,13,8,21,5 9 22,7 35 39,4 13 16,N,22,3,165,18 21 42,22 26 39,28 30 44,1,1,0,1,0,0,0,0,0,0
227,226,2,2 6 8 14 21 22 34,6,8,21,22,21,6 15 18,8 32 44,21 30 33,N,22,3,168,1 37 40,2 13 30,3 39 42,0,0,1,1,0,0,0,0,0,0
228,227,3,2 4 5 15 16 22 42,5,15,22,22,6,5 7 21,15 31 44,20 22 36,N,7,3,171,4 6 20,5 34 36,7 10 16,0,1,0,0,1,1,0,0,0,0
229,228,4,17 23 25 35 36 39 44,35,36,44,7,11,27 28 35,14 36 37,21 22 44,N,12,3,174,8 14 26,9 12 18,11 38 44,0,1,2,0,0,0,0,0,1,0
230,229,5,4 5 9 11 23 35 38,23,35,4,12,13,23 28 33,15 35 40,4 14 24,N,14,3,177,15 32 43,17 28 45,19 21 35,1,0,0,1,0,1,0,0,0,0
231,230,6,5 11 12 14 29 32 33,32,33,11,14,14,7 32 42,13 33 38,6 11 16,N,15,3,180,22 25 31,23 29 41,24 27 33,1,0,0,0,0,0,0,0,0,0
232,231,7,5 10 19 27 31 44 45,45,5,19,15,16,4 38 45,5 12 16,8 15 19,Y,17,4,3,1 13 22,2 35 44,3 15 24,0,1,1,0,1,1,0,0,0,0
233,232,1,8 9 10 12 24 35 44,8,9,12,17,17,8 34 42,1 9 20,4 12 23,N,18,4,6,4 8 21,5 14 17,6 34 38,1,1,1,0,0,1,0,0,0,0
234,233,2,4 6 13 17 28 39 40,6,13,28,18,18,6 12 24,13 41 45,11 15 28,N,19,4,9,7 31 43,9 33 45,10 12 26,0,0,1,1,1,0,0,0,0,0
235,234,3,4 13 21 22 24 26 37,21,22,26,19,19,6 21 36,22 28 40,23 26 32,N,20,4,12,11 40 42,16 28 37,18 30 39,0,1,0,1,1,1,0,0,0,0
236,235,4,8 21 22 26 27 31 37,26,27,37,20,20,26 29 35,18 27 45,7 22 37,N,21,4,15,19 23 36,20 29 32,25 27 41,0,0,0,0,0,1,0,0,0,0
237,236,5,1 4 7 8 13 37 39,13,37,1,21,21,4 13 16,20 24 37,1 34 43,N,22,4,18,1 3 17,2 31 33,4 7 28,2,0,0,0,1,1,0,0,1,0
238,237,6,1 11 17 21 24 33 44,33,44,11,22,22,6 33 39,14 29 44,11 32 35,N,1,4,21,5 11 23,6 9 30,8 35 41,0,0,0,0,0,0,0,0,0,0
239,238,7,2 4 15 28 31 34 35,35,2,15,1,1,17 23 35,2 8 20,13 15 29,N,2,4,24,10 14 27,12 40 44,13 34 37,0,1,0,0,0,1,0,0,0,0
240,239,1,7 11 15 24 39 41 44,7,11,24,2,2,7 10 16,11 38 44,24 27 33,N,3,4,27,15 36 39,16 18 32,19 22 43,0,1,1,2,0,0,0,0,0,1
241,240,2,6 10 16 21 40 41 43,10,16,40,3,3,10 12 26,16 28 37,11 40 42,N,4,4,30,20 26 38,21 24 45,25 29 42,0,1,0,0,2,0,0,0,0,1
242,241,3,2 16 21 24 27 28 35,21,24,28,4,5,12 15 21,22 24 38,25 28 34,N,6,4,33,1 5 18,2 11 29,3 31 35,0,0,0,1,0,1,0,0,0,0
243,242,4,4 19 20 21 32 34 43,21,32,43,6,6,5 7 21,3 32 34,12 41 43,N,7,4,36,4 40 43,6 42 45,7 9 23,0,1,0,0,0,1,0,0,0,0
244,243,5,2 12 17 19 28 34 42,28,34,2,7,7,12 14 28,18 20 34,2 15 16,N,8,4,39,8 37 39,10 13 19,12 15 21,1,1,0,0,0,1,0,0,0,0
245,244,6,13 16 19 25 36 37 38,37,38,16,8,8,5 33 37,21 25 38,16 27 44,N,9,4,42,14 32 41,16 20 33,17 26 44,1,0,0,0,1,1,0,0,0,0
246,245,7,9 11 22 27 31 32 38,38,9,22,9,9,15 37 38,9 31 32,22 23 45,N,10,4,45,22 24 38,25 28 34,27 30 36,0,0,0,0,0,1,0,0,0,0
247,246,1,13 15 18 21 23 26 39,13,15,21,10,10,13 35 36,14 15 22,20 21 43,N,11,4,48,1 14 30,2 4 18,3 32 34,0,0,0,1,1,0,0,0,0,0
248,247,2,12 13 15 28 36 39 40,13,15,36,11,11,12 13 20,1 15 23,14 36 37,N,12,4,51,5 7 21,6 35 37,8 10 24,0,0,1,0,1,0,0,0,0,0
249,248,3,3 8 13 17 23 38 45,13,17,38,12,12,3 13 23,7 12 17,18 28 38,N,13,4,54,9 38 40,11 13 27,12 41 43,0,1,1,1,0,0,0,0,0,0
250,249,4,3 8 11 27 31 41 44,27,31,44,13,13,2 7 27,6 31 41,9 34 44,N,14,4,57,15 31 44,16 29 45,17 19 33,0,1,1,0,0,0,0,0,0,0
251,250,5,19 23 30 37 38 43 45,38,43,19,14,14,13 33 38,18 23 43,9 14 19,N,15,4,60,20 22 36,23 25 39,26 28 42,0,1,1,1,0,1,0,0,0,0
252,251,6,6 7 19 25 28 38 45,38,45,7,15,15,12 31 38,19 26 45,7 14 18,N,16,4,63,1 32 45,2 15 16,3 5 19,1,0,0,1,2,1,0,0,0,1
253,252,7,14 23 26 28 31 39 45,45,14,26,16,17,11 37 45,14 33 40,7 15 26,N,18,4,66,4 33 35,6 8 22,7 36 38,0,1,1,0,0,0,0,0,0,0
254,253,1,8 19 25 31 33 34 36,8,19,31,18,18,5 8 29,19 25 37,1 16 31,N,19,4,69,9 11 25,10 39 41,12 14 28,0,0,0,1,1,1,0,0,0,0
255,254,2,1 5 19 20 24 27 30,5,19,24,19,19,5 20 35,4 19 34,24 30 42,N,20,4,72,13 42 44,17 30 31,18 20 34,1,0,0,1,0,2,0,0,0,1
256,255,3,1 5 6 24 27 32 42,6,24,32,20,20,2 6 19,9 24 39,4 32 36,N,21,4,75,21 23 37,24 26 40,27 29 43,2,0,1,0,0,1,0,0,1,0
257,256,4,4 11 14 21 23 32 43,21,23,43,21,22,3 9 21,23 27 40,13 28 43,N,1,4,78,1 12 29,2 34 45,3 7 20,0,0,0,0,1,1,0,0,0,0
258,257,5,4 6 13 27 31 32 37,31,32,4,1,1,10 31 34,5 32 38,1 4 25,N,2,4,81,4 15 17,5 33 37,6 10 23,0,0,0,1,1,0,0,0,0,0
259,258,6,14 17 27 30 31 38 40,38,40,17,2,4,20 26 38,12 40 44,1 3 17,N,5,4,84,8 36 40,9 13 26,11 39 43,0,0,0,0,0,0,0,0,0,0
260,259,7,4 5 14 34 35 42 45,45,4,14,5,5,6 42 45,4 40 43,14 32 41,N,6,4,87,14 31 42,16 27 44,18 22 35,0,0,0,0,1,0,0,0,0,0
261,260,1,7 12 15 24 37 40 43,7,12,24,6,8,3 7 20,1 12 29,24 28 41,N,9,4,90,19 30 32,21 25 38,24 28 41,0,0,0,0,0,0,0,0,0,0
262,261,2,2 6 11 16 18 31 43,6,11,18,9,10,5 6 28,11 12 19,17 18 40,N,11,4,93,1 2 24,3 40 41,4 5 27,1,0,0,0,1,0,0,0,0,0
263,262,3,9 12 24 25 29 31 36,24,25,31,11,12,19 24 44,25 30 35,11 31 36,N,13,4,96,6 43 44,7 8 30,9 31 32,0,0,1,0,0,0,0,0,0,0
264,263,4,1 18 27 28 32 37 40,28,32,40,13,13,23 28 33,12 32 37,15 35 40,N,14,4,99,10 11 18,12 34 35,13 14 21,0,0,0,0,0,0,0,0,0,0
265,264,5,5 9 16 27 36 41 44,36,41,5,14,15,17 25 36,15 34 41,5 13 24,N,16,4,102,15 37 38,16 17 39,19 20 42,2,1,0,0,1,1,0,0,1,0
266,265,6,5 9 12 34 37 38 39,38,39,9,16,18,14 35 38,21 27 39,9 36 42,N,19,4,105,22 23 45,25 26 33,28 29 36,1,0,0,0,0,2,0,0,0,1
267,266,7,3 4 9 11 22 37 42,42,3,9,19,21,12 27 42,3 36 45,5 9 22,N,22,4,108,1 38 39,2 3 25,4 41 42,0,0,1,0,1,0,0,0,0,0
268,267,1,1 7 8 24 34 36 41,1,7,24,22,3,1 13 22,7 31 43,3 15 24,N,4,4,111,5 6 28,7 44 45,8 9 16,0,1,0,0,0,2,0,0,0,1
269,268,2,3 10 12 19 24 32 45,10,12,24,4,9,10 11 18,12 34 35,1 2 24,N,10,4,114,10 32 33,11 12 19,13 35 36,0,0,1,1,0,0,0,0,0,0
270,269,3,5 18 20 32 36 42 43,20,32,42,10,12,10 15 20,22 27 32,2 37 42,N,13,4,117,14 15 22,17 18 40,20 21 43,0,0,2,1,0,0,0,0,1,0
271,270,4,5 9 12 20 21 26 27,20,21,27,13,14,20 30 40,21 26 31,17 27 37,N,15,4,120,23 24 31,26 27 34,29 30 37,0,1,1,1,0,1,0,0,0,0
272,271,5,3 8 9 27 29 36 40,29,36,3,15,16,21 29 40,10 36 44,3 11 22,N,17,4,123,1 15 23,2 39 40,3 4 26,0,1,0,0,0,0,0,0,0,0
273,272,6,7 9 12 27 28 39 43,39,43,9,17,19,12 39 45,10 37 43,9 15 27,N,20,4,126,5 42 43,6 7 29,8 31 45,0,0,2,0,0,0,0,0,1,0
274,273,7,1 6 8 24 31 34 44,44,1,8,20,20,5 41 44,1 10 28,8 23 38,N,21,4,129,9 10 17,11 33 34,12 13 20,0,0,1,0,0,0,0,0,0,0
275,274,1,13 14 15 25 26 35 39,13,14,25,21,2,2 13 30,8 14 26,22 25 31,N,3,4,132,14 36 37,16 30 38,18 19 41,1,1,1,0,1,0,0,0,0,0
276,275,2,14 19 20 26 35 38 40,19,20,35,3,3,19 23 36,20 29 32,2 35 44,N,4,4,135,21 22 44,24 25 32,27 28 35,1,0,0,0,0,0,0,0,0,0
277,276,3,4 15 21 25 33 39 41,21,25,39,4,4,21 24 45,25 29 42,15 36 39,N,5,4,138,1 6 26,2 37 42,3 13 23,0,0,1,0,2,1,0,0,0,1
278,277,4,10 12 13 15 20 25 29,15,20,29,5,6,15 31 44,20 22 36,16 29 45,N,7,4,141,4 9 29,5 40 45,7 12 17,0,0,0,0,0,0,0,0,0,0
279,278,5,3 11 13 37 39 41 43,39,41,3,7,10,1 38 39,4 41 42,2 3 25,N,11,4,144,8 33 43,10 15 20,11 31 36,0,0,2,1,0,0,0,0,1,0
280,279,6,7 11 16 31 36 37 38,37,38,11,11,6,6 35 37,9 38 40,11 13 27,N,7,4,147,14 34 39,16 21 41,18 28 38,0,0,0,1,0,1,0,0,0,0
281,280,7,10 11 23 24 35 36 37,37,10,23,7,10,29 30 37,10 32 33,23 24 31,N,11,4,150,19 24 44,22 27 32,25 30 35,0,0,0,0,0,0,0,0,0,0
282,281,1,1 3 4 6 12 14 41,1,3,6,11,14,1 36 41,3 8 28,6 11 16,N,15,4,153,1 11 21,2 7 27,3 38 43,0,1,0,0,0,0,0,0,0,0
283,282,2,2 5 10 18 30 31 32,5,10,30,15,17,5 31 39,3 10 29,22 30 41,N,18,4,156,4 14 24,5 10 30,6 31 41,0,0,2,1,0,0,0,0,1,0
284,283,3,6 8 18 31 38 42 45,18,31,42,18,22,18 24 36,4 31 37,10 38 42,N,1,4,159,8 13 18,9 34 44,12 32 37,0,0,0,1,0,0,0,0,0,0
285,284,4,2 7 15 24 28 30 45,24,28,45,1,1,7 11 24,28 30 44,14 43 45,N,2,4,162,15 35 40,16 26 36,17 22 42,1,0,0,0,0,1,0,0,0,0
286,285,5,2 13 33 37 40 41 45,40,41,2,2,21,10 25 40,11 26 41,2 14 23,N,22,4,165,19 29 39,20 25 45,23 28 33,1,0,0,1,0,0,0,0,0,0
287,286,6,1 15 17 19 40 42 44,42,44,15,22,14,7 32 42,4 39 44,5 15 25,N,15,4,168,1 36 41,2 12 22,3 8 28,0,1,0,0,0,0,0,0,0,0
288,287,7,6 12 24 27 35 37 41,41,6,24,15,16,7 33 41,6 14 25,17 24 43,N,17,4,171,4 39 44,5 15 25,6 11 16,0,0,0,1,0,1,0,0,0,0
289,288,1,1 10 12 17 28 35 41,1,10,17,17,5,1 5 18,10 13 19,17 26 44,N,6,4,174,7 32 42,9 14 19,10 35 45,1,1,0,0,0,0,0,0,0,0
290,289,2,3 10 14 33 37 38 42,10,14,37,6,6,8 10 24,1 14 30,6 35 37,Y,7,5,3,13 33 38,17 27 37,18 23 43,1,0,1,1,0,0,0,0,0,0
291,290,3,7 8 13 18 32 39 45,13,18,39,7,7,13 42 44,18 20 34,10 39 41,N,8,5,6,20 30 40,21 26 31,24 29 34,1,0,0,1,2,0,0,0,0,1
292,291,4,3 7 8 18 20 42 45,18,20,45,8,8,18 22 35,3 7 20,2 34 45,N,9,5,9,1 8 27,2 10 21,3 37 44,0,0,0,1,0,1,0,0,0,0
293,292,5,10 17 18 31 32 33 34,32,33,10,9,9,9 31 32,25 26 33,10 11 18,N,10,5,12,4 11 30,5 13 24,6 32 40,0,0,0,1,1,0,0,0,0,0
294,293,6,1 9 17 21 24 29 33,29,33,9,10,10,29 30 37,10 32 33,8 9 16,N,11,5,15,7 14 18,9 35 43,12 31 38,0,0,1,2,1,0,0,0,0,1
295,294,7,6 10 17 30 37 38 40,40,6,17,11,11,2 39 40,6 7 29,9 10 17,N,12,5,18,15 34 41,16 23 42,17 25 36,0,1,0,0,0,0,0,0,0,0
296,295,1,1 4 8 12 16 18 38,1,4,12,12,12,1 6 26,4 9 29,7 12 17,N,13,5,21,19 26 45,20 28 39,22 29 33,1,0,0,0,0,0,0,0,0,0
297,296,2,3 8 15 27 30 44 45,8,15,30,13,13,8 13 18,15 35 40,5 10 30,N,14,5,24,1 35 42,2 9 28,3 11 22,0,1,1,0,0,0,0,0,0,0
298,297,3,6 11 19 20 28 32 34,19,20,32,14,14,9 14 19,20 30 40,7 32 42,N,15,5,27,4 38 45,5 12 16,6 14 25,0,1,0,1,1,0,0,0,0,0
299,298,4,5 9 19 27 29 37 40,27,29,40,15,15,1 8 27,22 29 33,6 32 40,N,16,5,30,7 33 41,8 15 19,10 36 44,0,0,1,1,0,0,0,0,0,0
300,299,5,1 3 20 24 25 36 45,25,36,1,16,16,6 14 25,10 36 44,1 35 42,N,17,5,33,13 32 39,17 24 43,18 26 37,0,0,1,0,1,0,0,0,0,0
301,300,6,7 9 10 12 26 38 39,38,39,9,17,17,19 27 38,5 31 39,1 9 20,N,18,5,36,20 27 31,21 29 40,23 30 34,0,0,0,0,0,0,0,0,0,0
302,301,7,7 11 13 26 33 37 43,43,7,13,18,18,26 30 43,7 34 40,13 41 45,N,19,5,39,1 9 20,2 36 43,3 10 29,1,0,0,0,0,1,0,0,0,0
303,302,1,4 13 19 20 32 38 42,4,13,20,19,19,4 19 34,7 13 25,5 20 35,N,20,5,42,4 12 23,5 31 39,6 13 17,0,0,1,0,0,0,0,0,0,0
304,303,2,2 14 17 30 38 43 45,14,17,38,20,20,11 14 20,17 21 34,8 23 38,N,21,5,45,7 15 26,8 34 42,11 37 45,1,0,0,0,0,0,0,0,0,0
305,304,3,4 10 16 26 33 38 41,16,26,38,21,21,4 13 16,11 26 41,17 29 38,N,22,5,48,14 33 40,16 24 35,18 25 44,0,0,1,0,0,0,0,0,0,0
306,305,4,7 8 9 18 21 23 39,18,21,39,22,22,18 24 36,3 9 21,6 33 39,N,1,5,51,19 27 38,21 28 32,22 30 41,0,0,2,1,0,0,0,0,1,0
307,306,5,4 18 19 23 30 34 41,30,34,4,1,1,28 30 44,10 31 34,1 4 25,N,2,5,54,1 16 31,2 17 32,3 18 33,0,0,0,0,0,1,0,0,0,0
308,307,6,5 12 15 21 23 25 45,25,45,12,2,2,22 25 31,17 28 45,9 12 18,N,3,5,57,4 10 22,5 8 29,6 12 24,0,0,0,0,2,0,0,0,0,1
309,308,7,14 15 17 19 37 40 45,45,14,17,3,4,21 24 45,10 14 27,1 3 17,N,5,5,60,7 34 40,9 36 42,11 15 28,0,1,1,0,0,1,0,0,0,0
310,309,1,1 2 5 11 18 22 36,1,2,11,5,7,1 32 45,2 15 16,9 11 25,N,8,5,63,13 41 45,14 35 38,19 25 37,1,0,1,1,0,0,0,0,0,0
311,310,2,1 5 16 19 28 34 41,5,16,28,8,8,5 33 37,16 27 44,24 28 41,N,9,5,66,20 23 44,21 27 39,26 30 43,0,1,0,0,1,2,0,0,0,1
312,311,3,4 10 12 24 27 28 32,12,24,28,9,9,12 34 35,1 2 24,28 29 36,N,10,5,69,1 33 44,2 38 41,3 14 16,0,1,1,1,1,0,0,0,0,0
313,312,4,2 3 5 6 12 20 25,6,12,25,10,10,5 6 28,11 12 19,2 3 25,N,11,5,72,4 19 34,5 20 35,6 21 36,1,1,0,0,0,0,0,0,0,0
314,313,5,2 9 17 34 35 43 45,35,43,2,11,12,25 30 35,8 33 43,2 37 42,N,13,5,75,7 13 25,8 11 17,9 15 27,0,1,1,0,0,0,0,0,0,0
315,314,6,2 15 17 19 34 38 41,38,41,15,13,14,13 33 38,1 36 41,5 15 25,N,15,5,78,10 37 43,12 39 45,18 29 31,1,1,0,2,1,0,0,0,0,1
316,315,7,1 13 23 33 35 43 45,45,1,23,15,19,12 39 45,1 33 44,23 26 32,N,20,5,81,22 28 40,23 26 32,24 30 42,0,0,0,1,0,0,0,0,0,0
317,316,1,10 11 21 27 31 39 43,10,11,27,20,22,10 38 42,11 32 35,23 27 40,N,1,5,84,1 10 28,2 6 19,3 12 30,1,0,1,1,1,0,0,0,0,0
318,317,2,3 8 10 11 22 36 39,8,10,22,1,3,4 8 21,10 12 26,1 13 22,N,4,5,87,4 32 36,5 41 44,7 22 37,0,0,0,0,0,0,0,0,0,0
319,318,3,2 17 19 20 21 34 45,19,20,34,4,4,19 22 43,20 26 38,13 34 37,N,5,5,90,8 23 38,9 24 39,11 14 20,1,0,0,1,0,0,0,0,0,0
320,319,4,5 8 22 28 33 37 42,28,33,42,5,5,25 28 34,16 20 33,6 42 45,N,6,5,93,13 31 40,15 33 42,16 25 43,0,0,2,1,1,1,0,0,1,0
321,320,5,3 16 19 23 25 41 45,25,41,3,6,6,23 25 39,12 41 43,3 32 34,N,7,5,96,17 21 34,18 27 45,26 29 35,2,1,0,1,1,1,0,0,1,0
322,321,6,12 18 20 21 25 34 42,34,42,18,7,10,26 27 34,4 41 42,17 18 40,N,11,5,99,1 34 43,2 14 23,3 36 45,1,0,0,0,0,1,0,0,0,0
323,322,7,9 18 20 29 32 38 43,43,9,20,11,13,3 38 43,9 34 44,20 25 45,N,14,5,102,4 13 16,5 9 22,6 15 18,0,0,1,0,0,0,0,0,0,0
324,323,1,3 10 14 15 32 36 42,3,10,15,14,15,3 37 44,2 10 21,15 34 41,N,16,5,105,7 35 39,8 32 44,10 25 40,0,0,1,0,2,0,0,0,0,1
325,324,2,2 4 17 21 25 33 36,4,17,25,16,17,4 12 23,6 13 17,18 25 44,N,18,5,108,11 26 41,12 27 42,17 29 38,0,0,1,0,1,1,0,0,0,0
326,325,3,7 17 20 32 33 44 45,20,32,44,18,2,4 6 20,15 32 43,11 38 44,N,3,5,111,19 28 31,20 24 37,21 30 33,0,0,1,0,0,0,0,0,0,0
327,326,4,16 23 25 33 36 39 40,33,36,40,3,3,9 33 45,19 23 36,11 40 42,N,4,5,114,1 7 19,2 5 26,3 9 21,0,0,0,0,0,0,0,0,0,0
328,327,5,6 12 13 17 24 32 44,24,32,6,4,13,4 14 24,12 32 37,6 31 41,N,14,5,117,4 31 37,6 33 39,8 12 25,0,1,0,0,0,1,0,0,0,0
329,328,6,1 6 9 16 17 24 28,24,28,6,14,14,24 29 34,3 8 28,6 11 16,N,15,5,120,10 38 42,11 32 35,13 28 43,1,1,0,0,0,0,0,0,0,0
330,329,7,4 9 17 19 30 35 42,42,4,17,15,15,16 23 42,4 11 30,17 25 36,N,16,5,123,14 29 44,15 30 45,16 22 34,0,0,1,1,1,1,0,0,0,0
331,330,1,3 4 16 17 19 20 23,3,4,17,16,16,3 11 22,4 38 45,17 24 43,N,17,5,126,17 20 41,18 24 36,23 27 40,0,0,0,0,1,0,0,0,0,0
332,331,2,4 9 14 26 31 39 44,9,14,31,17,18,9 36 42,14 35 38,1 16 31,N,19,5,129,1 4 25,2 8 20,3 6 27,0,0,0,2,0,1,0,0,0,1
333,332,3,3 16 17 34 36 42 45,17,34,42,19,19,8 11 17,4 19 34,24 30 42,Y,20,6,3,5 32 38,7 11 24,9 37 41,1,0,0,0,0,1,0,0,0,0
334,333,4,5 14 27 30 35 39 43,30,35,43,20,20,3 12 30,26 29 35,16 25 43,N,21,6,6,10 31 34,12 33 36,13 15 29,0,0,3,0,1,1,1,0,0,0
335,334,5,13 15 21 29 33 39 43,33,39,13,21,21,21 30 33,7 35 39,4 13 16,N,22,6,9,14 43 45,16 19 40,17 23 35,1,1,1,0,0,1,0,0,0,0
336,335,6,5 9 16 21 23 26 45,26,45,9,22,22,2 5 26,15 30 45,3 9 21,N,1,6,12,18 21 42,22 26 39,28 30 44,0,0,1,1,0,1,0,0,0,0
337,336,7,3 5 16 20 34 35 44,44,3,16,1,1,28 30 44,3 6 27,16 19 40,N,2,6,15,1 37 40,2 13 30,3 39 42,2,0,0,0,0,0,0,0,1,0
338,337,1,1 4 5 14 18 32 37,1,4,14,2,2,1 37 40,4 6 20,8 14 26,N,3,6,18,4 6 20,5 34 36,7 10 16,0,1,0,0,0,0,0,0,0,0
339,338,2,2 13 16 34 38 42 45,13,16,38,3,3,1 13 22,16 28 37,6 34 38,N,4,6,21,8 14 26,9 12 18,11 38 44,2,0,0,0,1,1,0,0,1,0
340,339,3,6 8 14 21 30 37 45,14,21,37,4,4,10 14 27,21 24 45,13 34 37,N,5,6,24,15 32 43,17 28 45,19 21 35,0,0,0,0,1,1,0,0,0,0
341,340,4,18 24 26 29 32 34 38,29,32,38,5,5,2 11 29,14 32 41,22 24 38,N,6,6,27,22 25 31,23 29 41,24 27 33,0,0,0,0,0,0,0,0,0,0
342,341,5,1 8 19 34 39 41 43,39,41,1,6,6,23 25 39,12 41 43,1 14 30,N,7,6,30,1 13 22,2 35 44,3 15 24,2,0,0,0,1,2,0,0,1,1
343,342,6,1 13 14 25 33 34 43,34,43,13,7,7,18 20 34,27 29 43,13 42 44,N,8,6,33,4 8 21,5 14 17,6 34 38,0,1,0,0,2,0,0,0,0,1
344,343,7,1 10 15 17 29 31 43,43,1,15,8,8,11 39 43,1 12 29,4 15 17,N,9,6,36,7 31 43,9 33 45,10 12 26,0,1,0,0,1,1,0,0,0,0
345,344,1,1 2 15 28 34 38 45,1,2,28,9,10,1 38 39,2 3 25,5 6 28,N,11,6,39,11 40 42,16 28 37,18 30 39,1,0,1,1,0,0,0,0,0,0
346,345,2,2 15 20 23 29 39 42,15,20,29,11,11,1 15 23,12 13 20,6 7 29,N,12,6,42,19 23 36,20 29 32,25 27 41,0,0,0,0,1,0,0,0,0,0
347,346,3,5 13 14 22 33 44 45,14,22,44,12,12,14 34 39,22 27 32,19 24 44,N,13,6,45,1 3 17,2 31 33,4 7 28,1,0,0,0,2,0,0,0,0,1
348,347,4,3 8 10 13 27 32 42,13,27,42,13,13,8 13 18,2 7 27,17 22 42,N,14,6,48,5 11 23,6 9 30,8 35 41,0,0,0,0,0,1,0,0,0,0
349,348,5,3 14 17 20 24 31 34,24,31,3,14,14,24 29 34,21 26 31,3 8 28,N,15,6,51,10 14 27,12 40 44,13 34 37,1,0,1,1,0,0,0,0,0,0
350,349,6,5 13 14 20 24 25 36,25,36,13,15,16,6 14 25,10 36 44,13 32 39,N,17,6,54,15 36 39,16 18 32,19 22 43,0,1,0,0,0,0,0,0,0,0
351,350,7,1 8 18 24 29 33 35,35,1,18,17,17,16 24 35,1 9 20,18 25 44,N,18,6,57,20 26 38,21 24 45,25 29 42,0,0,2,0,0,1,0,0,1,0
352,351,1,5 25 27 29 33 34 36,5,25,29,18,19,5 20 35,7 13 25,18 29 31,N,20,6,60,1 5 18,2 11 29,3 31 35,1,0,0,2,0,0,0,0,0,1
353,352,2,5 16 17 20 24 26 41,16,17,24,20,22,16 22 34,17 20 41,18 24 36,N,1,6,63,4 40 43,6 42 45,7 9 23,0,0,0,2,0,1,0,0,0,1
354,353,3,11 16 19 22 26 29 36,19,22,29,1,2,19 21 35,22 25 31,23 29 41,N,3,6,66,8 37 39,10 13 19,12 15 21,0,1,0,1,0,0,0,0,0,0
355,354,4,1 14 19 36 43 44 45,36,43,45,3,3,19 23 36,7 31 43,9 33 45,N,4,6,69,14 32 41,16 20 33,17 26 44,0,0,1,0,0,0,0,0,0,0
356,355,5,5 8 29 30 35 38 44,35,38,5,4,4,8 35 41,20 26 38,5 11 23,N,5,6,72,22 24 38,25 28 34,27 30 36,0,1,0,1,0,0,0,0,0,0
357,356,6,2 8 14 24 25 29 45,29,45,8,5,9,28 29 36,22 23 45,7 8 30,N,10,6,75,1 14 30,2 4 18,3 32 34,1,1,0,1,0,0,0,0,0,0
358,357,7,5 10 14 18 21 36 37,37,5,14,10,13,12 32 37,5 10 30,4 14 24,N,14,6,78,5 7 21,6 35 37,8 10 24,1,0,1,1,1,0,0,0,0,0
359,358,1,1 9 10 12 21 37 40,1,9,12,14,14,1 36 41,9 14 19,2 12 22,N,15,6,81,9 38 40,11 13 27,12 41 43,1,0,0,1,1,0,0,0,0,0
360,359,2,1 10 19 20 23 24 40,10,19,23,15,15,2 10 21,19 26 45,16 23 42,N,16,6,84,15 31 44,16 29 45,17 19 33,0,1,0,0,0,2,0,0,0,1
361,360,3,4 16 23 25 27 35 40,23,25,35,16,18,20 23 44,19 25 37,14 35 38,N,19,6,87,20 22 36,23 25 39,26 28 42,0,0,0,0,0,1,0,0,0,0
362,361,4,5 10 16 24 27 33 35,24,27,35,19,3,3 15 24,25 27 41,2 35 44,N,4,6,90,1 32 45,2 15 16,3 5 19,0,1,1,1,1,1,0,0,0,0
363,362,5,2 3 22 27 29 30 40,29,30,2,4,4,25 29 42,6 9 30,2 31 33,N,5,6,93,4 33 35,6 8 22,7 36 38,0,0,1,0,0,0,0,0,0,0
364,363,6,6 11 12 14 21 32 38,32,38,11,5,6,3 32 34,9 38 40,11 13 27,N,7,6,96,9 11 25,10 39 41,12 14 28,0,0,1,0,1,0,0,0,0,0
365,364,7,2 4 5 7 14 16 40,40,2,5,7,7,24 26 40,2 15 16,3 5 19,N,8,6,99,13 42 44,17 30 31,18 20 34,0,1,0,1,1,1,0,0,0,0
366,365,1,5 15 21 25 26 30 31,5,15,25,8,9,4 5 27,15 37 38,25 26 33,N,10,6,102,21 23 37,24 26 40,27 29 43,0,1,1,2,0,1,0,0,0,1
367,366,2,5 12 19 26 27 38 44,12,19,27,10,16,5 12 16,8 15 19,20 27 31,N,17,6,105,1 12 29,2 34 45,3 7 20,1,0,1,0,0,0,0,0,0,0
368,367,3,3 19 22 25 29 32 44,22,25,32,17,21,5 9 22,10 25 40,8 32 44,N,22,6,108,4 15 17,5 33 37,6 10 23,0,0,0,0,0,0,0,0,0,0
369,368,4,11 21 24 26 30 39 45,26,30,45,22,5,17 26 44,27 30 36,6 42 45,N,6,6,111,8 36 40,9 13 26,11 39 43,1,0,1,1,1,0,0,0,0,0
370,369,5,17 20 21 35 36 41 43,36,41,17,6,7,7 36 38,10 39 41,17 30 31,N,8,6,114,14 31 42,16 27 44,18 22 35,1,2,1,0,0,0,0,0,1,0
371,370,6,16 17 18 24 42 44 45,44,45,17,8,11,21 22 44,8 31 45,9 10 17,N,12,6,117,19 30 32,21 25 38,24 28 41,0,0,0,0,0,1,0,0,0,0
372,371,7,7 9 15 18 26 27 42,42,7,15,12,12,2 37 42,7 12 17,10 15 20,N,13,6,120,1 2 24,3 40 41,4 5 27,0,0,0,0,0,0,0,0,0,0
373,372,1,8 11 13 14 16 18 21,8,11,14,13,15,1 8 27,4 11 30,7 14 18,N,16,6,123,6 43 44,7 8 30,9 31 32,1,0,0,0,0,0,0,0,0,0
374,373,2,9 15 26 37 42 43 45,15,26,42,16,18,11 15 28,26 30 43,9 36 42,N,19,6,126,10 11 18,12 34 35,13 14 21,1,1,1,2,0,0,0,0,0,1
375,374,3,11 13 15 17 25 26 34,15,17,26,19,21,6 15 18,17 29 38,11 26 41,N,22,6,129,15 37 38,16 17 39,19 20 42,0,0,1,0,0,0,0,0,0,0
376,375,4,4 7 8 19 25 27 45,19,25,45,22,8,19 30 32,21 25 38,2 34 45,N,9,6,132,22 23 45,25 26 33,28 29 36,0,0,1,0,0,0,0,0,0,0
377,376,5,1 7 11 13 24 28 40,24,28,1,9,16,17 24 43,2 9 28,1 35 42,N,17,6,135,1 38 39,2 3 25,4 41 42,0,0,0,1,0,0,0,0,0,0
378,377,6,6 22 23 29 37 43 45,43,45,22,17,17,2 36 43,11 37 45,22 30 41,N,18,6,138,5 6 28,7 44 45,8 9 16,1,0,0,0,0,1,0,0,0,0
379,378,7,5 22 29 31 34 39 43,43,5,29,18,1,14 43 45,5 32 38,13 15 29,N,2,6,141,10 32 33,11 12 19,13 35 36,1,0,1,0,0,0,0,0,0,0
380,379,1,6 10 19 22 31 35 40,6,10,22,2,6,6 35 37,8 10 24,20 22 36,N,7,6,144,14 15 22,17 18 40,20 21 43,0,1,0,1,1,0,0,0,0,0
381,380,2,1 2 8 17 26 27 37,2,8,26,7,7,2 15 16,6 8 22,24 26 40,Y,8,7,3,23 24 31,26 27 34,29 30 37,0,0,0,1,0,0,0,0,0,0
382,381,3,1 5 10 11 12 16 20,10,11,16,8,8,6 10 23,11 39 43,16 27 44,N,9,7,6,1 15 23,2 39 40,3 4 26,1,0,0,1,0,1,0,0,0,0
383,382,4,10 15 19 22 24 27 42,22,24,42,9,9,22 23 45,1 2 24,19 20 42,N,10,7,9,5 42 43,6 7 29,8 31 45,0,0,0,0,0,0,0,0,0,0
384,383,5,4 15 25 28 33 37 40,33,37,4,10,10,10 32 33,29 30 37,4 41 42,N,11,7,12,9 10 17,11 33 34,12 13 20,0,1,0,1,0,0,0,0,0,0
385,384,6,7 11 22 24 32 36 38,36,38,11,11,11,14 36 37,16 30 38,11 33 34,N,12,7,15,14 36 37,16 30 38,18 19 41,0,0,1,0,0,0,0,0,0,0
386,385,7,7 9 12 19 21 29 32,32,7,12,12,15,6 32 40,7 14 18,12 31 38,N,16,7,18,21 22 44,24 25 32,27 28 35,0,0,0,1,1,1,0,0,0,0
387,386,1,4 7 10 19 26 31 40,4,7,19,16,16,4 38 45,7 33 41,8 15 19,N,17,7,21,1 6 26,2 37 42,3 13 23,2,0,0,0,0,0,0,0,1,0
388,387,2,1 20 26 31 34 40 43,20,26,34,17,17,1 9 20,7 15 26,8 34 42,N,18,7,24,4 9 29,5 40 45,7 12 17,2,0,1,2,0,1,0,0,1,1
389,388,3,1 8 9 17 29 32 45,9,17,32,18,19,9 15 27,8 11 17,23 26 32,N,20,7,27,8 33 43,10 15 20,11 31 36,0,1,0,0,0,2,0,0,0,1
390,389,4,3 7 16 18 20 23 26,18,20,26,20,20,18 27 45,11 14 20,26 29 35,N,21,7,30,14 34 39,16 21 41,18 28 38,1,1,1,0,0,0,0,0,0,0
391,390,5,15 16 17 28 37 39 40,37,39,15,21,21,20 24 37,7 35 39,6 15 18,N,22,7,33,19 24 44,22 27 32,25 30 35,0,1,0,0,1,1,0,0,0,0
392,391,6,10 11 18 22 28 30 39,30,39,11,22,22,15 30 45,6 33 39,11 32 35,N,1,7,36,1 11 21,2 7 27,3 38 43,1,1,1,0,0,0,0,0,0,0
393,392,7,1 3 7 8 24 42 43,43,1,7,1,1,14 43 45,1 4 25,7 11 24,N,2,7,39,4 14 24,5 10 30,6 31 41,0,0,1,1,0,0,0,0,0,0
394,393,1,9 16 21 28 40 41 43,9,16,28,2,2,9 12 18,7 10 16,17 28 45,N,3,7,42,8 13 18,9 34 44,12 32 37,1,0,0,0,0,1,0,0,0,0
395,394,2,1 13 15 20 22 25 28,13,15,22,3,4,13 34 37,15 36 39,19 22 43,N,5,7,45,15 35 40,16 26 36,17 22 42,2,1,0,0,1,0,0,0,1,0
396,395,3,7 11 15 20 26 31 35,15,20,31,5,5,12 15 21,16 20 33,3 31 35,N,6,7,48,19 29 39,20 25 45,23 28 33,0,2,0,0,1,1,0,0,1,0
397,396,4,18 20 30 31 34 40 45,31,34,45,6,6,15 31 44,3 32 34,16 29 45,N,7,7,51,1 36 41,2 12 22,3 8 28,0,2,0,0,0,0,0,0,1,0
398,397,5,8 12 13 17 22 25 33,22,25,8,7,8,18 22 35,21 25 38,8 36 40,N,9,7,54,4 39 44,5 15 25,6 11 16,1,1,0,0,0,0,0,0,0,0
399,398,6,7 10 15 20 23 42 44,42,44,10,9,11,5 42 43,21 22 44,9 10 17,N,12,7,57,7 32 42,9 14 19,10 35 45,1,2,0,1,0,2,0,0,1,1
400,399,7,1 2 9 17 19 20 42,42,1,9,12,12,2 37 42,1 6 26,4 9 29,N,13,7,60,13 33 38,17 27 37,18 23 43,0,1,1,0,0,1,0,0,0,0
401,400,1,2 9 21 27 34 41 43,2,9,27,13,14,2 12 22,9 14 19,17 27 37,N,15,7,63,20 30 40,21 26 31,24 29 34,0,1,0,1,0,0,0,0,0,0
402,401,2,6 9 12 18 31 38 43,9,12,31,15,16,2 9 28,5 12 16,20 27 31,N,17,7,66,1 8 27,2 10 21,3 37 44,0,0,0,1,1,0,0,0,0,0
403,402,3,5 9 15 19 22 32 36,15,19,32,17,18,11 15 28,19 25 37,2 17 32,N,19,7,69,4 11 30,5 13 24,6 32 40,0,1,0,1,1,0,0,0,0,0
404,403,4,10 14 22 24 26 28 37,24,26,37,19,22,18 24 36,2 5 26,4 31 37,N,1,7,72,7 14 18,9 35 43,12 31 38,0,0,0,1,1,0,0,0,0,0
405,404,5,5 20 21 24 33 36 40,33,36,5,1,3,9 33 45,19 23 36,5 14 17,N,4,7,75,15 34 41,16 23 42,17 25 36,0,0,1,0,0,0,0,0,0,0
406,405,6,1 2 4 10 25 26 44,26,44,2,4,4,20 26 38,12 40 44,2 31 33,N,5,7,78,19 26 45,20 28 39,22 29 33,0,0,0,0,1,0,0,0,0,0
407,406,7,7 12 21 24 27 36 45,45,7,21,5,7,1 32 45,7 36 38,21 23 37,N,8,7,81,1 35 42,2 9 28,3 11 22,0,0,0,0,1,0,0,0,0,0
408,407,1,1 6 7 13 16 24 25,1,6,13,8,10,1 38 39,5 6 28,13 35 36,N,11,7,84,4 38 45,5 12 16,6 14 25,0,0,0,0,0,0,0,0,0,0
409,408,2,9 16 20 21 22 30 37,16,20,22,11,12,16 21 41,10 15 20,22 27 32,N,13,7,87,7 33 41,8 15 19,10 36 44,0,0,0,1,0,1,0,0,0,0
410,409,3,6 9 21 31 32 38 40,21,31,38,13,13,1 11 21,6 31 41,3 38 43,N,14,7,90,13 32 39,17 24 43,18 26 37,1,0,1,1,1,1,0,0,0,0
411,410,4,1 3 16 18 32 40 41,18,32,41,14,14,18 23 43,7 32 42,1 36 41,N,15,7,93,20 27 31,21 29 40,23 30 34,0,0,0,0,0,0,0,0,0,0
412,411,5,5 11 14 22 35 37 39,35,37,5,15,15,9 35 43,3 37 44,5 13 24,N,16,7,96,1 9 20,2 36 43,3 10 29,0,0,0,0,0,0,0,0,0,0
413,412,6,4 7 39 40 41 42 45,42,45,7,16,18,9 36 42,13 41 45,7 34 40,N,19,7,99,4 12 23,5 31 39,6 13 17,1,0,0,1,0,2,0,0,0,1
414,413,7,2 3 9 15 23 34 40,40,2,9,19,20,13 31 40,2 6 19,9 24 39,N,21,7,102,7 15 26,8 34 42,11 37 45,1,0,0,0,1,0,0,0,0,0
415,414,1,2 14 15 22 23 43 44,2,14,22,21,2,2 13 30,8 14 26,22 25 31,N,3,7,105,14 33 40,16 24 35,18 25 44,1,0,0,1,1,0,0,0,0,0
416,415,2,7 17 20 24 26 30 40,17,20,26,3,6,17 19 33,20 22 36,26 28 42,N,7,7,108,19 27 38,21 28 32,22 30 41,0,0,1,0,1,1,0,0,0,0
417,416,3,5 6 8 11 22 26 44,8,11,26,7,9,7 8 30,10 11 18,25 26 33,N,10,7,111,1 16 31,2 17 32,3 18 33,0,0,0,0,0,0,0,0,0,0
418,417,4,4 5 14 20 22 43 44,20,22,44,10,10,20 21 43,14 15 22,7 44 45,N,11,7,114,4 10 22,5 8 29,6 12 24,0,0,0,0,1,0,0,0,0,0
419,418,5,11 13 15 26 28 31 34,28,31,11,11,14,3 8 28,21 26 31,6 11 16,N,15,7,117,7 34 40,9 36 42,11 15 28,0,0,2,1,0,1,0,0,1,0
420,419,6,2 7 11 13 14 28 30,28,30,7,15,19,22 28 40,24 30 42,7 13 25,N,20,7,120,13 41 45,14 35 38,19 25 37,0,0,0,0,0,0,0,0,0,0
421,420,7,4 9 10 27 29 31 34,34,4,10,20,20,17 21 34,4 32 36,1 10 28,N,21,7,123,20 23 44,21 27 39,26 30 43,1,1,1,0,0,1,0,0,0,0
422,421,1,6 11 26 27 28 30 44,6,11,27,21,2,4 6 20,11 38 44,24 27 33,N,3,7,126,1 33 44,2 38 41,3 14 16,1,0,0,0,1,0,0,0,0,0
423,422,2,8 12 15 19 21 34 44,12,15,21,3,3,10 12 26,3 15 24,4 8 21,N,4,7,129,4 19 34,5 20 35,6 21 36,0,0,0,0,0,0,0,0,0,0
424,423,3,1 5 17 27 28 29 40,17,27,29,4,4,1 3 17,10 14 27,25 29 42,N,5,7,132,7 13 25,8 11 17,9 15 27,0,1,0,0,1,0,0,0,0,0
425,424,4,10 11 26 30 31 34 44,30,31,44,5,12,25 30 35,11 31 36,19 24 44,N,13,7,135,10 37 43,12 39 45,18 29 31,1,0,0,0,0,0,0,0,0,0
426,425,5,3 8 10 14 27 33 38,27,33,3,13,17,19 27 38,14 33 40,3 10 29,N,18,7,138,22 28 40,23 26 32,24 30 42,0,0,0,1,0,0,0,0,0,0
427,426,6,4 17 18 19 27 39 43,39,43,17,18,5,8 37 39,4 40 43,17 26 44,N,6,7,141,1 10 28,2 6 19,3 12 30,1,1,1,0,0,0,0,0,0,0
428,427,7,6 7 15 21 24 28 30,30,6,15,6,1,28 30 44,3 6 27,13 15 29,N,2,7,144,4 32 36,5 41 44,7 22 37,0,0,2,0,0,0,0,0,1,0
429,428,1,8 12 16 19 22 37 40,8,12,19,2,11,8 31 45,12 13 20,18 19 41,N,12,7,147,8 23 38,9 24 39,11 14 20,1,1,0,0,0,0,0,0,0,0
430,429,2,3 16 23 28 34 39 42,16,23,34,12,13,16 26 36,23 28 33,9 34 44,N,14,7,150,13 31 40,15 33 42,16 25 43,0,0,1,1,0,1,0,0,0,0
431,430,3,1 3 16 18 30 34 44,16,18,34,14,19,3 14 16,18 29 31,4 19 34,N,20,7,153,17 21 34,18 27 45,26 29 35,0,2,0,0,2,0,0,0,1,1
432,431,4,6 18 22 25 31 38 45,25,31,45,20,21,10 25 40,19 28 31,3 36 45,N,22,7,156,1 34 43,2 14 23,3 36 45,0,1,1,0,0,1,0,0,0,0
433,432,5,2 3 5 11 27 33 39,27,33,2,22,15,1 8 27,22 29 33,2 10 21,N,16,7,159,4 13 16,5 9 22,6 15 18,0,0,0,0,2,0,0,0,0,1
434,433,6,19 23 27 29 33 35 43,35,43,23,16,16,1 35 42,17 24 43,23 30 34,N,17,7,162,7 35 39,8 32 44,10 25 40,0,0,0,0,1,0,0,0,0,0
435,434,7,3 13 20 24 33 35 37,37,3,20,17,17,11 37 45,3 10 29,1 9 20,Y,18,8,3,11 26 41,12 27 42,17 29 38,1,0,1,1,0,0,0,0,0,0
436,435,1,8 16 26 30 38 42 45,8,16,30,18,18,5 8 29,1 16 31,26 30 43,N,19,8,6,19 28 31,20 24 37,21 30 33,0,1,1,0,0,0,0,0,0,0
437,436,2,9 14 20 22 28 33 34,14,20,28,19,19,3 14 16,5 20 35,22 28 40,N,20,8,9,1 7 19,2 5 26,3 9 21,0,0,0,1,0,0,0,0,0,0
438,437,3,11 16 21 29 38 41 44,21,29,41,20,20,17 21 34,26 29 35,5 41 44,N,21,8,12,4 31 37,6 33 39,8 12 25,0,1,1,0,2,0,0,0,0,1
439,438,4,6 12 20 26 29 38 45,26,29,45,21,21,11 26 41,17 29 38,3 36 45,N,22,8,15,10 38 42,11 32 35,13 28 43,0,0,0,0,1,0,0,0,0,0
440,439,5,17 20 25 30 31 37 40,31,37,17,22,1,10 31 34,9 37 41,17 23 35,N,2,8,18,14 29 44,15 30 45,16 22 34,1,0,2,2,0,0,0,0,1,1
441,440,6,2 10 22 28 34 36 44,36,44,10,2,2,5 34 36,11 38 44,7 10 16,N,3,8,21,17 20 41,18 24 36,23 27 40,0,0,1,1,0,0,0,0,0,0
442,441,7,1 9 23 28 30 34 35,35,1,23,3,3,2 35 44,1 13 22,19 23 36,N,4,8,24,1 4 25,2 8 20,3 6 27,1,0,1,0,0,1,0,0,0,0
443,442,1,25 27 29 36 38 40 41,25,27,36,4,4,25 29 42,10 14 27,15 36 39,N,5,8,27,5 32 38,7 11 24,9 37 41,0,0,0,0,1,0,0,0,0,0
444,443,2,4 6 10 14 19 20 44,6,10,19,5,6,6 35 37,8 10 24,17 19 33,N,7,8,30,10 31 34,12 33 36,13 15 29,0,0,1,1,0,0,0,0,0,0
445,444,3,11 13 17 23 35 43 45,17,23,43,7,7,17 30 31,21 23 37,27 29 43,N,8,8,33,14 43 45,16 19 40,17 23 35,1,0,0,1,1,0,0,0,0,0
446,445,4,13 20 21 30 32 39 45,30,32,45,8,9,7 8 30,9 31 32,22 23 45,N,10,8,36,18 21 42,22 26 39,28 30 44,0,1,0,0,0,0,0,0,0,0
447,446,5,1 6 11 12 14 26 35,14,26,1,10,10,14 15 22,26 27 34,1 38 39,N,11,8,39,1 37 40,2 13 30,3 39 42,0,1,0,0,0,0,0,0,0,0
448,447,6,2 7 8 9 17 33 34,33,34,7,11,12,8 33 43,14 34 39,7 12 17,N,13,8,42,4 6 20,5 34 36,7 10 16,0,0,1,0,0,1,0,0,0,0
449,448,7,3 7 13 27 36 40 41,41,3,13,13,13,6 31 41,3 38 43,8 13 18,N,14,8,45,8 14 26,9 12 18,11 38 44,1,0,0,0,2,0,0,0,0,1
450,449,1,3 10 20 26 35 36 43,3,10,26,14,14,3 8 28,10 35 45,21 26 31,N,15,8,48,15 32 43,17 28 45,19 21 35,0,0,2,0,0,2,0,0,1,1
451,450,2,6 13 14 19 21 23 31,13,14,21,15,15,5 13 24,7 14 18,2 10 21,N,16,8,51,22 25 31,23 29 41,24 27 33,0,0,1,1,0,0,0,0,0,0
452,451,3,12 15 20 24 29 30 38,20,24,30,16,16,20 27 31,17 24 43,23 30 34,N,17,8,54,1 13 22,2 35 44,3 15 24,0,0,0,0,0,2,0,0,0,1
453,452,4,8 10 18 27 30 32 34,27,30,34,17,17,19 27 38,22 30 41,8 34 42,N,18,8,57,4 8 21,5 14 17,6 34 38,0,0,1,1,0,1,0,0,0,0
454,453,5,12 24 30 33 38 40 42,38,40,12,18,18,14 35 38,7 34 40,6 12 24,N,19,8,60,7 31 43,9 33 45,10 12 26,0,0,0,1,1,0,0,0,0,0
455,454,6,10 13 25 27 34 38 41,38,41,13,19,22,10 38 42,17 20 41,13 28 43,N,1,8,63,11 40 42,16 28 37,18 30 39,0,0,1,0,1,0,0,0,0,0
456,455,7,4 19 20 24 26 30 35,35,4,20,1,4,8 35 41,4 7 28,20 26 38,N,5,8,66,19 23 36,20 29 32,25 27 41,1,0,1,0,1,0,0,0,0,0
457,456,1,1 7 12 18 23 27 44,1,7,18,5,6,1 14 30,5 7 21,2 4 18,N,7,8,69,1 3 17,2 31 33,4 7 28,0,0,0,0,0,1,0,0,0,0
458,457,2,8 10 18 23 27 33 40,10,18,27,7,8,6 10 23,18 22 35,16 27 44,N,9,8,72,5 11 23,6 9 30,8 35 41,0,1,0,1,0,0,0,0,0,0
459,458,3,4 9 10 18 32 36 40,10,18,36,9,10,10 32 33,17 18 40,13 35 36,N,11,8,75,10 14 27,12 40 44,13 34 37,2,1,0,1,1,0,0,0,1,0
460,459,4,4 6 10 12 14 25 40,12,14,40,11,11,12 13 20,14 36 37,2 39 40,N,12,8,78,15 36 39,16 18 32,19 22 43,0,0,1,0,0,0,0,0,0,0
461,460,5,8 11 28 30 41 43 45,41,43,8,12,15,15 34 41,9 35 43,1 8 27,N,16,8,81,20 26 38,21 24 45,25 29 42,1,0,0,0,0,0,0,0,0,0
462,461,6,11 18 26 31 37 40 43,40,43,18,16,17,14 33 40,2 36 43,18 25 44,N,18,8,84,1 5 18,2 11 29,3 31 35,0,0,1,0,0,0,0,0,0,0
463,462,7,3 4 20 24 32 37 45,45,3,20,18,18,13 41 45,3 18 33,20 23 44,N,19,8,87,4 40 43,6 42 45,7 9 23,0,0,1,0,1,2,0,0,0,1
464,463,1,23 29 31 33 34 40 44,23,29,33,19,19,23 26 32,18 29 31,1 33 44,N,20,8,90,8 37 39,10 13 19,12 15 21,0,0,2,0,0,1,0,0,1,0
465,464,2,4 6 12 15 34 42 44,6,12,34,20,21,6 15 18,12 27 42,1 34 43,N,22,8,93,14 32 41,16 20 33,17 26 44,0,0,0,0,0,1,0,0,0,0
466,465,3,1 8 11 13 22 31 38,11,13,31,22,4,5 11 23,13 34 37,2 31 33,N,5,8,96,22 24 38,25 28 34,27 30 36,0,0,0,1,1,0,0,0,0,0
467,466,4,4 10 13 20 23 32 44,20,23,44,5,5,16 20 33,7 9 23,17 26 44,N,6,8,99,1 14 30,2 4 18,3 32 34,1,1,0,0,0,1,0,0,0,0
468,467,5,2 12 14 17 24 39 40,24,39,2,6,7,24 26 40,10 39 41,2 15 16,N,8,8,102,5 7 21,6 35 37,8 10 24,0,1,1,0,0,1,0,0,0,0
469,468,6,8 13 15 17 28 37 43,37,43,13,8,8,5 33 37,11 39 43,9 13 26,N,9,8,105,9 38 40,11 13 27,12 41 43,1,0,0,1,0,0,0,0,0,0
470,469,7,4 21 22 33 34 37 38,38,4,22,9,11,16 30 38,3 4 26,21 22 44,N,12,8,108,15 31 44,16 29 45,17 19 33,0,1,0,1,0,0,0,0,0,0
471,470,1,10 16 20 27 39 41 42,10,16,27,12,12,10 15 20,16 21 41,22 27 32,N,13,8,111,20 22 36,23 25 39,26 28 42,0,1,0,0,1,0,0,0,0,0
472,471,2,6 13 29 37 39 41 43,13,29,39,13,14,13 33 38,24 29 34,4 39 44,N,15,8,114,1 32 45,2 15 16,3 5 19,0,1,0,0,0,0,0,0,0,0
473,472,3,16 25 26 31 36 43 44,26,31,43,15,2,8 14 26,22 25 31,15 32 43,N,3,8,117,4 33 35,6 8 22,7 36 38,0,2,1,1,1,0,0,0,1,0
474,473,4,8 13 20 22 23 34 36,22,23,36,3,13,17 22 42,23 28 33,16 26 36,N,14,8,120,9 11 25,10 39 41,12 14 28,0,0,0,0,1,0,0,0,0,0
475,474,5,4 13 18 31 33 43 45,33,43,4,14,20,15 33 42,16 25 43,4 32 36,N,21,8,123,13 42 44,17 30 31,18 20 34,0,0,0,0,1,0,0,0,0,0
476,475,6,1 3 9 14 16 21 29,21,29,3,21,1,18 21 42,13 15 29,3 6 27,N,2,8,126,21 23 37,24 26 40,27 29 43,1,0,0,0,2,0,0,0,0,1
477,476,7,9 12 13 15 27 37 38,38,9,13,2,7,7 36 38,9 11 25,13 42 44,N,8,8,129,1 12 29,2 34 45,3 7 20,1,1,0,0,1,0,0,0,0,0
478,477,1,14 25 29 32 33 37 45,14,25,32,8,8,14 31 42,21 25 38,19 30 32,N,9,8,132,4 15 17,5 33 37,6 10 23,0,1,0,0,0,1,0,0,0,0
479,478,2,8 18 29 30 37 39 43,18,29,37,9,9,10 11 18,28 29 36,15 37 38,N,10,8,135,8 36 40,9 13 26,11 39 43,1,0,0,0,0,0,0,0,0,0
480,479,3,8 23 24 25 27 35 44,24,25,35,10,13,4 14 24,20 25 45,15 35 40,N,14,8,138,14 31 42,16 27 44,18 22 35,1,0,0,0,0,0,0,0,0,0
481,480,4,3 5 10 16 17 30 31,16,17,31,14,15,16 23 42,17 25 36,12 31 38,N,16,8,141,19 30 32,21 25 38,24 28 41,0,0,1,1,0,0,0,0,0,0
482,481,5,3 4 20 23 29 40 41,29,40,3,16,22,14 29 44,23 27 40,3 9 21,N,1,8,144,1 2 24,3 40 41,4 5 27,2,0,0,0,0,0,0,0,1,0
483,482,6,1 10 16 24 25 35 43,35,43,10,1,5,3 31 35,4 40 43,10 13 19,N,6,8,147,6 43 44,7 8 30,9 31 32,0,0,0,0,0,1,0,0,0,0
484,483,7,5 12 15 19 22 28 34,34,5,15,6,11,11 33 34,5 42 43,1 15 23,N,12,8,150,10 11 18,12 34 35,13 14 21,0,0,0,0,0,1,0,0,0,0
485,484,1,1 3 11 27 28 32 45,1,3,27,12,20,1 10 28,3 12 30,18 27 45,N,21,8,153,15 37 38,16 17 39,19 20 42,0,2,0,0,0,1,0,0,1,0
486,485,2,17 20 22 26 27 36 39,20,22,27,21,14,20 30 40,2 12 22,17 27 37,N,15,8,156,22 23 45,25 26 33,28 29 36,1,1,0,1,1,0,0,0,0,0
487,486,3,1 2 23 25 38 40 43,23,25,40,15,12,3 13 23,25 30 35,5 40 45,N,13,8,159,1 38 39,2 3 25,4 41 42,0,1,2,0,1,0,0,0,1,0
488,487,4,4 8 21 25 27 37 41,25,27,41,13,19,7 13 25,9 15 27,2 38 41,N,20,8,162,5 6 28,7 44 45,8 9 16,0,0,1,0,0,2,0,0,0,1
489,488,5,2 8 17 25 30 31 38,30,31,2,20,21,21 30 33,19 28 31,2 14 23,N,22,8,165,10 32 33,11 12 19,13 35 36,0,0,0,0,0,1,0,0,0,0
490,489,6,2 4 8 11 15 20 27,20,27,4,22,3,20 29 32,25 27 41,4 8 21,N,4,8,168,14 15 22,17 18 40,20 21 43,0,1,1,1,0,0,0,0,0,0
491,490,7,2 7 26 29 40 42 43,43,2,26,4,9,6 43 44,1 2 24,25 26 33,N,10,8,171,23 24 31,26 27 34,29 30 37,0,0,0,0,0,0,0,0,0,0
492,491,1,4 8 17 35 36 39 42,4,8,35,10,16,4 38 45,8 15 19,1 35 42,N,17,8,174,1 15 23,2 39 40,3 4 26,0,1,0,0,0,1,0,0,0,0
493,492,2,22 27 31 35 37 40 42,27,31,37,17,17,19 27 38,5 31 39,11 37 45,Y,18,9,3,5 42 43,6 7 29,8 31 45,0,0,0,0,0,1,0,0,0,0
494,493,3,20 22 25 26 33 36 37,25,26,36,18,18,19 25 37,26 30 43,9 36 42,N,19,9,6,9 10 17,11 33 34,12 13 20,0,0,0,0,2,0,0,0,0,1
495,494,4,5 7 8 15 22 30 43,15,22,43,19,19,9 15 27,22 28 40,10 37 43,N,20,9,9,14 36 37,16 30 38,18 19 41,0,0,0,1,1,0,0,0,0,0
496,495,5,4 6 13 22 27 34 44,27,34,4,20,20,18 27 45,17 21 34,4 32 36,N,21,9,12,21 22 44,24 25 32,27 28 35,0,0,0,0,0,2,0,0,0,1
497,496,6,4 13 20 29 36 39 41,39,41,13,21,21,7 35 39,11 26 41,4 13 16,N,22,9,15,1 6 26,2 37 42,3 13 23,0,0,1,0,0,0,0,0,0,0
498,497,7,13 19 20 23 24 43 44,44,13,20,22,22,14 29 44,13 28 43,17 20 41,N,1,9,18,4 9 29,5 40 45,7 12 17,0,0,0,1,1,1,0,0,0,0
499,498,1,3 13 14 24 32 39 41,3,13,24,1,1,3 6 27,13 15 29,7 11 24,N,2,9,21,8 33 43,10 15 20,11 31 36,0,1,0,1,0,0,0,0,0,0
500,499,2,5 20 23 27 35 40 43,20,23,35,2,2,4 6 20,23 29 41,19 21 35,N,3,9,24,14 34 39,16 21 41,18 28 38,1,0,0,2,0,0,0,0,0,1
501,500,3,3 4 12 20 24 34 41,12,20,34,3,3,10 12 26,20 29 32,6 34 38,N,4,9,27,19 24 44,22 27 32,25 30 35,0,0,0,1,0,0,0,0,0,0
502,501,4,1 2 4 10 17 31 42,10,17,42,4,4,10 14 27,1 3 17,25 29 42,N,5,9,30,1 11 21,2 7 27,3 38 43,0,0,0,0,0,0,0,0,0,0
503,502,5,6 22 26 28 32 34 40,32,34,6,5,5,14 32 41,25 28 34,6 42 45,N,6,9,33,4 14 24,5 10 30,6 31 41,0,2,0,0,1,0,0,0,1,0
504,503,6,1 5 27 30 34 36 40,36,40,5,6,6,20 22 36,9 38 40,5 7 21,N,7,9,36,8 13 18,9 34 44,12 32 37,0,1,0,1,0,0,0,0,0,0
505,504,7,6 14 22 26 31 43 44,44,6,22,7,8,16 27 44,6 10 23,18 22 35,N,9,9,39,15 35 40,16 26 36,17 22 42,1,0,1,0,0,1,0,0,0,0
506,505,1,7 20 22 25 38 40 44,7,20,25,9,9,7 8 30,19 20 42,25 26 33,N,10,9,42,19 29 39,20 25 45,23 28 33,0,0,0,1,0,0,0,0,0,0
507,506,2,6 9 11 22 24 30 31,9,11,24,10,10,8 9 16,11 12 19,23 24 31,N,11,9,45,1 36 41,2 12 22,3 8 28,1,1,0,0,1,0,0,0,0,0
508,507,3,4 12 13 32 33 40 41,13,32,40,11,11,12 13 20,24 25 32,2 39 40,N,12,9,48,4 39 44,5 15 25,6 11 16,0,1,0,0,0,0,0,0,0,0
509,508,4,5 27 31 34 35 37 43,34,35,43,12,12,14 34 39,25 30 35,8 33 43,N,13,9,51,7 32 42,9 14 19,10 35 45,1,0,1,0,2,1,0,0,0,1
510,509,5,12 24 25 29 35 42 43,35,42,12,13,13,15 35 40,17 22 42,12 32 37,N,14,9,54,13 33 38,17 27 37,18 23 43,1,0,0,1,0,2,0,0,0,1
511,510,6,12 29 32 33 39 40 42,40,42,29,14,14,20 30 40,7 32 42,24 29 34,N,15,9,57,20 30 40,21 26 31,24 29 34,0,1,0,0,2,0,0,0,0,1
512,511,7,3 7 14 23 24 26 42,42,3,14,15,15,16 23 42,3 37 44,7 14 18,N,16,9,60,1 8 27,2 10 21,3 37 44,1,0,0,0,0,0,0,0,0,0
513,512,1,1 4 5 9 13 26 27,1,4,9,16,16,1 35 42,4 38 45,2 9 28,N,17,9,63,4 11 30,5 13 24,6 32 40,0,1,0,0,0,0,0,0,0,0
514,513,2,5 8 12 21 23 27 33,8,12,23,17,18,5 8 29,6 12 24,20 23 44,N,19,9,66,7 14 18,9 35 43,12 31 38,0,1,0,0,0,1,0,0,0,0
515,514,3,1 9 15 20 26 35 42,15,20,35,19,20,15 33 42,11 14 20,26 29 35,N,21,9,69,15 34 41,16 23 42,17 25 36,1,1,0,1,1,0,0,0,0,0
516,515,4,2 8 11 12 15 23 37,12,15,37,21,21,12 27 42,6 15 18,20 24 37,N,22,9,72,19 26 45,20 28 39,22 29 33,0,0,0,0,0,0,0,0,0,0
517,516,5,2 8 23 30 41 43 44,41,43,2,22,1,9 37 41,14 43 45,2 8 20,N,2,9,75,1 35 42,2 9 28,3 11 22,1,2,0,2,0,0,0,0,1,1
518,517,6,1 9 10 12 28 36 41,36,41,9,2,3,19 23 36,25 27 41,9 33 45,N,4,9,78,4 38 45,5 12 16,6 14 25,1,0,1,1,0,0,0,0,0,0
519,518,7,6 14 23 30 32 34 38,38,6,23,4,4,20 26 38,6 9 30,5 11 23,N,5,9,81,7 33 41,8 15 19,10 36 44,0,1,0,0,2,0,0,0,0,1
520,519,1,3 6 8 13 16 30 43,3,6,13,5,6,3 32 34,6 35 37,11 13 27,N,7,9,84,13 32 39,17 24 43,18 26 37,0,0,0,0,0,1,0,0,0,0
521,520,2,1 4 22 27 28 38 40,4,22,28,7,7,4 33 35,6 8 22,12 14 28,N,8,9,87,20 27 31,21 29 40,23 30 34,0,1,0,0,0,0,0,0,0,0
522,521,3,3 7 18 19 29 32 36,18,19,32,8,12,18 28 38,19 24 44,22 27 32,N,13,9,90,1 9 20,2 36 43,3 10 29,0,0,0,0,0,0,0,0,0,0
523,522,4,4 5 11 13 14 37 41,13,14,41,13,13,8 13 18,4 14 24,6 31 41,N,14,9,93,4 12 23,5 31 39,6 13 17,1,0,0,0,1,0,0,0,0,0
524,523,5,1 4 7 37 38 40 45,38,40,1,14,15,12 31 38,6 32 40,1 8 27,N,16,9,96,7 15 26,8 34 42,11 37 45,0,0,2,1,0,0,0,0,1,0
525,524,6,10 11 21 29 38 41 45,41,45,11,16,19,2 38 41,12 39 45,8 11 17,N,20,9,99,14 33 40,16 24 35,18 25 44,0,0,1,0,1,1,0,0,0,0
526,525,7,11 22 23 26 29 39 44,44,11,23,20,5,17 26 44,2 11 29,7 9 23,N,6,9,102,19 27 38,21 28 32,22 30 41,0,0,0,1,0,1,0,0,0,0
527,526,1,7 14 17 20 31 35 39,7,14,20,6,10,7 44 45,14 15 22,20 21 43,N,11,9,105,1 16 31,2 17 32,3 18 33,1,1,1,0,1,0,0,0,0,0
528,527,2,1 12 22 32 33 38 42,12,22,33,11,16,5 12 16,3 11 22,7 33 41,N,17,9,108,4 10 22,5 8 29,6 12 24,0,1,0,1,0,0,0,0,0,0
529,528,3,5 10 17 25 31 39 40,17,25,39,17,1,17 23 35,1 4 25,22 26 39,N,2,9,111,7 34 40,9 36 42,11 15 28,0,1,0,0,0,0,0,0,0,0
530,529,4,18 20 24 27 31 39 42,27,31,42,2,2,24 27 33,22 25 31,3 39 42,N,3,9,114,13 41 45,14 35 38,19 25 37,1,0,0,2,0,0,0,0,0,1
531,530,5,16 22 23 27 29 33 41,29,33,16,3,11,6 7 29,11 33 34,16 30 38,N,12,9,117,20 23 44,21 27 39,26 30 43,0,2,0,0,0,0,0,0,1,0
532,531,6,1 5 9 21 27 35 45,35,45,5,12,15,9 35 43,19 26 45,5 13 24,N,16,9,120,1 33 44,2 38 41,3 14 16,1,0,1,0,0,1,0,0,0,0
533,532,7,3 16 17 23 24 29 44,44,3,17,16,17,18 25 44,3 10 29,6 13 17,N,18,9,123,4 19 34,5 20 35,6 21 36,0,0,0,0,0,1,0,0,0,0
534,533,1,9 14 15 17 23 31 33,9,14,17,18,21,5 9 22,2 14 23,17 29 38,N,22,9,126,7 13 25,8 11 17,9 15 27,0,0,0,0,0,2,0,0,0,1
535,534,2,10 24 26 29 32 37 38,24,26,32,22,22,18 24 36,2 5 26,11 32 35,N,1,9,129,10 37 43,12 39 45,18 29 31,0,2,1,1,0,1,0,0,1,0
536,535,3,11 12 14 15 18 34 39,14,15,34,1,2,8 14 26,15 32 43,5 34 36,N,3,9,132,22 28 40,23 26 32,24 30 42,0,1,0,1,2,0,0,0,0,1
537,536,4,7 8 12 18 32 37 43,18,32,43,3,7,18 20 34,1 32 45,27 29 43,N,8,9,135,1 10 28,2 6 19,3 12 30,0,0,2,0,0,1,0,0,1,0
538,537,5,11 12 23 26 30 36 43,30,36,11,8,8,19 30 32,8 36 40,11 39 43,N,9,9,138,4 32 36,5 41 44,7 22 37,1,0,0,1,0,0,0,0,0,0
539,538,6,6 10 11 18 31 32 34,32,34,10,9,9,9 31 32,12 34 35,10 11 18,N,10,9,141,8 23 38,9 24 39,11 14 20,0,0,0,1,0,0,0,0,0,0
540,539,7,3 19 22 26 31 42 43,43,3,22,10,11,5 42 43,3 4 26,21 22 44,N,12,9,144,13 31 40,15 33 42,16 25 43,1,1,0,0,1,0,0,0,0,0
541,540,1,3 12 13 14 15 34 36,3,12,14,12,14,3 8 28,2 12 22,9 14 19,N,15,9,147,17 21 34,18 27 45,26 29 35,1,0,1,2,0,0,0,0,0,1
542,541,2,8 13 26 28 32 34 43,13,26,32,15,10,13 35 36,26 27 34,10 32 33,N,11,9,150,1 34 43,2 14 23,3 36 45,0,0,1,0,1,0,0,0,0,0
543,542,3,5 6 19 26 34 41 45,19,26,41,11,6,17 19 33,26 28 42,12 41 43,N,7,9,153,4 13 16,5 9 22,6 15 18,1,0,1,0,1,0,0,0,0,0
544,543,4,12 13 18 26 31 34 44,26,31,44,7,7,24 26 40,17 30 31,13 42 44,N,8,9,156,7 35 39,8 32 44,10 25 40,0,1,1,0,1,1,0,0,0,0
545,544,5,5 10 17 21 25 36 44,25,36,5,8,13,20 25 45,16 26 36,5 10 30,N,14,9,159,11 26 41,12 27 42,17 29 38,0,1,0,1,0,0,0,0,0,0
546,545,6,2 4 24 25 27 34 35,34,35,4,14,17,8 34 42,16 24 35,4 12 23,N,18,9,162,19 28 31,20 24 37,21 30 33,0,2,0,1,0,0,0,0,1,0
547,546,7,6 8 17 20 27 37 43,43,6,17,18,14,18 23 43,6 11 16,17 27 37,N,15,9,165,1 7 19,2 5 26,3 9 21,1,0,0,0,1,0,0,0,0,0
548,547,1,6 7 15 22 28 34 39,6,7,22,15,22,6 33 39,1 7 19,16 22 34,N,1,9,168,4 31 37,6 33 39,8 12 25,0,0,1,0,1,0,0,0,0,0
549,548,2,1 12 13 14 21 32 45,12,13,21,1,4,12 40 44,13 34 37,21 24 45,N,5,9,171,10 38 42,11 32 35,13 28 43,1,1,0,2,0,0,0,0,0,1
550,549,3,17 29 31 35 38 40 44,31,35,40,5,18,1 16 31,14 35 38,7 34 40,N,19,9,174,14 29 44,15 30 45,16 22 34,1,0,1,1,1,2,0,0,0,1
551,550,4,1 7 14 20 34 37 41,20,34,41,19,8,3 7 20,2 34 45,24 28 41,N,9,9,177,17 20 41,18 24 36,23 27 40,1,1,1,2,0,1,0,0,0,1
552,551,5,3 6 20 24 25 27 44,25,27,3,9,22,8 12 25,23 27 40,3 9 21,N,1,9,180,1 4 25,2 8 20,3 6 27,1,1,0,0,1,0,0,0,0,0
553,552,6,1 10 20 32 35 40 43,40,43,10,1,16,21 29 40,17 24 43,10 36 44,N,17,9,183,5 32 38,7 11 24,9 37 41,0,1,0,1,1,0,0,0,0,0
554,553,7,2 7 17 28 29 37 39,39,2,17,17,3,18 30 39,2 35 44,5 14 17,N,4,9,186,10 31 34,12 33 36,13 15 29,0,0,1,0,0,2,0,0,0,1
555,554,1,6 13 14 17 32 41 42,6,13,17,4,9,6 43 44,13 14 21,16 17 39,N,10,9,189,14 43 45,16 19 40,17 23 35,0,0,1,0,1,1,0,0,0,0
556,555,2,11 12 17 21 24 26 36,12,17,24,10,10,11 12 19,17 18 40,23 24 31,Y,11,10,3,18 21 42,22 26 39,28 30 44,0,0,3,1,0,1,1,0,0,0
557,556,3,12 20 23 28 30 43 44,23,28,43,11,11,1 15 23,27 28 35,5 42 43,N,12,10,6,1 37 40,2 13 30,3 39 42,1,0,0,0,2,0,0,0,0,1
558,557,4,4 20 26 28 31 35 40,28,31,40,12,12,18 28 38,11 31 36,5 40 45,N,13,10,9,4 6 20,5 34 36,7 10 16,0,0,0,0,0,1,0,0,0,0
559,558,5,12 15 19 26 29 40 43,29,40,12,13,13,19 29 39,15 35 40,12 32 37,N,14,10,12,8 14 26,9 12 18,11 38 44,0,1,2,0,0,2,0,0,1,1
560,559,6,11 12 23 25 32 44 45,44,45,12,14,14,4 39 44,10 35 45,2 12 22,N,15,10,15,15 32 43,17 28 45,19 21 35,0,1,0,1,1,0,0,0,0,0
561,560,7,1 4 20 23 28 29 45,45,1,20,15,15,19 26 45,1 8 27,20 28 39,N,16,10,18,22 25 31,23 29 41,24 27 33,0,0,0,1,0,0,0,0,0,0
562,561,1,5 7 18 20 37 42 45,5,7,20,16,16,5 12 16,7 33 41,20 27 31,N,17,10,21,1 13 22,2 35 44,3 15 24,1,0,0,0,0,2,0,0,0,1
563,562,2,4 11 13 17 20 31 33,11,13,20,17,17,11 37 45,6 13 17,1 9 20,N,18,10,24,4 8 21,5 14 17,6 34 38,0,2,0,0,1,0,0,0,1,0
564,563,3,5 10 16 17 21 31 32,16,17,31,18,19,3 14 16,8 11 17,18 29 31,N,20,10,27,7 31 43,9 33 45,10 12 26,0,0,1,1,0,0,0,0,0,0
565,564,4,2 14 19 25 26 27 34,25,26,34,20,20,16 25 43,26 29 35,17 21 34,N,21,10,30,11 40 42,16 28 37,18 30 39,1,0,1,0,0,0,0,0,0,0
566,565,5,4 10 18 27 38 40 45,38,40,4,21,21,17 29 38,10 25 40,4 13 16,N,22,10,33,19 23 36,20 29 32,25 27 41,0,0,1,0,1,1,0,0,0,0
567,566,6,4 5 6 25 26 41 43,41,43,5,22,22,17 20 41,13 28 43,2 5 26,N,1,10,36,1 3 17,2 31 33,4 7 28,1,0,0,1,0,0,0,0,0,0
568,567,7,1 10 15 16 28 32 41,41,1,15,1,1,9 37 41,1 4 25,13 15 29,N,2,10,39,5 11 23,6 9 30,8 35 41,0,0,0,0,1,0,0,0,0,0
569,568,1,1 3 17 20 31 40 44,1,3,20,2,2,1 37 40,3 39 42,4 6 20,N,3,10,42,10 14 27,12 40 44,13 34 37,0,0,1,0,1,1,0,0,0,0
570,569,2,1 3 6 13 23 24 35,3,6,23,3,3,3 15 24,6 34 38,19 23 36,N,4,10,45,15 36 39,16 18 32,19 22 43,0,0,0,0,0,0,0,0,0,0
571,570,3,1 12 26 27 29 33 42,26,27,33,4,4,20 26 38,10 14 27,2 31 33,N,5,10,48,20 26 38,21 24 45,25 29 42,2,1,0,2,0,0,0,0,1,1
572,571,4,11 18 21 26 29 38 43,26,29,43,5,5,17 26 44,2 11 29,4 40 43,N,6,10,51,1 5 18,2 11 29,3 31 35,1,0,1,0,0,0,0,0,0,0
573,572,5,1 3 13 18 33 37 45,33,37,1,6,6,17 19 33,6 35 37,1 14 30,N,7,10,54,4 40 43,6 42 45,7 9 23,2,0,0,0,1,0,0,0,1,0
574,573,6,2 4 14 20 34 35 43,35,43,4,7,8,18 22 35,11 39 43,4 15 17,N,9,10,57,8 37 39,10 13 19,12 15 21,0,1,1,0,1,1,0,0,0,0
575,574,7,2 14 15 16 19 25 43,43,2,15,9,9,6 43 44,1 2 24,15 37 38,N,10,10,60,14 32 41,16 20 33,17 26 44,0,2,0,0,1,0,0,0,1,0
576,575,1,2 6 8 20 30 33 34,2,6,20,10,10,2 3 25,5 6 28,20 21 43,N,11,10,63,22 24 38,25 28 34,27 30 36,0,1,0,1,0,0,0,0,0,0
577,576,2,10 11 13 15 25 35 41,11,13,25,11,11,11 33 34,12 13 20,24 25 32,N,12,10,66,1 14 30,2 4 18,3 32 34,0,0,1,1,0,0,0,0,0,0
578,577,3,16 17 22 31 33 34 37,22,31,34,12,13,17 22 42,6 31 41,9 34 44,N,14,10,69,5 7 21,6 35 37,8 10 24,1,0,0,1,0,1,0,0,0,0
579,578,4,5 12 14 16 32 34 42,16,32,42,14,17,16 24 35,21 28 32,8 34 42,N,18,10,72,9 38 40,11 13 27,12 41 43,0,0,0,0,0,1,0,0,0,0
580,579,5,5 7 20 22 37 39 42,37,39,5,18,18,19 25 37,21 27 39,5 8 29,N,19,10,75,15 31 44,16 29 45,17 19 33,0,0,0,0,0,1,0,0,0,0
581,580,6,5 7 9 11 32 33 35,33,35,7,19,19,1 33 44,5 20 35,7 13 25,N,20,10,78,20 22 36,23 25 39,26 28 42,1,0,1,1,2,0,0,0,0,1
582,581,7,3 5 14 20 33 42 44,44,3,14,20,20,5 41 44,3 12 30,11 14 20,N,21,10,81,1 32 45,2 15 16,3 5 19,0,1,0,1,1,1,0,0,0,0
583,582,1,2 12 14 25 33 40 41,2,12,25,21,2,2 13 30,9 12 18,22 25 31,N,3,10,84,4 33 35,6 8 22,7 36 38,1,1,0,0,0,0,0,0,0,0
584,583,2,8 17 24 27 33 40 44,17,24,33,3,7,17 30 31,24 26 40,4 33 35,N,8,10,87,9 11 25,10 39 41,12 14 28,0,2,0,1,1,0,0,0,1,0
585,584,3,7 18 30 36 39 40 41,30,36,40,8,9,7 8 30,28 29 36,3 40 41,N,10,10,90,13 42 44,17 30 31,18 20 34,0,0,0,1,0,1,0,0,0,0
586,585,4,4 6 7 10 16 38 41,10,16,41,10,10,10 32 33,8 9 16,4 41 42,N,11,10,93,21 23 37,24 26 40,27 29 43,1,0,0,0,0,0,0,0,0,0
587,586,5,2 5 7 12 15 21 34,15,21,2,11,12,10 15 20,16 21 41,2 37 42,N,13,10,96,1 12 29,2 34 45,3 7 20,1,0,0,0,1,1,0,0,0,0
588,587,6,14 17 21 29 31 32 37,32,37,17,13,15,6 32 40,3 37 44,17 25 36,N,16,10,99,4 15 17,5 33 37,6 10 23,1,0,0,0,0,1,0,0,0,0
589,588,7,2 8 15 22 25 30 41,41,2,15,16,17,22 30 41,2 36 43,7 15 26,N,18,10,102,8 36 40,9 13 26,11 39 43,1,0,1,0,0,0,0,0,0,0
590,589,1,6 8 22 28 33 38 39,6,8,28,18,20,2 6 19,8 23 38,1 10 28,N,21,10,105,14 31 42,16 27 44,18 22 35,0,0,0,0,1,0,0,0,0,0
591,590,2,20 23 30 36 38 41 45,23,30,38,21,22,23 27 40,15 30 45,10 38 42,N,1,10,108,19 30 32,21 25 38,24 28 41,1,1,0,0,1,1,0,0,0,0
592,591,3,5 8 13 14 30 38 39,13,14,38,1,5,10 13 19,14 32 41,22 24 38,N,6,10,111,1 2 24,3 40 41,4 5 27,1,0,1,1,0,0,0,0,0,0
593,592,4,2 5 6 13 28 43 44,13,28,44,6,6,11 13 27,26 28 42,15 31 44,N,7,10,114,6 43 44,7 8 30,9 31 32,0,0,1,1,0,0,0,0,0,0
594,593,5,9 10 13 24 28 33 38,28,33,9,7,8,24 28 41,5 33 37,9 13 26,N,9,10,117,10 11 18,12 34 35,13 14 21,0,0,1,1,1,1,0,0,0,0
595,594,6,2 3 8 13 25 28 37,28,37,3,9,16,2 9 28,18 26 37,3 11 22,N,17,10,120,15 37 38,16 17 39,19 20 42,1,0,0,1,0,0,0,0,0,0
596,595,7,5 8 24 28 35 38 40,40,5,24,17,1,16 19 40,5 32 38,7 11 24,N,2,10,123,22 23 45,25 26 33,28 29 36,0,1,0,0,0,0,0,0,0,0
597,596,1,3 4 12 14 17 25 43,3,4,14,2,12,3 13 23,4 9 29,14 34 39,N,13,10,126,1 38 39,2 3 25,4 41 42,0,0,0,1,0,0,0,0,0,0
598,597,2,8 10 23 24 35 37 43,10,23,35,13,15,2 10 21,16 23 42,9 35 43,N,16,10,129,5 6 28,7 44 45,8 9 16,0,1,0,0,0,0,0,0,0,0
599,598,3,4 12 22 24 33 38 45,22,24,38,16,18,4 10 22,6 12 24,14 35 38,N,19,10,132,10 32 33,11 12 19,13 35 36,0,1,1,0,1,1,0,0,0,0
600,599,4,5 12 17 27 29 34 35,27,29,35,19,2,24 27 33,23 29 41,19 21 35,N,3,10,135,14 15 22,17 18 40,20 21 43,1,0,0,1,1,0,0,0,0,0
601,600,5,5 11 14 27 29 36 44,29,36,5,3,4,25 29 42,15 36 39,5 11 23,N,5,10,138,23 24 31,26 27 34,29 30 37,1,1,0,0,0,0,0,0,0,0
602,601,6,2 16 19 31 34 35 37,35,37,16,5,5,3 31 35,8 37 39,16 20 33,N,6,10,141,1 15 23,2 39 40,3 4 26,0,0,0,0,0,0,0,0,0,0
603,602,7,2 13 14 22 27 30 38,38,2,14,6,7,7 36 38,2 15 16,12 14 28,N,8,10,144,5 42 43,6 7 29,8 31 45,1,0,0,0,1,0,0,0,0,0
604,603,1,2 19 25 26 27 28 43,2,19,26,8,11,2 39 40,18 19 41,3 4 26,N,12,10,147,9 10 17,11 33 34,12 13 20,0,2,0,1,1,0,0,0,1,0
605,604,2,2 6 18 21 30 33 34,6,18,30,12,14,6 11 16,18 23 43,20 30 40,N,15,10,150,14 36 37,16 30 38,18 19 41,0,1,0,0,0,0,0,0,0,0
606,605,3,1 2 7 9 10 38 42,7,9,38,15,11,6 7 29,9 10 17,16 30 38,N,12,10,153,21 22 44,24 25 32,27 28 35,0,0,0,1,0,0,0,0,0,0
607,606,4,1 5 6 14 20 22 39,14,20,39,12,21,2 14 23,20 24 37,7 35 39,N,22,10,156,1 6 26,2 37 42,3 13 23,0,0,1,2,0,1,0,0,0,1
608,607,5,8 13 14 23 36 38 39,36,38,8,22,2,5 34 36,11 38 44,8 14 26,N,3,10,159,4 9 29,5 40 45,7 12 17,1,0,0,0,1,1,0,0,0,0
609,608,6,4 8 18 19 39 41 44,41,44,8,3,3,25 27 41,2 35 44,4 8 21,N,4,10,162,8 33 43,10 15 20,11 31 36,1,0,0,1,0,2,0,0,0,1
610,609,7,4 8 13 27 34 39 40,40,4,13,4,4,12 40 44,4 7 28,13 34 37,N,5,10,165,14 34 39,16 21 41,18 28 38,1,0,2,0,1,0,0,0,1,0
611,610,1,14 18 20 23 28 33 36,14,18,23,5,9,13 14 21,10 11 18,22 23 45,N,10,10,168,19 24 44,22 27 32,25 30 35,0,2,0,0,0,1,0,0,1,0
612,611,2,2 14 22 27 33 36 37,14,22,33,10,22,14 29 44,16 22 34,6 33 39,N,1,10,171,1 11 21,2 7 27,3 38 43,0,0,0,0,0,2,0,0,0,1
613,612,3,6 9 18 19 25 33 40,18,19,33,1,17,18 25 44,19 27 38,14 33 40,N,18,10,174,4 14 24,5 10 30,6 31 41,0,0,1,1,0,0,0,0,0,0
614,613,4,7 8 11 16 35 41 44,16,35,44,18,18,1 16 31,14 35 38,20 23 44,Y,19,11,3,8 13 18,9 34 44,12 32 37,1,1,0,0,0,1,0,0,0,0
615,614,5,8 18 21 25 39 40 44,39,40,8,19,19,12 39 45,22 28 40,8 11 17,N,20,11,6,15 35 40,16 26 36,17 22 42,0,0,1,0,0,1,0,0,0,0
616,615,6,10 17 18 19 23 27 35,27,35,17,20,20,18 27 45,26 29 35,17 21 34,N,21,11,9,19 29 39,20 25 45,23 28 33,0,1,1,2,0,0,0,0,0,1
617,616,7,3 5 13 18 23 40 45,45,3,13,21,22,15 30 45,3 9 21,13 28 43,N,1,11,12,1 36 41,2 12 22,3 8 28,0,1,0,0,0,0,0,0,0,0
618,617,1,4 5 11 12 24 27 28,4,5,12,1,1,1 4 25,5 32 38,12 33 36,N,2,11,15,4 39 44,5 15 25,6 11 16,0,1,1,1,0,0,0,0,0,0
619,618,2,8 15 16 25 30 42 43,15,16,30,2,2,15 32 43,7 10 16,2 13 30,N,3,11,18,7 32 42,9 14 19,10 35 45,0,0,1,0,0,2,0,0,0,1
620,619,3,6 8 13 21 30 35 40,13,21,35,3,3,1 13 22,4 8 21,2 35 44,N,4,11,21,13 33 38,17 27 37,18 23 43,0,1,0,0,0,1,0,0,0,0
621,620,4,2 16 17 32 39 40 45,32,39,45,4,4,16 18 32,15 36 39,21 24 45,N,5,11,24,20 30 40,21 26 31,24 29 34,0,0,0,1,0,0,0,0,0,0
622,621,5,1 2 6 9 16 19 42,16,19,1,5,5,16 20 33,10 13 19,1 5 18,N,6,11,27,1 8 27,2 10 21,3 37 44,0,1,0,1,0,0,0,0,0,0
623,622,6,9 15 16 21 24 28 34,28,34,15,6,6,26 28 42,3 32 34,15 31 44,N,7,11,30,4 11 30,5 13 24,6 32 40,1,1,0,0,0,0,0,0,0,0
624,623,7,7 13 25 30 39 41 45,45,7,25,7,7,1 32 45,7 36 38,9 11 25,N,8,11,33,7 14 18,9 35 43,12 31 38,1,1,0,1,1,0,0,0,0,0
625,624,1,1 7 16 19 26 27 35,1,7,19,8,8,1 12 29,3 7 20,19 30 32,N,9,11,36,15 34 41,16 23 42,17 25 36,0,0,0,0,3,0,0,1,0,0
626,625,2,3 6 7 13 20 21 39,6,7,20,9,9,6 43 44,7 8 30,19 20 42,N,10,11,39,19 26 45,20 28 39,22 29 33,1,0,1,1,0,0,0,0,0,0
627,626,3,13 14 15 26 33 40 43,15,26,40,10,10,14 15 22,26 27 34,17 18 40,N,11,11,42,1 35 42,2 9 28,3 11 22,0,2,1,1,0,0,0,0,1,0
628,627,4,2 9 12 22 25 31 45,22,25,45,11,11,21 22 44,24 25 32,8 31 45,N,12,11,45,4 38 45,5 12 16,6 14 25,0,1,0,0,0,0,0,0,0,0
629,628,5,1 7 11 12 15 23 42,15,23,1,12,12,10 15 20,3 13 23,1 6 26,N,13,11,48,7 33 41,8 15 19,10 36 44,0,1,1,0,0,0,0,0,0,0
630,629,6,1 19 28 31 38 43 44,43,44,19,13,13,3 38 43,9 34 44,19 29 39,N,14,11,51,13 32 39,17 24 43,18 26 37,0,2,0,0,0,0,0,0,1,0
631,630,7,8 15 17 21 24 27 31,31,8,17,14,14,21 26 31,3 8 28,17 27 37,N,15,11,54,20 27 31,21 29 40,23 30 34,1,0,2,1,0,0,0,0,1,0
632,631,1,1 2 4 8 23 31 34,1,2,8,15,16,1 35 42,2 9 28,8 15 19,N,17,11,57,1 9 20,2 36 43,3 10 29,0,0,0,1,0,1,0,0,0,0
633,632,2,6 15 18 21 32 35 44,15,18,32,17,17,7 15 26,18 25 44,21 28 32,N,18,11,60,4 12 23,5 31 39,6 13 17,1,1,0,0,0,0,0,0,0,0
634,633,3,9 12 13 19 20 39 41,13,19,39,18,18,13 41 45,19 25 37,21 27 39,N,19,11,63,7 15 26,8 34 42,11 37 45,0,0,1,0,0,1,0,0,0,0
635,634,4,4 10 11 12 20 27 38,12,20,38,19,20,3 12 30,11 14 20,8 23 38,N,21,11,66,14 33 40,16 24 35,18 25 44,1,0,1,0,1,0,0,0,0,0
636,635,5,11 13 25 26 29 32 33,29,32,11,21,21,17 29 38,8 32 44,11 26 41,N,22,11,69,19 27 38,21 28 32,22 30 41,0,0,0,0,0,0,0,0,0,0
637,636,6,6 7 15 16 20 26 31,26,31,7,22,22,2 5 26,4 31 37,1 7 19,N,1,11,72,1 16 31,2 17 32,3 18 33,1,0,1,0,1,0,0,0,0,0
638,637,7,3 16 22 23 37 38 44,44,3,22,1,1,28 30 44,3 6 27,22 26 39,N,2,11,75,4 10 22,5 8 29,6 12 24,1,0,1,0,0,1,0,0,0,0
639,638,1,6 7 18 22 24 31 34,6,7,22,2,4,6 9 30,4 7 28,19 22 43,N,5,11,78,7 34 40,9 36 42,11 15 28,0,0,1,1,0,1,0,0,0,0
640,639,2,6 15 22 23 25 32 40,15,22,25,5,5,12 15 21,22 24 38,25 28 34,N,6,11,81,13 41 45,14 35 38,19 25 37,0,2,0,2,0,0,0,0,1,1
641,640,3,14 15 18 21 23 26 35,18,21,26,6,7,18 20 34,21 23 37,24 26 40,N,8,11,84,20 23 44,21 27 39,26 30 43,0,1,1,1,2,0,0,0,0,1
642,641,4,11 12 18 21 36 37 43,21,36,43,8,8,21 25 38,8 36 40,11 39 43,N,9,11,87,1 33 44,2 38 41,3 14 16,0,0,0,0,1,1,0,0,0,0
643,642,5,8 17 18 24 32 39 45,32,39,8,9,10,10 32 33,1 38 39,8 9 16,N,11,11,90,4 19 34,5 20 35,6 21 36,0,0,0,2,0,0,0,0,0,1
644,643,6,13 15 24 31 32 33 40,33,40,15,11,11,11 33 34,2 39 40,1 15 23,N,12,11,93,7 13 25,8 11 17,9 15 27,1,1,0,0,0,1,0,0,0,0
645,644,7,5 8 13 17 23 28 36,36,5,13,12,13,16 26 36,5 10 30,8 13 18,N,14,11,96,10 37 43,12 39 45,18 29 31,0,0,0,2,0,0,0,0,0,1
646,645,1,1 4 16 26 31 40 41,1,4,26,14,15,1 8 27,4 11 30,19 26 45,N,16,11,99,22 28 40,23 26 32,24 30 42,0,0,1,0,0,1,0,0,0,0
647,646,2,2 9 24 30 41 43 45,9,24,41,16,17,1 9 20,16 24 35,22 30 41,N,18,11,102,1 10 28,2 6 19,3 12 30,0,0,1,0,2,1,0,0,0,1
648,647,3,5 16 21 23 24 29 30,21,23,29,18,19,6 21 36,23 26 32,18 29 31,N,20,11,105,4 32 36,5 41 44,7 22 37,0,0,1,0,0,0,0,0,0,0
649,648,4,4 13 19 28 37 38 43,28,37,43,20,20,1 10 28,7 22 37,16 25 43,N,21,11,108,8 23 38,9 24 39,11 14 20,0,0,0,0,1,0,0,0,0,0
650,649,5,3 20 21 22 33 41 42,33,41,3,21,2,24 27 33,23 29 41,3 39 42,N,3,11,111,13 31 40,15 33 42,16 25 43,1,0,0,0,1,1,0,0,0,0
651,650,6,3 4 7 11 31 35 41,35,41,4,3,5,3 31 35,14 32 41,4 40 43,N,6,11,114,17 21 34,18 27 45,26 29 35,0,0,2,0,0,0,0,0,1,0
652,651,7,11 12 16 18 26 29 44,44,11,16,6,12,19 24 44,11 31 36,16 21 41,N,13,11,117,1 34 43,2 14 23,3 36 45,0,0,1,1,0,1,0,0,0,0
653,652,1,3 13 15 20 40 41 44,3,13,20,13,15,3 37 44,5 13 24,20 28 39,N,16,11,120,4 13 16,5 9 22,6 15 18,0,1,1,0,1,1,0,0,0,0
654,653,2,1 5 6 26 27 38 39,5,6,27,16,16,5 12 16,6 14 25,20 27 31,N,17,11,123,7 35 39,8 32 44,10 25 40,0,0,0,1,0,1,0,0,0,0
655,654,3,6 16 21 26 31 36 43,21,26,36,17,2,19 21 35,8 14 26,5 34 36,N,3,11,126,11 26 41,12 27 42,17 29 38,0,0,1,0,0,0,0,0,0,0
656,655,4,7 18 37 38 39 40 44,38,39,44,3,16,4 38 45,13 32 39,10 36 44,N,17,11,129,19 28 31,20 24 37,21 30 33,1,0,0,0,0,0,0,0,0,0
657,656,5,3 7 14 16 31 39 40,31,39,3,17,21,19 28 31,7 35 39,3 36 45,N,22,11,132,1 7 19,2 5 26,3 9 21,1,0,0,1,1,0,0,0,0,0
658,657,6,10 14 19 23 39 40 43,40,43,14,22,3,11 40 42,7 31 43,5 14 17,N,4,11,135,4 31 37,6 33 39,8 12 25,0,0,2,0,0,0,0,0,1,0
659,658,7,8 19 25 28 32 36 37,37,8,25,4,4,13 34 37,8 35 41,25 29 42,N,5,11,138,10 38 42,11 32 35,13 28 43,1,0,0,0,0,2,0,0,0,1
660,659,1,7 18 19 27 29 42 45,7,18,27,5,6,5 7 21,2 4 18,11 13 27,N,7,11,141,14 29 44,15 30 45,16 22 34,1,0,0,0,1,0,0,0,0,0
661,660,2,4 9 14 23 33 39 44,9,14,33,7,8,9 13 26,14 31 42,5 33 37,N,9,11,144,17 20 41,18 24 36,23 27 40,1,0,1,0,0,0,0,0,0,0
662,661,3,2 3 12 20 27 38 40,12,20,38,9,14,2 12 22,20 30 40,13 33 38,N,15,11,147,1 4 25,2 8 20,3 6 27,0,0,1,0,0,0,0,0,0,0
663,662,4,5 6 9 11 15 26 37,11,15,37,15,1,7 11 24,13 15 29,9 37 41,N,2,11,150,5 32 38,7 11 24,9 37 41,2,0,0,0,0,0,0,0,1,0
664,663,5,3 5 8 19 20 38 42,20,38,3,2,3,20 29 32,6 34 38,3 15 24,N,4,11,153,10 31 34,12 33 36,13 15 29,1,2,0,1,0,0,0,0,1,0
665,664,6,5 10 20 33 36 41 44,41,44,10,4,8,24 28 41,16 27 44,6 10 23,N,9,11,156,14 43 45,16 19 40,17 23 35,0,0,1,0,1,1,0,0,0,0
666,665,7,5 6 11 13 17 38 44,44,5,11,9,10,7 44 45,5 6 28,11 12 19,N,11,11,159,18 21 42,22 26 39,28 30 44,0,0,1,0,2,1,0,0,0,1
667,666,1,2 4 6 11 16 17 28,2,4,11,11,13,2 7 27,4 14 24,1 11 21,N,14,11,162,1 37 40,2 13 30,3 39 42,1,0,1,0,0,0,0,0,0,0
668,667,2,13 15 17 25 37 42 43,15,17,37,14,13,15 35 40,17 22 42,12 32 37,N,14,11,165,4 6 20,5 34 36,7 10 16,0,0,0,1,0,2,0,0,0,1
669,668,3,3 12 14 15 24 27 32,14,15,27,14,21,2 14 23,6 15 18,12 27 42,N,22,11,168,8 14 26,9 12 18,11 38 44,1,0,1,0,0,0,0,0,0,0
670,669,4,7 8 9 20 29 33 38,20,29,38,22,22,17 20 41,14 29 44,10 38 42,N,1,11,171,15 32 43,17 28 45,19 21 35,0,0,0,1,0,0,0,0,0,0
671,670,5,11 18 25 26 27 40 41,27,40,11,1,4,10 14 27,12 40 44,5 11 23,N,5,11,174,22 25 31,23 29 41,24 27 33,1,0,0,1,0,0,0,0,0,0
672,671,6,7 9 10 13 24 31 35,31,35,9,5,6,15 31 44,6 35 37,9 38 40,Y,7,12,3,1 13 22,2 35 44,3 15 24,0,0,0,1,0,0,0,0,0,0
673,672,7,8 21 28 31 36 43 45,45,8,28,7,7,1 32 45,6 8 22,12 14 28,N,8,12,6,4 8 21,5 14 17,6 34 38,0,1,0,0,0,0,0,0,0,0
674,673,1,5 7 10 17 29 33 44,5,7,17,8,8,5 33 37,3 7 20,4 15 17,N,9,12,9,7 31 43,9 33 45,10 12 26,1,1,1,0,0,0,0,0,0,0
675,674,2,9 10 11 14 25 27 31,10,11,25,9,10,10 32 33,11 12 19,2 3 25,N,11,12,12,11 40 42,16 28 37,18 30 39,1,0,1,0,1,0,0,0,0,0
676,675,3,1 7 8 11 15 18 45,8,11,18,11,11,8 31 45,11 33 34,18 19 41,N,12,12,15,19 23 36,20 29 32,25 27 41,0,0,0,2,1,0,0,0,0,1
677,676,4,1 8 17 27 34 39 45,27,34,45,12,12,22 27 32,14 34 39,5 40 45,N,13,12,18,1 3 17,2 31 33,4 7 28,0,0,0,0,0,0,0,0,0,0
678,677,5,12 15 24 36 41 42 44,41,42,12,13,13,6 31 41,17 22 42,12 32 37,N,14,12,21,5 11 23,6 9 30,8 35 41,1,1,0,1,0,2,0,0,0,1
679,678,6,4 5 6 12 25 37 45,37,45,5,14,14,17 27 37,10 35 45,5 15 25,N,15,12,24,10 14 27,12 40 44,13 34 37,1,0,1,0,0,1,0,0,0,0
680,679,7,3 5 7 14 26 34 35,35,3,7,15,15,9 35 43,3 37 44,7 14 18,N,16,12,27,15 36 39,16 18 32,19 22 43,0,1,1,0,0,0,0,0,0,0
681,680,1,4 10 19 29 30 32 42,4,10,29,16,16,4 38 45,10 36 44,21 29 40,N,17,12,30,20 26 38,21 24 45,25 29 42,0,2,1,0,1,2,0,0,1,1
682,681,2,7 21 24 27 29 43 44,21,24,29,17,17,21 28 32,16 24 35,3 10 29,N,18,12,33,1 5 18,2 11 29,3 31 35,0,0,1,0,1,0,0,0,0,0
683,682,3,2 17 23 27 35 38 43,23,27,38,18,18,20 23 44,21 27 39,14 35 38,N,19,12,36,4 40 43,6 42 45,7 9 23,1,1,0,1,1,0,0,0,0,0
684,683,4,6 13 15 20 27 28 40,20,27,40,19,19,5 20 35,9 15 27,22 28 40,N,20,12,39,8 37 39,10 13 19,12 15 21,1,0,1,0,1,0,0,0,0,0
685,684,5,1 11 15 17 25 39 40,25,39,1,20,20,16 25 43,9 24 39,1 10 28,N,21,12,42,14 32 41,16 20 33,17 26 44,0,0,0,0,0,1,0,0,0,0
686,685,6,6 7 12 18 28 38 40,38,40,7,21,21,17 29 38,10 25 40,7 35 39,N,22,12,45,22 24 38,25 28 34,27 30 36,1,1,0,0,1,1,0,0,0,0
687,686,7,7 12 13 15 24 25 43,43,7,13,22,1,14 43 45,7 11 24,13 15 29,N,2,12,48,1 14 30,2 4 18,3 32 34,1,0,0,0,0,1,0,0,0,0
688,687,1,1 8 10 13 28 42 45,1,8,13,2,2,1 37 40,8 14 26,2 13 30,N,3,12,51,5 7 21,6 35 37,8 10 24,1,1,0,0,0,0,0,0,0,0
689,688,2,2 5 15 22 23 34 35,5,15,23,3,3,5 14 17,3 15 24,19 23 36,N,4,12,54,9 38 40,11 13 27,12 41 43,1,0,0,1,0,2,0,0,0,1
690,689,3,7 17 19 30 34 36 38,19,30,36,4,4,19 22 43,6 9 30,15 36 39,N,5,12,57,15 31 44,16 29 45,17 19 33,0,0,1,0,0,1,0,0,0,0
691,690,4,24 25 33 34 38 39 43,34,38,43,5,5,25 28 34,22 24 38,4 40 43,N,6,12,60,20 22 36,23 25 39,26 28 42,0,0,0,0,0,1,0,0,0,0
692,691,5,15 16 27 33 35 43 45,35,43,15,6,7,4 33 35,27 29 43,2 15 16,N,8,12,63,1 32 45,2 15 16,3 5 19,1,1,1,0,0,1,0,0,0,0
693,692,6,3 11 14 15 32 36 44,36,44,11,8,8,8 36 40,16 27 44,11 39 43,N,9,12,66,4 33 35,6 8 22,7 36 38,0,1,0,0,0,1,0,0,0,0
694,693,7,1 6 11 28 30 34 42,42,1,11,9,9,19 20 42,1 2 24,10 11 18,N,10,12,69,9 11 25,10 39 41,12 14 28,1,0,0,1,0,0,0,0,0,0
695,694,1,7 12 15 20 25 33 43,7,12,20,10,14,7 32 42,2 12 22,20 30 40,N,15,12,72,13 42 44,17 30 31,18 20 34,0,0,2,0,0,0,0,0,1,0
696,695,2,4 14 18 26 33 34 38,14,18,33,15,16,6 14 25,18 26 37,7 33 41,N,17,12,75,21 23 37,24 26 40,27 29 43,0,0,0,0,1,1,0,0,0,0
697,696,3,1 7 16 18 21 34 38,16,18,34,17,18,1 16 31,3 18 33,7 34 40,N,19,12,78,1 12 29,2 34 45,3 7 20,0,1,0,0,1,0,0,0,0,0
698,697,4,2 5 8 11 31 33 39,11,31,39,19,19,8 11 17,18 29 31,12 39 45,N,20,12,81,4 15 17,5 33 37,6 10 23,0,2,0,1,0,0,0,0,1,0
699,698,5,3 11 13 18 21 33 37,21,33,3,20,20,17 21 34,15 33 42,3 12 30,N,21,12,84,8 36 40,9 13 26,11 39 43,1,0,0,1,0,0,0,0,0,0
700,699,6,3 4 5 8 16 21 29,21,29,4,21,22,3 9 21,14 29 44,4 31 37,N,1,12,87,14 31 42,16 27 44,18 22 35,0,1,0,0,2,0,0,0,0,1
701,700,7,11 13 23 28 29 30 44,44,11,23,1,5,17 26 44,2 11 29,7 9 23,N,6,12,90,19 30 32,21 25 38,24 28 41,0,1,0,0,0,0,0,0,0,0
702,701,1,3 10 14 16 35 36 38,3,10,16,6,6,3 32 34,8 10 24,16 29 45,N,7,12,93,1 2 24,3 40 41,4 5 27,1,1,0,1,1,2,0,0,0,1
703,702,2,3 9 13 16 24 26 29,9,13,24,7,7,9 11 25,13 42 44,24 26 40,N,8,12,96,6 43 44,7 8 30,9 31 32,1,0,1,0,1,0,0,0,0,0
704,703,3,10 21 28 31 33 41 44,28,31,41,8,9,28 29 36,9 31 32,3 40 41,N,10,12,99,10 11 18,12 34 35,13 14 21,0,0,0,0,0,0,0,0,0,0
705,704,4,1 4 8 23 33 42 45,23,33,45,10,15,16 23 42,22 29 33,19 26 45,N,16,12,102,15 37 38,16 17 39,19 20 42,0,1,0,0,1,1,0,0,0,0
706,705,5,1 6 17 22 23 28 45,23,28,1,16,16,23 30 34,2 9 28,1 35 42,N,17,12,105,22 23 45,25 26 33,28 29 36,0,0,1,1,1,0,0,0,0,0
707,706,6,3 4 6 10 28 30 37,30,37,4,17,17,22 30 41,11 37 45,4 12 23,N,18,12,108,1 38 39,2 3 25,4 41 42,1,1,0,0,0,1,0,0,0,0
708,707,7,2 12 19 24 35 39 44,44,2,19,18,19,1 33 44,2 38 41,4 19 34,N,20,12,111,5 6 28,7 44 45,8 9 16,0,1,1,0,1,2,0,0,0,1
709,708,1,1 2 10 16 19 34 45,1,2,16,20,21,1 34 43,2 14 23,4 13 16,N,22,12,114,10 32 33,11 12 19,13 35 36,1,0,1,0,0,0,0,0,0,0
710,709,2,10 18 30 32 36 39 44,18,30,36,22,1,18 21 42,28 30 44,12 33 36,N,2,12,117,14 15 22,17 18 40,20 21 43,0,0,0,0,0,1,0,0,0,0
711,710,3,3 4 9 10 24 25 33,9,10,25,2,2,9 12 18,7 10 16,22 25 31,N,3,12,120,23 24 31,26 27 34,29 30 37,1,0,1,0,0,0,0,0,0,0
712,711,4,11 15 24 35 37 42 45,35,37,45,3,3,2 35 44,16 28 37,9 33 45,N,4,12,123,1 15 23,2 39 40,3 4 26,0,0,0,0,0,2,0,0,0,1
713,712,5,17 19 20 30 31 33 45,31,33,17,4,12,11 31 36,8 33 43,7 12 17,N,13,12,126,5 42 43,6 7 29,8 31 45,1,0,0,0,0,0,0,0,0,0
714,713,6,2 5 15 18 19 23 44,23,44,5,13,13,23 28 33,9 34 44,5 10 30,N,14,12,129,9 10 17,11 33 34,12 13 20,0,1,0,1,0,0,0,0,0,0
715,714,7,1 7 20 22 33 37 40,40,1,20,14,15,6 32 40,1 8 27,20 28 39,N,16,12,132,14 36 37,16 30 38,18 19 41,0,0,1,0,1,0,0,0,0,0
716,715,1,2 7 10 27 33 41 44,2,7,27,16,17,2 36 43,7 15 26,19 27 38,N,18,12,135,21 22 44,24 25 32,27 28 35,0,0,0,1,0,0,0,0,0,0
717,716,2,2 6 13 16 21 29 30,6,13,21,18,3,6 34 38,1 13 22,4 8 21,N,4,12,138,1 6 26,2 37 42,3 13 23,0,1,0,0,0,0,0,0,0,0
718,717,3,2 11 19 25 28 32 44,19,25,32,4,22,1 7 19,8 12 25,11 32 35,N,1,12,141,4 9 29,5 40 45,7 12 17,1,0,0,0,0,2,0,0,0,1
719,718,4,4 11 20 23 32 39 40,23,32,40,1,1,17 23 35,5 32 38,16 19 40,N,2,12,144,8 33 43,10 15 20,11 31 36,2,1,0,0,0,1,0,0,1,0
720,719,5,4 8 13 19 20 26 43,20,26,4,2,6,20 22 36,26 28 42,2 4 18,N,7,12,147,14 34 39,16 21 41,18 28 38,1,0,0,1,0,0,0,0,0,0
721,720,6,1 12 29 34 36 37 41,37,41,12,7,18,19 25 37,13 41 45,6 12 24,N,19,12,150,19 24 44,22 27 32,25 30 35,1,0,1,0,1,0,0,0,0,0
722,721,7,1 28 31 35 41 43 44,44,1,31,19,4,12 40 44,1 3 17,2 31 33,N,5,12,153,1 11 21,2 7 27,3 38 43,1,0,1,1,0,0,0,0,0,0
723,722,1,12 14 21 30 39 43 45,12,14,30,5,5,12 15 21,14 32 41,27 30 36,N,6,12,156,4 14 24,5 10 30,6 31 41,0,1,0,0,0,2,0,0,0,1
724,723,2,20 22 30 33 35 36 44,22,30,35,6,9,22 23 45,7 8 30,12 34 35,N,10,12,159,8 13 18,9 34 44,12 32 37,1,0,1,0,1,1,0,0,0,0
725,724,3,2 8 14 33 35 37 41,14,33,37,10,9,13 14 21,25 26 33,15 37 38,N,10,12,162,15 35 40,16 26 36,17 22 42,0,0,0,1,0,0,0,0,0,0
726,725,4,6 7 19 21 38 41 43,21,38,43,10,11,21 22 44,16 30 38,5 42 43,N,12,12,165,19 29 39,20 25 45,23 28 33,0,0,1,2,0,0,0,0,0,1
727,726,5,1 11 21 23 24 34 44,24,34,1,12,8,24 28 41,2 34 45,1 12 29,N,9,12,168,1 36 41,2 12 22,3 8 28,0,0,1,0,0,0,0,0,0,0
728,727,6,7 8 10 19 20 21 31,21,31,8,9,10,20 21 43,23 24 31,8 9 16,N,11,12,171,4 39 44,5 15 25,6 11 16,0,0,1,0,0,0,0,0,0,0
729,728,7,3 6 10 30 34 36 37,37,3,10,11,11,14 36 37,3 4 26,9 10 17,N,12,12,174,7 32 42,9 14 19,10 35 45,0,0,1,1,1,1,0,0,0,0
730,729,1,11 16 17 21 26 36 45,11,16,21,12,4,5 11 23,16 18 32,21 24 45,N,5,12,177,13 33 38,17 27 37,18 23 43,0,0,1,0,1,0,0,0,0,0
731,730,2,4 10 14 15 18 22 39,10,14,18,5,8,6 10 23,14 31 42,18 22 35,N,9,12,180,20 30 40,21 26 31,24 29 34,0,0,0,0,1,0,0,0,0,0
732,731,3,2 7 13 25 39 42 45,13,25,42,9,12,3 13 23,25 30 35,2 37 42,N,13,12,183,1 8 27,2 10 21,3 37 44,1,1,0,0,0,1,0,0,0,0
733,732,4,2 4 5 17 27 32 43,17,27,43,13,22,17 20 41,23 27 40,13 28 43,N,1,12,186,4 11 30,5 13 24,6 32 40,1,1,2,0,1,0,0,0,1,0
734,733,5,11 13 24 32 33 35 40,33,35,11,1,2,24 27 33,19 21 35,11 38 44,N,3,12,189,7 14 18,9 35 43,12 31 38,0,0,1,0,0,1,0,0,0,0
735,734,6,6 16 18 37 38 41 45,41,45,16,3,3,25 27 41,9 33 45,16 28 37,Y,4,13,3,15 34 41,16 23 42,17 25 36,1,0,0,2,0,1,0,0,0,1
736,735,7,4 5 10 13 27 37 41,41,4,10,4,4,8 35 41,4 7 28,10 14 27,N,5,13,6,19 26 45,20 28 39,22 29 33,0,0,0,0,0,1,0,0,0,0
737,736,1,2 6 11 17 18 21 27,2,6,17,5,5,2 11 29,6 42 45,17 26 44,N,6,13,9,1 35 42,2 9 28,3 11 22,0,0,0,0,0,0,0,0,0,0
738,737,2,11 13 15 18 24 27 41,13,15,24,6,6,11 13 27,15 31 44,8 10 24,N,7,13,12,4 38 45,5 12 16,6 14 25,1,0,0,1,0,0,0,0,0,0
739,738,3,23 27 28 36 38 42 43,28,36,42,7,7,12 14 28,7 36 38,13 42 44,N,8,13,15,7 33 41,8 15 19,10 36 44,2,0,0,0,1,0,0,0,1,0
740,739,4,7 22 29 30 33 34 35,30,33,35,8,8,19 30 32,5 33 37,18 22 35,N,9,13,18,13 32 39,17 24 43,18 26 37,0,1,0,1,0,0,0,0,0,0
741,740,5,4 8 9 16 17 19 31,17,19,4,9,9,16 17 39,19 20 42,4 5 27,N,10,13,21,20 27 31,21 29 40,23 30 34,1,1,1,0,0,2,0,0,0,1
742,741,6,5 16 21 27 34 44 45,44,45,16,10,11,21 22 44,8 31 45,16 30 38,N,12,13,24,1 9 20,2 36 43,3 10 29,0,1,1,0,1,0,0,0,0,0
743,742,7,6 8 10 13 36 37 40,40,6,10,12,12,5 40 45,1 6 26,10 15 20,N,13,13,27,4 12 23,5 31 39,6 13 17,0,0,0,0,0,1,0,0,0,0
744,743,1,10 15 19 21 34 41 44,10,15,21,13,13,5 10 30,15 35 40,1 11 21,N,14,13,30,7 15 26,8 34 42,11 37 45,1,1,0,1,1,1,0,0,0,0
745,744,2,10 15 18 21 34 41 43,15,18,34,14,14,5 15 25,18 23 43,24 29 34,N,15,13,33,14 33 40,16 24 35,18 25 44,0,0,0,0,1,0,0,0,0,0
746,745,3,1 2 3 9 10 12 23,3,9,12,15,15,3 37 44,9 35 43,12 31 38,N,16,13,36,19 27 38,21 28 32,22 30 41,0,0,0,1,0,1,0,0,0,0
747,746,4,3 12 25 33 36 42 45,33,36,45,16,16,7 33 41,10 36 44,4 38 45,N,17,13,39,1 16 31,2 17 32,3 18 33,0,0,0,1,0,0,0,0,0,0
748,747,5,7 9 12 14 17 23 28,17,23,7,17,17,6 13 17,4 12 23,7 15 26,N,18,13,42,4 10 22,5 8 29,6 12 24,2,0,0,1,0,0,0,0,1,0
749,748,6,3 10 13 22 29 31 32,31,32,10,18,18,1 16 31,2 17 32,4 10 22,N,19,13,45,7 34 40,9 36 42,11 15 28,1,0,0,0,0,0,0,0,0,0
750,749,7,12 14 24 26 34 41 45,45,12,24,19,20,18 27 45,3 12 30,9 24 39,N,21,13,48,13 41 45,14 35 38,19 25 37,0,0,1,0,0,1,0,0,0,0
751,750,1,1 2 12 15 19 24 36,1,2,15,21,21,1 34 43,2 14 23,6 15 18,N,22,13,51,20 23 44,21 27 39,26 30 43,2,0,0,0,0,0,0,0,1,0
752,751,2,3 4 16 17 20 28 44,4,16,20,22,22,4 31 37,16 22 34,17 20 41,N,1,13,54,1 33 44,2 38 41,3 14 16,1,0,1,1,1,1,0,0,0,0
753,752,3,4 7 16 20 33 40 43,16,20,40,1,2,7 10 16,4 6 20,1 37 40,N,3,13,57,4 19 34,5 20 35,6 21 36,1,0,0,0,0,1,0,0,0,0
754,753,4,2 3 17 19 24 37 41,19,24,41,3,5,10 13 19,22 24 38,14 32 41,N,6,13,60,7 13 25,8 11 17,9 15 27,0,2,0,0,1,0,0,0,1,0
755,754,5,2 8 17 24 29 31 32,29,31,2,6,7,27 29 43,17 30 31,2 15 16,N,8,13,63,10 37 43,12 39 45,18 29 31,0,0,0,0,1,0,0,0,0,0
756,755,6,13 14 26 28 30 36 37,36,37,14,8,9,28 29 36,15 37 38,13 14 21,N,10,13,66,22 28 40,23 26 32,24 30 42,1,0,0,1,0,1,0,0,0,0
757,756,7,4 10 14 16 18 27 28,28,4,14,10,10,5 6 28,4 41 42,14 15 22,N,11,13,69,1 10 28,2 6 19,3 12 30,0,1,0,1,0,0,0,0,0,0
758,757,1,1 6 7 11 17 33 44,1,6,11,11,11,1 15 23,6 7 29,11 33 34,N,12,13,72,4 32 36,5 41 44,7 22 37,0,1,0,0,0,0,0,0,0,0
759,758,2,5 9 12 24 30 39 43,9,12,30,12,12,4 9 29,7 12 17,25 30 35,N,13,13,75,8 23 38,9 24 39,11 14 20,0,1,0,1,0,0,0,0,0,0
760,759,3,9 32 33 36 40 42 43,33,36,42,13,13,23 28 33,16 26 36,17 22 42,N,14,13,78,13 31 40,15 33 42,16 25 43,1,1,1,0,0,2,0,0,0,1
761,760,4,10 12 22 27 31 42 43,27,31,43,14,17,19 27 38,5 31 39,2 36 43,N,18,13,81,17 21 34,18 27 45,26 29 35,0,1,0,0,0,0,0,0,0,0
762,761,5,4 7 11 24 30 42 45,30,42,4,18,21,21 30 33,12 27 42,4 13 16,N,22,13,84,1 34 43,2 14 23,3 36 45,1,0,1,1,1,0,0,0,0,0
763,762,6,1 3 12 16 21 26 41,26,41,3,22,1,22 26 39,9 37 41,3 6 27,N,2,13,87,4 13 16,5 9 22,6 15 18,1,0,0,0,0,1,0,0,0,0
764,763,7,3 8 10 16 32 34 43,43,3,10,2,3,7 31 43,3 15 24,10 12 26,N,4,13,90,7 35 39,8 32 44,10 25 40,1,0,0,2,1,0,0,0,0,1
765,764,1,7 15 22 24 31 34 36,7,15,24,4,8,3 7 20,4 15 17,24 28 41,N,9,13,93,11 26 41,12 27 42,17 29 38,0,2,0,1,0,0,0,0,1,0
766,765,2,1 3 8 12 33 42 43,3,8,33,9,9,3 40 41,7 8 30,25 26 33,N,10,13,96,19 28 31,20 24 37,21 30 33,0,0,1,1,1,0,0,0,0,0
767,766,3,9 21 30 34 35 39 41,30,34,39,10,10,29 30 37,26 27 34,1 38 39,N,11,13,99,1 7 19,2 5 26,3 9 21,0,1,0,0,1,0,0,0,0,0
768,767,4,5 15 20 22 31 34 42,22,31,42,11,12,22 27 32,11 31 36,2 37 42,N,13,13,102,4 31 37,6 33 39,8 12 25,0,0,0,1,0,0,0,0,0,0
769,768,5,4 7 27 29 30 38 44,30,38,4,13,14,20 30 40,13 33 38,4 39 44,N,15,13,105,10 38 42,11 32 35,13 28 43,0,1,0,0,0,0,0,0,0,0
770,769,6,4 5 7 11 16 41 45,41,45,5,15,15,15 34 41,19 26 45,5 13 24,N,16,13,108,14 29 44,15 30 45,16 22 34,0,0,0,0,0,0,0,0,0,0
771,770,7,1 9 12 23 34 39 43,43,1,12,16,16,17 24 43,1 35 42,5 12 16,N,17,13,111,17 20 41,18 24 36,23 27 40,1,1,0,1,0,0,0,0,0,0
772,771,1,6 10 17 18 21 29 30,6,10,18,17,19,6 21 36,10 37 43,18 29 31,N,20,13,114,1 4 25,2 8 20,3 6 27,0,0,1,2,0,0,0,0,0,1
773,772,2,5 6 11 14 21 32 41,6,11,21,20,20,2 6 19,11 14 20,17 21 34,N,21,13,117,5 32 38,7 11 24,9 37 41,0,0,0,1,0,1,0,0,0,0
774,773,3,8 12 19 21 31 35 44,19,21,35,21,22,1 7 19,3 9 21,11 32 35,N,1,13,120,10 31 34,12 33 36,13 15 29,1,1,1,0,0,0,0,0,0,0
775,774,4,9 12 15 18 28 34 42,18,28,42,1,2,9 12 18,17 28 45,3 39 42,N,3,13,123,14 43 45,16 19 40,17 23 35,0,0,0,1,0,1,0,0,0,0
776,775,5,11 12 17 29 33 38 42,33,38,11,3,4,2 31 33,20 26 38,5 11 23,N,5,13,126,18 21 42,22 26 39,28 30 44,2,0,1,0,0,0,0,0,1,0
777,776,6,8 9 18 20 21 28 40,28,40,9,5,5,25 28 34,4 40 43,7 9 23,N,6,13,129,1 37 40,2 13 30,3 39 42,1,0,0,1,0,0,0,0,0,0
778,777,7,6 12 17 18 21 34 37,37,6,17,6,4,13 34 37,6 9 30,1 3 17,N,5,13,132,4 6 20,5 34 36,7 10 16,1,1,0,1,1,0,0,0,0,0
779,778,1,6 11 21 35 36 37 41,6,11,35,5,7,6 8 22,9 11 25,4 33 35,N,8,13,135,8 14 26,9 12 18,11 38 44,0,1,0,1,0,0,0,0,0,0
780,779,2,4 6 12 19 24 34 41,6,12,24,8,9,6 43 44,12 34 35,1 2 24,N,10,13,138,15 32 43,17 28 45,19 21 35,1,2,2,0,0,0,0,0,1,0
781,780,3,15 16 17 19 21 27 45,17,19,27,10,11,9 10 17,18 19 41,27 28 35,N,12,13,141,22 25 31,23 29 41,24 27 33,0,0,1,0,2,0,0,0,0,1
782,781,4,11 16 18 19 24 39 43,19,24,43,12,13,19 29 39,4 14 24,3 38 43,N,14,13,144,1 13 22,2 35 44,3 15 24,0,0,0,0,0,1,0,0,0,0
783,782,5,6 18 20 31 34 38 45,34,38,6,14,18,7 34 40,14 35 38,6 12 24,N,19,13,147,4 8 21,5 14 17,6 34 38,0,2,1,0,2,0,0,0,1,1
784,783,6,14 15 16 17 36 38 45,38,45,15,19,19,2 38 41,12 39 45,9 15 27,N,20,13,150,7 31 43,9 33 45,10 12 26,1,0,1,0,1,0,0,0,0,0
785,784,7,3 10 22 23 24 31 39,39,3,22,20,21,7 35 39,3 36 45,5 9 22,N,22,13,153,11 40 42,16 28 37,18 30 39,0,0,0,0,0,0,0,0,0,0
786,785,1,4 6 15 25 26 33 40,4,6,25,22,6,2 4 18,6 35 37,23 25 39,N,7,13,156,19 23 36,20 29 32,25 27 41,0,1,0,0,0,0,0,0,0,0
787,786,2,12 15 16 20 24 30 38,15,16,24,7,1,13 15 29,16 19 40,7 11 24,N,2,13,159,1 3 17,2 31 33,4 7 28,0,0,1,1,1,0,0,0,0,0
788,787,3,5 6 9 13 16 27 28,9,13,27,2,13,9 34 44,8 13 18,2 7 27,N,14,13,162,5 11 23,6 9 30,8 35 41,1,0,1,0,0,1,0,0,0,0
789,788,4,2 10 11 19 29 35 39,19,29,39,14,16,8 15 19,21 29 40,13 32 39,N,17,13,165,10 14 27,12 40 44,13 34 37,0,1,0,1,0,0,0,0,0,0
790,789,5,2 6 7 12 19 38 45,19,38,2,17,2,19 21 35,11 38 44,2 13 30,N,3,13,168,15 36 39,16 18 32,19 22 43,0,0,1,1,0,1,0,0,0,0
791,790,6,3 8 12 19 27 30 41,30,41,8,3,18,26 30 43,13 41 45,5 8 29,N,19,13,171,20 26 38,21 24 45,25 29 42,0,0,1,0,0,0,0,0,0,0
792,791,7,2 10 12 31 32 33 42,42,2,12,19,22,10 38 42,2 5 26,8 12 25,N,1,13,174,1 5 18,2 11 29,3 31 35,0,2,0,0,1,1,0,0,1,0
793,792,1,2 7 16 19 25 29 36,2,7,19,1,10,2 3 25,7 44 45,11 12 19,N,11,13,177,4 40 43,6 42 45,7 9 23,1,0,0,0,0,0,0,0,0,0
794,793,2,10 15 21 31 35 38 43,15,21,35,11,11,1 15 23,21 22 44,27 28 35,Y,12,14,3,8 37 39,10 13 19,12 15 21,0,1,0,0,0,0,0,0,0,0
795,794,3,6 7 13 18 19 30 38,13,18,30,12,12,3 13 23,18 28 38,25 30 35,N,13,14,6,14 32 41,16 20 33,17 26 44,0,0,1,2,1,0,0,0,0,1
796,795,4,3 10 13 26 34 36 38,26,34,38,13,13,16 26 36,9 34 44,3 38 43,N,14,14,9,22 24 38,25 28 34,27 30 36,0,0,1,2,0,0,0,0,0,1
797,796,5,1 5 21 26 36 40 41,36,40,1,14,15,17 25 36,6 32 40,1 8 27,N,16,14,12,1 14 30,2 4 18,3 32 34,0,0,1,0,1,0,0,0,0,0
798,797,6,5 22 31 32 36 39 45,39,45,22,16,16,13 32 39,4 38 45,3 11 22,N,17,14,15,5 7 21,6 35 37,8 10 24,0,0,1,1,0,1,0,0,0,0
799,798,7,2 10 14 22 32 36 41,41,2,14,17,17,22 30 41,2 36 43,14 33 40,N,18,14,18,9 38 40,11 13 27,12 41 43,0,0,1,0,0,0,0,0,0,0
800,799,1,12 17 23 33 34 42 45,12,17,33,18,18,6 12 24,2 17 32,3 18 33,N,19,14,21,15 31 44,16 29 45,17 19 33,0,1,0,1,0,0,0,0,0,0
801,800,2,1 4 10 12 26 28 45,4,10,26,19,19,4 19 34,10 37 43,23 26 32,N,20,14,24,20 22 36,23 25 39,26 28 42,0,1,1,0,2,0,0,0,0,1
802,801,3,2 17 25 28 37 43 44,25,28,43,20,21,10 25 40,19 28 31,1 34 43,N,22,14,27,1 32 45,2 15 16,3 5 19,0,0,0,1,0,0,0,0,0,0
803,802,4,10 11 12 18 24 27 42,18,24,42,22,2,9 12 18,24 27 33,3 39 42,N,3,14,30,4 33 35,6 8 22,7 36 38,0,0,0,1,0,0,0,0,0,0
804,803,5,2 5 9 14 26 30 43,26,30,2,3,3,10 12 26,18 30 39,2 35 44,N,4,14,33,9 11 25,10 39 41,12 14 28,0,1,0,2,0,0,0,0,0,1
805,804,6,1 9 10 13 26 32 36,32,36,9,4,4,16 18 32,15 36 39,6 9 30,N,5,14,36,13 42 44,17 30 31,18 20 34,1,1,1,2,0,0,0,0,0,1
806,805,7,3 12 13 18 31 32 42,42,3,13,5,5,6 42 45,3 31 35,10 13 19,N,6,14,39,21 23 37,24 26 40,27 29 43,2,0,0,0,1,0,0,0,1,0
807,806,1,14 20 23 27 31 37 38,14,20,27,6,6,1 14 30,20 22 36,11 13 27,N,7,14,42,1 12 29,2 34 45,3 7 20,0,1,0,0,0,0,0,0,0,0
808,807,2,6 10 18 25 33 34 35,10,18,33,7,7,10 39 41,18 20 34,4 33 35,N,8,14,45,4 15 17,5 33 37,6 10 23,1,0,0,1,0,0,0,0,0,0
809,808,3,15 21 24 31 32 41 43,24,31,41,8,9,1 2 24,9 31 32,3 40 41,N,10,14,48,8 36 40,9 13 26,11 39 43,1,0,1,0,0,1,0,0,0,0
810,809,4,6 11 15 17 23 39 40,17,23,40,10,13,17 22 42,23 28 33,15 35 40,N,14,14,51,14 31 42,16 27 44,18 22 35,0,0,0,0,0,0,0,0,0,0
811,810,5,5 10 11 13 21 39 43,21,39,5,14,14,21 26 31,4 39 44,5 15 25,N,15,14,54,19 30 32,21 25 38,24 28 41,1,1,0,1,0,0,0,0,0,0
812,811,6,8 11 19 21 25 36 45,36,45,11,15,18,9 36 42,13 41 45,11 15 28,N,19,14,57,1 2 24,3 40 41,4 5 27,1,1,0,0,0,0,0,0,0,0
813,812,7,1 3 10 12 14 16 43,43,1,10,19,22,13 28 43,1 7 19,10 38 42,N,1,14,60,6 43 44,7 8 30,9 31 32,1,1,0,0,0,1,0,0,0,0
814,813,1,11 27 30 34 35 42 44,11,27,34,1,1,7 11 24,3 6 27,10 31 34,N,2,14,63,10 11 18,12 34 35,13 14 21,0,0,1,0,0,0,0,0,0,0
815,814,2,2 21 28 30 38 42 45,21,28,38,2,2,19 21 35,17 28 45,11 38 44,N,3,14,66,15 37 38,16 17 39,19 20 42,0,1,0,1,1,0,0,0,0,0
816,815,3,4 17 21 25 26 27 36,21,25,27,3,4,21 24 45,25 29 42,10 14 27,N,5,14,69,22 23 45,25 26 33,28 29 36,0,0,1,0,1,0,0,0,0,0
817,816,4,7 12 18 19 29 31 39,19,29,39,5,6,17 19 33,16 29 45,23 25 39,N,7,14,72,1 38 39,2 3 25,4 41 42,0,2,0,0,0,1,0,0,1,0
818,817,5,3 9 12 13 25 34 43,25,34,3,7,8,21 25 38,2 34 45,3 7 20,N,9,14,75,5 6 28,7 44 45,8 9 16,1,0,0,1,0,0,0,0,0,0
819,818,6,3 14 15 25 28 29 30,29,30,14,9,9,28 29 36,7 8 30,13 14 21,N,10,14,78,10 32 33,11 12 19,13 35 36,1,0,0,0,0,0,0,0,0,0
820,819,7,15 16 25 33 38 40 45,45,15,25,10,10,7 44 45,14 15 22,2 3 25,N,11,14,81,14 15 22,17 18 40,20 21 43,1,0,1,0,1,0,0,0,0,0
821,820,1,6 10 21 22 30 35 42,6,10,22,11,12,1 6 26,10 15 20,22 27 32,N,13,14,84,23 24 31,26 27 34,29 30 37,1,0,1,1,0,0,0,0,0,0
822,821,2,1 12 13 16 24 29 44,12,13,24,13,13,12 32 37,8 13 18,4 14 24,N,14,14,87,1 15 23,2 39 40,3 4 26,0,0,0,0,1,1,0,0,0,0
823,822,3,9 12 18 20 24 27 36,18,20,27,14,14,18 23 43,20 30 40,17 27 37,N,15,14,90,5 42 43,6 7 29,8 31 45,0,0,0,1,1,0,0,0,0,0
824,823,4,12 15 18 24 26 39 40,24,26,40,15,16,17 24 43,18 26 37,21 29 40,N,17,14,93,9 10 17,11 33 34,12 13 20,1,1,0,1,0,1,0,0,0,0
825,824,5,7 9 24 26 29 34 38,29,34,7,17,17,3 10 29,8 34 42,7 15 26,N,18,14,96,14 36 37,16 30 38,18 19 41,0,1,0,0,1,1,0,0,0,0
826,825,6,8 15 21 31 33 38 42,38,42,15,18,19,2 38 41,24 30 42,9 15 27,N,20,14,99,21 22 44,24 25 32,27 28 35,0,2,0,0,1,0,0,0,1,0
827,826,7,13 16 24 25 33 36 42,42,13,24,20,20,15 33 42,13 31 40,9 24 39,N,21,14,102,1 6 26,2 37 42,3 13 23,0,0,0,1,0,0,0,0,0,0
828,827,1,5 11 12 14 29 33 44,5,11,14,21,21,5 9 22,11 26 41,2 14 23,N,22,14,105,4 9 29,5 40 45,7 12 17,2,0,1,0,0,0,0,0,1,0
829,828,2,4 7 13 18 29 31 39,7,13,29,22,2,7 10 16,2 13 30,23 29 41,N,3,14,108,8 33 43,10 15 20,11 31 36,1,0,1,0,0,0,0,0,0,0
830,829,3,4 5 29 31 35 43 45,29,31,43,3,8,1 12 29,14 31 42,11 39 43,N,9,14,111,14 34 39,16 21 41,18 28 38,0,1,2,0,0,0,0,0,1,0
831,830,4,5 6 16 17 18 37 38,17,18,38,9,9,16 17 39,10 11 18,15 37 38,N,10,14,114,19 24 44,22 27 32,25 30 35,1,0,0,2,1,0,0,0,0,1
832,831,5,3 9 10 16 19 31 39,19,31,3,10,11,18 19 41,8 31 45,3 4 26,N,12,14,117,1 11 21,2 7 27,3 38 43,0,0,1,1,0,1,0,0,0,0
833,832,6,13 14 19 26 30 40 43,40,43,14,12,12,5 40 45,8 33 43,14 34 39,N,13,14,120,4 14 24,5 10 30,6 31 41,0,1,1,0,0,1,0,0,0,0
834,833,7,12 18 19 30 39 41 42,42,12,19,13,14,7 32 42,2 12 22,9 14 19,N,15,14,123,8 13 18,9 34 44,12 32 37,2,0,0,1,0,0,0,0,1,0
835,834,1,3 6 8 18 35 42 43,3,6,18,15,19,3 14 16,6 21 36,18 29 31,N,20,14,126,15 35 40,16 26 36,17 22 42,0,0,0,0,0,0,0,0,0,0
836,835,2,9 10 13 28 35 38 45,10,13,35,20,8,6 10 23,9 13 26,18 22 35,N,9,14,129,19 29 39,20 25 45,23 28 33,0,0,1,0,2,0,0,0,0,1
837,836,3,1 9 11 14 19 26 28,11,14,26,9,15,4 11 30,7 14 18,19 26 45,N,16,14,132,1 36 41,2 12 22,3 8 28,0,1,1,1,0,1,0,0,0,0
838,837,4,2 6 25 28 30 33 45,28,30,45,16,20,1 10 28,3 12 30,18 27 45,N,21,14,135,4 39 44,5 15 25,6 11 16,0,0,0,0,0,0,0,0,0,0
839,838,5,9 14 17 20 33 36 38,33,36,9,21,22,6 33 39,18 24 36,3 9 21,N,1,14,138,7 32 42,9 14 19,10 35 45,0,2,0,0,0,2,0,0,1,1
840,839,6,3 9 11 12 13 19 35,19,35,9,1,1,16 19 40,17 23 35,9 37 41,N,2,14,141,13 33 38,17 27 37,18 23 43,0,0,1,0,0,0,0,0,0,0
841,840,7,2 4 11 27 28 29 43,43,2,11,2,4,19 22 43,2 31 33,5 11 23,N,5,14,144,20 30 40,21 26 31,24 29 34,1,0,0,0,1,2,0,0,0,1
842,841,1,5 11 14 24 30 33 38,5,11,24,5,5,1 5 18,2 11 29,22 24 38,N,6,14,147,1 8 27,2 10 21,3 37 44,0,0,0,0,0,0,0,0,0,0
843,842,2,14 26 32 36 38 39 42,26,32,38,6,6,26 28 42,3 32 34,9 38 40,N,7,14,150,4 11 30,5 13 24,6 32 40,1,0,0,1,1,0,0,0,0,0
844,843,3,4 19 21 30 33 34 42,21,30,34,7,10,20 21 43,29 30 37,26 27 34,N,11,14,153,7 14 18,9 35 43,12 31 38,1,0,0,0,0,0,0,0,0,0
845,844,4,7 8 13 15 18 33 45,15,18,45,11,1,13 15 29,18 21 42,14 43 45,N,2,14,156,15 34 41,16 23 42,17 25 36,0,1,0,1,0,1,0,0,0,0
846,845,5,1 6 16 29 33 40 45,33,40,1,2,3,9 33 45,11 40 42,1 13 22,N,4,14,159,19 26 45,20 28 39,22 29 33,1,0,0,1,0,0,0,0,0,0
847,846,6,5 13 18 30 41 43 45,43,45,13,4,7,27 29 43,1 32 45,13 42 44,N,8,14,162,1 35 42,2 9 28,3 11 22,1,1,0,0,0,1,0,0,0,0
848,847,7,12 16 22 26 28 30 42,42,12,22,8,9,19 20 42,12 34 35,22 23 45,N,10,14,165,4 38 45,5 12 16,6 14 25,1,1,0,0,0,1,0,0,0,0
849,848,1,1 2 16 22 34 38 39,1,2,22,10,1,1 4 25,2 8 20,22 26 39,N,2,14,168,7 33 41,8 15 19,10 36 44,0,0,0,0,0,1,0,0,0,0
850,849,2,3 5 13 17 29 34 39,5,13,29,2,11,5 42 43,12 13 20,6 7 29,N,12,14,171,13 32 39,17 24 43,18 26 37,1,1,0,0,1,0,0,0,0,0
851,850,3,5 16 20 24 28 36 39,20,24,36,12,3,20 29 32,3 15 24,19 23 36,N,4,14,174,20 27 31,21 29 40,23 30 34,1,0,0,0,0,0,0,0,0,0
852,851,4,14 18 22 26 31 40 44,26,31,44,4,18,26 30 43,1 16 31,20 23 44,N,19,14,177,1 9 20,2 36 43,3 10 29,0,0,0,1,0,0,0,0,0,0
853,852,5,9 11 17 28 30 33 35,30,33,9,19,5,27 30 36,16 20 33,7 9 23,N,6,14,180,4 12 23,5 31 39,6 13 17,1,0,0,1,0,1,0,0,0,0
854,853,6,2 8 13 23 26 27 44,27,44,8,6,16,20 27 31,10 36 44,8 15 19,N,17,14,183,7 15 26,8 34 42,11 37 45,0,0,0,2,1,0,0,0,0,1
855,854,7,3 20 25 31 32 36 43,43,3,25,17,17,2 36 43,3 10 29,18 25 44,Y,18,15,3,14 33 40,16 24 35,18 25 44,0,0,1,1,0,1,0,0,0,0
856,855,1,7 8 15 17 19 43 44,7,8,17,18,18,7 34 40,5 8 29,2 17 32,N,19,15,6,19 27 38,21 28 32,22 30 41,0,0,1,1,0,0,0,0,0,0
857,856,2,10 17 24 40 41 43 44,17,24,41,19,19,8 11 17,24 30 42,2 38 41,N,20,15,9,1 16 31,2 17 32,3 18 33,1,0,0,0,0,1,0,0,0,0
858,857,3,6 10 16 28 34 38 43,16,28,38,20,20,16 25 43,1 10 28,8 23 38,N,21,15,12,4 10 22,5 8 29,6 12 24,0,0,0,1,0,1,0,0,0,0
859,858,4,9 13 23 32 38 39 43,32,38,43,21,21,8 32 44,17 29 38,1 34 43,N,22,15,15,7 34 40,9 36 42,11 15 28,0,0,0,1,1,0,0,0,0,0
860,859,5,8 22 24 35 38 39 41,38,39,8,22,22,10 38 42,6 33 39,8 12 25,N,1,15,18,13 41 45,14 35 38,19 25 37,0,0,1,0,0,2,0,0,0,1
861,860,6,4 8 18 25 27 32 42,32,42,8,1,1,5 32 38,18 21 42,2 8 20,N,2,15,21,20 23 44,21 27 39,26 30 43,0,1,0,0,1,0,0,0,0,0
862,861,7,11 17 19 21 22 24 25,25,11,19,2,2,22 25 31,11 38 44,19 21 35,N,3,15,24,1 33 44,2 38 41,3 14 16,0,1,0,0,1,0,0,0,0,0
863,862,1,10 32 34 38 40 42 43,10,32,38,3,3,10 12 26,20 29 32,6 34 38,N,4,15,27,4 19 34,5 20 35,6 21 36,0,1,1,0,0,0,0,0,0,0
864,863,2,12 16 21 28 35 39 43,16,21,35,4,4,16 18 32,21 24 45,8 35 41,N,5,15,30,7 13 25,8 11 17,9 15 27,3,0,0,0,0,0,1,0,0,0
865,864,3,3 7 10 13 25 32 36,10,13,32,5,6,8 10 24,11 13 27,3 32 34,N,7,15,33,10 37 43,12 39 45,18 29 31,0,1,0,0,0,2,0,0,0,1
866,865,4,2 3 15 22 32 33 45,22,32,45,7,8,18 22 35,19 30 32,2 34 45,N,9,15,36,22 28 40,23 26 32,24 30 42,0,0,0,0,0,1,0,0,0,0
867,866,5,9 12 15 29 34 37 39,34,37,9,9,9,12 34 35,15 37 38,9 31 32,N,10,15,39,1 10 28,2 6 19,3 12 30,0,1,0,0,0,0,0,0,0,0
868,867,6,14 17 19 22 24 40 41,40,41,17,10,11,2 39 40,18 19 41,9 10 17,N,12,15,42,4 32 36,5 41 44,7 22 37,0,2,0,0,1,1,0,0,1,0
869,868,7,12 17 25 28 41 43 44,44,12,25,12,12,19 24 44,7 12 17,25 30 35,N,13,15,45,8 23 38,9 24 39,11 14 20,0,1,1,0,0,0,0,0,0,0
870,869,1,2 4 6 20 27 37 39,2,4,20,13,13,2 7 27,4 14 24,20 25 45,N,14,15,48,13 31 40,15 33 42,16 25 43,1,1,1,0,0,1,0,0,0,0
871,870,2,21 25 30 31 32 40 42,25,30,32,14,14,5 15 25,20 30 40,7 32 42,N,15,15,51,17 21 34,18 27 45,26 29 35,1,0,1,0,1,0,0,0,0,0
872,871,3,2 6 12 26 30 34 38,12,26,34,15,15,12 31 38,19 26 45,15 34 41,N,16,15,54,1 34 43,2 14 23,3 36 45,1,1,0,0,0,0,0,0,0,0
873,872,4,2 4 29 30 32 33 43,30,32,43,16,16,23 30 34,13 32 39,17 24 43,N,17,15,57,4 13 16,5 9 22,6 15 18,1,1,0,0,2,0,0,0,0,1
874,873,5,3 5 12 13 33 38 39,33,38,3,17,4,2 31 33,20 26 38,1 3 17,N,5,15,60,7 35 39,8 32 44,10 25 40,0,0,0,0,0,1,0,0,0,0
875,874,6,1 15 19 23 28 32 42,32,42,15,5,5,14 32 41,6 42 45,12 15 21,N,6,15,63,11 26 41,12 27 42,17 29 38,0,0,0,0,0,0,0,0,0,0
876,875,7,19 22 30 34 36 39 44,44,19,30,6,6,15 31 44,17 19 33,1 14 30,N,7,15,66,19 28 31,20 24 37,21 30 33,0,0,1,0,0,0,0,0,0,0
877,876,1,5 16 21 24 26 34 42,5,16,24,7,7,3 5 19,2 15 16,24 26 40,N,8,15,69,1 7 19,2 5 26,3 9 21,0,1,0,1,0,0,0,0,0,0
878,877,2,5 12 17 18 22 23 43,12,17,22,8,10,11 12 19,17 18 40,14 15 22,N,11,15,72,4 31 37,6 33 39,8 12 25,1,1,1,1,0,0,0,0,0,0
879,878,3,2 3 6 11 16 25 31,6,11,25,11,11,6 7 29,11 33 34,24 25 32,N,12,15,75,10 38 42,11 32 35,13 28 43,1,1,0,0,0,0,0,0,0,0
880,879,4,1 4 10 14 15 20 35,14,15,35,12,16,6 14 25,8 15 19,1 35 42,N,17,15,78,14 29 44,15 30 45,16 22 34,0,1,0,0,1,0,0,0,0,0
881,880,5,7 17 19 23 24 38 45,24,38,7,17,17,16 24 35,19 27 38,7 15 26,N,18,15,81,17 20 41,18 24 36,23 27 40,1,1,1,0,1,1,0,0,0,0
882,881,6,4 9 18 20 26 27 32,27,32,9,18,20,18 27 45,4 32 36,9 24 39,N,21,15,84,1 4 25,2 8 20,3 6 27,0,0,0,2,0,1,0,0,0,1
883,882,7,18 23 34 39 43 44 45,45,18,34,21,22,15 30 45,18 24 36,16 22 34,N,1,15,87,5 32 38,7 11 24,9 37 41,1,0,2,0,1,0,0,0,1,0
884,883,1,9 18 22 32 33 37 44,9,18,32,1,7,9 11 25,18 20 34,1 32 45,N,8,15,90,10 31 34,12 33 36,13 15 29,0,0,0,0,0,1,0,0,0,0
885,884,2,4 14 17 23 28 37 45,14,17,28,8,8,14 31 42,4 15 17,24 28 41,N,9,15,93,14 43 45,16 19 40,17 23 35,1,0,0,0,0,1,0,0,0,0
886,885,3,1 3 24 27 31 39 45,24,27,39,9,9,1 2 24,4 5 27,16 17 39,N,10,15,96,18 21 42,22 26 39,28 30 44,1,0,1,0,0,0,0,0,0,0
887,886,4,2 19 23 28 37 42 45,28,37,45,10,10,5 6 28,29 30 37,7 44 45,N,11,15,99,1 37 40,2 13 30,3 39 42,0,0,0,0,0,1,0,0,0,0
888,887,5,8 10 14 17 27 36 45,27,36,8,11,11,27 28 35,14 36 37,8 31 45,N,12,15,102,4 6 20,5 34 36,7 10 16,0,1,1,0,0,1,0,0,0,0
889,888,6,3 7 12 31 32 34 38,34,38,7,12,5,25 28 34,22 24 38,7 9 23,N,6,15,105,8 14 26,9 12 18,11 38 44,0,0,1,0,1,0,0,0,0,0
890,889,7,3 13 26 29 38 39 42,42,3,26,6,9,19 20 42,3 40 41,25 26 33,N,10,15,108,15 32 43,17 28 45,19 21 35,0,0,0,0,0,0,0,0,0,0
891,890,1,1 4 6 14 18 29 37,1,4,14,10,12,1 6 26,4 9 29,14 34 39,N,13,15,111,22 25 31,23 29 41,24 27 33,1,1,0,0,1,1,0,0,0,0
892,891,2,9 13 19 28 31 39 41,13,19,31,13,13,8 13 18,19 29 39,6 31 41,N,14,15,114,1 13 22,2 35 44,3 15 24,0,0,0,1,0,0,0,0,0,0
893,892,3,4 9 17 18 26 36 42,17,18,36,14,14,17 27 37,18 23 43,1 36 41,N,15,15,117,4 8 21,5 14 17,6 34 38,0,1,0,1,1,2,0,0,0,1
894,893,4,1 10 15 17 23 25 41,17,23,41,15,17,6 13 17,4 12 23,22 30 41,N,18,15,120,7 31 43,9 33 45,10 12 26,1,0,0,0,0,1,0,0,0,0
895,894,5,19 32 37 40 41 43 45,41,43,19,18,18,13 41 45,26 30 43,19 25 37,N,19,15,123,11 40 42,16 28 37,18 30 39,0,1,1,1,1,0,0,0,0,0
896,895,6,16 23 26 31 38 39 41,39,41,23,19,21,7 35 39,11 26 41,2 14 23,N,22,15,126,19 23 36,20 29 32,25 27 41,0,0,1,0,1,0,0,0,0,0
897,896,7,5 12 23 25 26 38 45,45,5,23,22,2,17 28 45,5 34 36,23 29 41,N,3,15,129,1 3 17,2 31 33,4 7 28,0,0,1,0,1,0,0,0,0,0
898,897,1,6 7 12 22 26 29 36,6,7,22,3,4,6 9 30,4 7 28,19 22 43,N,5,15,132,5 11 23,6 9 30,8 35 41,0,0,1,0,1,0,0,0,0,0
899,898,2,17 18 21 28 35 37 42,18,21,35,5,6,2 4 18,5 7 21,6 35 37,N,7,15,135,10 14 27,12 40 44,13 34 37,0,0,0,0,1,0,0,0,0,0
900,899,3,8 19 20 21 33 37 39,20,21,37,7,8,3 7 20,21 25 38,5 33 37,N,9,15,138,15 36 39,16 18 32,19 22 43,0,2,0,1,1,0,0,0,1,0
901,900,4,7 13 14 16 18 35 38,16,18,38,9,16,5 12 16,18 26 37,4 38 45,N,17,15,141,20 26 38,21 24 45,25 29 42,1,0,0,1,1,0,0,0,0,0
902,901,5,5 18 20 21 23 30 34,23,30,5,17,3,19 23 36,18 30 39,5 14 17,N,4,15,144,1 5 18,2 11 29,3 31 35,0,0,0,3,1,0,0,1,0,0
903,902,6,7 19 23 24 30 36 39,36,39,19,4,5,27 30 36,8 37 39,10 13 19,N,6,15,147,4 40 43,6 42 45,7 9 23,0,0,0,0,0,0,0,0,0,0
904,903,7,2 15 16 21 22 28 45,45,2,16,6,12,5 40 45,2 37 42,16 21 41,N,13,15,150,8 37 39,10 13 19,12 15 21,1,0,0,1,1,0,0,0,0,0
905,904,1,2 6 8 11 26 43 45,2,6,11,13,15,2 10 21,6 32 40,4 11 30,N,16,15,153,14 32 41,16 20 33,17 26 44,0,1,0,0,1,1,0,0,0,0
906,905,2,3 4 16 20 27 38 40,4,16,27,16,18,4 10 22,1 16 31,21 27 39,N,19,15,156,22 24 38,25 28 34,27 30 36,0,1,0,0,1,0,0,0,0,0
907,906,3,2 5 14 20 28 31 32,14,20,31,19,19,3 14 16,5 20 35,18 29 31,N,20,15,159,1 14 30,2 4 18,3 32 34,0,0,0,0,0,1,0,0,0,0
908,907,4,21 27 29 37 38 40 44,37,38,44,20,7,21 23 37,7 36 38,13 42 44,N,8,15,162,5 7 21,6 35 37,8 10 24,1,0,0,2,0,1,0,0,0,1
909,908,5,3 16 21 22 23 30 44,23,30,3,8,11,1 15 23,16 30 38,3 4 26,N,12,15,165,9 38 40,11 13 27,12 41 43,0,0,0,0,1,0,0,0,0,0
910,909,6,7 24 29 30 33 34 35,34,35,24,12,1,10 31 34,17 23 35,7 11 24,N,2,15,168,15 31 44,16 29 45,17 19 33,0,0,1,0,2,1,0,0,0,1
911,910,7,1 11 17 27 31 35 39,39,1,17,2,15,20 28 39,1 8 27,17 25 36,N,16,15,171,20 22 36,23 25 39,26 28 42,0,0,1,0,0,0,0,0,0,0
912,911,1,4 5 12 14 32 35 42,4,5,14,16,22,4 31 37,2 5 26,14 29 44,N,1,15,174,1 32 45,2 15 16,3 5 19,0,0,1,0,1,0,0,0,0,0
913,912,2,5 8 10 18 21 22 38,8,10,21,1,9,7 8 30,10 11 18,13 14 21,N,10,15,177,4 33 35,6 8 22,7 36 38,0,1,0,0,0,2,0,0,0,1
914,913,3,6 14 16 21 27 37 40,16,21,37,10,13,16 26 36,1 11 21,12 32 37,N,14,15,180,9 11 25,10 39 41,12 14 28,0,0,0,1,0,0,0,0,0,0
915,914,4,16 19 24 27 33 42 44,27,33,44,14,16,20 27 31,7 33 41,10 36 44,N,17,15,183,13 42 44,17 30 31,18 20 34,1,0,0,0,0,0,0,0,0,0
916,915,5,2 6 11 13 14 22 37,14,22,2,17,20,11 14 20,7 22 37,2 6 19,N,21,15,186,21 23 37,24 26 40,27 29 43,1,0,0,0,1,1,0,0,0,0
917,916,6,6 17 21 22 32 35 36,35,36,17,21,21,7 35 39,3 36 45,17 29 38,Y,22,16,3,1 12 29,2 34 45,3 7 20,1,0,1,0,1,0,0,0,0,0
918,917,7,1 3 23 24 27 34 43,43,1,23,22,22,13 28 43,1 7 19,23 27 40,N,1,16,6,4 15 17,5 33 37,6 10 23,0,1,0,0,1,0,0,0,0,0
919,918,1,5 7 11 12 31 33 38,5,7,12,1,1,5 32 38,7 11 24,12 33 36,N,2,16,9,8 36 40,9 13 26,11 39 43,0,1,0,0,0,0,0,0,0,0
920,919,2,9 14 17 18 35 42 44,14,17,35,2,2,8 14 26,17 28 45,19 21 35,N,3,16,12,14 31 42,16 27 44,18 22 35,0,0,0,1,0,0,0,0,0,0
921,920,3,2 3 26 29 33 34 43,26,29,34,3,3,10 12 26,20 29 32,6 34 38,N,4,16,15,19 30 32,21 25 38,24 28 41,0,0,2,1,0,0,0,0,1,0
922,921,4,1 5 7 12 22 28 41,12,22,41,4,4,12 40 44,19 22 43,8 35 41,N,5,16,18,1 2 24,3 40 41,4 5 27,1,0,1,0,1,0,0,0,0,0
923,922,5,2 6 13 17 27 36 43,27,36,2,5,6,11 13 27,20 22 36,2 4 18,N,7,16,21,6 43 44,7 8 30,9 31 32,0,0,0,0,1,1,0,0,0,0
924,923,6,3 17 18 23 26 36 41,36,41,17,7,7,7 36 38,10 39 41,17 30 31,N,8,16,24,10 11 18,12 34 35,13 14 21,1,1,0,0,0,0,0,0,0,0
925,924,7,3 11 13 34 42 43 44,44,3,13,8,8,16 27 44,3 7 20,9 13 26,N,9,16,27,15 37 38,16 17 39,19 20 42,0,1,1,0,0,1,0,0,0,0
926,925,1,4 13 24 32 34 39 42,4,13,32,9,9,4 5 27,13 14 21,9 31 32,N,10,16,30,22 23 45,25 26 33,28 29 36,0,1,0,0,0,1,0,0,0,0
927,926,2,6 10 16 18 20 25 31,10,16,20,10,10,10 32 33,8 9 16,20 21 43,N,11,16,33,1 38 39,2 3 25,4 41 42,1,0,2,0,0,1,0,0,1,0
928,927,3,4 15 22 26 38 41 43,22,26,41,11,11,21 22 44,3 4 26,18 19 41,N,12,16,36,5 6 28,7 44 45,8 9 16,1,1,0,1,2,0,0,0,0,1
929,928,4,3 4 10 20 28 30 44,20,28,44,12,12,10 15 20,18 28 38,19 24 44,N,13,16,39,10 32 33,11 12 19,13 35 36,0,2,0,1,0,1,0,0,1,0
930,929,5,4 7 9 12 15 19 23,15,19,4,13,13,15 35 40,19 29 39,4 14 24,N,14,16,42,14 15 22,17 18 40,20 21 43,0,0,1,0,1,0,0,0,0,0
931,930,6,8 21 25 28 38 39 44,39,44,21,14,15,20 28 39,3 37 44,2 10 21,N,16,16,45,23 24 31,26 27 34,29 30 37,1,0,0,0,0,0,0,0,0,0
932,931,7,14 15 23 25 32 35 43,43,14,23,16,16,17 24 43,6 14 25,23 30 34,N,17,16,48,1 15 23,2 39 40,3 4 26,2,0,0,0,1,0,0,0,1,0
933,932,1,1 5 6 15 36 37 38,1,5,15,17,17,1 9 20,5 31 39,7 15 26,N,18,16,51,5 42 43,6 7 29,8 31 45,0,1,2,0,1,0,0,0,1,0
934,933,2,23 27 29 31 36 37 45,27,29,36,18,18,21 27 39,5 8 29,9 36 42,N,19,16,54,9 10 17,11 33 34,12 13 20,0,1,0,1,0,1,0,0,0,0
935,934,3,1 3 12 30 33 36 39,12,30,36,19,19,12 39 45,24 30 42,6 21 36,N,20,16,57,14 36 37,16 30 38,18 19 41,0,1,0,0,0,0,0,0,0,0
936,935,4,4 10 18 20 32 38 44,20,32,44,20,20,11 14 20,4 32 36,5 41 44,N,21,16,60,21 22 44,24 25 32,27 28 35,0,0,0,1,0,0,0,0,0,0
937,936,5,7 11 13 17 18 29 43,18,29,7,21,2,9 12 18,23 29 41,7 10 16,N,3,16,63,1 6 26,2 37 42,3 13 23,0,1,1,0,1,1,0,0,0,0
938,937,6,2 10 13 22 26 29 40,29,40,10,3,5,2 11 29,4 40 43,10 13 19,N,6,16,66,4 9 29,5 40 45,7 12 17,1,0,0,0,1,1,0,0,0,0
939,938,7,4 8 9 10 16 31 36,36,4,9,6,14,1 36 41,4 39 44,9 14 19,N,15,16,69,8 33 43,10 15 20,11 31 36,0,0,1,0,2,0,0,0,0,1
940,939,1,4 6 11 28 39 42 45,4,6,28,15,17,4 12 23,6 13 17,21 28 32,N,18,16,72,14 34 39,16 21 41,18 28 38,0,1,0,0,0,0,0,0,0,0
941,940,2,3 11 15 20 22 24 41,11,15,22,18,19,8 11 17,9 15 27,22 28 40,N,20,16,75,19 24 44,22 27 32,25 30 35,0,1,1,0,1,1,0,0,0,0
942,941,3,12 14 25 27 35 39 40,25,27,39,20,20,16 25 43,18 27 45,9 24 39,N,21,16,78,1 11 21,2 7 27,3 38 43,0,0,1,1,1,0,0,0,0,0
943,942,4,10 12 18 35 39 42 43,35,39,43,21,1,17 23 35,22 26 39,14 43 45,N,2,16,81,4 14 24,5 10 30,6 31 41,0,0,0,0,0,1,0,0,0,0
944,943,5,1 8 13 36 39 44 45,39,44,1,2,2,3 39 42,11 38 44,1 37 40,N,3,16,84,8 13 18,9 34 44,12 32 37,1,0,1,0,0,0,0,0,0,0
945,944,6,2 13 16 19 32 33 42,33,42,13,3,3,9 33 45,11 40 42,1 13 22,N,4,16,87,15 35 40,16 26 36,17 22 42,1,0,0,2,0,0,0,0,0,1
946,945,7,9 10 15 26 30 33 37,37,9,15,4,4,13 34 37,6 9 30,15 36 39,N,5,16,90,19 29 39,20 25 45,23 28 33,1,0,0,1,2,0,0,0,0,1
947,946,1,9 18 19 20 30 34 40,9,18,20,5,5,7 9 23,1 5 18,16 20 33,N,6,16,93,1 36 41,2 12 22,3 8 28,0,0,2,0,0,1,0,0,1,0
948,947,2,3 8 17 20 26 27 35,8,17,26,6,6,8 10 24,17 19 33,26 28 42,N,7,16,96,4 39 44,5 15 25,6 11 16,0,0,0,0,0,0,0,0,0,0
949,948,3,5 13 18 30 31 38 41,18,30,38,7,8,18 22 35,19 30 32,21 25 38,N,9,16,99,7 32 42,9 14 19,10 35 45,0,1,1,1,0,1,0,0,0,0
950,949,4,14 21 30 35 36 40 44,35,36,44,9,9,12 34 35,28 29 36,6 43 44,N,10,16,102,13 33 38,17 27 37,18 23 43,0,0,0,0,1,0,0,0,0,0
951,950,5,3 4 10 15 22 28 40,22,28,3,10,10,14 15 22,5 6 28,2 3 25,N,11,16,105,20 30 40,21 26 31,24 29 34,1,1,0,0,0,1,0,0,0,0
952,951,6,2 12 30 31 38 39 43,39,43,12,11,11,2 39 40,5 42 43,12 13 20,N,12,16,108,1 8 27,2 10 21,3 37 44,0,0,0,0,0,1,0,0,0,0
953,952,7,4 12 22 24 33 38 41,41,4,22,12,12,16 21 41,4 9 29,22 27 32,N,13,16,111,4 11 30,5 13 24,6 32 40,0,0,0,0,1,2,0,0,0,1
954,953,1,7 9 22 27 34 37 42,7,9,27,13,15,7 14 18,9 35 43,1 8 27,N,16,16,114,7 14 18,9 35 43,12 31 38,0,1,0,0,1,1,0,0,0,0
955,954,2,1 9 26 28 30 32 41,9,26,30,16,21,5 9 22,11 26 41,21 30 33,N,22,16,117,15 34 41,16 23 42,17 25 36,0,1,0,1,1,1,0,0,0,0
956,955,3,4 8 9 23 26 29 33,9,23,29,22,6,9 38 40,23 25 39,16 29 45,N,7,16,120,19 26 45,20 28 39,22 29 33,0,1,0,0,1,0,0,0,0,0
957,956,4,10 11 20 21 25 40 41,21,25,41,7,13,1 11 21,20 25 45,6 31 41,N,14,16,123,1 35 42,2 9 28,3 11 22,1,0,0,0,0,0,0,0,0,0
958,957,5,1 4 15 24 35 36 40,35,36,1,14,11,27 28 35,14 36 37,1 15 23,N,12,16,126,4 38 45,5 12 16,6 14 25,0,1,0,1,1,0,0,0,0,0
959,958,6,1 2 9 10 16 35 37,35,37,2,12,14,10 35 45,17 27 37,2 12 22,N,15,16,129,7 33 41,8 15 19,10 36 44,1,1,0,0,0,0,0,0,0,0
960,959,7,1 14 15 24 35 40 41,41,1,15,15,16,7 33 41,1 35 42,8 15 19,N,17,16,132,13 32 39,17 24 43,18 26 37,1,1,1,0,0,0,0,0,0,0
961,960,1,2 14 18 24 30 32 45,2,14,24,17,17,2 36 43,14 33 40,16 24 35,N,18,16,135,20 27 31,21 29 40,23 30 34,2,1,0,0,1,0,0,0,1,0
962,961,2,11 20 29 31 33 42 43,20,29,33,18,19,5 20 35,18 29 31,1 33 44,N,20,16,138,1 9 20,2 36 43,3 10 29,1,1,0,0,2,1,0,0,0,1
963,962,3,1 18 28 31 34 40 43,28,31,40,20,1,28 30 44,10 31 34,16 19 40,N,2,16,141,4 12 23,5 31 39,6 13 17,2,0,1,0,1,1,0,0,1,0
964,963,4,6 12 19 23 34 35 42,23,34,42,2,7,21 23 37,18 20 34,13 42 44,N,8,16,144,7 15 26,8 34 42,11 37 45,0,0,0,1,0,0,0,0,0,0
965,964,5,6 21 30 36 38 39 43,38,39,6,8,5,22 24 38,8 37 39,6 42 45,N,6,16,147,14 33 40,16 24 35,18 25 44,0,0,1,0,0,0,0,0,0,0
966,965,6,2 13 25 28 29 34 36,34,36,13,6,12,14 34 39,11 31 36,3 13 23,N,13,16,150,19 27 38,21 28 32,22 30 41,0,1,0,1,0,0,0,0,0,0
967,966,7,1 21 25 29 34 36 37,37,1,25,13,21,20 24 37,1 34 43,10 25 40,N,22,16,153,1 16 31,2 17 32,3 18 33,1,0,0,1,1,1,0,0,0,0
968,967,1,1 6 9 13 37 38 40,1,6,13,22,1,1 4 25,3 6 27,13 15 29,N,2,16,156,4 10 22,5 8 29,6 12 24,0,1,2,0,0,0,0,0,1,0
969,968,2,2 5 12 14 24 33 39,5,12,24,2,7,3 5 19,12 14 28,24 26 40,N,8,16,159,7 34 40,9 36 42,11 15 28,1,1,0,1,0,1,0,0,0,0
970,969,3,3 7 9 10 29 40 45,9,10,40,8,16,2 9 28,10 36 44,21 29 40,N,17,16,162,13 41 45,14 35 38,19 25 37,0,0,0,2,1,1,0,0,0,1
971,970,4,5 9 11 16 21 28 36,16,21,36,17,22,16 22 34,3 9 21,18 24 36,N,1,16,165,20 23 44,21 27 39,26 30 43,0,1,1,0,1,1,0,0,0,0
972,971,5,2 6 7 17 18 21 26,18,21,2,1,3,18 30 39,4 8 21,2 35 44,N,4,16,168,1 33 44,2 38 41,3 14 16,0,0,1,1,0,0,0,0,0,0
973,972,6,3 6 17 23 26 37 39,37,39,6,4,8,5 33 37,11 39 43,6 10 23,N,9,16,171,4 19 34,5 20 35,6 21 36,0,0,0,1,0,0,0,0,0,0
974,973,7,22 24 26 31 37 41 42,42,22,26,9,9,19 20 42,22 23 45,25 26 33,N,10,16,174,7 13 25,8 11 17,9 15 27,0,1,0,0,0,0,0,0,0,0
975,974,1,1 2 11 16 32 39 44,1,2,16,10,4,1 3 17,2 31 33,16 18 32,N,5,16,177,10 37 43,12 39 45,18 29 31,0,0,0,1,0,0,0,0,0,0
976,975,2,5 7 8 9 17 22 24,7,8,17,5,11,6 7 29,8 31 45,9 10 17,N,12,16,180,22 28 40,23 26 32,24 30 42,0,0,0,0,0,0,0,0,0,0
977,976,3,2 4 12 14 25 35 37,12,14,35,12,22,8 12 25,14 29 44,11 32 35,N,1,16,183,1 10 28,2 6 19,3 12 30,1,1,0,0,2,0,0,0,0,1
978,977,4,2 9 10 14 16 22 44,14,16,44,1,18,14 35 38,1 16 31,20 23 44,N,19,16,186,4 32 36,5 41 44,7 22 37,1,0,1,0,1,0,0,0,0,0
979,978,5,1 7 8 15 32 34 42,32,34,1,19,19,23 26 32,4 19 34,1 33 44,Y,20,17,3,8 23 38,9 24 39,11 14 20,0,0,1,0,0,1,0,0,0,0
980,979,6,7 11 16 21 24 27 33,27,33,11,20,20,18 27 45,15 33 42,11 14 20,N,21,17,6,13 31 40,15 33 42,16 25 43,1,0,1,0,0,0,0,0,0,0
981,980,7,3 13 14 16 23 24 35,35,3,14,21,21,7 35 39,3 36 45,2 14 23,N,22,17,9,17 21 34,18 27 45,26 29 35,0,2,0,0,2,0,0,0,1,1
982,981,1,27 32 36 37 41 43 45,27,32,37,22,22,23 27 40,11 32 35,4 31 37,N,1,17,12,1 34 43,2 14 23,3 36 45,0,0,0,0,0,0,0,0,0,0
983,982,2,5 7 13 20 21 33 44,7,13,21,1,1,7 11 24,13 15 29,18 21 42,N,2,17,15,4 13 16,5 9 22,6 15 18,1,0,0,0,1,0,0,0,0,0
984,983,3,13 15 23 26 31 35 43,23,26,35,2,2,23 29 41,8 14 26,19 21 35,N,3,17,18,7 35 39,8 32 44,10 25 40,1,0,1,1,0,1,0,0,0,0
985,984,4,3 10 18 23 35 36 37,23,35,37,3,3,19 23 36,2 35 44,16 28 37,N,4,17,21,11 26 41,12 27 42,17 29 38,0,0,1,1,1,0,0,0,0,0
986,985,5,17 19 21 23 30 34 44,30,34,17,4,4,6 9 30,13 34 37,1 3 17,N,5,17,24,19 28 31,20 24 37,21 30 33,1,0,0,0,0,0,0,0,0,0
987,986,6,7 10 16 28 40 41 42,41,42,10,5,5,14 32 41,6 42 45,10 13 19,N,6,17,27,1 7 19,2 5 26,3 9 21,0,1,0,0,0,0,0,0,0,0
988,987,7,2 4 7 15 23 29 38,38,2,7,6,6,9 38 40,2 4 18,5 7 21,N,7,17,30,4 31 37,6 33 39,8 12 25,1,0,0,0,1,0,0,0,0,0
989,988,1,2 13 20 27 30 31 41,2,13,27,7,7,2 15 16,13 42 44,27 29 43,N,8,17,33,10 38 42,11 32 35,13 28 43,0,0,0,0,0,2,0,0,0,1
990,989,2,17 18 21 26 27 29 33,18,21,27,8,8,18 22 35,21 25 38,16 27 44,N,9,17,36,14 29 44,15 30 45,16 22 34,0,0,0,0,1,0,0,0,0,0
991,990,3,2 4 25 26 28 36 37,25,26,36,9,10,2 3 25,26 27 34,13 35 36,N,11,17,39,17 20 41,18 24 36,23 27 40,0,1,0,1,0,1,0,0,0,0
992,991,4,13 18 25 31 33 38 44,31,33,44,11,11,8 31 45,11 33 34,21 22 44,N,12,17,42,1 4 25,2 8 20,3 6 27,0,1,0,1,1,1,0,0,0,0
993,992,5,12 20 24 26 33 44 45,33,44,12,12,12,8 33 43,19 24 44,7 12 17,N,13,17,45,5 32 38,7 11 24,9 37 41,0,1,0,0,1,0,0,0,0,0
994,993,6,6 14 16 18 24 42 44,42,44,14,13,13,17 22 42,9 34 44,4 14 24,N,14,17,48,10 31 34,12 33 36,13 15 29,0,0,0,0,0,1,0,0,0,0
995,994,7,1 3 8 24 27 28 35,35,1,8,14,14,10 35 45,1 36 41,3 8 28,N,15,17,51,14 43 45,16 19 40,17 23 35,0,0,0,0,1,0,0,0,0,0
996,995,1,1 4 7 13 29 38 39,1,4,13,15,15,1 8 27,4 11 30,5 13 24,N,16,17,54,18 21 42,22 26 39,28 30 44,0,1,0,0,1,1,0,0,0,0
997,996,2,6 11 15 24 28 32 39,11,15,28,16,16,3 11 22,8 15 19,2 9 28,N,17,17,57,1 37 40,2 13 30,3 39 42,0,0,0,0,0,0,0,0,0,0
998,997,3,4 7 14 16 20 24 44,14,16,24,17,18,14 35 38,1 16 31,6 12 24,N,19,17,60,4 6 20,5 34 36,7 10 16,1,0,0,0,0,0,0,0,0,0
999,998,4,13 17 18 20 41 42 45,20,41,45,19,19,5 20 35,2 38 41,12 39 45,N,20,17,63,8 14 26,9 12 18,11 38 44,1,2,0,0,0,0,0,0,1,0
1000,999,5,1 3 9 14 18 28 34,18,28,1,20,21,6 15 18,19 28 31,1 34 43,N,22,17,66,15 32 43,17 28 45,19 21 35,1,0,1,0,1,0,0,0,0,0
1001,1000,6,2 8 19 22 32 39 42,39,42,8,22,22,6 33 39,10 38 42,8 12 25,N,1,17,69,22 25 31,23 29 41,24 27 33,0,0,0,1,2,1,0,0,0,1
1002,1001,7,6 10 12 14 15 20 42,42,6,12,1,2,3 39 42,4 6 20,9 12 18,N,3,17,72,1 13 22,2 35 44,3 15 24,0,1,0,0,0,0,0,0,0,0
1003,1002,1,15 17 25 33 35 38 45,15,17,33,3,3,3 15 24,5 14 17,9 33 45,N,4,17,75,4 8 21,5 14 17,6 34 38,1,0,0,0,0,1,0,0,0,0
1004,1003,2,1 4 29 31 39 43 45,4,29,39,4,4,4 7 28,25 29 42,15 36 39,N,5,17,78,7 31 43,9 33 45,10 12 26,1,0,0,1,0,2,0,0,0,1
1005,1004,3,7 15 18 30 37 39 44,18,30,39,5,5,1 5 18,27 30 36,8 37 39,N,6,17,81,11 40 42,16 28 37,18 30 39,0,0,1,1,1,1,0,0,0,0
1006,1005,4,8 13 17 18 24 27 29,18,24,29,6,9,10 11 18,1 2 24,28 29 36,N,10,17,84,19 23 36,20 29 32,25 27 41,0,0,0,1,0,0,0,0,0,0
1007,1006,5,8 11 15 16 17 36 37,17,36,8,10,17,6 13 17,2 36 43,8 34 42,N,18,17,87,1 3 17,2 31 33,4 7 28,0,0,0,0,0,1,0,0,0,0
1008,1007,6,8 11 16 19 21 25 40,25,40,11,18,18,19 25 37,7 34 40,11 15 28,N,19,17,90,5 11 23,6 9 30,8 35 41,1,2,1,0,0,1,0,0,1,0
1009,1008,7,9 11 30 31 33 41 44,44,9,30,19,20,5 41 44,9 24 39,3 12 30,N,21,17,93,10 14 27,12 40 44,13 34 37,0,2,1,1,0,0,0,0,1,0
1010,1009,1,15 20 23 29 34 40 44,15,20,29,21,22,15 30 45,17 20 41,14 29 44,N,1,17,96,15 36 39,16 18 32,19 22 43,2,0,0,1,0,0,0,0,1,0
1011,1010,2,3 9 12 15 25 34 36,9,12,25,1,1,9 37 41,12 33 36,1 4 25,N,2,17,99,20 26 38,21 24 45,25 29 42,2,0,0,1,1,1,0,0,1,0
1012,1011,3,1 9 12 26 35 38 42,12,26,38,2,5,12 15 21,17 26 44,22 24 38,N,6,17,102,1 5 18,2 11 29,3 31 35,2,1,1,0,0,0,0,0,1,0
1013,1012,4,3 5 11 18 20 35 45,18,20,45,6,10,17 18 40,20 21 43,7 44 45,N,11,17,105,4 40 43,6 42 45,7 9 23,0,0,0,0,1,0,0,0,0,0
1014,1013,5,21 22 26 32 34 36 41,34,36,21,11,12,14 34 39,11 31 36,16 21 41,N,13,17,108,8 37 39,10 13 19,12 15 21,0,0,0,1,1,0,0,0,0,0
1015,1014,6,3 11 14 18 21 26 27,26,27,11,13,13,16 26 36,2 7 27,1 11 21,N,14,17,111,14 32 41,16 20 33,17 26 44,1,1,0,0,0,0,0,0,0,0
1016,1015,7,14 23 31 33 37 40 44,44,14,31,14,14,4 39 44,9 14 19,21 26 31,N,15,17,114,22 24 38,25 28 34,27 30 36,0,2,0,0,0,1,0,0,1,0
1017,1016,1,15 26 28 34 41 42 44,15,26,34,15,6,15 31 44,26 28 42,3 32 34,N,7,17,117,1 14 30,2 4 18,3 32 34,1,1,1,0,0,1,0,0,0,0
1018,1017,2,12 18 22 23 30 32 34,18,22,30,7,7,18 20 34,6 8 22,17 30 31,N,8,17,120,5 7 21,6 35 37,8 10 24,1,1,0,0,0,0,0,0,0,0
1019,1018,3,3 19 21 25 35 37 45,21,25,37,8,9,13 14 21,25 26 33,15 37 38,N,10,17,123,9 38 40,11 13 27,12 41 43,0,1,0,1,0,0,0,0,0,0
1020,1019,4,1 4 6 13 17 34 39,13,17,39,10,11,12 13 20,9 10 17,2 39 40,N,12,17,126,15 31 44,16 29 45,17 19 33,0,2,0,1,0,0,0,0,1,0
1021,1020,5,6 12 27 29 38 41 45,38,41,6,12,15,12 31 38,15 34 41,6 32 40,N,16,17,129,20 22 36,23 25 39,26 28 42,0,0,0,1,1,0,0,0,0,0
1022,1021,6,12 15 16 17 24 29 45,29,45,15,16,17,3 10 29,11 37 45,7 15 26,N,18,17,132,1 32 45,2 15 16,3 5 19,1,0,1,1,2,0,0,0,0,1
1023,1022,7,5 6 11 28 29 42 45,45,5,11,18,2,17 28 45,5 34 36,11 38 44,N,3,17,135,4 33 35,6 8 22,7 36 38,1,0,0,0,0,0,0,0,0,0
1024,1023,1,10 14 16 18 25 29 35,10,14,18,3,16,10 36 44,6 14 25,18 26 37,N,17,17,138,9 11 25,10 39 41,12 14 28,1,0,0,1,0,1,0,0,0,0
1025,1024,2,9 10 18 20 22 38 44,10,18,22,17,19,10 37 43,18 29 31,22 28 40,N,20,17,141,13 42 44,17 30 31,18 20 34,0,0,1,0,1,0,0,0,0,0
1026,1025,3,7 8 9 20 25 29 33,9,20,29,20,21,5 9 22,20 24 37,17 29 38,N,22,17,144,21 23 37,24 26 40,27 29 43,0,0,0,1,0,0,0,0,0,0
1027,1026,4,5 12 13 31 32 34 41,31,32,41,22,3,7 31 43,20 29 32,25 27 41,N,4,17,147,1 12 29,2 34 45,3 7 20,0,1,0,0,0,1,0,0,0,0
1028,1027,5,5 14 16 27 35 39 45,35,39,5,4,7,4 33 35,10 39 41,3 5 19,N,8,17,150,4 15 17,5 33 37,6 10 23,0,1,0,1,0,1,0,0,0,0
1029,1028,6,5 7 12 13 18 23 35,23,35,7,8,9,22 23 45,12 34 35,7 8 30,N,10,17,153,8 36 40,9 13 26,11 39 43,0,0,1,0,1,1,0,0,0,0
1030,1029,7,12 24 30 32 37 39 41,41,12,30,10,10,4 41 42,11 12 19,29 30 37,N,11,17,156,14 31 42,16 27 44,18 22 35,0,0,0,0,1,1,0,0,0,0
1031,1030,1,2 5 9 11 17 24 29,2,5,11,11,14,2 12 22,5 15 25,6 11 16,N,15,17,159,19 30 32,21 25 38,24 28 41,1,0,0,1,0,1,0,0,0,0
1032,1031,2,6 7 19 22 32 35 36,7,19,32,15,20,7 22 37,2 6 19,4 32 36,N,21,17,162,1 2 24,3 40 41,4 5 27,1,0,0,0,2,1,0,0,0,1
1033,1032,3,1 6 12 19 28 36 42,12,19,36,21,6,12 41 43,17 19 33,20 22 36,N,7,17,165,6 43 44,7 8 30,9 31 32,1,0,0,0,0,1,0,0,0,0
1034,1033,4,3 10 11 15 20 35 44,15,20,44,7,7,2 15 16,18 20 34,13 42 44,Y,8,18,3,10 11 18,12 34 35,13 14 21,0,0,0,0,0,0,0,0,0,0
1035,1034,5,11 26 31 32 33 38 40,33,38,11,8,8,5 33 37,21 25 38,11 39 43,N,9,18,6,15 37 38,16 17 39,19 20 42,0,0,1,0,0,0,0,0,0,0
1036,1035,6,2 9 14 34 35 41 42,41,42,9,9,9,3 40 41,19 20 42,9 31 32,N,10,18,9,22 23 45,25 26 33,28 29 36,2,0,0,0,0,1,0,0,1,0
1037,1036,7,2 5 22 32 34 39 45,45,2,22,10,10,7 44 45,2 3 25,14 15 22,N,11,18,12,1 38 39,2 3 25,4 41 42,0,1,0,0,1,3,0,1,0,0
1038,1037,1,2 14 15 22 27 31 33,2,14,22,11,11,2 39 40,14 36 37,21 22 44,N,12,18,15,5 6 28,7 44 45,8 9 16,0,2,1,0,1,1,0,0,1,0
1039,1038,2,2 7 16 24 27 37 44,7,16,27,12,12,7 12 17,16 21 41,22 27 32,N,13,18,18,10 32 33,11 12 19,13 35 36,0,1,1,0,0,0,0,0,0,0
1040,1039,3,2 3 6 19 26 36 39,6,19,36,13,13,6 31 41,19 29 39,16 26 36,N,14,18,21,14 15 22,17 18 40,20 21 43,0,0,0,1,1,3,0,1,0,0
1041,1040,4,8 11 16 26 29 31 36,26,29,36,14,14,21 26 31,24 29 34,1 36 41,N,15,18,24,23 24 31,26 27 34,29 30 37,0,0,0,0,0,0,0,0,0,0
1042,1041,5,6 7 9 11 17 18 45,17,18,6,15,15,17 25 36,7 14 18,6 32 40,N,16,18,27,1 15 23,2 39 40,3 4 26,2,0,0,0,1,0,0,0,1,0
1043,1042,6,4 5 14 15 23 34 43,34,43,5,16,16,23 30 34,17 24 43,5 12 16,N,17,18,30,5 42 43,6 7 29,8 31 45,1,0,1,0,0,2,0,0,0,1
1044,1043,7,3 5 12 19 22 26 31,31,3,12,17,17,5 31 39,3 10 29,4 12 23,N,18,18,33,9 10 17,11 33 34,12 13 20,1,0,2,0,0,1,0,0,1,0
1045,1044,1,4 12 17 20 26 28 36,4,12,20,18,18,4 10 22,6 12 24,20 23 44,N,19,18,36,14 36 37,16 30 38,18 19 41,1,0,2,0,1,0,0,0,1,0
1046,1045,2,6 14 15 19 21 37 41,14,15,21,19,19,3 14 16,9 15 27,6 21 36,N,20,18,39,21 22 44,24 25 32,27 28 35,0,1,1,1,0,1,0,0,0,0
1047,1046,3,7 16 25 28 29 35 36,25,28,35,20,20,16 25 43,1 10 28,26 29 35,N,21,18,42,1 6 26,2 37 42,3 13 23,0,2,0,0,0,0,0,0,1,0
1048,1047,4,2 20 32 33 40 42 44,33,40,44,21,21,21 30 33,10 25 40,8 32 44,N,22,18,45,4 9 29,5 40 45,7 12 17,0,0,2,1,0,1,0,0,1,0
1049,1048,5,6 12 17 21 30 32 39,30,32,6,22,22,15 30 45,11 32 35,6 33 39,N,1,18,48,8 33 43,10 15 20,11 31 36,0,1,0,0,0,0,0,0,0,0
1050,1049,6,3 5 13 17 20 21 37,21,37,5,1,1,18 21 42,9 37 41,5 32 38,N,2,18,51,14 34 39,16 21 41,18 28 38,0,0,1,0,0,1,0,0,0,0
1051,1050,7,6 12 17 31 35 38 43,43,6,17,2,2,15 32 43,4 6 20,17 28 45,N,3,18,54,19 24 44,22 27 32,25 30 35,0,1,2,1,0,0,0,0,1,0
1052,1051,1,21 26 30 32 33 35 44,21,26,32,3,3,4 8 21,10 12 26,20 29 32,N,4,18,57,1 11 21,2 7 27,3 38 43,0,1,1,0,1,0,0,0,0,0
1053,1052,2,1 5 17 26 27 35 38,5,17,27,4,4,5 11 23,1 3 17,10 14 27,N,5,18,60,4 14 24,5 10 30,6 31 41,0,1,0,0,0,0,0,0,0,0
1054,1053,3,15 22 26 29 30 34 45,26,29,34,5,5,17 26 44,2 11 29,25 28 34,N,6,18,63,8 13 18,9 34 44,12 32 37,0,0,0,0,0,1,0,0,0,0
1055,1054,4,14 19 27 28 30 33 45,28,30,45,6,6,26 28 42,1 14 30,16 29 45,N,7,18,66,15 35 40,16 26 36,17 22 42,0,0,1,0,1,0,0,0,0,0
1056,1055,5,4 7 12 14 22 31 33,22,31,4,7,7,6 8 22,17 30 31,4 33 35,N,8,18,69,19 29 39,20 25 45,23 28 33,0,2,0,0,0,0,0,0,1,0
1057,1056,6,13 20 24 29 32 36 45,36,45,20,8,8,8 36 40,2 34 45,3 7 20,N,9,18,72,1 36 41,2 12 22,3 8 28,0,0,1,2,1,0,0,0,0,1
1058,1057,7,8 12 13 19 27 40 45,45,8,13,9,9,22 23 45,7 8 30,13 14 21,N,10,18,75,4 39 44,5 15 25,6 11 16,0,1,1,1,1,0,0,0,0,0
1059,1058,1,11 23 25 30 32 40 42,11,23,30,10,10,11 12 19,23 24 31,29 30 37,N,11,18,78,7 32 42,9 14 19,10 35 45,1,0,1,0,0,0,0,0,0,0
1060,1059,2,7 10 22 25 27 34 40,10,22,27,11,13,5 10 30,17 22 42,2 7 27,N,14,18,81,13 33 38,17 27 37,18 23 43,2,0,0,1,0,0,0,0,1,0
1061,1060,3,3 10 24 33 36 38 45,24,33,38,14,15,5 13 24,22 29 33,12 31 38,N,16,18,84,20 30 40,21 26 31,24 29 34,0,0,1,1,0,0,0,0,0,0
1062,1061,4,4 15 24 27 35 37 45,27,35,45,16,16,20 27 31,1 35 42,4 38 45,N,17,18,87,1 8 27,2 10 21,3 37 44,0,0,0,2,0,1,0,0,0,1
1063,1062,5,12 20 31 32 40 41 45,40,41,12,17,19,22 28 40,2 38 41,12 39 45,N,20,18,90,4 11 30,5 13 24,6 32 40,0,1,1,1,1,0,0,0,0,0
1064,1063,6,3 6 22 23 24 30 38,30,38,6,20,20,3 12 30,8 23 38,2 6 19,N,21,18,93,7 14 18,9 35 43,12 31 38,1,2,0,1,0,1,0,0,1,0
1065,1064,7,3 6 9 14 18 22 35,35,3,9,21,21,7 35 39,3 36 45,5 9 22,N,22,18,96,15 34 41,16 23 42,17 25 36,0,1,0,0,2,0,0,0,0,1
1066,1065,1,3 18 19 23 24 32 45,3,18,23,22,22,3 9 21,18 24 36,23 27 40,N,1,18,99,19 26 45,20 28 39,22 29 33,1,0,0,1,0,0,0,0,0,0
1067,1066,2,6 11 16 19 21 32 45,11,16,21,1,2,11 38 44,7 10 16,19 21 35,N,3,18,102,1 35 42,2 9 28,3 11 22,0,1,0,0,2,1,0,0,0,1
1068,1067,3,7 10 18 19 23 28 33,18,19,28,3,3,18 30 39,19 23 36,16 28 37,N,4,18,105,4 38 45,5 12 16,6 14 25,1,0,0,0,1,0,0,0,0,0
1069,1068,4,3 4 7 19 26 33 35,19,26,35,4,4,19 22 43,20 26 38,8 35 41,N,5,18,108,7 33 41,8 15 19,10 36 44,0,0,1,1,0,0,0,0,0,0
1070,1069,5,1 10 18 22 28 31 44,28,31,1,5,8,24 28 41,14 31 42,1 12 29,N,9,18,111,13 32 39,17 24 43,18 26 37,0,0,0,1,1,0,0,0,0,0
1071,1070,6,3 6 14 22 30 36 41,36,41,6,9,10,13 35 36,4 41 42,5 6 28,N,11,18,114,20 27 31,21 29 40,23 30 34,0,1,1,1,0,0,0,0,0,0
1072,1071,7,1 2 11 21 30 35 39,39,1,11,11,12,14 34 39,1 6 26,11 31 36,N,13,18,117,1 9 20,2 36 43,3 10 29,1,1,0,0,0,0,0,0,0,0
1073,1072,1,16 18 20 23 27 32 43,16,18,23,13,21,4 13 16,6 15 18,2 14 23,N,22,18,120,4 12 23,5 31 39,6 13 17,0,0,1,0,2,0,0,0,0,1
1074,1073,2,6 15 18 28 30 32 38,15,18,30,22,4,15 36 39,16 18 32,6 9 30,N,5,18,123,7 15 26,8 34 42,11 37 45,0,0,0,0,0,1,0,0,0,0
1075,1074,3,1 6 15 20 27 28 41,15,20,28,5,11,1 15 23,12 13 20,27 28 35,N,12,18,126,14 33 40,16 24 35,18 25 44,0,2,1,2,0,1,0,0,1,1
1076,1075,4,1 10 23 24 35 44 45,24,35,45,12,12,19 24 44,25 30 35,5 40 45,N,13,18,129,19 27 38,21 28 32,22 30 41,0,0,0,0,0,0,0,0,0,0
1077,1076,5,3 7 9 10 33 36 37,33,36,3,13,16,7 33 41,10 36 44,3 11 22,N,17,18,132,1 16 31,2 17 32,3 18 33,0,1,0,0,0,0,0,0,0,0
1078,1077,6,4 8 17 30 34 40 43,40,43,8,17,17,14 33 40,2 36 43,8 34 42,N,18,18,135,4 10 22,5 8 29,6 12 24,1,0,1,1,1,0,0,0,0,0
1079,1078,7,6 10 11 14 36 38 43,43,6,11,18,1,14 43 45,3 6 27,7 11 24,N,2,18,138,7 34 40,9 36 42,11 15 28,0,0,0,1,0,1,0,0,0,0
1080,1079,1,4 6 8 18 24 37 45,4,6,18,2,5,4 40 43,6 42 45,1 5 18,N,6,18,141,13 41 45,14 35 38,19 25 37,1,0,0,0,0,0,0,0,0,0
1081,1080,2,13 16 23 31 36 38 44,16,23,36,6,1,16 19 40,17 23 35,12 33 36,N,2,18,144,20 23 44,21 27 39,26 30 43,1,0,0,1,1,0,0,0,0,0
1082,1081,3,1 9 16 17 23 24 38,16,17,24,2,11,16 30 38,9 10 17,24 25 32,N,12,18,147,1 33 44,2 38 41,3 14 16,0,0,0,0,0,1,0,0,0,0
1083,1082,4,21 26 27 31 32 34 42,31,32,42,12,18,1 16 31,2 17 32,9 36 42,N,19,18,150,4 19 34,5 20 35,6 21 36,0,0,0,0,0,0,0,0,0,0
1084,1083,5,3 7 14 15 17 22 38,17,22,3,19,3,5 14 17,1 13 22,3 15 24,N,4,18,153,7 13 25,8 11 17,9 15 27,1,1,0,0,1,0,0,0,0,0
1085,1084,6,5 8 12 13 29 33 42,33,42,8,4,11,11 33 34,5 42 43,8 31 45,N,12,18,156,10 37 43,12 39 45,18 29 31,0,0,1,0,0,0,0,0,0,0
1086,1085,7,4 7 17 18 36 38 44,44,4,17,12,19,1 33 44,4 19 34,8 11 17,N,20,18,159,22 28 40,23 26 32,24 30 42,0,0,0,0,0,1,0,0,0,0
1087,1086,1,11 16 25 27 35 36 37,11,16,27,20,9,10 11 18,16 17 39,4 5 27,N,10,18,162,1 10 28,2 6 19,3 12 30,0,0,0,1,0,0,0,0,0,0
1088,1087,2,13 14 16 18 21 34 44,14,16,21,10,5,14 32 41,16 20 33,12 15 21,N,6,18,165,4 32 36,5 41 44,7 22 37,0,1,1,0,0,1,0,0,0,0
1089,1088,3,11 21 22 30 31 39 44,22,30,39,6,14,2 12 22,20 30 40,4 39 44,N,15,18,168,8 23 38,9 24 39,11 14 20,0,0,0,0,0,1,0,0,0,0
1090,1089,4,4 18 31 37 40 42 43,37,40,43,15,18,19 25 37,7 34 40,26 30 43,N,19,18,171,13 31 40,15 33 42,16 25 43,1,0,0,1,1,0,0,0,0,0
1091,1090,5,1 12 19 21 29 40 45,29,40,1,19,7,27 29 43,24 26 40,1 32 45,N,8,18,174,17 21 34,18 27 45,26 29 35,0,0,0,0,1,0,0,0,0,0
1092,1091,6,6 20 23 24 28 30 44,30,44,20,8,15,4 11 30,3 37 44,20 28 39,N,16,18,177,1 34 43,2 14 23,3 36 45,0,0,1,0,0,0,0,0,0,0
1093,1092,7,7 18 19 26 33 37 45,45,7,19,16,17,11 37 45,7 15 26,19 27 38,N,18,18,180,4 13 16,5 9 22,6 15 18,0,1,0,0,0,0,0,0,0,0
1094,1093,1,10 17 22 30 35 43 44,10,17,30,18,8,6 10 23,4 15 17,19 30 32,N,9,18,183,7 35 39,8 32 44,10 25 40,1,0,1,1,1,0,0,0,0,0
1095,1094,2,6 7 15 22 26 40 41,7,15,26,9,9,7 8 30,15 37 38,25 26 33,Y,10,19,3,11 26 41,12 27 42,17 29 38,0,0,1,1,0,0,0,0,0,0
1096,1095,3,8 12 14 28 29 34 40,14,28,34,10,10,14 15 22,5 6 28,26 27 34,N,11,19,6,19 28 31,20 24 37,21 30 33,1,0,0,0,0,0,0,0,0,0
1097,1096,4,1 12 16 19 23 34 43,19,23,43,11,11,18 19 41,1 15 23,5 42 43,N,12,19,9,1 7 19,2 5 26,3 9 21,0,0,0,0,0,0,0,0,0,0
1098,1097,5,4 14 33 34 35 37 40,35,37,4,12,12,25 30 35,2 37 42,4 9 29,N,13,19,12,4 31 37,6 33 39,8 12 25,0,0,1,0,0,0,0,0,0,0
1099,1098,6,12 15 16 21 24 41 43,41,43,15,13,13,6 31 41,3 38 43,15 35 40,N,14,19,15,10 38 42,11 32 35,13 28 43,1,0,2,0,3,1,0,1,1,0
1100,1099,7,3 4 20 28 38 40 43,43,3,20,14,14,18 23 43,3 8 28,20 30 40,N,15,19,18,14 29 44,15 30 45,16 22 34,1,1,0,1,0,1,0,0,0,0
1101,1100,1,12 17 26 29 30 31 43,12,17,29,15,15,12 31 38,17 25 36,22 29 33,N,16,19,21,17 20 41,18 24 36,23 27 40,0,1,0,0,1,0,0,0,0,0
1102,1101,2,6 7 13 28 36 41 42,7,13,36,16,16,7 33 41,13 32 39,10 36 44,N,17,19,24,1 4 25,2 8 20,3 6 27,0,0,0,0,1,0,0,0,0,0
1103,1102,3,13 14 20 22 26 37 38,20,22,37,17,17,1 9 20,22 30 41,11 37 45,N,18,19,27,5 32 38,7 11 24,9 37 41,0,0,0,0,0,0,0,0,0,0
1104,1103,4,2 10 12 29 31 40 44,29,31,44,18,18,5 8 29,1 16 31,20 23 44,N,19,19,30,10 31 34,12 33 36,13 15 29,0,0,0,0,1,0,0,0,0,0
1105,1104,5,1 2 7 21 30 35 38,30,35,1,19,19,24 30 42,5 20 35,1 33 44,N,20,19,33,14 43 45,16 19 40,17 23 35,0,2,0,0,0,0,0,0,1,0
1106,1105,6,6 11 16 34 37 39 40,39,40,11,20,20,9 24 39,13 31 40,11 14 20,N,21,19,36,18 21 42,22 26 39,28 30 44,1,0,0,0,0,0,0,0,0,0
1107,1106,7,1 3 4 29 36 42 45,45,1,4,21,21,3 36 45,1 34 43,4 13 16,N,22,19,39,1 37 40,2 13 30,3 39 42,1,1,0,0,0,0,0,0,0,0
1108,1107,1,6 14 29 30 31 40 41,6,14,30,22,22,6 33 39,14 29 44,15 30 45,N,1,19,42,4 6 20,5 34 36,7 10 16,0,0,1,1,1,0,0,0,0,0
1109,1108,2,7 19 26 27 37 39 44,19,26,37,1,1,16 19 40,22 26 39,9 37 41,N,2,19,45,8 14 26,9 12 18,11 38 44,0,1,0,2,0,0,0,0,0,1
1110,1109,3,2 10 12 13 19 33 40,12,13,33,2,2,9 12 18,2 13 30,24 27 33,N,3,19,48,15 32 43,17 28 45,19 21 35,0,0,0,0,0,0,0,0,0,0
1111,1110,4,3 7 11 20 22 24 41,20,22,41,3,3,20 29 32,1 13 22,25 27 41,N,4,19,51,22 25 31,23 29 41,24 27 33,0,0,1,0,1,0,0,0,0,0
1112,1111,5,3 4 13 30 33 43 45,33,43,3,4,4,2 31 33,19 22 43,1 3 17,N,5,19,54,1 13 22,2 35 44,3 15 24,0,1,0,0,0,0,0,0,0,0
1113,1112,6,16 20 24 26 36 42 44,42,44,20,5,5,6 42 45,17 26 44,16 20 33,N,6,19,57,4 8 21,5 14 17,6 34 38,1,0,0,0,1,1,0,0,0,0
1114,1113,7,8 11 13 20 21 32 44,44,8,13,6,6,15 31 44,8 10 24,11 13 27,N,7,19,60,7 31 43,9 33 45,10 12 26,0,1,1,0,1,0,0,0,0,0
1115,1114,1,3 10 16 19 32 33 38,3,10,19,7,8,3 7 20,6 10 23,19 30 32,N,9,19,63,11 40 42,16 28 37,18 30 39,0,0,0,1,1,1,0,0,0,0
1116,1115,2,7 8 12 23 32 34 36,8,12,32,9,10,8 9 16,11 12 19,10 32 33,N,11,19,66,19 23 36,20 29 32,25 27 41,0,0,1,1,0,0,0,0,0,0
1117,1116,3,15 16 17 25 30 31 32,17,25,31,11,11,9 10 17,24 25 32,8 31 45,N,12,19,69,1 3 17,2 31 33,4 7 28,1,1,1,1,0,0,0,0,0,0
1118,1117,4,3 4 7 9 30 33 36,9,30,36,12,13,9 34 44,5 10 30,16 26 36,N,14,19,72,5 11 23,6 9 30,8 35 41,1,0,0,0,0,1,0,0,0,0
1119,1118,5,3 11 13 14 15 16 45,15,16,3,14,15,15 34 41,16 23 42,3 37 44,N,16,19,75,10 14 27,12 40 44,13 34 37,0,1,1,0,0,0,0,0,0,0
1120,1119,6,1 3 9 12 13 20 45,20,45,3,16,16,20 27 31,4 38 45,3 11 22,N,17,19,78,15 36 39,16 18 32,19 22 43,0,0,1,1,1,0,0,0,0,0
1121,1120,7,2 19 26 31 34 38 41,41,2,26,17,18,13 41 45,2 17 32,26 30 43,N,19,19,81,20 26 38,21 24 45,25 29 42,1,1,0,0,1,0,0,0,0,0
1122,1121,1,6 8 24 31 32 38 44,6,8,31,19,19,6 21 36,8 11 17,18 29 31,N,20,19,84,1 5 18,2 11 29,3 31 35,0,0,2,2,0,0,0,0,1,1
1123,1122,2,3 6 21 22 30 34 35,6,21,30,20,20,2 6 19,17 21 34,3 12 30,N,21,19,87,4 40 43,6 42 45,7 9 23,0,0,0,1,2,0,0,0,0,1
1124,1123,3,13 19 21 24 26 34 35,21,24,34,21,22,3 9 21,18 24 36,16 22 34,N,1,19,90,8 37 39,10 13 19,12 15 21,1,0,0,1,0,1,0,0,0,0
1125,1124,4,3 8 17 28 30 33 34,28,30,34,1,3,16 28 37,18 30 39,6 34 38,N,4,19,93,14 32 41,16 20 33,17 26 44,1,1,1,0,0,1,0,0,0,0
1126,1125,5,6 14 25 30 33 40 44,33,40,6,4,6,17 19 33,9 38 40,6 35 37,N,7,19,96,22 24 38,25 28 34,27 30 36,0,0,0,0,2,1,0,0,0,1
1127,1126,6,4 5 7 9 11 37 40,37,40,5,7,7,21 23 37,24 26 40,3 5 19,N,8,19,99,1 14 30,2 4 18,3 32 34,1,0,0,1,1,0,0,0,0,0
1128,1127,7,10 15 24 30 31 32 37,37,10,24,8,14,17 27 37,10 35 45,24 29 34,N,15,19,102,5 7 21,6 35 37,8 10 24,1,0,1,0,0,0,0,0,0,0
1129,1128,1,1 5 8 16 28 33 45,1,5,16,15,20,1 10 28,5 41 44,16 25 43,N,21,19,105,9 38 40,11 13 27,12 41 43,0,1,0,2,1,0,0,0,0,1
1130,1129,2,5 10 11 17 22 28 34,10,11,22,21,21,10 25 40,11 26 41,5 9 22,N,22,19,108,15 31 44,16 29 45,17 19 33,1,0,1,1,0,0,0,0,0,0
1131,1130,3,15 19 21 25 27 28 40,21,25,28,22,1,18 21 42,1 4 25,28 30 44,N,2,19,111,20 22 36,23 25 39,26 28 42,0,0,0,0,1,0,0,0,0,0
1132,1131,4,1 2 6 14 27 33 38,14,27,38,2,5,14 32 41,27 30 36,22 24 38,N,6,19,114,1 32 45,2 15 16,3 5 19,0,0,1,1,0,0,0,0,0,0
1133,1132,5,5 6 7 19 28 34 41,28,34,5,6,6,26 28 42,3 32 34,5 7 21,N,7,19,117,4 33 35,6 8 22,7 36 38,0,0,0,1,1,0,0,0,0,0
1134,1133,6,13 14 20 23 28 29 34,29,34,14,7,7,27 29 43,18 20 34,12 14 28,N,8,19,120,9 11 25,10 39 41,12 14 28,1,0,0,0,0,0,0,0,0,0
1135,1134,7,3 7 9 13 19 23 24,24,3,9,8,9,1 2 24,3 40 41,9 31 32,N,10,19,123,13 42 44,17 30 31,18 20 34,1,0,0,1,0,0,0,0,0,0
1136,1135,1,1 4 6 13 19 21 33,1,4,13,10,10,1 38 39,4 41 42,13 35 36,N,11,19,126,21 23 37,24 26 40,27 29 43,1,0,0,1,1,1,0,0,0,0
1137,1136,2,1 21 33 35 38 42 44,21,33,38,11,11,21 22 44,11 33 34,16 30 38,N,12,19,129,1 12 29,2 34 45,3 7 20,1,1,0,0,1,0,0,0,0,0
1138,1137,3,4 9 12 15 26 33 45,12,15,33,12,12,7 12 17,10 15 20,8 33 43,N,13,19,132,4 15 17,5 33 37,6 10 23,0,0,0,0,1,0,0,0,0,0
1139,1138,4,14 16 19 20 29 34 35,20,29,35,13,21,20 24 37,17 29 38,7 35 39,N,22,19,135,8 36 40,9 13 26,11 39 43,1,0,0,1,0,0,0,0,0,0
1140,1139,5,5 12 15 18 30 37 40,30,37,5,22,4,6 9 30,13 34 37,5 11 23,N,5,19,138,14 31 42,16 27 44,18 22 35,1,0,1,0,0,0,0,0,0,0
1141,1140,6,7 10 15 22 29 31 38,31,38,10,5,7,17 30 31,7 36 38,10 39 41,N,8,19,141,19 30 32,21 25 38,24 28 41,0,1,0,0,1,0,0,0,0,0
1142,1141,7,7 11 12 20 21 26 35,35,7,12,8,11,27 28 35,6 7 29,12 13 20,N,12,19,144,1 2 24,3 40 41,4 5 27,1,1,0,1,0,0,0,0,0,0
1143,1142,1,2 8 22 28 30 37 41,2,8,28,12,13,2 7 27,8 13 18,23 28 33,N,14,19,147,6 43 44,7 8 30,9 31 32,0,0,0,1,0,1,0,0,0,0
1144,1143,2,6 10 16 17 27 28 36,10,16,27,14,17,3 10 29,16 24 35,19 27 38,N,18,19,150,10 11 18,12 34 35,13 14 21,0,2,0,1,0,0,0,0,1,0
1145,1144,3,3 4 6 12 15 26 34,6,12,26,18,14,6 11 16,2 12 22,21 26 31,N,15,19,153,15 37 38,16 17 39,19 20 42,1,0,0,1,1,1,0,0,0,0
1146,1145,4,2 11 31 32 33 37 44,32,33,44,15,17,21 28 32,14 33 40,18 25 44,N,18,19,156,22 23 45,25 26 33,28 29 36,0,0,0,0,1,0,0,0,0,0
1147,1146,5,6 11 17 19 28 40 43,28,40,6,18,18,11 15 28,7 34 40,6 12 24,N,19,19,159,1 38 39,2 3 25,4 41 42,0,0,0,1,1,1,0,0,0,0
1148,1147,6,7 11 24 26 27 32 37,32,37,11,19,2,15 32 43,1 37 40,11 38 44,N,3,19,162,5 6 28,7 44 45,8 9 16,1,0,1,1,0,0,0,0,0,0
1149,1148,7,3 6 13 15 16 22 32,32,3,13,3,19,23 26 32,3 14 16,7 13 25,N,20,19,165,10 32 33,11 12 19,13 35 36,1,1,1,1,0,0,0,0,0,0
1150,1149,1,8 15 19 21 32 36 38,8,15,21,20,21,8 32 44,6 15 18,21 30 33,N,22,19,168,14 15 22,17 18 40,20 21 43,0,1,0,1,1,0,0,0,0,0
1151,1150,2,8 9 18 25 35 39 45,9,18,35,22,5,7 9 23,1 5 18,3 31 35,N,6,19,171,23 24 31,26 27 34,29 30 37,0,1,1,1,0,1,0,0,0,0
1152,1151,3,2 3 8 9 15 27 29,8,9,27,6,8,8 36 40,9 13 26,16 27 44,N,9,19,174,1 15 23,2 39 40,3 4 26,0,0,0,1,0,0,0,0,0,0
1153,1152,4,5 30 31 32 35 36 37,32,35,37,9,20,4 32 36,26 29 35,7 22 37,N,21,19,177,5 42 43,6 7 29,8 31 45,0,0,0,0,1,0,0,0,0,0
1154,1153,5,1 5 9 10 13 35 44,13,35,1,21,22,13 28 43,11 32 35,1 7 19,N,1,19,180,9 10 17,11 33 34,12 13 20,0,0,0,0,1,0,0,0,0,0
1155,1154,6,4 8 22 26 27 32 38,32,38,8,1,4,16 18 32,20 26 38,8 35 41,N,5,19,183,14 36 37,16 30 38,18 19 41,1,2,1,1,1,0,0,0,1,0
1156,1155,7,10 13 16 19 27 37 38,38,10,16,5,5,22 24 38,10 13 19,16 20 33,Y,6,20,3,21 22 44,24 25 32,27 28 35,0,0,0,0,0,0,0,0,0,0
1157,1156,1,7 30 31 34 39 41 45,7,30,34,6,6,5 7 21,1 14 30,3 32 34,N,7,20,6,1 6 26,2 37 42,3 13 23,1,0,0,2,0,0,0,0,0,1
1158,1157,2,5 7 12 20 25 26 28,7,12,25,7,7,7 36 38,12 14 28,9 11 25,N,8,20,9,4 9 29,5 40 45,7 12 17,0,0,0,1,0,1,0,0,0,0
1159,1158,3,20 21 25 27 32 37 38,25,27,37,8,8,21 25 38,16 27 44,5 33 37,N,9,20,12,8 33 43,10 15 20,11 31 36,0,0,0,1,1,0,0,0,0,0
1160,1159,4,3 7 9 27 28 38 39,27,28,39,9,9,4 5 27,28 29 36,16 17 39,N,10,20,15,14 34 39,16 21 41,18 28 38,1,0,1,0,1,1,0,0,0,0
1161,1160,5,7 13 18 19 36 39 45,36,39,7,10,10,13 35 36,1 38 39,7 44 45,N,11,20,18,19 24 44,22 27 32,25 30 35,1,0,0,0,0,0,0,0,0,0
1162,1161,6,2 12 20 24 34 37 42,37,42,12,11,11,14 36 37,5 42 43,12 13 20,N,12,20,21,1 11 21,2 7 27,3 38 43,1,0,0,0,0,1,0,0,0,0
1163,1162,7,6 20 21 22 25 28 29,29,6,21,12,12,4 9 29,1 6 26,16 21 41,N,13,20,24,4 14 24,5 10 30,6 31 41,0,0,0,0,0,1,0,0,0,0
1164,1163,1,2 4 13 15 16 33 43,2,4,15,13,13,2 7 27,4 14 24,15 35 40,N,14,20,27,8 13 18,9 34 44,12 32 37,1,0,0,0,0,0,0,0,0,0
1165,1164,2,17 18 22 23 25 38 39,18,22,25,14,14,18 23 43,2 12 22,5 15 25,N,15,20,30,15 35 40,16 26 36,17 22 42,0,0,0,0,0,0,0,0,0,0
1166,1165,3,6 7 17 27 29 38 45,17,27,38,15,15,17 25 36,1 8 27,12 31 38,N,16,20,33,19 29 39,20 25 45,23 28 33,1,1,1,1,1,0,0,0,0,0
1167,1166,4,14 16 23 25 27 29 42,25,27,42,16,16,6 14 25,20 27 31,1 35 42,N,17,20,36,1 36 41,2 12 22,3 8 28,0,0,1,0,1,1,0,0,0,0
1168,1167,5,8 23 24 31 35 39 40,35,39,8,17,17,16 24 35,5 31 39,8 34 42,N,18,20,39,4 39 44,5 15 25,6 11 16,0,0,0,1,0,0,0,0,0,0
1169,1168,6,9 21 24 29 30 33 37,33,37,21,18,18,3 18 33,19 25 37,21 27 39,N,19,20,42,7 32 42,9 14 19,10 35 45,1,0,0,0,0,1,0,0,0,0
1170,1169,7,5 12 20 24 26 39 42,42,5,20,19,20,15 33 42,5 41 44,11 14 20,N,21,20,45,13 33 38,17 27 37,18 23 43,2,0,0,1,0,0,0,0,1,0
1171,1170,1,3 13 25 28 34 38 42,3,13,28,21,21,3 36 45,4 13 16,19 28 31,N,22,20,48,20 30 40,21 26 31,24 29 34,0,0,0,1,0,0,0,0,0,0
1172,1171,2,3 6 7 11 12 17 19,6,7,12,22,22,6 33 39,1 7 19,8 12 25,N,1,20,51,1 8 27,2 10 21,3 37 44,0,0,1,0,1,0,0,0,0,0
1173,1172,3,7 9 24 40 42 44 45,24,40,44,1,1,7 11 24,16 19 40,28 30 44,N,2,20,54,4 11 30,5 13 24,6 32 40,1,1,0,0,0,1,0,0,0,0
1174,1173,4,1 3 5 18 20 30 35,18,20,35,2,2,9 12 18,4 6 20,19 21 35,N,3,20,57,7 14 18,9 35 43,12 31 38,1,0,0,0,0,0,0,0,0,0
1175,1174,5,8 11 14 17 22 36 39,22,36,8,3,3,1 13 22,19 23 36,4 8 21,N,4,20,60,15 34 41,16 23 42,17 25 36,0,1,0,0,0,2,0,0,0,1
1176,1175,6,3 4 6 8 31 32 42,32,42,4,4,4,16 18 32,25 29 42,4 7 28,N,5,20,63,19 26 45,20 28 39,22 29 33,0,0,0,0,0,1,0,0,0,0
1177,1176,7,7 9 11 21 29 30 35,35,7,11,5,5,3 31 35,7 9 23,2 11 29,N,6,20,66,1 35 42,2 9 28,3 11 22,0,0,1,1,1,0,0,0,0,0
1178,1177,1,3 7 15 16 19 21 43,3,7,16,6,11,3 4 26,6 7 29,16 30 38,N,12,20,69,4 38 45,5 12 16,6 14 25,0,1,1,0,1,0,0,0,0,0
1179,1178,2,5 6 11 17 27 43 44,6,11,27,12,17,6 13 17,11 37 45,19 27 38,N,18,20,72,7 33 41,8 15 19,10 36 44,0,0,1,0,0,0,0,0,0,0
1180,1179,3,3 16 18 21 24 40 44,18,21,40,18,19,18 29 31,6 21 36,22 28 40,N,20,20,75,13 32 39,17 24 43,18 26 37,0,0,2,1,1,1,0,0,1,0
1181,1180,4,3 6 12 18 37 40 41,18,37,41,20,21,6 15 18,20 24 37,11 26 41,N,22,20,78,20 27 31,21 29 40,23 30 34,1,0,0,0,1,1,0,0,0,0
1182,1181,5,8 10 14 20 28 33 41,28,33,8,22,2,17 28 45,24 27 33,8 14 26,N,3,20,81,1 9 20,2 36 43,3 10 29,1,0,0,1,0,0,0,0,0,0
1183,1182,6,1 13 21 22 25 28 31,28,31,13,3,6,26 28 42,15 31 44,11 13 27,N,7,20,84,4 12 23,5 31 39,6 13 17,2,0,1,0,1,1,0,0,1,0
1184,1183,7,4 15 17 23 27 31 36,36,4,17,7,14,1 36 41,4 39 44,17 27 37,N,15,20,87,7 15 26,8 34 42,11 37 45,0,0,1,0,0,1,0,0,0,0
1185,1184,1,14 16 23 25 31 37 42,14,16,25,15,3,5 14 17,16 28 37,25 27 41,N,4,20,90,14 33 40,16 24 35,18 25 44,0,0,0,1,1,0,0,0,0,0
1186,1185,2,6 17 22 28 29 32 38,17,22,29,4,6,17 19 33,20 22 36,16 29 45,N,7,20,93,19 27 38,21 28 32,22 30 41,0,1,0,0,0,1,0,0,0,0
1187,1186,3,2 8 13 16 23 28 35,13,16,28,7,13,8 13 18,16 26 36,23 28 33,N,14,20,96,1 16 31,2 17 32,3 18 33,0,0,0,1,1,0,0,0,0,0
1188,1187,4,5 13 26 29 37 40 42,29,37,42,14,15,22 29 33,3 37 44,16 23 42,N,16,20,99,4 10 22,5 8 29,6 12 24,2,0,1,1,1,0,0,0,1,0
1189,1188,5,3 4 9 12 19 22 27,19,22,3,16,20,2 6 19,7 22 37,3 12 30,N,21,20,102,7 34 40,9 36 42,11 15 28,0,1,0,1,1,0,0,0,0,0
1190,1189,6,9 19 29 31 35 37 38,37,38,19,21,4,13 34 37,20 26 38,19 22 43,N,5,20,105,13 41 45,14 35 38,19 25 37,1,0,1,0,1,1,0,0,0,0
1191,1190,7,7 9 19 23 26 33 45,45,7,19,5,8,2 34 45,3 7 20,19 30 32,N,9,20,108,20 23 44,21 27 39,26 30 43,1,0,0,0,1,0,0,0,0,0
1192,1191,1,1 2 4 11 12 20 41,1,2,11,9,11,1 15 23,2 39 40,11 33 34,N,12,20,111,1 33 44,2 38 41,3 14 16,0,0,1,1,2,0,0,0,0,1
1193,1192,2,10 11 16 23 36 39 40,11,16,36,12,16,3 11 22,5 12 16,10 36 44,N,17,20,114,4 19 34,5 20 35,6 21 36,1,0,1,0,1,0,0,0,0,0
1194,1193,3,6 9 16 17 19 24 28,16,17,24,17,18,1 16 31,2 17 32,6 12 24,N,19,20,117,7 13 25,8 11 17,9 15 27,1,0,1,0,0,1,0,0,0,0
1195,1194,4,2 3 13 15 24 33 37,15,24,37,19,19,9 15 27,24 30 42,10 37 43,N,20,20,120,10 37 43,12 39 45,18 29 31,0,0,0,2,0,0,0,0,0,1
1196,1195,5,3 15 27 33 34 36 37,34,36,3,20,22,16 22 34,18 24 36,3 9 21,N,1,20,123,22 28 40,23 26 32,24 30 42,1,0,0,0,0,0,0,0,0,0
1197,1196,6,8 12 14 15 29 40 45,40,45,12,1,3,11 40 42,9 33 45,10 12 26,N,4,20,126,1 10 28,2 6 19,3 12 30,2,0,0,0,0,1,0,0,1,0
1198,1197,7,1 5 7 26 28 30 43,43,1,7,4,9,6 43 44,1 2 24,7 8 30,N,10,20,129,4 32 36,5 41 44,7 22 37,0,1,0,0,0,1,0,0,0,0
1199,1198,1,21 26 30 33 38 39 41,21,26,33,10,10,20 21 43,26 27 34,10 32 33,N,11,20,132,8 23 38,9 24 39,11 14 20,0,1,0,0,0,1,0,0,0,0
1200,1199,2,7 16 24 25 30 31 32,16,24,30,11,14,6 11 16,24 29 34,20 30 40,N,15,20,135,13 31 40,15 33 42,16 25 43,0,0,1,1,0,1,0,0,0,0
1201,1200,3,1 2 4 16 20 32 45,4,16,32,15,19,4 19 34,3 14 16,23 26 32,N,20,20,138,17 21 34,18 27 45,26 29 35,0,1,1,0,0,0,0,0,0,0
1202,1201,4,7 9 24 27 35 36 37,27,35,37,20,22,23 27 40,11 32 35,4 31 37,N,1,20,141,1 34 43,2 14 23,3 36 45,0,0,0,1,0,1,0,0,0,0
1203,1202,5,5 7 12 21 33 37 40,33,37,5,1,1,12 33 36,9 37 41,5 32 38,N,2,20,144,4 13 16,5 9 22,6 15 18,0,0,2,0,0,0,0,0,1,0
1204,1203,6,3 6 18 24 29 35 39,35,39,6,2,3,2 35 44,18 30 39,6 34 38,N,4,20,147,7 35 39,8 32 44,10 25 40,0,2,0,1,1,0,0,0,1,0
1205,1204,7,8 16 27 28 30 31 44,44,8,27,4,4,12 40 44,8 35 41,10 14 27,N,5,20,150,11 26 41,12 27 42,17 29 38,1,0,0,0,1,0,0,0,0,0
1206,1205,1,1 2 4 16 23 31 41,1,2,16,5,2,1 37 40,2 13 30,7 10 16,N,3,20,153,19 28 31,20 24 37,21 30 33,0,0,0,1,0,0,0,0,0,0
1207,1206,2,1 3 17 23 26 27 42,3,17,26,3,7,3 5 19,17 30 31,24 26 40,N,8,20,156,1 7 19,2 5 26,3 9 21,0,0,0,0,0,1,0,0,0,0
1208,1207,3,10 11 22 24 27 38 45,22,24,38,8,12,22 27 32,19 24 44,18 28 38,N,13,20,159,4 31 37,6 33 39,8 12 25,0,1,0,1,0,1,0,0,0,0
1209,1208,4,6 25 27 30 36 38 42,30,36,42,13,12,25 30 35,11 31 36,2 37 42,N,13,20,162,10 38 42,11 32 35,13 28 43,0,1,0,1,0,2,0,0,0,1
1210,1209,5,2 17 20 24 35 37 39,35,37,2,13,7,4 33 35,21 23 37,2 15 16,N,8,20,165,14 29 44,15 30 45,16 22 34,0,0,0,0,0,0,0,0,0,0
1211,1210,6,1 7 9 17 27 31 38,31,38,7,8,14,21 26 31,13 33 38,7 32 42,N,15,20,168,17 20 41,18 24 36,23 27 40,0,0,3,1,1,0,1,0,0,0
1212,1211,7,10 23 26 27 35 38 40,40,10,26,15,15,6 32 40,2 10 21,19 26 45,N,16,20,171,1 4 25,2 8 20,3 6 27,1,1,0,0,0,0,0,0,0,0
1213,1212,1,5 8 25 31 41 44 45,5,8,31,16,10,5 6 28,8 9 16,23 24 31,N,11,20,174,5 32 38,7 11 24,9 37 41,2,1,0,1,0,0,0,0,1,0
1214,1213,2,2 5 11 25 27 36 38,5,11,27,11,11,5 42 43,11 33 34,27 28 35,Y,12,21,3,10 31 34,12 33 36,13 15 29,1,1,1,0,1,1,0,0,0,0
1215,1214,3,10 14 15 19 27 30 33,15,19,30,12,12,10 15 20,19 24 44,25 30 35,N,13,21,6,14 43 45,16 19 40,17 23 35,1,1,0,1,2,0,0,0,0,1
1216,1215,4,13 15 19 21 39 44 45,21,39,45,13,13,1 11 21,19 29 39,20 25 45,N,14,21,9,18 21 42,22 26 39,28 30 44,0,0,0,0,0,0,0,0,0,0
1217,1216,5,3 10 14 15 23 24 25,23,24,3,14,14,18 23 43,24 29 34,3 8 28,N,15,21,12,1 37 40,2 13 30,3 39 42,0,0,0,0,1,1,0,0,0,0
1218,1217,6,8 10 15 20 29 31 41,31,41,10,15,15,12 31 38,15 34 41,2 10 21,N,16,21,15,4 6 20,5 34 36,7 10 16,0,0,0,1,0,0,0,0,0,0
1219,1218,7,3 25 28 31 32 42 45,45,3,28,16,16,4 38 45,3 11 22,2 9 28,N,17,21,18,8 14 26,9 12 18,11 38 44,0,0,0,1,0,2,0,0,0,1
1220,1219,1,1 2 15 28 31 39 45,1,2,28,17,17,1 9 20,2 36 43,21 28 32,N,18,21,21,15 32 43,17 28 45,19 21 35,1,1,0,0,2,1,0,0,0,1
1221,1220,2,2 16 22 25 28 34 43,16,22,28,18,18,1 16 31,4 10 22,11 15 28,N,19,21,24,22 25 31,23 29 41,24 27 33,0,0,0,0,0,1,0,0,0,0
1222,1221,3,6 9 13 18 28 30 36,13,18,30,19,19,7 13 25,18 29 31,24 30 42,N,20,21,27,1 13 22,2 35 44,3 15 24,1,0,0,0,0,0,0,0,0,0
1223,1222,4,4 11 17 22 32 34 41,22,32,41,20,20,7 22 37,4 32 36,5 41 44,N,21,21,30,4 8 21,5 14 17,6 34 38,0,0,0,0,1,0,0,0,0,0
1224,1223,5,16 18 20 26 32 33 39,32,33,16,21,21,8 32 44,21 30 33,4 13 16,N,22,21,33,7 31 43,9 33 45,10 12 26,0,2,0,1,1,0,0,0,1,0
1225,1224,6,9 18 21 27 28 44 45,44,45,18,22,22,14 29 44,15 30 45,18 24 36,N,1,21,36,11 40 42,16 28 37,18 30 39,1,0,0,0,0,0,0,0,0,0
1226,1225,7,8 9 19 25 33 41 42,42,8,19,1,1,18 21 42,2 8 20,16 19 40,N,2,21,39,19 23 36,20 29 32,25 27 41,0,0,0,0,0,0,0,0,0,0
1227,1226,1,4 6 13 17 26 28 41,4,6,17,2,3,4 8 21,6 34 38,5 14 17,N,4,21,42,1 3 17,2 31 33,4 7 28,1,0,0,0,1,1,0,0,0,0
1228,1227,2,1 13 14 16 34 41 44,13,14,34,4,5,10 13 19,14 32 41,25 28 34,N,6,21,45,5 11 23,6 9 30,8 35 41,0,1,1,0,0,0,0,0,0,0
1229,1228,3,1 24 29 30 31 35 44,29,30,35,6,6,16 29 45,1 14 30,6 35 37,N,7,21,48,10 14 27,12 40 44,13 34 37,0,1,3,1,0,1,1,0,0,0
1230,1229,4,12 13 16 29 34 37 42,29,34,42,7,7,27 29 43,18 20 34,13 42 44,N,8,21,51,15 36 39,16 18 32,19 22 43,0,0,1,0,0,1,0,0,0,0
1231,1230,5,3 8 9 22 28 42 45,28,42,3,8,8,24 28 41,14 31 42,3 7 20,N,9,21,54,20 26 38,21 24 45,25 29 42,1,0,0,0,2,0,0,0,0,1
1232,1231,6,4 13 14 15 18 31 38,31,38,13,9,9,9 31 32,15 37 38,13 14 21,N,10,21,57,1 5 18,2 11 29,3 31 35,0,0,0,0,1,0,0,0,0,0
1233,1232,7,3 12 15 19 22 24 36,36,3,15,10,10,13 35 36,2 3 25,14 15 22,N,11,21,60,4 40 43,6 42 45,7 9 23,1,0,1,0,2,0,0,0,0,1
1234,1233,1,2 7 20 25 29 37 40,2,7,25,11,11,2 39 40,6 7 29,24 25 32,N,12,21,63,8 37 39,10 13 19,12 15 21,0,1,1,0,0,0,0,0,0,0
1235,1234,2,1 15 19 27 31 35 43,15,19,31,12,14,5 15 25,9 14 19,21 26 31,N,15,21,66,14 32 41,16 20 33,17 26 44,0,0,0,1,0,0,0,0,0,0
1236,1235,3,6 7 11 15 20 39 43,11,15,39,15,17,11 37 45,7 15 26,5 31 39,N,18,21,69,22 24 38,25 28 34,27 30 36,1,1,0,0,0,0,0,0,0,0
1237,1236,4,10 12 18 21 29 34 38,21,29,38,18,18,21 27 39,5 8 29,14 35 38,N,19,21,72,1 14 30,2 4 18,3 32 34,0,0,1,0,0,0,0,0,0,0
1238,1237,5,10 20 23 34 36 37 40,36,37,10,19,21,3 36 45,20 24 37,10 25 40,N,22,21,75,5 7 21,6 35 37,8 10 24,0,0,0,0,0,0,0,0,0,0
