round,date,k1,k2,k3,k4,k5,sales,price,sold_lines,source_file,source_sha256
1,20021207,0,1,28,2537,40155,3681782000,2000,1840891,api-0124.json,d6b3da00d57e9c5123384b2a334a150be277d3b4575e561ebbab3ff2d1037629
2,20021214,1,2,103,3763,55480,4904274000,2000,2452137,api-0124.json,d6b3da00d57e9c5123384b2a334a150be277d3b4575e561ebbab3ff2d1037629
3,20021221,1,0,139,5940,73256,4729342000,2000,2364671,api-0124.json,d6b3da00d57e9c5123384b2a334a150be277d3b4575e561ebbab3ff2d1037629
4,20021228,0,1,29,2777,52382,5271464000,2000,2635732,api-0124.json,d6b3da00d57e9c5123384b2a334a150be277d3b4575e561ebbab3ff2d1037629
5,20030104,0,0,42,3043,60434,6277102000,2000,3138551,api-0124.json,d6b3da00d57e9c5123384b2a334a150be277d3b4575e561ebbab3ff2d1037629
6,20030111,1,3,138,13445,176375,15305356000,2000,7652678,api-0124.json,d6b3da00d57e9c5123384b2a334a150be277d3b4575e561ebbab3ff2d1037629
7,20030118,0,9,270,13229,206259,12794890000,2000,6397445,api-0124.json,d6b3da00d57e9c5123384b2a334a150be277d3b4575e561ebbab3ff2d1037629
8,20030125,0,6,348,14279,248242,20751450000,2000,10375725,api-0123.json,11ca32d2b0d265ef02f16a770b60098828a08661d39f99ae93c7657dae03f507
9,20030201,0,4,352,23672,603375,73624020000,2000,36812010,api-0123.json,11ca32d2b0d265ef02f16a770b60098828a08661d39f99ae93c7657dae03f507
10,20030208,13,236,11247,703234,3410846,260856392000,2000,130428196,api-0123.json,11ca32d2b0d265ef02f16a770b60098828a08661d39f99ae93c7657dae03f507
11,20030215,5,11,428,38515,612805,91925306000,2000,45962653,api-0123.json,11ca32d2b0d265ef02f16a770b60098828a08661d39f99ae93c7657dae03f507
12,20030222,12,27,1903,76845,1115084,76255508000,2000,38127754,api-0123.json,11ca32d2b0d265ef02f16a770b60098828a08661d39f99ae93c7657dae03f507
13,20030301,0,6,450,29601,726751,66532136000,2000,33266068,api-0123.json,11ca32d2b0d265ef02f16a770b60098828a08661d39f99ae93c7657dae03f507
14,20030308,4,28,1421,77736,1341756,99838648000,2000,49919324,api-0123.json,11ca32d2b0d265ef02f16a770b60098828a08661d39f99ae93c7657dae03f507
15,20030315,1,16,509,39202,827538,73264910000,2000,36632455,api-0123.json,11ca32d2b0d265ef02f16a770b60098828a08661d39f99ae93c7657dae03f507
16,20030322,4,12,862,47255,870770,75777348000,2000,37888674,api-0123.json,11ca32d2b0d265ef02f16a770b60098828a08661d39f99ae93c7657dae03f507
17,20030329,3,9,1142,61651,961162,72718152000,2000,36359076,api-0123.json,11ca32d2b0d265ef02f16a770b60098828a08661d39f99ae93c7657dae03f507
18,20030405,0,15,664,38453,693323,66371660000,2000,33185830,api-0122.json,76ae116eee92011cee8c0c408a14094203b9fb551abe88a8be7fc020fbaaca9d
19,20030412,1,14,697,55154,1135991,105957818000,2000,52978909,api-0122.json,76ae116eee92011cee8c0c408a14094203b9fb551abe88a8be7fc020fbaaca9d
20,20030419,1,14,888,48158,827470,81056776000,2000,40528388,api-0122.json,76ae116eee92011cee8c0c408a14094203b9fb551abe88a8be7fc020fbaaca9d
21,20030426,23,26,2008,82996,1155368,84247142000,2000,42123571,api-0122.json,76ae116eee92011cee8c0c408a14094203b9fb551abe88a8be7fc020fbaaca9d
22,20030503,4,32,827,53248,937961,79455152000,2000,39727576,api-0122.json,76ae116eee92011cee8c0c408a14094203b9fb551abe88a8be7fc020fbaaca9d
23,20030510,4,23,1372,63717,990081,77374256000,2000,38687128,api-0122.json,76ae116eee92011cee8c0c408a14094203b9fb551abe88a8be7fc020fbaaca9d
24,20030517,0,18,925,52777,755905,78486634000,2000,39243317,api-0122.json,76ae116eee92011cee8c0c408a14094203b9fb551abe88a8be7fc020fbaaca9d
25,20030524,2,28,1111,58903,1096200,120073768000,2000,60036884,api-0122.json,76ae116eee92011cee8c0c408a14094203b9fb551abe88a8be7fc020fbaaca9d
26,20030531,5,39,1340,72252,1097093,80193026000,2000,40096513,api-0122.json,76ae116eee92011cee8c0c408a14094203b9fb551abe88a8be7fc020fbaaca9d
27,20030607,2,16,579,33509,625925,76145050000,2000,38072525,api-0122.json,76ae116eee92011cee8c0c408a14094203b9fb551abe88a8be7fc020fbaaca9d
28,20030614,10,22,1164,57870,938483,75448366000,2000,37724183,api-0121.json,5639f373cb78b28c1efa5037ac1d300920d602c0eeedfb1c6565ddff06c0cb81
29,20030621,5,17,752,42347,765661,74523120000,2000,37261560,api-0121.json,5639f373cb78b28c1efa5037ac1d300920d602c0eeedfb1c6565ddff06c0cb81
30,20030628,2,22,872,42319,710466,72399690000,2000,36199845,api-0121.json,5639f373cb78b28c1efa5037ac1d300920d602c0eeedfb1c6565ddff06c0cb81
31,20030705,2,29,1130,58406,863641,71317306000,2000,35658653,api-0121.json,5639f373cb78b28c1efa5037ac1d300920d602c0eeedfb1c6565ddff06c0cb81
32,20030712,10,49,1203,52704,834746,71179198000,2000,35589599,api-0121.json,5639f373cb78b28c1efa5037ac1d300920d602c0eeedfb1c6565ddff06c0cb81
33,20030719,1,41,1063,52142,888943,67457252000,2000,33728626,api-0121.json,5639f373cb78b28c1efa5037ac1d300920d602c0eeedfb1c6565ddff06c0cb81
34,20030726,5,45,1264,68519,922063,69389894000,2000,34694947,api-0121.json,5639f373cb78b28c1efa5037ac1d300920d602c0eeedfb1c6565ddff06c0cb81
35,20030802,3,24,933,46866,779854,66143062000,2000,33071531,api-0121.json,5639f373cb78b28c1efa5037ac1d300920d602c0eeedfb1c6565ddff06c0cb81
36,20030809,1,19,768,38321,673755,66856686000,2000,33428343,api-0121.json,5639f373cb78b28c1efa5037ac1d300920d602c0eeedfb1c6565ddff06c0cb81
37,20030816,3,20,857,46334,782490,65509794000,2000,32754897,api-0121.json,5639f373cb78b28c1efa5037ac1d300920d602c0eeedfb1c6565ddff06c0cb81
38,20030823,3,18,679,36377,681031,67369284000,2000,33684642,api-0120.json,80f6c459c8f251951c1d2fb82896f473f260bcd001eca89c45fd19a455c1935f
39,20030830,6,25,699,38752,680975,66094476000,2000,33047238,api-0120.json,80f6c459c8f251951c1d2fb82896f473f260bcd001eca89c45fd19a455c1935f
40,20030906,13,44,1055,65081,798374,65699086000,2000,32849543,api-0120.json,80f6c459c8f251951c1d2fb82896f473f260bcd001eca89c45fd19a455c1935f
41,20030913,0,21,700,33805,583744,57624562000,2000,28812281,api-0120.json,80f6c459c8f251951c1d2fb82896f473f260bcd001eca89c45fd19a455c1935f
42,20030920,6,35,1405,79543,1393691,119909740000,2000,59954870,api-0120.json,80f6c459c8f251951c1d2fb82896f473f260bcd001eca89c45fd19a455c1935f
43,20030927,1,21,926,45078,776043,74686296000,2000,37343148,api-0120.json,80f6c459c8f251951c1d2fb82896f473f260bcd001eca89c45fd19a455c1935f
44,20031004,5,23,785,40092,696051,69956950000,2000,34978475,api-0120.json,80f6c459c8f251951c1d2fb82896f473f260bcd001eca89c45fd19a455c1935f
45,20031011,2,27,890,45470,775339,71216232000,2000,35608116,api-0120.json,80f6c459c8f251951c1d2fb82896f473f260bcd001eca89c45fd19a455c1935f
46,20031018,3,39,1043,45243,745199,68181568000,2000,34090784,api-0120.json,80f6c459c8f251951c1d2fb82896f473f260bcd001eca89c45fd19a455c1935f
47,20031025,5,11,902,40580,679466,67756694000,2000,33878347,api-0120.json,80f6c459c8f251951c1d2fb82896f473f260bcd001eca89c45fd19a455c1935f
48,20031101,6,25,1279,58047,874668,65806832000,2000,32903416,api-0119.json,6a5a827d82db7a8ea12380569a970cdedbfe1e4aa909df7a0d8357551ceb7c58
49,20031108,7,49,1487,66451,929635,64501142000,2000,32250571,api-0119.json,6a5a827d82db7a8ea12380569a970cdedbfe1e4aa909df7a0d8357551ceb7c58
50,20031115,3,14,826,40296,664631,65563234000,2000,32781617,api-0119.json,6a5a827d82db7a8ea12380569a970cdedbfe1e4aa909df7a0d8357551ceb7c58
51,20031122,6,26,961,45707,706567,62553680000,2000,31276840,api-0119.json,6a5a827d82db7a8ea12380569a970cdedbfe1e4aa909df7a0d8357551ceb7c58
52,20031129,4,13,669,34665,619109,64393446000,2000,32196723,api-0119.json,6a5a827d82db7a8ea12380569a970cdedbfe1e4aa909df7a0d8357551ceb7c58
53,20031206,3,25,802,45372,742615,64996010000,2000,32498005,api-0119.json,6a5a827d82db7a8ea12380569a970cdedbfe1e4aa909df7a0d8357551ceb7c58
54,20031213,3,15,719,34854,617337,63833006000,2000,31916503,api-0119.json,6a5a827d82db7a8ea12380569a970cdedbfe1e4aa909df7a0d8357551ceb7c58
55,20031220,2,24,728,42550,746855,62195764000,2000,31097882,api-0119.json,6a5a827d82db7a8ea12380569a970cdedbfe1e4aa909df7a0d8357551ceb7c58
56,20031227,4,29,1359,41156,744566,65258932000,2000,32629466,api-0119.json,6a5a827d82db7a8ea12380569a970cdedbfe1e4aa909df7a0d8357551ceb7c58
57,20040103,4,25,960,44050,763692,70132666000,2000,35066333,api-0119.json,6a5a827d82db7a8ea12380569a970cdedbfe1e4aa909df7a0d8357551ceb7c58
58,20040110,4,39,1318,58215,880954,66638136000,2000,33319068,api-0118.json,f308893605e2e4ee836b686dcfe607c2b682cb7f3293d5dc0f6505cc4d259bd5
59,20040117,4,23,651,35026,626460,67563698000,2000,33781849,api-0118.json,f308893605e2e4ee836b686dcfe607c2b682cb7f3293d5dc0f6505cc4d259bd5
60,20040124,7,27,1088,45712,735708,65405936000,2000,32702968,api-0118.json,f308893605e2e4ee836b686dcfe607c2b682cb7f3293d5dc0f6505cc4d259bd5
61,20040131,5,11,789,41227,714784,73312994000,2000,36656497,api-0118.json,f308893605e2e4ee836b686dcfe607c2b682cb7f3293d5dc0f6505cc4d259bd5
62,20040207,1,22,829,41686,700804,66740368000,2000,33370184,api-0118.json,f308893605e2e4ee836b686dcfe607c2b682cb7f3293d5dc0f6505cc4d259bd5
63,20040214,2,26,824,41505,712954,67074050000,2000,33537025,api-0118.json,f308893605e2e4ee836b686dcfe607c2b682cb7f3293d5dc0f6505cc4d259bd5
64,20040221,4,11,651,37117,654379,65085154000,2000,32542577,api-0118.json,f308893605e2e4ee836b686dcfe607c2b682cb7f3293d5dc0f6505cc4d259bd5
65,20040228,4,27,1003,52556,848960,66685144000,2000,33342572,api-0118.json,f308893605e2e4ee836b686dcfe607c2b682cb7f3293d5dc0f6505cc4d259bd5
66,20040306,4,19,786,40188,712181,63378796000,2000,31689398,api-0118.json,f308893605e2e4ee836b686dcfe607c2b682cb7f3293d5dc0f6505cc4d259bd5
67,20040313,7,62,972,46740,748901,64314872000,2000,32157436,api-0118.json,f308893605e2e4ee836b686dcfe607c2b682cb7f3293d5dc0f6505cc4d259bd5
68,20040320,5,20,754,43265,735760,63813236000,2000,31906618,api-0117.json,7293aa73828acca49e15653ee0627d108b9f134bb63c7e53e65af6c5e8d72dd9
69,20040327,3,20,766,41220,704209,63711302000,2000,31855651,api-0117.json,7293aa73828acca49e15653ee0627d108b9f134bb63c7e53e65af6c5e8d72dd9
70,20040403,3,14,717,36781,645990,63232578000,2000,31616289,api-0117.json,7293aa73828acca49e15653ee0627d108b9f134bb63c7e53e65af6c5e8d72dd9
71,20040410,0,28,782,39516,659631,62889986000,2000,31444993,api-0117.json,7293aa73828acca49e15653ee0627d108b9f134bb63c7e53e65af6c5e8d72dd9
72,20040417,13,44,2510,113994,1702959,125651214000,2000,62825607,api-0117.json,7293aa73828acca49e15653ee0627d108b9f134bb63c7e53e65af6c5e8d72dd9
73,20040424,6,26,1363,55608,865131,72635862000,2000,36317931,api-0117.json,7293aa73828acca49e15653ee0627d108b9f134bb63c7e53e65af6c5e8d72dd9
74,20040501,3,40,1021,48438,802633,68902158000,2000,34451079,api-0117.json,7293aa73828acca49e15653ee0627d108b9f134bb63c7e53e65af6c5e8d72dd9
75,20040508,4,19,817,40782,697174,66138372000,2000,33069186,api-0117.json,7293aa73828acca49e15653ee0627d108b9f134bb63c7e53e65af6c5e8d72dd9
76,20040515,2,17,840,44504,770522,65083924000,2000,32541962,api-0117.json,7293aa73828acca49e15653ee0627d108b9f134bb63c7e53e65af6c5e8d72dd9
77,20040522,3,19,713,37033,643154,64420666000,2000,32210333,api-0117.json,7293aa73828acca49e15653ee0627d108b9f134bb63c7e53e65af6c5e8d72dd9
78,20040529,4,22,910,42450,716323,61257794000,2000,30628897,api-0116.json,2243957efef0fd9aecb5e56cc4082746b925013aefa42bd99ccc16759dfe4313
79,20040605,4,31,1196,49431,741871,60390004000,2000,30195002,api-0116.json,2243957efef0fd9aecb5e56cc4082746b925013aefa42bd99ccc16759dfe4313
80,20040612,1,16,868,40251,706432,60160440000,2000,30080220,api-0116.json,2243957efef0fd9aecb5e56cc4082746b925013aefa42bd99ccc16759dfe4313
81,20040619,5,20,1046,51654,787258,60983308000,2000,30491654,api-0116.json,2243957efef0fd9aecb5e56cc4082746b925013aefa42bd99ccc16759dfe4313
82,20040626,1,20,637,36139,638058,61302808000,2000,30651404,api-0116.json,2243957efef0fd9aecb5e56cc4082746b925013aefa42bd99ccc16759dfe4313
83,20040703,2,15,851,45924,763287,62512062000,2000,31256031,api-0116.json,2243957efef0fd9aecb5e56cc4082746b925013aefa42bd99ccc16759dfe4313
84,20040710,2,17,635,32402,582445,62780760000,2000,31390380,api-0116.json,2243957efef0fd9aecb5e56cc4082746b925013aefa42bd99ccc16759dfe4313
85,20040717,4,31,823,41746,664492,59451304000,2000,29725652,api-0116.json,2243957efef0fd9aecb5e56cc4082746b925013aefa42bd99ccc16759dfe4313
86,20040724,1,16,611,35057,616434,59835968000,2000,29917984,api-0116.json,2243957efef0fd9aecb5e56cc4082746b925013aefa42bd99ccc16759dfe4313
87,20040731,11,33,1250,54768,890859,83793642000,2000,41896821,api-0116.json,2243957efef0fd9aecb5e56cc4082746b925013aefa42bd99ccc16759dfe4313
88,20040807,4,31,1183,64639,1098115,51910612000,1000,51910612,api-0115.json,bd33285bab4f61349f4e7bcdcb0dfbdb892e4df3c4dbfc2338db88cdb75e8f6a
89,20040814,3,30,1340,72667,1261896,55102179000,1000,55102179,api-0115.json,bd33285bab4f61349f4e7bcdcb0dfbdb892e4df3c4dbfc2338db88cdb75e8f6a
90,20040821,4,34,1297,67888,1160774,55493544000,1000,55493544,api-0115.json,bd33285bab4f61349f4e7bcdcb0dfbdb892e4df3c4dbfc2338db88cdb75e8f6a
91,20040828,4,32,1205,64183,1128902,59061052000,1000,59061052,api-0115.json,bd33285bab4f61349f4e7bcdcb0dfbdb892e4df3c4dbfc2338db88cdb75e8f6a
92,20040904,11,50,1623,79319,1307607,58296001000,1000,58296001,api-0115.json,bd33285bab4f61349f4e7bcdcb0dfbdb892e4df3c4dbfc2338db88cdb75e8f6a
93,20040911,6,26,1462,68597,1185275,57236313000,1000,57236313,api-0115.json,bd33285bab4f61349f4e7bcdcb0dfbdb892e4df3c4dbfc2338db88cdb75e8f6a
94,20040918,6,38,1353,71106,1223793,57144729000,1000,57144729,api-0115.json,bd33285bab4f61349f4e7bcdcb0dfbdb892e4df3c4dbfc2338db88cdb75e8f6a
95,20040925,8,48,1728,82432,1347106,60077493000,1000,60077493,api-0115.json,bd33285bab4f61349f4e7bcdcb0dfbdb892e4df3c4dbfc2338db88cdb75e8f6a
96,20041002,7,38,1197,65301,1111779,54217572000,1000,54217572,api-0115.json,bd33285bab4f61349f4e7bcdcb0dfbdb892e4df3c4dbfc2338db88cdb75e8f6a
97,20041009,9,46,1543,77227,1282678,57713200000,1000,57713200,api-0115.json,bd33285bab4f61349f4e7bcdcb0dfbdb892e4df3c4dbfc2338db88cdb75e8f6a
98,20041016,4,45,1880,87818,1385812,56231084000,1000,56231084,api-0114.json,5fbcea0b168facf78123a48d620359ce4d6531eab07e7634de53ea9524c1ea99
99,20041023,6,40,1581,77203,1282311,56207491000,1000,56207491,api-0114.json,5fbcea0b168facf78123a48d620359ce4d6531eab07e7634de53ea9524c1ea99
100,20041030,4,36,1544,76899,1235777,56561977000,1000,56561977,api-0114.json,5fbcea0b168facf78123a48d620359ce4d6531eab07e7634de53ea9524c1ea99
101,20041106,5,38,1405,73210,1246344,57585065000,1000,57585065,api-0114.json,5fbcea0b168facf78123a48d620359ce4d6531eab07e7634de53ea9524c1ea99
102,20041113,9,24,1352,75476,1322337,56937962000,1000,56937962,api-0114.json,5fbcea0b168facf78123a48d620359ce4d6531eab07e7634de53ea9524c1ea99
103,20041120,8,38,1583,75587,1231156,57420615000,1000,57420615,api-0114.json,5fbcea0b168facf78123a48d620359ce4d6531eab07e7634de53ea9524c1ea99
104,20041127,2,23,1293,71824,1246208,56533705000,1000,56533705,api-0114.json,5fbcea0b168facf78123a48d620359ce4d6531eab07e7634de53ea9524c1ea99
105,20041204,4,26,1331,69127,1192263,57479716000,1000,57479716,api-0114.json,5fbcea0b168facf78123a48d620359ce4d6531eab07e7634de53ea9524c1ea99
106,20041211,16,40,2056,93551,1415989,57384485000,1000,57384485,api-0114.json,5fbcea0b168facf78123a48d620359ce4d6531eab07e7634de53ea9524c1ea99
107,20041218,2,35,2181,91651,1301235,57545202000,1000,57545202,api-0114.json,5fbcea0b168facf78123a48d620359ce4d6531eab07e7634de53ea9524c1ea99
108,20041225,7,41,1462,70827,1223421,58875228000,1000,58875228,api-0113.json,ebb5ae00ad4ece25d39982060a3204c3c3aae14a499c7166492359745f3296c8
109,20050101,12,31,1493,73179,1271057,62584098000,1000,62584098,api-0113.json,ebb5ae00ad4ece25d39982060a3204c3c3aae14a499c7166492359745f3296c8
110,20050108,3,38,1392,73674,1196287,57625490000,1000,57625490,api-0113.json,ebb5ae00ad4ece25d39982060a3204c3c3aae14a499c7166492359745f3296c8
111,20050115,6,51,1734,86863,1389605,57876999000,1000,57876999,api-0113.json,ebb5ae00ad4ece25d39982060a3204c3c3aae14a499c7166492359745f3296c8
112,20050122,9,32,1370,70247,1227387,59292005000,1000,59292005,api-0113.json,ebb5ae00ad4ece25d39982060a3204c3c3aae14a499c7166492359745f3296c8
113,20050129,9,43,1479,72711,1241238,59258248000,1000,59258248,api-0113.json,ebb5ae00ad4ece25d39982060a3204c3c3aae14a499c7166492359745f3296c8
114,20050205,6,41,1491,78504,1283250,60079401000,1000,60079401,api-0113.json,ebb5ae00ad4ece25d39982060a3204c3c3aae14a499c7166492359745f3296c8
115,20050212,9,34,1990,91627,1447287,59130557000,1000,59130557,api-0113.json,ebb5ae00ad4ece25d39982060a3204c3c3aae14a499c7166492359745f3296c8
116,20050219,7,56,1735,91897,1499198,61606084000,1000,61606084,api-0113.json,ebb5ae00ad4ece25d39982060a3204c3c3aae14a499c7166492359745f3296c8
117,20050226,9,50,1642,78361,1267826,59429610000,1000,59429610,api-0113.json,ebb5ae00ad4ece25d39982060a3204c3c3aae14a499c7166492359745f3296c8
118,20050305,10,41,1671,83233,1390561,57171934000,1000,57171934,api-0112.json,34d4dcc191b1a777069e58b4d76a87ca670eb0154a32ede1884f379de87aead1
119,20050312,9,49,1936,85327,1355365,57800632000,1000,57800632,api-0112.json,34d4dcc191b1a777069e58b4d76a87ca670eb0154a32ede1884f379de87aead1
120,20050319,3,31,1605,80400,1377368,57418983000,1000,57418983,api-0112.json,34d4dcc191b1a777069e58b4d76a87ca670eb0154a32ede1884f379de87aead1
121,20050326,2,31,1342,67464,1153689,57134544000,1000,57134544,api-0112.json,34d4dcc191b1a777069e58b4d76a87ca670eb0154a32ede1884f379de87aead1
122,20050402,9,38,1403,72518,1266949,56171704000,1000,56171704,api-0112.json,34d4dcc191b1a777069e58b4d76a87ca670eb0154a32ede1884f379de87aead1
123,20050409,5,38,1477,72742,1188107,54097448000,1000,54097448,api-0112.json,34d4dcc191b1a777069e58b4d76a87ca670eb0154a32ede1884f379de87aead1
124,20050416,9,37,1540,75040,1230275,54180838000,1000,54180838,api-0112.json,34d4dcc191b1a777069e58b4d76a87ca670eb0154a32ede1884f379de87aead1
125,20050423,7,36,1444,74261,1220272,53149705000,1000,53149705,api-0112.json,34d4dcc191b1a777069e58b4d76a87ca670eb0154a32ede1884f379de87aead1
126,20050430,9,35,1439,71370,1166992,52748965000,1000,52748965,api-0112.json,34d4dcc191b1a777069e58b4d76a87ca670eb0154a32ede1884f379de87aead1
127,20050507,6,43,1279,67175,1143382,50752603000,1000,50752603,api-0112.json,34d4dcc191b1a777069e58b4d76a87ca670eb0154a32ede1884f379de87aead1
128,20050514,6,23,1192,63294,1102953,52310392000,1000,52310392,api-0111.json,39319e70380d4d0d817733e341dce0cdf00648b47f1892f97d32922ae7679d9e
129,20050521,11,50,1473,71124,1145600,51555754000,1000,51555754,api-0111.json,39319e70380d4d0d817733e341dce0cdf00648b47f1892f97d32922ae7679d9e
130,20050528,4,30,1273,63587,1087239,51359012000,1000,51359012,api-0111.json,39319e70380d4d0d817733e341dce0cdf00648b47f1892f97d32922ae7679d9e
131,20050604,8,33,1645,73893,1153272,50231773000,1000,50231773,api-0111.json,39319e70380d4d0d817733e341dce0cdf00648b47f1892f97d32922ae7679d9e
132,20050611,4,34,1382,65277,1098225,49921897000,1000,49921897,api-0111.json,39319e70380d4d0d817733e341dce0cdf00648b47f1892f97d32922ae7679d9e
133,20050618,8,51,1466,76266,1221679,50889926000,1000,50889926,api-0111.json,39319e70380d4d0d817733e341dce0cdf00648b47f1892f97d32922ae7679d9e
134,20050625,5,50,1433,69698,1129299,50445575000,1000,50445575,api-0111.json,39319e70380d4d0d817733e341dce0cdf00648b47f1892f97d32922ae7679d9e
135,20050702,7,28,1424,66201,1099249,51062672000,1000,51062672,api-0111.json,39319e70380d4d0d817733e341dce0cdf00648b47f1892f97d32922ae7679d9e
136,20050709,6,26,1279,66993,1119075,51144633000,1000,51144633,api-0111.json,39319e70380d4d0d817733e341dce0cdf00648b47f1892f97d32922ae7679d9e
137,20050716,9,40,1578,72935,1186655,49978654000,1000,49978654,api-0111.json,39319e70380d4d0d817733e341dce0cdf00648b47f1892f97d32922ae7679d9e
138,20050723,5,32,1251,61230,1056925,47688450000,1000,47688450,api-0110.json,3f8d5bbe10c16712315109a0aa8bd8d44194db01e4d5e9348ebeddcd8b82cdd1
139,20050730,7,28,1128,57271,986618,48371085000,1000,48371085,api-0110.json,3f8d5bbe10c16712315109a0aa8bd8d44194db01e4d5e9348ebeddcd8b82cdd1
140,20050806,5,34,1310,64372,1082575,45983464000,1000,45983464,api-0110.json,3f8d5bbe10c16712315109a0aa8bd8d44194db01e4d5e9348ebeddcd8b82cdd1
141,20050813,6,29,1144,58203,1000591,48016958000,1000,48016958,api-0110.json,3f8d5bbe10c16712315109a0aa8bd8d44194db01e4d5e9348ebeddcd8b82cdd1
142,20050820,11,28,1326,64602,1067644,48012844000,1000,48012844,api-0110.json,3f8d5bbe10c16712315109a0aa8bd8d44194db01e4d5e9348ebeddcd8b82cdd1
143,20050827,3,35,1182,57130,986951,49415357000,1000,49415357,api-0110.json,3f8d5bbe10c16712315109a0aa8bd8d44194db01e4d5e9348ebeddcd8b82cdd1
144,20050903,8,38,1498,74181,1180411,49202521000,1000,49202521,api-0110.json,3f8d5bbe10c16712315109a0aa8bd8d44194db01e4d5e9348ebeddcd8b82cdd1
145,20050910,3,38,1217,63120,1093545,48913832000,1000,48913832,api-0110.json,3f8d5bbe10c16712315109a0aa8bd8d44194db01e4d5e9348ebeddcd8b82cdd1
146,20050917,2,34,1383,62524,1038812,50677555000,1000,50677555,api-0110.json,3f8d5bbe10c16712315109a0aa8bd8d44194db01e4d5e9348ebeddcd8b82cdd1
147,20050924,7,35,1215,62412,1067800,50345605000,1000,50345605,api-0110.json,3f8d5bbe10c16712315109a0aa8bd8d44194db01e4d5e9348ebeddcd8b82cdd1
148,20051001,5,35,1185,63358,1079664,49523247000,1000,49523247,api-0109.json,459b38bf36367956b6135af91ee5c852f3b6f10a5fdd4a78860f9734677e00a5
149,20051008,7,43,1171,60450,1016240,48406950000,1000,48406950,api-0109.json,459b38bf36367956b6135af91ee5c852f3b6f10a5fdd4a78860f9734677e00a5
150,20051015,4,46,1279,65200,1100850,48763778000,1000,48763778,api-0109.json,459b38bf36367956b6135af91ee5c852f3b6f10a5fdd4a78860f9734677e00a5
151,20051022,4,45,1491,68250,1113528,47357067000,1000,47357067,api-0109.json,459b38bf36367956b6135af91ee5c852f3b6f10a5fdd4a78860f9734677e00a5
152,20051029,5,30,1184,60282,1021147,48180334000,1000,48180334,api-0109.json,459b38bf36367956b6135af91ee5c852f3b6f10a5fdd4a78860f9734677e00a5
153,20051105,4,52,1446,71562,1137072,47777735000,1000,47777735,api-0109.json,459b38bf36367956b6135af91ee5c852f3b6f10a5fdd4a78860f9734677e00a5
154,20051112,4,32,1189,60181,1020067,48022386000,1000,48022386,api-0109.json,459b38bf36367956b6135af91ee5c852f3b6f10a5fdd4a78860f9734677e00a5
155,20051119,9,37,1287,62882,1035003,46140202000,1000,46140202,api-0109.json,459b38bf36367956b6135af91ee5c852f3b6f10a5fdd4a78860f9734677e00a5
156,20051126,8,30,1230,59506,998192,47344584000,1000,47344584,api-0109.json,459b38bf36367956b6135af91ee5c852f3b6f10a5fdd4a78860f9734677e00a5
157,20051203,2,28,1155,61650,1028734,46853365000,1000,46853365,api-0109.json,459b38bf36367956b6135af91ee5c852f3b6f10a5fdd4a78860f9734677e00a5
158,20051210,10,45,1516,67910,1071741,46368888000,1000,46368888,api-0108.json,e1e859b8fef39c5e8bbff5a9f67da140e5e77ed9ee194d9db7afd8f87f5eff40
159,20051217,6,24,1071,54933,920378,44311926000,1000,44311926,api-0108.json,e1e859b8fef39c5e8bbff5a9f67da140e5e77ed9ee194d9db7afd8f87f5eff40
160,20051224,2,32,1079,58680,1022787,46833239000,1000,46833239,api-0108.json,e1e859b8fef39c5e8bbff5a9f67da140e5e77ed9ee194d9db7afd8f87f5eff40
161,20051231,7,63,1381,66233,1116934,53096453000,1000,53096453,api-0108.json,e1e859b8fef39c5e8bbff5a9f67da140e5e77ed9ee194d9db7afd8f87f5eff40
162,20060107,5,33,1172,61205,1057899,49050086000,1000,49050086,api-0108.json,e1e859b8fef39c5e8bbff5a9f67da140e5e77ed9ee194d9db7afd8f87f5eff40
163,20060114,7,47,1390,66604,1099200,49018952000,1000,49018952,api-0108.json,e1e859b8fef39c5e8bbff5a9f67da140e5e77ed9ee194d9db7afd8f87f5eff40
164,20060121,3,39,1626,74835,1250274,53052119000,1000,53052119,api-0108.json,e1e859b8fef39c5e8bbff5a9f67da140e5e77ed9ee194d9db7afd8f87f5eff40
165,20060128,2,40,1535,78820,1297194,58088118000,1000,58088118,api-0108.json,e1e859b8fef39c5e8bbff5a9f67da140e5e77ed9ee194d9db7afd8f87f5eff40
166,20060204,11,28,1507,70751,1140980,52157466000,1000,52157466,api-0108.json,e1e859b8fef39c5e8bbff5a9f67da140e5e77ed9ee194d9db7afd8f87f5eff40
167,20060211,5,36,1313,64208,1122401,52744392000,1000,52744392,api-0108.json,e1e859b8fef39c5e8bbff5a9f67da140e5e77ed9ee194d9db7afd8f87f5eff40
168,20060218,5,54,1544,74504,1233043,51496212000,1000,51496212,api-0107.json,d8d6005355e102cac58b487ab95c1b57b39713f2431febf0bbb4bc722b723041
169,20060225,5,31,1171,62705,1069471,52076183000,1000,52076183,api-0107.json,d8d6005355e102cac58b487ab95c1b57b39713f2431febf0bbb4bc722b723041
170,20060304,6,27,1309,67030,1125608,49718245000,1000,49718245,api-0107.json,d8d6005355e102cac58b487ab95c1b57b39713f2431febf0bbb4bc722b723041
171,20060311,6,19,1381,71461,1113068,50357474000,1000,50357474,api-0107.json,d8d6005355e102cac58b487ab95c1b57b39713f2431febf0bbb4bc722b723041
172,20060318,11,19,1276,65456,1111595,50758266000,1000,50758266,api-0107.json,d8d6005355e102cac58b487ab95c1b57b39713f2431febf0bbb4bc722b723041
173,20060325,8,63,1448,78349,1261354,52286521000,1000,52286521,api-0107.json,d8d6005355e102cac58b487ab95c1b57b39713f2431febf0bbb4bc722b723041
174,20060401,7,26,1325,64999,1101483,52340568000,1000,52340568,api-0107.json,d8d6005355e102cac58b487ab95c1b57b39713f2431febf0bbb4bc722b723041
175,20060408,5,48,1347,67585,1137627,50895147000,1000,50895147,api-0107.json,d8d6005355e102cac58b487ab95c1b57b39713f2431febf0bbb4bc722b723041
176,20060415,5,40,1535,76689,1191081,50488528000,1000,50488528,api-0107.json,d8d6005355e102cac58b487ab95c1b57b39713f2431febf0bbb4bc722b723041
177,20060422,7,30,1260,64437,1097033,50480325000,1000,50480325,api-0107.json,d8d6005355e102cac58b487ab95c1b57b39713f2431febf0bbb4bc722b723041
178,20060429,5,44,1566,74612,1200574,49582758000,1000,49582758,api-0106.json,067f44f6c12aed8258861176d45035b9daacc5b2b898aa0beedfd1ca83899de0
179,20060506,10,53,1540,69956,1125523,47291694000,1000,47291694,api-0106.json,067f44f6c12aed8258861176d45035b9daacc5b2b898aa0beedfd1ca83899de0
180,20060513,2,35,1284,62876,1047300,48895477000,1000,48895477,api-0106.json,067f44f6c12aed8258861176d45035b9daacc5b2b898aa0beedfd1ca83899de0
181,20060520,6,24,1233,60637,1028918,49124446000,1000,49124446,api-0106.json,067f44f6c12aed8258861176d45035b9daacc5b2b898aa0beedfd1ca83899de0
182,20060527,3,44,1228,59004,1000820,47222594000,1000,47222594,api-0106.json,067f44f6c12aed8258861176d45035b9daacc5b2b898aa0beedfd1ca83899de0
183,20060603,6,25,1294,67137,1039403,45938460000,1000,45938460,api-0106.json,067f44f6c12aed8258861176d45035b9daacc5b2b898aa0beedfd1ca83899de0
184,20060610,6,31,1331,63344,1054829,45503351000,1000,45503351,api-0106.json,067f44f6c12aed8258861176d45035b9daacc5b2b898aa0beedfd1ca83899de0
185,20060617,3,34,1228,65938,1055823,45783088000,1000,45783088,api-0106.json,067f44f6c12aed8258861176d45035b9daacc5b2b898aa0beedfd1ca83899de0
186,20060624,9,46,1169,58566,984795,45484428000,1000,45484428,api-0106.json,067f44f6c12aed8258861176d45035b9daacc5b2b898aa0beedfd1ca83899de0
187,20060701,7,19,1253,59780,981217,45855961000,1000,45855961,api-0106.json,067f44f6c12aed8258861176d45035b9daacc5b2b898aa0beedfd1ca83899de0
188,20060708,3,33,1320,61227,1016219,45176242000,1000,45176242,api-0105.json,ec45cf60556300e25c2698614a161d7cd7ea765a112ff33852a7980a5b2c8794
189,20060715,3,33,1085,52193,903280,43650551000,1000,43650551,api-0105.json,ec45cf60556300e25c2698614a161d7cd7ea765a112ff33852a7980a5b2c8794
190,20060722,6,33,1016,53791,918127,44864459000,1000,44864459,api-0105.json,ec45cf60556300e25c2698614a161d7cd7ea765a112ff33852a7980a5b2c8794
191,20060729,4,23,1145,59650,1017334,44534869000,1000,44534869,api-0105.json,ec45cf60556300e25c2698614a161d7cd7ea765a112ff33852a7980a5b2c8794
192,20060805,4,38,1098,55766,943042,42035065000,1000,42035065,api-0105.json,ec45cf60556300e25c2698614a161d7cd7ea765a112ff33852a7980a5b2c8794
193,20060812,3,20,1135,58638,974398,43788477000,1000,43788477,api-0105.json,ec45cf60556300e25c2698614a161d7cd7ea765a112ff33852a7980a5b2c8794
194,20060819,4,21,1072,53559,917061,44511515000,1000,44511515,api-0105.json,ec45cf60556300e25c2698614a161d7cd7ea765a112ff33852a7980a5b2c8794
195,20060826,11,66,1691,70324,1067833,44374725000,1000,44374725,api-0105.json,ec45cf60556300e25c2698614a161d7cd7ea765a112ff33852a7980a5b2c8794
196,20060902,15,27,1518,58079,937967,45773496000,1000,45773496,api-0105.json,ec45cf60556300e25c2698614a161d7cd7ea765a112ff33852a7980a5b2c8794
197,20060909,6,42,1229,58551,993294,45993306000,1000,45993306,api-0105.json,ec45cf60556300e25c2698614a161d7cd7ea765a112ff33852a7980a5b2c8794
198,20060916,6,25,1050,55693,965692,45614021000,1000,45614021,api-0104.json,898dca433ce69388bd60f51de76c2d03715ff1d1f3f0df1fae292eaeba04634e
199,20060923,2,23,1049,55426,939272,45021068000,1000,45021068,api-0104.json,898dca433ce69388bd60f51de76c2d03715ff1d1f3f0df1fae292eaeba04634e
200,20060930,8,58,1387,66233,1078398,46640423000,1000,46640423,api-0104.json,898dca433ce69388bd60f51de76c2d03715ff1d1f3f0df1fae292eaeba04634e
201,20061007,1,37,1347,61045,985655,42254768000,1000,42254768,api-0104.json,898dca433ce69388bd60f51de76c2d03715ff1d1f3f0df1fae292eaeba04634e
202,20061014,6,40,1232,62532,1043620,48304034000,1000,48304034,api-0104.json,898dca433ce69388bd60f51de76c2d03715ff1d1f3f0df1fae292eaeba04634e
203,20061021,5,43,1328,66916,1095728,47033359000,1000,47033359,api-0104.json,898dca433ce69388bd60f51de76c2d03715ff1d1f3f0df1fae292eaeba04634e
204,20061028,8,23,1180,57646,985516,46077750000,1000,46077750,api-0104.json,898dca433ce69388bd60f51de76c2d03715ff1d1f3f0df1fae292eaeba04634e
205,20061104,6,21,1098,56067,962608,46330516000,1000,46330516,api-0104.json,898dca433ce69388bd60f51de76c2d03715ff1d1f3f0df1fae292eaeba04634e
206,20061111,5,36,1549,66445,1044599,44326979000,1000,44326979,api-0104.json,898dca433ce69388bd60f51de76c2d03715ff1d1f3f0df1fae292eaeba04634e
207,20061118,5,37,1203,60871,1020444,45282336000,1000,45282336,api-0104.json,898dca433ce69388bd60f51de76c2d03715ff1d1f3f0df1fae292eaeba04634e
208,20061125,6,34,1224,64277,1030103,45516378000,1000,45516378,api-0103.json,b53c416c78cad342a89490a2782db410c07cceb265b3e427addc6797db252c82
209,20061202,6,34,1358,65973,1053545,43753377000,1000,43753377,api-0103.json,b53c416c78cad342a89490a2782db410c07cceb265b3e427addc6797db252c82
210,20061209,2,46,1298,64325,1049739,44757963000,1000,44757963,api-0103.json,b53c416c78cad342a89490a2782db410c07cceb265b3e427addc6797db252c82
211,20061216,10,29,1308,64785,1080600,45332675000,1000,45332675,api-0103.json,b53c416c78cad342a89490a2782db410c07cceb265b3e427addc6797db252c82
212,20061223,4,36,1228,64059,1066249,46139120000,1000,46139120,api-0103.json,b53c416c78cad342a89490a2782db410c07cceb265b3e427addc6797db252c82
213,20061230,8,33,1977,95451,1203368,48745094000,1000,48745094,api-0103.json,b53c416c78cad342a89490a2782db410c07cceb265b3e427addc6797db252c82
214,20070106,8,36,1433,70219,1167625,49195740000,1000,49195740,api-0103.json,b53c416c78cad342a89490a2782db410c07cceb265b3e427addc6797db252c82
215,20070113,7,32,1248,65898,1062967,47675761000,1000,47675761,api-0103.json,b53c416c78cad342a89490a2782db410c07cceb265b3e427addc6797db252c82
216,20070120,13,63,2612,79174,1157342,48342018000,1000,48342018,api-0103.json,b53c416c78cad342a89490a2782db410c07cceb265b3e427addc6797db252c82
217,20070127,7,29,1206,64156,1066490,48260644000,1000,48260644,api-0103.json,b53c416c78cad342a89490a2782db410c07cceb265b3e427addc6797db252c82
218,20070203,4,26,1203,60492,996397,47018314000,1000,47018314,api-0102.json,c282cece10f11d2db1f8b124ddaf9ad5d827456f0ecaafd8e458d24e4819a138
219,20070210,9,41,1292,63889,1065147,46903745000,1000,46903745,api-0102.json,c282cece10f11d2db1f8b124ddaf9ad5d827456f0ecaafd8e458d24e4819a138
220,20070217,6,28,1317,67271,1122150,50383399000,1000,50383399,api-0102.json,c282cece10f11d2db1f8b124ddaf9ad5d827456f0ecaafd8e458d24e4819a138
221,20070224,6,44,1608,75459,1167205,47674135000,1000,47674135,api-0102.json,c282cece10f11d2db1f8b124ddaf9ad5d827456f0ecaafd8e458d24e4819a138
222,20070303,5,33,1105,57093,981530,47735197000,1000,47735197,api-0102.json,c282cece10f11d2db1f8b124ddaf9ad5d827456f0ecaafd8e458d24e4819a138
223,20070310,7,39,1416,67509,1107956,46036874000,1000,46036874,api-0102.json,c282cece10f11d2db1f8b124ddaf9ad5d827456f0ecaafd8e458d24e4819a138
224,20070317,6,26,1158,60549,1025571,46435109000,1000,46435109,api-0102.json,c282cece10f11d2db1f8b124ddaf9ad5d827456f0ecaafd8e458d24e4819a138
225,20070324,6,41,1287,65281,1080798,46352016000,1000,46352016,api-0102.json,c282cece10f11d2db1f8b124ddaf9ad5d827456f0ecaafd8e458d24e4819a138
226,20070331,6,38,1305,64076,1026364,45145643000,1000,45145643,api-0102.json,c282cece10f11d2db1f8b124ddaf9ad5d827456f0ecaafd8e458d24e4819a138
227,20070407,2,24,1103,56663,942116,44444776000,1000,44444776,api-0102.json,c282cece10f11d2db1f8b124ddaf9ad5d827456f0ecaafd8e458d24e4819a138
228,20070414,9,39,1338,66002,1036309,44764100000,1000,44764100,api-0101.json,e7f4d37d86c840488b6a6a488ef34c944d797655b2abee0b2acbf275a1b5be58
229,20070421,7,27,1312,67524,1089603,44762989000,1000,44762989,api-0101.json,e7f4d37d86c840488b6a6a488ef34c944d797655b2abee0b2acbf275a1b5be58
230,20070428,8,25,1037,56346,971324,44191351000,1000,44191351,api-0101.json,e7f4d37d86c840488b6a6a488ef34c944d797655b2abee0b2acbf275a1b5be58
231,20070505,9,19,1267,59311,970465,42355627000,1000,42355627,api-0101.json,e7f4d37d86c840488b6a6a488ef34c944d797655b2abee0b2acbf275a1b5be58
232,20070512,9,18,1268,65000,1023708,43564632000,1000,43564632,api-0101.json,e7f4d37d86c840488b6a6a488ef34c944d797655b2abee0b2acbf275a1b5be58
233,20070519,10,26,1274,62535,1021168,43516805000,1000,43516805,api-0101.json,e7f4d37d86c840488b6a6a488ef34c944d797655b2abee0b2acbf275a1b5be58
234,20070526,4,23,1049,54926,921750,42814085000,1000,42814085,api-0101.json,e7f4d37d86c840488b6a6a488ef34c944d797655b2abee0b2acbf275a1b5be58
235,20070602,3,29,1178,59548,901409,43347391000,1000,43347391,api-0101.json,e7f4d37d86c840488b6a6a488ef34c944d797655b2abee0b2acbf275a1b5be58
236,20070609,2,41,1046,54480,940827,42941871000,1000,42941871,api-0101.json,e7f4d37d86c840488b6a6a488ef34c944d797655b2abee0b2acbf275a1b5be58
237,20070616,7,39,1098,57338,974357,43358287000,1000,43358287,api-0101.json,e7f4d37d86c840488b6a6a488ef34c944d797655b2abee0b2acbf275a1b5be58
238,20070623,9,29,1066,54591,930266,42952477000,1000,42952477,api-0100.json,e76a3a5c3ef429bbba76f280b420e484af196031e4f4e6c4cd8da17f5894cff2
239,20070630,9,29,1083,55850,927236,43296565000,1000,43296565,api-0100.json,e76a3a5c3ef429bbba76f280b420e484af196031e4f4e6c4cd8da17f5894cff2
240,20070707,2,28,1084,57376,961510,43603443000,1000,43603443,api-0100.json,e76a3a5c3ef429bbba76f280b420e484af196031e4f4e6c4cd8da17f5894cff2
241,20070714,4,34,967,53783,922001,43246894000,1000,43246894,api-0100.json,e76a3a5c3ef429bbba76f280b420e484af196031e4f4e6c4cd8da17f5894cff2
242,20070721,8,36,1245,60644,975863,42679760000,1000,42679760,api-0100.json,e76a3a5c3ef429bbba76f280b420e484af196031e4f4e6c4cd8da17f5894cff2
243,20070728,4,29,1089,54055,918683,41304830000,1000,41304830,api-0100.json,e76a3a5c3ef429bbba76f280b420e484af196031e4f4e6c4cd8da17f5894cff2
244,20070804,1,25,1096,54930,900577,39411047000,1000,39411047,api-0100.json,e76a3a5c3ef429bbba76f280b420e484af196031e4f4e6c4cd8da17f5894cff2
245,20070811,7,35,1092,57445,959435,41854623000,1000,41854623,api-0100.json,e76a3a5c3ef429bbba76f280b420e484af196031e4f4e6c4cd8da17f5894cff2
246,20070818,5,26,1294,59600,959025,41453154000,1000,41453154,api-0100.json,e76a3a5c3ef429bbba76f280b420e484af196031e4f4e6c4cd8da17f5894cff2
247,20070825,6,29,1019,52284,884542,42231698000,1000,42231698,api-0100.json,e76a3a5c3ef429bbba76f280b420e484af196031e4f4e6c4cd8da17f5894cff2
248,20070901,8,23,1155,58847,961562,42348403000,1000,42348403,api-0099.json,fa29bd1a1fe5ad2113018cab22f34b9d1dd4f3a99eb4d413fdb68968f0e36975
249,20070908,6,29,1169,56034,926776,42539134000,1000,42539134,api-0099.json,fa29bd1a1fe5ad2113018cab22f34b9d1dd4f3a99eb4d413fdb68968f0e36975
250,20070915,5,17,1051,51328,887737,42122808000,1000,42122808,api-0099.json,fa29bd1a1fe5ad2113018cab22f34b9d1dd4f3a99eb4d413fdb68968f0e36975
251,20070922,8,40,1242,62015,1028991,44493014000,1000,44493014,api-0099.json,fa29bd1a1fe5ad2113018cab22f34b9d1dd4f3a99eb4d413fdb68968f0e36975
252,20070929,7,24,1087,51895,874916,41207920000,1000,41207920,api-0099.json,fa29bd1a1fe5ad2113018cab22f34b9d1dd4f3a99eb4d413fdb68968f0e36975
253,20071006,4,20,1169,57084,942682,42309347000,1000,42309347,api-0099.json,fa29bd1a1fe5ad2113018cab22f34b9d1dd4f3a99eb4d413fdb68968f0e36975
254,20071013,1,33,1225,59196,978906,42259113000,1000,42259113,api-0099.json,fa29bd1a1fe5ad2113018cab22f34b9d1dd4f3a99eb4d413fdb68968f0e36975
255,20071020,6,13,1054,55422,945297,41425341000,1000,41425341,api-0099.json,fa29bd1a1fe5ad2113018cab22f34b9d1dd4f3a99eb4d413fdb68968f0e36975
256,20071027,2,34,1192,56975,938980,41996580000,1000,41996580,api-0099.json,fa29bd1a1fe5ad2113018cab22f34b9d1dd4f3a99eb4d413fdb68968f0e36975
257,20071103,4,18,1233,57977,954861,41433637000,1000,41433637,api-0099.json,fa29bd1a1fe5ad2113018cab22f34b9d1dd4f3a99eb4d413fdb68968f0e36975
258,20071110,4,28,1724,54638,901197,41364428000,1000,41364428,api-0098.json,532fc8f0932a5f8d961ac925c09f5ba136932a998af6697b61e0c30e4284d05d
259,20071117,2,25,1030,50402,864868,40905570000,1000,40905570,api-0098.json,532fc8f0932a5f8d961ac925c09f5ba136932a998af6697b61e0c30e4284d05d
260,20071124,4,26,1284,58258,933907,40140211000,1000,40140211,api-0098.json,532fc8f0932a5f8d961ac925c09f5ba136932a998af6697b61e0c30e4284d05d
261,20071201,3,32,1104,56285,929205,41215041000,1000,41215041,api-0098.json,532fc8f0932a5f8d961ac925c09f5ba136932a998af6697b61e0c30e4284d05d
262,20071208,2,21,1106,54807,910729,39232234000,1000,39232234,api-0098.json,532fc8f0932a5f8d961ac925c09f5ba136932a998af6697b61e0c30e4284d05d
263,20071215,6,27,937,50490,864303,39677128000,1000,39677128,api-0098.json,532fc8f0932a5f8d961ac925c09f5ba136932a998af6697b61e0c30e4284d05d
264,20071222,7,27,1047,50096,840243,39783178000,1000,39783178,api-0098.json,532fc8f0932a5f8d961ac925c09f5ba136932a998af6697b61e0c30e4284d05d
265,20071229,8,19,1010,52966,889156,40913922000,1000,40913922,api-0098.json,532fc8f0932a5f8d961ac925c09f5ba136932a998af6697b61e0c30e4284d05d
266,20080105,3,36,1194,58820,986495,41937067000,1000,41937067,api-0098.json,532fc8f0932a5f8d961ac925c09f5ba136932a998af6697b61e0c30e4284d05d
267,20080112,3,28,1141,55101,925922,41835853000,1000,41835853,api-0098.json,532fc8f0932a5f8d961ac925c09f5ba136932a998af6697b61e0c30e4284d05d
268,20080119,7,35,1362,61857,969153,41213802000,1000,41213802,api-0097.json,c3fd81d6a88e007a2b46c6c484787f6a72d71837d11f9d273a0f3156a16a2228
269,20080126,5,22,1014,50514,866762,41357619000,1000,41357619,api-0097.json,c3fd81d6a88e007a2b46c6c484787f6a72d71837d11f9d273a0f3156a16a2228
270,20080202,5,32,1242,59807,971485,41845351000,1000,41845351,api-0097.json,c3fd81d6a88e007a2b46c6c484787f6a72d71837d11f9d273a0f3156a16a2228
271,20080209,6,28,1256,59418,956127,40879633000,1000,40879633,api-0097.json,c3fd81d6a88e007a2b46c6c484787f6a72d71837d11f9d273a0f3156a16a2228
272,20080216,9,39,1370,63219,1017199,43310674000,1000,43310674,api-0097.json,c3fd81d6a88e007a2b46c6c484787f6a72d71837d11f9d273a0f3156a16a2228
273,20080223,3,21,1096,56192,942078,42816211000,1000,42816211,api-0097.json,c3fd81d6a88e007a2b46c6c484787f6a72d71837d11f9d273a0f3156a16a2228
274,20080301,4,37,1254,57315,923057,42631711000,1000,42631711,api-0097.json,c3fd81d6a88e007a2b46c6c484787f6a72d71837d11f9d273a0f3156a16a2228
275,20080308,1,19,991,51657,884959,42329813000,1000,42329813,api-0097.json,c3fd81d6a88e007a2b46c6c484787f6a72d71837d11f9d273a0f3156a16a2228
276,20080315,3,31,1161,59894,944192,42567610000,1000,42567610,api-0097.json,c3fd81d6a88e007a2b46c6c484787f6a72d71837d11f9d273a0f3156a16a2228
277,20080322,3,31,1104,55271,914243,41868708000,1000,41868708,api-0097.json,c3fd81d6a88e007a2b46c6c484787f6a72d71837d11f9d273a0f3156a16a2228
278,20080329,3,27,1089,55643,922288,41088180000,1000,41088180,api-0096.json,fec099b74388bb7bbd029417cb23d7a913d61e2bce87d09599dd1c5c428925d1
279,20080405,5,27,1088,55421,922712,41130542000,1000,41130542,api-0096.json,fec099b74388bb7bbd029417cb23d7a913d61e2bce87d09599dd1c5c428925d1
280,20080412,7,27,1145,53915,905130,40673999000,1000,40673999,api-0096.json,fec099b74388bb7bbd029417cb23d7a913d61e2bce87d09599dd1c5c428925d1
281,20080419,6,37,1491,74543,970685,40800514000,1000,40800514,api-0096.json,fec099b74388bb7bbd029417cb23d7a913d61e2bce87d09599dd1c5c428925d1
282,20080426,7,32,1523,66297,1020328,41051175000,1000,41051175,api-0096.json,fec099b74388bb7bbd029417cb23d7a913d61e2bce87d09599dd1c5c428925d1
283,20080503,3,24,1061,52989,876107,40133316000,1000,40133316,api-0096.json,fec099b74388bb7bbd029417cb23d7a913d61e2bce87d09599dd1c5c428925d1
284,20080510,3,14,955,50537,859700,39773403000,1000,39773403,api-0096.json,fec099b74388bb7bbd029417cb23d7a913d61e2bce87d09599dd1c5c428925d1
285,20080517,3,26,1017,51283,872117,40364871000,1000,40364871,api-0096.json,fec099b74388bb7bbd029417cb23d7a913d61e2bce87d09599dd1c5c428925d1
286,20080524,3,27,1033,48857,857882,40944483000,1000,40944483,api-0096.json,fec099b74388bb7bbd029417cb23d7a913d61e2bce87d09599dd1c5c428925d1
287,20080531,7,37,1330,60597,962149,40623489000,1000,40623489,api-0096.json,fec099b74388bb7bbd029417cb23d7a913d61e2bce87d09599dd1c5c428925d1
288,20080607,4,24,1056,50246,853998,39970134000,1000,39970134,api-0095.json,107affa89b89f375fa2e785ea07bd8e3f10b69ef2b6559de56181784de9ddecf
289,20080614,0,24,1019,52281,880103,39406643000,1000,39406643,api-0095.json,107affa89b89f375fa2e785ea07bd8e3f10b69ef2b6559de56181784de9ddecf
290,20080621,13,61,2297,106752,1783529,80362302000,1000,80362302,api-0095.json,107affa89b89f375fa2e785ea07bd8e3f10b69ef2b6559de56181784de9ddecf
291,20080628,7,39,1227,62513,1029643,44143418000,1000,44143418,api-0095.json,107affa89b89f375fa2e785ea07bd8e3f10b69ef2b6559de56181784de9ddecf
292,20080705,14,37,1688,66893,977718,43394631000,1000,43394631,api-0095.json,107affa89b89f375fa2e785ea07bd8e3f10b69ef2b6559de56181784de9ddecf
293,20080712,6,21,1154,61059,926442,42399708000,1000,42399708,api-0095.json,107affa89b89f375fa2e785ea07bd8e3f10b69ef2b6559de56181784de9ddecf
294,20080719,4,26,1137,56795,947708,41563813000,1000,41563813,api-0095.json,107affa89b89f375fa2e785ea07bd8e3f10b69ef2b6559de56181784de9ddecf
295,20080726,0,26,1013,55376,950380,42248135000,1000,42248135,api-0095.json,107affa89b89f375fa2e785ea07bd8e3f10b69ef2b6559de56181784de9ddecf
296,20080802,8,53,2066,89945,1435988,63377899000,1000,63377899,api-0095.json,107affa89b89f375fa2e785ea07bd8e3f10b69ef2b6559de56181784de9ddecf
297,20080809,2,28,1275,61258,993035,43641475000,1000,43641475,api-0095.json,107affa89b89f375fa2e785ea07bd8e3f10b69ef2b6559de56181784de9ddecf
298,20080816,1,40,1353,63561,1011908,43151675000,1000,43151675,api-0094.json,c45fd2249cbef67a656d29b42e197232e22e91b4228807016594e4ab6bea50fc
299,20080823,7,29,1118,58114,984255,44463909000,1000,44463909,api-0094.json,c45fd2249cbef67a656d29b42e197232e22e91b4228807016594e4ab6bea50fc
300,20080830,12,34,1416,70193,1102135,44465047000,1000,44465047,api-0094.json,c45fd2249cbef67a656d29b42e197232e22e91b4228807016594e4ab6bea50fc
301,20080906,7,47,1271,65756,1060486,44377177000,1000,44377177,api-0094.json,c45fd2249cbef67a656d29b42e197232e22e91b4228807016594e4ab6bea50fc
302,20080913,2,44,1134,59455,990149,46382605000,1000,46382605,api-0094.json,c45fd2249cbef67a656d29b42e197232e22e91b4228807016594e4ab6bea50fc
303,20080920,6,29,1158,56266,938678,42841760000,1000,42841760,api-0094.json,c45fd2249cbef67a656d29b42e197232e22e91b4228807016594e4ab6bea50fc
304,20080927,6,37,1426,62096,992573,43158653000,1000,43158653,api-0094.json,c45fd2249cbef67a656d29b42e197232e22e91b4228807016594e4ab6bea50fc
305,20081004,5,34,1377,66162,1049049,43960659000,1000,43960659,api-0094.json,c45fd2249cbef67a656d29b42e197232e22e91b4228807016594e4ab6bea50fc
306,20081011,5,23,1219,56687,937697,44421462000,1000,44421462,api-0094.json,c45fd2249cbef67a656d29b42e197232e22e91b4228807016594e4ab6bea50fc
307,20081018,4,28,1177,59400,937908,43880990000,1000,43880990,api-0094.json,c45fd2249cbef67a656d29b42e197232e22e91b4228807016594e4ab6bea50fc
308,20081025,1,27,978,53749,922984,43339416000,1000,43339416,api-0093.json,756e4f5966b713791521e2718b58fe435c0d33156b870da0704558ddbc71b303
309,20081101,11,25,1390,69125,1109802,44157528000,1000,44157528,api-0093.json,756e4f5966b713791521e2718b58fe435c0d33156b870da0704558ddbc71b303
310,20081108,8,29,1086,53956,913906,43718082000,1000,43718082,api-0093.json,756e4f5966b713791521e2718b58fe435c0d33156b870da0704558ddbc71b303
311,20081115,8,43,1363,64780,1020412,43209215000,1000,43209215,api-0093.json,756e4f5966b713791521e2718b58fe435c0d33156b870da0704558ddbc71b303
312,20081122,15,58,2064,91934,1080450,42255391000,1000,42255391,api-0093.json,756e4f5966b713791521e2718b58fe435c0d33156b870da0704558ddbc71b303
313,20081129,6,26,1120,55743,936364,43672096000,1000,43672096,api-0093.json,756e4f5966b713791521e2718b58fe435c0d33156b870da0704558ddbc71b303
314,20081206,6,24,1067,54892,911785,42328094000,1000,42328094,api-0093.json,756e4f5966b713791521e2718b58fe435c0d33156b870da0704558ddbc71b303
315,20081213,8,32,1063,56207,943975,44339180000,1000,44339180,api-0093.json,756e4f5966b713791521e2718b58fe435c0d33156b870da0704558ddbc71b303
316,20081220,6,29,1398,68356,1060204,44073768000,1000,44073768,api-0093.json,756e4f5966b713791521e2718b58fe435c0d33156b870da0704558ddbc71b303
317,20081227,4,25,1132,57565,978500,44135114000,1000,44135114,api-0093.json,756e4f5966b713791521e2718b58fe435c0d33156b870da0704558ddbc71b303
318,20090103,9,28,1381,64077,1044063,46663728000,1000,46663728,api-0092.json,1cefd52c3c34a3b1bf7ea4d05949647b90fa7d0c510c2d46936383604a8fcf10
319,20090110,5,26,1151,59490,984086,45435183000,1000,45435183,api-0092.json,1cefd52c3c34a3b1bf7ea4d05949647b90fa7d0c510c2d46936383604a8fcf10
320,20090117,2,25,1081,57061,990610,46659886000,1000,46659886,api-0092.json,1cefd52c3c34a3b1bf7ea4d05949647b90fa7d0c510c2d46936383604a8fcf10
321,20090124,6,35,1276,68791,1143526,50617982000,1000,50617982,api-0092.json,1cefd52c3c34a3b1bf7ea4d05949647b90fa7d0c510c2d46936383604a8fcf10
322,20090131,6,29,1465,67829,1085740,48948294000,1000,48948294,api-0092.json,1cefd52c3c34a3b1bf7ea4d05949647b90fa7d0c510c2d46936383604a8fcf10
323,20090207,8,27,1175,60796,1024880,49209477000,1000,49209477,api-0092.json,1cefd52c3c34a3b1bf7ea4d05949647b90fa7d0c510c2d46936383604a8fcf10
324,20090214,6,40,1228,62473,1068571,47988317000,1000,47988317,api-0092.json,1cefd52c3c34a3b1bf7ea4d05949647b90fa7d0c510c2d46936383604a8fcf10
325,20090221,6,33,1258,62629,1051453,46636979000,1000,46636979,api-0092.json,1cefd52c3c34a3b1bf7ea4d05949647b90fa7d0c510c2d46936383604a8fcf10
326,20090228,6,31,1335,64087,1058186,47224551000,1000,47224551,api-0092.json,1cefd52c3c34a3b1bf7ea4d05949647b90fa7d0c510c2d46936383604a8fcf10
327,20090307,12,39,1242,63599,1048457,45791560000,1000,45791560,api-0092.json,1cefd52c3c34a3b1bf7ea4d05949647b90fa7d0c510c2d46936383604a8fcf10
328,20090314,6,30,1380,66590,1092107,47316988000,1000,47316988,api-0091.json,807f721088b6a2fce81b860a88767b4cbdb1085588ad64263726f21515afc290
329,20090321,6,33,1215,62711,1059068,47198504000,1000,47198504,api-0091.json,807f721088b6a2fce81b860a88767b4cbdb1085588ad64263726f21515afc290
330,20090328,9,32,1431,69225,1099109,45859496000,1000,45859496,api-0091.json,807f721088b6a2fce81b860a88767b4cbdb1085588ad64263726f21515afc290
331,20090404,5,45,1365,64617,1054309,46641467000,1000,46641467,api-0091.json,807f721088b6a2fce81b860a88767b4cbdb1085588ad64263726f21515afc290
332,20090411,8,37,1098,59833,979060,46042557000,1000,46042557,api-0091.json,807f721088b6a2fce81b860a88767b4cbdb1085588ad64263726f21515afc290
333,20090418,7,36,1365,59991,982937,46019070000,1000,46019070,api-0091.json,807f721088b6a2fce81b860a88767b4cbdb1085588ad64263726f21515afc290
334,20090425,7,31,1055,52311,890292,44439656000,1000,44439656,api-0091.json,807f721088b6a2fce81b860a88767b4cbdb1085588ad64263726f21515afc290
335,20090502,5,28,1222,60578,1001927,43977478000,1000,43977478,api-0091.json,807f721088b6a2fce81b860a88767b4cbdb1085588ad64263726f21515afc290
336,20090509,6,30,989,54887,935668,43069333000,1000,43069333,api-0091.json,807f721088b6a2fce81b860a88767b4cbdb1085588ad64263726f21515afc290
337,20090516,8,33,1194,59392,989912,43432467000,1000,43432467,api-0091.json,807f721088b6a2fce81b860a88767b4cbdb1085588ad64263726f21515afc290
338,20090523,3,39,1123,54492,930171,43136020000,1000,43136020,api-0090.json,5986c0e0ac6e8b608062f9db190133b9edb09a15a0e15b013f1ca4115da91744
339,20090530,9,32,1107,54545,913229,42035640000,1000,42035640,api-0090.json,5986c0e0ac6e8b608062f9db190133b9edb09a15a0e15b013f1ca4115da91744
340,20090606,7,35,1125,56209,930628,42892121000,1000,42892121,api-0090.json,5986c0e0ac6e8b608062f9db190133b9edb09a15a0e15b013f1ca4115da91744
341,20090613,7,33,1235,58756,978760,44722448000,1000,44722448,api-0090.json,5986c0e0ac6e8b608062f9db190133b9edb09a15a0e15b013f1ca4115da91744
342,20090620,3,29,1177,56149,924123,43782188000,1000,43782188,api-0090.json,5986c0e0ac6e8b608062f9db190133b9edb09a15a0e15b013f1ca4115da91744
343,20090627,6,29,1096,53794,931340,43656460000,1000,43656460,api-0090.json,5986c0e0ac6e8b608062f9db190133b9edb09a15a0e15b013f1ca4115da91744
344,20090704,7,23,1106,56496,960640,43838886000,1000,43838886,api-0090.json,5986c0e0ac6e8b608062f9db190133b9edb09a15a0e15b013f1ca4115da91744
345,20090711,2,38,1028,50722,884042,43530937000,1000,43530937,api-0090.json,5986c0e0ac6e8b608062f9db190133b9edb09a15a0e15b013f1ca4115da91744
346,20090718,5,26,1146,54509,923360,42862389000,1000,42862389,api-0090.json,5986c0e0ac6e8b608062f9db190133b9edb09a15a0e15b013f1ca4115da91744
347,20090725,7,38,1399,63761,1023184,44219740000,1000,44219740,api-0090.json,5986c0e0ac6e8b608062f9db190133b9edb09a15a0e15b013f1ca4115da91744
348,20090801,3,37,1222,65694,978637,42786310000,1000,42786310,api-0089.json,89366c2f5c1f63caec1729de9adfc0b77d74c7065ef7e3d4963e876adc949272
349,20090808,3,37,1168,59338,990178,43433870000,1000,43433870,api-0089.json,89366c2f5c1f63caec1729de9adfc0b77d74c7065ef7e3d4963e876adc949272
350,20090815,9,23,1197,57420,964952,42681094000,1000,42681094,api-0089.json,89366c2f5c1f63caec1729de9adfc0b77d74c7065ef7e3d4963e876adc949272
351,20090822,4,29,1137,55472,950273,43947492000,1000,43947492,api-0089.json,89366c2f5c1f63caec1729de9adfc0b77d74c7065ef7e3d4963e876adc949272
352,20090829,6,29,1166,58931,1006238,44719545000,1000,44719545,api-0089.json,89366c2f5c1f63caec1729de9adfc0b77d74c7065ef7e3d4963e876adc949272
353,20090905,2,29,1042,54217,928067,44552925000,1000,44552925,api-0089.json,89366c2f5c1f63caec1729de9adfc0b77d74c7065ef7e3d4963e876adc949272
354,20090912,5,34,1014,54318,930195,44709689000,1000,44709689,api-0089.json,89366c2f5c1f63caec1729de9adfc0b77d74c7065ef7e3d4963e876adc949272
355,20090919,5,24,1094,54130,925997,45017050000,1000,45017050,api-0089.json,89366c2f5c1f63caec1729de9adfc0b77d74c7065ef7e3d4963e876adc949272
356,20090926,9,37,1263,61162,996940,44684958000,1000,44684958,api-0089.json,89366c2f5c1f63caec1729de9adfc0b77d74c7065ef7e3d4963e876adc949272
357,20091003,2,27,1116,56547,980978,45232409000,1000,45232409,api-0089.json,89366c2f5c1f63caec1729de9adfc0b77d74c7065ef7e3d4963e876adc949272
358,20091010,3,44,1382,68247,1092528,45651829000,1000,45651829,api-0088.json,0d761b46e67477936b0c5fbc47ec3da6210215d53de498a5f4b2d8a11a643714
359,20091017,8,37,1656,73283,1097592,45288256000,1000,45288256,api-0088.json,0d761b46e67477936b0c5fbc47ec3da6210215d53de498a5f4b2d8a11a643714
360,20091024,3,33,1208,60311,1005187,45719032000,1000,45719032,api-0088.json,0d761b46e67477936b0c5fbc47ec3da6210215d53de498a5f4b2d8a11a643714
361,20091031,7,34,1463,67347,1068999,45062676000,1000,45062676,api-0088.json,0d761b46e67477936b0c5fbc47ec3da6210215d53de498a5f4b2d8a11a643714
362,20091107,6,26,1173,56798,974787,44336363000,1000,44336363,api-0088.json,0d761b46e67477936b0c5fbc47ec3da6210215d53de498a5f4b2d8a11a643714
363,20091114,4,33,1216,59672,998514,44863948000,1000,44863948,api-0088.json,0d761b46e67477936b0c5fbc47ec3da6210215d53de498a5f4b2d8a11a643714
364,20091121,4,37,1259,63195,1043314,44192004000,1000,44192004,api-0088.json,0d761b46e67477936b0c5fbc47ec3da6210215d53de498a5f4b2d8a11a643714
365,20091128,1,35,1181,62472,1014701,45806066000,1000,45806066,api-0088.json,0d761b46e67477936b0c5fbc47ec3da6210215d53de498a5f4b2d8a11a643714
366,20091205,2,39,1617,71467,1028514,45962166000,1000,45962166,api-0088.json,0d761b46e67477936b0c5fbc47ec3da6210215d53de498a5f4b2d8a11a643714
367,20091212,7,37,1049,55158,955212,46459307000,1000,46459307,api-0088.json,0d761b46e67477936b0c5fbc47ec3da6210215d53de498a5f4b2d8a11a643714
368,20091219,7,38,1195,57581,954346,43746046000,1000,43746046,api-0087.json,c4d20521e6f178843d5fd8c3cc9e4c0cd26715ecefb3bcddeee2985703e5b851
369,20091226,6,31,1157,59383,987272,46716275000,1000,46716275,api-0087.json,c4d20521e6f178843d5fd8c3cc9e4c0cd26715ecefb3bcddeee2985703e5b851
370,20100102,7,32,1168,60549,1058734,49762652000,1000,49762652,api-0087.json,c4d20521e6f178843d5fd8c3cc9e4c0cd26715ecefb3bcddeee2985703e5b851
371,20100109,7,29,1201,62102,1028012,45843166000,1000,45843166,api-0087.json,c4d20521e6f178843d5fd8c3cc9e4c0cd26715ecefb3bcddeee2985703e5b851
372,20100116,9,37,1368,62564,1038927,46167066000,1000,46167066,api-0087.json,c4d20521e6f178843d5fd8c3cc9e4c0cd26715ecefb3bcddeee2985703e5b851
373,20100123,4,29,1117,57659,987105,47095065000,1000,47095065,api-0087.json,c4d20521e6f178843d5fd8c3cc9e4c0cd26715ecefb3bcddeee2985703e5b851
374,20100130,2,27,1398,69786,1122320,48081319000,1000,48081319,api-0087.json,c4d20521e6f178843d5fd8c3cc9e4c0cd26715ecefb3bcddeee2985703e5b851
375,20100206,7,42,1279,64951,1096831,47864938000,1000,47864938,api-0087.json,c4d20521e6f178843d5fd8c3cc9e4c0cd26715ecefb3bcddeee2985703e5b851
376,20100213,6,51,1411,69450,1151878,50657096000,1000,50657096,api-0087.json,c4d20521e6f178843d5fd8c3cc9e4c0cd26715ecefb3bcddeee2985703e5b851
377,20100220,3,22,1198,58733,1009758,49218434000,1000,49218434,api-0087.json,c4d20521e6f178843d5fd8c3cc9e4c0cd26715ecefb3bcddeee2985703e5b851
378,20100227,5,30,1124,59742,1023866,48866964000,1000,48866964,api-0086.json,fd97f81def5295324e4b2fcb68f33e5a3a47d0a46c425374e2bea80889bbbb60
379,20100306,7,71,1342,62084,1022769,47537685000,1000,47537685,api-0086.json,fd97f81def5295324e4b2fcb68f33e5a3a47d0a46c425374e2bea80889bbbb60
380,20100313,4,42,1464,77583,1137404,47164371000,1000,47164371,api-0086.json,fd97f81def5295324e4b2fcb68f33e5a3a47d0a46c425374e2bea80889bbbb60
381,20100320,19,62,1981,82120,1211298,47943113000,1000,47943113,api-0086.json,fd97f81def5295324e4b2fcb68f33e5a3a47d0a46c425374e2bea80889bbbb60
382,20100327,6,32,1212,62267,1046779,47401288000,1000,47401288,api-0086.json,fd97f81def5295324e4b2fcb68f33e5a3a47d0a46c425374e2bea80889bbbb60
383,20100403,3,28,1251,60525,1010183,46067051000,1000,46067051,api-0086.json,fd97f81def5295324e4b2fcb68f33e5a3a47d0a46c425374e2bea80889bbbb60
384,20100410,3,41,1215,62090,1030160,46888942000,1000,46888942,api-0086.json,fd97f81def5295324e4b2fcb68f33e5a3a47d0a46c425374e2bea80889bbbb60
385,20100417,7,36,1235,62096,1026272,46243483000,1000,46243483,api-0086.json,fd97f81def5295324e4b2fcb68f33e5a3a47d0a46c425374e2bea80889bbbb60
386,20100424,10,59,1683,72203,1114222,45907331000,1000,45907331,api-0086.json,fd97f81def5295324e4b2fcb68f33e5a3a47d0a46c425374e2bea80889bbbb60
387,20100501,4,26,1177,58115,978618,45459960000,1000,45459960,api-0086.json,fd97f81def5295324e4b2fcb68f33e5a3a47d0a46c425374e2bea80889bbbb60
388,20100508,4,30,1269,61475,1036812,44308705000,1000,44308705,api-0085.json,1dc7a54daa3c01fb2b97dfaecb5125f794bc733ce87e61e4ba3a1b6f7c1ec8a6
389,20100515,5,36,1253,60800,1021691,45534027000,1000,45534027,api-0085.json,1dc7a54daa3c01fb2b97dfaecb5125f794bc733ce87e61e4ba3a1b6f7c1ec8a6
390,20100522,1,37,1087,55834,960968,44189673000,1000,44189673,api-0085.json,1dc7a54daa3c01fb2b97dfaecb5125f794bc733ce87e61e4ba3a1b6f7c1ec8a6
391,20100529,1,32,1337,60803,1013235,45161516000,1000,45161516,api-0085.json,1dc7a54daa3c01fb2b97dfaecb5125f794bc733ce87e61e4ba3a1b6f7c1ec8a6
392,20100605,6,30,1504,73927,1125811,45528684000,1000,45528684,api-0085.json,1dc7a54daa3c01fb2b97dfaecb5125f794bc733ce87e61e4ba3a1b6f7c1ec8a6
393,20100612,8,35,1072,55951,966901,45989116000,1000,45989116,api-0085.json,1dc7a54daa3c01fb2b97dfaecb5125f794bc733ce87e61e4ba3a1b6f7c1ec8a6
394,20100619,1,33,1204,56300,967784,45192337000,1000,45192337,api-0085.json,1dc7a54daa3c01fb2b97dfaecb5125f794bc733ce87e61e4ba3a1b6f7c1ec8a6
395,20100626,7,42,1420,64267,1038443,46192580000,1000,46192580,api-0085.json,1dc7a54daa3c01fb2b97dfaecb5125f794bc733ce87e61e4ba3a1b6f7c1ec8a6
396,20100703,2,34,1202,61586,1015292,45463736000,1000,45463736,api-0085.json,1dc7a54daa3c01fb2b97dfaecb5125f794bc733ce87e61e4ba3a1b6f7c1ec8a6
397,20100710,3,31,1366,66958,1089481,45890007000,1000,45890007,api-0085.json,1dc7a54daa3c01fb2b97dfaecb5125f794bc733ce87e61e4ba3a1b6f7c1ec8a6
398,20100717,4,31,1112,57405,968563,45427304000,1000,45427304,api-0084.json,17e15098a36b057fa88bdbc46fcc94fa14a6d55c143be4a3a97bd8ea30a85280
399,20100724,8,40,1462,76998,1150232,45551786000,1000,45551786,api-0084.json,17e15098a36b057fa88bdbc46fcc94fa14a6d55c143be4a3a97bd8ea30a85280
400,20100731,4,30,1254,59141,978194,45379731000,1000,45379731,api-0084.json,17e15098a36b057fa88bdbc46fcc94fa14a6d55c143be4a3a97bd8ea30a85280
401,20100807,9,29,1355,59599,949491,43491965000,1000,43491965,api-0084.json,17e15098a36b057fa88bdbc46fcc94fa14a6d55c143be4a3a97bd8ea30a85280
402,20100814,4,41,1271,62656,1034048,45002946000,1000,45002946,api-0084.json,17e15098a36b057fa88bdbc46fcc94fa14a6d55c143be4a3a97bd8ea30a85280
403,20100821,5,43,1321,63122,1030051,44911335000,1000,44911335,api-0084.json,17e15098a36b057fa88bdbc46fcc94fa14a6d55c143be4a3a97bd8ea30a85280
404,20100828,3,26,1273,63559,1050065,45389825000,1000,45389825,api-0084.json,17e15098a36b057fa88bdbc46fcc94fa14a6d55c143be4a3a97bd8ea30a85280
405,20100904,3,35,1283,63080,1056188,45220904000,1000,45220904,api-0084.json,17e15098a36b057fa88bdbc46fcc94fa14a6d55c143be4a3a97bd8ea30a85280
406,20100911,5,33,1442,66604,1065324,46062206000,1000,46062206,api-0084.json,17e15098a36b057fa88bdbc46fcc94fa14a6d55c143be4a3a97bd8ea30a85280
407,20100918,7,27,1268,65481,1108695,48429586000,1000,48429586,api-0084.json,17e15098a36b057fa88bdbc46fcc94fa14a6d55c143be4a3a97bd8ea30a85280
408,20100925,5,33,1244,62101,1039160,46406711000,1000,46406711,api-0083.json,2fe1bae8059eeaba77093b00ebb7674ce72fac0330634bdb2d6252f032384c45
409,20101002,4,36,1320,64123,1061106,47924584000,1000,47924584,api-0083.json,2fe1bae8059eeaba77093b00ebb7674ce72fac0330634bdb2d6252f032384c45
410,20101009,9,37,1303,65942,1088956,47467817000,1000,47467817,api-0083.json,2fe1bae8059eeaba77093b00ebb7674ce72fac0330634bdb2d6252f032384c45
411,20101016,12,36,1318,63403,1041554,47259122000,1000,47259122,api-0083.json,2fe1bae8059eeaba77093b00ebb7674ce72fac0330634bdb2d6252f032384c45
412,20101023,7,34,1223,59882,1016225,47066180000,1000,47066180,api-0083.json,2fe1bae8059eeaba77093b00ebb7674ce72fac0330634bdb2d6252f032384c45
413,20101030,4,36,1256,62797,1062284,46925724000,1000,46925724,api-0083.json,2fe1bae8059eeaba77093b00ebb7674ce72fac0330634bdb2d6252f032384c45
414,20101106,1,35,1220,58726,982817,46910990000,1000,46910990,api-0083.json,2fe1bae8059eeaba77093b00ebb7674ce72fac0330634bdb2d6252f032384c45
415,20101113,8,35,1587,71409,1114259,46746048000,1000,46746048,api-0083.json,2fe1bae8059eeaba77093b00ebb7674ce72fac0330634bdb2d6252f032384c45
416,20101120,10,32,1501,70470,1122015,46854806000,1000,46854806,api-0083.json,2fe1bae8059eeaba77093b00ebb7674ce72fac0330634bdb2d6252f032384c45
417,20101127,4,34,1181,58879,1001817,45968256000,1000,45968256,api-0083.json,2fe1bae8059eeaba77093b00ebb7674ce72fac0330634bdb2d6252f032384c45
418,20101204,8,46,1316,61748,1025606,47058055000,1000,47058055,api-0082.json,bbb84e9f563f7f51637abfdb64cdf21d973629ae997676ac1d4fe8a1c6c5757d
419,20101211,3,33,1194,60100,1012637,46508296000,1000,46508296,api-0082.json,bbb84e9f563f7f51637abfdb64cdf21d973629ae997676ac1d4fe8a1c6c5757d
420,20101218,8,35,1187,62929,1065564,47345476000,1000,47345476,api-0082.json,bbb84e9f563f7f51637abfdb64cdf21d973629ae997676ac1d4fe8a1c6c5757d
421,20101225,5,36,1203,62947,1050873,47752021000,1000,47752021,api-0082.json,bbb84e9f563f7f51637abfdb64cdf21d973629ae997676ac1d4fe8a1c6c5757d
422,20110101,6,21,1293,64044,1104218,52730602000,1000,52730602,api-0082.json,bbb84e9f563f7f51637abfdb64cdf21d973629ae997676ac1d4fe8a1c6c5757d
423,20110108,3,47,1432,69948,1150428,49668311000,1000,49668311,api-0082.json,bbb84e9f563f7f51637abfdb64cdf21d973629ae997676ac1d4fe8a1c6c5757d
424,20110115,10,51,1686,75456,1159669,48728445000,1000,48728445,api-0082.json,bbb84e9f563f7f51637abfdb64cdf21d973629ae997676ac1d4fe8a1c6c5757d
425,20110122,8,41,1297,66071,1110949,50459694000,1000,50459694,api-0082.json,bbb84e9f563f7f51637abfdb64cdf21d973629ae997676ac1d4fe8a1c6c5757d
426,20110129,4,63,1463,71102,1174590,51466592000,1000,51466592,api-0082.json,bbb84e9f563f7f51637abfdb64cdf21d973629ae997676ac1d4fe8a1c6c5757d
427,20110205,1,33,1415,71400,1184720,52511055000,1000,52511055,api-0082.json,bbb84e9f563f7f51637abfdb64cdf21d973629ae997676ac1d4fe8a1c6c5757d
428,20110212,9,30,1568,76003,1258031,54685007000,1000,54685007,api-0081.json,57e7856b0e6aaf469b001a2167c2340a4da096cb94f9f86cce5c37af1bcd186e
429,20110219,9,37,1389,68256,1150652,53993833000,1000,53993833,api-0081.json,57e7856b0e6aaf469b001a2167c2340a4da096cb94f9f86cce5c37af1bcd186e
430,20110226,8,45,1449,70039,1180669,53194872000,1000,53194872,api-0081.json,57e7856b0e6aaf469b001a2167c2340a4da096cb94f9f86cce5c37af1bcd186e
431,20110305,10,43,1337,66865,1115054,51661947000,1000,51661947,api-0081.json,57e7856b0e6aaf469b001a2167c2340a4da096cb94f9f86cce5c37af1bcd186e
432,20110312,5,48,1747,83754,1331414,52348574000,1000,52348574,api-0081.json,57e7856b0e6aaf469b001a2167c2340a4da096cb94f9f86cce5c37af1bcd186e
433,20110319,11,41,1278,65906,1112537,52396606000,1000,52396606,api-0081.json,57e7856b0e6aaf469b001a2167c2340a4da096cb94f9f86cce5c37af1bcd186e
434,20110326,8,37,1867,78263,1217852,51579439000,1000,51579439,api-0081.json,57e7856b0e6aaf469b001a2167c2340a4da096cb94f9f86cce5c37af1bcd186e
435,20110402,10,31,1426,67838,1122280,52341267000,1000,52341267,api-0081.json,57e7856b0e6aaf469b001a2167c2340a4da096cb94f9f86cce5c37af1bcd186e
436,20110409,8,44,1425,70742,1153313,50869017000,1000,50869017,api-0081.json,57e7856b0e6aaf469b001a2167c2340a4da096cb94f9f86cce5c37af1bcd186e
437,20110416,6,33,1286,64531,1080539,50798417000,1000,50798417,api-0081.json,57e7856b0e6aaf469b001a2167c2340a4da096cb94f9f86cce5c37af1bcd186e
438,20110423,9,41,1303,65010,1081763,50370042000,1000,50370042,api-0080.json,314f56517238c1e181561a58e8ff5115228286d76c065e1e3ba8bba040f36c70
439,20110430,6,33,1437,75335,1174597,49680708000,1000,49680708,api-0080.json,314f56517238c1e181561a58e8ff5115228286d76c065e1e3ba8bba040f36c70
440,20110507,6,41,1495,68428,1103401,49810778000,1000,49810778,api-0080.json,314f56517238c1e181561a58e8ff5115228286d76c065e1e3ba8bba040f36c70
441,20110514,4,42,1127,60027,1045164,50272122000,1000,50272122,api-0080.json,314f56517238c1e181561a58e8ff5115228286d76c065e1e3ba8bba040f36c70
442,20110521,9,27,1271,63699,1092813,51219943000,1000,51219943,api-0080.json,314f56517238c1e181561a58e8ff5115228286d76c065e1e3ba8bba040f36c70
443,20110528,9,41,1668,74414,1193233,51236072000,1000,51236072,api-0080.json,314f56517238c1e181561a58e8ff5115228286d76c065e1e3ba8bba040f36c70
444,20110604,3,26,1270,65611,1087892,50673529000,1000,50673529,api-0080.json,314f56517238c1e181561a58e8ff5115228286d76c065e1e3ba8bba040f36c70
445,20110611,7,28,1183,61433,1046503,50053080000,1000,50053080,api-0080.json,314f56517238c1e181561a58e8ff5115228286d76c065e1e3ba8bba040f36c70
446,20110618,3,41,1375,68198,1136546,50595241000,1000,50595241,api-0080.json,314f56517238c1e181561a58e8ff5115228286d76c065e1e3ba8bba040f36c70
447,20110625,4,31,1721,84363,1276737,49555042000,1000,49555042,api-0080.json,314f56517238c1e181561a58e8ff5115228286d76c065e1e3ba8bba040f36c70
448,20110702,3,35,1422,72122,1191936,51341262000,1000,51341262,api-0079.json,2ce1e57d912dac6eccd6d2ffef9804593a08b6aa1ac2d3c3be6fe9d01b41ac2a
449,20110709,3,39,1295,65963,1114025,50214272000,1000,50214272,api-0079.json,2ce1e57d912dac6eccd6d2ffef9804593a08b6aa1ac2d3c3be6fe9d01b41ac2a
450,20110716,6,34,1349,67461,1113967,49732036000,1000,49732036,api-0079.json,2ce1e57d912dac6eccd6d2ffef9804593a08b6aa1ac2d3c3be6fe9d01b41ac2a
451,20110723,13,31,1612,74696,1181075,49861167000,1000,49861167,api-0079.json,2ce1e57d912dac6eccd6d2ffef9804593a08b6aa1ac2d3c3be6fe9d01b41ac2a
452,20110730,9,48,1298,66864,1112471,48456758000,1000,48456758,api-0079.json,2ce1e57d912dac6eccd6d2ffef9804593a08b6aa1ac2d3c3be6fe9d01b41ac2a
453,20110806,5,36,1412,69250,1096036,48055125000,1000,48055125,api-0079.json,2ce1e57d912dac6eccd6d2ffef9804593a08b6aa1ac2d3c3be6fe9d01b41ac2a
454,20110813,7,43,1397,74480,1090420,48389211000,1000,48389211,api-0079.json,2ce1e57d912dac6eccd6d2ffef9804593a08b6aa1ac2d3c3be6fe9d01b41ac2a
455,20110820,7,32,1448,69056,1133097,48769851000,1000,48769851,api-0079.json,2ce1e57d912dac6eccd6d2ffef9804593a08b6aa1ac2d3c3be6fe9d01b41ac2a
456,20110827,7,39,1616,75858,1199612,49420681000,1000,49420681,api-0079.json,2ce1e57d912dac6eccd6d2ffef9804593a08b6aa1ac2d3c3be6fe9d01b41ac2a
457,20110903,10,47,1506,72524,1149591,49679052000,1000,49679052,api-0079.json,2ce1e57d912dac6eccd6d2ffef9804593a08b6aa1ac2d3c3be6fe9d01b41ac2a
458,20110910,8,52,1433,72902,1216672,53778256000,1000,53778256,api-0078.json,59900aa18af4d6be18a5f3b02431e7a5a5d6b5c0702a789eb0ab4472bba1f22e
459,20110917,7,46,1532,73084,1167264,49890095000,1000,49890095,api-0078.json,59900aa18af4d6be18a5f3b02431e7a5a5d6b5c0702a789eb0ab4472bba1f22e
460,20110924,4,30,1307,66799,1130818,51917635000,1000,51917635,api-0078.json,59900aa18af4d6be18a5f3b02431e7a5a5d6b5c0702a789eb0ab4472bba1f22e
461,20111001,6,32,1717,75605,1188529,50624588000,1000,50624588,api-0078.json,59900aa18af4d6be18a5f3b02431e7a5a5d6b5c0702a789eb0ab4472bba1f22e
462,20111008,8,39,1394,67106,1096569,49325555000,1000,49325555,api-0078.json,59900aa18af4d6be18a5f3b02431e7a5a5d6b5c0702a789eb0ab4472bba1f22e
463,20111015,0,37,1254,62251,1060512,49205151000,1000,49205151,api-0078.json,59900aa18af4d6be18a5f3b02431e7a5a5d6b5c0702a789eb0ab4472bba1f22e
464,20111022,13,78,3145,159899,2682564,126772274000,1000,126772274,api-0078.json,59900aa18af4d6be18a5f3b02431e7a5a5d6b5c0702a789eb0ab4472bba1f22e
465,20111029,7,46,1733,83244,1356052,57793294000,1000,57793294,api-0078.json,59900aa18af4d6be18a5f3b02431e7a5a5d6b5c0702a789eb0ab4472bba1f22e
466,20111105,9,55,1746,83132,1327403,58314753000,1000,58314753,api-0078.json,59900aa18af4d6be18a5f3b02431e7a5a5d6b5c0702a789eb0ab4472bba1f22e
467,20111112,9,33,1811,88314,1410192,57383906000,1000,57383906,api-0078.json,59900aa18af4d6be18a5f3b02431e7a5a5d6b5c0702a789eb0ab4472bba1f22e
468,20111119,9,33,1457,70701,1187572,55598552000,1000,55598552,api-0077.json,feec9d4fb3f044a385f61bf123e04092a1f6dc91f0a3f166c650377b18f59250
469,20111126,4,33,1277,65880,1125554,53364940000,1000,53364940,api-0077.json,feec9d4fb3f044a385f61bf123e04092a1f6dc91f0a3f166c650377b18f59250
470,20111203,3,27,1390,71706,1207572,53912965000,1000,53912965,api-0077.json,feec9d4fb3f044a385f61bf123e04092a1f6dc91f0a3f166c650377b18f59250
471,20111210,7,30,1219,63297,1096176,53492340000,1000,53492340,api-0077.json,feec9d4fb3f044a385f61bf123e04092a1f6dc91f0a3f166c650377b18f59250
472,20111217,7,23,1352,68212,1132776,51929207000,1000,51929207,api-0077.json,feec9d4fb3f044a385f61bf123e04092a1f6dc91f0a3f166c650377b18f59250
473,20111224,4,36,1313,67064,1148971,52867236000,1000,52867236,api-0077.json,feec9d4fb3f044a385f61bf123e04092a1f6dc91f0a3f166c650377b18f59250
474,20111231,15,48,1738,81500,1336085,58978482000,1000,58978482,api-0077.json,feec9d4fb3f044a385f61bf123e04092a1f6dc91f0a3f166c650377b18f59250
475,20120107,8,33,1486,75257,1238055,56043275000,1000,56043275,api-0077.json,feec9d4fb3f044a385f61bf123e04092a1f6dc91f0a3f166c650377b18f59250
476,20120114,4,34,1294,68643,1203577,55591819000,1000,55591819,api-0077.json,feec9d4fb3f044a385f61bf123e04092a1f6dc91f0a3f166c650377b18f59250
477,20120121,8,33,1474,73001,1256239,60801409000,1000,60801409,api-0077.json,feec9d4fb3f044a385f61bf123e04092a1f6dc91f0a3f166c650377b18f59250
478,20120128,14,35,1285,67069,1141261,54975901000,1000,54975901,api-0076.json,d4d8104c753a6c01cb7c7376be5fedaa3aaa88311221eae5a3af24e9de3d9a5f
479,20120204,6,34,1389,71489,1197119,54848834000,1000,54848834,api-0076.json,d4d8104c753a6c01cb7c7376be5fedaa3aaa88311221eae5a3af24e9de3d9a5f
480,20120211,4,50,1983,96288,1382163,55415681000,1000,55415681,api-0076.json,d4d8104c753a6c01cb7c7376be5fedaa3aaa88311221eae5a3af24e9de3d9a5f
481,20120218,3,34,1294,66695,1185827,55642616000,1000,55642616,api-0076.json,d4d8104c753a6c01cb7c7376be5fedaa3aaa88311221eae5a3af24e9de3d9a5f
482,20120225,7,30,1639,78522,1292139,56201452000,1000,56201452,api-0076.json,d4d8104c753a6c01cb7c7376be5fedaa3aaa88311221eae5a3af24e9de3d9a5f
483,20120303,5,53,1886,83480,1300537,55582659000,1000,55582659,api-0076.json,d4d8104c753a6c01cb7c7376be5fedaa3aaa88311221eae5a3af24e9de3d9a5f
484,20120310,6,32,1343,70285,1197263,55885979000,1000,55885979,api-0076.json,d4d8104c753a6c01cb7c7376be5fedaa3aaa88311221eae5a3af24e9de3d9a5f
485,20120317,9,33,1406,72785,1237898,55692878000,1000,55692878,api-0076.json,d4d8104c753a6c01cb7c7376be5fedaa3aaa88311221eae5a3af24e9de3d9a5f
486,20120324,13,29,1501,72658,1230904,54540823000,1000,54540823,api-0076.json,d4d8104c753a6c01cb7c7376be5fedaa3aaa88311221eae5a3af24e9de3d9a5f
487,20120331,8,46,1587,76639,1265088,55276503000,1000,55276503,api-0076.json,d4d8104c753a6c01cb7c7376be5fedaa3aaa88311221eae5a3af24e9de3d9a5f
488,20120407,10,33,1345,69224,1181353,54213092000,1000,54213092,api-0075.json,76aaa5c52e9e2a5abbf13c10394901cec51db0f6d31e0784c68abf42aa0aba72
489,20120414,6,52,1538,75822,1227452,53558490000,1000,53558490,api-0075.json,76aaa5c52e9e2a5abbf13c10394901cec51db0f6d31e0784c68abf42aa0aba72
490,20120421,7,29,1357,65961,1126965,52590121000,1000,52590121,api-0075.json,76aaa5c52e9e2a5abbf13c10394901cec51db0f6d31e0784c68abf42aa0aba72
491,20120428,4,31,1360,68290,1133544,53413874000,1000,53413874,api-0075.json,76aaa5c52e9e2a5abbf13c10394901cec51db0f6d31e0784c68abf42aa0aba72
492,20120505,5,40,1434,69327,1152057,51693454000,1000,51693454,api-0075.json,76aaa5c52e9e2a5abbf13c10394901cec51db0f6d31e0784c68abf42aa0aba72
493,20120512,9,27,1342,68608,1154415,53231838000,1000,53231838,api-0075.json,76aaa5c52e9e2a5abbf13c10394901cec51db0f6d31e0784c68abf42aa0aba72
494,20120519,12,40,1539,74174,1215736,53321589000,1000,53321589,api-0075.json,76aaa5c52e9e2a5abbf13c10394901cec51db0f6d31e0784c68abf42aa0aba72
495,20120526,6,44,1568,75762,1228344,53645960000,1000,53645960,api-0075.json,76aaa5c52e9e2a5abbf13c10394901cec51db0f6d31e0784c68abf42aa0aba72
496,20120602,4,46,1389,66873,1117856,52915804000,1000,52915804,api-0075.json,76aaa5c52e9e2a5abbf13c10394901cec51db0f6d31e0784c68abf42aa0aba72
497,20120609,6,30,1148,61101,1073640,52411585000,1000,52411585,api-0075.json,76aaa5c52e9e2a5abbf13c10394901cec51db0f6d31e0784c68abf42aa0aba72
498,20120616,4,35,1334,68471,1139612,52851253000,1000,52851253,api-0074.json,1366252aafe5afd05cc09a63920f2da45260331326f7f73dd88fa17f8ad2ca92
499,20120623,3,46,1514,76797,1252409,52767632000,1000,52767632,api-0074.json,1366252aafe5afd05cc09a63920f2da45260331326f7f73dd88fa17f8ad2ca92
500,20120630,9,68,1831,84979,1308863,54012267000,1000,54012267,api-0074.json,1366252aafe5afd05cc09a63920f2da45260331326f7f73dd88fa17f8ad2ca92
501,20120707,4,61,1639,77235,1272541,52717711000,1000,52717711,api-0074.json,1366252aafe5afd05cc09a63920f2da45260331326f7f73dd88fa17f8ad2ca92
502,20120714,6,31,1482,70160,1176131,54000640000,1000,54000640,api-0074.json,1366252aafe5afd05cc09a63920f2da45260331326f7f73dd88fa17f8ad2ca92
503,20120721,7,42,1292,69822,1198882,53572205000,1000,53572205,api-0074.json,1366252aafe5afd05cc09a63920f2da45260331326f7f73dd88fa17f8ad2ca92
504,20120728,9,29,1294,63257,1082365,51787037000,1000,51787037,api-0074.json,1366252aafe5afd05cc09a63920f2da45260331326f7f73dd88fa17f8ad2ca92
505,20120804,6,38,1440,69758,1144014,49103223000,1000,49103223,api-0074.json,1366252aafe5afd05cc09a63920f2da45260331326f7f73dd88fa17f8ad2ca92
506,20120811,3,33,1588,75289,1224774,52363311000,1000,52363311,api-0074.json,1366252aafe5afd05cc09a63920f2da45260331326f7f73dd88fa17f8ad2ca92
507,20120818,9,29,1473,73411,1230314,53638773000,1000,53638773,api-0074.json,1366252aafe5afd05cc09a63920f2da45260331326f7f73dd88fa17f8ad2ca92
508,20120825,8,31,1596,75460,1234049,54010391000,1000,54010391,api-0073.json,47b73afb91a5d7f56d3e94f864050898b268b72a53e99cfdffae8dce323357aa
509,20120901,5,34,1228,64934,1104261,53390358000,1000,53390358,api-0073.json,47b73afb91a5d7f56d3e94f864050898b268b72a53e99cfdffae8dce323357aa
510,20120908,5,25,1319,69724,1173715,53964992000,1000,53964992,api-0073.json,47b73afb91a5d7f56d3e94f864050898b268b72a53e99cfdffae8dce323357aa
511,20120915,6,37,1524,72310,1209004,53970308000,1000,53970308,api-0073.json,47b73afb91a5d7f56d3e94f864050898b268b72a53e99cfdffae8dce323357aa
512,20120922,13,52,1682,82439,1318396,54017801000,1000,54017801,api-0073.json,47b73afb91a5d7f56d3e94f864050898b268b72a53e99cfdffae8dce323357aa
513,20120929,3,54,1626,82270,1337355,58317548000,1000,58317548,api-0073.json,47b73afb91a5d7f56d3e94f864050898b268b72a53e99cfdffae8dce323357aa
514,20121006,3,36,1362,70323,1181166,54452404000,1000,54452404,api-0073.json,47b73afb91a5d7f56d3e94f864050898b268b72a53e99cfdffae8dce323357aa
515,20121013,1,35,1450,74773,1258039,55258935000,1000,55258935,api-0073.json,47b73afb91a5d7f56d3e94f864050898b268b72a53e99cfdffae8dce323357aa
516,20121020,11,32,1338,67233,1169955,56385762000,1000,56385762,api-0073.json,47b73afb91a5d7f56d3e94f864050898b268b72a53e99cfdffae8dce323357aa
517,20121027,5,40,1493,70854,1192872,54468223000,1000,54468223,api-0073.json,47b73afb91a5d7f56d3e94f864050898b268b72a53e99cfdffae8dce323357aa
518,20121103,6,34,1349,71110,1198970,55321566000,1000,55321566,api-0072.json,09ee635a659380e30582183c20a4674d9b87312ef5df6b41ef303df710b5a8f4
519,20121110,7,32,1357,71405,1206248,55614206000,1000,55614206,api-0072.json,09ee635a659380e30582183c20a4674d9b87312ef5df6b41ef303df710b5a8f4
520,20121117,6,37,1627,77196,1260891,55003797000,1000,55003797,api-0072.json,09ee635a659380e30582183c20a4674d9b87312ef5df6b41ef303df710b5a8f4
521,20121124,8,53,1612,75589,1250016,56185373000,1000,56185373,api-0072.json,09ee635a659380e30582183c20a4674d9b87312ef5df6b41ef303df710b5a8f4
522,20121201,6,39,1495,76078,1293961,57053378000,1000,57053378,api-0072.json,09ee635a659380e30582183c20a4674d9b87312ef5df6b41ef303df710b5a8f4
523,20121208,7,43,1557,79706,1247454,53678449000,1000,53678449,api-0072.json,09ee635a659380e30582183c20a4674d9b87312ef5df6b41ef303df710b5a8f4
524,20121215,4,36,1338,67866,1163075,55662103000,1000,55662103,api-0072.json,09ee635a659380e30582183c20a4674d9b87312ef5df6b41ef303df710b5a8f4
525,20121222,9,41,1543,73791,1215973,55566007000,1000,55566007,api-0072.json,09ee635a659380e30582183c20a4674d9b87312ef5df6b41ef303df710b5a8f4
526,20121229,9,49,1539,78325,1291054,56527807000,1000,56527807,api-0072.json,09ee635a659380e30582183c20a4674d9b87312ef5df6b41ef303df710b5a8f4
527,20130105,13,29,1967,83212,1287504,56985634000,1000,56985634,api-0072.json,09ee635a659380e30582183c20a4674d9b87312ef5df6b41ef303df710b5a8f4
528,20130112,11,86,1811,87443,1366616,57548541000,1000,57548541,api-0071.json,3ca4416aa266703009f80d841d45be213f9cf46faeedffef4459646c2a40acb1
529,20130119,8,33,1502,75069,1282443,57645779000,1000,57645779,api-0071.json,3ca4416aa266703009f80d841d45be213f9cf46faeedffef4459646c2a40acb1
530,20130126,11,40,1449,75595,1255300,56241083000,1000,56241083,api-0071.json,3ca4416aa266703009f80d841d45be213f9cf46faeedffef4459646c2a40acb1
531,20130202,9,42,1618,78757,1317489,57567064000,1000,57567064,api-0071.json,3ca4416aa266703009f80d841d45be213f9cf46faeedffef4459646c2a40acb1
532,20130209,7,26,1480,74186,1288672,61687384000,1000,61687384,api-0071.json,3ca4416aa266703009f80d841d45be213f9cf46faeedffef4459646c2a40acb1
533,20130216,8,44,1517,78509,1333013,59275357000,1000,59275357,api-0071.json,3ca4416aa266703009f80d841d45be213f9cf46faeedffef4459646c2a40acb1
534,20130223,1,55,1537,79943,1332446,59227462000,1000,59227462,api-0071.json,3ca4416aa266703009f80d841d45be213f9cf46faeedffef4459646c2a40acb1
535,20130302,3,31,1512,76742,1336486,60523884000,1000,60523884,api-0071.json,3ca4416aa266703009f80d841d45be213f9cf46faeedffef4459646c2a40acb1
536,20130309,11,40,1676,80139,1336621,59763469000,1000,59763469,api-0071.json,3ca4416aa266703009f80d841d45be213f9cf46faeedffef4459646c2a40acb1
537,20130316,7,35,1444,75265,1265143,59453323000,1000,59453323,api-0071.json,3ca4416aa266703009f80d841d45be213f9cf46faeedffef4459646c2a40acb1
538,20130323,3,48,1724,82529,1347630,59233373000,1000,59233373,api-0070.json,5a01ed952baff9cfb40b2c649d7086027616a8e66fa273b317abef0774633064
539,20130330,9,42,1519,75592,1270479,59168870000,1000,59168870,api-0070.json,5a01ed952baff9cfb40b2c649d7086027616a8e66fa273b317abef0774633064
540,20130406,7,26,1409,72629,1234194,56739658000,1000,56739658,api-0070.json,5a01ed952baff9cfb40b2c649d7086027616a8e66fa273b317abef0774633064
541,20130413,11,40,1444,73911,1246235,57087047000,1000,57087047,api-0070.json,5a01ed952baff9cfb40b2c649d7086027616a8e66fa273b317abef0774633064
542,20130420,6,26,1456,72242,1236252,56949161000,1000,56949161,api-0070.json,5a01ed952baff9cfb40b2c649d7086027616a8e66fa273b317abef0774633064
543,20130427,12,47,1968,81520,1280433,56570245000,1000,56570245,api-0070.json,5a01ed952baff9cfb40b2c649d7086027616a8e66fa273b317abef0774633064
544,20130504,13,47,1527,74263,1235509,56056189000,1000,56056189,api-0070.json,5a01ed952baff9cfb40b2c649d7086027616a8e66fa273b317abef0774633064
545,20130511,11,42,1497,77301,1306657,55967171000,1000,55967171,api-0070.json,5a01ed952baff9cfb40b2c649d7086027616a8e66fa273b317abef0774633064
546,20130518,30,55,3110,104469,1379107,56713166000,1000,56713166,api-0070.json,5a01ed952baff9cfb40b2c649d7086027616a8e66fa273b317abef0774633064
547,20130525,5,54,1548,75527,1256984,57968466000,1000,57968466,api-0070.json,5a01ed952baff9cfb40b2c649d7086027616a8e66fa273b317abef0774633064
548,20130601,8,46,1646,78057,1291286,57771827000,1000,57771827,api-0069.json,8e57007921044b66daeb06c35627e25b311a9dea56c586fa80e2d4f6ecd6268a
549,20130608,8,35,1487,71700,1213077,56864611000,1000,56864611,api-0069.json,8e57007921044b66daeb06c35627e25b311a9dea56c586fa80e2d4f6ecd6268a
550,20130615,11,58,2728,103421,1328508,56441770000,1000,56441770,api-0069.json,8e57007921044b66daeb06c35627e25b311a9dea56c586fa80e2d4f6ecd6268a
551,20130622,1,32,1440,77811,1313634,56989370000,1000,56989370,api-0069.json,8e57007921044b66daeb06c35627e25b311a9dea56c586fa80e2d4f6ecd6268a
552,20130629,10,45,1808,86409,1347284,57602386000,1000,57602386,api-0069.json,8e57007921044b66daeb06c35627e25b311a9dea56c586fa80e2d4f6ecd6268a
553,20130706,6,52,1647,77687,1272468,56487483000,1000,56487483,api-0069.json,8e57007921044b66daeb06c35627e25b311a9dea56c586fa80e2d4f6ecd6268a
554,20130713,2,41,1484,74436,1234010,56124466000,1000,56124466,api-0069.json,8e57007921044b66daeb06c35627e25b311a9dea56c586fa80e2d4f6ecd6268a
555,20130720,8,46,1554,78046,1296730,57273817000,1000,57273817,api-0069.json,8e57007921044b66daeb06c35627e25b311a9dea56c586fa80e2d4f6ecd6268a
556,20130727,7,41,1411,73689,1257532,57374791000,1000,57374791,api-0069.json,8e57007921044b66daeb06c35627e25b311a9dea56c586fa80e2d4f6ecd6268a
557,20130803,7,43,1503,74569,1238570,55086560000,1000,55086560,api-0069.json,8e57007921044b66daeb06c35627e25b311a9dea56c586fa80e2d4f6ecd6268a
558,20130810,10,51,1408,77834,1206457,54939001000,1000,54939001,api-0068.json,44901802fa4262a3f7e7e810446c8b090a1abf590780c9b5816a7cfe53ac71f6
559,20130817,7,42,1566,73823,1239640,55733418000,1000,55733418,api-0068.json,44901802fa4262a3f7e7e810446c8b090a1abf590780c9b5816a7cfe53ac71f6
560,20130824,7,40,1476,73123,1235465,56565298000,1000,56565298,api-0068.json,44901802fa4262a3f7e7e810446c8b090a1abf590780c9b5816a7cfe53ac71f6
561,20130831,5,41,1434,73966,1252562,56638383000,1000,56638383,api-0068.json,44901802fa4262a3f7e7e810446c8b090a1abf590780c9b5816a7cfe53ac71f6
562,20130907,11,51,1789,85094,1355577,56288212000,1000,56288212,api-0068.json,44901802fa4262a3f7e7e810446c8b090a1abf590780c9b5816a7cfe53ac71f6
563,20130914,7,38,1642,79945,1324790,57320132000,1000,57320132,api-0068.json,44901802fa4262a3f7e7e810446c8b090a1abf590780c9b5816a7cfe53ac71f6
564,20130921,7,32,1649,83100,1358618,58012468000,1000,58012468,api-0068.json,44901802fa4262a3f7e7e810446c8b090a1abf590780c9b5816a7cfe53ac71f6
565,20130928,8,39,1866,85438,1384878,59556622000,1000,59556622,api-0068.json,44901802fa4262a3f7e7e810446c8b090a1abf590780c9b5816a7cfe53ac71f6
566,20131005,4,35,1555,74789,1275890,57666611000,1000,57666611,api-0068.json,44901802fa4262a3f7e7e810446c8b090a1abf590780c9b5816a7cfe53ac71f6
567,20131012,6,53,1547,76284,1271252,57439471000,1000,57439471,api-0068.json,44901802fa4262a3f7e7e810446c8b090a1abf590780c9b5816a7cfe53ac71f6
568,20131019,10,50,1845,87784,1409876,57681628000,1000,57681628,api-0067.json,f8ce7ae19206d619354f90912d5a80042fb2a517baca3d19df67c1a2d2ab31b3
569,20131026,4,36,1706,81582,1329250,58441902000,1000,58441902,api-0067.json,f8ce7ae19206d619354f90912d5a80042fb2a517baca3d19df67c1a2d2ab31b3
570,20131102,9,38,1573,77565,1323078,57654279000,1000,57654279,api-0067.json,f8ce7ae19206d619354f90912d5a80042fb2a517baca3d19df67c1a2d2ab31b3
571,20131109,7,33,1506,74042,1238061,56493528000,1000,56493528,api-0067.json,f8ce7ae19206d619354f90912d5a80042fb2a517baca3d19df67c1a2d2ab31b3
572,20131116,8,53,1734,81361,1274889,56473602000,1000,56473602,api-0067.json,f8ce7ae19206d619354f90912d5a80042fb2a517baca3d19df67c1a2d2ab31b3
573,20131123,8,50,1622,78997,1308493,56092721000,1000,56092721,api-0067.json,f8ce7ae19206d619354f90912d5a80042fb2a517baca3d19df67c1a2d2ab31b3
574,20131130,2,33,1259,68910,1184428,55882933000,1000,55882933,api-0067.json,f8ce7ae19206d619354f90912d5a80042fb2a517baca3d19df67c1a2d2ab31b3
575,20131207,8,45,1488,75000,1257969,56330738000,1000,56330738,api-0067.json,f8ce7ae19206d619354f90912d5a80042fb2a517baca3d19df67c1a2d2ab31b3
576,20131214,3,54,1561,76903,1242512,54691148000,1000,54691148,api-0067.json,f8ce7ae19206d619354f90912d5a80042fb2a517baca3d19df67c1a2d2ab31b3
577,20131221,3,42,1526,79150,1322032,57010827000,1000,57010827,api-0067.json,f8ce7ae19206d619354f90912d5a80042fb2a517baca3d19df67c1a2d2ab31b3
578,20131228,5,43,1615,80303,1326822,58584741000,1000,58584741,api-0066.json,acf9f15b9397daa0bbce3fdacab1c961fdc9cd247144ac4e9277d6a75d2e9105
579,20140104,11,46,1769,85011,1408043,63532871000,1000,63532871,api-0066.json,acf9f15b9397daa0bbce3fdacab1c961fdc9cd247144ac4e9277d6a75d2e9105
580,20140111,7,42,1665,86352,1401162,60514216000,1000,60514216,api-0066.json,acf9f15b9397daa0bbce3fdacab1c961fdc9cd247144ac4e9277d6a75d2e9105
581,20140118,8,39,1384,76964,1321056,60257457000,1000,60257457,api-0066.json,acf9f15b9397daa0bbce3fdacab1c961fdc9cd247144ac4e9277d6a75d2e9105
582,20140125,4,57,1631,79917,1333596,59306953000,1000,59306953,api-0066.json,acf9f15b9397daa0bbce3fdacab1c961fdc9cd247144ac4e9277d6a75d2e9105
583,20140201,11,51,1826,88583,1445611,62675295000,1000,62675295,api-0066.json,acf9f15b9397daa0bbce3fdacab1c961fdc9cd247144ac4e9277d6a75d2e9105
584,20140208,3,32,1464,77972,1328119,61343856000,1000,61343856,api-0066.json,acf9f15b9397daa0bbce3fdacab1c961fdc9cd247144ac4e9277d6a75d2e9105
585,20140215,9,45,1528,79691,1339079,60253002000,1000,60253002,api-0066.json,acf9f15b9397daa0bbce3fdacab1c961fdc9cd247144ac4e9277d6a75d2e9105
586,20140222,8,46,1570,80965,1346737,59502096000,1000,59502096,api-0066.json,acf9f15b9397daa0bbce3fdacab1c961fdc9cd247144ac4e9277d6a75d2e9105
587,20140301,3,43,1437,73745,1254438,59715499000,1000,59715499,api-0066.json,acf9f15b9397daa0bbce3fdacab1c961fdc9cd247144ac4e9277d6a75d2e9105
588,20140308,5,43,1676,78517,1315684,59533101000,1000,59533101,api-0065.json,68dafdcf220cdf9b46c880bd728ad971e14a7a035a8402f4c3cd3cc5e4fa2560
589,20140315,7,42,1559,77435,1301184,60643729000,1000,60643729,api-0065.json,68dafdcf220cdf9b46c880bd728ad971e14a7a035a8402f4c3cd3cc5e4fa2560
590,20140322,7,31,1370,70019,1221113,60003131000,1000,60003131,api-0065.json,68dafdcf220cdf9b46c880bd728ad971e14a7a035a8402f4c3cd3cc5e4fa2560
591,20140329,5,38,1483,73310,1251393,59373946000,1000,59373946,api-0065.json,68dafdcf220cdf9b46c880bd728ad971e14a7a035a8402f4c3cd3cc5e4fa2560
592,20140405,6,28,1406,75519,1284347,58097477000,1000,58097477,api-0065.json,68dafdcf220cdf9b46c880bd728ad971e14a7a035a8402f4c3cd3cc5e4fa2560
593,20140412,9,62,1818,87413,1383890,59368204000,1000,59368204,api-0065.json,68dafdcf220cdf9b46c880bd728ad971e14a7a035a8402f4c3cd3cc5e4fa2560
594,20140419,11,42,1750,79157,1301802,57764442000,1000,57764442,api-0065.json,68dafdcf220cdf9b46c880bd728ad971e14a7a035a8402f4c3cd3cc5e4fa2560
595,20140426,8,54,1501,77652,1281555,57797288000,1000,57797288,api-0065.json,68dafdcf220cdf9b46c880bd728ad971e14a7a035a8402f4c3cd3cc5e4fa2560
596,20140503,10,41,1651,80007,1313990,56561071000,1000,56561071,api-0065.json,68dafdcf220cdf9b46c880bd728ad971e14a7a035a8402f4c3cd3cc5e4fa2560
597,20140510,13,46,1532,75553,1260248,56832361000,1000,56832361,api-0065.json,68dafdcf220cdf9b46c880bd728ad971e14a7a035a8402f4c3cd3cc5e4fa2560
598,20140517,16,50,2053,86005,1333411,57518550000,1000,57518550,api-0064.json,194b2840af3c2b3a4acdd0f940cdde145ac1a84f7fc6208ceea4976d5bacc84e
599,20140524,8,43,1685,79069,1297530,57381791000,1000,57381791,api-0064.json,194b2840af3c2b3a4acdd0f940cdde145ac1a84f7fc6208ceea4976d5bacc84e
600,20140531,15,41,1518,77138,1258677,56372519000,1000,56372519,api-0064.json,194b2840af3c2b3a4acdd0f940cdde145ac1a84f7fc6208ceea4976d5bacc84e
601,20140607,9,28,1516,72233,1205559,55868455000,1000,55868455,api-0064.json,194b2840af3c2b3a4acdd0f940cdde145ac1a84f7fc6208ceea4976d5bacc84e
602,20140614,8,42,1675,77026,1251693,56262855000,1000,56262855,api-0064.json,194b2840af3c2b3a4acdd0f940cdde145ac1a84f7fc6208ceea4976d5bacc84e
603,20140621,4,30,1363,71799,1227396,56276650000,1000,56276650,api-0064.json,194b2840af3c2b3a4acdd0f940cdde145ac1a84f7fc6208ceea4976d5bacc84e
604,20140628,11,36,1451,75476,1266398,56266399000,1000,56266399,api-0064.json,194b2840af3c2b3a4acdd0f940cdde145ac1a84f7fc6208ceea4976d5bacc84e
605,20140705,9,40,2286,92980,1386335,56622924000,1000,56622924,api-0064.json,194b2840af3c2b3a4acdd0f940cdde145ac1a84f7fc6208ceea4976d5bacc84e
606,20140712,10,44,1542,82879,1366588,56928896000,1000,56928896,api-0064.json,194b2840af3c2b3a4acdd0f940cdde145ac1a84f7fc6208ceea4976d5bacc84e
607,20140719,4,35,1448,73277,1220405,56806213000,1000,56806213,api-0064.json,194b2840af3c2b3a4acdd0f940cdde145ac1a84f7fc6208ceea4976d5bacc84e
608,20140726,7,32,1516,74353,1243159,56146117000,1000,56146117,api-0063.json,60c2ff579323d17af910c5fe7a4445db97bc543cebb93673320b997e18acffa2
609,20140802,2,47,1621,80472,1300134,54858201000,1000,54858201,api-0063.json,60c2ff579323d17af910c5fe7a4445db97bc543cebb93673320b997e18acffa2
610,20140809,4,34,1398,71718,1218676,56862756000,1000,56862756,api-0063.json,60c2ff579323d17af910c5fe7a4445db97bc543cebb93673320b997e18acffa2
611,20140816,4,47,1486,74589,1258998,57411079000,1000,57411079,api-0063.json,60c2ff579323d17af910c5fe7a4445db97bc543cebb93673320b997e18acffa2
612,20140823,11,59,1833,86228,1364516,56931314000,1000,56931314,api-0063.json,60c2ff579323d17af910c5fe7a4445db97bc543cebb93673320b997e18acffa2
613,20140830,9,30,1538,77945,1299580,57986249000,1000,57986249,api-0063.json,60c2ff579323d17af910c5fe7a4445db97bc543cebb93673320b997e18acffa2
614,20140906,6,46,1523,80393,1360707,62301977000,1000,62301977,api-0063.json,60c2ff579323d17af910c5fe7a4445db97bc543cebb93673320b997e18acffa2
615,20140913,9,31,1670,83981,1383278,59072378000,1000,59072378,api-0063.json,60c2ff579323d17af910c5fe7a4445db97bc543cebb93673320b997e18acffa2
616,20140920,9,49,1700,81118,1350809,60303360000,1000,60303360,api-0063.json,60c2ff579323d17af910c5fe7a4445db97bc543cebb93673320b997e18acffa2
617,20140927,8,43,1993,93731,1481805,58958123000,1000,58958123,api-0063.json,60c2ff579323d17af910c5fe7a4445db97bc543cebb93673320b997e18acffa2
618,20141004,5,45,1581,75243,1260882,58550803000,1000,58550803,api-0062.json,b82c0ae7be3f55fb63d2e0731c7bc9a967ece1d833e30cd804f41b8c626111d4
619,20141011,3,59,1712,83710,1355209,58822925000,1000,58822925,api-0062.json,b82c0ae7be3f55fb63d2e0731c7bc9a967ece1d833e30cd804f41b8c626111d4
620,20141018,7,44,1661,78155,1266599,58342777000,1000,58342777,api-0062.json,b82c0ae7be3f55fb63d2e0731c7bc9a967ece1d833e30cd804f41b8c626111d4
621,20141025,6,62,1555,82843,1336734,59407216000,1000,59407216,api-0062.json,b82c0ae7be3f55fb63d2e0731c7bc9a967ece1d833e30cd804f41b8c626111d4
622,20141101,9,34,1629,77626,1270437,59601329000,1000,59601329,api-0062.json,b82c0ae7be3f55fb63d2e0731c7bc9a967ece1d833e30cd804f41b8c626111d4
623,20141108,8,35,1456,73522,1245962,58504142000,1000,58504142,api-0062.json,b82c0ae7be3f55fb63d2e0731c7bc9a967ece1d833e30cd804f41b8c626111d4
624,20141115,5,61,1574,78840,1309900,57832726000,1000,57832726,api-0062.json,b82c0ae7be3f55fb63d2e0731c7bc9a967ece1d833e30cd804f41b8c626111d4
625,20141122,5,45,1654,82014,1354445,58614979000,1000,58614979,api-0062.json,b82c0ae7be3f55fb63d2e0731c7bc9a967ece1d833e30cd804f41b8c626111d4
626,20141129,8,45,1766,86261,1371217,58986187000,1000,58986187,api-0062.json,b82c0ae7be3f55fb63d2e0731c7bc9a967ece1d833e30cd804f41b8c626111d4
627,20141206,10,35,1532,74824,1243945,55981334000,1000,55981334,api-0062.json,b82c0ae7be3f55fb63d2e0731c7bc9a967ece1d833e30cd804f41b8c626111d4
628,20141213,9,37,1628,80147,1323978,57253109000,1000,57253109,api-0061.json,beeb3b62aa99387567d5ed5fe49d76bb67a47e6061d2779971474e4b382c8464
629,20141220,5,34,1321,68554,1183752,57618701000,1000,57618701,api-0061.json,beeb3b62aa99387567d5ed5fe49d76bb67a47e6061d2779971474e4b382c8464
630,20141227,3,48,1631,84380,1420745,61335894000,1000,61335894,api-0061.json,beeb3b62aa99387567d5ed5fe49d76bb67a47e6061d2779971474e4b382c8464
631,20150103,4,46,1676,85710,1491785,65300621000,1000,65300621,api-0061.json,beeb3b62aa99387567d5ed5fe49d76bb67a47e6061d2779971474e4b382c8464
632,20150110,11,52,1645,78418,1320223,63066603000,1000,63066603,api-0061.json,beeb3b62aa99387567d5ed5fe49d76bb67a47e6061d2779971474e4b382c8464
633,20150117,12,47,1789,87613,1430227,62015797000,1000,62015797,api-0061.json,beeb3b62aa99387567d5ed5fe49d76bb67a47e6061d2779971474e4b382c8464
634,20150124,13,54,2208,101514,1562975,63149567000,1000,63149567,api-0061.json,beeb3b62aa99387567d5ed5fe49d76bb67a47e6061d2779971474e4b382c8464
635,20150131,8,35,1650,85675,1427626,62429621000,1000,62429621,api-0061.json,beeb3b62aa99387567d5ed5fe49d76bb67a47e6061d2779971474e4b382c8464
636,20150207,8,44,1973,90830,1461300,62786394000,1000,62786394,api-0061.json,beeb3b62aa99387567d5ed5fe49d76bb67a47e6061d2779971474e4b382c8464
637,20150214,4,45,1637,82147,1369826,63504865000,1000,63504865,api-0061.json,beeb3b62aa99387567d5ed5fe49d76bb67a47e6061d2779971474e4b382c8464
638,20150221,7,41,1719,84781,1422596,64319586000,1000,64319586,api-0060.json,3ece4d5e22b3f4d2e693d2738612b0ee8fcde4c90a0d1bf8a82f5b6254cf1a8f
639,20150228,4,45,1628,84861,1439719,66202599000,1000,66202599,api-0060.json,3ece4d5e22b3f4d2e693d2738612b0ee8fcde4c90a0d1bf8a82f5b6254cf1a8f
640,20150307,9,48,1639,85410,1404905,64080502000,1000,64080502,api-0060.json,3ece4d5e22b3f4d2e693d2738612b0ee8fcde4c90a0d1bf8a82f5b6254cf1a8f
641,20150314,8,50,1565,79145,1340371,63773134000,1000,63773134,api-0060.json,3ece4d5e22b3f4d2e693d2738612b0ee8fcde4c90a0d1bf8a82f5b6254cf1a8f
642,20150321,12,62,1815,88406,1465689,63544224000,1000,63544224,api-0060.json,3ece4d5e22b3f4d2e693d2738612b0ee8fcde4c90a0d1bf8a82f5b6254cf1a8f
643,20150328,6,43,1525,84656,1407225,63110068000,1000,63110068,api-0060.json,3ece4d5e22b3f4d2e693d2738612b0ee8fcde4c90a0d1bf8a82f5b6254cf1a8f
644,20150404,8,49,1879,87582,1401744,61846599000,1000,61846599,api-0060.json,3ece4d5e22b3f4d2e693d2738612b0ee8fcde4c90a0d1bf8a82f5b6254cf1a8f
645,20150411,4,28,1766,87873,1444728,62661756000,1000,62661756,api-0060.json,3ece4d5e22b3f4d2e693d2738612b0ee8fcde4c90a0d1bf8a82f5b6254cf1a8f
646,20150418,7,36,1522,77400,1321212,62308090000,1000,62308090,api-0060.json,3ece4d5e22b3f4d2e693d2738612b0ee8fcde4c90a0d1bf8a82f5b6254cf1a8f
647,20150425,7,44,1596,79202,1351926,62314338000,1000,62314338,api-0060.json,3ece4d5e22b3f4d2e693d2738612b0ee8fcde4c90a0d1bf8a82f5b6254cf1a8f
648,20150502,7,45,1631,80986,1318403,60874405000,1000,60874405,api-0059.json,59226054c9fa8455c2c473f121bd6c7ad4eae7d138030cb877e310057ddead81
649,20150509,5,45,1689,80347,1313125,60473178000,1000,60473178,api-0059.json,59226054c9fa8455c2c473f121bd6c7ad4eae7d138030cb877e310057ddead81
650,20150516,5,45,1814,87030,1429743,60991082000,1000,60991082,api-0059.json,59226054c9fa8455c2c473f121bd6c7ad4eae7d138030cb877e310057ddead81
651,20150523,8,35,1684,82567,1365832,61494891000,1000,61494891,api-0059.json,59226054c9fa8455c2c473f121bd6c7ad4eae7d138030cb877e310057ddead81
652,20150530,5,36,1504,75739,1280663,60426977000,1000,60426977,api-0059.json,59226054c9fa8455c2c473f121bd6c7ad4eae7d138030cb877e310057ddead81
653,20150606,14,56,1997,88995,1419408,59716037000,1000,59716037,api-0059.json,59226054c9fa8455c2c473f121bd6c7ad4eae7d138030cb877e310057ddead81
654,20150613,8,69,1787,77788,1282725,60697813000,1000,60697813,api-0059.json,59226054c9fa8455c2c473f121bd6c7ad4eae7d138030cb877e310057ddead81
655,20150620,9,41,1610,77437,1281655,60434801000,1000,60434801,api-0059.json,59226054c9fa8455c2c473f121bd6c7ad4eae7d138030cb877e310057ddead81
656,20150627,2,48,1747,83772,1385757,61328118000,1000,61328118,api-0059.json,59226054c9fa8455c2c473f121bd6c7ad4eae7d138030cb877e310057ddead81
657,20150704,9,52,1562,78396,1325593,61769837000,1000,61769837,api-0059.json,59226054c9fa8455c2c473f121bd6c7ad4eae7d138030cb877e310057ddead81
658,20150711,9,38,1678,82738,1364069,61131243000,1000,61131243,api-0058.json,5a4b06fcdffd5d61612a00ea8f1444d25f367b086e9528c2baa694af62588419
659,20150718,11,40,1765,85028,1396789,61677747000,1000,61677747,api-0058.json,5a4b06fcdffd5d61612a00ea8f1444d25f367b086e9528c2baa694af62588419
660,20150725,10,48,1951,88247,1408802,60813322000,1000,60813322,api-0058.json,5a4b06fcdffd5d61612a00ea8f1444d25f367b086e9528c2baa694af62588419
661,20150801,8,63,1830,87840,1426883,59597375000,1000,59597375,api-0058.json,5a4b06fcdffd5d61612a00ea8f1444d25f367b086e9528c2baa694af62588419
662,20150808,8,43,1787,88493,1426759,59164542000,1000,59164542,api-0058.json,5a4b06fcdffd5d61612a00ea8f1444d25f367b086e9528c2baa694af62588419
663,20150815,7,60,1627,84092,1386028,61100704000,1000,61100704,api-0058.json,5a4b06fcdffd5d61612a00ea8f1444d25f367b086e9528c2baa694af62588419
664,20150822,10,44,1530,77395,1320082,61921689000,1000,61921689,api-0058.json,5a4b06fcdffd5d61612a00ea8f1444d25f367b086e9528c2baa694af62588419
665,20150829,4,30,1790,87227,1430205,61885874000,1000,61885874,api-0058.json,5a4b06fcdffd5d61612a00ea8f1444d25f367b086e9528c2baa694af62588419
666,20150905,6,47,1947,93631,1493940,62652917000,1000,62652917,api-0058.json,5a4b06fcdffd5d61612a00ea8f1444d25f367b086e9528c2baa694af62588419
667,20150912,7,40,1543,81344,1368363,63421632000,1000,63421632,api-0058.json,5a4b06fcdffd5d61612a00ea8f1444d25f367b086e9528c2baa694af62588419
668,20150919,5,56,1873,89414,1452289,63346405000,1000,63346405,api-0057.json,5dc44b3fe495c23f7b67deadb258fd203af82861f23f76e56378d295f6d4f9cf
669,20150926,6,52,1949,93078,1531364,67952211000,1000,67952211,api-0057.json,5dc44b3fe495c23f7b67deadb258fd203af82861f23f76e56378d295f6d4f9cf
670,20151003,12,39,2145,92680,1483948,62242687000,1000,62242687,api-0057.json,5dc44b3fe495c23f7b67deadb258fd203af82861f23f76e56378d295f6d4f9cf
671,20151010,4,48,1778,90364,1519963,63940807000,1000,63940807,api-0057.json,5dc44b3fe495c23f7b67deadb258fd203af82861f23f76e56378d295f6d4f9cf
672,20151017,9,46,1629,80167,1341175,63542330000,1000,63542330,api-0057.json,5dc44b3fe495c23f7b67deadb258fd203af82861f23f76e56378d295f6d4f9cf
673,20151024,10,35,1864,88838,1450769,63163578000,1000,63163578,api-0057.json,5dc44b3fe495c23f7b67deadb258fd203af82861f23f76e56378d295f6d4f9cf
674,20151031,8,48,1846,89646,1465031,61386974000,1000,61386974,api-0057.json,5dc44b3fe495c23f7b67deadb258fd203af82861f23f76e56378d295f6d4f9cf
675,20151107,4,65,1806,88118,1415830,60458623000,1000,60458623,api-0057.json,5dc44b3fe495c23f7b67deadb258fd203af82861f23f76e56378d295f6d4f9cf
676,20151114,8,63,1665,83276,1371921,62147642000,1000,62147642,api-0057.json,5dc44b3fe495c23f7b67deadb258fd203af82861f23f76e56378d295f6d4f9cf
677,20151121,8,37,1701,79827,1330115,62267624000,1000,62267624,api-0057.json,5dc44b3fe495c23f7b67deadb258fd203af82861f23f76e56378d295f6d4f9cf
678,20151128,6,41,1855,93305,1494095,60887293000,1000,60887293,api-0056.json,230ba62e6f538627cfe7c85abc3729cd9652c68dd9b98f8e7a27cf91ea662dbd
679,20151205,5,54,1829,91171,1493041,62220918000,1000,62220918,api-0056.json,230ba62e6f538627cfe7c85abc3729cd9652c68dd9b98f8e7a27cf91ea662dbd
680,20151212,14,44,1870,86441,1413980,64245201000,1000,64245201,api-0056.json,230ba62e6f538627cfe7c85abc3729cd9652c68dd9b98f8e7a27cf91ea662dbd
681,20151219,6,37,1441,73062,1282079,63268253000,1000,63268253,api-0056.json,230ba62e6f538627cfe7c85abc3729cd9652c68dd9b98f8e7a27cf91ea662dbd
682,20151226,4,56,1851,87618,1464978,66757858000,1000,66757858,api-0056.json,230ba62e6f538627cfe7c85abc3729cd9652c68dd9b98f8e7a27cf91ea662dbd
683,20160102,16,45,2704,117974,1700964,71940091000,1000,71940091,api-0056.json,230ba62e6f538627cfe7c85abc3729cd9652c68dd9b98f8e7a27cf91ea662dbd
684,20160109,9,62,1968,98607,1623161,66623887000,1000,66623887,api-0056.json,230ba62e6f538627cfe7c85abc3729cd9652c68dd9b98f8e7a27cf91ea662dbd
685,20160116,11,52,1910,95302,1576169,69126675000,1000,69126675,api-0056.json,230ba62e6f538627cfe7c85abc3729cd9652c68dd9b98f8e7a27cf91ea662dbd
686,20160123,8,36,1863,91027,1483730,65274010000,1000,65274010,api-0056.json,230ba62e6f538627cfe7c85abc3729cd9652c68dd9b98f8e7a27cf91ea662dbd
687,20160130,6,38,1780,91404,1538380,68044669000,1000,68044669,api-0056.json,230ba62e6f538627cfe7c85abc3729cd9652c68dd9b98f8e7a27cf91ea662dbd
688,20160206,9,53,2107,97676,1610713,73095612000,1000,73095612,api-0055.json,6494ee6b0b056d6aed826a2964cf837693ead93d84f4dd5f9121f7cec28976df
689,20160213,7,44,1809,90296,1509073,67460147000,1000,67460147,api-0055.json,6494ee6b0b056d6aed826a2964cf837693ead93d84f4dd5f9121f7cec28976df
690,20160220,15,34,1772,87970,1528472,69142025000,1000,69142025,api-0055.json,6494ee6b0b056d6aed826a2964cf837693ead93d84f4dd5f9121f7cec28976df
691,20160227,6,31,1708,86063,1455528,68590328000,1000,68590328,api-0055.json,6494ee6b0b056d6aed826a2964cf837693ead93d84f4dd5f9121f7cec28976df
692,20160305,7,44,1770,87763,1465709,66390499000,1000,66390499,api-0055.json,6494ee6b0b056d6aed826a2964cf837693ead93d84f4dd5f9121f7cec28976df
693,20160312,10,43,1692,87017,1484420,67352935000,1000,67352935,api-0055.json,6494ee6b0b056d6aed826a2964cf837693ead93d84f4dd5f9121f7cec28976df
694,20160319,10,78,2286,102474,1581822,67533257000,1000,67533257,api-0055.json,6494ee6b0b056d6aed826a2964cf837693ead93d84f4dd5f9121f7cec28976df
695,20160326,11,66,1979,95436,1558885,67672085000,1000,67672085,api-0055.json,6494ee6b0b056d6aed826a2964cf837693ead93d84f4dd5f9121f7cec28976df
696,20160402,10,44,1721,90020,1501952,67542971000,1000,67542971,api-0055.json,6494ee6b0b056d6aed826a2964cf837693ead93d84f4dd5f9121f7cec28976df
697,20160409,10,90,1940,99698,1615786,66966141000,1000,66966141,api-0055.json,6494ee6b0b056d6aed826a2964cf837693ead93d84f4dd5f9121f7cec28976df
698,20160416,8,48,2088,97965,1550364,66283268000,1000,66283268,api-0054.json,ef7aa620a684cf3568c01e49f3dfa498d2e4ed9cfba5eca4efdbec5a17c31564
699,20160423,8,50,1799,90504,1512397,66743146000,1000,66743146,api-0054.json,ef7aa620a684cf3568c01e49f3dfa498d2e4ed9cfba5eca4efdbec5a17c31564
700,20160430,8,41,1562,82874,1414076,66846276000,1000,66846276,api-0054.json,ef7aa620a684cf3568c01e49f3dfa498d2e4ed9cfba5eca4efdbec5a17c31564
701,20160507,10,40,1659,81917,1404422,64454138000,1000,64454138,api-0054.json,ef7aa620a684cf3568c01e49f3dfa498d2e4ed9cfba5eca4efdbec5a17c31564
702,20160514,11,46,1819,88043,1443954,66219854000,1000,66219854,api-0054.json,ef7aa620a684cf3568c01e49f3dfa498d2e4ed9cfba5eca4efdbec5a17c31564
703,20160521,5,51,1719,84194,1416580,65728988000,1000,65728988,api-0054.json,ef7aa620a684cf3568c01e49f3dfa498d2e4ed9cfba5eca4efdbec5a17c31564
704,20160528,4,47,1906,95021,1519932,65930117000,1000,65930117,api-0054.json,ef7aa620a684cf3568c01e49f3dfa498d2e4ed9cfba5eca4efdbec5a17c31564
705,20160604,4,49,1805,87931,1453654,65859843000,1000,65859843,api-0054.json,ef7aa620a684cf3568c01e49f3dfa498d2e4ed9cfba5eca4efdbec5a17c31564
706,20160611,4,51,2108,95376,1531393,65723488000,1000,65723488,api-0054.json,ef7aa620a684cf3568c01e49f3dfa498d2e4ed9cfba5eca4efdbec5a17c31564
707,20160618,12,74,2006,94281,1507647,66813924000,1000,66813924,api-0054.json,ef7aa620a684cf3568c01e49f3dfa498d2e4ed9cfba5eca4efdbec5a17c31564
708,20160625,4,52,1712,86091,1446865,66806307000,1000,66806307,api-0053.json,00ffcef1d9243cc57904f2821a6250c53e64c42ded7f97bb91b7cf68c07c310e
709,20160702,14,44,1696,82305,1385853,65592504000,1000,65592504,api-0053.json,00ffcef1d9243cc57904f2821a6250c53e64c42ded7f97bb91b7cf68c07c310e
710,20160709,5,57,1990,102058,1627229,65083972000,1000,65083972,api-0053.json,00ffcef1d9243cc57904f2821a6250c53e64c42ded7f97bb91b7cf68c07c310e
711,20160716,7,44,1865,89898,1465123,66152746000,1000,66152746,api-0053.json,00ffcef1d9243cc57904f2821a6250c53e64c42ded7f97bb91b7cf68c07c310e
712,20160723,4,47,1727,86066,1449521,66136318000,1000,66136318,api-0053.json,00ffcef1d9243cc57904f2821a6250c53e64c42ded7f97bb91b7cf68c07c310e
713,20160730,9,50,1791,87920,1470125,64646552000,1000,64646552,api-0053.json,00ffcef1d9243cc57904f2821a6250c53e64c42ded7f97bb91b7cf68c07c310e
714,20160806,7,46,2029,96576,1551993,64099989000,1000,64099989,api-0053.json,00ffcef1d9243cc57904f2821a6250c53e64c42ded7f97bb91b7cf68c07c310e
715,20160813,6,61,1873,90747,1503174,65794607000,1000,65794607,api-0053.json,00ffcef1d9243cc57904f2821a6250c53e64c42ded7f97bb91b7cf68c07c310e
716,20160820,12,35,1743,88628,1469730,67040169000,1000,67040169,api-0053.json,00ffcef1d9243cc57904f2821a6250c53e64c42ded7f97bb91b7cf68c07c310e
717,20160827,6,47,1974,96836,1567530,68597839000,1000,68597839,api-0053.json,00ffcef1d9243cc57904f2821a6250c53e64c42ded7f97bb91b7cf68c07c310e
718,20160903,17,64,2404,114614,1595315,69400763000,1000,69400763,api-0052.json,2617c7542b53b0aca32f40234fa0f92fd9d3726cfc81e5021947d111e6fb37db
719,20160910,9,58,2020,99906,1627784,71378392000,1000,71378392,api-0052.json,2617c7542b53b0aca32f40234fa0f92fd9d3726cfc81e5021947d111e6fb37db
720,20160917,14,37,1778,88260,1505233,69939090000,1000,69939090,api-0052.json,2617c7542b53b0aca32f40234fa0f92fd9d3726cfc81e5021947d111e6fb37db
721,20160924,8,40,1607,84770,1464353,71627567000,1000,71627567,api-0052.json,2617c7542b53b0aca32f40234fa0f92fd9d3726cfc81e5021947d111e6fb37db
722,20161001,4,46,1688,84912,1439078,69446489000,1000,69446489,api-0052.json,2617c7542b53b0aca32f40234fa0f92fd9d3726cfc81e5021947d111e6fb37db
723,20161008,8,40,1777,85141,1412967,67750231000,1000,67750231,api-0052.json,2617c7542b53b0aca32f40234fa0f92fd9d3726cfc81e5021947d111e6fb37db
724,20161015,12,55,1833,90083,1528970,69987274000,1000,69987274,api-0052.json,2617c7542b53b0aca32f40234fa0f92fd9d3726cfc81e5021947d111e6fb37db
725,20161022,11,47,1795,88359,1504907,70208676000,1000,70208676,api-0052.json,2617c7542b53b0aca32f40234fa0f92fd9d3726cfc81e5021947d111e6fb37db
726,20161029,14,56,2099,96718,1556425,68799295000,1000,68799295,api-0052.json,2617c7542b53b0aca32f40234fa0f92fd9d3726cfc81e5021947d111e6fb37db
727,20161105,14,87,2064,99271,1600135,67559139000,1000,67559139,api-0052.json,2617c7542b53b0aca32f40234fa0f92fd9d3726cfc81e5021947d111e6fb37db
728,20161112,5,56,1869,94693,1559062,68306112000,1000,68306112,api-0051.json,d51ec287a22b7206a6e3dcd8c6159624100e503508d907e3612451f4ed121b78
729,20161119,4,35,1875,89560,1504682,68784161000,1000,68784161,api-0051.json,d51ec287a22b7206a6e3dcd8c6159624100e503508d907e3612451f4ed121b78
730,20161126,8,45,1741,88791,1501752,66934105000,1000,66934105,api-0051.json,d51ec287a22b7206a6e3dcd8c6159624100e503508d907e3612451f4ed121b78
731,20161203,7,45,1908,96083,1594258,69239673000,1000,69239673,api-0051.json,d51ec287a22b7206a6e3dcd8c6159624100e503508d907e3612451f4ed121b78
732,20161210,7,45,2061,104583,1705993,68645948000,1000,68645948,api-0051.json,d51ec287a22b7206a6e3dcd8c6159624100e503508d907e3612451f4ed121b78
733,20161217,4,57,1966,101369,1633952,69321488000,1000,69321488,api-0051.json,d51ec287a22b7206a6e3dcd8c6159624100e503508d907e3612451f4ed121b78
734,20161224,9,36,1758,92514,1542069,71457582000,1000,71457582,api-0051.json,d51ec287a22b7206a6e3dcd8c6159624100e503508d907e3612451f4ed121b78
735,20161231,10,50,2269,107013,1752740,77488209000,1000,77488209,api-0051.json,d51ec287a22b7206a6e3dcd8c6159624100e503508d907e3612451f4ed121b78
736,20170107,5,54,2250,107357,1747634,73510203000,1000,73510203,api-0051.json,d51ec287a22b7206a6e3dcd8c6159624100e503508d907e3612451f4ed121b78
737,20170114,4,48,1937,94183,1567166,70775944000,1000,70775944,api-0051.json,d51ec287a22b7206a6e3dcd8c6159624100e503508d907e3612451f4ed121b78
738,20170121,11,48,1640,88050,1502685,71768122000,1000,71768122,api-0050.json,3e6068ae4e96ae9ffbe32d51e1488e34a1cf890603678ed9b3061b84eccc0f4b
739,20170128,4,45,1942,101983,1719739,77999661000,1000,77999661,api-0050.json,3e6068ae4e96ae9ffbe32d51e1488e34a1cf890603678ed9b3061b84eccc0f4b
740,20170204,18,43,2447,115722,1864169,75186520000,1000,75186520,api-0050.json,3e6068ae4e96ae9ffbe32d51e1488e34a1cf890603678ed9b3061b84eccc0f4b
741,20170211,6,55,1829,95007,1619435,74392585000,1000,74392585,api-0050.json,3e6068ae4e96ae9ffbe32d51e1488e34a1cf890603678ed9b3061b84eccc0f4b
742,20170218,16,44,1986,98348,1658556,73857792000,1000,73857792,api-0050.json,3e6068ae4e96ae9ffbe32d51e1488e34a1cf890603678ed9b3061b84eccc0f4b
743,20170225,7,46,1982,91886,1555362,73436852000,1000,73436852,api-0050.json,3e6068ae4e96ae9ffbe32d51e1488e34a1cf890603678ed9b3061b84eccc0f4b
744,20170304,15,61,2779,109229,1636793,73507293000,1000,73507293,api-0050.json,3e6068ae4e96ae9ffbe32d51e1488e34a1cf890603678ed9b3061b84eccc0f4b
745,20170311,20,110,3692,141918,1955276,73575119000,1000,73575119,api-0050.json,3e6068ae4e96ae9ffbe32d51e1488e34a1cf890603678ed9b3061b84eccc0f4b
746,20170318,9,58,1904,94197,1589291,74239579000,1000,74239579,api-0050.json,3e6068ae4e96ae9ffbe32d51e1488e34a1cf890603678ed9b3061b84eccc0f4b
747,20170325,9,59,2217,105307,1713003,73337880000,1000,73337880,api-0050.json,3e6068ae4e96ae9ffbe32d51e1488e34a1cf890603678ed9b3061b84eccc0f4b
748,20170401,9,59,1937,99448,1652756,72750277000,1000,72750277,api-0049.json,40900624d6428e776dba76ea01ffd74aa91c4ff9986bed0093952e2c8bb99007
749,20170408,13,64,1985,95573,1589197,72252889000,1000,72252889,api-0049.json,40900624d6428e776dba76ea01ffd74aa91c4ff9986bed0093952e2c8bb99007
750,20170415,7,44,1779,93135,1585532,72248100000,1000,72248100,api-0049.json,40900624d6428e776dba76ea01ffd74aa91c4ff9986bed0093952e2c8bb99007
751,20170422,8,69,2210,102632,1651438,71534233000,1000,71534233,api-0049.json,40900624d6428e776dba76ea01ffd74aa91c4ff9986bed0093952e2c8bb99007
752,20170429,9,75,2036,102477,1646451,71600822000,1000,71600822,api-0049.json,40900624d6428e776dba76ea01ffd74aa91c4ff9986bed0093952e2c8bb99007
753,20170506,6,58,1934,97566,1578072,68915001000,1000,68915001,api-0049.json,40900624d6428e776dba76ea01ffd74aa91c4ff9986bed0093952e2c8bb99007
754,20170513,5,50,1856,93279,1573739,70765850000,1000,70765850,api-0049.json,40900624d6428e776dba76ea01ffd74aa91c4ff9986bed0093952e2c8bb99007
755,20170520,8,54,1845,89745,1508502,71300635000,1000,71300635,api-0049.json,40900624d6428e776dba76ea01ffd74aa91c4ff9986bed0093952e2c8bb99007
756,20170527,5,53,1866,94800,1598715,70992946000,1000,70992946,api-0049.json,40900624d6428e776dba76ea01ffd74aa91c4ff9986bed0093952e2c8bb99007
757,20170603,21,68,2657,117353,1788667,71053002000,1000,71053002,api-0049.json,40900624d6428e776dba76ea01ffd74aa91c4ff9986bed0093952e2c8bb99007
758,20170610,8,63,2170,106121,1680080,71764259000,1000,71764259,api-0048.json,c74a44cdba29bb459868656a8d486bda405990709112324f1249289289cc11c6
759,20170617,6,44,1761,88543,1525518,72632208000,1000,72632208,api-0048.json,c74a44cdba29bb459868656a8d486bda405990709112324f1249289289cc11c6
760,20170624,8,45,1749,89221,1520831,72200797000,1000,72200797,api-0048.json,c74a44cdba29bb459868656a8d486bda405990709112324f1249289289cc11c6
761,20170701,7,52,2139,101503,1660130,71415903000,1000,71415903,api-0048.json,c74a44cdba29bb459868656a8d486bda405990709112324f1249289289cc11c6
762,20170708,10,53,2044,103406,1671344,70558895000,1000,70558895,api-0048.json,c74a44cdba29bb459868656a8d486bda405990709112324f1249289289cc11c6
763,20170715,8,45,2019,94176,1562106,70652100000,1000,70652100,api-0048.json,c74a44cdba29bb459868656a8d486bda405990709112324f1249289289cc11c6
764,20170722,7,44,1908,90896,1530979,70318932000,1000,70318932,api-0048.json,c74a44cdba29bb459868656a8d486bda405990709112324f1249289289cc11c6
765,20170729,15,54,2121,101653,1643849,70972360000,1000,70972360,api-0048.json,c74a44cdba29bb459868656a8d486bda405990709112324f1249289289cc11c6
766,20170805,8,41,1734,85422,1458764,69500769000,1000,69500769,api-0048.json,c74a44cdba29bb459868656a8d486bda405990709112324f1249289289cc11c6
767,20170812,15,46,1905,92437,1549115,71285599000,1000,71285599,api-0048.json,c74a44cdba29bb459868656a8d486bda405990709112324f1249289289cc11c6
768,20170819,13,53,1849,93126,1572387,72306975000,1000,72306975,api-0047.json,97efacaa96b5794b0672619fadb540483ad47014b94ecc105b3c474f78d7f0cf
769,20170826,9,55,1962,99272,1660799,72873431000,1000,72873431,api-0047.json,97efacaa96b5794b0672619fadb540483ad47014b94ecc105b3c474f78d7f0cf
770,20170902,8,75,2302,108450,1717526,74166379000,1000,74166379,api-0047.json,97efacaa96b5794b0672619fadb540483ad47014b94ecc105b3c474f78d7f0cf
771,20170909,4,49,2054,102013,1680976,73545939000,1000,73545939,api-0047.json,97efacaa96b5794b0672619fadb540483ad47014b94ecc105b3c474f78d7f0cf
772,20170916,10,53,2027,103023,1688350,74375369000,1000,74375369,api-0047.json,97efacaa96b5794b0672619fadb540483ad47014b94ecc105b3c474f78d7f0cf
773,20170923,11,58,2094,104474,1690404,74560597000,1000,74560597,api-0047.json,97efacaa96b5794b0672619fadb540483ad47014b94ecc105b3c474f78d7f0cf
774,20170930,11,60,1956,101524,1704279,77347021000,1000,77347021,api-0047.json,97efacaa96b5794b0672619fadb540483ad47014b94ecc105b3c474f78d7f0cf
775,20171007,5,37,1719,91297,1539325,70795452000,1000,70795452,api-0047.json,97efacaa96b5794b0672619fadb540483ad47014b94ecc105b3c474f78d7f0cf
776,20171014,7,50,2001,102081,1687650,74826082000,1000,74826082,api-0047.json,97efacaa96b5794b0672619fadb540483ad47014b94ecc105b3c474f78d7f0cf
777,20171021,21,66,2413,111938,1766635,75534360000,1000,75534360,api-0047.json,97efacaa96b5794b0672619fadb540483ad47014b94ecc105b3c474f78d7f0cf
778,20171028,3,67,1731,92126,1575045,75075606000,1000,75075606,api-0046.json,47f34e70088d8119a44ce5d6d11a78183031ba3fa76cf638b8ddc797bcebc956
779,20171104,11,66,2503,114464,1751447,73773676000,1000,73773676,api-0046.json,47f34e70088d8119a44ce5d6d11a78183031ba3fa76cf638b8ddc797bcebc956
780,20171111,11,45,1681,92630,1605516,74232084000,1000,74232084,api-0046.json,47f34e70088d8119a44ce5d6d11a78183031ba3fa76cf638b8ddc797bcebc956
781,20171118,9,52,1967,102959,1699786,72483157000,1000,72483157,api-0046.json,47f34e70088d8119a44ce5d6d11a78183031ba3fa76cf638b8ddc797bcebc956
782,20171125,9,49,2047,96821,1585617,72253973000,1000,72253973,api-0046.json,47f34e70088d8119a44ce5d6d11a78183031ba3fa76cf638b8ddc797bcebc956
783,20171202,4,36,1869,90899,1532640,73525256000,1000,73525256,api-0046.json,47f34e70088d8119a44ce5d6d11a78183031ba3fa76cf638b8ddc797bcebc956
784,20171209,9,51,2257,115089,1699421,74311382000,1000,74311382,api-0046.json,47f34e70088d8119a44ce5d6d11a78183031ba3fa76cf638b8ddc797bcebc956
785,20171216,6,55,1972,100062,1678240,72974563000,1000,72974563,api-0046.json,47f34e70088d8119a44ce5d6d11a78183031ba3fa76cf638b8ddc797bcebc956
786,20171223,4,96,2064,103000,1708226,75930156000,1000,75930156,api-0046.json,47f34e70088d8119a44ce5d6d11a78183031ba3fa76cf638b8ddc797bcebc956
787,20171230,6,51,2339,114842,1863599,79593923000,1000,79593923,api-0046.json,47f34e70088d8119a44ce5d6d11a78183031ba3fa76cf638b8ddc797bcebc956
788,20180106,13,70,2257,112504,1828701,78121882000,1000,78121882,api-0045.json,e0473291cbd41fe7d8188a203ca7606530973b5e66c8bff0bc68dd8e163f5884
789,20180113,15,70,2437,118089,1868863,76136603000,1000,76136603,api-0045.json,e0473291cbd41fe7d8188a203ca7606530973b5e66c8bff0bc68dd8e163f5884
790,20180120,16,59,2417,113336,1812992,78978881000,1000,78978881,api-0045.json,e0473291cbd41fe7d8188a203ca7606530973b5e66c8bff0bc68dd8e163f5884
791,20180127,14,38,2410,102931,1713102,74205844000,1000,74205844,api-0045.json,e0473291cbd41fe7d8188a203ca7606530973b5e66c8bff0bc68dd8e163f5884
792,20180203,7,65,1958,99185,1684675,76339003000,1000,76339003,api-0045.json,e0473291cbd41fe7d8188a203ca7606530973b5e66c8bff0bc68dd8e163f5884
793,20180210,5,61,2043,98216,1635392,76177477000,1000,76177477,api-0045.json,e0473291cbd41fe7d8188a203ca7606530973b5e66c8bff0bc68dd8e163f5884
794,20180217,7,45,2607,116809,1877646,79941579000,1000,79941579,api-0045.json,e0473291cbd41fe7d8188a203ca7606530973b5e66c8bff0bc68dd8e163f5884
795,20180224,11,62,2423,111043,1825105,79661342000,1000,79661342,api-0045.json,e0473291cbd41fe7d8188a203ca7606530973b5e66c8bff0bc68dd8e163f5884
796,20180303,7,46,1921,96701,1643069,77685943000,1000,77685943,api-0045.json,e0473291cbd41fe7d8188a203ca7606530973b5e66c8bff0bc68dd8e163f5884
797,20180310,8,34,1868,97900,1641334,77339940000,1000,77339940,api-0045.json,e0473291cbd41fe7d8188a203ca7606530973b5e66c8bff0bc68dd8e163f5884
798,20180317,7,60,2124,98988,1653851,77038759000,1000,77038759,api-0044.json,1b954540474b36df35ba5a80e4ffd31a19fa29f81a6e14830f671a8d05c3b4e6
799,20180324,10,56,2242,107519,1725236,76708986000,1000,76708986,api-0044.json,1b954540474b36df35ba5a80e4ffd31a19fa29f81a6e14830f671a8d05c3b4e6
800,20180331,11,51,2179,110956,1801924,76994062000,1000,76994062,api-0044.json,1b954540474b36df35ba5a80e4ffd31a19fa29f81a6e14830f671a8d05c3b4e6
801,20180407,8,51,1999,97006,1618941,74034792000,1000,74034792,api-0044.json,1b954540474b36df35ba5a80e4ffd31a19fa29f81a6e14830f671a8d05c3b4e6
802,20180414,16,67,2207,107980,1814300,75146781000,1000,75146781,api-0044.json,1b954540474b36df35ba5a80e4ffd31a19fa29f81a6e14830f671a8d05c3b4e6
803,20180421,5,50,2094,102413,1657869,75670793000,1000,75670793,api-0044.json,1b954540474b36df35ba5a80e4ffd31a19fa29f81a6e14830f671a8d05c3b4e6
804,20180428,11,49,2048,100907,1659443,74557028000,1000,74557028,api-0044.json,1b954540474b36df35ba5a80e4ffd31a19fa29f81a6e14830f671a8d05c3b4e6
805,20180505,4,53,2075,105602,1700112,73065981000,1000,73065981,api-0044.json,1b954540474b36df35ba5a80e4ffd31a19fa29f81a6e14830f671a8d05c3b4e6
806,20180512,7,57,1850,91180,1561838,74030583000,1000,74030583,api-0044.json,1b954540474b36df35ba5a80e4ffd31a19fa29f81a6e14830f671a8d05c3b4e6
807,20180519,7,59,2319,108300,1749855,73831580000,1000,73831580,api-0044.json,1b954540474b36df35ba5a80e4ffd31a19fa29f81a6e14830f671a8d05c3b4e6
808,20180526,6,46,1962,95319,1597761,74911438000,1000,74911438,api-0043.json,197e8132f53eeac90990789c42d2b3f57d4ca07663da3b72c1e680d20571afa9
809,20180602,6,56,2179,104350,1703714,74214104000,1000,74214104,api-0043.json,197e8132f53eeac90990789c42d2b3f57d4ca07663da3b72c1e680d20571afa9
810,20180609,8,64,2053,100608,1672013,74388355000,1000,74388355,api-0043.json,197e8132f53eeac90990789c42d2b3f57d4ca07663da3b72c1e680d20571afa9
811,20180616,7,49,2151,104155,1703788,74570813000,1000,74570813,api-0043.json,197e8132f53eeac90990789c42d2b3f57d4ca07663da3b72c1e680d20571afa9
812,20180623,6,68,1976,100498,1693074,74147816000,1000,74147816,api-0043.json,197e8132f53eeac90990789c42d2b3f57d4ca07663da3b72c1e680d20571afa9
813,20180630,4,43,1800,89323,1548384,73394947000,1000,73394947,api-0043.json,197e8132f53eeac90990789c42d2b3f57d4ca07663da3b72c1e680d20571afa9
814,20180707,6,52,1833,93837,1585777,74316543000,1000,74316543,api-0043.json,197e8132f53eeac90990789c42d2b3f57d4ca07663da3b72c1e680d20571afa9
815,20180714,7,39,1703,92977,1596140,73416400000,1000,73416400,api-0043.json,197e8132f53eeac90990789c42d2b3f57d4ca07663da3b72c1e680d20571afa9
816,20180721,8,67,2064,102402,1675799,72397826000,1000,72397826,api-0043.json,197e8132f53eeac90990789c42d2b3f57d4ca07663da3b72c1e680d20571afa9
817,20180728,9,54,2068,105276,1718171,72552766000,1000,72552766,api-0043.json,197e8132f53eeac90990789c42d2b3f57d4ca07663da3b72c1e680d20571afa9
818,20180804,13,39,1845,90205,1490497,71793353000,1000,71793353,api-0042.json,516b054415c004052f86755bff5bfd2363268dd7b173848b009277e823ac50f1
819,20180811,7,49,1981,97667,1638089,74578907000,1000,74578907,api-0042.json,516b054415c004052f86755bff5bfd2363268dd7b173848b009277e823ac50f1
820,20180818,4,60,1987,99433,1644326,75744571000,1000,75744571,api-0042.json,516b054415c004052f86755bff5bfd2363268dd7b173848b009277e823ac50f1
821,20180825,14,55,2100,101082,1687355,76118239000,1000,76118239,api-0042.json,516b054415c004052f86755bff5bfd2363268dd7b173848b009277e823ac50f1
822,20180901,3,79,2153,108789,1735565,75681739000,1000,75681739,api-0042.json,516b054415c004052f86755bff5bfd2363268dd7b173848b009277e823ac50f1
823,20180908,9,61,2348,112065,1795737,77400124000,1000,77400124,api-0042.json,516b054415c004052f86755bff5bfd2363268dd7b173848b009277e823ac50f1
824,20180915,15,51,2106,105359,1745566,78257422000,1000,78257422,api-0042.json,516b054415c004052f86755bff5bfd2363268dd7b173848b009277e823ac50f1
825,20180922,12,53,2249,113070,1850484,82890578000,1000,82890578,api-0042.json,516b054415c004052f86755bff5bfd2363268dd7b173848b009277e823ac50f1
826,20180929,9,47,2232,108626,1755153,78218740000,1000,78218740,api-0042.json,516b054415c004052f86755bff5bfd2363268dd7b173848b009277e823ac50f1
827,20181006,15,46,2113,106164,1761371,76490125000,1000,76490125,api-0042.json,516b054415c004052f86755bff5bfd2363268dd7b173848b009277e823ac50f1
828,20181013,13,62,1968,100644,1704198,77552827000,1000,77552827,api-0041.json,376eb0bc056e173cfe1e54cdf5a66284a7209bc0a31a011d7681d747af5a63a1
829,20181020,8,45,1837,94679,1637836,77998807000,1000,77998807,api-0041.json,376eb0bc056e173cfe1e54cdf5a66284a7209bc0a31a011d7681d747af5a63a1
830,20181027,9,80,2142,106206,1764071,77714000000,1000,77714000,api-0041.json,376eb0bc056e173cfe1e54cdf5a66284a7209bc0a31a011d7681d747af5a63a1
831,20181103,16,61,2660,117332,1849959,77622753000,1000,77622753,api-0041.json,376eb0bc056e173cfe1e54cdf5a66284a7209bc0a31a011d7681d747af5a63a1
832,20181110,9,60,2137,102312,1706379,77411900000,1000,77411900,api-0041.json,376eb0bc056e173cfe1e54cdf5a66284a7209bc0a31a011d7681d747af5a63a1
833,20181117,8,53,1945,103152,1715510,77738402000,1000,77738402,api-0041.json,376eb0bc056e173cfe1e54cdf5a66284a7209bc0a31a011d7681d747af5a63a1
834,20181124,11,47,1967,99132,1643491,75941791000,1000,75941791,api-0041.json,376eb0bc056e173cfe1e54cdf5a66284a7209bc0a31a011d7681d747af5a63a1
835,20181201,15,58,2306,106763,1767089,77694435000,1000,77694435,api-0041.json,376eb0bc056e173cfe1e54cdf5a66284a7209bc0a31a011d7681d747af5a63a1
836,20181208,14,62,2230,103846,1719260,74536697000,1000,74536697,api-0041.json,376eb0bc056e173cfe1e54cdf5a66284a7209bc0a31a011d7681d747af5a63a1
837,20181215,6,47,2012,97334,1656959,76614176000,1000,76614176,api-0041.json,376eb0bc056e173cfe1e54cdf5a66284a7209bc0a31a011d7681d747af5a63a1
838,20181222,5,68,2220,107897,1777501,79414484000,1000,79414484,api-0040.json,6b0c2797a0d7ee370091d3979bab9e9765b15a860aa4601ad680735bd2fcccf8
839,20181229,13,48,2664,126227,1946924,79219710000,1000,79219710,api-0040.json,6b0c2797a0d7ee370091d3979bab9e9765b15a860aa4601ad680735bd2fcccf8
840,20190105,10,51,2275,110586,1852019,84057771000,1000,84057771,api-0040.json,6b0c2797a0d7ee370091d3979bab9e9765b15a860aa4601ad680735bd2fcccf8
841,20190112,17,88,2490,119648,1901965,81580789000,1000,81580789,api-0040.json,6b0c2797a0d7ee370091d3979bab9e9765b15a860aa4601ad680735bd2fcccf8
842,20190119,10,42,2039,103190,1735911,81957444000,1000,81957444,api-0040.json,6b0c2797a0d7ee370091d3979bab9e9765b15a860aa4601ad680735bd2fcccf8
843,20190126,5,52,2002,105717,1777953,81857498000,1000,81857498,api-0040.json,6b0c2797a0d7ee370091d3979bab9e9765b15a860aa4601ad680735bd2fcccf8
844,20190202,18,73,2406,120078,1997556,87805610000,1000,87805610,api-0040.json,6b0c2797a0d7ee370091d3979bab9e9765b15a860aa4601ad680735bd2fcccf8
845,20190209,11,56,2038,105790,1782933,83884034000,1000,83884034,api-0040.json,6b0c2797a0d7ee370091d3979bab9e9765b15a860aa4601ad680735bd2fcccf8
846,20190216,13,69,1997,106009,1797728,83936839000,1000,83936839,api-0040.json,6b0c2797a0d7ee370091d3979bab9e9765b15a860aa4601ad680735bd2fcccf8
847,20190223,8,40,2443,114324,1857205,83782512000,1000,83782512,api-0040.json,6b0c2797a0d7ee370091d3979bab9e9765b15a860aa4601ad680735bd2fcccf8
848,20190302,7,42,2109,103845,1792259,84523266000,1000,84523266,api-0039.json,e6244e52d227ea8453cf264274fb33ed77a42b35cde17593e81f43e01f031f60
849,20190309,17,56,2682,113125,1851371,82333674000,1000,82333674,api-0039.json,e6244e52d227ea8453cf264274fb33ed77a42b35cde17593e81f43e01f031f60
850,20190316,6,55,2023,101591,1727367,81474176000,1000,81474176,api-0039.json,e6244e52d227ea8453cf264274fb33ed77a42b35cde17593e81f43e01f031f60
851,20190323,8,70,2101,106132,1750048,81099116000,1000,81099116,api-0039.json,e6244e52d227ea8453cf264274fb33ed77a42b35cde17593e81f43e01f031f60
852,20190330,4,67,2328,114850,1876933,81470793000,1000,81470793,api-0039.json,e6244e52d227ea8453cf264274fb33ed77a42b35cde17593e81f43e01f031f60
853,20190406,7,90,2018,105158,1787511,82244370000,1000,82244370,api-0039.json,e6244e52d227ea8453cf264274fb33ed77a42b35cde17593e81f43e01f031f60
854,20190413,6,44,1865,99152,1716083,81823338000,1000,81823338,api-0039.json,e6244e52d227ea8453cf264274fb33ed77a42b35cde17593e81f43e01f031f60
855,20190420,9,61,2022,102532,1765328,82374732000,1000,82374732,api-0039.json,e6244e52d227ea8453cf264274fb33ed77a42b35cde17593e81f43e01f031f60
856,20190427,5,53,1949,104537,1700369,80496424000,1000,80496424,api-0039.json,e6244e52d227ea8453cf264274fb33ed77a42b35cde17593e81f43e01f031f60
857,20190504,15,62,2367,111971,1833940,80933117000,1000,80933117,api-0039.json,e6244e52d227ea8453cf264274fb33ed77a42b35cde17593e81f43e01f031f60
858,20190511,9,41,2075,106176,1789295,81366889000,1000,81366889,api-0038.json,880ca22c14cd57d038b849904fb9b0d53b47f3d4dba04d529de095ff7e53a5f0
859,20190518,11,51,1895,97729,1678945,80944223000,1000,80944223,api-0038.json,880ca22c14cd57d038b849904fb9b0d53b47f3d4dba04d529de095ff7e53a5f0
860,20190525,10,62,2339,128867,1882931,81846672000,1000,81846672,api-0038.json,880ca22c14cd57d038b849904fb9b0d53b47f3d4dba04d529de095ff7e53a5f0
861,20190601,4,65,2256,108644,1819899,81032551000,1000,81032551,api-0038.json,880ca22c14cd57d038b849904fb9b0d53b47f3d4dba04d529de095ff7e53a5f0
862,20190608,9,63,2042,104765,1755036,80609005000,1000,80609005,api-0038.json,880ca22c14cd57d038b849904fb9b0d53b47f3d4dba04d529de095ff7e53a5f0
863,20190615,7,64,2042,104949,1753097,81288540000,1000,81288540,api-0038.json,880ca22c14cd57d038b849904fb9b0d53b47f3d4dba04d529de095ff7e53a5f0
864,20190622,11,64,2467,122913,1957675,82220290000,1000,82220290,api-0038.json,880ca22c14cd57d038b849904fb9b0d53b47f3d4dba04d529de095ff7e53a5f0
865,20190629,13,52,2076,104626,1749234,81748217000,1000,81748217,api-0038.json,880ca22c14cd57d038b849904fb9b0d53b47f3d4dba04d529de095ff7e53a5f0
866,20190706,9,68,2035,104919,1770017,81961886000,1000,81961886,api-0038.json,880ca22c14cd57d038b849904fb9b0d53b47f3d4dba04d529de095ff7e53a5f0
867,20190713,5,57,2175,109516,1820552,81607190000,1000,81607190,api-0038.json,880ca22c14cd57d038b849904fb9b0d53b47f3d4dba04d529de095ff7e53a5f0
868,20190720,6,61,2152,109133,1789491,80549078000,1000,80549078,api-0037.json,d0ffe84299b754890f84901d4b14fffcb065d1da9993297bbd7e501c31342131
869,20190727,10,56,2210,108562,1814332,80268389000,1000,80268389,api-0037.json,d0ffe84299b754890f84901d4b14fffcb065d1da9993297bbd7e501c31342131
870,20190803,10,48,2033,102000,1705285,78688663000,1000,78688663,api-0037.json,d0ffe84299b754890f84901d4b14fffcb065d1da9993297bbd7e501c31342131
871,20190810,7,61,2231,108666,1792357,79527502000,1000,79527502,api-0037.json,d0ffe84299b754890f84901d4b14fffcb065d1da9993297bbd7e501c31342131
872,20190817,16,46,2018,99681,1715898,81002518000,1000,81002518,api-0037.json,d0ffe84299b754890f84901d4b14fffcb065d1da9993297bbd7e501c31342131
873,20190824,10,68,2375,123684,2001910,82375586000,1000,82375586,api-0037.json,d0ffe84299b754890f84901d4b14fffcb065d1da9993297bbd7e501c31342131
874,20190831,18,68,2240,110655,1830269,82990138000,1000,82990138,api-0037.json,d0ffe84299b754890f84901d4b14fffcb065d1da9993297bbd7e501c31342131
875,20190907,14,33,2278,105071,1726617,80635281000,1000,80635281,api-0037.json,d0ffe84299b754890f84901d4b14fffcb065d1da9993297bbd7e501c31342131
876,20190914,19,59,2427,112619,1856647,85088368000,1000,85088368,api-0037.json,d0ffe84299b754890f84901d4b14fffcb065d1da9993297bbd7e501c31342131
877,20190921,12,75,2167,109806,1867270,84584730000,1000,84584730,api-0037.json,d0ffe84299b754890f84901d4b14fffcb065d1da9993297bbd7e501c31342131
878,20190928,6,69,2971,129139,1994188,84183676000,1000,84183676,api-0036.json,0ce155489568dcfc5083df313818bf6d710e92289860d828be18d4e3103efcb3
879,20191005,6,77,2594,123497,1952277,83174251000,1000,83174251,api-0036.json,0ce155489568dcfc5083df313818bf6d710e92289860d828be18d4e3103efcb3
880,20191012,7,52,2332,114994,1939064,83862502000,1000,83862502,api-0036.json,0ce155489568dcfc5083df313818bf6d710e92289860d828be18d4e3103efcb3
881,20191019,8,67,2189,116952,1939849,84495552000,1000,84495552,api-0036.json,0ce155489568dcfc5083df313818bf6d710e92289860d828be18d4e3103efcb3
882,20191026,5,44,2082,109226,1839873,84351602000,1000,84351602,api-0036.json,0ce155489568dcfc5083df313818bf6d710e92289860d828be18d4e3103efcb3
883,20191102,15,65,2538,119613,1924209,85624171000,1000,85624171,api-0036.json,0ce155489568dcfc5083df313818bf6d710e92289860d828be18d4e3103efcb3
884,20191109,12,74,2207,108076,1817654,86554613000,1000,86554613,api-0036.json,0ce155489568dcfc5083df313818bf6d710e92289860d828be18d4e3103efcb3
885,20191116,13,56,2279,111832,1869359,83396319000,1000,83396319,api-0036.json,0ce155489568dcfc5083df313818bf6d710e92289860d828be18d4e3103efcb3
886,20191123,7,59,2140,109766,1768281,84186094000,1000,84186094,api-0036.json,0ce155489568dcfc5083df313818bf6d710e92289860d828be18d4e3103efcb3
887,20191130,8,66,2388,114719,1885924,84416872000,1000,84416872,api-0036.json,0ce155489568dcfc5083df313818bf6d710e92289860d828be18d4e3103efcb3
888,20191207,8,59,2453,123025,1990715,82777313000,1000,82777313,api-0035.json,d396a5c227268b1986c238aa6677961a56f61b907dddf82b27401f4bbdb683d3
889,20191214,10,60,2338,114198,1907477,86734222000,1000,86734222,api-0035.json,d396a5c227268b1986c238aa6677961a56f61b907dddf82b27401f4bbdb683d3
890,20191221,9,58,2376,114859,1915593,86693498000,1000,86693498,api-0035.json,d396a5c227268b1986c238aa6677961a56f61b907dddf82b27401f4bbdb683d3
891,20191228,7,77,2443,122132,1998623,89742677000,1000,89742677,api-0035.json,d396a5c227268b1986c238aa6677961a56f61b907dddf82b27401f4bbdb683d3
892,20200104,17,78,2709,134155,2155749,93091115000,1000,93091115,api-0035.json,d396a5c227268b1986c238aa6677961a56f61b907dddf82b27401f4bbdb683d3
893,20200111,9,58,2113,116062,1899696,87661567000,1000,87661567,api-0035.json,d396a5c227268b1986c238aa6677961a56f61b907dddf82b27401f4bbdb683d3
894,20200118,9,56,2331,116749,1971982,88465183000,1000,88465183,api-0035.json,d396a5c227268b1986c238aa6677961a56f61b907dddf82b27401f4bbdb683d3
895,20200125,12,58,2750,134059,2185782,96962255000,1000,96962255,api-0035.json,d396a5c227268b1986c238aa6677961a56f61b907dddf82b27401f4bbdb683d3
896,20200201,7,46,2586,128068,2066172,90461998000,1000,90461998,api-0035.json,d396a5c227268b1986c238aa6677961a56f61b907dddf82b27401f4bbdb683d3
897,20200208,13,62,2398,121076,1996656,88231474000,1000,88231474,api-0035.json,d396a5c227268b1986c238aa6677961a56f61b907dddf82b27401f4bbdb683d3
898,20200215,8,56,3240,137051,2005739,90067839000,1000,90067839,api-0034.json,4838544b337f6e61690ca9f6450698b86aa4352ad046ce6a47491ccf8861cd6a
899,20200222,6,53,2402,121900,1993765,85877347000,1000,85877347,api-0034.json,4838544b337f6e61690ca9f6450698b86aa4352ad046ce6a47491ccf8861cd6a
900,20200229,6,51,2385,113132,1872855,83639372000,1000,83639372,api-0034.json,4838544b337f6e61690ca9f6450698b86aa4352ad046ce6a47491ccf8861cd6a
901,20200307,9,67,2308,114451,1890747,84783962000,1000,84783962,api-0034.json,4838544b337f6e61690ca9f6450698b86aa4352ad046ce6a47491ccf8861cd6a
902,20200314,13,67,2372,119126,1945304,87501981000,1000,87501981,api-0034.json,4838544b337f6e61690ca9f6450698b86aa4352ad046ce6a47491ccf8861cd6a
903,20200321,13,49,2316,111981,1902821,88625160000,1000,88625160,api-0034.json,4838544b337f6e61690ca9f6450698b86aa4352ad046ce6a47491ccf8861cd6a
904,20200328,8,92,2337,115626,1938996,88938220000,1000,88938220,api-0034.json,4838544b337f6e61690ca9f6450698b86aa4352ad046ce6a47491ccf8861cd6a
905,20200404,7,77,2643,129133,2111090,90357634000,1000,90357634,api-0034.json,4838544b337f6e61690ca9f6450698b86aa4352ad046ce6a47491ccf8861cd6a
906,20200411,9,63,2369,117171,1988860,90948274000,1000,90948274,api-0034.json,4838544b337f6e61690ca9f6450698b86aa4352ad046ce6a47491ccf8861cd6a
907,20200418,7,67,2300,112189,1903128,89331282000,1000,89331282,api-0034.json,4838544b337f6e61690ca9f6450698b86aa4352ad046ce6a47491ccf8861cd6a
908,20200425,8,57,2161,108610,1858567,89923601000,1000,89923601,api-0033.json,e23ef39677dc168a922d3a98a35c385f91efdba7c19758b95abd7aeb7a82c6d7
909,20200502,11,63,2316,111558,1910295,89543261000,1000,89543261,api-0033.json,e23ef39677dc168a922d3a98a35c385f91efdba7c19758b95abd7aeb7a82c6d7
910,20200509,21,72,2694,128516,2074354,86308857000,1000,86308857,api-0033.json,e23ef39677dc168a922d3a98a35c385f91efdba7c19758b95abd7aeb7a82c6d7
911,20200516,10,58,2571,123236,2064778,89332410000,1000,89332410,api-0033.json,e23ef39677dc168a922d3a98a35c385f91efdba7c19758b95abd7aeb7a82c6d7
912,20200523,14,70,2547,125332,2030860,88599155000,1000,88599155,api-0033.json,e23ef39677dc168a922d3a98a35c385f91efdba7c19758b95abd7aeb7a82c6d7
913,20200530,16,66,2467,122530,1996371,89336949000,1000,89336949,api-0033.json,e23ef39677dc168a922d3a98a35c385f91efdba7c19758b95abd7aeb7a82c6d7
914,20200606,11,55,2585,122904,2006794,89558503000,1000,89558503,api-0033.json,e23ef39677dc168a922d3a98a35c385f91efdba7c19758b95abd7aeb7a82c6d7
915,20200613,6,63,2436,119025,1966167,87862418000,1000,87862418,api-0033.json,e23ef39677dc168a922d3a98a35c385f91efdba7c19758b95abd7aeb7a82c6d7
916,20200620,11,70,2184,111426,1857917,89133044000,1000,89133044,api-0033.json,e23ef39677dc168a922d3a98a35c385f91efdba7c19758b95abd7aeb7a82c6d7
917,20200627,10,47,2260,117542,2000201,88950867000,1000,88950867,api-0033.json,e23ef39677dc168a922d3a98a35c385f91efdba7c19758b95abd7aeb7a82c6d7
918,20200704,18,86,2718,137216,2183337,89200857000,1000,89200857,api-0032.json,e69f76c29e423f5a9e551de043a3a417adb12c3d0141f5f6b2ecca2a17823f83
919,20200711,5,56,2541,122864,2052965,90218056000,1000,90218056,api-0032.json,e69f76c29e423f5a9e551de043a3a417adb12c3d0141f5f6b2ecca2a17823f83
920,20200718,7,53,2348,117181,1984222,89805177000,1000,89805177,api-0032.json,e69f76c29e423f5a9e551de043a3a417adb12c3d0141f5f6b2ecca2a17823f83
921,20200725,17,72,2682,129993,2101238,89888341000,1000,89888341,api-0032.json,e69f76c29e423f5a9e551de043a3a417adb12c3d0141f5f6b2ecca2a17823f83
922,20200801,6,89,2876,136052,2097501,89266682000,1000,89266682,api-0032.json,e69f76c29e423f5a9e551de043a3a417adb12c3d0141f5f6b2ecca2a17823f83
923,20200808,8,56,2376,115877,1937187,87867402000,1000,87867402,api-0032.json,e69f76c29e423f5a9e551de043a3a417adb12c3d0141f5f6b2ecca2a17823f83
924,20200815,9,69,2198,113214,1920852,87708256000,1000,87708256,api-0032.json,e69f76c29e423f5a9e551de043a3a417adb12c3d0141f5f6b2ecca2a17823f83
925,20200822,12,68,2335,117863,1944019,87901067000,1000,87901067,api-0032.json,e69f76c29e423f5a9e551de043a3a417adb12c3d0141f5f6b2ecca2a17823f83
926,20200829,10,72,2923,133167,2085580,88372251000,1000,88372251,api-0032.json,e69f76c29e423f5a9e551de043a3a417adb12c3d0141f5f6b2ecca2a17823f83
927,20200905,6,63,2331,118446,1979589,91067752000,1000,91067752,api-0032.json,e69f76c29e423f5a9e551de043a3a417adb12c3d0141f5f6b2ecca2a17823f83
928,20200912,7,81,2639,121873,2011931,90818982000,1000,90818982,api-0031.json,f3bdcde01151667b2a25597c43d825c062b2c3a30c36b2815bd450559d0570c0
929,20200919,16,91,3028,140880,2244712,92344620000,1000,92344620,api-0031.json,f3bdcde01151667b2a25597c43d825c062b2c3a30c36b2815bd450559d0570c0
930,20200926,8,55,2776,128480,2124548,94518415000,1000,94518415,api-0031.json,f3bdcde01151667b2a25597c43d825c062b2c3a30c36b2815bd450559d0570c0
931,20201003,8,54,2596,121943,2041653,95695802000,1000,95695802,api-0031.json,f3bdcde01151667b2a25597c43d825c062b2c3a30c36b2815bd450559d0570c0
932,20201010,7,64,2420,120969,2067196,96049289000,1000,96049289,api-0031.json,f3bdcde01151667b2a25597c43d825c062b2c3a30c36b2815bd450559d0570c0
933,20201017,8,63,2215,114043,1962088,93484851000,1000,93484851,api-0031.json,f3bdcde01151667b2a25597c43d825c062b2c3a30c36b2815bd450559d0570c0
934,20201024,4,66,2359,116726,1985417,93028347000,1000,93028347,api-0031.json,f3bdcde01151667b2a25597c43d825c062b2c3a30c36b2815bd450559d0570c0
935,20201031,13,120,2933,134376,2118071,93934898000,1000,93934898,api-0031.json,f3bdcde01151667b2a25597c43d825c062b2c3a30c36b2815bd450559d0570c0
936,20201107,14,77,2864,140160,2252623,92246146000,1000,92246146,api-0031.json,f3bdcde01151667b2a25597c43d825c062b2c3a30c36b2815bd450559d0570c0
937,20201114,11,57,2480,124141,2092601,93720454000,1000,93720454,api-0031.json,f3bdcde01151667b2a25597c43d825c062b2c3a30c36b2815bd450559d0570c0
938,20201121,10,64,2531,124971,2096955,93452425000,1000,93452425,api-0030.json,f804c46590a6574742b1d90e7aa5e8490279fe7e3607877d540cf04ef7d18210
939,20201128,13,67,2682,128408,2127595,93340002000,1000,93340002,api-0030.json,f804c46590a6574742b1d90e7aa5e8490279fe7e3607877d540cf04ef7d18210
940,20201205,8,51,2329,123292,2087480,93920183000,1000,93920183,api-0030.json,f804c46590a6574742b1d90e7aa5e8490279fe7e3607877d540cf04ef7d18210
941,20201212,16,87,3275,145544,2282851,94867600000,1000,94867600,api-0030.json,f804c46590a6574742b1d90e7aa5e8490279fe7e3607877d540cf04ef7d18210
942,20201219,6,52,2473,120907,2045438,92731965000,1000,92731965,api-0030.json,f804c46590a6574742b1d90e7aa5e8490279fe7e3607877d540cf04ef7d18210
943,20201226,7,74,2722,135763,2238429,100081432000,1000,100081432,api-0030.json,f804c46590a6574742b1d90e7aa5e8490279fe7e3607877d540cf04ef7d18210
944,20210102,13,79,3057,147665,2440455,107181377000,1000,107181377,api-0030.json,f804c46590a6574742b1d90e7aa5e8490279fe7e3607877d540cf04ef7d18210
945,20210109,13,71,2490,124224,2120882,94837109000,1000,94837109,api-0030.json,f804c46590a6574742b1d90e7aa5e8490279fe7e3607877d540cf04ef7d18210
946,20210116,11,71,2949,138433,2224563,99380178000,1000,99380178,api-0030.json,f804c46590a6574742b1d90e7aa5e8490279fe7e3607877d540cf04ef7d18210
947,20210123,18,58,3182,146908,2351804,99449916000,1000,99449916,api-0030.json,f804c46590a6574742b1d90e7aa5e8490279fe7e3607877d540cf04ef7d18210
948,20210130,11,90,2905,137929,2252913,100519459000,1000,100519459,api-0029.json,3ce98055afaf5795a8a5f49158e72d4d1dda8b44ff7b01c8d97628d3d5bbbf3c
949,20210206,10,65,2594,130363,2192075,100518909000,1000,100518909,api-0029.json,3ce98055afaf5795a8a5f49158e72d4d1dda8b44ff7b01c8d97628d3d5bbbf3c
950,20210213,8,67,2886,146270,2422941,108870714000,1000,108870714,api-0029.json,3ce98055afaf5795a8a5f49158e72d4d1dda8b44ff7b01c8d97628d3d5bbbf3c
951,20210220,14,72,2907,142335,2346154,102937006000,1000,102937006,api-0029.json,3ce98055afaf5795a8a5f49158e72d4d1dda8b44ff7b01c8d97628d3d5bbbf3c
952,20210227,9,93,3039,141776,2304925,102355646000,1000,102355646,api-0029.json,3ce98055afaf5795a8a5f49158e72d4d1dda8b44ff7b01c8d97628d3d5bbbf3c
953,20210306,14,102,3273,146120,2331848,99180891000,1000,99180891,api-0029.json,3ce98055afaf5795a8a5f49158e72d4d1dda8b44ff7b01c8d97628d3d5bbbf3c
954,20210313,10,64,2657,132057,2214839,101455314000,1000,101455314,api-0029.json,3ce98055afaf5795a8a5f49158e72d4d1dda8b44ff7b01c8d97628d3d5bbbf3c
955,20210320,12,71,2650,130744,2196889,99784736000,1000,99784736,api-0029.json,3ce98055afaf5795a8a5f49158e72d4d1dda8b44ff7b01c8d97628d3d5bbbf3c
956,20210327,11,136,3053,144650,2325943,97065255000,1000,97065255,api-0029.json,3ce98055afaf5795a8a5f49158e72d4d1dda8b44ff7b01c8d97628d3d5bbbf3c
957,20210403,11,61,2835,129545,2131893,96654698000,1000,96654698,api-0029.json,3ce98055afaf5795a8a5f49158e72d4d1dda8b44ff7b01c8d97628d3d5bbbf3c
958,20210410,15,67,2470,131097,2168146,98635947000,1000,98635947,api-0028.json,6e455a7c3840f8942a731324375e85caf7daea6606ae5349657c96c3b6d56d3b
959,20210417,8,75,2502,123802,2072896,97435835000,1000,97435835,api-0028.json,6e455a7c3840f8942a731324375e85caf7daea6606ae5349657c96c3b6d56d3b
960,20210424,10,56,2569,129546,2180006,98784879000,1000,98784879,api-0028.json,6e455a7c3840f8942a731324375e85caf7daea6606ae5349657c96c3b6d56d3b
961,20210501,9,73,2716,133764,2197136,97153309000,1000,97153309,api-0028.json,6e455a7c3840f8942a731324375e85caf7daea6606ae5349657c96c3b6d56d3b
962,20210508,12,73,2581,126528,2119457,95956365000,1000,95956365,api-0028.json,6e455a7c3840f8942a731324375e85caf7daea6606ae5349657c96c3b6d56d3b
963,20210515,15,68,3137,141987,2219439,95452215000,1000,95452215,api-0028.json,6e455a7c3840f8942a731324375e85caf7daea6606ae5349657c96c3b6d56d3b
964,20210522,10,52,2447,123780,2061560,95549895000,1000,95549895,api-0028.json,6e455a7c3840f8942a731324375e85caf7daea6606ae5349657c96c3b6d56d3b
965,20210529,7,46,2389,122129,2043257,96174650000,1000,96174650,api-0028.json,6e455a7c3840f8942a731324375e85caf7daea6606ae5349657c96c3b6d56d3b
966,20210605,10,50,2352,115370,1980202,95640447000,1000,95640447,api-0028.json,6e455a7c3840f8942a731324375e85caf7daea6606ae5349657c96c3b6d56d3b
967,20210612,4,69,2475,121200,2042462,94515565000,1000,94515565,api-0028.json,6e455a7c3840f8942a731324375e85caf7daea6606ae5349657c96c3b6d56d3b
968,20210619,13,97,3116,148150,2329460,95924229000,1000,95924229,api-0027.json,2c3f23845f2c0bf11d1308df964840e4a39897069f00f4fe14c2381b1d9f9608
969,20210626,20,56,2633,133079,2211803,96728751000,1000,96728751,api-0027.json,2c3f23845f2c0bf11d1308df964840e4a39897069f00f4fe14c2381b1d9f9608
970,20210703,14,87,2479,124923,2061176,93268371000,1000,93268371,api-0027.json,2c3f23845f2c0bf11d1308df964840e4a39897069f00f4fe14c2381b1d9f9608
971,20210710,6,62,2685,131409,2171694,94471924000,1000,94471924,api-0027.json,2c3f23845f2c0bf11d1308df964840e4a39897069f00f4fe14c2381b1d9f9608
972,20210717,20,80,2570,126989,2122398,93916813000,1000,93916813,api-0027.json,2c3f23845f2c0bf11d1308df964840e4a39897069f00f4fe14c2381b1d9f9608
973,20210724,8,42,2257,117757,2003966,93953872000,1000,93953872,api-0027.json,2c3f23845f2c0bf11d1308df964840e4a39897069f00f4fe14c2381b1d9f9608
974,20210731,17,66,2636,129473,2149319,94146055000,1000,94146055,api-0027.json,2c3f23845f2c0bf11d1308df964840e4a39897069f00f4fe14c2381b1d9f9608
975,20210807,9,61,2828,135604,2212347,94253719000,1000,94253719,api-0027.json,2c3f23845f2c0bf11d1308df964840e4a39897069f00f4fe14c2381b1d9f9608
976,20210814,7,69,3085,142375,2270249,97492178000,1000,97492178,api-0027.json,2c3f23845f2c0bf11d1308df964840e4a39897069f00f4fe14c2381b1d9f9608
977,20210821,14,82,2474,125781,2097459,95895844000,1000,95895844,api-0027.json,2c3f23845f2c0bf11d1308df964840e4a39897069f00f4fe14c2381b1d9f9608
978,20210828,10,70,2826,133915,2217326,98855197000,1000,98855197,api-0026.json,f912466f01342b4718d0b04f7e5e5cb9481b21102c32ec47a4074f44dba49951
979,20210904,14,79,3414,154980,2403760,99507886000,1000,99507886,api-0026.json,f912466f01342b4718d0b04f7e5e5cb9481b21102c32ec47a4074f44dba49951
980,20210911,7,70,2819,135751,2237534,99593380000,1000,99593380,api-0026.json,f912466f01342b4718d0b04f7e5e5cb9481b21102c32ec47a4074f44dba49951
981,20210918,13,65,2824,136630,2289650,105645424000,1000,105645424,api-0026.json,f912466f01342b4718d0b04f7e5e5cb9481b21102c32ec47a4074f44dba49951
982,20210925,8,81,2931,139208,2291933,101344251000,1000,101344251,api-0026.json,f912466f01342b4718d0b04f7e5e5cb9481b21102c32ec47a4074f44dba49951
983,20211002,10,78,2640,131780,2196308,101899006000,1000,101899006,api-0026.json,f912466f01342b4718d0b04f7e5e5cb9481b21102c32ec47a4074f44dba49951
984,20211009,7,64,2596,128129,2149335,98762367000,1000,98762367,api-0026.json,f912466f01342b4718d0b04f7e5e5cb9481b21102c32ec47a4074f44dba49951
985,20211016,10,62,2581,126523,2123240,98811446000,1000,98811446,api-0026.json,f912466f01342b4718d0b04f7e5e5cb9481b21102c32ec47a4074f44dba49951
986,20211023,10,70,2793,133889,2231167,99041240000,1000,99041240,api-0026.json,f912466f01342b4718d0b04f7e5e5cb9481b21102c32ec47a4074f44dba49951
987,20211030,10,73,2968,140004,2283682,100269530000,1000,100269530,api-0026.json,f912466f01342b4718d0b04f7e5e5cb9481b21102c32ec47a4074f44dba49951
988,20211106,9,61,2663,129322,2139025,98606195000,1000,98606195,api-0025.json,e3b18b2c5d5322247746d2f7e4845ebfa1f7d6b340d73bfbc105cadfe24ed020
989,20211113,4,63,2444,127891,2158436,96525658000,1000,96525658,api-0025.json,e3b18b2c5d5322247746d2f7e4845ebfa1f7d6b340d73bfbc105cadfe24ed020
990,20211120,14,56,2858,129113,2169219,99567047000,1000,99567047,api-0025.json,e3b18b2c5d5322247746d2f7e4845ebfa1f7d6b340d73bfbc105cadfe24ed020
991,20211127,8,110,2969,138068,2226394,98026282000,1000,98026282,api-0025.json,e3b18b2c5d5322247746d2f7e4845ebfa1f7d6b340d73bfbc105cadfe24ed020
992,20211204,12,58,2373,124311,2105282,97066498000,1000,97066498,api-0025.json,e3b18b2c5d5322247746d2f7e4845ebfa1f7d6b340d73bfbc105cadfe24ed020
993,20211211,6,70,2732,132583,2220620,99323653000,1000,99323653,api-0025.json,e3b18b2c5d5322247746d2f7e4845ebfa1f7d6b340d73bfbc105cadfe24ed020
994,20211218,12,70,2803,137937,2216661,95530936000,1000,95530936,api-0025.json,e3b18b2c5d5322247746d2f7e4845ebfa1f7d6b340d73bfbc105cadfe24ed020
995,20211225,7,69,2793,138372,2269218,100878455000,1000,100878455,api-0025.json,e3b18b2c5d5322247746d2f7e4845ebfa1f7d6b340d73bfbc105cadfe24ed020
996,20220101,18,86,3313,155856,2546181,112624327000,1000,112624327,api-0025.json,e3b18b2c5d5322247746d2f7e4845ebfa1f7d6b340d73bfbc105cadfe24ed020
997,20220108,19,85,3692,155887,2331995,102431961000,1000,102431961,api-0025.json,e3b18b2c5d5322247746d2f7e4845ebfa1f7d6b340d73bfbc105cadfe24ed020
998,20220115,12,53,2648,129576,2227628,101681869000,1000,101681869,api-0024.json,4f650d1091e83bbccb9a8ef25ca0d2e2714386ce6804b36e025d1aa35fa66984
999,20220122,16,67,2943,143217,2369326,102581351000,1000,102581351,api-0024.json,4f650d1091e83bbccb9a8ef25ca0d2e2714386ce6804b36e025d1aa35fa66984
1000,20220129,22,109,4018,180052,2747686,118628811000,1000,118628811,api-0024.json,4f650d1091e83bbccb9a8ef25ca0d2e2714386ce6804b36e025d1aa35fa66984
1001,20220205,12,66,2761,140255,2346904,103967487000,1000,103967487,api-0024.json,4f650d1091e83bbccb9a8ef25ca0d2e2714386ce6804b36e025d1aa35fa66984
1002,20220212,8,85,3193,155418,2436676,105795484000,1000,105795484,api-0024.json,4f650d1091e83bbccb9a8ef25ca0d2e2714386ce6804b36e025d1aa35fa66984
1003,20220219,14,66,2649,133896,2247475,103479378000,1000,103479378,api-0024.json,4f650d1091e83bbccb9a8ef25ca0d2e2714386ce6804b36e025d1aa35fa66984
1004,20220226,10,68,2785,140047,2340772,106112471000,1000,106112471,api-0024.json,4f650d1091e83bbccb9a8ef25ca0d2e2714386ce6804b36e025d1aa35fa66984
1005,20220305,12,84,2798,143067,2349017,103755249000,1000,103755249,api-0024.json,4f650d1091e83bbccb9a8ef25ca0d2e2714386ce6804b36e025d1aa35fa66984
1006,20220312,9,65,2487,131234,2288458,104542431000,1000,104542431,api-0024.json,4f650d1091e83bbccb9a8ef25ca0d2e2714386ce6804b36e025d1aa35fa66984
1007,20220319,9,70,2844,137134,2256573,101530003000,1000,101530003,api-0024.json,4f650d1091e83bbccb9a8ef25ca0d2e2714386ce6804b36e025d1aa35fa66984
1008,20220326,11,97,2826,141072,2311009,103727042000,1000,103727042,api-0023.json,a1482c798743c7e34e18ae0332a5d20567dca3015e02332b8f084958a90a6c0a
1009,20220402,15,69,2632,133476,2232525,103771363000,1000,103771363,api-0023.json,a1482c798743c7e34e18ae0332a5d20567dca3015e02332b8f084958a90a6c0a
1010,20220409,8,66,2781,136828,2278193,103011505000,1000,103011505,api-0023.json,a1482c798743c7e34e18ae0332a5d20567dca3015e02332b8f084958a90a6c0a
1011,20220416,11,76,2818,137485,2292065,101799373000,1000,101799373,api-0023.json,a1482c798743c7e34e18ae0332a5d20567dca3015e02332b8f084958a90a6c0a
1012,20220423,13,76,2882,141514,2324952,101948323000,1000,101948323,api-0023.json,a1482c798743c7e34e18ae0332a5d20567dca3015e02332b8f084958a90a6c0a
1013,20220430,5,79,2586,128697,2157701,101747653000,1000,101747653,api-0023.json,a1482c798743c7e34e18ae0332a5d20567dca3015e02332b8f084958a90a6c0a
1014,20220507,10,69,2849,143906,2372712,102396369000,1000,102396369,api-0023.json,a1482c798743c7e34e18ae0332a5d20567dca3015e02332b8f084958a90a6c0a
1015,20220514,8,102,2880,144321,2304033,102562683000,1000,102562683,api-0023.json,a1482c798743c7e34e18ae0332a5d20567dca3015e02332b8f084958a90a6c0a
1016,20220521,11,68,2686,132413,2202914,101583153000,1000,101583153,api-0023.json,a1482c798743c7e34e18ae0332a5d20567dca3015e02332b8f084958a90a6c0a
1017,20220528,7,70,2596,133621,2235724,101382790000,1000,101382790,api-0023.json,a1482c798743c7e34e18ae0332a5d20567dca3015e02332b8f084958a90a6c0a
1018,20220604,2,62,2693,130602,2216230,101151805000,1000,101151805,api-0022.json,a4fe8ea82c185a9dbf26e5bc4cf431c0ea6041cc994d7a8e6df5e3bec25c62fe
1019,20220611,50,75,5823,192646,2506493,102804882000,1000,102804882,api-0022.json,a4fe8ea82c185a9dbf26e5bc4cf431c0ea6041cc994d7a8e6df5e3bec25c62fe
1020,20220618,13,77,2817,138221,2300467,104996396000,1000,104996396,api-0022.json,a4fe8ea82c185a9dbf26e5bc4cf431c0ea6041cc994d7a8e6df5e3bec25c62fe
1021,20220625,12,56,2461,126484,2182497,101960162000,1000,101960162,api-0022.json,a4fe8ea82c185a9dbf26e5bc4cf431c0ea6041cc994d7a8e6df5e3bec25c62fe
1022,20220702,5,63,2580,127962,2155059,99233031000,1000,99233031,api-0022.json,a4fe8ea82c185a9dbf26e5bc4cf431c0ea6041cc994d7a8e6df5e3bec25c62fe
1023,20220709,9,72,2506,127810,2172239,100399659000,1000,100399659,api-0022.json,a4fe8ea82c185a9dbf26e5bc4cf431c0ea6041cc994d7a8e6df5e3bec25c62fe
1024,20220716,8,63,2616,134065,2224097,100081038000,1000,100081038,api-0022.json,a4fe8ea82c185a9dbf26e5bc4cf431c0ea6041cc994d7a8e6df5e3bec25c62fe
1025,20220723,4,69,2671,134665,2258426,101318529000,1000,101318529,api-0022.json,a4fe8ea82c185a9dbf26e5bc4cf431c0ea6041cc994d7a8e6df5e3bec25c62fe
1026,20220730,15,76,2786,138907,2290094,101556379000,1000,101556379,api-0022.json,a4fe8ea82c185a9dbf26e5bc4cf431c0ea6041cc994d7a8e6df5e3bec25c62fe
1027,20220806,10,83,2700,134097,2217201,101195159000,1000,101195159,api-0022.json,a4fe8ea82c185a9dbf26e5bc4cf431c0ea6041cc994d7a8e6df5e3bec25c62fe
1028,20220813,20,91,2810,142778,2333653,100613537000,1000,100613537,api-0021.json,719fb01575da9482953eefca100932740ba59df2303ea53da2615b0d205a80f1
1029,20220820,10,62,2614,125573,2136972,101336312000,1000,101336312,api-0021.json,719fb01575da9482953eefca100932740ba59df2303ea53da2615b0d205a80f1
1030,20220827,19,104,3278,154929,2473576,104899923000,1000,104899923,api-0021.json,719fb01575da9482953eefca100932740ba59df2303ea53da2615b0d205a80f1
1031,20220903,8,64,2789,132815,2247015,104316078000,1000,104316078,api-0021.json,719fb01575da9482953eefca100932740ba59df2303ea53da2615b0d205a80f1
1032,20220910,10,90,3078,149807,2458611,110907011000,1000,110907011,api-0021.json,719fb01575da9482953eefca100932740ba59df2303ea53da2615b0d205a80f1
1033,20220917,13,79,3083,145505,2376004,104642258000,1000,104642258,api-0021.json,719fb01575da9482953eefca100932740ba59df2303ea53da2615b0d205a80f1
1034,20220924,9,66,2898,142939,2400364,107150089000,1000,107150089,api-0021.json,719fb01575da9482953eefca100932740ba59df2303ea53da2615b0d205a80f1
1035,20221001,8,71,2848,141624,2366499,106759523000,1000,106759523,api-0021.json,719fb01575da9482953eefca100932740ba59df2303ea53da2615b0d205a80f1
1036,20221008,9,64,2593,133443,2231388,103753936000,1000,103753936,api-0021.json,719fb01575da9482953eefca100932740ba59df2303ea53da2615b0d205a80f1
1037,20221015,15,78,2713,137021,2279500,104840173000,1000,104840173,api-0021.json,719fb01575da9482953eefca100932740ba59df2303ea53da2615b0d205a80f1
1038,20221022,15,77,3364,154690,2436512,104932409000,1000,104932409,api-0020.json,ffb8c8070c33878dd9b08043c7ce769e65a3e90394723f88469e1ef813e12ef9
1039,20221029,16,80,2773,140403,2359126,105259066000,1000,105259066,api-0020.json,ffb8c8070c33878dd9b08043c7ce769e65a3e90394723f88469e1ef813e12ef9
1040,20221105,7,63,2583,133245,2235373,104007239000,1000,104007239,api-0020.json,ffb8c8070c33878dd9b08043c7ce769e65a3e90394723f88469e1ef813e12ef9
1041,20221112,25,85,3947,167535,2620869,105301601000,1000,105301601,api-0020.json,ffb8c8070c33878dd9b08043c7ce769e65a3e90394723f88469e1ef813e12ef9
1042,20221119,20,100,3567,157156,2462593,106510259000,1000,106510259,api-0020.json,ffb8c8070c33878dd9b08043c7ce769e65a3e90394723f88469e1ef813e12ef9
1043,20221126,17,86,3156,155087,2495858,107045942000,1000,107045942,api-0020.json,ffb8c8070c33878dd9b08043c7ce769e65a3e90394723f88469e1ef813e12ef9
1044,20221203,8,72,2597,134226,2254796,102891973000,1000,102891973,api-0020.json,ffb8c8070c33878dd9b08043c7ce769e65a3e90394723f88469e1ef813e12ef9
1045,20221210,13,67,2699,135872,2280432,105380282000,1000,105380282,api-0020.json,ffb8c8070c33878dd9b08043c7ce769e65a3e90394723f88469e1ef813e12ef9
1046,20221217,12,57,2959,139560,2260269,100923993000,1000,100923993,api-0020.json,ffb8c8070c33878dd9b08043c7ce769e65a3e90394723f88469e1ef813e12ef9
1047,20221224,9,83,2728,139530,2313403,103058179000,1000,103058179,api-0020.json,ffb8c8070c33878dd9b08043c7ce769e65a3e90394723f88469e1ef813e12ef9
1048,20221231,17,102,3817,170086,2721555,117323901000,1000,117323901,api-0019.json,4f67e30938104e80665d9840f2954fcaaa051d47cef99a6d7fe61c002049df4d
1049,20230107,15,89,2968,147061,2462622,108444724000,1000,108444724,api-0019.json,4f67e30938104e80665d9840f2954fcaaa051d47cef99a6d7fe61c002049df4d
1050,20230114,17,70,2866,144610,2402116,108072602000,1000,108072602,api-0019.json,4f67e30938104e80665d9840f2954fcaaa051d47cef99a6d7fe61c002049df4d
1051,20230121,18,70,2824,143314,2477370,119243907000,1000,119243907,api-0019.json,4f67e30938104e80665d9840f2954fcaaa051d47cef99a6d7fe61c002049df4d
1052,20230128,11,108,2926,148178,2405830,107565461000,1000,107565461,api-0019.json,4f67e30938104e80665d9840f2954fcaaa051d47cef99a6d7fe61c002049df4d
1053,20230204,7,64,2702,136905,2367764,113721665000,1000,113721665,api-0019.json,4f67e30938104e80665d9840f2954fcaaa051d47cef99a6d7fe61c002049df4d
1054,20230211,9,66,2714,140308,2407955,113660567000,1000,113660567,api-0019.json,4f67e30938104e80665d9840f2954fcaaa051d47cef99a6d7fe61c002049df4d
1055,20230218,11,92,3413,165590,2662001,112488256000,1000,112488256,api-0019.json,4f67e30938104e80665d9840f2954fcaaa051d47cef99a6d7fe61c002049df4d
1056,20230225,14,81,3223,150996,2464595,113279615000,1000,113279615,api-0019.json,4f67e30938104e80665d9840f2954fcaaa051d47cef99a6d7fe61c002049df4d
1057,20230304,17,664,2962,146471,2461496,112523887000,1000,112523887,api-0019.json,4f67e30938104e80665d9840f2954fcaaa051d47cef99a6d7fe61c002049df4d
1058,20230311,13,60,3074,152446,2545208,112041382000,1000,112041382,api-0018.json,ecaabd62f6bb72132bcbac86d7dbadc1b0f0a2697eeff1d979185244aefce627
1059,20230318,13,83,3127,151941,2516955,110846824000,1000,110846824,api-0018.json,ecaabd62f6bb72132bcbac86d7dbadc1b0f0a2697eeff1d979185244aefce627
1060,20230325,28,96,4593,179475,2566118,110677185000,1000,110677185,api-0018.json,ecaabd62f6bb72132bcbac86d7dbadc1b0f0a2697eeff1d979185244aefce627
1061,20230401,11,99,3003,145857,2425576,109909344000,1000,109909344,api-0018.json,ecaabd62f6bb72132bcbac86d7dbadc1b0f0a2697eeff1d979185244aefce627
1062,20230408,7,68,2668,133599,2278058,107109911000,1000,107109911,api-0018.json,ecaabd62f6bb72132bcbac86d7dbadc1b0f0a2697eeff1d979185244aefce627
1063,20230415,7,55,2706,139518,2401618,108347135000,1000,108347135,api-0018.json,ecaabd62f6bb72132bcbac86d7dbadc1b0f0a2697eeff1d979185244aefce627
1064,20230422,19,62,3296,158665,2525390,109427584000,1000,109427584,api-0018.json,ecaabd62f6bb72132bcbac86d7dbadc1b0f0a2697eeff1d979185244aefce627
1065,20230429,14,74,3117,148561,2416212,108181727000,1000,108181727,api-0018.json,ecaabd62f6bb72132bcbac86d7dbadc1b0f0a2697eeff1d979185244aefce627
1066,20230506,15,88,3323,152826,2432046,106440950000,1000,106440950,api-0018.json,ecaabd62f6bb72132bcbac86d7dbadc1b0f0a2697eeff1d979185244aefce627
1067,20230513,13,82,3679,163488,2567588,110703299000,1000,110703299,api-0018.json,ecaabd62f6bb72132bcbac86d7dbadc1b0f0a2697eeff1d979185244aefce627
1068,20230520,19,87,3114,150789,2480427,108988932000,1000,108988932,api-0017.json,247ef312361b1ff92ad8b807f947d3059976ce690045780425f03288beccf89a
1069,20230527,14,79,3006,146335,2419527,108388892000,1000,108388892,api-0017.json,247ef312361b1ff92ad8b807f947d3059976ce690045780425f03288beccf89a
1070,20230603,14,63,2938,142759,2353987,107222802000,1000,107222802,api-0017.json,247ef312361b1ff92ad8b807f947d3059976ce690045780425f03288beccf89a
1071,20230610,5,83,2891,143234,2391950,107362630000,1000,107362630,api-0017.json,247ef312361b1ff92ad8b807f947d3059976ce690045780425f03288beccf89a
1072,20230617,12,93,2872,145504,2400605,108156654000,1000,108156654,api-0017.json,247ef312361b1ff92ad8b807f947d3059976ce690045780425f03288beccf89a
1073,20230624,11,62,2994,146834,2387538,107352123000,1000,107352123,api-0017.json,247ef312361b1ff92ad8b807f947d3059976ce690045780425f03288beccf89a
1074,20230701,12,78,2711,143155,2311622,105744157000,1000,105744157,api-0017.json,247ef312361b1ff92ad8b807f947d3059976ce690045780425f03288beccf89a
1075,20230708,9,160,2750,134529,2267024,105635232000,1000,105635232,api-0017.json,247ef312361b1ff92ad8b807f947d3059976ce690045780425f03288beccf89a
1076,20230715,9,86,3109,148521,2417204,103168694000,1000,103168694,api-0017.json,247ef312361b1ff92ad8b807f947d3059976ce690045780425f03288beccf89a
1077,20230722,7,98,3235,149808,2428987,105927489000,1000,105927489,api-0017.json,247ef312361b1ff92ad8b807f947d3059976ce690045780425f03288beccf89a
1078,20230729,12,77,2691,135352,2334106,105407618000,1000,105407618,api-0016.json,b8be5691eb801f8daafc1c382fadf001e9c7e8b3e3219f165e1ee31b5a7baf0e
1079,20230805,9,85,3212,145773,2344700,103120206000,1000,103120206,api-0016.json,b8be5691eb801f8daafc1c382fadf001e9c7e8b3e3219f165e1ee31b5a7baf0e
1080,20230812,7,82,2720,136257,2254999,104111986000,1000,104111986,api-0016.json,b8be5691eb801f8daafc1c382fadf001e9c7e8b3e3219f165e1ee31b5a7baf0e
1081,20230819,11,92,2923,143152,2390493,106974323000,1000,106974323,api-0016.json,b8be5691eb801f8daafc1c382fadf001e9c7e8b3e3219f165e1ee31b5a7baf0e
1082,20230826,7,62,2768,142123,2390544,107566880000,1000,107566880,api-0016.json,b8be5691eb801f8daafc1c382fadf001e9c7e8b3e3219f165e1ee31b5a7baf0e
1083,20230902,15,72,3274,154536,2501816,108995141000,1000,108995141,api-0016.json,b8be5691eb801f8daafc1c382fadf001e9c7e8b3e3219f165e1ee31b5a7baf0e
1084,20230909,15,107,3003,151391,2512924,109818924000,1000,109818924,api-0016.json,b8be5691eb801f8daafc1c382fadf001e9c7e8b3e3219f165e1ee31b5a7baf0e
1085,20230916,23,80,3471,156670,2475529,106249975000,1000,106249975,api-0016.json,b8be5691eb801f8daafc1c382fadf001e9c7e8b3e3219f165e1ee31b5a7baf0e
1086,20230923,17,67,3270,155241,2500478,109250306000,1000,109250306,api-0016.json,b8be5691eb801f8daafc1c382fadf001e9c7e8b3e3219f165e1ee31b5a7baf0e
1087,20230930,16,71,2989,149854,2506601,113960897000,1000,113960897,api-0016.json,b8be5691eb801f8daafc1c382fadf001e9c7e8b3e3219f165e1ee31b5a7baf0e
1088,20231007,11,94,2991,141487,2352280,109089305000,1000,109089305,api-0015.json,0c0692eee889dc4323acbd678dc9c5d321921ebce004453a0aa7ba866c057704
1089,20231014,9,79,2825,138575,2338390,108725932000,1000,108725932,api-0015.json,0c0692eee889dc4323acbd678dc9c5d321921ebce004453a0aa7ba866c057704
1090,20231021,11,88,2931,143714,2398962,108364862000,1000,108364862,api-0015.json,0c0692eee889dc4323acbd678dc9c5d321921ebce004453a0aa7ba866c057704
1091,20231028,9,65,2873,149578,2481449,109335581000,1000,109335581,api-0015.json,0c0692eee889dc4323acbd678dc9c5d321921ebce004453a0aa7ba866c057704
1092,20231104,16,84,3327,160096,2540721,108970510000,1000,108970510,api-0015.json,0c0692eee889dc4323acbd678dc9c5d321921ebce004453a0aa7ba866c057704
1093,20231111,13,65,2928,141232,2327509,105589036000,1000,105589036,api-0015.json,0c0692eee889dc4323acbd678dc9c5d321921ebce004453a0aa7ba866c057704
1094,20231118,12,87,2725,136802,2278728,104078823000,1000,104078823,api-0015.json,0c0692eee889dc4323acbd678dc9c5d321921ebce004453a0aa7ba866c057704
1095,20231125,10,57,2584,135653,2278659,106160572000,1000,106160572,api-0015.json,0c0692eee889dc4323acbd678dc9c5d321921ebce004453a0aa7ba866c057704
1096,20231202,10,85,2924,141700,2386598,105753078000,1000,105753078,api-0015.json,0c0692eee889dc4323acbd678dc9c5d321921ebce004453a0aa7ba866c057704
1097,20231209,7,67,2631,135670,2317263,108873101000,1000,108873101,api-0015.json,0c0692eee889dc4323acbd678dc9c5d321921ebce004453a0aa7ba866c057704
1098,20231216,13,68,2840,138090,2311866,103850339000,1000,103850339,api-0014.json,d8e8dd4376166899c89b5cf3652e9949df239a1df7fd3196d60afad276c7a628
1099,20231223,9,71,2701,134122,2306011,107510729000,1000,107510729,api-0014.json,d8e8dd4376166899c89b5cf3652e9949df239a1df7fd3196d60afad276c7a628
1100,20231230,13,81,2869,146262,2503154,116187023000,1000,116187023,api-0014.json,d8e8dd4376166899c89b5cf3652e9949df239a1df7fd3196d60afad276c7a628
1101,20240106,13,75,3363,159797,2596082,114758876000,1000,114758876,api-0014.json,d8e8dd4376166899c89b5cf3652e9949df239a1df7fd3196d60afad276c7a628
1102,20240113,20,63,3042,147705,2461606,113178102000,1000,113178102,api-0014.json,d8e8dd4376166899c89b5cf3652e9949df239a1df7fd3196d60afad276c7a628
1103,20240120,17,76,2909,144537,2436768,110195070000,1000,110195070,api-0014.json,d8e8dd4376166899c89b5cf3652e9949df239a1df7fd3196d60afad276c7a628
1104,20240127,15,76,3000,148589,2490276,112449384000,1000,112449384,api-0014.json,d8e8dd4376166899c89b5cf3652e9949df239a1df7fd3196d60afad276c7a628
1105,20240203,15,83,2898,148700,2503114,113295292000,1000,113295292,api-0014.json,d8e8dd4376166899c89b5cf3652e9949df239a1df7fd3196d60afad276c7a628
1106,20240210,11,67,3374,168792,2788452,126617296000,1000,126617296,api-0014.json,d8e8dd4376166899c89b5cf3652e9949df239a1df7fd3196d60afad276c7a628
1107,20240217,14,82,3357,162265,2581512,117664962000,1000,117664962,api-0014.json,d8e8dd4376166899c89b5cf3652e9949df239a1df7fd3196d60afad276c7a628
1108,20240224,14,96,3227,157579,2572268,114578905000,1000,114578905,api-0013.json,02fb59919b32546234d15e4033117a9fae4674f2024d718960c7deb8b2012469
1109,20240302,17,84,3347,180255,2734683,117196327000,1000,117196327,api-0013.json,02fb59919b32546234d15e4033117a9fae4674f2024d718960c7deb8b2012469
1110,20240309,16,118,3654,173234,2747163,115083786000,1000,115083786,api-0013.json,02fb59919b32546234d15e4033117a9fae4674f2024d718960c7deb8b2012469
1111,20240316,16,97,5096,171363,2608760,116382835000,1000,116382835,api-0013.json,02fb59919b32546234d15e4033117a9fae4674f2024d718960c7deb8b2012469
1112,20240323,10,59,3077,148163,2461430,114216084000,1000,114216084,api-0013.json,02fb59919b32546234d15e4033117a9fae4674f2024d718960c7deb8b2012469
1113,20240330,14,57,2936,146997,2444535,113342318000,1000,113342318,api-0013.json,02fb59919b32546234d15e4033117a9fae4674f2024d718960c7deb8b2012469
1114,20240406,17,88,3221,160537,2574463,113597890000,1000,113597890,api-0013.json,02fb59919b32546234d15e4033117a9fae4674f2024d718960c7deb8b2012469
1115,20240413,12,60,3103,158614,2584491,113939215000,1000,113939215,api-0013.json,02fb59919b32546234d15e4033117a9fae4674f2024d718960c7deb8b2012469
1116,20240420,10,114,2896,145548,2444108,110862553000,1000,110862553,api-0013.json,02fb59919b32546234d15e4033117a9fae4674f2024d718960c7deb8b2012469
1117,20240427,9,94,3161,155379,2567618,113895333000,1000,113895333,api-0013.json,02fb59919b32546234d15e4033117a9fae4674f2024d718960c7deb8b2012469
1118,20240504,19,72,3518,145194,2435050,113727120000,1000,113727120,api-0012.json,3098f67653a713b0d231e0cc8b944055e3479cd26bdf12cd6ce1332b56cb9911
1119,20240511,19,97,3108,155000,2560859,111840714000,1000,111840714,api-0012.json,3098f67653a713b0d231e0cc8b944055e3479cd26bdf12cd6ce1332b56cb9911
1120,20240518,11,91,3049,154910,2532990,114804359000,1000,114804359,api-0012.json,3098f67653a713b0d231e0cc8b944055e3479cd26bdf12cd6ce1332b56cb9911
1121,20240525,11,76,2956,148984,2494773,113898519000,1000,113898519,api-0012.json,3098f67653a713b0d231e0cc8b944055e3479cd26bdf12cd6ce1332b56cb9911
1122,20240601,11,99,2932,151473,2540890,115540004000,1000,115540004,api-0012.json,3098f67653a713b0d231e0cc8b944055e3479cd26bdf12cd6ce1332b56cb9911
1123,20240608,16,77,2945,147087,2456500,113142957000,1000,113142957,api-0012.json,3098f67653a713b0d231e0cc8b944055e3479cd26bdf12cd6ce1332b56cb9911
1124,20240615,10,87,3123,158630,2619643,112014841000,1000,112014841,api-0012.json,3098f67653a713b0d231e0cc8b944055e3479cd26bdf12cd6ce1332b56cb9911
1125,20240622,12,78,3066,147313,2442674,109407294000,1000,109407294,api-0012.json,3098f67653a713b0d231e0cc8b944055e3479cd26bdf12cd6ce1332b56cb9911
1126,20240629,11,91,3114,157300,2626764,111998191000,1000,111998191,api-0012.json,3098f67653a713b0d231e0cc8b944055e3479cd26bdf12cd6ce1332b56cb9911
1127,20240706,12,84,3007,145646,2443423,111571373000,1000,111571373,api-0012.json,3098f67653a713b0d231e0cc8b944055e3479cd26bdf12cd6ce1332b56cb9911
1128,20240713,63,77,2987,153592,2545750,111364194000,1000,111364194,api-0011.json,b99a3bd0cd096165ff7f4974d4eddd5f4b0a1397f89ddaadea5211cfb54a01f6
1129,20240720,11,107,3142,154322,2542398,110363498000,1000,110363498,api-0011.json,b99a3bd0cd096165ff7f4974d4eddd5f4b0a1397f89ddaadea5211cfb54a01f6
1130,20240727,12,69,2900,137397,2334975,109515089000,1000,109515089,api-0011.json,b99a3bd0cd096165ff7f4974d4eddd5f4b0a1397f89ddaadea5211cfb54a01f6
1131,20240803,17,56,2861,144842,2471592,109120798000,1000,109120798,api-0011.json,b99a3bd0cd096165ff7f4974d4eddd5f4b0a1397f89ddaadea5211cfb54a01f6
1132,20240810,11,73,3086,148359,2463697,110018123000,1000,110018123,api-0011.json,b99a3bd0cd096165ff7f4974d4eddd5f4b0a1397f89ddaadea5211cfb54a01f6
1133,20240817,13,73,2737,143047,2393005,111210839000,1000,111210839,api-0011.json,b99a3bd0cd096165ff7f4974d4eddd5f4b0a1397f89ddaadea5211cfb54a01f6
1134,20240824,14,97,3961,180353,2807905,111660087000,1000,111660087,api-0011.json,b99a3bd0cd096165ff7f4974d4eddd5f4b0a1397f89ddaadea5211cfb54a01f6
1135,20240831,9,91,3417,163808,2654691,113817137000,1000,113817137,api-0011.json,b99a3bd0cd096165ff7f4974d4eddd5f4b0a1397f89ddaadea5211cfb54a01f6
1136,20240907,12,75,2906,144451,2452383,113031911000,1000,113031911,api-0011.json,b99a3bd0cd096165ff7f4974d4eddd5f4b0a1397f89ddaadea5211cfb54a01f6
1137,20240914,14,111,3323,163296,2737836,119250007000,1000,119250007,api-0011.json,b99a3bd0cd096165ff7f4974d4eddd5f4b0a1397f89ddaadea5211cfb54a01f6
1138,20240921,14,50,2865,145690,2404999,109651510000,1000,109651510,api-0010.json,52019b2093b9ab9be4fd0d3dabf435bf14fd6529449a3aeabe7185b59716acb8
1139,20240928,13,75,3240,163236,2645260,117915887000,1000,117915887,api-0010.json,52019b2093b9ab9be4fd0d3dabf435bf14fd6529449a3aeabe7185b59716acb8
1140,20241005,12,83,3345,158343,2644989,115238556000,1000,115238556,api-0010.json,52019b2093b9ab9be4fd0d3dabf435bf14fd6529449a3aeabe7185b59716acb8
1141,20241012,11,100,3371,165233,2718563,115803173000,1000,115803173,api-0010.json,52019b2093b9ab9be4fd0d3dabf435bf14fd6529449a3aeabe7185b59716acb8
1142,20241019,9,67,2841,146936,2474033,114254355000,1000,114254355,api-0010.json,52019b2093b9ab9be4fd0d3dabf435bf14fd6529449a3aeabe7185b59716acb8
1143,20241026,11,90,3154,156400,2612029,116432896000,1000,116432896,api-0010.json,52019b2093b9ab9be4fd0d3dabf435bf14fd6529449a3aeabe7185b59716acb8
1144,20241102,18,94,3626,172239,2766594,116378514000,1000,116378514,api-0010.json,52019b2093b9ab9be4fd0d3dabf435bf14fd6529449a3aeabe7185b59716acb8
1145,20241109,9,63,3312,164055,2647054,116115162000,1000,116115162,api-0010.json,52019b2093b9ab9be4fd0d3dabf435bf14fd6529449a3aeabe7185b59716acb8
1146,20241116,11,72,3030,158146,2677017,116694743000,1000,116694743,api-0010.json,52019b2093b9ab9be4fd0d3dabf435bf14fd6529449a3aeabe7185b59716acb8
1147,20241123,8,83,3588,173036,2750379,115707061000,1000,115707061,api-0010.json,52019b2093b9ab9be4fd0d3dabf435bf14fd6529449a3aeabe7185b59716acb8
1148,20241130,13,97,3082,154963,2581682,113188640000,1000,113188640,api-0009.json,6546096d96e1f092065c4258be50cf3cb20383dd5de702428a0bd292869274a9
1149,20241207,17,74,2924,145209,2448589,112146718000,1000,112146718,api-0009.json,6546096d96e1f092065c4258be50cf3cb20383dd5de702428a0bd292869274a9
1150,20241214,17,226,3413,166846,2626598,114152034000,1000,114152034,api-0009.json,6546096d96e1f092065c4258be50cf3cb20383dd5de702428a0bd292869274a9
1151,20241221,17,102,3351,163055,2635014,116118444000,1000,116118444,api-0009.json,6546096d96e1f092065c4258be50cf3cb20383dd5de702428a0bd292869274a9
1152,20241228,35,79,3354,146890,2440804,120703009000,1000,120703009,api-0009.json,6546096d96e1f092065c4258be50cf3cb20383dd5de702428a0bd292869274a9
1153,20250104,15,79,3506,167692,2848165,126343367000,1000,126343367,api-0009.json,6546096d96e1f092065c4258be50cf3cb20383dd5de702428a0bd292869274a9
1154,20250111,15,62,3190,154785,2559114,115268257000,1000,115268257,api-0009.json,6546096d96e1f092065c4258be50cf3cb20383dd5de702428a0bd292869274a9
1155,20250118,7,78,3171,160366,2654046,118482730000,1000,118482730,api-0009.json,6546096d96e1f092065c4258be50cf3cb20383dd5de702428a0bd292869274a9
1156,20250125,21,73,3494,162883,2706409,127643987000,1000,127643987,api-0009.json,6546096d96e1f092065c4258be50cf3cb20383dd5de702428a0bd292869274a9
1157,20250201,12,141,4549,201847,3100779,123443439000,1000,123443439,api-0009.json,6546096d96e1f092065c4258be50cf3cb20383dd5de702428a0bd292869274a9
1158,20250208,21,86,3032,155209,2610120,119706159000,1000,119706159,api-0008.json,7cfb909e994f877f4c434092b561dc84f38aaebe1eb4ba05fe7a62b50e00eaec
1159,20250215,23,110,3742,177373,2826061,124802304000,1000,124802304,api-0008.json,7cfb909e994f877f4c434092b561dc84f38aaebe1eb4ba05fe7a62b50e00eaec
1160,20250222,12,84,3176,160611,2681692,123177536000,1000,123177536,api-0008.json,7cfb909e994f877f4c434092b561dc84f38aaebe1eb4ba05fe7a62b50e00eaec
1161,20250301,16,117,4107,181457,2859815,123230590000,1000,123230590,api-0008.json,7cfb909e994f877f4c434092b561dc84f38aaebe1eb4ba05fe7a62b50e00eaec
1162,20250308,36,78,4752,160953,2538565,120578328000,1000,120578328,api-0008.json,7cfb909e994f877f4c434092b561dc84f38aaebe1eb4ba05fe7a62b50e00eaec
1163,20250315,15,75,3386,168204,2795027,122246316000,1000,122246316,api-0008.json,7cfb909e994f877f4c434092b561dc84f38aaebe1eb4ba05fe7a62b50e00eaec
1164,20250322,13,76,3470,170045,2807095,121102645000,1000,121102645,api-0008.json,7cfb909e994f877f4c434092b561dc84f38aaebe1eb4ba05fe7a62b50e00eaec
1165,20250329,13,91,3173,158014,2630455,118112106000,1000,118112106,api-0008.json,7cfb909e994f877f4c434092b561dc84f38aaebe1eb4ba05fe7a62b50e00eaec
1166,20250405,14,80,2803,147837,2456735,116717661000,1000,116717661,api-0008.json,7cfb909e994f877f4c434092b561dc84f38aaebe1eb4ba05fe7a62b50e00eaec
1167,20250412,10,69,2942,157094,2614372,118762131000,1000,118762131,api-0008.json,7cfb909e994f877f4c434092b561dc84f38aaebe1eb4ba05fe7a62b50e00eaec
1168,20250419,13,74,3514,166163,2712545,117811795000,1000,117811795,api-0007.json,03b5974dae3ff96637a1aa3f9ad05b65d5878bb34aea30b9eae3ce6e1e68dc1a
1169,20250426,10,112,3244,160483,2668194,118803195000,1000,118803195,api-0007.json,03b5974dae3ff96637a1aa3f9ad05b65d5878bb34aea30b9eae3ce6e1e68dc1a
1170,20250503,20,103,5668,163866,2637401,116709995000,1000,116709995,api-0007.json,03b5974dae3ff96637a1aa3f9ad05b65d5878bb34aea30b9eae3ce6e1e68dc1a
1171,20250510,21,148,5317,211503,3094806,115285696000,1000,115285696,api-0007.json,03b5974dae3ff96637a1aa3f9ad05b65d5878bb34aea30b9eae3ce6e1e68dc1a
1172,20250517,13,98,3059,152897,2590472,117565241000,1000,117565241,api-0007.json,03b5974dae3ff96637a1aa3f9ad05b65d5878bb34aea30b9eae3ce6e1e68dc1a
1173,20250524,24,94,3139,163678,2689832,118782668000,1000,118782668,api-0007.json,03b5974dae3ff96637a1aa3f9ad05b65d5878bb34aea30b9eae3ce6e1e68dc1a
1174,20250531,15,85,3196,158944,2670129,119020467000,1000,119020467,api-0007.json,03b5974dae3ff96637a1aa3f9ad05b65d5878bb34aea30b9eae3ce6e1e68dc1a
1175,20250607,20,92,3178,164364,2723718,117488305000,1000,117488305,api-0007.json,03b5974dae3ff96637a1aa3f9ad05b65d5878bb34aea30b9eae3ce6e1e68dc1a
1176,20250614,13,89,3533,171545,2746919,115765450000,1000,115765450,api-0007.json,03b5974dae3ff96637a1aa3f9ad05b65d5878bb34aea30b9eae3ce6e1e68dc1a
1177,20250621,6,75,3111,157438,2644128,115411832000,1000,115411832,api-0007.json,03b5974dae3ff96637a1aa3f9ad05b65d5878bb34aea30b9eae3ce6e1e68dc1a
1178,20250628,12,89,3061,157044,2653841,118774279000,1000,118774279,api-0006.json,27f5bf6e444f82bc534b60341b739daed621294b66119f5b1650e02e57742719
1179,20250705,13,63,2989,148832,2516368,115024678000,1000,115024678,api-0006.json,27f5bf6e444f82bc534b60341b739daed621294b66119f5b1650e02e57742719
1180,20250712,11,72,3010,153274,2567395,115377965000,1000,115377965,api-0006.json,27f5bf6e444f82bc534b60341b739daed621294b66119f5b1650e02e57742719
1181,20250719,17,86,3109,155938,2596371,113802682000,1000,113802682,api-0006.json,27f5bf6e444f82bc534b60341b739daed621294b66119f5b1650e02e57742719
1182,20250726,13,79,3015,156025,2616958,115431308000,1000,115431308,api-0006.json,27f5bf6e444f82bc534b60341b739daed621294b66119f5b1650e02e57742719
1183,20250802,13,92,3623,169030,2680548,115605968000,1000,115605968,api-0006.json,27f5bf6e444f82bc534b60341b739daed621294b66119f5b1650e02e57742719
1184,20250809,15,95,3115,155556,2576710,117748924000,1000,117748924,api-0006.json,27f5bf6e444f82bc534b60341b739daed621294b66119f5b1650e02e57742719
1185,20250816,12,79,2903,153798,2566276,117480804000,1000,117480804,api-0006.json,27f5bf6e444f82bc534b60341b739daed621294b66119f5b1650e02e57742719
1186,20250823,14,89,3226,162707,2628810,116690738000,1000,116690738,api-0006.json,27f5bf6e444f82bc534b60341b739daed621294b66119f5b1650e02e57742719
1187,20250830,11,79,3147,152448,2557090,117650847000,1000,117650847,api-0006.json,27f5bf6e444f82bc534b60341b739daed621294b66119f5b1650e02e57742719
1188,20250906,24,111,3713,188314,2901056,116617971000,1000,116617971,api-0005.json,cbd7f91aacf1675f320395f5504a6d5571cb0448f92cf6c8bb4b43af256e4b07
1189,20250913,13,167,3121,152345,2577694,119484685000,1000,119484685,api-0005.json,cbd7f91aacf1675f320395f5504a6d5571cb0448f92cf6c8bb4b43af256e4b07
1190,20250920,6,113,3293,168764,2752776,118368861000,1000,118368861,api-0005.json,cbd7f91aacf1675f320395f5504a6d5571cb0448f92cf6c8bb4b43af256e4b07
1191,20250927,18,132,3649,184758,2905296,121272809000,1000,121272809,api-0005.json,cbd7f91aacf1675f320395f5504a6d5571cb0448f92cf6c8bb4b43af256e4b07
1192,20251004,29,95,3476,171551,2841016,129050196000,1000,129050196,api-0005.json,cbd7f91aacf1675f320395f5504a6d5571cb0448f92cf6c8bb4b43af256e4b07
1193,20251011,16,84,3635,175936,2782376,118676603000,1000,118676603,api-0005.json,cbd7f91aacf1675f320395f5504a6d5571cb0448f92cf6c8bb4b43af256e4b07
1194,20251018,28,99,5442,186820,2884544,121085706000,1000,121085706,api-0005.json,cbd7f91aacf1675f320395f5504a6d5571cb0448f92cf6c8bb4b43af256e4b07
1195,20251025,10,86,3337,165621,2797760,122918013000,1000,122918013,api-0005.json,cbd7f91aacf1675f320395f5504a6d5571cb0448f92cf6c8bb4b43af256e4b07
1196,20251101,15,94,2837,153894,2619093,121645432000,1000,121645432,api-0005.json,cbd7f91aacf1675f320395f5504a6d5571cb0448f92cf6c8bb4b43af256e4b07
1197,20251108,13,74,3087,162871,2751422,120244434000,1000,120244434,api-0005.json,cbd7f91aacf1675f320395f5504a6d5571cb0448f92cf6c8bb4b43af256e4b07
1198,20251115,10,78,3110,155228,2591974,120207517000,1000,120207517,api-0004.json,92505786aac052490217f6f78b0decb3055b96f5f257e7b6a22f1d11d389f05a
1199,20251122,17,75,3504,157073,2604985,118624796000,1000,118624796,api-0004.json,92505786aac052490217f6f78b0decb3055b96f5f257e7b6a22f1d11d389f05a
1200,20251129,12,80,3584,161754,2673060,118339596000,1000,118339596,api-0004.json,92505786aac052490217f6f78b0decb3055b96f5f257e7b6a22f1d11d389f05a
1201,20251206,19,84,3321,166050,2711377,115389593000,1000,115389593,api-0004.json,92505786aac052490217f6f78b0decb3055b96f5f257e7b6a22f1d11d389f05a
1202,20251213,14,109,3764,180212,2723770,116954237000,1000,116954237,api-0004.json,92505786aac052490217f6f78b0decb3055b96f5f257e7b6a22f1d11d389f05a
1203,20251220,21,118,3588,171960,2784823,121655631000,1000,121655631,api-0004.json,92505786aac052490217f6f78b0decb3055b96f5f257e7b6a22f1d11d389f05a
1204,20251227,18,95,3361,164919,2753835,123758619000,1000,123758619,api-0004.json,92505786aac052490217f6f78b0decb3055b96f5f257e7b6a22f1d11d389f05a
1205,20260103,10,97,3486,174740,2915978,132670747000,1000,132670747,api-0004.json,92505786aac052490217f6f78b0decb3055b96f5f257e7b6a22f1d11d389f05a
1206,20260110,15,74,3329,172867,2897371,121012690000,1000,121012690,api-0004.json,92505786aac052490217f6f78b0decb3055b96f5f257e7b6a22f1d11d389f05a
1207,20260117,17,86,3365,168020,2756042,122934287000,1000,122934287,api-0004.json,92505786aac052490217f6f78b0decb3055b96f5f257e7b6a22f1d11d389f05a
1208,20260124,6,68,2932,149359,2544535,120408668000,1000,120408668,api-0003.json,8f592a3a0c190f95db2f0a4b8984f07dd7651dbc977961cccb13279894f8faba
1209,20260131,22,73,3141,163147,2724028,124040394000,1000,124040394,api-0003.json,8f592a3a0c190f95db2f0a4b8984f07dd7651dbc977961cccb13279894f8faba
1210,20260207,24,153,4649,211663,3139766,123111058000,1000,123111058,api-0003.json,8f592a3a0c190f95db2f0a4b8984f07dd7651dbc977961cccb13279894f8faba
1211,20260214,14,86,3332,174056,2902451,134945802000,1000,134945802,api-0003.json,8f592a3a0c190f95db2f0a4b8984f07dd7651dbc977961cccb13279894f8faba
1212,20260221,12,79,3482,175609,2923618,131727929000,1000,131727929,api-0003.json,8f592a3a0c190f95db2f0a4b8984f07dd7651dbc977961cccb13279894f8faba
1213,20260228,18,110,3724,180063,2958422,131111079000,1000,131111079,api-0003.json,8f592a3a0c190f95db2f0a4b8984f07dd7651dbc977961cccb13279894f8faba
1214,20260307,12,99,3618,177889,2921649,124815860000,1000,124815860,api-0003.json,8f592a3a0c190f95db2f0a4b8984f07dd7651dbc977961cccb13279894f8faba
1215,20260314,16,76,3120,153024,2640357,126977101000,1000,126977101,api-0003.json,8f592a3a0c190f95db2f0a4b8984f07dd7651dbc977961cccb13279894f8faba
1216,20260321,14,87,3181,168089,2853121,125556526000,1000,125556526,api-0003.json,8f592a3a0c190f95db2f0a4b8984f07dd7651dbc977961cccb13279894f8faba
1217,20260328,14,85,3344,163563,2742207,125155256000,1000,125155256,api-0003.json,8f592a3a0c190f95db2f0a4b8984f07dd7651dbc977961cccb13279894f8faba
1218,20260404,18,80,2889,150326,2600819,123335928000,1000,123335928,api-0002.json,38af0a692f47dd0e0f877f0755838efb112a45ca8056c4a3c50ec9de6e1f6109
1219,20260411,12,77,3079,150733,2560905,120945801000,1000,120945801,api-0002.json,38af0a692f47dd0e0f877f0755838efb112a45ca8056c4a3c50ec9de6e1f6109
1220,20260418,14,85,3192,161279,2688906,121958822000,1000,121958822,api-0002.json,38af0a692f47dd0e0f877f0755838efb112a45ca8056c4a3c50ec9de6e1f6109
1221,20260425,16,96,3465,174082,2745724,122979623000,1000,122979623,api-0002.json,38af0a692f47dd0e0f877f0755838efb112a45ca8056c4a3c50ec9de6e1f6109
1222,20260502,24,115,4081,182844,2896800,124243558000,1000,124243558,api-0002.json,38af0a692f47dd0e0f877f0755838efb112a45ca8056c4a3c50ec9de6e1f6109
1223,20260509,16,103,3481,161967,2716882,122621163000,1000,122621163,api-0002.json,38af0a692f47dd0e0f877f0755838efb112a45ca8056c4a3c50ec9de6e1f6109
1224,20260516,12,70,3373,166726,2716244,121110408000,1000,121110408,api-0002.json,38af0a692f47dd0e0f877f0755838efb112a45ca8056c4a3c50ec9de6e1f6109
1225,20260523,13,76,3333,161090,2705194,120402887000,1000,120402887,api-0002.json,38af0a692f47dd0e0f877f0755838efb112a45ca8056c4a3c50ec9de6e1f6109
1226,20260530,10,75,3557,171525,2803464,120259943000,1000,120259943,api-0002.json,38af0a692f47dd0e0f877f0755838efb112a45ca8056c4a3c50ec9de6e1f6109
1227,20260606,11,70,3042,151881,2523341,118882558000,1000,118882558,api-0002.json,38af0a692f47dd0e0f877f0755838efb112a45ca8056c4a3c50ec9de6e1f6109
1228,20260613,11,83,2836,147604,2514073,119052273000,1000,119052273,api-0001.json,50f487e857b6b45f4dcf591facf710dc0a71c0d6c5ee50de2db956b4fd658471
1229,20260620,8,89,2925,152290,2583834,116155532000,1000,116155532,api-0001.json,50f487e857b6b45f4dcf591facf710dc0a71c0d6c5ee50de2db956b4fd658471
1230,20260627,16,90,3336,168902,2770957,120177677000,1000,120177677,api-0001.json,50f487e857b6b45f4dcf591facf710dc0a71c0d6c5ee50de2db956b4fd658471
1231,20260704,17,92,3329,162821,2686693,118084580000,1000,118084580,api-0001.json,50f487e857b6b45f4dcf591facf710dc0a71c0d6c5ee50de2db956b4fd658471
1232,20260711,11,92,2984,149349,2539242,114636304000,1000,114636304,api-0001.json,50f487e857b6b45f4dcf591facf710dc0a71c0d6c5ee50de2db956b4fd658471
1233,20260718,31,76,4438,185487,2833927,116159776000,1000,116159776,api-0001.json,50f487e857b6b45f4dcf591facf710dc0a71c0d6c5ee50de2db956b4fd658471
1234,20260725,18,71,2985,146684,2475581,115990429000,1000,115990429,api-0001.json,50f487e857b6b45f4dcf591facf710dc0a71c0d6c5ee50de2db956b4fd658471
1235,20260801,9,82,2859,154048,2585719,115445069000,1000,115445069,api-0001.json,50f487e857b6b45f4dcf591facf710dc0a71c0d6c5ee50de2db956b4fd658471
1236,20260808,11,84,3371,161927,2624850,114070835000,1000,114070835,api-0001.json,50f487e857b6b45f4dcf591facf710dc0a71c0d6c5ee50de2db956b4fd658471
1237,20260815,23,75,3745,172132,2663409,118363161000,1000,118363161,api-0001.json,50f487e857b6b45f4dcf591facf710dc0a71c0d6c5ee50de2db956b4fd658471
