"path","extension","size","sha256","evidence_class"
"00_P45_STATE\experiment_lab\01_EXPERIMENT_LAB_GOVERNANCE.md",".md","5006","82a6b282cf6b9d87e3385ea3506247d867d1ebf797db0c7b13d29ae2c55a5d32","FORMAL_EXP"
"00_P45_STATE\experiment_lab\02_EXPERIMENT_REGISTRY_SCHEMA.md",".md","3593","5624d5ed12862ecc5d0765f2ed313a1aab68b75c830d6f6f0d7e911c04bf8f4a","FORMAL_EXP"
"00_P45_STATE\experiment_lab\03_EXPERIMENT_STATUS_TRANSITION.md",".md","1981","4db6bf6523374ab71f78a79b082d5793fa4914a45988311d3dfdedef6bae7960","FORMAL_EXP"
"00_P45_STATE\experiment_lab\04_EXPERIMENT_PROMOTION_POLICY.md",".md","1674","416d1498ab06187f26683ea8683437b1a2da8cd62f37ca0e5e1b4d1e494eb210","FORMAL_EXP"
"00_P45_STATE\experiment_lab\05_EXPERIMENT_FAILURE_AND_NEGATIVE_RESULT_POLICY.md",".md","1728","ab550c65acf968d7df9028eddd5cbf075fa7ff956d43212982ca9a745afd835d","FORMAL_EXP"
"00_P45_STATE\experiment_lab\06_INITIAL_EXPERIMENT_REGISTRY.md",".md","25731","a4eba0de3e5045d966b068e76d466a574be01bb02ec2f35801af9712f7bc4b8a","FORMAL_EXP"
"00_P45_STATE\experiment_lab\07_REGISTRY_COUNT_CONSISTENCY_AUDIT.md",".md","3608","e35251864c8d50cb53b05b519ee49c203a36658d896d81af3a8456897b1bc061","FORMAL_EXP"
"00_P45_STATE\experiment_lab\EXP-001_NUMBER_COOCCURRENCE\EXP001_07_LOCKED_RUN_RESULT.md",".md","3709","3b82c579e42892f4a4fed084c63b2b442aa3de0ad8beaaddf975ce4d6e3f71eb","FORMAL_EXP"
"00_P45_STATE\experiment_lab\EXP-001_NUMBER_COOCCURRENCE\EXP001_PROTOCOL_LOCK.json",".json","1928","6ced9299d7ccb4bfaeebb5cdd8e8448da5dce6de81f429783a3ae628d3dcb323","FORMAL_EXP"
"00_P45_STATE\experiment_lab\EXP-002_NO_PICK_FALLBACK\EXP002_07_NO_PICK_COVERAGE_AUDIT.md",".md","1473","cdc0d17519d42826104863f082ab7c121f90c2c54765fe18e394fd1973e3ad93","FORMAL_EXP"
"00_P45_STATE\experiment_lab\EXP-002_NO_PICK_FALLBACK\EXP002_08_PROTOCOL_BLOCKED_RUN.md",".md","1995","e7d7a05805b1a03e207284ad96ae8f440c1b24a2736e6f8a163f55af29d72f59","FORMAL_EXP"
"00_P45_STATE\experiment_lab\EXP-002_NO_PICK_FALLBACK\EXP002_PROTOCOL_LOCK.json",".json","2124","dbd49f88d53f83834c9159ee1b5c1c141e729e58f27411ca620f4ddad96032bf","FORMAL_EXP"
"00_P45_STATE\experiment_lab\EXP-002_V2_NUMBER_RANK_FALLBACK\EXP002V2_06_LOCKED_RUN_RESULT.md",".md","1875","0835757b97dbc84bf178d36a0dc8ab37968f3b6098ec4f67469069f2c0cae350","FORMAL_EXP"
"00_P45_STATE\experiment_lab\EXP-002_V2_NUMBER_RANK_FALLBACK\EXP002V2_PROTOCOL_LOCK.json",".json","635","82ed201d7c2dcd3eb30aa848f968ec1134031d0271daa0142375b1562341f001","FORMAL_EXP"
"00_P45_STATE\experiment_lab\EXP-003_NUMBER_TRANSITION\EXP003_07_LOCKED_RUN_RESULT.md",".md","2697","f0513f20c9a597d474dcfed82b71485551c1bffa3970c3cd38a4776351787fb3","FORMAL_EXP"
"00_P45_STATE\experiment_lab\EXP-003_NUMBER_TRANSITION\EXP003_PROTOCOL_LOCK.json",".json","1347","48242be86703cb0ec99cf34b999d01e63cd7c0c80fb8e4f5d5ba12ac0bb0092c","FORMAL_EXP"
"00_P45_STATE\experiment_lab\EXP-CROWD-RETAIL-001\EXP_CROWD_RETAIL_001_V1_FINAL_RESULT.md",".md","2642","c12af64a6a1cfba494f9f2767df50fa635a387c98d4fd13fd745b3fa3763e3f6","FORMAL_EXP"
"00_P45_STATE\experiment_lab\EXP-CROWD-RETAIL-001\EXP_CROWD_RETAIL_001_V1_LOCKED_PROTOCOL.md",".md","1568","f18e48c28fcb9f97ce5c790f46a598e1d2101c8276eabd43b2bd2b3261d9a120","FORMAL_EXP"
"00_P45_STATE\experiment_lab\EXP-CROWD-RETAIL-001\independent_reproduction_calibration_audit_001\FINAL_AUDIT_REPORT.md",".md","2104","b11da8f214b1b492cf7c6a44f3f4a537655f55aab9f4b30f7d7f04e6b45f04ce","FORMAL_EXP"
"00_P45_STATE\experiment_lab\EXP-CROWD-RETAIL-001\independent_reproduction_calibration_audit_001\RETAILER_PROPENSITY_CALIBRATION_LOCKED.md",".md","1511","b55c945d00628f565e79cd532bfe6355e740fe11f880bc99391208520f334b91","FORMAL_EXP"
"00_P45_STATE\experiment_lab\EXP-CROWD-RETAIL-001\independent_reproduction_calibration_audit_001\STATE_EVENT.json",".json","4139","11dd52c5494dd10a73e60b61205c079525ae932f6b310289ae78e959a7369f37","FORMAL_EXP"
"00_P45_STATE\experiment_lab\EXP-CROWD-RETAIL-PROSPECTIVE-001\EXP_CROWD_RETAIL_PROSPECTIVE_001_V1_LOCKED_PROTOCOL.md",".md","3873","b9effad1c8d06c8d5227ce65bbfe904614d08c9d3ac4c9ae92f1ff90f50eaaa5","FORMAL_EXP"
"00_P45_STATE\experiment_lab\EXP-CROWD-TOPO-001\EXP_CROWD_TOPO_001_V1_FINAL_RESULT.md",".md","2137","b5c0e24c925f3a2800462b7054473188864952c3e56a23dc0889f7b7c95b7fcf","FORMAL_EXP"
"00_P45_STATE\experiment_lab\EXP-CROWD-TOPO-001\EXP_CROWD_TOPO_001_V1_LOCKED_PROTOCOL.md",".md","3963","421720adfa6cee93b622cdf51e7aac3200f3e44ae934e36c2790289aa1988006","FORMAL_EXP"
"00_P45_STATE\experiment_lab\EXP-CROWD-TOPO-002\calibration_audit_001\EXP_CROWD_TOPO_002_CALIBRATION_AUDIT_001_LOCKED_NOTE.md",".md","3322","b13666657e524a555a6387f180e2aa4fff1a1860366ac72bd120ab3cc0ba91ff","FORMAL_EXP"
"00_P45_STATE\experiment_lab\EXP-CROWD-TOPO-002\calibration_audit_001\FINAL_CALIBRATION_AUDIT_REPORT.md",".md","2687","068522dfdc3c58d07fd319e4e838d08d91475d55d14ef910ebea220466a71616","FORMAL_EXP"
"00_P45_STATE\experiment_lab\EXP-CROWD-TOPO-002\EXP_CROWD_TOPO_002_V1_FINAL_RESULT.md",".md","2381","fa249ddd3872773a4e5491c6849532be3d17b05724f8a777c7edaba1da594065","FORMAL_EXP"
"00_P45_STATE\experiment_lab\EXP-CROWD-TOPO-002\EXP_CROWD_TOPO_002_V1_LOCKED_PROTOCOL.md",".md","4529","7d32357ff787a50e7ef67ecbcf8e38780b2886b0bf6d4ffedb1871cf35edd8c3","FORMAL_EXP"
"00_P45_STATE\experiment_lab\EXP-CROWD-TOPO-002\independent_reproduction_001\FINAL_INDEPENDENT_REPRODUCTION_RESULT.md",".md","3372","164090e2d0c8b34d33aa2fc5d55d6f05cf0f9c99a2a1293baa4406454081af0f","FORMAL_EXP"
"00_P45_STATE\experiment_lab\EXP-CROWD-TOPO-002\independent_reproduction_001\INDEPENDENT_REPRODUCTION_PROTOCOL.md",".md","2008","5f5d33230889db4c1713ed27e8d17a0cad9193346b222cd78ec83ce670b4c6d2","FORMAL_EXP"
"00_P45_STATE\experiment_lab\EXP-CROWD-TOPO-003\EXP_CROWD_TOPO_003_V1_FINAL_RESULT.md",".md","1923","d7b72aeb8b0f7ab75b2a7a314f688cb05cee2632e7cc7dd2dee3fc2ffb47072f","FORMAL_EXP"
"00_P45_STATE\experiment_lab\EXP-CROWD-TOPO-003\EXP_CROWD_TOPO_003_V1_LOCKED_PROTOCOL.md",".md","1708","f71bc94dee31f4e5b297d7fb2d5343b7920e25226c17c8bdeedc6b5696c07aef","FORMAL_EXP"
"00_P45_STATE\experiment_lab\EXP-PRIZE-001_BIRTHDAY_ZONE\EXP_PRIZE_001_V1_BLOCKED_RESULT.md",".md","1767","3158f4b5f9dd4c3cad13ee3a0b47b5538a58740d9a297ca1363ea23e0e50d8b8","FORMAL_EXP"
"00_P45_STATE\experiment_lab\EXP-PRIZE-001_BIRTHDAY_ZONE\EXP_PRIZE_001_V1_LOCKED_PROTOCOL.md",".md","4620","38d6059a52ac5af59d94b964774f2c4430fae8a5167740c409031224e25ef1b7","FORMAL_EXP"
"00_P45_STATE\experiment_lab\EXP-PRIZE-001_BIRTHDAY_ZONE\EXP_PRIZE_001_V1_PROTOCOL_LOCK.json",".json","605","6de799169d5e1721828ece988466d2a98c6b995f98ab797d0fa2592ee64b0009","FORMAL_EXP"
"00_P45_STATE\experiment_lab\EXP-PRIZE-001_BIRTHDAY_ZONE\EXP_PRIZE_001_V2_FINAL_RESULT.md",".md","2368","503315e798304e91eefc86e32f50a3df26e18a98b0a734c458494897af790da8","FORMAL_EXP"
"00_P45_STATE\experiment_lab\EXP-PRIZE-001_BIRTHDAY_ZONE\EXP_PRIZE_001_V2_LOCKED_PROTOCOL.md",".md","4964","479c83f5905d1bcd928e5b388420a41259c413836711202fd30704e7b4b9d5b7","FORMAL_EXP"
"00_P45_STATE\experiment_lab\EXP-PRIZE-001_BIRTHDAY_ZONE\EXP_PRIZE_001_V2_PROTOCOL_LOCK.json",".json","739","15082bde712c3fa2778915e83a2bd2ec9fc18fe68a1392f60cb39bb9d866f32f","FORMAL_EXP"
"00_P45_STATE\experiment_lab\EXP-PRIZE-002_SECOND_PRIZE\EXP_PRIZE_002_V1_FINAL_RESULT.md",".md","2054","a8c7fc12550230ec8770ce5b1e1b0bca79771caf05036c1dffbed2a1d682b8d8","FORMAL_EXP"
"00_P45_STATE\experiment_lab\EXP-PRIZE-002_SECOND_PRIZE\EXP_PRIZE_002_V1_LOCKED_PROTOCOL.md",".md","3179","e27100d726264310d2402cb691f8ca8a53d0d2e5f9ece861cd033156573f5302","FORMAL_EXP"
"00_P45_STATE\experiment_lab\EXP-PRIZE-PROSPECTIVE-001\EXP_PRIZE_PROSPECTIVE_001_V1_LOCKED_PROTOCOL.md",".md","5083","207a084177edf0bc8d71ca1476f844c283a9c6e65e45943837b5ed13537cff18","FORMAL_EXP"
"00_P45_STATE\experiment_lab\EXP-PRIZE-PROSPECTIVE-001\UPDATER_SOURCE_AUDIT_REPORT.md",".md","1364","008107b5d958a8665d83113ab05311c0ca5085c621af0f7009534d942a55a92c","FORMAL_EXP"
"00_P45_STATE\experiment_lab\EXP-PRIZE-PROSPECTIVE-001\WEEKLY_DRAW_UPDATE_TASK_AUDIT_007.md",".md","2576","33c22484a6552c3ca811a4ab11a3c88b67049b0f4405cca4f1cfacceedf02803","FORMAL_EXP"
"00_P45_STATE\experiment_lab\EXPERIMENT_REGISTRY.schema.json",".json","3268","cadcdb735f90fe257d5e0b69686a51525218cfc0680787a45c91b3866b3a41bf","FORMAL_EXP"
"00_P45_STATE\experiment_lab\registry_count_reconciliation_010.json",".json","2402","4e6af9f14187125e3690053ba5ba5af90a699ad45da89f8aff8826a9ae13c4c2","FORMAL_EXP"
"00_P45_STATE\P45_CURRENT_STATE.json",".json","69652","d4c8792796cc1197777f6c34c1bdf0869826088ae0e7a62101f1ca100a8d8038","ENGINE_OR_OTHER"
"00_P45_STATE\P45_CURRENT_STATE.md",".md","5313","6065181d95fc765d7174c9e1d556b82e7e2d52d6090032aee68b40d05f480aed","ENGINE_OR_OTHER"
"00_P45_STATE\P45_FINAL_OPERATION_STATE.md",".md","3786","833da632abf71072baae611cc270c2bd5e2246263a92e7ddeb971d7a09e8b3cf","ENGINE_OR_OTHER"
"00_P45_STATE\research_inventory\01_P45_FULL_RESEARCH_INVENTORY.md",".md","7981","f70aa62dd2ed22a844cf3d965853aaddf996b8a27d00cbe1509e67aae63cb959","ENGINE_OR_OTHER"
"00_P45_STATE\research_inventory\02_P45_RESEARCH_STATUS_MATRIX.md",".md","32941","c0a62234b5e39cba0dd5232affff5fd9ff834c2e284335292a458254fa402ab3","ENGINE_OR_OTHER"
"00_P45_STATE\research_inventory\03_P45_MISSING_AND_PARTIAL_RESEARCH.md",".md","4181","8610e868f2710ee6b17e1981e8a975f2856d1ecc815f8b67222b7c03e30148f9","ENGINE_OR_OTHER"
"00_P45_STATE\research_inventory\04_P45_EXPERIMENT_LAB_DESIGN.md",".md","4934","f77edb076673169cb12c8badb57fc5280aaf1df88ceb479d51a9de63606ac905","ENGINE_OR_OTHER"
"00_P45_STATE\research_inventory\05_P45_RECOMMENDED_RESEARCH_PRIORITY.md",".md","1900","52e8993872d7479fd436e2e18965e36da002ed9d1c98ea799a5e118615ef0fde","ENGINE_OR_OTHER"
"00_P45_STATE\research_inventory\06_P45_CROWD_PRIZE_SHARE_RESEARCH_DESIGN.md",".md","2566","755b6cee20b5b63aed0a25603265aac838d7fbec00cada06e37bafd5b017ba74","ENGINE_OR_OTHER"
"00_P45_STATE\research_inventory\07_HISTORICAL_IDEA_RECOVERY_AUDIT_TODO.md",".md","2362","5bad6a8d1bfeb3dff6ba3e5384e3e5bbb498f3236a154be20f38f91bc13edb4f","ENGINE_OR_OTHER"
"00_P45_STATE\research_inventory\07_HISTORICAL_IDEA_RECOVERY_AUDIT.md",".md","5300","0c9487b4d335a6c855f27d06b1717cc6d68e8bf5c6d92ba9800a447044b38ce0","ENGINE_OR_OTHER"
"00_P45_STATE\research_review\01_P45_RESEARCH_REVIEW_POLICY.md",".md","1852","b298641daeef717c90804d63a411af920f21a1a74f27b51885d2ac5316856106","ENGINE_OR_OTHER"
"00_P45_STATE\research_review\03_P45_STATE_TRANSITION_MATRIX.md",".md","2893","2d6394723573d8c21fa392d7d1cd107357c8fc778d05c527517de615f1b7e6d7","ENGINE_OR_OTHER"
"00_P45_STATE\research_review\06_P45_PAIR_COMPUTE_SAFETY.md",".md","1922","09698dd63418ce41a2521cbcde6dd21ca31f50c462e7ffd323a96754ac7bce75","ENGINE_OR_OTHER"
"00_P45_STATE\research_review\NO_PICK_STRUCTURAL_ROOT_CAUSE_AUDIT_001.md",".md","6546","40687b866314bf898f6f895b9207bb7334dd1f33f40c79fd528c4a600c39e303","ENGINE_OR_OTHER"
"00_P45_STATE\research_review\OFFICIAL_ARCHITECTURE_RESEARCH_REVIEW_001\OFFICIAL_ARCHITECTURE_RESEARCH_REVIEW_001.md",".md","8108","b100461f7ef1b7d11e624db5aacab3fa67840ca40925d1964e57e970b6224f6b","ENGINE_OR_OTHER"
"00_P45_STATE\research_review\OFFICIAL_ARCHITECTURE_RESEARCH_REVIEW_001\PAIR_ARCHITECTURE_AFFECTED_SCOPE_001.md",".md","1210","5e2197537c9feb6db3fb8cf2cf1da80ee5efaae7eb7ee767034f278badc94ffa","ENGINE_OR_OTHER"
"00_P45_STATE\research_review\OFFICIAL_ARCHITECTURE_RESEARCH_REVIEW_001\PAIR_EVIDENCE_PROVENANCE_MAP.md",".md","3806","72985eb300b3ed66a8aad073d27932eae7d2a41cd619212fb3cf89a9f90f0a23","ENGINE_OR_OTHER"
"00_P45_STATE\research_review\OFFICIAL_ARCHITECTURE_RESEARCH_REVIEW_001\PAIR_HISTORICAL_MATERIALIZATION_CONTRACT_V1.md",".md","2362","1a7b961c13a0c1fd4a5ab0eb9032fb3c3dfc1082833356ed9f9d8d9efe03e542","ENGINE_OR_OTHER"
"00_P45_STATE\research_review\OFFICIAL_ARCHITECTURE_RESEARCH_REVIEW_001\PAIR_LIFECYCLE_STATE_MACHINE.md",".md","2074","11fd8d346e38b059d0b4ddf520960e9aa0794a77c95e13256ed27b34253017b4","ENGINE_OR_OTHER"
"00_P45_STATE\research_review\OFFICIAL_ARCHITECTURE_RESEARCH_REVIEW_001\PAIR_PRIOR_EVIDENCE_REINTERPRETATION_001.md",".md","1087","67f108430070b05ea59f69c0da000e1850991855961b1ef7be6bfb9e7cc0b325","ENGINE_OR_OTHER"
"00_P45_STATE\research_review\OFFICIAL_ARCHITECTURE_RESEARCH_REVIEW_001\PAIR_REPAIR_SPECIFICATION_001.md",".md","2340","214b9cf431a691b8697b7fc2bac284aed17f1e1b6e18ef7ebc24a47a756b2764","ENGINE_OR_OTHER"
"00_P45_STATE\research_review\OFFICIAL_ARCHITECTURE_RESEARCH_REVIEW_001\STATE_EVENT.json",".json","4022","cb1348b79db1252faa373f51377e207a2fca3db405ae8ac8d4c2631414d3e39b","ENGINE_OR_OTHER"
"00_P45_STATE\research_review\OFFICIAL_SHADOW_REPAIR_PROTOTYPE_001.md",".md","3560","0efcf0f56829aa9f57ed1e6ee561d645b0bd86b8d49971039aa26b3be58c1cb3","ENGINE_OR_OTHER"
"00_P45_STATE\research_review\OPERATIONS_008_STATE_EVENT.json",".json","3825","d1656602ef4055a34f537bffb16a0c06c0effc8cd6caf57ff5dadfbccf1df41e","ENGINE_OR_OTHER"
"00_P45_STATE\research_review\OPERATIONS_008_WEEKLY_UPDATER_STALE_RUN_AUDIT.md",".md","2313","ba88cf5f0a39183d0c9f2092d6af345da4bdf5536c40999311e98f04fdf710fc","ENGINE_OR_OTHER"
"00_P45_STATE\research_review\PROTECTION_HASH_CONSISTENCY_AUDIT_017_EVENT.json",".json","2739","9b99d7183c08dffe01a7e800ea2ce397ae74f3cf3e41d1f769ee0fa76fdc5c33","ENGINE_OR_OTHER"
"00_P45_STATE\research_review\PROTECTION_HASH_CONSISTENCY_AUDIT_017.md",".md","2202","5d5a5bfff3c6aacc9f2464305746737b04d56b0a4a52fc315bb75833d824578d","ENGINE_OR_OTHER"
"00_P45_STATE\state-history\20260810_132238_BOOTSTRAP\P45_CURRENT_STATE.json",".json","3721","7b0d0074c944bda2224f040544d455efd6f2474ea2837a7a16204aff48a8d8be","ENGINE_OR_OTHER"
"00_P45_STATE\state-history\20260810_132238_BOOTSTRAP\P45_CURRENT_STATE.md",".md","5356","09eff88105c21cb04116fec477915fc53a70fa0d295a665d837dd11f168daf36","ENGINE_OR_OTHER"
"00_P45_STATE\state-history\20260810_132238_BOOTSTRAP\state-manifest.json",".json","1032","694ce433c6b44767668fd64fba05e0ed7bb47255943121ca8e02a93f999d3983","ENGINE_OR_OTHER"
"00_P45_STATE\state-history\20260810_132258_DECISION-20260810-012\P45_CURRENT_STATE.json",".json","4531","add294576d1c985167db349b4e099b2577daf4ff69c684c4bb66e9398567c810","ENGINE_OR_OTHER"
"00_P45_STATE\state-history\20260810_132258_DECISION-20260810-012\P45_CURRENT_STATE.md",".md","3982","32f8b4a0e4ab359b7432bfa2a3f780f87dec030c414fdf2891707650b0804c16","ENGINE_OR_OTHER"
"00_P45_STATE\state-history\20260810_132258_DECISION-20260810-012\state-manifest.json",".json","1074","3a0f4fb675c181e688d64fd737348d7308ea7146e73da14c75e78042619bf28f","ENGINE_OR_OTHER"
"00_P45_STATE\state-history\20260810_133500_DECISION-20260810-013\P45_CURRENT_STATE.json",".json","4950","b04465a22091207e271dc2789677f4750430bb4cca828f0edae6ffcd570f0bba","ENGINE_OR_OTHER"
"00_P45_STATE\state-history\20260810_133500_DECISION-20260810-013\P45_CURRENT_STATE.md",".md","3982","a19aeacbb13f6b6a895cc06a5157b593bd3496de3040be747341138b92fd6cb1","ENGINE_OR_OTHER"
"00_P45_STATE\state-history\20260810_133500_DECISION-20260810-013\state-manifest.json",".json","1074","0c675b0e6edc539f3f63ff84ab85504ed566e336611104e6fc8e544c38acb737","ENGINE_OR_OTHER"
"00_P45_STATE\state-history\20260810_140455_DECISION-20260810-014\P45_CURRENT_STATE.json",".json","5302","47f845f3e47fd895e527144c17791a026e1b7ee12802b8e8e014fee95d39a64c","ENGINE_OR_OTHER"
"00_P45_STATE\state-history\20260810_140455_DECISION-20260810-014\P45_CURRENT_STATE.md",".md","3982","dc10568dbaf165308c87765ce1a6168cffaaab2bd5f8aeb33debc5cff9fb11ae","ENGINE_OR_OTHER"
"00_P45_STATE\state-history\20260810_140455_DECISION-20260810-014\state-manifest.json",".json","1074","fb0e9c8cc75daf3b7ecd23b74155dc2c6afca96ccb2500752a6370a02e52193d","ENGINE_OR_OTHER"
"00_P45_STATE\state-history\20260810_140527_DECISION-20260810-014\P45_CURRENT_STATE.json",".json","5302","7ccd0a8d963e59f58d3511cf18325bae797018c5a257add1be8db5567d433183","ENGINE_OR_OTHER"
"00_P45_STATE\state-history\20260810_140527_DECISION-20260810-014\P45_CURRENT_STATE.md",".md","3982","98103b728400332e597bb13adcb892f0f3b59c75a3ba764dc139920507397e13","ENGINE_OR_OTHER"
"00_P45_STATE\state-history\20260810_140527_DECISION-20260810-014\state-manifest.json",".json","1074","c9d5ea616458c817e97308f371861dc0b52cb505c20834c759c203c7965290fd","ENGINE_OR_OTHER"
"00_P45_STATE\state-history\20260810_140605_HANDOFF_TEST\handoff-test-report.json",".json","7782","3a367819aa5b656bcbfaf0095e53f0a1b49deb20b0d4e3d05e759ad72a0d7018","ENGINE_OR_OTHER"
"00_P45_STATE\state-history\20260810_140605_HANDOFF_TEST\handoff-test-report.md",".md","285","aae4e16a2cd73e25eb383811a2fc92a697bcd378e2f6d7ee38e6b450286421b8","ENGINE_OR_OTHER"
"00_P45_STATE\state-history\20260810_142348_PORTABLE_CONFLICT_001\conflict-report.json",".json","814","f91394291ef0850ca47c7e2fb2ab9b1f4b8a4c503bdd61076cb182262fabe1c5","ENGINE_OR_OTHER"
"00_P45_STATE\state-history\20260810_142348_PORTABLE_CONFLICT_001\P45_CURRENT_STATE.json",".json","5302","7ccd0a8d963e59f58d3511cf18325bae797018c5a257add1be8db5567d433183","ENGINE_OR_OTHER"
"00_P45_STATE\state-history\20260810_142348_PORTABLE_CONFLICT_001\P45_CURRENT_STATE.md",".md","3982","98103b728400332e597bb13adcb892f0f3b59c75a3ba764dc139920507397e13","ENGINE_OR_OTHER"
"00_P45_STATE\state-history\20260810_142649_DECISION-20260810-015\P45_CURRENT_STATE.json",".json","5380","367346c1f8749792c9914b4184fd25c3d404de8f23f4af4ed3f7938aa79d9199","ENGINE_OR_OTHER"
"00_P45_STATE\state-history\20260810_142649_DECISION-20260810-015\P45_CURRENT_STATE.md",".md","3984","143e81b4d9e74b89d57cb51011e9628a520d474a9f928c6eafe3fe36355d996c","ENGINE_OR_OTHER"
"00_P45_STATE\state-history\20260810_142649_DECISION-20260810-015\state-manifest.json",".json","1074","91792f987ba219b888fb46cbeb78aa4ffa1614baa8edb01b8e2f8f5911998787","ENGINE_OR_OTHER"
"00_P45_STATE\state-history\20260810_143049_HANDOFF_TEST\handoff-test-report.json",".json","7782","6a760e8b8d02793028831c0958dd69b2635ebaed9ea0f17cc5b8752699d6a80c","ENGINE_OR_OTHER"
"00_P45_STATE\state-history\20260810_143049_HANDOFF_TEST\handoff-test-report.md",".md","285","aae4e16a2cd73e25eb383811a2fc92a697bcd378e2f6d7ee38e6b450286421b8","ENGINE_OR_OTHER"
"00_P45_STATE\state-history\20260810_143741_DECISION-20260810-016\P45_CURRENT_STATE.json",".json","5556","4a952764fbb422dc72db10f55304fb42ca1850b3b26c8a4c0cc53a37fe8947e0","ENGINE_OR_OTHER"
"00_P45_STATE\state-history\20260810_143741_DECISION-20260810-016\P45_CURRENT_STATE.md",".md","3984","317c2a577aa39326952a25a87da86faf665000cb7e6be8a92d28c0068a2312ad","ENGINE_OR_OTHER"
"00_P45_STATE\state-history\20260810_143741_DECISION-20260810-016\state-manifest.json",".json","1074","b6782f618671adb793e978100fd411d6f3964f28d3a6d8bc7495c82e6c1732a5","ENGINE_OR_OTHER"
"00_P45_STATE\state-history\20260810_144250_DECISION-20260810-017\P45_CURRENT_STATE.json",".json","5731","6572d9d0e15dbf65ae94ce2b2915a064dd40b6eda9e3c1c9b62cf2726e7f77f9","ENGINE_OR_OTHER"
"00_P45_STATE\state-history\20260810_144250_DECISION-20260810-017\P45_CURRENT_STATE.md",".md","4048","d9620c9bbdd361eb17ac7e89df719cf0f3064c7de969d35e5fc77667c7a35c73","ENGINE_OR_OTHER"
"00_P45_STATE\state-history\20260810_144250_DECISION-20260810-017\state-manifest.json",".json","1074","342b46bb6072ae8170a5002b0e473ea393e0e8db8c6d265435bf0bf39f372b6b","ENGINE_OR_OTHER"
"00_P45_STATE\state-history\20260810_145631_DECISION-20260810-018\P45_CURRENT_STATE.json",".json","5966","e2c75d92e12eb192a0b5326fa377df355b67fc40325dd1d754680fa879cc3e41","ENGINE_OR_OTHER"
"00_P45_STATE\state-history\20260810_145631_DECISION-20260810-018\P45_CURRENT_STATE.md",".md","4052","a5157836746b13c0a473fba068cfebacced19691b818444115ede21132e93bf9","ENGINE_OR_OTHER"
"00_P45_STATE\state-history\20260810_145631_DECISION-20260810-018\state-manifest.json",".json","1074","9d5c1c2bc35022f5d32f5be8ce82be86ce94e37a5eaadf67048e94c3152086b1","ENGINE_OR_OTHER"
"00_P45_STATE\state-history\20260810_151312_DECISION-20260810-019\P45_CURRENT_STATE.json",".json","6418","f06a43718d88983085973279299e5344c925383e8b90a6550c34913cd49ad77f","ENGINE_OR_OTHER"
"00_P45_STATE\state-history\20260810_151312_DECISION-20260810-019\P45_CURRENT_STATE.md",".md","4149","0b40400bddcd6df49db3d8316d94c10ca25ce2449c0056009eabec1f1d4e0181","ENGINE_OR_OTHER"
"00_P45_STATE\state-history\20260810_151312_DECISION-20260810-019\state-manifest.json",".json","1074","2028ca6ccc761a9f45ab3d03044e6b03cc3871a4e6c3e3251a748b01d0fd3356","ENGINE_OR_OTHER"
"00_P45_STATE\state-history\20260810_154224_DECISION-20260810-020\P45_CURRENT_STATE.json",".json","6661","12a2923c9b30fc9e29e9c38ea2f72da6018eaa314e5fdab4b1afa0e78b05c581","ENGINE_OR_OTHER"
"00_P45_STATE\state-history\20260810_154224_DECISION-20260810-020\P45_CURRENT_STATE.md",".md","4183","8a5d313a76df632e1c7e95e20b3a9fee0a515607bb155578caa0ea29bfd8431f","ENGINE_OR_OTHER"
"00_P45_STATE\state-history\20260810_154224_DECISION-20260810-020\state-manifest.json",".json","1075","d0af9a4acb7afa77b7312fd8038634f2609c4984e3d0aa19ed5524d7b1b6f161","ENGINE_OR_OTHER"
"00_P45_STATE\state-history\20260810_155041_DECISION-20260810-021\P45_CURRENT_STATE.json",".json","6732","ccb3d814ae6c1fb03e669c00cb92f5cf644a453d356c8cc6d8338a2dd0ea2fd5","ENGINE_OR_OTHER"
"00_P45_STATE\state-history\20260810_155041_DECISION-20260810-021\P45_CURRENT_STATE.md",".md","4165","0c4dc15b804cfcce42a88463aa7428c052a6846407dae2ca852e87118c5fec29","ENGINE_OR_OTHER"
"00_P45_STATE\state-history\20260810_155041_DECISION-20260810-021\state-manifest.json",".json","1075","f787280a27b558890e7a815c9a3be43159c2ba0b1d96d4bd36a9444befc4c040","ENGINE_OR_OTHER"
"00_P45_STATE\state-history\20260810_160406_DECISION-20260810-022\P45_CURRENT_STATE.json",".json","7170","a4afda42afbede8872b3a7491f5e8ab236e4c42d859b37b59374c929e2bc7137","ENGINE_OR_OTHER"
"00_P45_STATE\state-history\20260810_160406_DECISION-20260810-022\P45_CURRENT_STATE.md",".md","4157","742c6ec42a94fa36a2fec9baa1e91545943e07155b11929832924c69ced27ea4","ENGINE_OR_OTHER"
"00_P45_STATE\state-history\20260810_160406_DECISION-20260810-022\state-manifest.json",".json","1075","b03113252e7057ccf7c4c32737acfdd440dc876947fe407d8ca43d2ad825325f","ENGINE_OR_OTHER"
"00_P45_STATE\state-history\20260810_160927_DECISION-20260810-023\P45_CURRENT_STATE.json",".json","7606","0db2e667ca9409eb7530fcf0415b041445700b0f49167448ec4835595ed457e2","ENGINE_OR_OTHER"
"00_P45_STATE\state-history\20260810_160927_DECISION-20260810-023\P45_CURRENT_STATE.md",".md","4270","ffbe721264184c485d42841c8705f345b6f32fcbca119c1395f1cb77f3ba2991","ENGINE_OR_OTHER"
"00_P45_STATE\state-history\20260810_160927_DECISION-20260810-023\state-manifest.json",".json","1075","6c7be74d97484bef96a8da1f8059f342d8861d687b0340efbf7973eeb7986b66","ENGINE_OR_OTHER"
"00_P45_STATE\state-history\20260810_161617_DECISION-20260810-024\P45_CURRENT_STATE.json",".json","7916","29877f5033c9f73cfcfc96e1af2dd32da6d17854092755bc7e485e9c0b1dd098","ENGINE_OR_OTHER"
"00_P45_STATE\state-history\20260810_161617_DECISION-20260810-024\P45_CURRENT_STATE.md",".md","4179","7fa3ff16e4138354f22066f0d7ca426f1723ad67c4b58720b8464ff624d7cec8","ENGINE_OR_OTHER"
"00_P45_STATE\state-history\20260810_161617_DECISION-20260810-024\state-manifest.json",".json","1075","ad4adbd2fa6ce54bd1918cd31ce77e59e12433d25ebbe6e82e74c9d57459c1b3","ENGINE_OR_OTHER"
"00_P45_STATE\state-history\20260810_162152_DECISION-20260810-025\P45_CURRENT_STATE.json",".json","8430","276ad2dff2da7a8b9242afc18c37fe8c0babac169012b4871eaa9ee8637ed84d","ENGINE_OR_OTHER"
"00_P45_STATE\state-history\20260810_162152_DECISION-20260810-025\P45_CURRENT_STATE.md",".md","4359","93f7ab29a570c6b7c466fb7b7a93469f8f22926d04b41178fd0431c406533183","ENGINE_OR_OTHER"
"00_P45_STATE\state-history\20260810_162152_DECISION-20260810-025\state-manifest.json",".json","1075","f2fd600538f51a730fc107483ef757156fdfd9ecf3232f4793d85aee4ef6e1e8","ENGINE_OR_OTHER"
"00_P45_STATE\state-history\20260810_162912_DECISION-20260810-026\P45_CURRENT_STATE.json",".json","8847","740274af3e885fb078d59798324e34dea337e486df900b728e1f87421110fd53","ENGINE_OR_OTHER"
"00_P45_STATE\state-history\20260810_162912_DECISION-20260810-026\P45_CURRENT_STATE.md",".md","4424","5e34dfbdaf4a3e6431b66dc3ec20409b4c14c4782a1fce42aa4dea2e3bfdb6c4","ENGINE_OR_OTHER"
"00_P45_STATE\state-history\20260810_162912_DECISION-20260810-026\state-manifest.json",".json","1075","330c18c6ba1078d52ae7b00d1aaa474eedd42f335bcf513f024b7128a4800012","ENGINE_OR_OTHER"
"00_P45_STATE\state-history\20260810_165838_DECISION-20260810-027\P45_CURRENT_STATE.json",".json","8969","03aad164f721ede8ec74a8d314326a195bbb066a021663ab95aefae0dc95729e","ENGINE_OR_OTHER"
"00_P45_STATE\state-history\20260810_165838_DECISION-20260810-027\P45_CURRENT_STATE.md",".md","4334","2cd3b9ef79ff86c31a02d8465f98bdc28ba4e5c3bb7758b4ead25b25531e18e0","ENGINE_OR_OTHER"
"00_P45_STATE\state-history\20260810_165838_DECISION-20260810-027\state-manifest.json",".json","1075","b256a6183835d6e45eaee1d7d39b7a309e00c0a12d1a64e7ec50db088a26a3a2","ENGINE_OR_OTHER"
"00_P45_STATE\state-history\20260810_171000_DECISION-20260810-028\P45_CURRENT_STATE.json",".json","9229","9d282e7e11201945d7abeb6bf61b1a06fc549076e7dec0d102ffe8aba94e3d1c","ENGINE_OR_OTHER"
"00_P45_STATE\state-history\20260810_171000_DECISION-20260810-028\P45_CURRENT_STATE.md",".md","4302","ec5879a9bf0ac9f113455683942d9d89d767f03aa37c2ad73441f868b2054c48","ENGINE_OR_OTHER"
"00_P45_STATE\state-history\20260810_171000_DECISION-20260810-028\state-manifest.json",".json","1075","90d32c352feffce0d6f0b21772d0131b2b0b8660ad20575627c393f6f02f790a","ENGINE_OR_OTHER"
"00_P45_STATE\state-history\20260810_171934_DECISION-20260810-029\P45_CURRENT_STATE.json",".json","9475","18677fd9b3c3350b352a8113c4db733da8b0623fddaac31fc44c7b031d7d00c4","ENGINE_OR_OTHER"
"00_P45_STATE\state-history\20260810_171934_DECISION-20260810-029\P45_CURRENT_STATE.md",".md","4346","29bd3fa89febb5d9e38e85f62a66338bd647b7565cf822264bcb84f5516fe75d","ENGINE_OR_OTHER"
"00_P45_STATE\state-history\20260810_171934_DECISION-20260810-029\state-manifest.json",".json","1075","bdb12e090dab509431d2bbe1fb7554cd17944b4630e76860881473f525a0951b","ENGINE_OR_OTHER"
"00_P45_STATE\state-history\20260810_173427_DECISION-20260810-030\P45_CURRENT_STATE.json",".json","9738","ce45901e8ed2b98bfd3bf09231ae900bbf72ac51e75ee59b0dd91ae6418db3a9","ENGINE_OR_OTHER"
"00_P45_STATE\state-history\20260810_173427_DECISION-20260810-030\P45_CURRENT_STATE.md",".md","4302","296223bd4b45272064bad90424ca95d26f9349c7f08dbe9814db7baff0c92f80","ENGINE_OR_OTHER"
"00_P45_STATE\state-history\20260810_173427_DECISION-20260810-030\state-manifest.json",".json","1075","a7f4268afab79de244afe52891bf99a38a1e461357e67c7277462abbb1c0f5c7","ENGINE_OR_OTHER"
"00_P45_STATE\state-history\20260810_173835_DECISION-20260810-031\P45_CURRENT_STATE.json",".json","10084","a79f2a644b51843a58d6efd92a4243cb42726bc74e4282123286772982d6a83c","ENGINE_OR_OTHER"
"00_P45_STATE\state-history\20260810_173835_DECISION-20260810-031\P45_CURRENT_STATE.md",".md","4333","ac6c75e320ab80df141a588064814e0eb7514441583471fd91bfc3072b2c9592","ENGINE_OR_OTHER"
"00_P45_STATE\state-history\20260810_173835_DECISION-20260810-031\state-manifest.json",".json","1075","15d0c18e81827786b60b699605cef9b5f46888fdb0f83d93cc055f2d54c22efe","ENGINE_OR_OTHER"
"00_P45_STATE\state-history\20260810_214929_DECISION-20260810-032\P45_CURRENT_STATE.json",".json","10989","22597c02a2f6962445de80a9535676faa51b3402181f70279dbac0490557aee3","ENGINE_OR_OTHER"
"00_P45_STATE\state-history\20260810_214929_DECISION-20260810-032\P45_CURRENT_STATE.md",".md","4430","f79f3fda45af35b20eef8bb43d0f6deda443acab9f4c150c317479e30a57a2e4","ENGINE_OR_OTHER"
"00_P45_STATE\state-history\20260810_214929_DECISION-20260810-032\state-manifest.json",".json","1075","abf0dc7d40ff785e3141df592a10e020c39c3a7331563d79061bfc6aa0f9ba1d","ENGINE_OR_OTHER"
"00_P45_STATE\state-history\20260811_115529_DECISION-20260811-033\P45_CURRENT_STATE.json",".json","11619","562bfa810157b93172e132f0c52f2763691a10f364fd5f974e5c102807a4e8d5","ENGINE_OR_OTHER"
"00_P45_STATE\state-history\20260811_115529_DECISION-20260811-033\P45_CURRENT_STATE.md",".md","4541","435c0e698d3f53f86a07d19551f2ab8fdc674b31be218a33305e8faba396b261","ENGINE_OR_OTHER"
"00_P45_STATE\state-history\20260811_115529_DECISION-20260811-033\state-manifest.json",".json","1075","592a3fe5ec9b1821b507301be26774ff8a95a8e14cc336388b34091c451c7d81","ENGINE_OR_OTHER"
"00_P45_STATE\state-history\20260811_121053_DECISION-20260811-034\P45_CURRENT_STATE.json",".json","12081","0fe7103ede00756bef490a8605d8de73fd61c810438dcb4dcc7fe97c32ce41af","ENGINE_OR_OTHER"
"00_P45_STATE\state-history\20260811_121053_DECISION-20260811-034\P45_CURRENT_STATE.md",".md","4555","3f7bbe33f0b7a62d7a0b3667036506c72db075fc134d930586cb576e365d62c4","ENGINE_OR_OTHER"
"00_P45_STATE\state-history\20260811_121053_DECISION-20260811-034\state-manifest.json",".json","1075","1e7db25a200a449202f42a20ea7e54d3109822d40c071c0268adfa04073ed4a9","ENGINE_OR_OTHER"
"00_P45_STATE\state-history\20260811_121652_DECISION-20260811-035\P45_CURRENT_STATE.json",".json","12848","d30da6e0d61e3b2cb1271dadbd8906eaf3d0e853f4b8cf4ea650f63a78a842d4","ENGINE_OR_OTHER"
"00_P45_STATE\state-history\20260811_121652_DECISION-20260811-035\P45_CURRENT_STATE.md",".md","4488","b94df869de0fb0a8b3e6ca3e7daaf202aac571d63e50bf6bea27d5dab1d8d9b9","ENGINE_OR_OTHER"
"00_P45_STATE\state-history\20260811_121652_DECISION-20260811-035\state-manifest.json",".json","1075","a7fc03816c30fb3e9a7621c9c19d08c3a02cc32038cf73a0b785d6541cbd84d8","ENGINE_OR_OTHER"
"00_P45_STATE\state-history\20260811_122112_DECISION-20260811-036\P45_CURRENT_STATE.json",".json","13328","8e04e8b730798592ddac0895a849085282aafccf32284574580c7c19d399cdd3","ENGINE_OR_OTHER"
"00_P45_STATE\state-history\20260811_122112_DECISION-20260811-036\P45_CURRENT_STATE.md",".md","4527","09dc708f0da0ae416c6c7a770103c6efcb30271c845862dad860209ce6b293c9","ENGINE_OR_OTHER"
"00_P45_STATE\state-history\20260811_122112_DECISION-20260811-036\state-manifest.json",".json","1075","d16eefc9a03cc6dd4a10f9d28eb386eb79f368df9e38d676222ebc5fba1087e8","ENGINE_OR_OTHER"
"00_P45_STATE\state-history\20260811_123031_DECISION-20260811-037\P45_CURRENT_STATE.json",".json","13457","d088d193c0e948a9ec8914c424609b8b61e104acd31dd500564ea21dbc7510c6","ENGINE_OR_OTHER"
"00_P45_STATE\state-history\20260811_123031_DECISION-20260811-037\P45_CURRENT_STATE.md",".md","4554","3058a19e0338261e9fbeb366dbe4493aac7747a77e3d01b8a79c5d1cea7c6a37","ENGINE_OR_OTHER"
"00_P45_STATE\state-history\20260811_123031_DECISION-20260811-037\state-manifest.json",".json","1075","cb2e371d4897b1434b977b42cb3b1fcb4b8a68305f1bba9cbbee5349b2a34b33","ENGINE_OR_OTHER"
"00_P45_STATE\state-history\20260811_123411_DECISION-20260811-038\P45_CURRENT_STATE.json",".json","13738","d681a2d1762d384545b13de523ab54a894a606a76151f04876a27c891de88648","ENGINE_OR_OTHER"
"00_P45_STATE\state-history\20260811_123411_DECISION-20260811-038\P45_CURRENT_STATE.md",".md","4575","a8f2025395eac7c38858b27fb75ac028356d504f53ccb8e65da69bc27cdd87aa","ENGINE_OR_OTHER"
"00_P45_STATE\state-history\20260811_123411_DECISION-20260811-038\state-manifest.json",".json","1075","cbaaf4250d9a6fa890bb0f502b6873ddbbd7adaa38e010e80be5c74d9a411635","ENGINE_OR_OTHER"
"00_P45_STATE\state-history\20260811_123948_DECISION-20260811-039\P45_CURRENT_STATE.json",".json","14033","881ec62f7e33689f9c0442da5014f39349fe03fd8a53629dfd3cbcd45a5fb50c","ENGINE_OR_OTHER"
"00_P45_STATE\state-history\20260811_123948_DECISION-20260811-039\P45_CURRENT_STATE.md",".md","4560","0be108ec8d77c5982ee7cc788c1d4ec14c514ec0c70a2918f873310df71b47f1","ENGINE_OR_OTHER"
"00_P45_STATE\state-history\20260811_123948_DECISION-20260811-039\state-manifest.json",".json","1075","5a97c65aab5deb17a94bdbbe706e6ee1ca04ffd5460be5d3e756402f6e1d2861","ENGINE_OR_OTHER"
"00_P45_STATE\state-history\20260811_124427_DECISION-20260811-040\P45_CURRENT_STATE.json",".json","14359","eea864173997f6574f79bfb533e8f12887a3ebf3c242f69bf66e35acae9a0b10","ENGINE_OR_OTHER"
"00_P45_STATE\state-history\20260811_124427_DECISION-20260811-040\P45_CURRENT_STATE.md",".md","4595","21b4d837649873d57ad1a100f490d6a57c517902734342abdc51ac109290c483","ENGINE_OR_OTHER"
"00_P45_STATE\state-history\20260811_124427_DECISION-20260811-040\state-manifest.json",".json","1075","a912e4687ecf617da247abf996bb1949b55e42996130e9afa5c19f32e42b6be5","ENGINE_OR_OTHER"
"00_P45_STATE\state-history\20260811_125403_DECISION-20260811-041\P45_CURRENT_STATE.json",".json","15035","06112dd242c32890675534bed5020cbb6010d65ced2553c562b476eac27a2071","ENGINE_OR_OTHER"
"00_P45_STATE\state-history\20260811_125403_DECISION-20260811-041\P45_CURRENT_STATE.md",".md","4570","01659aaceb2b6c611cdc01244143d5f7569ea9cabd1eebc1656ffe4475678dae","ENGINE_OR_OTHER"
"00_P45_STATE\state-history\20260811_125403_DECISION-20260811-041\state-manifest.json",".json","1075","f331361236da9c068b3f75e211fdbbbe483b294f449d11e9d7a9f066cea6cc31","ENGINE_OR_OTHER"
"00_P45_STATE\state-history\20260811_125528_1.0.32\P45_CURRENT_STATE.json",".json","15273","ca127191c94d87f098874a036b9af5726d5f061814ab9d7d1d15041ba4c017f4","ENGINE_OR_OTHER"
"00_P45_STATE\state-history\20260811_125528_1.0.32\P45_CURRENT_STATE.md",".md","4748","1718dc193c3141d9d1cc6b2a2c2f13173727efe52add2a816cc2f042ec99a4dc","ENGINE_OR_OTHER"
"00_P45_STATE\state-history\20260811_125528_1.0.32\state-manifest.json",".json","1060","cba54d1252eb4bb38b90728bed4da9b18ce6a388f888864d541eded91d285efd","ENGINE_OR_OTHER"
"00_P45_STATE\state-history\20260811_130216_DECISION-20260811-042\P45_CURRENT_STATE.json",".json","15593","02fbf928ccd7dcc9d272e4fe8e04794f2b7fbf7ea2311e0b1a2707b796a03c73","ENGINE_OR_OTHER"
"00_P45_STATE\state-history\20260811_130216_DECISION-20260811-042\P45_CURRENT_STATE.md",".md","4740","136f2f388a5461fdbe942953f78451bf4e7967e6a2b7d8c99dfd440f93f1e73e","ENGINE_OR_OTHER"
"00_P45_STATE\state-history\20260811_130216_DECISION-20260811-042\state-manifest.json",".json","1075","4d01666ddefcbf17c692660646f1ba5b9be71797423da108ff96f05c013c353e","ENGINE_OR_OTHER"
"00_P45_STATE\state-history\20260811_131019_DECISION-20260811-043\P45_CURRENT_STATE.json",".json","16506","eb0f163ffb70d1c2a0108990cdfbe5e61937a8803b6598f42957616816ecd3e1","ENGINE_OR_OTHER"
"00_P45_STATE\state-history\20260811_131019_DECISION-20260811-043\P45_CURRENT_STATE.md",".md","4907","16cb7e735ce743a1833a845a170a8ae4c9699fb4f51b95d1a3485ae287c0899c","ENGINE_OR_OTHER"
"00_P45_STATE\state-history\20260811_131019_DECISION-20260811-043\state-manifest.json",".json","1075","288e6a01eadfb5f8b823327167574da4270cf1edd9ef8226b073321ce50c8382","ENGINE_OR_OTHER"
"00_P45_STATE\state-history\20260811_131612_DECISION-20260811-044\P45_CURRENT_STATE.json",".json","17170","062066607835eb1fb75b00186c0ee20bd3ce48056219c708ba98c8d0795feef2","ENGINE_OR_OTHER"
"00_P45_STATE\state-history\20260811_131612_DECISION-20260811-044\P45_CURRENT_STATE.md",".md","5066","6871cba7a33c765cc3f7368af796da95276ddbaf330217c5ec93be0200e780a4","ENGINE_OR_OTHER"
"00_P45_STATE\state-history\20260811_131612_DECISION-20260811-044\state-manifest.json",".json","1075","3654ac4c9aca5f2889cc5e0a5eda9a483a800010523c95def21ba9886027e331","ENGINE_OR_OTHER"
"00_P45_STATE\state-history\20260811_133803_DECISION-20260811-045\P45_CURRENT_STATE.json",".json","17789","08fac191572af6661a7d637931961c4c4619de4b77663f2f409d14e316a10706","ENGINE_OR_OTHER"
"00_P45_STATE\state-history\20260811_133803_DECISION-20260811-045\P45_CURRENT_STATE.md",".md","5034","f24c2c4bd0dc4b3b47cda6b8dc0b44328b4b7609cb5a4be620969834831c84fa","ENGINE_OR_OTHER"
"00_P45_STATE\state-history\20260811_133803_DECISION-20260811-045\state-manifest.json",".json","1075","880eed951faaf0de95de929ed68fc788a896832d55687a8f7913c085cbd6e914","ENGINE_OR_OTHER"
"00_P45_STATE\state-history\20260811_134208_DECISION-20260811-046\P45_CURRENT_STATE.json",".json","18110","7235becfce978e9a0e11a4fa098b071f6cb33096345dcd7d1d1dc02d858a4f12","ENGINE_OR_OTHER"
"00_P45_STATE\state-history\20260811_134208_DECISION-20260811-046\P45_CURRENT_STATE.md",".md","5001","d24d30ffe86b5dbe2f9a14a04a0375d2de85582b4e372512fb806c09c6ba732d","ENGINE_OR_OTHER"
"00_P45_STATE\state-history\20260811_134208_DECISION-20260811-046\state-manifest.json",".json","1075","3baa2a623c565e471c9ab729e068594998711af43ae95d19785973063b47bcbb","ENGINE_OR_OTHER"
"00_P45_STATE\state-history\20260811_174735_DECISION-20260811-047\P45_CURRENT_STATE.json",".json","19051","310f002c8119edc8c2496cc381f2a12408a8bde9261c976230953137c9dfd402","ENGINE_OR_OTHER"
"00_P45_STATE\state-history\20260811_174735_DECISION-20260811-047\P45_CURRENT_STATE.md",".md","4984","e36b732e02e44fd9066baacfbdffffdc4f16fb3537cfe7c2caff8544ae035dfb","ENGINE_OR_OTHER"
"00_P45_STATE\state-history\20260811_174735_DECISION-20260811-047\state-manifest.json",".json","1075","878e7d78d96ad253c2f0fceb40665bb90f4026da4f9548e5c0749277763bf1d8","ENGINE_OR_OTHER"
"00_P45_STATE\state-history\20260811_181217_DECISION-20260811-048\P45_CURRENT_STATE.json",".json","19723","8b8523ce899da58fc751996c77daf27fbd73a68ec40a1f5231379227a1a9f70e","ENGINE_OR_OTHER"
"00_P45_STATE\state-history\20260811_181217_DECISION-20260811-048\P45_CURRENT_STATE.md",".md","4881","a0d757bbfaf65ac8271aa5cf7790f590da979ac9b2c3c9a715d4f9d4b5e7bde4","ENGINE_OR_OTHER"
"00_P45_STATE\state-history\20260811_181217_DECISION-20260811-048\state-manifest.json",".json","1079","583bcdb93de62d9b311f53a47659a03d8bf750d7abb0067a2dede94ffb51f2fc","ENGINE_OR_OTHER"
"00_P45_STATE\state-history\20260811_181916_DECISION-20260811-049\P45_CURRENT_STATE.json",".json","20674","8ee4be9eabdd65d0dab83e8d83c2142b2bfc74dce971552d9a320da9c931f55c","ENGINE_OR_OTHER"
"00_P45_STATE\state-history\20260811_181916_DECISION-20260811-049\P45_CURRENT_STATE.md",".md","5132","0b7dee363aa5fb59339a72cd9f7a3d6cc7d9c32846894a02a7d090b553465d2a","ENGINE_OR_OTHER"
"00_P45_STATE\state-history\20260811_181916_DECISION-20260811-049\state-manifest.json",".json","1094","efd31f827189273b618e4b359cbc762fca85bc94fcf8f501a0bd80b483829aa8","ENGINE_OR_OTHER"
"00_P45_STATE\state-history\20260811_183851_DECISION-20260811-050\P45_CURRENT_STATE.json",".json","21187","c07e94b9ce853a58f3659b2b35d691bb6f2a71eed851fda5c50af74024724feb","ENGINE_OR_OTHER"
"00_P45_STATE\state-history\20260811_183851_DECISION-20260811-050\P45_CURRENT_STATE.md",".md","5196","cb9b1fd66679b98fd45e3404fa3e2e232de28e09d4a382835600f7503371c40c","ENGINE_OR_OTHER"
"00_P45_STATE\state-history\20260811_183851_DECISION-20260811-050\state-manifest.json",".json","1080","90cd1ddc5a950bdb3686aec84d440dd9925b6e02ffc4c30745a434c3e2fb2f74","ENGINE_OR_OTHER"
"00_P45_STATE\state-history\20260811_184036_1.0.42\P45_CURRENT_STATE.json",".json","21187","b680a7a4b0c4817a1a928e986c7ccfd13fc305066d8beb3e490cd4dd7229707e","ENGINE_OR_OTHER"
"00_P45_STATE\state-history\20260811_184036_1.0.42\P45_CURRENT_STATE.md",".md","5196","7b792b5c3829f0408cfed11052852e7c01bdc527277cd36b0c476dcbaa917fe6","ENGINE_OR_OTHER"
"00_P45_STATE\state-history\20260811_184036_1.0.42\state-manifest.json",".json","1065","14e064bbbbda0cf0c3a1da0ed749a8708b795f1b7fcd61dd5a7c5aeebd8b358c","ENGINE_OR_OTHER"
"00_P45_STATE\state-history\20260812_103422_DECISION-20260812-051\P45_CURRENT_STATE.json",".json","21609","0258339ea850f08ba33f5db499ae456c60fa58eb999a5f1daec6d639c0a0f863","ENGINE_OR_OTHER"
"00_P45_STATE\state-history\20260812_103422_DECISION-20260812-051\P45_CURRENT_STATE.md",".md","5169","89259ab512e38b6015f94e9f06a158ed83361544188c4e5c5de654a08f682a02","ENGINE_OR_OTHER"
"00_P45_STATE\state-history\20260812_103422_DECISION-20260812-051\state-manifest.json",".json","1062","4840a11f4c15814fff2102337e35b303a71ec014c94bff4e2e9faad4cd3b97d8","ENGINE_OR_OTHER"
"00_P45_STATE\state-history\20260812_112855_DECISION-20260812-052\P45_CURRENT_STATE.json",".json","21688","897f4b8fbba9acafa0f333cfac6392e0d3b3fa167a1e6efe55d2f267679f9fb1","ENGINE_OR_OTHER"
"00_P45_STATE\state-history\20260812_112855_DECISION-20260812-052\P45_CURRENT_STATE.md",".md","5169","4ebe5ffc8e660deb024aa497c1171c2de900be582589017ebbf80594a18a8164","ENGINE_OR_OTHER"
"00_P45_STATE\state-history\20260812_112855_DECISION-20260812-052\state-manifest.json",".json","1062","1b65fee63873e2ad9d0f21849e5f0b5bb2f96661609f966a9eea7b1c30e92759","ENGINE_OR_OTHER"
"00_P45_STATE\state-history\20260812_115838_DECISION-20260812-053\P45_CURRENT_STATE.json",".json","21857","7cae46e633f9501082ea2b0f0f9ef0ded0188e2c19e13c715236ed193c124291","ENGINE_OR_OTHER"
"00_P45_STATE\state-history\20260812_115838_DECISION-20260812-053\P45_CURRENT_STATE.md",".md","5180","389307332e007a5b273a0bf861def148afa1d2bf7b71c8f1ea9d165f85787d3c","ENGINE_OR_OTHER"
"00_P45_STATE\state-history\20260812_115838_DECISION-20260812-053\state-manifest.json",".json","1073","a73dfb61979fa0c437e3a1f56efcafcf6fa500381f1d09a0f409ec3c361883f3","ENGINE_OR_OTHER"
"00_P45_STATE\state-history\20260812_120743_DECISION-20260812-054\P45_CURRENT_STATE.json",".json","22237","d2c1a3a576a18c42d6185fef863d8dcbb89ec935fde9269dc4effd34771a8704","ENGINE_OR_OTHER"
"00_P45_STATE\state-history\20260812_120743_DECISION-20260812-054\P45_CURRENT_STATE.md",".md","5253","e03fed88c33a84589f88ddb9e5fdf97a8fb6d7f000733d7732975813ec7cdd18","ENGINE_OR_OTHER"
"00_P45_STATE\state-history\20260812_120743_DECISION-20260812-054\state-manifest.json",".json","1071","e232deaf93ba44a8e025f9f369c003c3755f8ee5b3e8f1cf30a4e6fbbe7f84e2","ENGINE_OR_OTHER"
"00_P45_STATE\state-history\20260812_132822_DECISION-20260812-055\P45_CURRENT_STATE.json",".json","23136","48169598a62bfa6533ac7d8ca2eb4e0be9baeb65128e824155681f4dc28b7f59","ENGINE_OR_OTHER"
"00_P45_STATE\state-history\20260812_132822_DECISION-20260812-055\P45_CURRENT_STATE.md",".md","5345","78abd0f9f91710a9c8e5af58862fede473ecd43863218c0a0febc6ca560b583d","ENGINE_OR_OTHER"
"00_P45_STATE\state-history\20260812_132822_DECISION-20260812-055\state-manifest.json",".json","1086","93686001ca64ad83aa9ac6781ad90ebfac044c05ab1b6954abd46f3ed1f4ab32","ENGINE_OR_OTHER"
"00_P45_STATE\state-history\20260812_133934_DECISION-20260812-056\P45_CURRENT_STATE.json",".json","23785","943312c3e5b317d6a699869e623e287aa2c92105efd63d9681fdba39fff50f11","ENGINE_OR_OTHER"
"00_P45_STATE\state-history\20260812_133934_DECISION-20260812-056\P45_CURRENT_STATE.md",".md","5345","4f00bed793ed6959235b76cdae1c58284b19fd37d267ca065fee7908620acccf","ENGINE_OR_OTHER"
"00_P45_STATE\state-history\20260812_133934_DECISION-20260812-056\state-manifest.json",".json","1082","867b5d4df73fc45a6d42df6a5ac7317d61bf35b4895752ba03e44db4e35a8489","ENGINE_OR_OTHER"
"00_P45_STATE\state-history\20260812_134847_DECISION-20260812-057\P45_CURRENT_STATE.json",".json","23749","07648934e1e2500edc62a666f9b214904f159a5c92cb0a3ecfc21c61b3cfe9a0","ENGINE_OR_OTHER"
"00_P45_STATE\state-history\20260812_134847_DECISION-20260812-057\P45_CURRENT_STATE.md",".md","5276","fd3c7879727a7915f0017d32ffc8ff433358d8437efd9f95ea7a9386c93fc915","ENGINE_OR_OTHER"
"00_P45_STATE\state-history\20260812_134847_DECISION-20260812-057\state-manifest.json",".json","1079","e4adf4ba0993f4afc372f125eec9fcdeb86a0089b674a0e021a25a17b8032730","ENGINE_OR_OTHER"
"00_P45_STATE\state-history\20260812_140247_DECISION-20260812-058\P45_CURRENT_STATE.json",".json","23738","107bedf768f0843b495157d6cf7aec2e34ca4460b1e91bb651c6de6d789a20b8","ENGINE_OR_OTHER"
"00_P45_STATE\state-history\20260812_140247_DECISION-20260812-058\P45_CURRENT_STATE.md",".md","5260","03f846ab4b014827894b699a4efa1265eccdd63e61c437854c859381be9b0895","ENGINE_OR_OTHER"
"00_P45_STATE\state-history\20260812_140247_DECISION-20260812-058\state-manifest.json",".json","1076","e8d4ea3ecd99b5cd7dcfee791a314d3b83dc044ff353dca9ac93f81c482190e0","ENGINE_OR_OTHER"
"00_P45_STATE\state-history\20260812_151513_DECISION-20260812-059\P45_CURRENT_STATE.json",".json","23739","30bb42d764ab3bc5668d70b55c9957dd695c5b4c5a38708d129f846d826053d4","ENGINE_OR_OTHER"
"00_P45_STATE\state-history\20260812_151513_DECISION-20260812-059\P45_CURRENT_STATE.md",".md","5272","603df319cfb8565917890640725a84de7c71dd80b22bec6651f0be8d4623e69a","ENGINE_OR_OTHER"
"00_P45_STATE\state-history\20260812_151513_DECISION-20260812-059\state-manifest.json",".json","1066","6a4850aace6b34981870d8bae8fc72728b89baaf3225621b03a0d73b57d595db","ENGINE_OR_OTHER"
"00_P45_STATE\state-history\20260814_150700_DECISION-20260814-060\P45_CURRENT_STATE.json",".json","25100","41459a7a22f709f4a9409f1f6ece2abe1076d552119f39be489b53796756c876","ENGINE_OR_OTHER"
"00_P45_STATE\state-history\20260814_150700_DECISION-20260814-060\P45_CURRENT_STATE.md",".md","5103","d990afa1ad0943a9b25fa1b25d9c815b8f9330d108b31bc09f8e4ddca2d6f500","ENGINE_OR_OTHER"
"00_P45_STATE\state-history\20260814_150700_DECISION-20260814-060\state-manifest.json",".json","1089","765032e846c19fd72d06fa2fac00ebcef9d89b98df46dab6914e740daba48eb3","ENGINE_OR_OTHER"
"00_P45_STATE\state-history\20260816_132539_DECISION-20260816-061\P45_CURRENT_STATE.json",".json","25467","b9e4ac074169b6e467eb6765f5e173488eb0bc305c165a855a742a7c3f8f7da2","ENGINE_OR_OTHER"
"00_P45_STATE\state-history\20260816_132539_DECISION-20260816-061\P45_CURRENT_STATE.md",".md","5062","0a42c32bb67f70954d38ea501509ea4c63d583f1247d14288a6d454eee1308b7","ENGINE_OR_OTHER"
"00_P45_STATE\state-history\20260816_132539_DECISION-20260816-061\state-manifest.json",".json","1066","5bfb0d7a592fa090ee0e980926391aa007fce8455ba722f35a628f0746ba9833","ENGINE_OR_OTHER"
"00_P45_STATE\state-history\20260816_150310_DECISION-20260816-062\P45_CURRENT_STATE.json",".json","26455","988d5e51c3329cd1edec13a59c412da6829270cf70f455061aea5f38e18630fc","ENGINE_OR_OTHER"
"00_P45_STATE\state-history\20260816_150310_DECISION-20260816-062\P45_CURRENT_STATE.md",".md","5218","2e4b2007ede009a88f56f898550b2bdf80cb3e7aa8ab1711ea620c55007fea2c","ENGINE_OR_OTHER"
"00_P45_STATE\state-history\20260816_150310_DECISION-20260816-062\state-manifest.json",".json","1090","074e306bbb72e4c66ccec68d66f2337b264835d2784c059379cc288e8a3aa226","ENGINE_OR_OTHER"
"00_P45_STATE\state-history\20260816_150943_DECISION-20260816-063\P45_CURRENT_STATE.json",".json","27396","f0de5a28b67a060a0c383572b795e14f396dd43dcbe7443693f7bed96f2e6995","ENGINE_OR_OTHER"
"00_P45_STATE\state-history\20260816_150943_DECISION-20260816-063\P45_CURRENT_STATE.md",".md","5270","3434231462015c851a2c8a840b988b716d8adad6d24fa1751484419aefca2d7b","ENGINE_OR_OTHER"
"00_P45_STATE\state-history\20260816_150943_DECISION-20260816-063\state-manifest.json",".json","1085","8612d7a528b6d85600424a8ace56b64a0f4e33e619f3dae04e00b7e4b31ffe77","ENGINE_OR_OTHER"
"00_P45_STATE\state-history\20260816_151615_DECISION-20260816-064\P45_CURRENT_STATE.json",".json","28003","6ff07ed8c3af6852bdad881aefb6a32a74ccb48ccc1da69c74b3d15b34164e7f","ENGINE_OR_OTHER"
"00_P45_STATE\state-history\20260816_151615_DECISION-20260816-064\P45_CURRENT_STATE.md",".md","5270","a329901140ba14fede95f1df32a964e5e7c2751c9d656393487346292e82b9a3","ENGINE_OR_OTHER"
"00_P45_STATE\state-history\20260816_151615_DECISION-20260816-064\state-manifest.json",".json","1085","f35ee4398a76d31122f977d8ac33d34e036bf94607466b3bda31cf0604154b1c","ENGINE_OR_OTHER"
"00_P45_STATE\state-history\20260816_153255_DECISION-20260816-065\P45_CURRENT_STATE.json",".json","28685","ad8e4dfc02c65f5b5953be2ec4127089fdb174e946ed262197b469f457f572f4","ENGINE_OR_OTHER"
"00_P45_STATE\state-history\20260816_153255_DECISION-20260816-065\P45_CURRENT_STATE.md",".md","5270","a56d4ca5e2bb3210d97263ca9b9480d03d826f11011cf30a713763a2a13bf9d0","ENGINE_OR_OTHER"
"00_P45_STATE\state-history\20260816_153255_DECISION-20260816-065\state-manifest.json",".json","1085","a3d23cb7883ffc2b75c847d346cb51928e3f198aabaacd70702de6f82c959da8","ENGINE_OR_OTHER"
"00_P45_STATE\state-history\20260816_153849_DECISION-20260816-066\P45_CURRENT_STATE.json",".json","28995","7a23bfd3dec07e0ff0b775a85d36efd8b3359e351fe68966a128513e7a045254","ENGINE_OR_OTHER"
"00_P45_STATE\state-history\20260816_153849_DECISION-20260816-066\P45_CURRENT_STATE.md",".md","5270","393bd399f4f1bfb58bd84305b1cc28c1c55a50a29cb90e2365c9b97ebc15c3b3","ENGINE_OR_OTHER"
"00_P45_STATE\state-history\20260816_153849_DECISION-20260816-066\state-manifest.json",".json","1085","e1e211b7fcb84b26b64db6e5edbbaf80b86ad64c9e390dc4c329975a86b6a66d","ENGINE_OR_OTHER"
"00_P45_STATE\state-history\20260816_155423_DECISION-20260816-067\P45_CURRENT_STATE.json",".json","29791","11b4bcbb8e70ec2934e16262ea730d9c53813a1bf9c508db860c3b0013f687c4","ENGINE_OR_OTHER"
"00_P45_STATE\state-history\20260816_155423_DECISION-20260816-067\P45_CURRENT_STATE.md",".md","5200","3414d6bfe34d2f9c87b97cbed423720bc9261b158e7c1e49ccc2000a01db0c39","ENGINE_OR_OTHER"
"00_P45_STATE\state-history\20260816_155423_DECISION-20260816-067\state-manifest.json",".json","1083","ce6e3b38718b87acd19f9dca610250267036e4e0622185853f2fd99b2bbbecea","ENGINE_OR_OTHER"
"00_P45_STATE\state-history\20260816_163623_DECISION-20260816-068\P45_CURRENT_STATE.json",".json","30748","a3ee66e898e59a64f374e3b84c05ef56589f1bab23a8bd07724acfc865fd6a08","ENGINE_OR_OTHER"
"00_P45_STATE\state-history\20260816_163623_DECISION-20260816-068\P45_CURRENT_STATE.md",".md","5182","cdc5a2a96411eada7cacac7ecb25c7376ff18f556a30fc112dd870601bfdb9ff","ENGINE_OR_OTHER"
"00_P45_STATE\state-history\20260816_163623_DECISION-20260816-068\state-manifest.json",".json","1083","4529e5af8364af569b25ee5e71c0b55e6a3c5b8f4a92e503ad1b760968a90fa9","ENGINE_OR_OTHER"
"00_P45_STATE\state-history\20260816_173623_DECISION-20260816-069\P45_CURRENT_STATE.json",".json","32947","1014b55110b9d5ff3e1a3ed33edea8a8589d3307acf713588a880b2175b4d5c2","ENGINE_OR_OTHER"
"00_P45_STATE\state-history\20260816_173623_DECISION-20260816-069\P45_CURRENT_STATE.md",".md","5168","ffb412cee06900515039cd8dec9618af9d804159aa4430167e61764eeaf2635c","ENGINE_OR_OTHER"
"00_P45_STATE\state-history\20260816_173623_DECISION-20260816-069\state-manifest.json",".json","1083","1f7f5f51b5ae77d33a73093b2fc1f5486dace65716fb1db1f0bac1e6bcacd15f","ENGINE_OR_OTHER"
"00_P45_STATE\state-history\20260816_173759_1.0.62\P45_CURRENT_STATE.json",".json","32949","dd33a25c1dc21698d778e7839c6db838a049d67dffae0b4993e8677887d52381","ENGINE_OR_OTHER"
"00_P45_STATE\state-history\20260816_173759_1.0.62\P45_CURRENT_STATE.md",".md","5170","f538859fea5d13dd2e6feb89cac109d832d795a5b051f40faa063a9b7fa0422d","ENGINE_OR_OTHER"
"00_P45_STATE\state-history\20260816_173759_1.0.62\state-manifest.json",".json","1070","cb161fae29bbf0c2ba76964dc525d1677bad5b6812bf7c22b0e407dd1c24ddbe","ENGINE_OR_OTHER"
"00_P45_STATE\state-history\20260816_195158_DECISION-20260816-070\P45_CURRENT_STATE.json",".json","33608","6ec06ce5031609b58bd273082958127d46b5007794f72baaecc77bcbc828d6f3","ENGINE_OR_OTHER"
"00_P45_STATE\state-history\20260816_195158_DECISION-20260816-070\P45_CURRENT_STATE.md",".md","5215","6faa8ee526214d9af492ba273762c7e3e1da500b0e0f9dd5af050912778c9fd6","ENGINE_OR_OTHER"
"00_P45_STATE\state-history\20260816_195158_DECISION-20260816-070\state-manifest.json",".json","1087","8224d0214bc0d8041ce469a0d819c2113a22d7d0d25e22ea65b074daacd99b9e","ENGINE_OR_OTHER"
"00_P45_STATE\state-history\20260816_202304_DECISION-20260816-071\P45_CURRENT_STATE.json",".json","35006","30abcfbcd87fb8c4184eea05906bcd197fcc0f8632b7e691ebe98c49b8ef98a1","ENGINE_OR_OTHER"
"00_P45_STATE\state-history\20260816_202304_DECISION-20260816-071\P45_CURRENT_STATE.md",".md","5183","6234108a0ad967c3022b7f04b2cfe1f2dc00d407579f997aa826410c22374d62","ENGINE_OR_OTHER"
"00_P45_STATE\state-history\20260816_202304_DECISION-20260816-071\state-manifest.json",".json","1100","7fdff76975b8e5dd9c564768fce4c34cc317e00e3c1b2ab719b84db6f2120c8b","ENGINE_OR_OTHER"
"00_P45_STATE\state-history\20260816_203801_DECISION-20260816-072\P45_CURRENT_STATE.json",".json","36471","e22d13aae35ff2b5faf4e0859f575b314ba35f4412da06101e6e0ff803060ead","ENGINE_OR_OTHER"
"00_P45_STATE\state-history\20260816_203801_DECISION-20260816-072\P45_CURRENT_STATE.md",".md","5238","1f3b9e33a2b1a2830b30d31289bd1d307b88036e22c555f50c794c4486b70668","ENGINE_OR_OTHER"
"00_P45_STATE\state-history\20260816_203801_DECISION-20260816-072\state-manifest.json",".json","1109","1da075b41b6d3507e73f0b4272bd1d06f7a4994e549744c76f6cf6e9de089679","ENGINE_OR_OTHER"
"00_P45_STATE\state-history\20260816_205734_DECISION-20260816-073\P45_CURRENT_STATE.json",".json","38042","342158fdef8986f7438bcf94aba535efa3ebb427b514e0d9a50278e600c23a9d","ENGINE_OR_OTHER"
"00_P45_STATE\state-history\20260816_205734_DECISION-20260816-073\P45_CURRENT_STATE.md",".md","5169","6a56bbdc7f255b810c61b424a9e9d6955373471fcd26d82b1f7473a85e5c5388","ENGINE_OR_OTHER"
"00_P45_STATE\state-history\20260816_205734_DECISION-20260816-073\state-manifest.json",".json","1095","22cec9fd4ad0bd9c8395da32e2683550be5444e049b65527b3b8284e736d1504","ENGINE_OR_OTHER"
"00_P45_STATE\state-history\20260821_163328_DECISION-20260821-074\P45_CURRENT_STATE.json",".json","39908","5f573a9c6fca2b7eb4c95dae97027c43f9bd84bebfb3b538bcb63005fd073665","ENGINE_OR_OTHER"
"00_P45_STATE\state-history\20260821_163328_DECISION-20260821-074\P45_CURRENT_STATE.md",".md","5060","9830ab7b0cd2212a6c0341c03c61dca9e875b76774aa310d605773553dd77011","ENGINE_OR_OTHER"
"00_P45_STATE\state-history\20260821_163328_DECISION-20260821-074\state-manifest.json",".json","1098","334a0c20ec8991a2c0725d7a41846b53a2a1d1bec3fe3e03972eeefdd24ccfb3","ENGINE_OR_OTHER"
"00_P45_STATE\state-history\20260821_170430_DECISION-20260821-075\P45_CURRENT_STATE.json",".json","41135","7bf065d9b4a54bb65c64a67ed89617d0e2af39e4e259ef0b17e8ddb5bfcb9f22","ENGINE_OR_OTHER"
"00_P45_STATE\state-history\20260821_170430_DECISION-20260821-075\P45_CURRENT_STATE.md",".md","5302","6a5401dbc7a29d34c18468497e8726711f265dee98073cd04941c86fe9420587","ENGINE_OR_OTHER"
"00_P45_STATE\state-history\20260821_170430_DECISION-20260821-075\state-manifest.json",".json","1101","010dcf38e8118ff08826b11b8bf45f189dafd5262509dde039ed60d970aba83e","ENGINE_OR_OTHER"
"00_P45_STATE\state-history\20260821_172142_DECISION-20260821-076\P45_CURRENT_STATE.json",".json","42820","73d0c43873a9133e53a57b75f8d6a2bf0a070736e07f5394e4255bcdabff9288","ENGINE_OR_OTHER"
"00_P45_STATE\state-history\20260821_172142_DECISION-20260821-076\P45_CURRENT_STATE.md",".md","5349","a848b4e5d3d55c3468eac83412f1354229faf6624b93bbf917cfdf9e05a80bc4","ENGINE_OR_OTHER"
"00_P45_STATE\state-history\20260821_172142_DECISION-20260821-076\state-manifest.json",".json","1115","aa5e3a65cc7183f50e0bdabb72cf161fb4a386970783cf71590c400fb6467bcd","ENGINE_OR_OTHER"
"00_P45_STATE\state-history\20260821_180329_DECISION-20260821-077\P45_CURRENT_STATE.json",".json","44165","7786f4a72ef3b38e67dc9d7be56472ded3d45fc971142f213295a4389dae1398","ENGINE_OR_OTHER"
"00_P45_STATE\state-history\20260821_180329_DECISION-20260821-077\P45_CURRENT_STATE.md",".md","5356","9fcf7722de5629f404399c8668c4f5dda2197d52a15b077d79bbb033d3f423b6","ENGINE_OR_OTHER"
"00_P45_STATE\state-history\20260821_180329_DECISION-20260821-077\state-manifest.json",".json","1126","12b1c802d8389a04c177e8df2e0b803df713880ce9be38e8df6de5e23a134e4c","ENGINE_OR_OTHER"
"00_P45_STATE\state-history\20260821_183556_DECISION-20260821-078\P45_CURRENT_STATE.json",".json","45580","2dcb08b6d302db2cc0fec7698bae323aeae7ed104ed8fa9b90947ce46dbb841b","ENGINE_OR_OTHER"
"00_P45_STATE\state-history\20260821_183556_DECISION-20260821-078\P45_CURRENT_STATE.md",".md","5360","a939e1fc1d98441eeb1730117692ea378b55b0e2e573b77efe3a9a585edecbfc","ENGINE_OR_OTHER"
"00_P45_STATE\state-history\20260821_183556_DECISION-20260821-078\state-manifest.json",".json","1111","104bb5c2a094c1057995780614b9667c25cadd9302ac801d06b4a4539cf8593d","ENGINE_OR_OTHER"
"00_P45_STATE\state-history\20260821_203939_DECISION-20260821-079\P45_CURRENT_STATE.json",".json","47094","e6c62bafe58e7d95c6a78ed2830bafc52df0204ff9da8dd33e933a7f9e2d121a","ENGINE_OR_OTHER"
"00_P45_STATE\state-history\20260821_203939_DECISION-20260821-079\P45_CURRENT_STATE.md",".md","5383","cc4548710cb20c83f0ac277d6ce695d261b38f4e4e853873a9ee41fc41dc0acd","ENGINE_OR_OTHER"
"00_P45_STATE\state-history\20260821_203939_DECISION-20260821-079\state-manifest.json",".json","1113","4f9b9cb728d4003e1149f51ad07d61d9ef3bcdcee09956fcc864ca0975eaf47d","ENGINE_OR_OTHER"
"00_P45_STATE\state-history\20260823_181937_DECISION-20260823-080\P45_CURRENT_STATE.json",".json","48002","897ee426fa4deb1121533828a04f43195c4c10cce9447ebd3bab82f1b8a6a465","ENGINE_OR_OTHER"
"00_P45_STATE\state-history\20260823_181937_DECISION-20260823-080\P45_CURRENT_STATE.md",".md","5392","d3e1a1bfcd69a8d7493719333ef176ece58985ad4539efc447fb80b01fb88445","ENGINE_OR_OTHER"
"00_P45_STATE\state-history\20260823_181937_DECISION-20260823-080\state-manifest.json",".json","1123","2b67ce8d038ca22e3ff2b3e9e080d48d89a699321eee70b91c8da2a9e0e81ef3","ENGINE_OR_OTHER"
"00_P45_STATE\state-history\20260823_185412_DECISION-20260823-081\P45_CURRENT_STATE.json",".json","49465","ab720c02e84ea6fe6e9810832115dd9931560b72662501f9182cbf64adde09c0","ENGINE_OR_OTHER"
"00_P45_STATE\state-history\20260823_185412_DECISION-20260823-081\P45_CURRENT_STATE.md",".md","5383","506985673436c67a9d2173c6e7682d43d38daaeb282193cb522650f35816e3c2","ENGINE_OR_OTHER"
"00_P45_STATE\state-history\20260823_185412_DECISION-20260823-081\state-manifest.json",".json","1123","8e59376235928f6da2c835e47f385f02c8da21f1edb79f06c38fcf1cd94b64af","ENGINE_OR_OTHER"
"00_P45_STATE\state-history\20260823_191340_DECISION-20260823-082\P45_CURRENT_STATE.json",".json","51370","e9857a94417f925ad62d4d122f9bb5401bab894c827a387dc73e77a3fb7d9e3d","ENGINE_OR_OTHER"
"00_P45_STATE\state-history\20260823_191340_DECISION-20260823-082\P45_CURRENT_STATE.md",".md","5435","f8ce0015bbcd2cf4656db3e7252ba969f1b417553dd187a23b473e74e07d4ac5","ENGINE_OR_OTHER"
"00_P45_STATE\state-history\20260823_191340_DECISION-20260823-082\state-manifest.json",".json","1102","003e608724ef6c7affbe3a6f140c7dc955dbdbed6508976602a86878aa73e329","ENGINE_OR_OTHER"
"00_P45_STATE\state-history\20260823_192409_DECISION-20260823-083\P45_CURRENT_STATE.json",".json","51626","fabc99448127753bebc57ff865b6f121234c1ebe45928b1bfa62cd5a564f58e9","ENGINE_OR_OTHER"
"00_P45_STATE\state-history\20260823_192409_DECISION-20260823-083\P45_CURRENT_STATE.md",".md","5435","834d8b2e7333ef40c85a0110e3f9cf5066fb6e2042c6c4c7123d18258e4a2ee2","ENGINE_OR_OTHER"
"00_P45_STATE\state-history\20260823_192409_DECISION-20260823-083\state-manifest.json",".json","1102","2730d20651d7abb02eebf2a144f7831b619a6d48baf570efe7542f73a92bd14f","ENGINE_OR_OTHER"
"00_P45_STATE\state-history\20260823_200454_DECISION-20260823-084\P45_CURRENT_STATE.json",".json","54390","7a3239068c56fc93ed5a91e64e5ac9e4af3a7943733abd5e247457a156f224b2","ENGINE_OR_OTHER"
"00_P45_STATE\state-history\20260823_200454_DECISION-20260823-084\P45_CURRENT_STATE.md",".md","5476","2d81db0eea7adcb09bb440981fd2e522abe8f4ca60fad074d54ed7d9e2b65157","ENGINE_OR_OTHER"
"00_P45_STATE\state-history\20260823_200454_DECISION-20260823-084\state-manifest.json",".json","1123","2bfd1319184ca5c4f9632551067e92f142045be4575c53c1f921162bca0f2edc","ENGINE_OR_OTHER"
"00_P45_STATE\state-history\20260823_203309_DECISION-20260823-085\P45_CURRENT_STATE.json",".json","55918","b301ab382e931b5f0b991b6209481829a096d11ccc3ff4a696765851f9ca3cbc","ENGINE_OR_OTHER"
"00_P45_STATE\state-history\20260823_203309_DECISION-20260823-085\P45_CURRENT_STATE.md",".md","5566","4a9f3a1b6900c1fc5095a630045fe33182b8c36d098544f87eb7bc28a0f3d191","ENGINE_OR_OTHER"
"00_P45_STATE\state-history\20260823_203309_DECISION-20260823-085\state-manifest.json",".json","1150","4c36a997afb4f1b1747e0bcbca088f1ecff0bcf866e9f51946ce5c97a6debbee","ENGINE_OR_OTHER"
"00_P45_STATE\state-history\20260823_205801_DECISION-20260823-086\P45_CURRENT_STATE.json",".json","57936","dff8b1d8419a615eb5d31d507e808f88a9458c870fae3668c31db86e63334eb0","ENGINE_OR_OTHER"
"00_P45_STATE\state-history\20260823_205801_DECISION-20260823-086\P45_CURRENT_STATE.md",".md","5520","edd2da93a674fbc07f8efeacc9b5e6d3070ad007624247d483d458165e7936d9","ENGINE_OR_OTHER"
"00_P45_STATE\state-history\20260823_205801_DECISION-20260823-086\state-manifest.json",".json","1124","f45cb86ebb1f5c1b78fea9138610d8ffc9e9274aa2e8004d2ba3847830abf2a9","ENGINE_OR_OTHER"
"00_P45_STATE\state-history\20260823_211720_DECISION-20260823-087\P45_CURRENT_STATE.json",".json","59271","ea72f4d81177f3bbaa71e858ae8db08a01d39ce21a49daa04b64904f498cfebf","ENGINE_OR_OTHER"
"00_P45_STATE\state-history\20260823_211720_DECISION-20260823-087\P45_CURRENT_STATE.md",".md","5334","e907ac943147ec4c0bedc905f4200b68c808f5c3928c82e65ea696b5a140c38b","ENGINE_OR_OTHER"
"00_P45_STATE\state-history\20260823_211720_DECISION-20260823-087\state-manifest.json",".json","1099","b3a22fdd3ca8ceed4575416927ec9cf8bf7e159ba1b1620bd417ea6a31c090ff","ENGINE_OR_OTHER"
"00_P45_STATE\state-history\20260823_215013_DECISION-20260823-088\P45_CURRENT_STATE.json",".json","61174","7357a4cf2f9251abe03c52ce10179a5bba6b739ebd6b91ce1e28959451e971f8","ENGINE_OR_OTHER"
"00_P45_STATE\state-history\20260823_215013_DECISION-20260823-088\P45_CURRENT_STATE.md",".md","5441","a632da7f8656bbeef1d842fc3033ab0c6496f65fb6e43ce18092c1af6b45d13c","ENGINE_OR_OTHER"
"00_P45_STATE\state-history\20260823_215013_DECISION-20260823-088\state-manifest.json",".json","1108","a0d056b0f559f5a022701b8ed29a7bb92609b9d933f20934b3e878f3b12807a9","ENGINE_OR_OTHER"
"00_P45_STATE\state-history\20260824_102537_DECISION-20260824-089\P45_CURRENT_STATE.json",".json","61940","a16f3949e0893712ac35048880731009626c4b031db02dee191db8a16437a532","ENGINE_OR_OTHER"
"00_P45_STATE\state-history\20260824_102537_DECISION-20260824-089\P45_CURRENT_STATE.md",".md","5556","0d759018ecf8b5aa858f3f7cf5b4b7fe9cf073b997f16171895615a20e863363","ENGINE_OR_OTHER"
"00_P45_STATE\state-history\20260824_102537_DECISION-20260824-089\state-manifest.json",".json","1136","7c0c5841b02e3062d9000bdc31addcbc6390ba416a902cfc67e606a0738f5b26","ENGINE_OR_OTHER"
"00_P45_STATE\state-history\20260824_103918_DECISION-20260824-090\P45_CURRENT_STATE.json",".json","62417","447ef6c7ba04b802775d0bd971dbeb2de3dabbfd0a33861258fe255cf385fc3f","ENGINE_OR_OTHER"
"00_P45_STATE\state-history\20260824_103918_DECISION-20260824-090\P45_CURRENT_STATE.md",".md","5471","ae60f0a27f198a5b5a7f19c3023be0347462ad59a83e2c3c155b5cacabf4745e","ENGINE_OR_OTHER"
"00_P45_STATE\state-history\20260824_103918_DECISION-20260824-090\state-manifest.json",".json","1098","9791221628bdbc5f05b61556b0a114339368c2d6a24c57a8b52d9d5a43cf4ada","ENGINE_OR_OTHER"
"00_P45_STATE\state-history\20260824_110349_DECISION-20260824-091\P45_CURRENT_STATE.json",".json","64046","3c034562ef0518d33fd991c10a702d2e96438969bdb98ad43c2ed63c34176e33","ENGINE_OR_OTHER"
"00_P45_STATE\state-history\20260824_110349_DECISION-20260824-091\P45_CURRENT_STATE.md",".md","5408","023db1e5fb14b15a81f251ccb6b8fa61d5d0adc838d2c735b67ad41903bcab16","ENGINE_OR_OTHER"
"00_P45_STATE\state-history\20260824_110349_DECISION-20260824-091\state-manifest.json",".json","1118","eca79607883a93d964a7af4ee235d97cb469d8a1b020a165e5c7f401190d3927","ENGINE_OR_OTHER"
"00_P45_STATE\state-history\20260824_133122_DECISION-20260824-092\P45_CURRENT_STATE.json",".json","65206","9f3214107337f8fb5fa675b0ed786e612babbce425a1353620ba6fa6d340043d","ENGINE_OR_OTHER"
"00_P45_STATE\state-history\20260824_133122_DECISION-20260824-092\P45_CURRENT_STATE.md",".md","5388","b7e29e807dce59e54c0e231b53bbda363c704d28a2b7bc9673035a1b2d6feda8","ENGINE_OR_OTHER"
"00_P45_STATE\state-history\20260824_133122_DECISION-20260824-092\state-manifest.json",".json","1138","088435d4a91b55ced1bcf129c7f3a8ad140c7b3f4cd2257664f13b7f0f0094dc","ENGINE_OR_OTHER"
"00_P45_STATE\state-history\20260824_134747_DECISION-20260824-093\P45_CURRENT_STATE.json",".json","66746","b468f6a6355fe1054b3ba8ee4c570e7fbbc85b7d276305bdf0acf86a43dadd91","ENGINE_OR_OTHER"
"00_P45_STATE\state-history\20260824_134747_DECISION-20260824-093\P45_CURRENT_STATE.md",".md","5433","7e83e5a7beaf6241e797c2fe41cc0a8f453754eb11a56467392bdb56cf4a2d31","ENGINE_OR_OTHER"
"00_P45_STATE\state-history\20260824_134747_DECISION-20260824-093\state-manifest.json",".json","1107","7535c249fefcc32ad03ddbfc2d53faa3bb9a38a9251b65d8be145bf7b5fc538a","ENGINE_OR_OTHER"
"00_P45_STATE\state-history\20260824_162431_DECISION-20260824-094\P45_CURRENT_STATE.json",".json","68689","0b3adfd687f108a347a44e8a6ad68d85ad733558b023bfe3aa8c21c45be2e0ce","ENGINE_OR_OTHER"
"00_P45_STATE\state-history\20260824_162431_DECISION-20260824-094\P45_CURRENT_STATE.md",".md","5399","86e1dd845baa7a7f97f4659a738d18cc96bb339b87b776b5f0a12a2d6044d086","ENGINE_OR_OTHER"
"00_P45_STATE\state-history\20260824_162431_DECISION-20260824-094\state-manifest.json",".json","1103","40c9d9580be76632dc8af45aea7b68cf956cba60c05ff041fe8cc8c5a6f9ff35","ENGINE_OR_OTHER"
"00_P45_STATE\state-history\20260824_200859_DECISION-20260824-095\P45_CURRENT_STATE.json",".json","69652","d4c8792796cc1197777f6c34c1bdf0869826088ae0e7a62101f1ca100a8d8038","ENGINE_OR_OTHER"
"00_P45_STATE\state-history\20260824_200859_DECISION-20260824-095\P45_CURRENT_STATE.md",".md","5313","6065181d95fc765d7174c9e1d556b82e7e2d52d6090032aee68b40d05f480aed","ENGINE_OR_OTHER"
"00_P45_STATE\state-history\20260824_200859_DECISION-20260824-095\state-manifest.json",".json","1125","b7d4914da9a40eb95fa207752b4c102961eaed7464247916bde694c6afce9c67","ENGINE_OR_OTHER"
"90_RESEARCH\DOCUMENTS\P45_v2.7.3_TRIO_Gate_Amendment_UTF8_BOM_CRLF.md",".md","22184","2ed0257c1545f8ebca462d0c03ca9176d3a96cb709f65e6335df4bc944bdecd9","ENGINE_OR_OTHER"
"90_RESEARCH\DOCUMENTS\P45_v2.7.4_PAIR_Gate_Amendment_UTF8_BOM_CRLF.md",".md","27009","a31a065838f88c65d40605c1a170c13eb5fca7cf3d706de5eda088b43227ae6f","ENGINE_OR_OTHER"
"analysis\structure-1236\structure-report.json",".json","38413","534f23856513e6f4c5e1b7d5628513bb91c9bbd01768a772faba6c0dcc98b378","ENGINE_OR_OTHER"
"backtests\backtest-1236-pre-sample-status\backtest-report.json",".json","12021","528f5b791d740b9bcab3c8f6509096a46922d94b5f705c1b1006dc46d3ee0bb1","ENGINE_OR_OTHER"
"backtests\backtest-1236\backtest-report.json",".json","12094","1484eef4af1aaca1d204bee8d7b2e90c2738319dc6073066d6a52a080519cdfd","ENGINE_OR_OTHER"
"candidate-results\candidates-1236-pre-rerun-check\candidate-report.json",".json","988","d887dbc54779cc8b3e43cd012b40065b75c736a89bde2f1dd86eb2e8cf16c8bd","ENGINE_OR_OTHER"
"candidate-results\candidates-1236\candidate-report.json",".json","988","d887dbc54779cc8b3e43cd012b40065b75c736a89bde2f1dd86eb2e8cf16c8bd","ENGINE_OR_OTHER"
"docs\P45_v2.7_Change_Report_KO_UTF8_LF.md",".md","2164","390859148e9f6d3db75b98f500e4a8a04d17a17294ba5e7e2e3a631f2aa58df4","ENGINE_OR_OTHER"
"experimental\v2.4-1236\candidates-1236\candidate-report.json",".json","1698","ce596410817f2424ea542f8a7a87bbcc56c099b1ca6746e9869361ffc78a3a6c","ENGINE_OR_OTHER"
"experimental\v2.4-1236\selections\selection-1236-pre-reason-fix\selection-report.json",".json","4045","ca62d5498d33846187d8ec607cdc43e80753731c840edaab6363f02eb33694e8","ENGINE_OR_OTHER"
"experimental\v2.4-1236\selections\selection-1236\selection-report.json",".json","4074","0612fd3d8c51874680d664a80455e9b71ab3e0dfbe2643239d522d47682d2f58","ENGINE_OR_OTHER"
"experimental\v2.4-1236\sets\sets-1236-pre-reason-fix\set-report.json",".json","358","2ddf8db6254a3a5143ac4e0402614e649ab47cbcc0e0d73fce890fadeb75f92a","ENGINE_OR_OTHER"
"experimental\v2.4-1236\sets\sets-1236\set-report.json",".json","358","2ddf8db6254a3a5143ac4e0402614e649ab47cbcc0e0d73fce890fadeb75f92a","ENGINE_OR_OTHER"
"v27_storage\audits\current_1239_end_digit_severe_causal_trace_001\P45_CURRENT_1239_END_DIGIT_SEVERE_CAUSAL_TRACE_RESULT_001.md",".md","4618","871867fbd2e00021e575e2587d1438c5e4a3ff50af0c44de56bcbc669dfda13a","AUDIT"
"v27_storage\audits\current_1239_number_enddigit_root_cause_001\NUMBER_ENDDIGIT_ROOT_CAUSE_TRACE.json",".json","29905","35c120a87e5945dc6debe052e8a4a2c605279a6c552f26dad2e842ef6621f25c","AUDIT"
"v27_storage\audits\current_1239_number_enddigit_root_cause_001\P45_CURRENT_1239_NUMBER_ENDDIGIT_ROOT_CAUSE_RESULT_001.md",".md","11092","7dc36a9cbff7b22a8e8fe30ec68f9e76d2f7a47850e432c771998325a32eca6f","AUDIT"
"v27_storage\audits\current_1239_official_predraw_001\P45_CURRENT_1239_OFFICIAL_PREDRAW_RESULT_001.md",".md","4042","222f9aac7a7e0d2e30c2f0fec54ae9638823361e5ad6b70b9aa4f62543dfac05","AUDIT"
"v27_storage\audits\current_1239_official_predraw_001\PREDRAW_1239_RESULT.json",".json","2491","db052fd828a9983dd48bc1ac30fedae447a6349cdb989148093acb4b70f85788","AUDIT"
"v27_storage\audits\current_1239_opposite_period_trace_001\OPPOSITE_PERIOD_CAUSAL_TRACE.json",".json","32674","11a48a8d8984b63bef945b58f468c97eec65264f3cd0409086fde558aaef1c37","AUDIT"
"v27_storage\audits\current_1239_opposite_period_trace_001\P45_CURRENT_1239_OPPOSITE_PERIOD_CAUSAL_TRACE_RESULT_001.md",".md","9920","07967b6e67b50af46169cf388f02e29df1faf58b9f5e5f5e2fc97fd73ac27e07","AUDIT"
"v27_storage\audits\current_1239_predraw_rerun_001\P45_CURRENT_1239_PREDRAW_RERUN_RESULT_001.md",".md","5652","0fdaf9733a52832f9660eec5c659f711cf4df4de44e834cb5a086c8bc572a0c7","AUDIT"
"v27_storage\audits\current_1239_predraw_rerun_001\PREDRAW_1239_RERUN_RESULT.json",".json","5021","5a887ee4c77734f59b40228c45b23244284c053e1ebac6460d40195a64b586c6","AUDIT"
"v27_storage\audits\discovery_2_0_independent_signal_001\P45_DISCOVERY_2_0_SOURCE_AUDIT_001.csv",".csv","676","0917a4c4c704bc907dc57855a1f34afbc222ad285d6c82dbb721643415c98a93","AUDIT"
"v27_storage\audits\discovery_2_0_independent_signal_001\P45_DISCOVERY_2_0_SOURCE_AUDIT_001.json",".json","2141","17586705e7ef7f2a3e96e3db408343c037e9c85d1c3803319463b42805417129","AUDIT"
"v27_storage\audits\discovery_2_0_independent_signal_001\P45_DISCOVERY_2_0_SOURCE_AUDIT_001.md",".md","5725","7f5327e38a0b0f0c9ad693f3ba910116daac152b95a2ab366881f3c884f54f68","AUDIT"
"v27_storage\audits\mbc_true_draw_order_feasibility_001\P45_MBC_TRUE_DRAW_ORDER_FEASIBILITY_RESULT_001.md",".md","2642","8592e65519bbe15c784dc71282f44e346c9bbce001152c0d5a03a360c311503c","AUDIT"
"v27_storage\audits\no_pick_root_cause_001\no_pick_root_cause_audit_001.json",".json","759539","2826ccff727dc59a8c86fdebd5da3fc8475cedbf910f0bb490e39ac96a5c2d16","AUDIT"
"v27_storage\audits\no_pick_root_cause_001\null_benchmark_result.json",".json","481","c8d55722767ca3969ac91334b9d27a673cbc9ae09f2f29c4fab46ce292d6943a","AUDIT"
"v27_storage\audits\no_pick_root_cause_001\rerun\no_pick_root_cause_audit_001.json",".json","759539","2826ccff727dc59a8c86fdebd5da3fc8475cedbf910f0bb490e39ac96a5c2d16","AUDIT"
"v27_storage\audits\no_pick_root_cause_001\rerun\null_benchmark_result.json",".json","481","c8d55722767ca3969ac91334b9d27a673cbc9ae09f2f29c4fab46ce292d6943a","AUDIT"
"v27_storage\audits\no_pick_root_cause_001\rerun\starvation_report.json",".json","1591","417fd6adfe2ebd4d4d9c01ff6a2cd141becd91ad9f641d7c9753bf8db775fd06","AUDIT"
"v27_storage\audits\no_pick_root_cause_001\starvation_report.json",".json","1591","417fd6adfe2ebd4d4d9c01ff6a2cd141becd91ad9f641d7c9753bf8db775fd06","AUDIT"
"v27_storage\audits\no_pick_root_cause_001\state_event.json",".json","3917","7c7bc9f187172d64932673400beb3d114f4ded9167c3e7383249e36042f4ce52","AUDIT"
"v27_storage\audits\no_pick_root_cause_trace_001\P45_NO_PICK_ROOT_CAUSE_TRACE_RESULT_001.md",".md","4223","d40894dbd4e6d00d1138a6fc1ad280593d49208475a6f06fef56ab03c3464845","AUDIT"
"v27_storage\audits\no_pick_root_cause_trace_001\TRACE_RESULTS.json",".json","1665","93d9c78c311b71c528c3f93b5fc2f0af67216a5fe1c7b3d1142667d1cd1d2d1f","AUDIT"
"v27_storage\audits\number_member_structure_severe_causal_trace_001\P45_NUMBER_MEMBER_STRUCTURE_SEVERE_CAUSAL_TRACE_RESULT_001.md",".md","6905","7b97ea4126342fb9726d3aa964e656183d2da4a681cbdd3860b9e30c66c47a31","AUDIT"
"v27_storage\audits\official_repair_apply_001\DB_INTEGRITY_FK_REPORT.json",".json","530","34e1e68aa20d1fe443fc3a05e4f03f381808e41e564b77518251b93a1f473370","AUDIT"
"v27_storage\audits\official_repair_apply_001\OFFICIAL_APPLY_REPORT.json",".json","439","97c8b1e26b5c416b9c34fe04b042f5572b86c86e622d869762dd1b1ab107d9da","AUDIT"
"v27_storage\audits\official_repair_apply_001\P45_OFFICIAL_REPAIR_APPLY_RESULT_001.md",".md","1094","fd4f0f4cd6e48dab31d439e934fcad4e933b5a92b5f663a01ff7ca59995b12e9","AUDIT"
"v27_storage\audits\official_repair_apply_001\PREFLIGHT_REPORT.json",".json","408","f24eb3447adaf3f6be019bc26d1ae90a114b594901f2c33e99a3288e4ff577b0","AUDIT"
"v27_storage\audits\official_repair_apply_001\PROSPECTIVE_PROTOCOL_UNCHANGED_REPORT.json",".json","514","0c02f2e53253091fb28b67279648cc57e5e55a80cbaccabcd72ff3a059994fe2","AUDIT"
"v27_storage\audits\official_repair_apply_001\PROTECTED_HASH_BEFORE_AFTER_REPORT.json",".json","602","905412da2fce2c36f302e06c2430ce068320771a533c2f5f7fa99486bd7671ba","AUDIT"
"v27_storage\audits\official_repair_apply_001\rollback\00_P45_STATE\experiment_lab\06_INITIAL_EXPERIMENT_REGISTRY.md",".md","19329","2c8f563f0e3164c759b4ab799f1a3df50ab14ce38769efeb4233d8d62238975e","FORMAL_EXP"
"v27_storage\audits\official_repair_apply_001\rollback\00_P45_STATE\P45_CURRENT_STATE.json",".json","68689","0b3adfd687f108a347a44e8a6ad68d85ad733558b023bfe3aa8c21c45be2e0ce","AUDIT"
"v27_storage\audits\official_repair_apply_001\rollback\00_P45_STATE\P45_CURRENT_STATE.md",".md","5399","86e1dd845baa7a7f97f4659a738d18cc96bb339b87b776b5f0a12a2d6044d086","AUDIT"
"v27_storage\audits\official_repair_apply_001\SEALED_CANARY_EQUIVALENCE_REPORT.json",".json","350","f913dd940ceb26543f722e9c253c59ecbc8942b2e3e3342b78bb31a9b7bb005e","AUDIT"
"v27_storage\audits\official_repair_apply_001\STAGING_VERIFICATION_REPORT.json",".json","355","2d8775339b1fcf0d80ef074577cb94aabb2004870d548973bb587ae0a04f5568","AUDIT"
"v27_storage\audits\official_repair_apply_001\STATE_DECISION_REGISTRY_UPDATE_REPORT.json",".json","336","99596d97bf345469cf4db037879f211682c2b64d6ee73f63f876136f21360719","AUDIT"
"v27_storage\audits\official_repair_apply_001\STATE_EVENT.json",".json","3809","724fedc1e8c731e5a4d76cd5e499d59a8e23655249453e2ac24c769a88b53951","AUDIT"
"v27_storage\audits\official_repair_phase_a_b_001\P45_OFFICIAL_REPAIR_CHANGE_CONTROL_PROSPECTIVE_VALIDATION_PLAN_001.md",".md","3184","fdf472f1d41fc16abd7bce9525be20859e9515cf61b7240abbafb0448c56dfb9","AUDIT"
"v27_storage\audits\official_repair_phase_a_b_001\P45_OFFICIAL_REPAIR_PHASE_A_B_RESULT_001.json",".json","6456","10811ad3866d960715cb8f83c35b2860cc1a18ba1d9464e3e7752f0eb5fbb6e7","AUDIT"
"v27_storage\audits\official_repair_phase_a_b_001\P45_OFFICIAL_REPAIR_PHASE_A_B_RESULT_001.md",".md","664","ecdd77471a25dcf5949f56ab7c3af01548a4e206f71b7995282f4ec0c7ac3b24","AUDIT"
"v27_storage\audits\official_repair_phase_a_b_001\PHASE_A_FUTURE_LEAKAGE_AUDIT.json",".json","42","c195c140f5634978c3638cb5e477efa397fa6a2fdb884a50b98fd266b8b967f8","AUDIT"
"v27_storage\audits\official_repair_phase_a_b_001\PHASE_A_RC_BUILD_REPORT.json",".json","3849","b3376ed74c6a7c648c9e57066c183dd081ae7a4e5be3bdab16f648e0dc67ed25","AUDIT"
"v27_storage\audits\official_repair_phase_a_b_001\phase_a\rerun1\pair_shadow_repair_001_candidates.csv",".csv","18087051","94f301c67ede5c43098c8ffdc1abb01e1a4155bd88cec75b8204713b552c120f","AUDIT"
"v27_storage\audits\official_repair_phase_a_b_001\phase_a\rerun1\pair_shadow_repair_001_result.json",".json","2254","0d98f28a9ddda749301105abafefedfdbd662ec49606ec3ead219e1d86af6653","AUDIT"
"v27_storage\audits\official_repair_phase_a_b_001\phase_a\rerun1\pair_shadow_repair_001_rounds.csv",".csv","31071","12eff950a13fbf1690a22ebc96e120b6446b2d474c896c9b116e1eba58a296e0","AUDIT"
"v27_storage\audits\official_repair_phase_a_b_001\phase_a\rerun2\pair_shadow_repair_001_candidates.csv",".csv","18087051","94f301c67ede5c43098c8ffdc1abb01e1a4155bd88cec75b8204713b552c120f","AUDIT"
"v27_storage\audits\official_repair_phase_a_b_001\phase_a\rerun2\pair_shadow_repair_001_result.json",".json","2254","0d98f28a9ddda749301105abafefedfdbd662ec49606ec3ead219e1d86af6653","AUDIT"
"v27_storage\audits\official_repair_phase_a_b_001\phase_a\rerun2\pair_shadow_repair_001_rounds.csv",".csv","31071","12eff950a13fbf1690a22ebc96e120b6446b2d474c896c9b116e1eba58a296e0","AUDIT"
"v27_storage\audits\official_repair_phase_a_b_001\PHASE_B_PREDRAW_CANARY_REPORT.json",".json","608","8a804e321cb973c785dcc155754849e5fb1f5d795b58913a1de6f473ce213cab","AUDIT"
"v27_storage\audits\official_repair_phase_a_b_001\PLAN_SHA_LOCK.json",".json","813","63166f5b540160898ae82ea3be535ef31f4056aa87764d0146f5d6345ab4cc05","AUDIT"
"v27_storage\audits\opposite_period_filter_validation_001\P45_OPPOSITE_PERIOD_STABILITY_FILTER_VALIDATION_PROTOCOL_LOCKED_001.md",".md","4249","03bb3ba7c472955b0f7825dc9ed348a865f7b3d42dfc19611bdd5a705a09ff4b","AUDIT"
"v27_storage\audits\opposite_period_filter_validation_001\P45_OPPOSITE_PERIOD_STABILITY_FILTER_VALIDATION_RESULT_001.json",".json","2267","ffc166ae4257c8e53bf3a2240d8f4c7301fb659940496304a54f95e731c377c1","AUDIT"
"v27_storage\audits\opposite_period_filter_validation_001\P45_OPPOSITE_PERIOD_STABILITY_FILTER_VALIDATION_RESULT_001.md",".md","5060","c44fab89978e32df6f6eb5f2e48c23e8f806d65b23a315080a815dca838e112a","AUDIT"
"v27_storage\audits\pair_shadow_repair_001\locked_spec\LOCK_MANIFEST.json",".json","1460","31a320de80234ac524ae109deae973226183c3ce901404ff5d23b4cde706d306","AUDIT"
"v27_storage\audits\pair_shadow_repair_001\locked_spec\P45_v2.7.4_PAIR_Gate_Amendment_UTF8_BOM_CRLF.md",".md","27009","a31a065838f88c65d40605c1a170c13eb5fca7cf3d706de5eda088b43227ae6f","AUDIT"
"v27_storage\audits\pair_shadow_repair_001\locked_spec\P45_v2.7.4_PAIR_Gate_Timing_PATCH_UTF8_BOM_CRLF.md",".md","5841","0ecca7f3122cf9017df1d862f86662e851e70202052f994f440e3ffc113bafa7","AUDIT"
"v27_storage\audits\pair_shadow_repair_001\locked_spec\P45_v2.7.4_PAIR_PG13_Sequence_PATCH_UTF8_BOM_CRLF.md",".md","4330","4412b86bf7ad322c6e3e4cc3a33023a3b09fa4083195e22f9f1c023b513cbc19","AUDIT"
"v27_storage\audits\pair_shadow_repair_001\locked_spec\P45_v2.7.4_PAIR_Signature_v1.2_PATCH_UTF8_BOM_CRLF.md",".md","2902","0c91315ef0cc7d1638a61f321faf3e62079f9545a1386bd3271710b27e113316","AUDIT"
"v27_storage\audits\pair_shadow_repair_001\locked_spec\P45_v2.7.4_PAIR_Walkforward_Bootstrap_PATCH_UTF8_BOM_CRLF.md",".md","2171","df85587a618e520064553456ec82feb87d5d72b1b3b29139d98fc2120d8dcd86","AUDIT"
"v27_storage\audits\pair_shadow_repair_001\locked_spec\PAIR_EVIDENCE_PROVENANCE_MAP.md",".md","3806","72985eb300b3ed66a8aad073d27932eae7d2a41cd619212fb3cf89a9f90f0a23","AUDIT"
"v27_storage\audits\pair_shadow_repair_001\locked_spec\PAIR_HISTORICAL_MATERIALIZATION_CONTRACT_V1.md",".md","2362","1a7b961c13a0c1fd4a5ab0eb9032fb3c3dfc1082833356ed9f9d8d9efe03e542","AUDIT"
"v27_storage\audits\pair_shadow_repair_001\locked_spec\PAIR_LIFECYCLE_STATE_MACHINE.md",".md","2074","11fd8d346e38b059d0b4ddf520960e9aa0794a77c95e13256ed27b34253017b4","AUDIT"
"v27_storage\audits\pair_shadow_repair_001\locked_spec\PAIR_REPAIR_SPECIFICATION_001.md",".md","2340","214b9cf431a691b8697b7fc2bac284aed17f1e1b6e18ef7ebc24a47a756b2764","AUDIT"
"v27_storage\audits\pair_shadow_repair_001\locked_spec\PAIR_SHADOW_REPAIR_001_LOCKED_SPEC.md",".md","2511","4b6c6e449e7209747ff6ecbed5ab31b1854808e5c3b0f2085d8b64a1a58d0522","AUDIT"
"v27_storage\audits\pair_shadow_repair_001\OLD_VS_REPAIRED_COMPARISON.md",".md","700","f96a355edd8e041c88c47cf0b16c05b22c9400fd212744c9da8f73c4abb222bd","AUDIT"
"v27_storage\audits\pair_shadow_repair_001\PREFLIGHT_TEST_REPORT.md",".md","627","ab113f6bbb8e01133a93b43b072971a9d27815e3a07ba1db68f465c1e4ef1061","AUDIT"
"v27_storage\audits\pair_shadow_repair_001\run1\pair_shadow_repair_001_candidates.csv",".csv","18087051","94f301c67ede5c43098c8ffdc1abb01e1a4155bd88cec75b8204713b552c120f","AUDIT"
"v27_storage\audits\pair_shadow_repair_001\run1\pair_shadow_repair_001_result.json",".json","2254","0d98f28a9ddda749301105abafefedfdbd662ec49606ec3ead219e1d86af6653","AUDIT"
"v27_storage\audits\pair_shadow_repair_001\run1\pair_shadow_repair_001_rounds.csv",".csv","31071","12eff950a13fbf1690a22ebc96e120b6446b2d474c896c9b116e1eba58a296e0","AUDIT"
"v27_storage\audits\pair_shadow_repair_001\run2\pair_shadow_repair_001_candidates.csv",".csv","18087051","94f301c67ede5c43098c8ffdc1abb01e1a4155bd88cec75b8204713b552c120f","AUDIT"
"v27_storage\audits\pair_shadow_repair_001\run2\pair_shadow_repair_001_result.json",".json","2254","0d98f28a9ddda749301105abafefedfdbd662ec49606ec3ead219e1d86af6653","AUDIT"
"v27_storage\audits\pair_shadow_repair_001\run2\pair_shadow_repair_001_rounds.csv",".csv","31071","12eff950a13fbf1690a22ebc96e120b6446b2d474c896c9b116e1eba58a296e0","AUDIT"
"v27_storage\audits\pair_shadow_repair_001\STATE_EVENT.json",".json","4436","fb18ecc0cbfda0f03a8a1fd9d5dabcaccadf1017ed8e0a15533ede45bc0bc20e","AUDIT"
"v27_storage\audits\survivor_pool_actionability_rolling_origin_001\P45_SURVIVOR_POOL_ACTIONABILITY_PROTOCOL_LOCKED_001.md",".md","3838","64dead6a65b141bf99725bcfc98106f713bc44843c2135244ea37e4eefa08a44","AUDIT"
"v27_storage\audits\survivor_pool_actionability_rolling_origin_001\P45_SURVIVOR_POOL_ACTIONABILITY_RESULT_001.json",".json","1882","ee9d834047867a0877192f7bd1d09a39f55742de13f336394bae7f073f94cf09","AUDIT"
"v27_storage\audits\survivor_pool_actionability_rolling_origin_001\P45_SURVIVOR_POOL_ACTIONABILITY_RESULT_001.md",".md","6003","3d6e3c3b4481006f85c7bf0f602d3f87ea0a703b079544602318b0641c070589","AUDIT"
"v27_storage\audits\trio_hold_causal_decomposition_001\P45_TRIO_HOLD_CAUSAL_DECOMPOSITION_RESULT_001.md",".md","5271","f5268451f8a25d15cb33fdf5e3ab910e41f11362f2d5d404ad453a73018264b0","AUDIT"
"v27_storage\audits\trio_hold_causal_decomposition_001\TRIO_HOLD_220_RECORDS.json",".json","305697","ffc26f394d2be0b818e74552658d7b4d23e533597c648f3f59af19b47064cf06","AUDIT"
"v27_storage\audits\trio_hold_causal_decomposition_001\TRIO_HOLD_CAUSAL_SUMMARY.json",".json","1815","2cd15a6fb0030a5efee5702fdfddc9e7dc106f72465f81708d8f1e52752877cb","AUDIT"
"v27_storage\audits\web_v1_upgrade_001\P45_WEB_V1_ACCEPTANCE_RESULT_001.md",".md","2550","ea3b35f0b41b38bc0ccc81e47a732940b13fa6edc5e6525b5f3380676a251789","AUDIT"
"v27_storage\experiments\bonus_extinction_interaction_v1_001\P45_BONUS_EXTINCTION_INTERACTION_V1_PROTOCOL_LOCKED_001.md",".md","3229","d6c165da8ddee79e5d5773c2e9f961645587337f67bd7102812f0146d19d9529","NON_EXP_EXECUTED"
"v27_storage\experiments\bonus_extinction_interaction_v1_001\P45_BONUS_EXTINCTION_INTERACTION_V1_RESULT_001.json",".json","25415","576fe62063e44c98787e35bf53984bc88b97925b5a711b50648f94126638166f","NON_EXP_EXECUTED"
"v27_storage\experiments\bonus_extinction_interaction_v1_001\P45_BONUS_EXTINCTION_INTERACTION_V1_RESULT_001.md",".md","3499","060d92405b98b8b82a6fe575222cd68b28daea72fc0f78fd4cc87aaaac1da552","NON_EXP_EXECUTED"
"v27_storage\experiments\bonus_extinction_interaction_v1_001\P45_BONUS_EXTINCTION_INTERACTION_V1_TRACE_001.csv",".csv","891064","084ab6d9308db134a90ef5e0c4a2e634b02578e67491209873973c0075dd110e","NON_EXP_EXECUTED"
"v27_storage\experiments\bonus_lag2_interaction_v1_001\P45_BONUS_LAG2_INTERACTION_V1_PROTOCOL_LOCKED_001.md",".md","2809","d3f271d0869dbba0da466cb77835b8b7638c39fe99d7da8f7fe3c5ddffcac6c3","NON_EXP_EXECUTED"
"v27_storage\experiments\bonus_lag2_interaction_v1_001\P45_BONUS_LAG2_INTERACTION_V1_RESULT_001.json",".json","4171","1dc22423a9e7cba19c1a529ab9942a1765ecee3693440eef8e41bf1d148bc830","NON_EXP_EXECUTED"
"v27_storage\experiments\bonus_lag2_interaction_v1_001\P45_BONUS_LAG2_INTERACTION_V1_RESULT_001.md",".md","2243","38c2e326e4e8009f1ea843cbe321b0526aea12794e6480ccd2eae8c8e27b2cb7","NON_EXP_EXECUTED"
"v27_storage\experiments\bonus_lag2_interaction_v1_001\P45_BONUS_LAG2_INTERACTION_V1_TRACE_001.csv",".csv","98851","2b89c5fe1050b0cec84e392c388bace332cd8843f8c89fa3e6b857c62c4d4232","NON_EXP_EXECUTED"
"v27_storage\experiments\crowd_retail_exp001_v1\EXP_CROWD_RETAIL_001_V1_RESULT.json",".json","2525","8842f4974608c155df7e9bbab902508b09287d3256afa62929748b0a18306ca0","ENGINE_OR_OTHER"
"v27_storage\experiments\crowd_retail_exp001_v1\independent_reproduction_calibration_audit_001\calibrated_monte_carlo_result.json",".json","1733","ad5641129f5733e589d56b9ce8646cc87f9407d88789ea1f17cf5a5a4ecce863","ENGINE_OR_OTHER"
"v27_storage\experiments\crowd_retail_exp001_v1\independent_reproduction_calibration_audit_001\eb_fit_report.json",".json","362","0d578ea284764375a61e98ab5135fd08fafac04fef3d9d915d796ac5481b8e04","ENGINE_OR_OTHER"
"v27_storage\experiments\crowd_retail_exp001_v1\independent_reproduction_calibration_audit_001\fresh_original_null_result.json",".json","664","087ac93f77649b17383ad75cecaa5d6963eb6596a88318a193c52ce626a61643","ENGINE_OR_OTHER"
"v27_storage\experiments\crowd_retail_exp001_v1\independent_reproduction_calibration_audit_001\independent_reproduction_calibration_result.json",".json","3932","54a947f0d9656cc9dd64026d7d53a99f7484356aaf783c9a8a261eb216ef8e8d","ENGINE_OR_OTHER"
"v27_storage\experiments\crowd_retail_exp001_v1\SOURCE_COMPLETENESS_AUDIT.json",".json","193258","5601e547836243b04b24537c24947ae46aa8dbd174d10fe4730172f568481555","ENGINE_OR_OTHER"
"v27_storage\experiments\crowd_retail_prospective_001_v1\state_event.json",".json","4452","536868ccee2cf796f8c51ccab0fce48358a43f64f0cd037fd2f7b9d3d27955d9","ENGINE_OR_OTHER"
"v27_storage\experiments\crowd_topology_exp001_v1\EXP_CROWD_TOPO_001_V1_RESULT.json",".json","1329","5829c0d4f5112bd5d4c3de0a2bdddca0207069e76df0fda7bcb01ae3a8ddb60e","ENGINE_OR_OTHER"
"v27_storage\experiments\crowd_topology_exp001_v1\PROTOCOL_LOCK.json",".json","1277","96b2de3913c4465e3a5893e2cfabd1b16ed5d514d2989cb71352bdc199ce4e0c","ENGINE_OR_OTHER"
"v27_storage\experiments\crowd_topology_exp001_v1\state_event.json",".json","4890","b0da7cbc625d47249bb872fb4adb241e7fea211cfa071c8bee53a62b1f0191ac","ENGINE_OR_OTHER"
"v27_storage\experiments\crowd_topology_exp002_v1\calibration_audit_001\CALIBRATION_AUDIT_RAW_RESULT.json",".json","4443","d7aa83062e39eb17ba9c44c8c682fc0b6989904b777486b48c26e7c249d31055","ENGINE_OR_OTHER"
"v27_storage\experiments\crowd_topology_exp002_v1\calibration_audit_001\state_event.json",".json","6369","7294c93188d40751224a956d1918555b82d8ebe609357291b9344d1fb91934ab","ENGINE_OR_OTHER"
"v27_storage\experiments\crowd_topology_exp002_v1\EXP_CROWD_TOPO_002_V1_RESULT.json",".json","1706","993a3ef157a149e4d2dfb846e3aaf7a105e5f1c316d4e68dd564e83ca62dbe58","ENGINE_OR_OTHER"
"v27_storage\experiments\crowd_topology_exp002_v1\independent_reproduction_001\INDEPENDENT_REPRODUCTION_RAW_RESULT.json",".json","3342","4249f14c62d4fc75f887c1039b6ae6946c955b42f0c665323b63c2ff4150a392","ENGINE_OR_OTHER"
"v27_storage\experiments\crowd_topology_exp002_v1\independent_reproduction_001\state_event.json",".json","5591","bfd2ee509e5267564b74550e0543954b7b37a31c058c88e5c4bc25b071432115","ENGINE_OR_OTHER"
"v27_storage\experiments\crowd_topology_exp002_v1\PROTOCOL_LOCK.json",".json","766","ba25447dba624f16a991e33c9b9837428eacda7498bf046edee7400d33b31be0","ENGINE_OR_OTHER"
"v27_storage\experiments\crowd_topology_exp002_v1\state_event.json",".json","6008","b5d04bc953d25a7f1886a60063a9d9f6c18bcda739d7b5d5ecc10e10530c0b2b","ENGINE_OR_OTHER"
"v27_storage\experiments\crowd_topology_exp003_v1\EXP_CROWD_TOPO_003_V1_RESULT.json",".json","5620","519a64b64a7d0b1f1f35dcb2de283dda76a387da8b96ccee4cb0dff5a89d75ee","ENGINE_OR_OTHER"
"v27_storage\experiments\ending_frequency_interaction_v1_001\P45_ENDING_FREQUENCY_INTERACTION_V1_PROTOCOL_LOCKED_001.md",".md","5091","3db9d2fb4c82f1d858f49369da5ea8bfbc3268017528a4b25b903dee64489de1","NON_EXP_EXECUTED"
"v27_storage\experiments\ending_frequency_interaction_v1_001\P45_ENDING_FREQUENCY_INTERACTION_V1_RESULT_001.json",".json","2277","0a259ba18cd4f776261bcbe25ac2e28e1132721ad8c1ca05952b403240c1d08b","NON_EXP_EXECUTED"
"v27_storage\experiments\ending_frequency_interaction_v1_001\P45_ENDING_FREQUENCY_INTERACTION_V1_RESULT_001.md",".md","2975","818b3120b7b263ee759cdcadc349ffdd71cd37752c75d20ba79b14cba4f05b81","NON_EXP_EXECUTED"
"v27_storage\experiments\ending_frequency_interaction_v1_001\P45_ENDING_FREQUENCY_INTERACTION_V1_TRACE_001.csv",".csv","21832","77a2916c83f62bf38f5778040a5cd7d8ffe6e087e6f1c62b21f4bba4308f9500","NON_EXP_EXECUTED"
"v27_storage\experiments\exp001\exp001_execution_lock.json",".json","957","bd7191f4c6dc3aca00ca503ca3fd0e216725ccd301d3003afb4e369141963985","FORMAL_EXP"
"v27_storage\experiments\exp001\exp001_locked_run_report.json",".json","1092","a3e06ad04d99dc4d6412e6bb6c1602873859caf5f8098994fc82161803cfdf71","FORMAL_EXP"
"v27_storage\experiments\exp001\exp001_preflight_report.json",".json","1286","6483443ffb667ca5754f5a1f5c75d9918becc5148dda2220bdf4ac932614d141","FORMAL_EXP"
"v27_storage\experiments\exp002_v2\EXP002V2_LOCKED_RUN_RESULT.json",".json","3800","a680bf9eb6b652c7e0844fcc44ff3863d4df08e1ae9c565afbe3daa24bdfffb6","FORMAL_EXP"
"v27_storage\experiments\exp002\audit\no_pick_coverage_audit.json",".json","882639","27b2c3d7f1cbd5d50ae4776adeaa51415693e9cf5bc8d9f0117c4aea3f4cdab0","FORMAL_EXP"
"v27_storage\experiments\exp003\exp003_locked_run_result.json",".json","373669","c60168abe8623366883af6944b44e996d283c9c9435504c6fca2594c13dab3ff","FORMAL_EXP"
"v27_storage\experiments\exp003\exp003_preflight_report.json",".json","1285","04810ef2fd55c41ee573a0d1f80388a90bbea2360d34af58962ec6f950c29ab5","FORMAL_EXP"
"v27_storage\experiments\exp004\P45_EXP004_사전등록_프로토콜_LOCKED_001.md",".md","14933","9b044d38dd065416c8dd5498131ba920bbd8b0a2b7425ec0c919226bd8124774","FORMAL_EXP"
"v27_storage\experiments\exp005\P45_EXP005_사전등록_프로토콜_LOCKED_001.md",".md","10771","ddfcc638b6366269b69c903b64c47a4ea28f5c07183b417731f2f92286bbe21a","FORMAL_EXP"
"v27_storage\experiments\exp006\P45_EXP006_사전등록_프로토콜_LOCKED_001.md",".md","10973","e86ea7f9d7a21dfe54c047459a899ce552985867a95cae59ec5ca2c1490a85d7","FORMAL_EXP"
"v27_storage\experiments\exp007\P45_EXP007_사전등록_프로토콜_LOCKED_001.md",".md","14171","09f4edeb35112c0d3429ee2b2685e3544bf43349c579cecdefb3d043e6c5e80c","FORMAL_EXP"
"v27_storage\experiments\exp008\P45_EXP008_사전등록_프로토콜_LOCKED_001.md",".md","13905","2c5a122125f5418beec3a70b9ce2780c23adb83dd57eadf5f2cacfce60f22626","FORMAL_EXP"
"v27_storage\experiments\exp009\P45_EXP009_사전등록_프로토콜_LOCKED_001.md",".md","5791","5d475a78cfed4698cfaaf54b20a03469b3242b604a87c29a7b3917f838fa2763","FORMAL_EXP"
"v27_storage\experiments\exp010\P45_EXP010_사전등록_프로토콜_LOCKED_001.md",".md","6629","155996ac4b9fceca68548a9b49957e61df4e9f980ec5d6ee706d6f1bc2da4bce","FORMAL_EXP"
"v27_storage\experiments\exp011\P45_EXP011_사전등록_프로토콜_LOCKED_001.md",".md","8014","a32bf95af7e36811bfdfa8c22dcb250b0bd6ae4cb45902773a357745ddb61556","FORMAL_EXP"
"v27_storage\experiments\exp012\P45_EXP012_사전등록_프로토콜_LOCKED_001.md",".md","9296","836a57b38d59d64831848203158d062b0157712998670debd41cabae06e70dc1","FORMAL_EXP"
"v27_storage\experiments\exp013\P45_EXP013_사전등록_프로토콜_LOCKED_001.md",".md","8745","7dff134fc3e8fd3e4642dac4273e99e2fd80dac358fd523f2e6bc1e691098317","FORMAL_EXP"
"v27_storage\experiments\exp014\P45_EXP014_사전등록_프로토콜_LOCKED_001.md",".md","7851","b2fddf147f5da5e15adfe1ff8aee25d38a1176cc8cb47a5f559a9856fcd8a54a","FORMAL_EXP"
"v27_storage\experiments\exp015\P45_EXP015_사전등록_프로토콜_LOCKED_001.md",".md","8079","829527d428838a91997be3b6840bc2f04616180e813355c6db50d3a32e1d82c1","FORMAL_EXP"
"v27_storage\experiments\exp016\P45_EXP016_사전등록_프로토콜_LOCKED_001.md",".md","9671","a28a921012d750cf1fe1c597d60aec314e78d8231150aaaa764936f7fa3fe913","FORMAL_EXP"
"v27_storage\experiments\exp017_consensus_number_effect_v1_001\P45_EXP_017_CONSENSUS_NUMBER_EFFECT_V1_CALCULATION_001.json",".json","2246","e1b109f468e47cc39097695d34cedcac92eedb5f66e8c78fec47fb348f90dafe","FORMAL_EXP"
"v27_storage\experiments\exp017_consensus_number_effect_v1_001\P45_EXP_017_CONSENSUS_NUMBER_EFFECT_V1_PROTOCOL_001.md",".md","6709","da86d5192cf25a7d45b3c8eb8d68a55d06f720613cd2335dc41f06fdf0cd83a3","FORMAL_EXP"
"v27_storage\experiments\exp017_consensus_number_effect_v1_001\P45_EXP_017_CONSENSUS_NUMBER_EFFECT_V1_RESULT_001.md",".md","2556","39541b6bb57a5799fbc836f8f99d19b98a77eb4cf12bfb7dce5737065e1b3ba7","FORMAL_EXP"
"v27_storage\experiments\exp017_consensus_number_effect_v1_001\P45_EXP_017_EXPERIMENT_STATE_001.json",".json","3244","1569c24090aab2fe3963d2b625c16f31f9c65f6cdec956d6e1d132f9703d042f","FORMAL_EXP"
"v27_storage\experiments\exp017_consensus_number_effect_v1_001\P45_EXP_017_PROTOCOL_LOCK_001.md",".md","1467","839ae4c0e96a19823d8b900447cb8082fd696dc67bbac4e75d28c504e381272c","FORMAL_EXP"
"v27_storage\experiments\exp017_consensus_number_effect_v1_001\P45_EXP_017_REGISTRY_RECORD_001.json",".json","3334","3981a85bac23dab2967de1c223b7f7a7dc65352b1b60729a6892e02a09984c39","FORMAL_EXP"
"v27_storage\experiments\exp018_residual_neighbor_effect_v1_001\P45_EXP_018_EXPERIMENT_STATE_001.json",".json","1132","ba9a0396b1c212266afd48754b32bd857f2c2d29d8478294e5bd22a0d108daee","FORMAL_EXP"
"v27_storage\experiments\exp018_residual_neighbor_effect_v1_001\P45_EXP_018_PROTOCOL_LOCK_001.md",".md","1426","08006727b6b83f6d903cc1216c24be64a8bf21fbc027a7e471162da10aeab906","FORMAL_EXP"
"v27_storage\experiments\exp018_residual_neighbor_effect_v1_001\P45_EXP_018_REGISTRY_RECORD_001.json",".json","3046","75b79782d06f653f655aac9108c2b9d603dd2375cba3afd67ca54da4c79f9d08","FORMAL_EXP"
"v27_storage\experiments\exp018_residual_neighbor_effect_v1_001\P45_EXP_018_RESIDUAL_NEIGHBOR_EFFECT_V1_CALCULATION_001.json",".json","1798","746e868644d198a54296d1c00101de7d033f25303f5c4a7c23a0cc133f89ab37","FORMAL_EXP"
"v27_storage\experiments\exp018_residual_neighbor_effect_v1_001\P45_EXP_018_RESIDUAL_NEIGHBOR_EFFECT_V1_PROTOCOL_001.md",".md","8955","d64b3ec3bdf5c65006236cefc67432333bc5edbc61dbe3b5db90d85a614d527c","FORMAL_EXP"
"v27_storage\experiments\exp018_residual_neighbor_effect_v1_001\P45_EXP_018_RESIDUAL_NEIGHBOR_EFFECT_V1_RESULT_001.md",".md","2280","68fcdd226c53ba857b2128cca5166b7717dd593b893361514ed567da2766510e","FORMAL_EXP"
"v27_storage\experiments\exp018_residual_neighbor_effect_v1_001\P45_EXP_018_RESIDUAL_NEIGHBOR_EFFECT_V2_CALCULATION_001.json",".json","3466","32e20dce6b532614e4a95a2f0e34c0dccd6b616d6c2da862c6bbd92e1332f585","FORMAL_EXP"
"v27_storage\experiments\exp018_residual_neighbor_effect_v1_001\P45_EXP_018_RESIDUAL_NEIGHBOR_EFFECT_V2_PROTOCOL_001.md",".md","9245","a75bbe585f01be80ced3dd1252aad2f3b5de2e1b0d93e5db3d3ade73408c3127","FORMAL_EXP"
"v27_storage\experiments\exp018_residual_neighbor_effect_v1_001\P45_EXP_018_RESIDUAL_NEIGHBOR_EFFECT_V2_RESULT_001.md",".md","3181","a50291c314f93e95e9580888a3e2843d9c84ca98ddc70da2f81351597f889e8f","FORMAL_EXP"
"v27_storage\experiments\exp018_residual_neighbor_effect_v1_001\P45_EXP_018_V2_EXPERIMENT_STATE_001.json",".json","1633","b3aa0700481dc11170adc8470df56518dd9b82b1b64c665b1dbdf909fb0f2d18","FORMAL_EXP"
"v27_storage\experiments\exp018_residual_neighbor_effect_v1_001\P45_EXP_018_V2_PROTOCOL_LOCK_001.md",".md","1875","da2c637e994fbd0c39b49a97471f342a1dbc332e91fa2817b8b9fbf37b7a8909","FORMAL_EXP"
"v27_storage\experiments\exp018_residual_neighbor_effect_v1_001\P45_EXP_018_V2_REGISTRY_RECORD_001.json",".json","3515","777827ab74656c5685682a153b144ca824bb8a7ae5f0611f2afb473cb0050e84","FORMAL_EXP"
"v27_storage\experiments\exp019_sales_adjusted_birthday_crowd_effect_v1_001\P45_EXP_019_EXPERIMENT_STATE_001.json",".json","1506","feefc7a1438b308e369ad707438e5e0d2c4030fc6910948c3a8c92ca1e42f5a4","FORMAL_EXP"
"v27_storage\experiments\exp019_sales_adjusted_birthday_crowd_effect_v1_001\P45_EXP_019_PROTOCOL_LOCK_001.md",".md","1365","fb28b4daed366e4a9448a33c68155bb742a63fecda41a2f6ce37eec30ef32b6a","FORMAL_EXP"
"v27_storage\experiments\exp019_sales_adjusted_birthday_crowd_effect_v1_001\P45_EXP_019_REGISTRY_RECORD_001.json",".json","2943","05223e5497e84b38b8ce78de8bd3330a6ba9e5d41d4f23ad9cef4f06148534a4","FORMAL_EXP"
"v27_storage\experiments\exp019_sales_adjusted_birthday_crowd_effect_v1_001\P45_EXP_019_SALES_ADJUSTED_BIRTHDAY_CROWD_EFFECT_V1_CALCULATION_001.json",".json","2188","80c2216a2dfd0f7620dc447a417953d8d142e083387ea67068ff465803ca1898","FORMAL_EXP"
"v27_storage\experiments\exp019_sales_adjusted_birthday_crowd_effect_v1_001\P45_EXP_019_SALES_ADJUSTED_BIRTHDAY_CROWD_EFFECT_V1_PROTOCOL_001.md",".md","9208","220d59aa8c50e11c74f6146061784b8f5e0413c5a7013758a47891404e2f4d5c","FORMAL_EXP"
"v27_storage\experiments\exp019_sales_adjusted_birthday_crowd_effect_v1_001\P45_EXP_019_SALES_ADJUSTED_BIRTHDAY_CROWD_EFFECT_V1_RESULT_001.md",".md","943","96d62e40b7c3ae22cc48595c444b28d3147f9cdabaed054799c3597f9290a8f2","FORMAL_EXP"
"v27_storage\experiments\exp020_lagged_winner_count_regime_signal_v1_001\P45_EXP_020_EXPERIMENT_STATE_001.json",".json","851","a4516b7cdb1dccf69527dc1ebbcba04074cfa2c97b4fd369a5cb4d7f2ba96ab2","FORMAL_EXP"
"v27_storage\experiments\exp020_lagged_winner_count_regime_signal_v1_001\P45_EXP_020_LAGGED_WINNER_COUNT_REGIME_SIGNAL_V1_CALCULATION_001.json",".json","29646","741321ac214ace61e1d299ee5fcc4bd67d782bf149b0dc13f1e2a994186f677c","FORMAL_EXP"
"v27_storage\experiments\exp020_lagged_winner_count_regime_signal_v1_001\P45_EXP_020_LAGGED_WINNER_COUNT_REGIME_SIGNAL_V1_PROTOCOL_001.md",".md","4823","610da2d9522e37e8b35d4492abf750dcac5c42b264de4af52e32c1df8174475b","FORMAL_EXP"
"v27_storage\experiments\exp020_lagged_winner_count_regime_signal_v1_001\P45_EXP_020_LAGGED_WINNER_COUNT_REGIME_SIGNAL_V1_RESULT_001.md",".md","577","55043466032a30afe76253e8ccf50e7a9378835f118a66565c4e0c0eccc92134","FORMAL_EXP"
"v27_storage\experiments\exp020_lagged_winner_count_regime_signal_v1_001\P45_EXP_020_PROTOCOL_LOCK_001.md",".md","696","273432ff04d812b35dbf2fba168c800448e14d4119665665141070317432b3be","FORMAL_EXP"
"v27_storage\experiments\exp020_lagged_winner_count_regime_signal_v1_001\P45_EXP_020_REGISTRY_RECORD_001.json",".json","903","f98033e12f68267f4121675b7248459cb0a2956fe96aadd0ace5640885cb8345","FORMAL_EXP"
"v27_storage\experiments\exp020_lagged_winner_count_regime_signal_v1_001\P45_EXP_020_SELECTION_LOCK_001.md",".md","505","93ca013250bfb6a53051d1e22538cdc3f3921f2622dda91b11ce19ae079193ed","FORMAL_EXP"
"v27_storage\experiments\lag3_6_reappearance_map_v1_001\P45_LAG3_6_REAPPEARANCE_MAP_V1_PROTOCOL_LOCKED_001.md",".md","2697","f8d72775f2e3de92f1cdfa2c58a0ff7a2e4ff2681624044d8619ae3589d870ec","NON_EXP_EXECUTED"
"v27_storage\experiments\lag3_6_reappearance_map_v1_001\P45_LAG3_6_REAPPEARANCE_MAP_V1_RESULT_001.json",".json","8159","7023d032235313bea8bc5b5ea73ae7f06beb311e78e2edd968fbfcea15bd84a8","NON_EXP_EXECUTED"
"v27_storage\experiments\lag3_6_reappearance_map_v1_001\P45_LAG3_6_REAPPEARANCE_MAP_V1_RESULT_001.md",".md","4680","04a1a19deebd6a57db658ec22006c3b1cd86790d191f67b79512663e1d81354e","NON_EXP_EXECUTED"
"v27_storage\experiments\lag3_6_reappearance_map_v1_001\P45_LAG3_6_REAPPEARANCE_MAP_V1_TRACE_001.csv",".csv","70200","320dd4151f9e2db0d7c8b4ed8d8b8bf4001ab542e5f935131872dd5e96dc5b3d","NON_EXP_EXECUTED"
"v27_storage\experiments\prize_share_exp001_v2\exp_prize_001_v2_result.json",".json","1130","cd5529c36fc83213e6efb8ddc9b1010c2ab7c1a5f82c31f7e00d927c3aae8397","ENGINE_OR_OTHER"
"v27_storage\experiments\prize_share_exp001_v2\reproduction_001\independent_raw_result.json",".json","988","5ceb4ffa7798f046fa292ff1964bc2998f5f262de0fc94be377fe2abc3a8ee87","ENGINE_OR_OTHER"
"v27_storage\experiments\prize_share_exp001_v2\reproduction_001\REPRODUCTION_FINAL_RESULT.md",".md","2101","7204648e17c41f6ae441e17914235fab80a7fd489356559e2e99bc04d0fc1cfd","ENGINE_OR_OTHER"
"v27_storage\experiments\prize_share_exp001_v2\reproduction_001\REPRODUCTION_LOCK.json",".json","533","df5d3ce494509633d78640ada1ab714f56ecc05422ce89cf0331e8c63f55b8b5","ENGINE_OR_OTHER"
"v27_storage\experiments\prize_share_exp001_v2\reproduction_001\REPRODUCTION_PROTOCOL_LOCK.md",".md","1196","8dc73459ef99e9e70f05bf1cf27e95c71d82a05096292b901e88dd5ad4bb9f58","ENGINE_OR_OTHER"
"v27_storage\experiments\prize_share_exp001_v2\semantic_audit.json",".json","3965","490c4d531c097bb699dc12a48d4b4d12f14b317eeae8f8a74e7a90aa65bf07c2","ENGINE_OR_OTHER"
"v27_storage\experiments\prize_share_exp002_v1\exp_prize_002_v1_result.json",".json","1436","785bb10a8d6183f58ac29f7214e5a0ed8a8946784354b1f2f95bfbf7779cc88b","ENGINE_OR_OTHER"
"v27_storage\experiments\prize_share_exp002_v1\state_event.json",".json","3723","88fa09330a23cd4796788536fde7b3bb3d1889cb30062f3516d935b0804c7f3e","ENGINE_OR_OTHER"
"v27_storage\experiments\prize_share_prospective_001_v1\state_event_raw_capture_006.json",".json","4178","65b21f763b31a36595217f349501a91fe50133c055ba6d4f7c620020be20d909","ENGINE_OR_OTHER"
"v27_storage\experiments\prize_share_prospective_001_v1\state_event.json",".json","3986","4b354bb410cb05410609c2e09fdedcc04d0a8f2f9a84de4bf7a08932ad31abf9","ENGINE_OR_OTHER"
"v27_storage\experiments\signal_kts_collision_v1_001\P45_SIGNAL_KTS_COLLISION_V1_BACKTEST_RESULT_001.md",".md","2491","fb59922fcc512d0b11975b40ed9bc58746977f434e9879807af55f6bb3f966b1","NON_EXP_EXECUTED"
"v27_storage\experiments\signal_kts_collision_v1_001\P45_SIGNAL_KTS_COLLISION_V1_PROTOCOL_LOCKED_001.md",".md","2487","8d3a7d1a3ae80083aad2ce132c228dd4901b1a406c2983c2b3bb30801d9d5a98","NON_EXP_EXECUTED"
"v27_storage\experiments\signal_kts_collision_v1_001\P45_SIGNAL_KTS_COLLISION_V1_RESULT_001.json",".json","2767","069160c76b99425c3ed59848f6f6ae0b08fdc3a21bd934b539c86082aba07d72","NON_EXP_EXECUTED"
"v27_storage\experiments\signal_kts_collision_v1_001\P45_SIGNAL_KTS_COLLISION_V1_ROUND_TRACE_001.csv",".csv","293225","df6ec0f8724897cb368cc94973e7df97a92bc15022ba6f5efc56c812273c8526","NON_EXP_EXECUTED"
"v27_storage\experiments\signal_kts_collision_v1_001\P45_SIGNAL_KTS_COLLISION_V1_STRUCTURE_AUDIT_001.json",".json","1078","e639bdbf616e8d70ebaa0cfa9bec30cc404c1e7e783b1ad11e1b5af3498b3b7c","NON_EXP_EXECUTED"
"v27_storage\experiments\signal_kts_collision_v1_001\P45_SIGNAL_KTS_COLLISION_V1_STRUCTURE_AUDIT_001.md",".md","747","64ef2c509f8f17174cc37f9008689f9eda64096b89b15f775d40be3bc9e0189f","NON_EXP_EXECUTED"
"v27_storage\experiments\trio_orbit_divergence_attribution_v1_001\P45_TRIO_ORBIT_DIVERGENCE_ATTRIBUTION_V1_PROTOCOL_LOCKED_001.md",".md","4738","ed799d32979ab560ec85d1a0ba233995bb23a1dbfc1bccd8ef1834419722fac0","NON_EXP_EXECUTED"
"v27_storage\experiments\trio_orbit_divergence_attribution_v1_001\P45_TRIO_ORBIT_DIVERGENCE_ATTRIBUTION_V1_RESULT_001.json",".json","33670","1fefef8c98c40b3bd0f1c4782d0affd697c016667d34a989a42da3175929b166","NON_EXP_EXECUTED"
"v27_storage\experiments\trio_orbit_divergence_attribution_v1_001\P45_TRIO_ORBIT_DIVERGENCE_ATTRIBUTION_V1_RESULT_001.md",".md","4654","d5296017d0cb9e17a1139c9788a3ea7770ec53c17a2539ffe04578e9b9bc1ed7","NON_EXP_EXECUTED"
"v27_storage\experiments\trio_orbit_divergence_attribution_v1_001\P45_TRIO_ORBIT_DIVERGENCE_ATTRIBUTION_V1_TRACE_001.csv",".csv","156417","b2bdad90a982f179b78e66ec028bff00d10797aec9f6dbb87d4f37c40e6a3867","NON_EXP_EXECUTED"
"v27_storage\experiments\trio_orbit_divergence_attribution_v1_001\P45_TRIO_ORBIT_PROSPECTIVE_LOG_SCHEMA_001.md",".md","2209","b2c4195ccea12b833b925309c256113abb006ed9cd133f2580107f8250b1032e","NON_EXP_EXECUTED"
"v27_storage\experiments\trio_orbit_v1_001\P45_TRIO_ORBIT_V1_BACKTEST_RESULT_001.md",".md","2898","3a789b1aa7dc881505b85109bf55bd95322ddaf3455b4aeef4ffdb9440b0721d","NON_EXP_EXECUTED"
"v27_storage\experiments\trio_orbit_v1_001\P45_TRIO_ORBIT_V1_KTS45_SCHEDULE_001.csv",".csv","4445","5f212342c6c27fca8eafbc75d20a55fc4be4ca2961a9c70c3a7af0eca26f1075","NON_EXP_EXECUTED"
"v27_storage\experiments\trio_orbit_v1_001\P45_TRIO_ORBIT_V1_PROTOCOL_LOCKED_001.md",".md","1853","22e8ba6f87d2e1e715abb020e59e8c3493dbf641212fbb3507047d0e16e0ecf7","NON_EXP_EXECUTED"
"v27_storage\experiments\trio_orbit_v1_001\P45_TRIO_ORBIT_V1_RESET_TRACE_001.csv",".csv","6734","955ba6d90d9fe3597f4c097bb5a8c6fc6617b87d4143c5311bc9dc3b3292c9ae","NON_EXP_EXECUTED"
"v27_storage\experiments\trio_orbit_v1_001\P45_TRIO_ORBIT_V1_RESULT_001.json",".json","2787","0b66db16107cc0a1117838302256d1c6d64e9aee5e9ebd309bfcbb7310f0d3ce","NON_EXP_EXECUTED"
"v27_storage\experiments\trio_orbit_v1_001\P45_TRIO_ORBIT_V1_ROUND_TRACE_001.csv",".csv","154189","bcf54e5f13bc3b3ab73eb23d936030648b7da63f9264a10bcdf715bc5ea091e7","NON_EXP_EXECUTED"
v27_storage\experiments\lz76_macro_complexity_v1_001\01_PROTOCOL_LOCKED.md,.md,5051,ca19e210753725ad16f7b692d4be1e9f4a5042ccc1171508141c4a509c1b0b81,NON_EXP_EXECUTED
v27_storage\experiments\lz76_macro_complexity_v1_001\02_PROTOCOL_LOCK_RECORD.json,.json,1167,d4cd14c7a6620c828d22d1c5621431caa1f215f7ec234799447a6755c6244879,NON_EXP_EXECUTED
v27_storage\experiments\lz76_macro_complexity_v1_001\03_PREFLIGHT.md,.md,1513,57d99a554aca3ae44b227b733862169cafc26ff6cb5a09652fa6bb8662bc5856,NON_EXP_EXECUTED
v27_storage\experiments\lz76_macro_complexity_v1_001\04_LZ76_IMPLEMENTATION_NOTE.md,.md,1513,2cd64f6bc8fe306b9e37b89f71b4f991d00185cbf48241bf4521c2029e392985,NON_EXP_EXECUTED
v27_storage\experiments\lz76_macro_complexity_v1_001\05_RESULT.md,.md,1734,7a77b6065a4d476c0955526e6cc89d50afc9731631838c73682720e393a1a415,NON_EXP_EXECUTED
v27_storage\experiments\lz76_macro_complexity_v1_001\06_RESULT.json,.json,955,15f79bbaf51eb888264ca84edcceeaa6165640743cb0db2d96596b7a86724215,NON_EXP_EXECUTED
v27_storage\experiments\lz76_macro_complexity_v1_001\07_RUN_MANIFEST.json,.json,2027,fb89b6824e6ee785b18d0ada3c8f12db1c474f83148f732193ed32f7d5b3ec62,NON_EXP_EXECUTED
v27_storage\experiments\lz76_macro_complexity_v1_001\08_REPRODUCTION_COMMAND.txt,.txt,138,edcf708b923f1ec256879576552cc892053e0837d178ec83522157a434a85a6e,NON_EXP_EXECUTED
v27_storage\experiments\lz76_macro_complexity_v1_001\lz76_calculator.py,.py,13659,03cf0ab639ed9d8afffe672f83dfe8f3128a5e9f127a0dfaa67a2c1195c7c19d,NON_EXP_EXECUTED
v27_storage\experiments\lz76_macro_complexity_v1_001\lz76_locked_execution.py,.py,9029,d9989b975474c7c500700cbbec7e34dcb4f1a876c09e50daf31eafa42f795c27,NON_EXP_EXECUTED
v27_storage\experiments\lz76_macro_complexity_v1_001\lz76_v8_scorer.js,.js,6707,42f9128fd9f0da0ead9dc36013d2830d17a6c50c4ebd9b95580f64a054174041,NON_EXP_EXECUTED
v27_storage\experiments\lz76_macro_complexity_v1_001\Lz76Scorer.cs,.cs,7543,26e004f949846c28170055a5fb2fd72f1c416cbc2c51ef4880a5e647a6d00c97,NON_EXP_EXECUTED
v27_storage\experiments\lz76_macro_complexity_v1_001\Lz76Scorer.dll,.dll,8192,8f14b749e7e40654b15c9d5b27ce4deb941301f344f4bc9dd34c31b40bf0f8db,NON_EXP_EXECUTED
v27_storage\experiments\lz76_macro_complexity_v1_001\P45_LZ76_MASTER_APPEND_PROPOSAL.md,.md,1082,a50d0e0e92963a04fb14b74bc1aa6ed9ec298a1d5d42a34e1bd3f58773947194,NON_EXP_EXECUTED
v27_storage\experiments\lz76_macro_complexity_v1_001\primary_calculation.json,.json,3450,60437581cfc71aa7fe34d931425b9a24f799c3e7df016ea42b9fd7598a38cee4,NON_EXP_EXECUTED
v27_storage\experiments\lz76_macro_complexity_v1_001\reproduction_calculation.json,.json,3853,2b54d01981fb3c450a5be8a43caea3e558f1cee38c730b8e5f80db5ba569428a,NON_EXP_EXECUTED
v27_storage\audits\whole_engine_synthetic_replay_semantics_recovery_001\WHOLE_ENGINE_SYNTHETIC_REPLAY_SEMANTICS_SPEC_001.md,.md,2797,71b7e31fc59fe749fc9593ac583dd50084ebac143060cf73141fe1493b02387b,AUDIT_BLOCKED_EVIDENCE
v27_storage\audits\whole_engine_synthetic_replay_semantics_recovery_001\LIFECYCLE_LINEAGE_AUDIT.md,.md,1719,0b5683f1fe922536fe2bc69cb0c905706a992fb707c77367732d5db9ade7a48c,AUDIT_BLOCKED_EVIDENCE
v27_storage\audits\whole_engine_synthetic_replay_semantics_recovery_001\REBUILD_EQUIVALENCE_RESULT.json,.json,1688,f2fcf2835a8a79a90f0df6c9e487100e0bdafe1ee8e208d79c2a8b16afebd3d5,AUDIT_BLOCKED_EVIDENCE
v27_storage\audits\whole_engine_synthetic_replay_semantics_recovery_001\PROTECTED_HASH_CHECK.json,.json,967,c389ce7619eb7c99a9c5ff42aab5047a83ab16501e46a2b45fbd40bb3fdbc7db,AUDIT_BLOCKED_EVIDENCE
v27_storage\audits\whole_engine_synthetic_replay_semantics_recovery_001\FINAL_RESULT.md,.md,1037,449b305d5ba9dc01eb168e90533956f24c0494fcbfb6bdb73faa45cef5a24cf2,AUDIT_BLOCKED_EVIDENCE
v27_storage\audits\web_finalization_auto_update_ui_001\ROOT_CAUSE_AUDIT.md,.md,1106,eb3dfa6e1d524f64d48254761bb9e9d009e209f6c9609c37ca94df2c19a127d7,WEB_OPERATION_EVIDENCE
v27_storage\audits\web_finalization_auto_update_ui_001\AUTO_UPDATE_EXECUTION_TRACE.md,.md,772,d9791041b798db643d8db08e4f763f743708d65bcf4938c4b140b3b4aecddc24,WEB_OPERATION_EVIDENCE
v27_storage\audits\web_finalization_auto_update_ui_001\UI_BEFORE_AFTER.md,.md,962,6ef1d450cb5a3d0129ecea7dc1c2ddfd72f4cf0a76c70900ba1e2c5dba2deca7,WEB_UI_EVIDENCE
v27_storage\audits\web_finalization_auto_update_ui_001\TEST_RESULTS.md,.md,815,f325f3788a673e92484cd677f1943cbee8852f343c61d67430a14fe4fd6d049c,WEB_VERIFICATION_EVIDENCE
v27_storage\audits\web_finalization_auto_update_ui_001\FINAL_RESULT.md,.md,619,1ff6fa315a843e7e3d4d285f9d54d2ec27c7a404547f9d2c34584b9f27e9ed37,WEB_FINAL_EVIDENCE
"v27_storage\audits\web_joseon_heritage_001\browser_checks.json",".json","4291","cc8264d133a3d890027d3723df4a34210da15b3fd5adcd079cbb00d6fcae95a0","WEB_JOSEON_UI_EVIDENCE"
"v27_storage\audits\web_joseon_heritage_001\FINAL_REPORT.md",".md","6629","42c349dcad7633024fe0c8694cc2c98292fc9feed7683f29f820d82cb8976b50","WEB_JOSEON_UI_EVIDENCE"
"v27_storage\audits\web_joseon_heritage_001\protected_before.json",".json","4316","c8c8488c4c4a5d789855f9232303b64000520a540e9835066b1588e44dbd78fc","WEB_JOSEON_UI_EVIDENCE"
"v27_storage\audits\web_joseon_heritage_001\protected_comparison.json",".json","6584","e81ea57a9d1b7b7adfd8af40688f1fe79aa3e10f8a0303968cc40c238a57f24e","WEB_JOSEON_UI_EVIDENCE"
"v27_storage\audits\web_joseon_heritage_001\status_after.json",".json","8888","72d3e6820e5e3286cecd9375ee1b7b5d00ac929f1850404e8af629d5323130bd","WEB_JOSEON_UI_EVIDENCE"
"v27_storage\audits\web_joseon_heritage_001\status_before.json",".json","9173","9e8e1c876e59cfb0d6f805851f32e66489d60ba454b9bee13be2c84bc6c6c0aa","WEB_JOSEON_UI_EVIDENCE"
"v27_storage\audits\web_joseon_heritage_001\verify_ui.cjs",".cjs","4812","022c2a116236b2c850683ab75ad84fbd6e42d0401e3534cff463d554c6282615","WEB_JOSEON_UI_EVIDENCE"
"v27_storage\audits\web_joseon_heritage_001\before\app.js",".js","11701","9aee5cf490eb5245ce0098121595a365e73affe5ac142f037bca3317bc143bee","WEB_JOSEON_UI_EVIDENCE"
"v27_storage\audits\web_joseon_heritage_001\before\index.html",".html","10285","71a725798e991419ecb6c07b97f5d38c921dfcaaad5ba223ffb6b8c935caa962","WEB_JOSEON_UI_EVIDENCE"
"v27_storage\audits\web_joseon_heritage_001\before\styles.css",".css","27383","6f6758896d8902e69b171e24f8a0f23eaf8b37ba37d599afe3045c77f82402d4","WEB_JOSEON_UI_EVIDENCE"
"v27_storage\audits\web_joseon_heritage_001\screenshots\desktop_1366.png",".png","426278","cf6e3a75cc41796e2002bf1eec448976bc89f151e9612e3b3854b06d0a95967c","WEB_JOSEON_UI_EVIDENCE"
"v27_storage\audits\web_joseon_heritage_001\screenshots\desktop_1440.png",".png","427556","456fc5cb2d7e06c11281459d768af7410685be1018d3ed7f6dc1e35c24dbc1d1","WEB_JOSEON_UI_EVIDENCE"
"v27_storage\audits\web_joseon_heritage_001\screenshots\detail_1240_390.png",".png","140743","936feeba8cb6188fff89b9b06a303aa6ddf1814241fb5600a6e36471b34881a9","WEB_JOSEON_UI_EVIDENCE"
"v27_storage\audits\web_joseon_heritage_001\screenshots\detail_1241_390.png",".png","301460","1eca5ad67c288d0f62e2775c1b1e6674deafb84c58735223eff3e567a050d693","WEB_JOSEON_UI_EVIDENCE"
"v27_storage\audits\web_joseon_heritage_001\screenshots\mobile_390.png",".png","266039","e67753200ecc6df4109763a021018860e7acc9836110dcb83c39dfdc6229d595","WEB_JOSEON_UI_EVIDENCE"
"v27_storage\audits\web_joseon_heritage_001\screenshots\mobile_412.png",".png","276763","6464ada1f1e81553e42ceda09da47cf7be641652f3e6d4a571a65727f0442100","WEB_JOSEON_UI_EVIDENCE"
"v27_storage\audits\web_joseon_heritage_001\screenshots\mobile_430.png",".png","284227","b83001855ffa3b930bef6136abffffed8eeb12515ed8d694d1aec73486efeb39","WEB_JOSEON_UI_EVIDENCE"
"v27_storage\audits\web_joseon_heritage_001\screenshots\mobile_menu_390.png",".png","189496","ab9f33fb8d93ec2ba4a1453170bdcfdcc2273d5c54b52b8b9603fefb2055f30f","WEB_JOSEON_UI_EVIDENCE"
"v27_storage\audits\web_joseon_heritage_001\screenshots\prospective_1366.png",".png","395912","cc21762e864fb8cf271e2934852f688f81a333bdb8742fe424f6b7240508b2a0","WEB_JOSEON_UI_EVIDENCE"
"v27_storage\audits\web_joseon_heritage_001\screenshots\prospective_390.png",".png","139457","fe1f4d12d7c341ef1cf548cf3301316cd7b89cd6b9d5f9bb7a8f73cbd7c6d2f2","WEB_JOSEON_UI_EVIDENCE"
"v27_storage\audits\web_joseon_heritage_001\screenshots\prospective_768.png",".png","147529","b218972c66f5ea5a171f0daa50bd6e7bbd0197ac70878f08af1b26b0ba64528f","WEB_JOSEON_UI_EVIDENCE"
"v27_storage\audits\web_joseon_heritage_001\screenshots\prospective_980.png",".png","163248","865f19c696f2c6b366ea9b993291ff6fadb80e17fe2db950cf66a209452a3505","WEB_JOSEON_UI_EVIDENCE"
"v27_storage\audits\web_joseon_heritage_001\screenshots\prospective_981.png",".png","313407","7eee556d903518ce9d209e8482ebb692e2c5a78645372043bd9418b74cfb5e72","WEB_JOSEON_UI_EVIDENCE"
"v27_storage\audits\web_joseon_heritage_001\screenshots\status_1366.png",".png","426278","cf6e3a75cc41796e2002bf1eec448976bc89f151e9612e3b3854b06d0a95967c","WEB_JOSEON_UI_EVIDENCE"
"v27_storage\audits\web_joseon_heritage_001\screenshots\status_390.png",".png","266039","e67753200ecc6df4109763a021018860e7acc9836110dcb83c39dfdc6229d595","WEB_JOSEON_UI_EVIDENCE"
"v27_storage\audits\web_joseon_heritage_001\screenshots\status_768.png",".png","320873","6c0749ab6d05e5d8ae9b2c84bf169ea736baa73a3b0f3164847fa5c5cd0a3529","WEB_JOSEON_UI_EVIDENCE"
"v27_storage\audits\web_joseon_heritage_001\screenshots\status_980.png",".png","375243","7b9eff7abe8003592e79a89d0d2bed762a28ba0199a5c8f5a102e6c94d288124","WEB_JOSEON_UI_EVIDENCE"
"v27_storage\audits\web_joseon_heritage_001\screenshots\status_981.png",".png","385710","7755ba2643f65e4461018d92009a4c21369674fc7514a36847582a1f056a7ea9","WEB_JOSEON_UI_EVIDENCE"
"v27_storage\audits\web_joseon_heritage_001\screenshots\system_1366.png",".png","337915","9d24ff314dc56bc0a183cf2e6f04bafd92f90efde5ae1b99d0d577d3054a085c","WEB_JOSEON_UI_EVIDENCE"
"v27_storage\audits\web_joseon_heritage_001\screenshots\system_390.png",".png","247209","b6eb2e46d6836958113d7336be5a7d68912459046d7f3c26dc5bb4498242c817","WEB_JOSEON_UI_EVIDENCE"
"v27_storage\audits\web_joseon_heritage_001\screenshots\system_768.png",".png","240273","7f84c5fe6cf16348f2c1a5b2b76244a61e59d32d38c71fbe2afae1498acee7b2","WEB_JOSEON_UI_EVIDENCE"
"v27_storage\audits\web_joseon_heritage_001\screenshots\system_980.png",".png","262613","28b97a535913a96c280473f2684bcac7c4af62b20e4be46d662bb7bf8faba1f2","WEB_JOSEON_UI_EVIDENCE"
"v27_storage\audits\web_joseon_heritage_001\screenshots\system_981.png",".png","283859","c586a7c1ed8b77c82fc6f96070a3b3a731d29908e97b794cafc4a8652070c17d","WEB_JOSEON_UI_EVIDENCE"
