round,number_input_count,number_pass_count,number_candidate_count,number_gate,trio_raw_candidate_count,trio_valid_count,trio_gate,pair_raw_candidate_count,pair_valid_count,pair_gate,core_raw_candidate_count,core_available_count,core_gate,pair_ready,pair_test_ready,pair_research_hold,pair_system_hold,official_stop_stage,official_output_available,root_cause_morphology,row_hash
369,45,0,12,PASS,220,11,PASS,20,0,PASS,20,0,FAIL,0,0,0,20,CORE_STAGE_STOP,False,IMPLEMENTATION_OR_DEFINITION_ANOMALY,d07932109a1ff048f3e3d62d10fbd10f118b04dbd7562b7d04e29087bfc0e2c2
370,45,0,12,PASS,220,3,PASS,0,0,FAIL,0,0,UPSTREAM_OBJECT_ABSENT,0,0,0,0,PAIR_STAGE_STOP,False,PAIR_BOTTLENECK,ef3b2f487b0ca88afd8da5161657f0a9ef2e102c84c292c3bd5af48aa399e44a
371,45,0,12,PASS,12,0,FAIL,0,0,UPSTREAM_OBJECT_ABSENT,0,0,UPSTREAM_OBJECT_ABSENT,0,0,0,0,TRIO_STAGE_STOP,False,TRIO_BOTTLENECK,a51d1483bf2943747d3d34bcaf9ba1394a34a53267177773a5b8264e50c57968
372,45,0,12,PASS,220,0,FAIL,0,0,UPSTREAM_OBJECT_ABSENT,0,0,UPSTREAM_OBJECT_ABSENT,0,0,0,0,TRIO_STAGE_STOP,False,TRIO_BOTTLENECK,9cd893f0b67f7c9e6674cef8f2f12580c5cafdf25313ce7fdaf78544261db800
373,45,0,12,PASS,47,0,FAIL,0,0,UPSTREAM_OBJECT_ABSENT,0,0,UPSTREAM_OBJECT_ABSENT,0,0,0,0,TRIO_STAGE_STOP,False,TRIO_BOTTLENECK,96632d5b572d1563e8450e930a7211dea6c5d4ff57f4f0c4dc75f36e17d57e7b
374,45,0,12,PASS,71,0,FAIL,0,0,UPSTREAM_OBJECT_ABSENT,0,0,UPSTREAM_OBJECT_ABSENT,0,0,0,0,TRIO_STAGE_STOP,False,TRIO_BOTTLENECK,1fe1da006ee7379a7c0931cf018daa79de682fdead2a2f5473bb80d6ab7d3ccf
375,45,0,9,PASS,84,0,FAIL,0,0,UPSTREAM_OBJECT_ABSENT,0,0,UPSTREAM_OBJECT_ABSENT,0,0,0,0,TRIO_STAGE_STOP,False,TRIO_BOTTLENECK,ea94aab86c872efacadd5224367e0e2a73200e43629a5281173f5e484e4ba8b0
376,45,0,12,PASS,220,10,PASS,4,0,PASS,4,0,FAIL,0,0,0,4,CORE_STAGE_STOP,False,IMPLEMENTATION_OR_DEFINITION_ANOMALY,4fbd0dab5c22ff5418a58c805cb7d52dbe85aab7aa735dee85879f4f0f1bab8f
377,45,2,12,PASS,220,0,FAIL,0,0,UPSTREAM_OBJECT_ABSENT,0,0,UPSTREAM_OBJECT_ABSENT,0,0,0,0,TRIO_STAGE_STOP,False,TRIO_BOTTLENECK,aa6fe189cb0d99d1e2e02ab128d2bf5aeacd128eca711ad777c0780bce8327bf
378,45,0,12,PASS,220,12,PASS,11,0,PASS,11,0,FAIL,0,0,0,11,CORE_STAGE_STOP,False,IMPLEMENTATION_OR_DEFINITION_ANOMALY,72c35215e9b0575197395c64192a4f1f45a1284a3e9ebe053b9207dac615c9df
379,45,0,12,PASS,220,16,PASS,34,0,PASS,34,0,FAIL,0,0,0,34,CORE_STAGE_STOP,False,IMPLEMENTATION_OR_DEFINITION_ANOMALY,0547de0411f0a3d73b6985b635b4232c0bb68ef4f3b86dc2d7957eedf175df3f
380,45,1,12,PASS,220,0,FAIL,0,0,UPSTREAM_OBJECT_ABSENT,0,0,UPSTREAM_OBJECT_ABSENT,0,0,0,0,TRIO_STAGE_STOP,False,TRIO_BOTTLENECK,560e1a64e04b2aafc4598d3a075bf457a4eb73e8189a82a2c30fd5be2ab8cde2
381,45,0,10,PASS,120,0,FAIL,0,0,UPSTREAM_OBJECT_ABSENT,0,0,UPSTREAM_OBJECT_ABSENT,0,0,0,0,TRIO_STAGE_STOP,False,TRIO_BOTTLENECK,d0d86d8a75bb039b72bd9a2eca5798328b202a0c394852024d07804eec2df90e
382,45,0,12,PASS,102,0,FAIL,0,0,UPSTREAM_OBJECT_ABSENT,0,0,UPSTREAM_OBJECT_ABSENT,0,0,0,0,TRIO_STAGE_STOP,False,TRIO_BOTTLENECK,cc7f76e916d6bad59dfc71015b20be2061c6272999edaa74b980c673a5844212
383,45,0,12,PASS,206,0,FAIL,0,0,UPSTREAM_OBJECT_ABSENT,0,0,UPSTREAM_OBJECT_ABSENT,0,0,0,0,TRIO_STAGE_STOP,False,TRIO_BOTTLENECK,54d1397f9775e521f694a4e288aebe60c1d03b19948ae6e61db4938e96b990e7
384,45,0,12,PASS,220,26,PASS,101,0,PASS,101,0,FAIL,0,0,0,101,CORE_STAGE_STOP,False,IMPLEMENTATION_OR_DEFINITION_ANOMALY,4980388e7c7ac895c5e42fc578a20fcd9efe3f5e07cd6e477e7497f6d6d1b7f3
385,45,0,12,PASS,220,30,PASS,94,0,PASS,94,0,FAIL,0,0,0,94,CORE_STAGE_STOP,False,IMPLEMENTATION_OR_DEFINITION_ANOMALY,6066017472ed460dca4e0fd0439cdf7d73af4567562c6946cf0205717806c4e3
386,45,0,12,PASS,165,0,FAIL,0,0,UPSTREAM_OBJECT_ABSENT,0,0,UPSTREAM_OBJECT_ABSENT,0,0,0,0,TRIO_STAGE_STOP,False,TRIO_BOTTLENECK,5a1244ee4c857ea9ecffd64306e7a11ba19ffb3538d998bd8b72938c09e9effa
387,45,0,12,PASS,220,30,PASS,138,0,PASS,138,0,FAIL,0,0,0,138,CORE_STAGE_STOP,False,IMPLEMENTATION_OR_DEFINITION_ANOMALY,53eaa769c317a81aba81b3ce0f38a4f9b5ebe6313ac74d7a035333b06e9bcd04
388,45,0,12,PASS,220,0,FAIL,0,0,UPSTREAM_OBJECT_ABSENT,0,0,UPSTREAM_OBJECT_ABSENT,0,0,0,0,TRIO_STAGE_STOP,False,TRIO_BOTTLENECK,13133ac01b8b1c112ada3141cfe32340a8ab7b557cc6770cec0a6e05378fcd41
389,45,0,12,PASS,220,55,PASS,551,0,PASS,551,0,FAIL,0,0,0,551,CORE_STAGE_STOP,False,IMPLEMENTATION_OR_DEFINITION_ANOMALY,f107af19db9b8e4f04390afbe28509418be779bdf86cc7b574e0805559795528
390,45,0,11,PASS,165,0,FAIL,0,0,UPSTREAM_OBJECT_ABSENT,0,0,UPSTREAM_OBJECT_ABSENT,0,0,0,0,TRIO_STAGE_STOP,False,TRIO_BOTTLENECK,088cd20457770446100ef713e8fb2b137edbc2af999133801dbd2a61ff01997c
391,45,0,12,PASS,176,0,FAIL,0,0,UPSTREAM_OBJECT_ABSENT,0,0,UPSTREAM_OBJECT_ABSENT,0,0,0,0,TRIO_STAGE_STOP,False,TRIO_BOTTLENECK,5e557226eb999dc1dc6fd84501969311941b5dfa631062866107a23bab1e39c4
392,45,0,10,PASS,120,19,PASS,51,0,PASS,51,0,FAIL,0,0,0,51,CORE_STAGE_STOP,False,IMPLEMENTATION_OR_DEFINITION_ANOMALY,0313bb658539552d4e0719c67d49faad721c9ac7515d26482a6b5af4c4823f26
393,45,0,12,PASS,219,0,FAIL,0,0,UPSTREAM_OBJECT_ABSENT,0,0,UPSTREAM_OBJECT_ABSENT,0,0,0,0,TRIO_STAGE_STOP,False,TRIO_BOTTLENECK,7d0478c132000818c2eb28f49145ace1840b3167249718631344ed699ad83cf3
394,45,0,12,PASS,220,21,PASS,27,0,PASS,27,0,FAIL,0,0,0,27,CORE_STAGE_STOP,False,IMPLEMENTATION_OR_DEFINITION_ANOMALY,98ea7cb39a21c55aa13c975eda874684b50b7197f5019b99d2f332b7bc4f360d
395,45,0,12,PASS,220,0,FAIL,0,0,UPSTREAM_OBJECT_ABSENT,0,0,UPSTREAM_OBJECT_ABSENT,0,0,0,0,TRIO_STAGE_STOP,False,TRIO_BOTTLENECK,16864801e42ac647a8037f15b0e18e7647bfe10ba95b7cea81346d83c6fab9c3
396,45,0,12,PASS,220,24,PASS,79,0,PASS,79,0,FAIL,0,0,0,79,CORE_STAGE_STOP,False,IMPLEMENTATION_OR_DEFINITION_ANOMALY,276aae812202c887ebb53eb695d07a1e2134809dfb7d5553d0341b1014135713
397,45,0,7,PASS,35,0,FAIL,0,0,UPSTREAM_OBJECT_ABSENT,0,0,UPSTREAM_OBJECT_ABSENT,0,0,0,0,TRIO_STAGE_STOP,False,TRIO_BOTTLENECK,e1d98e1a09abddc50f33ba7aa24c626da11166b5000d40a3d40e245c3f62c952
398,45,6,6,PASS,20,0,FAIL,0,0,UPSTREAM_OBJECT_ABSENT,0,0,UPSTREAM_OBJECT_ABSENT,0,0,0,0,TRIO_STAGE_STOP,False,TRIO_BOTTLENECK,67574011683a31eebf9985c185350ea70642e62b8828e9ab31ee695d3463f23e
399,45,7,7,PASS,35,0,FAIL,0,0,UPSTREAM_OBJECT_ABSENT,0,0,UPSTREAM_OBJECT_ABSENT,0,0,0,0,TRIO_STAGE_STOP,False,TRIO_BOTTLENECK,a94e3c2df564cd242d04b153cd9c3fd9fcd50978021e3f4474ce3eb83e5b08c8
400,45,0,7,PASS,35,0,FAIL,0,0,UPSTREAM_OBJECT_ABSENT,0,0,UPSTREAM_OBJECT_ABSENT,0,0,0,0,TRIO_STAGE_STOP,False,TRIO_BOTTLENECK,d97da08455848da6a9961fd42d0531960abc4604c21b814ce765c432c88e52a3
401,45,0,12,PASS,220,17,PASS,44,0,PASS,44,0,FAIL,0,0,0,44,CORE_STAGE_STOP,False,IMPLEMENTATION_OR_DEFINITION_ANOMALY,426563521f23bfc7e6aa20bde380953feaa1af2dec69b2d73914a6bc2498ee97
402,45,1,12,PASS,220,0,FAIL,0,0,UPSTREAM_OBJECT_ABSENT,0,0,UPSTREAM_OBJECT_ABSENT,0,0,0,0,TRIO_STAGE_STOP,False,TRIO_BOTTLENECK,85e9399e955e50972a47132c7fe87a90cfa68bda5a548baf10893f8fde7577dd
403,45,0,12,PASS,220,0,FAIL,0,0,UPSTREAM_OBJECT_ABSENT,0,0,UPSTREAM_OBJECT_ABSENT,0,0,0,0,TRIO_STAGE_STOP,False,TRIO_BOTTLENECK,9829b83a48734114b958f927a61e327e65535be96271820bdb6b7116c917d0c3
404,45,0,12,PASS,220,7,PASS,0,0,FAIL,0,0,UPSTREAM_OBJECT_ABSENT,0,0,0,0,PAIR_STAGE_STOP,False,PAIR_BOTTLENECK,0fcbb5c20ee75eff45988b3a856fd9d59dcbb6c7f9141499e02cdfcce247473a
405,45,0,12,PASS,220,25,PASS,77,0,PASS,77,0,FAIL,0,0,0,77,CORE_STAGE_STOP,False,IMPLEMENTATION_OR_DEFINITION_ANOMALY,ea6ddfad80f781907c6b5a1773e796001cd803172ef14b364089b59537080d6f
406,45,0,12,PASS,210,0,FAIL,0,0,UPSTREAM_OBJECT_ABSENT,0,0,UPSTREAM_OBJECT_ABSENT,0,0,0,0,TRIO_STAGE_STOP,False,TRIO_BOTTLENECK,eeb53f07f55169c0ae8b87bcddcb63bf27eef148349729332298d17559e83697
407,45,2,12,PASS,220,0,FAIL,0,0,UPSTREAM_OBJECT_ABSENT,0,0,UPSTREAM_OBJECT_ABSENT,0,0,0,0,TRIO_STAGE_STOP,False,TRIO_BOTTLENECK,e8d2536bc104c22d091b3b734ea89cc6f39e2a11662964cddae270a50a045676
408,45,0,12,PASS,220,0,FAIL,0,0,UPSTREAM_OBJECT_ABSENT,0,0,UPSTREAM_OBJECT_ABSENT,0,0,0,0,TRIO_STAGE_STOP,False,TRIO_BOTTLENECK,9812f5d11492a97c0dd414b54377d38e1b4a3867d7db5f0902ceb9f0a5b0b03f
409,45,0,12,PASS,220,23,PASS,74,0,PASS,74,0,FAIL,0,0,0,74,CORE_STAGE_STOP,False,IMPLEMENTATION_OR_DEFINITION_ANOMALY,f490218d6f6841b18215278fcb2765827671a0ff6e807b4ae6a4d7271a9f0cfa
410,45,0,12,PASS,220,0,FAIL,0,0,UPSTREAM_OBJECT_ABSENT,0,0,UPSTREAM_OBJECT_ABSENT,0,0,0,0,TRIO_STAGE_STOP,False,TRIO_BOTTLENECK,aa1b9cae679eddb1bd9659230722836e941d00c463e8140594c5bfb95c7a8899
411,45,0,12,PASS,220,0,FAIL,0,0,UPSTREAM_OBJECT_ABSENT,0,0,UPSTREAM_OBJECT_ABSENT,0,0,0,0,TRIO_STAGE_STOP,False,TRIO_BOTTLENECK,9ea5efa9a26728353b2ecb989ef975ed9e715e015486e6270d28da4c8cec1f2c
412,45,0,12,PASS,220,46,PASS,346,0,PASS,346,0,FAIL,0,0,0,346,CORE_STAGE_STOP,False,IMPLEMENTATION_OR_DEFINITION_ANOMALY,a9118d121a07ee32d7927b064b13db07ae60ea732ed3e7c6ef50991168e65389
413,45,0,12,PASS,65,0,FAIL,0,0,UPSTREAM_OBJECT_ABSENT,0,0,UPSTREAM_OBJECT_ABSENT,0,0,0,0,TRIO_STAGE_STOP,False,TRIO_BOTTLENECK,8b7a9c0d7d970f9025cda59a24ded340624161f720253713f8631e8cd6f007b6
414,45,0,12,PASS,220,22,PASS,62,0,PASS,62,0,FAIL,0,0,0,62,CORE_STAGE_STOP,False,IMPLEMENTATION_OR_DEFINITION_ANOMALY,ecc5f6db23a8d137a79a93faaac9768b6ca7192437e549609d9ad099f695c683
415,45,0,12,PASS,133,0,FAIL,0,0,UPSTREAM_OBJECT_ABSENT,0,0,UPSTREAM_OBJECT_ABSENT,0,0,0,0,TRIO_STAGE_STOP,False,TRIO_BOTTLENECK,a76f2bf2562ca95bacb4b7873b9efd0dcb4bea3b330d91a6439efaa0f4f9153d
416,45,0,6,PASS,20,0,FAIL,0,0,UPSTREAM_OBJECT_ABSENT,0,0,UPSTREAM_OBJECT_ABSENT,0,0,0,0,TRIO_STAGE_STOP,False,TRIO_BOTTLENECK,eb7757cf05923540662282d2ee1517bbd2388082f8d974c2330e828ee4e7f3aa
417,45,0,12,PASS,220,35,PASS,165,0,PASS,165,0,FAIL,0,0,0,165,CORE_STAGE_STOP,False,IMPLEMENTATION_OR_DEFINITION_ANOMALY,623595b6dcd5797c6f87bebbbf25c7ec46c4f715f013443c9b90fc21389a39e2
418,45,0,12,PASS,220,8,PASS,4,0,PASS,4,0,FAIL,0,0,0,4,CORE_STAGE_STOP,False,IMPLEMENTATION_OR_DEFINITION_ANOMALY,e061cc6a9cdcfa83efda6f62af6ec954cdf8f9265a10735f3e3baf9d3199beb4
419,45,0,12,PASS,133,0,FAIL,0,0,UPSTREAM_OBJECT_ABSENT,0,0,UPSTREAM_OBJECT_ABSENT,0,0,0,0,TRIO_STAGE_STOP,False,TRIO_BOTTLENECK,146d17ff6028e6532b390e832fc6fb785f0f2c2bee176de426b729b9ca25eab2
420,45,0,12,PASS,145,0,FAIL,0,0,UPSTREAM_OBJECT_ABSENT,0,0,UPSTREAM_OBJECT_ABSENT,0,0,0,0,TRIO_STAGE_STOP,False,TRIO_BOTTLENECK,4747555476ecddfbf97a77d741397c0ab89a25da6e1c2894b615696f71355b78
421,45,0,12,PASS,99,0,FAIL,0,0,UPSTREAM_OBJECT_ABSENT,0,0,UPSTREAM_OBJECT_ABSENT,0,0,0,0,TRIO_STAGE_STOP,False,TRIO_BOTTLENECK,cad5badfa877fe92fc2eb5d708c144c3551e75d7870bd3a16ab298c3d6ddfa70
422,45,0,10,PASS,120,0,FAIL,0,0,UPSTREAM_OBJECT_ABSENT,0,0,UPSTREAM_OBJECT_ABSENT,0,0,0,0,TRIO_STAGE_STOP,False,TRIO_BOTTLENECK,bc199b9d9ce01085d27b1781987ef8dfadd1d7a20ff8894da8079b1188e8f01b
423,45,0,12,PASS,220,0,FAIL,0,0,UPSTREAM_OBJECT_ABSENT,0,0,UPSTREAM_OBJECT_ABSENT,0,0,0,0,TRIO_STAGE_STOP,False,TRIO_BOTTLENECK,0cd42adc9e0e990684f92c40197e990de8f5616cd57cd084ce083040460fa9d0
424,45,0,12,PASS,220,0,FAIL,0,0,UPSTREAM_OBJECT_ABSENT,0,0,UPSTREAM_OBJECT_ABSENT,0,0,0,0,TRIO_STAGE_STOP,False,TRIO_BOTTLENECK,9f1a4dcaba21d1e3f7ecb72823643950e2ef4c7706e512adf2b18a7d6ed1868a
425,45,0,12,PASS,220,0,FAIL,0,0,UPSTREAM_OBJECT_ABSENT,0,0,UPSTREAM_OBJECT_ABSENT,0,0,0,0,TRIO_STAGE_STOP,False,TRIO_BOTTLENECK,ce8b70c6e1635deed5fd01ae760631274e758fc91bc4032a734da1a9b8a80ecd
426,45,6,6,PASS,20,0,FAIL,0,0,UPSTREAM_OBJECT_ABSENT,0,0,UPSTREAM_OBJECT_ABSENT,0,0,0,0,TRIO_STAGE_STOP,False,TRIO_BOTTLENECK,2ba377c894a41a0db96dc7ba463a168421a9bd666c4799492d5e064b1f5d98ba
427,45,0,8,PASS,56,0,FAIL,0,0,UPSTREAM_OBJECT_ABSENT,0,0,UPSTREAM_OBJECT_ABSENT,0,0,0,0,TRIO_STAGE_STOP,False,TRIO_BOTTLENECK,8506328036fa0303a2743f7f4c3cd8b68f17ac3ef69950084f59af359d6c6ead
428,45,0,12,PASS,220,0,FAIL,0,0,UPSTREAM_OBJECT_ABSENT,0,0,UPSTREAM_OBJECT_ABSENT,0,0,0,0,TRIO_STAGE_STOP,False,TRIO_BOTTLENECK,1c58cc0a603a33bcb4933801365de690846a3d1dd892aad709e3ba5aeee2eae4
429,45,2,12,PASS,220,0,FAIL,0,0,UPSTREAM_OBJECT_ABSENT,0,0,UPSTREAM_OBJECT_ABSENT,0,0,0,0,TRIO_STAGE_STOP,False,TRIO_BOTTLENECK,d1153420466add2d7af77439f4164e943361b3f915d631b4fb683e1a2817e3f7
430,45,1,12,PASS,220,0,FAIL,0,0,UPSTREAM_OBJECT_ABSENT,0,0,UPSTREAM_OBJECT_ABSENT,0,0,0,0,TRIO_STAGE_STOP,False,TRIO_BOTTLENECK,ca8b753ee9f4d3a3bd29bfd5a22929a7d2b7658f054eb4675e6ed6cd6132be21
431,45,0,12,PASS,220,37,PASS,218,0,PASS,218,0,FAIL,0,0,0,218,CORE_STAGE_STOP,False,IMPLEMENTATION_OR_DEFINITION_ANOMALY,ab57fd375be3dc3906dc481a92d9e17f3c5606e82cae7bcba3963de185868e66
432,45,2,12,PASS,220,0,FAIL,0,0,UPSTREAM_OBJECT_ABSENT,0,0,UPSTREAM_OBJECT_ABSENT,0,0,0,0,TRIO_STAGE_STOP,False,TRIO_BOTTLENECK,0e59e086a3fa86793581977d14a5fa4cda5df774a618f58bfee708d8e6f8613f
433,45,0,8,PASS,56,0,FAIL,0,0,UPSTREAM_OBJECT_ABSENT,0,0,UPSTREAM_OBJECT_ABSENT,0,0,0,0,TRIO_STAGE_STOP,False,TRIO_BOTTLENECK,28dff8fb18a1daff57e41c7767cebfd783b09c3d4b0259ebaf099632b5ad9a91
434,45,0,12,PASS,220,0,FAIL,0,0,UPSTREAM_OBJECT_ABSENT,0,0,UPSTREAM_OBJECT_ABSENT,0,0,0,0,TRIO_STAGE_STOP,False,TRIO_BOTTLENECK,210e1ba786e6c7b84ef42ac1040702904023a1f28a2360391ea092e7d6c40765
435,45,4,12,PASS,220,0,FAIL,0,0,UPSTREAM_OBJECT_ABSENT,0,0,UPSTREAM_OBJECT_ABSENT,0,0,0,0,TRIO_STAGE_STOP,False,TRIO_BOTTLENECK,834c0060236dc7908c8549cde0a20bfe1b437e3c2812740ac6bae84d6b0e4e8d
436,45,8,8,PASS,56,0,FAIL,0,0,UPSTREAM_OBJECT_ABSENT,0,0,UPSTREAM_OBJECT_ABSENT,0,0,0,0,TRIO_STAGE_STOP,False,TRIO_BOTTLENECK,b6982ff3b4e4ef0dde693f31f4974e4c0c0a051b0963fdfc6548dd0f54073668
437,45,2,12,PASS,220,0,FAIL,0,0,UPSTREAM_OBJECT_ABSENT,0,0,UPSTREAM_OBJECT_ABSENT,0,0,0,0,TRIO_STAGE_STOP,False,TRIO_BOTTLENECK,1aa74e9708547cf61735510ae480e29bb8684bd6798eea5e00a514bb05931c11
438,45,0,12,PASS,220,0,FAIL,0,0,UPSTREAM_OBJECT_ABSENT,0,0,UPSTREAM_OBJECT_ABSENT,0,0,0,0,TRIO_STAGE_STOP,False,TRIO_BOTTLENECK,0181682e038a68d7a6e7f522fcd55965ab26fcb5b3ba4cb19b7740dcce477ceb
439,45,0,12,PASS,220,0,FAIL,0,0,UPSTREAM_OBJECT_ABSENT,0,0,UPSTREAM_OBJECT_ABSENT,0,0,0,0,TRIO_STAGE_STOP,False,TRIO_BOTTLENECK,cbc06356671962f509c9cd8d949e43486e342a6a8a1e8cb895501ca1256de4aa
440,45,0,9,PASS,84,0,FAIL,0,0,UPSTREAM_OBJECT_ABSENT,0,0,UPSTREAM_OBJECT_ABSENT,0,0,0,0,TRIO_STAGE_STOP,False,TRIO_BOTTLENECK,4ba45d9edd46fae2cdc1a0fe928b8666722f378606f396deb63a90ee3dc0d167
441,45,0,12,PASS,220,0,FAIL,0,0,UPSTREAM_OBJECT_ABSENT,0,0,UPSTREAM_OBJECT_ABSENT,0,0,0,0,TRIO_STAGE_STOP,False,TRIO_BOTTLENECK,ca74a144625d4a565b8ee022cd0745efae1bf5674bb832c00afc90bc5b6c1847
442,45,0,8,PASS,56,0,FAIL,0,0,UPSTREAM_OBJECT_ABSENT,0,0,UPSTREAM_OBJECT_ABSENT,0,0,0,0,TRIO_STAGE_STOP,False,TRIO_BOTTLENECK,03ffccde9a8dc6a78533ac6b562c1cf92b6730d23e7a1fd04ed7f8b84c461297
443,45,0,12,PASS,220,0,FAIL,0,0,UPSTREAM_OBJECT_ABSENT,0,0,UPSTREAM_OBJECT_ABSENT,0,0,0,0,TRIO_STAGE_STOP,False,TRIO_BOTTLENECK,cc7b6d715f29b8aafa3c0474abfdf808082695279149e0f9fdabadc2d2dda7b4
444,45,0,12,PASS,120,0,FAIL,0,0,UPSTREAM_OBJECT_ABSENT,0,0,UPSTREAM_OBJECT_ABSENT,0,0,0,0,TRIO_STAGE_STOP,False,TRIO_BOTTLENECK,0080be9a69a123218aca1ef244078f7def8b6b4a209d93978ab786b96bba4115
445,45,0,12,PASS,220,0,FAIL,0,0,UPSTREAM_OBJECT_ABSENT,0,0,UPSTREAM_OBJECT_ABSENT,0,0,0,0,TRIO_STAGE_STOP,False,TRIO_BOTTLENECK,0a557b7a358bb0a7c3d813474ea5edf150400b9ea5f9fb9f15010a2ac2b22400
446,45,0,12,PASS,220,0,FAIL,0,0,UPSTREAM_OBJECT_ABSENT,0,0,UPSTREAM_OBJECT_ABSENT,0,0,0,0,TRIO_STAGE_STOP,False,TRIO_BOTTLENECK,fb42dce8646d7712b3ac13cdfd1eab28d4a6b1bf1dc3a0c4e619aae36562fd98
447,45,0,12,PASS,220,44,PASS,302,0,PASS,302,0,FAIL,0,0,0,302,CORE_STAGE_STOP,False,IMPLEMENTATION_OR_DEFINITION_ANOMALY,0b269c0d7cd67e9f0291ff0c129080802c9fcdf0b45fd07c28f8afe7fa67729c
448,45,0,12,PASS,56,0,FAIL,0,0,UPSTREAM_OBJECT_ABSENT,0,0,UPSTREAM_OBJECT_ABSENT,0,0,0,0,TRIO_STAGE_STOP,False,TRIO_BOTTLENECK,3ca9974a618848629b65298674d496904ad52e7613ae30330116b0c9ea50321e
449,45,0,12,PASS,220,54,PASS,422,0,PASS,422,0,FAIL,0,0,0,422,CORE_STAGE_STOP,False,IMPLEMENTATION_OR_DEFINITION_ANOMALY,0bbcd12d7adaded1c6d18f25d34e4c39894901a6d6b90a2c2f4ed364da29297b
450,45,0,11,PASS,165,0,FAIL,0,0,UPSTREAM_OBJECT_ABSENT,0,0,UPSTREAM_OBJECT_ABSENT,0,0,0,0,TRIO_STAGE_STOP,False,TRIO_BOTTLENECK,fd51218d55b50b7e76adf12215a2d8244f70cf4bf4aedaa189af51f02ac17ffd
451,45,0,12,PASS,220,54,PASS,475,0,PASS,475,0,FAIL,0,0,0,475,CORE_STAGE_STOP,False,IMPLEMENTATION_OR_DEFINITION_ANOMALY,69e8a42094d2de17f7a6ccbb5c504f8327669068518520794a52d8e8f12bbd4e
452,45,0,6,PASS,20,0,FAIL,0,0,UPSTREAM_OBJECT_ABSENT,0,0,UPSTREAM_OBJECT_ABSENT,0,0,0,0,TRIO_STAGE_STOP,False,TRIO_BOTTLENECK,ef38e0f0d044e5ab91798589d318dc8517863cbb71c3b685af3cda5deaed2151
453,45,0,12,PASS,220,22,PASS,67,0,PASS,67,0,FAIL,0,0,0,67,CORE_STAGE_STOP,False,IMPLEMENTATION_OR_DEFINITION_ANOMALY,3e7f860b3b4f11d588bd707b13db486d7ede9223280d15f8482aab2d96dffe52
454,45,0,12,PASS,220,33,PASS,186,0,PASS,186,0,FAIL,0,0,0,186,CORE_STAGE_STOP,False,IMPLEMENTATION_OR_DEFINITION_ANOMALY,fdb0420c0307f12421f1756a949662390e19b34b3a0e4e80b0161794813c1711
455,45,0,12,PASS,220,12,PASS,26,0,PASS,26,0,FAIL,0,0,0,26,CORE_STAGE_STOP,False,IMPLEMENTATION_OR_DEFINITION_ANOMALY,995e0110437d43046d0f60d78a399392b693b4d57b3ee799a4d040ece948354a
456,45,0,10,PASS,120,0,FAIL,0,0,UPSTREAM_OBJECT_ABSENT,0,0,UPSTREAM_OBJECT_ABSENT,0,0,0,0,TRIO_STAGE_STOP,False,TRIO_BOTTLENECK,797cea85fcc4fb934ab0b32923afb9b81ac5630c0c7dc1f98cd38fc9eb194ad3
457,45,1,12,PASS,220,0,FAIL,0,0,UPSTREAM_OBJECT_ABSENT,0,0,UPSTREAM_OBJECT_ABSENT,0,0,0,0,TRIO_STAGE_STOP,False,TRIO_BOTTLENECK,39820c6a9ad4d90de6c5130d5ce4821cbd0a32bcd419c84d208e15f15a15918a
458,45,0,12,PASS,220,0,FAIL,0,0,UPSTREAM_OBJECT_ABSENT,0,0,UPSTREAM_OBJECT_ABSENT,0,0,0,0,TRIO_STAGE_STOP,False,TRIO_BOTTLENECK,500bc58c486838aa73794c58c8e3d01ba85a28c27052fd6579baa07c6a2d5e5b
459,45,0,10,PASS,120,0,FAIL,0,0,UPSTREAM_OBJECT_ABSENT,0,0,UPSTREAM_OBJECT_ABSENT,0,0,0,0,TRIO_STAGE_STOP,False,TRIO_BOTTLENECK,4eb1a7591fd618393c1ffa7c2b3b2943b3d6f4a7366aed97cbffd8981484724e
460,45,0,12,PASS,220,27,PASS,59,0,PASS,59,0,FAIL,0,0,0,59,CORE_STAGE_STOP,False,IMPLEMENTATION_OR_DEFINITION_ANOMALY,1527df8d684d3f4bd66551048382375842c2002ab65cc51a412586636646ed65
461,45,0,6,PASS,20,0,FAIL,0,0,UPSTREAM_OBJECT_ABSENT,0,0,UPSTREAM_OBJECT_ABSENT,0,0,0,0,TRIO_STAGE_STOP,False,TRIO_BOTTLENECK,0408470ba42e33120c2e654024ee60cf51af775cbd1102a04aac80a940881c7f
462,45,0,12,PASS,220,10,PASS,0,0,FAIL,0,0,UPSTREAM_OBJECT_ABSENT,0,0,0,0,PAIR_STAGE_STOP,False,PAIR_BOTTLENECK,00933cdc6fa040c58a366bacbbed6a01f2cfcf098a122154ed402fcdb23d7e77
463,45,1,12,PASS,220,0,FAIL,0,0,UPSTREAM_OBJECT_ABSENT,0,0,UPSTREAM_OBJECT_ABSENT,0,0,0,0,TRIO_STAGE_STOP,False,TRIO_BOTTLENECK,94a1b0b7f4d365c09f96307932d829ec914662b7b380128134e4ac1fd934127e
464,45,0,12,PASS,134,0,FAIL,0,0,UPSTREAM_OBJECT_ABSENT,0,0,UPSTREAM_OBJECT_ABSENT,0,0,0,0,TRIO_STAGE_STOP,False,TRIO_BOTTLENECK,f404153488fbe32bcb3c7b5d791fc69220531465cb0caec766d99d99b625a098
465,45,0,12,PASS,220,0,FAIL,0,0,UPSTREAM_OBJECT_ABSENT,0,0,UPSTREAM_OBJECT_ABSENT,0,0,0,0,TRIO_STAGE_STOP,False,TRIO_BOTTLENECK,5c776a8ec2e05ceee71f7db1ada9371ae8c188d30d3530bc7f48b563a8fcdf9a
466,45,0,12,PASS,195,0,FAIL,0,0,UPSTREAM_OBJECT_ABSENT,0,0,UPSTREAM_OBJECT_ABSENT,0,0,0,0,TRIO_STAGE_STOP,False,TRIO_BOTTLENECK,5aafc6237939d15d32aa080a31cddf1066e5f207475c14a2468092134fc6bf2e
467,45,0,7,PASS,35,0,FAIL,0,0,UPSTREAM_OBJECT_ABSENT,0,0,UPSTREAM_OBJECT_ABSENT,0,0,0,0,TRIO_STAGE_STOP,False,TRIO_BOTTLENECK,545a455e4052f18fcdaefa24ff9d9088ef1d90d8539e9027c497b8984bb2d33d
468,45,0,12,PASS,220,62,PASS,645,0,PASS,645,0,FAIL,0,0,0,645,CORE_STAGE_STOP,False,IMPLEMENTATION_OR_DEFINITION_ANOMALY,66c75871a70fbcad28665ca9d051cc1a267ce0b4feb6cd3bc9b7efb581d79aea
469,45,0,12,PASS,220,0,FAIL,0,0,UPSTREAM_OBJECT_ABSENT,0,0,UPSTREAM_OBJECT_ABSENT,0,0,0,0,TRIO_STAGE_STOP,False,TRIO_BOTTLENECK,0aa4e575d3c9520b7423847ed55f40a241e62064e7a544fbd5fb5c11e63763a8
470,45,0,6,PASS,20,0,FAIL,0,0,UPSTREAM_OBJECT_ABSENT,0,0,UPSTREAM_OBJECT_ABSENT,0,0,0,0,TRIO_STAGE_STOP,False,TRIO_BOTTLENECK,0cc64fca7cf670731f62e5c2743a14718490044859184548594a363e636a8326
471,45,0,12,PASS,220,60,PASS,540,0,PASS,540,0,FAIL,0,0,0,540,CORE_STAGE_STOP,False,IMPLEMENTATION_OR_DEFINITION_ANOMALY,f9d0851decf4591187f663eb300e69ecdee7e1f88fd0cefb75dc4d0d44754268
472,45,0,7,PASS,35,0,FAIL,0,0,UPSTREAM_OBJECT_ABSENT,0,0,UPSTREAM_OBJECT_ABSENT,0,0,0,0,TRIO_STAGE_STOP,False,TRIO_BOTTLENECK,b909d9d477057144c774682d45b1bd39085d1908e01969801e79e0ca4ed67677
473,45,0,12,PASS,220,0,FAIL,0,0,UPSTREAM_OBJECT_ABSENT,0,0,UPSTREAM_OBJECT_ABSENT,0,0,0,0,TRIO_STAGE_STOP,False,TRIO_BOTTLENECK,081d180e8e62a5a1334db2b15691589bfbe4e2c5cf94334a6a467e45ad1a8864
474,45,0,12,PASS,220,0,FAIL,0,0,UPSTREAM_OBJECT_ABSENT,0,0,UPSTREAM_OBJECT_ABSENT,0,0,0,0,TRIO_STAGE_STOP,False,TRIO_BOTTLENECK,4ef2b12d0cea5be950c4cbcb0a6c859aaa0d16f8d027a7ddf524755d5a6c87d5
475,45,0,7,PASS,35,0,FAIL,0,0,UPSTREAM_OBJECT_ABSENT,0,0,UPSTREAM_OBJECT_ABSENT,0,0,0,0,TRIO_STAGE_STOP,False,TRIO_BOTTLENECK,3c19f33e517d9875f26f114441d974e18e0ee158a32ec4d7f1a4eb613c999e0e
476,45,0,9,PASS,84,0,FAIL,0,0,UPSTREAM_OBJECT_ABSENT,0,0,UPSTREAM_OBJECT_ABSENT,0,0,0,0,TRIO_STAGE_STOP,False,TRIO_BOTTLENECK,322964d1fae514da728d9085245dd54bf619e6df52cd78935e32bab714658231
477,45,0,12,PASS,220,47,PASS,309,0,PASS,309,0,FAIL,0,0,0,309,CORE_STAGE_STOP,False,IMPLEMENTATION_OR_DEFINITION_ANOMALY,16faf0cef380e510c2ed7999ee24278f983a2ba830098fbfe8ebc18c89b63eca
478,45,0,11,PASS,165,32,PASS,147,0,PASS,147,0,FAIL,0,0,0,147,CORE_STAGE_STOP,False,IMPLEMENTATION_OR_DEFINITION_ANOMALY,b2bf68bc21bda8dfa410cc450788e80fe9623afb0cb3cb87f464512cdd0132cb
479,45,0,12,PASS,220,36,PASS,188,0,PASS,188,0,FAIL,0,0,0,188,CORE_STAGE_STOP,False,IMPLEMENTATION_OR_DEFINITION_ANOMALY,4f40abc76f5f4eed4d1b5c1e336520052cd2f1f593ef79aca80364a559b265b3
480,45,0,12,PASS,107,0,FAIL,0,0,UPSTREAM_OBJECT_ABSENT,0,0,UPSTREAM_OBJECT_ABSENT,0,0,0,0,TRIO_STAGE_STOP,False,TRIO_BOTTLENECK,6d3c14dd006458172f1e76f62dd68e350cad4f31b91cdc4f3f7cec9564eea9f1
481,45,0,10,PASS,120,0,FAIL,0,0,UPSTREAM_OBJECT_ABSENT,0,0,UPSTREAM_OBJECT_ABSENT,0,0,0,0,TRIO_STAGE_STOP,False,TRIO_BOTTLENECK,cc1c65c826f39fc0171b06fdf6a50035f6f07b3b41a522004f63f28eaa41f2dd
482,45,0,9,PASS,84,0,FAIL,0,0,UPSTREAM_OBJECT_ABSENT,0,0,UPSTREAM_OBJECT_ABSENT,0,0,0,0,TRIO_STAGE_STOP,False,TRIO_BOTTLENECK,6d2e7ee54cf88b80d5d8da4d0da1fa3a121604ff13933ba5e957a8eeaca47529
483,45,0,12,PASS,220,73,PASS,961,0,PASS,961,0,FAIL,0,0,0,961,CORE_STAGE_STOP,False,IMPLEMENTATION_OR_DEFINITION_ANOMALY,ab4add82a177f1cfac2bfbf31f13c8e0ac51670b4837bd5e3ea3c837ab26e7a7
484,45,0,12,PASS,220,43,PASS,350,0,PASS,350,0,FAIL,0,0,0,350,CORE_STAGE_STOP,False,IMPLEMENTATION_OR_DEFINITION_ANOMALY,37f25bdfe8a305041eb7190af175fa3861ff01a407935afc5c9a7e2a218094a2
485,45,0,12,PASS,220,106,PASS,2164,0,PASS,2164,0,FAIL,0,0,0,2164,CORE_STAGE_STOP,False,IMPLEMENTATION_OR_DEFINITION_ANOMALY,6d5efdb077f4d968a8bc9dc42e649d09550d872545747ca151010502ed844bd5
486,45,0,12,PASS,171,0,FAIL,0,0,UPSTREAM_OBJECT_ABSENT,0,0,UPSTREAM_OBJECT_ABSENT,0,0,0,0,TRIO_STAGE_STOP,False,TRIO_BOTTLENECK,2b91587d5f3e7434ab183d5b256b230601f6b227e3c7a17f084fe80d30c18a33
487,45,0,12,PASS,220,85,PASS,1013,0,PASS,1013,0,FAIL,0,0,0,1013,CORE_STAGE_STOP,False,IMPLEMENTATION_OR_DEFINITION_ANOMALY,f28e3585b98eb145e7702f934e42e07de9363e3aaf96fc7b2fe3e9405f44d3f7
488,45,0,10,PASS,120,0,FAIL,0,0,UPSTREAM_OBJECT_ABSENT,0,0,UPSTREAM_OBJECT_ABSENT,0,0,0,0,TRIO_STAGE_STOP,False,TRIO_BOTTLENECK,34d62c7aa750afb178c86018475e977e9d48eb2a5c16b6ddd2ffae2f65a83fa0
489,45,0,12,PASS,220,18,PASS,19,0,PASS,19,0,FAIL,0,0,0,19,CORE_STAGE_STOP,False,IMPLEMENTATION_OR_DEFINITION_ANOMALY,5ac32cbc97fe36a78c7fc827d8cfd8b7cecdd6943653f74314b7a00f9f686fc9
490,45,0,12,PASS,220,0,FAIL,0,0,UPSTREAM_OBJECT_ABSENT,0,0,UPSTREAM_OBJECT_ABSENT,0,0,0,0,TRIO_STAGE_STOP,False,TRIO_BOTTLENECK,1320a84d73beb88e08ac6ec6ef5c8cbfb7d7cfcc10b85d4519eae4d415d84ee5
491,45,0,12,PASS,220,64,PASS,675,0,PASS,675,0,FAIL,0,0,0,675,CORE_STAGE_STOP,False,IMPLEMENTATION_OR_DEFINITION_ANOMALY,54b3253a4b78886f4d18f7953a6039901e6527add1eca76747675db3b2306524
492,45,0,12,PASS,220,91,PASS,1649,0,PASS,1649,0,FAIL,0,0,0,1649,CORE_STAGE_STOP,False,IMPLEMENTATION_OR_DEFINITION_ANOMALY,bc7390f2eec898377600f0036c5a9149135b8bd24e5ca9a31e070ed77429f784
493,45,0,7,PASS,35,0,FAIL,0,0,UPSTREAM_OBJECT_ABSENT,0,0,UPSTREAM_OBJECT_ABSENT,0,0,0,0,TRIO_STAGE_STOP,False,TRIO_BOTTLENECK,395f486cf472b72964c8ecf684770208c0f40e82442c140ac8d150159c664c56
494,45,0,12,PASS,220,0,FAIL,0,0,UPSTREAM_OBJECT_ABSENT,0,0,UPSTREAM_OBJECT_ABSENT,0,0,0,0,TRIO_STAGE_STOP,False,TRIO_BOTTLENECK,2d06704aaf69ba529fef84df9a87ba9422c18e866f778d96bafea938bc19e928
495,45,0,12,PASS,220,47,PASS,374,0,PASS,374,0,FAIL,0,0,0,374,CORE_STAGE_STOP,False,IMPLEMENTATION_OR_DEFINITION_ANOMALY,b67437f6581a822a6dbf33380341e066be1921602cfdac678a6b49bfaf401a96
496,45,0,12,PASS,220,0,FAIL,0,0,UPSTREAM_OBJECT_ABSENT,0,0,UPSTREAM_OBJECT_ABSENT,0,0,0,0,TRIO_STAGE_STOP,False,TRIO_BOTTLENECK,83acfb402c02a567462f92fbf226ac4f19729348e7a7597ce81012ca2a54ddff
497,45,1,12,PASS,220,0,FAIL,0,0,UPSTREAM_OBJECT_ABSENT,0,0,UPSTREAM_OBJECT_ABSENT,0,0,0,0,TRIO_STAGE_STOP,False,TRIO_BOTTLENECK,647a0c69a621d6c1df403c939c150f694fba8f8d499f8c502403ab1c709384ba
498,45,0,12,PASS,21,0,FAIL,0,0,UPSTREAM_OBJECT_ABSENT,0,0,UPSTREAM_OBJECT_ABSENT,0,0,0,0,TRIO_STAGE_STOP,False,TRIO_BOTTLENECK,9adde39d7a6fb0dcd90a3334bdf4cf927dfaedeaeebf9743fc0665aabefa99bf
499,45,0,12,PASS,220,70,PASS,775,0,PASS,775,0,FAIL,0,0,0,775,CORE_STAGE_STOP,False,IMPLEMENTATION_OR_DEFINITION_ANOMALY,625839cf3e77c0480fabcf4e450725440b192a4b2efcdd497c07920cfe3f3800
500,45,0,9,PASS,84,0,FAIL,0,0,UPSTREAM_OBJECT_ABSENT,0,0,UPSTREAM_OBJECT_ABSENT,0,0,0,0,TRIO_STAGE_STOP,False,TRIO_BOTTLENECK,ea5da26780ba3780c555a68c506a0dc3e44e5aa70d8818fd579a34681d984972
501,45,0,12,PASS,220,0,FAIL,0,0,UPSTREAM_OBJECT_ABSENT,0,0,UPSTREAM_OBJECT_ABSENT,0,0,0,0,TRIO_STAGE_STOP,False,TRIO_BOTTLENECK,ccdeee1dda4eb9ec354bd296db3ea93f1b3a168f36e12319bf01aafe2fa5140c
502,45,0,12,PASS,133,0,FAIL,0,0,UPSTREAM_OBJECT_ABSENT,0,0,UPSTREAM_OBJECT_ABSENT,0,0,0,0,TRIO_STAGE_STOP,False,TRIO_BOTTLENECK,4d7fb45e3db026debf5e07dac99b03abdedbb7012a49f13207d2ac39ca3a19aa
503,45,0,12,PASS,220,0,FAIL,0,0,UPSTREAM_OBJECT_ABSENT,0,0,UPSTREAM_OBJECT_ABSENT,0,0,0,0,TRIO_STAGE_STOP,False,TRIO_BOTTLENECK,5eac1026a01635231a4e4202a4717a402caa3393e1e60d329f317647f4238521
504,45,0,7,PASS,35,0,FAIL,0,0,UPSTREAM_OBJECT_ABSENT,0,0,UPSTREAM_OBJECT_ABSENT,0,0,0,0,TRIO_STAGE_STOP,False,TRIO_BOTTLENECK,149263a1905a0cc4acc5903009cf1d12db7e72be67c968d54d234006f0c78931
505,45,0,12,PASS,220,100,PASS,1947,0,PASS,1947,0,FAIL,0,0,0,1947,CORE_STAGE_STOP,False,IMPLEMENTATION_OR_DEFINITION_ANOMALY,c26396b54fe4f99374b4cdd31c156682208f72ea55035f424bb81a7577b8d759
506,45,0,12,PASS,220,0,FAIL,0,0,UPSTREAM_OBJECT_ABSENT,0,0,UPSTREAM_OBJECT_ABSENT,0,0,0,0,TRIO_STAGE_STOP,False,TRIO_BOTTLENECK,79135496947931f699096bd50edfb15f082286992d5762787214cd74dd706e90
507,45,0,12,PASS,220,33,PASS,148,0,PASS,148,0,FAIL,0,0,0,148,CORE_STAGE_STOP,False,IMPLEMENTATION_OR_DEFINITION_ANOMALY,94795e5511bdf003b378cd6d08da781687cdf179fa1d04a1b8fd7d190e3254fa
508,45,0,12,PASS,220,60,PASS,649,0,PASS,649,0,FAIL,0,0,0,649,CORE_STAGE_STOP,False,IMPLEMENTATION_OR_DEFINITION_ANOMALY,872ad6dac366fd6613db872a35e9e05b853de3f79a071fd2c0b07a49fd8613a9
509,45,0,12,PASS,220,0,FAIL,0,0,UPSTREAM_OBJECT_ABSENT,0,0,UPSTREAM_OBJECT_ABSENT,0,0,0,0,TRIO_STAGE_STOP,False,TRIO_BOTTLENECK,cc6d4ebca9525f8877427b37614f53a30a087f5c6bec46a7762f057f088ffc4a
510,45,6,6,PASS,20,0,FAIL,0,0,UPSTREAM_OBJECT_ABSENT,0,0,UPSTREAM_OBJECT_ABSENT,0,0,0,0,TRIO_STAGE_STOP,False,TRIO_BOTTLENECK,23d27cc9b9b31de2f59ba34469ae97d7531a4a154a4d05afbbb2fc0888758189
511,45,0,12,PASS,94,0,FAIL,0,0,UPSTREAM_OBJECT_ABSENT,0,0,UPSTREAM_OBJECT_ABSENT,0,0,0,0,TRIO_STAGE_STOP,False,TRIO_BOTTLENECK,04ebb4f443b37de0fe0af446e40e8a409085f6143bcfe0d1a1da6acdcce64ec7
512,45,0,12,PASS,220,49,PASS,385,0,PASS,385,0,FAIL,0,0,0,385,CORE_STAGE_STOP,False,IMPLEMENTATION_OR_DEFINITION_ANOMALY,27cfec57a8a3255119b10e3940d04191e7fa889515f348eac19f269a9c8bbcb2
513,45,0,12,PASS,130,0,FAIL,0,0,UPSTREAM_OBJECT_ABSENT,0,0,UPSTREAM_OBJECT_ABSENT,0,0,0,0,TRIO_STAGE_STOP,False,TRIO_BOTTLENECK,d414bb640da2d0d41f6e6f4aa36c917b7b4db76741e4a7ca7c51c88753ec4081
514,45,0,9,PASS,84,0,FAIL,0,0,UPSTREAM_OBJECT_ABSENT,0,0,UPSTREAM_OBJECT_ABSENT,0,0,0,0,TRIO_STAGE_STOP,False,TRIO_BOTTLENECK,122c4bff7ddfc90d5d5e3ac4c8dc240318fd832c61d1fd16308b919a4107e800
515,45,0,12,PASS,220,104,PASS,2046,0,PASS,2046,0,FAIL,0,0,0,2046,CORE_STAGE_STOP,False,IMPLEMENTATION_OR_DEFINITION_ANOMALY,4a41b57e0dbc561db886a21e341f0585d2edcc2090fb5849355f02864810fe67
516,45,0,12,PASS,220,0,FAIL,0,0,UPSTREAM_OBJECT_ABSENT,0,0,UPSTREAM_OBJECT_ABSENT,0,0,0,0,TRIO_STAGE_STOP,False,TRIO_BOTTLENECK,40ec619b95105f1ba5a529cf97ba2b59c76f7263faa744274354844f30989ae9
517,45,0,7,PASS,20,0,FAIL,0,0,UPSTREAM_OBJECT_ABSENT,0,0,UPSTREAM_OBJECT_ABSENT,0,0,0,0,TRIO_STAGE_STOP,False,TRIO_BOTTLENECK,45b85f1659d12c34f7512515bd5ccd98b6293bcf13cb5c6a5497fa471cbd9df9
518,45,0,12,PASS,220,81,PASS,1238,0,PASS,1238,0,FAIL,0,0,0,1238,CORE_STAGE_STOP,False,IMPLEMENTATION_OR_DEFINITION_ANOMALY,f931fc9a4d074b7e2bfa4e35582357efd25dad7cac397c8944848f161d16ae7a
519,45,0,12,PASS,220,22,PASS,28,0,PASS,28,0,FAIL,0,0,0,28,CORE_STAGE_STOP,False,IMPLEMENTATION_OR_DEFINITION_ANOMALY,ee0137f68523cc7ed1ed086fbe4df110e9abbe087a076f9ffbd977840ebb617a
520,45,0,7,PASS,35,0,FAIL,0,0,UPSTREAM_OBJECT_ABSENT,0,0,UPSTREAM_OBJECT_ABSENT,0,0,0,0,TRIO_STAGE_STOP,False,TRIO_BOTTLENECK,ac90eff6ea107a3af9d0a2439265e4c4467471bfdfbd1fca5b429697502d82c8
521,45,0,12,PASS,220,0,FAIL,0,0,UPSTREAM_OBJECT_ABSENT,0,0,UPSTREAM_OBJECT_ABSENT,0,0,0,0,TRIO_STAGE_STOP,False,TRIO_BOTTLENECK,6985ecddd0d286213ea0ae7018724a656b2af4fc695e58187cd3bca5d9a38d5f
522,45,0,12,PASS,220,84,PASS,1302,0,PASS,1302,0,FAIL,0,0,0,1302,CORE_STAGE_STOP,False,IMPLEMENTATION_OR_DEFINITION_ANOMALY,b84d41a3f593490e8521cea233f85c26c785a64521da7f79c284dc93314a2950
523,45,0,12,PASS,220,0,FAIL,0,0,UPSTREAM_OBJECT_ABSENT,0,0,UPSTREAM_OBJECT_ABSENT,0,0,0,0,TRIO_STAGE_STOP,False,TRIO_BOTTLENECK,4d5e9fbf030c11eb802dbd2be2831042611abaa791c5ea28960095e19883d5f2
524,45,0,12,PASS,62,0,FAIL,0,0,UPSTREAM_OBJECT_ABSENT,0,0,UPSTREAM_OBJECT_ABSENT,0,0,0,0,TRIO_STAGE_STOP,False,TRIO_BOTTLENECK,d1bbabf29d880285d1e8924a6f7dc4995f9da5979723e23ebf37aada618ac505
525,45,0,12,PASS,220,65,PASS,723,0,PASS,723,0,FAIL,0,0,0,723,CORE_STAGE_STOP,False,IMPLEMENTATION_OR_DEFINITION_ANOMALY,08137e5e0063d93fc53a2bb34960ef9a413dc1a286fe75929d801686244a6d96
526,45,0,9,PASS,84,14,PASS,16,0,PASS,16,0,FAIL,0,0,0,16,CORE_STAGE_STOP,False,IMPLEMENTATION_OR_DEFINITION_ANOMALY,92728cac8e1b93afa6a2e1820b7f609ae88957359044203e26c3546061033b7c
527,45,0,12,PASS,220,0,FAIL,0,0,UPSTREAM_OBJECT_ABSENT,0,0,UPSTREAM_OBJECT_ABSENT,0,0,0,0,TRIO_STAGE_STOP,False,TRIO_BOTTLENECK,c23ee532d9e73fc2e9386767a61a9009d783e77b185e2da01fb68340e34a9c5d
528,45,0,12,PASS,220,0,FAIL,0,0,UPSTREAM_OBJECT_ABSENT,0,0,UPSTREAM_OBJECT_ABSENT,0,0,0,0,TRIO_STAGE_STOP,False,TRIO_BOTTLENECK,4752f321bcf6597fe5397e88931a350df4c4d02c6615593bca52d4ecaa26eaec
529,45,3,12,PASS,220,0,FAIL,0,0,UPSTREAM_OBJECT_ABSENT,0,0,UPSTREAM_OBJECT_ABSENT,0,0,0,0,TRIO_STAGE_STOP,False,TRIO_BOTTLENECK,e90b5d0cf1878c57a4019901909d5d49fbaddc34cbcbdc6e7d67594fac530b2a
530,45,6,6,PASS,20,0,FAIL,0,0,UPSTREAM_OBJECT_ABSENT,0,0,UPSTREAM_OBJECT_ABSENT,0,0,0,0,TRIO_STAGE_STOP,False,TRIO_BOTTLENECK,8e638270b41e41bc6c1509d084cd47ca32659db01dd1121d691f91ecdb977c37
531,45,0,12,PASS,220,0,FAIL,0,0,UPSTREAM_OBJECT_ABSENT,0,0,UPSTREAM_OBJECT_ABSENT,0,0,0,0,TRIO_STAGE_STOP,False,TRIO_BOTTLENECK,f59fa96b057c37d49ad00eca9787469e34a806632391c914b53a8c5fa7353704
532,45,0,12,PASS,220,0,FAIL,0,0,UPSTREAM_OBJECT_ABSENT,0,0,UPSTREAM_OBJECT_ABSENT,0,0,0,0,TRIO_STAGE_STOP,False,TRIO_BOTTLENECK,fd13184d9521429d0de673e981d0be29abdb1759e2fc8df5a093dae897794a71
533,45,0,12,PASS,220,56,PASS,388,0,PASS,388,0,FAIL,0,0,0,388,CORE_STAGE_STOP,False,IMPLEMENTATION_OR_DEFINITION_ANOMALY,64a2db833fb1513ab9aa8e4d9b4a96e6b29f9b91bd8d1c5d80225f305c7f53fa
534,45,0,12,PASS,220,42,PASS,178,0,PASS,178,0,FAIL,0,0,0,178,CORE_STAGE_STOP,False,IMPLEMENTATION_OR_DEFINITION_ANOMALY,4c253310c84e826afbbe85ee946dfe1f6105deb7ab789336b0d0af6ebe67746b
535,45,0,12,PASS,220,0,FAIL,0,0,UPSTREAM_OBJECT_ABSENT,0,0,UPSTREAM_OBJECT_ABSENT,0,0,0,0,TRIO_STAGE_STOP,False,TRIO_BOTTLENECK,8218eb5a31cefe85ed0998f8ee9cbaf22b28c8d2a804cfe92e11a32a89760723
536,45,0,12,PASS,61,0,FAIL,0,0,UPSTREAM_OBJECT_ABSENT,0,0,UPSTREAM_OBJECT_ABSENT,0,0,0,0,TRIO_STAGE_STOP,False,TRIO_BOTTLENECK,4aafe898a7afa3d402947a32a557f2f4eaaee52f4d626288e476e28687297338
537,45,0,11,PASS,165,0,FAIL,0,0,UPSTREAM_OBJECT_ABSENT,0,0,UPSTREAM_OBJECT_ABSENT,0,0,0,0,TRIO_STAGE_STOP,False,TRIO_BOTTLENECK,947dff561be2f5c084b31a3fe2869500b6c3edf5dca259811e13f062170f4315
538,45,0,12,PASS,220,52,PASS,493,0,PASS,493,0,FAIL,0,0,0,493,CORE_STAGE_STOP,False,IMPLEMENTATION_OR_DEFINITION_ANOMALY,ca73c7b1f6af620bc67aca77b6c2d6bc98294693e52463e89f98710c4d2839e0
539,45,0,8,PASS,56,0,FAIL,0,0,UPSTREAM_OBJECT_ABSENT,0,0,UPSTREAM_OBJECT_ABSENT,0,0,0,0,TRIO_STAGE_STOP,False,TRIO_BOTTLENECK,8ab4a6647c3ea20f9c969638465b9aa499fd6a8bd859776a0fdf1a2d4b418b53
540,45,0,12,PASS,220,49,PASS,325,0,PASS,325,0,FAIL,0,0,0,325,CORE_STAGE_STOP,False,IMPLEMENTATION_OR_DEFINITION_ANOMALY,6e04b08485646defb246e64be0ffaf43dbb77b21671bb040f6af52b81e80d0c1
541,45,0,12,PASS,46,0,FAIL,0,0,UPSTREAM_OBJECT_ABSENT,0,0,UPSTREAM_OBJECT_ABSENT,0,0,0,0,TRIO_STAGE_STOP,False,TRIO_BOTTLENECK,59b2b5ee8e3511145bad30acbc15508675fe5d2a00566ced054b1819d57be1f0
542,45,2,12,PASS,220,0,FAIL,0,0,UPSTREAM_OBJECT_ABSENT,0,0,UPSTREAM_OBJECT_ABSENT,0,0,0,0,TRIO_STAGE_STOP,False,TRIO_BOTTLENECK,6f03274178dfc1aff222dc010f1c16cae964b747b2574e2e4c1e12ff3374e358
543,45,0,12,PASS,220,52,PASS,460,0,PASS,460,0,FAIL,0,0,0,460,CORE_STAGE_STOP,False,IMPLEMENTATION_OR_DEFINITION_ANOMALY,be334494f67a6906a4af0d8f492dc771af3a8a3d9fe45d9f282f9a158e6dbcde
544,45,0,11,PASS,165,12,PASS,15,0,PASS,15,0,FAIL,0,0,0,15,CORE_STAGE_STOP,False,IMPLEMENTATION_OR_DEFINITION_ANOMALY,ddd0bf805b448d0c06feb560b66acb1b7a206af8ef791b3248dfc0146b86194a
545,45,2,12,PASS,220,0,FAIL,0,0,UPSTREAM_OBJECT_ABSENT,0,0,UPSTREAM_OBJECT_ABSENT,0,0,0,0,TRIO_STAGE_STOP,False,TRIO_BOTTLENECK,e27336f76b305f08862f2e0727bc7379305c1d53586654555c941b42725b2aa9
546,45,0,9,PASS,84,0,FAIL,0,0,UPSTREAM_OBJECT_ABSENT,0,0,UPSTREAM_OBJECT_ABSENT,0,0,0,0,TRIO_STAGE_STOP,False,TRIO_BOTTLENECK,13a21b5fdfd885d138c3a7f9a9bf05c2fa4c8d78ed34f5971c84f24eab3a0a7e
547,45,0,12,PASS,220,0,FAIL,0,0,UPSTREAM_OBJECT_ABSENT,0,0,UPSTREAM_OBJECT_ABSENT,0,0,0,0,TRIO_STAGE_STOP,False,TRIO_BOTTLENECK,1a74d8b6632cf5c4a454dc1b4f8647564b627f0a40928b80448ae825643bf0c5
548,45,1,12,PASS,220,0,FAIL,0,0,UPSTREAM_OBJECT_ABSENT,0,0,UPSTREAM_OBJECT_ABSENT,0,0,0,0,TRIO_STAGE_STOP,False,TRIO_BOTTLENECK,ffa13fd0b195c7bfe880ee3cbb15061e292133189d78c1debf81bd08aa145a65
549,45,0,12,PASS,220,17,PASS,0,0,FAIL,0,0,UPSTREAM_OBJECT_ABSENT,0,0,0,0,PAIR_STAGE_STOP,False,PAIR_BOTTLENECK,16bf9e304ae98a1d18680ef3aacbbd678280fed070711cd4256c10d12a85e769
550,45,0,12,PASS,220,49,PASS,424,0,PASS,424,0,FAIL,0,0,0,424,CORE_STAGE_STOP,False,IMPLEMENTATION_OR_DEFINITION_ANOMALY,ff8e4e5813a86e1fcc74fca81bab57f5043df401e1a78063ae70e6999e20fc68
551,45,0,12,PASS,220,0,FAIL,0,0,UPSTREAM_OBJECT_ABSENT,0,0,UPSTREAM_OBJECT_ABSENT,0,0,0,0,TRIO_STAGE_STOP,False,TRIO_BOTTLENECK,77a088714869077f83481bb06197ae6950699eb921a99b1bcbc32850c653088b
552,45,0,12,PASS,220,0,FAIL,0,0,UPSTREAM_OBJECT_ABSENT,0,0,UPSTREAM_OBJECT_ABSENT,0,0,0,0,TRIO_STAGE_STOP,False,TRIO_BOTTLENECK,20be28e24cd60e07b1814c64efcfe035a1fd7385a594b5718dad92e6edc96a81
553,45,0,12,PASS,220,0,FAIL,0,0,UPSTREAM_OBJECT_ABSENT,0,0,UPSTREAM_OBJECT_ABSENT,0,0,0,0,TRIO_STAGE_STOP,False,TRIO_BOTTLENECK,36796cef75d0b8290d2e9608b3612d5da9745d8609a147ffbe66229f3f4623e4
554,45,0,12,PASS,220,0,FAIL,0,0,UPSTREAM_OBJECT_ABSENT,0,0,UPSTREAM_OBJECT_ABSENT,0,0,0,0,TRIO_STAGE_STOP,False,TRIO_BOTTLENECK,5e2ee9e778f68ea420fae0c111a04d48d00fc1858f2fe71e3299cd72b65f11f8
555,45,0,12,PASS,220,32,PASS,116,0,PASS,116,0,FAIL,0,0,0,116,CORE_STAGE_STOP,False,IMPLEMENTATION_OR_DEFINITION_ANOMALY,59b2d7316758c808950ce50e0047ce8672dad045c3872d233af46ce953b07c8e
556,45,0,12,PASS,220,0,FAIL,0,0,UPSTREAM_OBJECT_ABSENT,0,0,UPSTREAM_OBJECT_ABSENT,0,0,0,0,TRIO_STAGE_STOP,False,TRIO_BOTTLENECK,383c008b810aeab97d38e9c37e49d1d9ef2be7de4aa97c74df1dc7ee16a25e5b
557,45,0,12,PASS,220,0,FAIL,0,0,UPSTREAM_OBJECT_ABSENT,0,0,UPSTREAM_OBJECT_ABSENT,0,0,0,0,TRIO_STAGE_STOP,False,TRIO_BOTTLENECK,177a6a6744698d85b054ab37c42dc83ac88aa5dee1e2f4f87972f5c3f59bda04
558,45,0,12,PASS,220,49,PASS,437,0,PASS,437,0,FAIL,0,0,0,437,CORE_STAGE_STOP,False,IMPLEMENTATION_OR_DEFINITION_ANOMALY,7cd2237d84b6372e14fe37bace7c03bc7d28e47b114ef7c8b0ce0cb17c2a3b65
559,45,2,12,PASS,220,0,FAIL,0,0,UPSTREAM_OBJECT_ABSENT,0,0,UPSTREAM_OBJECT_ABSENT,0,0,0,0,TRIO_STAGE_STOP,False,TRIO_BOTTLENECK,a480b56d14d05e12ab12a6efac0c175f5f5b33df558a6e7c8b3f3072ef2a97dc
560,45,0,12,PASS,220,62,PASS,621,0,PASS,621,0,FAIL,0,0,0,621,CORE_STAGE_STOP,False,IMPLEMENTATION_OR_DEFINITION_ANOMALY,81e27d7ce56b1bcc1fbad7e89d7bfc4c4adbaf920afca49e4dd4ae081919c67f
561,45,0,12,PASS,220,54,PASS,591,0,PASS,591,0,FAIL,0,0,0,591,CORE_STAGE_STOP,False,IMPLEMENTATION_OR_DEFINITION_ANOMALY,ac73ffc882701bf88153bbc00b3f8c76f491f952ab39a3ca0366608c856ac4d9
562,45,1,12,PASS,220,0,FAIL,0,0,UPSTREAM_OBJECT_ABSENT,0,0,UPSTREAM_OBJECT_ABSENT,0,0,0,0,TRIO_STAGE_STOP,False,TRIO_BOTTLENECK,85385e4e541ddc23959b4d0a33b24b03ea7d01300e0c6f17c236dc4f6c01034c
563,45,0,12,PASS,220,0,FAIL,0,0,UPSTREAM_OBJECT_ABSENT,0,0,UPSTREAM_OBJECT_ABSENT,0,0,0,0,TRIO_STAGE_STOP,False,TRIO_BOTTLENECK,764724882ec39c73d731e7efffa03f09318acff76a173ddafd669769640ff675
564,45,0,12,PASS,220,45,PASS,206,0,PASS,206,0,FAIL,0,0,0,206,CORE_STAGE_STOP,False,IMPLEMENTATION_OR_DEFINITION_ANOMALY,3b2c3069b011cf29bd4438343ae92b51e6634745d8ab14b93a540f245f3dcd7b
565,45,0,8,PASS,56,0,FAIL,0,0,UPSTREAM_OBJECT_ABSENT,0,0,UPSTREAM_OBJECT_ABSENT,0,0,0,0,TRIO_STAGE_STOP,False,TRIO_BOTTLENECK,4de17430a14b59ee50c3b907855b10f1c7734ec140234a476c53e565d706c321
566,45,0,12,PASS,220,60,PASS,613,0,PASS,613,0,FAIL,0,0,0,613,CORE_STAGE_STOP,False,IMPLEMENTATION_OR_DEFINITION_ANOMALY,213720270d29984d435fc12d70a0a6c33f4b6812de8d64056819d3d0eaaef9fd
567,45,0,12,PASS,204,0,FAIL,0,0,UPSTREAM_OBJECT_ABSENT,0,0,UPSTREAM_OBJECT_ABSENT,0,0,0,0,TRIO_STAGE_STOP,False,TRIO_BOTTLENECK,57d354ef6babbcbce336f3545e9ced426905c8313849ec523a3749ec1a6a6d3c
568,45,0,12,PASS,220,86,PASS,1263,0,PASS,1263,0,FAIL,0,0,0,1263,CORE_STAGE_STOP,False,IMPLEMENTATION_OR_DEFINITION_ANOMALY,13295522f823810fe6f4c8f5c4eca9e001bce61ab7a1fb551c92d10e8d756299
569,45,0,12,PASS,220,46,PASS,287,0,PASS,287,0,FAIL,0,0,0,287,CORE_STAGE_STOP,False,IMPLEMENTATION_OR_DEFINITION_ANOMALY,cec9724f6eaf667b363c3461fb52baf368502981e158557b20e0df2189637e12
570,45,0,12,PASS,220,37,PASS,217,0,PASS,217,0,FAIL,0,0,0,217,CORE_STAGE_STOP,False,IMPLEMENTATION_OR_DEFINITION_ANOMALY,3d29de609f71912107ad19d7a526a127dae90fb8a5add4606ff3103cbf20af87
571,45,0,12,PASS,220,0,FAIL,0,0,UPSTREAM_OBJECT_ABSENT,0,0,UPSTREAM_OBJECT_ABSENT,0,0,0,0,TRIO_STAGE_STOP,False,TRIO_BOTTLENECK,639b0792cc8312d6f41f4fa4e649ac386e62970697d13339c90d91b05ccb84d9
572,45,2,12,PASS,220,0,FAIL,0,0,UPSTREAM_OBJECT_ABSENT,0,0,UPSTREAM_OBJECT_ABSENT,0,0,0,0,TRIO_STAGE_STOP,False,TRIO_BOTTLENECK,b56726c3df8831dbe7ebfa9c080d5544a84607b0a12e51f0f36ead78889715af
573,45,0,12,PASS,220,41,PASS,319,0,PASS,319,0,FAIL,0,0,0,319,CORE_STAGE_STOP,False,IMPLEMENTATION_OR_DEFINITION_ANOMALY,b27aa840d071dd7ca07f944480b86f17212a86b479aad5e4dcdebc1f89a69608
574,45,0,12,PASS,220,0,FAIL,0,0,UPSTREAM_OBJECT_ABSENT,0,0,UPSTREAM_OBJECT_ABSENT,0,0,0,0,TRIO_STAGE_STOP,False,TRIO_BOTTLENECK,2733e5f8f246c084e3d5cd36d35b7daa6c45a96b9559c47ee142a0f7c6ad41f7
575,45,0,12,PASS,220,2,PASS,0,0,FAIL,0,0,UPSTREAM_OBJECT_ABSENT,0,0,0,0,PAIR_STAGE_STOP,False,PAIR_BOTTLENECK,083dc485382b2f85269b1d4adc96a298c5a3f5d481d67a258f6aef12617e819f
576,45,0,12,PASS,220,52,PASS,509,0,PASS,509,0,FAIL,0,0,0,509,CORE_STAGE_STOP,False,IMPLEMENTATION_OR_DEFINITION_ANOMALY,758546a6c49ca0a298a097fc803b51f2ad454514830e2ae51948eb90e3ce2609
577,45,0,12,PASS,90,0,FAIL,0,0,UPSTREAM_OBJECT_ABSENT,0,0,UPSTREAM_OBJECT_ABSENT,0,0,0,0,TRIO_STAGE_STOP,False,TRIO_BOTTLENECK,c5c431aca35690b17045b0cf9cde7b0f8171ba79451b8054cc69aa8173f2d4b9
578,45,0,12,PASS,210,0,FAIL,0,0,UPSTREAM_OBJECT_ABSENT,0,0,UPSTREAM_OBJECT_ABSENT,0,0,0,0,TRIO_STAGE_STOP,False,TRIO_BOTTLENECK,90ea5d742f96d7efd86eb1020d641826fabc802f496c2ab2d3fc864a939c37d6
579,45,0,12,PASS,220,0,FAIL,0,0,UPSTREAM_OBJECT_ABSENT,0,0,UPSTREAM_OBJECT_ABSENT,0,0,0,0,TRIO_STAGE_STOP,False,TRIO_BOTTLENECK,d0af6e4c3572827bc87e87ded6bce24ad3e5bf1d35c61c57d8ea009280c7b17d
580,45,0,12,PASS,220,76,PASS,1066,0,PASS,1066,0,FAIL,0,0,0,1066,CORE_STAGE_STOP,False,IMPLEMENTATION_OR_DEFINITION_ANOMALY,28bd02e48799bbee6513de8930bfd3ad7fe1d292582d39c28403bf2e08e42191
581,45,0,9,PASS,84,0,FAIL,0,0,UPSTREAM_OBJECT_ABSENT,0,0,UPSTREAM_OBJECT_ABSENT,0,0,0,0,TRIO_STAGE_STOP,False,TRIO_BOTTLENECK,9d509325957bd3e276d1b235ad737fbeed1b523c7efdbe20931ac487c2ae88f2
582,45,0,12,PASS,220,62,PASS,642,0,PASS,642,0,FAIL,0,0,0,642,CORE_STAGE_STOP,False,IMPLEMENTATION_OR_DEFINITION_ANOMALY,705c67088beeaa1d45ce42fe191d0120582228fbf4ccf44a411b1c61655ba520
583,45,0,8,PASS,56,0,FAIL,0,0,UPSTREAM_OBJECT_ABSENT,0,0,UPSTREAM_OBJECT_ABSENT,0,0,0,0,TRIO_STAGE_STOP,False,TRIO_BOTTLENECK,f35aea854407dde6aaf220b42b492b4eab34531edfdf7860da6411f12ca5c87e
584,45,2,12,PASS,220,0,FAIL,0,0,UPSTREAM_OBJECT_ABSENT,0,0,UPSTREAM_OBJECT_ABSENT,0,0,0,0,TRIO_STAGE_STOP,False,TRIO_BOTTLENECK,af008a3525d8801e886b3d85ee3df8f2313458ece9777b6c65b499eb65d6dd23
585,45,0,12,PASS,220,23,PASS,56,0,PASS,56,0,FAIL,0,0,0,56,CORE_STAGE_STOP,False,IMPLEMENTATION_OR_DEFINITION_ANOMALY,911d011724a463288a6351fd7d065479115f6e113a1755eb698eab9cdd1253ec
586,45,0,8,PASS,56,12,PASS,0,0,FAIL,0,0,UPSTREAM_OBJECT_ABSENT,0,0,0,0,PAIR_STAGE_STOP,False,PAIR_BOTTLENECK,e08110073d1bb471b3b54e23e27acff912204ee124942c38a24da2688b4305dc
587,45,3,12,PASS,220,0,FAIL,0,0,UPSTREAM_OBJECT_ABSENT,0,0,UPSTREAM_OBJECT_ABSENT,0,0,0,0,TRIO_STAGE_STOP,False,TRIO_BOTTLENECK,6939023263b2187ddb8be4402f395c8946638a9161c3c345b5dcccd2f7990fda
588,45,0,12,PASS,220,0,FAIL,0,0,UPSTREAM_OBJECT_ABSENT,0,0,UPSTREAM_OBJECT_ABSENT,0,0,0,0,TRIO_STAGE_STOP,False,TRIO_BOTTLENECK,776dae747aea240d6763bbc4c848a4f83e3ab4d6241d09935b1461c83d15d6a7
589,45,2,12,PASS,220,0,FAIL,0,0,UPSTREAM_OBJECT_ABSENT,0,0,UPSTREAM_OBJECT_ABSENT,0,0,0,0,TRIO_STAGE_STOP,False,TRIO_BOTTLENECK,08b84ab0342557e166325edd199b7e62d5e20ffd4d648c8c6f45558751743b41
590,45,0,12,PASS,220,0,FAIL,0,0,UPSTREAM_OBJECT_ABSENT,0,0,UPSTREAM_OBJECT_ABSENT,0,0,0,0,TRIO_STAGE_STOP,False,TRIO_BOTTLENECK,03ee1599c24bd3ce17f6dfefb64e9fc0fe1967ea77e30496b9af7d3a675ae93e
591,45,0,12,PASS,220,15,PASS,4,0,PASS,4,0,FAIL,0,0,0,4,CORE_STAGE_STOP,False,IMPLEMENTATION_OR_DEFINITION_ANOMALY,b91bc92f41ceab48f15ed5351781dc40c3ab240eb42f090fb44e52bfbd78a63e
592,45,0,12,PASS,220,26,PASS,108,0,PASS,108,0,FAIL,0,0,0,108,CORE_STAGE_STOP,False,IMPLEMENTATION_OR_DEFINITION_ANOMALY,a1c674cc04b49f5068a72f970964296a5f3e543e248a32781e08168b3ec84ff7
593,45,0,12,PASS,220,13,PASS,15,0,PASS,15,0,FAIL,0,0,0,15,CORE_STAGE_STOP,False,IMPLEMENTATION_OR_DEFINITION_ANOMALY,960503e72876bbc77ea7e11faf85d07d3b5e27b6f9260536f88f59ed5d305940
594,45,0,12,PASS,220,50,PASS,418,0,PASS,418,0,FAIL,0,0,0,418,CORE_STAGE_STOP,False,IMPLEMENTATION_OR_DEFINITION_ANOMALY,dc7c3207876abff97c6be6642d808f6f9f9dcec9139a46dd3853010b23c0444a
595,45,0,12,PASS,220,39,PASS,194,0,PASS,194,0,FAIL,0,0,0,194,CORE_STAGE_STOP,False,IMPLEMENTATION_OR_DEFINITION_ANOMALY,d3429ee331b96c4fb82b681832ba9faa9e01b2f7c90edb0ad8e1525911b382c7
596,45,0,12,PASS,171,0,FAIL,0,0,UPSTREAM_OBJECT_ABSENT,0,0,UPSTREAM_OBJECT_ABSENT,0,0,0,0,TRIO_STAGE_STOP,False,TRIO_BOTTLENECK,7983377dc8532ee9d75d5ac1b8361d4931583d2c35eb4cc905c52ee438b2308c
597,45,0,12,PASS,220,60,PASS,619,0,PASS,619,0,FAIL,0,0,0,619,CORE_STAGE_STOP,False,IMPLEMENTATION_OR_DEFINITION_ANOMALY,c8b0b51fa618efc6fdfe987234b8c78f19ea0686cdf4918308bb84636604ce2c
598,45,0,12,PASS,220,16,PASS,23,0,PASS,23,0,FAIL,0,0,0,23,CORE_STAGE_STOP,False,IMPLEMENTATION_OR_DEFINITION_ANOMALY,62d850008839d11d9bec995be8ecab79e727d2eada0414ed214d5a3729107ad9
599,45,0,12,PASS,220,69,PASS,816,0,PASS,816,0,FAIL,0,0,0,816,CORE_STAGE_STOP,False,IMPLEMENTATION_OR_DEFINITION_ANOMALY,2837767284c2bd80c003ec2e0dd135fc540ab88794b2da218cd3376747ff4405
600,45,0,8,PASS,56,0,FAIL,0,0,UPSTREAM_OBJECT_ABSENT,0,0,UPSTREAM_OBJECT_ABSENT,0,0,0,0,TRIO_STAGE_STOP,False,TRIO_BOTTLENECK,8ed7953841ff227c495177f6695eef9cbe72d99c6384497a2aef5cc95a50840a
601,45,2,12,PASS,220,0,FAIL,0,0,UPSTREAM_OBJECT_ABSENT,0,0,UPSTREAM_OBJECT_ABSENT,0,0,0,0,TRIO_STAGE_STOP,False,TRIO_BOTTLENECK,2044c7c7ae13684b2a079ab5fa4fc9db6b2b94749e3e8f580f53fabe292be334
602,45,0,9,PASS,84,0,FAIL,0,0,UPSTREAM_OBJECT_ABSENT,0,0,UPSTREAM_OBJECT_ABSENT,0,0,0,0,TRIO_STAGE_STOP,False,TRIO_BOTTLENECK,6f07827c6ae9c4e4f92d46157da5a11568b0a1003e88f1dc180daf3108b9d3ee
603,45,0,12,PASS,220,87,PASS,1408,0,PASS,1408,0,FAIL,0,0,0,1408,CORE_STAGE_STOP,False,IMPLEMENTATION_OR_DEFINITION_ANOMALY,640c4f6d1d7c05665a79fc1d8ded5b7740068bb5020dc50c840ea086a0f8c4e0
604,45,0,6,PASS,20,0,FAIL,0,0,UPSTREAM_OBJECT_ABSENT,0,0,UPSTREAM_OBJECT_ABSENT,0,0,0,0,TRIO_STAGE_STOP,False,TRIO_BOTTLENECK,da048a4a744f2b43f12ad3d9a67b1dbf4fbba65051d2969cfab906d5a0795d45
605,45,4,12,PASS,220,0,FAIL,0,0,UPSTREAM_OBJECT_ABSENT,0,0,UPSTREAM_OBJECT_ABSENT,0,0,0,0,TRIO_STAGE_STOP,False,TRIO_BOTTLENECK,3b4e5e1ab829415c9bed8ca48b7b41a67a741b35ce52e7922c909ea1c9331f42
606,45,0,6,PASS,20,0,FAIL,0,0,UPSTREAM_OBJECT_ABSENT,0,0,UPSTREAM_OBJECT_ABSENT,0,0,0,0,TRIO_STAGE_STOP,False,TRIO_BOTTLENECK,ba1df4dc1c2e842f44d32a53337cefe33d2888ad15b9a751d5399af9aa8410d4
607,45,0,12,PASS,220,60,PASS,663,0,PASS,663,0,FAIL,0,0,0,663,CORE_STAGE_STOP,False,IMPLEMENTATION_OR_DEFINITION_ANOMALY,e0bacfa6567b55ea68a8502071245a56d9ea9bf910ad3088a55082f431a50000
608,45,0,12,PASS,220,65,PASS,809,0,PASS,809,0,FAIL,0,0,0,809,CORE_STAGE_STOP,False,IMPLEMENTATION_OR_DEFINITION_ANOMALY,f6421cd366e935436033bbee035a5a0136f68cd207fdf73483682a544c8148c3
609,45,0,12,PASS,219,0,FAIL,0,0,UPSTREAM_OBJECT_ABSENT,0,0,UPSTREAM_OBJECT_ABSENT,0,0,0,0,TRIO_STAGE_STOP,False,TRIO_BOTTLENECK,410732fd417c0146a2e296362c47ab4ce92b54b3b93b3a0b2a20c11d64fff8fc
610,45,2,12,PASS,220,0,FAIL,0,0,UPSTREAM_OBJECT_ABSENT,0,0,UPSTREAM_OBJECT_ABSENT,0,0,0,0,TRIO_STAGE_STOP,False,TRIO_BOTTLENECK,2ddbcca49e6fa38b85468cd07e0d548d28755d3b74904b2a718d3cfb57df243c
611,45,0,12,PASS,126,0,FAIL,0,0,UPSTREAM_OBJECT_ABSENT,0,0,UPSTREAM_OBJECT_ABSENT,0,0,0,0,TRIO_STAGE_STOP,False,TRIO_BOTTLENECK,73b3d873eb02db028e5f70945f81d1655d46b72287d020edd3e58a371a780373
612,45,0,12,PASS,220,90,PASS,1594,0,PASS,1594,0,FAIL,0,0,0,1594,CORE_STAGE_STOP,False,IMPLEMENTATION_OR_DEFINITION_ANOMALY,b12abd6f272be5f152eeaccb146506dd879c14f7042d4cdc2cdf01b94b2789ce
613,45,0,12,PASS,220,0,FAIL,0,0,UPSTREAM_OBJECT_ABSENT,0,0,UPSTREAM_OBJECT_ABSENT,0,0,0,0,TRIO_STAGE_STOP,False,TRIO_BOTTLENECK,f427f1ddd4699dcd5628248f85af037a4868ea0629082d34835e00c465f0664b
614,45,0,12,PASS,220,52,PASS,529,0,PASS,529,0,FAIL,0,0,0,529,CORE_STAGE_STOP,False,IMPLEMENTATION_OR_DEFINITION_ANOMALY,6eafda6b3364e3308001fc87721bc2eae53699dbd4e68a43b5d3f13eb3ba30ee
615,45,1,12,PASS,220,0,FAIL,0,0,UPSTREAM_OBJECT_ABSENT,0,0,UPSTREAM_OBJECT_ABSENT,0,0,0,0,TRIO_STAGE_STOP,False,TRIO_BOTTLENECK,9cf8b4b539063c4541bd4c0fdc32d3634c82db68d20faa0a07808e58a81f1eae
616,45,0,12,PASS,220,0,FAIL,0,0,UPSTREAM_OBJECT_ABSENT,0,0,UPSTREAM_OBJECT_ABSENT,0,0,0,0,TRIO_STAGE_STOP,False,TRIO_BOTTLENECK,e96cc1ea55c5deebd27b82477d1cf5ab17273fba0e9bf41e72f0be07d12e054d
617,45,0,12,PASS,220,0,FAIL,0,0,UPSTREAM_OBJECT_ABSENT,0,0,UPSTREAM_OBJECT_ABSENT,0,0,0,0,TRIO_STAGE_STOP,False,TRIO_BOTTLENECK,13dbc0eb86540bfa20994e0bdaf4253e6497afb903a487a8d31a721e1649bded
618,45,0,12,PASS,220,0,FAIL,0,0,UPSTREAM_OBJECT_ABSENT,0,0,UPSTREAM_OBJECT_ABSENT,0,0,0,0,TRIO_STAGE_STOP,False,TRIO_BOTTLENECK,adc0592c0381aeb3cc228d8709725964fe7a7fda683f5aef62a83c28fafdabde
619,45,2,12,PASS,220,0,FAIL,0,0,UPSTREAM_OBJECT_ABSENT,0,0,UPSTREAM_OBJECT_ABSENT,0,0,0,0,TRIO_STAGE_STOP,False,TRIO_BOTTLENECK,a5f7880e06baadfe62de00b1ff05400aca74f7420cb20734c8f9643d9ff7b1f2
620,45,2,12,PASS,220,0,FAIL,0,0,UPSTREAM_OBJECT_ABSENT,0,0,UPSTREAM_OBJECT_ABSENT,0,0,0,0,TRIO_STAGE_STOP,False,TRIO_BOTTLENECK,3392c95bc9968c99ff602f2ef328956c699a0ac8c4c830935f4f90c4515b3e4a
621,45,0,12,PASS,220,74,PASS,1046,0,PASS,1046,0,FAIL,0,0,0,1046,CORE_STAGE_STOP,False,IMPLEMENTATION_OR_DEFINITION_ANOMALY,aa0fa7bb63f0617b35467ed4591b84def92a722cec34c3f59ec9c325e755f5e5
622,45,0,12,PASS,60,0,FAIL,0,0,UPSTREAM_OBJECT_ABSENT,0,0,UPSTREAM_OBJECT_ABSENT,0,0,0,0,TRIO_STAGE_STOP,False,TRIO_BOTTLENECK,8afa87b9e9d2888899570bc21733fdb76e0afa3dfa23fc04385c80bb3941f1ec
623,45,0,12,PASS,220,63,PASS,740,0,PASS,740,0,FAIL,0,0,0,740,CORE_STAGE_STOP,False,IMPLEMENTATION_OR_DEFINITION_ANOMALY,49a18521adbad46ea6c67097c2dfdd86ce78afdddc138396e2daf6c4c53e1f44
624,45,0,12,PASS,220,52,PASS,424,0,PASS,424,0,FAIL,0,0,0,424,CORE_STAGE_STOP,False,IMPLEMENTATION_OR_DEFINITION_ANOMALY,f796ae380bb85fe5f3665d43bbe3f7ca72bd08295efb102643b34bab121856a0
625,45,0,12,PASS,220,67,PASS,753,0,PASS,753,0,FAIL,0,0,0,753,CORE_STAGE_STOP,False,IMPLEMENTATION_OR_DEFINITION_ANOMALY,924cee60466530a0e2d577d61a784427827b088afae6af9e9b27127768805e9c
626,45,0,12,PASS,220,68,PASS,919,0,PASS,919,0,FAIL,0,0,0,919,CORE_STAGE_STOP,False,IMPLEMENTATION_OR_DEFINITION_ANOMALY,af3e29f7d7ee296dfe110818335db822351502cbb7d9735eab7710c3802f524f
627,45,0,7,PASS,35,0,FAIL,0,0,UPSTREAM_OBJECT_ABSENT,0,0,UPSTREAM_OBJECT_ABSENT,0,0,0,0,TRIO_STAGE_STOP,False,TRIO_BOTTLENECK,68c2a6113f841bf0ebe2ad1e10f97e15d534deb95e35de2364c3a42abd0eb73e
628,45,0,12,PASS,220,0,FAIL,0,0,UPSTREAM_OBJECT_ABSENT,0,0,UPSTREAM_OBJECT_ABSENT,0,0,0,0,TRIO_STAGE_STOP,False,TRIO_BOTTLENECK,126271549ade51aef145211710ff3ba17be530b50a9474b79355b6f91b5ee582
629,45,0,12,PASS,220,68,PASS,823,0,PASS,823,0,FAIL,0,0,0,823,CORE_STAGE_STOP,False,IMPLEMENTATION_OR_DEFINITION_ANOMALY,c57b1055965aad99d4561d4ab20f2208bd42887cebe1ee6c5415ad8c63459ce1
630,45,0,12,PASS,220,60,PASS,633,0,PASS,633,0,FAIL,0,0,0,633,CORE_STAGE_STOP,False,IMPLEMENTATION_OR_DEFINITION_ANOMALY,d54697d3cacc529c01e9581afe414b346c76d8438dd6cfdea2011dd4d1f81058
631,45,3,12,PASS,220,0,FAIL,0,0,UPSTREAM_OBJECT_ABSENT,0,0,UPSTREAM_OBJECT_ABSENT,0,0,0,0,TRIO_STAGE_STOP,False,TRIO_BOTTLENECK,580803b47dcf64f269fe3907e208c01265857e806e5895102ab0f932198118a7
632,45,0,12,PASS,27,0,FAIL,0,0,UPSTREAM_OBJECT_ABSENT,0,0,UPSTREAM_OBJECT_ABSENT,0,0,0,0,TRIO_STAGE_STOP,False,TRIO_BOTTLENECK,6ed0964737506ebff4b78b70a52da7b7e86cd85b4bf8be82f57b51860dd512f5
633,45,0,12,PASS,220,83,PASS,1285,0,PASS,1285,0,FAIL,0,0,0,1285,CORE_STAGE_STOP,False,IMPLEMENTATION_OR_DEFINITION_ANOMALY,c2052865de723116ef0e55e5ec0ef649a9216668045344362c74486e4b7399d3
634,45,0,10,PASS,120,0,FAIL,0,0,UPSTREAM_OBJECT_ABSENT,0,0,UPSTREAM_OBJECT_ABSENT,0,0,0,0,TRIO_STAGE_STOP,False,TRIO_BOTTLENECK,55359eeefb24bc51f5bd962bd962acfe9c70852f4645a92cfb359ff3393b629c
635,45,0,12,PASS,220,0,FAIL,0,0,UPSTREAM_OBJECT_ABSENT,0,0,UPSTREAM_OBJECT_ABSENT,0,0,0,0,TRIO_STAGE_STOP,False,TRIO_BOTTLENECK,00d35eda451b5d86b37199af8caa60d68557c373871ccae1f276b71282cee2e3
636,45,0,12,PASS,220,0,FAIL,0,0,UPSTREAM_OBJECT_ABSENT,0,0,UPSTREAM_OBJECT_ABSENT,0,0,0,0,TRIO_STAGE_STOP,False,TRIO_BOTTLENECK,55c285928d5ca080f0c459779009f284abc1777c256cb50d4a5c4f9dda3f6766
637,45,0,12,PASS,208,0,FAIL,0,0,UPSTREAM_OBJECT_ABSENT,0,0,UPSTREAM_OBJECT_ABSENT,0,0,0,0,TRIO_STAGE_STOP,False,TRIO_BOTTLENECK,86592e1de9f9f6b9c23cc46b2c5df95ec30daccd94dbe4961cc153345426a6a5
638,45,0,0,FAIL,0,0,UPSTREAM_OBJECT_ABSENT,0,0,UPSTREAM_OBJECT_ABSENT,0,0,UPSTREAM_OBJECT_ABSENT,0,0,0,0,NUMBER_STAGE_STOP,False,UPSTREAM_STARVATION,70a129bae993e32a758cdb78f9bd079e3a1a8f35ff617a8bf4a1b393fddf9480
639,45,0,12,PASS,220,67,PASS,731,0,PASS,731,0,FAIL,0,0,0,731,CORE_STAGE_STOP,False,IMPLEMENTATION_OR_DEFINITION_ANOMALY,466ab403a2d7f7c1401ed9e25abbfb075b2adfa6be599120309d43a99f0e0652
640,45,0,12,PASS,220,69,PASS,832,0,PASS,832,0,FAIL,0,0,0,832,CORE_STAGE_STOP,False,IMPLEMENTATION_OR_DEFINITION_ANOMALY,d2b28de6ef18f2ce5513a808f0059f6038943e50803661ef93a022eade4ac0c3
641,45,0,7,PASS,35,0,FAIL,0,0,UPSTREAM_OBJECT_ABSENT,0,0,UPSTREAM_OBJECT_ABSENT,0,0,0,0,TRIO_STAGE_STOP,False,TRIO_BOTTLENECK,e1043bbb537a02cecb9fc58c66ebd8f6cd1110e3dd9aaba460c69345fd59b736
642,45,0,12,PASS,220,66,PASS,763,0,PASS,763,0,FAIL,0,0,0,763,CORE_STAGE_STOP,False,IMPLEMENTATION_OR_DEFINITION_ANOMALY,8e26f6d28ad8c3ccd6aab3cff65d65518e9a1821b7c54225385f4da72e379968
643,45,0,12,PASS,220,64,PASS,806,0,PASS,806,0,FAIL,0,0,0,806,CORE_STAGE_STOP,False,IMPLEMENTATION_OR_DEFINITION_ANOMALY,51c571a5644ef9b91606297595bb158f8ec23afdee049faf2ef904f4a2412fb8
644,45,0,7,PASS,35,0,FAIL,0,0,UPSTREAM_OBJECT_ABSENT,0,0,UPSTREAM_OBJECT_ABSENT,0,0,0,0,TRIO_STAGE_STOP,False,TRIO_BOTTLENECK,980339c27287f9ad2baca96119689c30ced8f8b4c55b73cd58bca76c1afd93f5
645,45,3,12,PASS,220,0,FAIL,0,0,UPSTREAM_OBJECT_ABSENT,0,0,UPSTREAM_OBJECT_ABSENT,0,0,0,0,TRIO_STAGE_STOP,False,TRIO_BOTTLENECK,67da968ec8b1249ea5556992b72d079a78e4d59c159da1ba6abe0d015f1239bf
646,45,0,12,PASS,220,0,FAIL,0,0,UPSTREAM_OBJECT_ABSENT,0,0,UPSTREAM_OBJECT_ABSENT,0,0,0,0,TRIO_STAGE_STOP,False,TRIO_BOTTLENECK,f898265786e313965596ce853bc07a4d371e99b5db310bca616d5c1e3dc98316
647,45,0,12,PASS,220,0,FAIL,0,0,UPSTREAM_OBJECT_ABSENT,0,0,UPSTREAM_OBJECT_ABSENT,0,0,0,0,TRIO_STAGE_STOP,False,TRIO_BOTTLENECK,f720e8b44a3ecc2bc83505fddb093759e532f6a9977938543078fd6c438ca1a7
648,45,0,10,PASS,120,0,FAIL,0,0,UPSTREAM_OBJECT_ABSENT,0,0,UPSTREAM_OBJECT_ABSENT,0,0,0,0,TRIO_STAGE_STOP,False,TRIO_BOTTLENECK,493a668501e95c0e841081a71a399097d09a25e2c01c04f8e37c13750c3276b4
649,45,0,12,PASS,220,52,PASS,458,0,PASS,458,0,FAIL,0,0,0,458,CORE_STAGE_STOP,False,IMPLEMENTATION_OR_DEFINITION_ANOMALY,9e48492dec7736a91b760ab7c4b7b47ba0a0e5b97ee941e82af9f627da166bda
650,45,0,12,PASS,220,0,FAIL,0,0,UPSTREAM_OBJECT_ABSENT,0,0,UPSTREAM_OBJECT_ABSENT,0,0,0,0,TRIO_STAGE_STOP,False,TRIO_BOTTLENECK,96accc1d418669f7b6ac67bf924cfdc7fca614d5a17348e64cbe618f77ad8ccf
651,45,1,12,PASS,220,0,FAIL,0,0,UPSTREAM_OBJECT_ABSENT,0,0,UPSTREAM_OBJECT_ABSENT,0,0,0,0,TRIO_STAGE_STOP,False,TRIO_BOTTLENECK,148800281512395b029170a3609f385c266540e36cec1ddfd0ade9f14514c195
652,45,0,6,PASS,20,0,FAIL,0,0,UPSTREAM_OBJECT_ABSENT,0,0,UPSTREAM_OBJECT_ABSENT,0,0,0,0,TRIO_STAGE_STOP,False,TRIO_BOTTLENECK,89794484735479a6a135ffff329c175de72c8a3f4421a8e29c86192546dc0223
653,45,0,12,PASS,220,41,PASS,230,0,PASS,230,0,FAIL,0,0,0,230,CORE_STAGE_STOP,False,IMPLEMENTATION_OR_DEFINITION_ANOMALY,66680f8a216f12821a421aec2ec4adf44780a142bd6b57da85aa657e3d042eb9
654,45,0,8,PASS,56,0,FAIL,0,0,UPSTREAM_OBJECT_ABSENT,0,0,UPSTREAM_OBJECT_ABSENT,0,0,0,0,TRIO_STAGE_STOP,False,TRIO_BOTTLENECK,e004b2a5fb7f45d86e06638c76bd6602625a1bfea9b1795ce93ec309fe104955
655,45,0,0,FAIL,0,0,UPSTREAM_OBJECT_ABSENT,0,0,UPSTREAM_OBJECT_ABSENT,0,0,UPSTREAM_OBJECT_ABSENT,0,0,0,0,NUMBER_STAGE_STOP,False,UPSTREAM_STARVATION,2c9f8f2a980914cb2ef9fe239b4e8cec9dde9c2563a4c07217b41809fcea416b
656,45,0,12,PASS,62,0,FAIL,0,0,UPSTREAM_OBJECT_ABSENT,0,0,UPSTREAM_OBJECT_ABSENT,0,0,0,0,TRIO_STAGE_STOP,False,TRIO_BOTTLENECK,40ec2abc7fb8845edc5f696a631afc4ccd19e70f436227bad133985bf375def5
657,45,0,12,PASS,220,0,FAIL,0,0,UPSTREAM_OBJECT_ABSENT,0,0,UPSTREAM_OBJECT_ABSENT,0,0,0,0,TRIO_STAGE_STOP,False,TRIO_BOTTLENECK,316abfaa27887336cea7df98f76f5384cdca8c176c3ac9fee591d29aa2cd7559
658,45,0,12,PASS,220,0,FAIL,0,0,UPSTREAM_OBJECT_ABSENT,0,0,UPSTREAM_OBJECT_ABSENT,0,0,0,0,TRIO_STAGE_STOP,False,TRIO_BOTTLENECK,97d02bf84459a40e3fb126e1f33fadc47f06a183c2af633b64f00be552830435
659,45,0,12,PASS,220,45,PASS,303,0,PASS,303,0,FAIL,0,0,0,303,CORE_STAGE_STOP,False,IMPLEMENTATION_OR_DEFINITION_ANOMALY,2d14481d9d13d3194d40db09629239c9db1947503c6fbe6740706777bd1f938e
660,45,0,12,PASS,220,46,PASS,318,0,PASS,318,0,FAIL,0,0,0,318,CORE_STAGE_STOP,False,IMPLEMENTATION_OR_DEFINITION_ANOMALY,6bbc0effb3a581916aedd0e511d6a1c24a45215c9a3d4c7d42c8930bd389455f
661,45,0,12,PASS,220,0,FAIL,0,0,UPSTREAM_OBJECT_ABSENT,0,0,UPSTREAM_OBJECT_ABSENT,0,0,0,0,TRIO_STAGE_STOP,False,TRIO_BOTTLENECK,100cbf8abac342fc2928d3d758db9f8ccfb7bef2d35e879ca0bf5cbcba9af330
662,45,0,12,PASS,220,63,PASS,726,0,PASS,726,0,FAIL,0,0,0,726,CORE_STAGE_STOP,False,IMPLEMENTATION_OR_DEFINITION_ANOMALY,2232360e8607a2f8738f44d3061e87e51fcc09128d2819caf40b2c04118892df
663,45,0,12,PASS,220,59,PASS,636,0,PASS,636,0,FAIL,0,0,0,636,CORE_STAGE_STOP,False,IMPLEMENTATION_OR_DEFINITION_ANOMALY,1fdbdc7cd29f1863f642138352140892852c1b90a9aa98b6806f5d02eacf7da2
664,45,0,12,PASS,220,0,FAIL,0,0,UPSTREAM_OBJECT_ABSENT,0,0,UPSTREAM_OBJECT_ABSENT,0,0,0,0,TRIO_STAGE_STOP,False,TRIO_BOTTLENECK,06d369d9c1c94af2d4f60c2273446984aabd3fb9b0ccacbb7511191eeeb2fa7c
665,45,1,12,PASS,220,0,FAIL,0,0,UPSTREAM_OBJECT_ABSENT,0,0,UPSTREAM_OBJECT_ABSENT,0,0,0,0,TRIO_STAGE_STOP,False,TRIO_BOTTLENECK,f4cb788bfbb700f19f1f9a681394fddc2486e90c8f7aa4421e59fa438c28252d
666,45,0,11,PASS,165,0,FAIL,0,0,UPSTREAM_OBJECT_ABSENT,0,0,UPSTREAM_OBJECT_ABSENT,0,0,0,0,TRIO_STAGE_STOP,False,TRIO_BOTTLENECK,aed10109b887db858a71ff16c8e4449228f608d06a647916962a55eb72465143
667,45,0,8,PASS,56,0,FAIL,0,0,UPSTREAM_OBJECT_ABSENT,0,0,UPSTREAM_OBJECT_ABSENT,0,0,0,0,TRIO_STAGE_STOP,False,TRIO_BOTTLENECK,08c29b8ae92720cdd4b968044465c93608858ebc70b31a6f76f165da7cd4fd9b
668,45,0,12,PASS,219,0,FAIL,0,0,UPSTREAM_OBJECT_ABSENT,0,0,UPSTREAM_OBJECT_ABSENT,0,0,0,0,TRIO_STAGE_STOP,False,TRIO_BOTTLENECK,08fea89446f72b3f1f06c9abec6d1cffc8391dd3c396844b2c3c65c30daea198
669,45,0,12,PASS,220,60,PASS,639,0,PASS,639,0,FAIL,0,0,0,639,CORE_STAGE_STOP,False,IMPLEMENTATION_OR_DEFINITION_ANOMALY,d9bcf3b7eb76edce31066b6abd0fd5d8e1bcc06cdb9dfe9757b42a867e67d582
670,45,0,7,PASS,35,0,FAIL,0,0,UPSTREAM_OBJECT_ABSENT,0,0,UPSTREAM_OBJECT_ABSENT,0,0,0,0,TRIO_STAGE_STOP,False,TRIO_BOTTLENECK,1fc3945aed62072d3be2f180e1e26f3de586dba28e4dee4bdbfa2ff3ff560c9f
671,45,0,12,PASS,220,0,FAIL,0,0,UPSTREAM_OBJECT_ABSENT,0,0,UPSTREAM_OBJECT_ABSENT,0,0,0,0,TRIO_STAGE_STOP,False,TRIO_BOTTLENECK,b15ed2d4193792f176fc12a2141cd724d5cdbefc9045c18f7e85ba0495f4057b
672,45,0,12,PASS,220,0,FAIL,0,0,UPSTREAM_OBJECT_ABSENT,0,0,UPSTREAM_OBJECT_ABSENT,0,0,0,0,TRIO_STAGE_STOP,False,TRIO_BOTTLENECK,c6ed421e8e6c7efce3ea7a22522cbd4eee1eeaef8ab736346df8906c009c3654
673,45,0,12,PASS,220,5,PASS,0,0,FAIL,0,0,UPSTREAM_OBJECT_ABSENT,0,0,0,0,PAIR_STAGE_STOP,False,PAIR_BOTTLENECK,1229a0d5491f73dbcadb2cad96955028ea307fd3feb118f017943472f55c3854
674,45,5,12,PASS,220,0,FAIL,0,0,UPSTREAM_OBJECT_ABSENT,0,0,UPSTREAM_OBJECT_ABSENT,0,0,0,0,TRIO_STAGE_STOP,False,TRIO_BOTTLENECK,9e0f550fbf085165a282e4c8cddc237c0833f24d89c42624a8a453af5751007f
675,45,0,12,PASS,220,53,PASS,501,0,PASS,501,0,FAIL,0,0,0,501,CORE_STAGE_STOP,False,IMPLEMENTATION_OR_DEFINITION_ANOMALY,8a3883439354a3d370a99ba3a06e1fe7965938f3ee22e6adfac497456b40301b
676,45,0,12,PASS,148,0,FAIL,0,0,UPSTREAM_OBJECT_ABSENT,0,0,UPSTREAM_OBJECT_ABSENT,0,0,0,0,TRIO_STAGE_STOP,False,TRIO_BOTTLENECK,abf0aae3d26bbf425f62ce5805d7fb6cf2cbaaac9d032671825310e3df76d21a
677,45,0,12,PASS,220,64,PASS,778,0,PASS,778,0,FAIL,0,0,0,778,CORE_STAGE_STOP,False,IMPLEMENTATION_OR_DEFINITION_ANOMALY,5e878c5882054f0e9d09c86813d1ad8d9baa0e081a522c5263b1532aa3ae09b8
678,45,0,10,PASS,120,0,FAIL,0,0,UPSTREAM_OBJECT_ABSENT,0,0,UPSTREAM_OBJECT_ABSENT,0,0,0,0,TRIO_STAGE_STOP,False,TRIO_BOTTLENECK,7c86d7fdaaf3f9b27a602628d5b5d52f056a5c10931d0b39b921c0d20e554763
679,45,0,12,PASS,220,0,FAIL,0,0,UPSTREAM_OBJECT_ABSENT,0,0,UPSTREAM_OBJECT_ABSENT,0,0,0,0,TRIO_STAGE_STOP,False,TRIO_BOTTLENECK,efabb9980c9d0f2c39fd0498c2f64cb01d4dd7b15483d74b0ce016974842d841
680,45,0,12,PASS,220,51,PASS,433,0,PASS,433,0,FAIL,0,0,0,433,CORE_STAGE_STOP,False,IMPLEMENTATION_OR_DEFINITION_ANOMALY,6134d8237908d55cb72a25b8125e8a9146123949fef756815634b51c8f776571
681,45,0,10,PASS,120,0,FAIL,0,0,UPSTREAM_OBJECT_ABSENT,0,0,UPSTREAM_OBJECT_ABSENT,0,0,0,0,TRIO_STAGE_STOP,False,TRIO_BOTTLENECK,da6bdf3034d22c84f31ef00bf9f830d2728bccef313ab417d4c37463acb5271f
682,45,0,12,PASS,206,0,FAIL,0,0,UPSTREAM_OBJECT_ABSENT,0,0,UPSTREAM_OBJECT_ABSENT,0,0,0,0,TRIO_STAGE_STOP,False,TRIO_BOTTLENECK,0f83a9dbdec3f91dcc62b6264a3afbb70a4be4f06e95685837090273269345a5
683,45,0,0,FAIL,0,0,UPSTREAM_OBJECT_ABSENT,0,0,UPSTREAM_OBJECT_ABSENT,0,0,UPSTREAM_OBJECT_ABSENT,0,0,0,0,NUMBER_STAGE_STOP,False,UPSTREAM_STARVATION,2a02649c6c4c96a147bf2816d815ff807cf64e6571414a38451577ea8ce9457b
684,45,0,12,PASS,220,75,PASS,987,0,PASS,987,0,FAIL,0,0,0,987,CORE_STAGE_STOP,False,IMPLEMENTATION_OR_DEFINITION_ANOMALY,dd8339c3d1cfec717bafbcb43bb9758cb072a80bb00a7d5631b80b94fbc12061
685,45,0,12,PASS,220,0,FAIL,0,0,UPSTREAM_OBJECT_ABSENT,0,0,UPSTREAM_OBJECT_ABSENT,0,0,0,0,TRIO_STAGE_STOP,False,TRIO_BOTTLENECK,647b9ec62841bb5c226b794ed00f38cde2036762dbc18c9834ae92f53db50cb7
686,45,0,9,PASS,84,0,FAIL,0,0,UPSTREAM_OBJECT_ABSENT,0,0,UPSTREAM_OBJECT_ABSENT,0,0,0,0,TRIO_STAGE_STOP,False,TRIO_BOTTLENECK,c921eb5cbac63fa5ce9e78f4376d4f269c1c2f6041b6e2e3243ef9c94682d11d
687,45,0,12,PASS,220,59,PASS,655,0,PASS,655,0,FAIL,0,0,0,655,CORE_STAGE_STOP,False,IMPLEMENTATION_OR_DEFINITION_ANOMALY,2585c502eee40d9487f57d99e217823704e88ef1b36eaea42b8a26c58f12f052
688,45,0,12,PASS,220,77,PASS,1094,0,PASS,1094,0,FAIL,0,0,0,1094,CORE_STAGE_STOP,False,IMPLEMENTATION_OR_DEFINITION_ANOMALY,e6b1f306dc299dbc7a944089544c60e4e9c9b661ff517626ad3580ca2c317aee
689,45,0,12,PASS,220,0,FAIL,0,0,UPSTREAM_OBJECT_ABSENT,0,0,UPSTREAM_OBJECT_ABSENT,0,0,0,0,TRIO_STAGE_STOP,False,TRIO_BOTTLENECK,4534b48577874a4099be7f6e811da4e257391de13a90b6f0cad5dd765dd714b0
690,45,0,12,PASS,220,29,PASS,162,0,PASS,162,0,FAIL,0,0,0,162,CORE_STAGE_STOP,False,IMPLEMENTATION_OR_DEFINITION_ANOMALY,19bfaca7b4eb25f2f0077d6fee3e14e8885a679b5ff9ee02144261c0729b8f37
691,45,0,6,PASS,20,0,FAIL,0,0,UPSTREAM_OBJECT_ABSENT,0,0,UPSTREAM_OBJECT_ABSENT,0,0,0,0,TRIO_STAGE_STOP,False,TRIO_BOTTLENECK,9c7c2619e1a1a123723939ff4adf38714c42b7e8607d01f3da3008cad3fb3661
692,45,0,12,PASS,220,0,FAIL,0,0,UPSTREAM_OBJECT_ABSENT,0,0,UPSTREAM_OBJECT_ABSENT,0,0,0,0,TRIO_STAGE_STOP,False,TRIO_BOTTLENECK,787862accffa055b8b4cf30e3577735182b65339a8410e81c9b4309ce7a9193d
693,45,0,12,PASS,220,80,PASS,1164,0,PASS,1164,0,FAIL,0,0,0,1164,CORE_STAGE_STOP,False,IMPLEMENTATION_OR_DEFINITION_ANOMALY,48999be8a8ca2ad44c6b8ff425853fe0db16d8902014ed7be56b27462ed5d5a9
694,45,0,12,PASS,220,60,PASS,688,0,PASS,688,0,FAIL,0,0,0,688,CORE_STAGE_STOP,False,IMPLEMENTATION_OR_DEFINITION_ANOMALY,1800b0c85fe7b7cab9bed4f5c32b08f630e16a3720253e6fdc7839abcfb3c7bb
695,45,0,12,PASS,220,41,PASS,305,0,PASS,305,0,FAIL,0,0,0,305,CORE_STAGE_STOP,False,IMPLEMENTATION_OR_DEFINITION_ANOMALY,66954fb767c1fe51bb9a36f4f2cc93b37040d0770a243d34aa6bc4de82220b42
696,45,0,12,PASS,220,0,FAIL,0,0,UPSTREAM_OBJECT_ABSENT,0,0,UPSTREAM_OBJECT_ABSENT,0,0,0,0,TRIO_STAGE_STOP,False,TRIO_BOTTLENECK,c75f3c6be30c97d09831242843f74342634217dd5bcdb24f4ea9345825fc5658
697,45,0,12,PASS,220,57,PASS,575,0,PASS,575,0,FAIL,0,0,0,575,CORE_STAGE_STOP,False,IMPLEMENTATION_OR_DEFINITION_ANOMALY,e44a42e6347f0fd6612b9cf8e74b571ab7bc50f8cb8d494af62e528bfba9d010
698,45,0,12,PASS,220,0,FAIL,0,0,UPSTREAM_OBJECT_ABSENT,0,0,UPSTREAM_OBJECT_ABSENT,0,0,0,0,TRIO_STAGE_STOP,False,TRIO_BOTTLENECK,4d6d29c6a2beb831ebded3f8c9d51b863e895dcefa893db6f9181224c293fd75
699,45,0,12,PASS,186,0,FAIL,0,0,UPSTREAM_OBJECT_ABSENT,0,0,UPSTREAM_OBJECT_ABSENT,0,0,0,0,TRIO_STAGE_STOP,False,TRIO_BOTTLENECK,7d90f177cdefdefc18dc0dc0b2e879a1f6b0dc00c949070405ab4242ffa5045a
700,45,0,6,PASS,20,0,FAIL,0,0,UPSTREAM_OBJECT_ABSENT,0,0,UPSTREAM_OBJECT_ABSENT,0,0,0,0,TRIO_STAGE_STOP,False,TRIO_BOTTLENECK,4ac416bf810202e5b7f850287c00d4cc1193bb56e2a0f5e9bc63515a7069d503
701,45,0,6,PASS,20,0,FAIL,0,0,UPSTREAM_OBJECT_ABSENT,0,0,UPSTREAM_OBJECT_ABSENT,0,0,0,0,TRIO_STAGE_STOP,False,TRIO_BOTTLENECK,b91c63f4f224c9c5af38a3cb303c8de61a2b1337111e67ca14adcd701f9c3d0c
702,45,0,12,PASS,220,0,FAIL,0,0,UPSTREAM_OBJECT_ABSENT,0,0,UPSTREAM_OBJECT_ABSENT,0,0,0,0,TRIO_STAGE_STOP,False,TRIO_BOTTLENECK,e720346c3726c79473726aa3816c8f62ed87b45c771ea8a110fac416aa7c9712
703,45,0,12,PASS,220,0,FAIL,0,0,UPSTREAM_OBJECT_ABSENT,0,0,UPSTREAM_OBJECT_ABSENT,0,0,0,0,TRIO_STAGE_STOP,False,TRIO_BOTTLENECK,d04ddf0741b00bece3c8b10f0e6dd6f923fae22126c0a34d863c7f396d87bde7
704,45,0,12,PASS,220,0,FAIL,0,0,UPSTREAM_OBJECT_ABSENT,0,0,UPSTREAM_OBJECT_ABSENT,0,0,0,0,TRIO_STAGE_STOP,False,TRIO_BOTTLENECK,4cdec3d4f9c2fd9b53dbbf1926d5f25e59cc5a93558a739577483178972f957f
705,45,0,12,PASS,220,100,PASS,1878,0,PASS,1878,0,FAIL,0,0,0,1878,CORE_STAGE_STOP,False,IMPLEMENTATION_OR_DEFINITION_ANOMALY,d57a92e58af31efeda92e7183a6d858da8c64e9c7d1897b2895a81fd39bb4fdb
706,45,0,12,PASS,220,81,PASS,1096,0,PASS,1096,0,FAIL,0,0,0,1096,CORE_STAGE_STOP,False,IMPLEMENTATION_OR_DEFINITION_ANOMALY,df13d597059c3bd1061d9d32f8e3902817dcb0ccfb2bae41abcf5b12879c8b68
707,45,0,12,PASS,220,0,FAIL,0,0,UPSTREAM_OBJECT_ABSENT,0,0,UPSTREAM_OBJECT_ABSENT,0,0,0,0,TRIO_STAGE_STOP,False,TRIO_BOTTLENECK,0a6e7e1862a2483640c5ebf4d5d57e7004425a01c7796e34fa96fd1662500e70
708,45,0,12,PASS,220,0,FAIL,0,0,UPSTREAM_OBJECT_ABSENT,0,0,UPSTREAM_OBJECT_ABSENT,0,0,0,0,TRIO_STAGE_STOP,False,TRIO_BOTTLENECK,7e0dd9e662edf71eedd9171083074ad1949e540f56431d93641ba44ec9e78a99
709,45,0,12,PASS,220,50,PASS,451,0,PASS,451,0,FAIL,0,0,0,451,CORE_STAGE_STOP,False,IMPLEMENTATION_OR_DEFINITION_ANOMALY,b3d2c4a44c4133d67f163e8ca235eb419f02806b81a67208eb00c9e815f7edf7
710,45,0,9,PASS,84,0,FAIL,0,0,UPSTREAM_OBJECT_ABSENT,0,0,UPSTREAM_OBJECT_ABSENT,0,0,0,0,TRIO_STAGE_STOP,False,TRIO_BOTTLENECK,2b94cff4010eae7f428dad036ae7483c296b455880411ef8d52e145af2c42252
711,45,0,12,PASS,220,0,FAIL,0,0,UPSTREAM_OBJECT_ABSENT,0,0,UPSTREAM_OBJECT_ABSENT,0,0,0,0,TRIO_STAGE_STOP,False,TRIO_BOTTLENECK,402674d94c2a50523c7633f185f3a852df4a667d80092793a9891370d190485f
712,45,0,12,PASS,220,64,PASS,727,0,PASS,727,0,FAIL,0,0,0,727,CORE_STAGE_STOP,False,IMPLEMENTATION_OR_DEFINITION_ANOMALY,78e14451c283e99168ff6e31a22fa6be4cf607b64138d8f48af14d26cf6996c6
713,45,0,12,PASS,175,0,FAIL,0,0,UPSTREAM_OBJECT_ABSENT,0,0,UPSTREAM_OBJECT_ABSENT,0,0,0,0,TRIO_STAGE_STOP,False,TRIO_BOTTLENECK,3d135007740126eb94271df86a4770a48cfd602e66cad9ad81e3471e791d92d9
714,45,2,12,PASS,220,0,FAIL,0,0,UPSTREAM_OBJECT_ABSENT,0,0,UPSTREAM_OBJECT_ABSENT,0,0,0,0,TRIO_STAGE_STOP,False,TRIO_BOTTLENECK,996e383ba00e2cf90c2b63cabfd830dfd3295a9c4b45c34c525849ae9b718e96
715,45,0,12,PASS,220,70,PASS,839,0,PASS,839,0,FAIL,0,0,0,839,CORE_STAGE_STOP,False,IMPLEMENTATION_OR_DEFINITION_ANOMALY,6ce63754429a3e1168597c9335eb962a4bfc216275aa46c13d8ede3158bb2f3b
716,45,0,12,PASS,220,81,PASS,1259,0,PASS,1259,0,FAIL,0,0,0,1259,CORE_STAGE_STOP,False,IMPLEMENTATION_OR_DEFINITION_ANOMALY,d520b429da662d8f7be31a53c13f4912a3e5ee4ac5ef194b6a5ab52fdc900508
717,45,0,12,PASS,220,0,FAIL,0,0,UPSTREAM_OBJECT_ABSENT,0,0,UPSTREAM_OBJECT_ABSENT,0,0,0,0,TRIO_STAGE_STOP,False,TRIO_BOTTLENECK,67027f72af72e391fc87cb7bb12c02470ef26844c42b06ba0f74f0bb7c227d08
718,45,3,12,PASS,220,0,FAIL,0,0,UPSTREAM_OBJECT_ABSENT,0,0,UPSTREAM_OBJECT_ABSENT,0,0,0,0,TRIO_STAGE_STOP,False,TRIO_BOTTLENECK,d38ed2baad8da257b2207437f792d1fd86ba29b9b2c31bfded5537104c57056d
719,45,2,12,PASS,220,0,FAIL,0,0,UPSTREAM_OBJECT_ABSENT,0,0,UPSTREAM_OBJECT_ABSENT,0,0,0,0,TRIO_STAGE_STOP,False,TRIO_BOTTLENECK,72848a9d8a52c7ad895a09dc909a276fa0efb96a012a9f35c58bbe2b275d95fd
720,45,0,12,PASS,220,53,PASS,551,0,PASS,551,0,FAIL,0,0,0,551,CORE_STAGE_STOP,False,IMPLEMENTATION_OR_DEFINITION_ANOMALY,e5b8abc833131ca144c11f3c9e75291d232806ce0a3adc392f8debf62e002281
721,45,0,12,PASS,220,66,PASS,837,0,PASS,837,0,FAIL,0,0,0,837,CORE_STAGE_STOP,False,IMPLEMENTATION_OR_DEFINITION_ANOMALY,d445ac14123a94df59b5e3ec766edee27b2a73d60f09344707559147064ed3e5
722,45,0,12,PASS,108,0,FAIL,0,0,UPSTREAM_OBJECT_ABSENT,0,0,UPSTREAM_OBJECT_ABSENT,0,0,0,0,TRIO_STAGE_STOP,False,TRIO_BOTTLENECK,91861df0ba9120a865d379d7799e7240c8f06a6849799c75a609c637a2b9990e
723,45,0,12,PASS,220,44,PASS,301,0,PASS,301,0,FAIL,0,0,0,301,CORE_STAGE_STOP,False,IMPLEMENTATION_OR_DEFINITION_ANOMALY,e99c31729530fa3909f33770708344c9eec4526e3c2ba3741ee075311c07d8a7
724,45,0,12,PASS,193,0,FAIL,0,0,UPSTREAM_OBJECT_ABSENT,0,0,UPSTREAM_OBJECT_ABSENT,0,0,0,0,TRIO_STAGE_STOP,False,TRIO_BOTTLENECK,7a3497fe55dc9cdf66df7e91bfc30587d35c172451b5cfe77fb9a3e39afd7edc
725,45,2,12,PASS,220,0,FAIL,0,0,UPSTREAM_OBJECT_ABSENT,0,0,UPSTREAM_OBJECT_ABSENT,0,0,0,0,TRIO_STAGE_STOP,False,TRIO_BOTTLENECK,92025c2101f69ef7dc737832d9deac7501dd1607e451bcc18533868c00400fc1
726,45,0,12,PASS,220,0,FAIL,0,0,UPSTREAM_OBJECT_ABSENT,0,0,UPSTREAM_OBJECT_ABSENT,0,0,0,0,TRIO_STAGE_STOP,False,TRIO_BOTTLENECK,1626352609e04cbba991ea5285bda9c81ee314c67bc5b58c5bbfa18ecde3cada
727,45,0,8,PASS,56,0,FAIL,0,0,UPSTREAM_OBJECT_ABSENT,0,0,UPSTREAM_OBJECT_ABSENT,0,0,0,0,TRIO_STAGE_STOP,False,TRIO_BOTTLENECK,2ab80eb81eee360e72f67885eccac02f407a2e6133e826d569feaeaf42880ae8
728,45,0,12,PASS,220,0,FAIL,0,0,UPSTREAM_OBJECT_ABSENT,0,0,UPSTREAM_OBJECT_ABSENT,0,0,0,0,TRIO_STAGE_STOP,False,TRIO_BOTTLENECK,81e41db18e740c57c9a9fcd5d8ec8cb5b5ff3049f6274c3fcadba0bed469d20b
729,45,0,6,PASS,20,0,FAIL,0,0,UPSTREAM_OBJECT_ABSENT,0,0,UPSTREAM_OBJECT_ABSENT,0,0,0,0,TRIO_STAGE_STOP,False,TRIO_BOTTLENECK,c3d1ca25d29fc274a52640551b2ee659db244ca1d76f96b568852ec269b88f92
730,45,0,12,PASS,220,0,FAIL,0,0,UPSTREAM_OBJECT_ABSENT,0,0,UPSTREAM_OBJECT_ABSENT,0,0,0,0,TRIO_STAGE_STOP,False,TRIO_BOTTLENECK,1eddc1a74fed2578e6222488d9ed3d3057668dab50943c15775c4fda1eac60dc
731,45,0,12,PASS,220,0,FAIL,0,0,UPSTREAM_OBJECT_ABSENT,0,0,UPSTREAM_OBJECT_ABSENT,0,0,0,0,TRIO_STAGE_STOP,False,TRIO_BOTTLENECK,53e6f29ed7cec9a641178e8019703421b803435d162682567b83069f3f1bd07c
732,45,0,12,PASS,220,61,PASS,693,0,PASS,693,0,FAIL,0,0,0,693,CORE_STAGE_STOP,False,IMPLEMENTATION_OR_DEFINITION_ANOMALY,cf80cccc86115dba278e65dae0fdc1654a4747fb4e7fda288acef1c0f8c84931
733,45,0,12,PASS,220,50,PASS,480,0,PASS,480,0,FAIL,0,0,0,480,CORE_STAGE_STOP,False,IMPLEMENTATION_OR_DEFINITION_ANOMALY,dd3c95756357732e2e1d4ef64f35a9a5623d1aafe35511f561c9feb600b004f5
734,45,0,8,PASS,56,0,FAIL,0,0,UPSTREAM_OBJECT_ABSENT,0,0,UPSTREAM_OBJECT_ABSENT,0,0,0,0,TRIO_STAGE_STOP,False,TRIO_BOTTLENECK,be17460ea7335be167d9570dfef5bc82da3d1bc0a968fa599334e39acab7a28c
735,45,0,12,PASS,220,0,FAIL,0,0,UPSTREAM_OBJECT_ABSENT,0,0,UPSTREAM_OBJECT_ABSENT,0,0,0,0,TRIO_STAGE_STOP,False,TRIO_BOTTLENECK,8d6ce533d5ae1c0d3adc3d4773e625bfa821b67e884e81fc5d220937a4039bff
736,45,0,12,PASS,220,47,PASS,312,0,PASS,312,0,FAIL,0,0,0,312,CORE_STAGE_STOP,False,IMPLEMENTATION_OR_DEFINITION_ANOMALY,c5bf7801b98cf6f6c183e1d4c1c06b93d0fef4697ab5bb6c627b62e9885eb0da
737,45,0,12,PASS,220,0,FAIL,0,0,UPSTREAM_OBJECT_ABSENT,0,0,UPSTREAM_OBJECT_ABSENT,0,0,0,0,TRIO_STAGE_STOP,False,TRIO_BOTTLENECK,1a233612bb949966546c32ece8942a592be4babb09e04aee2bce301a91a13235
738,45,0,12,PASS,96,0,FAIL,0,0,UPSTREAM_OBJECT_ABSENT,0,0,UPSTREAM_OBJECT_ABSENT,0,0,0,0,TRIO_STAGE_STOP,False,TRIO_BOTTLENECK,7089c0ca8d843b3d6567f08c45ce1f5f06f8ad92e971e068eefb8369172aef06
739,45,0,12,PASS,119,0,FAIL,0,0,UPSTREAM_OBJECT_ABSENT,0,0,UPSTREAM_OBJECT_ABSENT,0,0,0,0,TRIO_STAGE_STOP,False,TRIO_BOTTLENECK,bf405d09b3896fd17bd1a36940632b2b5b734120adf6b664461473a348969e86
740,45,0,12,PASS,86,0,FAIL,0,0,UPSTREAM_OBJECT_ABSENT,0,0,UPSTREAM_OBJECT_ABSENT,0,0,0,0,TRIO_STAGE_STOP,False,TRIO_BOTTLENECK,48ec4425d09bcea06c5f2c75db4246e470ef2ccdea2acf59db6beb1622f1b9bf
741,45,0,12,PASS,189,0,FAIL,0,0,UPSTREAM_OBJECT_ABSENT,0,0,UPSTREAM_OBJECT_ABSENT,0,0,0,0,TRIO_STAGE_STOP,False,TRIO_BOTTLENECK,725b6c50214b51f5aa5c04f3d85dab8dbe00d955d121fe98449985094f0a9595
742,45,0,12,PASS,220,49,PASS,361,0,PASS,361,0,FAIL,0,0,0,361,CORE_STAGE_STOP,False,IMPLEMENTATION_OR_DEFINITION_ANOMALY,bf7a4dfd7774b03d24fafe3f3781a1b06e456e4d0f6fde9466f19542f2433fd3
743,45,0,12,PASS,210,0,FAIL,0,0,UPSTREAM_OBJECT_ABSENT,0,0,UPSTREAM_OBJECT_ABSENT,0,0,0,0,TRIO_STAGE_STOP,False,TRIO_BOTTLENECK,6637241367b08cfdfe84669edce398e4450f101c5684bef2e80c3948a1d60ee7
744,45,0,12,PASS,220,55,PASS,553,0,PASS,553,0,FAIL,0,0,0,553,CORE_STAGE_STOP,False,IMPLEMENTATION_OR_DEFINITION_ANOMALY,fe04a7904e2ec373ab3d0dd5ab7bbb7b765a106ce31d07a0ae2c8135000de496
745,45,0,12,PASS,220,50,PASS,478,0,PASS,478,0,FAIL,0,0,0,478,CORE_STAGE_STOP,False,IMPLEMENTATION_OR_DEFINITION_ANOMALY,fcbe070141b2826654972a1bb8c983885e317ea3fe0edf4d6768352c29518ca4
746,45,0,12,PASS,51,0,FAIL,0,0,UPSTREAM_OBJECT_ABSENT,0,0,UPSTREAM_OBJECT_ABSENT,0,0,0,0,TRIO_STAGE_STOP,False,TRIO_BOTTLENECK,e1a4b74e3e81f87b96e14fbb7a002591da63ef84a28f9c4311317bf283de09d4
747,45,0,12,PASS,220,0,FAIL,0,0,UPSTREAM_OBJECT_ABSENT,0,0,UPSTREAM_OBJECT_ABSENT,0,0,0,0,TRIO_STAGE_STOP,False,TRIO_BOTTLENECK,3bb4829fb10c67143e09abd56135d2f628a5a289408dbf0a904d9fd85d8a4b53
748,45,0,12,PASS,220,0,FAIL,0,0,UPSTREAM_OBJECT_ABSENT,0,0,UPSTREAM_OBJECT_ABSENT,0,0,0,0,TRIO_STAGE_STOP,False,TRIO_BOTTLENECK,d3de1b1d8f9f21db471e0b812328693c530dc9f5fb4cbf2cecf27fc8fffbf0bc
749,45,0,0,FAIL,0,0,UPSTREAM_OBJECT_ABSENT,0,0,UPSTREAM_OBJECT_ABSENT,0,0,UPSTREAM_OBJECT_ABSENT,0,0,0,0,NUMBER_STAGE_STOP,False,UPSTREAM_STARVATION,67c03d67be311a5c03980f56faa09613bb2e0afc2f068c5c1caf087c271b2c25
750,45,0,12,PASS,220,0,FAIL,0,0,UPSTREAM_OBJECT_ABSENT,0,0,UPSTREAM_OBJECT_ABSENT,0,0,0,0,TRIO_STAGE_STOP,False,TRIO_BOTTLENECK,c3203bbc01654c47425783919a836504c6a41402d1b43e923e5ed8e326898006
751,45,0,12,PASS,220,47,PASS,386,0,PASS,386,0,FAIL,0,0,0,386,CORE_STAGE_STOP,False,IMPLEMENTATION_OR_DEFINITION_ANOMALY,bdd10fe756742a1f913569417d503bc614524b2042ef455010a6ea9cea0a9e82
752,45,0,12,PASS,220,67,PASS,808,0,PASS,808,0,FAIL,0,0,0,808,CORE_STAGE_STOP,False,IMPLEMENTATION_OR_DEFINITION_ANOMALY,b6e5df01edd16e9cfb8b30e6a88c62a8ae5f92ed5417c1b4b05dab8a924071bd
753,45,2,12,PASS,220,0,FAIL,0,0,UPSTREAM_OBJECT_ABSENT,0,0,UPSTREAM_OBJECT_ABSENT,0,0,0,0,TRIO_STAGE_STOP,False,TRIO_BOTTLENECK,f33dbab93f47d7bf91159588ba4697e703118bca07210eea9d498f5c7f96d978
754,45,0,12,PASS,220,57,PASS,578,0,PASS,578,0,FAIL,0,0,0,578,CORE_STAGE_STOP,False,IMPLEMENTATION_OR_DEFINITION_ANOMALY,909c5b91ca3c14119eab9287c0835a1759ad1ad97a606763907557182e1170e0
755,45,0,0,FAIL,0,0,UPSTREAM_OBJECT_ABSENT,0,0,UPSTREAM_OBJECT_ABSENT,0,0,UPSTREAM_OBJECT_ABSENT,0,0,0,0,NUMBER_STAGE_STOP,False,UPSTREAM_STARVATION,877a1327f98ea1684896676133c898a58e61a9547262718e7ac5f5a3a034d941
756,45,0,9,PASS,84,0,FAIL,0,0,UPSTREAM_OBJECT_ABSENT,0,0,UPSTREAM_OBJECT_ABSENT,0,0,0,0,TRIO_STAGE_STOP,False,TRIO_BOTTLENECK,017b0423867139ee5287351a4eeb99809ded393a8998ae3fd20bdc44be05bcce
757,45,0,12,PASS,220,0,FAIL,0,0,UPSTREAM_OBJECT_ABSENT,0,0,UPSTREAM_OBJECT_ABSENT,0,0,0,0,TRIO_STAGE_STOP,False,TRIO_BOTTLENECK,c8da2c0f4953dc3faebfc64f4cdb7f6b238ccbc6aac1c6f4856b234a3c8f49ab
758,45,0,12,PASS,220,55,PASS,548,0,PASS,548,0,FAIL,0,0,0,548,CORE_STAGE_STOP,False,IMPLEMENTATION_OR_DEFINITION_ANOMALY,dca846be00f0fb088a4047cfc466103e403648eb1a7295f7854ad0696ae8814f
759,45,0,0,FAIL,0,0,UPSTREAM_OBJECT_ABSENT,0,0,UPSTREAM_OBJECT_ABSENT,0,0,UPSTREAM_OBJECT_ABSENT,0,0,0,0,NUMBER_STAGE_STOP,False,UPSTREAM_STARVATION,09de7d9a633d823ef22bc9e7d2e89f3ab608dc52828135a569ef9555aa681496
760,45,0,6,PASS,20,0,FAIL,0,0,UPSTREAM_OBJECT_ABSENT,0,0,UPSTREAM_OBJECT_ABSENT,0,0,0,0,TRIO_STAGE_STOP,False,TRIO_BOTTLENECK,35c78dbdf5db12fc00c52ffdf54f255b84ef2cbfa0450a7b2cdc72c990d5bd0b
761,45,0,12,PASS,220,52,PASS,513,0,PASS,513,0,FAIL,0,0,0,513,CORE_STAGE_STOP,False,IMPLEMENTATION_OR_DEFINITION_ANOMALY,a8ab5dce5121eee90134b302305fa50485e5b372cf66d8bcc572f6f31d1ce138
762,45,0,6,PASS,13,0,FAIL,0,0,UPSTREAM_OBJECT_ABSENT,0,0,UPSTREAM_OBJECT_ABSENT,0,0,0,0,TRIO_STAGE_STOP,False,TRIO_BOTTLENECK,6fdcd68226abdc496d799d7ba1ba5535e41154e06217fbf0d148ce44fdb47fc0
763,45,0,12,PASS,220,0,FAIL,0,0,UPSTREAM_OBJECT_ABSENT,0,0,UPSTREAM_OBJECT_ABSENT,0,0,0,0,TRIO_STAGE_STOP,False,TRIO_BOTTLENECK,a142f49bd22c478ccef6cd7eaf89286d1e3b18f39d8eac41bb1cca47e610ea55
764,45,2,12,PASS,220,0,FAIL,0,0,UPSTREAM_OBJECT_ABSENT,0,0,UPSTREAM_OBJECT_ABSENT,0,0,0,0,TRIO_STAGE_STOP,False,TRIO_BOTTLENECK,a028e8ba365582352899ac1abb36c887099b5a61c08a059dd09a2849e750a92c
765,45,0,12,PASS,220,59,PASS,584,0,PASS,584,0,FAIL,0,0,0,584,CORE_STAGE_STOP,False,IMPLEMENTATION_OR_DEFINITION_ANOMALY,20acc7d620ac07c97c753506be1533bebe480767faa3f78e87aa50eb3053ac56
766,45,0,10,PASS,120,0,FAIL,0,0,UPSTREAM_OBJECT_ABSENT,0,0,UPSTREAM_OBJECT_ABSENT,0,0,0,0,TRIO_STAGE_STOP,False,TRIO_BOTTLENECK,9bf98160366a361eb4d801f1e26efbf8e8e6234c8220b790bb48d0bd58ef7a2d
767,45,0,12,PASS,220,63,PASS,744,0,PASS,744,0,FAIL,0,0,0,744,CORE_STAGE_STOP,False,IMPLEMENTATION_OR_DEFINITION_ANOMALY,a98e314893af51525c5cdc2ce55d7576ea090169276a0c041e4baa1ef4a36b7a
768,45,0,0,FAIL,0,0,UPSTREAM_OBJECT_ABSENT,0,0,UPSTREAM_OBJECT_ABSENT,0,0,UPSTREAM_OBJECT_ABSENT,0,0,0,0,NUMBER_STAGE_STOP,False,UPSTREAM_STARVATION,415b566e76b7b5ab5ca5e099fb35e8d6cfbb821555fd198542ccf02c960f3ab4
769,45,0,12,PASS,220,0,FAIL,0,0,UPSTREAM_OBJECT_ABSENT,0,0,UPSTREAM_OBJECT_ABSENT,0,0,0,0,TRIO_STAGE_STOP,False,TRIO_BOTTLENECK,3ea5474b3f743676d11b4bc6299347bf062c0d6f2dc494491d6941af33dcc1a7
770,45,0,12,PASS,168,0,FAIL,0,0,UPSTREAM_OBJECT_ABSENT,0,0,UPSTREAM_OBJECT_ABSENT,0,0,0,0,TRIO_STAGE_STOP,False,TRIO_BOTTLENECK,9cf4725694521f91181ed30ae237d4d88eed848a639cfef73581ad1ca4eb6eb7
771,45,0,6,PASS,20,0,FAIL,0,0,UPSTREAM_OBJECT_ABSENT,0,0,UPSTREAM_OBJECT_ABSENT,0,0,0,0,TRIO_STAGE_STOP,False,TRIO_BOTTLENECK,26e4360a8fcd689dee726ca21233fb329d47cb512a1f4b0128695c4da130b251
772,45,0,12,PASS,220,0,FAIL,0,0,UPSTREAM_OBJECT_ABSENT,0,0,UPSTREAM_OBJECT_ABSENT,0,0,0,0,TRIO_STAGE_STOP,False,TRIO_BOTTLENECK,0f0754cedbc0f3b93cb474ae0bbe8669a507b717a157265ff1cc498a110e928f
773,45,0,12,PASS,220,62,PASS,741,0,PASS,741,0,FAIL,0,0,0,741,CORE_STAGE_STOP,False,IMPLEMENTATION_OR_DEFINITION_ANOMALY,f3013457ad543a910b642eb1bfe414400a9e601b279af090351f911b507994b9
774,45,0,0,FAIL,0,0,UPSTREAM_OBJECT_ABSENT,0,0,UPSTREAM_OBJECT_ABSENT,0,0,UPSTREAM_OBJECT_ABSENT,0,0,0,0,NUMBER_STAGE_STOP,False,UPSTREAM_STARVATION,fcf80bd737e0d67752e83e230e215c9aefc85bddad77780dc513fa7b68e37dac
775,45,4,12,PASS,220,0,FAIL,0,0,UPSTREAM_OBJECT_ABSENT,0,0,UPSTREAM_OBJECT_ABSENT,0,0,0,0,TRIO_STAGE_STOP,False,TRIO_BOTTLENECK,fdbac1bd4e8d8c471a87e5c194f5c37e65018e79b5edf9bea4c463df197812ff
776,45,0,12,PASS,207,0,FAIL,0,0,UPSTREAM_OBJECT_ABSENT,0,0,UPSTREAM_OBJECT_ABSENT,0,0,0,0,TRIO_STAGE_STOP,False,TRIO_BOTTLENECK,ea56dcbb56d389ed9389fe5e69457855a8aa583536e7e9f31fbcb161c854cfa9
777,45,0,9,PASS,56,0,FAIL,0,0,UPSTREAM_OBJECT_ABSENT,0,0,UPSTREAM_OBJECT_ABSENT,0,0,0,0,TRIO_STAGE_STOP,False,TRIO_BOTTLENECK,2d91a0461cf1f5cf63d0975363b64109e10f4a962b25e88bb1ac34603d827543
778,45,0,12,PASS,220,43,PASS,335,0,PASS,335,0,FAIL,0,0,0,335,CORE_STAGE_STOP,False,IMPLEMENTATION_OR_DEFINITION_ANOMALY,176bfbdf909ace379ff855500cb136024b771710358242d0bb208422cd97e381
779,45,0,11,PASS,165,0,FAIL,0,0,UPSTREAM_OBJECT_ABSENT,0,0,UPSTREAM_OBJECT_ABSENT,0,0,0,0,TRIO_STAGE_STOP,False,TRIO_BOTTLENECK,ce4492eb1fc06cee96f3d5fe0ea15e5570ba5e66b3df707f3bf976269c40d851
780,45,0,8,PASS,56,0,FAIL,0,0,UPSTREAM_OBJECT_ABSENT,0,0,UPSTREAM_OBJECT_ABSENT,0,0,0,0,TRIO_STAGE_STOP,False,TRIO_BOTTLENECK,33791693524650b950f6a453fd02650d3d7aaac1b6dc811019e27a320bd9ee21
781,45,0,12,PASS,78,0,FAIL,0,0,UPSTREAM_OBJECT_ABSENT,0,0,UPSTREAM_OBJECT_ABSENT,0,0,0,0,TRIO_STAGE_STOP,False,TRIO_BOTTLENECK,3f9029117b0946ec7de9a73688895d69a760f9cc29ba29b7c4986585ed510205
782,45,0,12,PASS,176,0,FAIL,0,0,UPSTREAM_OBJECT_ABSENT,0,0,UPSTREAM_OBJECT_ABSENT,0,0,0,0,TRIO_STAGE_STOP,False,TRIO_BOTTLENECK,8f1a8826ea6b4dd71f15e99e0ffdd4dc3904f97b6977249e3a01672d97fa6e28
783,45,0,12,PASS,220,74,PASS,1043,0,PASS,1043,0,FAIL,0,0,0,1043,CORE_STAGE_STOP,False,IMPLEMENTATION_OR_DEFINITION_ANOMALY,6d806e45709c5000f7be5c362c4ab150664c88641d71588da1aeefc89461c102
784,45,0,12,PASS,135,0,FAIL,0,0,UPSTREAM_OBJECT_ABSENT,0,0,UPSTREAM_OBJECT_ABSENT,0,0,0,0,TRIO_STAGE_STOP,False,TRIO_BOTTLENECK,a1a87d319c6e929ecee5abbf4402170e5632cf41ccc7157af824b0a9715ec178
785,45,0,7,PASS,35,0,FAIL,0,0,UPSTREAM_OBJECT_ABSENT,0,0,UPSTREAM_OBJECT_ABSENT,0,0,0,0,TRIO_STAGE_STOP,False,TRIO_BOTTLENECK,d16da8f585a17048da00928f7a3d160e4972c2c9bc1a795eb0bda06ad9d50ca7
786,45,0,0,FAIL,0,0,UPSTREAM_OBJECT_ABSENT,0,0,UPSTREAM_OBJECT_ABSENT,0,0,UPSTREAM_OBJECT_ABSENT,0,0,0,0,NUMBER_STAGE_STOP,False,UPSTREAM_STARVATION,7d0ed60df5d01ed08174065ea43692c1a2b8cb9ca3984256d7bcfecde03b6d81
787,45,0,12,PASS,220,0,FAIL,0,0,UPSTREAM_OBJECT_ABSENT,0,0,UPSTREAM_OBJECT_ABSENT,0,0,0,0,TRIO_STAGE_STOP,False,TRIO_BOTTLENECK,9a287dcde43f1271d07b79171d75c7347bbdf157f159ff6ece298684f39aabbe
788,45,0,10,PASS,120,0,FAIL,0,0,UPSTREAM_OBJECT_ABSENT,0,0,UPSTREAM_OBJECT_ABSENT,0,0,0,0,TRIO_STAGE_STOP,False,TRIO_BOTTLENECK,0926e6e4ef7b3388c6d9f0e70b248b2d0a8a0184b5e6acedda2f565764dd91fc
789,45,0,8,PASS,56,0,FAIL,0,0,UPSTREAM_OBJECT_ABSENT,0,0,UPSTREAM_OBJECT_ABSENT,0,0,0,0,TRIO_STAGE_STOP,False,TRIO_BOTTLENECK,6e52ef73c22e8b0173d21befd10e2f4cbfa5640ad0d60d89a3877d8ad7f2127f
790,45,3,12,PASS,220,0,FAIL,0,0,UPSTREAM_OBJECT_ABSENT,0,0,UPSTREAM_OBJECT_ABSENT,0,0,0,0,TRIO_STAGE_STOP,False,TRIO_BOTTLENECK,d16b3ba8697d36b0abcac52653ec60d632294a3a240ec9831eb0939cfc97b171
791,45,3,12,PASS,220,0,FAIL,0,0,UPSTREAM_OBJECT_ABSENT,0,0,UPSTREAM_OBJECT_ABSENT,0,0,0,0,TRIO_STAGE_STOP,False,TRIO_BOTTLENECK,3791e52859a55212b9abbbac974ba07e127a821757fcc2abdc6a527205f7efcf
792,45,0,12,PASS,87,0,FAIL,0,0,UPSTREAM_OBJECT_ABSENT,0,0,UPSTREAM_OBJECT_ABSENT,0,0,0,0,TRIO_STAGE_STOP,False,TRIO_BOTTLENECK,fa297c4dfa29e90c1ef5c43a96990c0555548b3893db520fe5a62e58e7cb6820
793,45,0,12,PASS,220,77,PASS,1153,0,PASS,1153,0,FAIL,0,0,0,1153,CORE_STAGE_STOP,False,IMPLEMENTATION_OR_DEFINITION_ANOMALY,a43d52a3208accb3f76aa0c5a97110e9f93943c2f2aada5473c59feb2b4912a4
794,45,0,12,PASS,220,85,PASS,1288,0,PASS,1288,0,FAIL,0,0,0,1288,CORE_STAGE_STOP,False,IMPLEMENTATION_OR_DEFINITION_ANOMALY,8db98434ea4e7a29cb4a2b5b906f68f2f7996c3f3f239404d86fcc5e9450bddc
795,45,0,12,PASS,220,0,FAIL,0,0,UPSTREAM_OBJECT_ABSENT,0,0,UPSTREAM_OBJECT_ABSENT,0,0,0,0,TRIO_STAGE_STOP,False,TRIO_BOTTLENECK,e96340c6c5606e8bc53cff4849ebdf302b23e050fa8bf08c4db18a8c8a667943
796,45,0,12,PASS,220,59,PASS,577,0,PASS,577,0,FAIL,0,0,0,577,CORE_STAGE_STOP,False,IMPLEMENTATION_OR_DEFINITION_ANOMALY,756d5708f5ec7e7d0685c5018bee085d165f07e7845bf0e9da91c76559f29c65
797,45,0,8,PASS,56,0,FAIL,0,0,UPSTREAM_OBJECT_ABSENT,0,0,UPSTREAM_OBJECT_ABSENT,0,0,0,0,TRIO_STAGE_STOP,False,TRIO_BOTTLENECK,6d1118ad8de5d5158d95c366c6fc79191159b3994b664366d8b869aab9279941
798,45,0,12,PASS,220,62,PASS,687,0,PASS,687,0,FAIL,0,0,0,687,CORE_STAGE_STOP,False,IMPLEMENTATION_OR_DEFINITION_ANOMALY,a11f4c318d81ba55238799cd883679e20afb2b191dde6495392baec8bbd85623
799,45,0,12,PASS,220,34,PASS,151,0,PASS,151,0,FAIL,0,0,0,151,CORE_STAGE_STOP,False,IMPLEMENTATION_OR_DEFINITION_ANOMALY,88996d209eb5428c8147a24cfb6f422f315b794a73a45879ab1ec375334766ad
800,45,0,12,PASS,220,31,PASS,140,0,PASS,140,0,FAIL,0,0,0,140,CORE_STAGE_STOP,False,IMPLEMENTATION_OR_DEFINITION_ANOMALY,1edefc0d10945c9bc147a918393ab8a8ade9cea5efd529ce52917530475bfca2
801,45,0,12,PASS,220,77,PASS,985,0,PASS,985,0,FAIL,0,0,0,985,CORE_STAGE_STOP,False,IMPLEMENTATION_OR_DEFINITION_ANOMALY,b063fadc0293f816e58b307c6e080d0e20485604b37fa4c5fd9624e5f85b5aaa
802,45,0,12,PASS,220,45,PASS,379,0,PASS,379,0,FAIL,0,0,0,379,CORE_STAGE_STOP,False,IMPLEMENTATION_OR_DEFINITION_ANOMALY,5af7bf60234c4a49185a1382c0574a9472daa2c8c22e21950986004d923a4f7a
803,45,0,12,PASS,220,0,FAIL,0,0,UPSTREAM_OBJECT_ABSENT,0,0,UPSTREAM_OBJECT_ABSENT,0,0,0,0,TRIO_STAGE_STOP,False,TRIO_BOTTLENECK,bed515e88756838c439889f64790f566d0de4bb75e14c9c0f4fe82310e522ad0
804,45,0,12,PASS,220,53,PASS,468,0,PASS,468,0,FAIL,0,0,0,468,CORE_STAGE_STOP,False,IMPLEMENTATION_OR_DEFINITION_ANOMALY,8958004031a0cbddf8e05c1f7334f50d4c95807cc229405304e6e1f7c4ddcbaa
805,45,0,12,PASS,220,65,PASS,661,0,PASS,661,0,FAIL,0,0,0,661,CORE_STAGE_STOP,False,IMPLEMENTATION_OR_DEFINITION_ANOMALY,de09bf7aef385805268c1892e2c4427eb7eb4d57a9528862687e2c6b3b8f23ad
806,45,0,7,PASS,35,0,FAIL,0,0,UPSTREAM_OBJECT_ABSENT,0,0,UPSTREAM_OBJECT_ABSENT,0,0,0,0,TRIO_STAGE_STOP,False,TRIO_BOTTLENECK,3449a1ba2a99d538011f927c0cffe07c3ed449a5cde18967783935167466ec0e
807,45,0,12,PASS,220,0,FAIL,0,0,UPSTREAM_OBJECT_ABSENT,0,0,UPSTREAM_OBJECT_ABSENT,0,0,0,0,TRIO_STAGE_STOP,False,TRIO_BOTTLENECK,7dcd2f6b2b8782b64d8b9bcec86266cb0ea59896db916552d73d3893e597981a
808,45,0,6,PASS,20,0,FAIL,0,0,UPSTREAM_OBJECT_ABSENT,0,0,UPSTREAM_OBJECT_ABSENT,0,0,0,0,TRIO_STAGE_STOP,False,TRIO_BOTTLENECK,761725d182986ebd672894ca29c8222ff00c5f953292fd848967f02f0c12376a
809,45,0,12,PASS,220,0,FAIL,0,0,UPSTREAM_OBJECT_ABSENT,0,0,UPSTREAM_OBJECT_ABSENT,0,0,0,0,TRIO_STAGE_STOP,False,TRIO_BOTTLENECK,f14fa6d14f5fff5ae2b075144963b10ee7693d7f4b4d3e614960cc68ffaf170d
810,45,0,12,PASS,220,73,PASS,997,0,PASS,997,0,FAIL,0,0,0,997,CORE_STAGE_STOP,False,IMPLEMENTATION_OR_DEFINITION_ANOMALY,a9349bee80b99698e1378387207af6e2a0d014dd99b2ad8a44c41bf7f1353b4d
811,45,0,12,PASS,220,50,PASS,449,0,PASS,449,0,FAIL,0,0,0,449,CORE_STAGE_STOP,False,IMPLEMENTATION_OR_DEFINITION_ANOMALY,bca345c47193e847cf7b6871a626652695156d4f1dbe04188eb993d1916f0754
812,45,0,12,PASS,220,61,PASS,664,0,PASS,664,0,FAIL,0,0,0,664,CORE_STAGE_STOP,False,IMPLEMENTATION_OR_DEFINITION_ANOMALY,e01249cd192aa88b11ec1877996929aadc0628dc83c854d80568fcfebb9afef2
813,45,0,12,PASS,116,0,FAIL,0,0,UPSTREAM_OBJECT_ABSENT,0,0,UPSTREAM_OBJECT_ABSENT,0,0,0,0,TRIO_STAGE_STOP,False,TRIO_BOTTLENECK,41e531d96d9098a83f90688120aa5e415a549c3a917ce586dc544eaf8848719e
814,45,0,12,PASS,220,48,PASS,466,0,PASS,466,0,FAIL,0,0,0,466,CORE_STAGE_STOP,False,IMPLEMENTATION_OR_DEFINITION_ANOMALY,4710e3e75fbc78872da21015e5ff74f60a4c87bccc6089ecd08ea6b0ec339c15
815,45,0,6,PASS,20,5,PASS,0,0,FAIL,0,0,UPSTREAM_OBJECT_ABSENT,0,0,0,0,PAIR_STAGE_STOP,False,PAIR_BOTTLENECK,544317b18e4f909dba39d0d3dd9633b98d9675f726ca250d6e0ce1e7eef1200c
816,45,0,6,PASS,20,0,FAIL,0,0,UPSTREAM_OBJECT_ABSENT,0,0,UPSTREAM_OBJECT_ABSENT,0,0,0,0,TRIO_STAGE_STOP,False,TRIO_BOTTLENECK,5fa17ec652a3b6250a3a96d6e2b2687e5ba5729e620552eb1f1379497bb329ec
817,45,0,0,FAIL,0,0,UPSTREAM_OBJECT_ABSENT,0,0,UPSTREAM_OBJECT_ABSENT,0,0,UPSTREAM_OBJECT_ABSENT,0,0,0,0,NUMBER_STAGE_STOP,False,UPSTREAM_STARVATION,c56f3002ea27fdca0b234ade31641d600025c226302d623c4135bcf6e4461d72
818,45,0,12,PASS,220,0,FAIL,0,0,UPSTREAM_OBJECT_ABSENT,0,0,UPSTREAM_OBJECT_ABSENT,0,0,0,0,TRIO_STAGE_STOP,False,TRIO_BOTTLENECK,dd0b4f89d43f6b9d33a281f4ba9044a0b03b52ee2a25d52f837f4f1b1799d888
819,45,0,7,PASS,35,0,FAIL,0,0,UPSTREAM_OBJECT_ABSENT,0,0,UPSTREAM_OBJECT_ABSENT,0,0,0,0,TRIO_STAGE_STOP,False,TRIO_BOTTLENECK,3f617e3cb500b56d35187d94eb1b899d4831f4f4a9d0a011e05e1db94483be91
820,45,0,12,PASS,220,86,PASS,1337,0,PASS,1337,0,FAIL,0,0,0,1337,CORE_STAGE_STOP,False,IMPLEMENTATION_OR_DEFINITION_ANOMALY,57c13f162c2996e744d58b3b9652e52c2938642ee04fc002fc674597a8a26595
821,45,0,12,PASS,220,46,PASS,301,0,PASS,301,0,FAIL,0,0,0,301,CORE_STAGE_STOP,False,IMPLEMENTATION_OR_DEFINITION_ANOMALY,c776194b8a790117a41f485a2aa7625ccfdb05d48ff45e18d484761562c77404
822,45,0,12,PASS,220,61,PASS,709,0,PASS,709,0,FAIL,0,0,0,709,CORE_STAGE_STOP,False,IMPLEMENTATION_OR_DEFINITION_ANOMALY,15049291e6fb2ad34a2982a039618167082dc28e749e84c5783978882b68ad0f
823,45,0,12,PASS,220,51,PASS,490,0,PASS,490,0,FAIL,0,0,0,490,CORE_STAGE_STOP,False,IMPLEMENTATION_OR_DEFINITION_ANOMALY,9b9bd9e867f8496b6723e866d0bc41c282a1f5751f6ae292a361c3912a3c675c
824,45,0,12,PASS,220,0,FAIL,0,0,UPSTREAM_OBJECT_ABSENT,0,0,UPSTREAM_OBJECT_ABSENT,0,0,0,0,TRIO_STAGE_STOP,False,TRIO_BOTTLENECK,66429433acce45a6f3d2f6a96dfb9ca5ceb6ce68694b621d30b192ef38e32230
825,45,0,12,PASS,220,0,FAIL,0,0,UPSTREAM_OBJECT_ABSENT,0,0,UPSTREAM_OBJECT_ABSENT,0,0,0,0,TRIO_STAGE_STOP,False,TRIO_BOTTLENECK,e82afcf0477aee91a0afbe78df2bbf1a73fba5d7f86811dbc2856df021a59442
826,45,0,12,PASS,220,56,PASS,595,0,PASS,595,0,FAIL,0,0,0,595,CORE_STAGE_STOP,False,IMPLEMENTATION_OR_DEFINITION_ANOMALY,dfb261150238064676ca6e17732b039620cc78034d695821e49f8db14f8d9dd7
827,45,0,12,PASS,220,51,PASS,449,0,PASS,449,0,FAIL,0,0,0,449,CORE_STAGE_STOP,False,IMPLEMENTATION_OR_DEFINITION_ANOMALY,c3af3c890735eae5a089712af85e43c2c36ecbbd0f68539fc56c2c552feffa53
828,45,0,12,PASS,220,0,FAIL,0,0,UPSTREAM_OBJECT_ABSENT,0,0,UPSTREAM_OBJECT_ABSENT,0,0,0,0,TRIO_STAGE_STOP,False,TRIO_BOTTLENECK,e5deb8887f1aa257abd0c545349212e8b04687e7bcb1f3ef36630ba49a6f2d16
829,45,0,12,PASS,220,33,PASS,160,0,PASS,160,0,FAIL,0,0,0,160,CORE_STAGE_STOP,False,IMPLEMENTATION_OR_DEFINITION_ANOMALY,394f667a5875d1f06343e9bd8cf9e1a1b9eca8a39841f9c3f10df5c06a273af0
830,45,0,8,PASS,56,0,FAIL,0,0,UPSTREAM_OBJECT_ABSENT,0,0,UPSTREAM_OBJECT_ABSENT,0,0,0,0,TRIO_STAGE_STOP,False,TRIO_BOTTLENECK,42e85838d356267877f112906df7009a8eb20b933331f9af4210fbfd0872ee56
831,45,0,12,PASS,50,0,FAIL,0,0,UPSTREAM_OBJECT_ABSENT,0,0,UPSTREAM_OBJECT_ABSENT,0,0,0,0,TRIO_STAGE_STOP,False,TRIO_BOTTLENECK,4283dc5137fc909afa4b11f514e703e79333567d7d4c1fab393e9d719ea4b7fd
832,45,0,12,PASS,130,0,FAIL,0,0,UPSTREAM_OBJECT_ABSENT,0,0,UPSTREAM_OBJECT_ABSENT,0,0,0,0,TRIO_STAGE_STOP,False,TRIO_BOTTLENECK,a5d792bb276acc067592cc9dced97f4337cdab578ab11fae2e76c439c0265995
833,45,0,12,PASS,220,76,PASS,1110,0,PASS,1110,0,FAIL,0,0,0,1110,CORE_STAGE_STOP,False,IMPLEMENTATION_OR_DEFINITION_ANOMALY,0f69345c4087cb72357370ceed2e00a59a4fce45e3427c66b176b81ad84faa87
834,45,0,6,PASS,20,0,FAIL,0,0,UPSTREAM_OBJECT_ABSENT,0,0,UPSTREAM_OBJECT_ABSENT,0,0,0,0,TRIO_STAGE_STOP,False,TRIO_BOTTLENECK,41147e7fd68b0c967fa0b8ab873713a4373aae16490cd905f20bf40a9034c4b3
835,45,0,6,PASS,20,0,FAIL,0,0,UPSTREAM_OBJECT_ABSENT,0,0,UPSTREAM_OBJECT_ABSENT,0,0,0,0,TRIO_STAGE_STOP,False,TRIO_BOTTLENECK,d59abeadfcef3b2b558755902a2b174dc217651bf3c4feea4ac823967de8b234
836,45,0,12,PASS,220,0,FAIL,0,0,UPSTREAM_OBJECT_ABSENT,0,0,UPSTREAM_OBJECT_ABSENT,0,0,0,0,TRIO_STAGE_STOP,False,TRIO_BOTTLENECK,04825810c981401501ca97572b1d76684ea02df46ecc9e4f82188e4f5a7e90a7
837,45,0,12,PASS,210,0,FAIL,0,0,UPSTREAM_OBJECT_ABSENT,0,0,UPSTREAM_OBJECT_ABSENT,0,0,0,0,TRIO_STAGE_STOP,False,TRIO_BOTTLENECK,36c08b2d84ead28137e39f8e8ef6d4b949e307b8b19b3048cf67f0d0c3c0c109
838,45,0,12,PASS,220,57,PASS,505,0,PASS,505,0,FAIL,0,0,0,505,CORE_STAGE_STOP,False,IMPLEMENTATION_OR_DEFINITION_ANOMALY,e9a92b99357cd01cd5e288beb800087684cd42a7dd2ea0a26721f33394540d9d
839,45,0,12,PASS,220,0,FAIL,0,0,UPSTREAM_OBJECT_ABSENT,0,0,UPSTREAM_OBJECT_ABSENT,0,0,0,0,TRIO_STAGE_STOP,False,TRIO_BOTTLENECK,ffc76a039b62232e56c1ff1439b1c4335a083a521b810082685b61601e3a2308
840,45,0,12,PASS,220,0,FAIL,0,0,UPSTREAM_OBJECT_ABSENT,0,0,UPSTREAM_OBJECT_ABSENT,0,0,0,0,TRIO_STAGE_STOP,False,TRIO_BOTTLENECK,7ee9fac6e84b7b3f2f1523817186c9c9fff6821887940cc94758620299870607
841,45,0,12,PASS,220,0,FAIL,0,0,UPSTREAM_OBJECT_ABSENT,0,0,UPSTREAM_OBJECT_ABSENT,0,0,0,0,TRIO_STAGE_STOP,False,TRIO_BOTTLENECK,c77c45c969868d9bdc7faae17add5f099bbd0853faa8d2ec28cfc046b53d5b6b
842,45,1,12,PASS,220,0,FAIL,0,0,UPSTREAM_OBJECT_ABSENT,0,0,UPSTREAM_OBJECT_ABSENT,0,0,0,0,TRIO_STAGE_STOP,False,TRIO_BOTTLENECK,98d8fce49ca784ba46af0430adaabd2dcfb467332c3aec75fbe75fe7ad74ea99
843,45,0,7,PASS,35,0,FAIL,0,0,UPSTREAM_OBJECT_ABSENT,0,0,UPSTREAM_OBJECT_ABSENT,0,0,0,0,TRIO_STAGE_STOP,False,TRIO_BOTTLENECK,85e464ad0c0afaf7b4f5cc0b21ab7d329d75cfe98459f1eaa596afa43e2b408f
844,45,0,0,FAIL,0,0,UPSTREAM_OBJECT_ABSENT,0,0,UPSTREAM_OBJECT_ABSENT,0,0,UPSTREAM_OBJECT_ABSENT,0,0,0,0,NUMBER_STAGE_STOP,False,UPSTREAM_STARVATION,f1fab34670eedaa1dbd6e2787bc7bab2191d5f9eb4fdeba848672f9f57f1e89b
845,45,0,9,PASS,84,0,FAIL,0,0,UPSTREAM_OBJECT_ABSENT,0,0,UPSTREAM_OBJECT_ABSENT,0,0,0,0,TRIO_STAGE_STOP,False,TRIO_BOTTLENECK,d36b7118d39c326d2ac689306da2ffa818bf2ec81eda3409beb151bc42ad62b7
846,45,0,11,PASS,165,49,PASS,398,0,PASS,398,0,FAIL,0,0,0,398,CORE_STAGE_STOP,False,IMPLEMENTATION_OR_DEFINITION_ANOMALY,7d01c973da4e714aa5525cb85460ec1a8f10d8bcd0530ff512636c492e8aa674
847,45,0,8,PASS,56,0,FAIL,0,0,UPSTREAM_OBJECT_ABSENT,0,0,UPSTREAM_OBJECT_ABSENT,0,0,0,0,TRIO_STAGE_STOP,False,TRIO_BOTTLENECK,a35ba4a10900c37d71462bc06e6fd1d229ea309321bb0287fc8abf5ad71a3dfd
848,45,0,12,PASS,120,0,FAIL,0,0,UPSTREAM_OBJECT_ABSENT,0,0,UPSTREAM_OBJECT_ABSENT,0,0,0,0,TRIO_STAGE_STOP,False,TRIO_BOTTLENECK,529520a288ce5174e92d35f9b289c9ec4c8eda79bd91d5061cc10f619adc4312
849,45,0,6,PASS,20,2,PASS,0,0,FAIL,0,0,UPSTREAM_OBJECT_ABSENT,0,0,0,0,PAIR_STAGE_STOP,False,PAIR_BOTTLENECK,a703c348b44d08a1bee0abc43cc83c358e58c5b428c6f2cb1182e710449b2271
850,45,0,12,PASS,220,0,FAIL,0,0,UPSTREAM_OBJECT_ABSENT,0,0,UPSTREAM_OBJECT_ABSENT,0,0,0,0,TRIO_STAGE_STOP,False,TRIO_BOTTLENECK,4b7017aa8fd79968925d21e0c9bded8a83ea819b2e1c69cfed86b80ae81e2cf2
851,45,0,12,PASS,220,87,PASS,1387,0,PASS,1387,0,FAIL,0,0,0,1387,CORE_STAGE_STOP,False,IMPLEMENTATION_OR_DEFINITION_ANOMALY,efe2b87a42a4f82b745c1b2b90a6b373bad2b67a5a1d759ca814abae4390b448
852,45,0,12,PASS,220,49,PASS,433,0,PASS,433,0,FAIL,0,0,0,433,CORE_STAGE_STOP,False,IMPLEMENTATION_OR_DEFINITION_ANOMALY,9510a8d830436b7feec190302db838c33045fffe8ade859dcde46f03e9763d18
853,45,0,12,PASS,220,0,FAIL,0,0,UPSTREAM_OBJECT_ABSENT,0,0,UPSTREAM_OBJECT_ABSENT,0,0,0,0,TRIO_STAGE_STOP,False,TRIO_BOTTLENECK,3f5a7048ac63a4708b965d553b4e44633ed9f6349ad1295dfddc972d0c19e9a1
854,45,0,12,PASS,220,73,PASS,938,0,PASS,938,0,FAIL,0,0,0,938,CORE_STAGE_STOP,False,IMPLEMENTATION_OR_DEFINITION_ANOMALY,cb5c47112732002cdd3a6383b997ad720b2c511ba69dd12a98f54a7b35164188
855,45,0,12,PASS,220,71,PASS,900,0,PASS,900,0,FAIL,0,0,0,900,CORE_STAGE_STOP,False,IMPLEMENTATION_OR_DEFINITION_ANOMALY,289d6cf424d4ca3606f48716cae956c925521210d3e900364b5b49f5a097fe30
856,45,0,12,PASS,220,0,FAIL,0,0,UPSTREAM_OBJECT_ABSENT,0,0,UPSTREAM_OBJECT_ABSENT,0,0,0,0,TRIO_STAGE_STOP,False,TRIO_BOTTLENECK,72f3a86ca2ff3e02d0ef878acdc8ac2493e04090d5423e56baf924cb39213191
857,45,0,12,PASS,105,0,FAIL,0,0,UPSTREAM_OBJECT_ABSENT,0,0,UPSTREAM_OBJECT_ABSENT,0,0,0,0,TRIO_STAGE_STOP,False,TRIO_BOTTLENECK,72f6f682bedcd8c9d64a5de4552f72804f495c89a2b8dcb23695b71b569b3d4d
858,45,0,0,FAIL,0,0,UPSTREAM_OBJECT_ABSENT,0,0,UPSTREAM_OBJECT_ABSENT,0,0,UPSTREAM_OBJECT_ABSENT,0,0,0,0,NUMBER_STAGE_STOP,False,UPSTREAM_STARVATION,0028025818d9e1d8a157927ca932c246dfe80b13a5bd6590a251b0a778548853
859,45,0,12,PASS,220,0,FAIL,0,0,UPSTREAM_OBJECT_ABSENT,0,0,UPSTREAM_OBJECT_ABSENT,0,0,0,0,TRIO_STAGE_STOP,False,TRIO_BOTTLENECK,09d7e39ee5a81dfe3a4773a931880c0cb815b1eeaead4f05099dc423a16019f2
860,45,0,12,PASS,220,32,PASS,127,0,PASS,127,0,FAIL,0,0,0,127,CORE_STAGE_STOP,False,IMPLEMENTATION_OR_DEFINITION_ANOMALY,bd77eeec665a9631b55b9277316f54bf5ca12ce6a02d321fee01a512eb8ef734
861,45,0,12,PASS,220,29,PASS,103,0,PASS,103,0,FAIL,0,0,0,103,CORE_STAGE_STOP,False,IMPLEMENTATION_OR_DEFINITION_ANOMALY,321762d2a3a539b245a9980ae32133fc7f8cc194a37eef2e4f251294e7f2f610
862,45,0,12,PASS,120,0,FAIL,0,0,UPSTREAM_OBJECT_ABSENT,0,0,UPSTREAM_OBJECT_ABSENT,0,0,0,0,TRIO_STAGE_STOP,False,TRIO_BOTTLENECK,6e58240f69837ceed79b1e7c26047d6d2c60df64d0e935dcb68c945adc1ff56b
863,45,0,7,PASS,35,0,FAIL,0,0,UPSTREAM_OBJECT_ABSENT,0,0,UPSTREAM_OBJECT_ABSENT,0,0,0,0,TRIO_STAGE_STOP,False,TRIO_BOTTLENECK,3346c590e8d9c89bbe910eed4776d1909bfca82d32237733b23fc1987c44f5a1
864,45,0,12,PASS,220,0,FAIL,0,0,UPSTREAM_OBJECT_ABSENT,0,0,UPSTREAM_OBJECT_ABSENT,0,0,0,0,TRIO_STAGE_STOP,False,TRIO_BOTTLENECK,f699cb4c7b823e57e76036bdec2aefb66d0aebefde24027570ed0f5751887410
865,45,0,12,PASS,220,95,PASS,1683,0,PASS,1683,0,FAIL,0,0,0,1683,CORE_STAGE_STOP,False,IMPLEMENTATION_OR_DEFINITION_ANOMALY,420d016b2c887d2182e46a4759ddee632d9b28fd4fec1708a89bf19cd09e153f
866,45,0,0,FAIL,0,0,UPSTREAM_OBJECT_ABSENT,0,0,UPSTREAM_OBJECT_ABSENT,0,0,UPSTREAM_OBJECT_ABSENT,0,0,0,0,NUMBER_STAGE_STOP,False,UPSTREAM_STARVATION,e8f8a4c2bbbea0fb51b152ebf6405fd79f02a378f572ff247923286316ab2486
867,45,0,12,PASS,220,0,FAIL,0,0,UPSTREAM_OBJECT_ABSENT,0,0,UPSTREAM_OBJECT_ABSENT,0,0,0,0,TRIO_STAGE_STOP,False,TRIO_BOTTLENECK,a1d22d76bc87919cc9a2469bec340eeeee23fb9ff912ac892d110020e520b9a6
868,45,0,12,PASS,220,0,FAIL,0,0,UPSTREAM_OBJECT_ABSENT,0,0,UPSTREAM_OBJECT_ABSENT,0,0,0,0,TRIO_STAGE_STOP,False,TRIO_BOTTLENECK,b46cde14cc137622f8c37cc2a2510a70eea7e9d076c0972ebafe39cf5b69c876
869,45,0,12,PASS,220,0,FAIL,0,0,UPSTREAM_OBJECT_ABSENT,0,0,UPSTREAM_OBJECT_ABSENT,0,0,0,0,TRIO_STAGE_STOP,False,TRIO_BOTTLENECK,0d07cee6b78d6b8592a4b553985ca5fd4366efebeb4d712003682788511f2466
870,45,0,12,PASS,220,0,FAIL,0,0,UPSTREAM_OBJECT_ABSENT,0,0,UPSTREAM_OBJECT_ABSENT,0,0,0,0,TRIO_STAGE_STOP,False,TRIO_BOTTLENECK,488a5a563422e20651401ce58e19835d4cca8b634f48cd8e82066b8e9f4235d8
871,45,0,12,PASS,144,0,FAIL,0,0,UPSTREAM_OBJECT_ABSENT,0,0,UPSTREAM_OBJECT_ABSENT,0,0,0,0,TRIO_STAGE_STOP,False,TRIO_BOTTLENECK,3a1c8ead12fdd5028f129b000617b4370e8e84ee9fdde9cbb8fb7096983c5b24
872,45,0,0,FAIL,0,0,UPSTREAM_OBJECT_ABSENT,0,0,UPSTREAM_OBJECT_ABSENT,0,0,UPSTREAM_OBJECT_ABSENT,0,0,0,0,NUMBER_STAGE_STOP,False,UPSTREAM_STARVATION,7a322dc4d623e44952a9e7705263b4b98524821e75ba8693fb7605c5ef1ddf2c
873,45,0,12,PASS,220,0,FAIL,0,0,UPSTREAM_OBJECT_ABSENT,0,0,UPSTREAM_OBJECT_ABSENT,0,0,0,0,TRIO_STAGE_STOP,False,TRIO_BOTTLENECK,81030e3902f9c0576bb5680d15265322aef9c833319f3df4b3f1f89213ba05bd
874,45,0,10,PASS,120,0,FAIL,0,0,UPSTREAM_OBJECT_ABSENT,0,0,UPSTREAM_OBJECT_ABSENT,0,0,0,0,TRIO_STAGE_STOP,False,TRIO_BOTTLENECK,cbe7523f929b06f8193db012493565942b54ccb30879f84ac15b473d3d3f76eb
875,45,0,0,FAIL,0,0,UPSTREAM_OBJECT_ABSENT,0,0,UPSTREAM_OBJECT_ABSENT,0,0,UPSTREAM_OBJECT_ABSENT,0,0,0,0,NUMBER_STAGE_STOP,False,UPSTREAM_STARVATION,6284476a92a11f4b9aa99d1a137ee1eae8def988154d97e34330b1dbbf224b29
876,45,0,12,PASS,220,0,FAIL,0,0,UPSTREAM_OBJECT_ABSENT,0,0,UPSTREAM_OBJECT_ABSENT,0,0,0,0,TRIO_STAGE_STOP,False,TRIO_BOTTLENECK,c992b0471586c18ba80c1836d081bf0e966c2c376892c468b198460847772416
877,45,0,12,PASS,220,73,PASS,992,0,PASS,992,0,FAIL,0,0,0,992,CORE_STAGE_STOP,False,IMPLEMENTATION_OR_DEFINITION_ANOMALY,f384d447358003f20e4d1326416f885e0b9ee8bd89fa34d393d384ad61a9839f
878,45,0,12,PASS,220,63,PASS,714,0,PASS,714,0,FAIL,0,0,0,714,CORE_STAGE_STOP,False,IMPLEMENTATION_OR_DEFINITION_ANOMALY,2a10f42b3e67025a0c144728bf981e7c03419b2fd7066f42c89069faf4bba242
879,45,0,12,PASS,220,69,PASS,869,0,PASS,869,0,FAIL,0,0,0,869,CORE_STAGE_STOP,False,IMPLEMENTATION_OR_DEFINITION_ANOMALY,bb594b3014d2a14f0f52ca5aeb0aeee4e5aa2da309cf6223b2956a14e360cabb
880,45,0,12,PASS,121,0,FAIL,0,0,UPSTREAM_OBJECT_ABSENT,0,0,UPSTREAM_OBJECT_ABSENT,0,0,0,0,TRIO_STAGE_STOP,False,TRIO_BOTTLENECK,7c29b619e96e535335e1de0770c9f254bb21b7a0da6c7f617bea2302f9d0daae
881,45,0,12,PASS,220,65,PASS,778,0,PASS,778,0,FAIL,0,0,0,778,CORE_STAGE_STOP,False,IMPLEMENTATION_OR_DEFINITION_ANOMALY,241bebbfee429a75f2f6dff7dbaede2ca90a987648bde3c8cdee81775fd7e491
882,45,0,12,PASS,220,71,PASS,983,0,PASS,983,0,FAIL,0,0,0,983,CORE_STAGE_STOP,False,IMPLEMENTATION_OR_DEFINITION_ANOMALY,d18695c133fb507a390d880f50e54970079b817453250f37c9a442a6dd3de56a
883,45,0,12,PASS,99,0,FAIL,0,0,UPSTREAM_OBJECT_ABSENT,0,0,UPSTREAM_OBJECT_ABSENT,0,0,0,0,TRIO_STAGE_STOP,False,TRIO_BOTTLENECK,79d725b5b86dc077934a76b0bfdebdd121166bac718cc1b389a7a50003137d16
884,45,0,12,PASS,220,48,PASS,402,0,PASS,402,0,FAIL,0,0,0,402,CORE_STAGE_STOP,False,IMPLEMENTATION_OR_DEFINITION_ANOMALY,bc7b0f398ff3eb8bdc563106738e4f4e455505be0a411d0450eb6597c89de89d
885,45,2,12,PASS,220,0,FAIL,0,0,UPSTREAM_OBJECT_ABSENT,0,0,UPSTREAM_OBJECT_ABSENT,0,0,0,0,TRIO_STAGE_STOP,False,TRIO_BOTTLENECK,8b27afa531f669283313f41fa4ea58b8769bb9353acc066bcfcdc9769bec6690
886,45,0,12,PASS,220,37,PASS,237,0,PASS,237,0,FAIL,0,0,0,237,CORE_STAGE_STOP,False,IMPLEMENTATION_OR_DEFINITION_ANOMALY,d2e54fa6856961dabd634d1a3e227e10df1fa4cf9ff789426fbf79dc6d83d462
887,45,0,12,PASS,220,14,PASS,12,0,PASS,12,0,FAIL,0,0,0,12,CORE_STAGE_STOP,False,IMPLEMENTATION_OR_DEFINITION_ANOMALY,a74ee11ac66f5b2fc721e316300a53f44e5f8db62779bff5ac94f72f380974b3
888,45,0,12,PASS,220,62,PASS,682,0,PASS,682,0,FAIL,0,0,0,682,CORE_STAGE_STOP,False,IMPLEMENTATION_OR_DEFINITION_ANOMALY,afd10ee1f1bb7615d6666780e73379b521bae8e66b4fe2b79106c42c8cc020ff
889,45,0,12,PASS,220,0,FAIL,0,0,UPSTREAM_OBJECT_ABSENT,0,0,UPSTREAM_OBJECT_ABSENT,0,0,0,0,TRIO_STAGE_STOP,False,TRIO_BOTTLENECK,d052d0a1d2db138d141f3aa9704d97552ec8f67d1b7ea5cfeae482a20643e9f4
890,45,0,0,FAIL,0,0,UPSTREAM_OBJECT_ABSENT,0,0,UPSTREAM_OBJECT_ABSENT,0,0,UPSTREAM_OBJECT_ABSENT,0,0,0,0,NUMBER_STAGE_STOP,False,UPSTREAM_STARVATION,7c8c0224a68d8fa47f0f54d67f363ff023f4453c558888f23ccaf00b5262cd94
891,45,0,12,PASS,220,64,PASS,745,0,PASS,745,0,FAIL,0,0,0,745,CORE_STAGE_STOP,False,IMPLEMENTATION_OR_DEFINITION_ANOMALY,4d953b48faabee59f57ed8b7f1cc5001a02bec2b5696ed9035c4ea6a9f3787fb
892,45,0,0,FAIL,0,0,UPSTREAM_OBJECT_ABSENT,0,0,UPSTREAM_OBJECT_ABSENT,0,0,UPSTREAM_OBJECT_ABSENT,0,0,0,0,NUMBER_STAGE_STOP,False,UPSTREAM_STARVATION,865cf70ebf6216370107c406fbe9add1e7cf7717fb5584d09dc859a6ad0d624b
893,45,0,0,FAIL,0,0,UPSTREAM_OBJECT_ABSENT,0,0,UPSTREAM_OBJECT_ABSENT,0,0,UPSTREAM_OBJECT_ABSENT,0,0,0,0,NUMBER_STAGE_STOP,False,UPSTREAM_STARVATION,108ac0675e4c0df57428d828ccade17d154bb08e6402fb5f27ab9547a8dc8f5b
894,45,0,12,PASS,220,62,PASS,719,0,PASS,719,0,FAIL,0,0,0,719,CORE_STAGE_STOP,False,IMPLEMENTATION_OR_DEFINITION_ANOMALY,d4b20fc29b812be5d8ff3101d5c67f5ce78804576263db6f79d78dc269b9473c
895,45,0,7,PASS,35,0,FAIL,0,0,UPSTREAM_OBJECT_ABSENT,0,0,UPSTREAM_OBJECT_ABSENT,0,0,0,0,TRIO_STAGE_STOP,False,TRIO_BOTTLENECK,b6f598cc0a5ed0ae7f7fc1673f164f46c43910b3913de532fd061f37935ffe9b
896,45,0,12,PASS,220,47,PASS,345,0,PASS,345,0,FAIL,0,0,0,345,CORE_STAGE_STOP,False,IMPLEMENTATION_OR_DEFINITION_ANOMALY,25922c646db678956a229cb335f28551e5337d1cb6baa17e50172e799e2d5e88
897,45,0,11,PASS,165,0,FAIL,0,0,UPSTREAM_OBJECT_ABSENT,0,0,UPSTREAM_OBJECT_ABSENT,0,0,0,0,TRIO_STAGE_STOP,False,TRIO_BOTTLENECK,b387e29f73f686521cbc6d9ce7607e5ad9bf6b77b04ea0082f285a12289c05c8
898,45,0,12,PASS,220,0,FAIL,0,0,UPSTREAM_OBJECT_ABSENT,0,0,UPSTREAM_OBJECT_ABSENT,0,0,0,0,TRIO_STAGE_STOP,False,TRIO_BOTTLENECK,e3652b64f354fa2d0825aba0ecff4db486d4664acc33199a7354fb2439d6b7a1
899,45,0,12,PASS,220,67,PASS,892,0,PASS,892,0,FAIL,0,0,0,892,CORE_STAGE_STOP,False,IMPLEMENTATION_OR_DEFINITION_ANOMALY,1378a9fd9f40e75c198de79e4275358494643ba458837b553eaec2c3903eb01d
900,45,0,12,PASS,220,0,FAIL,0,0,UPSTREAM_OBJECT_ABSENT,0,0,UPSTREAM_OBJECT_ABSENT,0,0,0,0,TRIO_STAGE_STOP,False,TRIO_BOTTLENECK,4c8bb55c8d40cc4fa4152aa1a2a8e104df32f5aa0ad24b57814b1b18daa282f7
901,45,0,12,PASS,220,0,FAIL,0,0,UPSTREAM_OBJECT_ABSENT,0,0,UPSTREAM_OBJECT_ABSENT,0,0,0,0,TRIO_STAGE_STOP,False,TRIO_BOTTLENECK,fff189e26219adc625bdf949abf101a8dab3bcac2681ff841aa67cb281e24d9a
902,45,0,12,PASS,220,60,PASS,621,0,PASS,621,0,FAIL,0,0,0,621,CORE_STAGE_STOP,False,IMPLEMENTATION_OR_DEFINITION_ANOMALY,60fd0718aacbb77ae35bfcfd2f763140adc95cb28c9163555f359f0fd4e770f5
903,45,0,12,PASS,220,0,FAIL,0,0,UPSTREAM_OBJECT_ABSENT,0,0,UPSTREAM_OBJECT_ABSENT,0,0,0,0,TRIO_STAGE_STOP,False,TRIO_BOTTLENECK,d8a80b948fff245a78c20903000a68a756caef1e047d0225dfc2593206c87253
904,45,10,10,PASS,120,0,FAIL,0,0,UPSTREAM_OBJECT_ABSENT,0,0,UPSTREAM_OBJECT_ABSENT,0,0,0,0,TRIO_STAGE_STOP,False,TRIO_BOTTLENECK,a30fcd7983360565fbabd28292aa28e291b17e161a4839754dc42f80693d9827
905,45,0,12,PASS,220,67,PASS,808,0,PASS,808,0,FAIL,0,0,0,808,CORE_STAGE_STOP,False,IMPLEMENTATION_OR_DEFINITION_ANOMALY,0fb7ac1c9da6018efb2fa7da900ba415a591cb996a0fc76a1f1f72d0f703b45b
906,45,0,12,PASS,220,64,PASS,793,0,PASS,793,0,FAIL,0,0,0,793,CORE_STAGE_STOP,False,IMPLEMENTATION_OR_DEFINITION_ANOMALY,a09fa93698a6c53c41c4c82fde631f49d8f6fce1c7823421916c3067825834d9
907,45,0,0,FAIL,0,0,UPSTREAM_OBJECT_ABSENT,0,0,UPSTREAM_OBJECT_ABSENT,0,0,UPSTREAM_OBJECT_ABSENT,0,0,0,0,NUMBER_STAGE_STOP,False,UPSTREAM_STARVATION,fb0d00b78f30e7ff651836fb41c7db39b64811ac31b079d4388c4a7dac0c5b35
908,45,0,12,PASS,109,0,FAIL,0,0,UPSTREAM_OBJECT_ABSENT,0,0,UPSTREAM_OBJECT_ABSENT,0,0,0,0,TRIO_STAGE_STOP,False,TRIO_BOTTLENECK,462a57761cccb72c5db41bc54f60207ed7935e20da74bba1757d4beb39624b7c
909,45,0,8,PASS,56,0,FAIL,0,0,UPSTREAM_OBJECT_ABSENT,0,0,UPSTREAM_OBJECT_ABSENT,0,0,0,0,TRIO_STAGE_STOP,False,TRIO_BOTTLENECK,686164629166fa6fc35a85ba3c99f34ed13fee515f4edcdb7120236cbef1743d
910,45,0,10,PASS,120,0,FAIL,0,0,UPSTREAM_OBJECT_ABSENT,0,0,UPSTREAM_OBJECT_ABSENT,0,0,0,0,TRIO_STAGE_STOP,False,TRIO_BOTTLENECK,006e154c216f6a864d7b21b079907327d4011ca282eea1044a5ec211969ad2fc
911,45,0,12,PASS,220,0,FAIL,0,0,UPSTREAM_OBJECT_ABSENT,0,0,UPSTREAM_OBJECT_ABSENT,0,0,0,0,TRIO_STAGE_STOP,False,TRIO_BOTTLENECK,9275d86159e7380af3e1749ba19b5dad2cff15ed166bad3f418d9633c1c2a70c
912,45,0,10,PASS,120,0,FAIL,0,0,UPSTREAM_OBJECT_ABSENT,0,0,UPSTREAM_OBJECT_ABSENT,0,0,0,0,TRIO_STAGE_STOP,False,TRIO_BOTTLENECK,9aa6f79459c1a1e12fa90f7a4a973e6c6c39e0bf0b323d4c9b9a976197811fec
913,45,0,10,PASS,120,0,FAIL,0,0,UPSTREAM_OBJECT_ABSENT,0,0,UPSTREAM_OBJECT_ABSENT,0,0,0,0,TRIO_STAGE_STOP,False,TRIO_BOTTLENECK,fefb268ca3ed1c64e24f9d10e7e8952b6b9a84283b29eb746e4f9d1ccea2e143
914,45,0,12,PASS,220,51,PASS,454,0,PASS,454,0,FAIL,0,0,0,454,CORE_STAGE_STOP,False,IMPLEMENTATION_OR_DEFINITION_ANOMALY,05466e9444742b8a1e8d96483117d33ea1e7bc1ad9ae6e32f1367f1441634326
915,45,1,12,PASS,220,0,FAIL,0,0,UPSTREAM_OBJECT_ABSENT,0,0,UPSTREAM_OBJECT_ABSENT,0,0,0,0,TRIO_STAGE_STOP,False,TRIO_BOTTLENECK,fb4d21b517e989f409d3a2706fcfcb1f816bec22a36a50458f1d985d8ed44fe8
916,45,0,12,PASS,220,0,FAIL,0,0,UPSTREAM_OBJECT_ABSENT,0,0,UPSTREAM_OBJECT_ABSENT,0,0,0,0,TRIO_STAGE_STOP,False,TRIO_BOTTLENECK,0860f0cad637e103acbedd9b6affe112eed8ad554937bbcaf8cc2a3fb36bf145
917,45,0,12,PASS,220,81,PASS,1131,0,PASS,1131,0,FAIL,0,0,0,1131,CORE_STAGE_STOP,False,IMPLEMENTATION_OR_DEFINITION_ANOMALY,efe17a2dd0f696f16c91eb61ef07c9d957b53b8100fc912472c81c87912746f7
918,45,0,12,PASS,220,0,FAIL,0,0,UPSTREAM_OBJECT_ABSENT,0,0,UPSTREAM_OBJECT_ABSENT,0,0,0,0,TRIO_STAGE_STOP,False,TRIO_BOTTLENECK,c7bcca681008cd2e6200d78b902d0f8e80d86accb4b5cd4ad12e245866a91493
919,45,0,7,PASS,35,0,FAIL,0,0,UPSTREAM_OBJECT_ABSENT,0,0,UPSTREAM_OBJECT_ABSENT,0,0,0,0,TRIO_STAGE_STOP,False,TRIO_BOTTLENECK,795bc6f8fa4879da0d76d69f803483d16ef1b8edde93dc4de2275940726a1f58
920,45,0,12,PASS,220,57,PASS,595,0,PASS,595,0,FAIL,0,0,0,595,CORE_STAGE_STOP,False,IMPLEMENTATION_OR_DEFINITION_ANOMALY,7ad10b52fa0a426389e21dc5c6213bb26afc159def2447f82ef8f08af081a6fd
921,45,0,12,PASS,220,0,FAIL,0,0,UPSTREAM_OBJECT_ABSENT,0,0,UPSTREAM_OBJECT_ABSENT,0,0,0,0,TRIO_STAGE_STOP,False,TRIO_BOTTLENECK,36c753f250e70500616aed9ec4e9ae200807115291298506e2557976f9141cb5
922,45,0,12,PASS,220,0,FAIL,0,0,UPSTREAM_OBJECT_ABSENT,0,0,UPSTREAM_OBJECT_ABSENT,0,0,0,0,TRIO_STAGE_STOP,False,TRIO_BOTTLENECK,aeae9c0cecaefebd0094d531c832caf438d35ed7dc55ee6222c2677c79bf5358
923,45,0,0,FAIL,0,0,UPSTREAM_OBJECT_ABSENT,0,0,UPSTREAM_OBJECT_ABSENT,0,0,UPSTREAM_OBJECT_ABSENT,0,0,0,0,NUMBER_STAGE_STOP,False,UPSTREAM_STARVATION,d866e631864d0f68bb0937899aca2a5e7c771c03eb43cd0930adb026d1099193
924,45,0,12,PASS,220,0,FAIL,0,0,UPSTREAM_OBJECT_ABSENT,0,0,UPSTREAM_OBJECT_ABSENT,0,0,0,0,TRIO_STAGE_STOP,False,TRIO_BOTTLENECK,56da5ef85c763517927b0f017d7b3782ea2c3db36c7cf6c3f97f1873dd3b8eab
925,45,0,12,PASS,38,0,FAIL,0,0,UPSTREAM_OBJECT_ABSENT,0,0,UPSTREAM_OBJECT_ABSENT,0,0,0,0,TRIO_STAGE_STOP,False,TRIO_BOTTLENECK,f566bcd2e88fbe8f82611ec45bd0125bf6edd4ad68cc6def06f26f16f5e95e65
926,45,0,0,FAIL,0,0,UPSTREAM_OBJECT_ABSENT,0,0,UPSTREAM_OBJECT_ABSENT,0,0,UPSTREAM_OBJECT_ABSENT,0,0,0,0,NUMBER_STAGE_STOP,False,UPSTREAM_STARVATION,5aa684608dd2ff7456bf7442cc432921d174ef28c4eba336fd1a6864f207b0f4
927,45,0,9,PASS,84,0,FAIL,0,0,UPSTREAM_OBJECT_ABSENT,0,0,UPSTREAM_OBJECT_ABSENT,0,0,0,0,TRIO_STAGE_STOP,False,TRIO_BOTTLENECK,f49358f1cc10dc09d4cc07020d5c2b4468107ee9af451b9cde507001f87e7d30
928,45,0,12,PASS,220,59,PASS,568,0,PASS,568,0,FAIL,0,0,0,568,CORE_STAGE_STOP,False,IMPLEMENTATION_OR_DEFINITION_ANOMALY,779f7b03c93286d77d204121029c038f371d9ea55e13432258bd09eab6b9804b
929,45,0,12,PASS,220,0,FAIL,0,0,UPSTREAM_OBJECT_ABSENT,0,0,UPSTREAM_OBJECT_ABSENT,0,0,0,0,TRIO_STAGE_STOP,False,TRIO_BOTTLENECK,6e6e12274b56f653f2e9748d8c05c516a0958d688f31593c765e37326cce3554
930,45,0,12,PASS,220,0,FAIL,0,0,UPSTREAM_OBJECT_ABSENT,0,0,UPSTREAM_OBJECT_ABSENT,0,0,0,0,TRIO_STAGE_STOP,False,TRIO_BOTTLENECK,689804ed707dfd42983ff31210a2dadaeea2abf83288e799547e7e8f28b93974
931,45,0,12,PASS,220,0,FAIL,0,0,UPSTREAM_OBJECT_ABSENT,0,0,UPSTREAM_OBJECT_ABSENT,0,0,0,0,TRIO_STAGE_STOP,False,TRIO_BOTTLENECK,ae0c0920b35e18f54473b4c02435757d61b898287906e7773efc6be06d673b79
932,45,0,12,PASS,220,0,FAIL,0,0,UPSTREAM_OBJECT_ABSENT,0,0,UPSTREAM_OBJECT_ABSENT,0,0,0,0,TRIO_STAGE_STOP,False,TRIO_BOTTLENECK,c4dee48050c820f61f073ad00e21ed97bdcf93a06f5e364492fddd07424caadf
933,45,0,8,PASS,56,0,FAIL,0,0,UPSTREAM_OBJECT_ABSENT,0,0,UPSTREAM_OBJECT_ABSENT,0,0,0,0,TRIO_STAGE_STOP,False,TRIO_BOTTLENECK,2a5018be871a4788471e5895817d33ecd0e19318588e8c3b79b951296b5ad907
934,45,0,12,PASS,174,0,FAIL,0,0,UPSTREAM_OBJECT_ABSENT,0,0,UPSTREAM_OBJECT_ABSENT,0,0,0,0,TRIO_STAGE_STOP,False,TRIO_BOTTLENECK,c50571d68a9055b0ee270a46b45d1fb7ca583a7838539d6fe75bcc10e078f38b
935,45,0,12,PASS,220,68,PASS,804,0,PASS,804,0,FAIL,0,0,0,804,CORE_STAGE_STOP,False,IMPLEMENTATION_OR_DEFINITION_ANOMALY,1f7ddb175b68251def8ae101d5850733cfdad63f9118a936ef17d8d91c691e0c
936,45,0,6,PASS,20,0,FAIL,0,0,UPSTREAM_OBJECT_ABSENT,0,0,UPSTREAM_OBJECT_ABSENT,0,0,0,0,TRIO_STAGE_STOP,False,TRIO_BOTTLENECK,344a0b915b89360817ebe248b8c88f8dbc6e7e1c5550282d5642dfa134811ad0
937,45,0,11,PASS,165,0,FAIL,0,0,UPSTREAM_OBJECT_ABSENT,0,0,UPSTREAM_OBJECT_ABSENT,0,0,0,0,TRIO_STAGE_STOP,False,TRIO_BOTTLENECK,552b5839455f37673faf9a9250b8ff1a61a2b3232d40121b9128abb158de5969
938,45,0,0,FAIL,0,0,UPSTREAM_OBJECT_ABSENT,0,0,UPSTREAM_OBJECT_ABSENT,0,0,UPSTREAM_OBJECT_ABSENT,0,0,0,0,NUMBER_STAGE_STOP,False,UPSTREAM_STARVATION,d94ebe1cab81b8365e69c8761cdcb45b915c36c202f92b8f198541c1077d88f0
939,45,0,12,PASS,70,0,FAIL,0,0,UPSTREAM_OBJECT_ABSENT,0,0,UPSTREAM_OBJECT_ABSENT,0,0,0,0,TRIO_STAGE_STOP,False,TRIO_BOTTLENECK,71621616e9fc7b101932575a5cc6df42fc63b11996eb9405c4f91630662b6046
940,45,0,12,PASS,220,66,PASS,816,0,PASS,816,0,FAIL,0,0,0,816,CORE_STAGE_STOP,False,IMPLEMENTATION_OR_DEFINITION_ANOMALY,38529aa9b4dfc311add2ee51a197c6f3e0904d0f2c2142f93489c2606811f7d7
941,45,0,12,PASS,220,83,PASS,1303,0,PASS,1303,0,FAIL,0,0,0,1303,CORE_STAGE_STOP,False,IMPLEMENTATION_OR_DEFINITION_ANOMALY,d3818c82f76ee283bb76dac8a4ae546c38e1647d8aa57077e390238eae3fedd3
942,45,0,12,PASS,220,0,FAIL,0,0,UPSTREAM_OBJECT_ABSENT,0,0,UPSTREAM_OBJECT_ABSENT,0,0,0,0,TRIO_STAGE_STOP,False,TRIO_BOTTLENECK,70737a8e89a32c0faa30cadc24388b380fa4b9aa7934bd03af09492f11111dab
943,45,0,11,PASS,165,0,FAIL,0,0,UPSTREAM_OBJECT_ABSENT,0,0,UPSTREAM_OBJECT_ABSENT,0,0,0,0,TRIO_STAGE_STOP,False,TRIO_BOTTLENECK,cd6e6cdd261f62b9322658a8c8495d85dd1913ffda9f8210c6364f4836953081
944,45,0,12,PASS,220,69,PASS,872,0,PASS,872,0,FAIL,0,0,0,872,CORE_STAGE_STOP,False,IMPLEMENTATION_OR_DEFINITION_ANOMALY,8f5be1f2f9a8cb14ece8406d8db93cf7b4a95c20737efece2deb97e0d03b7c19
945,45,0,9,PASS,84,0,FAIL,0,0,UPSTREAM_OBJECT_ABSENT,0,0,UPSTREAM_OBJECT_ABSENT,0,0,0,0,TRIO_STAGE_STOP,False,TRIO_BOTTLENECK,8e7bcc5ce0b642fc21210b0baa2c803af7987af3098225c8b0dd9a34f7bf08fc
946,45,0,0,FAIL,0,0,UPSTREAM_OBJECT_ABSENT,0,0,UPSTREAM_OBJECT_ABSENT,0,0,UPSTREAM_OBJECT_ABSENT,0,0,0,0,NUMBER_STAGE_STOP,False,UPSTREAM_STARVATION,17f785d3d6ff760d29d87b43709343a260357761990115c70bde0ac49d328e55
947,45,0,0,FAIL,0,0,UPSTREAM_OBJECT_ABSENT,0,0,UPSTREAM_OBJECT_ABSENT,0,0,UPSTREAM_OBJECT_ABSENT,0,0,0,0,NUMBER_STAGE_STOP,False,UPSTREAM_STARVATION,33267f094d7e18d1d720e83cb9ed1ea234e8624d619990110c3c17e982fa5735
948,45,0,12,PASS,220,104,PASS,2009,0,PASS,2009,0,FAIL,0,0,0,2009,CORE_STAGE_STOP,False,IMPLEMENTATION_OR_DEFINITION_ANOMALY,91aa0aad52ee86a8655d2f3fa2cde797424a50f3365ccd234a1d24a9ddf9473b
949,45,0,0,FAIL,0,0,UPSTREAM_OBJECT_ABSENT,0,0,UPSTREAM_OBJECT_ABSENT,0,0,UPSTREAM_OBJECT_ABSENT,0,0,0,0,NUMBER_STAGE_STOP,False,UPSTREAM_STARVATION,050d6c33363dc6a9f92156a29aed3972847f14075fcf100d6c5379daa8553492
950,45,0,12,PASS,220,40,PASS,267,0,PASS,267,0,FAIL,0,0,0,267,CORE_STAGE_STOP,False,IMPLEMENTATION_OR_DEFINITION_ANOMALY,6949120829a7434eed84a0a895c3e0ac6ba3f4e770f009e75e1a9591057e2f78
951,45,0,0,FAIL,0,0,UPSTREAM_OBJECT_ABSENT,0,0,UPSTREAM_OBJECT_ABSENT,0,0,UPSTREAM_OBJECT_ABSENT,0,0,0,0,NUMBER_STAGE_STOP,False,UPSTREAM_STARVATION,a7cc508663d485a50686a0b45994676599ef7b2383bc7db616d13af091a57d08
952,45,0,12,PASS,220,64,PASS,766,0,PASS,766,0,FAIL,0,0,0,766,CORE_STAGE_STOP,False,IMPLEMENTATION_OR_DEFINITION_ANOMALY,4d7e68b14027f192d6f7b2a9d4d6426773967843bd729f57ac346afd88aefa15
953,45,0,0,FAIL,0,0,UPSTREAM_OBJECT_ABSENT,0,0,UPSTREAM_OBJECT_ABSENT,0,0,UPSTREAM_OBJECT_ABSENT,0,0,0,0,NUMBER_STAGE_STOP,False,UPSTREAM_STARVATION,e6372062eb0221e767fa0424cae07dd0dae6b7c52cbc26632fcf3ecc62875cd1
954,45,0,12,PASS,220,0,FAIL,0,0,UPSTREAM_OBJECT_ABSENT,0,0,UPSTREAM_OBJECT_ABSENT,0,0,0,0,TRIO_STAGE_STOP,False,TRIO_BOTTLENECK,28b13f0430e22313add788098cd49c2c4db29ff3f480c6e91052c0b7fd2f6499
955,45,0,7,PASS,35,0,FAIL,0,0,UPSTREAM_OBJECT_ABSENT,0,0,UPSTREAM_OBJECT_ABSENT,0,0,0,0,TRIO_STAGE_STOP,False,TRIO_BOTTLENECK,daa3cc7d7106b13162874b5aa064799d1c755088cfebb5a7bd22a63927324313
956,45,0,12,PASS,71,0,FAIL,0,0,UPSTREAM_OBJECT_ABSENT,0,0,UPSTREAM_OBJECT_ABSENT,0,0,0,0,TRIO_STAGE_STOP,False,TRIO_BOTTLENECK,2bec0db0ba81dec074e2858f539af854cfdfc547733cb08aff42b9cf9e30698a
957,45,0,12,PASS,84,0,FAIL,0,0,UPSTREAM_OBJECT_ABSENT,0,0,UPSTREAM_OBJECT_ABSENT,0,0,0,0,TRIO_STAGE_STOP,False,TRIO_BOTTLENECK,219aae0ab62661ccb783cc63bbe5fdee9ebe6060c97b6016e74b9bf224f17b8f
958,45,0,12,PASS,220,53,PASS,546,0,PASS,546,0,FAIL,0,0,0,546,CORE_STAGE_STOP,False,IMPLEMENTATION_OR_DEFINITION_ANOMALY,5b376e30eae7b6c81f28d4171aee2ae1751583c0e94c05e7710b603e0f3d0829
959,45,0,6,PASS,20,0,FAIL,0,0,UPSTREAM_OBJECT_ABSENT,0,0,UPSTREAM_OBJECT_ABSENT,0,0,0,0,TRIO_STAGE_STOP,False,TRIO_BOTTLENECK,a7f245668a3a4c45a055fadd06c48c35c33a72a93e595682320682fd50d15858
960,45,0,0,FAIL,0,0,UPSTREAM_OBJECT_ABSENT,0,0,UPSTREAM_OBJECT_ABSENT,0,0,UPSTREAM_OBJECT_ABSENT,0,0,0,0,NUMBER_STAGE_STOP,False,UPSTREAM_STARVATION,0c93c2a5ac9ee60c252923d355fc28abcc30cca597ec5d10737324fcc0178aef
961,45,0,0,FAIL,0,0,UPSTREAM_OBJECT_ABSENT,0,0,UPSTREAM_OBJECT_ABSENT,0,0,UPSTREAM_OBJECT_ABSENT,0,0,0,0,NUMBER_STAGE_STOP,False,UPSTREAM_STARVATION,0da538050399ac6a27579c032268d50ffb92607ae5963eb11df32c86f749d251
962,45,0,12,PASS,220,0,FAIL,0,0,UPSTREAM_OBJECT_ABSENT,0,0,UPSTREAM_OBJECT_ABSENT,0,0,0,0,TRIO_STAGE_STOP,False,TRIO_BOTTLENECK,2582246e8cdf8ffb31e6727dffb08d2fcc4092c07850c8a74be3b7d3884f87d0
963,45,0,12,PASS,220,40,PASS,280,0,PASS,280,0,FAIL,0,0,0,280,CORE_STAGE_STOP,False,IMPLEMENTATION_OR_DEFINITION_ANOMALY,73b72e0153c84ff7ea16a7dc17a14ad583cfd13b8fccf7b841431684810dcc7c
964,45,0,0,FAIL,0,0,UPSTREAM_OBJECT_ABSENT,0,0,UPSTREAM_OBJECT_ABSENT,0,0,UPSTREAM_OBJECT_ABSENT,0,0,0,0,NUMBER_STAGE_STOP,False,UPSTREAM_STARVATION,abb16b14a48522e19ada0b36f3aedf3d6b6d0baef7b319c79bf020ac19053a0e
965,45,0,7,PASS,35,0,FAIL,0,0,UPSTREAM_OBJECT_ABSENT,0,0,UPSTREAM_OBJECT_ABSENT,0,0,0,0,TRIO_STAGE_STOP,False,TRIO_BOTTLENECK,a448a7f4be5cdbb5a71eb48f9d679ef382447c966d437d4f486d802f838138d5
966,45,0,12,PASS,220,0,FAIL,0,0,UPSTREAM_OBJECT_ABSENT,0,0,UPSTREAM_OBJECT_ABSENT,0,0,0,0,TRIO_STAGE_STOP,False,TRIO_BOTTLENECK,2b60591ffd9616a8c4c062050c95151102c3eebce109bb10c6b528423238b1a9
967,45,0,12,PASS,220,0,FAIL,0,0,UPSTREAM_OBJECT_ABSENT,0,0,UPSTREAM_OBJECT_ABSENT,0,0,0,0,TRIO_STAGE_STOP,False,TRIO_BOTTLENECK,3aab328e96a2fcc88edfccdc5e425a73eaf804d41107b6f635d4a6d81d7d98b6
968,45,0,12,PASS,148,0,FAIL,0,0,UPSTREAM_OBJECT_ABSENT,0,0,UPSTREAM_OBJECT_ABSENT,0,0,0,0,TRIO_STAGE_STOP,False,TRIO_BOTTLENECK,0700d2bf7a028c49fc39d0470664e433d9ffd24bc14b799a009ac37b95c30cff
969,45,0,0,FAIL,0,0,UPSTREAM_OBJECT_ABSENT,0,0,UPSTREAM_OBJECT_ABSENT,0,0,UPSTREAM_OBJECT_ABSENT,0,0,0,0,NUMBER_STAGE_STOP,False,UPSTREAM_STARVATION,71ed1915c05937289b9cccccf00dac094ff9cc815b327cb151adc0fb38e3105f
970,45,0,12,PASS,220,0,FAIL,0,0,UPSTREAM_OBJECT_ABSENT,0,0,UPSTREAM_OBJECT_ABSENT,0,0,0,0,TRIO_STAGE_STOP,False,TRIO_BOTTLENECK,03d69b65d902defd8ce8e5779739d377954fabc17eb621984dc06573b6df2ac8
971,45,3,12,PASS,220,0,FAIL,0,0,UPSTREAM_OBJECT_ABSENT,0,0,UPSTREAM_OBJECT_ABSENT,0,0,0,0,TRIO_STAGE_STOP,False,TRIO_BOTTLENECK,f7517664a7f0e443beedee7c7abc3ad477db1a50bc8b191e9fafea9f9a1a83a7
972,45,0,12,PASS,220,0,FAIL,0,0,UPSTREAM_OBJECT_ABSENT,0,0,UPSTREAM_OBJECT_ABSENT,0,0,0,0,TRIO_STAGE_STOP,False,TRIO_BOTTLENECK,d0dd27a99022843ecefa2829c7a278dd05efb2c9edbd871f1e935df3625a82f6
973,45,0,0,FAIL,0,0,UPSTREAM_OBJECT_ABSENT,0,0,UPSTREAM_OBJECT_ABSENT,0,0,UPSTREAM_OBJECT_ABSENT,0,0,0,0,NUMBER_STAGE_STOP,False,UPSTREAM_STARVATION,f756e3090250c6e0701dcdffff73f12d8411000d8f131681729ed25d34673bbe
974,45,0,12,PASS,220,0,FAIL,0,0,UPSTREAM_OBJECT_ABSENT,0,0,UPSTREAM_OBJECT_ABSENT,0,0,0,0,TRIO_STAGE_STOP,False,TRIO_BOTTLENECK,c853147d0ed045d9d513629cc8bda3f48c6ddca9503949d4e5ee242cff693b66
975,45,0,12,PASS,220,59,PASS,661,0,PASS,661,0,FAIL,0,0,0,661,CORE_STAGE_STOP,False,IMPLEMENTATION_OR_DEFINITION_ANOMALY,212452008c233220ba58a7e030109f39f1fc994de8d281f8280ff5c0cf7e813c
976,45,0,12,PASS,51,0,FAIL,0,0,UPSTREAM_OBJECT_ABSENT,0,0,UPSTREAM_OBJECT_ABSENT,0,0,0,0,TRIO_STAGE_STOP,False,TRIO_BOTTLENECK,6ffa98e087918e53cce79d1817b2fac074dd3ccefb6d877dfce1e57f25c30994
977,45,0,0,FAIL,0,0,UPSTREAM_OBJECT_ABSENT,0,0,UPSTREAM_OBJECT_ABSENT,0,0,UPSTREAM_OBJECT_ABSENT,0,0,0,0,NUMBER_STAGE_STOP,False,UPSTREAM_STARVATION,6f926e6c30bd9e3a82caa4a4c608367cadc9dd70c01f12a792e2f40bb2c0e9fc
978,45,1,12,PASS,220,0,FAIL,0,0,UPSTREAM_OBJECT_ABSENT,0,0,UPSTREAM_OBJECT_ABSENT,0,0,0,0,TRIO_STAGE_STOP,False,TRIO_BOTTLENECK,62d10bba5d4d5725ae17e7d299ad73b9a0f8f4261cb166a9aa63beb731a81e13
979,45,0,12,PASS,220,56,PASS,584,0,PASS,584,0,FAIL,0,0,0,584,CORE_STAGE_STOP,False,IMPLEMENTATION_OR_DEFINITION_ANOMALY,da28160dd8d7c21b28680e2d51e7f4c6dcc826f72b258cf8eb773d86df5c0e5d
980,45,0,12,PASS,220,55,PASS,543,0,PASS,543,0,FAIL,0,0,0,543,CORE_STAGE_STOP,False,IMPLEMENTATION_OR_DEFINITION_ANOMALY,855c51b0e986f45ac72550174f9c60b4268e6178fe43c1a2e99e00b2ab2799b5
981,45,0,7,PASS,35,0,FAIL,0,0,UPSTREAM_OBJECT_ABSENT,0,0,UPSTREAM_OBJECT_ABSENT,0,0,0,0,TRIO_STAGE_STOP,False,TRIO_BOTTLENECK,07f799885134eeb82b59211bb93349a451a782df7c0688ffa41719f2f9d7dd87
982,45,0,12,PASS,169,0,FAIL,0,0,UPSTREAM_OBJECT_ABSENT,0,0,UPSTREAM_OBJECT_ABSENT,0,0,0,0,TRIO_STAGE_STOP,False,TRIO_BOTTLENECK,bec8586d9154aa67388507b8306cb38e0e647b6b3b941b66a7f8036aa43903fc
983,45,0,6,PASS,20,1,FAIL,0,0,UPSTREAM_OBJECT_ABSENT,0,0,UPSTREAM_OBJECT_ABSENT,0,0,0,0,TRIO_STAGE_STOP,False,TRIO_BOTTLENECK,83f30c9e6f8e2d94fb603a310aefa81a602c15dea4cc25ed5601a77611efdb43
984,45,0,12,PASS,220,0,FAIL,0,0,UPSTREAM_OBJECT_ABSENT,0,0,UPSTREAM_OBJECT_ABSENT,0,0,0,0,TRIO_STAGE_STOP,False,TRIO_BOTTLENECK,a1d2735767014673bd695976361ee86f7d25e1da0e5d03e825fb34c078037168
985,45,0,0,FAIL,0,0,UPSTREAM_OBJECT_ABSENT,0,0,UPSTREAM_OBJECT_ABSENT,0,0,UPSTREAM_OBJECT_ABSENT,0,0,0,0,NUMBER_STAGE_STOP,False,UPSTREAM_STARVATION,21a351938ccd71127be1da1f4859d550eb9e4ea511da2dbd540b5ffc2ab158e5
986,45,0,12,PASS,220,41,PASS,232,0,PASS,232,0,FAIL,0,0,0,232,CORE_STAGE_STOP,False,IMPLEMENTATION_OR_DEFINITION_ANOMALY,9da42d016727dffa0c14a5d104219f0da9c3785be0b549fb60fc8a7a0ecd347e
987,45,0,10,PASS,120,0,FAIL,0,0,UPSTREAM_OBJECT_ABSENT,0,0,UPSTREAM_OBJECT_ABSENT,0,0,0,0,TRIO_STAGE_STOP,False,TRIO_BOTTLENECK,01f952889dd33b35b9caf046303692e63ac4835f25e1f6a5ee8c50e2f4437ff8
988,45,2,12,PASS,220,5,PASS,0,0,FAIL,0,0,UPSTREAM_OBJECT_ABSENT,0,0,0,0,PAIR_STAGE_STOP,False,PAIR_BOTTLENECK,eb8d0b09aa69f2907c898e159cc0b7db40fd6e1b87ce8b0f7d6a782f80734876
989,45,0,0,FAIL,0,0,UPSTREAM_OBJECT_ABSENT,0,0,UPSTREAM_OBJECT_ABSENT,0,0,UPSTREAM_OBJECT_ABSENT,0,0,0,0,NUMBER_STAGE_STOP,False,UPSTREAM_STARVATION,8f839d971bc6f2172d8f701d445ab43afa756ce8459a4714107ed6a0da3eb04c
990,45,0,12,PASS,161,0,FAIL,0,0,UPSTREAM_OBJECT_ABSENT,0,0,UPSTREAM_OBJECT_ABSENT,0,0,0,0,TRIO_STAGE_STOP,False,TRIO_BOTTLENECK,6e8846dcca14fdf1e695133dbc8a42332856d5bf4ea01c3eb598d0dc28833a6f
991,45,0,12,PASS,220,0,FAIL,0,0,UPSTREAM_OBJECT_ABSENT,0,0,UPSTREAM_OBJECT_ABSENT,0,0,0,0,TRIO_STAGE_STOP,False,TRIO_BOTTLENECK,ec01bb7c37aeedd6b026c60807bfaf10928f4b5edb6eb61be68060a73c8593df
992,45,0,11,PASS,165,23,PASS,67,0,PASS,67,0,FAIL,0,0,0,67,CORE_STAGE_STOP,False,IMPLEMENTATION_OR_DEFINITION_ANOMALY,d84be3c94a592842adf1860606447b6f91acc19355860369c5ed98d3c96357f3
993,45,0,12,PASS,220,74,PASS,978,0,PASS,978,0,FAIL,0,0,0,978,CORE_STAGE_STOP,False,IMPLEMENTATION_OR_DEFINITION_ANOMALY,cbe5a18eafd1cd9273d79a6fec6807541d35f74e0d268bbcfe11dd81be67d10e
994,45,0,12,PASS,220,0,FAIL,0,0,UPSTREAM_OBJECT_ABSENT,0,0,UPSTREAM_OBJECT_ABSENT,0,0,0,0,TRIO_STAGE_STOP,False,TRIO_BOTTLENECK,4361d970d2c1804cb744a0eedb2e4b8d4c975f6bfee2215cbe674b0a4ee2188d
995,45,0,12,PASS,220,0,FAIL,0,0,UPSTREAM_OBJECT_ABSENT,0,0,UPSTREAM_OBJECT_ABSENT,0,0,0,0,TRIO_STAGE_STOP,False,TRIO_BOTTLENECK,29f0d78df6f27665782c710a2d10632867c913bdbe46c596400e466a0bb218bb
996,45,0,12,PASS,220,81,PASS,1207,0,PASS,1207,0,FAIL,0,0,0,1207,CORE_STAGE_STOP,False,IMPLEMENTATION_OR_DEFINITION_ANOMALY,610b867a11cd5650b8ffbd6b003e08ece81e9b59dec4fd63e1bc51bb2da15755
997,45,0,0,FAIL,0,0,UPSTREAM_OBJECT_ABSENT,0,0,UPSTREAM_OBJECT_ABSENT,0,0,UPSTREAM_OBJECT_ABSENT,0,0,0,0,NUMBER_STAGE_STOP,False,UPSTREAM_STARVATION,464eed13df7b7ca618d78401dfdf11197a8a70223b4d25de4ba2a5af48dc0e40
998,45,0,12,PASS,220,0,FAIL,0,0,UPSTREAM_OBJECT_ABSENT,0,0,UPSTREAM_OBJECT_ABSENT,0,0,0,0,TRIO_STAGE_STOP,False,TRIO_BOTTLENECK,f4cf0cdfc5d3a41deaae1b2e6e8f2ce6357b5c7ea2877a3261ac3d5b9e507ebe
999,45,0,12,PASS,93,0,FAIL,0,0,UPSTREAM_OBJECT_ABSENT,0,0,UPSTREAM_OBJECT_ABSENT,0,0,0,0,TRIO_STAGE_STOP,False,TRIO_BOTTLENECK,a336d39b10e23c092bd7c808753b62cc3187a08c6d4561478798216d1623aadd
1000,45,0,12,PASS,220,0,FAIL,0,0,UPSTREAM_OBJECT_ABSENT,0,0,UPSTREAM_OBJECT_ABSENT,0,0,0,0,TRIO_STAGE_STOP,False,TRIO_BOTTLENECK,5eeda3f73a1d906fd2f4b91b2dfbfd7c62736331c4d96930cd0cd522717c5b19
1001,45,0,0,FAIL,0,0,UPSTREAM_OBJECT_ABSENT,0,0,UPSTREAM_OBJECT_ABSENT,0,0,UPSTREAM_OBJECT_ABSENT,0,0,0,0,NUMBER_STAGE_STOP,False,UPSTREAM_STARVATION,9fc9a2e3e6de771a0e98e7a256c5898e9d1e06dd42aea98eca615a6b69ee1b0e
1002,45,0,12,PASS,134,0,FAIL,0,0,UPSTREAM_OBJECT_ABSENT,0,0,UPSTREAM_OBJECT_ABSENT,0,0,0,0,TRIO_STAGE_STOP,False,TRIO_BOTTLENECK,bedfcd19af80a6642bef02c4484fedfaa24a66020a4b4790fce739d3624b60af
1003,45,0,12,PASS,220,0,FAIL,0,0,UPSTREAM_OBJECT_ABSENT,0,0,UPSTREAM_OBJECT_ABSENT,0,0,0,0,TRIO_STAGE_STOP,False,TRIO_BOTTLENECK,e4c3387efc5f51771b60410aa0d6c0cc638324a0ae756874bcc801ea1d178488
1004,45,0,12,PASS,220,0,FAIL,0,0,UPSTREAM_OBJECT_ABSENT,0,0,UPSTREAM_OBJECT_ABSENT,0,0,0,0,TRIO_STAGE_STOP,False,TRIO_BOTTLENECK,c2a80a23d4ffbab10875125d7055aa7d25d1d72cbd84f838481bb12829ae4006
1005,45,0,0,FAIL,0,0,UPSTREAM_OBJECT_ABSENT,0,0,UPSTREAM_OBJECT_ABSENT,0,0,UPSTREAM_OBJECT_ABSENT,0,0,0,0,NUMBER_STAGE_STOP,False,UPSTREAM_STARVATION,d1d73da4db4df42efe4eef2c249a4ccfa2bec3cc1814c6224856058cafe77565
1006,45,0,6,PASS,20,0,FAIL,0,0,UPSTREAM_OBJECT_ABSENT,0,0,UPSTREAM_OBJECT_ABSENT,0,0,0,0,TRIO_STAGE_STOP,False,TRIO_BOTTLENECK,d56645b9aeafd575ce1c8bf54f9508e1d30e839f7f92561659a501b49d791e4f
1007,45,0,12,PASS,199,0,FAIL,0,0,UPSTREAM_OBJECT_ABSENT,0,0,UPSTREAM_OBJECT_ABSENT,0,0,0,0,TRIO_STAGE_STOP,False,TRIO_BOTTLENECK,42dd8362cbb08d326f9825b4aec97faa0611f5cbac9d9fb5ec3ac7dba60aee95
1008,45,0,12,PASS,220,45,PASS,290,0,PASS,290,0,FAIL,0,0,0,290,CORE_STAGE_STOP,False,IMPLEMENTATION_OR_DEFINITION_ANOMALY,36c532831b7675e3968a172936b48ceba824bd877daacea1d7ec3942223c9aa9
1009,45,0,12,PASS,220,69,PASS,920,0,PASS,920,0,FAIL,0,0,0,920,CORE_STAGE_STOP,False,IMPLEMENTATION_OR_DEFINITION_ANOMALY,acb2e7140fb6a1cbddd74ba072dcf215329394423c63a52a967e1d6e5025adbd
1010,45,0,12,PASS,220,90,PASS,1548,0,PASS,1548,0,FAIL,0,0,0,1548,CORE_STAGE_STOP,False,IMPLEMENTATION_OR_DEFINITION_ANOMALY,3769906df7c047435b945b4a2a7a4ee999ad1563fbcdf79d73609febdfbb304e
1011,45,0,0,FAIL,0,0,UPSTREAM_OBJECT_ABSENT,0,0,UPSTREAM_OBJECT_ABSENT,0,0,UPSTREAM_OBJECT_ABSENT,0,0,0,0,NUMBER_STAGE_STOP,False,UPSTREAM_STARVATION,123239da8473ec6943c49afacd68f84fbe08c43ba233d2fe15a2b2a74a8ca0d1
1012,45,0,0,FAIL,0,0,UPSTREAM_OBJECT_ABSENT,0,0,UPSTREAM_OBJECT_ABSENT,0,0,UPSTREAM_OBJECT_ABSENT,0,0,0,0,NUMBER_STAGE_STOP,False,UPSTREAM_STARVATION,5dbe358646296e70ae55a4b57a0bd66f58673cec1cb94456a1a534b8b5a0d388
1013,45,0,0,FAIL,0,0,UPSTREAM_OBJECT_ABSENT,0,0,UPSTREAM_OBJECT_ABSENT,0,0,UPSTREAM_OBJECT_ABSENT,0,0,0,0,NUMBER_STAGE_STOP,False,UPSTREAM_STARVATION,afd16b0236739ed8ffc94123080d82075dc516a3f6cc21d2a50838ae376ba88d
1014,45,0,12,PASS,183,0,FAIL,0,0,UPSTREAM_OBJECT_ABSENT,0,0,UPSTREAM_OBJECT_ABSENT,0,0,0,0,TRIO_STAGE_STOP,False,TRIO_BOTTLENECK,7938405b3586120bfa2e5e2f5a8eacfe7682a2090163fd993ca829a4490b0614
1015,45,0,12,PASS,220,0,FAIL,0,0,UPSTREAM_OBJECT_ABSENT,0,0,UPSTREAM_OBJECT_ABSENT,0,0,0,0,TRIO_STAGE_STOP,False,TRIO_BOTTLENECK,be10f57a735443206feb4b494cbe33400f8537e674585adec107a4651256d254
1016,45,0,9,PASS,84,0,FAIL,0,0,UPSTREAM_OBJECT_ABSENT,0,0,UPSTREAM_OBJECT_ABSENT,0,0,0,0,TRIO_STAGE_STOP,False,TRIO_BOTTLENECK,710b496918d5a80b21068b92f74f265fa97f38b3e6f053d36136b8d4162be659
1017,45,0,6,PASS,20,0,FAIL,0,0,UPSTREAM_OBJECT_ABSENT,0,0,UPSTREAM_OBJECT_ABSENT,0,0,0,0,TRIO_STAGE_STOP,False,TRIO_BOTTLENECK,4fd7943ed826366108b41a05f8df439562f4192a9b11904ba29b648e4b29bd19
1018,45,0,9,PASS,84,0,FAIL,0,0,UPSTREAM_OBJECT_ABSENT,0,0,UPSTREAM_OBJECT_ABSENT,0,0,0,0,TRIO_STAGE_STOP,False,TRIO_BOTTLENECK,56303289dcfb7b3e51ab6dfecbdbed5d6608f75f979290f7c21ae2818d92d1c7
1019,45,0,0,FAIL,0,0,UPSTREAM_OBJECT_ABSENT,0,0,UPSTREAM_OBJECT_ABSENT,0,0,UPSTREAM_OBJECT_ABSENT,0,0,0,0,NUMBER_STAGE_STOP,False,UPSTREAM_STARVATION,61ed42175567f1f2e8f3e4746ed62ffaf326dfd994da052ccecf26935a674bd0
1020,45,0,12,PASS,220,0,FAIL,0,0,UPSTREAM_OBJECT_ABSENT,0,0,UPSTREAM_OBJECT_ABSENT,0,0,0,0,TRIO_STAGE_STOP,False,TRIO_BOTTLENECK,fb66665497df6351c3e1b747c4b260397389a1406a6785ea0c34c2d56769654f
1021,45,2,12,PASS,220,11,PASS,0,0,FAIL,0,0,UPSTREAM_OBJECT_ABSENT,0,0,0,0,PAIR_STAGE_STOP,False,PAIR_BOTTLENECK,636ddd9364cdfdfd925ad056acab1c894648efd59a5835436763c906e4e58217
1022,45,0,12,PASS,220,0,FAIL,0,0,UPSTREAM_OBJECT_ABSENT,0,0,UPSTREAM_OBJECT_ABSENT,0,0,0,0,TRIO_STAGE_STOP,False,TRIO_BOTTLENECK,816c51287f2235169d2e786e54ca777b93e1e03d630c472fedc4c913981b93f1
1023,45,0,12,PASS,220,70,PASS,914,0,PASS,914,0,FAIL,0,0,0,914,CORE_STAGE_STOP,False,IMPLEMENTATION_OR_DEFINITION_ANOMALY,29be627b21cbdda24c7a48b2e8abb0be9316791929de1d65961de339c16de89b
1024,45,0,12,PASS,220,0,FAIL,0,0,UPSTREAM_OBJECT_ABSENT,0,0,UPSTREAM_OBJECT_ABSENT,0,0,0,0,TRIO_STAGE_STOP,False,TRIO_BOTTLENECK,07ebcb080b85855b4ef62214835c51d68011b3b7716dd632b7e8ebbeaa96306f
1025,45,0,0,FAIL,0,0,UPSTREAM_OBJECT_ABSENT,0,0,UPSTREAM_OBJECT_ABSENT,0,0,UPSTREAM_OBJECT_ABSENT,0,0,0,0,NUMBER_STAGE_STOP,False,UPSTREAM_STARVATION,fa60e0c0fac06be5b03acefc009d392c896f7db8afca706293bf1142d2461585
1026,45,0,9,PASS,84,0,FAIL,0,0,UPSTREAM_OBJECT_ABSENT,0,0,UPSTREAM_OBJECT_ABSENT,0,0,0,0,TRIO_STAGE_STOP,False,TRIO_BOTTLENECK,6b77414d289c800e07cd72279def07e85c154ddbca913229d1c7b2a505c67444
1027,45,0,8,PASS,56,0,FAIL,0,0,UPSTREAM_OBJECT_ABSENT,0,0,UPSTREAM_OBJECT_ABSENT,0,0,0,0,TRIO_STAGE_STOP,False,TRIO_BOTTLENECK,c10939a6a641f68dc7d66e291282c9029881068da9786844f37b8adfba58cf88
1028,45,0,0,FAIL,0,0,UPSTREAM_OBJECT_ABSENT,0,0,UPSTREAM_OBJECT_ABSENT,0,0,UPSTREAM_OBJECT_ABSENT,0,0,0,0,NUMBER_STAGE_STOP,False,UPSTREAM_STARVATION,05eda6450233e4bb34cdc16508b0a56477ed328f73df6de3f2e03dc7d70ebaa6
1029,45,4,12,PASS,220,6,PASS,0,0,FAIL,0,0,UPSTREAM_OBJECT_ABSENT,0,0,0,0,PAIR_STAGE_STOP,False,PAIR_BOTTLENECK,8e6e39efc83cd08075047945ed19986ebe8bb55543d8825a8a23741055b4378c
1030,45,0,12,PASS,220,39,PASS,291,0,PASS,291,0,FAIL,0,0,0,291,CORE_STAGE_STOP,False,IMPLEMENTATION_OR_DEFINITION_ANOMALY,7e73201420b35ca79c59c594c8a50d8db01f1fdeeb9b4821eafd289475ff713c
1031,45,0,12,PASS,220,0,FAIL,0,0,UPSTREAM_OBJECT_ABSENT,0,0,UPSTREAM_OBJECT_ABSENT,0,0,0,0,TRIO_STAGE_STOP,False,TRIO_BOTTLENECK,138e5cda8773a69dfe6e5b07cae8bbc45591ef97ed031885f52010fe0fd56825
1032,45,0,10,PASS,120,0,FAIL,0,0,UPSTREAM_OBJECT_ABSENT,0,0,UPSTREAM_OBJECT_ABSENT,0,0,0,0,TRIO_STAGE_STOP,False,TRIO_BOTTLENECK,0015bbabcd21cf7aa64c3cf5a8edf770a6d435d15dd41bb61d3aedfb5ea67ca5
1033,45,0,0,FAIL,0,0,UPSTREAM_OBJECT_ABSENT,0,0,UPSTREAM_OBJECT_ABSENT,0,0,UPSTREAM_OBJECT_ABSENT,0,0,0,0,NUMBER_STAGE_STOP,False,UPSTREAM_STARVATION,762e4707d9b2940d2bc9b85efb342cf82fe6b6874123e2593ce7830176ee7fd9
1034,45,0,12,PASS,220,41,PASS,187,0,PASS,187,0,FAIL,0,0,0,187,CORE_STAGE_STOP,False,IMPLEMENTATION_OR_DEFINITION_ANOMALY,88279fe351aecbb891202783e112d6ecfb6030b703a603842bc07ea80bf3ed74
1035,45,0,12,PASS,165,0,FAIL,0,0,UPSTREAM_OBJECT_ABSENT,0,0,UPSTREAM_OBJECT_ABSENT,0,0,0,0,TRIO_STAGE_STOP,False,TRIO_BOTTLENECK,1b5763f0d0da1a23246ae77922637bf44ab6dce62008142ccb8c621631d0a7ca
1036,45,0,12,PASS,220,25,PASS,95,0,PASS,95,0,FAIL,0,0,0,95,CORE_STAGE_STOP,False,IMPLEMENTATION_OR_DEFINITION_ANOMALY,5ff9ddde8a270e09741bf81d0fa16d94681eeea7019f8fdeaabfc3bac92825dc
1037,45,0,8,PASS,56,0,FAIL,0,0,UPSTREAM_OBJECT_ABSENT,0,0,UPSTREAM_OBJECT_ABSENT,0,0,0,0,TRIO_STAGE_STOP,False,TRIO_BOTTLENECK,020072ac2d43d7916577ba4fbffcb9aadea6369066a86aec4ff75725d4724fb8
1038,45,0,12,PASS,220,59,PASS,595,0,PASS,595,0,FAIL,0,0,0,595,CORE_STAGE_STOP,False,IMPLEMENTATION_OR_DEFINITION_ANOMALY,1bce537a5fe7364d76f45b116c2591325529a0a239db4191ea8c54ba8caac507
1039,45,0,0,FAIL,0,0,UPSTREAM_OBJECT_ABSENT,0,0,UPSTREAM_OBJECT_ABSENT,0,0,UPSTREAM_OBJECT_ABSENT,0,0,0,0,NUMBER_STAGE_STOP,False,UPSTREAM_STARVATION,4dd1aad5d9ee0e40a772873481828494076915de35cad954814a55c6f61b9caf
1040,45,0,7,PASS,35,0,FAIL,0,0,UPSTREAM_OBJECT_ABSENT,0,0,UPSTREAM_OBJECT_ABSENT,0,0,0,0,TRIO_STAGE_STOP,False,TRIO_BOTTLENECK,f813f172abea730c0fb20c3661dd14b1e5942b4b42552897f94b9fb9031c02c5
1041,45,0,12,PASS,220,0,FAIL,0,0,UPSTREAM_OBJECT_ABSENT,0,0,UPSTREAM_OBJECT_ABSENT,0,0,0,0,TRIO_STAGE_STOP,False,TRIO_BOTTLENECK,adc88a36e83dcf30032e87a0530c33205a3f2039166dfb26dd34ecf24fbc7c71
1042,45,0,10,PASS,45,0,FAIL,0,0,UPSTREAM_OBJECT_ABSENT,0,0,UPSTREAM_OBJECT_ABSENT,0,0,0,0,TRIO_STAGE_STOP,False,TRIO_BOTTLENECK,edf336931fec84dbcc741b3e2ba05e1a57c90c32a9b342c9239dddb04a494618
1043,45,0,0,FAIL,0,0,UPSTREAM_OBJECT_ABSENT,0,0,UPSTREAM_OBJECT_ABSENT,0,0,UPSTREAM_OBJECT_ABSENT,0,0,0,0,NUMBER_STAGE_STOP,False,UPSTREAM_STARVATION,7c24ebae2fc9728084d28c60d422b728b57d9803f2da4778132d2b4a0066e792
1044,45,0,12,PASS,220,0,FAIL,0,0,UPSTREAM_OBJECT_ABSENT,0,0,UPSTREAM_OBJECT_ABSENT,0,0,0,0,TRIO_STAGE_STOP,False,TRIO_BOTTLENECK,8ec9c74661adb34c3cdf5e75cb5468453cd0d120b244a5ef108f221336ddf296
1045,45,0,12,PASS,220,20,PASS,23,0,PASS,23,0,FAIL,0,0,0,23,CORE_STAGE_STOP,False,IMPLEMENTATION_OR_DEFINITION_ANOMALY,475253c41e640dafe99f3ce91adf1e6f7fa731563fb50d60143e208453d315b9
1046,45,0,12,PASS,220,55,PASS,567,0,PASS,567,0,FAIL,0,0,0,567,CORE_STAGE_STOP,False,IMPLEMENTATION_OR_DEFINITION_ANOMALY,a25101bd17152ff7fa81e180038d78c3b1b9e8f7b891dbd46db6b52227fd8965
1047,45,0,12,PASS,220,0,FAIL,0,0,UPSTREAM_OBJECT_ABSENT,0,0,UPSTREAM_OBJECT_ABSENT,0,0,0,0,TRIO_STAGE_STOP,False,TRIO_BOTTLENECK,51f34237eab5c290864b5e673337cf565a5fed2e88e09736857ce2e5a51a9243
1048,45,0,9,PASS,84,0,FAIL,0,0,UPSTREAM_OBJECT_ABSENT,0,0,UPSTREAM_OBJECT_ABSENT,0,0,0,0,TRIO_STAGE_STOP,False,TRIO_BOTTLENECK,7a35fe4a80ceb236a6c988b93de32f372fd93d5516120d314eaf66662dd18801
1049,45,0,0,FAIL,0,0,UPSTREAM_OBJECT_ABSENT,0,0,UPSTREAM_OBJECT_ABSENT,0,0,UPSTREAM_OBJECT_ABSENT,0,0,0,0,NUMBER_STAGE_STOP,False,UPSTREAM_STARVATION,bd630cdcfb838119ae1e977c46bb04503617b033d0aa9cc86fbe6118cfede7ff
1050,45,0,12,PASS,220,66,PASS,801,0,PASS,801,0,FAIL,0,0,0,801,CORE_STAGE_STOP,False,IMPLEMENTATION_OR_DEFINITION_ANOMALY,3916944fd4480c7863593967a1243fe7b9cbb7e17e96c0af6011f8de5fac2b7d
1051,45,0,12,PASS,220,56,PASS,590,0,PASS,590,0,FAIL,0,0,0,590,CORE_STAGE_STOP,False,IMPLEMENTATION_OR_DEFINITION_ANOMALY,abb6372edd812ac5a1f3e9c2ed4f4d070c8b8cfddaa8e32a1b3e7790aa826f4a
1052,45,0,12,PASS,116,0,FAIL,0,0,UPSTREAM_OBJECT_ABSENT,0,0,UPSTREAM_OBJECT_ABSENT,0,0,0,0,TRIO_STAGE_STOP,False,TRIO_BOTTLENECK,a55d598a8582fe4b900cd44d8c37b4ad20487a6a0ad41e6fea6230fb4baf3c3a
1053,45,0,0,FAIL,0,0,UPSTREAM_OBJECT_ABSENT,0,0,UPSTREAM_OBJECT_ABSENT,0,0,UPSTREAM_OBJECT_ABSENT,0,0,0,0,NUMBER_STAGE_STOP,False,UPSTREAM_STARVATION,81c21e385f894f476e8c594a9aaefe08ddf7fa8a2179bb46837836aa02f6dc3e
1054,45,0,11,PASS,165,0,FAIL,0,0,UPSTREAM_OBJECT_ABSENT,0,0,UPSTREAM_OBJECT_ABSENT,0,0,0,0,TRIO_STAGE_STOP,False,TRIO_BOTTLENECK,55e7c7fdf9bbe9a44dc2a0e5684194639981e961f82f02420c7605fee5109766
1055,45,0,12,PASS,220,0,FAIL,0,0,UPSTREAM_OBJECT_ABSENT,0,0,UPSTREAM_OBJECT_ABSENT,0,0,0,0,TRIO_STAGE_STOP,False,TRIO_BOTTLENECK,af9c29e97fc73a58464211f2a6d6e6c2a4c4476250c84a12bf919a5369b0f490
1056,45,0,0,FAIL,0,0,UPSTREAM_OBJECT_ABSENT,0,0,UPSTREAM_OBJECT_ABSENT,0,0,UPSTREAM_OBJECT_ABSENT,0,0,0,0,NUMBER_STAGE_STOP,False,UPSTREAM_STARVATION,0823372dd71e9ebb240fc8b69fc4af027c53bf582ec2cd2f3e7e647c8aa904d3
1057,45,1,12,PASS,220,21,PASS,91,0,PASS,91,0,FAIL,0,0,0,91,CORE_STAGE_STOP,False,IMPLEMENTATION_OR_DEFINITION_ANOMALY,96309789ebadd5b73434ad82730c63c1bc0b0805722a85b108be709963801f9c
1058,45,1,12,PASS,220,0,FAIL,0,0,UPSTREAM_OBJECT_ABSENT,0,0,UPSTREAM_OBJECT_ABSENT,0,0,0,0,TRIO_STAGE_STOP,False,TRIO_BOTTLENECK,f28e0fe46d2a55711187d5738728b400f1a4540d2c487eef454a7df1f1d92eeb
1059,45,0,12,PASS,220,75,PASS,1054,0,PASS,1054,0,FAIL,0,0,0,1054,CORE_STAGE_STOP,False,IMPLEMENTATION_OR_DEFINITION_ANOMALY,e31b58dc2b16bfa659a73c12e658cd0d4d3d5462c11119f06bb7322ac23fba71
1060,45,0,12,PASS,218,0,FAIL,0,0,UPSTREAM_OBJECT_ABSENT,0,0,UPSTREAM_OBJECT_ABSENT,0,0,0,0,TRIO_STAGE_STOP,False,TRIO_BOTTLENECK,75c1d219183cc1151bdf104b803ab5ef12f82aaaae666b66daadf9c036d2e8d1
1061,45,0,0,FAIL,0,0,UPSTREAM_OBJECT_ABSENT,0,0,UPSTREAM_OBJECT_ABSENT,0,0,UPSTREAM_OBJECT_ABSENT,0,0,0,0,NUMBER_STAGE_STOP,False,UPSTREAM_STARVATION,39b81c5b39bbf8bfcb1eacd6c1b393f05166666cd312378ea33eb68dd4247990
1062,45,0,0,FAIL,0,0,UPSTREAM_OBJECT_ABSENT,0,0,UPSTREAM_OBJECT_ABSENT,0,0,UPSTREAM_OBJECT_ABSENT,0,0,0,0,NUMBER_STAGE_STOP,False,UPSTREAM_STARVATION,9388b3e3509b85ce9f6f0eff86f901681487e0e805890d2e5a7c01465bfb0614
1063,45,0,9,PASS,84,0,FAIL,0,0,UPSTREAM_OBJECT_ABSENT,0,0,UPSTREAM_OBJECT_ABSENT,0,0,0,0,TRIO_STAGE_STOP,False,TRIO_BOTTLENECK,a54956e6dfe9a7c13011bc7262eb5cd890c419ed053a3067e29e81b9a7c7d0c6
1064,45,0,12,PASS,133,0,FAIL,0,0,UPSTREAM_OBJECT_ABSENT,0,0,UPSTREAM_OBJECT_ABSENT,0,0,0,0,TRIO_STAGE_STOP,False,TRIO_BOTTLENECK,d56b37059e284a826c27309823c6ff4fabb0c563e3fc98926c432b87a954e05a
1065,45,2,12,PASS,220,3,PASS,2,0,PASS,2,0,FAIL,0,0,0,2,CORE_STAGE_STOP,False,IMPLEMENTATION_OR_DEFINITION_ANOMALY,e95444bd3d2fe3996c2cd864cb8851c4ae6453f0d11defcccffc7e245f160549
1066,45,0,12,PASS,220,46,PASS,370,0,PASS,370,0,FAIL,0,0,0,370,CORE_STAGE_STOP,False,IMPLEMENTATION_OR_DEFINITION_ANOMALY,89e2a722ae95ffe4e012f3c524ce7edaf75175a4f7be595726af11a9015e997c
1067,45,0,0,FAIL,0,0,UPSTREAM_OBJECT_ABSENT,0,0,UPSTREAM_OBJECT_ABSENT,0,0,UPSTREAM_OBJECT_ABSENT,0,0,0,0,NUMBER_STAGE_STOP,False,UPSTREAM_STARVATION,86374a4643c0a0175c5afd0cd4286f67a6291750f177a7e01608d25ea7997e7e
1068,45,0,12,PASS,220,8,PASS,0,0,FAIL,0,0,UPSTREAM_OBJECT_ABSENT,0,0,0,0,PAIR_STAGE_STOP,False,PAIR_BOTTLENECK,ac9efa2f2c8e140c7abfa4c5f79a158a32b38f072fe5e048dc3e74187168da7c
1069,45,0,0,FAIL,0,0,UPSTREAM_OBJECT_ABSENT,0,0,UPSTREAM_OBJECT_ABSENT,0,0,UPSTREAM_OBJECT_ABSENT,0,0,0,0,NUMBER_STAGE_STOP,False,UPSTREAM_STARVATION,ec190006bdab8bffb71157066b33a600a308082262fccca8173c9289a8445d2b
1070,45,0,0,FAIL,0,0,UPSTREAM_OBJECT_ABSENT,0,0,UPSTREAM_OBJECT_ABSENT,0,0,UPSTREAM_OBJECT_ABSENT,0,0,0,0,NUMBER_STAGE_STOP,False,UPSTREAM_STARVATION,968f9f2240233f51883f5198d607e75808cbb6d43319253009477fafa047c8cc
1071,45,0,0,FAIL,0,0,UPSTREAM_OBJECT_ABSENT,0,0,UPSTREAM_OBJECT_ABSENT,0,0,UPSTREAM_OBJECT_ABSENT,0,0,0,0,NUMBER_STAGE_STOP,False,UPSTREAM_STARVATION,cc140930b0ce44ad71b4ada28dc16d43891380715a97e15c9b4782ed79fdcbbd
1072,45,0,0,FAIL,0,0,UPSTREAM_OBJECT_ABSENT,0,0,UPSTREAM_OBJECT_ABSENT,0,0,UPSTREAM_OBJECT_ABSENT,0,0,0,0,NUMBER_STAGE_STOP,False,UPSTREAM_STARVATION,ac22c215d90c4e3029b939779cb6f4f7ef5e0b397e963786650e3761fc5839f1
1073,45,0,9,PASS,84,0,FAIL,0,0,UPSTREAM_OBJECT_ABSENT,0,0,UPSTREAM_OBJECT_ABSENT,0,0,0,0,TRIO_STAGE_STOP,False,TRIO_BOTTLENECK,ad6a82973bba6865524e0613e02093b47da05804e3aa46dbdc209aa4c0637266
1074,45,0,12,PASS,220,0,FAIL,0,0,UPSTREAM_OBJECT_ABSENT,0,0,UPSTREAM_OBJECT_ABSENT,0,0,0,0,TRIO_STAGE_STOP,False,TRIO_BOTTLENECK,b7f37d793a3036fdb5ff0fc82848f28ecd26a7db277975362b1ccd0ea537eecb
1075,45,0,0,FAIL,0,0,UPSTREAM_OBJECT_ABSENT,0,0,UPSTREAM_OBJECT_ABSENT,0,0,UPSTREAM_OBJECT_ABSENT,0,0,0,0,NUMBER_STAGE_STOP,False,UPSTREAM_STARVATION,a9037585296718f46b4383e4c7a7d877725d942670d61904ed1c6ca9f2daed2c
1076,45,0,0,FAIL,0,0,UPSTREAM_OBJECT_ABSENT,0,0,UPSTREAM_OBJECT_ABSENT,0,0,UPSTREAM_OBJECT_ABSENT,0,0,0,0,NUMBER_STAGE_STOP,False,UPSTREAM_STARVATION,bcd8d16db1de669f354e1f188a8e72b96b3ec830250895d034a0d1f0a0060f11
1077,45,0,12,PASS,219,0,FAIL,0,0,UPSTREAM_OBJECT_ABSENT,0,0,UPSTREAM_OBJECT_ABSENT,0,0,0,0,TRIO_STAGE_STOP,False,TRIO_BOTTLENECK,f9dce1cce02cc3ec4e00d419f20fcbbcf4a0c65ae8ac7e30d6f169624abdc6de
1078,45,0,0,FAIL,0,0,UPSTREAM_OBJECT_ABSENT,0,0,UPSTREAM_OBJECT_ABSENT,0,0,UPSTREAM_OBJECT_ABSENT,0,0,0,0,NUMBER_STAGE_STOP,False,UPSTREAM_STARVATION,d042d91015470c9857e90be25e8d89238f49cffe8118a7ebf77c216cd84962c1
1079,45,0,8,PASS,56,0,FAIL,0,0,UPSTREAM_OBJECT_ABSENT,0,0,UPSTREAM_OBJECT_ABSENT,0,0,0,0,TRIO_STAGE_STOP,False,TRIO_BOTTLENECK,43045a9d7c6bd66c55d8b6d406b9ed58519921458a5c3bbbe2865897d63141b4
1080,45,0,12,PASS,220,66,PASS,805,0,PASS,805,0,FAIL,0,0,0,805,CORE_STAGE_STOP,False,IMPLEMENTATION_OR_DEFINITION_ANOMALY,3c1dad0d4c8c86ad8d372994e6748eaca737595037c1ac1cc1c366bf68987352
1081,45,0,12,PASS,220,26,PASS,107,0,PASS,107,0,FAIL,0,0,0,107,CORE_STAGE_STOP,False,IMPLEMENTATION_OR_DEFINITION_ANOMALY,c32a4be95de9945d41e541050a6abd15308ad96c33b48e085e5d510c3dcc8da8
1082,45,0,12,PASS,220,70,PASS,969,0,PASS,969,0,FAIL,0,0,0,969,CORE_STAGE_STOP,False,IMPLEMENTATION_OR_DEFINITION_ANOMALY,2be8c76be1fb7699d2b5ede22c061bce44ed54948258dbcb96842c3c51d2336b
1083,45,0,12,PASS,156,0,FAIL,0,0,UPSTREAM_OBJECT_ABSENT,0,0,UPSTREAM_OBJECT_ABSENT,0,0,0,0,TRIO_STAGE_STOP,False,TRIO_BOTTLENECK,98fbbbd010821996467018c8e4717e855b9668a49a73210a6c5a7dc47fac9f3c
1084,45,0,12,PASS,220,64,PASS,753,0,PASS,753,0,FAIL,0,0,0,753,CORE_STAGE_STOP,False,IMPLEMENTATION_OR_DEFINITION_ANOMALY,fa7e4fc51287d7e57410e12213425424d501018132f6b555974e2eb32be01542
1085,45,0,0,FAIL,0,0,UPSTREAM_OBJECT_ABSENT,0,0,UPSTREAM_OBJECT_ABSENT,0,0,UPSTREAM_OBJECT_ABSENT,0,0,0,0,NUMBER_STAGE_STOP,False,UPSTREAM_STARVATION,8bcabbaf906c1bf92edfcac3aec323d126d44c8e708c062d5ed98f7654df8355
1086,45,0,12,PASS,220,80,PASS,1142,0,PASS,1142,0,FAIL,0,0,0,1142,CORE_STAGE_STOP,False,IMPLEMENTATION_OR_DEFINITION_ANOMALY,d9a565e856ac2079ad8b3dfdd16d2a73c0f66aab03aeae88915030f34c5682af
1087,45,0,10,PASS,120,0,FAIL,0,0,UPSTREAM_OBJECT_ABSENT,0,0,UPSTREAM_OBJECT_ABSENT,0,0,0,0,TRIO_STAGE_STOP,False,TRIO_BOTTLENECK,a866ab214f50c4698b95a3d9490e3779da066d81b5ce977e03100d9b4b31781b
1088,45,0,8,PASS,56,0,FAIL,0,0,UPSTREAM_OBJECT_ABSENT,0,0,UPSTREAM_OBJECT_ABSENT,0,0,0,0,TRIO_STAGE_STOP,False,TRIO_BOTTLENECK,2a4c70822b24bea85497cc7c206935113557efbd7ae3e92305472ae10b67059b
1089,45,0,10,PASS,120,0,FAIL,0,0,UPSTREAM_OBJECT_ABSENT,0,0,UPSTREAM_OBJECT_ABSENT,0,0,0,0,TRIO_STAGE_STOP,False,TRIO_BOTTLENECK,991b3121fe491b7bd40b3bd7b9f8a4eb74f6e0b399c874cebc700f1ff68d4ee9
1090,45,0,12,PASS,220,0,FAIL,0,0,UPSTREAM_OBJECT_ABSENT,0,0,UPSTREAM_OBJECT_ABSENT,0,0,0,0,TRIO_STAGE_STOP,False,TRIO_BOTTLENECK,d019d7d7428c681a05510f1c69727c5a7506fb6006f24ae097c62930cff856db
1091,45,0,0,FAIL,0,0,UPSTREAM_OBJECT_ABSENT,0,0,UPSTREAM_OBJECT_ABSENT,0,0,UPSTREAM_OBJECT_ABSENT,0,0,0,0,NUMBER_STAGE_STOP,False,UPSTREAM_STARVATION,aef145b6cac29446135e46c01a9cf19e1ddec48fbff1468800101ad33e0fc77b
1092,45,0,12,PASS,220,75,PASS,1009,0,PASS,1009,0,FAIL,0,0,0,1009,CORE_STAGE_STOP,False,IMPLEMENTATION_OR_DEFINITION_ANOMALY,b17a3bcb9cc0ffd327df921cd93898c9f5540e79017ad2dd95001a99f4319dc4
1093,45,0,0,FAIL,0,0,UPSTREAM_OBJECT_ABSENT,0,0,UPSTREAM_OBJECT_ABSENT,0,0,UPSTREAM_OBJECT_ABSENT,0,0,0,0,NUMBER_STAGE_STOP,False,UPSTREAM_STARVATION,8a7ffc6d74fd3a25f6e09bf4c1fe910a352f98cfcde61b8c8ef3d67dfc86e68d
1094,45,0,12,PASS,220,49,PASS,444,0,PASS,444,0,FAIL,0,0,0,444,CORE_STAGE_STOP,False,IMPLEMENTATION_OR_DEFINITION_ANOMALY,3f4cecc24ec3d5c0088d78c239862aa4d9f683458bec5fe364cffa1be4e49c85
1095,45,0,0,FAIL,0,0,UPSTREAM_OBJECT_ABSENT,0,0,UPSTREAM_OBJECT_ABSENT,0,0,UPSTREAM_OBJECT_ABSENT,0,0,0,0,NUMBER_STAGE_STOP,False,UPSTREAM_STARVATION,8d44f6d5d103503faf6ab7e5e71b9afb86f037cfc5cdcc181cff287a62070215
1096,45,0,12,PASS,220,43,PASS,363,0,PASS,363,0,FAIL,0,0,0,363,CORE_STAGE_STOP,False,IMPLEMENTATION_OR_DEFINITION_ANOMALY,74676ac4f8d8c71279b418dd749d9f05bc101bd6e9898a8d8851f5f5e7b7aab1
1097,45,0,0,FAIL,0,0,UPSTREAM_OBJECT_ABSENT,0,0,UPSTREAM_OBJECT_ABSENT,0,0,UPSTREAM_OBJECT_ABSENT,0,0,0,0,NUMBER_STAGE_STOP,False,UPSTREAM_STARVATION,7448bba9e82cc38785f2b614a6a7e06207e31f60c0d6ed965c472bf709c32c57
1098,45,0,12,PASS,220,0,FAIL,0,0,UPSTREAM_OBJECT_ABSENT,0,0,UPSTREAM_OBJECT_ABSENT,0,0,0,0,TRIO_STAGE_STOP,False,TRIO_BOTTLENECK,2aebb4f440bbbac5b8b9450b80a02b733adc0bf76a0063b9c5522a8b40c1d192
1099,45,0,12,PASS,220,0,FAIL,0,0,UPSTREAM_OBJECT_ABSENT,0,0,UPSTREAM_OBJECT_ABSENT,0,0,0,0,TRIO_STAGE_STOP,False,TRIO_BOTTLENECK,7aea3974889c45ae388294034e6430e93b20919be4d4bdccbb704a8d949da7ec
1100,45,0,0,FAIL,0,0,UPSTREAM_OBJECT_ABSENT,0,0,UPSTREAM_OBJECT_ABSENT,0,0,UPSTREAM_OBJECT_ABSENT,0,0,0,0,NUMBER_STAGE_STOP,False,UPSTREAM_STARVATION,1f63721d81abfc7e81388a573f30677e6af5a1446d3386b6002993afe365fc53
1101,45,0,11,PASS,165,0,FAIL,0,0,UPSTREAM_OBJECT_ABSENT,0,0,UPSTREAM_OBJECT_ABSENT,0,0,0,0,TRIO_STAGE_STOP,False,TRIO_BOTTLENECK,379c8ae7f82b7b5c4afad706363255c3a2aacbd8c99581fa58aefdf0bbf916b3
1102,45,0,12,PASS,220,56,PASS,523,0,PASS,523,0,FAIL,0,0,0,523,CORE_STAGE_STOP,False,IMPLEMENTATION_OR_DEFINITION_ANOMALY,f686057935e21a505ec752b56aacba6d318d340c4ce2a6fefb46acb59924c5db
1103,45,0,7,PASS,35,0,FAIL,0,0,UPSTREAM_OBJECT_ABSENT,0,0,UPSTREAM_OBJECT_ABSENT,0,0,0,0,TRIO_STAGE_STOP,False,TRIO_BOTTLENECK,ea9a9a40ca01057861abafe5ba8ad801b10509258e46b51ccfe6e4b25078980a
1104,45,0,0,FAIL,0,0,UPSTREAM_OBJECT_ABSENT,0,0,UPSTREAM_OBJECT_ABSENT,0,0,UPSTREAM_OBJECT_ABSENT,0,0,0,0,NUMBER_STAGE_STOP,False,UPSTREAM_STARVATION,746e6cd77c0533e7661b1f7e939a17d36766377275bbffc8f78a59b6ff8040a7
1105,45,0,12,PASS,220,0,FAIL,0,0,UPSTREAM_OBJECT_ABSENT,0,0,UPSTREAM_OBJECT_ABSENT,0,0,0,0,TRIO_STAGE_STOP,False,TRIO_BOTTLENECK,6e2a76a2c21e7c4adbaf3bd99834983f643b796bc057e844ce63ff9555f727ec
1106,45,0,6,PASS,20,0,FAIL,0,0,UPSTREAM_OBJECT_ABSENT,0,0,UPSTREAM_OBJECT_ABSENT,0,0,0,0,TRIO_STAGE_STOP,False,TRIO_BOTTLENECK,36c54c71c6e62460a6b93ed3ecf42181a646fd40030acb7327f0adc1ff48c527
1107,45,0,6,PASS,20,0,FAIL,0,0,UPSTREAM_OBJECT_ABSENT,0,0,UPSTREAM_OBJECT_ABSENT,0,0,0,0,TRIO_STAGE_STOP,False,TRIO_BOTTLENECK,293e5fb5671c5ca41b6d5cbe62fcce9bb3062a71c11a49b7fe9ae2b9e5cbc889
1108,45,0,0,FAIL,0,0,UPSTREAM_OBJECT_ABSENT,0,0,UPSTREAM_OBJECT_ABSENT,0,0,UPSTREAM_OBJECT_ABSENT,0,0,0,0,NUMBER_STAGE_STOP,False,UPSTREAM_STARVATION,9481060f71c20d054583c0a06588c71dba45efdda84a635fc78fe2ade4b6838a
1109,45,0,0,FAIL,0,0,UPSTREAM_OBJECT_ABSENT,0,0,UPSTREAM_OBJECT_ABSENT,0,0,UPSTREAM_OBJECT_ABSENT,0,0,0,0,NUMBER_STAGE_STOP,False,UPSTREAM_STARVATION,4599bfb8c11696a5ccf63a6a1886f58a8b0b0b407d7b6a355b377bfc438fe813
1110,45,0,12,PASS,220,0,FAIL,0,0,UPSTREAM_OBJECT_ABSENT,0,0,UPSTREAM_OBJECT_ABSENT,0,0,0,0,TRIO_STAGE_STOP,False,TRIO_BOTTLENECK,dc7cc2b53653525625943a986062beea2df5b975f43cbf19eabf134e1a02ed14
1111,45,0,12,PASS,220,19,PASS,59,0,PASS,59,0,FAIL,0,0,0,59,CORE_STAGE_STOP,False,IMPLEMENTATION_OR_DEFINITION_ANOMALY,44a13fc8a80edbe374af15192777d7025898a2233b5803e239464050b21b97d7
1112,45,0,12,PASS,220,0,FAIL,0,0,UPSTREAM_OBJECT_ABSENT,0,0,UPSTREAM_OBJECT_ABSENT,0,0,0,0,TRIO_STAGE_STOP,False,TRIO_BOTTLENECK,3d3d071c772de2978c7a3a593e878a6def5e094686817a7d97ed768a326508d2
1113,45,0,8,PASS,56,0,FAIL,0,0,UPSTREAM_OBJECT_ABSENT,0,0,UPSTREAM_OBJECT_ABSENT,0,0,0,0,TRIO_STAGE_STOP,False,TRIO_BOTTLENECK,0d676514c022efe77bc87149b08a58501f2de29b1f62f574e12e77341157e422
1114,45,0,0,FAIL,0,0,UPSTREAM_OBJECT_ABSENT,0,0,UPSTREAM_OBJECT_ABSENT,0,0,UPSTREAM_OBJECT_ABSENT,0,0,0,0,NUMBER_STAGE_STOP,False,UPSTREAM_STARVATION,b1eb09e592375bf5cfdce1237f3c3be31d8c3bbd7419b26bfc2adf09a745da64
1115,45,0,0,FAIL,0,0,UPSTREAM_OBJECT_ABSENT,0,0,UPSTREAM_OBJECT_ABSENT,0,0,UPSTREAM_OBJECT_ABSENT,0,0,0,0,NUMBER_STAGE_STOP,False,UPSTREAM_STARVATION,4114aeae0820ecb449f0b27b9544f2288d83b1439f5f723a045ad0fb72221bd8
1116,45,0,12,PASS,220,47,PASS,362,0,PASS,362,0,FAIL,0,0,0,362,CORE_STAGE_STOP,False,IMPLEMENTATION_OR_DEFINITION_ANOMALY,53b02714704304c06135de3330ed3b3868ad75dd7ba60bc325d1015f1650d3d5
1117,45,0,11,PASS,165,0,FAIL,0,0,UPSTREAM_OBJECT_ABSENT,0,0,UPSTREAM_OBJECT_ABSENT,0,0,0,0,TRIO_STAGE_STOP,False,TRIO_BOTTLENECK,7fe63408340ac22919549a5021de61fad206b1671c0ac5f87dc4b83dc302f2b2
1118,45,0,12,PASS,165,0,FAIL,0,0,UPSTREAM_OBJECT_ABSENT,0,0,UPSTREAM_OBJECT_ABSENT,0,0,0,0,TRIO_STAGE_STOP,False,TRIO_BOTTLENECK,70c92af28a1e65687c301cb1edbc120236c7c137d475f6c0ff18f5cf689cbf55
1119,45,0,12,PASS,36,0,FAIL,0,0,UPSTREAM_OBJECT_ABSENT,0,0,UPSTREAM_OBJECT_ABSENT,0,0,0,0,TRIO_STAGE_STOP,False,TRIO_BOTTLENECK,752914bb1c142ee5313e13ccc8212fff4569a137d5db9bd75fa406b41fd9ceec
1120,45,0,8,PASS,56,0,FAIL,0,0,UPSTREAM_OBJECT_ABSENT,0,0,UPSTREAM_OBJECT_ABSENT,0,0,0,0,TRIO_STAGE_STOP,False,TRIO_BOTTLENECK,ad0f70f41996edba79bb2129873b65ea76ef71a8d1845bec3ce30a840f47067c
1121,45,0,12,PASS,220,42,PASS,313,0,PASS,313,0,FAIL,0,0,0,313,CORE_STAGE_STOP,False,IMPLEMENTATION_OR_DEFINITION_ANOMALY,502e84fec60ca19f51c6f056499ca7632b80f415947547be0ad1adcb0a17727c
1122,45,0,12,PASS,220,16,PASS,25,0,PASS,25,0,FAIL,0,0,0,25,CORE_STAGE_STOP,False,IMPLEMENTATION_OR_DEFINITION_ANOMALY,bfd18d6463f9dfbb59da051cca881be585b334a684eb60c84cc6b7d92f166758
1123,45,0,7,PASS,35,0,FAIL,0,0,UPSTREAM_OBJECT_ABSENT,0,0,UPSTREAM_OBJECT_ABSENT,0,0,0,0,TRIO_STAGE_STOP,False,TRIO_BOTTLENECK,21a48c7a68113705b23d68cd912fb67514edf7d5034cfdddc02e50baee029224
1124,45,0,12,PASS,220,0,FAIL,0,0,UPSTREAM_OBJECT_ABSENT,0,0,UPSTREAM_OBJECT_ABSENT,0,0,0,0,TRIO_STAGE_STOP,False,TRIO_BOTTLENECK,d10dc16260fa79e7a653d51f58964676347a3e8198acb6e3d05f32945058774d
1125,45,0,0,FAIL,0,0,UPSTREAM_OBJECT_ABSENT,0,0,UPSTREAM_OBJECT_ABSENT,0,0,UPSTREAM_OBJECT_ABSENT,0,0,0,0,NUMBER_STAGE_STOP,False,UPSTREAM_STARVATION,8858394ae896fd388679f5153ca887880f2bf79d415f6b4ef548ad3ddfa292b3
1126,45,0,0,FAIL,0,0,UPSTREAM_OBJECT_ABSENT,0,0,UPSTREAM_OBJECT_ABSENT,0,0,UPSTREAM_OBJECT_ABSENT,0,0,0,0,NUMBER_STAGE_STOP,False,UPSTREAM_STARVATION,33a7619678c22b2240bffeabb67a5d83852601b797c84b6e97292d30827f415e
1127,45,0,6,PASS,20,0,FAIL,0,0,UPSTREAM_OBJECT_ABSENT,0,0,UPSTREAM_OBJECT_ABSENT,0,0,0,0,TRIO_STAGE_STOP,False,TRIO_BOTTLENECK,d4552253b807c758fb0e28b93fdecefe12083127103a74b87b27b2abee449945
1128,45,0,12,PASS,220,42,PASS,303,0,PASS,303,0,FAIL,0,0,0,303,CORE_STAGE_STOP,False,IMPLEMENTATION_OR_DEFINITION_ANOMALY,70c9be3e36c8a7047efa7854948389eda666332a61c82e64dc7b0dd328e6ebc9
1129,45,0,12,PASS,220,34,PASS,215,0,PASS,215,0,FAIL,0,0,0,215,CORE_STAGE_STOP,False,IMPLEMENTATION_OR_DEFINITION_ANOMALY,23f3d00d071b1120872ba04be4b3875f96a00ab6fc0cd50d6848f8fa07b85bc8
1130,45,0,12,PASS,220,52,PASS,485,0,PASS,485,0,FAIL,0,0,0,485,CORE_STAGE_STOP,False,IMPLEMENTATION_OR_DEFINITION_ANOMALY,104e43e3baa9bf0a9b8d718b5bea18e9c94f862495f220d4eb310f8ce22dc7a0
1131,45,0,12,PASS,220,0,FAIL,0,0,UPSTREAM_OBJECT_ABSENT,0,0,UPSTREAM_OBJECT_ABSENT,0,0,0,0,TRIO_STAGE_STOP,False,TRIO_BOTTLENECK,1304f7537d2d2b9ec75423359270eb82ca1fd4ea67e9388459ad93b0291580d4
1132,45,0,0,FAIL,0,0,UPSTREAM_OBJECT_ABSENT,0,0,UPSTREAM_OBJECT_ABSENT,0,0,UPSTREAM_OBJECT_ABSENT,0,0,0,0,NUMBER_STAGE_STOP,False,UPSTREAM_STARVATION,0f589150b1fa96a8d8883a257d3c6ce80e97c46ee64c7157393297345157aa1f
1133,45,0,12,PASS,220,36,PASS,238,0,PASS,238,0,FAIL,0,0,0,238,CORE_STAGE_STOP,False,IMPLEMENTATION_OR_DEFINITION_ANOMALY,263c549dc59861ff02de4d57e4e2f4fe8e14220615499aa63cd61848f508cb4d
1134,45,0,12,PASS,220,0,FAIL,0,0,UPSTREAM_OBJECT_ABSENT,0,0,UPSTREAM_OBJECT_ABSENT,0,0,0,0,TRIO_STAGE_STOP,False,TRIO_BOTTLENECK,98833d74778fafc0488ef500709904ca4e20d074af9641f1b5b7dfdb797decae
1135,45,0,6,PASS,20,0,FAIL,0,0,UPSTREAM_OBJECT_ABSENT,0,0,UPSTREAM_OBJECT_ABSENT,0,0,0,0,TRIO_STAGE_STOP,False,TRIO_BOTTLENECK,2b15b07d4cbaa5b17b76918d0739fabcc35af0498bff080074c3999e0e63b816
1136,45,0,7,PASS,35,0,FAIL,0,0,UPSTREAM_OBJECT_ABSENT,0,0,UPSTREAM_OBJECT_ABSENT,0,0,0,0,TRIO_STAGE_STOP,False,TRIO_BOTTLENECK,f0f23b39e49e86112af5e0810a50fdc57fb035909b34120cb563b81b12b810da
1137,45,0,12,PASS,220,54,PASS,435,0,PASS,435,0,FAIL,0,0,0,435,CORE_STAGE_STOP,False,IMPLEMENTATION_OR_DEFINITION_ANOMALY,3c5f464e70698f6e8bf917a759a08dfc6c7f53fd1a95b1190a2688f4f39c0bb9
1138,45,0,0,FAIL,0,0,UPSTREAM_OBJECT_ABSENT,0,0,UPSTREAM_OBJECT_ABSENT,0,0,UPSTREAM_OBJECT_ABSENT,0,0,0,0,NUMBER_STAGE_STOP,False,UPSTREAM_STARVATION,dac5851143933ec35e77f3cecf8098ab9ce733bd190553bd50bc63b3559ba353
1139,45,0,9,PASS,84,0,FAIL,0,0,UPSTREAM_OBJECT_ABSENT,0,0,UPSTREAM_OBJECT_ABSENT,0,0,0,0,TRIO_STAGE_STOP,False,TRIO_BOTTLENECK,a5cadbd4808746fb45b126e55180f6c52b67f50a35cde60391e51ec1f8e612f2
1140,45,0,0,FAIL,0,0,UPSTREAM_OBJECT_ABSENT,0,0,UPSTREAM_OBJECT_ABSENT,0,0,UPSTREAM_OBJECT_ABSENT,0,0,0,0,NUMBER_STAGE_STOP,False,UPSTREAM_STARVATION,77fa7b5607ac6daf784f4b0993b714ee4093a3ff899bc18c4cd99b0ca538da26
1141,45,0,0,FAIL,0,0,UPSTREAM_OBJECT_ABSENT,0,0,UPSTREAM_OBJECT_ABSENT,0,0,UPSTREAM_OBJECT_ABSENT,0,0,0,0,NUMBER_STAGE_STOP,False,UPSTREAM_STARVATION,71e4943dcded420f99bfbe85054a4ffbe8e1bdf4ed78e3a92dd696274c56bb84
1142,45,0,11,PASS,165,0,FAIL,0,0,UPSTREAM_OBJECT_ABSENT,0,0,UPSTREAM_OBJECT_ABSENT,0,0,0,0,TRIO_STAGE_STOP,False,TRIO_BOTTLENECK,462b3138b3827cfb53e74f62ad0112ff375c638947f120c937d99ad3c29d5cd3
1143,45,0,12,PASS,220,69,PASS,884,0,PASS,884,0,FAIL,0,0,0,884,CORE_STAGE_STOP,False,IMPLEMENTATION_OR_DEFINITION_ANOMALY,718bc558b7d371f20b789a506e3f4df6c8fe1bcadaac9cb567df67ac3e62dbf2
1144,45,0,7,PASS,35,0,FAIL,0,0,UPSTREAM_OBJECT_ABSENT,0,0,UPSTREAM_OBJECT_ABSENT,0,0,0,0,TRIO_STAGE_STOP,False,TRIO_BOTTLENECK,e652ee7d990054af0c8d7c0d28005b028a525ed45e9a3bf9b9955ed23b466422
1145,45,0,12,PASS,220,62,PASS,689,0,PASS,689,0,FAIL,0,0,0,689,CORE_STAGE_STOP,False,IMPLEMENTATION_OR_DEFINITION_ANOMALY,dc24f70f4033d3ad6b500dfcebd54542f5654dd8f3f4539c0ddd81f06c6bfb3d
1146,45,0,12,PASS,220,0,FAIL,0,0,UPSTREAM_OBJECT_ABSENT,0,0,UPSTREAM_OBJECT_ABSENT,0,0,0,0,TRIO_STAGE_STOP,False,TRIO_BOTTLENECK,c3a04970175674276375cf8040b686769fa0896fd2ddac63e4375d4d1aa29507
1147,45,0,0,FAIL,0,0,UPSTREAM_OBJECT_ABSENT,0,0,UPSTREAM_OBJECT_ABSENT,0,0,UPSTREAM_OBJECT_ABSENT,0,0,0,0,NUMBER_STAGE_STOP,False,UPSTREAM_STARVATION,e2dbe7a09bd135f10cb37ed98391800dc1a0cf4bffcd41ccf9c9b86bae1f532d
1148,45,0,12,PASS,220,0,FAIL,0,0,UPSTREAM_OBJECT_ABSENT,0,0,UPSTREAM_OBJECT_ABSENT,0,0,0,0,TRIO_STAGE_STOP,False,TRIO_BOTTLENECK,72049ff72656cc6ebe3a1cf465b4273af211a4105a585ac80bdc9a086111dacb
1149,45,0,12,PASS,220,66,PASS,807,0,PASS,807,0,FAIL,0,0,0,807,CORE_STAGE_STOP,False,IMPLEMENTATION_OR_DEFINITION_ANOMALY,b5589052ef3925e4efe989005823baf159703345550b86582ffc565173d07b0d
1150,45,0,0,FAIL,0,0,UPSTREAM_OBJECT_ABSENT,0,0,UPSTREAM_OBJECT_ABSENT,0,0,UPSTREAM_OBJECT_ABSENT,0,0,0,0,NUMBER_STAGE_STOP,False,UPSTREAM_STARVATION,294038dd4c3c44aa4149db12643f505f2ab8f62d07393112d206138ca87e8fbc
1151,45,0,0,FAIL,0,0,UPSTREAM_OBJECT_ABSENT,0,0,UPSTREAM_OBJECT_ABSENT,0,0,UPSTREAM_OBJECT_ABSENT,0,0,0,0,NUMBER_STAGE_STOP,False,UPSTREAM_STARVATION,4e9c0e2173f7f8fee31ef8d9b2f1f953eaaf28f8971fd17de281b54727323884
1152,45,0,12,PASS,220,0,FAIL,0,0,UPSTREAM_OBJECT_ABSENT,0,0,UPSTREAM_OBJECT_ABSENT,0,0,0,0,TRIO_STAGE_STOP,False,TRIO_BOTTLENECK,e3599176fb467ba84015fe2a6dafc0783d1510162837c01ddb56e0b3739b245a
1153,45,0,12,PASS,48,0,FAIL,0,0,UPSTREAM_OBJECT_ABSENT,0,0,UPSTREAM_OBJECT_ABSENT,0,0,0,0,TRIO_STAGE_STOP,False,TRIO_BOTTLENECK,d2d5abd9d5b33c2b3fa458b8d0305dbb03320a7b9501aa2984bceef437cd0702
1154,45,0,12,PASS,220,55,PASS,573,0,PASS,573,0,FAIL,0,0,0,573,CORE_STAGE_STOP,False,IMPLEMENTATION_OR_DEFINITION_ANOMALY,9b316e2870e820c2854bb86c2a01319482a3609fcb1eccda3d569b77b5777f26
1155,45,0,9,PASS,84,0,FAIL,0,0,UPSTREAM_OBJECT_ABSENT,0,0,UPSTREAM_OBJECT_ABSENT,0,0,0,0,TRIO_STAGE_STOP,False,TRIO_BOTTLENECK,3c28f5fc7adac309473885a7d1227b6f3cf25dbfe64d88239dd0807e19e504d2
1156,45,0,0,FAIL,0,0,UPSTREAM_OBJECT_ABSENT,0,0,UPSTREAM_OBJECT_ABSENT,0,0,UPSTREAM_OBJECT_ABSENT,0,0,0,0,NUMBER_STAGE_STOP,False,UPSTREAM_STARVATION,2b298cf345ed6fe4b715000aea7bd07d33d3929c232ed930fab7a6c9ae864e9f
1157,45,0,12,PASS,220,0,FAIL,0,0,UPSTREAM_OBJECT_ABSENT,0,0,UPSTREAM_OBJECT_ABSENT,0,0,0,0,TRIO_STAGE_STOP,False,TRIO_BOTTLENECK,f41f83388ffd3269271288eaf014c51e9512f4eba75db5bcd4a19e056d0324cc
1158,45,0,12,PASS,220,0,FAIL,0,0,UPSTREAM_OBJECT_ABSENT,0,0,UPSTREAM_OBJECT_ABSENT,0,0,0,0,TRIO_STAGE_STOP,False,TRIO_BOTTLENECK,f662c67bbe4088c7fc4010854e1d928606aab6d9969c822bb62921880426cd28
1159,45,0,8,PASS,56,0,FAIL,0,0,UPSTREAM_OBJECT_ABSENT,0,0,UPSTREAM_OBJECT_ABSENT,0,0,0,0,TRIO_STAGE_STOP,False,TRIO_BOTTLENECK,154e0c53e61dd307a99e7776a9dc4984bbd626e4ee0ec118d1381b6046f43c1c
1160,45,0,11,PASS,165,0,FAIL,0,0,UPSTREAM_OBJECT_ABSENT,0,0,UPSTREAM_OBJECT_ABSENT,0,0,0,0,TRIO_STAGE_STOP,False,TRIO_BOTTLENECK,eed023f20002c4459deb06cf44c9565cdc7a0ca1b62ff016f248a3c5295a920b
1161,45,0,7,PASS,34,0,FAIL,0,0,UPSTREAM_OBJECT_ABSENT,0,0,UPSTREAM_OBJECT_ABSENT,0,0,0,0,TRIO_STAGE_STOP,False,TRIO_BOTTLENECK,dae59c4ec3ab32d620c21a9098be506db901ea10029c33705a08717d32357a53
1162,45,0,0,FAIL,0,0,UPSTREAM_OBJECT_ABSENT,0,0,UPSTREAM_OBJECT_ABSENT,0,0,UPSTREAM_OBJECT_ABSENT,0,0,0,0,NUMBER_STAGE_STOP,False,UPSTREAM_STARVATION,8f044eee74f59659e7fd0a68e03aac3eb466d9562a6a4184a973f7cac1134a29
1163,45,0,7,PASS,35,0,FAIL,0,0,UPSTREAM_OBJECT_ABSENT,0,0,UPSTREAM_OBJECT_ABSENT,0,0,0,0,TRIO_STAGE_STOP,False,TRIO_BOTTLENECK,dea5671a5a2f74a61a477d9d90161bf94b0ff20c43521a765269189aece529fb
1164,45,0,7,PASS,35,0,FAIL,0,0,UPSTREAM_OBJECT_ABSENT,0,0,UPSTREAM_OBJECT_ABSENT,0,0,0,0,TRIO_STAGE_STOP,False,TRIO_BOTTLENECK,5eaafadb30dbb0d2725b66d217fda93c4a59837b973f29752324292b3018f22c
1165,45,0,8,PASS,56,0,FAIL,0,0,UPSTREAM_OBJECT_ABSENT,0,0,UPSTREAM_OBJECT_ABSENT,0,0,0,0,TRIO_STAGE_STOP,False,TRIO_BOTTLENECK,95e1241f109115c3950221078e2ac008c4a5815bd0cc6be6f50fa889bc3047f6
1166,45,0,0,FAIL,0,0,UPSTREAM_OBJECT_ABSENT,0,0,UPSTREAM_OBJECT_ABSENT,0,0,UPSTREAM_OBJECT_ABSENT,0,0,0,0,NUMBER_STAGE_STOP,False,UPSTREAM_STARVATION,8d5b7256e10795ff915c07854963389c4df7f79c08df8a70e12ea61be1e808cc
1167,45,0,12,PASS,220,0,FAIL,0,0,UPSTREAM_OBJECT_ABSENT,0,0,UPSTREAM_OBJECT_ABSENT,0,0,0,0,TRIO_STAGE_STOP,False,TRIO_BOTTLENECK,870bd405503f6da8863b54fa6182b38333bec0147d944b4bee9f2fa1e025d9d6
1168,45,0,12,PASS,220,0,FAIL,0,0,UPSTREAM_OBJECT_ABSENT,0,0,UPSTREAM_OBJECT_ABSENT,0,0,0,0,TRIO_STAGE_STOP,False,TRIO_BOTTLENECK,4f86e1b10d354c253119e47a58e5e59509d507e8cf2b26d825dc521c43e0eebc
1169,45,0,8,PASS,56,0,FAIL,0,0,UPSTREAM_OBJECT_ABSENT,0,0,UPSTREAM_OBJECT_ABSENT,0,0,0,0,TRIO_STAGE_STOP,False,TRIO_BOTTLENECK,c2a7a753c0392cf4ecea69d798018b01cce8b8a9e28d9d5cdfd3ddef26b9de3a
1170,45,0,12,PASS,220,42,PASS,310,0,PASS,310,0,FAIL,0,0,0,310,CORE_STAGE_STOP,False,IMPLEMENTATION_OR_DEFINITION_ANOMALY,7fdb81ae25cb80ba0555e2d5bb5c37c56e2773923b40a9f4037fe7419289f488
1171,45,0,0,FAIL,0,0,UPSTREAM_OBJECT_ABSENT,0,0,UPSTREAM_OBJECT_ABSENT,0,0,UPSTREAM_OBJECT_ABSENT,0,0,0,0,NUMBER_STAGE_STOP,False,UPSTREAM_STARVATION,a6818cb9cf5a9654cf6cd3817e04d5f9a770bcb67e958a7ab593e682a31fea7f
1172,45,0,6,PASS,20,0,FAIL,0,0,UPSTREAM_OBJECT_ABSENT,0,0,UPSTREAM_OBJECT_ABSENT,0,0,0,0,TRIO_STAGE_STOP,False,TRIO_BOTTLENECK,d7dfaab2dace3c42542465b1fb8b768f5ba724bb7e062202dc0705098f070938
1173,45,0,12,PASS,193,0,FAIL,0,0,UPSTREAM_OBJECT_ABSENT,0,0,UPSTREAM_OBJECT_ABSENT,0,0,0,0,TRIO_STAGE_STOP,False,TRIO_BOTTLENECK,3b5cfdd7ca5abd9c54a613131721a37c8bc884c9094ee446ce3d690d439cf4a6
1174,45,0,12,PASS,220,0,FAIL,0,0,UPSTREAM_OBJECT_ABSENT,0,0,UPSTREAM_OBJECT_ABSENT,0,0,0,0,TRIO_STAGE_STOP,False,TRIO_BOTTLENECK,0769b52b5f1c2b47f2ab9a3a02b2ecfc51534a03c8a93032fd70dce4a1f0ad48
1175,45,0,0,FAIL,0,0,UPSTREAM_OBJECT_ABSENT,0,0,UPSTREAM_OBJECT_ABSENT,0,0,UPSTREAM_OBJECT_ABSENT,0,0,0,0,NUMBER_STAGE_STOP,False,UPSTREAM_STARVATION,d6f3a7dbfaa3830a9bac0fd8dd2cc82c780ad58f8dde455be2d0f846bf92c36b
1176,45,0,6,PASS,20,0,FAIL,0,0,UPSTREAM_OBJECT_ABSENT,0,0,UPSTREAM_OBJECT_ABSENT,0,0,0,0,TRIO_STAGE_STOP,False,TRIO_BOTTLENECK,15bfe60fe4e28348b797070b076c17d5b748a66b53ddc498bff14a5ff4bd51ff
1177,45,0,12,PASS,220,47,PASS,365,0,PASS,365,0,FAIL,0,0,0,365,CORE_STAGE_STOP,False,IMPLEMENTATION_OR_DEFINITION_ANOMALY,005115b9f5fb4c0dd6b3963a08f0db68f3f7177e413ed5ca2c0345ac64fbd402
1178,45,0,12,PASS,220,50,PASS,466,0,PASS,466,0,FAIL,0,0,0,466,CORE_STAGE_STOP,False,IMPLEMENTATION_OR_DEFINITION_ANOMALY,9b188576c9e7b8e76f89fa9c75ab2748530d6edf4f6e655ce2a051f4f430a403
1179,45,0,11,PASS,165,26,PASS,100,0,PASS,100,0,FAIL,0,0,0,100,CORE_STAGE_STOP,False,IMPLEMENTATION_OR_DEFINITION_ANOMALY,a40a00b228d16b1120ce137fe10f8dccf2672284117fd2a47d64c5cfee85d8f6
1180,45,0,0,FAIL,0,0,UPSTREAM_OBJECT_ABSENT,0,0,UPSTREAM_OBJECT_ABSENT,0,0,UPSTREAM_OBJECT_ABSENT,0,0,0,0,NUMBER_STAGE_STOP,False,UPSTREAM_STARVATION,6a9cc9e5f56a378ec13c22287edcb8c9671f9f07cc05cc448c1302014f6d48d8
1181,45,0,10,PASS,120,0,FAIL,0,0,UPSTREAM_OBJECT_ABSENT,0,0,UPSTREAM_OBJECT_ABSENT,0,0,0,0,TRIO_STAGE_STOP,False,TRIO_BOTTLENECK,0cd1d18d8871d2aaea2ac38066a46c2607222ea69e2a11e16c885552bbaa6fa4
1182,45,0,0,FAIL,0,0,UPSTREAM_OBJECT_ABSENT,0,0,UPSTREAM_OBJECT_ABSENT,0,0,UPSTREAM_OBJECT_ABSENT,0,0,0,0,NUMBER_STAGE_STOP,False,UPSTREAM_STARVATION,8f16d48f8cf90b5b31fa0a762c9e6141f7b94ce729efcd3a1a9386515300f103
1183,45,0,12,PASS,220,0,FAIL,0,0,UPSTREAM_OBJECT_ABSENT,0,0,UPSTREAM_OBJECT_ABSENT,0,0,0,0,TRIO_STAGE_STOP,False,TRIO_BOTTLENECK,3b9de63e233eef96b113c606b27240165274588ef4d1393afc37b33d8cd37c6d
1184,45,0,12,PASS,220,45,PASS,336,0,PASS,336,0,FAIL,0,0,0,336,CORE_STAGE_STOP,False,IMPLEMENTATION_OR_DEFINITION_ANOMALY,99d2a0af16667f19468e890b2a1f0d0491fa71320be613ddc01fa400c3cbe110
1185,45,0,12,PASS,220,55,PASS,448,0,PASS,448,0,FAIL,0,0,0,448,CORE_STAGE_STOP,False,IMPLEMENTATION_OR_DEFINITION_ANOMALY,86bc16677592bb617344c96faba70238fa803dbd1e0a6bab8267aa5cb52d1eeb
1186,45,0,12,PASS,220,64,PASS,743,0,PASS,743,0,FAIL,0,0,0,743,CORE_STAGE_STOP,False,IMPLEMENTATION_OR_DEFINITION_ANOMALY,193f8489df3e59128ff86a45bc8de7f9b7a21272df2b48d688de82bfd992cd17
1187,45,1,12,PASS,220,0,FAIL,0,0,UPSTREAM_OBJECT_ABSENT,0,0,UPSTREAM_OBJECT_ABSENT,0,0,0,0,TRIO_STAGE_STOP,False,TRIO_BOTTLENECK,3b0bc7f6c725a51769a3fd68bf3eb72e9a6680114bb72933abaeabfdf89571ab
1188,45,0,0,FAIL,0,0,UPSTREAM_OBJECT_ABSENT,0,0,UPSTREAM_OBJECT_ABSENT,0,0,UPSTREAM_OBJECT_ABSENT,0,0,0,0,NUMBER_STAGE_STOP,False,UPSTREAM_STARVATION,92047354e521954fc72a6d9276fb77416266f3129dbcc93f3112443219980c75
1189,45,0,12,PASS,171,0,FAIL,0,0,UPSTREAM_OBJECT_ABSENT,0,0,UPSTREAM_OBJECT_ABSENT,0,0,0,0,TRIO_STAGE_STOP,False,TRIO_BOTTLENECK,f32e96221761c0b8e5dc70a3a18d35667d82c5c9288171ddf605a17dfa1dca97
1190,45,0,10,PASS,120,0,FAIL,0,0,UPSTREAM_OBJECT_ABSENT,0,0,UPSTREAM_OBJECT_ABSENT,0,0,0,0,TRIO_STAGE_STOP,False,TRIO_BOTTLENECK,46db0eafcf2bdf062bd5ab9b7a980731ff5bd4cfe214426fb952a1a815abee22
1191,45,0,0,FAIL,0,0,UPSTREAM_OBJECT_ABSENT,0,0,UPSTREAM_OBJECT_ABSENT,0,0,UPSTREAM_OBJECT_ABSENT,0,0,0,0,NUMBER_STAGE_STOP,False,UPSTREAM_STARVATION,9133a3a493544284d2e73e677b3e7d22ea0523709419d77cc06cfec3b52aa360
1192,45,0,12,PASS,87,0,FAIL,0,0,UPSTREAM_OBJECT_ABSENT,0,0,UPSTREAM_OBJECT_ABSENT,0,0,0,0,TRIO_STAGE_STOP,False,TRIO_BOTTLENECK,d31023dd896174156c458569c01db4bff232bcbbc669d945eedddaa040740411
1193,45,0,9,PASS,84,0,FAIL,0,0,UPSTREAM_OBJECT_ABSENT,0,0,UPSTREAM_OBJECT_ABSENT,0,0,0,0,TRIO_STAGE_STOP,False,TRIO_BOTTLENECK,142fb6597f13dcf5b408c32de4a8c13c449b1ede768e4df8622e08c0a1bbe8a0
1194,45,0,12,PASS,220,0,FAIL,0,0,UPSTREAM_OBJECT_ABSENT,0,0,UPSTREAM_OBJECT_ABSENT,0,0,0,0,TRIO_STAGE_STOP,False,TRIO_BOTTLENECK,e91fe993c3a884bbfe38d6fbe4ad83ca50ad6b087ffc20c513830d96187cab3c
1195,45,0,0,FAIL,0,0,UPSTREAM_OBJECT_ABSENT,0,0,UPSTREAM_OBJECT_ABSENT,0,0,UPSTREAM_OBJECT_ABSENT,0,0,0,0,NUMBER_STAGE_STOP,False,UPSTREAM_STARVATION,689feb9fbfe85fce287debf9aca1506e060d9ad1c6bc13e918eb7543881be5bc
1196,45,0,11,PASS,165,0,FAIL,0,0,UPSTREAM_OBJECT_ABSENT,0,0,UPSTREAM_OBJECT_ABSENT,0,0,0,0,TRIO_STAGE_STOP,False,TRIO_BOTTLENECK,80622bb96aa8ba1081b549781aa6a0fb789980ee85cb9ddc21b015cca8b3f956
1197,45,0,0,FAIL,0,0,UPSTREAM_OBJECT_ABSENT,0,0,UPSTREAM_OBJECT_ABSENT,0,0,UPSTREAM_OBJECT_ABSENT,0,0,0,0,NUMBER_STAGE_STOP,False,UPSTREAM_STARVATION,55085997bcfd4d5fde750d0a9e3c6f90ee76352580da5a53c2b18d8ad5f8cd26
1198,45,0,12,PASS,220,0,FAIL,0,0,UPSTREAM_OBJECT_ABSENT,0,0,UPSTREAM_OBJECT_ABSENT,0,0,0,0,TRIO_STAGE_STOP,False,TRIO_BOTTLENECK,d40d74d56a8da994e701163db0aa17da08e71d182cbc3c13d7eb676fb99e2e79
1199,45,0,12,PASS,156,0,FAIL,0,0,UPSTREAM_OBJECT_ABSENT,0,0,UPSTREAM_OBJECT_ABSENT,0,0,0,0,TRIO_STAGE_STOP,False,TRIO_BOTTLENECK,82a3ad3ee75f2031c182b86c0d09694b6c4e8d62e62e78fd8793e84858422c43
1200,45,0,12,PASS,220,73,PASS,966,0,PASS,966,0,FAIL,0,0,0,966,CORE_STAGE_STOP,False,IMPLEMENTATION_OR_DEFINITION_ANOMALY,acaf5b3c8ed3054b45ff445786af541c31de3041595ee5567e06307e3d7f0062
1201,45,0,9,PASS,84,0,FAIL,0,0,UPSTREAM_OBJECT_ABSENT,0,0,UPSTREAM_OBJECT_ABSENT,0,0,0,0,TRIO_STAGE_STOP,False,TRIO_BOTTLENECK,fdefe2d923abc791afd65ce2c1a301aee103ff4f0f46a068b47c219d6f1640c6
1202,45,0,12,PASS,214,0,FAIL,0,0,UPSTREAM_OBJECT_ABSENT,0,0,UPSTREAM_OBJECT_ABSENT,0,0,0,0,TRIO_STAGE_STOP,False,TRIO_BOTTLENECK,52bceb6f71f2d88d4d773242695b298dbf2daf6071c9e4a7bb15eee015b39ec6
1203,45,0,0,FAIL,0,0,UPSTREAM_OBJECT_ABSENT,0,0,UPSTREAM_OBJECT_ABSENT,0,0,UPSTREAM_OBJECT_ABSENT,0,0,0,0,NUMBER_STAGE_STOP,False,UPSTREAM_STARVATION,fc88a5b933e338b741244eaedc17b58a2b858a0ae1fbf371194c3e53cc3ff15b
1204,45,0,0,FAIL,0,0,UPSTREAM_OBJECT_ABSENT,0,0,UPSTREAM_OBJECT_ABSENT,0,0,UPSTREAM_OBJECT_ABSENT,0,0,0,0,NUMBER_STAGE_STOP,False,UPSTREAM_STARVATION,2bec72e799e0e672453a13ddbd9510dd2ae164d63d98933603a300bf3cf79be8
1205,45,0,12,PASS,220,0,FAIL,0,0,UPSTREAM_OBJECT_ABSENT,0,0,UPSTREAM_OBJECT_ABSENT,0,0,0,0,TRIO_STAGE_STOP,False,TRIO_BOTTLENECK,2b87452feafd2796a8062ec585d6e6eda4ca6cd362c6cb2fedf43e8385605af3
1206,45,0,12,PASS,220,0,FAIL,0,0,UPSTREAM_OBJECT_ABSENT,0,0,UPSTREAM_OBJECT_ABSENT,0,0,0,0,TRIO_STAGE_STOP,False,TRIO_BOTTLENECK,83a7e64033a518e7baef474830c8834ca4a01a1b6c8499549e6aaf38ca3a5d66
1207,45,0,12,PASS,220,38,PASS,202,0,PASS,202,0,FAIL,0,0,0,202,CORE_STAGE_STOP,False,IMPLEMENTATION_OR_DEFINITION_ANOMALY,bf310533f9a21e168ff4b64153cb3c556afb5da1af3d99e9d8c95b971c37e517
1208,45,0,12,PASS,220,0,FAIL,0,0,UPSTREAM_OBJECT_ABSENT,0,0,UPSTREAM_OBJECT_ABSENT,0,0,0,0,TRIO_STAGE_STOP,False,TRIO_BOTTLENECK,2c568f34f2f494eb54f9984840e49182ef2a7ed852185e7d40a3769c0f2f55e3
1209,45,0,12,PASS,220,64,PASS,705,0,PASS,705,0,FAIL,0,0,0,705,CORE_STAGE_STOP,False,IMPLEMENTATION_OR_DEFINITION_ANOMALY,d82789ebccd4ba164a73e458539dff72b07b673d3cdd6a8990c4735bd288daab
1210,45,0,0,FAIL,0,0,UPSTREAM_OBJECT_ABSENT,0,0,UPSTREAM_OBJECT_ABSENT,0,0,UPSTREAM_OBJECT_ABSENT,0,0,0,0,NUMBER_STAGE_STOP,False,UPSTREAM_STARVATION,16a550312c9c75c1e65b6b2cccf9120ba5ec7544344d6a93ba8e34afda7e2eb7
1211,45,0,0,FAIL,0,0,UPSTREAM_OBJECT_ABSENT,0,0,UPSTREAM_OBJECT_ABSENT,0,0,UPSTREAM_OBJECT_ABSENT,0,0,0,0,NUMBER_STAGE_STOP,False,UPSTREAM_STARVATION,bf95c91f009726aeba472d71c4bfdd2de97a2b151f75fcbf93e00f90d9266bfe
1212,45,0,12,PASS,220,0,FAIL,0,0,UPSTREAM_OBJECT_ABSENT,0,0,UPSTREAM_OBJECT_ABSENT,0,0,0,0,TRIO_STAGE_STOP,False,TRIO_BOTTLENECK,b648ca1ae4bc78d921b5b8116d2f28178c0b752e47869464d45d48e3edb7e023
1213,45,0,12,PASS,101,0,FAIL,0,0,UPSTREAM_OBJECT_ABSENT,0,0,UPSTREAM_OBJECT_ABSENT,0,0,0,0,TRIO_STAGE_STOP,False,TRIO_BOTTLENECK,14dd7cda807b03a367a75087a126ffd71b90209db1f5c00587dbff24418f3e22
1214,45,0,0,FAIL,0,0,UPSTREAM_OBJECT_ABSENT,0,0,UPSTREAM_OBJECT_ABSENT,0,0,UPSTREAM_OBJECT_ABSENT,0,0,0,0,NUMBER_STAGE_STOP,False,UPSTREAM_STARVATION,a33db8ed907b80ac14b2f9d767b7cf5ce3915103be6ed2f101b847c3fe87e0d9
1215,45,0,12,PASS,220,0,FAIL,0,0,UPSTREAM_OBJECT_ABSENT,0,0,UPSTREAM_OBJECT_ABSENT,0,0,0,0,TRIO_STAGE_STOP,False,TRIO_BOTTLENECK,17e9157fc21160096e32ba43fa3d34842ea34c49fa76a9c7faa031030c424b26
1216,45,0,12,PASS,220,0,FAIL,0,0,UPSTREAM_OBJECT_ABSENT,0,0,UPSTREAM_OBJECT_ABSENT,0,0,0,0,TRIO_STAGE_STOP,False,TRIO_BOTTLENECK,e2f53761d78aa8788fb4837c110edc57f7c09197dc221b572cdbd2c2129fdc64
1217,45,0,12,PASS,220,0,FAIL,0,0,UPSTREAM_OBJECT_ABSENT,0,0,UPSTREAM_OBJECT_ABSENT,0,0,0,0,TRIO_STAGE_STOP,False,TRIO_BOTTLENECK,bd83903181ac1a54a862880e3831f8d964f157163adbda3216c6da9e2cd70b33
1218,45,0,0,FAIL,0,0,UPSTREAM_OBJECT_ABSENT,0,0,UPSTREAM_OBJECT_ABSENT,0,0,UPSTREAM_OBJECT_ABSENT,0,0,0,0,NUMBER_STAGE_STOP,False,UPSTREAM_STARVATION,bb528d94075c8c0de27b446bd348758252ee166e3fce7d3f4982e230738d0016
1219,45,0,12,PASS,220,46,PASS,333,0,PASS,333,0,FAIL,0,0,0,333,CORE_STAGE_STOP,False,IMPLEMENTATION_OR_DEFINITION_ANOMALY,217e853168b4e4bd827763412e6e2d6287c95926594a9d5e9219aa63c655a443
1220,45,0,0,FAIL,0,0,UPSTREAM_OBJECT_ABSENT,0,0,UPSTREAM_OBJECT_ABSENT,0,0,UPSTREAM_OBJECT_ABSENT,0,0,0,0,NUMBER_STAGE_STOP,False,UPSTREAM_STARVATION,b24d5d4eec6136113217e850e214253a2e35550986bcc3d57a53b2c96504727a
1221,45,0,0,FAIL,0,0,UPSTREAM_OBJECT_ABSENT,0,0,UPSTREAM_OBJECT_ABSENT,0,0,UPSTREAM_OBJECT_ABSENT,0,0,0,0,NUMBER_STAGE_STOP,False,UPSTREAM_STARVATION,00924b397cdf4683325566a83dcab79516dd149077029a2f8cb7c5cb1351d538
1222,45,0,12,PASS,220,0,FAIL,0,0,UPSTREAM_OBJECT_ABSENT,0,0,UPSTREAM_OBJECT_ABSENT,0,0,0,0,TRIO_STAGE_STOP,False,TRIO_BOTTLENECK,fa217cc96bd51b63f2f6cce53914483b4f55532bded0c7ef400831a2998d81db
1223,45,0,0,FAIL,0,0,UPSTREAM_OBJECT_ABSENT,0,0,UPSTREAM_OBJECT_ABSENT,0,0,UPSTREAM_OBJECT_ABSENT,0,0,0,0,NUMBER_STAGE_STOP,False,UPSTREAM_STARVATION,014515eebd675f8f849904998299e1962eaf2499a900e261fcb07e1f9ce25cbf
1224,45,0,12,PASS,220,0,FAIL,0,0,UPSTREAM_OBJECT_ABSENT,0,0,UPSTREAM_OBJECT_ABSENT,0,0,0,0,TRIO_STAGE_STOP,False,TRIO_BOTTLENECK,dcf656ab21f7d807e8b851cbf7269bde458298a781f7aacae5656e0e4fc12dc7
1225,45,0,0,FAIL,0,0,UPSTREAM_OBJECT_ABSENT,0,0,UPSTREAM_OBJECT_ABSENT,0,0,UPSTREAM_OBJECT_ABSENT,0,0,0,0,NUMBER_STAGE_STOP,False,UPSTREAM_STARVATION,1717fb0472bfbfd0d97a68c89d74aa0ac2555148749f05e47331918025b0f7de
1226,45,0,12,PASS,220,53,PASS,540,0,PASS,540,0,FAIL,0,0,0,540,CORE_STAGE_STOP,False,IMPLEMENTATION_OR_DEFINITION_ANOMALY,f7818c1f62bcfa1d597f32d611e5e83613182e49a3780ff99cfb2941b102d192
1227,45,0,0,FAIL,0,0,UPSTREAM_OBJECT_ABSENT,0,0,UPSTREAM_OBJECT_ABSENT,0,0,UPSTREAM_OBJECT_ABSENT,0,0,0,0,NUMBER_STAGE_STOP,False,UPSTREAM_STARVATION,ec51f8c3a94a4f2247ee11d9eeb45f825d34aa45b9c1c66c60a78ff98a3ca1ae
1228,45,0,9,PASS,84,38,PASS,161,0,PASS,161,0,FAIL,0,0,0,161,CORE_STAGE_STOP,False,IMPLEMENTATION_OR_DEFINITION_ANOMALY,0a3872a9d8a633d32e4c2e332a247daf7a816ad120599af9cce49077ac3b1be8
1229,45,0,9,PASS,84,0,FAIL,0,0,UPSTREAM_OBJECT_ABSENT,0,0,UPSTREAM_OBJECT_ABSENT,0,0,0,0,TRIO_STAGE_STOP,False,TRIO_BOTTLENECK,961245cde6d61d026ce5fbabb5602408168048f1d5d6b8e6fa0e65867842c80e
1230,45,0,7,PASS,35,0,FAIL,0,0,UPSTREAM_OBJECT_ABSENT,0,0,UPSTREAM_OBJECT_ABSENT,0,0,0,0,TRIO_STAGE_STOP,False,TRIO_BOTTLENECK,43e3788ddedde6619d5debfcdd0fc15e2892afba3a85e521b77c5b5694816c10
1231,45,0,12,PASS,220,0,FAIL,0,0,UPSTREAM_OBJECT_ABSENT,0,0,UPSTREAM_OBJECT_ABSENT,0,0,0,0,TRIO_STAGE_STOP,False,TRIO_BOTTLENECK,73e7a9179ecf7fdff6882bf037c9bb4c2d0513de14a8cc2e1078caba3cc18d91
1232,45,0,12,PASS,35,0,FAIL,0,0,UPSTREAM_OBJECT_ABSENT,0,0,UPSTREAM_OBJECT_ABSENT,0,0,0,0,TRIO_STAGE_STOP,False,TRIO_BOTTLENECK,00c74ac93a0257201b255ead0a04d41c57935ed6a66ab54b92ff4d1b89ce4816
1233,45,0,12,PASS,220,73,PASS,877,0,PASS,877,0,FAIL,0,0,0,877,CORE_STAGE_STOP,False,IMPLEMENTATION_OR_DEFINITION_ANOMALY,2dac2c04d109f37c583b80d8d57b8468589c630df8e0c78f783cb47eb69ee771
1234,45,0,0,FAIL,0,0,UPSTREAM_OBJECT_ABSENT,0,0,UPSTREAM_OBJECT_ABSENT,0,0,UPSTREAM_OBJECT_ABSENT,0,0,0,0,NUMBER_STAGE_STOP,False,UPSTREAM_STARVATION,4f7b61a788ae5978b90323047f936e3c7919b07e5095ae8f35799c4d8f4c0183
1235,45,0,0,FAIL,0,0,UPSTREAM_OBJECT_ABSENT,0,0,UPSTREAM_OBJECT_ABSENT,0,0,UPSTREAM_OBJECT_ABSENT,0,0,0,0,NUMBER_STAGE_STOP,False,UPSTREAM_STARVATION,e760ad0d6956b93d8d820cc189cb7d4622b496374a88665ae0be034b0fbe50df
