round,date,main_1,main_2,main_3,main_4,main_5,main_6,bonus,second_prize_games,sales_amount_krw,price_per_game_krw,sold_lines,main_birthday_count,bonus_birthday_indicator,second_prize_tickets_json,second_prize_birthday_counts_json,x2,z2,share2_index,source_file,source_file_sha256
1,20021207,10,23,29,33,37,40,16,1,3681782000,2000,1840891,3,1,"[[16,23,29,33,37,40],[10,16,29,33,37,40],[10,16,23,33,37,40],[10,16,23,29,37,40],[10,16,23,29,33,40],[10,16,23,29,33,37]]","[3,3,3,4,4,4]",3.5,-0.63333333333333375,0.73742008625171185,downloads/official-1-1237/raw/api-0124.json,d6b3da00d57e9c5123384b2a334a150be277d3b4575e561ebbab3ff2d1037629
2,20021214,9,13,21,25,32,42,2,2,4904274000,2000,2452137,4,1,"[[2,13,21,25,32,42],[2,9,21,25,32,42],[2,9,13,25,32,42],[2,9,13,21,32,42],[2,9,13,21,25,42],[2,9,13,21,25,32]]","[4,4,4,4,5,5]",4.333333333333333,0.19999999999999929,1.1072056740712284,downloads/official-1-1237/raw/api-0124.json,d6b3da00d57e9c5123384b2a334a150be277d3b4575e561ebbab3ff2d1037629
3,20021221,11,16,19,21,27,31,30,0,4729342000,2000,2364671,6,1,"[[16,19,21,27,30,31],[11,19,21,27,30,31],[11,16,21,27,30,31],[11,16,19,27,30,31],[11,16,19,21,30,31],[11,16,19,21,27,30]]","[6,6,6,6,6,6]",6,1.8666666666666663,0,downloads/official-1-1237/raw/api-0124.json,d6b3da00d57e9c5123384b2a334a150be277d3b4575e561ebbab3ff2d1037629
4,20021228,14,27,30,31,40,42,2,1,5271464000,2000,2635732,4,1,"[[2,27,30,31,40,42],[2,14,30,31,40,42],[2,14,27,31,40,42],[2,14,27,30,40,42],[2,14,27,30,31,42],[2,14,27,30,31,40]]","[4,4,4,4,5,5]",4.333333333333333,0.19999999999999929,0.5150409829223912,downloads/official-1-1237/raw/api-0124.json,d6b3da00d57e9c5123384b2a334a150be277d3b4575e561ebbab3ff2d1037629
5,20030104,16,24,29,40,41,42,3,0,6277102000,2000,3138551,3,1,"[[3,24,29,40,41,42],[3,16,29,40,41,42],[3,16,24,40,41,42],[3,16,24,29,41,42],[3,16,24,29,40,42],[3,16,24,29,40,41]]","[3,3,3,4,4,4]",3.5,-0.63333333333333375,0,downloads/official-1-1237/raw/api-0124.json,d6b3da00d57e9c5123384b2a334a150be277d3b4575e561ebbab3ff2d1037629
6,20030111,14,15,26,27,40,42,34,3,15305356000,2000,7652678,4,0,"[[15,26,27,34,40,42],[14,26,27,34,40,42],[14,15,27,34,40,42],[14,15,26,34,40,42],[14,15,26,27,34,42],[14,15,26,27,34,40]]","[3,3,3,3,4,4]",3.3333333333333335,-0.80000000000000027,0.53217056826381559,downloads/official-1-1237/raw/api-0124.json,d6b3da00d57e9c5123384b2a334a150be277d3b4575e561ebbab3ff2d1037629
7,20030118,2,9,16,25,26,40,42,9,12794890000,2000,6397445,5,0,"[[9,16,25,26,40,42],[2,16,25,26,40,42],[2,9,25,26,40,42],[2,9,16,26,40,42],[2,9,16,25,40,42],[2,9,16,25,26,42]]","[4,4,4,4,4,5]",4.166666666666667,0.033333333333333215,1.9097608498392717,downloads/official-1-1237/raw/api-0124.json,d6b3da00d57e9c5123384b2a334a150be277d3b4575e561ebbab3ff2d1037629
8,20030125,8,19,25,34,37,39,9,6,20751450000,2000,10375725,3,1,"[[9,19,25,34,37,39],[8,9,25,34,37,39],[8,9,19,34,37,39],[8,9,19,25,37,39],[8,9,19,25,34,39],[8,9,19,25,34,37]]","[3,3,3,4,4,4]",3.5,-0.63333333333333375,0.78501116789429171,downloads/official-1-1237/raw/api-0123.json,11ca32d2b0d265ef02f16a770b60098828a08661d39f99ae93c7657dae03f507
9,20030201,2,4,16,17,36,39,14,4,73624020000,2000,36812010,4,1,"[[4,14,16,17,36,39],[2,14,16,17,36,39],[2,4,14,17,36,39],[2,4,14,16,36,39],[2,4,14,16,17,39],[2,4,14,16,17,36]]","[4,4,4,4,5,5]",4.333333333333333,0.19999999999999929,0.14750729449437833,downloads/official-1-1237/raw/api-0123.json,11ca32d2b0d265ef02f16a770b60098828a08661d39f99ae93c7657dae03f507
10,20030208,9,25,30,33,41,44,6,236,260856392000,2000,130428196,3,1,"[[6,25,30,33,41,44],[6,9,30,33,41,44],[6,9,25,33,41,44],[6,9,25,30,41,44],[6,9,25,30,33,44],[6,9,25,30,33,41]]","[3,3,3,4,4,4]",3.5,-0.63333333333333375,2.45631213054576,downloads/official-1-1237/raw/api-0123.json,11ca32d2b0d265ef02f16a770b60098828a08661d39f99ae93c7657dae03f507
11,20030215,1,7,36,37,41,42,14,11,91925306000,2000,45962653,2,1,"[[7,14,36,37,41,42],[1,14,36,37,41,42],[1,7,14,37,41,42],[1,7,14,36,41,42],[1,7,14,36,37,42],[1,7,14,36,37,41]]","[2,2,3,3,3,3]",2.6666666666666665,-1.4666666666666672,0.32488572841954966,downloads/official-1-1237/raw/api-0123.json,11ca32d2b0d265ef02f16a770b60098828a08661d39f99ae93c7657dae03f507
12,20030222,2,11,21,25,39,45,44,27,76255508000,2000,38127754,4,0,"[[11,21,25,39,44,45],[2,21,25,39,44,45],[2,11,25,39,44,45],[2,11,21,39,44,45],[2,11,21,25,44,45],[2,11,21,25,39,44]]","[3,3,3,3,4,4]",3.3333333333333335,-0.80000000000000027,0.96131468955658916,downloads/official-1-1237/raw/api-0123.json,11ca32d2b0d265ef02f16a770b60098828a08661d39f99ae93c7657dae03f507
13,20030301,22,23,25,37,38,42,26,6,66532136000,2000,33266068,3,1,"[[23,25,26,37,38,42],[22,25,26,37,38,42],[22,23,26,37,38,42],[22,23,25,26,38,42],[22,23,25,26,37,42],[22,23,25,26,37,38]]","[3,3,3,4,4,4]",3.5,-0.63333333333333375,0.24484588921059142,downloads/official-1-1237/raw/api-0123.json,11ca32d2b0d265ef02f16a770b60098828a08661d39f99ae93c7657dae03f507
14,20030308,2,6,12,31,33,40,15,28,99838648000,2000,49919324,4,1,"[[6,12,15,31,33,40],[2,12,15,31,33,40],[2,6,15,31,33,40],[2,6,12,15,33,40],[2,6,12,15,31,40],[2,6,12,15,31,33]]","[4,4,4,4,5,5]",4.333333333333333,0.19999999999999929,0.76143418929310824,downloads/official-1-1237/raw/api-0123.json,11ca32d2b0d265ef02f16a770b60098828a08661d39f99ae93c7657dae03f507
15,20030315,3,4,16,30,31,37,13,16,73264910000,2000,36632455,5,1,"[[4,13,16,30,31,37],[3,13,16,30,31,37],[3,4,13,30,31,37],[3,4,13,16,31,37],[3,4,13,16,30,37],[3,4,13,16,30,31]]","[5,5,5,5,5,6]",5.166666666666667,1.0333333333333332,0.59292122245151191,downloads/official-1-1237/raw/api-0123.json,11ca32d2b0d265ef02f16a770b60098828a08661d39f99ae93c7657dae03f507
16,20030322,6,7,24,37,38,40,33,12,75777348000,2000,37888674,3,0,"[[7,24,33,37,38,40],[6,24,33,37,38,40],[6,7,33,37,38,40],[6,7,24,33,38,40],[6,7,24,33,37,40],[6,7,24,33,37,38]]","[2,2,2,3,3,3]",2.5,-1.6333333333333337,0.42994695459651083,downloads/official-1-1237/raw/api-0123.json,11ca32d2b0d265ef02f16a770b60098828a08661d39f99ae93c7657dae03f507
17,20030329,3,4,9,17,32,37,1,9,72718152000,2000,36359076,4,1,"[[1,4,9,17,32,37],[1,3,9,17,32,37],[1,3,4,17,32,37],[1,3,4,9,32,37],[1,3,4,9,17,37],[1,3,4,9,17,32]]","[4,4,4,4,5,5]",4.333333333333333,0.19999999999999929,0.33602586600385553,downloads/official-1-1237/raw/api-0123.json,11ca32d2b0d265ef02f16a770b60098828a08661d39f99ae93c7657dae03f507
18,20030405,3,12,13,19,32,35,29,15,66371660000,2000,33185830,4,1,"[[12,13,19,29,32,35],[3,13,19,29,32,35],[3,12,19,29,32,35],[3,12,13,29,32,35],[3,12,13,19,29,35],[3,12,13,19,29,32]]","[4,4,4,4,5,5]",4.333333333333333,0.19999999999999929,0.61359471798656229,downloads/official-1-1237/raw/api-0122.json,76ae116eee92011cee8c0c408a14094203b9fb551abe88a8be7fc020fbaaca9d
19,20030412,6,30,38,39,40,43,26,14,105957818000,2000,52978909,2,1,"[[26,30,38,39,40,43],[6,26,38,39,40,43],[6,26,30,39,40,43],[6,26,30,38,40,43],[6,26,30,38,39,43],[6,26,30,38,39,40]]","[2,2,3,3,3,3]",2.6666666666666665,-1.4666666666666672,0.35873030152432922,downloads/official-1-1237/raw/api-0122.json,76ae116eee92011cee8c0c408a14094203b9fb551abe88a8be7fc020fbaaca9d
20,20030419,10,14,18,20,23,30,41,14,81056776000,2000,40528388,6,0,"[[14,18,20,23,30,41],[10,18,20,23,30,41],[10,14,20,23,30,41],[10,14,18,23,30,41],[10,14,18,20,30,41],[10,14,18,20,23,41]]","[5,5,5,5,5,5]",5,0.86666666666666625,0.46893402224633263,downloads/official-1-1237/raw/api-0122.json,76ae116eee92011cee8c0c408a14094203b9fb551abe88a8be7fc020fbaaca9d
21,20030426,6,12,17,18,31,32,21,26,84247142000,2000,42123571,5,1,"[[12,17,18,21,31,32],[6,17,18,21,31,32],[6,12,18,21,31,32],[6,12,17,21,31,32],[6,12,17,18,21,32],[6,12,17,18,21,31]]","[5,5,5,5,5,6]",5.166666666666667,1.0333333333333332,0.83789809748086175,downloads/official-1-1237/raw/api-0122.json,76ae116eee92011cee8c0c408a14094203b9fb551abe88a8be7fc020fbaaca9d
22,20030503,4,5,6,8,17,39,25,32,79455152000,2000,39727576,5,1,"[[5,6,8,17,25,39],[4,6,8,17,25,39],[4,5,8,17,25,39],[4,5,6,17,25,39],[4,5,6,8,25,39],[4,5,6,8,17,25]]","[5,5,5,5,5,6]",5.166666666666667,1.0333333333333332,1.0934550852032856,downloads/official-1-1237/raw/api-0122.json,76ae116eee92011cee8c0c408a14094203b9fb551abe88a8be7fc020fbaaca9d
23,20030510,5,13,17,18,33,42,44,23,77374256000,2000,38687128,4,0,"[[13,17,18,33,42,44],[5,17,18,33,42,44],[5,13,18,33,42,44],[5,13,17,33,42,44],[5,13,17,18,42,44],[5,13,17,18,33,44]]","[3,3,3,3,4,4]",3.3333333333333335,-0.80000000000000027,0.80705732407947162,downloads/official-1-1237/raw/api-0122.json,76ae116eee92011cee8c0c408a14094203b9fb551abe88a8be7fc020fbaaca9d
24,20030517,7,8,27,29,36,43,6,18,78486634000,2000,39243317,4,1,"[[6,8,27,29,36,43],[6,7,27,29,36,43],[6,7,8,29,36,43],[6,7,8,27,36,43],[6,7,8,27,29,43],[6,7,8,27,29,36]]","[4,4,4,4,5,5]",4.333333333333333,0.19999999999999929,0.6226583751827095,downloads/official-1-1237/raw/api-0122.json,76ae116eee92011cee8c0c408a14094203b9fb551abe88a8be7fc020fbaaca9d
25,20030524,2,4,21,26,43,44,16,28,120073768000,2000,60036884,4,1,"[[4,16,21,26,43,44],[2,16,21,26,43,44],[2,4,16,26,43,44],[2,4,16,21,43,44],[2,4,16,21,26,44],[2,4,16,21,26,43]]","[4,4,4,4,5,5]",4.333333333333333,0.19999999999999929,0.63311546948372599,downloads/official-1-1237/raw/api-0122.json,76ae116eee92011cee8c0c408a14094203b9fb551abe88a8be7fc020fbaaca9d
26,20030531,4,5,7,18,20,25,31,39,80193026000,2000,40096513,6,1,"[[5,7,18,20,25,31],[4,7,18,20,25,31],[4,5,18,20,25,31],[4,5,7,20,25,31],[4,5,7,18,25,31],[4,5,7,18,20,31]]","[6,6,6,6,6,6]",6,1.8666666666666663,1.3203863887116567,downloads/official-1-1237/raw/api-0122.json,76ae116eee92011cee8c0c408a14094203b9fb551abe88a8be7fc020fbaaca9d
27,20030607,1,20,26,28,37,43,27,16,76145050000,2000,38072525,4,1,"[[20,26,27,28,37,43],[1,26,27,28,37,43],[1,20,27,28,37,43],[1,20,26,27,37,43],[1,20,26,27,28,43],[1,20,26,27,28,37]]","[4,4,4,4,5,5]",4.333333333333333,0.19999999999999929,0.57049433942193217,downloads/official-1-1237/raw/api-0122.json,76ae116eee92011cee8c0c408a14094203b9fb551abe88a8be7fc020fbaaca9d
28,20030614,9,18,23,25,35,37,1,22,75448366000,2000,37724183,4,1,"[[1,18,23,25,35,37],[1,9,23,25,35,37],[1,9,18,25,35,37],[1,9,18,23,35,37],[1,9,18,23,25,37],[1,9,18,23,25,35]]","[4,4,4,4,5,5]",4.333333333333333,0.19999999999999929,0.7916730761273213,downloads/official-1-1237/raw/api-0121.json,5639f373cb78b28c1efa5037ac1d300920d602c0eeedfb1c6565ddff06c0cb81
29,20030621,1,5,13,34,39,40,11,17,74523120000,2000,37261560,3,1,"[[5,11,13,34,39,40],[1,11,13,34,39,40],[1,5,11,34,39,40],[1,5,11,13,39,40],[1,5,11,13,34,40],[1,5,11,13,34,39]]","[3,3,3,4,4,4]",3.5,-0.63333333333333375,0.61934256107366414,downloads/official-1-1237/raw/api-0121.json,5639f373cb78b28c1efa5037ac1d300920d602c0eeedfb1c6565ddff06c0cb81
30,20030628,8,17,20,35,36,44,4,22,72399690000,2000,36199845,3,1,"[[4,17,20,35,36,44],[4,8,20,35,36,44],[4,8,17,35,36,44],[4,8,17,20,36,44],[4,8,17,20,35,44],[4,8,17,20,35,36]]","[3,3,3,4,4,4]",3.5,-0.63333333333333375,0.82500960984777694,downloads/official-1-1237/raw/api-0121.json,5639f373cb78b28c1efa5037ac1d300920d602c0eeedfb1c6565ddff06c0cb81
31,20030705,7,9,18,23,28,35,32,29,71317306000,2000,35658653,5,0,"[[9,18,23,28,32,35],[7,18,23,28,32,35],[7,9,23,28,32,35],[7,9,18,28,32,35],[7,9,18,23,32,35],[7,9,18,23,28,32]]","[4,4,4,4,4,5]",4.166666666666667,0.033333333333333215,1.104017866294613,downloads/official-1-1237/raw/api-0121.json,5639f373cb78b28c1efa5037ac1d300920d602c0eeedfb1c6565ddff06c0cb81
32,20030712,6,14,19,25,34,44,11,49,71179198000,2000,35589599,4,1,"[[11,14,19,25,34,44],[6,11,19,25,34,44],[6,11,14,25,34,44],[6,11,14,19,34,44],[6,11,14,19,25,44],[6,11,14,19,25,34]]","[4,4,4,4,5,5]",4.333333333333333,0.19999999999999929,1.8690289261196789,downloads/official-1-1237/raw/api-0121.json,5639f373cb78b28c1efa5037ac1d300920d602c0eeedfb1c6565ddff06c0cb81
33,20030719,4,7,32,33,40,41,9,41,67457252000,2000,33728626,2,1,"[[7,9,32,33,40,41],[4,9,32,33,40,41],[4,7,9,33,40,41],[4,7,9,32,40,41],[4,7,9,32,33,41],[4,7,9,32,33,40]]","[2,2,3,3,3,3]",2.6666666666666665,-1.4666666666666672,1.6501683169661283,downloads/official-1-1237/raw/api-0121.json,5639f373cb78b28c1efa5037ac1d300920d602c0eeedfb1c6565ddff06c0cb81
34,20030726,9,26,35,37,40,42,2,45,69389894000,2000,34694947,2,1,"[[2,26,35,37,40,42],[2,9,35,37,40,42],[2,9,26,37,40,42],[2,9,26,35,40,42],[2,9,26,35,37,42],[2,9,26,35,37,40]]","[2,2,3,3,3,3]",2.6666666666666665,-1.4666666666666672,1.7607160489393456,downloads/official-1-1237/raw/api-0121.json,5639f373cb78b28c1efa5037ac1d300920d602c0eeedfb1c6565ddff06c0cb81
35,20030802,2,3,11,26,37,43,39,24,66143062000,2000,33071531,4,0,"[[3,11,26,37,39,43],[2,11,26,37,39,43],[2,3,26,37,39,43],[2,3,11,37,39,43],[2,3,11,26,39,43],[2,3,11,26,37,39]]","[3,3,3,3,4,4]",3.3333333333333335,-0.80000000000000027,0.98514459460615844,downloads/official-1-1237/raw/api-0121.json,5639f373cb78b28c1efa5037ac1d300920d602c0eeedfb1c6565ddff06c0cb81
36,20030809,1,10,23,26,28,40,31,19,66856686000,2000,33428343,5,1,"[[10,23,26,28,31,40],[1,23,26,28,31,40],[1,10,26,28,31,40],[1,10,23,28,31,40],[1,10,23,26,31,40],[1,10,23,26,28,31]]","[5,5,5,5,5,6]",5.166666666666667,1.0333333333333332,0.77158146905456848,downloads/official-1-1237/raw/api-0121.json,5639f373cb78b28c1efa5037ac1d300920d602c0eeedfb1c6565ddff06c0cb81
37,20030816,7,27,30,33,35,37,42,20,65509794000,2000,32754897,3,0,"[[27,30,33,35,37,42],[7,30,33,35,37,42],[7,27,33,35,37,42],[7,27,30,35,37,42],[7,27,30,33,37,42],[7,27,30,33,35,42]]","[2,2,2,3,3,3]",2.5,-1.6333333333333337,0.82888979928711115,downloads/official-1-1237/raw/api-0121.json,5639f373cb78b28c1efa5037ac1d300920d602c0eeedfb1c6565ddff06c0cb81
38,20030823,16,17,22,30,37,43,36,18,67369284000,2000,33684642,4,0,"[[17,22,30,36,37,43],[16,22,30,36,37,43],[16,17,30,36,37,43],[16,17,22,36,37,43],[16,17,22,30,36,43],[16,17,22,30,36,37]]","[3,3,3,3,4,4]",3.3333333333333335,-0.80000000000000027,0.72541011419981838,downloads/official-1-1237/raw/api-0120.json,80f6c459c8f251951c1d2fb82896f473f260bcd001eca89c45fd19a455c1935f
39,20030830,6,7,13,15,21,43,8,25,66094476000,2000,33047238,5,1,"[[7,8,13,15,21,43],[6,8,13,15,21,43],[6,7,8,15,21,43],[6,7,8,13,21,43],[6,7,8,13,15,43],[6,7,8,13,15,21]]","[5,5,5,5,5,6]",5.166666666666667,1.0333333333333332,1.0269466392319988,downloads/official-1-1237/raw/api-0120.json,80f6c459c8f251951c1d2fb82896f473f260bcd001eca89c45fd19a455c1935f
40,20030906,7,13,18,19,25,26,6,44,65699086000,2000,32849543,6,1,"[[6,13,18,19,25,26],[6,7,18,19,25,26],[6,7,13,19,25,26],[6,7,13,18,25,26],[6,7,13,18,19,26],[6,7,13,18,19,25]]","[6,6,6,6,6,6]",6,1.8666666666666663,1.8183035301282577,downloads/official-1-1237/raw/api-0120.json,80f6c459c8f251951c1d2fb82896f473f260bcd001eca89c45fd19a455c1935f
41,20030913,13,20,23,35,38,43,34,21,57624562000,2000,28812281,3,0,"[[20,23,34,35,38,43],[13,23,34,35,38,43],[13,20,34,35,38,43],[13,20,23,34,38,43],[13,20,23,34,35,43],[13,20,23,34,35,38]]","[2,2,2,3,3,3]",2.5,-1.6333333333333337,0.98942912572593611,downloads/official-1-1237/raw/api-0120.json,80f6c459c8f251951c1d2fb82896f473f260bcd001eca89c45fd19a455c1935f
42,20030920,17,18,19,21,23,32,1,35,119909740000,2000,59954870,5,1,"[[1,18,19,21,23,32],[1,17,19,21,23,32],[1,17,18,21,23,32],[1,17,18,19,23,32],[1,17,18,19,21,32],[1,17,18,19,21,23]]","[5,5,5,5,5,6]",5.166666666666667,1.0333333333333332,0.7924769080476699,downloads/official-1-1237/raw/api-0120.json,80f6c459c8f251951c1d2fb82896f473f260bcd001eca89c45fd19a455c1935f
43,20030927,6,31,35,38,39,44,1,21,74686296000,2000,37343148,2,1,"[[1,31,35,38,39,44],[1,6,35,38,39,44],[1,6,31,38,39,44],[1,6,31,35,39,44],[1,6,31,35,38,44],[1,6,31,35,38,39]]","[2,2,3,3,3,3]",2.6666666666666665,-1.4666666666666672,0.76339868293910307,downloads/official-1-1237/raw/api-0120.json,80f6c459c8f251951c1d2fb82896f473f260bcd001eca89c45fd19a455c1935f
44,20031004,3,11,21,30,38,45,39,23,69956950000,2000,34978475,4,0,"[[11,21,30,38,39,45],[3,21,30,38,39,45],[3,11,30,38,39,45],[3,11,21,38,39,45],[3,11,21,30,39,45],[3,11,21,30,38,39]]","[3,3,3,3,4,4]",3.3333333333333335,-0.80000000000000027,0.89262696558383403,downloads/official-1-1237/raw/api-0120.json,80f6c459c8f251951c1d2fb82896f473f260bcd001eca89c45fd19a455c1935f
45,20031011,1,10,20,27,33,35,17,27,71216232000,2000,35608116,4,1,"[[10,17,20,27,33,35],[1,17,20,27,33,35],[1,10,17,27,33,35],[1,10,17,20,33,35],[1,10,17,20,27,35],[1,10,17,20,27,33]]","[4,4,4,4,5,5]",4.333333333333333,0.19999999999999929,1.0293375251866737,downloads/official-1-1237/raw/api-0120.json,80f6c459c8f251951c1d2fb82896f473f260bcd001eca89c45fd19a455c1935f
46,20031018,8,13,15,23,31,38,39,39,68181568000,2000,34090784,5,0,"[[13,15,23,31,38,39],[8,15,23,31,38,39],[8,13,23,31,38,39],[8,13,15,31,38,39],[8,13,15,23,38,39],[8,13,15,23,31,39]]","[4,4,4,4,4,5]",4.166666666666667,0.033333333333333215,1.5529971384641668,downloads/official-1-1237/raw/api-0120.json,80f6c459c8f251951c1d2fb82896f473f260bcd001eca89c45fd19a455c1935f
47,20031025,14,17,26,31,36,45,27,11,67756694000,2000,33878347,4,1,"[[17,26,27,31,36,45],[14,26,27,31,36,45],[14,17,27,31,36,45],[14,17,26,27,36,45],[14,17,26,27,31,45],[14,17,26,27,31,36]]","[4,4,4,4,5,5]",4.333333333333333,0.19999999999999929,0.44077150517408659,downloads/official-1-1237/raw/api-0120.json,80f6c459c8f251951c1d2fb82896f473f260bcd001eca89c45fd19a455c1935f
48,20031101,6,10,18,26,37,38,3,25,65806832000,2000,32903416,4,1,"[[3,10,18,26,37,38],[3,6,18,26,37,38],[3,6,10,26,37,38],[3,6,10,18,37,38],[3,6,10,18,26,38],[3,6,10,18,26,37]]","[4,4,4,4,5,5]",4.333333333333333,0.19999999999999929,1.0314354594671873,downloads/official-1-1237/raw/api-0119.json,6a5a827d82db7a8ea12380569a970cdedbfe1e4aa909df7a0d8357551ceb7c58
49,20031108,4,7,16,19,33,40,30,49,64501142000,2000,32250571,4,1,"[[7,16,19,30,33,40],[4,16,19,30,33,40],[4,7,19,30,33,40],[4,7,16,30,33,40],[4,7,16,19,30,40],[4,7,16,19,30,33]]","[4,4,4,4,5,5]",4.333333333333333,0.19999999999999929,2.0625368152396435,downloads/official-1-1237/raw/api-0119.json,6a5a827d82db7a8ea12380569a970cdedbfe1e4aa909df7a0d8357551ceb7c58
50,20031115,2,10,12,15,22,44,1,14,65563234000,2000,32781617,5,1,"[[1,10,12,15,22,44],[1,2,12,15,22,44],[1,2,10,15,22,44],[1,2,10,12,22,44],[1,2,10,12,15,44],[1,2,10,12,15,22]]","[5,5,5,5,5,6]",5.166666666666667,1.0333333333333332,0.57974992508758794,downloads/official-1-1237/raw/api-0119.json,6a5a827d82db7a8ea12380569a970cdedbfe1e4aa909df7a0d8357551ceb7c58
51,20031122,2,3,11,16,26,44,35,26,62553680000,2000,31276840,5,0,"[[3,11,16,26,35,44],[2,11,16,26,35,44],[2,3,16,26,35,44],[2,3,11,26,35,44],[2,3,11,16,35,44],[2,3,11,16,26,35]]","[4,4,4,4,4,5]",4.166666666666667,0.033333333333333215,1.1284790918775682,downloads/official-1-1237/raw/api-0119.json,6a5a827d82db7a8ea12380569a970cdedbfe1e4aa909df7a0d8357551ceb7c58
52,20031129,2,4,15,16,20,29,1,13,64393446000,2000,32196723,6,1,"[[1,4,15,16,20,29],[1,2,15,16,20,29],[1,2,4,16,20,29],[1,2,4,15,20,29],[1,2,4,15,16,29],[1,2,4,15,16,20]]","[6,6,6,6,6,6]",6,1.8666666666666663,0.54811882563327952,downloads/official-1-1237/raw/api-0119.json,6a5a827d82db7a8ea12380569a970cdedbfe1e4aa909df7a0d8357551ceb7c58
53,20031206,7,8,14,32,33,39,42,25,64996010000,2000,32498005,3,0,"[[8,14,32,33,39,42],[7,14,32,33,39,42],[7,8,32,33,39,42],[7,8,14,33,39,42],[7,8,14,32,39,42],[7,8,14,32,33,42]]","[2,2,2,3,3,3]",2.5,-1.6333333333333337,1.0443025656497991,downloads/official-1-1237/raw/api-0119.json,6a5a827d82db7a8ea12380569a970cdedbfe1e4aa909df7a0d8357551ceb7c58
54,20031213,1,8,21,27,36,39,37,15,63833006000,2000,31916503,4,0,"[[8,21,27,36,37,39],[1,21,27,36,37,39],[1,8,27,36,37,39],[1,8,21,36,37,39],[1,8,21,27,37,39],[1,8,21,27,36,37]]","[3,3,3,3,4,4]",3.3333333333333335,-0.80000000000000027,0.63799752748601557,downloads/official-1-1237/raw/api-0119.json,6a5a827d82db7a8ea12380569a970cdedbfe1e4aa909df7a0d8357551ceb7c58
55,20031220,17,21,31,37,40,44,7,24,62195764000,2000,31097882,3,1,"[[7,21,31,37,40,44],[7,17,31,37,40,44],[7,17,21,37,40,44],[7,17,21,31,40,44],[7,17,21,31,37,44],[7,17,21,31,37,40]]","[3,3,3,4,4,4]",3.5,-0.63333333333333375,1.0476674906670493,downloads/official-1-1237/raw/api-0119.json,6a5a827d82db7a8ea12380569a970cdedbfe1e4aa909df7a0d8357551ceb7c58
56,20031227,10,14,30,31,33,37,19,29,65258932000,2000,32629466,4,1,"[[14,19,30,31,33,37],[10,19,30,31,33,37],[10,14,19,31,33,37],[10,14,19,30,33,37],[10,14,19,30,31,37],[10,14,19,30,31,33]]","[4,4,4,4,5,5]",4.333333333333333,0.19999999999999929,1.2065103976877831,downloads/official-1-1237/raw/api-0119.json,6a5a827d82db7a8ea12380569a970cdedbfe1e4aa909df7a0d8357551ceb7c58
57,20040103,7,10,16,25,29,44,6,25,70132666000,2000,35066333,5,1,"[[6,10,16,25,29,44],[6,7,16,25,29,44],[6,7,10,25,29,44],[6,7,10,16,29,44],[6,7,10,16,25,44],[6,7,10,16,25,29]]","[5,5,5,5,5,6]",5.166666666666667,1.0333333333333332,0.96781576790478774,downloads/official-1-1237/raw/api-0119.json,6a5a827d82db7a8ea12380569a970cdedbfe1e4aa909df7a0d8357551ceb7c58
58,20040110,10,24,25,33,40,44,1,39,66638136000,2000,33319068,3,1,"[[1,24,25,33,40,44],[1,10,25,33,40,44],[1,10,24,33,40,44],[1,10,24,25,40,44],[1,10,24,25,33,44],[1,10,24,25,33,40]]","[3,3,3,4,4,4]",3.5,-0.63333333333333375,1.5889667141950068,downloads/official-1-1237/raw/api-0118.json,f308893605e2e4ee836b686dcfe607c2b682cb7f3293d5dc0f6505cc4d259bd5
59,20040117,6,29,36,39,41,45,13,23,67563698000,2000,33781849,2,1,"[[13,29,36,39,41,45],[6,13,36,39,41,45],[6,13,29,39,41,45],[6,13,29,36,41,45],[6,13,29,36,39,45],[6,13,29,36,39,41]]","[2,2,3,3,3,3]",2.6666666666666665,-1.4666666666666672,0.92424573918378472,downloads/official-1-1237/raw/api-0118.json,f308893605e2e4ee836b686dcfe607c2b682cb7f3293d5dc0f6505cc4d259bd5
60,20040124,2,8,25,36,39,42,11,27,65405936000,2000,32702968,3,1,"[[8,11,25,36,39,42],[2,11,25,36,39,42],[2,8,11,36,39,42],[2,8,11,25,39,42],[2,8,11,25,36,42],[2,8,11,25,36,39]]","[3,3,3,4,4,4]",3.5,-0.63333333333333375,1.1207780896217125,downloads/official-1-1237/raw/api-0118.json,f308893605e2e4ee836b686dcfe607c2b682cb7f3293d5dc0f6505cc4d259bd5
61,20040131,14,15,19,30,38,43,8,11,73312994000,2000,36656497,4,1,"[[8,15,19,30,38,43],[8,14,19,30,38,43],[8,14,15,30,38,43],[8,14,15,19,38,43],[8,14,15,19,30,43],[8,14,15,19,30,38]]","[4,4,4,4,5,5]",4.333333333333333,0.19999999999999929,0.40736598480754993,downloads/official-1-1237/raw/api-0118.json,f308893605e2e4ee836b686dcfe607c2b682cb7f3293d5dc0f6505cc4d259bd5
62,20040207,3,8,15,27,29,35,21,22,66740368000,2000,33370184,5,1,"[[8,15,21,27,29,35],[3,15,21,27,29,35],[3,8,21,27,29,35],[3,8,15,21,29,35],[3,8,15,21,27,35],[3,8,15,21,27,29]]","[5,5,5,5,5,6]",5.166666666666667,1.0333333333333332,0.89496719586562667,downloads/official-1-1237/raw/api-0118.json,f308893605e2e4ee836b686dcfe607c2b682cb7f3293d5dc0f6505cc4d259bd5
63,20040214,3,20,23,36,38,40,5,26,67074050000,2000,33537025,3,1,"[[5,20,23,36,38,40],[3,5,23,36,38,40],[3,5,20,36,38,40],[3,5,20,23,38,40],[3,5,20,23,36,40],[3,5,20,23,36,38]]","[3,3,3,4,4,4]",3.5,-0.63333333333333375,1.052426683642929,downloads/official-1-1237/raw/api-0118.json,f308893605e2e4ee836b686dcfe607c2b682cb7f3293d5dc0f6505cc4d259bd5
64,20040221,14,15,18,21,26,36,39,11,65085154000,2000,32542577,5,0,"[[15,18,21,26,36,39],[14,18,21,26,36,39],[14,15,21,26,36,39],[14,15,18,26,36,39],[14,15,18,21,36,39],[14,15,18,21,26,39]]","[4,4,4,4,4,5]",4.166666666666667,0.033333333333333215,0.458863783283051,downloads/official-1-1237/raw/api-0118.json,f308893605e2e4ee836b686dcfe607c2b682cb7f3293d5dc0f6505cc4d259bd5
65,20040228,4,25,33,36,40,43,39,27,66685144000,2000,33342572,2,0,"[[25,33,36,39,40,43],[4,33,36,39,40,43],[4,25,36,39,40,43],[4,25,33,39,40,43],[4,25,33,36,39,43],[4,25,33,36,39,40]]","[1,1,2,2,2,2]",1.6666666666666667,-2.4666666666666668,1.0992784239920064,downloads/official-1-1237/raw/api-0118.json,f308893605e2e4ee836b686dcfe607c2b682cb7f3293d5dc0f6505cc4d259bd5
66,20040306,2,3,7,17,22,24,45,19,63378796000,2000,31689398,6,0,"[[3,7,17,22,24,45],[2,7,17,22,24,45],[2,3,17,22,24,45],[2,3,7,22,24,45],[2,3,7,17,24,45],[2,3,7,17,22,45]]","[5,5,5,5,5,5]",5,0.86666666666666625,0.81392174127132366,downloads/official-1-1237/raw/api-0118.json,f308893605e2e4ee836b686dcfe607c2b682cb7f3293d5dc0f6505cc4d259bd5
67,20040313,3,7,10,15,36,38,33,62,64314872000,2000,32157436,4,0,"[[7,10,15,33,36,38],[3,10,15,33,36,38],[3,7,15,33,36,38],[3,7,10,33,36,38],[3,7,10,15,33,38],[3,7,10,15,33,36]]","[3,3,3,3,4,4]",3.3333333333333335,-0.80000000000000027,2.6172988418604022,downloads/official-1-1237/raw/api-0118.json,f308893605e2e4ee836b686dcfe607c2b682cb7f3293d5dc0f6505cc4d259bd5
68,20040320,10,12,15,16,26,39,38,20,63813236000,2000,31906618,5,0,"[[12,15,16,26,38,39],[10,15,16,26,38,39],[10,12,16,26,38,39],[10,12,15,26,38,39],[10,12,15,16,38,39],[10,12,15,16,26,38]]","[4,4,4,4,4,5]",4.166666666666667,0.033333333333333215,0.85092691428467915,downloads/official-1-1237/raw/api-0117.json,7293aa73828acca49e15653ee0627d108b9f134bb63c7e53e65af6c5e8d72dd9
69,20040327,5,8,14,15,19,39,35,20,63711302000,2000,31855651,5,0,"[[8,14,15,19,35,39],[5,14,15,19,35,39],[5,8,15,19,35,39],[5,8,14,19,35,39],[5,8,14,15,35,39],[5,8,14,15,19,35]]","[4,4,4,4,4,5]",4.166666666666667,0.033333333333333215,0.85228834281239463,downloads/official-1-1237/raw/api-0117.json,7293aa73828acca49e15653ee0627d108b9f134bb63c7e53e65af6c5e8d72dd9
70,20040403,5,19,22,25,28,43,26,14,63232578000,2000,31616289,5,1,"[[19,22,25,26,28,43],[5,22,25,26,28,43],[5,19,25,26,28,43],[5,19,22,26,28,43],[5,19,22,25,26,43],[5,19,22,25,26,28]]","[5,5,5,5,5,6]",5.166666666666667,1.0333333333333332,0.60111861958245638,downloads/official-1-1237/raw/api-0117.json,7293aa73828acca49e15653ee0627d108b9f134bb63c7e53e65af6c5e8d72dd9
71,20040410,5,9,12,16,29,41,21,28,62889986000,2000,31444993,5,1,"[[9,12,16,21,29,41],[5,12,16,21,29,41],[5,9,16,21,29,41],[5,9,12,21,29,41],[5,9,12,16,21,41],[5,9,12,16,21,29]]","[5,5,5,5,5,6]",5.166666666666667,1.0333333333333332,1.2087864036096303,downloads/official-1-1237/raw/api-0117.json,7293aa73828acca49e15653ee0627d108b9f134bb63c7e53e65af6c5e8d72dd9
72,20040417,2,4,11,17,26,27,1,44,125651214000,2000,62825607,6,1,"[[1,4,11,17,26,27],[1,2,11,17,26,27],[1,2,4,17,26,27],[1,2,4,11,26,27],[1,2,4,11,17,27],[1,2,4,11,17,26]]","[6,6,6,6,6,6]",6,1.8666666666666663,0.95073398972492218,downloads/official-1-1237/raw/api-0117.json,7293aa73828acca49e15653ee0627d108b9f134bb63c7e53e65af6c5e8d72dd9
73,20040424,3,12,18,32,40,43,38,26,72635862000,2000,36317931,3,0,"[[12,18,32,38,40,43],[3,18,32,38,40,43],[3,12,32,38,40,43],[3,12,18,38,40,43],[3,12,18,32,38,43],[3,12,18,32,38,40]]","[2,2,2,3,3,3]",2.5,-1.6333333333333337,0.97184115471776189,downloads/official-1-1237/raw/api-0117.json,7293aa73828acca49e15653ee0627d108b9f134bb63c7e53e65af6c5e8d72dd9
74,20040501,6,15,17,18,35,40,23,40,68902158000,2000,34451079,4,1,"[[15,17,18,23,35,40],[6,17,18,23,35,40],[6,15,18,23,35,40],[6,15,17,23,35,40],[6,15,17,18,23,40],[6,15,17,18,23,35]]","[4,4,4,4,5,5]",4.333333333333333,0.19999999999999929,1.5761596320393914,downloads/official-1-1237/raw/api-0117.json,7293aa73828acca49e15653ee0627d108b9f134bb63c7e53e65af6c5e8d72dd9
75,20040508,2,5,24,32,34,44,28,19,66138372000,2000,33069186,3,1,"[[5,24,28,32,34,44],[2,24,28,32,34,44],[2,5,28,32,34,44],[2,5,24,28,34,44],[2,5,24,28,32,44],[2,5,24,28,32,34]]","[3,3,3,4,4,4]",3.5,-0.63333333333333375,0.77996144205061468,downloads/official-1-1237/raw/api-0117.json,7293aa73828acca49e15653ee0627d108b9f134bb63c7e53e65af6c5e8d72dd9
76,20040515,1,3,15,22,25,37,43,17,65083924000,2000,32541962,5,0,"[[3,15,22,25,37,43],[1,15,22,25,37,43],[1,3,22,25,37,43],[1,3,15,25,37,43],[1,3,15,22,37,43],[1,3,15,22,25,43]]","[4,4,4,4,4,5]",4.166666666666667,0.033333333333333215,0.70916652167438465,downloads/official-1-1237/raw/api-0117.json,7293aa73828acca49e15653ee0627d108b9f134bb63c7e53e65af6c5e8d72dd9
77,20040522,2,18,29,32,43,44,37,19,64420666000,2000,32210333,3,0,"[[18,29,32,37,43,44],[2,29,32,37,43,44],[2,18,32,37,43,44],[2,18,29,37,43,44],[2,18,29,32,37,44],[2,18,29,32,37,43]]","[2,2,2,3,3,3]",2.5,-1.6333333333333337,0.80075825357036823,downloads/official-1-1237/raw/api-0117.json,7293aa73828acca49e15653ee0627d108b9f134bb63c7e53e65af6c5e8d72dd9
78,20040529,10,13,25,29,33,35,38,22,61257794000,2000,30628897,4,0,"[[13,25,29,33,35,38],[10,25,29,33,35,38],[10,13,29,33,35,38],[10,13,25,33,35,38],[10,13,25,29,35,38],[10,13,25,29,33,38]]","[3,3,3,3,4,4]",3.3333333333333335,-0.80000000000000027,0.97506678088995502,downloads/official-1-1237/raw/api-0116.json,2243957efef0fd9aecb5e56cc4082746b925013aefa42bd99ccc16759dfe4313
79,20040605,3,12,24,27,30,32,14,31,60390004000,2000,30195002,5,1,"[[12,14,24,27,30,32],[3,14,24,27,30,32],[3,12,14,27,30,32],[3,12,14,24,30,32],[3,12,14,24,27,32],[3,12,14,24,27,30]]","[5,5,5,5,5,6]",5.166666666666667,1.0333333333333332,1.3937011827321621,downloads/official-1-1237/raw/api-0116.json,2243957efef0fd9aecb5e56cc4082746b925013aefa42bd99ccc16759dfe4313
80,20040612,17,18,24,25,26,30,1,16,60160440000,2000,30080220,6,1,"[[1,18,24,25,26,30],[1,17,24,25,26,30],[1,17,18,25,26,30],[1,17,18,24,26,30],[1,17,18,24,25,30],[1,17,18,24,25,26]]","[6,6,6,6,6,6]",6,1.8666666666666663,0.72207450610401125,downloads/official-1-1237/raw/api-0116.json,2243957efef0fd9aecb5e56cc4082746b925013aefa42bd99ccc16759dfe4313
81,20040619,5,7,11,13,20,33,6,20,60983308000,2000,30491654,5,1,"[[6,7,11,13,20,33],[5,6,11,13,20,33],[5,6,7,13,20,33],[5,6,7,11,20,33],[5,6,7,11,13,33],[5,6,7,11,13,20]]","[5,5,5,5,5,6]",5.166666666666667,1.0333333333333332,0.89041414414580466,downloads/official-1-1237/raw/api-0116.json,2243957efef0fd9aecb5e56cc4082746b925013aefa42bd99ccc16759dfe4313
82,20040626,1,2,3,14,27,42,39,20,61302808000,2000,30651404,5,0,"[[2,3,14,27,39,42],[1,3,14,27,39,42],[1,2,14,27,39,42],[1,2,3,27,39,42],[1,2,3,14,39,42],[1,2,3,14,27,39]]","[4,4,4,4,4,5]",4.166666666666667,0.033333333333333215,0.88577345429266474,downloads/official-1-1237/raw/api-0116.json,2243957efef0fd9aecb5e56cc4082746b925013aefa42bd99ccc16759dfe4313
83,20040703,6,10,15,17,19,34,14,15,62512062000,2000,31256031,5,1,"[[10,14,15,17,19,34],[6,14,15,17,19,34],[6,10,14,17,19,34],[6,10,14,15,19,34],[6,10,14,15,17,34],[6,10,14,15,17,19]]","[5,5,5,5,5,6]",5.166666666666667,1.0333333333333332,0.6514790697513706,downloads/official-1-1237/raw/api-0116.json,2243957efef0fd9aecb5e56cc4082746b925013aefa42bd99ccc16759dfe4313
84,20040710,16,23,27,34,42,45,11,17,62780760000,2000,31390380,3,1,"[[11,23,27,34,42,45],[11,16,27,34,42,45],[11,16,23,34,42,45],[11,16,23,27,42,45],[11,16,23,27,34,45],[11,16,23,27,34,42]]","[3,3,3,4,4,4]",3.5,-0.63333333333333375,0.7351828808698716,downloads/official-1-1237/raw/api-0116.json,2243957efef0fd9aecb5e56cc4082746b925013aefa42bd99ccc16759dfe4313
85,20040717,6,8,13,23,31,36,21,31,59451304000,2000,29725652,5,1,"[[8,13,21,23,31,36],[6,13,21,23,31,36],[6,8,21,23,31,36],[6,8,13,21,31,36],[6,8,13,21,23,36],[6,8,13,21,23,31]]","[5,5,5,5,5,6]",5.166666666666667,1.0333333333333332,1.4157068783554352,downloads/official-1-1237/raw/api-0116.json,2243957efef0fd9aecb5e56cc4082746b925013aefa42bd99ccc16759dfe4313
86,20040724,2,12,37,39,41,45,33,16,59835968000,2000,29917984,2,0,"[[12,33,37,39,41,45],[2,33,37,39,41,45],[2,12,33,39,41,45],[2,12,33,37,41,45],[2,12,33,37,39,45],[2,12,33,37,39,41]]","[1,1,2,2,2,2]",1.6666666666666667,-2.4666666666666668,0.72599009345014687,downloads/official-1-1237/raw/api-0116.json,2243957efef0fd9aecb5e56cc4082746b925013aefa42bd99ccc16759dfe4313
87,20040731,4,12,16,23,34,43,26,33,83793642000,2000,41896821,4,1,"[[12,16,23,26,34,43],[4,16,23,26,34,43],[4,12,23,26,34,43],[4,12,16,26,34,43],[4,12,16,23,26,43],[4,12,16,23,26,34]]","[4,4,4,4,5,5]",4.333333333333333,0.19999999999999929,1.0692417450956482,downloads/official-1-1237/raw/api-0116.json,2243957efef0fd9aecb5e56cc4082746b925013aefa42bd99ccc16759dfe4313
88,20040807,1,17,20,24,30,41,27,31,51910612000,1000,51910612,5,1,"[[17,20,24,27,30,41],[1,20,24,27,30,41],[1,17,24,27,30,41],[1,17,20,27,30,41],[1,17,20,24,27,41],[1,17,20,24,27,30]]","[5,5,5,5,5,6]",5.166666666666667,1.0333333333333332,0.81067836379967939,downloads/official-1-1237/raw/api-0115.json,bd33285bab4f61349f4e7bcdcb0dfbdb892e4df3c4dbfc2338db88cdb75e8f6a
89,20040814,4,26,28,29,33,40,37,30,55102179000,1000,55102179,4,0,"[[26,28,29,33,37,40],[4,28,29,33,37,40],[4,26,29,33,37,40],[4,26,28,33,37,40],[4,26,28,29,37,40],[4,26,28,29,33,37]]","[3,3,3,3,4,4]",3.3333333333333335,-0.80000000000000027,0.73908692431201317,downloads/official-1-1237/raw/api-0115.json,bd33285bab4f61349f4e7bcdcb0dfbdb892e4df3c4dbfc2338db88cdb75e8f6a
90,20040821,17,20,29,35,38,44,10,34,55493544000,1000,55493544,3,1,"[[10,20,29,35,38,44],[10,17,29,35,38,44],[10,17,20,35,38,44],[10,17,20,29,38,44],[10,17,20,29,35,44],[10,17,20,29,35,38]]","[3,3,3,4,4,4]",3.5,-0.63333333333333375,0.83172449753794786,downloads/official-1-1237/raw/api-0115.json,bd33285bab4f61349f4e7bcdcb0dfbdb892e4df3c4dbfc2338db88cdb75e8f6a
91,20040828,1,21,24,26,29,42,27,32,59061052000,1000,59061052,5,1,"[[21,24,26,27,29,42],[1,24,26,27,29,42],[1,21,26,27,29,42],[1,21,24,27,29,42],[1,21,24,26,27,42],[1,21,24,26,27,29]]","[5,5,5,5,5,6]",5.166666666666667,1.0333333333333332,0.73551551367557766,downloads/official-1-1237/raw/api-0115.json,bd33285bab4f61349f4e7bcdcb0dfbdb892e4df3c4dbfc2338db88cdb75e8f6a
92,20040904,3,14,24,33,35,36,17,50,58296001000,1000,58296001,3,1,"[[14,17,24,33,35,36],[3,17,24,33,35,36],[3,14,17,33,35,36],[3,14,17,24,35,36],[3,14,17,24,33,36],[3,14,17,24,33,35]]","[3,3,3,4,4,4]",3.5,-0.63333333333333375,1.1643251481349466,downloads/official-1-1237/raw/api-0115.json,bd33285bab4f61349f4e7bcdcb0dfbdb892e4df3c4dbfc2338db88cdb75e8f6a
93,20040911,6,22,24,36,38,44,19,26,57236313000,1000,57236313,3,1,"[[19,22,24,36,38,44],[6,19,24,36,38,44],[6,19,22,36,38,44],[6,19,22,24,38,44],[6,19,22,24,36,44],[6,19,22,24,36,38]]","[3,3,3,4,4,4]",3.5,-0.63333333333333375,0.61665851886720935,downloads/official-1-1237/raw/api-0115.json,bd33285bab4f61349f4e7bcdcb0dfbdb892e4df3c4dbfc2338db88cdb75e8f6a
94,20040918,5,32,34,40,41,45,6,38,57144729000,1000,57144729,1,1,"[[6,32,34,40,41,45],[5,6,34,40,41,45],[5,6,32,40,41,45],[5,6,32,34,41,45],[5,6,32,34,40,45],[5,6,32,34,40,41]]","[1,2,2,2,2,2]",1.8333333333333333,-2.3000000000000007,0.9027145793271677,downloads/official-1-1237/raw/api-0115.json,bd33285bab4f61349f4e7bcdcb0dfbdb892e4df3c4dbfc2338db88cdb75e8f6a
95,20040925,8,17,27,31,34,43,14,48,60077493000,1000,60077493,4,1,"[[14,17,27,31,34,43],[8,14,27,31,34,43],[8,14,17,31,34,43],[8,14,17,27,34,43],[8,14,17,27,31,43],[8,14,17,27,31,34]]","[4,4,4,4,5,5]",4.333333333333333,0.19999999999999929,1.0846071756023508,downloads/official-1-1237/raw/api-0115.json,bd33285bab4f61349f4e7bcdcb0dfbdb892e4df3c4dbfc2338db88cdb75e8f6a
96,20041002,1,3,8,21,22,31,20,38,54217572000,1000,54217572,6,1,"[[3,8,20,21,22,31],[1,8,20,21,22,31],[1,3,20,21,22,31],[1,3,8,20,22,31],[1,3,8,20,21,31],[1,3,8,20,21,22]]","[6,6,6,6,6,6]",6,1.8666666666666663,0.95145131176290965,downloads/official-1-1237/raw/api-0115.json,bd33285bab4f61349f4e7bcdcb0dfbdb892e4df3c4dbfc2338db88cdb75e8f6a
97,20041009,6,7,14,15,20,36,3,46,57713200000,1000,57713200,5,1,"[[3,7,14,15,20,36],[3,6,14,15,20,36],[3,6,7,15,20,36],[3,6,7,14,20,36],[3,6,7,14,15,36],[3,6,7,14,15,20]]","[5,5,5,5,5,6]",5.166666666666667,1.0333333333333332,1.0819961464621612,downloads/official-1-1237/raw/api-0115.json,bd33285bab4f61349f4e7bcdcb0dfbdb892e4df3c4dbfc2338db88cdb75e8f6a
98,20041016,6,9,16,23,24,32,43,45,56231084000,1000,56231084,5,0,"[[9,16,23,24,32,43],[6,16,23,24,32,43],[6,9,23,24,32,43],[6,9,16,24,32,43],[6,9,16,23,32,43],[6,9,16,23,24,43]]","[4,4,4,4,4,5]",4.166666666666667,0.033333333333333215,1.0863733304518903,downloads/official-1-1237/raw/api-0114.json,5fbcea0b168facf78123a48d620359ce4d6531eab07e7634de53ea9524c1ea99
99,20041023,1,3,10,27,29,37,11,40,56207491000,1000,56207491,5,1,"[[3,10,11,27,29,37],[1,10,11,27,29,37],[1,3,11,27,29,37],[1,3,10,11,29,37],[1,3,10,11,27,37],[1,3,10,11,27,29]]","[5,5,5,5,5,6]",5.166666666666667,1.0333333333333332,0.96607051896338869,downloads/official-1-1237/raw/api-0114.json,5fbcea0b168facf78123a48d620359ce4d6531eab07e7634de53ea9524c1ea99
100,20041030,1,7,11,23,37,42,6,36,56561977000,1000,56561977,4,1,"[[6,7,11,23,37,42],[1,6,11,23,37,42],[1,6,7,23,37,42],[1,6,7,11,37,42],[1,6,7,11,23,42],[1,6,7,11,23,37]]","[4,4,4,4,5,5]",4.333333333333333,0.19999999999999929,0.86401435367084145,downloads/official-1-1237/raw/api-0114.json,5fbcea0b168facf78123a48d620359ce4d6531eab07e7634de53ea9524c1ea99
101,20041106,1,3,17,32,35,45,8,38,57585065000,1000,57585065,3,1,"[[3,8,17,32,35,45],[1,8,17,32,35,45],[1,3,8,32,35,45],[1,3,8,17,35,45],[1,3,8,17,32,45],[1,3,8,17,32,35]]","[3,3,3,4,4,4]",3.5,-0.63333333333333375,0.8958117873097825,downloads/official-1-1237/raw/api-0114.json,5fbcea0b168facf78123a48d620359ce4d6531eab07e7634de53ea9524c1ea99
102,20041113,17,22,24,26,35,40,42,24,56937962000,1000,56937962,4,0,"[[22,24,26,35,40,42],[17,24,26,35,40,42],[17,22,26,35,40,42],[17,22,24,35,40,42],[17,22,24,26,40,42],[17,22,24,26,35,42]]","[3,3,3,3,4,4]",3.3333333333333335,-0.80000000000000027,0.57220593880757442,downloads/official-1-1237/raw/api-0114.json,5fbcea0b168facf78123a48d620359ce4d6531eab07e7634de53ea9524c1ea99
103,20041120,5,14,15,27,30,45,10,38,57420615000,1000,57420615,5,1,"[[10,14,15,27,30,45],[5,10,15,27,30,45],[5,10,14,27,30,45],[5,10,14,15,30,45],[5,10,14,15,27,45],[5,10,14,15,27,30]]","[5,5,5,5,5,6]",5.166666666666667,1.0333333333333332,0.89837735106111283,downloads/official-1-1237/raw/api-0114.json,5fbcea0b168facf78123a48d620359ce4d6531eab07e7634de53ea9524c1ea99
104,20041127,17,32,33,34,42,44,35,23,56533705000,1000,56533705,1,0,"[[32,33,34,35,42,44],[17,33,34,35,42,44],[17,32,34,35,42,44],[17,32,33,35,42,44],[17,32,33,34,35,44],[17,32,33,34,35,42]]","[0,1,1,1,1,1]",0.83333333333333337,-3.3000000000000003,0.55228522524748735,downloads/official-1-1237/raw/api-0114.json,5fbcea0b168facf78123a48d620359ce4d6531eab07e7634de53ea9524c1ea99
105,20041204,8,10,20,34,41,45,28,26,57479716000,1000,57479716,3,1,"[[10,20,28,34,41,45],[8,20,28,34,41,45],[8,10,28,34,41,45],[8,10,20,28,41,45],[8,10,20,28,34,45],[8,10,20,28,34,41]]","[3,3,3,4,4,4]",3.5,-0.63333333333333375,0.61404722319783211,downloads/official-1-1237/raw/api-0114.json,5fbcea0b168facf78123a48d620359ce4d6531eab07e7634de53ea9524c1ea99
106,20041211,4,10,12,22,24,33,29,40,57384485000,1000,57384485,5,1,"[[10,12,22,24,29,33],[4,12,22,24,29,33],[4,10,22,24,29,33],[4,10,12,24,29,33],[4,10,12,22,29,33],[4,10,12,22,24,29]]","[5,5,5,5,5,6]",5.166666666666667,1.0333333333333332,0.94625576930767963,downloads/official-1-1237/raw/api-0114.json,5fbcea0b168facf78123a48d620359ce4d6531eab07e7634de53ea9524c1ea99
107,20041218,1,4,5,6,9,31,17,35,57545202000,1000,57545202,6,1,"[[4,5,6,9,17,31],[1,5,6,9,17,31],[1,4,6,9,17,31],[1,4,5,9,17,31],[1,4,5,6,17,31],[1,4,5,6,9,17]]","[6,6,6,6,6,6]",6,1.8666666666666663,0.82566136443486637,downloads/official-1-1237/raw/api-0114.json,5fbcea0b168facf78123a48d620359ce4d6531eab07e7634de53ea9524c1ea99
108,20041225,7,18,22,23,29,44,12,41,58875228000,1000,58875228,5,1,"[[12,18,22,23,29,44],[7,12,22,23,29,44],[7,12,18,23,29,44],[7,12,18,22,29,44],[7,12,18,22,23,44],[7,12,18,22,23,29]]","[5,5,5,5,5,6]",5.166666666666667,1.0333333333333332,0.94535362139064671,downloads/official-1-1237/raw/api-0113.json,ebb5ae00ad4ece25d39982060a3204c3c3aae14a499c7166492359745f3296c8
109,20050101,1,5,34,36,42,44,33,31,62584098000,1000,62584098,2,0,"[[5,33,34,36,42,44],[1,33,34,36,42,44],[1,5,33,36,42,44],[1,5,33,34,42,44],[1,5,33,34,36,44],[1,5,33,34,36,42]]","[1,1,2,2,2,2]",1.6666666666666667,-2.4666666666666668,0.67242017293274725,downloads/official-1-1237/raw/api-0113.json,ebb5ae00ad4ece25d39982060a3204c3c3aae14a499c7166492359745f3296c8
110,20050108,7,20,22,23,29,43,1,38,57625490000,1000,57625490,5,1,"[[1,20,22,23,29,43],[1,7,22,23,29,43],[1,7,20,23,29,43],[1,7,20,22,29,43],[1,7,20,22,23,43],[1,7,20,22,23,29]]","[5,5,5,5,5,6]",5.166666666666667,1.0333333333333332,0.89518336416748912,downloads/official-1-1237/raw/api-0113.json,ebb5ae00ad4ece25d39982060a3204c3c3aae14a499c7166492359745f3296c8
111,20050115,7,18,31,33,36,40,27,51,57876999000,1000,57876999,3,1,"[[18,27,31,33,36,40],[7,27,31,33,36,40],[7,18,27,33,36,40],[7,18,27,31,36,40],[7,18,27,31,33,40],[7,18,27,31,33,36]]","[3,3,3,4,4,4]",3.5,-0.63333333333333375,1.1962093957221245,downloads/official-1-1237/raw/api-0113.json,ebb5ae00ad4ece25d39982060a3204c3c3aae14a499c7166492359745f3296c8
112,20050122,26,29,30,33,41,42,43,32,59292005000,1000,59292005,3,0,"[[29,30,33,41,42,43],[26,30,33,41,42,43],[26,29,33,41,42,43],[26,29,30,41,42,43],[26,29,30,33,42,43],[26,29,30,33,41,43]]","[2,2,2,3,3,3]",2.5,-1.6333333333333337,0.73265054875442315,downloads/official-1-1237/raw/api-0113.json,ebb5ae00ad4ece25d39982060a3204c3c3aae14a499c7166492359745f3296c8
113,20050129,4,9,28,33,36,45,26,43,59258248000,1000,59258248,3,1,"[[9,26,28,33,36,45],[4,26,28,33,36,45],[4,9,26,33,36,45],[4,9,26,28,36,45],[4,9,26,28,33,45],[4,9,26,28,33,36]]","[3,3,3,4,4,4]",3.5,-0.63333333333333375,0.98506000379896486,downloads/official-1-1237/raw/api-0113.json,ebb5ae00ad4ece25d39982060a3204c3c3aae14a499c7166492359745f3296c8
114,20050205,11,14,19,26,28,41,2,41,60079401000,1000,60079401,5,1,"[[2,14,19,26,28,41],[2,11,19,26,28,41],[2,11,14,26,28,41],[2,11,14,19,28,41],[2,11,14,19,26,41],[2,11,14,19,26,28]]","[5,5,5,5,5,6]",5.166666666666667,1.0333333333333332,0.9264058741198169,downloads/official-1-1237/raw/api-0113.json,ebb5ae00ad4ece25d39982060a3204c3c3aae14a499c7166492359745f3296c8
115,20050212,1,2,6,9,25,28,31,34,59130557000,1000,59130557,6,1,"[[2,6,9,25,28,31],[1,6,9,25,28,31],[1,2,9,25,28,31],[1,2,6,25,28,31],[1,2,6,9,28,31],[1,2,6,9,25,31]]","[6,6,6,6,6,6]",6,1.8666666666666663,0.78056663663763559,downloads/official-1-1237/raw/api-0113.json,ebb5ae00ad4ece25d39982060a3204c3c3aae14a499c7166492359745f3296c8
116,20050219,2,4,25,31,34,37,17,56,61606084000,1000,61606084,4,1,"[[4,17,25,31,34,37],[2,17,25,31,34,37],[2,4,17,31,34,37],[2,4,17,25,34,37],[2,4,17,25,31,37],[2,4,17,25,31,34]]","[4,4,4,4,5,5]",4.333333333333333,0.19999999999999929,1.2339781246280805,downloads/official-1-1237/raw/api-0113.json,ebb5ae00ad4ece25d39982060a3204c3c3aae14a499c7166492359745f3296c8
117,20050226,5,10,22,34,36,44,35,50,59429610000,1000,59429610,3,0,"[[10,22,34,35,36,44],[5,22,34,35,36,44],[5,10,34,35,36,44],[5,10,22,35,36,44],[5,10,22,34,35,44],[5,10,22,34,35,36]]","[2,2,2,3,3,3]",2.5,-1.6333333333333337,1.14211585773489,downloads/official-1-1237/raw/api-0113.json,ebb5ae00ad4ece25d39982060a3204c3c3aae14a499c7166492359745f3296c8
118,20050305,3,4,10,17,19,22,38,41,57171934000,1000,57171934,6,0,"[[4,10,17,19,22,38],[3,10,17,19,22,38],[3,4,17,19,22,38],[3,4,10,19,22,38],[3,4,10,17,22,38],[3,4,10,17,19,38]]","[5,5,5,5,5,5]",5,0.86666666666666625,0.97351805520519907,downloads/official-1-1237/raw/api-0112.json,34d4dcc191b1a777069e58b4d76a87ca670eb0154a32ede1884f379de87aead1
119,20050312,3,11,13,14,17,21,38,49,57800632000,1000,57800632,6,0,"[[11,13,14,17,21,38],[3,13,14,17,21,38],[3,11,14,17,21,38],[3,11,13,17,21,38],[3,11,13,14,21,38],[3,11,13,14,17,38]]","[5,5,5,5,5,5]",5,0.86666666666666625,1.1508176934812755,downloads/official-1-1237/raw/api-0112.json,34d4dcc191b1a777069e58b4d76a87ca670eb0154a32ede1884f379de87aead1
120,20050319,4,6,10,11,32,37,30,31,57418983000,1000,57418983,4,1,"[[6,10,11,30,32,37],[4,10,11,30,32,37],[4,6,11,30,32,37],[4,6,10,30,32,37],[4,6,10,11,30,37],[4,6,10,11,30,32]]","[4,4,4,4,5,5]",4.333333333333333,0.19999999999999929,0.73290761698095563,downloads/official-1-1237/raw/api-0112.json,34d4dcc191b1a777069e58b4d76a87ca670eb0154a32ede1884f379de87aead1
121,20050326,12,28,30,34,38,43,9,31,57134544000,1000,57134544,3,1,"[[9,28,30,34,38,43],[9,12,30,34,38,43],[9,12,28,34,38,43],[9,12,28,30,38,43],[9,12,28,30,34,43],[9,12,28,30,34,38]]","[3,3,3,4,4,4]",3.5,-0.63333333333333375,0.73655632921477421,downloads/official-1-1237/raw/api-0112.json,34d4dcc191b1a777069e58b4d76a87ca670eb0154a32ede1884f379de87aead1
122,20050402,1,11,16,17,36,40,8,38,56171704000,1000,56171704,4,1,"[[8,11,16,17,36,40],[1,8,16,17,36,40],[1,8,11,17,36,40],[1,8,11,16,36,40],[1,8,11,16,17,40],[1,8,11,16,17,36]]","[4,4,4,4,5,5]",4.333333333333333,0.19999999999999929,0.91835170248707432,downloads/official-1-1237/raw/api-0112.json,34d4dcc191b1a777069e58b4d76a87ca670eb0154a32ede1884f379de87aead1
123,20050409,7,17,18,28,30,45,27,38,54097448000,1000,54097448,5,1,"[[17,18,27,28,30,45],[7,18,27,28,30,45],[7,17,27,28,30,45],[7,17,18,27,30,45],[7,17,18,27,28,45],[7,17,18,27,28,30]]","[5,5,5,5,5,6]",5.166666666666667,1.0333333333333332,0.95356402024731368,downloads/official-1-1237/raw/api-0112.json,34d4dcc191b1a777069e58b4d76a87ca670eb0154a32ede1884f379de87aead1
124,20050416,4,16,23,25,29,42,1,37,54180838000,1000,54180838,5,1,"[[1,16,23,25,29,42],[1,4,23,25,29,42],[1,4,16,25,29,42],[1,4,16,23,29,42],[1,4,16,23,25,42],[1,4,16,23,25,29]]","[5,5,5,5,5,6]",5.166666666666667,1.0333333333333332,0.92704121704429898,downloads/official-1-1237/raw/api-0112.json,34d4dcc191b1a777069e58b4d76a87ca670eb0154a32ede1884f379de87aead1
125,20050423,2,8,32,33,35,36,18,36,53149705000,1000,53149705,2,1,"[[8,18,32,33,35,36],[2,18,32,33,35,36],[2,8,18,33,35,36],[2,8,18,32,35,36],[2,8,18,32,33,36],[2,8,18,32,33,35]]","[2,2,3,3,3,3]",2.6666666666666665,-1.4666666666666672,0.91948506581551115,downloads/official-1-1237/raw/api-0112.json,34d4dcc191b1a777069e58b4d76a87ca670eb0154a32ede1884f379de87aead1
126,20050430,7,20,22,27,40,43,1,35,52748965000,1000,52748965,4,1,"[[1,20,22,27,40,43],[1,7,22,27,40,43],[1,7,20,27,40,43],[1,7,20,22,40,43],[1,7,20,22,27,43],[1,7,20,22,27,40]]","[4,4,4,4,5,5]",4.333333333333333,0.19999999999999929,0.90073520873821888,downloads/official-1-1237/raw/api-0112.json,34d4dcc191b1a777069e58b4d76a87ca670eb0154a32ede1884f379de87aead1
127,20050507,3,5,10,29,32,43,35,43,50752603000,1000,50752603,4,0,"[[5,10,29,32,35,43],[3,10,29,32,35,43],[3,5,29,32,35,43],[3,5,10,32,35,43],[3,5,10,29,35,43],[3,5,10,29,32,35]]","[3,3,3,3,4,4]",3.3333333333333335,-0.80000000000000027,1.15014652548954,downloads/official-1-1237/raw/api-0112.json,34d4dcc191b1a777069e58b4d76a87ca670eb0154a32ede1884f379de87aead1
128,20050514,12,30,34,36,37,45,39,23,52310392000,1000,52310392,2,0,"[[30,34,36,37,39,45],[12,34,36,37,39,45],[12,30,36,37,39,45],[12,30,34,37,39,45],[12,30,34,36,39,45],[12,30,34,36,37,39]]","[1,1,2,2,2,2]",1.6666666666666667,-2.4666666666666668,0.59687432661563689,downloads/official-1-1237/raw/api-0111.json,39319e70380d4d0d817733e341dce0cdf00648b47f1892f97d32922ae7679d9e
129,20050521,19,23,25,28,38,42,17,50,51555754000,1000,51555754,4,1,"[[17,23,25,28,38,42],[17,19,25,28,38,42],[17,19,23,28,38,42],[17,19,23,25,38,42],[17,19,23,25,28,42],[17,19,23,25,28,38]]","[4,4,4,4,5,5]",4.333333333333333,0.19999999999999929,1.3165455789861982,downloads/official-1-1237/raw/api-0111.json,39319e70380d4d0d817733e341dce0cdf00648b47f1892f97d32922ae7679d9e
130,20050528,7,19,24,27,42,45,31,30,51359012000,1000,51359012,4,1,"[[19,24,27,31,42,45],[7,24,27,31,42,45],[7,19,27,31,42,45],[7,19,24,31,42,45],[7,19,24,27,31,45],[7,19,24,27,31,42]]","[4,4,4,4,5,5]",4.333333333333333,0.19999999999999929,0.79295333796530199,downloads/official-1-1237/raw/api-0111.json,39319e70380d4d0d817733e341dce0cdf00648b47f1892f97d32922ae7679d9e
131,20050604,8,10,11,14,15,21,37,33,50231773000,1000,50231773,6,0,"[[10,11,14,15,21,37],[8,11,14,15,21,37],[8,10,14,15,21,37],[8,10,11,15,21,37],[8,10,11,14,21,37],[8,10,11,14,15,37]]","[5,5,5,5,5,5]",5,0.86666666666666625,0.89182259204746761,downloads/official-1-1237/raw/api-0111.json,39319e70380d4d0d817733e341dce0cdf00648b47f1892f97d32922ae7679d9e
132,20050611,3,17,23,34,41,45,43,34,49921897000,1000,49921897,3,0,"[[17,23,34,41,43,45],[3,23,34,41,43,45],[3,17,34,41,43,45],[3,17,23,41,43,45],[3,17,23,34,43,45],[3,17,23,34,41,43]]","[2,2,2,3,3,3]",2.5,-1.6333333333333337,0.92455100414152935,downloads/official-1-1237/raw/api-0111.json,39319e70380d4d0d817733e341dce0cdf00648b47f1892f97d32922ae7679d9e
133,20050618,4,7,15,18,23,26,13,51,50889926000,1000,50889926,6,1,"[[7,13,15,18,23,26],[4,13,15,18,23,26],[4,7,13,18,23,26],[4,7,13,15,23,26],[4,7,13,15,18,26],[4,7,13,15,18,23]]","[6,6,6,6,6,6]",6,1.8666666666666663,1.3604462698570243,downloads/official-1-1237/raw/api-0111.json,39319e70380d4d0d817733e341dce0cdf00648b47f1892f97d32922ae7679d9e
134,20050625,3,12,20,23,31,35,43,50,50445575000,1000,50445575,5,0,"[[12,20,23,31,35,43],[3,20,23,31,35,43],[3,12,23,31,35,43],[3,12,20,31,35,43],[3,12,20,23,35,43],[3,12,20,23,31,43]]","[4,4,4,4,4,5]",4.166666666666667,0.033333333333333215,1.3455194038327445,downloads/official-1-1237/raw/api-0111.json,39319e70380d4d0d817733e341dce0cdf00648b47f1892f97d32922ae7679d9e
135,20050702,6,14,22,28,35,39,16,28,51062672000,1000,51062672,4,1,"[[14,16,22,28,35,39],[6,16,22,28,35,39],[6,14,16,28,35,39],[6,14,16,22,35,39],[6,14,16,22,28,39],[6,14,16,22,28,35]]","[4,4,4,4,5,5]",4.333333333333333,0.19999999999999929,0.74438486101941548,downloads/official-1-1237/raw/api-0111.json,39319e70380d4d0d817733e341dce0cdf00648b47f1892f97d32922ae7679d9e
136,20050709,2,16,30,36,41,42,11,26,51144633000,1000,51144633,3,1,"[[11,16,30,36,41,42],[2,11,30,36,41,42],[2,11,16,36,41,42],[2,11,16,30,41,42],[2,11,16,30,36,42],[2,11,16,30,36,41]]","[3,3,3,4,4,4]",3.5,-0.63333333333333375,0.69010681922382744,downloads/official-1-1237/raw/api-0111.json,39319e70380d4d0d817733e341dce0cdf00648b47f1892f97d32922ae7679d9e
137,20050716,7,9,20,25,36,39,15,40,49978654000,1000,49978654,4,1,"[[9,15,20,25,36,39],[7,15,20,25,36,39],[7,9,15,25,36,39],[7,9,15,20,36,39],[7,9,15,20,25,39],[7,9,15,20,25,36]]","[4,4,4,4,5,5]",4.333333333333333,0.19999999999999929,1.0864718365564627,downloads/official-1-1237/raw/api-0111.json,39319e70380d4d0d817733e341dce0cdf00648b47f1892f97d32922ae7679d9e
138,20050723,10,11,27,28,37,39,19,32,47688450000,1000,47688450,4,1,"[[11,19,27,28,37,39],[10,19,27,28,37,39],[10,11,19,28,37,39],[10,11,19,27,37,39],[10,11,19,27,28,39],[10,11,19,27,28,37]]","[4,4,4,4,5,5]",4.333333333333333,0.19999999999999929,0.91091910095631123,downloads/official-1-1237/raw/api-0110.json,3f8d5bbe10c16712315109a0aa8bd8d44194db01e4d5e9348ebeddcd8b82cdd1
139,20050730,9,11,15,20,28,43,13,28,48371085000,1000,48371085,5,1,"[[11,13,15,20,28,43],[9,13,15,20,28,43],[9,11,13,20,28,43],[9,11,13,15,28,43],[9,11,13,15,20,43],[9,11,13,15,20,28]]","[5,5,5,5,5,6]",5.166666666666667,1.0333333333333332,0.78580581766979174,downloads/official-1-1237/raw/api-0110.json,3f8d5bbe10c16712315109a0aa8bd8d44194db01e4d5e9348ebeddcd8b82cdd1
140,20050806,3,13,17,18,19,28,8,34,45983464000,1000,45983464,6,1,"[[8,13,17,18,19,28],[3,8,17,18,19,28],[3,8,13,18,19,28],[3,8,13,17,19,28],[3,8,13,17,18,28],[3,8,13,17,18,19]]","[6,6,6,6,6,6]",6,1.8666666666666663,1.0037377784326993,downloads/official-1-1237/raw/api-0110.json,3f8d5bbe10c16712315109a0aa8bd8d44194db01e4d5e9348ebeddcd8b82cdd1
141,20050813,8,12,29,31,42,43,2,29,48016958000,1000,48016958,4,1,"[[2,12,29,31,42,43],[2,8,29,31,42,43],[2,8,12,31,42,43],[2,8,12,29,42,43],[2,8,12,29,31,43],[2,8,12,29,31,42]]","[4,4,4,4,5,5]",4.333333333333333,0.19999999999999929,0.81987263749611128,downloads/official-1-1237/raw/api-0110.json,3f8d5bbe10c16712315109a0aa8bd8d44194db01e4d5e9348ebeddcd8b82cdd1
142,20050820,12,16,30,34,40,44,19,28,48012844000,1000,48012844,3,1,"[[16,19,30,34,40,44],[12,19,30,34,40,44],[12,16,19,34,40,44],[12,16,19,30,40,44],[12,16,19,30,34,44],[12,16,19,30,34,40]]","[3,3,3,4,4,4]",3.5,-0.63333333333333375,0.79166899590451256,downloads/official-1-1237/raw/api-0110.json,3f8d5bbe10c16712315109a0aa8bd8d44194db01e4d5e9348ebeddcd8b82cdd1
143,20050827,26,27,28,42,43,45,8,35,49415357000,1000,49415357,3,1,"[[8,27,28,42,43,45],[8,26,28,42,43,45],[8,26,27,42,43,45],[8,26,27,28,43,45],[8,26,27,28,42,45],[8,26,27,28,42,43]]","[3,3,3,4,4,4]",3.5,-0.63333333333333375,0.96149968116187035,downloads/official-1-1237/raw/api-0110.json,3f8d5bbe10c16712315109a0aa8bd8d44194db01e4d5e9348ebeddcd8b82cdd1
144,20050903,4,15,17,26,36,37,43,38,49202521000,1000,49202521,4,0,"[[15,17,26,36,37,43],[4,17,26,36,37,43],[4,15,26,36,37,43],[4,15,17,36,37,43],[4,15,17,26,37,43],[4,15,17,26,36,43]]","[3,3,3,3,4,4]",3.3333333333333335,-0.80000000000000027,1.0484296119704923,downloads/official-1-1237/raw/api-0110.json,3f8d5bbe10c16712315109a0aa8bd8d44194db01e4d5e9348ebeddcd8b82cdd1
145,20050910,2,3,13,20,27,44,9,38,48913832000,1000,48913832,5,1,"[[3,9,13,20,27,44],[2,9,13,20,27,44],[2,3,9,20,27,44],[2,3,9,13,27,44],[2,3,9,13,20,44],[2,3,9,13,20,27]]","[5,5,5,5,5,6]",5.166666666666667,1.0333333333333332,1.0546174341850787,downloads/official-1-1237/raw/api-0110.json,3f8d5bbe10c16712315109a0aa8bd8d44194db01e4d5e9348ebeddcd8b82cdd1
146,20050917,2,19,27,35,41,42,25,34,50677555000,1000,50677555,3,1,"[[19,25,27,35,41,42],[2,25,27,35,41,42],[2,19,25,35,41,42],[2,19,25,27,41,42],[2,19,25,27,35,42],[2,19,25,27,35,41]]","[3,3,3,4,4,4]",3.5,-0.63333333333333375,0.9107649333121931,downloads/official-1-1237/raw/api-0110.json,3f8d5bbe10c16712315109a0aa8bd8d44194db01e4d5e9348ebeddcd8b82cdd1
147,20050924,4,6,13,21,40,42,36,35,50345605000,1000,50345605,4,0,"[[6,13,21,36,40,42],[4,13,21,36,40,42],[4,6,21,36,40,42],[4,6,13,36,40,42],[4,6,13,21,36,42],[4,6,13,21,36,40]]","[3,3,3,3,4,4]",3.3333333333333335,-0.80000000000000027,0.94373381748019514,downloads/official-1-1237/raw/api-0110.json,3f8d5bbe10c16712315109a0aa8bd8d44194db01e4d5e9348ebeddcd8b82cdd1
148,20051001,21,25,33,34,35,36,17,35,49523247000,1000,49523247,2,1,"[[17,25,33,34,35,36],[17,21,33,34,35,36],[17,21,25,34,35,36],[17,21,25,33,35,36],[17,21,25,33,34,36],[17,21,25,33,34,35]]","[2,2,3,3,3,3]",2.6666666666666665,-1.4666666666666672,0.95940498408757402,downloads/official-1-1237/raw/api-0109.json,459b38bf36367956b6135af91ee5c852f3b6f10a5fdd4a78860f9734677e00a5
149,20051008,2,11,21,34,41,42,27,43,48406950000,1000,48406950,3,1,"[[11,21,27,34,41,42],[2,21,27,34,41,42],[2,11,27,34,41,42],[2,11,21,27,41,42],[2,11,21,27,34,42],[2,11,21,27,34,41]]","[3,3,3,4,4,4]",3.5,-0.63333333333333375,1.2058791144660013,downloads/official-1-1237/raw/api-0109.json,459b38bf36367956b6135af91ee5c852f3b6f10a5fdd4a78860f9734677e00a5
150,20051015,2,18,25,28,37,39,16,46,48763778000,1000,48763778,4,1,"[[16,18,25,28,37,39],[2,16,25,28,37,39],[2,16,18,28,37,39],[2,16,18,25,37,39],[2,16,18,25,28,39],[2,16,18,25,28,37]]","[4,4,4,4,5,5]",4.333333333333333,0.19999999999999929,1.2805705907364273,downloads/official-1-1237/raw/api-0109.json,459b38bf36367956b6135af91ee5c852f3b6f10a5fdd4a78860f9734677e00a5
151,20051022,1,2,10,13,18,19,15,45,47357067000,1000,47357067,6,1,"[[2,10,13,15,18,19],[1,10,13,15,18,19],[1,2,13,15,18,19],[1,2,10,15,18,19],[1,2,10,13,15,19],[1,2,10,13,15,18]]","[6,6,6,6,6,6]",6,1.8666666666666663,1.289943695203928,downloads/official-1-1237/raw/api-0109.json,459b38bf36367956b6135af91ee5c852f3b6f10a5fdd4a78860f9734677e00a5
152,20051029,1,5,13,26,29,34,43,30,48180334000,1000,48180334,5,0,"[[5,13,26,29,34,43],[1,13,26,29,34,43],[1,5,26,29,34,43],[1,5,13,29,34,43],[1,5,13,26,34,43],[1,5,13,26,29,43]]","[4,4,4,4,4,5]",4.166666666666667,0.033333333333333215,0.84526811291926707,downloads/official-1-1237/raw/api-0109.json,459b38bf36367956b6135af91ee5c852f3b6f10a5fdd4a78860f9734677e00a5
153,20051105,3,8,11,12,13,36,33,52,47777735000,1000,47777735,5,0,"[[8,11,12,13,33,36],[3,11,12,13,33,36],[3,8,12,13,33,36],[3,8,11,13,33,36],[3,8,11,12,33,36],[3,8,11,12,13,33]]","[4,4,4,4,4,5]",4.166666666666667,0.033333333333333215,1.477477322857603,downloads/official-1-1237/raw/api-0109.json,459b38bf36367956b6135af91ee5c852f3b6f10a5fdd4a78860f9734677e00a5
154,20051112,6,19,21,35,40,45,20,32,48022386000,1000,48022386,3,1,"[[19,20,21,35,40,45],[6,20,21,35,40,45],[6,19,20,35,40,45],[6,19,20,21,40,45],[6,19,20,21,35,45],[6,19,20,21,35,40]]","[3,3,3,4,4,4]",3.5,-0.63333333333333375,0.90458479093479449,downloads/official-1-1237/raw/api-0109.json,459b38bf36367956b6135af91ee5c852f3b6f10a5fdd4a78860f9734677e00a5
155,20051119,16,19,20,32,33,41,4,37,46140202000,1000,46140202,3,1,"[[4,19,20,32,33,41],[4,16,20,32,33,41],[4,16,19,32,33,41],[4,16,19,20,33,41],[4,16,19,20,32,41],[4,16,19,20,32,33]]","[3,3,3,4,4,4]",3.5,-0.63333333333333375,1.0885923299598905,downloads/official-1-1237/raw/api-0109.json,459b38bf36367956b6135af91ee5c852f3b6f10a5fdd4a78860f9734677e00a5
156,20051126,5,18,28,30,42,45,2,30,47344584000,1000,47344584,4,1,"[[2,18,28,30,42,45],[2,5,28,30,42,45],[2,5,18,30,42,45],[2,5,18,28,42,45],[2,5,18,28,30,45],[2,5,18,28,30,42]]","[4,4,4,4,5,5]",4.333333333333333,0.19999999999999929,0.86018920347890271,downloads/official-1-1237/raw/api-0109.json,459b38bf36367956b6135af91ee5c852f3b6f10a5fdd4a78860f9734677e00a5
157,20051203,19,26,30,33,35,39,37,28,46853365000,1000,46853365,3,0,"[[26,30,33,35,37,39],[19,30,33,35,37,39],[19,26,33,35,37,39],[19,26,30,35,37,39],[19,26,30,33,37,39],[19,26,30,33,35,37]]","[2,2,2,3,3,3]",2.5,-1.6333333333333337,0.81126040787038456,downloads/official-1-1237/raw/api-0109.json,459b38bf36367956b6135af91ee5c852f3b6f10a5fdd4a78860f9734677e00a5
158,20051210,4,9,13,18,21,34,7,45,46368888000,1000,46368888,5,1,"[[7,9,13,18,21,34],[4,7,13,18,21,34],[4,7,9,18,21,34],[4,7,9,13,21,34],[4,7,9,13,18,34],[4,7,9,13,18,21]]","[5,5,5,5,5,6]",5.166666666666667,1.0333333333333332,1.3174340087689833,downloads/official-1-1237/raw/api-0108.json,e1e859b8fef39c5e8bbff5a9f67da140e5e77ed9ee194d9db7afd8f87f5eff40
159,20051217,1,18,30,41,42,43,32,24,44311926000,1000,44311926,3,0,"[[18,30,32,41,42,43],[1,30,32,41,42,43],[1,18,32,41,42,43],[1,18,30,32,42,43],[1,18,30,32,41,43],[1,18,30,32,41,42]]","[2,2,2,3,3,3]",2.5,-1.6333333333333337,0.73524766222077553,downloads/official-1-1237/raw/api-0108.json,e1e859b8fef39c5e8bbff5a9f67da140e5e77ed9ee194d9db7afd8f87f5eff40
160,20051224,3,7,8,34,39,41,1,32,46833239000,1000,46833239,3,1,"[[1,7,8,34,39,41],[1,3,8,34,39,41],[1,3,7,34,39,41],[1,3,7,8,39,41],[1,3,7,8,34,41],[1,3,7,8,34,39]]","[3,3,3,4,4,4]",3.5,-0.63333333333333375,0.92755318503595274,downloads/official-1-1237/raw/api-0108.json,e1e859b8fef39c5e8bbff5a9f67da140e5e77ed9ee194d9db7afd8f87f5eff40
161,20051231,22,34,36,40,42,45,44,63,53096453000,1000,53096453,1,0,"[[34,36,40,42,44,45],[22,36,40,42,44,45],[22,34,40,42,44,45],[22,34,36,42,44,45],[22,34,36,40,44,45],[22,34,36,40,42,44]]","[0,1,1,1,1,1]",0.83333333333333337,-3.3000000000000003,1.6107126779259624,downloads/official-1-1237/raw/api-0108.json,e1e859b8fef39c5e8bbff5a9f67da140e5e77ed9ee194d9db7afd8f87f5eff40
162,20060107,1,5,21,25,38,41,24,33,49050086000,1000,49050086,4,1,"[[5,21,24,25,38,41],[1,21,24,25,38,41],[1,5,24,25,38,41],[1,5,21,24,38,41],[1,5,21,24,25,41],[1,5,21,24,25,38]]","[4,4,4,4,5,5]",4.333333333333333,0.19999999999999929,0.91330787880779662,downloads/official-1-1237/raw/api-0108.json,e1e859b8fef39c5e8bbff5a9f67da140e5e77ed9ee194d9db7afd8f87f5eff40
163,20060114,7,11,26,28,29,44,16,47,49018952000,1000,49018952,5,1,"[[11,16,26,28,29,44],[7,16,26,28,29,44],[7,11,16,28,29,44],[7,11,16,26,29,44],[7,11,16,26,28,44],[7,11,16,26,28,29]]","[5,5,5,5,5,6]",5.166666666666667,1.0333333333333332,1.3015980023399929,downloads/official-1-1237/raw/api-0108.json,e1e859b8fef39c5e8bbff5a9f67da140e5e77ed9ee194d9db7afd8f87f5eff40
164,20060121,6,9,10,11,39,41,27,39,53052119000,1000,53052119,4,1,"[[9,10,11,27,39,41],[6,10,11,27,39,41],[6,9,11,27,39,41],[6,9,10,27,39,41],[6,9,10,11,27,41],[6,9,10,11,27,39]]","[4,4,4,4,5,5]",4.333333333333333,0.19999999999999929,0.99794110014719672,downloads/official-1-1237/raw/api-0108.json,e1e859b8fef39c5e8bbff5a9f67da140e5e77ed9ee194d9db7afd8f87f5eff40
165,20060128,5,13,18,19,22,42,31,40,58088118000,1000,58088118,5,1,"[[13,18,19,22,31,42],[5,18,19,22,31,42],[5,13,19,22,31,42],[5,13,18,22,31,42],[5,13,18,19,31,42],[5,13,18,19,22,31]]","[5,5,5,5,5,6]",5.166666666666667,1.0333333333333332,0.93479358377560107,downloads/official-1-1237/raw/api-0108.json,e1e859b8fef39c5e8bbff5a9f67da140e5e77ed9ee194d9db7afd8f87f5eff40
166,20060204,9,12,27,36,39,45,14,28,52157466000,1000,52157466,3,1,"[[12,14,27,36,39,45],[9,14,27,36,39,45],[9,12,14,36,39,45],[9,12,14,27,39,45],[9,12,14,27,36,45],[9,12,14,27,36,39]]","[3,3,3,4,4,4]",3.5,-0.63333333333333375,0.7287600973559567,downloads/official-1-1237/raw/api-0108.json,e1e859b8fef39c5e8bbff5a9f67da140e5e77ed9ee194d9db7afd8f87f5eff40
167,20060211,24,27,28,30,36,39,4,36,52744392000,1000,52744392,4,1,"[[4,27,28,30,36,39],[4,24,28,30,36,39],[4,24,27,30,36,39],[4,24,27,28,36,39],[4,24,27,28,30,39],[4,24,27,28,30,36]]","[4,4,4,4,5,5]",4.333333333333333,0.19999999999999929,0.92655082648407439,downloads/official-1-1237/raw/api-0108.json,e1e859b8fef39c5e8bbff5a9f67da140e5e77ed9ee194d9db7afd8f87f5eff40
168,20060218,3,10,31,40,42,43,30,54,51496212000,1000,51496212,3,1,"[[10,30,31,40,42,43],[3,30,31,40,42,43],[3,10,30,40,42,43],[3,10,30,31,42,43],[3,10,30,31,40,43],[3,10,30,31,40,42]]","[3,3,3,4,4,4]",3.5,-0.63333333333333375,1.4235132479258863,downloads/official-1-1237/raw/api-0107.json,d8d6005355e102cac58b487ab95c1b57b39713f2431febf0bbb4bc722b723041
169,20060225,16,27,35,37,43,45,19,31,52076183000,1000,52076183,2,1,"[[19,27,35,37,43,45],[16,19,35,37,43,45],[16,19,27,37,43,45],[16,19,27,35,43,45],[16,19,27,35,37,45],[16,19,27,35,37,43]]","[2,2,3,3,3,3]",2.6666666666666665,-1.4666666666666672,0.80810089326247281,downloads/official-1-1237/raw/api-0107.json,d8d6005355e102cac58b487ab95c1b57b39713f2431febf0bbb4bc722b723041
170,20060304,2,11,13,15,31,42,10,27,49718245000,1000,49718245,5,1,"[[10,11,13,15,31,42],[2,10,13,15,31,42],[2,10,11,15,31,42],[2,10,11,13,31,42],[2,10,11,13,15,42],[2,10,11,13,15,31]]","[5,5,5,5,5,6]",5.166666666666667,1.0333333333333332,0.73720965009927442,downloads/official-1-1237/raw/api-0107.json,d8d6005355e102cac58b487ab95c1b57b39713f2431febf0bbb4bc722b723041
171,20060311,4,16,25,29,34,35,1,19,50357474000,1000,50357474,4,1,"[[1,16,25,29,34,35],[1,4,25,29,34,35],[1,4,16,29,34,35],[1,4,16,25,34,35],[1,4,16,25,29,35],[1,4,16,25,29,34]]","[4,4,4,4,5,5]",4.333333333333333,0.19999999999999929,0.51219189429557166,downloads/official-1-1237/raw/api-0107.json,d8d6005355e102cac58b487ab95c1b57b39713f2431febf0bbb4bc722b723041
172,20060318,4,19,21,24,26,41,35,19,50758266000,1000,50758266,5,0,"[[19,21,24,26,35,41],[4,21,24,26,35,41],[4,19,24,26,35,41],[4,19,21,26,35,41],[4,19,21,24,35,41],[4,19,21,24,26,35]]","[4,4,4,4,4,5]",4.166666666666667,0.033333333333333215,0.50814757935190302,downloads/official-1-1237/raw/api-0107.json,d8d6005355e102cac58b487ab95c1b57b39713f2431febf0bbb4bc722b723041
173,20060325,3,9,24,30,33,34,18,63,52286521000,1000,52286521,4,1,"[[9,18,24,30,33,34],[3,18,24,30,33,34],[3,9,18,30,33,34],[3,9,18,24,33,34],[3,9,18,24,30,34],[3,9,18,24,30,33]]","[4,4,4,4,5,5]",4.333333333333333,0.19999999999999929,1.6356630421060143,downloads/official-1-1237/raw/api-0107.json,d8d6005355e102cac58b487ab95c1b57b39713f2431febf0bbb4bc722b723041
174,20060401,13,14,18,22,35,39,16,26,52340568000,1000,52340568,4,1,"[[14,16,18,22,35,39],[13,16,18,22,35,39],[13,14,16,22,35,39],[13,14,16,18,35,39],[13,14,16,18,22,39],[13,14,16,18,22,35]]","[4,4,4,4,5,5]",4.333333333333333,0.19999999999999929,0.67433849781683686,downloads/official-1-1237/raw/api-0107.json,d8d6005355e102cac58b487ab95c1b57b39713f2431febf0bbb4bc722b723041
175,20060408,19,26,28,31,33,36,17,48,50895147000,1000,50895147,4,1,"[[17,26,28,31,33,36],[17,19,28,31,33,36],[17,19,26,31,33,36],[17,19,26,28,33,36],[17,19,26,28,31,36],[17,19,26,28,31,33]]","[4,4,4,4,5,5]",4.333333333333333,0.19999999999999929,1.2802886687801491,downloads/official-1-1237/raw/api-0107.json,d8d6005355e102cac58b487ab95c1b57b39713f2431febf0bbb4bc722b723041
176,20060415,4,17,30,32,33,34,15,40,50488528000,1000,50488528,3,1,"[[15,17,30,32,33,34],[4,15,30,32,33,34],[4,15,17,32,33,34],[4,15,17,30,33,34],[4,15,17,30,32,34],[4,15,17,30,32,33]]","[3,3,3,4,4,4]",3.5,-0.63333333333333375,1.0754997650159259,downloads/official-1-1237/raw/api-0107.json,d8d6005355e102cac58b487ab95c1b57b39713f2431febf0bbb4bc722b723041
177,20060422,1,10,13,16,37,43,6,30,50480325000,1000,50480325,4,1,"[[6,10,13,16,37,43],[1,6,13,16,37,43],[1,6,10,16,37,43],[1,6,10,13,37,43],[1,6,10,13,16,43],[1,6,10,13,16,37]]","[4,4,4,4,5,5]",4.333333333333333,0.19999999999999929,0.80675589945191517,downloads/official-1-1237/raw/api-0107.json,d8d6005355e102cac58b487ab95c1b57b39713f2431febf0bbb4bc722b723041
178,20060429,1,5,11,12,18,23,9,44,49582758000,1000,49582758,6,1,"[[5,9,11,12,18,23],[1,9,11,12,18,23],[1,5,9,12,18,23],[1,5,9,11,18,23],[1,5,9,11,12,23],[1,5,9,11,12,18]]","[6,6,6,6,6,6]",6,1.8666666666666663,1.2046615075345344,downloads/official-1-1237/raw/api-0106.json,067f44f6c12aed8258861176d45035b9daacc5b2b898aa0beedfd1ca83899de0
179,20060506,5,9,17,25,39,43,32,53,47291694000,1000,47291694,4,0,"[[9,17,25,32,39,43],[5,17,25,32,39,43],[5,9,25,32,39,43],[5,9,17,32,39,43],[5,9,17,25,32,43],[5,9,17,25,32,39]]","[3,3,3,3,4,4]",3.3333333333333335,-0.80000000000000027,1.521367155932287,downloads/official-1-1237/raw/api-0106.json,067f44f6c12aed8258861176d45035b9daacc5b2b898aa0beedfd1ca83899de0
180,20060513,2,15,20,21,29,34,22,35,48895477000,1000,48895477,5,1,"[[15,20,21,22,29,34],[2,20,21,22,29,34],[2,15,21,22,29,34],[2,15,20,22,29,34],[2,15,20,21,22,34],[2,15,20,21,22,29]]","[5,5,5,5,5,6]",5.166666666666667,1.0333333333333332,0.97172280372681508,downloads/official-1-1237/raw/api-0106.json,067f44f6c12aed8258861176d45035b9daacc5b2b898aa0beedfd1ca83899de0
181,20060520,14,21,23,32,40,45,44,24,49124446000,1000,49124446,3,0,"[[21,23,32,40,44,45],[14,23,32,40,44,45],[14,21,32,40,44,45],[14,21,23,40,44,45],[14,21,23,32,44,45],[14,21,23,32,40,44]]","[2,2,2,3,3,3]",2.5,-1.6333333333333337,0.66321847171569126,downloads/official-1-1237/raw/api-0106.json,067f44f6c12aed8258861176d45035b9daacc5b2b898aa0beedfd1ca83899de0
182,20060527,13,15,27,29,34,40,35,44,47222594000,1000,47222594,4,0,"[[15,27,29,34,35,40],[13,27,29,34,35,40],[13,15,29,34,35,40],[13,15,27,34,35,40],[13,15,27,29,35,40],[13,15,27,29,34,35]]","[3,3,3,3,4,4]",3.3333333333333335,-0.80000000000000027,1.2648699476356593,downloads/official-1-1237/raw/api-0106.json,067f44f6c12aed8258861176d45035b9daacc5b2b898aa0beedfd1ca83899de0
183,20060603,2,18,24,34,40,42,5,25,45938460000,1000,45938460,3,1,"[[5,18,24,34,40,42],[2,5,24,34,40,42],[2,5,18,34,40,42],[2,5,18,24,40,42],[2,5,18,24,34,42],[2,5,18,24,34,40]]","[3,3,3,4,4,4]",3.5,-0.63333333333333375,0.73876551368940102,downloads/official-1-1237/raw/api-0106.json,067f44f6c12aed8258861176d45035b9daacc5b2b898aa0beedfd1ca83899de0
184,20060610,1,2,6,16,20,33,41,31,45503351000,1000,45503351,5,0,"[[2,6,16,20,33,41],[1,6,16,20,33,41],[1,2,16,20,33,41],[1,2,6,20,33,41],[1,2,6,16,33,41],[1,2,6,16,20,41]]","[4,4,4,4,4,5]",4.166666666666667,0.033333333333333215,0.92482881095943903,downloads/official-1-1237/raw/api-0106.json,067f44f6c12aed8258861176d45035b9daacc5b2b898aa0beedfd1ca83899de0
185,20060617,1,2,4,8,19,38,14,34,45783088000,1000,45783088,5,1,"[[2,4,8,14,19,38],[1,4,8,14,19,38],[1,2,8,14,19,38],[1,2,4,14,19,38],[1,2,4,8,14,38],[1,2,4,8,14,19]]","[5,5,5,5,5,6]",5.166666666666667,1.0333333333333332,1.0081307752766699,downloads/official-1-1237/raw/api-0106.json,067f44f6c12aed8258861176d45035b9daacc5b2b898aa0beedfd1ca83899de0
186,20060624,4,10,14,19,21,45,9,46,45484428000,1000,45484428,5,1,"[[9,10,14,19,21,45],[4,9,14,19,21,45],[4,9,10,19,21,45],[4,9,10,14,21,45],[4,9,10,14,19,45],[4,9,10,14,19,21]]","[5,5,5,5,5,6]",5.166666666666667,1.0333333333333332,1.3728975551808633,downloads/official-1-1237/raw/api-0106.json,067f44f6c12aed8258861176d45035b9daacc5b2b898aa0beedfd1ca83899de0
187,20060701,1,2,8,18,29,38,42,19,45855961000,1000,45855961,5,0,"[[2,8,18,29,38,42],[1,8,18,29,38,42],[1,2,18,29,38,42],[1,2,8,29,38,42],[1,2,8,18,38,42],[1,2,8,18,29,42]]","[4,4,4,4,4,5]",4.166666666666667,0.033333333333333215,0.56247191068572311,downloads/official-1-1237/raw/api-0106.json,067f44f6c12aed8258861176d45035b9daacc5b2b898aa0beedfd1ca83899de0
188,20060708,19,24,27,30,31,34,36,33,45176242000,1000,45176242,5,0,"[[24,27,30,31,34,36],[19,27,30,31,34,36],[19,24,30,31,34,36],[19,24,27,31,34,36],[19,24,27,30,34,36],[19,24,27,30,31,36]]","[4,4,4,4,4,5]",4.166666666666667,0.033333333333333215,0.99162365032487654,downloads/official-1-1237/raw/api-0105.json,ec45cf60556300e25c2698614a161d7cd7ea765a112ff33852a7980a5b2c8794
189,20060715,8,14,32,35,37,45,28,33,43650551000,1000,43650551,2,1,"[[14,28,32,35,37,45],[8,28,32,35,37,45],[8,14,28,35,37,45],[8,14,28,32,37,45],[8,14,28,32,35,45],[8,14,28,32,35,37]]","[2,2,3,3,3,3]",2.6666666666666665,-1.4666666666666672,1.0262832650153717,downloads/official-1-1237/raw/api-0105.json,ec45cf60556300e25c2698614a161d7cd7ea765a112ff33852a7980a5b2c8794
190,20060722,8,14,18,30,31,44,15,33,44864459000,1000,44864459,5,1,"[[14,15,18,30,31,44],[8,15,18,30,31,44],[8,14,15,30,31,44],[8,14,15,18,31,44],[8,14,15,18,30,44],[8,14,15,18,30,31]]","[5,5,5,5,5,6]",5.166666666666667,1.0333333333333332,0.99851488234818564,downloads/official-1-1237/raw/api-0105.json,ec45cf60556300e25c2698614a161d7cd7ea765a112ff33852a7980a5b2c8794
191,20060729,5,6,24,25,32,37,8,23,44534869000,1000,44534869,4,1,"[[6,8,24,25,32,37],[5,8,24,25,32,37],[5,6,8,25,32,37],[5,6,8,24,32,37],[5,6,8,24,25,37],[5,6,8,24,25,32]]","[4,4,4,4,5,5]",4.333333333333333,0.19999999999999929,0.70108503069808059,downloads/official-1-1237/raw/api-0105.json,ec45cf60556300e25c2698614a161d7cd7ea765a112ff33852a7980a5b2c8794
192,20060805,4,8,11,18,37,45,33,38,42035065000,1000,42035065,4,0,"[[8,11,18,33,37,45],[4,11,18,33,37,45],[4,8,18,33,37,45],[4,8,11,33,37,45],[4,8,11,18,33,45],[4,8,11,18,33,37]]","[3,3,3,3,4,4]",3.3333333333333335,-0.80000000000000027,1.2271987684567633,downloads/official-1-1237/raw/api-0105.json,ec45cf60556300e25c2698614a161d7cd7ea765a112ff33852a7980a5b2c8794
193,20060812,6,14,18,26,36,39,13,20,43788477000,1000,43788477,4,1,"[[13,14,18,26,36,39],[6,13,18,26,36,39],[6,13,14,26,36,39],[6,13,14,18,36,39],[6,13,14,18,26,39],[6,13,14,18,26,36]]","[4,4,4,4,5,5]",4.333333333333333,0.19999999999999929,0.62003069894392537,downloads/official-1-1237/raw/api-0105.json,ec45cf60556300e25c2698614a161d7cd7ea765a112ff33852a7980a5b2c8794
194,20060819,15,20,23,26,39,44,28,21,44511515000,1000,44511515,4,1,"[[20,23,26,28,39,44],[15,23,26,28,39,44],[15,20,26,28,39,44],[15,20,23,28,39,44],[15,20,23,26,28,44],[15,20,23,26,28,39]]","[4,4,4,4,5,5]",4.333333333333333,0.19999999999999929,0.64045696939320085,downloads/official-1-1237/raw/api-0105.json,ec45cf60556300e25c2698614a161d7cd7ea765a112ff33852a7980a5b2c8794
195,20060826,7,10,19,22,35,40,31,66,44374725000,1000,44374725,4,1,"[[10,19,22,31,35,40],[7,19,22,31,35,40],[7,10,22,31,35,40],[7,10,19,31,35,40],[7,10,19,22,31,40],[7,10,19,22,31,35]]","[4,4,4,4,5,5]",4.333333333333333,0.19999999999999929,2.0190696393048069,downloads/official-1-1237/raw/api-0105.json,ec45cf60556300e25c2698614a161d7cd7ea765a112ff33852a7980a5b2c8794
196,20060902,35,36,37,41,44,45,30,27,45773496000,1000,45773496,0,1,"[[30,36,37,41,44,45],[30,35,37,41,44,45],[30,35,36,41,44,45],[30,35,36,37,44,45],[30,35,36,37,41,45],[30,35,36,37,41,44]]","[1,1,1,1,1,1]",1,-3.1333333333333337,0.80074220243085648,downloads/official-1-1237/raw/api-0105.json,ec45cf60556300e25c2698614a161d7cd7ea765a112ff33852a7980a5b2c8794
197,20060909,7,12,16,34,42,45,4,42,45993306000,1000,45993306,3,1,"[[4,12,16,34,42,45],[4,7,16,34,42,45],[4,7,12,34,42,45],[4,7,12,16,42,45],[4,7,12,16,34,45],[4,7,12,16,34,42]]","[3,3,3,4,4,4]",3.5,-0.63333333333333375,1.2396460476226692,downloads/official-1-1237/raw/api-0105.json,ec45cf60556300e25c2698614a161d7cd7ea765a112ff33852a7980a5b2c8794
198,20060916,12,19,20,25,41,45,2,25,45614021000,1000,45614021,4,1,"[[2,19,20,25,41,45],[2,12,20,25,41,45],[2,12,19,25,41,45],[2,12,19,20,41,45],[2,12,19,20,25,45],[2,12,19,20,25,41]]","[4,4,4,4,5,5]",4.333333333333333,0.19999999999999929,0.74402013363391051,downloads/official-1-1237/raw/api-0104.json,898dca433ce69388bd60f51de76c2d03715ff1d1f3f0df1fae292eaeba04634e
199,20060923,14,21,22,25,30,36,43,23,45021068000,1000,45021068,5,0,"[[21,22,25,30,36,43],[14,22,25,30,36,43],[14,21,25,30,36,43],[14,21,22,30,36,43],[14,21,22,25,36,43],[14,21,22,25,30,43]]","[4,4,4,4,4,5]",4.166666666666667,0.033333333333333215,0.69351375671496729,downloads/official-1-1237/raw/api-0104.json,898dca433ce69388bd60f51de76c2d03715ff1d1f3f0df1fae292eaeba04634e
200,20060930,5,6,13,14,17,20,7,58,46640423000,1000,46640423,6,1,"[[6,7,13,14,17,20],[5,7,13,14,17,20],[5,6,7,14,17,20],[5,6,7,13,17,20],[5,6,7,13,14,20],[5,6,7,13,14,17]]","[6,6,6,6,6,6]",6,1.8666666666666663,1.6881403498420244,downloads/official-1-1237/raw/api-0104.json,898dca433ce69388bd60f51de76c2d03715ff1d1f3f0df1fae292eaeba04634e
201,20061007,3,11,24,38,39,44,26,37,42254768000,1000,42254768,3,1,"[[11,24,26,38,39,44],[3,24,26,38,39,44],[3,11,26,38,39,44],[3,11,24,26,39,44],[3,11,24,26,38,44],[3,11,24,26,38,39]]","[3,3,3,4,4,4]",3.5,-0.63333333333333375,1.1886911791824297,downloads/official-1-1237/raw/api-0104.json,898dca433ce69388bd60f51de76c2d03715ff1d1f3f0df1fae292eaeba04634e
202,20061014,12,14,27,33,39,44,17,40,48304034000,1000,48304034,3,1,"[[14,17,27,33,39,44],[12,17,27,33,39,44],[12,14,17,33,39,44],[12,14,17,27,39,44],[12,14,17,27,33,44],[12,14,17,27,33,39]]","[3,3,3,4,4,4]",3.5,-0.63333333333333375,1.1241379964248948,downloads/official-1-1237/raw/api-0104.json,898dca433ce69388bd60f51de76c2d03715ff1d1f3f0df1fae292eaeba04634e
203,20061021,1,3,11,24,30,32,7,43,47033359000,1000,47033359,5,1,"[[3,7,11,24,30,32],[1,7,11,24,30,32],[1,3,7,24,30,32],[1,3,7,11,30,32],[1,3,7,11,24,32],[1,3,7,11,24,30]]","[5,5,5,5,5,6]",5.166666666666667,1.0333333333333332,1.2410963461061755,downloads/official-1-1237/raw/api-0104.json,898dca433ce69388bd60f51de76c2d03715ff1d1f3f0df1fae292eaeba04634e
204,20061028,3,12,14,35,40,45,5,23,46077750000,1000,46077750,3,1,"[[5,12,14,35,40,45],[3,5,14,35,40,45],[3,5,12,35,40,45],[3,5,12,14,40,45],[3,5,12,14,35,45],[3,5,12,14,35,40]]","[3,3,3,4,4,4]",3.5,-0.63333333333333375,0.67760969231353529,downloads/official-1-1237/raw/api-0104.json,898dca433ce69388bd60f51de76c2d03715ff1d1f3f0df1fae292eaeba04634e
205,20061104,1,3,21,29,35,37,30,21,46330516000,1000,46330516,4,1,"[[3,21,29,30,35,37],[1,21,29,30,35,37],[1,3,29,30,35,37],[1,3,21,30,35,37],[1,3,21,29,30,37],[1,3,21,29,30,35]]","[4,4,4,4,5,5]",4.333333333333333,0.19999999999999929,0.61531173104137238,downloads/official-1-1237/raw/api-0104.json,898dca433ce69388bd60f51de76c2d03715ff1d1f3f0df1fae292eaeba04634e
206,20061111,1,2,3,15,20,25,43,36,44326979000,1000,44326979,6,0,"[[2,3,15,20,25,43],[1,3,15,20,25,43],[1,2,15,20,25,43],[1,2,3,20,25,43],[1,2,3,15,25,43],[1,2,3,15,20,43]]","[5,5,5,5,5,5]",5,0.86666666666666625,1.1024969691708519,downloads/official-1-1237/raw/api-0104.json,898dca433ce69388bd60f51de76c2d03715ff1d1f3f0df1fae292eaeba04634e
207,20061118,3,11,14,31,32,37,38,37,45282336000,1000,45282336,4,0,"[[11,14,31,32,37,38],[3,14,31,32,37,38],[3,11,31,32,37,38],[3,11,14,32,37,38],[3,11,14,31,37,38],[3,11,14,31,32,38]]","[3,3,3,3,4,4]",3.3333333333333335,-0.80000000000000027,1.1092155228034173,downloads/official-1-1237/raw/api-0104.json,898dca433ce69388bd60f51de76c2d03715ff1d1f3f0df1fae292eaeba04634e
208,20061125,14,25,31,34,40,44,24,34,45516378000,1000,45516378,3,1,"[[24,25,31,34,40,44],[14,24,31,34,40,44],[14,24,25,34,40,44],[14,24,25,31,40,44],[14,24,25,31,34,44],[14,24,25,31,34,40]]","[3,3,3,4,4,4]",3.5,-0.63333333333333375,1.0140380677917737,downloads/official-1-1237/raw/api-0103.json,b53c416c78cad342a89490a2782db410c07cceb265b3e427addc6797db252c82
209,20061202,2,7,18,20,24,33,37,34,43753377000,1000,43753377,5,0,"[[7,18,20,24,33,37],[2,18,20,24,33,37],[2,7,20,24,33,37],[2,7,18,24,33,37],[2,7,18,20,33,37],[2,7,18,20,24,37]]","[4,4,4,4,4,5]",4.166666666666667,0.033333333333333215,1.0548977739478258,downloads/official-1-1237/raw/api-0103.json,b53c416c78cad342a89490a2782db410c07cceb265b3e427addc6797db252c82
210,20061209,10,19,22,23,25,37,39,46,44757963000,1000,44757963,5,0,"[[19,22,23,25,37,39],[10,22,23,25,37,39],[10,19,23,25,37,39],[10,19,22,25,37,39],[10,19,22,23,37,39],[10,19,22,23,25,39]]","[4,4,4,4,4,5]",4.166666666666667,0.033333333333333215,1.395181009466405,downloads/official-1-1237/raw/api-0103.json,b53c416c78cad342a89490a2782db410c07cceb265b3e427addc6797db252c82
211,20061216,12,13,17,20,33,41,8,29,45332675000,1000,45332675,4,1,"[[8,13,17,20,33,41],[8,12,17,20,33,41],[8,12,13,20,33,41],[8,12,13,17,33,41],[8,12,13,17,20,41],[8,12,13,17,20,33]]","[4,4,4,4,5,5]",4.333333333333333,0.19999999999999929,0.86841974359554119,downloads/official-1-1237/raw/api-0103.json,b53c416c78cad342a89490a2782db410c07cceb265b3e427addc6797db252c82
212,20061223,11,12,18,21,31,38,8,36,46139120000,1000,46139120,5,1,"[[8,12,18,21,31,38],[8,11,18,21,31,38],[8,11,12,21,31,38],[8,11,12,18,31,38],[8,11,12,18,21,38],[8,11,12,18,21,31]]","[5,5,5,5,5,6]",5.166666666666667,1.0333333333333332,1.059195754058595,downloads/official-1-1237/raw/api-0103.json,b53c416c78cad342a89490a2782db410c07cceb265b3e427addc6797db252c82
213,20061230,2,3,4,5,20,24,42,33,48745094000,1000,48745094,6,0,"[[3,4,5,20,24,42],[2,4,5,20,24,42],[2,3,5,20,24,42],[2,3,4,20,24,42],[2,3,4,5,24,42],[2,3,4,5,20,42]]","[5,5,5,5,5,5]",5,0.86666666666666625,0.91902233279107026,downloads/official-1-1237/raw/api-0103.json,b53c416c78cad342a89490a2782db410c07cceb265b3e427addc6797db252c82
214,20070106,5,7,20,25,28,37,32,36,49195740000,1000,49195740,5,0,"[[7,20,25,28,32,37],[5,20,25,28,32,37],[5,7,25,28,32,37],[5,7,20,28,32,37],[5,7,20,25,32,37],[5,7,20,25,28,32]]","[4,4,4,4,4,5]",4.166666666666667,0.033333333333333215,0.99338601269134275,downloads/official-1-1237/raw/api-0103.json,b53c416c78cad342a89490a2782db410c07cceb265b3e427addc6797db252c82
215,20070113,2,3,7,15,43,44,4,32,47675761000,1000,47675761,4,1,"[[3,4,7,15,43,44],[2,4,7,15,43,44],[2,3,4,15,43,44],[2,3,4,7,43,44],[2,3,4,7,15,44],[2,3,4,7,15,43]]","[4,4,4,4,5,5]",4.333333333333333,0.19999999999999929,0.91116154391326865,downloads/official-1-1237/raw/api-0103.json,b53c416c78cad342a89490a2782db410c07cceb265b3e427addc6797db252c82
216,20070120,7,16,17,33,36,40,1,63,48342018000,1000,48342018,3,1,"[[1,16,17,33,36,40],[1,7,17,33,36,40],[1,7,16,33,36,40],[1,7,16,17,36,40],[1,7,16,17,33,40],[1,7,16,17,33,36]]","[3,3,3,4,4,4]",3.5,-0.63333333333333375,1.7691261874918005,downloads/official-1-1237/raw/api-0103.json,b53c416c78cad342a89490a2782db410c07cceb265b3e427addc6797db252c82
217,20070127,16,20,27,33,35,39,38,29,48260644000,1000,48260644,3,0,"[[20,27,33,35,38,39],[16,27,33,35,38,39],[16,20,33,35,38,39],[16,20,27,35,38,39],[16,20,27,33,38,39],[16,20,27,33,35,38]]","[2,2,2,3,3,3]",2.5,-1.6333333333333337,0.8157327946141788,downloads/official-1-1237/raw/api-0103.json,b53c416c78cad342a89490a2782db410c07cceb265b3e427addc6797db252c82
218,20070203,1,8,14,18,29,44,20,26,47018314000,1000,47018314,5,1,"[[8,14,18,20,29,44],[1,14,18,20,29,44],[1,8,18,20,29,44],[1,8,14,20,29,44],[1,8,14,18,20,44],[1,8,14,18,20,29]]","[5,5,5,5,5,6]",5.166666666666667,1.0333333333333332,0.75067047278641252,downloads/official-1-1237/raw/api-0102.json,c282cece10f11d2db1f8b124ddaf9ad5d827456f0ecaafd8e458d24e4819a138
219,20070210,4,11,20,26,35,37,16,41,46903745000,1000,46903745,4,1,"[[11,16,20,26,35,37],[4,16,20,26,35,37],[4,11,16,26,35,37],[4,11,16,20,35,37],[4,11,16,20,26,37],[4,11,16,20,26,35]]","[4,4,4,4,5,5]",4.333333333333333,0.19999999999999929,1.1866410667207916,downloads/official-1-1237/raw/api-0102.json,c282cece10f11d2db1f8b124ddaf9ad5d827456f0ecaafd8e458d24e4819a138
220,20070217,5,11,19,21,34,43,31,28,50383399000,1000,50383399,4,1,"[[11,19,21,31,34,43],[5,19,21,31,34,43],[5,11,21,31,34,43],[5,11,19,31,34,43],[5,11,19,21,31,43],[5,11,19,21,31,34]]","[4,4,4,4,5,5]",4.333333333333333,0.19999999999999929,0.75442071703022662,downloads/official-1-1237/raw/api-0102.json,c282cece10f11d2db1f8b124ddaf9ad5d827456f0ecaafd8e458d24e4819a138
221,20070224,2,20,33,35,37,40,10,44,47674135000,1000,47674135,2,1,"[[10,20,33,35,37,40],[2,10,33,35,37,40],[2,10,20,35,37,40],[2,10,20,33,37,40],[2,10,20,33,35,40],[2,10,20,33,35,37]]","[2,2,3,3,3,3]",2.6666666666666665,-1.4666666666666672,1.2528898531667119,downloads/official-1-1237/raw/api-0102.json,c282cece10f11d2db1f8b124ddaf9ad5d827456f0ecaafd8e458d24e4819a138
222,20070303,5,7,28,29,39,43,44,33,47735197000,1000,47735197,4,0,"[[7,28,29,39,43,44],[5,28,29,39,43,44],[5,7,29,39,43,44],[5,7,28,39,43,44],[5,7,28,29,43,44],[5,7,28,29,39,44]]","[3,3,3,3,4,4]",3.3333333333333335,-0.80000000000000027,0.9384653843577937,downloads/official-1-1237/raw/api-0102.json,c282cece10f11d2db1f8b124ddaf9ad5d827456f0ecaafd8e458d24e4819a138
223,20070310,1,3,18,20,26,27,38,39,46036874000,1000,46036874,6,0,"[[3,18,20,26,27,38],[1,18,20,26,27,38],[1,3,20,26,27,38],[1,3,18,26,27,38],[1,3,18,20,27,38],[1,3,18,20,26,38]]","[5,5,5,5,5,5]",5,0.86666666666666625,1.1500105328611148,downloads/official-1-1237/raw/api-0102.json,c282cece10f11d2db1f8b124ddaf9ad5d827456f0ecaafd8e458d24e4819a138
224,20070317,4,19,26,27,30,42,7,26,46435109000,1000,46435109,5,1,"[[7,19,26,27,30,42],[4,7,26,27,30,42],[4,7,19,27,30,42],[4,7,19,26,30,42],[4,7,19,26,27,42],[4,7,19,26,27,30]]","[5,5,5,5,5,6]",5.166666666666667,1.0333333333333332,0.76009857110489398,downloads/official-1-1237/raw/api-0102.json,c282cece10f11d2db1f8b124ddaf9ad5d827456f0ecaafd8e458d24e4819a138
225,20070324,5,11,13,19,31,36,7,41,46352016000,1000,46352016,5,1,"[[7,11,13,19,31,36],[5,7,13,19,31,36],[5,7,11,19,31,36],[5,7,11,13,31,36],[5,7,11,13,19,36],[5,7,11,13,19,31]]","[5,5,5,5,5,6]",5.166666666666667,1.0333333333333332,1.2007656797495065,downloads/official-1-1237/raw/api-0102.json,c282cece10f11d2db1f8b124ddaf9ad5d827456f0ecaafd8e458d24e4819a138
226,20070331,2,6,8,14,21,22,34,38,45145643000,1000,45145643,6,0,"[[6,8,14,21,22,34],[2,8,14,21,22,34],[2,6,14,21,22,34],[2,6,8,21,22,34],[2,6,8,14,22,34],[2,6,8,14,21,34]]","[5,5,5,5,5,5]",5,0.86666666666666625,1.142643599073337,downloads/official-1-1237/raw/api-0102.json,c282cece10f11d2db1f8b124ddaf9ad5d827456f0ecaafd8e458d24e4819a138
227,20070407,4,5,15,16,22,42,2,24,44444776000,1000,44444776,5,1,"[[2,5,15,16,22,42],[2,4,15,16,22,42],[2,4,5,16,22,42],[2,4,5,15,22,42],[2,4,5,15,16,42],[2,4,5,15,16,22]]","[5,5,5,5,5,6]",5.166666666666667,1.0333333333333332,0.7330499314475114,downloads/official-1-1237/raw/api-0102.json,c282cece10f11d2db1f8b124ddaf9ad5d827456f0ecaafd8e458d24e4819a138
228,20070414,17,25,35,36,39,44,23,39,44764100000,1000,44764100,2,1,"[[23,25,35,36,39,44],[17,23,35,36,39,44],[17,23,25,36,39,44],[17,23,25,35,39,44],[17,23,25,35,36,44],[17,23,25,35,36,39]]","[2,2,3,3,3,3]",2.6666666666666665,-1.4666666666666672,1.1827086884355991,downloads/official-1-1237/raw/api-0101.json,e7f4d37d86c840488b6a6a488ef34c944d797655b2abee0b2acbf275a1b5be58
229,20070421,4,5,9,11,23,38,35,27,44762989000,1000,44762989,5,0,"[[5,9,11,23,35,38],[4,9,11,23,35,38],[4,5,11,23,35,38],[4,5,9,23,35,38],[4,5,9,11,35,38],[4,5,9,11,23,35]]","[4,4,4,4,4,5]",4.166666666666667,0.033333333333333215,0.8188186450194378,downloads/official-1-1237/raw/api-0101.json,e7f4d37d86c840488b6a6a488ef34c944d797655b2abee0b2acbf275a1b5be58
230,20070428,5,11,14,29,32,33,12,25,44191351000,1000,44191351,4,1,"[[11,12,14,29,32,33],[5,12,14,29,32,33],[5,11,12,29,32,33],[5,11,12,14,32,33],[5,11,12,14,29,33],[5,11,12,14,29,32]]","[4,4,4,4,5,5]",4.333333333333333,0.19999999999999929,0.76797267410991799,downloads/official-1-1237/raw/api-0101.json,e7f4d37d86c840488b6a6a488ef34c944d797655b2abee0b2acbf275a1b5be58
231,20070505,5,10,19,31,44,45,27,19,42355627000,1000,42355627,4,1,"[[10,19,27,31,44,45],[5,19,27,31,44,45],[5,10,27,31,44,45],[5,10,19,27,44,45],[5,10,19,27,31,45],[5,10,19,27,31,44]]","[4,4,4,4,5,5]",4.333333333333333,0.19999999999999929,0.60895545236527837,downloads/official-1-1237/raw/api-0101.json,e7f4d37d86c840488b6a6a488ef34c944d797655b2abee0b2acbf275a1b5be58
232,20070512,8,9,10,12,24,44,35,18,43564632000,1000,43564632,5,0,"[[9,10,12,24,35,44],[8,10,12,24,35,44],[8,9,12,24,35,44],[8,9,10,24,35,44],[8,9,10,12,35,44],[8,9,10,12,24,35]]","[4,4,4,4,4,5]",4.166666666666667,0.033333333333333215,0.56089490208479209,downloads/official-1-1237/raw/api-0101.json,e7f4d37d86c840488b6a6a488ef34c944d797655b2abee0b2acbf275a1b5be58
233,20070519,4,6,13,17,28,40,39,26,43516805000,1000,43516805,5,0,"[[6,13,17,28,39,40],[4,13,17,28,39,40],[4,6,17,28,39,40],[4,6,13,28,39,40],[4,6,13,17,39,40],[4,6,13,17,28,39]]","[4,4,4,4,4,5]",4.166666666666667,0.033333333333333215,0.81107195254798692,downloads/official-1-1237/raw/api-0101.json,e7f4d37d86c840488b6a6a488ef34c944d797655b2abee0b2acbf275a1b5be58
234,20070526,13,21,22,24,26,37,4,23,42814085000,1000,42814085,5,1,"[[4,21,22,24,26,37],[4,13,22,24,26,37],[4,13,21,24,26,37],[4,13,21,22,26,37],[4,13,21,22,24,37],[4,13,21,22,24,26]]","[5,5,5,5,5,6]",5.166666666666667,1.0333333333333332,0.72926304509368822,downloads/official-1-1237/raw/api-0101.json,e7f4d37d86c840488b6a6a488ef34c944d797655b2abee0b2acbf275a1b5be58
235,20070602,21,22,26,27,31,37,8,29,43347391000,1000,43347391,5,1,"[[8,22,26,27,31,37],[8,21,26,27,31,37],[8,21,22,27,31,37],[8,21,22,26,31,37],[8,21,22,26,27,37],[8,21,22,26,27,31]]","[5,5,5,5,5,6]",5.166666666666667,1.0333333333333332,0.90819283679610618,downloads/official-1-1237/raw/api-0101.json,e7f4d37d86c840488b6a6a488ef34c944d797655b2abee0b2acbf275a1b5be58
236,20070609,1,4,8,13,37,39,7,41,42941871000,1000,42941871,4,1,"[[4,7,8,13,37,39],[1,7,8,13,37,39],[1,4,7,13,37,39],[1,4,7,8,37,39],[1,4,7,8,13,39],[1,4,7,8,13,37]]","[4,4,4,4,5,5]",4.333333333333333,0.19999999999999929,1.2961221461449595,downloads/official-1-1237/raw/api-0101.json,e7f4d37d86c840488b6a6a488ef34c944d797655b2abee0b2acbf275a1b5be58
237,20070616,1,11,17,21,24,44,33,39,43358287000,1000,43358287,5,0,"[[11,17,21,24,33,44],[1,17,21,24,33,44],[1,11,21,24,33,44],[1,11,17,24,33,44],[1,11,17,21,33,44],[1,11,17,21,24,33]]","[4,4,4,4,4,5]",4.166666666666667,0.033333333333333215,1.2210558502922406,downloads/official-1-1237/raw/api-0101.json,e7f4d37d86c840488b6a6a488ef34c944d797655b2abee0b2acbf275a1b5be58
238,20070623,2,4,15,28,31,34,35,29,42952477000,1000,42952477,5,0,"[[4,15,28,31,34,35],[2,15,28,31,34,35],[2,4,28,31,34,35],[2,4,15,31,34,35],[2,4,15,28,34,35],[2,4,15,28,31,35]]","[4,4,4,4,4,5]",4.166666666666667,0.033333333333333215,0.91654295047989898,downloads/official-1-1237/raw/api-0100.json,e76a3a5c3ef429bbba76f280b420e484af196031e4f4e6c4cd8da17f5894cff2
239,20070630,11,15,24,39,41,44,7,29,43296565000,1000,43296565,3,1,"[[7,15,24,39,41,44],[7,11,24,39,41,44],[7,11,15,39,41,44],[7,11,15,24,41,44],[7,11,15,24,39,44],[7,11,15,24,39,41]]","[3,3,3,4,4,4]",3.5,-0.63333333333333375,0.90925896777261661,downloads/official-1-1237/raw/api-0100.json,e76a3a5c3ef429bbba76f280b420e484af196031e4f4e6c4cd8da17f5894cff2
240,20070707,6,10,16,40,41,43,21,28,43603443000,1000,43603443,3,1,"[[10,16,21,40,41,43],[6,16,21,40,41,43],[6,10,21,40,41,43],[6,10,16,21,41,43],[6,10,16,21,40,43],[6,10,16,21,40,41]]","[3,3,3,4,4,4]",3.5,-0.63333333333333375,0.87172657443587653,downloads/official-1-1237/raw/api-0100.json,e76a3a5c3ef429bbba76f280b420e484af196031e4f4e6c4cd8da17f5894cff2
241,20070714,2,16,24,27,28,35,21,34,43246894000,1000,43246894,5,1,"[[16,21,24,27,28,35],[2,21,24,27,28,35],[2,16,21,27,28,35],[2,16,21,24,28,35],[2,16,21,24,27,35],[2,16,21,24,27,28]]","[5,5,5,5,5,6]",5.166666666666667,1.0333333333333332,1.0672521360724772,downloads/official-1-1237/raw/api-0100.json,e76a3a5c3ef429bbba76f280b420e484af196031e4f4e6c4cd8da17f5894cff2
242,20070721,4,19,20,21,32,34,43,36,42679760000,1000,42679760,4,0,"[[19,20,21,32,34,43],[4,20,21,32,34,43],[4,19,21,32,34,43],[4,19,20,32,34,43],[4,19,20,21,34,43],[4,19,20,21,32,43]]","[3,3,3,3,4,4]",3.3333333333333335,-0.80000000000000027,1.1450476759944292,downloads/official-1-1237/raw/api-0100.json,e76a3a5c3ef429bbba76f280b420e484af196031e4f4e6c4cd8da17f5894cff2
243,20070728,2,12,17,19,28,42,34,29,41304830000,1000,41304830,5,0,"[[12,17,19,28,34,42],[2,17,19,28,34,42],[2,12,19,28,34,42],[2,12,17,28,34,42],[2,12,17,19,34,42],[2,12,17,19,28,34]]","[4,4,4,4,4,5]",4.166666666666667,0.033333333333333215,0.95310378955681452,downloads/official-1-1237/raw/api-0100.json,e76a3a5c3ef429bbba76f280b420e484af196031e4f4e6c4cd8da17f5894cff2
244,20070804,13,16,25,36,37,38,19,25,39411047000,1000,39411047,3,1,"[[16,19,25,36,37,38],[13,19,25,36,37,38],[13,16,19,36,37,38],[13,16,19,25,37,38],[13,16,19,25,36,38],[13,16,19,25,36,37]]","[3,3,3,4,4,4]",3.5,-0.63333333333333375,0.86112277098347578,downloads/official-1-1237/raw/api-0100.json,e76a3a5c3ef429bbba76f280b420e484af196031e4f4e6c4cd8da17f5894cff2
245,20070811,9,11,27,31,32,38,22,35,41854623000,1000,41854623,4,1,"[[11,22,27,31,32,38],[9,22,27,31,32,38],[9,11,22,31,32,38],[9,11,22,27,32,38],[9,11,22,27,31,38],[9,11,22,27,31,32]]","[4,4,4,4,5,5]",4.333333333333333,0.19999999999999929,1.1351876231211067,downloads/official-1-1237/raw/api-0100.json,e76a3a5c3ef429bbba76f280b420e484af196031e4f4e6c4cd8da17f5894cff2
246,20070818,13,18,21,23,26,39,15,26,41453154000,1000,41453154,5,1,"[[15,18,21,23,26,39],[13,15,21,23,26,39],[13,15,18,23,26,39],[13,15,18,21,26,39],[13,15,18,21,23,39],[13,15,18,21,23,26]]","[5,5,5,5,5,6]",5.166666666666667,1.0333333333333332,0.85144932518283167,downloads/official-1-1237/raw/api-0100.json,e76a3a5c3ef429bbba76f280b420e484af196031e4f4e6c4cd8da17f5894cff2
247,20070825,12,15,28,36,39,40,13,29,42231698000,1000,42231698,3,1,"[[13,15,28,36,39,40],[12,13,28,36,39,40],[12,13,15,36,39,40],[12,13,15,28,39,40],[12,13,15,28,36,40],[12,13,15,28,36,39]]","[3,3,3,4,4,4]",3.5,-0.63333333333333375,0.93218581928673572,downloads/official-1-1237/raw/api-0100.json,e76a3a5c3ef429bbba76f280b420e484af196031e4f4e6c4cd8da17f5894cff2
248,20070901,3,8,17,23,38,45,13,23,42348403000,1000,42348403,4,1,"[[8,13,17,23,38,45],[3,13,17,23,38,45],[3,8,13,23,38,45],[3,8,13,17,38,45],[3,8,13,17,23,45],[3,8,13,17,23,38]]","[4,4,4,4,5,5]",4.333333333333333,0.19999999999999929,0.73728234804981907,downloads/official-1-1237/raw/api-0099.json,fa29bd1a1fe5ad2113018cab22f34b9d1dd4f3a99eb4d413fdb68968f0e36975
249,20070908,3,8,27,31,41,44,11,29,42539134000,1000,42539134,4,1,"[[8,11,27,31,41,44],[3,11,27,31,41,44],[3,8,11,31,41,44],[3,8,11,27,41,44],[3,8,11,27,31,44],[3,8,11,27,31,41]]","[4,4,4,4,5,5]",4.333333333333333,0.19999999999999929,0.92544878793254226,downloads/official-1-1237/raw/api-0099.json,fa29bd1a1fe5ad2113018cab22f34b9d1dd4f3a99eb4d413fdb68968f0e36975
250,20070915,19,23,30,37,43,45,38,17,42122808000,1000,42122808,3,0,"[[23,30,37,38,43,45],[19,30,37,38,43,45],[19,23,37,38,43,45],[19,23,30,38,43,45],[19,23,30,37,38,45],[19,23,30,37,38,43]]","[2,2,2,3,3,3]",2.5,-1.6333333333333337,0.54786637206142574,downloads/official-1-1237/raw/api-0099.json,fa29bd1a1fe5ad2113018cab22f34b9d1dd4f3a99eb4d413fdb68968f0e36975
251,20070922,6,7,19,25,28,38,45,40,44493014000,1000,44493014,5,0,"[[7,19,25,28,38,45],[6,19,25,28,38,45],[6,7,25,28,38,45],[6,7,19,28,38,45],[6,7,19,25,38,45],[6,7,19,25,28,45]]","[4,4,4,4,4,5]",4.166666666666667,0.033333333333333215,1.2204253009247699,downloads/official-1-1237/raw/api-0099.json,fa29bd1a1fe5ad2113018cab22f34b9d1dd4f3a99eb4d413fdb68968f0e36975
252,20070929,14,23,26,31,39,45,28,24,41207920000,1000,41207920,4,1,"[[23,26,28,31,39,45],[14,26,28,31,39,45],[14,23,28,31,39,45],[14,23,26,28,39,45],[14,23,26,28,31,45],[14,23,26,28,31,39]]","[4,4,4,4,5,5]",4.333333333333333,0.19999999999999929,0.79063053898376812,downloads/official-1-1237/raw/api-0099.json,fa29bd1a1fe5ad2113018cab22f34b9d1dd4f3a99eb4d413fdb68968f0e36975
253,20071006,8,19,25,31,34,36,33,20,42309347000,1000,42309347,4,0,"[[19,25,31,33,34,36],[8,25,31,33,34,36],[8,19,31,33,34,36],[8,19,25,33,34,36],[8,19,25,31,33,36],[8,19,25,31,33,34]]","[3,3,3,3,4,4]",3.3333333333333335,-0.80000000000000027,0.64170690225968274,downloads/official-1-1237/raw/api-0099.json,fa29bd1a1fe5ad2113018cab22f34b9d1dd4f3a99eb4d413fdb68968f0e36975
254,20071013,1,5,19,20,24,30,27,33,42259113000,1000,42259113,6,1,"[[5,19,20,24,27,30],[1,19,20,24,27,30],[1,5,20,24,27,30],[1,5,19,24,27,30],[1,5,19,20,27,30],[1,5,19,20,24,27]]","[6,6,6,6,6,6]",6,1.8666666666666663,1.0600750186119619,downloads/official-1-1237/raw/api-0099.json,fa29bd1a1fe5ad2113018cab22f34b9d1dd4f3a99eb4d413fdb68968f0e36975
255,20071020,1,5,6,24,27,42,32,13,41425341000,1000,41425341,5,0,"[[5,6,24,27,32,42],[1,6,24,27,32,42],[1,5,24,27,32,42],[1,5,6,27,32,42],[1,5,6,24,32,42],[1,5,6,24,27,32]]","[4,4,4,4,4,5]",4.166666666666667,0.033333333333333215,0.42601049439762007,downloads/official-1-1237/raw/api-0099.json,fa29bd1a1fe5ad2113018cab22f34b9d1dd4f3a99eb4d413fdb68968f0e36975
256,20071027,4,11,14,21,23,43,32,34,41996580000,1000,41996580,5,0,"[[11,14,21,23,32,43],[4,14,21,23,32,43],[4,11,21,23,32,43],[4,11,14,23,32,43],[4,11,14,21,32,43],[4,11,14,21,23,32]]","[4,4,4,4,4,5]",4.166666666666667,0.033333333333333215,1.09902615879674,downloads/official-1-1237/raw/api-0099.json,fa29bd1a1fe5ad2113018cab22f34b9d1dd4f3a99eb4d413fdb68968f0e36975
257,20071103,6,13,27,31,32,37,4,18,41433637000,1000,41433637,4,1,"[[4,13,27,31,32,37],[4,6,27,31,32,37],[4,6,13,31,32,37],[4,6,13,27,32,37],[4,6,13,27,31,37],[4,6,13,27,31,32]]","[4,4,4,4,5,5]",4.333333333333333,0.19999999999999929,0.58974258040634953,downloads/official-1-1237/raw/api-0099.json,fa29bd1a1fe5ad2113018cab22f34b9d1dd4f3a99eb4d413fdb68968f0e36975
258,20071110,14,27,30,31,38,40,17,28,41364428000,1000,41364428,4,1,"[[17,27,30,31,38,40],[14,17,30,31,38,40],[14,17,27,31,38,40],[14,17,27,30,38,40],[14,17,27,30,31,40],[14,17,27,30,31,38]]","[4,4,4,4,5,5]",4.333333333333333,0.19999999999999929,0.91891225958690881,downloads/official-1-1237/raw/api-0098.json,532fc8f0932a5f8d961ac925c09f5ba136932a998af6697b61e0c30e4284d05d
259,20071117,4,5,14,35,42,45,34,25,40905570000,1000,40905570,3,0,"[[5,14,34,35,42,45],[4,14,34,35,42,45],[4,5,34,35,42,45],[4,5,14,34,42,45],[4,5,14,34,35,45],[4,5,14,34,35,42]]","[2,2,2,3,3,3]",2.5,-1.6333333333333337,0.8296608505883184,downloads/official-1-1237/raw/api-0098.json,532fc8f0932a5f8d961ac925c09f5ba136932a998af6697b61e0c30e4284d05d
260,20071124,7,12,15,24,37,40,43,26,40140211000,1000,40140211,4,0,"[[12,15,24,37,40,43],[7,15,24,37,40,43],[7,12,24,37,40,43],[7,12,15,37,40,43],[7,12,15,24,40,43],[7,12,15,24,37,43]]","[3,3,3,3,4,4]",3.3333333333333335,-0.80000000000000027,0.87929931409677942,downloads/official-1-1237/raw/api-0098.json,532fc8f0932a5f8d961ac925c09f5ba136932a998af6697b61e0c30e4284d05d
261,20071201,6,11,16,18,31,43,2,32,41215041000,1000,41215041,5,1,"[[2,11,16,18,31,43],[2,6,16,18,31,43],[2,6,11,18,31,43],[2,6,11,16,31,43],[2,6,11,16,18,43],[2,6,11,16,18,31]]","[5,5,5,5,5,6]",5.166666666666667,1.0333333333333332,1.0539919152330821,downloads/official-1-1237/raw/api-0098.json,532fc8f0932a5f8d961ac925c09f5ba136932a998af6697b61e0c30e4284d05d
262,20071208,9,12,24,25,29,31,36,21,39232234000,1000,39232234,6,0,"[[12,24,25,29,31,36],[9,24,25,29,31,36],[9,12,25,29,31,36],[9,12,24,29,31,36],[9,12,24,25,31,36],[9,12,24,25,29,36]]","[5,5,5,5,5,5]",5,0.86666666666666625,0.72663998690464582,downloads/official-1-1237/raw/api-0098.json,532fc8f0932a5f8d961ac925c09f5ba136932a998af6697b61e0c30e4284d05d
263,20071215,1,27,28,32,37,40,18,27,39677128000,1000,39677128,3,1,"[[18,27,28,32,37,40],[1,18,28,32,37,40],[1,18,27,32,37,40],[1,18,27,28,37,40],[1,18,27,28,32,40],[1,18,27,28,32,37]]","[3,3,3,4,4,4]",3.5,-0.63333333333333375,0.92377578336819133,downloads/official-1-1237/raw/api-0098.json,532fc8f0932a5f8d961ac925c09f5ba136932a998af6697b61e0c30e4284d05d
264,20071222,9,16,27,36,41,44,5,27,39783178000,1000,39783178,3,1,"[[5,16,27,36,41,44],[5,9,27,36,41,44],[5,9,16,36,41,44],[5,9,16,27,41,44],[5,9,16,27,36,44],[5,9,16,27,36,41]]","[3,3,3,4,4,4]",3.5,-0.63333333333333375,0.92131327467101798,downloads/official-1-1237/raw/api-0098.json,532fc8f0932a5f8d961ac925c09f5ba136932a998af6697b61e0c30e4284d05d
265,20071229,5,9,34,37,38,39,12,19,40913922000,1000,40913922,2,1,"[[9,12,34,37,38,39],[5,12,34,37,38,39],[5,9,12,37,38,39],[5,9,12,34,38,39],[5,9,12,34,37,39],[5,9,12,34,37,38]]","[2,2,3,3,3,3]",2.6666666666666665,-1.4666666666666672,0.6304135301426248,downloads/official-1-1237/raw/api-0098.json,532fc8f0932a5f8d961ac925c09f5ba136932a998af6697b61e0c30e4284d05d
266,20080105,3,4,9,11,22,42,37,36,41937067000,1000,41937067,5,0,"[[4,9,11,22,37,42],[3,9,11,22,37,42],[3,4,11,22,37,42],[3,4,9,22,37,42],[3,4,9,11,37,42],[3,4,9,11,22,37]]","[4,4,4,4,4,5]",4.166666666666667,0.033333333333333215,1.1653261302226978,downloads/official-1-1237/raw/api-0098.json,532fc8f0932a5f8d961ac925c09f5ba136932a998af6697b61e0c30e4284d05d
267,20080112,7,8,24,34,36,41,1,28,41835853000,1000,41835853,3,1,"[[1,8,24,34,36,41],[1,7,24,34,36,41],[1,7,8,34,36,41],[1,7,8,24,36,41],[1,7,8,24,34,41],[1,7,8,24,34,36]]","[3,3,3,4,4,4]",3.5,-0.63333333333333375,0.90855754751791484,downloads/official-1-1237/raw/api-0098.json,532fc8f0932a5f8d961ac925c09f5ba136932a998af6697b61e0c30e4284d05d
268,20080119,3,10,19,24,32,45,12,35,41213802000,1000,41213802,4,1,"[[10,12,19,24,32,45],[3,12,19,24,32,45],[3,10,12,24,32,45],[3,10,12,19,32,45],[3,10,12,19,24,45],[3,10,12,19,24,32]]","[4,4,4,4,5,5]",4.333333333333333,0.19999999999999929,1.1528383137280078,downloads/official-1-1237/raw/api-0097.json,c3fd81d6a88e007a2b46c6c484787f6a72d71837d11f9d273a0f3156a16a2228
269,20080126,5,18,20,36,42,43,32,22,41357619000,1000,41357619,3,0,"[[18,20,32,36,42,43],[5,20,32,36,42,43],[5,18,32,36,42,43],[5,18,20,32,42,43],[5,18,20,32,36,43],[5,18,20,32,36,42]]","[2,2,2,3,3,3]",2.5,-1.6333333333333337,0.72212135809849209,downloads/official-1-1237/raw/api-0097.json,c3fd81d6a88e007a2b46c6c484787f6a72d71837d11f9d273a0f3156a16a2228
270,20080202,5,9,12,20,21,26,27,32,41845351000,1000,41845351,6,1,"[[9,12,20,21,26,27],[5,12,20,21,26,27],[5,9,20,21,26,27],[5,9,12,21,26,27],[5,9,12,20,26,27],[5,9,12,20,21,27]]","[6,6,6,6,6,6]",6,1.8666666666666663,1.0381157992915391,downloads/official-1-1237/raw/api-0097.json,c3fd81d6a88e007a2b46c6c484787f6a72d71837d11f9d273a0f3156a16a2228
271,20080209,3,8,9,27,29,40,36,28,40879633000,1000,40879633,5,0,"[[8,9,27,29,36,40],[3,9,27,29,36,40],[3,8,27,29,36,40],[3,8,9,29,36,40],[3,8,9,27,36,40],[3,8,9,27,29,36]]","[4,4,4,4,4,5]",4.166666666666667,0.033333333333333215,0.92980971722520112,downloads/official-1-1237/raw/api-0097.json,c3fd81d6a88e007a2b46c6c484787f6a72d71837d11f9d273a0f3156a16a2228
272,20080216,7,9,12,27,39,43,28,39,43310674000,1000,43310674,4,1,"[[9,12,27,28,39,43],[7,12,27,28,39,43],[7,9,27,28,39,43],[7,9,12,28,39,43],[7,9,12,27,28,43],[7,9,12,27,28,39]]","[4,4,4,4,5,5]",4.333333333333333,0.19999999999999929,1.2223982014225869,downloads/official-1-1237/raw/api-0097.json,c3fd81d6a88e007a2b46c6c484787f6a72d71837d11f9d273a0f3156a16a2228
273,20080223,1,8,24,31,34,44,6,21,42816211000,1000,42816211,4,1,"[[6,8,24,31,34,44],[1,6,24,31,34,44],[1,6,8,31,34,44],[1,6,8,24,34,44],[1,6,8,24,31,44],[1,6,8,24,31,34]]","[4,4,4,4,5,5]",4.333333333333333,0.19999999999999929,0.66581580513978689,downloads/official-1-1237/raw/api-0097.json,c3fd81d6a88e007a2b46c6c484787f6a72d71837d11f9d273a0f3156a16a2228
274,20080301,13,14,15,26,35,39,25,37,42631711000,1000,42631711,4,1,"[[14,15,25,26,35,39],[13,15,25,26,35,39],[13,14,25,26,35,39],[13,14,15,25,35,39],[13,14,15,25,26,39],[13,14,15,25,26,35]]","[4,4,4,4,5,5]",4.333333333333333,0.19999999999999929,1.1781809554863985,downloads/official-1-1237/raw/api-0097.json,c3fd81d6a88e007a2b46c6c484787f6a72d71837d11f9d273a0f3156a16a2228
275,20080308,14,19,20,35,38,40,26,19,42329813000,1000,42329813,3,1,"[[19,20,26,35,38,40],[14,20,26,35,38,40],[14,19,26,35,38,40],[14,19,20,26,38,40],[14,19,20,26,35,40],[14,19,20,26,35,38]]","[3,3,3,4,4,4]",3.5,-0.63333333333333375,0.60932681181464232,downloads/official-1-1237/raw/api-0097.json,c3fd81d6a88e007a2b46c6c484787f6a72d71837d11f9d273a0f3156a16a2228
276,20080315,4,15,21,33,39,41,25,31,42567610000,1000,42567610,3,1,"[[15,21,25,33,39,41],[4,21,25,33,39,41],[4,15,25,33,39,41],[4,15,21,25,39,41],[4,15,21,25,33,41],[4,15,21,25,33,39]]","[3,3,3,4,4,4]",3.5,-0.63333333333333375,0.98861105897183332,downloads/official-1-1237/raw/api-0097.json,c3fd81d6a88e007a2b46c6c484787f6a72d71837d11f9d273a0f3156a16a2228
277,20080322,10,12,13,15,25,29,20,31,41868708000,1000,41868708,6,1,"[[12,13,15,20,25,29],[10,13,15,20,25,29],[10,12,15,20,25,29],[10,12,13,20,25,29],[10,12,13,15,20,29],[10,12,13,15,20,25]]","[6,6,6,6,6,6]",6,1.8666666666666663,1.0051136519426394,downloads/official-1-1237/raw/api-0097.json,c3fd81d6a88e007a2b46c6c484787f6a72d71837d11f9d273a0f3156a16a2228
278,20080329,3,11,37,39,41,43,13,27,41088180000,1000,41088180,2,1,"[[11,13,37,39,41,43],[3,13,37,39,41,43],[3,11,13,39,41,43],[3,11,13,37,41,43],[3,11,13,37,39,43],[3,11,13,37,39,41]]","[2,2,3,3,3,3]",2.6666666666666665,-1.4666666666666672,0.89205143669055187,downloads/official-1-1237/raw/api-0096.json,fec099b74388bb7bbd029417cb23d7a913d61e2bce87d09599dd1c5c428925d1
279,20080405,7,16,31,36,37,38,11,27,41130542000,1000,41130542,3,1,"[[11,16,31,36,37,38],[7,11,31,36,37,38],[7,11,16,36,37,38],[7,11,16,31,37,38],[7,11,16,31,36,38],[7,11,16,31,36,37]]","[3,3,3,4,4,4]",3.5,-0.63333333333333375,0.89113267702623511,downloads/official-1-1237/raw/api-0096.json,fec099b74388bb7bbd029417cb23d7a913d61e2bce87d09599dd1c5c428925d1
280,20080412,10,11,23,24,36,37,35,27,40673999000,1000,40673999,4,0,"[[11,23,24,35,36,37],[10,23,24,35,36,37],[10,11,24,35,36,37],[10,11,23,35,36,37],[10,11,23,24,35,37],[10,11,23,24,35,36]]","[3,3,3,3,4,4]",3.3333333333333335,-0.80000000000000027,0.90113514532957528,downloads/official-1-1237/raw/api-0096.json,fec099b74388bb7bbd029417cb23d7a913d61e2bce87d09599dd1c5c428925d1
281,20080419,1,3,4,6,14,41,12,37,40800514000,1000,40800514,5,1,"[[3,4,6,12,14,41],[1,4,6,12,14,41],[1,3,6,12,14,41],[1,3,4,12,14,41],[1,3,4,6,12,41],[1,3,4,6,12,14]]","[5,5,5,5,5,6]",5.166666666666667,1.0333333333333332,1.2310597361592062,downloads/official-1-1237/raw/api-0096.json,fec099b74388bb7bbd029417cb23d7a913d61e2bce87d09599dd1c5c428925d1
282,20080426,2,5,10,18,31,32,30,32,41051175000,1000,41051175,5,1,"[[5,10,18,30,31,32],[2,10,18,30,31,32],[2,5,18,30,31,32],[2,5,10,30,31,32],[2,5,10,18,30,32],[2,5,10,18,30,31]]","[5,5,5,5,5,6]",5.166666666666667,1.0333333333333332,1.0581991867467861,downloads/official-1-1237/raw/api-0096.json,fec099b74388bb7bbd029417cb23d7a913d61e2bce87d09599dd1c5c428925d1
283,20080503,6,8,18,31,38,45,42,24,40133316000,1000,40133316,4,0,"[[8,18,31,38,42,45],[6,18,31,38,42,45],[6,8,31,38,42,45],[6,8,18,38,42,45],[6,8,18,31,42,45],[6,8,18,31,38,42]]","[3,3,3,3,4,4]",3.3333333333333335,-0.80000000000000027,0.81180035061144706,downloads/official-1-1237/raw/api-0096.json,fec099b74388bb7bbd029417cb23d7a913d61e2bce87d09599dd1c5c428925d1
284,20080510,2,7,15,24,30,45,28,14,39773403000,1000,39773403,5,1,"[[7,15,24,28,30,45],[2,15,24,28,30,45],[2,7,24,28,30,45],[2,7,15,28,30,45],[2,7,15,24,28,45],[2,7,15,24,28,30]]","[5,5,5,5,5,6]",5.166666666666667,1.0333333333333332,0.47783540171304928,downloads/official-1-1237/raw/api-0096.json,fec099b74388bb7bbd029417cb23d7a913d61e2bce87d09599dd1c5c428925d1
285,20080517,13,33,37,40,41,45,2,26,40364871000,1000,40364871,1,1,"[[2,33,37,40,41,45],[2,13,37,40,41,45],[2,13,33,40,41,45],[2,13,33,37,41,45],[2,13,33,37,40,45],[2,13,33,37,40,41]]","[1,2,2,2,2,2]",1.8333333333333333,-2.3000000000000007,0.8744053709474261,downloads/official-1-1237/raw/api-0096.json,fec099b74388bb7bbd029417cb23d7a913d61e2bce87d09599dd1c5c428925d1
286,20080524,1,15,19,40,42,44,17,27,40944483000,1000,40944483,3,1,"[[15,17,19,40,42,44],[1,17,19,40,42,44],[1,15,17,40,42,44],[1,15,17,19,42,44],[1,15,17,19,40,44],[1,15,17,19,40,42]]","[3,3,3,4,4,4]",3.5,-0.63333333333333375,0.89518214212156499,downloads/official-1-1237/raw/api-0096.json,fec099b74388bb7bbd029417cb23d7a913d61e2bce87d09599dd1c5c428925d1
287,20080531,6,12,24,27,35,37,41,37,40623489000,1000,40623489,4,0,"[[12,24,27,35,37,41],[6,24,27,35,37,41],[6,12,27,35,37,41],[6,12,24,35,37,41],[6,12,24,27,37,41],[6,12,24,27,35,41]]","[3,3,3,3,4,4]",3.3333333333333335,-0.80000000000000027,1.2364243258376946,downloads/official-1-1237/raw/api-0096.json,fec099b74388bb7bbd029417cb23d7a913d61e2bce87d09599dd1c5c428925d1
288,20080607,1,12,17,28,35,41,10,24,39970134000,1000,39970134,4,1,"[[10,12,17,28,35,41],[1,10,17,28,35,41],[1,10,12,28,35,41],[1,10,12,17,35,41],[1,10,12,17,28,41],[1,10,12,17,28,35]]","[4,4,4,4,5,5]",4.333333333333333,0.19999999999999929,0.81511460532006219,downloads/official-1-1237/raw/api-0095.json,107affa89b89f375fa2e785ea07bd8e3f10b69ef2b6559de56181784de9ddecf
289,20080614,3,14,33,37,38,42,10,24,39406643000,1000,39406643,2,1,"[[10,14,33,37,38,42],[3,10,33,37,38,42],[3,10,14,37,38,42],[3,10,14,33,38,42],[3,10,14,33,37,42],[3,10,14,33,37,38]]","[2,2,3,3,3,3]",2.6666666666666665,-1.4666666666666672,0.82677024784882081,downloads/official-1-1237/raw/api-0095.json,107affa89b89f375fa2e785ea07bd8e3f10b69ef2b6559de56181784de9ddecf
290,20080621,8,13,18,32,39,45,7,61,80362302000,1000,80362302,3,1,"[[7,13,18,32,39,45],[7,8,18,32,39,45],[7,8,13,32,39,45],[7,8,13,18,39,45],[7,8,13,18,32,45],[7,8,13,18,32,39]]","[3,3,3,4,4,4]",3.5,-0.63333333333333375,1.0304347677845267,downloads/official-1-1237/raw/api-0095.json,107affa89b89f375fa2e785ea07bd8e3f10b69ef2b6559de56181784de9ddecf
291,20080628,3,7,8,18,20,42,45,39,44143418000,1000,44143418,5,0,"[[7,8,18,20,42,45],[3,8,18,20,42,45],[3,7,18,20,42,45],[3,7,8,20,42,45],[3,7,8,18,42,45],[3,7,8,18,20,45]]","[4,4,4,4,4,5]",4.166666666666667,0.033333333333333215,1.1993382569514668,downloads/official-1-1237/raw/api-0095.json,107affa89b89f375fa2e785ea07bd8e3f10b69ef2b6559de56181784de9ddecf
292,20080705,17,18,31,32,33,34,10,37,43394631000,1000,43394631,3,1,"[[10,18,31,32,33,34],[10,17,31,32,33,34],[10,17,18,32,33,34],[10,17,18,31,33,34],[10,17,18,31,32,34],[10,17,18,31,32,33]]","[3,3,3,4,4,4]",3.5,-0.63333333333333375,1.1574673834650189,downloads/official-1-1237/raw/api-0095.json,107affa89b89f375fa2e785ea07bd8e3f10b69ef2b6559de56181784de9ddecf
293,20080712,1,9,17,21,29,33,24,21,42399708000,1000,42399708,5,1,"[[9,17,21,24,29,33],[1,17,21,24,29,33],[1,9,21,24,29,33],[1,9,17,24,29,33],[1,9,17,21,24,33],[1,9,17,21,24,29]]","[5,5,5,5,5,6]",5.166666666666667,1.0333333333333332,0.67235628132156,downloads/official-1-1237/raw/api-0095.json,107affa89b89f375fa2e785ea07bd8e3f10b69ef2b6559de56181784de9ddecf
294,20080719,6,10,17,30,37,38,40,26,41563813000,1000,41563813,4,0,"[[10,17,30,37,38,40],[6,17,30,37,38,40],[6,10,30,37,38,40],[6,10,17,37,38,40],[6,10,17,30,38,40],[6,10,17,30,37,40]]","[3,3,3,3,4,4]",3.3333333333333335,-0.80000000000000027,0.84918243665469284,downloads/official-1-1237/raw/api-0095.json,107affa89b89f375fa2e785ea07bd8e3f10b69ef2b6559de56181784de9ddecf
295,20080726,1,4,12,16,18,38,8,26,42248135000,1000,42248135,5,1,"[[4,8,12,16,18,38],[1,8,12,16,18,38],[1,4,8,16,18,38],[1,4,8,12,18,38],[1,4,8,12,16,38],[1,4,8,12,16,18]]","[5,5,5,5,5,6]",5.166666666666667,1.0333333333333332,0.83542764668783609,downloads/official-1-1237/raw/api-0095.json,107affa89b89f375fa2e785ea07bd8e3f10b69ef2b6559de56181784de9ddecf
296,20080802,3,8,15,27,30,45,44,53,63377899000,1000,63377899,5,0,"[[8,15,27,30,44,45],[3,15,27,30,44,45],[3,8,27,30,44,45],[3,8,15,30,44,45],[3,8,15,27,44,45],[3,8,15,27,30,44]]","[4,4,4,4,4,5]",4.166666666666667,0.033333333333333215,1.1352227059467528,downloads/official-1-1237/raw/api-0095.json,107affa89b89f375fa2e785ea07bd8e3f10b69ef2b6559de56181784de9ddecf
297,20080809,6,11,19,20,28,32,34,28,43641475000,1000,43641475,5,0,"[[11,19,20,28,32,34],[6,19,20,28,32,34],[6,11,20,28,32,34],[6,11,19,28,32,34],[6,11,19,20,32,34],[6,11,19,20,28,34]]","[4,4,4,4,4,5]",4.166666666666667,0.033333333333333215,0.87096689559644813,downloads/official-1-1237/raw/api-0095.json,107affa89b89f375fa2e785ea07bd8e3f10b69ef2b6559de56181784de9ddecf
298,20080816,5,9,27,29,37,40,19,40,43151675000,1000,43151675,4,1,"[[9,19,27,29,37,40],[5,19,27,29,37,40],[5,9,19,29,37,40],[5,9,19,27,37,40],[5,9,19,27,29,40],[5,9,19,27,29,37]]","[4,4,4,4,5,5]",4.333333333333333,0.19999999999999929,1.2583613498201403,downloads/official-1-1237/raw/api-0094.json,c45fd2249cbef67a656d29b42e197232e22e91b4228807016594e4ab6bea50fc
299,20080823,1,3,20,25,36,45,24,29,44463909000,1000,44463909,4,1,"[[3,20,24,25,36,45],[1,20,24,25,36,45],[1,3,24,25,36,45],[1,3,20,24,36,45],[1,3,20,24,25,45],[1,3,20,24,25,36]]","[4,4,4,4,5,5]",4.333333333333333,0.19999999999999929,0.88538751732331944,downloads/official-1-1237/raw/api-0094.json,c45fd2249cbef67a656d29b42e197232e22e91b4228807016594e4ab6bea50fc
300,20080830,7,9,10,12,26,38,39,34,44465047000,1000,44465047,5,0,"[[9,10,12,26,38,39],[7,10,12,26,38,39],[7,9,12,26,38,39],[7,9,10,26,38,39],[7,9,10,12,38,39],[7,9,10,12,26,39]]","[4,4,4,4,4,5]",4.166666666666667,0.033333333333333215,1.0380139708387128,downloads/official-1-1237/raw/api-0094.json,c45fd2249cbef67a656d29b42e197232e22e91b4228807016594e4ab6bea50fc
301,20080906,7,11,13,33,37,43,26,47,44377177000,1000,44377177,3,1,"[[11,13,26,33,37,43],[7,13,26,33,37,43],[7,11,26,33,37,43],[7,11,13,26,37,43],[7,11,13,26,33,43],[7,11,13,26,33,37]]","[3,3,3,4,4,4]",3.5,-0.63333333333333375,1.4377428740002998,downloads/official-1-1237/raw/api-0094.json,c45fd2249cbef67a656d29b42e197232e22e91b4228807016594e4ab6bea50fc
302,20080913,13,19,20,32,38,42,4,44,46382605000,1000,46382605,3,1,"[[4,19,20,32,38,42],[4,13,20,32,38,42],[4,13,19,32,38,42],[4,13,19,20,38,42],[4,13,19,20,32,42],[4,13,19,20,32,38]]","[3,3,3,4,4,4]",3.5,-0.63333333333333375,1.2877767430268308,downloads/official-1-1237/raw/api-0094.json,c45fd2249cbef67a656d29b42e197232e22e91b4228807016594e4ab6bea50fc
303,20080920,2,14,17,30,38,45,43,29,42841760000,1000,42841760,4,0,"[[14,17,30,38,43,45],[2,17,30,38,43,45],[2,14,30,38,43,45],[2,14,17,38,43,45],[2,14,17,30,43,45],[2,14,17,30,38,43]]","[3,3,3,3,4,4]",3.3333333333333335,-0.80000000000000027,0.91891159466837968,downloads/official-1-1237/raw/api-0094.json,c45fd2249cbef67a656d29b42e197232e22e91b4228807016594e4ab6bea50fc
304,20080927,4,10,16,26,33,41,38,37,43158653000,1000,43158653,4,0,"[[10,16,26,33,38,41],[4,16,26,33,38,41],[4,10,26,33,38,41],[4,10,16,33,38,41],[4,10,16,26,38,41],[4,10,16,26,33,38]]","[3,3,3,3,4,4]",3.3333333333333335,-0.80000000000000027,1.16379605267106,downloads/official-1-1237/raw/api-0094.json,c45fd2249cbef67a656d29b42e197232e22e91b4228807016594e4ab6bea50fc
305,20081004,7,8,18,21,23,39,9,34,43960659000,1000,43960659,5,1,"[[8,9,18,21,23,39],[7,9,18,21,23,39],[7,8,9,21,23,39],[7,8,9,18,23,39],[7,8,9,18,21,39],[7,8,9,18,21,23]]","[5,5,5,5,5,6]",5.166666666666667,1.0333333333333332,1.049923751143039,downloads/official-1-1237/raw/api-0094.json,c45fd2249cbef67a656d29b42e197232e22e91b4228807016594e4ab6bea50fc
306,20081011,4,18,23,30,34,41,19,23,44421462000,1000,44421462,4,1,"[[18,19,23,30,34,41],[4,19,23,30,34,41],[4,18,19,30,34,41],[4,18,19,23,34,41],[4,18,19,23,30,41],[4,18,19,23,30,34]]","[4,4,4,4,5,5]",4.333333333333333,0.19999999999999929,0.70287488511746865,downloads/official-1-1237/raw/api-0094.json,c45fd2249cbef67a656d29b42e197232e22e91b4228807016594e4ab6bea50fc
307,20081018,5,15,21,23,25,45,12,28,43880990000,1000,43880990,5,1,"[[12,15,21,23,25,45],[5,12,21,23,25,45],[5,12,15,23,25,45],[5,12,15,21,25,45],[5,12,15,21,23,45],[5,12,15,21,23,25]]","[5,5,5,5,5,6]",5.166666666666667,1.0333333333333332,0.86621290905241655,downloads/official-1-1237/raw/api-0094.json,c45fd2249cbef67a656d29b42e197232e22e91b4228807016594e4ab6bea50fc
308,20081025,14,15,17,19,37,45,40,27,43339416000,1000,43339416,4,0,"[[15,17,19,37,40,45],[14,17,19,37,40,45],[14,15,19,37,40,45],[14,15,17,37,40,45],[14,15,17,19,40,45],[14,15,17,19,37,40]]","[3,3,3,3,4,4]",3.3333333333333335,-0.80000000000000027,0.84571444156054154,downloads/official-1-1237/raw/api-0093.json,756e4f5966b713791521e2718b58fe435c0d33156b870da0704558ddbc71b303
309,20081101,1,2,5,11,18,36,22,25,44157528000,1000,44157528,5,1,"[[2,5,11,18,22,36],[1,5,11,18,22,36],[1,2,11,18,22,36],[1,2,5,18,22,36],[1,2,5,11,22,36],[1,2,5,11,18,22]]","[5,5,5,5,5,6]",5.166666666666667,1.0333333333333332,0.76856091219599065,downloads/official-1-1237/raw/api-0093.json,756e4f5966b713791521e2718b58fe435c0d33156b870da0704558ddbc71b303
310,20081108,1,5,19,28,34,41,16,29,43718082000,1000,43718082,4,1,"[[5,16,19,28,34,41],[1,16,19,28,34,41],[1,5,16,28,34,41],[1,5,16,19,34,41],[1,5,16,19,28,41],[1,5,16,19,28,34]]","[4,4,4,4,5,5]",4.333333333333333,0.19999999999999929,0.90049215791305759,downloads/official-1-1237/raw/api-0093.json,756e4f5966b713791521e2718b58fe435c0d33156b870da0704558ddbc71b303
311,20081115,4,12,24,27,28,32,10,43,43209215000,1000,43209215,5,1,"[[10,12,24,27,28,32],[4,10,24,27,28,32],[4,10,12,27,28,32],[4,10,12,24,28,32],[4,10,12,24,27,32],[4,10,12,24,27,28]]","[5,5,5,5,5,6]",5.166666666666667,1.0333333333333332,1.3509370628464321,downloads/official-1-1237/raw/api-0093.json,756e4f5966b713791521e2718b58fe435c0d33156b870da0704558ddbc71b303
312,20081122,2,3,5,6,12,20,25,58,42255391000,1000,42255391,6,1,"[[3,5,6,12,20,25],[2,5,6,12,20,25],[2,3,6,12,20,25],[2,3,5,12,20,25],[2,3,5,6,20,25],[2,3,5,6,12,25]]","[6,6,6,6,6,6]",6,1.8666666666666663,1.8633262676471269,downloads/official-1-1237/raw/api-0093.json,756e4f5966b713791521e2718b58fe435c0d33156b870da0704558ddbc71b303
313,20081129,9,17,34,35,43,45,2,26,43672096000,1000,43672096,2,1,"[[2,17,34,35,43,45],[2,9,34,35,43,45],[2,9,17,35,43,45],[2,9,17,34,43,45],[2,9,17,34,35,45],[2,9,17,34,35,43]]","[2,2,3,3,3,3]",2.6666666666666665,-1.4666666666666672,0.80818791019327307,downloads/official-1-1237/raw/api-0093.json,756e4f5966b713791521e2718b58fe435c0d33156b870da0704558ddbc71b303
314,20081206,15,17,19,34,38,41,2,24,42328094000,1000,42328094,3,1,"[[2,17,19,34,38,41],[2,15,19,34,38,41],[2,15,17,34,38,41],[2,15,17,19,38,41],[2,15,17,19,34,41],[2,15,17,19,34,38]]","[3,3,3,4,4,4]",3.5,-0.63333333333333375,0.76970723037989852,downloads/official-1-1237/raw/api-0093.json,756e4f5966b713791521e2718b58fe435c0d33156b870da0704558ddbc71b303
315,20081213,1,13,33,35,43,45,23,32,44339180000,1000,44339180,2,1,"[[13,23,33,35,43,45],[1,23,33,35,43,45],[1,13,23,35,43,45],[1,13,23,33,43,45],[1,13,23,33,35,45],[1,13,23,33,35,43]]","[2,2,3,3,3,3]",2.6666666666666665,-1.4666666666666672,0.97972763591929302,downloads/official-1-1237/raw/api-0093.json,756e4f5966b713791521e2718b58fe435c0d33156b870da0704558ddbc71b303
316,20081220,10,11,21,27,31,39,43,29,44073768000,1000,44073768,5,0,"[[11,21,27,31,39,43],[10,21,27,31,39,43],[10,11,27,31,39,43],[10,11,21,31,39,43],[10,11,21,27,39,43],[10,11,21,27,31,43]]","[4,4,4,4,4,5]",4.166666666666667,0.033333333333333215,0.89322496774044824,downloads/official-1-1237/raw/api-0093.json,756e4f5966b713791521e2718b58fe435c0d33156b870da0704558ddbc71b303
317,20081227,3,10,11,22,36,39,8,25,44135114000,1000,44135114,4,1,"[[8,10,11,22,36,39],[3,8,11,22,36,39],[3,8,10,22,36,39],[3,8,10,11,36,39],[3,8,10,11,22,39],[3,8,10,11,22,36]]","[4,4,4,4,5,5]",4.333333333333333,0.19999999999999929,0.76895122554798434,downloads/official-1-1237/raw/api-0093.json,756e4f5966b713791521e2718b58fe435c0d33156b870da0704558ddbc71b303
318,20090103,2,17,19,20,34,45,21,28,46663728000,1000,46663728,4,1,"[[17,19,20,21,34,45],[2,19,20,21,34,45],[2,17,20,21,34,45],[2,17,19,21,34,45],[2,17,19,20,21,45],[2,17,19,20,21,34]]","[4,4,4,4,5,5]",4.333333333333333,0.19999999999999929,0.81455729383644615,downloads/official-1-1237/raw/api-0092.json,1cefd52c3c34a3b1bf7ea4d05949647b90fa7d0c510c2d46936383604a8fcf10
319,20090110,5,8,22,28,33,42,37,26,45435183000,1000,45435183,4,0,"[[8,22,28,33,37,42],[5,22,28,33,37,42],[5,8,28,33,37,42],[5,8,22,33,37,42],[5,8,22,28,37,42],[5,8,22,28,33,37]]","[3,3,3,3,4,4]",3.3333333333333335,-0.80000000000000027,0.77682662794601265,downloads/official-1-1237/raw/api-0092.json,1cefd52c3c34a3b1bf7ea4d05949647b90fa7d0c510c2d46936383604a8fcf10
320,20090117,16,19,23,25,41,45,3,25,46659886000,1000,46659886,4,1,"[[3,19,23,25,41,45],[3,16,23,25,41,45],[3,16,19,25,41,45],[3,16,19,23,41,45],[3,16,19,23,25,45],[3,16,19,23,25,41]]","[4,4,4,4,5,5]",4.333333333333333,0.19999999999999929,0.72734318296448475,downloads/official-1-1237/raw/api-0092.json,1cefd52c3c34a3b1bf7ea4d05949647b90fa7d0c510c2d46936383604a8fcf10
321,20090124,12,18,20,21,25,34,42,35,50617982000,1000,50617982,5,0,"[[18,20,21,25,34,42],[12,20,21,25,34,42],[12,18,21,25,34,42],[12,18,20,25,34,42],[12,18,20,21,34,42],[12,18,20,21,25,42]]","[4,4,4,4,4,5]",4.166666666666667,0.033333333333333215,0.93865555525307187,downloads/official-1-1237/raw/api-0092.json,1cefd52c3c34a3b1bf7ea4d05949647b90fa7d0c510c2d46936383604a8fcf10
322,20090131,9,18,29,32,38,43,20,29,48948294000,1000,48948294,3,1,"[[18,20,29,32,38,43],[9,20,29,32,38,43],[9,18,20,32,38,43],[9,18,20,29,38,43],[9,18,20,29,32,43],[9,18,20,29,32,38]]","[3,3,3,4,4,4]",3.5,-0.63333333333333375,0.80427297425319866,downloads/official-1-1237/raw/api-0092.json,1cefd52c3c34a3b1bf7ea4d05949647b90fa7d0c510c2d46936383604a8fcf10
323,20090207,10,14,15,32,36,42,3,27,49209477000,1000,49209477,3,1,"[[3,14,15,32,36,42],[3,10,15,32,36,42],[3,10,14,32,36,42],[3,10,14,15,36,42],[3,10,14,15,32,42],[3,10,14,15,32,36]]","[3,3,3,4,4,4]",3.5,-0.63333333333333375,0.74483152909753547,downloads/official-1-1237/raw/api-0092.json,1cefd52c3c34a3b1bf7ea4d05949647b90fa7d0c510c2d46936383604a8fcf10
324,20090214,2,4,21,25,33,36,17,40,47988317000,1000,47988317,4,1,"[[4,17,21,25,33,36],[2,17,21,25,33,36],[2,4,17,25,33,36],[2,4,17,21,33,36],[2,4,17,21,25,36],[2,4,17,21,25,33]]","[4,4,4,4,5,5]",4.333333333333333,0.19999999999999929,1.1315337439318824,downloads/official-1-1237/raw/api-0092.json,1cefd52c3c34a3b1bf7ea4d05949647b90fa7d0c510c2d46936383604a8fcf10
325,20090221,7,17,20,32,44,45,33,33,46636979000,1000,46636979,3,0,"[[17,20,32,33,44,45],[7,20,32,33,44,45],[7,17,32,33,44,45],[7,17,20,33,44,45],[7,17,20,32,33,45],[7,17,20,32,33,44]]","[2,2,2,3,3,3]",2.5,-1.6333333333333337,0.96056457687793195,downloads/official-1-1237/raw/api-0092.json,1cefd52c3c34a3b1bf7ea4d05949647b90fa7d0c510c2d46936383604a8fcf10
326,20090228,16,23,25,33,36,39,40,31,47224551000,1000,47224551,3,0,"[[23,25,33,36,39,40],[16,25,33,36,39,40],[16,23,33,36,39,40],[16,23,25,36,39,40],[16,23,25,33,39,40],[16,23,25,33,36,40]]","[2,2,2,3,3,3]",2.5,-1.6333333333333337,0.89112144231927159,downloads/official-1-1237/raw/api-0092.json,1cefd52c3c34a3b1bf7ea4d05949647b90fa7d0c510c2d46936383604a8fcf10
327,20090307,6,12,13,17,32,44,24,39,45791560000,1000,45791560,4,1,"[[12,13,17,24,32,44],[6,13,17,24,32,44],[6,12,17,24,32,44],[6,12,13,24,32,44],[6,12,13,17,24,44],[6,12,13,17,24,32]]","[4,4,4,4,5,5]",4.333333333333333,0.19999999999999929,1.1561713555947866,downloads/official-1-1237/raw/api-0092.json,1cefd52c3c34a3b1bf7ea4d05949647b90fa7d0c510c2d46936383604a8fcf10
328,20090314,1,6,9,16,17,28,24,30,47316988000,1000,47316988,6,1,"[[6,9,16,17,24,28],[1,9,16,17,24,28],[1,6,16,17,24,28],[1,6,9,17,24,28],[1,6,9,16,24,28],[1,6,9,16,17,24]]","[6,6,6,6,6,6]",6,1.8666666666666663,0.8606908791404897,downloads/official-1-1237/raw/api-0091.json,807f721088b6a2fce81b860a88767b4cbdb1085588ad64263726f21515afc290
329,20090321,9,17,19,30,35,42,4,33,47198504000,1000,47198504,4,1,"[[4,17,19,30,35,42],[4,9,19,30,35,42],[4,9,17,30,35,42],[4,9,17,19,35,42],[4,9,17,19,30,42],[4,9,17,19,30,35]]","[4,4,4,4,5,5]",4.333333333333333,0.19999999999999929,0.94913665060231567,downloads/official-1-1237/raw/api-0091.json,807f721088b6a2fce81b860a88767b4cbdb1085588ad64263726f21515afc290
330,20090328,3,4,16,17,19,20,23,32,45859496000,1000,45859496,6,1,"[[4,16,17,19,20,23],[3,16,17,19,20,23],[3,4,17,19,20,23],[3,4,16,19,20,23],[3,4,16,17,20,23],[3,4,16,17,19,23]]","[6,6,6,6,6,6]",6,1.8666666666666663,0.94724809012292677,downloads/official-1-1237/raw/api-0091.json,807f721088b6a2fce81b860a88767b4cbdb1085588ad64263726f21515afc290
331,20090404,4,9,14,26,31,44,39,45,46641467000,1000,46641467,5,0,"[[9,14,26,31,39,44],[4,14,26,31,39,44],[4,9,26,31,39,44],[4,9,14,31,39,44],[4,9,14,26,39,44],[4,9,14,26,31,39]]","[4,4,4,4,4,5]",4.166666666666667,0.033333333333333215,1.3097347474083523,downloads/official-1-1237/raw/api-0091.json,807f721088b6a2fce81b860a88767b4cbdb1085588ad64263726f21515afc290
332,20090411,16,17,34,36,42,45,3,37,46042557000,1000,46042557,2,1,"[[3,17,34,36,42,45],[3,16,34,36,42,45],[3,16,17,36,42,45],[3,16,17,34,42,45],[3,16,17,34,36,45],[3,16,17,34,36,42]]","[2,2,3,3,3,3]",2.6666666666666665,-1.4666666666666672,1.0909009679892452,downloads/official-1-1237/raw/api-0091.json,807f721088b6a2fce81b860a88767b4cbdb1085588ad64263726f21515afc290
333,20090418,5,14,27,30,39,43,35,36,46019070000,1000,46019070,4,0,"[[14,27,30,35,39,43],[5,27,30,35,39,43],[5,14,30,35,39,43],[5,14,27,35,39,43],[5,14,27,30,35,43],[5,14,27,30,35,39]]","[3,3,3,3,4,4]",3.3333333333333335,-0.80000000000000027,1.0619588792211576,downloads/official-1-1237/raw/api-0091.json,807f721088b6a2fce81b860a88767b4cbdb1085588ad64263726f21515afc290
334,20090425,13,15,21,29,39,43,33,31,44439656000,1000,44439656,4,0,"[[15,21,29,33,39,43],[13,21,29,33,39,43],[13,15,29,33,39,43],[13,15,21,33,39,43],[13,15,21,29,33,43],[13,15,21,29,33,39]]","[3,3,3,3,4,4]",3.3333333333333335,-0.80000000000000027,0.94696525103614659,downloads/official-1-1237/raw/api-0091.json,807f721088b6a2fce81b860a88767b4cbdb1085588ad64263726f21515afc290
335,20090502,5,9,16,23,26,45,21,28,43977478000,1000,43977478,5,1,"[[9,16,21,23,26,45],[5,16,21,23,26,45],[5,9,21,23,26,45],[5,9,16,21,26,45],[5,9,16,21,23,45],[5,9,16,21,23,26]]","[5,5,5,5,5,6]",5.166666666666667,1.0333333333333332,0.86431241009318449,downloads/official-1-1237/raw/api-0091.json,807f721088b6a2fce81b860a88767b4cbdb1085588ad64263726f21515afc290
336,20090509,3,5,20,34,35,44,16,30,43069333000,1000,43069333,3,1,"[[5,16,20,34,35,44],[3,16,20,34,35,44],[3,5,16,34,35,44],[3,5,16,20,35,44],[3,5,16,20,34,44],[3,5,16,20,34,35]]","[3,3,3,4,4,4]",3.5,-0.63333333333333375,0.94557535868967368,downloads/official-1-1237/raw/api-0091.json,807f721088b6a2fce81b860a88767b4cbdb1085588ad64263726f21515afc290
337,20090516,1,5,14,18,32,37,4,33,43432467000,1000,43432467,4,1,"[[4,5,14,18,32,37],[1,4,14,18,32,37],[1,4,5,18,32,37],[1,4,5,14,32,37],[1,4,5,14,18,37],[1,4,5,14,18,32]]","[4,4,4,4,5,5]",4.333333333333333,0.19999999999999929,1.0314364597341432,downloads/official-1-1237/raw/api-0091.json,807f721088b6a2fce81b860a88767b4cbdb1085588ad64263726f21515afc290
338,20090523,2,13,34,38,42,45,16,39,43136020000,1000,43136020,2,1,"[[13,16,34,38,42,45],[2,16,34,38,42,45],[2,13,16,38,42,45],[2,13,16,34,42,45],[2,13,16,34,38,45],[2,13,16,34,38,42]]","[2,2,3,3,3,3]",2.6666666666666665,-1.4666666666666672,1.2273475856140645,downloads/official-1-1237/raw/api-0090.json,5986c0e0ac6e8b608062f9db190133b9edb09a15a0e15b013f1ca4115da91744
339,20090530,6,8,14,21,30,37,45,32,42035640000,1000,42035640,5,0,"[[8,14,21,30,37,45],[6,14,21,30,37,45],[6,8,21,30,37,45],[6,8,14,30,37,45],[6,8,14,21,37,45],[6,8,14,21,30,45]]","[4,4,4,4,4,5]",4.166666666666667,0.033333333333333215,1.0334164056976414,downloads/official-1-1237/raw/api-0090.json,5986c0e0ac6e8b608062f9db190133b9edb09a15a0e15b013f1ca4115da91744
340,20090606,18,24,26,29,34,38,32,35,42892121000,1000,42892121,4,0,"[[24,26,29,32,34,38],[18,26,29,32,34,38],[18,24,29,32,34,38],[18,24,26,32,34,38],[18,24,26,29,32,38],[18,24,26,29,32,34]]","[3,3,3,3,4,4]",3.3333333333333335,-0.80000000000000027,1.1077290861881137,downloads/official-1-1237/raw/api-0090.json,5986c0e0ac6e8b608062f9db190133b9edb09a15a0e15b013f1ca4115da91744
341,20090613,1,8,19,34,39,43,41,33,44722448000,1000,44722448,3,0,"[[8,19,34,39,41,43],[1,19,34,39,41,43],[1,8,34,39,41,43],[1,8,19,39,41,43],[1,8,19,34,41,43],[1,8,19,34,39,41]]","[2,2,2,3,3,3]",2.5,-1.6333333333333337,1.0016855517390282,downloads/official-1-1237/raw/api-0090.json,5986c0e0ac6e8b608062f9db190133b9edb09a15a0e15b013f1ca4115da91744
342,20090620,1,13,14,33,34,43,25,29,43782188000,1000,43782188,3,1,"[[13,14,25,33,34,43],[1,14,25,33,34,43],[1,13,25,33,34,43],[1,13,14,25,34,43],[1,13,14,25,33,43],[1,13,14,25,33,34]]","[3,3,3,4,4,4]",3.5,-0.63333333333333375,0.89917365482054024,downloads/official-1-1237/raw/api-0090.json,5986c0e0ac6e8b608062f9db190133b9edb09a15a0e15b013f1ca4115da91744
343,20090627,1,10,17,29,31,43,15,29,43656460000,1000,43656460,5,1,"[[10,15,17,29,31,43],[1,15,17,29,31,43],[1,10,15,29,31,43],[1,10,15,17,31,43],[1,10,15,17,29,43],[1,10,15,17,29,31]]","[5,5,5,5,5,6]",5.166666666666667,1.0333333333333332,0.90176322129645881,downloads/official-1-1237/raw/api-0090.json,5986c0e0ac6e8b608062f9db190133b9edb09a15a0e15b013f1ca4115da91744
344,20090704,1,2,15,28,34,45,38,23,43838886000,1000,43838886,4,0,"[[2,15,28,34,38,45],[1,15,28,34,38,45],[1,2,28,34,38,45],[1,2,15,34,38,45],[1,2,15,28,38,45],[1,2,15,28,34,38]]","[3,3,3,3,4,4]",3.3333333333333335,-0.80000000000000027,0.71221540620352441,downloads/official-1-1237/raw/api-0090.json,5986c0e0ac6e8b608062f9db190133b9edb09a15a0e15b013f1ca4115da91744
345,20090711,15,20,23,29,39,42,2,38,43530937000,1000,43530937,4,1,"[[2,20,23,29,39,42],[2,15,23,29,39,42],[2,15,20,29,39,42],[2,15,20,23,39,42],[2,15,20,23,29,42],[2,15,20,23,29,39]]","[4,4,4,4,5,5]",4.333333333333333,0.19999999999999929,1.1850280181196191,downloads/official-1-1237/raw/api-0090.json,5986c0e0ac6e8b608062f9db190133b9edb09a15a0e15b013f1ca4115da91744
346,20090718,5,13,14,22,44,45,33,26,42862389000,1000,42862389,4,0,"[[13,14,22,33,44,45],[5,14,22,33,44,45],[5,13,22,33,44,45],[5,13,14,33,44,45],[5,13,14,22,33,45],[5,13,14,22,33,44]]","[3,3,3,3,4,4]",3.3333333333333335,-0.80000000000000027,0.82345526750737108,downloads/official-1-1237/raw/api-0090.json,5986c0e0ac6e8b608062f9db190133b9edb09a15a0e15b013f1ca4115da91744
347,20090725,3,8,13,27,32,42,10,38,44219740000,1000,44219740,4,1,"[[8,10,13,27,32,42],[3,10,13,27,32,42],[3,8,10,27,32,42],[3,8,10,13,32,42],[3,8,10,13,27,42],[3,8,10,13,27,32]]","[4,4,4,4,5,5]",4.333333333333333,0.19999999999999929,1.1665690481219473,downloads/official-1-1237/raw/api-0090.json,5986c0e0ac6e8b608062f9db190133b9edb09a15a0e15b013f1ca4115da91744
348,20090801,3,14,17,20,24,31,34,37,42786310000,1000,42786310,6,0,"[[14,17,20,24,31,34],[3,17,20,24,31,34],[3,14,20,24,31,34],[3,14,17,24,31,34],[3,14,17,20,31,34],[3,14,17,20,24,34]]","[5,5,5,5,5,5]",5,0.86666666666666625,1.1739238555509928,downloads/official-1-1237/raw/api-0089.json,89366c2f5c1f63caec1729de9adfc0b77d74c7065ef7e3d4963e876adc949272
349,20090808,5,13,14,20,24,25,36,37,43433870000,1000,43433870,6,0,"[[13,14,20,24,25,36],[5,14,20,24,25,36],[5,13,20,24,25,36],[5,13,14,24,25,36],[5,13,14,20,25,36],[5,13,14,20,24,36]]","[5,5,5,5,5,5]",5,0.86666666666666625,1.1564217049965844,downloads/official-1-1237/raw/api-0089.json,89366c2f5c1f63caec1729de9adfc0b77d74c7065ef7e3d4963e876adc949272
350,20090815,1,8,18,24,29,33,35,23,42681094000,1000,42681094,5,0,"[[8,18,24,29,33,35],[1,18,24,29,33,35],[1,8,24,29,33,35],[1,8,18,29,33,35],[1,8,18,24,33,35],[1,8,18,24,29,35]]","[4,4,4,4,4,5]",4.166666666666667,0.033333333333333215,0.73153537254691736,downloads/official-1-1237/raw/api-0089.json,89366c2f5c1f63caec1729de9adfc0b77d74c7065ef7e3d4963e876adc949272
351,20090822,5,25,27,29,34,36,33,29,43947492000,1000,43947492,4,0,"[[25,27,29,33,34,36],[5,27,29,33,34,36],[5,25,29,33,34,36],[5,25,27,33,34,36],[5,25,27,29,33,36],[5,25,27,29,33,34]]","[3,3,3,3,4,4]",3.3333333333333335,-0.80000000000000027,0.89579150500783977,downloads/official-1-1237/raw/api-0089.json,89366c2f5c1f63caec1729de9adfc0b77d74c7065ef7e3d4963e876adc949272
352,20090829,5,16,17,20,26,41,24,29,44719545000,1000,44719545,5,1,"[[16,17,20,24,26,41],[5,17,20,24,26,41],[5,16,20,24,26,41],[5,16,17,24,26,41],[5,16,17,20,24,41],[5,16,17,20,24,26]]","[5,5,5,5,5,6]",5.166666666666667,1.0333333333333332,0.88032626450023144,downloads/official-1-1237/raw/api-0089.json,89366c2f5c1f63caec1729de9adfc0b77d74c7065ef7e3d4963e876adc949272
353,20090905,11,16,19,22,29,36,26,29,44552925000,1000,44552925,5,1,"[[16,19,22,26,29,36],[11,19,22,26,29,36],[11,16,22,26,29,36],[11,16,19,26,29,36],[11,16,19,22,26,36],[11,16,19,22,26,29]]","[5,5,5,5,5,6]",5.166666666666667,1.0333333333333332,0.88361852785198725,downloads/official-1-1237/raw/api-0089.json,89366c2f5c1f63caec1729de9adfc0b77d74c7065ef7e3d4963e876adc949272
354,20090912,14,19,36,43,44,45,1,34,44709689000,1000,44709689,2,1,"[[1,19,36,43,44,45],[1,14,36,43,44,45],[1,14,19,43,44,45],[1,14,19,36,44,45],[1,14,19,36,43,45],[1,14,19,36,43,44]]","[2,2,3,3,3,3]",2.6666666666666665,-1.4666666666666672,1.032334177050527,downloads/official-1-1237/raw/api-0089.json,89366c2f5c1f63caec1729de9adfc0b77d74c7065ef7e3d4963e876adc949272
355,20090919,5,8,29,30,35,44,38,24,45017050000,1000,45017050,4,0,"[[8,29,30,35,38,44],[5,29,30,35,38,44],[5,8,30,35,38,44],[5,8,29,35,38,44],[5,8,29,30,38,44],[5,8,29,30,35,38]]","[3,3,3,3,4,4]",3.3333333333333335,-0.80000000000000027,0.72373111965355352,downloads/official-1-1237/raw/api-0089.json,89366c2f5c1f63caec1729de9adfc0b77d74c7065ef7e3d4963e876adc949272
356,20090926,2,8,14,25,29,45,24,37,44684958000,1000,44684958,5,1,"[[8,14,24,25,29,45],[2,14,24,25,29,45],[2,8,24,25,29,45],[2,8,14,24,29,45],[2,8,14,24,25,45],[2,8,14,24,25,29]]","[5,5,5,5,5,6]",5.166666666666667,1.0333333333333332,1.1240442477309702,downloads/official-1-1237/raw/api-0089.json,89366c2f5c1f63caec1729de9adfc0b77d74c7065ef7e3d4963e876adc949272
357,20091003,10,14,18,21,36,37,5,27,45232409000,1000,45232409,4,1,"[[5,14,18,21,36,37],[5,10,18,21,36,37],[5,10,14,21,36,37],[5,10,14,18,36,37],[5,10,14,18,21,37],[5,10,14,18,21,36]]","[4,4,4,4,5,5]",4.333333333333333,0.19999999999999929,0.8103209802511292,downloads/official-1-1237/raw/api-0089.json,89366c2f5c1f63caec1729de9adfc0b77d74c7065ef7e3d4963e876adc949272
358,20091010,1,9,10,12,21,40,37,44,45651829000,1000,45651829,5,0,"[[9,10,12,21,37,40],[1,10,12,21,37,40],[1,9,12,21,37,40],[1,9,10,21,37,40],[1,9,10,12,37,40],[1,9,10,12,21,37]]","[4,4,4,4,4,5]",4.166666666666667,0.033333333333333215,1.3083909518718297,downloads/official-1-1237/raw/api-0088.json,0d761b46e67477936b0c5fbc47ec3da6210215d53de498a5f4b2d8a11a643714
359,20091017,1,10,19,20,24,40,23,37,45288256000,1000,45288256,5,1,"[[10,19,20,23,24,40],[1,19,20,23,24,40],[1,10,20,23,24,40],[1,10,19,23,24,40],[1,10,19,20,23,40],[1,10,19,20,23,24]]","[5,5,5,5,5,6]",5.166666666666667,1.0333333333333332,1.1090705281298534,downloads/official-1-1237/raw/api-0088.json,0d761b46e67477936b0c5fbc47ec3da6210215d53de498a5f4b2d8a11a643714
360,20091024,4,16,23,25,35,40,27,33,45719032000,1000,45719032,4,1,"[[16,23,25,27,35,40],[4,23,25,27,35,40],[4,16,25,27,35,40],[4,16,23,27,35,40],[4,16,23,25,27,40],[4,16,23,25,27,35]]","[4,4,4,4,5,5]",4.333333333333333,0.19999999999999929,0.97985079824087262,downloads/official-1-1237/raw/api-0088.json,0d761b46e67477936b0c5fbc47ec3da6210215d53de498a5f4b2d8a11a643714
361,20091031,5,10,16,24,27,35,33,34,45062676000,1000,45062676,5,0,"[[10,16,24,27,33,35],[5,16,24,27,33,35],[5,10,24,27,33,35],[5,10,16,27,33,35],[5,10,16,24,33,35],[5,10,16,24,27,33]]","[4,4,4,4,4,5]",4.166666666666667,0.033333333333333215,1.0242476500951696,downloads/official-1-1237/raw/api-0088.json,0d761b46e67477936b0c5fbc47ec3da6210215d53de498a5f4b2d8a11a643714
362,20091107,2,3,22,27,30,40,29,26,44336363000,1000,44336363,5,1,"[[3,22,27,29,30,40],[2,22,27,29,30,40],[2,3,27,29,30,40],[2,3,22,29,30,40],[2,3,22,27,29,40],[2,3,22,27,29,30]]","[5,5,5,5,5,6]",5.166666666666667,1.0333333333333332,0.79607928146925355,downloads/official-1-1237/raw/api-0088.json,0d761b46e67477936b0c5fbc47ec3da6210215d53de498a5f4b2d8a11a643714
363,20091114,11,12,14,21,32,38,6,33,44863948000,1000,44863948,4,1,"[[6,12,14,21,32,38],[6,11,14,21,32,38],[6,11,12,21,32,38],[6,11,12,14,32,38],[6,11,12,14,21,38],[6,11,12,14,21,32]]","[4,4,4,4,5,5]",4.333333333333333,0.19999999999999929,0.99852625542451146,downloads/official-1-1237/raw/api-0088.json,0d761b46e67477936b0c5fbc47ec3da6210215d53de498a5f4b2d8a11a643714
364,20091121,2,5,7,14,16,40,4,37,44192004000,1000,44192004,5,1,"[[4,5,7,14,16,40],[2,4,7,14,16,40],[2,4,5,14,16,40],[2,4,5,7,16,40],[2,4,5,7,14,40],[2,4,5,7,14,16]]","[5,5,5,5,5,6]",5.166666666666667,1.0333333333333332,1.1365827628002567,downloads/official-1-1237/raw/api-0088.json,0d761b46e67477936b0c5fbc47ec3da6210215d53de498a5f4b2d8a11a643714
365,20091128,5,15,21,25,26,30,31,35,45806066000,1000,45806066,6,1,"[[15,21,25,26,30,31],[5,21,25,26,30,31],[5,15,25,26,30,31],[5,15,21,26,30,31],[5,15,21,25,30,31],[5,15,21,25,26,31]]","[6,6,6,6,6,6]",6,1.8666666666666663,1.0372610911401996,downloads/official-1-1237/raw/api-0088.json,0d761b46e67477936b0c5fbc47ec3da6210215d53de498a5f4b2d8a11a643714
366,20091205,5,12,19,26,27,44,38,39,45962166000,1000,45962166,5,0,"[[12,19,26,27,38,44],[5,19,26,27,38,44],[5,12,26,27,38,44],[5,12,19,27,38,44],[5,12,19,26,38,44],[5,12,19,26,27,38]]","[4,4,4,4,4,5]",4.166666666666667,0.033333333333333215,1.15187978738861,downloads/official-1-1237/raw/api-0088.json,0d761b46e67477936b0c5fbc47ec3da6210215d53de498a5f4b2d8a11a643714
367,20091212,3,22,25,29,32,44,19,37,46459307000,1000,46459307,4,1,"[[19,22,25,29,32,44],[3,19,25,29,32,44],[3,19,22,29,32,44],[3,19,22,25,32,44],[3,19,22,25,29,44],[3,19,22,25,29,32]]","[4,4,4,4,5,5]",4.333333333333333,0.19999999999999929,1.0811153511179148,downloads/official-1-1237/raw/api-0088.json,0d761b46e67477936b0c5fbc47ec3da6210215d53de498a5f4b2d8a11a643714
368,20091219,11,21,24,30,39,45,26,38,43746046000,1000,43746046,4,1,"[[21,24,26,30,39,45],[11,24,26,30,39,45],[11,21,26,30,39,45],[11,21,24,26,39,45],[11,21,24,26,30,45],[11,21,24,26,30,39]]","[4,4,4,4,5,5]",4.333333333333333,0.19999999999999929,1.1792009728147774,downloads/official-1-1237/raw/api-0087.json,c4d20521e6f178843d5fd8c3cc9e4c0cd26715ecefb3bcddeee2985703e5b851
369,20091226,17,20,35,36,41,43,21,31,46716275000,1000,46716275,2,1,"[[20,21,35,36,41,43],[17,21,35,36,41,43],[17,20,21,36,41,43],[17,20,21,35,41,43],[17,20,21,35,36,43],[17,20,21,35,36,41]]","[2,2,3,3,3,3]",2.6666666666666665,-1.4666666666666672,0.90081689946383781,downloads/official-1-1237/raw/api-0087.json,c4d20521e6f178843d5fd8c3cc9e4c0cd26715ecefb3bcddeee2985703e5b851
370,20100102,16,18,24,42,44,45,17,32,49762652000,1000,49762652,3,1,"[[17,18,24,42,44,45],[16,17,24,42,44,45],[16,17,18,42,44,45],[16,17,18,24,44,45],[16,17,18,24,42,45],[16,17,18,24,42,44]]","[3,3,3,4,4,4]",3.5,-0.63333333333333375,0.87295025996604847,downloads/official-1-1237/raw/api-0087.json,c4d20521e6f178843d5fd8c3cc9e4c0cd26715ecefb3bcddeee2985703e5b851
371,20100109,7,9,15,26,27,42,18,29,45843166000,1000,45843166,5,1,"[[9,15,18,26,27,42],[7,15,18,26,27,42],[7,9,18,26,27,42],[7,9,15,18,27,42],[7,9,15,18,26,42],[7,9,15,18,26,27]]","[5,5,5,5,5,6]",5.166666666666667,1.0333333333333332,0.85874937171660437,downloads/official-1-1237/raw/api-0087.json,c4d20521e6f178843d5fd8c3cc9e4c0cd26715ecefb3bcddeee2985703e5b851
372,20100116,8,11,14,16,18,21,13,37,46167066000,1000,46167066,6,1,"[[11,13,14,16,18,21],[8,13,14,16,18,21],[8,11,13,16,18,21],[8,11,13,14,18,21],[8,11,13,14,16,21],[8,11,13,14,16,18]]","[6,6,6,6,6,6]",6,1.8666666666666663,1.087958892601059,downloads/official-1-1237/raw/api-0087.json,c4d20521e6f178843d5fd8c3cc9e4c0cd26715ecefb3bcddeee2985703e5b851
373,20100123,15,26,37,42,43,45,9,29,47095065000,1000,47095065,2,1,"[[9,26,37,42,43,45],[9,15,37,42,43,45],[9,15,26,42,43,45],[9,15,26,37,43,45],[9,15,26,37,42,45],[9,15,26,37,42,43]]","[2,2,3,3,3,3]",2.6666666666666665,-1.4666666666666672,0.83592176802388951,downloads/official-1-1237/raw/api-0087.json,c4d20521e6f178843d5fd8c3cc9e4c0cd26715ecefb3bcddeee2985703e5b851
374,20100130,11,13,15,17,25,34,26,27,48081319000,1000,48081319,5,1,"[[13,15,17,25,26,34],[11,15,17,25,26,34],[11,13,17,25,26,34],[11,13,15,25,26,34],[11,13,15,17,26,34],[11,13,15,17,25,26]]","[5,5,5,5,5,6]",5.166666666666667,1.0333333333333332,0.76230791422340138,downloads/official-1-1237/raw/api-0087.json,c4d20521e6f178843d5fd8c3cc9e4c0cd26715ecefb3bcddeee2985703e5b851
375,20100206,4,8,19,25,27,45,7,42,47864938000,1000,47864938,5,1,"[[7,8,19,25,27,45],[4,7,19,25,27,45],[4,7,8,25,27,45],[4,7,8,19,27,45],[4,7,8,19,25,45],[4,7,8,19,25,27]]","[5,5,5,5,5,6]",5.166666666666667,1.0333333333333332,1.1911729625555976,downloads/official-1-1237/raw/api-0087.json,c4d20521e6f178843d5fd8c3cc9e4c0cd26715ecefb3bcddeee2985703e5b851
376,20100213,1,11,13,24,28,40,7,51,50657096000,1000,50657096,5,1,"[[7,11,13,24,28,40],[1,7,13,24,28,40],[1,7,11,24,28,40],[1,7,11,13,28,40],[1,7,11,13,24,40],[1,7,11,13,24,28]]","[5,5,5,5,5,6]",5.166666666666667,1.0333333333333332,1.3666991491182203,downloads/official-1-1237/raw/api-0087.json,c4d20521e6f178843d5fd8c3cc9e4c0cd26715ecefb3bcddeee2985703e5b851
377,20100220,6,22,29,37,43,45,23,22,49218434000,1000,49218434,3,1,"[[22,23,29,37,43,45],[6,23,29,37,43,45],[6,22,23,37,43,45],[6,22,23,29,43,45],[6,22,23,29,37,45],[6,22,23,29,37,43]]","[3,3,3,4,4,4]",3.5,-0.63333333333333375,0.60678931800227531,downloads/official-1-1237/raw/api-0087.json,c4d20521e6f178843d5fd8c3cc9e4c0cd26715ecefb3bcddeee2985703e5b851
378,20100227,5,22,29,31,34,39,43,30,48866964000,1000,48866964,4,0,"[[22,29,31,34,39,43],[5,29,31,34,39,43],[5,22,31,34,39,43],[5,22,29,34,39,43],[5,22,29,31,39,43],[5,22,29,31,34,43]]","[3,3,3,3,4,4]",3.3333333333333335,-0.80000000000000027,0.83339124566854617,downloads/official-1-1237/raw/api-0086.json,fd97f81def5295324e4b2fcb68f33e5a3a47d0a46c425374e2bea80889bbbb60
379,20100306,6,10,22,31,35,40,19,71,47537685000,1000,47537685,4,1,"[[10,19,22,31,35,40],[6,19,22,31,35,40],[6,10,19,31,35,40],[6,10,19,22,35,40],[6,10,19,22,31,40],[6,10,19,22,31,35]]","[4,4,4,4,5,5]",4.333333333333333,0.19999999999999929,2.0275116468124184,downloads/official-1-1237/raw/api-0086.json,fd97f81def5295324e4b2fcb68f33e5a3a47d0a46c425374e2bea80889bbbb60
380,20100313,1,2,8,17,26,37,27,42,47164371000,1000,47164371,5,1,"[[2,8,17,26,27,37],[1,8,17,26,27,37],[1,2,17,26,27,37],[1,2,8,26,27,37],[1,2,8,17,27,37],[1,2,8,17,26,27]]","[5,5,5,5,5,6]",5.166666666666667,1.0333333333333332,1.2088663283562078,downloads/official-1-1237/raw/api-0086.json,fd97f81def5295324e4b2fcb68f33e5a3a47d0a46c425374e2bea80889bbbb60
381,20100320,1,5,10,12,16,20,11,62,47943113000,1000,47943113,6,1,"[[5,10,11,12,16,20],[1,10,11,12,16,20],[1,5,11,12,16,20],[1,5,10,11,16,20],[1,5,10,11,12,20],[1,5,10,11,12,16]]","[6,6,6,6,6,6]",6,1.8666666666666663,1.7555309768892144,downloads/official-1-1237/raw/api-0086.json,fd97f81def5295324e4b2fcb68f33e5a3a47d0a46c425374e2bea80889bbbb60
382,20100327,10,15,22,24,27,42,19,32,47401288000,1000,47401288,5,1,"[[15,19,22,24,27,42],[10,19,22,24,27,42],[10,15,19,24,27,42],[10,15,19,22,27,42],[10,15,19,22,24,42],[10,15,19,22,24,27]]","[5,5,5,5,5,6]",5.166666666666667,1.0333333333333332,0.9164375449038431,downloads/official-1-1237/raw/api-0086.json,fd97f81def5295324e4b2fcb68f33e5a3a47d0a46c425374e2bea80889bbbb60
383,20100403,4,15,28,33,37,40,25,28,46067051000,1000,46067051,3,1,"[[15,25,28,33,37,40],[4,25,28,33,37,40],[4,15,25,33,37,40],[4,15,25,28,37,40],[4,15,25,28,33,40],[4,15,25,28,33,37]]","[3,3,3,4,4,4]",3.5,-0.63333333333333375,0.82510773263953885,downloads/official-1-1237/raw/api-0086.json,fd97f81def5295324e4b2fcb68f33e5a3a47d0a46c425374e2bea80889bbbb60
384,20100410,11,22,24,32,36,38,7,41,46888942000,1000,46888942,3,1,"[[7,22,24,32,36,38],[7,11,24,32,36,38],[7,11,22,32,36,38],[7,11,22,24,36,38],[7,11,22,24,32,38],[7,11,22,24,32,36]]","[3,3,3,4,4,4]",3.5,-0.63333333333333375,1.1870156933803284,downloads/official-1-1237/raw/api-0086.json,fd97f81def5295324e4b2fcb68f33e5a3a47d0a46c425374e2bea80889bbbb60
385,20100417,7,12,19,21,29,32,9,36,46243483000,1000,46243483,5,1,"[[9,12,19,21,29,32],[7,9,19,21,29,32],[7,9,12,21,29,32],[7,9,12,19,29,32],[7,9,12,19,21,32],[7,9,12,19,21,29]]","[5,5,5,5,5,6]",5.166666666666667,1.0333333333333332,1.0568053448742172,downloads/official-1-1237/raw/api-0086.json,fd97f81def5295324e4b2fcb68f33e5a3a47d0a46c425374e2bea80889bbbb60
386,20100424,4,7,10,19,31,40,26,59,45907331000,1000,45907331,5,1,"[[7,10,19,26,31,40],[4,10,19,26,31,40],[4,7,19,26,31,40],[4,7,10,26,31,40],[4,7,10,19,26,40],[4,7,10,19,26,31]]","[5,5,5,5,5,6]",5.166666666666667,1.0333333333333332,1.7446688416714968,downloads/official-1-1237/raw/api-0086.json,fd97f81def5295324e4b2fcb68f33e5a3a47d0a46c425374e2bea80889bbbb60
387,20100501,1,26,31,34,40,43,20,26,45459960000,1000,45459960,3,1,"[[20,26,31,34,40,43],[1,20,31,34,40,43],[1,20,26,34,40,43],[1,20,26,31,40,43],[1,20,26,31,34,43],[1,20,26,31,34,40]]","[3,3,3,4,4,4]",3.5,-0.63333333333333375,0.77640323484666507,downloads/official-1-1237/raw/api-0086.json,fd97f81def5295324e4b2fcb68f33e5a3a47d0a46c425374e2bea80889bbbb60
388,20100508,1,8,9,17,29,32,45,30,44308705000,1000,44308705,5,0,"[[8,9,17,29,32,45],[1,9,17,29,32,45],[1,8,17,29,32,45],[1,8,9,29,32,45],[1,8,9,17,32,45],[1,8,9,17,29,45]]","[4,4,4,4,4,5]",4.166666666666667,0.033333333333333215,0.9191263883699603,downloads/official-1-1237/raw/api-0085.json,1dc7a54daa3c01fb2b97dfaecb5125f794bc733ce87e61e4ba3a1b6f7c1ec8a6
389,20100515,7,16,18,20,23,26,3,36,45534027000,1000,45534027,6,1,"[[3,16,18,20,23,26],[3,7,18,20,23,26],[3,7,16,20,23,26],[3,7,16,18,23,26],[3,7,16,18,20,26],[3,7,16,18,20,23]]","[6,6,6,6,6,6]",6,1.8666666666666663,1.0732712044115931,downloads/official-1-1237/raw/api-0085.json,1dc7a54daa3c01fb2b97dfaecb5125f794bc733ce87e61e4ba3a1b6f7c1ec8a6
390,20100522,16,17,28,37,39,40,15,37,44189673000,1000,44189673,3,1,"[[15,17,28,37,39,40],[15,16,28,37,39,40],[15,16,17,37,39,40],[15,16,17,28,39,40],[15,16,17,28,37,40],[15,16,17,28,37,39]]","[3,3,3,4,4,4]",3.5,-0.63333333333333375,1.1366427174059424,downloads/official-1-1237/raw/api-0085.json,1dc7a54daa3c01fb2b97dfaecb5125f794bc733ce87e61e4ba3a1b6f7c1ec8a6
391,20100529,10,11,18,22,28,39,30,32,45161516000,1000,45161516,5,1,"[[11,18,22,28,30,39],[10,18,22,28,30,39],[10,11,22,28,30,39],[10,11,18,28,30,39],[10,11,18,22,30,39],[10,11,18,22,28,30]]","[5,5,5,5,5,6]",5.166666666666667,1.0333333333333332,0.96188799330828489,downloads/official-1-1237/raw/api-0085.json,1dc7a54daa3c01fb2b97dfaecb5125f794bc733ce87e61e4ba3a1b6f7c1ec8a6
392,20100605,1,3,7,8,24,42,43,30,45528684000,1000,45528684,5,0,"[[3,7,8,24,42,43],[1,7,8,24,42,43],[1,3,8,24,42,43],[1,3,7,24,42,43],[1,3,7,8,42,43],[1,3,7,8,24,43]]","[4,4,4,4,4,5]",4.166666666666667,0.033333333333333215,0.8944976314272558,downloads/official-1-1237/raw/api-0085.json,1dc7a54daa3c01fb2b97dfaecb5125f794bc733ce87e61e4ba3a1b6f7c1ec8a6
393,20100612,9,16,28,40,41,43,21,35,45989116000,1000,45989116,3,1,"[[16,21,28,40,41,43],[9,21,28,40,41,43],[9,16,21,40,41,43],[9,16,21,28,41,43],[9,16,21,28,40,43],[9,16,21,28,40,41]]","[3,3,3,4,4,4]",3.5,-0.63333333333333375,1.0331324916095366,downloads/official-1-1237/raw/api-0085.json,1dc7a54daa3c01fb2b97dfaecb5125f794bc733ce87e61e4ba3a1b6f7c1ec8a6
394,20100619,1,13,20,22,25,28,15,33,45192337000,1000,45192337,6,1,"[[13,15,20,22,25,28],[1,15,20,22,25,28],[1,13,15,22,25,28],[1,13,15,20,25,28],[1,13,15,20,22,28],[1,13,15,20,22,25]]","[6,6,6,6,6,6]",6,1.8666666666666663,0.99127048906543602,downloads/official-1-1237/raw/api-0085.json,1dc7a54daa3c01fb2b97dfaecb5125f794bc733ce87e61e4ba3a1b6f7c1ec8a6
395,20100626,11,15,20,26,31,35,7,42,46192580000,1000,46192580,5,1,"[[7,15,20,26,31,35],[7,11,20,26,31,35],[7,11,15,26,31,35],[7,11,15,20,31,35],[7,11,15,20,26,35],[7,11,15,20,26,31]]","[5,5,5,5,5,6]",5.166666666666667,1.0333333333333332,1.2342982357772612,downloads/official-1-1237/raw/api-0085.json,1dc7a54daa3c01fb2b97dfaecb5125f794bc733ce87e61e4ba3a1b6f7c1ec8a6
396,20100703,18,20,31,34,40,45,30,34,45463736000,1000,45463736,3,1,"[[20,30,31,34,40,45],[18,30,31,34,40,45],[18,20,30,34,40,45],[18,20,30,31,40,45],[18,20,30,31,34,45],[18,20,30,31,34,40]]","[3,3,3,4,4,4]",3.5,-0.63333333333333375,1.0152122122123883,downloads/official-1-1237/raw/api-0085.json,1dc7a54daa3c01fb2b97dfaecb5125f794bc733ce87e61e4ba3a1b6f7c1ec8a6
397,20100710,12,13,17,22,25,33,8,31,45890007000,1000,45890007,5,1,"[[8,13,17,22,25,33],[8,12,17,22,25,33],[8,12,13,22,25,33],[8,12,13,17,25,33],[8,12,13,17,22,33],[8,12,13,17,22,25]]","[5,5,5,5,5,6]",5.166666666666667,1.0333333333333332,0.9170364693995362,downloads/official-1-1237/raw/api-0085.json,1dc7a54daa3c01fb2b97dfaecb5125f794bc733ce87e61e4ba3a1b6f7c1ec8a6
398,20100717,10,15,20,23,42,44,7,31,45427304000,1000,45427304,4,1,"[[7,15,20,23,42,44],[7,10,20,23,42,44],[7,10,15,23,42,44],[7,10,15,20,42,44],[7,10,15,20,23,44],[7,10,15,20,23,42]]","[4,4,4,4,5,5]",4.333333333333333,0.19999999999999929,0.92637700885793262,downloads/official-1-1237/raw/api-0084.json,17e15098a36b057fa88bdbc46fcc94fa14a6d55c143be4a3a97bd8ea30a85280
399,20100724,1,2,9,17,19,42,20,40,45551786000,1000,45551786,5,1,"[[2,9,17,19,20,42],[1,9,17,19,20,42],[1,2,17,19,20,42],[1,2,9,19,20,42],[1,2,9,17,20,42],[1,2,9,17,19,20]]","[5,5,5,5,5,6]",5.166666666666667,1.0333333333333332,1.1920586384911449,downloads/official-1-1237/raw/api-0084.json,17e15098a36b057fa88bdbc46fcc94fa14a6d55c143be4a3a97bd8ea30a85280
400,20100731,9,21,27,34,41,43,2,30,45379731000,1000,45379731,3,1,"[[2,21,27,34,41,43],[2,9,27,34,41,43],[2,9,21,34,41,43],[2,9,21,27,41,43],[2,9,21,27,34,43],[2,9,21,27,34,41]]","[3,3,3,4,4,4]",3.5,-0.63333333333333375,0.89743370228439656,downloads/official-1-1237/raw/api-0084.json,17e15098a36b057fa88bdbc46fcc94fa14a6d55c143be4a3a97bd8ea30a85280
401,20100807,6,12,18,31,38,43,9,29,43491965000,1000,43491965,4,1,"[[9,12,18,31,38,43],[6,9,18,31,38,43],[6,9,12,31,38,43],[6,9,12,18,38,43],[6,9,12,18,31,43],[6,9,12,18,31,38]]","[4,4,4,4,5,5]",4.333333333333333,0.19999999999999929,0.90517386372402353,downloads/official-1-1237/raw/api-0084.json,17e15098a36b057fa88bdbc46fcc94fa14a6d55c143be4a3a97bd8ea30a85280
402,20100814,5,9,15,19,22,36,32,41,45002946000,1000,45002946,5,0,"[[9,15,19,22,32,36],[5,15,19,22,32,36],[5,9,19,22,32,36],[5,9,15,22,32,36],[5,9,15,19,32,36],[5,9,15,19,22,32]]","[4,4,4,4,4,5]",4.166666666666667,0.033333333333333215,1.2367614777930316,downloads/official-1-1237/raw/api-0084.json,17e15098a36b057fa88bdbc46fcc94fa14a6d55c143be4a3a97bd8ea30a85280
403,20100821,10,14,22,24,28,37,26,43,44911335000,1000,44911335,5,1,"[[14,22,24,26,28,37],[10,22,24,26,28,37],[10,14,24,26,28,37],[10,14,22,26,28,37],[10,14,22,24,26,37],[10,14,22,24,26,28]]","[5,5,5,5,5,6]",5.166666666666667,1.0333333333333332,1.2997371376290641,downloads/official-1-1237/raw/api-0084.json,17e15098a36b057fa88bdbc46fcc94fa14a6d55c143be4a3a97bd8ea30a85280
404,20100828,5,20,21,24,33,40,36,26,45389825000,1000,45389825,4,0,"[[20,21,24,33,36,40],[5,21,24,33,36,40],[5,20,24,33,36,40],[5,20,21,33,36,40],[5,20,21,24,36,40],[5,20,21,24,33,36]]","[3,3,3,3,4,4]",3.3333333333333335,-0.80000000000000027,0.77760290990326575,downloads/official-1-1237/raw/api-0084.json,17e15098a36b057fa88bdbc46fcc94fa14a6d55c143be4a3a97bd8ea30a85280
405,20100904,1,2,10,25,26,44,4,35,45220904000,1000,45220904,5,1,"[[2,4,10,25,26,44],[1,4,10,25,26,44],[1,2,4,25,26,44],[1,2,4,10,26,44],[1,2,4,10,25,44],[1,2,4,10,25,26]]","[5,5,5,5,5,6]",5.166666666666667,1.0333333333333332,1.0506833299926954,downloads/official-1-1237/raw/api-0084.json,17e15098a36b057fa88bdbc46fcc94fa14a6d55c143be4a3a97bd8ea30a85280
406,20100911,7,12,21,24,27,36,45,33,46062206000,1000,46062206,5,0,"[[12,21,24,27,36,45],[7,21,24,27,36,45],[7,12,24,27,36,45],[7,12,21,27,36,45],[7,12,21,24,36,45],[7,12,21,24,27,45]]","[4,4,4,4,4,5]",4.166666666666667,0.033333333333333215,0.97255068504534936,downloads/official-1-1237/raw/api-0084.json,17e15098a36b057fa88bdbc46fcc94fa14a6d55c143be4a3a97bd8ea30a85280
407,20100918,6,7,13,16,24,25,1,27,48429586000,1000,48429586,6,1,"[[1,7,13,16,24,25],[1,6,13,16,24,25],[1,6,7,16,24,25],[1,6,7,13,24,25],[1,6,7,13,16,25],[1,6,7,13,16,24]]","[6,6,6,6,6,6]",6,1.8666666666666663,0.75682600301394276,downloads/official-1-1237/raw/api-0084.json,17e15098a36b057fa88bdbc46fcc94fa14a6d55c143be4a3a97bd8ea30a85280
408,20100925,9,20,21,22,30,37,16,33,46406711000,1000,46406711,5,1,"[[16,20,21,22,30,37],[9,16,21,22,30,37],[9,16,20,22,30,37],[9,16,20,21,30,37],[9,16,20,21,22,37],[9,16,20,21,22,30]]","[5,5,5,5,5,6]",5.166666666666667,1.0333333333333332,0.96533085484123193,downloads/official-1-1237/raw/api-0083.json,2fe1bae8059eeaba77093b00ebb7674ce72fac0330634bdb2d6252f032384c45
409,20101002,6,9,21,31,32,40,38,36,47924584000,1000,47924584,4,0,"[[9,21,31,32,38,40],[6,21,31,32,38,40],[6,9,31,32,38,40],[6,9,21,32,38,40],[6,9,21,31,38,40],[6,9,21,31,32,38]]","[3,3,3,3,4,4]",3.3333333333333335,-0.80000000000000027,1.0197346731272618,downloads/official-1-1237/raw/api-0083.json,2fe1bae8059eeaba77093b00ebb7674ce72fac0330634bdb2d6252f032384c45
410,20101009,1,3,18,32,40,41,16,37,47467817000,1000,47467817,3,1,"[[3,16,18,32,40,41],[1,16,18,32,40,41],[1,3,16,32,40,41],[1,3,16,18,40,41],[1,3,16,18,32,41],[1,3,16,18,32,40]]","[3,3,3,4,4,4]",3.5,-0.63333333333333375,1.0581457748520435,downloads/official-1-1237/raw/api-0083.json,2fe1bae8059eeaba77093b00ebb7674ce72fac0330634bdb2d6252f032384c45
411,20101016,11,14,22,35,37,39,5,36,47259122000,1000,47259122,3,1,"[[5,14,22,35,37,39],[5,11,22,35,37,39],[5,11,14,35,37,39],[5,11,14,22,37,39],[5,11,14,22,35,39],[5,11,14,22,35,37]]","[3,3,3,4,4,4]",3.5,-0.63333333333333375,1.0340936930652245,downloads/official-1-1237/raw/api-0083.json,2fe1bae8059eeaba77093b00ebb7674ce72fac0330634bdb2d6252f032384c45
412,20101023,4,7,39,41,42,45,40,34,47066180000,1000,47066180,2,0,"[[7,39,40,41,42,45],[4,39,40,41,42,45],[4,7,40,41,42,45],[4,7,39,40,42,45],[4,7,39,40,41,45],[4,7,39,40,41,42]]","[1,1,2,2,2,2]",1.6666666666666667,-2.4666666666666668,0.98064767525216623,downloads/official-1-1237/raw/api-0083.json,2fe1bae8059eeaba77093b00ebb7674ce72fac0330634bdb2d6252f032384c45
413,20101030,2,9,15,23,34,40,3,36,46925724000,1000,46925724,4,1,"[[3,9,15,23,34,40],[2,3,15,23,34,40],[2,3,9,23,34,40],[2,3,9,15,34,40],[2,3,9,15,23,40],[2,3,9,15,23,34]]","[4,4,4,4,5,5]",4.333333333333333,0.19999999999999929,1.0414407244947355,downloads/official-1-1237/raw/api-0083.json,2fe1bae8059eeaba77093b00ebb7674ce72fac0330634bdb2d6252f032384c45
414,20101106,2,14,15,22,23,44,43,35,46910990000,1000,46910990,5,0,"[[14,15,22,23,43,44],[2,15,22,23,43,44],[2,14,22,23,43,44],[2,14,15,23,43,44],[2,14,15,22,43,44],[2,14,15,22,23,43]]","[4,4,4,4,4,5]",4.166666666666667,0.033333333333333215,1.0128298294280296,downloads/official-1-1237/raw/api-0083.json,2fe1bae8059eeaba77093b00ebb7674ce72fac0330634bdb2d6252f032384c45
415,20101113,7,17,20,26,30,40,24,35,46746048000,1000,46746048,5,1,"[[17,20,24,26,30,40],[7,20,24,26,30,40],[7,17,24,26,30,40],[7,17,20,24,30,40],[7,17,20,24,26,40],[7,17,20,24,26,30]]","[5,5,5,5,5,6]",5.166666666666667,1.0333333333333332,1.0164035684898967,downloads/official-1-1237/raw/api-0083.json,2fe1bae8059eeaba77093b00ebb7674ce72fac0330634bdb2d6252f032384c45
416,20101120,5,6,8,11,22,26,44,32,46854806000,1000,46854806,6,0,"[[6,8,11,22,26,44],[5,8,11,22,26,44],[5,6,11,22,26,44],[5,6,8,22,26,44],[5,6,8,11,26,44],[5,6,8,11,22,44]]","[5,5,5,5,5,5]",5,0.86666666666666625,0.92712623759449564,downloads/official-1-1237/raw/api-0083.json,2fe1bae8059eeaba77093b00ebb7674ce72fac0330634bdb2d6252f032384c45
417,20101127,4,5,14,20,22,43,44,34,45968256000,1000,45968256,5,0,"[[5,14,20,22,43,44],[4,14,20,22,43,44],[4,5,20,22,43,44],[4,5,14,22,43,44],[4,5,14,20,43,44],[4,5,14,20,22,44]]","[4,4,4,4,4,5]",4.166666666666667,0.033333333333333215,1.0040698520300617,downloads/official-1-1237/raw/api-0083.json,2fe1bae8059eeaba77093b00ebb7674ce72fac0330634bdb2d6252f032384c45
418,20101204,11,13,15,26,28,34,31,46,47058055000,1000,47058055,5,1,"[[13,15,26,28,31,34],[11,15,26,28,31,34],[11,13,26,28,31,34],[11,13,15,28,31,34],[11,13,15,26,31,34],[11,13,15,26,28,31]]","[5,5,5,5,5,6]",5.166666666666667,1.0333333333333332,1.3269876963678162,downloads/official-1-1237/raw/api-0082.json,bbb84e9f563f7f51637abfdb64cdf21d973629ae997676ac1d4fe8a1c6c5757d
419,20101211,2,11,13,14,28,30,7,33,46508296000,1000,46508296,6,1,"[[7,11,13,14,28,30],[2,7,13,14,28,30],[2,7,11,14,28,30],[2,7,11,13,28,30],[2,7,11,13,14,30],[2,7,11,13,14,28]]","[6,6,6,6,6,6]",6,1.8666666666666663,0.96322234639600646,downloads/official-1-1237/raw/api-0082.json,bbb84e9f563f7f51637abfdb64cdf21d973629ae997676ac1d4fe8a1c6c5757d
420,20101218,4,9,10,29,31,34,27,35,47345476000,1000,47345476,5,1,"[[9,10,27,29,31,34],[4,10,27,29,31,34],[4,9,27,29,31,34],[4,9,10,27,31,34],[4,9,10,27,29,34],[4,9,10,27,29,31]]","[5,5,5,5,5,6]",5.166666666666667,1.0333333333333332,1.0035351635286125,downloads/official-1-1237/raw/api-0082.json,bbb84e9f563f7f51637abfdb64cdf21d973629ae997676ac1d4fe8a1c6c5757d
421,20101225,6,11,26,27,28,44,30,36,47752021000,1000,47752021,5,1,"[[11,26,27,28,30,44],[6,26,27,28,30,44],[6,11,27,28,30,44],[6,11,26,28,30,44],[6,11,26,27,30,44],[6,11,26,27,28,30]]","[5,5,5,5,5,6]",5.166666666666667,1.0333333333333332,1.0234197208113978,downloads/official-1-1237/raw/api-0082.json,bbb84e9f563f7f51637abfdb64cdf21d973629ae997676ac1d4fe8a1c6c5757d
422,20110101,8,15,19,21,34,44,12,21,52730602000,1000,52730602,4,1,"[[12,15,19,21,34,44],[8,12,19,21,34,44],[8,12,15,21,34,44],[8,12,15,19,34,44],[8,12,15,19,21,44],[8,12,15,19,21,34]]","[4,4,4,4,5,5]",4.333333333333333,0.19999999999999929,0.5406293294356852,downloads/official-1-1237/raw/api-0082.json,bbb84e9f563f7f51637abfdb64cdf21d973629ae997676ac1d4fe8a1c6c5757d
423,20110108,1,17,27,28,29,40,5,47,49668311000,1000,49668311,5,1,"[[5,17,27,28,29,40],[1,5,27,28,29,40],[1,5,17,28,29,40],[1,5,17,27,29,40],[1,5,17,27,28,40],[1,5,17,27,28,29]]","[5,5,5,5,5,6]",5.166666666666667,1.0333333333333332,1.2845810279314713,downloads/official-1-1237/raw/api-0082.json,bbb84e9f563f7f51637abfdb64cdf21d973629ae997676ac1d4fe8a1c6c5757d
424,20110115,10,11,26,31,34,44,30,51,48728445000,1000,48728445,4,1,"[[11,26,30,31,34,44],[10,26,30,31,34,44],[10,11,30,31,34,44],[10,11,26,30,34,44],[10,11,26,30,31,44],[10,11,26,30,31,34]]","[4,4,4,4,5,5]",4.333333333333333,0.19999999999999929,1.4207925165680948,downloads/official-1-1237/raw/api-0082.json,bbb84e9f563f7f51637abfdb64cdf21d973629ae997676ac1d4fe8a1c6c5757d
425,20110122,8,10,14,27,33,38,3,41,50459694000,1000,50459694,4,1,"[[3,10,14,27,33,38],[3,8,14,27,33,38],[3,8,10,27,33,38],[3,8,10,14,33,38],[3,8,10,14,27,38],[3,8,10,14,27,33]]","[4,4,4,4,5,5]",4.333333333333333,0.19999999999999929,1.1030171922960927,downloads/official-1-1237/raw/api-0082.json,bbb84e9f563f7f51637abfdb64cdf21d973629ae997676ac1d4fe8a1c6c5757d
426,20110129,4,17,18,27,39,43,19,63,51466592000,1000,51466592,4,1,"[[17,18,19,27,39,43],[4,18,19,27,39,43],[4,17,19,27,39,43],[4,17,18,19,39,43],[4,17,18,19,27,43],[4,17,18,19,27,39]]","[4,4,4,4,5,5]",4.333333333333333,0.19999999999999929,1.6617212579375762,downloads/official-1-1237/raw/api-0082.json,bbb84e9f563f7f51637abfdb64cdf21d973629ae997676ac1d4fe8a1c6c5757d
427,20110205,6,7,15,24,28,30,21,33,52511055000,1000,52511055,6,1,"[[7,15,21,24,28,30],[6,15,21,24,28,30],[6,7,21,24,28,30],[6,7,15,21,28,30],[6,7,15,21,24,30],[6,7,15,21,24,28]]","[6,6,6,6,6,6]",6,1.8666666666666663,0.853112358911852,downloads/official-1-1237/raw/api-0082.json,bbb84e9f563f7f51637abfdb64cdf21d973629ae997676ac1d4fe8a1c6c5757d
428,20110212,12,16,19,22,37,40,8,30,54685007000,1000,54685007,4,1,"[[8,16,19,22,37,40],[8,12,19,22,37,40],[8,12,16,22,37,40],[8,12,16,19,37,40],[8,12,16,19,22,40],[8,12,16,19,22,37]]","[4,4,4,4,5,5]",4.333333333333333,0.19999999999999929,0.74472514925343247,downloads/official-1-1237/raw/api-0081.json,57e7856b0e6aaf469b001a2167c2340a4da096cb94f9f86cce5c37af1bcd186e
429,20110219,3,23,28,34,39,42,16,37,53993833000,1000,53993833,3,1,"[[16,23,28,34,39,42],[3,16,28,34,39,42],[3,16,23,34,39,42],[3,16,23,28,39,42],[3,16,23,28,34,42],[3,16,23,28,34,39]]","[3,3,3,4,4,4]",3.5,-0.63333333333333375,0.93025197896211587,downloads/official-1-1237/raw/api-0081.json,57e7856b0e6aaf469b001a2167c2340a4da096cb94f9f86cce5c37af1bcd186e
430,20110226,1,3,16,18,30,34,44,45,53194872000,1000,53194872,5,0,"[[3,16,18,30,34,44],[1,16,18,30,34,44],[1,3,18,30,34,44],[1,3,16,30,34,44],[1,3,16,18,34,44],[1,3,16,18,30,44]]","[4,4,4,4,4,5]",4.166666666666667,0.033333333333333215,1.1483804303542642,downloads/official-1-1237/raw/api-0081.json,57e7856b0e6aaf469b001a2167c2340a4da096cb94f9f86cce5c37af1bcd186e
431,20110305,18,22,25,31,38,45,6,43,51661947000,1000,51661947,4,1,"[[6,22,25,31,38,45],[6,18,25,31,38,45],[6,18,22,31,38,45],[6,18,22,25,38,45],[6,18,22,25,31,45],[6,18,22,25,31,38]]","[4,4,4,4,5,5]",4.333333333333333,0.19999999999999929,1.1299018598737673,downloads/official-1-1237/raw/api-0081.json,57e7856b0e6aaf469b001a2167c2340a4da096cb94f9f86cce5c37af1bcd186e
432,20110312,2,3,5,11,27,39,33,48,52348574000,1000,52348574,5,0,"[[3,5,11,27,33,39],[2,5,11,27,33,39],[2,3,11,27,33,39],[2,3,5,27,33,39],[2,3,5,11,33,39],[2,3,5,11,27,33]]","[4,4,4,4,4,5]",4.166666666666667,0.033333333333333215,1.2447422159006662,downloads/official-1-1237/raw/api-0081.json,57e7856b0e6aaf469b001a2167c2340a4da096cb94f9f86cce5c37af1bcd186e
433,20110319,19,23,29,33,35,43,27,41,52396606000,1000,52396606,3,1,"[[23,27,29,33,35,43],[19,27,29,33,35,43],[19,23,27,33,35,43],[19,23,27,29,35,43],[19,23,27,29,33,43],[19,23,27,29,33,35]]","[3,3,3,4,4,4]",3.5,-0.63333333333333375,1.0622426574728905,downloads/official-1-1237/raw/api-0081.json,57e7856b0e6aaf469b001a2167c2340a4da096cb94f9f86cce5c37af1bcd186e
434,20110326,3,13,20,24,33,37,35,37,51579439000,1000,51579439,4,0,"[[13,20,24,33,35,37],[3,20,24,33,35,37],[3,13,24,33,35,37],[3,13,20,33,35,37],[3,13,20,24,35,37],[3,13,20,24,33,35]]","[3,3,3,3,4,4]",3.3333333333333335,-0.80000000000000027,0.97379636098795108,downloads/official-1-1237/raw/api-0081.json,57e7856b0e6aaf469b001a2167c2340a4da096cb94f9f86cce5c37af1bcd186e
435,20110402,8,16,26,30,38,45,42,31,52341267000,1000,52341267,4,0,"[[16,26,30,38,42,45],[8,26,30,38,42,45],[8,16,30,38,42,45],[8,16,26,38,42,45],[8,16,26,30,42,45],[8,16,26,30,38,42]]","[3,3,3,3,4,4]",3.3333333333333335,-0.80000000000000027,0.80400824076344957,downloads/official-1-1237/raw/api-0081.json,57e7856b0e6aaf469b001a2167c2340a4da096cb94f9f86cce5c37af1bcd186e
436,20110409,9,14,20,22,33,34,28,44,50869017000,1000,50869017,4,1,"[[14,20,22,28,33,34],[9,20,22,28,33,34],[9,14,22,28,33,34],[9,14,20,28,33,34],[9,14,20,22,28,34],[9,14,20,22,28,33]]","[4,4,4,4,5,5]",4.333333333333333,0.19999999999999929,1.1742007910237384,downloads/official-1-1237/raw/api-0081.json,57e7856b0e6aaf469b001a2167c2340a4da096cb94f9f86cce5c37af1bcd186e
437,20110416,11,16,29,38,41,44,21,33,50798417000,1000,50798417,3,1,"[[16,21,29,38,41,44],[11,21,29,38,41,44],[11,16,21,38,41,44],[11,16,21,29,41,44],[11,16,21,29,38,44],[11,16,21,29,38,41]]","[3,3,3,4,4,4]",3.5,-0.63333333333333375,0.88187452770427865,downloads/official-1-1237/raw/api-0081.json,57e7856b0e6aaf469b001a2167c2340a4da096cb94f9f86cce5c37af1bcd186e
438,20110423,6,12,20,26,29,38,45,41,50370042000,1000,50370042,5,0,"[[12,20,26,29,38,45],[6,20,26,29,38,45],[6,12,26,29,38,45],[6,12,20,29,38,45],[6,12,20,26,38,45],[6,12,20,26,29,45]]","[4,4,4,4,4,5]",4.166666666666667,0.033333333333333215,1.1049804167326285,downloads/official-1-1237/raw/api-0080.json,314f56517238c1e181561a58e8ff5115228286d76c065e1e3ba8bba040f36c70
439,20110430,17,20,30,31,37,40,25,33,49680708000,1000,49680708,4,1,"[[20,25,30,31,37,40],[17,25,30,31,37,40],[17,20,25,31,37,40],[17,20,25,30,37,40],[17,20,25,30,31,40],[17,20,25,30,31,37]]","[4,4,4,4,5,5]",4.333333333333333,0.19999999999999929,0.90171480647981106,downloads/official-1-1237/raw/api-0080.json,314f56517238c1e181561a58e8ff5115228286d76c065e1e3ba8bba040f36c70
440,20110507,10,22,28,34,36,44,2,41,49810778000,1000,49810778,3,1,"[[2,22,28,34,36,44],[2,10,28,34,36,44],[2,10,22,34,36,44],[2,10,22,28,36,44],[2,10,22,28,34,44],[2,10,22,28,34,36]]","[3,3,3,4,4,4]",3.5,-0.63333333333333375,1.1173868836178387,downloads/official-1-1237/raw/api-0080.json,314f56517238c1e181561a58e8ff5115228286d76c065e1e3ba8bba040f36c70
441,20110514,1,23,28,30,34,35,9,42,50272122000,1000,50272122,4,1,"[[9,23,28,30,34,35],[1,9,28,30,34,35],[1,9,23,30,34,35],[1,9,23,28,34,35],[1,9,23,28,30,35],[1,9,23,28,30,34]]","[4,4,4,4,5,5]",4.333333333333333,0.19999999999999929,1.1341359332315433,downloads/official-1-1237/raw/api-0080.json,314f56517238c1e181561a58e8ff5115228286d76c065e1e3ba8bba040f36c70
442,20110521,25,27,29,36,38,40,41,27,51219943000,1000,51219943,3,0,"[[27,29,36,38,40,41],[25,29,36,38,40,41],[25,27,36,38,40,41],[25,27,29,38,40,41],[25,27,29,36,40,41],[25,27,29,36,38,41]]","[2,2,2,3,3,3]",2.5,-1.6333333333333337,0.71559568115880179,downloads/official-1-1237/raw/api-0080.json,314f56517238c1e181561a58e8ff5115228286d76c065e1e3ba8bba040f36c70
443,20110528,4,6,10,19,20,44,14,41,51236072000,1000,51236072,5,1,"[[6,10,14,19,20,44],[4,10,14,19,20,44],[4,6,14,19,20,44],[4,6,10,14,20,44],[4,6,10,14,19,44],[4,6,10,14,19,20]]","[5,5,5,5,5,6]",5.166666666666667,1.0333333333333332,1.0863032201219485,downloads/official-1-1237/raw/api-0080.json,314f56517238c1e181561a58e8ff5115228286d76c065e1e3ba8bba040f36c70
444,20110604,11,13,23,35,43,45,17,26,50673529000,1000,50673529,3,1,"[[13,17,23,35,43,45],[11,17,23,35,43,45],[11,13,17,35,43,45],[11,13,17,23,43,45],[11,13,17,23,35,45],[11,13,17,23,35,43]]","[3,3,3,4,4,4]",3.5,-0.63333333333333375,0.69652263610848975,downloads/official-1-1237/raw/api-0080.json,314f56517238c1e181561a58e8ff5115228286d76c065e1e3ba8bba040f36c70
445,20110611,13,20,21,30,39,45,32,28,50053080000,1000,50053080,4,0,"[[20,21,30,32,39,45],[13,21,30,32,39,45],[13,20,30,32,39,45],[13,20,21,32,39,45],[13,20,21,30,32,45],[13,20,21,30,32,39]]","[3,3,3,3,4,4]",3.3333333333333335,-0.80000000000000027,0.75939942157405693,downloads/official-1-1237/raw/api-0080.json,314f56517238c1e181561a58e8ff5115228286d76c065e1e3ba8bba040f36c70
446,20110618,1,11,12,14,26,35,6,41,50595241000,1000,50595241,5,1,"[[6,11,12,14,26,35],[1,6,12,14,26,35],[1,6,11,14,26,35],[1,6,11,12,26,35],[1,6,11,12,14,35],[1,6,11,12,14,26]]","[5,5,5,5,5,6]",5.166666666666667,1.0333333333333332,1.1000621580199608,downloads/official-1-1237/raw/api-0080.json,314f56517238c1e181561a58e8ff5115228286d76c065e1e3ba8bba040f36c70
447,20110625,2,7,8,9,17,33,34,31,49555042000,1000,49555042,5,0,"[[7,8,9,17,33,34],[2,8,9,17,33,34],[2,7,9,17,33,34],[2,7,8,17,33,34],[2,7,8,9,33,34],[2,7,8,9,17,34]]","[4,4,4,4,4,5]",4.166666666666667,0.033333333333333215,0.84921348669223207,downloads/official-1-1237/raw/api-0080.json,314f56517238c1e181561a58e8ff5115228286d76c065e1e3ba8bba040f36c70
448,20110702,3,7,13,27,40,41,36,35,51341262000,1000,51341262,4,0,"[[7,13,27,36,40,41],[3,13,27,36,40,41],[3,7,27,36,40,41],[3,7,13,36,40,41],[3,7,13,27,36,41],[3,7,13,27,36,40]]","[3,3,3,3,4,4]",3.3333333333333335,-0.80000000000000027,0.92543206281138946,downloads/official-1-1237/raw/api-0079.json,2ce1e57d912dac6eccd6d2ffef9804593a08b6aa1ac2d3c3be6fe9d01b41ac2a
449,20110709,3,10,20,26,35,43,36,39,50214272000,1000,50214272,4,0,"[[10,20,26,35,36,43],[3,20,26,35,36,43],[3,10,26,35,36,43],[3,10,20,35,36,43],[3,10,20,26,36,43],[3,10,20,26,35,36]]","[3,3,3,3,4,4]",3.3333333333333335,-0.80000000000000027,1.054339491370103,downloads/official-1-1237/raw/api-0079.json,2ce1e57d912dac6eccd6d2ffef9804593a08b6aa1ac2d3c3be6fe9d01b41ac2a
450,20110716,6,14,19,21,23,31,13,34,49732036000,1000,49732036,6,1,"[[13,14,19,21,23,31],[6,13,19,21,23,31],[6,13,14,21,23,31],[6,13,14,19,23,31],[6,13,14,19,21,31],[6,13,14,19,21,23]]","[6,6,6,6,6,6]",6,1.8666666666666663,0.92808064403395829,downloads/official-1-1237/raw/api-0079.json,2ce1e57d912dac6eccd6d2ffef9804593a08b6aa1ac2d3c3be6fe9d01b41ac2a
451,20110723,12,15,20,24,30,38,29,31,49861167000,1000,49861167,5,1,"[[15,20,24,29,30,38],[12,20,24,29,30,38],[12,15,24,29,30,38],[12,15,20,29,30,38],[12,15,20,24,29,38],[12,15,20,24,29,30]]","[5,5,5,5,5,6]",5.166666666666667,1.0333333333333332,0.84399970020757842,downloads/official-1-1237/raw/api-0079.json,2ce1e57d912dac6eccd6d2ffef9804593a08b6aa1ac2d3c3be6fe9d01b41ac2a
452,20110730,8,10,18,30,32,34,27,48,48456758000,1000,48456758,4,1,"[[10,18,27,30,32,34],[8,18,27,30,32,34],[8,10,27,30,32,34],[8,10,18,27,32,34],[8,10,18,27,30,34],[8,10,18,27,30,32]]","[4,4,4,4,5,5]",4.333333333333333,0.19999999999999929,1.3447139818970142,downloads/official-1-1237/raw/api-0079.json,2ce1e57d912dac6eccd6d2ffef9804593a08b6aa1ac2d3c3be6fe9d01b41ac2a
453,20110806,12,24,33,38,40,42,30,36,48055125000,1000,48055125,2,1,"[[24,30,33,38,40,42],[12,30,33,38,40,42],[12,24,30,38,40,42],[12,24,30,33,40,42],[12,24,30,33,38,42],[12,24,30,33,38,40]]","[2,2,3,3,3,3]",2.6666666666666665,-1.4666666666666672,1.0169645797404543,downloads/official-1-1237/raw/api-0079.json,2ce1e57d912dac6eccd6d2ffef9804593a08b6aa1ac2d3c3be6fe9d01b41ac2a
454,20110813,13,25,27,34,38,41,10,43,48389211000,1000,48389211,3,1,"[[10,25,27,34,38,41],[10,13,27,34,38,41],[10,13,25,34,38,41],[10,13,25,27,38,41],[10,13,25,27,34,41],[10,13,25,27,34,38]]","[3,3,3,4,4,4]",3.5,-0.63333333333333375,1.2063211776691296,downloads/official-1-1237/raw/api-0079.json,2ce1e57d912dac6eccd6d2ffef9804593a08b6aa1ac2d3c3be6fe9d01b41ac2a
455,20110820,4,19,20,26,30,35,24,32,48769851000,1000,48769851,5,1,"[[19,20,24,26,30,35],[4,20,24,26,30,35],[4,19,24,26,30,35],[4,19,20,24,30,35],[4,19,20,24,26,35],[4,19,20,24,26,30]]","[5,5,5,5,5,6]",5.166666666666667,1.0333333333333332,0.89072078567556012,downloads/official-1-1237/raw/api-0079.json,2ce1e57d912dac6eccd6d2ffef9804593a08b6aa1ac2d3c3be6fe9d01b41ac2a
456,20110827,1,7,12,18,23,27,44,39,49420681000,1000,49420681,6,0,"[[7,12,18,23,27,44],[1,12,18,23,27,44],[1,7,18,23,27,44],[1,7,12,23,27,44],[1,7,12,18,27,44],[1,7,12,18,23,44]]","[5,5,5,5,5,5]",5,0.86666666666666625,1.0712699406145374,downloads/official-1-1237/raw/api-0079.json,2ce1e57d912dac6eccd6d2ffef9804593a08b6aa1ac2d3c3be6fe9d01b41ac2a
457,20110903,8,10,18,23,27,40,33,47,49679052000,1000,49679052,5,0,"[[10,18,23,27,33,40],[8,18,23,27,33,40],[8,10,23,27,33,40],[8,10,18,27,33,40],[8,10,18,23,33,40],[8,10,18,23,27,33]]","[4,4,4,4,4,5]",4.166666666666667,0.033333333333333215,1.2843032914557226,downloads/official-1-1237/raw/api-0079.json,2ce1e57d912dac6eccd6d2ffef9804593a08b6aa1ac2d3c3be6fe9d01b41ac2a
458,20110910,4,9,10,32,36,40,18,52,53778256000,1000,53778256,3,1,"[[9,10,18,32,36,40],[4,10,18,32,36,40],[4,9,18,32,36,40],[4,9,10,18,36,40],[4,9,10,18,32,40],[4,9,10,18,32,36]]","[3,3,3,4,4,4]",3.5,-0.63333333333333375,1.3126219637914625,downloads/official-1-1237/raw/api-0078.json,59900aa18af4d6be18a5f3b02431e7a5a5d6b5c0702a789eb0ab4472bba1f22e
459,20110917,4,6,10,14,25,40,12,46,49890095000,1000,49890095,5,1,"[[6,10,12,14,25,40],[4,10,12,14,25,40],[4,6,12,14,25,40],[4,6,10,12,25,40],[4,6,10,12,14,40],[4,6,10,12,14,25]]","[5,5,5,5,5,6]",5.166666666666667,1.0333333333333332,1.2516604748898554,downloads/official-1-1237/raw/api-0078.json,59900aa18af4d6be18a5f3b02431e7a5a5d6b5c0702a789eb0ab4472bba1f22e
460,20110924,8,11,28,30,43,45,41,30,51917635000,1000,51917635,4,0,"[[11,28,30,41,43,45],[8,28,30,41,43,45],[8,11,30,41,43,45],[8,11,28,41,43,45],[8,11,28,30,41,45],[8,11,28,30,41,43]]","[3,3,3,3,4,4]",3.3333333333333335,-0.80000000000000027,0.78442132427642364,downloads/official-1-1237/raw/api-0078.json,59900aa18af4d6be18a5f3b02431e7a5a5d6b5c0702a789eb0ab4472bba1f22e
461,20111001,11,18,26,31,37,40,43,32,50624588000,1000,50624588,4,0,"[[18,26,31,37,40,43],[11,26,31,37,40,43],[11,18,31,37,40,43],[11,18,26,37,40,43],[11,18,26,31,40,43],[11,18,26,31,37,43]]","[3,3,3,3,4,4]",3.3333333333333335,-0.80000000000000027,0.8580873784098747,downloads/official-1-1237/raw/api-0078.json,59900aa18af4d6be18a5f3b02431e7a5a5d6b5c0702a789eb0ab4472bba1f22e
462,20111008,3,20,24,32,37,45,4,39,49325555000,1000,49325555,3,1,"[[4,20,24,32,37,45],[3,4,24,32,37,45],[3,4,20,32,37,45],[3,4,20,24,37,45],[3,4,20,24,32,45],[3,4,20,24,32,37]]","[3,3,3,4,4,4]",3.5,-0.63333333333333375,1.073335920903475,downloads/official-1-1237/raw/api-0078.json,59900aa18af4d6be18a5f3b02431e7a5a5d6b5c0702a789eb0ab4472bba1f22e
463,20111015,23,29,31,33,34,44,40,37,49205151000,1000,49205151,3,0,"[[29,31,33,34,40,44],[23,31,33,34,40,44],[23,29,33,34,40,44],[23,29,31,34,40,44],[23,29,31,33,40,44],[23,29,31,33,34,40]]","[2,2,2,3,3,3]",2.5,-1.6333333333333337,1.020784795478018,downloads/official-1-1237/raw/api-0078.json,59900aa18af4d6be18a5f3b02431e7a5a5d6b5c0702a789eb0ab4472bba1f22e
464,20111022,6,12,15,34,42,44,4,78,126772274000,1000,126772274,3,1,"[[4,12,15,34,42,44],[4,6,15,34,42,44],[4,6,12,34,42,44],[4,6,12,15,42,44],[4,6,12,15,34,44],[4,6,12,15,34,42]]","[3,3,3,4,4,4]",3.5,-0.63333333333333375,0.83524399033813967,downloads/official-1-1237/raw/api-0078.json,59900aa18af4d6be18a5f3b02431e7a5a5d6b5c0702a789eb0ab4472bba1f22e
465,20111029,1,8,11,13,22,38,31,46,57793294000,1000,57793294,5,1,"[[8,11,13,22,31,38],[1,11,13,22,31,38],[1,8,13,22,31,38],[1,8,11,22,31,38],[1,8,11,13,31,38],[1,8,11,13,22,31]]","[5,5,5,5,5,6]",5.166666666666667,1.0333333333333332,1.08049664031955,downloads/official-1-1237/raw/api-0078.json,59900aa18af4d6be18a5f3b02431e7a5a5d6b5c0702a789eb0ab4472bba1f22e
466,20111105,4,10,13,23,32,44,20,55,58314753000,1000,58314753,4,1,"[[10,13,20,23,32,44],[4,13,20,23,32,44],[4,10,20,23,32,44],[4,10,13,20,32,44],[4,10,13,20,23,44],[4,10,13,20,23,32]]","[4,4,4,4,5,5]",4.333333333333333,0.19999999999999929,1.2803458157492325,downloads/official-1-1237/raw/api-0078.json,59900aa18af4d6be18a5f3b02431e7a5a5d6b5c0702a789eb0ab4472bba1f22e
467,20111112,2,12,14,17,24,40,39,33,57383906000,1000,57383906,5,0,"[[12,14,17,24,39,40],[2,14,17,24,39,40],[2,12,17,24,39,40],[2,12,14,24,39,40],[2,12,14,17,39,40],[2,12,14,17,24,39]]","[4,4,4,4,4,5]",4.166666666666667,0.033333333333333215,0.78066888649929134,downloads/official-1-1237/raw/api-0078.json,59900aa18af4d6be18a5f3b02431e7a5a5d6b5c0702a789eb0ab4472bba1f22e
468,20111119,8,13,15,28,37,43,17,33,55598552000,1000,55598552,4,1,"[[13,15,17,28,37,43],[8,15,17,28,37,43],[8,13,17,28,37,43],[8,13,15,17,37,43],[8,13,15,17,28,43],[8,13,15,17,28,37]]","[4,4,4,4,5,5]",4.333333333333333,0.19999999999999929,0.80573735085762666,downloads/official-1-1237/raw/api-0077.json,feec9d4fb3f044a385f61bf123e04092a1f6dc91f0a3f166c650377b18f59250
469,20111126,4,21,22,34,37,38,33,33,53364940000,1000,53364940,3,0,"[[21,22,33,34,37,38],[4,22,33,34,37,38],[4,21,33,34,37,38],[4,21,22,33,37,38],[4,21,22,33,34,38],[4,21,22,33,34,37]]","[2,2,2,3,3,3]",2.5,-1.6333333333333337,0.83946182643510892,downloads/official-1-1237/raw/api-0077.json,feec9d4fb3f044a385f61bf123e04092a1f6dc91f0a3f166c650377b18f59250
470,20111203,10,16,20,39,41,42,27,27,53912965000,1000,53912965,3,1,"[[16,20,27,39,41,42],[10,20,27,39,41,42],[10,16,27,39,41,42],[10,16,20,27,41,42],[10,16,20,27,39,42],[10,16,20,27,39,41]]","[3,3,3,4,4,4]",3.5,-0.63333333333333375,0.67985075575049525,downloads/official-1-1237/raw/api-0077.json,feec9d4fb3f044a385f61bf123e04092a1f6dc91f0a3f166c650377b18f59250
471,20111210,6,13,29,37,39,41,43,30,53492340000,1000,53492340,3,0,"[[13,29,37,39,41,43],[6,29,37,39,41,43],[6,13,37,39,41,43],[6,13,29,39,41,43],[6,13,29,37,41,43],[6,13,29,37,39,43]]","[2,2,2,3,3,3]",2.5,-1.6333333333333337,0.76132956606497304,downloads/official-1-1237/raw/api-0077.json,feec9d4fb3f044a385f61bf123e04092a1f6dc91f0a3f166c650377b18f59250
472,20111217,16,25,26,31,36,43,44,23,51929207000,1000,51929207,4,0,"[[25,26,31,36,43,44],[16,26,31,36,43,44],[16,25,31,36,43,44],[16,25,26,36,43,44],[16,25,26,31,43,44],[16,25,26,31,36,44]]","[3,3,3,3,4,4]",3.3333333333333335,-0.80000000000000027,0.60125566716241208,downloads/official-1-1237/raw/api-0077.json,feec9d4fb3f044a385f61bf123e04092a1f6dc91f0a3f166c650377b18f59250
473,20111224,8,13,20,22,23,36,34,36,52867236000,1000,52867236,5,0,"[[13,20,22,23,34,36],[8,20,22,23,34,36],[8,13,22,23,34,36],[8,13,20,23,34,36],[8,13,20,22,34,36],[8,13,20,22,23,34]]","[4,4,4,4,4,5]",4.166666666666667,0.033333333333333215,0.92439786335718399,downloads/official-1-1237/raw/api-0077.json,feec9d4fb3f044a385f61bf123e04092a1f6dc91f0a3f166c650377b18f59250
474,20111231,4,13,18,31,33,45,43,48,58978482000,1000,58978482,4,0,"[[13,18,31,33,43,45],[4,18,31,33,43,45],[4,13,31,33,43,45],[4,13,18,33,43,45],[4,13,18,31,43,45],[4,13,18,31,33,43]]","[3,3,3,3,4,4]",3.3333333333333335,-0.80000000000000027,1.1048178554341226,downloads/official-1-1237/raw/api-0077.json,feec9d4fb3f044a385f61bf123e04092a1f6dc91f0a3f166c650377b18f59250
475,20120107,1,9,14,16,21,29,3,33,56043275000,1000,56043275,6,1,"[[3,9,14,16,21,29],[1,3,14,16,21,29],[1,3,9,16,21,29],[1,3,9,14,21,29],[1,3,9,14,16,29],[1,3,9,14,16,21]]","[6,6,6,6,6,6]",6,1.8666666666666663,0.79934354300315247,downloads/official-1-1237/raw/api-0077.json,feec9d4fb3f044a385f61bf123e04092a1f6dc91f0a3f166c650377b18f59250
476,20120114,9,12,13,15,37,38,27,34,55591819000,1000,55591819,4,1,"[[12,13,15,27,37,38],[9,13,15,27,37,38],[9,12,15,27,37,38],[9,12,13,27,37,38],[9,12,13,15,27,38],[9,12,13,15,27,37]]","[4,4,4,4,5,5]",4.333333333333333,0.19999999999999929,0.83025417822719561,downloads/official-1-1237/raw/api-0077.json,feec9d4fb3f044a385f61bf123e04092a1f6dc91f0a3f166c650377b18f59250
477,20120121,14,25,29,32,33,45,37,33,60801409000,1000,60801409,3,0,"[[25,29,32,33,37,45],[14,29,32,33,37,45],[14,25,32,33,37,45],[14,25,29,33,37,45],[14,25,29,32,37,45],[14,25,29,32,33,37]]","[2,2,2,3,3,3]",2.5,-1.6333333333333337,0.73678933986546269,downloads/official-1-1237/raw/api-0077.json,feec9d4fb3f044a385f61bf123e04092a1f6dc91f0a3f166c650377b18f59250
478,20120128,18,29,30,37,39,43,8,35,54975901000,1000,54975901,3,1,"[[8,29,30,37,39,43],[8,18,30,37,39,43],[8,18,29,37,39,43],[8,18,29,30,39,43],[8,18,29,30,37,43],[8,18,29,30,37,39]]","[3,3,3,4,4,4]",3.5,-0.63333333333333375,0.86424868234537888,downloads/official-1-1237/raw/api-0076.json,d4d8104c753a6c01cb7c7376be5fedaa3aaa88311221eae5a3af24e9de3d9a5f
479,20120204,8,23,25,27,35,44,24,34,54848834000,1000,54848834,4,1,"[[23,24,25,27,35,44],[8,24,25,27,35,44],[8,23,24,27,35,44],[8,23,24,25,35,44],[8,23,24,25,27,44],[8,23,24,25,27,35]]","[4,4,4,4,5,5]",4.333333333333333,0.19999999999999929,0.8415008421145288,downloads/official-1-1237/raw/api-0076.json,d4d8104c753a6c01cb7c7376be5fedaa3aaa88311221eae5a3af24e9de3d9a5f
480,20120211,3,5,10,17,30,31,16,50,55415681000,1000,55415681,6,1,"[[5,10,16,17,30,31],[3,10,16,17,30,31],[3,5,16,17,30,31],[3,5,10,16,30,31],[3,5,10,16,17,31],[3,5,10,16,17,30]]","[6,6,6,6,6,6]",6,1.8666666666666663,1.2248428382572796,downloads/official-1-1237/raw/api-0076.json,d4d8104c753a6c01cb7c7376be5fedaa3aaa88311221eae5a3af24e9de3d9a5f
481,20120218,3,4,23,29,40,41,20,34,55642616000,1000,55642616,4,1,"[[4,20,23,29,40,41],[3,20,23,29,40,41],[3,4,20,29,40,41],[3,4,20,23,40,41],[3,4,20,23,29,41],[3,4,20,23,29,40]]","[4,4,4,4,5,5]",4.333333333333333,0.19999999999999929,0.82949622641753584,downloads/official-1-1237/raw/api-0076.json,d4d8104c753a6c01cb7c7376be5fedaa3aaa88311221eae5a3af24e9de3d9a5f
482,20120225,1,10,16,24,25,35,43,30,56201452000,1000,56201452,5,0,"[[10,16,24,25,35,43],[1,16,24,25,35,43],[1,10,24,25,35,43],[1,10,16,25,35,43],[1,10,16,24,35,43],[1,10,16,24,25,43]]","[4,4,4,4,4,5]",4.166666666666667,0.033333333333333215,0.72463074441564246,downloads/official-1-1237/raw/api-0076.json,d4d8104c753a6c01cb7c7376be5fedaa3aaa88311221eae5a3af24e9de3d9a5f
483,20120303,12,15,19,22,28,34,5,53,55582659000,1000,55582659,5,1,"[[5,15,19,22,28,34],[5,12,19,22,28,34],[5,12,15,22,28,34],[5,12,15,19,28,34],[5,12,15,19,22,34],[5,12,15,19,22,28]]","[5,5,5,5,5,6]",5.166666666666667,1.0333333333333332,1.2944330353105273,downloads/official-1-1237/raw/api-0076.json,d4d8104c753a6c01cb7c7376be5fedaa3aaa88311221eae5a3af24e9de3d9a5f
484,20120310,1,3,27,28,32,45,11,32,55885979000,1000,55885979,4,1,"[[3,11,27,28,32,45],[1,11,27,28,32,45],[1,3,11,28,32,45],[1,3,11,27,32,45],[1,3,11,27,28,45],[1,3,11,27,28,32]]","[4,4,4,4,5,5]",4.333333333333333,0.19999999999999929,0.77730265761292294,downloads/official-1-1237/raw/api-0076.json,d4d8104c753a6c01cb7c7376be5fedaa3aaa88311221eae5a3af24e9de3d9a5f
485,20120317,17,22,26,27,36,39,20,33,55692878000,1000,55692878,4,1,"[[20,22,26,27,36,39],[17,20,26,27,36,39],[17,20,22,27,36,39],[17,20,22,26,36,39],[17,20,22,26,27,39],[17,20,22,26,27,36]]","[4,4,4,4,5,5]",4.333333333333333,0.19999999999999929,0.80437268837139286,downloads/official-1-1237/raw/api-0076.json,d4d8104c753a6c01cb7c7376be5fedaa3aaa88311221eae5a3af24e9de3d9a5f
486,20120324,1,2,23,25,38,40,43,29,54540823000,1000,54540823,4,0,"[[2,23,25,38,40,43],[1,23,25,38,40,43],[1,2,25,38,40,43],[1,2,23,38,40,43],[1,2,23,25,40,43],[1,2,23,25,38,43]]","[3,3,3,3,4,4]",3.3333333333333335,-0.80000000000000027,0.72180410625633573,downloads/official-1-1237/raw/api-0076.json,d4d8104c753a6c01cb7c7376be5fedaa3aaa88311221eae5a3af24e9de3d9a5f
487,20120331,4,8,25,27,37,41,21,46,55276503000,1000,55276503,4,1,"[[8,21,25,27,37,41],[4,21,25,27,37,41],[4,8,21,27,37,41],[4,8,21,25,37,41],[4,8,21,25,27,41],[4,8,21,25,27,37]]","[4,4,4,4,5,5]",4.333333333333333,0.19999999999999929,1.1296926652541677,downloads/official-1-1237/raw/api-0076.json,d4d8104c753a6c01cb7c7376be5fedaa3aaa88311221eae5a3af24e9de3d9a5f
488,20120407,2,8,17,30,31,38,25,33,54213092000,1000,54213092,5,1,"[[8,17,25,30,31,38],[2,17,25,30,31,38],[2,8,25,30,31,38],[2,8,17,25,31,38],[2,8,17,25,30,38],[2,8,17,25,30,31]]","[5,5,5,5,5,6]",5.166666666666667,1.0333333333333332,0.82632862925435058,downloads/official-1-1237/raw/api-0075.json,76aaa5c52e9e2a5abbf13c10394901cec51db0f6d31e0784c68abf42aa0aba72
489,20120414,2,4,8,15,20,27,11,52,53558490000,1000,53558490,6,1,"[[4,8,11,15,20,27],[2,8,11,15,20,27],[2,4,11,15,20,27],[2,4,8,11,20,27],[2,4,8,11,15,27],[2,4,8,11,15,20]]","[6,6,6,6,6,6]",6,1.8666666666666663,1.3180080319665473,downloads/official-1-1237/raw/api-0075.json,76aaa5c52e9e2a5abbf13c10394901cec51db0f6d31e0784c68abf42aa0aba72
490,20120421,2,7,26,29,40,43,42,29,52590121000,1000,52590121,4,0,"[[7,26,29,40,42,43],[2,26,29,40,42,43],[2,7,29,40,42,43],[2,7,26,40,42,43],[2,7,26,29,42,43],[2,7,26,29,40,42]]","[3,3,3,3,4,4]",3.3333333333333335,-0.80000000000000027,0.748577665375594,downloads/official-1-1237/raw/api-0075.json,76aaa5c52e9e2a5abbf13c10394901cec51db0f6d31e0784c68abf42aa0aba72
491,20120428,8,17,35,36,39,42,4,31,53413874000,1000,53413874,2,1,"[[4,17,35,36,39,42],[4,8,35,36,39,42],[4,8,17,36,39,42],[4,8,17,35,39,42],[4,8,17,35,36,42],[4,8,17,35,36,39]]","[2,2,3,3,3,3]",2.6666666666666665,-1.4666666666666672,0.7878629061805178,downloads/official-1-1237/raw/api-0075.json,76aaa5c52e9e2a5abbf13c10394901cec51db0f6d31e0784c68abf42aa0aba72
492,20120505,22,27,31,35,37,40,42,40,51693454000,1000,51693454,3,0,"[[27,31,35,37,40,42],[22,31,35,37,40,42],[22,27,35,37,40,42],[22,27,31,37,40,42],[22,27,31,35,40,42],[22,27,31,35,37,42]]","[2,2,2,3,3,3]",2.5,-1.6333333333333337,1.0504308727368072,downloads/official-1-1237/raw/api-0075.json,76aaa5c52e9e2a5abbf13c10394901cec51db0f6d31e0784c68abf42aa0aba72
493,20120512,20,22,26,33,36,37,25,27,53231838000,1000,53231838,3,1,"[[22,25,26,33,36,37],[20,25,26,33,36,37],[20,22,25,33,36,37],[20,22,25,26,36,37],[20,22,25,26,33,37],[20,22,25,26,33,36]]","[3,3,3,4,4,4]",3.5,-0.63333333333333375,0.68854977353966251,downloads/official-1-1237/raw/api-0075.json,76aaa5c52e9e2a5abbf13c10394901cec51db0f6d31e0784c68abf42aa0aba72
494,20120519,5,7,8,15,30,43,22,40,53321589000,1000,53321589,5,1,"[[7,8,15,22,30,43],[5,8,15,22,30,43],[5,7,15,22,30,43],[5,7,8,22,30,43],[5,7,8,15,22,43],[5,7,8,15,22,30]]","[5,5,5,5,5,6]",5.166666666666667,1.0333333333333332,1.0183567485207539,downloads/official-1-1237/raw/api-0075.json,76aaa5c52e9e2a5abbf13c10394901cec51db0f6d31e0784c68abf42aa0aba72
495,20120526,4,13,22,27,34,44,6,44,53645960000,1000,53645960,4,1,"[[6,13,22,27,34,44],[4,6,22,27,34,44],[4,6,13,27,34,44],[4,6,13,22,34,44],[4,6,13,22,27,44],[4,6,13,22,27,34]]","[4,4,4,4,5,5]",4.333333333333333,0.19999999999999929,1.1134191652083401,downloads/official-1-1237/raw/api-0075.json,76aaa5c52e9e2a5abbf13c10394901cec51db0f6d31e0784c68abf42aa0aba72
496,20120602,4,13,20,29,36,41,39,46,52915804000,1000,52915804,4,0,"[[13,20,29,36,39,41],[4,20,29,36,39,41],[4,13,29,36,39,41],[4,13,20,36,39,41],[4,13,20,29,39,41],[4,13,20,29,36,39]]","[3,3,3,3,4,4]",3.3333333333333335,-0.80000000000000027,1.1800909233090364,downloads/official-1-1237/raw/api-0075.json,76aaa5c52e9e2a5abbf13c10394901cec51db0f6d31e0784c68abf42aa0aba72
497,20120609,19,20,23,24,43,44,13,30,52411585000,1000,52411585,4,1,"[[13,20,23,24,43,44],[13,19,23,24,43,44],[13,19,20,24,43,44],[13,19,20,23,43,44],[13,19,20,23,24,44],[13,19,20,23,24,43]]","[4,4,4,4,5,5]",4.333333333333333,0.19999999999999929,0.77702859014853298,downloads/official-1-1237/raw/api-0075.json,76aaa5c52e9e2a5abbf13c10394901cec51db0f6d31e0784c68abf42aa0aba72
498,20120616,13,14,24,32,39,41,3,35,52851253000,1000,52851253,3,1,"[[3,14,24,32,39,41],[3,13,24,32,39,41],[3,13,14,32,39,41],[3,13,14,24,39,41],[3,13,14,24,32,41],[3,13,14,24,32,39]]","[3,3,3,4,4,4]",3.5,-0.63333333333333375,0.89899193118467791,downloads/official-1-1237/raw/api-0074.json,1366252aafe5afd05cc09a63920f2da45260331326f7f73dd88fa17f8ad2ca92
499,20120623,5,20,23,27,35,40,43,46,52767632000,1000,52767632,4,0,"[[20,23,27,35,40,43],[5,23,27,35,40,43],[5,20,27,35,40,43],[5,20,23,35,40,43],[5,20,23,27,40,43],[5,20,23,27,35,43]]","[3,3,3,3,4,4]",3.3333333333333335,-0.80000000000000027,1.1834046295653367,downloads/official-1-1237/raw/api-0074.json,1366252aafe5afd05cc09a63920f2da45260331326f7f73dd88fa17f8ad2ca92
500,20120630,3,4,12,20,24,34,41,68,54012267000,1000,54012267,5,0,"[[4,12,20,24,34,41],[3,12,20,24,34,41],[3,4,20,24,34,41],[3,4,12,24,34,41],[3,4,12,20,34,41],[3,4,12,20,24,41]]","[4,4,4,4,4,5]",4.166666666666667,0.033333333333333215,1.7090687935760964,downloads/official-1-1237/raw/api-0074.json,1366252aafe5afd05cc09a63920f2da45260331326f7f73dd88fa17f8ad2ca92
501,20120707,1,4,10,17,31,42,2,61,52717711000,1000,52717711,5,1,"[[2,4,10,17,31,42],[1,2,10,17,31,42],[1,2,4,17,31,42],[1,2,4,10,31,42],[1,2,4,10,17,42],[1,2,4,10,17,31]]","[5,5,5,5,5,6]",5.166666666666667,1.0333333333333332,1.5707834886837178,downloads/official-1-1237/raw/api-0074.json,1366252aafe5afd05cc09a63920f2da45260331326f7f73dd88fa17f8ad2ca92
502,20120714,6,22,28,32,34,40,26,31,54000640000,1000,54000640,3,1,"[[22,26,28,32,34,40],[6,26,28,32,34,40],[6,22,26,32,34,40],[6,22,26,28,34,40],[6,22,26,28,32,40],[6,22,26,28,32,34]]","[3,3,3,4,4,4]",3.5,-0.63333333333333375,0.77930206012373182,downloads/official-1-1237/raw/api-0074.json,1366252aafe5afd05cc09a63920f2da45260331326f7f73dd88fa17f8ad2ca92
503,20120721,1,5,27,30,34,36,40,42,53572205000,1000,53572205,4,0,"[[5,27,30,34,36,40],[1,27,30,34,36,40],[1,5,30,34,36,40],[1,5,27,34,36,40],[1,5,27,30,36,40],[1,5,27,30,34,40]]","[3,3,3,3,4,4]",3.3333333333333335,-0.80000000000000027,1.0642724151451299,downloads/official-1-1237/raw/api-0074.json,1366252aafe5afd05cc09a63920f2da45260331326f7f73dd88fa17f8ad2ca92
504,20120728,6,14,22,26,43,44,31,29,51787037000,1000,51787037,4,1,"[[14,22,26,31,43,44],[6,22,26,31,43,44],[6,14,26,31,43,44],[6,14,22,31,43,44],[6,14,22,26,31,44],[6,14,22,26,31,43]]","[4,4,4,4,5,5]",4.333333333333333,0.19999999999999929,0.76018618327208021,downloads/official-1-1237/raw/api-0074.json,1366252aafe5afd05cc09a63920f2da45260331326f7f73dd88fa17f8ad2ca92
505,20120804,7,20,22,25,38,40,44,38,49103223000,1000,49103223,4,0,"[[20,22,25,38,40,44],[7,22,25,38,40,44],[7,20,25,38,40,44],[7,20,22,38,40,44],[7,20,22,25,40,44],[7,20,22,25,38,44]]","[3,3,3,3,4,4]",3.3333333333333335,-0.80000000000000027,1.0505497775573713,downloads/official-1-1237/raw/api-0074.json,1366252aafe5afd05cc09a63920f2da45260331326f7f73dd88fa17f8ad2ca92
506,20120811,6,9,11,22,24,30,31,33,52363311000,1000,52363311,6,1,"[[9,11,22,24,30,31],[6,11,22,24,30,31],[6,9,22,24,30,31],[6,9,11,24,30,31],[6,9,11,22,30,31],[6,9,11,22,24,31]]","[6,6,6,6,6,6]",6,1.8666666666666663,0.85551943038896072,downloads/official-1-1237/raw/api-0074.json,1366252aafe5afd05cc09a63920f2da45260331326f7f73dd88fa17f8ad2ca92
507,20120818,12,13,32,33,40,41,4,29,53638773000,1000,53638773,2,1,"[[4,13,32,33,40,41],[4,12,32,33,40,41],[4,12,13,33,40,41],[4,12,13,32,40,41],[4,12,13,32,33,41],[4,12,13,32,33,40]]","[2,2,3,3,3,3]",2.6666666666666665,-1.4666666666666672,0.73394277680438369,downloads/official-1-1237/raw/api-0074.json,1366252aafe5afd05cc09a63920f2da45260331326f7f73dd88fa17f8ad2ca92
508,20120825,5,27,31,34,35,43,37,31,54010391000,1000,54010391,3,0,"[[27,31,34,35,37,43],[5,31,34,35,37,43],[5,27,34,35,37,43],[5,27,31,35,37,43],[5,27,31,34,37,43],[5,27,31,34,35,37]]","[2,2,2,3,3,3]",2.5,-1.6333333333333337,0.77916136544910408,downloads/official-1-1237/raw/api-0073.json,47b73afb91a5d7f56d3e94f864050898b268b72a53e99cfdffae8dce323357aa
509,20120901,12,25,29,35,42,43,24,34,53390358000,1000,53390358,3,1,"[[24,25,29,35,42,43],[12,24,29,35,42,43],[12,24,25,35,42,43],[12,24,25,29,42,43],[12,24,25,29,35,43],[12,24,25,29,35,42]]","[3,3,3,4,4,4]",3.5,-0.63333333333333375,0.86448830330000781,downloads/official-1-1237/raw/api-0073.json,47b73afb91a5d7f56d3e94f864050898b268b72a53e99cfdffae8dce323357aa
510,20120908,12,29,32,33,39,40,42,25,53964992000,1000,53964992,2,0,"[[29,32,33,39,40,42],[12,32,33,39,40,42],[12,29,33,39,40,42],[12,29,32,39,40,42],[12,29,32,33,40,42],[12,29,32,33,39,42]]","[1,1,2,2,2,2]",1.6666666666666667,-2.4666666666666668,0.62888455537990262,downloads/official-1-1237/raw/api-0073.json,47b73afb91a5d7f56d3e94f864050898b268b72a53e99cfdffae8dce323357aa
511,20120915,3,7,14,23,26,42,24,37,53970308000,1000,53970308,5,1,"[[7,14,23,24,26,42],[3,14,23,24,26,42],[3,7,23,24,26,42],[3,7,14,24,26,42],[3,7,14,23,24,42],[3,7,14,23,24,26]]","[5,5,5,5,5,6]",5.166666666666667,1.0333333333333332,0.93065746447101994,downloads/official-1-1237/raw/api-0073.json,47b73afb91a5d7f56d3e94f864050898b268b72a53e99cfdffae8dce323357aa
512,20120922,4,5,9,13,26,27,1,52,54017801000,1000,54017801,6,1,"[[1,5,9,13,26,27],[1,4,9,13,26,27],[1,4,5,13,26,27],[1,4,5,9,26,27],[1,4,5,9,13,27],[1,4,5,9,13,26]]","[6,6,6,6,6,6]",6,1.8666666666666663,1.3068010673000183,downloads/official-1-1237/raw/api-0073.json,47b73afb91a5d7f56d3e94f864050898b268b72a53e99cfdffae8dce323357aa
513,20120929,5,8,21,23,27,33,12,54,58317548000,1000,58317548,5,1,"[[8,12,21,23,27,33],[5,12,21,23,27,33],[5,8,12,23,27,33],[5,8,12,21,27,33],[5,8,12,21,23,33],[5,8,12,21,23,27]]","[5,5,5,5,5,6]",5.166666666666667,1.0333333333333332,1.2570065531561787,downloads/official-1-1237/raw/api-0073.json,47b73afb91a5d7f56d3e94f864050898b268b72a53e99cfdffae8dce323357aa
514,20121006,1,15,20,26,35,42,9,36,54452404000,1000,54452404,4,1,"[[9,15,20,26,35,42],[1,9,20,26,35,42],[1,9,15,26,35,42],[1,9,15,20,35,42],[1,9,15,20,26,42],[1,9,15,20,26,35]]","[4,4,4,4,5,5]",4.333333333333333,0.19999999999999929,0.89748764811191806,downloads/official-1-1237/raw/api-0073.json,47b73afb91a5d7f56d3e94f864050898b268b72a53e99cfdffae8dce323357aa
515,20121013,2,11,12,15,23,37,8,35,55258935000,1000,55258935,5,1,"[[8,11,12,15,23,37],[2,8,12,15,23,37],[2,8,11,15,23,37],[2,8,11,12,23,37],[2,8,11,12,15,37],[2,8,11,12,15,23]]","[5,5,5,5,5,6]",5.166666666666667,1.0333333333333332,0.85982203602005725,downloads/official-1-1237/raw/api-0073.json,47b73afb91a5d7f56d3e94f864050898b268b72a53e99cfdffae8dce323357aa
516,20121020,2,8,23,41,43,44,30,32,56385762000,1000,56385762,3,1,"[[8,23,30,41,43,44],[2,23,30,41,43,44],[2,8,30,41,43,44],[2,8,23,30,43,44],[2,8,23,30,41,44],[2,8,23,30,41,43]]","[3,3,3,4,4,4]",3.5,-0.63333333333333375,0.7704129280012213,downloads/official-1-1237/raw/api-0073.json,47b73afb91a5d7f56d3e94f864050898b268b72a53e99cfdffae8dce323357aa
517,20121027,1,9,12,28,36,41,10,40,54468223000,1000,54468223,4,1,"[[9,10,12,28,36,41],[1,10,12,28,36,41],[1,9,10,28,36,41],[1,9,10,12,36,41],[1,9,10,12,28,41],[1,9,10,12,28,36]]","[4,4,4,4,5,5]",4.333333333333333,0.19999999999999929,0.99691888240965743,downloads/official-1-1237/raw/api-0073.json,47b73afb91a5d7f56d3e94f864050898b268b72a53e99cfdffae8dce323357aa
518,20121103,14,23,30,32,34,38,6,34,55321566000,1000,55321566,3,1,"[[6,23,30,32,34,38],[6,14,30,32,34,38],[6,14,23,32,34,38],[6,14,23,30,34,38],[6,14,23,30,32,38],[6,14,23,30,32,34]]","[3,3,3,4,4,4]",3.5,-0.63333333333333375,0.83431007719485017,downloads/official-1-1237/raw/api-0072.json,09ee635a659380e30582183c20a4674d9b87312ef5df6b41ef303df710b5a8f4
519,20121110,6,8,13,16,30,43,3,32,55614206000,1000,55614206,5,1,"[[3,8,13,16,30,43],[3,6,13,16,30,43],[3,6,8,16,30,43],[3,6,8,13,30,43],[3,6,8,13,16,43],[3,6,8,13,16,30]]","[5,5,5,5,5,6]",5.166666666666667,1.0333333333333332,0.78110114527212704,downloads/official-1-1237/raw/api-0072.json,09ee635a659380e30582183c20a4674d9b87312ef5df6b41ef303df710b5a8f4
520,20121117,4,22,27,28,38,40,1,37,55003797000,1000,55003797,4,1,"[[1,22,27,28,38,40],[1,4,27,28,38,40],[1,4,22,28,38,40],[1,4,22,27,38,40],[1,4,22,27,28,40],[1,4,22,27,28,38]]","[4,4,4,4,5,5]",4.333333333333333,0.19999999999999929,0.91317095799768155,downloads/official-1-1237/raw/api-0072.json,09ee635a659380e30582183c20a4674d9b87312ef5df6b41ef303df710b5a8f4
521,20121124,3,7,18,29,32,36,19,53,56185373000,1000,56185373,4,1,"[[7,18,19,29,32,36],[3,18,19,29,32,36],[3,7,19,29,32,36],[3,7,18,19,32,36],[3,7,18,19,29,36],[3,7,18,19,29,32]]","[4,4,4,4,5,5]",4.333333333333333,0.19999999999999929,1.280547341031268,downloads/official-1-1237/raw/api-0072.json,09ee635a659380e30582183c20a4674d9b87312ef5df6b41ef303df710b5a8f4
522,20121201,4,5,13,14,37,41,11,39,57053378000,1000,57053378,4,1,"[[5,11,13,14,37,41],[4,11,13,14,37,41],[4,5,11,14,37,41],[4,5,11,13,37,41],[4,5,11,13,14,41],[4,5,11,13,14,37]]","[4,4,4,4,5,5]",4.333333333333333,0.19999999999999929,0.92795364369135158,downloads/official-1-1237/raw/api-0072.json,09ee635a659380e30582183c20a4674d9b87312ef5df6b41ef303df710b5a8f4
523,20121208,1,4,37,38,40,45,7,43,53678449000,1000,53678449,2,1,"[[4,7,37,38,40,45],[1,7,37,38,40,45],[1,4,7,38,40,45],[1,4,7,37,40,45],[1,4,7,37,38,45],[1,4,7,37,38,40]]","[2,2,3,3,3,3]",2.6666666666666665,-1.4666666666666672,1.0874556006638716,downloads/official-1-1237/raw/api-0072.json,09ee635a659380e30582183c20a4674d9b87312ef5df6b41ef303df710b5a8f4
524,20121215,10,11,29,38,41,45,21,36,55662103000,1000,55662103,3,1,"[[11,21,29,38,41,45],[10,21,29,38,41,45],[10,11,21,38,41,45],[10,11,21,29,41,45],[10,11,21,29,38,45],[10,11,21,29,38,41]]","[3,3,3,4,4,4]",3.5,-0.63333333333333375,0.87798263748676542,downloads/official-1-1237/raw/api-0072.json,09ee635a659380e30582183c20a4674d9b87312ef5df6b41ef303df710b5a8f4
525,20121222,11,23,26,29,39,44,22,41,55566007000,1000,55566007,4,1,"[[22,23,26,29,39,44],[11,22,26,29,39,44],[11,22,23,29,39,44],[11,22,23,26,39,44],[11,22,23,26,29,44],[11,22,23,26,29,39]]","[4,4,4,4,5,5]",4.333333333333333,0.19999999999999929,1.0016539428503473,downloads/official-1-1237/raw/api-0072.json,09ee635a659380e30582183c20a4674d9b87312ef5df6b41ef303df710b5a8f4
526,20121229,7,14,17,20,35,39,31,49,56527807000,1000,56527807,4,1,"[[14,17,20,31,35,39],[7,17,20,31,35,39],[7,14,20,31,35,39],[7,14,17,31,35,39],[7,14,17,20,31,39],[7,14,17,20,31,35]]","[4,4,4,4,5,5]",4.333333333333333,0.19999999999999929,1.176730418712334,downloads/official-1-1237/raw/api-0072.json,09ee635a659380e30582183c20a4674d9b87312ef5df6b41ef303df710b5a8f4
527,20130105,1,12,22,32,33,42,38,29,56985634000,1000,56985634,3,0,"[[12,22,32,33,38,42],[1,22,32,33,38,42],[1,12,32,33,38,42],[1,12,22,33,38,42],[1,12,22,32,38,42],[1,12,22,32,33,38]]","[2,2,2,3,3,3]",2.5,-1.6333333333333337,0.69083709764464496,downloads/official-1-1237/raw/api-0072.json,09ee635a659380e30582183c20a4674d9b87312ef5df6b41ef303df710b5a8f4
528,20130112,5,17,25,31,39,40,10,86,57548541000,1000,57548541,4,1,"[[10,17,25,31,39,40],[5,10,25,31,39,40],[5,10,17,31,39,40],[5,10,17,25,39,40],[5,10,17,25,31,40],[5,10,17,25,31,39]]","[4,4,4,4,5,5]",4.333333333333333,0.19999999999999929,2.0286502137386941,downloads/official-1-1237/raw/api-0071.json,3ca4416aa266703009f80d841d45be213f9cf46faeedffef4459646c2a40acb1
529,20130119,18,20,24,27,31,42,39,33,57645779000,1000,57645779,5,0,"[[20,24,27,31,39,42],[18,24,27,31,39,42],[18,20,27,31,39,42],[18,20,24,31,39,42],[18,20,24,27,39,42],[18,20,24,27,31,39]]","[4,4,4,4,4,5]",4.166666666666667,0.033333333333333215,0.77712246719746814,downloads/official-1-1237/raw/api-0071.json,3ca4416aa266703009f80d841d45be213f9cf46faeedffef4459646c2a40acb1
530,20130126,16,23,27,29,33,41,22,40,56241083000,1000,56241083,4,1,"[[22,23,27,29,33,41],[16,22,27,29,33,41],[16,22,23,29,33,41],[16,22,23,27,33,41],[16,22,23,27,29,41],[16,22,23,27,29,33]]","[4,4,4,4,5,5]",4.333333333333333,0.19999999999999929,0.96549349876495083,downloads/official-1-1237/raw/api-0071.json,3ca4416aa266703009f80d841d45be213f9cf46faeedffef4459646c2a40acb1
531,20130202,1,5,9,21,27,35,45,42,57567064000,1000,57567064,5,0,"[[5,9,21,27,35,45],[1,9,21,27,35,45],[1,5,21,27,35,45],[1,5,9,27,35,45],[1,5,9,21,35,45],[1,5,9,21,27,45]]","[4,4,4,4,4,5]",4.166666666666667,0.033333333333333215,0.99041736781990475,downloads/official-1-1237/raw/api-0071.json,3ca4416aa266703009f80d841d45be213f9cf46faeedffef4459646c2a40acb1
532,20130209,16,17,23,24,29,44,3,26,61687384000,1000,61687384,5,1,"[[3,17,23,24,29,44],[3,16,23,24,29,44],[3,16,17,24,29,44],[3,16,17,23,29,44],[3,16,17,23,24,44],[3,16,17,23,24,29]]","[5,5,5,5,5,6]",5.166666666666667,1.0333333333333332,0.57216334542570324,downloads/official-1-1237/raw/api-0071.json,3ca4416aa266703009f80d841d45be213f9cf46faeedffef4459646c2a40acb1
533,20130216,9,14,15,17,31,33,23,44,59275357000,1000,59275357,5,1,"[[14,15,17,23,31,33],[9,15,17,23,31,33],[9,14,17,23,31,33],[9,14,15,23,31,33],[9,14,15,17,23,33],[9,14,15,17,23,31]]","[5,5,5,5,5,6]",5.166666666666667,1.0333333333333332,1.007677440053208,downloads/official-1-1237/raw/api-0071.json,3ca4416aa266703009f80d841d45be213f9cf46faeedffef4459646c2a40acb1
534,20130223,10,24,26,29,37,38,32,55,59227462000,1000,59227462,4,0,"[[24,26,29,32,37,38],[10,26,29,32,37,38],[10,24,29,32,37,38],[10,24,26,32,37,38],[10,24,26,29,32,38],[10,24,26,29,32,37]]","[3,3,3,3,4,4]",3.3333333333333335,-0.80000000000000027,1.2606153881792199,downloads/official-1-1237/raw/api-0071.json,3ca4416aa266703009f80d841d45be213f9cf46faeedffef4459646c2a40acb1
535,20130302,11,12,14,15,18,39,34,31,60523884000,1000,60523884,5,0,"[[12,14,15,18,34,39],[11,14,15,18,34,39],[11,12,15,18,34,39],[11,12,14,18,34,39],[11,12,14,15,34,39],[11,12,14,15,18,34]]","[4,4,4,4,4,5]",4.166666666666667,0.033333333333333215,0.69530914440322433,downloads/official-1-1237/raw/api-0071.json,3ca4416aa266703009f80d841d45be213f9cf46faeedffef4459646c2a40acb1
536,20130309,7,8,18,32,37,43,12,40,59763469000,1000,59763469,3,1,"[[8,12,18,32,37,43],[7,12,18,32,37,43],[7,8,12,32,37,43],[7,8,12,18,37,43],[7,8,12,18,32,43],[7,8,12,18,32,37]]","[3,3,3,4,4,4]",3.5,-0.63333333333333375,0.90858848906511769,downloads/official-1-1237/raw/api-0071.json,3ca4416aa266703009f80d841d45be213f9cf46faeedffef4459646c2a40acb1
537,20130316,12,23,26,30,36,43,11,35,59453323000,1000,59453323,4,1,"[[11,23,26,30,36,43],[11,12,26,30,36,43],[11,12,23,30,36,43],[11,12,23,26,36,43],[11,12,23,26,30,43],[11,12,23,26,30,36]]","[4,4,4,4,5,5]",4.333333333333333,0.19999999999999929,0.79916222681110693,downloads/official-1-1237/raw/api-0071.json,3ca4416aa266703009f80d841d45be213f9cf46faeedffef4459646c2a40acb1
538,20130323,6,10,18,31,32,34,11,48,59233373000,1000,59233373,4,1,"[[10,11,18,31,32,34],[6,11,18,31,32,34],[6,10,11,31,32,34],[6,10,11,18,32,34],[6,10,11,18,31,34],[6,10,11,18,31,32]]","[4,4,4,4,5,5]",4.333333333333333,0.19999999999999929,1.1000636414880509,downloads/official-1-1237/raw/api-0070.json,5a01ed952baff9cfb40b2c649d7086027616a8e66fa273b317abef0774633064
539,20130330,3,19,22,31,42,43,26,42,59168870000,1000,59168870,4,1,"[[19,22,26,31,42,43],[3,22,26,31,42,43],[3,19,26,31,42,43],[3,19,22,26,42,43],[3,19,22,26,31,43],[3,19,22,26,31,42]]","[4,4,4,4,5,5]",4.333333333333333,0.19999999999999929,0.96360501730048254,downloads/official-1-1237/raw/api-0070.json,5a01ed952baff9cfb40b2c649d7086027616a8e66fa273b317abef0774633064
540,20130406,3,12,13,15,34,36,14,26,56739658000,1000,56739658,4,1,"[[12,13,14,15,34,36],[3,13,14,15,34,36],[3,12,14,15,34,36],[3,12,13,14,34,36],[3,12,13,14,15,36],[3,12,13,14,15,34]]","[4,4,4,4,5,5]",4.333333333333333,0.19999999999999929,0.62205626970821715,downloads/official-1-1237/raw/api-0070.json,5a01ed952baff9cfb40b2c649d7086027616a8e66fa273b317abef0774633064
541,20130413,8,13,26,28,32,34,43,40,57087047000,1000,57087047,4,0,"[[13,26,28,32,34,43],[8,26,28,32,34,43],[8,13,28,32,34,43],[8,13,26,32,34,43],[8,13,26,28,34,43],[8,13,26,28,32,43]]","[3,3,3,3,4,4]",3.3333333333333335,-0.80000000000000027,0.95118600196643555,downloads/official-1-1237/raw/api-0070.json,5a01ed952baff9cfb40b2c649d7086027616a8e66fa273b317abef0774633064
542,20130420,5,6,19,26,41,45,34,26,56949161000,1000,56949161,4,0,"[[6,19,26,34,41,45],[5,19,26,34,41,45],[5,6,26,34,41,45],[5,6,19,34,41,45],[5,6,19,26,34,45],[5,6,19,26,34,41]]","[3,3,3,3,4,4]",3.3333333333333335,-0.80000000000000027,0.61976786629042702,downloads/official-1-1237/raw/api-0070.json,5a01ed952baff9cfb40b2c649d7086027616a8e66fa273b317abef0774633064
543,20130427,13,18,26,31,34,44,12,47,56570245000,1000,56570245,4,1,"[[12,18,26,31,34,44],[12,13,26,31,34,44],[12,13,18,31,34,44],[12,13,18,26,34,44],[12,13,18,26,31,44],[12,13,18,26,31,34]]","[4,4,4,4,5,5]",4.333333333333333,0.19999999999999929,1.1278538744175495,downloads/official-1-1237/raw/api-0070.json,5a01ed952baff9cfb40b2c649d7086027616a8e66fa273b317abef0774633064
544,20130504,5,17,21,25,36,44,10,47,56056189000,1000,56056189,4,1,"[[10,17,21,25,36,44],[5,10,21,25,36,44],[5,10,17,25,36,44],[5,10,17,21,36,44],[5,10,17,21,25,44],[5,10,17,21,25,36]]","[4,4,4,4,5,5]",4.333333333333333,0.19999999999999929,1.1381967118742231,downloads/official-1-1237/raw/api-0070.json,5a01ed952baff9cfb40b2c649d7086027616a8e66fa273b317abef0774633064
545,20130511,4,24,25,27,34,35,2,42,55967171000,1000,55967171,4,1,"[[2,24,25,27,34,35],[2,4,25,27,34,35],[2,4,24,27,34,35],[2,4,24,25,34,35],[2,4,24,25,27,35],[2,4,24,25,27,34]]","[4,4,4,4,5,5]",4.333333333333333,0.19999999999999929,1.0187297121021179,downloads/official-1-1237/raw/api-0070.json,5a01ed952baff9cfb40b2c649d7086027616a8e66fa273b317abef0774633064
546,20130518,8,17,20,27,37,43,6,55,56713166000,1000,56713166,4,1,"[[6,17,20,27,37,43],[6,8,20,27,37,43],[6,8,17,27,37,43],[6,8,17,20,37,43],[6,8,17,20,27,43],[6,8,17,20,27,37]]","[4,4,4,4,5,5]",4.333333333333333,0.19999999999999929,1.3165029439548481,downloads/official-1-1237/raw/api-0070.json,5a01ed952baff9cfb40b2c649d7086027616a8e66fa273b317abef0774633064
547,20130525,6,7,15,22,34,39,28,54,57968466000,1000,57968466,4,1,"[[7,15,22,28,34,39],[6,15,22,28,34,39],[6,7,22,28,34,39],[6,7,15,28,34,39],[6,7,15,22,28,39],[6,7,15,22,28,34]]","[4,4,4,4,5,5]",4.333333333333333,0.19999999999999929,1.2645761576647552,downloads/official-1-1237/raw/api-0070.json,5a01ed952baff9cfb40b2c649d7086027616a8e66fa273b317abef0774633064
548,20130601,1,12,13,21,32,45,14,46,57771827000,1000,57771827,4,1,"[[12,13,14,21,32,45],[1,13,14,21,32,45],[1,12,14,21,32,45],[1,12,13,14,32,45],[1,12,13,14,21,45],[1,12,13,14,21,32]]","[4,4,4,4,5,5]",4.333333333333333,0.19999999999999929,1.0808981339641552,downloads/official-1-1237/raw/api-0069.json,8e57007921044b66daeb06c35627e25b311a9dea56c586fa80e2d4f6ecd6268a
549,20130608,29,31,35,38,40,44,17,35,56864611000,1000,56864611,2,1,"[[17,31,35,38,40,44],[17,29,35,38,40,44],[17,29,31,38,40,44],[17,29,31,35,40,44],[17,29,31,35,38,44],[17,29,31,35,38,40]]","[2,2,3,3,3,3]",2.6666666666666665,-1.4666666666666672,0.83554339270869182,downloads/official-1-1237/raw/api-0069.json,8e57007921044b66daeb06c35627e25b311a9dea56c586fa80e2d4f6ecd6268a
550,20130615,1,7,14,20,34,37,41,58,56441770000,1000,56441770,4,0,"[[7,14,20,34,37,41],[1,14,20,34,37,41],[1,7,20,34,37,41],[1,7,14,34,37,41],[1,7,14,20,37,41],[1,7,14,20,34,41]]","[3,3,3,3,4,4]",3.3333333333333335,-0.80000000000000027,1.3949877900710768,downloads/official-1-1237/raw/api-0069.json,8e57007921044b66daeb06c35627e25b311a9dea56c586fa80e2d4f6ecd6268a
551,20130622,3,6,20,24,27,44,25,32,56989370000,1000,56989370,5,1,"[[6,20,24,25,27,44],[3,20,24,25,27,44],[3,6,24,25,27,44],[3,6,20,25,27,44],[3,6,20,24,25,44],[3,6,20,24,25,27]]","[5,5,5,5,5,6]",5.166666666666667,1.0333333333333332,0.7622530306967773,downloads/official-1-1237/raw/api-0069.json,8e57007921044b66daeb06c35627e25b311a9dea56c586fa80e2d4f6ecd6268a
552,20130629,1,10,20,32,35,40,43,45,57602386000,1000,57602386,3,0,"[[10,20,32,35,40,43],[1,20,32,35,40,43],[1,10,32,35,40,43],[1,10,20,35,40,43],[1,10,20,32,40,43],[1,10,20,32,35,43]]","[2,2,2,3,3,3]",2.5,-1.6333333333333337,1.0605107573148098,downloads/official-1-1237/raw/api-0069.json,8e57007921044b66daeb06c35627e25b311a9dea56c586fa80e2d4f6ecd6268a
553,20130706,2,7,17,28,29,39,37,52,56487483000,1000,56487483,5,0,"[[7,17,28,29,37,39],[2,17,28,29,37,39],[2,7,28,29,37,39],[2,7,17,29,37,39],[2,7,17,28,37,39],[2,7,17,28,29,37]]","[4,4,4,4,4,5]",4.166666666666667,0.033333333333333215,1.24966658542743,downloads/official-1-1237/raw/api-0069.json,8e57007921044b66daeb06c35627e25b311a9dea56c586fa80e2d4f6ecd6268a
554,20130713,13,14,17,32,41,42,6,41,56124466000,1000,56124466,3,1,"[[6,14,17,32,41,42],[6,13,17,32,41,42],[6,13,14,32,41,42],[6,13,14,17,41,42],[6,13,14,17,32,42],[6,13,14,17,32,41]]","[3,3,3,4,4,4]",3.5,-0.63333333333333375,0.99168711912555207,downloads/official-1-1237/raw/api-0069.json,8e57007921044b66daeb06c35627e25b311a9dea56c586fa80e2d4f6ecd6268a
555,20130720,11,17,21,24,26,36,12,46,57273817000,1000,57273817,5,1,"[[12,17,21,24,26,36],[11,12,21,24,26,36],[11,12,17,24,26,36],[11,12,17,21,26,36],[11,12,17,21,24,36],[11,12,17,21,24,26]]","[5,5,5,5,5,6]",5.166666666666667,1.0333333333333332,1.0902968104954485,downloads/official-1-1237/raw/api-0069.json,8e57007921044b66daeb06c35627e25b311a9dea56c586fa80e2d4f6ecd6268a
556,20130727,12,20,23,28,30,44,43,41,57374791000,1000,57374791,5,0,"[[20,23,28,30,43,44],[12,23,28,30,43,44],[12,20,28,30,43,44],[12,20,23,30,43,44],[12,20,23,28,43,44],[12,20,23,28,30,43]]","[4,4,4,4,4,5]",4.166666666666667,0.033333333333333215,0.97007603914409035,downloads/official-1-1237/raw/api-0069.json,8e57007921044b66daeb06c35627e25b311a9dea56c586fa80e2d4f6ecd6268a
557,20130803,4,20,26,28,35,40,31,43,55086560000,1000,55086560,4,1,"[[20,26,28,31,35,40],[4,26,28,31,35,40],[4,20,28,31,35,40],[4,20,26,31,35,40],[4,20,26,28,31,40],[4,20,26,28,31,35]]","[4,4,4,4,5,5]",4.333333333333333,0.19999999999999929,1.0596582905158718,downloads/official-1-1237/raw/api-0069.json,8e57007921044b66daeb06c35627e25b311a9dea56c586fa80e2d4f6ecd6268a
558,20130810,12,15,19,26,40,43,29,51,54939001000,1000,54939001,4,1,"[[15,19,26,29,40,43],[12,19,26,29,40,43],[12,15,26,29,40,43],[12,15,19,29,40,43],[12,15,19,26,29,43],[12,15,19,26,29,40]]","[4,4,4,4,5,5]",4.333333333333333,0.19999999999999929,1.2601796308600515,downloads/official-1-1237/raw/api-0068.json,44901802fa4262a3f7e7e810446c8b090a1abf590780c9b5816a7cfe53ac71f6
559,20130817,11,12,25,32,44,45,23,42,55733418000,1000,55733418,3,1,"[[12,23,25,32,44,45],[11,23,25,32,44,45],[11,12,23,32,44,45],[11,12,23,25,44,45],[11,12,23,25,32,45],[11,12,23,25,32,44]]","[3,3,3,4,4,4]",3.5,-0.63333333333333375,1.0230023932858379,downloads/official-1-1237/raw/api-0068.json,44901802fa4262a3f7e7e810446c8b090a1abf590780c9b5816a7cfe53ac71f6
560,20130824,1,4,20,23,29,45,28,40,56565298000,1000,56565298,5,1,"[[4,20,23,28,29,45],[1,20,23,28,29,45],[1,4,23,28,29,45],[1,4,20,28,29,45],[1,4,20,23,28,45],[1,4,20,23,28,29]]","[5,5,5,5,5,6]",5.166666666666667,1.0333333333333332,0.95995958511524149,downloads/official-1-1237/raw/api-0068.json,44901802fa4262a3f7e7e810446c8b090a1abf590780c9b5816a7cfe53ac71f6
561,20130831,5,7,18,37,42,45,20,41,56638383000,1000,56638383,3,1,"[[7,18,20,37,42,45],[5,18,20,37,42,45],[5,7,20,37,42,45],[5,7,18,20,42,45],[5,7,18,20,37,45],[5,7,18,20,37,42]]","[3,3,3,4,4,4]",3.5,-0.63333333333333375,0.98268889491424927,downloads/official-1-1237/raw/api-0068.json,44901802fa4262a3f7e7e810446c8b090a1abf590780c9b5816a7cfe53ac71f6
562,20130907,4,11,13,17,20,31,33,51,56288212000,1000,56288212,6,0,"[[11,13,17,20,31,33],[4,13,17,20,31,33],[4,11,17,20,31,33],[4,11,13,20,31,33],[4,11,13,17,31,33],[4,11,13,17,20,33]]","[5,5,5,5,5,5]",5,0.86666666666666625,1.2299735155915061,downloads/official-1-1237/raw/api-0068.json,44901802fa4262a3f7e7e810446c8b090a1abf590780c9b5816a7cfe53ac71f6
563,20130914,5,10,16,17,31,32,21,38,57320132000,1000,57320132,5,1,"[[10,16,17,21,31,32],[5,16,17,21,31,32],[5,10,17,21,31,32],[5,10,16,21,31,32],[5,10,16,17,21,32],[5,10,16,17,21,31]]","[5,5,5,5,5,6]",5.166666666666667,1.0333333333333332,0.89995221923075819,downloads/official-1-1237/raw/api-0068.json,44901802fa4262a3f7e7e810446c8b090a1abf590780c9b5816a7cfe53ac71f6
564,20130921,14,19,25,26,27,34,2,32,58012468000,1000,58012468,5,1,"[[2,19,25,26,27,34],[2,14,25,26,27,34],[2,14,19,26,27,34],[2,14,19,25,27,34],[2,14,19,25,26,34],[2,14,19,25,26,27]]","[5,5,5,5,5,6]",5.166666666666667,1.0333333333333332,0.74881006613957535,downloads/official-1-1237/raw/api-0068.json,44901802fa4262a3f7e7e810446c8b090a1abf590780c9b5816a7cfe53ac71f6
565,20130928,4,10,18,27,40,45,38,39,59556622000,1000,59556622,4,0,"[[10,18,27,38,40,45],[4,18,27,38,40,45],[4,10,27,38,40,45],[4,10,18,38,40,45],[4,10,18,27,38,45],[4,10,18,27,38,40]]","[3,3,3,3,4,4]",3.3333333333333335,-0.80000000000000027,0.88895051838232197,downloads/official-1-1237/raw/api-0068.json,44901802fa4262a3f7e7e810446c8b090a1abf590780c9b5816a7cfe53ac71f6
566,20131005,4,5,6,25,26,43,41,35,57666611000,1000,57666611,5,0,"[[5,6,25,26,41,43],[4,6,25,26,41,43],[4,5,25,26,41,43],[4,5,6,26,41,43],[4,5,6,25,41,43],[4,5,6,25,26,41]]","[4,4,4,4,4,5]",4.166666666666667,0.033333333333333215,0.82392304968294394,downloads/official-1-1237/raw/api-0068.json,44901802fa4262a3f7e7e810446c8b090a1abf590780c9b5816a7cfe53ac71f6
567,20131012,1,10,15,16,32,41,28,53,57439471000,1000,57439471,4,1,"[[10,15,16,28,32,41],[1,15,16,28,32,41],[1,10,16,28,32,41],[1,10,15,28,32,41],[1,10,15,16,28,41],[1,10,15,16,28,32]]","[4,4,4,4,5,5]",4.333333333333333,0.19999999999999929,1.2525886598085139,downloads/official-1-1237/raw/api-0068.json,44901802fa4262a3f7e7e810446c8b090a1abf590780c9b5816a7cfe53ac71f6
568,20131019,1,3,17,20,31,44,40,50,57681628000,1000,57681628,5,0,"[[3,17,20,31,40,44],[1,17,20,31,40,44],[1,3,20,31,40,44],[1,3,17,31,40,44],[1,3,17,20,40,44],[1,3,17,20,31,40]]","[4,4,4,4,4,5]",4.166666666666667,0.033333333333333215,1.1767264959997314,downloads/official-1-1237/raw/api-0067.json,f8ce7ae19206d619354f90912d5a80042fb2a517baca3d19df67c1a2d2ab31b3
569,20131026,3,6,13,23,24,35,1,36,58441902000,1000,58441902,5,1,"[[1,6,13,23,24,35],[1,3,13,23,24,35],[1,3,6,23,24,35],[1,3,6,13,24,35],[1,3,6,13,23,35],[1,3,6,13,23,24]]","[5,5,5,5,5,6]",5.166666666666667,1.0333333333333332,0.83622124413404619,downloads/official-1-1237/raw/api-0067.json,f8ce7ae19206d619354f90912d5a80042fb2a517baca3d19df67c1a2d2ab31b3
570,20131102,1,12,26,27,29,33,42,38,57654279000,1000,57654279,5,0,"[[12,26,27,29,33,42],[1,26,27,29,33,42],[1,12,27,29,33,42],[1,12,26,29,33,42],[1,12,26,27,33,42],[1,12,26,27,29,42]]","[4,4,4,4,4,5]",4.166666666666667,0.033333333333333215,0.89473636466774653,downloads/official-1-1237/raw/api-0067.json,f8ce7ae19206d619354f90912d5a80042fb2a517baca3d19df67c1a2d2ab31b3
571,20131109,11,18,21,26,38,43,29,33,56493528000,1000,56493528,4,1,"[[18,21,26,29,38,43],[11,21,26,29,38,43],[11,18,26,29,38,43],[11,18,21,29,38,43],[11,18,21,26,29,43],[11,18,21,26,29,38]]","[4,4,4,4,5,5]",4.333333333333333,0.19999999999999929,0.79297278088208623,downloads/official-1-1237/raw/api-0067.json,f8ce7ae19206d619354f90912d5a80042fb2a517baca3d19df67c1a2d2ab31b3
572,20131116,3,13,18,33,37,45,1,53,56473602000,1000,56473602,3,1,"[[1,13,18,33,37,45],[1,3,18,33,37,45],[1,3,13,33,37,45],[1,3,13,18,37,45],[1,3,13,18,33,45],[1,3,13,18,33,37]]","[3,3,3,4,4,4]",3.5,-0.63333333333333375,1.2740117055044586,downloads/official-1-1237/raw/api-0067.json,f8ce7ae19206d619354f90912d5a80042fb2a517baca3d19df67c1a2d2ab31b3
573,20131123,2,4,20,34,35,43,14,50,56092721000,1000,56092721,3,1,"[[4,14,20,34,35,43],[2,14,20,34,35,43],[2,4,14,34,35,43],[2,4,14,20,35,43],[2,4,14,20,34,43],[2,4,14,20,34,35]]","[3,3,3,4,4,4]",3.5,-0.63333333333333375,1.2100589664744557,downloads/official-1-1237/raw/api-0067.json,f8ce7ae19206d619354f90912d5a80042fb2a517baca3d19df67c1a2d2ab31b3
574,20131130,14,15,16,19,25,43,2,33,55882933000,1000,55882933,5,1,"[[2,15,16,19,25,43],[2,14,16,19,25,43],[2,14,15,19,25,43],[2,14,15,16,25,43],[2,14,15,16,19,43],[2,14,15,16,19,25]]","[5,5,5,5,5,6]",5.166666666666667,1.0333333333333332,0.80163705795470686,downloads/official-1-1237/raw/api-0067.json,f8ce7ae19206d619354f90912d5a80042fb2a517baca3d19df67c1a2d2ab31b3
575,20131207,2,8,20,30,33,34,6,45,56330738000,1000,56330738,4,1,"[[6,8,20,30,33,34],[2,6,20,30,33,34],[2,6,8,30,33,34],[2,6,8,20,33,34],[2,6,8,20,30,34],[2,6,8,20,30,33]]","[4,4,4,4,5,5]",4.333333333333333,0.19999999999999929,1.0844514410586987,downloads/official-1-1237/raw/api-0067.json,f8ce7ae19206d619354f90912d5a80042fb2a517baca3d19df67c1a2d2ab31b3
576,20131214,10,11,15,25,35,41,13,54,54691148000,1000,54691148,4,1,"[[11,13,15,25,35,41],[10,13,15,25,35,41],[10,11,13,25,35,41],[10,11,13,15,35,41],[10,11,13,15,25,41],[10,11,13,15,25,35]]","[4,4,4,4,5,5]",4.333333333333333,0.19999999999999929,1.3403547499130939,downloads/official-1-1237/raw/api-0067.json,f8ce7ae19206d619354f90912d5a80042fb2a517baca3d19df67c1a2d2ab31b3
577,20131221,16,17,22,31,34,37,33,42,57010827000,1000,57010827,4,0,"[[17,22,31,33,34,37],[16,22,31,33,34,37],[16,17,31,33,34,37],[16,17,22,33,34,37],[16,17,22,31,33,37],[16,17,22,31,33,34]]","[3,3,3,3,4,4]",3.3333333333333335,-0.80000000000000027,1.0000805636445163,downloads/official-1-1237/raw/api-0067.json,f8ce7ae19206d619354f90912d5a80042fb2a517baca3d19df67c1a2d2ab31b3
578,20131228,5,12,14,32,34,42,16,43,58584741000,1000,58584741,3,1,"[[12,14,16,32,34,42],[5,14,16,32,34,42],[5,12,16,32,34,42],[5,12,14,16,34,42],[5,12,14,16,32,42],[5,12,14,16,32,34]]","[3,3,3,4,4,4]",3.5,-0.63333333333333375,0.99638453637611879,downloads/official-1-1237/raw/api-0066.json,acf9f15b9397daa0bbce3fdacab1c961fdc9cd247144ac4e9277d6a75d2e9105
579,20140104,5,7,20,22,37,42,39,46,63532871000,1000,63532871,4,0,"[[7,20,22,37,39,42],[5,20,22,37,39,42],[5,7,22,37,39,42],[5,7,20,37,39,42],[5,7,20,22,39,42],[5,7,20,22,37,39]]","[3,3,3,3,4,4]",3.3333333333333335,-0.80000000000000027,0.9828842773373172,downloads/official-1-1237/raw/api-0066.json,acf9f15b9397daa0bbce3fdacab1c961fdc9cd247144ac4e9277d6a75d2e9105
580,20140111,5,7,9,11,32,35,33,42,60514216000,1000,60514216,4,0,"[[7,9,11,32,33,35],[5,9,11,32,33,35],[5,7,11,32,33,35],[5,7,9,32,33,35],[5,7,9,11,33,35],[5,7,9,11,32,33]]","[3,3,3,3,4,4]",3.3333333333333335,-0.80000000000000027,0.94218224689550634,downloads/official-1-1237/raw/api-0066.json,acf9f15b9397daa0bbce3fdacab1c961fdc9cd247144ac4e9277d6a75d2e9105
581,20140118,3,5,14,20,42,44,33,39,60257457000,1000,60257457,4,0,"[[5,14,20,33,42,44],[3,14,20,33,42,44],[3,5,20,33,42,44],[3,5,14,33,42,44],[3,5,14,20,33,44],[3,5,14,20,33,42]]","[3,3,3,3,4,4]",3.3333333333333335,-0.80000000000000027,0.87861142231740708,downloads/official-1-1237/raw/api-0066.json,acf9f15b9397daa0bbce3fdacab1c961fdc9cd247144ac4e9277d6a75d2e9105
582,20140125,2,12,14,33,40,41,25,57,59306953000,1000,59306953,3,1,"[[12,14,25,33,40,41],[2,14,25,33,40,41],[2,12,25,33,40,41],[2,12,14,25,40,41],[2,12,14,25,33,41],[2,12,14,25,33,40]]","[3,3,3,4,4,4]",3.5,-0.63333333333333375,1.3047048631886382,downloads/official-1-1237/raw/api-0066.json,acf9f15b9397daa0bbce3fdacab1c961fdc9cd247144ac4e9277d6a75d2e9105
583,20140201,8,17,27,33,40,44,24,51,62675295000,1000,62675295,3,1,"[[17,24,27,33,40,44],[8,24,27,33,40,44],[8,17,24,33,40,44],[8,17,24,27,40,44],[8,17,24,27,33,44],[8,17,24,27,33,40]]","[3,3,3,4,4,4]",3.5,-0.63333333333333375,1.1046299821963343,downloads/official-1-1237/raw/api-0066.json,acf9f15b9397daa0bbce3fdacab1c961fdc9cd247144ac4e9277d6a75d2e9105
584,20140208,7,18,30,39,40,41,36,32,61343856000,1000,61343856,3,0,"[[18,30,36,39,40,41],[7,30,36,39,40,41],[7,18,36,39,40,41],[7,18,30,36,40,41],[7,18,30,36,39,41],[7,18,30,36,39,40]]","[2,2,2,3,3,3]",2.5,-1.6333333333333337,0.70814459397531193,downloads/official-1-1237/raw/api-0066.json,acf9f15b9397daa0bbce3fdacab1c961fdc9cd247144ac4e9277d6a75d2e9105
585,20140215,6,7,10,16,38,41,4,45,60253002000,1000,60253002,4,1,"[[4,7,10,16,38,41],[4,6,10,16,38,41],[4,6,7,16,38,41],[4,6,7,10,38,41],[4,6,7,10,16,41],[4,6,7,10,16,38]]","[4,4,4,4,5,5]",4.333333333333333,0.19999999999999929,1.0138573676378813,downloads/official-1-1237/raw/api-0066.json,acf9f15b9397daa0bbce3fdacab1c961fdc9cd247144ac4e9277d6a75d2e9105
586,20140222,2,7,12,15,21,34,5,46,59502096000,1000,59502096,5,1,"[[5,7,12,15,21,34],[2,5,12,15,21,34],[2,5,7,15,21,34],[2,5,7,12,21,34],[2,5,7,12,15,34],[2,5,7,12,15,21]]","[5,5,5,5,5,6]",5.166666666666667,1.0333333333333332,1.0494665599679043,downloads/official-1-1237/raw/api-0066.json,acf9f15b9397daa0bbce3fdacab1c961fdc9cd247144ac4e9277d6a75d2e9105
587,20140301,14,21,29,31,32,37,17,43,59715499000,1000,59715499,4,1,"[[17,21,29,31,32,37],[14,17,29,31,32,37],[14,17,21,31,32,37],[14,17,21,29,32,37],[14,17,21,29,31,37],[14,17,21,29,31,32]]","[4,4,4,4,5,5]",4.333333333333333,0.19999999999999929,0.97751724389006611,downloads/official-1-1237/raw/api-0066.json,acf9f15b9397daa0bbce3fdacab1c961fdc9cd247144ac4e9277d6a75d2e9105
588,20140308,2,8,15,22,25,41,30,43,59533101000,1000,59533101,5,1,"[[8,15,22,25,30,41],[2,15,22,25,30,41],[2,8,22,25,30,41],[2,8,15,25,30,41],[2,8,15,22,30,41],[2,8,15,22,25,30]]","[5,5,5,5,5,6]",5.166666666666667,1.0333333333333332,0.98051216918802864,downloads/official-1-1237/raw/api-0065.json,68dafdcf220cdf9b46c880bd728ad971e14a7a035a8402f4c3cd3cc5e4fa2560
589,20140315,6,8,28,33,38,39,22,42,60643729000,1000,60643729,3,1,"[[8,22,28,33,38,39],[6,22,28,33,38,39],[6,8,22,33,38,39],[6,8,22,28,38,39],[6,8,22,28,33,39],[6,8,22,28,33,38]]","[3,3,3,4,4,4]",3.5,-0.63333333333333375,0.94017008749577391,downloads/official-1-1237/raw/api-0065.json,68dafdcf220cdf9b46c880bd728ad971e14a7a035a8402f4c3cd3cc5e4fa2560
590,20140322,20,30,36,38,41,45,23,31,60003131000,1000,60003131,2,1,"[[23,30,36,38,41,45],[20,23,36,38,41,45],[20,23,30,38,41,45],[20,23,30,36,41,45],[20,23,30,36,38,45],[20,23,30,36,38,41]]","[2,2,3,3,3,3]",2.6666666666666665,-1.4666666666666672,0.70134356822146493,downloads/official-1-1237/raw/api-0065.json,68dafdcf220cdf9b46c880bd728ad971e14a7a035a8402f4c3cd3cc5e4fa2560
591,20140329,8,13,14,30,38,39,5,38,59373946000,1000,59373946,4,1,"[[5,13,14,30,38,39],[5,8,14,30,38,39],[5,8,13,30,38,39],[5,8,13,14,38,39],[5,8,13,14,30,39],[5,8,13,14,30,38]]","[4,4,4,4,5,5]",4.333333333333333,0.19999999999999929,0.86882182295918142,downloads/official-1-1237/raw/api-0065.json,68dafdcf220cdf9b46c880bd728ad971e14a7a035a8402f4c3cd3cc5e4fa2560
592,20140405,2,5,6,13,28,44,43,28,58097477000,1000,58097477,5,0,"[[5,6,13,28,43,44],[2,6,13,28,43,44],[2,5,13,28,43,44],[2,5,6,28,43,44],[2,5,6,13,43,44],[2,5,6,13,28,43]]","[4,4,4,4,4,5]",4.166666666666667,0.033333333333333215,0.65425009764193376,downloads/official-1-1237/raw/api-0065.json,68dafdcf220cdf9b46c880bd728ad971e14a7a035a8402f4c3cd3cc5e4fa2560
593,20140412,9,10,13,24,33,38,28,62,59368204000,1000,59368204,4,1,"[[10,13,24,28,33,38],[9,13,24,28,33,38],[9,10,24,28,33,38],[9,10,13,28,33,38],[9,10,13,24,28,38],[9,10,13,24,28,33]]","[4,4,4,4,5,5]",4.333333333333333,0.19999999999999929,1.4176884987122063,downloads/official-1-1237/raw/api-0065.json,68dafdcf220cdf9b46c880bd728ad971e14a7a035a8402f4c3cd3cc5e4fa2560
594,20140419,2,8,13,25,28,37,3,42,57764442000,1000,57764442,5,1,"[[3,8,13,25,28,37],[2,3,13,25,28,37],[2,3,8,25,28,37],[2,3,8,13,28,37],[2,3,8,13,25,37],[2,3,8,13,25,28]]","[5,5,5,5,5,6]",5.166666666666667,1.0333333333333332,0.98703316479712555,downloads/official-1-1237/raw/api-0065.json,68dafdcf220cdf9b46c880bd728ad971e14a7a035a8402f4c3cd3cc5e4fa2560
595,20140426,8,24,28,35,38,40,5,54,57797288000,1000,57797288,3,1,"[[5,24,28,35,38,40],[5,8,28,35,38,40],[5,8,24,35,38,40],[5,8,24,28,38,40],[5,8,24,28,35,40],[5,8,24,28,35,38]]","[3,3,3,4,4,4]",3.5,-0.63333333333333375,1.2683214478852365,downloads/official-1-1237/raw/api-0065.json,68dafdcf220cdf9b46c880bd728ad971e14a7a035a8402f4c3cd3cc5e4fa2560
596,20140503,3,4,12,14,25,43,17,41,56561071000,1000,56561071,5,1,"[[4,12,14,17,25,43],[3,12,14,17,25,43],[3,4,14,17,25,43],[3,4,12,17,25,43],[3,4,12,14,17,43],[3,4,12,14,17,25]]","[5,5,5,5,5,6]",5.166666666666667,1.0333333333333332,0.98403210929298002,downloads/official-1-1237/raw/api-0065.json,68dafdcf220cdf9b46c880bd728ad971e14a7a035a8402f4c3cd3cc5e4fa2560
597,20140510,8,10,23,24,35,43,37,46,56832361000,1000,56832361,4,0,"[[10,23,24,35,37,43],[8,23,24,35,37,43],[8,10,24,35,37,43],[8,10,23,35,37,43],[8,10,23,24,37,43],[8,10,23,24,35,37]]","[3,3,3,3,4,4]",3.3333333333333335,-0.80000000000000027,1.0987658950153416,downloads/official-1-1237/raw/api-0065.json,68dafdcf220cdf9b46c880bd728ad971e14a7a035a8402f4c3cd3cc5e4fa2560
598,20140517,4,12,24,33,38,45,22,50,57518550000,1000,57518550,3,1,"[[12,22,24,33,38,45],[4,22,24,33,38,45],[4,12,22,33,38,45],[4,12,22,24,38,45],[4,12,22,24,33,45],[4,12,22,24,33,38]]","[3,3,3,4,4,4]",3.5,-0.63333333333333375,1.1800627797467078,downloads/official-1-1237/raw/api-0064.json,194b2840af3c2b3a4acdd0f940cdde145ac1a84f7fc6208ceea4976d5bacc84e
599,20140524,5,12,17,29,34,35,27,43,57381791000,1000,57381791,4,1,"[[12,17,27,29,34,35],[5,17,27,29,34,35],[5,12,27,29,34,35],[5,12,17,27,34,35],[5,12,17,27,29,35],[5,12,17,27,29,34]]","[4,4,4,4,5,5]",4.333333333333333,0.19999999999999929,1.0172727093861536,downloads/official-1-1237/raw/api-0064.json,194b2840af3c2b3a4acdd0f940cdde145ac1a84f7fc6208ceea4976d5bacc84e
600,20140531,5,11,14,27,29,36,44,41,56372519000,1000,56372519,5,0,"[[11,14,27,29,36,44],[5,14,27,29,36,44],[5,11,27,29,36,44],[5,11,14,29,36,44],[5,11,14,27,36,44],[5,11,14,27,29,44]]","[4,4,4,4,4,5]",4.166666666666667,0.033333333333333215,0.98732345098859253,downloads/official-1-1237/raw/api-0064.json,194b2840af3c2b3a4acdd0f940cdde145ac1a84f7fc6208ceea4976d5bacc84e
601,20140607,2,16,19,31,34,35,37,28,55868455000,1000,55868455,4,0,"[[16,19,31,34,35,37],[2,19,31,34,35,37],[2,16,31,34,35,37],[2,16,19,34,35,37],[2,16,19,31,35,37],[2,16,19,31,34,37]]","[3,3,3,3,4,4]",3.3333333333333335,-0.80000000000000027,0.68035316172605809,downloads/official-1-1237/raw/api-0064.json,194b2840af3c2b3a4acdd0f940cdde145ac1a84f7fc6208ceea4976d5bacc84e
602,20140614,13,14,22,27,30,38,2,42,56262855000,1000,56262855,5,1,"[[2,14,22,27,30,38],[2,13,22,27,30,38],[2,13,14,27,30,38],[2,13,14,22,30,38],[2,13,14,22,27,38],[2,13,14,22,27,30]]","[5,5,5,5,5,6]",5.166666666666667,1.0333333333333332,1.0133758764996905,downloads/official-1-1237/raw/api-0064.json,194b2840af3c2b3a4acdd0f940cdde145ac1a84f7fc6208ceea4976d5bacc84e
603,20140621,2,19,25,26,27,43,28,30,56276650000,1000,56276650,5,1,"[[19,25,26,27,28,43],[2,25,26,27,28,43],[2,19,26,27,28,43],[2,19,25,27,28,43],[2,19,25,26,28,43],[2,19,25,26,27,28]]","[5,5,5,5,5,6]",5.166666666666667,1.0333333333333332,0.72366247813258255,downloads/official-1-1237/raw/api-0064.json,194b2840af3c2b3a4acdd0f940cdde145ac1a84f7fc6208ceea4976d5bacc84e
604,20140628,2,6,18,21,33,34,30,36,56266399000,1000,56266399,4,1,"[[6,18,21,30,33,34],[2,18,21,30,33,34],[2,6,21,30,33,34],[2,6,18,30,33,34],[2,6,18,21,30,34],[2,6,18,21,30,33]]","[4,4,4,4,5,5]",4.333333333333333,0.19999999999999929,0.8685531839348738,downloads/official-1-1237/raw/api-0064.json,194b2840af3c2b3a4acdd0f940cdde145ac1a84f7fc6208ceea4976d5bacc84e
605,20140705,1,2,7,9,10,38,42,40,56622924000,1000,56622924,5,0,"[[2,7,9,10,38,42],[1,7,9,10,38,42],[1,2,9,10,38,42],[1,2,7,10,38,42],[1,2,7,9,38,42],[1,2,7,9,10,42]]","[4,4,4,4,4,5]",4.166666666666667,0.033333333333333215,0.95898261983079502,downloads/official-1-1237/raw/api-0064.json,194b2840af3c2b3a4acdd0f940cdde145ac1a84f7fc6208ceea4976d5bacc84e
606,20140712,1,5,6,14,20,39,22,44,56928896000,1000,56928896,5,1,"[[5,6,14,20,22,39],[1,6,14,20,22,39],[1,5,14,20,22,39],[1,5,6,20,22,39],[1,5,6,14,22,39],[1,5,6,14,20,22]]","[5,5,5,5,5,6]",5.166666666666667,1.0333333333333332,1.0492112827903777,downloads/official-1-1237/raw/api-0064.json,194b2840af3c2b3a4acdd0f940cdde145ac1a84f7fc6208ceea4976d5bacc84e
607,20140719,8,14,23,36,38,39,13,35,56806213000,1000,56806213,3,1,"[[13,14,23,36,38,39],[8,13,23,36,38,39],[8,13,14,36,38,39],[8,13,14,23,38,39],[8,13,14,23,36,39],[8,13,14,23,36,38]]","[3,3,3,4,4,4]",3.5,-0.63333333333333375,0.83640234915853306,downloads/official-1-1237/raw/api-0064.json,194b2840af3c2b3a4acdd0f940cdde145ac1a84f7fc6208ceea4976d5bacc84e
608,20140726,4,8,18,19,39,44,41,32,56146117000,1000,56146117,4,0,"[[8,18,19,39,41,44],[4,18,19,39,41,44],[4,8,19,39,41,44],[4,8,18,39,41,44],[4,8,18,19,41,44],[4,8,18,19,39,41]]","[3,3,3,3,4,4]",3.3333333333333335,-0.80000000000000027,0.77370123387161394,downloads/official-1-1237/raw/api-0063.json,60c2ff579323d17af910c5fe7a4445db97bc543cebb93673320b997e18acffa2
609,20140802,4,8,27,34,39,40,13,47,54858201000,1000,54858201,3,1,"[[8,13,27,34,39,40],[4,13,27,34,39,40],[4,8,13,34,39,40],[4,8,13,27,39,40],[4,8,13,27,34,40],[4,8,13,27,34,39]]","[3,3,3,4,4,4]",3.5,-0.63333333333333375,1.163052539765203,downloads/official-1-1237/raw/api-0063.json,60c2ff579323d17af910c5fe7a4445db97bc543cebb93673320b997e18acffa2
610,20140809,14,18,20,23,28,36,33,34,56862756000,1000,56862756,5,0,"[[18,20,23,28,33,36],[14,20,23,28,33,36],[14,18,23,28,33,36],[14,18,20,28,33,36],[14,18,20,23,33,36],[14,18,20,23,28,33]]","[4,4,4,4,4,5]",4.166666666666667,0.033333333333333215,0.81169720299874315,downloads/official-1-1237/raw/api-0063.json,60c2ff579323d17af910c5fe7a4445db97bc543cebb93673320b997e18acffa2
611,20140816,2,22,27,33,36,37,14,47,57411079000,1000,57411079,3,1,"[[14,22,27,33,36,37],[2,14,27,33,36,37],[2,14,22,33,36,37],[2,14,22,27,36,37],[2,14,22,27,33,37],[2,14,22,27,33,36]]","[3,3,3,4,4,4]",3.5,-0.63333333333333375,1.1113354967601288,downloads/official-1-1237/raw/api-0063.json,60c2ff579323d17af910c5fe7a4445db97bc543cebb93673320b997e18acffa2
612,20140823,6,9,18,19,25,33,40,59,56931314000,1000,56931314,5,0,"[[9,18,19,25,33,40],[6,18,19,25,33,40],[6,9,19,25,33,40],[6,9,18,25,33,40],[6,9,18,19,33,40],[6,9,18,19,25,40]]","[4,4,4,4,4,5]",4.166666666666667,0.033333333333333215,1.406837193323871,downloads/official-1-1237/raw/api-0063.json,60c2ff579323d17af910c5fe7a4445db97bc543cebb93673320b997e18acffa2
613,20140830,7,8,11,16,41,44,35,30,57986249000,1000,57986249,4,0,"[[8,11,16,35,41,44],[7,11,16,35,41,44],[7,8,16,35,41,44],[7,8,11,35,41,44],[7,8,11,16,35,44],[7,8,11,16,35,41]]","[3,3,3,3,4,4]",3.3333333333333335,-0.80000000000000027,0.7023268568380755,downloads/official-1-1237/raw/api-0063.json,60c2ff579323d17af910c5fe7a4445db97bc543cebb93673320b997e18acffa2
614,20140906,8,21,25,39,40,44,18,46,62301977000,1000,62301977,3,1,"[[18,21,25,39,40,44],[8,18,25,39,40,44],[8,18,21,39,40,44],[8,18,21,25,40,44],[8,18,21,25,39,44],[8,18,21,25,39,40]]","[3,3,3,4,4,4]",3.5,-0.63333333333333375,1.0023030248301752,downloads/official-1-1237/raw/api-0063.json,60c2ff579323d17af910c5fe7a4445db97bc543cebb93673320b997e18acffa2
615,20140913,10,17,18,19,23,27,35,31,59072378000,1000,59072378,6,0,"[[17,18,19,23,27,35],[10,18,19,23,27,35],[10,17,19,23,27,35],[10,17,18,23,27,35],[10,17,18,19,27,35],[10,17,18,19,23,35]]","[5,5,5,5,5,5]",5,0.86666666666666625,0.71239403973207238,downloads/official-1-1237/raw/api-0063.json,60c2ff579323d17af910c5fe7a4445db97bc543cebb93673320b997e18acffa2
616,20140920,5,13,18,23,40,45,3,49,60303360000,1000,60303360,4,1,"[[3,13,18,23,40,45],[3,5,18,23,40,45],[3,5,13,23,40,45],[3,5,13,18,40,45],[3,5,13,18,23,45],[3,5,13,18,23,40]]","[4,4,4,4,5,5]",4.333333333333333,0.19999999999999929,1.1030561149494822,downloads/official-1-1237/raw/api-0063.json,60c2ff579323d17af910c5fe7a4445db97bc543cebb93673320b997e18acffa2
617,20140927,4,5,11,12,24,27,28,43,58958123000,1000,58958123,6,1,"[[5,11,12,24,27,28],[4,11,12,24,27,28],[4,5,12,24,27,28],[4,5,11,24,27,28],[4,5,11,12,27,28],[4,5,11,12,24,28]]","[6,6,6,6,6,6]",6,1.8666666666666663,0.99007442960828318,downloads/official-1-1237/raw/api-0063.json,60c2ff579323d17af910c5fe7a4445db97bc543cebb93673320b997e18acffa2
618,20141004,8,16,25,30,42,43,15,45,58550803000,1000,58550803,4,1,"[[15,16,25,30,42,43],[8,15,25,30,42,43],[8,15,16,30,42,43],[8,15,16,25,42,43],[8,15,16,25,30,43],[8,15,16,25,30,42]]","[4,4,4,4,5,5]",4.333333333333333,0.19999999999999929,1.0433324031439841,downloads/official-1-1237/raw/api-0062.json,b82c0ae7be3f55fb63d2e0731c7bc9a967ece1d833e30cd804f41b8c626111d4
619,20141011,6,8,13,30,35,40,21,59,58822925000,1000,58822925,4,1,"[[8,13,21,30,35,40],[6,13,21,30,35,40],[6,8,21,30,35,40],[6,8,13,21,35,40],[6,8,13,21,30,40],[6,8,13,21,30,35]]","[4,4,4,4,5,5]",4.333333333333333,0.19999999999999929,1.3615965204042471,downloads/official-1-1237/raw/api-0062.json,b82c0ae7be3f55fb63d2e0731c7bc9a967ece1d833e30cd804f41b8c626111d4
620,20141018,2,16,17,32,39,45,40,44,58342777000,1000,58342777,3,0,"[[16,17,32,39,40,45],[2,17,32,39,40,45],[2,16,32,39,40,45],[2,16,17,39,40,45],[2,16,17,32,40,45],[2,16,17,32,39,40]]","[2,2,2,3,3,3]",2.5,-1.6333333333333337,1.0237846580391605,downloads/official-1-1237/raw/api-0062.json,b82c0ae7be3f55fb63d2e0731c7bc9a967ece1d833e30cd804f41b8c626111d4
621,20141025,1,2,6,16,19,42,9,62,59407216000,1000,59407216,5,1,"[[2,6,9,16,19,42],[1,6,9,16,19,42],[1,2,9,16,19,42],[1,2,6,9,19,42],[1,2,6,9,16,42],[1,2,6,9,16,19]]","[5,5,5,5,5,6]",5.166666666666667,1.0333333333333332,1.4167575198272211,downloads/official-1-1237/raw/api-0062.json,b82c0ae7be3f55fb63d2e0731c7bc9a967ece1d833e30cd804f41b8c626111d4
622,20141101,9,15,16,21,28,34,24,34,59601329000,1000,59601329,5,1,"[[15,16,21,24,28,34],[9,16,21,24,28,34],[9,15,21,24,28,34],[9,15,16,24,28,34],[9,15,16,21,24,34],[9,15,16,21,24,28]]","[5,5,5,5,5,6]",5.166666666666667,1.0333333333333332,0.77440118826880522,downloads/official-1-1237/raw/api-0062.json,b82c0ae7be3f55fb63d2e0731c7bc9a967ece1d833e30cd804f41b8c626111d4
623,20141108,7,13,30,39,41,45,25,35,58504142000,1000,58504142,3,1,"[[13,25,30,39,41,45],[7,25,30,39,41,45],[7,13,25,39,41,45],[7,13,25,30,41,45],[7,13,25,30,39,45],[7,13,25,30,39,41]]","[3,3,3,4,4,4]",3.5,-0.63333333333333375,0.81212796864878389,downloads/official-1-1237/raw/api-0062.json,b82c0ae7be3f55fb63d2e0731c7bc9a967ece1d833e30cd804f41b8c626111d4
624,20141115,1,7,19,26,27,35,16,61,57832726000,1000,57832726,5,1,"[[7,16,19,26,27,35],[1,16,19,26,27,35],[1,7,16,26,27,35],[1,7,16,19,27,35],[1,7,16,19,26,35],[1,7,16,19,26,27]]","[5,5,5,5,5,6]",5.166666666666667,1.0333333333333332,1.4318555552785113,downloads/official-1-1237/raw/api-0062.json,b82c0ae7be3f55fb63d2e0731c7bc9a967ece1d833e30cd804f41b8c626111d4
625,20141122,3,6,7,20,21,39,13,45,58614979000,1000,58614979,5,1,"[[6,7,13,20,21,39],[3,7,13,20,21,39],[3,6,13,20,21,39],[3,6,7,13,21,39],[3,6,7,13,20,39],[3,6,7,13,20,21]]","[5,5,5,5,5,6]",5.166666666666667,1.0333333333333332,1.0421900859164344,downloads/official-1-1237/raw/api-0062.json,b82c0ae7be3f55fb63d2e0731c7bc9a967ece1d833e30cd804f41b8c626111d4
626,20141129,13,14,26,33,40,43,15,45,58986187000,1000,58986187,3,1,"[[14,15,26,33,40,43],[13,15,26,33,40,43],[13,14,15,33,40,43],[13,14,15,26,40,43],[13,14,15,26,33,43],[13,14,15,26,33,40]]","[3,3,3,4,4,4]",3.5,-0.63333333333333375,1.0356314436801959,downloads/official-1-1237/raw/api-0062.json,b82c0ae7be3f55fb63d2e0731c7bc9a967ece1d833e30cd804f41b8c626111d4
627,20141206,2,9,22,25,31,45,12,35,55981334000,1000,55981334,5,1,"[[9,12,22,25,31,45],[2,12,22,25,31,45],[2,9,12,25,31,45],[2,9,12,22,31,45],[2,9,12,22,25,45],[2,9,12,22,25,31]]","[5,5,5,5,5,6]",5.166666666666667,1.0333333333333332,0.8487266487790377,downloads/official-1-1237/raw/api-0062.json,b82c0ae7be3f55fb63d2e0731c7bc9a967ece1d833e30cd804f41b8c626111d4
628,20141213,1,7,12,15,23,42,11,37,57253109000,1000,57253109,5,1,"[[7,11,12,15,23,42],[1,11,12,15,23,42],[1,7,11,15,23,42],[1,7,11,12,23,42],[1,7,11,12,15,42],[1,7,11,12,15,23]]","[5,5,5,5,5,6]",5.166666666666667,1.0333333333333332,0.87729506532125623,downloads/official-1-1237/raw/api-0061.json,beeb3b62aa99387567d5ed5fe49d76bb67a47e6061d2779971474e4b382c8464
629,20141220,19,28,31,38,43,44,1,34,57618701000,1000,57618701,3,1,"[[1,28,31,38,43,44],[1,19,31,38,43,44],[1,19,28,38,43,44],[1,19,28,31,43,44],[1,19,28,31,38,44],[1,19,28,31,38,43]]","[3,3,3,4,4,4]",3.5,-0.63333333333333375,0.80104790977498785,downloads/official-1-1237/raw/api-0061.json,beeb3b62aa99387567d5ed5fe49d76bb67a47e6061d2779971474e4b382c8464
630,20141227,8,17,21,24,27,31,15,48,61335894000,1000,61335894,6,1,"[[15,17,21,24,27,31],[8,15,21,24,27,31],[8,15,17,24,27,31],[8,15,17,21,27,31],[8,15,17,21,24,31],[8,15,17,21,24,27]]","[6,6,6,6,6,6]",6,1.8666666666666663,1.0623547771228377,downloads/official-1-1237/raw/api-0061.json,beeb3b62aa99387567d5ed5fe49d76bb67a47e6061d2779971474e4b382c8464
631,20150103,1,2,4,23,31,34,8,46,65300621000,1000,65300621,5,1,"[[2,4,8,23,31,34],[1,4,8,23,31,34],[1,2,8,23,31,34],[1,2,4,8,31,34],[1,2,4,8,23,34],[1,2,4,8,23,31]]","[5,5,5,5,5,6]",5.166666666666667,1.0333333333333332,0.95627666389267574,downloads/official-1-1237/raw/api-0061.json,beeb3b62aa99387567d5ed5fe49d76bb67a47e6061d2779971474e4b382c8464
632,20150110,15,18,21,32,35,44,6,52,63066603000,1000,63066603,3,1,"[[6,18,21,32,35,44],[6,15,21,32,35,44],[6,15,18,32,35,44],[6,15,18,21,35,44],[6,15,18,21,32,44],[6,15,18,21,32,35]]","[3,3,3,4,4,4]",3.5,-0.63333333333333375,1.1193011299498723,downloads/official-1-1237/raw/api-0061.json,beeb3b62aa99387567d5ed5fe49d76bb67a47e6061d2779971474e4b382c8464
633,20150117,9,12,19,20,39,41,13,47,62015797000,1000,62015797,4,1,"[[12,13,19,20,39,41],[9,13,19,20,39,41],[9,12,13,20,39,41],[9,12,13,19,39,41],[9,12,13,19,20,41],[9,12,13,19,20,39]]","[4,4,4,4,5,5]",4.333333333333333,0.19999999999999929,1.0288180284129864,downloads/official-1-1237/raw/api-0061.json,beeb3b62aa99387567d5ed5fe49d76bb67a47e6061d2779971474e4b382c8464
634,20150124,4,10,11,12,20,27,38,54,63149567000,1000,63149567,6,0,"[[10,11,12,20,27,38],[4,11,12,20,27,38],[4,10,12,20,27,38],[4,10,11,20,27,38],[4,10,11,12,27,38],[4,10,11,12,20,38]]","[5,5,5,5,5,5]",5,0.86666666666666625,1.1608241114305662,downloads/official-1-1237/raw/api-0061.json,beeb3b62aa99387567d5ed5fe49d76bb67a47e6061d2779971474e4b382c8464
635,20150131,11,13,25,26,29,33,32,35,62429621000,1000,62429621,5,0,"[[13,25,26,29,32,33],[11,25,26,29,32,33],[11,13,26,29,32,33],[11,13,25,29,32,33],[11,13,25,26,32,33],[11,13,25,26,29,32]]","[4,4,4,4,4,5]",4.166666666666667,0.033333333333333215,0.76106260520146363,downloads/official-1-1237/raw/api-0061.json,beeb3b62aa99387567d5ed5fe49d76bb67a47e6061d2779971474e4b382c8464
636,20150207,6,7,15,16,20,31,26,44,62786394000,1000,62786394,6,1,"[[7,15,16,20,26,31],[6,15,16,20,26,31],[6,7,16,20,26,31],[6,7,15,20,26,31],[6,7,15,16,26,31],[6,7,15,16,20,26]]","[6,6,6,6,6,6]",6,1.8666666666666663,0.95132776696811094,downloads/official-1-1237/raw/api-0061.json,beeb3b62aa99387567d5ed5fe49d76bb67a47e6061d2779971474e4b382c8464
637,20150214,3,16,22,37,38,44,23,45,63504865000,1000,63504865,3,1,"[[16,22,23,37,38,44],[3,22,23,37,38,44],[3,16,23,37,38,44],[3,16,22,23,38,44],[3,16,22,23,37,44],[3,16,22,23,37,38]]","[3,3,3,4,4,4]",3.5,-0.63333333333333375,0.96194126229541621,downloads/official-1-1237/raw/api-0061.json,beeb3b62aa99387567d5ed5fe49d76bb67a47e6061d2779971474e4b382c8464
638,20150221,7,18,22,24,31,34,6,41,64319586000,1000,64319586,5,1,"[[6,18,22,24,31,34],[6,7,22,24,31,34],[6,7,18,24,31,34],[6,7,18,22,31,34],[6,7,18,22,24,34],[6,7,18,22,24,31]]","[5,5,5,5,5,6]",5.166666666666667,1.0333333333333332,0.86533377251526467,downloads/official-1-1237/raw/api-0060.json,3ece4d5e22b3f4d2e693d2738612b0ee8fcde4c90a0d1bf8a82f5b6254cf1a8f
639,20150228,6,15,22,23,25,32,40,45,66202599000,1000,66202599,5,0,"[[15,22,23,25,32,40],[6,22,23,25,32,40],[6,15,23,25,32,40],[6,15,22,25,32,40],[6,15,22,23,32,40],[6,15,22,23,25,40]]","[4,4,4,4,4,5]",4.166666666666667,0.033333333333333215,0.92274247420407163,downloads/official-1-1237/raw/api-0060.json,3ece4d5e22b3f4d2e693d2738612b0ee8fcde4c90a0d1bf8a82f5b6254cf1a8f
640,20150307,14,15,18,21,26,35,23,48,64080502000,1000,64080502,5,1,"[[15,18,21,23,26,35],[14,18,21,23,26,35],[14,15,21,23,26,35],[14,15,18,23,26,35],[14,15,18,21,23,35],[14,15,18,21,23,26]]","[5,5,5,5,5,6]",5.166666666666667,1.0333333333333332,1.0168534572341521,downloads/official-1-1237/raw/api-0060.json,3ece4d5e22b3f4d2e693d2738612b0ee8fcde4c90a0d1bf8a82f5b6254cf1a8f
641,20150314,11,18,21,36,37,43,12,50,63773134000,1000,63773134,3,1,"[[12,18,21,36,37,43],[11,12,21,36,37,43],[11,12,18,36,37,43],[11,12,18,21,37,43],[11,12,18,21,36,43],[11,12,18,21,36,37]]","[3,3,3,4,4,4]",3.5,-0.63333333333333375,1.0643274956504412,downloads/official-1-1237/raw/api-0060.json,3ece4d5e22b3f4d2e693d2738612b0ee8fcde4c90a0d1bf8a82f5b6254cf1a8f
642,20150321,8,17,18,24,39,45,32,62,63544224000,1000,63544224,4,0,"[[17,18,24,32,39,45],[8,18,24,32,39,45],[8,17,24,32,39,45],[8,17,18,32,39,45],[8,17,18,24,32,45],[8,17,18,24,32,39]]","[3,3,3,3,4,4]",3.3333333333333335,-0.80000000000000027,1.3245203844176301,downloads/official-1-1237/raw/api-0060.json,3ece4d5e22b3f4d2e693d2738612b0ee8fcde4c90a0d1bf8a82f5b6254cf1a8f
643,20150328,15,24,31,32,33,40,13,43,63110068000,1000,63110068,3,1,"[[13,24,31,32,33,40],[13,15,31,32,33,40],[13,15,24,32,33,40],[13,15,24,31,33,40],[13,15,24,31,32,40],[13,15,24,31,32,33]]","[3,3,3,4,4,4]",3.5,-0.63333333333333375,0.92493847415914687,downloads/official-1-1237/raw/api-0060.json,3ece4d5e22b3f4d2e693d2738612b0ee8fcde4c90a0d1bf8a82f5b6254cf1a8f
644,20150404,5,13,17,23,28,36,8,49,61846599000,1000,61846599,5,1,"[[8,13,17,23,28,36],[5,8,17,23,28,36],[5,8,13,23,28,36],[5,8,13,17,28,36],[5,8,13,17,23,36],[5,8,13,17,23,28]]","[5,5,5,5,5,6]",5.166666666666667,1.0333333333333332,1.075531897881725,downloads/official-1-1237/raw/api-0060.json,3ece4d5e22b3f4d2e693d2738612b0ee8fcde4c90a0d1bf8a82f5b6254cf1a8f
645,20150411,1,4,16,26,40,41,31,28,62661756000,1000,62661756,4,1,"[[4,16,26,31,40,41],[1,16,26,31,40,41],[1,4,26,31,40,41],[1,4,16,31,40,41],[1,4,16,26,31,41],[1,4,16,26,31,40]]","[4,4,4,4,5,5]",4.333333333333333,0.19999999999999929,0.60659455505843152,downloads/official-1-1237/raw/api-0060.json,3ece4d5e22b3f4d2e693d2738612b0ee8fcde4c90a0d1bf8a82f5b6254cf1a8f
646,20150418,2,9,24,41,43,45,30,36,62308090000,1000,62308090,3,1,"[[9,24,30,41,43,45],[2,24,30,41,43,45],[2,9,30,41,43,45],[2,9,24,30,43,45],[2,9,24,30,41,45],[2,9,24,30,41,43]]","[3,3,3,4,4,4]",3.5,-0.63333333333333375,0.7843341049292315,downloads/official-1-1237/raw/api-0060.json,3ece4d5e22b3f4d2e693d2738612b0ee8fcde4c90a0d1bf8a82f5b6254cf1a8f
647,20150425,5,16,21,23,24,30,29,44,62314338000,1000,62314338,6,1,"[[16,21,23,24,29,30],[5,21,23,24,29,30],[5,16,23,24,29,30],[5,16,21,24,29,30],[5,16,21,23,29,30],[5,16,21,23,24,29]]","[6,6,6,6,6,6]",6,1.8666666666666663,0.95853445478310306,downloads/official-1-1237/raw/api-0060.json,3ece4d5e22b3f4d2e693d2738612b0ee8fcde4c90a0d1bf8a82f5b6254cf1a8f
648,20150502,13,19,28,37,38,43,4,45,60874405000,1000,60874405,3,1,"[[4,19,28,37,38,43],[4,13,28,37,38,43],[4,13,19,37,38,43],[4,13,19,28,38,43],[4,13,19,28,37,43],[4,13,19,28,37,38]]","[3,3,3,4,4,4]",3.5,-0.63333333333333375,1.0035079603652799,downloads/official-1-1237/raw/api-0059.json,59226054c9fa8455c2c473f121bd6c7ad4eae7d138030cb877e310057ddead81
649,20150509,3,21,22,33,41,42,20,45,60473178000,1000,60473178,3,1,"[[20,21,22,33,41,42],[3,20,22,33,41,42],[3,20,21,33,41,42],[3,20,21,22,41,42],[3,20,21,22,33,42],[3,20,21,22,33,41]]","[3,3,3,4,4,4]",3.5,-0.63333333333333375,1.0101660276560958,downloads/official-1-1237/raw/api-0059.json,59226054c9fa8455c2c473f121bd6c7ad4eae7d138030cb877e310057ddead81
650,20150516,3,4,7,11,31,41,35,45,60991082000,1000,60991082,5,0,"[[4,7,11,31,35,41],[3,7,11,31,35,41],[3,4,11,31,35,41],[3,4,7,31,35,41],[3,4,7,11,35,41],[3,4,7,11,31,35]]","[4,4,4,4,4,5]",4.166666666666667,0.033333333333333215,1.0015882321943395,downloads/official-1-1237/raw/api-0059.json,59226054c9fa8455c2c473f121bd6c7ad4eae7d138030cb877e310057ddead81
651,20150523,11,12,16,26,29,44,18,35,61494891000,1000,61494891,5,1,"[[12,16,18,26,29,44],[11,16,18,26,29,44],[11,12,18,26,29,44],[11,12,16,18,29,44],[11,12,16,18,26,44],[11,12,16,18,26,29]]","[5,5,5,5,5,6]",5.166666666666667,1.0333333333333332,0.77263085156131095,downloads/official-1-1237/raw/api-0059.json,59226054c9fa8455c2c473f121bd6c7ad4eae7d138030cb877e310057ddead81
652,20150530,3,13,15,40,41,44,20,36,60426977000,1000,60426977,3,1,"[[13,15,20,40,41,44],[3,15,20,40,41,44],[3,13,20,40,41,44],[3,13,15,20,41,44],[3,13,15,20,40,44],[3,13,15,20,40,41]]","[3,3,3,4,4,4]",3.5,-0.63333333333333375,0.80875070086660139,downloads/official-1-1237/raw/api-0059.json,59226054c9fa8455c2c473f121bd6c7ad4eae7d138030cb877e310057ddead81
653,20150606,5,6,26,27,38,39,1,56,59716037000,1000,59716037,4,1,"[[1,6,26,27,38,39],[1,5,26,27,38,39],[1,5,6,27,38,39],[1,5,6,26,38,39],[1,5,6,26,27,39],[1,5,6,26,27,38]]","[4,4,4,4,5,5]",4.333333333333333,0.19999999999999929,1.2730342437158044,downloads/official-1-1237/raw/api-0059.json,59226054c9fa8455c2c473f121bd6c7ad4eae7d138030cb877e310057ddead81
654,20150613,16,21,26,31,36,43,6,69,60697813000,1000,60697813,4,1,"[[6,21,26,31,36,43],[6,16,26,31,36,43],[6,16,21,31,36,43],[6,16,21,26,36,43],[6,16,21,26,31,43],[6,16,21,26,31,36]]","[4,4,4,4,5,5]",4.333333333333333,0.19999999999999929,1.5431888789798736,downloads/official-1-1237/raw/api-0059.json,59226054c9fa8455c2c473f121bd6c7ad4eae7d138030cb877e310057ddead81
655,20150620,7,37,38,39,40,44,18,41,60434801000,1000,60434801,1,1,"[[18,37,38,39,40,44],[7,18,38,39,40,44],[7,18,37,39,40,44],[7,18,37,38,40,44],[7,18,37,38,39,44],[7,18,37,38,39,40]]","[1,2,2,2,2,2]",1.8333333333333333,-2.3000000000000007,0.92095794275884191,downloads/official-1-1237/raw/api-0059.json,59226054c9fa8455c2c473f121bd6c7ad4eae7d138030cb877e310057ddead81
656,20150627,3,7,14,16,31,40,39,48,61328118000,1000,61328118,5,0,"[[7,14,16,31,39,40],[3,14,16,31,39,40],[3,7,16,31,39,40],[3,7,14,31,39,40],[3,7,14,16,39,40],[3,7,14,16,31,39]]","[4,4,4,4,4,5]",4.166666666666667,0.033333333333333215,1.062489476686697,downloads/official-1-1237/raw/api-0059.json,59226054c9fa8455c2c473f121bd6c7ad4eae7d138030cb877e310057ddead81
657,20150704,10,14,19,39,40,43,23,52,61769837000,1000,61769837,3,1,"[[14,19,23,39,40,43],[10,19,23,39,40,43],[10,14,23,39,40,43],[10,14,19,23,40,43],[10,14,19,23,39,43],[10,14,19,23,39,40]]","[3,3,3,4,4,4]",3.5,-0.63333333333333375,1.1427991950181122,downloads/official-1-1237/raw/api-0059.json,59226054c9fa8455c2c473f121bd6c7ad4eae7d138030cb877e310057ddead81
658,20150711,8,19,25,28,32,36,37,38,61131243000,1000,61131243,4,0,"[[19,25,28,32,36,37],[8,25,28,32,36,37],[8,19,28,32,36,37],[8,19,25,32,36,37],[8,19,25,28,36,37],[8,19,25,28,32,37]]","[3,3,3,3,4,4]",3.3333333333333335,-0.80000000000000027,0.8438464109097209,downloads/official-1-1237/raw/api-0058.json,5a4b06fcdffd5d61612a00ea8f1444d25f367b086e9528c2baa694af62588419
659,20150718,7,18,19,27,29,42,45,40,61677747000,1000,61677747,5,0,"[[18,19,27,29,42,45],[7,19,27,29,42,45],[7,18,27,29,42,45],[7,18,19,29,42,45],[7,18,19,27,42,45],[7,18,19,27,29,45]]","[4,4,4,4,4,5]",4.166666666666667,0.033333333333333215,0.88038883780887778,downloads/official-1-1237/raw/api-0058.json,5a4b06fcdffd5d61612a00ea8f1444d25f367b086e9528c2baa694af62588419
660,20150725,4,9,23,33,39,44,14,48,60813322000,1000,60813322,3,1,"[[9,14,23,33,39,44],[4,14,23,33,39,44],[4,9,14,33,39,44],[4,9,14,23,39,44],[4,9,14,23,33,44],[4,9,14,23,33,39]]","[3,3,3,4,4,4]",3.5,-0.63333333333333375,1.0714836462971058,downloads/official-1-1237/raw/api-0058.json,5a4b06fcdffd5d61612a00ea8f1444d25f367b086e9528c2baa694af62588419
661,20150801,2,3,12,20,27,38,40,63,59597375000,1000,59597375,5,0,"[[3,12,20,27,38,40],[2,12,20,27,38,40],[2,3,20,27,38,40],[2,3,12,27,38,40],[2,3,12,20,38,40],[2,3,12,20,27,40]]","[4,4,4,4,4,5]",4.166666666666667,0.033333333333333215,1.4350150489010631,downloads/official-1-1237/raw/api-0058.json,5a4b06fcdffd5d61612a00ea8f1444d25f367b086e9528c2baa694af62588419
662,20150808,5,6,9,11,15,37,26,43,59164542000,1000,59164542,5,1,"[[6,9,11,15,26,37],[5,9,11,15,26,37],[5,6,11,15,26,37],[5,6,9,15,26,37],[5,6,9,11,26,37],[5,6,9,11,15,26]]","[5,5,5,5,5,6]",5.166666666666667,1.0333333333333332,0.98662016178541534,downloads/official-1-1237/raw/api-0058.json,5a4b06fcdffd5d61612a00ea8f1444d25f367b086e9528c2baa694af62588419
663,20150815,3,5,8,19,38,42,20,60,61100704000,1000,61100704,4,1,"[[5,8,19,20,38,42],[3,8,19,20,38,42],[3,5,19,20,38,42],[3,5,8,20,38,42],[3,5,8,19,20,42],[3,5,8,19,20,38]]","[4,4,4,4,5,5]",4.333333333333333,0.19999999999999929,1.3330550168456323,downloads/official-1-1237/raw/api-0058.json,5a4b06fcdffd5d61612a00ea8f1444d25f367b086e9528c2baa694af62588419
664,20150822,10,20,33,36,41,44,5,44,61921689000,1000,61921689,2,1,"[[5,20,33,36,41,44],[5,10,33,36,41,44],[5,10,20,36,41,44],[5,10,20,33,41,44],[5,10,20,33,36,44],[5,10,20,33,36,41]]","[2,2,3,3,3,3]",2.6666666666666665,-1.4666666666666672,0.96461257702450587,downloads/official-1-1237/raw/api-0058.json,5a4b06fcdffd5d61612a00ea8f1444d25f367b086e9528c2baa694af62588419
665,20150829,5,6,11,17,38,44,13,30,61885874000,1000,61885874,4,1,"[[6,11,13,17,38,44],[5,11,13,17,38,44],[5,6,13,17,38,44],[5,6,11,13,38,44],[5,6,11,13,17,44],[5,6,11,13,17,38]]","[4,4,4,4,5,5]",4.333333333333333,0.19999999999999929,0.65807101633565035,downloads/official-1-1237/raw/api-0058.json,5a4b06fcdffd5d61612a00ea8f1444d25f367b086e9528c2baa694af62588419
666,20150905,2,4,6,11,17,28,16,47,62652917000,1000,62652917,6,1,"[[4,6,11,16,17,28],[2,6,11,16,17,28],[2,4,11,16,17,28],[2,4,6,16,17,28],[2,4,6,11,16,28],[2,4,6,11,16,17]]","[6,6,6,6,6,6]",6,1.8666666666666663,1.0183559370428037,downloads/official-1-1237/raw/api-0058.json,5a4b06fcdffd5d61612a00ea8f1444d25f367b086e9528c2baa694af62588419
667,20150912,15,17,25,37,42,43,13,40,63421632000,1000,63421632,3,1,"[[13,17,25,37,42,43],[13,15,25,37,42,43],[13,15,17,37,42,43],[13,15,17,25,42,43],[13,15,17,25,37,43],[13,15,17,25,37,42]]","[3,3,3,4,4,4]",3.5,-0.63333333333333375,0.85618105822316271,downloads/official-1-1237/raw/api-0058.json,5a4b06fcdffd5d61612a00ea8f1444d25f367b086e9528c2baa694af62588419
668,20150919,12,14,15,24,27,32,3,56,63346405000,1000,63346405,5,1,"[[3,14,15,24,27,32],[3,12,15,24,27,32],[3,12,14,24,27,32],[3,12,14,15,27,32],[3,12,14,15,24,32],[3,12,14,15,24,27]]","[5,5,5,5,5,6]",5.166666666666667,1.0333333333333332,1.20007694201431,downloads/official-1-1237/raw/api-0057.json,5dc44b3fe495c23f7b67deadb258fd203af82861f23f76e56378d295f6d4f9cf
669,20150926,7,8,20,29,33,38,9,52,67952211000,1000,67952211,4,1,"[[8,9,20,29,33,38],[7,9,20,29,33,38],[7,8,9,29,33,38],[7,8,9,20,33,38],[7,8,9,20,29,38],[7,8,9,20,29,33]]","[4,4,4,4,5,5]",4.333333333333333,0.19999999999999929,1.0388259478414912,downloads/official-1-1237/raw/api-0057.json,5dc44b3fe495c23f7b67deadb258fd203af82861f23f76e56378d295f6d4f9cf
670,20151003,11,18,26,27,40,41,25,39,62242687000,1000,62242687,4,1,"[[18,25,26,27,40,41],[11,25,26,27,40,41],[11,18,25,27,40,41],[11,18,25,26,40,41],[11,18,25,26,27,41],[11,18,25,26,27,40]]","[4,4,4,4,5,5]",4.333333333333333,0.19999999999999929,0.85058811808686863,downloads/official-1-1237/raw/api-0057.json,5dc44b3fe495c23f7b67deadb258fd203af82861f23f76e56378d295f6d4f9cf
671,20151010,7,9,10,13,31,35,24,48,63940807000,1000,63940807,5,1,"[[9,10,13,24,31,35],[7,10,13,24,31,35],[7,9,13,24,31,35],[7,9,10,24,31,35],[7,9,10,13,24,35],[7,9,10,13,24,31]]","[5,5,5,5,5,6]",5.166666666666667,1.0333333333333332,1.0190750329441416,downloads/official-1-1237/raw/api-0057.json,5dc44b3fe495c23f7b67deadb258fd203af82861f23f76e56378d295f6d4f9cf
672,20151017,8,21,28,31,36,45,43,46,63542330000,1000,63542330,4,0,"[[21,28,31,36,43,45],[8,28,31,36,43,45],[8,21,31,36,43,45],[8,21,28,36,43,45],[8,21,28,31,43,45],[8,21,28,31,36,43]]","[3,3,3,3,4,4]",3.3333333333333335,-0.80000000000000027,0.98273796381089584,downloads/official-1-1237/raw/api-0057.json,5dc44b3fe495c23f7b67deadb258fd203af82861f23f76e56378d295f6d4f9cf
673,20151024,7,10,17,29,33,44,5,35,63163578000,1000,63163578,4,1,"[[5,10,17,29,33,44],[5,7,17,29,33,44],[5,7,10,29,33,44],[5,7,10,17,33,44],[5,7,10,17,29,44],[5,7,10,17,29,33]]","[4,4,4,4,5,5]",4.333333333333333,0.19999999999999929,0.75221910323066243,downloads/official-1-1237/raw/api-0057.json,5dc44b3fe495c23f7b67deadb258fd203af82861f23f76e56378d295f6d4f9cf
674,20151031,9,10,14,25,27,31,11,48,61386974000,1000,61386974,6,1,"[[10,11,14,25,27,31],[9,11,14,25,27,31],[9,10,11,25,27,31],[9,10,11,14,27,31],[9,10,11,14,25,31],[9,10,11,14,25,27]]","[6,6,6,6,6,6]",6,1.8666666666666663,1.0614707934618182,downloads/official-1-1237/raw/api-0057.json,5dc44b3fe495c23f7b67deadb258fd203af82861f23f76e56378d295f6d4f9cf
675,20151107,1,8,11,15,18,45,7,65,60458623000,1000,60458623,5,1,"[[7,8,11,15,18,45],[1,7,11,15,18,45],[1,7,8,15,18,45],[1,7,8,11,18,45],[1,7,8,11,15,45],[1,7,8,11,15,18]]","[5,5,5,5,5,6]",5.166666666666667,1.0333333333333332,1.4594799818712378,downloads/official-1-1237/raw/api-0057.json,5dc44b3fe495c23f7b67deadb258fd203af82861f23f76e56378d295f6d4f9cf
676,20151114,1,8,17,34,39,45,27,63,62147642000,1000,62147642,3,1,"[[8,17,27,34,39,45],[1,17,27,34,39,45],[1,8,27,34,39,45],[1,8,17,27,39,45],[1,8,17,27,34,45],[1,8,17,27,34,39]]","[3,3,3,4,4,4]",3.5,-0.63333333333333375,1.3761283171451621,downloads/official-1-1237/raw/api-0057.json,5dc44b3fe495c23f7b67deadb258fd203af82861f23f76e56378d295f6d4f9cf
677,20151121,12,15,24,36,41,44,42,37,62267624000,1000,62267624,3,0,"[[15,24,36,41,42,44],[12,24,36,41,42,44],[12,15,36,41,42,44],[12,15,24,41,42,44],[12,15,24,36,42,44],[12,15,24,36,41,42]]","[2,2,2,3,3,3]",2.5,-1.6333333333333337,0.80664503916192465,downloads/official-1-1237/raw/api-0057.json,5dc44b3fe495c23f7b67deadb258fd203af82861f23f76e56378d295f6d4f9cf
678,20151128,4,5,6,12,25,37,45,41,60887293000,1000,60887293,5,0,"[[5,6,12,25,37,45],[4,6,12,25,37,45],[4,5,12,25,37,45],[4,5,6,25,37,45],[4,5,6,12,37,45],[4,5,6,12,25,45]]","[4,4,4,4,4,5]",4.166666666666667,0.033333333333333215,0.91411372156091752,downloads/official-1-1237/raw/api-0056.json,230ba62e6f538627cfe7c85abc3729cd9652c68dd9b98f8e7a27cf91ea662dbd
679,20151205,3,5,7,14,26,34,35,54,62220918000,1000,62220918,5,0,"[[5,7,14,26,34,35],[3,7,14,26,34,35],[3,5,14,26,34,35],[3,5,7,26,34,35],[3,5,7,14,34,35],[3,5,7,14,26,35]]","[4,4,4,4,4,5]",4.166666666666667,0.033333333333333215,1.1781494448538994,downloads/official-1-1237/raw/api-0056.json,230ba62e6f538627cfe7c85abc3729cd9652c68dd9b98f8e7a27cf91ea662dbd
680,20151212,4,10,19,29,32,42,30,44,64245201000,1000,64245201,4,1,"[[10,19,29,30,32,42],[4,19,29,30,32,42],[4,10,29,30,32,42],[4,10,19,30,32,42],[4,10,19,29,30,42],[4,10,19,29,30,32]]","[4,4,4,4,5,5]",4.333333333333333,0.19999999999999929,0.92972609736250966,downloads/official-1-1237/raw/api-0056.json,230ba62e6f538627cfe7c85abc3729cd9652c68dd9b98f8e7a27cf91ea662dbd
681,20151219,21,24,27,29,43,44,7,37,63268253000,1000,63268253,4,1,"[[7,24,27,29,43,44],[7,21,27,29,43,44],[7,21,24,29,43,44],[7,21,24,27,43,44],[7,21,24,27,29,44],[7,21,24,27,29,43]]","[4,4,4,4,5,5]",4.333333333333333,0.19999999999999929,0.79388741775436722,downloads/official-1-1237/raw/api-0056.json,230ba62e6f538627cfe7c85abc3729cd9652c68dd9b98f8e7a27cf91ea662dbd
682,20151226,17,23,27,35,38,43,2,56,66757858000,1000,66757858,3,1,"[[2,23,27,35,38,43],[2,17,27,35,38,43],[2,17,23,35,38,43],[2,17,23,27,38,43],[2,17,23,27,35,43],[2,17,23,27,35,38]]","[3,3,3,4,4,4]",3.5,-0.63333333333333375,1.1387507370293397,downloads/official-1-1237/raw/api-0056.json,230ba62e6f538627cfe7c85abc3729cd9652c68dd9b98f8e7a27cf91ea662dbd
683,20160102,6,13,20,27,28,40,15,45,71940091000,1000,71940091,5,1,"[[13,15,20,27,28,40],[6,15,20,27,28,40],[6,13,15,27,28,40],[6,13,15,20,28,40],[6,13,15,20,27,40],[6,13,15,20,27,28]]","[5,5,5,5,5,6]",5.166666666666667,1.0333333333333332,0.84915030202005171,downloads/official-1-1237/raw/api-0056.json,230ba62e6f538627cfe7c85abc3729cd9652c68dd9b98f8e7a27cf91ea662dbd
684,20160109,1,11,15,17,25,39,40,62,66623887000,1000,66623887,5,0,"[[11,15,17,25,39,40],[1,15,17,25,39,40],[1,11,17,25,39,40],[1,11,15,25,39,40],[1,11,15,17,39,40],[1,11,15,17,25,40]]","[4,4,4,4,4,5]",4.166666666666667,0.033333333333333215,1.2632949500529742,downloads/official-1-1237/raw/api-0056.json,230ba62e6f538627cfe7c85abc3729cd9652c68dd9b98f8e7a27cf91ea662dbd
685,20160116,6,7,12,28,38,40,18,52,69126675000,1000,69126675,4,1,"[[7,12,18,28,38,40],[6,12,18,28,38,40],[6,7,18,28,38,40],[6,7,12,18,38,40],[6,7,12,18,28,40],[6,7,12,18,28,38]]","[4,4,4,4,5,5]",4.333333333333333,0.19999999999999929,1.0211762680614973,downloads/official-1-1237/raw/api-0056.json,230ba62e6f538627cfe7c85abc3729cd9652c68dd9b98f8e7a27cf91ea662dbd
686,20160123,7,12,15,24,25,43,13,36,65274010000,1000,65274010,5,1,"[[12,13,15,24,25,43],[7,13,15,24,25,43],[7,12,13,24,25,43],[7,12,13,15,25,43],[7,12,13,15,24,43],[7,12,13,15,24,25]]","[5,5,5,5,5,6]",5.166666666666667,1.0333333333333332,0.7486955374734906,downloads/official-1-1237/raw/api-0056.json,230ba62e6f538627cfe7c85abc3729cd9652c68dd9b98f8e7a27cf91ea662dbd
687,20160130,1,8,10,13,28,42,45,38,68044669000,1000,68044669,5,0,"[[8,10,13,28,42,45],[1,10,13,28,42,45],[1,8,13,28,42,45],[1,8,10,28,42,45],[1,8,10,13,42,45],[1,8,10,13,28,45]]","[4,4,4,4,4,5]",4.166666666666667,0.033333333333333215,0.75811052883510976,downloads/official-1-1237/raw/api-0056.json,230ba62e6f538627cfe7c85abc3729cd9652c68dd9b98f8e7a27cf91ea662dbd
688,20160206,5,15,22,23,34,35,2,53,73095612000,1000,73095612,4,1,"[[2,15,22,23,34,35],[2,5,22,23,34,35],[2,5,15,23,34,35],[2,5,15,22,34,35],[2,5,15,22,23,35],[2,5,15,22,23,34]]","[4,4,4,4,5,5]",4.333333333333333,0.19999999999999929,0.98430026141651294,downloads/official-1-1237/raw/api-0055.json,6494ee6b0b056d6aed826a2964cf837693ead93d84f4dd5f9121f7cec28976df
689,20160213,7,17,19,30,36,38,34,44,67460147000,1000,67460147,4,0,"[[17,19,30,34,36,38],[7,19,30,34,36,38],[7,17,30,34,36,38],[7,17,19,34,36,38],[7,17,19,30,34,38],[7,17,19,30,34,36]]","[3,3,3,3,4,4]",3.3333333333333335,-0.80000000000000027,0.88541817141311596,downloads/official-1-1237/raw/api-0055.json,6494ee6b0b056d6aed826a2964cf837693ead93d84f4dd5f9121f7cec28976df
690,20160220,24,25,33,34,38,39,43,34,69142025000,1000,69142025,2,0,"[[25,33,34,38,39,43],[24,33,34,38,39,43],[24,25,34,38,39,43],[24,25,33,38,39,43],[24,25,33,34,39,43],[24,25,33,34,38,43]]","[1,1,2,2,2,2]",1.6666666666666667,-2.4666666666666668,0.6675439430650173,downloads/official-1-1237/raw/api-0055.json,6494ee6b0b056d6aed826a2964cf837693ead93d84f4dd5f9121f7cec28976df
691,20160227,15,27,33,35,43,45,16,31,68590328000,1000,68590328,2,1,"[[16,27,33,35,43,45],[15,16,33,35,43,45],[15,16,27,35,43,45],[15,16,27,33,43,45],[15,16,27,33,35,45],[15,16,27,33,35,43]]","[2,2,3,3,3,3]",2.6666666666666665,-1.4666666666666672,0.61353854438485844,downloads/official-1-1237/raw/api-0055.json,6494ee6b0b056d6aed826a2964cf837693ead93d84f4dd5f9121f7cec28976df
692,20160305,3,11,14,15,32,36,44,44,66390499000,1000,66390499,4,0,"[[11,14,15,32,36,44],[3,14,15,32,36,44],[3,11,15,32,36,44],[3,11,14,32,36,44],[3,11,14,15,36,44],[3,11,14,15,32,44]]","[3,3,3,3,4,4]",3.3333333333333335,-0.80000000000000027,0.89968355261194832,downloads/official-1-1237/raw/api-0055.json,6494ee6b0b056d6aed826a2964cf837693ead93d84f4dd5f9121f7cec28976df
693,20160312,1,6,11,28,34,42,30,43,67352935000,1000,67352935,4,1,"[[6,11,28,30,34,42],[1,11,28,30,34,42],[1,6,28,30,34,42],[1,6,11,30,34,42],[1,6,11,28,30,42],[1,6,11,28,30,34]]","[4,4,4,4,5,5]",4.333333333333333,0.19999999999999929,0.86667240262061329,downloads/official-1-1237/raw/api-0055.json,6494ee6b0b056d6aed826a2964cf837693ead93d84f4dd5f9121f7cec28976df
694,20160319,7,15,20,25,33,43,12,78,67533257000,1000,67533257,4,1,"[[12,15,20,25,33,43],[7,12,20,25,33,43],[7,12,15,25,33,43],[7,12,15,20,33,43],[7,12,15,20,25,43],[7,12,15,20,25,33]]","[4,4,4,4,5,5]",4.333333333333333,0.19999999999999929,1.5679057208806026,downloads/official-1-1237/raw/api-0055.json,6494ee6b0b056d6aed826a2964cf837693ead93d84f4dd5f9121f7cec28976df
695,20160326,4,18,26,33,34,38,14,66,67672085000,1000,67672085,3,1,"[[14,18,26,33,34,38],[4,14,26,33,34,38],[4,14,18,33,34,38],[4,14,18,26,34,38],[4,14,18,26,33,38],[4,14,18,26,33,34]]","[3,3,3,4,4,4]",3.5,-0.63333333333333375,1.3239677778510888,downloads/official-1-1237/raw/api-0055.json,6494ee6b0b056d6aed826a2964cf837693ead93d84f4dd5f9121f7cec28976df
696,20160402,1,7,16,18,34,38,21,44,67542971000,1000,67542971,4,1,"[[7,16,18,21,34,38],[1,16,18,21,34,38],[1,7,18,21,34,38],[1,7,16,21,34,38],[1,7,16,18,21,38],[1,7,16,18,21,34]]","[4,4,4,4,5,5]",4.333333333333333,0.19999999999999929,0.88433243482878476,downloads/official-1-1237/raw/api-0055.json,6494ee6b0b056d6aed826a2964cf837693ead93d84f4dd5f9121f7cec28976df
697,20160409,2,5,8,11,33,39,31,90,66966141000,1000,66966141,4,1,"[[5,8,11,31,33,39],[2,8,11,31,33,39],[2,5,11,31,33,39],[2,5,8,31,33,39],[2,5,8,11,31,39],[2,5,8,11,31,33]]","[4,4,4,4,5,5]",4.333333333333333,0.19999999999999929,1.8244428927149916,downloads/official-1-1237/raw/api-0055.json,6494ee6b0b056d6aed826a2964cf837693ead93d84f4dd5f9121f7cec28976df
698,20160416,3,11,13,21,33,37,18,48,66283268000,1000,66283268,4,1,"[[11,13,18,21,33,37],[3,13,18,21,33,37],[3,11,18,21,33,37],[3,11,13,18,33,37],[3,11,13,18,21,37],[3,11,13,18,21,33]]","[4,4,4,4,5,5]",4.333333333333333,0.19999999999999929,0.98306076278556453,downloads/official-1-1237/raw/api-0054.json,ef7aa620a684cf3568c01e49f3dfa498d2e4ed9cfba5eca4efdbec5a17c31564
699,20160423,4,5,8,16,21,29,3,50,66743146000,1000,66743146,6,1,"[[3,5,8,16,21,29],[3,4,8,16,21,29],[3,4,5,16,21,29],[3,4,5,8,21,29],[3,4,5,8,16,29],[3,4,5,8,16,21]]","[6,6,6,6,6,6]",6,1.8666666666666663,1.0169658469500373,downloads/official-1-1237/raw/api-0054.json,ef7aa620a684cf3568c01e49f3dfa498d2e4ed9cfba5eca4efdbec5a17c31564
700,20160430,11,23,28,29,30,44,13,41,66846276000,1000,66846276,5,1,"[[13,23,28,29,30,44],[11,13,28,29,30,44],[11,13,23,29,30,44],[11,13,23,28,30,44],[11,13,23,28,29,44],[11,13,23,28,29,30]]","[5,5,5,5,5,6]",5.166666666666667,1.0333333333333332,0.83262544049574283,downloads/official-1-1237/raw/api-0054.json,ef7aa620a684cf3568c01e49f3dfa498d2e4ed9cfba5eca4efdbec5a17c31564
701,20160507,3,10,14,16,36,38,35,40,64454138000,1000,64454138,4,0,"[[10,14,16,35,36,38],[3,14,16,35,36,38],[3,10,16,35,36,38],[3,10,14,35,36,38],[3,10,14,16,35,38],[3,10,14,16,35,36]]","[3,3,3,3,4,4]",3.3333333333333335,-0.80000000000000027,0.84246569242769176,downloads/official-1-1237/raw/api-0054.json,ef7aa620a684cf3568c01e49f3dfa498d2e4ed9cfba5eca4efdbec5a17c31564
702,20160514,3,13,16,24,26,29,9,46,66219854000,1000,66219854,6,1,"[[9,13,16,24,26,29],[3,9,16,24,26,29],[3,9,13,24,26,29],[3,9,13,16,26,29],[3,9,13,16,24,29],[3,9,13,16,24,26]]","[6,6,6,6,6,6]",6,1.8666666666666663,0.9430020791045538,downloads/official-1-1237/raw/api-0054.json,ef7aa620a684cf3568c01e49f3dfa498d2e4ed9cfba5eca4efdbec5a17c31564
703,20160521,10,28,31,33,41,44,21,51,65728988000,1000,65728988,3,1,"[[21,28,31,33,41,44],[10,21,31,33,41,44],[10,21,28,33,41,44],[10,21,28,31,41,44],[10,21,28,31,33,44],[10,21,28,31,33,41]]","[3,3,3,4,4,4]",3.5,-0.63333333333333375,1.0533101468107191,downloads/official-1-1237/raw/api-0054.json,ef7aa620a684cf3568c01e49f3dfa498d2e4ed9cfba5eca4efdbec5a17c31564
704,20160528,1,4,8,23,33,42,45,47,65930117000,1000,65930117,4,0,"[[4,8,23,33,42,45],[1,8,23,33,42,45],[1,4,23,33,42,45],[1,4,8,33,42,45],[1,4,8,23,42,45],[1,4,8,23,33,45]]","[3,3,3,3,4,4]",3.3333333333333335,-0.80000000000000027,0.96773633815938775,downloads/official-1-1237/raw/api-0054.json,ef7aa620a684cf3568c01e49f3dfa498d2e4ed9cfba5eca4efdbec5a17c31564
705,20160604,1,6,17,22,28,45,23,49,65859843000,1000,65859843,5,1,"[[6,17,22,23,28,45],[1,17,22,23,28,45],[1,6,22,23,28,45],[1,6,17,23,28,45],[1,6,17,22,23,45],[1,6,17,22,23,28]]","[5,5,5,5,5,6]",5.166666666666667,1.0333333333333332,1.0099931455955642,downloads/official-1-1237/raw/api-0054.json,ef7aa620a684cf3568c01e49f3dfa498d2e4ed9cfba5eca4efdbec5a17c31564
706,20160611,3,4,6,10,28,30,37,51,65723488000,1000,65723488,6,0,"[[4,6,10,28,30,37],[3,6,10,28,30,37],[3,4,10,28,30,37],[3,4,6,28,30,37],[3,4,6,10,30,37],[3,4,6,10,28,37]]","[5,5,5,5,5,5]",5,0.86666666666666625,1.0533982919470128,downloads/official-1-1237/raw/api-0054.json,ef7aa620a684cf3568c01e49f3dfa498d2e4ed9cfba5eca4efdbec5a17c31564
707,20160618,2,12,19,24,39,44,35,74,66813924000,1000,66813924,4,0,"[[12,19,24,35,39,44],[2,19,24,35,39,44],[2,12,24,35,39,44],[2,12,19,35,39,44],[2,12,19,24,35,44],[2,12,19,24,35,39]]","[3,3,3,3,4,4]",3.3333333333333335,-0.80000000000000027,1.5035150457560313,downloads/official-1-1237/raw/api-0054.json,ef7aa620a684cf3568c01e49f3dfa498d2e4ed9cfba5eca4efdbec5a17c31564
708,20160625,2,10,16,19,34,45,1,52,66806307000,1000,66806307,4,1,"[[1,10,16,19,34,45],[1,2,16,19,34,45],[1,2,10,19,34,45],[1,2,10,16,34,45],[1,2,10,16,19,45],[1,2,10,16,19,34]]","[4,4,4,4,5,5]",4.333333333333333,0.19999999999999929,1.0566445470485295,downloads/official-1-1237/raw/api-0053.json,00ffcef1d9243cc57904f2821a6250c53e64c42ded7f97bb91b7cf68c07c310e
709,20160702,10,18,30,36,39,44,32,44,65592504000,1000,65592504,3,0,"[[18,30,32,36,39,44],[10,30,32,36,39,44],[10,18,32,36,39,44],[10,18,30,32,39,44],[10,18,30,32,36,44],[10,18,30,32,36,39]]","[2,2,2,3,3,3]",2.5,-1.6333333333333337,0.91062905602749977,downloads/official-1-1237/raw/api-0053.json,00ffcef1d9243cc57904f2821a6250c53e64c42ded7f97bb91b7cf68c07c310e
710,20160709,3,4,9,24,25,33,10,57,65083972000,1000,65083972,5,1,"[[4,9,10,24,25,33],[3,9,10,24,25,33],[3,4,10,24,25,33],[3,4,9,10,25,33],[3,4,9,10,24,33],[3,4,9,10,24,25]]","[5,5,5,5,5,6]",5.166666666666667,1.0333333333333332,1.1888959389264073,downloads/official-1-1237/raw/api-0053.json,00ffcef1d9243cc57904f2821a6250c53e64c42ded7f97bb91b7cf68c07c310e
711,20160716,11,15,24,35,37,45,42,44,66152746000,1000,66152746,3,0,"[[15,24,35,37,42,45],[11,24,35,37,42,45],[11,15,35,37,42,45],[11,15,24,37,42,45],[11,15,24,35,42,45],[11,15,24,35,37,42]]","[2,2,2,3,3,3]",2.5,-1.6333333333333337,0.90291701571995209,downloads/official-1-1237/raw/api-0053.json,00ffcef1d9243cc57904f2821a6250c53e64c42ded7f97bb91b7cf68c07c310e
712,20160723,17,20,30,31,33,45,19,47,66136318000,1000,66136318,4,1,"[[19,20,30,31,33,45],[17,19,30,31,33,45],[17,19,20,31,33,45],[17,19,20,30,33,45],[17,19,20,30,31,45],[17,19,20,30,31,33]]","[4,4,4,4,5,5]",4.333333333333333,0.19999999999999929,0.96471911242473463,downloads/official-1-1237/raw/api-0053.json,00ffcef1d9243cc57904f2821a6250c53e64c42ded7f97bb91b7cf68c07c310e
713,20160730,2,5,15,18,19,23,44,50,64646552000,1000,64646552,6,0,"[[5,15,18,19,23,44],[2,15,18,19,23,44],[2,5,18,19,23,44],[2,5,15,19,23,44],[2,5,15,18,23,44],[2,5,15,18,19,44]]","[5,5,5,5,5,5]",5,0.86666666666666625,1.0499477218831408,downloads/official-1-1237/raw/api-0053.json,00ffcef1d9243cc57904f2821a6250c53e64c42ded7f97bb91b7cf68c07c310e
714,20160806,1,7,22,33,37,40,20,46,64099989000,1000,64099989,3,1,"[[7,20,22,33,37,40],[1,20,22,33,37,40],[1,7,20,33,37,40],[1,7,20,22,37,40],[1,7,20,22,33,40],[1,7,20,22,33,37]]","[3,3,3,4,4,4]",3.5,-0.63333333333333375,0.97418831070314227,downloads/official-1-1237/raw/api-0053.json,00ffcef1d9243cc57904f2821a6250c53e64c42ded7f97bb91b7cf68c07c310e
715,20160813,2,7,27,33,41,44,10,61,65794607000,1000,65794607,3,1,"[[7,10,27,33,41,44],[2,10,27,33,41,44],[2,7,10,33,41,44],[2,7,10,27,41,44],[2,7,10,27,33,44],[2,7,10,27,33,41]]","[3,3,3,4,4,4]",3.5,-0.63333333333333375,1.2585850691379614,downloads/official-1-1237/raw/api-0053.json,00ffcef1d9243cc57904f2821a6250c53e64c42ded7f97bb91b7cf68c07c310e
716,20160820,2,6,13,16,29,30,21,35,67040169000,1000,67040169,6,1,"[[6,13,16,21,29,30],[2,13,16,21,29,30],[2,6,16,21,29,30],[2,6,13,21,29,30],[2,6,13,16,21,30],[2,6,13,16,21,29]]","[6,6,6,6,6,6]",6,1.8666666666666663,0.7087221095758276,downloads/official-1-1237/raw/api-0053.json,00ffcef1d9243cc57904f2821a6250c53e64c42ded7f97bb91b7cf68c07c310e
717,20160827,2,11,19,25,28,32,44,47,68597839000,1000,68597839,5,0,"[[11,19,25,28,32,44],[2,19,25,28,32,44],[2,11,25,28,32,44],[2,11,19,28,32,44],[2,11,19,25,32,44],[2,11,19,25,28,44]]","[4,4,4,4,4,5]",4.166666666666667,0.033333333333333215,0.93010174854050431,downloads/official-1-1237/raw/api-0053.json,00ffcef1d9243cc57904f2821a6250c53e64c42ded7f97bb91b7cf68c07c310e
718,20160903,4,11,20,23,32,39,40,64,69400763000,1000,69400763,4,0,"[[11,20,23,32,39,40],[4,20,23,32,39,40],[4,11,23,32,39,40],[4,11,20,32,39,40],[4,11,20,23,39,40],[4,11,20,23,32,40]]","[3,3,3,3,4,4]",3.3333333333333335,-0.80000000000000027,1.2518686574094293,downloads/official-1-1237/raw/api-0052.json,2617c7542b53b0aca32f40234fa0f92fd9d3726cfc81e5021947d111e6fb37db
719,20160910,4,8,13,19,20,43,26,58,71378392000,1000,71378392,5,1,"[[8,13,19,20,26,43],[4,13,19,20,26,43],[4,8,19,20,26,43],[4,8,13,20,26,43],[4,8,13,19,26,43],[4,8,13,19,20,26]]","[5,5,5,5,5,6]",5.166666666666667,1.0333333333333332,1.1030730420489159,downloads/official-1-1237/raw/api-0052.json,2617c7542b53b0aca32f40234fa0f92fd9d3726cfc81e5021947d111e6fb37db
720,20160917,1,12,29,34,36,37,41,37,69939090000,1000,69939090,3,0,"[[12,29,34,36,37,41],[1,29,34,36,37,41],[1,12,34,36,37,41],[1,12,29,36,37,41],[1,12,29,34,37,41],[1,12,29,34,36,41]]","[2,2,2,3,3,3]",2.5,-1.6333333333333337,0.71816590693416227,downloads/official-1-1237/raw/api-0052.json,2617c7542b53b0aca32f40234fa0f92fd9d3726cfc81e5021947d111e6fb37db
721,20160924,1,28,35,41,43,44,31,40,71627567000,1000,71627567,2,1,"[[28,31,35,41,43,44],[1,31,35,41,43,44],[1,28,31,41,43,44],[1,28,31,35,43,44],[1,28,31,35,41,44],[1,28,31,35,41,43]]","[2,2,3,3,3,3]",2.6666666666666665,-1.4666666666666672,0.75809359823711453,downloads/official-1-1237/raw/api-0052.json,2617c7542b53b0aca32f40234fa0f92fd9d3726cfc81e5021947d111e6fb37db
722,20161001,12,14,21,30,39,43,45,46,69446489000,1000,69446489,4,0,"[[14,21,30,39,43,45],[12,21,30,39,43,45],[12,14,30,39,43,45],[12,14,21,39,43,45],[12,14,21,30,43,45],[12,14,21,30,39,45]]","[3,3,3,3,4,4]",3.3333333333333335,-0.80000000000000027,0.89918815046214939,downloads/official-1-1237/raw/api-0052.json,2617c7542b53b0aca32f40234fa0f92fd9d3726cfc81e5021947d111e6fb37db
723,20161008,20,30,33,35,36,44,22,40,67750231000,1000,67750231,2,1,"[[22,30,33,35,36,44],[20,22,33,35,36,44],[20,22,30,35,36,44],[20,22,30,33,36,44],[20,22,30,33,35,44],[20,22,30,33,35,36]]","[2,2,3,3,3,3]",2.6666666666666665,-1.4666666666666672,0.8014791861004873,downloads/official-1-1237/raw/api-0052.json,2617c7542b53b0aca32f40234fa0f92fd9d3726cfc81e5021947d111e6fb37db
724,20161015,2,8,33,35,37,41,14,55,69987274000,1000,69987274,2,1,"[[8,14,33,35,37,41],[2,14,33,35,37,41],[2,8,14,35,37,41],[2,8,14,33,37,41],[2,8,14,33,35,41],[2,8,14,33,35,37]]","[2,2,3,3,3,3]",2.6666666666666665,-1.4666666666666672,1.0668089458663585,downloads/official-1-1237/raw/api-0052.json,2617c7542b53b0aca32f40234fa0f92fd9d3726cfc81e5021947d111e6fb37db
725,20161022,6,7,19,21,41,43,38,47,70208676000,1000,70208676,4,0,"[[7,19,21,38,41,43],[6,19,21,38,41,43],[6,7,21,38,41,43],[6,7,19,38,41,43],[6,7,19,21,38,43],[6,7,19,21,38,41]]","[3,3,3,3,4,4]",3.3333333333333335,-0.80000000000000027,0.90876190287365621,downloads/official-1-1237/raw/api-0052.json,2617c7542b53b0aca32f40234fa0f92fd9d3726cfc81e5021947d111e6fb37db
726,20161029,1,11,21,23,34,44,24,56,68799295000,1000,68799295,4,1,"[[11,21,23,24,34,44],[1,21,23,24,34,44],[1,11,23,24,34,44],[1,11,21,24,34,44],[1,11,21,23,24,44],[1,11,21,23,24,34]]","[4,4,4,4,5,5]",4.333333333333333,0.19999999999999929,1.1049613226414603,downloads/official-1-1237/raw/api-0052.json,2617c7542b53b0aca32f40234fa0f92fd9d3726cfc81e5021947d111e6fb37db
727,20161105,7,8,10,19,21,31,20,87,67559139000,1000,67559139,6,1,"[[8,10,19,20,21,31],[7,10,19,20,21,31],[7,8,19,20,21,31],[7,8,10,20,21,31],[7,8,10,19,20,31],[7,8,10,19,20,21]]","[6,6,6,6,6,6]",6,1.8666666666666663,1.7481479448694572,downloads/official-1-1237/raw/api-0052.json,2617c7542b53b0aca32f40234fa0f92fd9d3726cfc81e5021947d111e6fb37db
728,20161112,3,6,10,30,34,37,36,56,68306112000,1000,68306112,4,0,"[[6,10,30,34,36,37],[3,10,30,34,36,37],[3,6,30,34,36,37],[3,6,10,34,36,37],[3,6,10,30,36,37],[3,6,10,30,34,36]]","[3,3,3,3,4,4]",3.3333333333333335,-0.80000000000000027,1.1129393516059003,downloads/official-1-1237/raw/api-0051.json,d51ec287a22b7206a6e3dcd8c6159624100e503508d907e3612451f4ed121b78
729,20161119,11,17,21,26,36,45,16,35,68784161000,1000,68784161,4,1,"[[16,17,21,26,36,45],[11,16,21,26,36,45],[11,16,17,26,36,45],[11,16,17,21,36,45],[11,16,17,21,26,45],[11,16,17,21,26,36]]","[4,4,4,4,5,5]",4.333333333333333,0.19999999999999929,0.69075277373812849,downloads/official-1-1237/raw/api-0051.json,d51ec287a22b7206a6e3dcd8c6159624100e503508d907e3612451f4ed121b78
730,20161126,4,10,14,15,18,22,39,45,66934105000,1000,66934105,6,0,"[[10,14,15,18,22,39],[4,14,15,18,22,39],[4,10,15,18,22,39],[4,10,14,18,22,39],[4,10,14,15,22,39],[4,10,14,15,18,39]]","[5,5,5,5,5,5]",5,0.86666666666666625,0.91265805376795583,downloads/official-1-1237/raw/api-0051.json,d51ec287a22b7206a6e3dcd8c6159624100e503508d907e3612451f4ed121b78
731,20161203,2,7,13,25,42,45,39,45,69239673000,1000,69239673,4,0,"[[7,13,25,39,42,45],[2,13,25,39,42,45],[2,7,25,39,42,45],[2,7,13,39,42,45],[2,7,13,25,39,45],[2,7,13,25,39,42]]","[3,3,3,3,4,4]",3.3333333333333335,-0.80000000000000027,0.88226803150846766,downloads/official-1-1237/raw/api-0051.json,d51ec287a22b7206a6e3dcd8c6159624100e503508d907e3612451f4ed121b78
732,20161210,2,4,5,17,27,32,43,45,68645948000,1000,68645948,5,0,"[[4,5,17,27,32,43],[2,5,17,27,32,43],[2,4,17,27,32,43],[2,4,5,27,32,43],[2,4,5,17,32,43],[2,4,5,17,27,43]]","[4,4,4,4,4,5]",4.166666666666667,0.033333333333333215,0.88989884734347324,downloads/official-1-1237/raw/api-0051.json,d51ec287a22b7206a6e3dcd8c6159624100e503508d907e3612451f4ed121b78
733,20161217,11,24,32,33,35,40,13,57,69321488000,1000,69321488,2,1,"[[13,24,32,33,35,40],[11,13,32,33,35,40],[11,13,24,33,35,40],[11,13,24,32,35,40],[11,13,24,32,33,40],[11,13,24,32,33,35]]","[2,2,3,3,3,3]",2.6666666666666665,-1.4666666666666672,1.1162205577583677,downloads/official-1-1237/raw/api-0051.json,d51ec287a22b7206a6e3dcd8c6159624100e503508d907e3612451f4ed121b78
734,20161224,6,16,37,38,41,45,18,36,71457582000,1000,71457582,2,1,"[[16,18,37,38,41,45],[6,18,37,38,41,45],[6,16,18,38,41,45],[6,16,18,37,41,45],[6,16,18,37,38,45],[6,16,18,37,38,41]]","[2,2,3,3,3,3]",2.6666666666666665,-1.4666666666666672,0.68390727242911742,downloads/official-1-1237/raw/api-0051.json,d51ec287a22b7206a6e3dcd8c6159624100e503508d907e3612451f4ed121b78
735,20161231,5,10,13,27,37,41,4,50,77488209000,1000,77488209,4,1,"[[4,10,13,27,37,41],[4,5,13,27,37,41],[4,5,10,27,37,41],[4,5,10,13,37,41],[4,5,10,13,27,41],[4,5,10,13,27,37]]","[4,4,4,4,5,5]",4.333333333333333,0.19999999999999929,0.87594617137169861,downloads/official-1-1237/raw/api-0051.json,d51ec287a22b7206a6e3dcd8c6159624100e503508d907e3612451f4ed121b78
736,20170107,2,11,17,18,21,27,6,54,73510203000,1000,73510203,6,1,"[[6,11,17,18,21,27],[2,6,17,18,21,27],[2,6,11,18,21,27],[2,6,11,17,21,27],[2,6,11,17,18,27],[2,6,11,17,18,21]]","[6,6,6,6,6,6]",6,1.8666666666666663,0.99721585587241546,downloads/official-1-1237/raw/api-0051.json,d51ec287a22b7206a6e3dcd8c6159624100e503508d907e3612451f4ed121b78
737,20170114,13,15,18,24,27,41,11,48,70775944000,1000,70775944,5,1,"[[11,15,18,24,27,41],[11,13,18,24,27,41],[11,13,15,24,27,41],[11,13,15,18,27,41],[11,13,15,18,24,41],[11,13,15,18,24,27]]","[5,5,5,5,5,6]",5.166666666666667,1.0333333333333332,0.92065857857014244,downloads/official-1-1237/raw/api-0051.json,d51ec287a22b7206a6e3dcd8c6159624100e503508d907e3612451f4ed121b78
738,20170121,23,27,28,38,42,43,36,48,71768122000,1000,71768122,3,0,"[[27,28,36,38,42,43],[23,28,36,38,42,43],[23,27,36,38,42,43],[23,27,28,36,42,43],[23,27,28,36,38,43],[23,27,28,36,38,42]]","[2,2,2,3,3,3]",2.5,-1.6333333333333337,0.90793068265043919,downloads/official-1-1237/raw/api-0050.json,3e6068ae4e96ae9ffbe32d51e1488e34a1cf890603678ed9b3061b84eccc0f4b
739,20170128,7,22,29,33,34,35,30,45,77999661000,1000,77999661,3,1,"[[22,29,30,33,34,35],[7,29,30,33,34,35],[7,22,30,33,34,35],[7,22,29,30,34,35],[7,22,29,30,33,35],[7,22,29,30,33,34]]","[3,3,3,4,4,4]",3.5,-0.63333333333333375,0.78318224998439412,downloads/official-1-1237/raw/api-0050.json,3e6068ae4e96ae9ffbe32d51e1488e34a1cf890603678ed9b3061b84eccc0f4b
740,20170204,4,8,9,16,17,19,31,43,75186520000,1000,75186520,6,1,"[[8,9,16,17,19,31],[4,9,16,17,19,31],[4,8,16,17,19,31],[4,8,9,17,19,31],[4,8,9,16,19,31],[4,8,9,16,17,31]]","[6,6,6,6,6,6]",6,1.8666666666666663,0.77637494061435486,downloads/official-1-1237/raw/api-0050.json,3e6068ae4e96ae9ffbe32d51e1488e34a1cf890603678ed9b3061b84eccc0f4b
741,20170211,5,21,27,34,44,45,16,55,74392585000,1000,74392585,3,1,"[[16,21,27,34,44,45],[5,16,27,34,44,45],[5,16,21,34,44,45],[5,16,21,27,44,45],[5,16,21,27,34,45],[5,16,21,27,34,44]]","[3,3,3,4,4,4]",3.5,-0.63333333333333375,1.0036356446008698,downloads/official-1-1237/raw/api-0050.json,3e6068ae4e96ae9ffbe32d51e1488e34a1cf890603678ed9b3061b84eccc0f4b
742,20170218,8,10,13,36,37,40,6,44,73857792000,1000,73857792,3,1,"[[6,10,13,36,37,40],[6,8,13,36,37,40],[6,8,10,36,37,40],[6,8,10,13,37,40],[6,8,10,13,36,40],[6,8,10,13,36,37]]","[3,3,3,4,4,4]",3.5,-0.63333333333333375,0.80872225370614925,downloads/official-1-1237/raw/api-0050.json,3e6068ae4e96ae9ffbe32d51e1488e34a1cf890603678ed9b3061b84eccc0f4b
743,20170225,15,19,21,34,41,44,10,46,73436852000,1000,73436852,3,1,"[[10,19,21,34,41,44],[10,15,21,34,41,44],[10,15,19,34,41,44],[10,15,19,21,41,44],[10,15,19,21,34,44],[10,15,19,21,34,41]]","[3,3,3,4,4,4]",3.5,-0.63333333333333375,0.85032866060217283,downloads/official-1-1237/raw/api-0050.json,3e6068ae4e96ae9ffbe32d51e1488e34a1cf890603678ed9b3061b84eccc0f4b
744,20170304,10,15,18,21,34,41,43,61,73507293000,1000,73507293,4,0,"[[15,18,21,34,41,43],[10,18,21,34,41,43],[10,15,21,34,41,43],[10,15,18,34,41,43],[10,15,18,21,41,43],[10,15,18,21,34,43]]","[3,3,3,3,4,4]",3.3333333333333335,-0.80000000000000027,1.1265291730985114,downloads/official-1-1237/raw/api-0050.json,3e6068ae4e96ae9ffbe32d51e1488e34a1cf890603678ed9b3061b84eccc0f4b
745,20170311,1,2,3,9,12,23,10,110,73575119000,1000,73575119,6,1,"[[2,3,9,10,12,23],[1,3,9,10,12,23],[1,2,9,10,12,23],[1,2,3,10,12,23],[1,2,3,9,10,23],[1,2,3,9,10,12]]","[6,6,6,6,6,6]",6,1.8666666666666663,2.0295733398677887,downloads/official-1-1237/raw/api-0050.json,3e6068ae4e96ae9ffbe32d51e1488e34a1cf890603678ed9b3061b84eccc0f4b
746,20170318,3,12,33,36,42,45,25,58,74239579000,1000,74239579,2,1,"[[12,25,33,36,42,45],[3,25,33,36,42,45],[3,12,25,36,42,45],[3,12,25,33,42,45],[3,12,25,33,36,45],[3,12,25,33,36,42]]","[2,2,3,3,3,3]",2.6666666666666665,-1.4666666666666672,1.0605607017248846,downloads/official-1-1237/raw/api-0050.json,3e6068ae4e96ae9ffbe32d51e1488e34a1cf890603678ed9b3061b84eccc0f4b
747,20170325,7,9,12,14,23,28,17,59,73337880000,1000,73337880,6,1,"[[9,12,14,17,23,28],[7,12,14,17,23,28],[7,9,14,17,23,28],[7,9,12,17,23,28],[7,9,12,14,17,28],[7,9,12,14,17,23]]","[6,6,6,6,6,6]",6,1.8666666666666663,1.092110789131074,downloads/official-1-1237/raw/api-0050.json,3e6068ae4e96ae9ffbe32d51e1488e34a1cf890603678ed9b3061b84eccc0f4b
748,20170401,3,10,13,22,31,32,29,59,72750277000,1000,72750277,5,1,"[[10,13,22,29,31,32],[3,13,22,29,31,32],[3,10,22,29,31,32],[3,10,13,29,31,32],[3,10,13,22,29,32],[3,10,13,22,29,31]]","[5,5,5,5,5,6]",5.166666666666667,1.0333333333333332,1.1009317531533247,downloads/official-1-1237/raw/api-0049.json,40900624d6428e776dba76ea01ffd74aa91c4ff9986bed0093952e2c8bb99007
749,20170408,12,14,24,26,34,45,41,64,72252889000,1000,72252889,4,0,"[[14,24,26,34,41,45],[12,24,26,34,41,45],[12,14,26,34,41,45],[12,14,24,34,41,45],[12,14,24,26,41,45],[12,14,24,26,34,41]]","[3,3,3,3,4,4]",3.3333333333333335,-0.80000000000000027,1.202452126170346,downloads/official-1-1237/raw/api-0049.json,40900624d6428e776dba76ea01ffd74aa91c4ff9986bed0093952e2c8bb99007
750,20170415,1,2,15,19,24,36,12,44,72248100000,1000,72248100,5,1,"[[2,12,15,19,24,36],[1,12,15,19,24,36],[1,2,12,19,24,36],[1,2,12,15,24,36],[1,2,12,15,19,36],[1,2,12,15,19,24]]","[5,5,5,5,5,6]",5.166666666666667,1.0333333333333332,0.82674063400975251,downloads/official-1-1237/raw/api-0049.json,40900624d6428e776dba76ea01ffd74aa91c4ff9986bed0093952e2c8bb99007
751,20170422,3,4,16,20,28,44,17,69,71534233000,1000,71534233,5,1,"[[4,16,17,20,28,44],[3,16,17,20,28,44],[3,4,17,20,28,44],[3,4,16,17,28,44],[3,4,16,17,20,44],[3,4,16,17,20,28]]","[5,5,5,5,5,6]",5.166666666666667,1.0333333333333332,1.3094176881717596,downloads/official-1-1237/raw/api-0049.json,40900624d6428e776dba76ea01ffd74aa91c4ff9986bed0093952e2c8bb99007
752,20170429,4,16,20,33,40,43,7,75,71600822000,1000,71600822,3,1,"[[7,16,20,33,40,43],[4,7,20,33,40,43],[4,7,16,33,40,43],[4,7,16,20,40,43],[4,7,16,20,33,43],[4,7,16,20,33,40]]","[3,3,3,4,4,4]",3.5,-0.63333333333333375,1.4219564406676783,downloads/official-1-1237/raw/api-0049.json,40900624d6428e776dba76ea01ffd74aa91c4ff9986bed0093952e2c8bb99007
753,20170506,2,17,19,24,37,41,3,58,68915001000,1000,68915001,4,1,"[[3,17,19,24,37,41],[2,3,19,24,37,41],[2,3,17,24,37,41],[2,3,17,19,37,41],[2,3,17,19,24,41],[2,3,17,19,24,37]]","[4,4,4,4,5,5]",4.333333333333333,0.19999999999999929,1.1425027767176554,downloads/official-1-1237/raw/api-0049.json,40900624d6428e776dba76ea01ffd74aa91c4ff9986bed0093952e2c8bb99007
754,20170513,2,8,17,24,29,31,32,50,70765850000,1000,70765850,6,0,"[[8,17,24,29,31,32],[2,17,24,29,31,32],[2,8,24,29,31,32],[2,8,17,29,31,32],[2,8,17,24,31,32],[2,8,17,24,29,32]]","[5,5,5,5,5,5]",5,0.86666666666666625,0.95915614664417936,downloads/official-1-1237/raw/api-0049.json,40900624d6428e776dba76ea01ffd74aa91c4ff9986bed0093952e2c8bb99007
755,20170520,13,14,26,28,30,36,37,54,71300635000,1000,71300635,5,0,"[[14,26,28,30,36,37],[13,26,28,30,36,37],[13,14,28,30,36,37],[13,14,26,30,36,37],[13,14,26,28,36,37],[13,14,26,28,30,37]]","[4,4,4,4,4,5]",4.166666666666667,0.033333333333333215,1.0281190342834956,downloads/official-1-1237/raw/api-0049.json,40900624d6428e776dba76ea01ffd74aa91c4ff9986bed0093952e2c8bb99007
756,20170527,10,14,16,18,27,28,4,53,70992946000,1000,70992946,6,1,"[[4,14,16,18,27,28],[4,10,16,18,27,28],[4,10,14,18,27,28],[4,10,14,16,27,28],[4,10,14,16,18,28],[4,10,14,16,18,27]]","[6,6,6,6,6,6]",6,1.8666666666666663,1.0134532239301635,downloads/official-1-1237/raw/api-0049.json,40900624d6428e776dba76ea01ffd74aa91c4ff9986bed0093952e2c8bb99007
757,20170603,6,7,11,17,33,44,1,68,71053002000,1000,71053002,4,1,"[[1,7,11,17,33,44],[1,6,11,17,33,44],[1,6,7,17,33,44],[1,6,7,11,33,44],[1,6,7,11,17,44],[1,6,7,11,17,33]]","[4,4,4,4,5,5]",4.333333333333333,0.19999999999999929,1.29918057508675,downloads/official-1-1237/raw/api-0049.json,40900624d6428e776dba76ea01ffd74aa91c4ff9986bed0093952e2c8bb99007
758,20170610,5,9,12,30,39,43,24,63,71764259000,1000,71764259,4,1,"[[9,12,24,30,39,43],[5,12,24,30,39,43],[5,9,24,30,39,43],[5,9,12,24,39,43],[5,9,12,24,30,43],[5,9,12,24,30,39]]","[4,4,4,4,5,5]",4.333333333333333,0.19999999999999929,1.1917231668204085,downloads/official-1-1237/raw/api-0048.json,c74a44cdba29bb459868656a8d486bda405990709112324f1249289289cc11c6
759,20170617,9,33,36,40,42,43,32,44,72632208000,1000,72632208,1,0,"[[32,33,36,40,42,43],[9,32,36,40,42,43],[9,32,33,40,42,43],[9,32,33,36,42,43],[9,32,33,36,40,43],[9,32,33,36,40,42]]","[0,1,1,1,1,1]",0.83333333333333337,-3.3000000000000003,0.82236850076208612,downloads/official-1-1237/raw/api-0048.json,c74a44cdba29bb459868656a8d486bda405990709112324f1249289289cc11c6
760,20170624,10,22,27,31,42,43,12,45,72200797000,1000,72200797,4,1,"[[12,22,27,31,42,43],[10,12,27,31,42,43],[10,12,22,31,42,43],[10,12,22,27,42,43],[10,12,22,27,31,43],[10,12,22,27,31,42]]","[4,4,4,4,5,5]",4.333333333333333,0.19999999999999929,0.84608415056692521,downloads/official-1-1237/raw/api-0048.json,c74a44cdba29bb459868656a8d486bda405990709112324f1249289289cc11c6
761,20170701,4,7,11,24,42,45,30,52,71415903000,1000,71415903,4,1,"[[7,11,24,30,42,45],[4,11,24,30,42,45],[4,7,24,30,42,45],[4,7,11,30,42,45],[4,7,11,24,30,45],[4,7,11,24,30,42]]","[4,4,4,4,5,5]",4.333333333333333,0.19999999999999929,0.98844258820055808,downloads/official-1-1237/raw/api-0048.json,c74a44cdba29bb459868656a8d486bda405990709112324f1249289289cc11c6
762,20170708,1,3,12,21,26,41,16,53,70558895000,1000,70558895,5,1,"[[3,12,16,21,26,41],[1,12,16,21,26,41],[1,3,16,21,26,41],[1,3,12,16,26,41],[1,3,12,16,21,41],[1,3,12,16,21,26]]","[5,5,5,5,5,6]",5.166666666666667,1.0333333333333332,1.0196875957311973,downloads/official-1-1237/raw/api-0048.json,c74a44cdba29bb459868656a8d486bda405990709112324f1249289289cc11c6
763,20170715,3,8,16,32,34,43,10,45,70652100000,1000,70652100,3,1,"[[8,10,16,32,34,43],[3,10,16,32,34,43],[3,8,10,32,34,43],[3,8,10,16,34,43],[3,8,10,16,32,43],[3,8,10,16,32,34]]","[3,3,3,4,4,4]",3.5,-0.63333333333333375,0.86463035069021299,downloads/official-1-1237/raw/api-0048.json,c74a44cdba29bb459868656a8d486bda405990709112324f1249289289cc11c6
764,20170722,7,22,24,31,34,36,15,44,70318932000,1000,70318932,4,1,"[[15,22,24,31,34,36],[7,15,24,31,34,36],[7,15,22,31,34,36],[7,15,22,24,34,36],[7,15,22,24,31,36],[7,15,22,24,31,34]]","[4,4,4,4,5,5]",4.333333333333333,0.19999999999999929,0.84942188826189791,downloads/official-1-1237/raw/api-0048.json,c74a44cdba29bb459868656a8d486bda405990709112324f1249289289cc11c6
765,20170729,1,3,8,12,42,43,33,54,70972360000,1000,70972360,4,0,"[[3,8,12,33,42,43],[1,8,12,33,42,43],[1,3,12,33,42,43],[1,3,8,33,42,43],[1,3,8,12,33,43],[1,3,8,12,33,42]]","[3,3,3,3,4,4]",3.3333333333333335,-0.80000000000000027,1.0328744880401328,downloads/official-1-1237/raw/api-0048.json,c74a44cdba29bb459868656a8d486bda405990709112324f1249289289cc11c6
766,20170805,9,30,34,35,39,41,21,41,69500769000,1000,69500769,2,1,"[[21,30,34,35,39,41],[9,21,34,35,39,41],[9,21,30,35,39,41],[9,21,30,34,39,41],[9,21,30,34,35,41],[9,21,30,34,35,39]]","[2,2,3,3,3,3]",2.6666666666666665,-1.4666666666666672,0.8008243764899925,downloads/official-1-1237/raw/api-0048.json,c74a44cdba29bb459868656a8d486bda405990709112324f1249289289cc11c6
767,20170812,5,15,20,31,34,42,22,46,71285599000,1000,71285599,4,1,"[[15,20,22,31,34,42],[5,20,22,31,34,42],[5,15,22,31,34,42],[5,15,20,22,34,42],[5,15,20,22,31,42],[5,15,20,22,31,34]]","[4,4,4,4,5,5]",4.333333333333333,0.19999999999999929,0.87598983351462056,downloads/official-1-1237/raw/api-0048.json,c74a44cdba29bb459868656a8d486bda405990709112324f1249289289cc11c6
768,20170819,7,27,29,30,38,44,4,53,72306975000,1000,72306975,4,1,"[[4,27,29,30,38,44],[4,7,29,30,38,44],[4,7,27,30,38,44],[4,7,27,29,38,44],[4,7,27,29,30,44],[4,7,27,29,30,38]]","[4,4,4,4,5,5]",4.333333333333333,0.19999999999999929,0.99503581777553274,downloads/official-1-1237/raw/api-0047.json,97efacaa96b5794b0672619fadb540483ad47014b94ecc105b3c474f78d7f0cf
769,20170826,5,7,11,16,41,45,4,55,72873431000,1000,72873431,4,1,"[[4,7,11,16,41,45],[4,5,11,16,41,45],[4,5,7,16,41,45],[4,5,7,11,41,45],[4,5,7,11,16,45],[4,5,7,11,16,41]]","[4,4,4,4,5,5]",4.333333333333333,0.19999999999999929,1.0245579078059328,downloads/official-1-1237/raw/api-0047.json,97efacaa96b5794b0672619fadb540483ad47014b94ecc105b3c474f78d7f0cf
770,20170902,1,9,12,23,39,43,34,75,74166379000,1000,74166379,4,0,"[[9,12,23,34,39,43],[1,12,23,34,39,43],[1,9,23,34,39,43],[1,9,12,34,39,43],[1,9,12,23,34,43],[1,9,12,23,34,39]]","[3,3,3,3,4,4]",3.3333333333333335,-0.80000000000000027,1.3727682458381849,downloads/official-1-1237/raw/api-0047.json,97efacaa96b5794b0672619fadb540483ad47014b94ecc105b3c474f78d7f0cf
771,20170909,6,10,17,18,21,29,30,49,73545939000,1000,73545939,6,1,"[[10,17,18,21,29,30],[6,17,18,21,29,30],[6,10,18,21,29,30],[6,10,17,21,29,30],[6,10,17,18,29,30],[6,10,17,18,21,30]]","[6,6,6,6,6,6]",6,1.8666666666666663,0.90444137235096012,downloads/official-1-1237/raw/api-0047.json,97efacaa96b5794b0672619fadb540483ad47014b94ecc105b3c474f78d7f0cf
772,20170916,5,6,11,14,21,41,32,53,74375369000,1000,74375369,5,0,"[[6,11,14,21,32,41],[5,11,14,21,32,41],[5,6,14,21,32,41],[5,6,11,21,32,41],[5,6,11,14,32,41],[5,6,11,14,21,32]]","[4,4,4,4,4,5]",4.166666666666667,0.033333333333333215,0.96736367116376931,downloads/official-1-1237/raw/api-0047.json,97efacaa96b5794b0672619fadb540483ad47014b94ecc105b3c474f78d7f0cf
773,20170923,8,12,19,21,31,35,44,58,74560597000,1000,74560597,5,0,"[[12,19,21,31,35,44],[8,19,21,31,35,44],[8,12,21,31,35,44],[8,12,19,31,35,44],[8,12,19,21,35,44],[8,12,19,21,31,44]]","[4,4,4,4,4,5]",4.166666666666667,0.033333333333333215,1.0559944953230458,downloads/official-1-1237/raw/api-0047.json,97efacaa96b5794b0672619fadb540483ad47014b94ecc105b3c474f78d7f0cf
774,20170930,12,15,18,28,34,42,9,60,77347021000,1000,77347021,4,1,"[[9,15,18,28,34,42],[9,12,18,28,34,42],[9,12,15,28,34,42],[9,12,15,18,34,42],[9,12,15,18,28,42],[9,12,15,18,28,34]]","[4,4,4,4,5,5]",4.333333333333333,0.19999999999999929,1.0530541311991835,downloads/official-1-1237/raw/api-0047.json,97efacaa96b5794b0672619fadb540483ad47014b94ecc105b3c474f78d7f0cf
775,20171007,11,12,29,33,38,42,17,37,70795452000,1000,70795452,3,1,"[[12,17,29,33,38,42],[11,17,29,33,38,42],[11,12,17,33,38,42],[11,12,17,29,38,42],[11,12,17,29,33,42],[11,12,17,29,33,38]]","[3,3,3,4,4,4]",3.5,-0.63333333333333375,0.70947876708238267,downloads/official-1-1237/raw/api-0047.json,97efacaa96b5794b0672619fadb540483ad47014b94ecc105b3c474f78d7f0cf
776,20171014,8,9,18,21,28,40,20,50,74826082000,1000,74826082,5,1,"[[9,18,20,21,28,40],[8,18,20,21,28,40],[8,9,20,21,28,40],[8,9,18,20,28,40],[8,9,18,20,21,40],[8,9,18,20,21,28]]","[5,5,5,5,5,6]",5.166666666666667,1.0333333333333332,0.90711017048841336,downloads/official-1-1237/raw/api-0047.json,97efacaa96b5794b0672619fadb540483ad47014b94ecc105b3c474f78d7f0cf
777,20171021,6,12,17,21,34,37,18,66,75534360000,1000,75534360,4,1,"[[12,17,18,21,34,37],[6,17,18,21,34,37],[6,12,18,21,34,37],[6,12,17,18,34,37],[6,12,17,18,21,37],[6,12,17,18,21,34]]","[4,4,4,4,5,5]",4.333333333333333,0.19999999999999929,1.1861576638764133,downloads/official-1-1237/raw/api-0047.json,97efacaa96b5794b0672619fadb540483ad47014b94ecc105b3c474f78d7f0cf
778,20171028,6,21,35,36,37,41,11,67,75075606000,1000,75075606,2,1,"[[11,21,35,36,37,41],[6,11,35,36,37,41],[6,11,21,36,37,41],[6,11,21,35,37,41],[6,11,21,35,36,41],[6,11,21,35,36,37]]","[2,2,3,3,3,3]",2.6666666666666665,-1.4666666666666672,1.2114876568562096,downloads/official-1-1237/raw/api-0046.json,47f34e70088d8119a44ce5d6d11a78183031ba3fa76cf638b8ddc797bcebc956
779,20171104,6,12,19,24,34,41,4,66,73773676000,1000,73773676,4,1,"[[4,12,19,24,34,41],[4,6,19,24,34,41],[4,6,12,24,34,41],[4,6,12,19,34,41],[4,6,12,19,24,41],[4,6,12,19,24,34]]","[4,4,4,4,5,5]",4.333333333333333,0.19999999999999929,1.2144665259733025,downloads/official-1-1237/raw/api-0046.json,47f34e70088d8119a44ce5d6d11a78183031ba3fa76cf638b8ddc797bcebc956
780,20171111,15,17,19,21,27,45,16,45,74232084000,1000,74232084,5,1,"[[16,17,19,21,27,45],[15,16,19,21,27,45],[15,16,17,21,27,45],[15,16,17,19,27,45],[15,16,17,19,21,45],[15,16,17,19,21,27]]","[5,5,5,5,5,6]",5.166666666666667,1.0333333333333332,0.82293190098232993,downloads/official-1-1237/raw/api-0046.json,47f34e70088d8119a44ce5d6d11a78183031ba3fa76cf638b8ddc797bcebc956
781,20171118,11,16,18,19,24,39,43,52,72483157000,1000,72483157,5,0,"[[16,18,19,24,39,43],[11,18,19,24,39,43],[11,16,19,24,39,43],[11,16,18,24,39,43],[11,16,18,19,39,43],[11,16,18,19,24,43]]","[4,4,4,4,4,5]",4.166666666666667,0.033333333333333215,0.97388859593960564,downloads/official-1-1237/raw/api-0046.json,47f34e70088d8119a44ce5d6d11a78183031ba3fa76cf638b8ddc797bcebc956
782,20171125,6,18,31,34,38,45,20,49,72253973000,1000,72253973,3,1,"[[18,20,31,34,38,45],[6,20,31,34,38,45],[6,18,20,34,38,45],[6,18,20,31,38,45],[6,18,20,31,34,45],[6,18,20,31,34,38]]","[3,3,3,4,4,4]",3.5,-0.63333333333333375,0.92061359726198033,downloads/official-1-1237/raw/api-0046.json,47f34e70088d8119a44ce5d6d11a78183031ba3fa76cf638b8ddc797bcebc956
783,20171202,14,15,16,17,38,45,36,36,73525256000,1000,73525256,4,0,"[[15,16,17,36,38,45],[14,16,17,36,38,45],[14,15,17,36,38,45],[14,15,16,36,38,45],[14,15,16,17,36,45],[14,15,16,17,36,38]]","[3,3,3,3,4,4]",3.3333333333333335,-0.80000000000000027,0.66467446233713212,downloads/official-1-1237/raw/api-0046.json,47f34e70088d8119a44ce5d6d11a78183031ba3fa76cf638b8ddc797bcebc956
784,20171209,3,10,23,24,31,39,22,51,74311382000,1000,74311382,5,1,"[[10,22,23,24,31,39],[3,22,23,24,31,39],[3,10,22,24,31,39],[3,10,22,23,31,39],[3,10,22,23,24,39],[3,10,22,23,24,31]]","[5,5,5,5,5,6]",5.166666666666667,1.0333333333333332,0.93166091299445886,downloads/official-1-1237/raw/api-0046.json,47f34e70088d8119a44ce5d6d11a78183031ba3fa76cf638b8ddc797bcebc956
785,20171216,4,6,15,25,26,33,40,55,72974563000,1000,72974563,5,0,"[[6,15,25,26,33,40],[4,15,25,26,33,40],[4,6,25,26,33,40],[4,6,15,26,33,40],[4,6,15,25,33,40],[4,6,15,25,26,40]]","[4,4,4,4,4,5]",4.166666666666667,0.033333333333333215,1.0231380213952086,downloads/official-1-1237/raw/api-0046.json,47f34e70088d8119a44ce5d6d11a78183031ba3fa76cf638b8ddc797bcebc956
786,20171223,12,15,16,20,24,30,38,96,75930156000,1000,75930156,6,0,"[[15,16,20,24,30,38],[12,16,20,24,30,38],[12,15,20,24,30,38],[12,15,16,24,30,38],[12,15,16,20,30,38],[12,15,16,20,24,38]]","[5,5,5,5,5,5]",5,0.86666666666666625,1.7163267779931863,downloads/official-1-1237/raw/api-0046.json,47f34e70088d8119a44ce5d6d11a78183031ba3fa76cf638b8ddc797bcebc956
787,20171230,5,6,13,16,27,28,9,51,79593923000,1000,79593923,6,1,"[[6,9,13,16,27,28],[5,9,13,16,27,28],[5,6,9,16,27,28],[5,6,9,13,27,28],[5,6,9,13,16,28],[5,6,9,13,16,27]]","[6,6,6,6,6,6]",6,1.8666666666666663,0.86982783848962941,downloads/official-1-1237/raw/api-0046.json,47f34e70088d8119a44ce5d6d11a78183031ba3fa76cf638b8ddc797bcebc956
788,20180106,2,10,11,19,35,39,29,70,78121882000,1000,78121882,4,1,"[[10,11,19,29,35,39],[2,11,19,29,35,39],[2,10,19,29,35,39],[2,10,11,29,35,39],[2,10,11,19,29,39],[2,10,11,19,29,35]]","[4,4,4,4,5,5]",4.333333333333333,0.19999999999999929,1.2163775061128199,downloads/official-1-1237/raw/api-0045.json,e0473291cbd41fe7d8188a203ca7606530973b5e66c8bff0bc68dd8e163f5884
789,20180113,2,6,7,12,19,45,38,70,76136603000,1000,76136603,5,0,"[[6,7,12,19,38,45],[2,7,12,19,38,45],[2,6,12,19,38,45],[2,6,7,19,38,45],[2,6,7,12,38,45],[2,6,7,12,19,38]]","[4,4,4,4,4,5]",4.166666666666667,0.033333333333333215,1.2480948224075614,downloads/official-1-1237/raw/api-0045.json,e0473291cbd41fe7d8188a203ca7606530973b5e66c8bff0bc68dd8e163f5884
790,20180120,3,8,19,27,30,41,12,59,78978881000,1000,78978881,5,1,"[[8,12,19,27,30,41],[3,12,19,27,30,41],[3,8,12,27,30,41],[3,8,12,19,30,41],[3,8,12,19,27,41],[3,8,12,19,27,30]]","[5,5,5,5,5,6]",5.166666666666667,1.0333333333333332,1.0141076827867439,downloads/official-1-1237/raw/api-0045.json,e0473291cbd41fe7d8188a203ca7606530973b5e66c8bff0bc68dd8e163f5884
791,20180127,2,10,12,31,33,42,32,38,74205844000,1000,74205844,4,0,"[[10,12,31,32,33,42],[2,12,31,32,33,42],[2,10,31,32,33,42],[2,10,12,32,33,42],[2,10,12,31,32,42],[2,10,12,31,32,33]]","[3,3,3,3,4,4]",3.3333333333333335,-0.80000000000000027,0.69516600336760537,downloads/official-1-1237/raw/api-0045.json,e0473291cbd41fe7d8188a203ca7606530973b5e66c8bff0bc68dd8e163f5884
792,20180203,2,7,19,25,29,36,16,65,76339003000,1000,76339003,5,1,"[[7,16,19,25,29,36],[2,16,19,25,29,36],[2,7,16,25,29,36],[2,7,16,19,29,36],[2,7,16,19,25,36],[2,7,16,19,25,29]]","[5,5,5,5,5,6]",5.166666666666667,1.0333333333333332,1.1558724443912374,downloads/official-1-1237/raw/api-0045.json,e0473291cbd41fe7d8188a203ca7606530973b5e66c8bff0bc68dd8e163f5884
793,20180210,10,15,21,35,38,43,31,61,76177477000,1000,76177477,3,1,"[[15,21,31,35,38,43],[10,21,31,35,38,43],[10,15,31,35,38,43],[10,15,21,31,38,43],[10,15,21,31,35,43],[10,15,21,31,35,38]]","[3,3,3,4,4,4]",3.5,-0.63333333333333375,1.087041908725856,downloads/official-1-1237/raw/api-0045.json,e0473291cbd41fe7d8188a203ca7606530973b5e66c8bff0bc68dd8e163f5884
794,20180217,6,7,18,19,30,38,13,45,79941579000,1000,79941579,5,1,"[[7,13,18,19,30,38],[6,13,18,19,30,38],[6,7,13,19,30,38],[6,7,13,18,30,38],[6,7,13,18,19,38],[6,7,13,18,19,30]]","[5,5,5,5,5,6]",5.166666666666667,1.0333333333333332,0.76415741050098596,downloads/official-1-1237/raw/api-0045.json,e0473291cbd41fe7d8188a203ca7606530973b5e66c8bff0bc68dd8e163f5884
795,20180224,3,10,13,26,34,38,36,62,79661342000,1000,79661342,4,0,"[[10,13,26,34,36,38],[3,13,26,34,36,38],[3,10,26,34,36,38],[3,10,13,34,36,38],[3,10,13,26,36,38],[3,10,13,26,34,36]]","[3,3,3,3,4,4]",3.3333333333333335,-0.80000000000000027,1.0565428335364975,downloads/official-1-1237/raw/api-0045.json,e0473291cbd41fe7d8188a203ca7606530973b5e66c8bff0bc68dd8e163f5884
796,20180303,1,21,26,36,40,41,5,46,77685943000,1000,77685943,3,1,"[[5,21,26,36,40,41],[1,5,26,36,40,41],[1,5,21,36,40,41],[1,5,21,26,40,41],[1,5,21,26,36,41],[1,5,21,26,36,40]]","[3,3,3,4,4,4]",3.5,-0.63333333333333375,0.80381929585382006,downloads/official-1-1237/raw/api-0045.json,e0473291cbd41fe7d8188a203ca7606530973b5e66c8bff0bc68dd8e163f5884
797,20180310,5,22,31,32,39,45,36,34,77339940000,1000,77339940,3,0,"[[22,31,32,36,39,45],[5,31,32,36,39,45],[5,22,32,36,39,45],[5,22,31,36,39,45],[5,22,31,32,36,45],[5,22,31,32,36,39]]","[2,2,2,3,3,3]",2.5,-1.6333333333333337,0.59678530911712624,downloads/official-1-1237/raw/api-0045.json,e0473291cbd41fe7d8188a203ca7606530973b5e66c8bff0bc68dd8e163f5884
798,20180317,2,10,14,22,32,36,41,60,77038759000,1000,77038759,4,0,"[[10,14,22,32,36,41],[2,14,22,32,36,41],[2,10,22,32,36,41],[2,10,14,32,36,41],[2,10,14,22,36,41],[2,10,14,22,32,41]]","[3,3,3,3,4,4]",3.3333333333333335,-0.80000000000000027,1.0572678098306334,downloads/official-1-1237/raw/api-0044.json,1b954540474b36df35ba5a80e4ffd31a19fa29f81a6e14830f671a8d05c3b4e6
799,20180324,12,17,23,34,42,45,33,56,76708986000,1000,76708986,3,0,"[[17,23,33,34,42,45],[12,23,33,34,42,45],[12,17,33,34,42,45],[12,17,23,33,42,45],[12,17,23,33,34,45],[12,17,23,33,34,42]]","[2,2,2,3,3,3]",2.5,-1.6333333333333337,0.99102548428941561,downloads/official-1-1237/raw/api-0044.json,1b954540474b36df35ba5a80e4ffd31a19fa29f81a6e14830f671a8d05c3b4e6
800,20180331,1,4,10,12,28,45,26,51,76994062000,1000,76994062,5,1,"[[4,10,12,26,28,45],[1,10,12,26,28,45],[1,4,12,26,28,45],[1,4,10,26,28,45],[1,4,10,12,26,45],[1,4,10,12,26,28]]","[5,5,5,5,5,6]",5.166666666666667,1.0333333333333332,0.89919934345066765,downloads/official-1-1237/raw/api-0044.json,1b954540474b36df35ba5a80e4ffd31a19fa29f81a6e14830f671a8d05c3b4e6
801,20180407,17,25,28,37,43,44,2,51,74034792000,1000,74034792,3,1,"[[2,25,28,37,43,44],[2,17,28,37,43,44],[2,17,25,37,43,44],[2,17,25,28,43,44],[2,17,25,28,37,44],[2,17,25,28,37,43]]","[3,3,3,4,4,4]",3.5,-0.63333333333333375,0.93514154804406013,downloads/official-1-1237/raw/api-0044.json,1b954540474b36df35ba5a80e4ffd31a19fa29f81a6e14830f671a8d05c3b4e6
802,20180414,10,11,12,18,24,42,27,67,75146781000,1000,75146781,5,1,"[[11,12,18,24,27,42],[10,12,18,24,27,42],[10,11,18,24,27,42],[10,11,12,24,27,42],[10,11,12,18,27,42],[10,11,12,18,24,27]]","[5,5,5,5,5,6]",5.166666666666667,1.0333333333333332,1.2103402007332822,downloads/official-1-1237/raw/api-0044.json,1b954540474b36df35ba5a80e4ffd31a19fa29f81a6e14830f671a8d05c3b4e6
803,20180421,5,9,14,26,30,43,2,50,75670793000,1000,75670793,5,1,"[[2,9,14,26,30,43],[2,5,14,26,30,43],[2,5,9,26,30,43],[2,5,9,14,30,43],[2,5,9,14,26,43],[2,5,9,14,26,30]]","[5,5,5,5,5,6]",5.166666666666667,1.0333333333333332,0.89698412437675923,downloads/official-1-1237/raw/api-0044.json,1b954540474b36df35ba5a80e4ffd31a19fa29f81a6e14830f671a8d05c3b4e6
804,20180428,1,10,13,26,32,36,9,49,74557028000,1000,74557028,4,1,"[[9,10,13,26,32,36],[1,9,13,26,32,36],[1,9,10,26,32,36],[1,9,10,13,32,36],[1,9,10,13,26,36],[1,9,10,13,26,32]]","[4,4,4,4,5,5]",4.333333333333333,0.19999999999999929,0.89217598641405071,downloads/official-1-1237/raw/api-0044.json,1b954540474b36df35ba5a80e4ffd31a19fa29f81a6e14830f671a8d05c3b4e6
805,20180505,3,12,13,18,31,32,42,53,73065981000,1000,73065981,5,0,"[[12,13,18,31,32,42],[3,13,18,31,32,42],[3,12,18,31,32,42],[3,12,13,31,32,42],[3,12,13,18,32,42],[3,12,13,18,31,42]]","[4,4,4,4,4,5]",4.166666666666667,0.033333333333333215,0.98469943214749966,downloads/official-1-1237/raw/api-0044.json,1b954540474b36df35ba5a80e4ffd31a19fa29f81a6e14830f671a8d05c3b4e6
806,20180512,14,20,23,31,37,38,27,57,74030583000,1000,74030583,4,1,"[[20,23,27,31,37,38],[14,23,27,31,37,38],[14,20,27,31,37,38],[14,20,23,27,37,38],[14,20,23,27,31,38],[14,20,23,27,31,37]]","[4,4,4,4,5,5]",4.333333333333333,0.19999999999999929,1.0452176231004422,downloads/official-1-1237/raw/api-0044.json,1b954540474b36df35ba5a80e4ffd31a19fa29f81a6e14830f671a8d05c3b4e6
807,20180519,6,10,18,25,34,35,33,59,73831580000,1000,73831580,4,0,"[[10,18,25,33,34,35],[6,18,25,33,34,35],[6,10,25,33,34,35],[6,10,18,33,34,35],[6,10,18,25,33,35],[6,10,18,25,33,34]]","[3,3,3,3,4,4]",3.3333333333333335,-0.80000000000000027,1.0848080184658109,downloads/official-1-1237/raw/api-0044.json,1b954540474b36df35ba5a80e4ffd31a19fa29f81a6e14830f671a8d05c3b4e6
808,20180526,15,21,31,32,41,43,24,46,74911438000,1000,74911438,3,1,"[[21,24,31,32,41,43],[15,24,31,32,41,43],[15,21,24,32,41,43],[15,21,24,31,41,43],[15,21,24,31,32,43],[15,21,24,31,32,41]]","[3,3,3,4,4,4]",3.5,-0.63333333333333375,0.83359045917660801,downloads/official-1-1237/raw/api-0043.json,197e8132f53eeac90990789c42d2b3f57d4ca07663da3b72c1e680d20571afa9
809,20180602,6,11,15,17,23,40,39,56,74214104000,1000,74214104,5,0,"[[11,15,17,23,39,40],[6,15,17,23,39,40],[6,11,17,23,39,40],[6,11,15,23,39,40],[6,11,15,17,39,40],[6,11,15,17,23,39]]","[4,4,4,4,4,5]",4.166666666666667,0.033333333333333215,1.0243411414089161,downloads/official-1-1237/raw/api-0043.json,197e8132f53eeac90990789c42d2b3f57d4ca07663da3b72c1e680d20571afa9
810,20180609,5,10,13,21,39,43,11,64,74388355000,1000,74388355,4,1,"[[10,11,13,21,39,43],[5,11,13,21,39,43],[5,10,11,21,39,43],[5,10,11,13,39,43],[5,10,11,13,21,43],[5,10,11,13,21,39]]","[4,4,4,4,5,5]",4.333333333333333,0.19999999999999929,1.1679333411795434,downloads/official-1-1237/raw/api-0043.json,197e8132f53eeac90990789c42d2b3f57d4ca07663da3b72c1e680d20571afa9
811,20180616,8,11,19,21,36,45,25,49,74570813000,1000,74570813,4,1,"[[11,19,21,25,36,45],[8,19,21,25,36,45],[8,11,21,25,36,45],[8,11,19,25,36,45],[8,11,19,21,25,45],[8,11,19,21,25,36]]","[4,4,4,4,5,5]",4.333333333333333,0.19999999999999929,0.89201106068134195,downloads/official-1-1237/raw/api-0043.json,197e8132f53eeac90990789c42d2b3f57d4ca07663da3b72c1e680d20571afa9
812,20180623,1,3,12,14,16,43,10,68,74147816000,1000,74147816,5,1,"[[3,10,12,14,16,43],[1,10,12,14,16,43],[1,3,10,14,16,43],[1,3,10,12,16,43],[1,3,10,12,14,43],[1,3,10,12,14,16]]","[5,5,5,5,5,6]",5.166666666666667,1.0333333333333332,1.2449548075697874,downloads/official-1-1237/raw/api-0043.json,197e8132f53eeac90990789c42d2b3f57d4ca07663da3b72c1e680d20571afa9
813,20180630,11,30,34,35,42,44,27,43,73394947000,1000,73394947,2,1,"[[27,30,34,35,42,44],[11,27,34,35,42,44],[11,27,30,35,42,44],[11,27,30,34,42,44],[11,27,30,34,35,44],[11,27,30,34,35,42]]","[2,2,3,3,3,3]",2.6666666666666665,-1.4666666666666672,0.79532627770682907,downloads/official-1-1237/raw/api-0043.json,197e8132f53eeac90990789c42d2b3f57d4ca07663da3b72c1e680d20571afa9
814,20180707,2,21,28,38,42,45,30,52,74316543000,1000,74316543,3,1,"[[21,28,30,38,42,45],[2,28,30,38,42,45],[2,21,30,38,42,45],[2,21,28,30,42,45],[2,21,28,30,38,45],[2,21,28,30,38,42]]","[3,3,3,4,4,4]",3.5,-0.63333333333333375,0.94986280510922039,downloads/official-1-1237/raw/api-0043.json,197e8132f53eeac90990789c42d2b3f57d4ca07663da3b72c1e680d20571afa9
815,20180714,17,21,25,26,27,36,4,39,73416400000,1000,73416400,5,1,"[[4,21,25,26,27,36],[4,17,25,26,27,36],[4,17,21,26,27,36],[4,17,21,25,27,36],[4,17,21,25,26,36],[4,17,21,25,26,27]]","[5,5,5,5,5,6]",5.166666666666667,1.0333333333333332,0.72113165450771222,downloads/official-1-1237/raw/api-0043.json,197e8132f53eeac90990789c42d2b3f57d4ca07663da3b72c1e680d20571afa9
816,20180721,12,18,19,29,31,39,7,67,72397826000,1000,72397826,5,1,"[[7,18,19,29,31,39],[7,12,19,29,31,39],[7,12,18,29,31,39],[7,12,18,19,31,39],[7,12,18,19,29,39],[7,12,18,19,29,31]]","[5,5,5,5,5,6]",5.166666666666667,1.0333333333333332,1.2562969777573156,downloads/official-1-1237/raw/api-0043.json,197e8132f53eeac90990789c42d2b3f57d4ca07663da3b72c1e680d20571afa9
817,20180728,3,9,12,13,25,43,34,54,72552766000,1000,72552766,5,0,"[[9,12,13,25,34,43],[3,12,13,25,34,43],[3,9,13,25,34,43],[3,9,12,25,34,43],[3,9,12,13,34,43],[3,9,12,13,25,34]]","[4,4,4,4,4,5]",4.166666666666667,0.033333333333333215,1.0103755382668664,downloads/official-1-1237/raw/api-0043.json,197e8132f53eeac90990789c42d2b3f57d4ca07663da3b72c1e680d20571afa9
818,20180804,14,15,25,28,29,30,3,39,71793353000,1000,71793353,6,1,"[[3,15,25,28,29,30],[3,14,25,28,29,30],[3,14,15,28,29,30],[3,14,15,25,29,30],[3,14,15,25,28,30],[3,14,15,25,28,29]]","[6,6,6,6,6,6]",6,1.8666666666666663,0.73743442516189484,downloads/official-1-1237/raw/api-0042.json,516b054415c004052f86755bff5bfd2363268dd7b173848b009277e823ac50f1
819,20180811,16,25,33,38,40,45,15,49,74578907000,1000,74578907,2,1,"[[15,25,33,38,40,45],[15,16,33,38,40,45],[15,16,25,38,40,45],[15,16,25,33,40,45],[15,16,25,33,38,45],[15,16,25,33,38,40]]","[2,2,3,3,3,3]",2.6666666666666665,-1.4666666666666672,0.89191425130432656,downloads/official-1-1237/raw/api-0042.json,516b054415c004052f86755bff5bfd2363268dd7b173848b009277e823ac50f1
820,20180818,10,21,22,30,35,42,6,60,75744571000,1000,75744571,4,1,"[[6,21,22,30,35,42],[6,10,22,30,35,42],[6,10,21,30,35,42],[6,10,21,22,35,42],[6,10,21,22,30,42],[6,10,21,22,30,35]]","[4,4,4,4,5,5]",4.333333333333333,0.19999999999999929,1.0753325145903856,downloads/official-1-1237/raw/api-0042.json,516b054415c004052f86755bff5bfd2363268dd7b173848b009277e823ac50f1
821,20180825,1,12,13,24,29,44,16,55,76118239000,1000,76118239,5,1,"[[12,13,16,24,29,44],[1,13,16,24,29,44],[1,12,16,24,29,44],[1,12,13,16,29,44],[1,12,13,16,24,44],[1,12,13,16,24,29]]","[5,5,5,5,5,6]",5.166666666666667,1.0333333333333332,0.98088251884019539,downloads/official-1-1237/raw/api-0042.json,516b054415c004052f86755bff5bfd2363268dd7b173848b009277e823ac50f1
822,20180901,9,18,20,24,27,36,12,79,75681739000,1000,75681739,5,1,"[[12,18,20,24,27,36],[9,12,20,24,27,36],[9,12,18,24,27,36],[9,12,18,20,27,36],[9,12,18,20,24,36],[9,12,18,20,24,27]]","[5,5,5,5,5,6]",5.166666666666667,1.0333333333333332,1.4170299390187109,downloads/official-1-1237/raw/api-0042.json,516b054415c004052f86755bff5bfd2363268dd7b173848b009277e823ac50f1
823,20180908,12,18,24,26,39,40,15,61,77400124000,1000,77400124,4,1,"[[15,18,24,26,39,40],[12,15,24,26,39,40],[12,15,18,26,39,40],[12,15,18,24,39,40],[12,15,18,24,26,40],[12,15,18,24,26,39]]","[4,4,4,4,5,5]",4.333333333333333,0.19999999999999929,1.0698705082177904,downloads/official-1-1237/raw/api-0042.json,516b054415c004052f86755bff5bfd2363268dd7b173848b009277e823ac50f1
824,20180915,7,9,24,29,34,38,26,51,78257422000,1000,78257422,4,1,"[[9,24,26,29,34,38],[7,24,26,29,34,38],[7,9,26,29,34,38],[7,9,24,26,34,38],[7,9,24,26,29,38],[7,9,24,26,29,34]]","[4,4,4,4,5,5]",4.333333333333333,0.19999999999999929,0.88468298891829067,downloads/official-1-1237/raw/api-0042.json,516b054415c004052f86755bff5bfd2363268dd7b173848b009277e823ac50f1
825,20180922,8,15,21,31,33,38,42,53,82890578000,1000,82890578,4,0,"[[15,21,31,33,38,42],[8,21,31,33,38,42],[8,15,31,33,38,42],[8,15,21,33,38,42],[8,15,21,31,38,42],[8,15,21,31,33,42]]","[3,3,3,3,4,4]",3.3333333333333335,-0.80000000000000027,0.86798803598643026,downloads/official-1-1237/raw/api-0042.json,516b054415c004052f86755bff5bfd2363268dd7b173848b009277e823ac50f1
826,20180929,13,16,24,25,33,36,42,47,78218740000,1000,78218740,4,0,"[[16,24,25,33,36,42],[13,24,25,33,36,42],[13,16,25,33,36,42],[13,16,24,33,36,42],[13,16,24,25,36,42],[13,16,24,25,33,42]]","[3,3,3,3,4,4]",3.3333333333333335,-0.80000000000000027,0.81569928127198166,downloads/official-1-1237/raw/api-0042.json,516b054415c004052f86755bff5bfd2363268dd7b173848b009277e823ac50f1
827,20181006,5,11,12,29,33,44,14,46,76490125000,1000,76490125,4,1,"[[11,12,14,29,33,44],[5,12,14,29,33,44],[5,11,14,29,33,44],[5,11,12,14,33,44],[5,11,12,14,29,44],[5,11,12,14,29,33]]","[4,4,4,4,5,5]",4.333333333333333,0.19999999999999929,0.81638590602381678,downloads/official-1-1237/raw/api-0042.json,516b054415c004052f86755bff5bfd2363268dd7b173848b009277e823ac50f1
828,20181013,4,7,13,29,31,39,18,62,77552827000,1000,77552827,5,1,"[[7,13,18,29,31,39],[4,13,18,29,31,39],[4,7,18,29,31,39],[4,7,13,18,31,39],[4,7,13,18,29,39],[4,7,13,18,29,31]]","[5,5,5,5,5,6]",5.166666666666667,1.0333333333333332,1.0852682391578066,downloads/official-1-1237/raw/api-0041.json,376eb0bc056e173cfe1e54cdf5a66284a7209bc0a31a011d7681d747af5a63a1
829,20181020,4,5,31,35,43,45,29,45,77998807000,1000,77998807,3,1,"[[5,29,31,35,43,45],[4,29,31,35,43,45],[4,5,29,35,43,45],[4,5,29,31,43,45],[4,5,29,31,35,45],[4,5,29,31,35,43]]","[3,3,3,4,4,4]",3.5,-0.63333333333333375,0.78319082495710479,downloads/official-1-1237/raw/api-0041.json,376eb0bc056e173cfe1e54cdf5a66284a7209bc0a31a011d7681d747af5a63a1
830,20181027,5,6,16,18,37,38,17,80,77714000000,1000,77714000,4,1,"[[6,16,17,18,37,38],[5,16,17,18,37,38],[5,6,17,18,37,38],[5,6,16,17,37,38],[5,6,16,17,18,38],[5,6,16,17,18,37]]","[4,4,4,4,5,5]",4.333333333333333,0.19999999999999929,1.3974419023599352,downloads/official-1-1237/raw/api-0041.json,376eb0bc056e173cfe1e54cdf5a66284a7209bc0a31a011d7681d747af5a63a1
831,20181103,3,10,16,19,31,39,9,61,77622753000,1000,77622753,5,1,"[[9,10,16,19,31,39],[3,9,16,19,31,39],[3,9,10,19,31,39],[3,9,10,16,31,39],[3,9,10,16,19,39],[3,9,10,16,19,31]]","[5,5,5,5,5,6]",5.166666666666667,1.0333333333333332,1.0668020238859603,downloads/official-1-1237/raw/api-0041.json,376eb0bc056e173cfe1e54cdf5a66284a7209bc0a31a011d7681d747af5a63a1
832,20181110,13,14,19,26,40,43,30,60,77411900000,1000,77411900,4,1,"[[14,19,26,30,40,43],[13,19,26,30,40,43],[13,14,26,30,40,43],[13,14,19,30,40,43],[13,14,19,26,30,43],[13,14,19,26,30,40]]","[4,4,4,4,5,5]",4.333333333333333,0.19999999999999929,1.0521715653536472,downloads/official-1-1237/raw/api-0041.json,376eb0bc056e173cfe1e54cdf5a66284a7209bc0a31a011d7681d747af5a63a1
833,20181117,12,18,30,39,41,42,19,53,77738402000,1000,77738402,3,1,"[[18,19,30,39,41,42],[12,19,30,39,41,42],[12,18,19,39,41,42],[12,18,19,30,41,42],[12,18,19,30,39,42],[12,18,19,30,39,41]]","[3,3,3,4,4,4]",3.5,-0.63333333333333375,0.92551465104723918,downloads/official-1-1237/raw/api-0041.json,376eb0bc056e173cfe1e54cdf5a66284a7209bc0a31a011d7681d747af5a63a1
834,20181124,6,8,18,35,42,43,3,47,75941791000,1000,75941791,3,1,"[[3,8,18,35,42,43],[3,6,18,35,42,43],[3,6,8,35,42,43],[3,6,8,18,42,43],[3,6,8,18,35,43],[3,6,8,18,35,42]]","[3,3,3,4,4,4]",3.5,-0.63333333333333375,0.84015624545910428,downloads/official-1-1237/raw/api-0041.json,376eb0bc056e173cfe1e54cdf5a66284a7209bc0a31a011d7681d747af5a63a1
835,20181201,9,10,13,28,38,45,35,58,77694435000,1000,77694435,4,0,"[[10,13,28,35,38,45],[9,13,28,35,38,45],[9,10,28,35,38,45],[9,10,13,35,38,45],[9,10,13,28,35,45],[9,10,13,28,35,38]]","[3,3,3,3,4,4]",3.3333333333333335,-0.80000000000000027,1.0134005093157572,downloads/official-1-1237/raw/api-0041.json,376eb0bc056e173cfe1e54cdf5a66284a7209bc0a31a011d7681d747af5a63a1
836,20181208,1,9,11,14,26,28,19,62,74536697000,1000,74536697,6,1,"[[9,11,14,19,26,28],[1,11,14,19,26,28],[1,9,14,19,26,28],[1,9,11,19,26,28],[1,9,11,14,19,28],[1,9,11,14,19,26]]","[6,6,6,6,6,6]",6,1.8666666666666663,1.1291836556696362,downloads/official-1-1237/raw/api-0041.json,376eb0bc056e173cfe1e54cdf5a66284a7209bc0a31a011d7681d747af5a63a1
837,20181215,2,25,28,30,33,45,6,47,76614176000,1000,76614176,4,1,"[[6,25,28,30,33,45],[2,6,28,30,33,45],[2,6,25,30,33,45],[2,6,25,28,33,45],[2,6,25,28,30,45],[2,6,25,28,30,33]]","[4,4,4,4,5,5]",4.333333333333333,0.19999999999999929,0.8327828259877128,downloads/official-1-1237/raw/api-0041.json,376eb0bc056e173cfe1e54cdf5a66284a7209bc0a31a011d7681d747af5a63a1
838,20181222,9,14,17,33,36,38,20,68,79414484000,1000,79414484,3,1,"[[14,17,20,33,36,38],[9,17,20,33,36,38],[9,14,20,33,36,38],[9,14,17,20,36,38],[9,14,17,20,33,38],[9,14,17,20,33,36]]","[3,3,3,4,4,4]",3.5,-0.63333333333333375,1.162390981473858,downloads/official-1-1237/raw/api-0040.json,6b0c2797a0d7ee370091d3979bab9e9765b15a860aa4601ad680735bd2fcccf8
839,20181229,3,9,11,12,13,19,35,48,79219710000,1000,79219710,6,0,"[[9,11,12,13,19,35],[3,11,12,13,19,35],[3,9,12,13,19,35],[3,9,11,13,19,35],[3,9,11,12,19,35],[3,9,11,12,13,35]]","[5,5,5,5,5,5]",5,0.86666666666666625,0.82252863586599845,downloads/official-1-1237/raw/api-0040.json,6b0c2797a0d7ee370091d3979bab9e9765b15a860aa4601ad680735bd2fcccf8
840,20190105,2,4,11,28,29,43,27,51,84057771000,1000,84057771,5,1,"[[4,11,27,28,29,43],[2,11,27,28,29,43],[2,4,27,28,29,43],[2,4,11,27,29,43],[2,4,11,27,28,43],[2,4,11,27,28,29]]","[5,5,5,5,5,6]",5.166666666666667,1.0333333333333332,0.82363604431052539,downloads/official-1-1237/raw/api-0040.json,6b0c2797a0d7ee370091d3979bab9e9765b15a860aa4601ad680735bd2fcccf8
841,20190112,5,11,14,30,33,38,24,88,81580789000,1000,81580789,4,1,"[[11,14,24,30,33,38],[5,14,24,30,33,38],[5,11,24,30,33,38],[5,11,14,24,33,38],[5,11,14,24,30,38],[5,11,14,24,30,33]]","[4,4,4,4,5,5]",4.333333333333333,0.19999999999999929,1.4643261172676327,downloads/official-1-1237/raw/api-0040.json,6b0c2797a0d7ee370091d3979bab9e9765b15a860aa4601ad680735bd2fcccf8
842,20190119,14,26,32,36,39,42,38,42,81957444000,1000,81957444,2,0,"[[26,32,36,38,39,42],[14,32,36,38,39,42],[14,26,36,38,39,42],[14,26,32,38,39,42],[14,26,32,36,38,42],[14,26,32,36,38,39]]","[1,1,2,2,2,2]",1.6666666666666667,-2.4666666666666668,0.69567103630025362,downloads/official-1-1237/raw/api-0040.json,6b0c2797a0d7ee370091d3979bab9e9765b15a860aa4601ad680735bd2fcccf8
843,20190126,19,21,30,33,34,42,4,52,81857498000,1000,81857498,3,1,"[[4,21,30,33,34,42],[4,19,30,33,34,42],[4,19,21,33,34,42],[4,19,21,30,34,42],[4,19,21,30,33,42],[4,19,21,30,33,34]]","[3,3,3,4,4,4]",3.5,-0.63333333333333375,0.86235863207057706,downloads/official-1-1237/raw/api-0040.json,6b0c2797a0d7ee370091d3979bab9e9765b15a860aa4601ad680735bd2fcccf8
844,20190202,7,8,13,15,33,45,18,73,87805610000,1000,87805610,4,1,"[[8,13,15,18,33,45],[7,13,15,18,33,45],[7,8,15,18,33,45],[7,8,13,18,33,45],[7,8,13,15,18,45],[7,8,13,15,18,33]]","[4,4,4,4,5,5]",4.333333333333333,0.19999999999999929,1.1286093223428435,downloads/official-1-1237/raw/api-0040.json,6b0c2797a0d7ee370091d3979bab9e9765b15a860aa4601ad680735bd2fcccf8
845,20190209,1,16,29,33,40,45,6,56,83884034000,1000,83884034,3,1,"[[6,16,29,33,40,45],[1,6,29,33,40,45],[1,6,16,33,40,45],[1,6,16,29,40,45],[1,6,16,29,33,45],[1,6,16,29,33,40]]","[3,3,3,4,4,4]",3.5,-0.63333333333333375,0.90625779871292311,downloads/official-1-1237/raw/api-0040.json,6b0c2797a0d7ee370091d3979bab9e9765b15a860aa4601ad680735bd2fcccf8
846,20190216,5,18,30,41,43,45,13,69,83936839000,1000,83936839,3,1,"[[13,18,30,41,43,45],[5,13,30,41,43,45],[5,13,18,41,43,45],[5,13,18,30,43,45],[5,13,18,30,41,45],[5,13,18,30,41,43]]","[3,3,3,4,4,4]",3.5,-0.63333333333333375,1.1159365913219581,downloads/official-1-1237/raw/api-0040.json,6b0c2797a0d7ee370091d3979bab9e9765b15a860aa4601ad680735bd2fcccf8
847,20190223,12,16,26,28,30,42,22,40,83782512000,1000,83782512,5,1,"[[16,22,26,28,30,42],[12,22,26,28,30,42],[12,16,22,28,30,42],[12,16,22,26,30,42],[12,16,22,26,28,42],[12,16,22,26,28,30]]","[5,5,5,5,5,6]",5.166666666666667,1.0333333333333332,0.64811138629980447,downloads/official-1-1237/raw/api-0040.json,6b0c2797a0d7ee370091d3979bab9e9765b15a860aa4601ad680735bd2fcccf8
848,20190302,1,2,16,22,38,39,34,42,84523266000,1000,84523266,4,0,"[[2,16,22,34,38,39],[1,16,22,34,38,39],[1,2,22,34,38,39],[1,2,16,34,38,39],[1,2,16,22,34,39],[1,2,16,22,34,38]]","[3,3,3,3,4,4]",3.3333333333333335,-0.80000000000000027,0.67455296864652625,downloads/official-1-1237/raw/api-0039.json,e6244e52d227ea8453cf264274fb33ed77a42b35cde17593e81f43e01f031f60
849,20190309,5,13,17,29,34,39,3,56,82333674000,1000,82333674,4,1,"[[3,13,17,29,34,39],[3,5,17,29,34,39],[3,5,13,29,34,39],[3,5,13,17,34,39],[3,5,13,17,29,39],[3,5,13,17,29,34]]","[4,4,4,4,5,5]",4.333333333333333,0.19999999999999929,0.92332281928776794,downloads/official-1-1237/raw/api-0039.json,e6244e52d227ea8453cf264274fb33ed77a42b35cde17593e81f43e01f031f60
850,20190316,16,20,24,28,36,39,5,55,81474176000,1000,81474176,4,1,"[[5,20,24,28,36,39],[5,16,24,28,36,39],[5,16,20,28,36,39],[5,16,20,24,36,39],[5,16,20,24,28,39],[5,16,20,24,28,36]]","[4,4,4,4,5,5]",4.333333333333333,0.19999999999999929,0.91640141288449484,downloads/official-1-1237/raw/api-0039.json,e6244e52d227ea8453cf264274fb33ed77a42b35cde17593e81f43e01f031f60
851,20190323,14,18,22,26,31,44,40,70,81099116000,1000,81099116,5,0,"[[18,22,26,31,40,44],[14,22,26,31,40,44],[14,18,26,31,40,44],[14,18,22,31,40,44],[14,18,22,26,40,44],[14,18,22,26,31,40]]","[4,4,4,4,4,5]",4.166666666666667,0.033333333333333215,1.1717230062039148,downloads/official-1-1237/raw/api-0039.json,e6244e52d227ea8453cf264274fb33ed77a42b35cde17593e81f43e01f031f60
852,20190330,11,17,28,30,33,35,9,67,81470793000,1000,81470793,4,1,"[[9,17,28,30,33,35],[9,11,28,30,33,35],[9,11,17,30,33,35],[9,11,17,28,33,35],[9,11,17,28,30,35],[9,11,17,28,30,33]]","[4,4,4,4,5,5]",4.333333333333333,0.19999999999999929,1.1163898944742074,downloads/official-1-1237/raw/api-0039.json,e6244e52d227ea8453cf264274fb33ed77a42b35cde17593e81f43e01f031f60
853,20190406,2,8,23,26,27,44,13,90,82244370000,1000,82244370,5,1,"[[8,13,23,26,27,44],[2,13,23,26,27,44],[2,8,13,26,27,44],[2,8,13,23,27,44],[2,8,13,23,26,44],[2,8,13,23,26,27]]","[5,5,5,5,5,6]",5.166666666666667,1.0333333333333332,1.4855229604166218,downloads/official-1-1237/raw/api-0039.json,e6244e52d227ea8453cf264274fb33ed77a42b35cde17593e81f43e01f031f60
854,20190413,20,25,31,32,36,43,3,44,81823338000,1000,81823338,3,1,"[[3,25,31,32,36,43],[3,20,31,32,36,43],[3,20,25,32,36,43],[3,20,25,31,36,43],[3,20,25,31,32,43],[3,20,25,31,32,36]]","[3,3,3,4,4,4]",3.5,-0.63333333333333375,0.72999270697071783,downloads/official-1-1237/raw/api-0039.json,e6244e52d227ea8453cf264274fb33ed77a42b35cde17593e81f43e01f031f60
855,20190420,8,15,17,19,43,44,7,61,82374732000,1000,82374732,4,1,"[[7,15,17,19,43,44],[7,8,17,19,43,44],[7,8,15,19,43,44],[7,8,15,17,43,44],[7,8,15,17,19,44],[7,8,15,17,19,43]]","[4,4,4,4,5,5]",4.333333333333333,0.19999999999999929,1.0052610550526586,downloads/official-1-1237/raw/api-0039.json,e6244e52d227ea8453cf264274fb33ed77a42b35cde17593e81f43e01f031f60
856,20190427,10,24,40,41,43,44,17,53,80496424000,1000,80496424,2,1,"[[17,24,40,41,43,44],[10,17,40,41,43,44],[10,17,24,41,43,44],[10,17,24,40,43,44],[10,17,24,40,41,44],[10,17,24,40,41,43]]","[2,2,3,3,3,3]",2.6666666666666665,-1.4666666666666672,0.89380405271170804,downloads/official-1-1237/raw/api-0039.json,e6244e52d227ea8453cf264274fb33ed77a42b35cde17593e81f43e01f031f60
857,20190504,6,10,16,28,34,38,43,62,80933117000,1000,80933117,4,0,"[[10,16,28,34,38,43],[6,16,28,34,38,43],[6,10,28,34,38,43],[6,10,16,34,38,43],[6,10,16,28,38,43],[6,10,16,28,34,43]]","[3,3,3,3,4,4]",3.3333333333333335,-0.80000000000000027,1.0399404238934724,downloads/official-1-1237/raw/api-0039.json,e6244e52d227ea8453cf264274fb33ed77a42b35cde17593e81f43e01f031f60
858,20190511,9,13,32,38,39,43,23,41,81366889000,1000,81366889,2,1,"[[13,23,32,38,39,43],[9,23,32,38,39,43],[9,13,23,38,39,43],[9,13,23,32,39,43],[9,13,23,32,38,43],[9,13,23,32,38,39]]","[2,2,3,3,3,3]",2.6666666666666665,-1.4666666666666672,0.68403635291992049,downloads/official-1-1237/raw/api-0038.json,880ca22c14cd57d038b849904fb9b0d53b47f3d4dba04d529de095ff7e53a5f0
859,20190518,8,22,35,38,39,41,24,51,80944223000,1000,80944223,2,1,"[[22,24,35,38,39,41],[8,24,35,38,39,41],[8,22,24,38,39,41],[8,22,24,35,39,41],[8,22,24,35,38,41],[8,22,24,35,38,39]]","[2,2,3,3,3,3]",2.6666666666666665,-1.4666666666666672,0.85531749436893101,downloads/official-1-1237/raw/api-0038.json,880ca22c14cd57d038b849904fb9b0d53b47f3d4dba04d529de095ff7e53a5f0
860,20190525,4,8,18,25,27,32,42,62,81846672000,1000,81846672,5,0,"[[8,18,25,27,32,42],[4,18,25,27,32,42],[4,8,25,27,32,42],[4,8,18,27,32,42],[4,8,18,25,32,42],[4,8,18,25,27,42]]","[4,4,4,4,4,5]",4.166666666666667,0.033333333333333215,1.0283328319079363,downloads/official-1-1237/raw/api-0038.json,880ca22c14cd57d038b849904fb9b0d53b47f3d4dba04d529de095ff7e53a5f0
861,20190601,11,17,19,21,22,25,24,65,81032551000,1000,81032551,6,1,"[[17,19,21,22,24,25],[11,19,21,22,24,25],[11,17,21,22,24,25],[11,17,19,22,24,25],[11,17,19,21,24,25],[11,17,19,21,22,24]]","[6,6,6,6,6,6]",6,1.8666666666666663,1.0889222776659222,downloads/official-1-1237/raw/api-0038.json,880ca22c14cd57d038b849904fb9b0d53b47f3d4dba04d529de095ff7e53a5f0
862,20190608,10,34,38,40,42,43,32,63,80609005000,1000,80609005,1,0,"[[32,34,38,40,42,43],[10,32,38,40,42,43],[10,32,34,40,42,43],[10,32,34,38,42,43],[10,32,34,38,40,43],[10,32,34,38,40,42]]","[0,1,1,1,1,1]",0.83333333333333337,-3.3000000000000003,1.0609624817971639,downloads/official-1-1237/raw/api-0038.json,880ca22c14cd57d038b849904fb9b0d53b47f3d4dba04d529de095ff7e53a5f0
863,20190615,16,21,28,35,39,43,12,64,81288540000,1000,81288540,3,1,"[[12,21,28,35,39,43],[12,16,28,35,39,43],[12,16,21,35,39,43],[12,16,21,28,39,43],[12,16,21,28,35,43],[12,16,21,28,35,39]]","[3,3,3,4,4,4]",3.5,-0.63333333333333375,1.0687932148861328,downloads/official-1-1237/raw/api-0038.json,880ca22c14cd57d038b849904fb9b0d53b47f3d4dba04d529de095ff7e53a5f0
864,20190622,3,7,10,13,25,36,32,64,82220290000,1000,82220290,5,0,"[[7,10,13,25,32,36],[3,10,13,25,32,36],[3,7,13,25,32,36],[3,7,10,25,32,36],[3,7,10,13,32,36],[3,7,10,13,25,32]]","[4,4,4,4,4,5]",4.166666666666667,0.033333333333333215,1.0566812644421468,downloads/official-1-1237/raw/api-0038.json,880ca22c14cd57d038b849904fb9b0d53b47f3d4dba04d529de095ff7e53a5f0
865,20190629,3,15,22,32,33,45,2,52,81748217000,1000,81748217,3,1,"[[2,15,22,32,33,45],[2,3,22,32,33,45],[2,3,15,32,33,45],[2,3,15,22,33,45],[2,3,15,22,32,45],[2,3,15,22,32,33]]","[3,3,3,4,4,4]",3.5,-0.63333333333333375,0.86351143291602306,downloads/official-1-1237/raw/api-0038.json,880ca22c14cd57d038b849904fb9b0d53b47f3d4dba04d529de095ff7e53a5f0
866,20190706,9,15,29,34,37,39,12,68,81961886000,1000,81961886,3,1,"[[12,15,29,34,37,39],[9,12,29,34,37,39],[9,12,15,34,37,39],[9,12,15,29,37,39],[9,12,15,29,34,39],[9,12,15,29,34,37]]","[3,3,3,4,4,4]",3.5,-0.63333333333333375,1.1262634927654056,downloads/official-1-1237/raw/api-0038.json,880ca22c14cd57d038b849904fb9b0d53b47f3d4dba04d529de095ff7e53a5f0
867,20190713,14,17,19,22,24,40,41,57,81607190000,1000,81607190,5,0,"[[17,19,22,24,40,41],[14,19,22,24,40,41],[14,17,22,24,40,41],[14,17,19,24,40,41],[14,17,19,22,40,41],[14,17,19,22,24,41]]","[4,4,4,4,4,5]",4.166666666666667,0.033333333333333215,0.94817711527623971,downloads/official-1-1237/raw/api-0038.json,880ca22c14cd57d038b849904fb9b0d53b47f3d4dba04d529de095ff7e53a5f0
868,20190720,12,17,28,41,43,44,25,61,80549078000,1000,80549078,3,1,"[[17,25,28,41,43,44],[12,25,28,41,43,44],[12,17,25,41,43,44],[12,17,25,28,43,44],[12,17,25,28,41,44],[12,17,25,28,41,43]]","[3,3,3,4,4,4]",3.5,-0.63333333333333375,1.0280454110225818,downloads/official-1-1237/raw/api-0037.json,d0ffe84299b754890f84901d4b14fffcb065d1da9993297bbd7e501c31342131
869,20190727,2,6,20,27,37,39,4,56,80268389000,1000,80268389,4,1,"[[4,6,20,27,37,39],[2,4,20,27,37,39],[2,4,6,27,37,39],[2,4,6,20,37,39],[2,4,6,20,27,39],[2,4,6,20,27,37]]","[4,4,4,4,5,5]",4.333333333333333,0.19999999999999929,0.94707967790408754,downloads/official-1-1237/raw/api-0037.json,d0ffe84299b754890f84901d4b14fffcb065d1da9993297bbd7e501c31342131
870,20190803,21,25,30,32,40,42,31,48,78688663000,1000,78688663,3,1,"[[25,30,31,32,40,42],[21,30,31,32,40,42],[21,25,31,32,40,42],[21,25,30,31,40,42],[21,25,30,31,32,42],[21,25,30,31,32,40]]","[3,3,3,4,4,4]",3.5,-0.63333333333333375,0.82807964344241047,downloads/official-1-1237/raw/api-0037.json,d0ffe84299b754890f84901d4b14fffcb065d1da9993297bbd7e501c31342131
871,20190810,2,6,12,26,30,34,38,61,79527502000,1000,79527502,5,0,"[[6,12,26,30,34,38],[2,12,26,30,34,38],[2,6,26,30,34,38],[2,6,12,30,34,38],[2,6,12,26,34,38],[2,6,12,26,30,38]]","[4,4,4,4,4,5]",4.166666666666667,0.033333333333333215,1.0412512390996513,downloads/official-1-1237/raw/api-0037.json,d0ffe84299b754890f84901d4b14fffcb065d1da9993297bbd7e501c31342131
872,20190817,2,4,30,32,33,43,29,46,81002518000,1000,81002518,3,1,"[[4,29,30,32,33,43],[2,29,30,32,33,43],[2,4,29,32,33,43],[2,4,29,30,33,43],[2,4,29,30,32,43],[2,4,29,30,32,33]]","[3,3,3,4,4,4]",3.5,-0.63333333333333375,0.77090764017977809,downloads/official-1-1237/raw/api-0037.json,d0ffe84299b754890f84901d4b14fffcb065d1da9993297bbd7e501c31342131
873,20190824,3,5,12,13,33,39,38,68,82375586000,1000,82375586,4,0,"[[5,12,13,33,38,39],[3,12,13,33,38,39],[3,5,13,33,38,39],[3,5,12,33,38,39],[3,5,12,13,38,39],[3,5,12,13,33,38]]","[3,3,3,3,4,4]",3.3333333333333335,-0.80000000000000027,1.1206072634190427,downloads/official-1-1237/raw/api-0037.json,d0ffe84299b754890f84901d4b14fffcb065d1da9993297bbd7e501c31342131
874,20190831,1,15,19,23,28,42,32,68,82990138000,1000,82990138,5,0,"[[15,19,23,28,32,42],[1,19,23,28,32,42],[1,15,23,28,32,42],[1,15,19,28,32,42],[1,15,19,23,32,42],[1,15,19,23,28,32]]","[4,4,4,4,4,5]",4.166666666666667,0.033333333333333215,1.1123090312248909,downloads/official-1-1237/raw/api-0037.json,d0ffe84299b754890f84901d4b14fffcb065d1da9993297bbd7e501c31342131
875,20190907,19,22,30,34,39,44,36,33,80635281000,1000,80635281,3,0,"[[22,30,34,36,39,44],[19,30,34,36,39,44],[19,22,34,36,39,44],[19,22,30,36,39,44],[19,22,30,34,36,44],[19,22,30,34,36,39]]","[2,2,2,3,3,3]",2.5,-1.6333333333333337,0.5555611569084753,downloads/official-1-1237/raw/api-0037.json,d0ffe84299b754890f84901d4b14fffcb065d1da9993297bbd7e501c31342131
876,20190914,5,16,21,26,34,42,24,59,85088368000,1000,85088368,4,1,"[[16,21,24,26,34,42],[5,21,24,26,34,42],[5,16,24,26,34,42],[5,16,21,24,34,42],[5,16,21,24,26,42],[5,16,21,24,26,34]]","[4,4,4,4,5,5]",4.333333333333333,0.19999999999999929,0.94129305664905927,downloads/official-1-1237/raw/api-0037.json,d0ffe84299b754890f84901d4b14fffcb065d1da9993297bbd7e501c31342131
877,20190921,5,17,18,22,23,43,12,75,84584730000,1000,84584730,5,1,"[[12,17,18,22,23,43],[5,12,18,22,23,43],[5,12,17,22,23,43],[5,12,17,18,23,43],[5,12,17,18,22,43],[5,12,17,18,22,23]]","[5,5,5,5,5,6]",5.166666666666667,1.0333333333333332,1.2036835726732236,downloads/official-1-1237/raw/api-0037.json,d0ffe84299b754890f84901d4b14fffcb065d1da9993297bbd7e501c31342131
878,20190928,2,6,11,16,25,31,3,69,84183676000,1000,84183676,6,1,"[[3,6,11,16,25,31],[2,3,11,16,25,31],[2,3,6,16,25,31],[2,3,6,11,25,31],[2,3,6,11,16,31],[2,3,6,11,16,25]]","[6,6,6,6,6,6]",6,1.8666666666666663,1.11266452655263,downloads/official-1-1237/raw/api-0036.json,0ce155489568dcfc5083df313818bf6d710e92289860d828be18d4e3103efcb3
879,20191005,1,4,10,14,15,35,20,77,83174251000,1000,83174251,5,1,"[[4,10,14,15,20,35],[1,10,14,15,20,35],[1,4,14,15,20,35],[1,4,10,15,20,35],[1,4,10,14,20,35],[1,4,10,14,15,20]]","[5,5,5,5,5,6]",5.166666666666667,1.0333333333333332,1.2567383384071593,downloads/official-1-1237/raw/api-0036.json,0ce155489568dcfc5083df313818bf6d710e92289860d828be18d4e3103efcb3
880,20191012,7,17,19,23,24,45,38,52,83862502000,1000,83862502,5,0,"[[17,19,23,24,38,45],[7,19,23,24,38,45],[7,17,23,24,38,45],[7,17,19,24,38,45],[7,17,19,23,38,45],[7,17,19,23,24,38]]","[4,4,4,4,4,5]",4.166666666666667,0.033333333333333215,0.84174116341055505,downloads/official-1-1237/raw/api-0036.json,0ce155489568dcfc5083df313818bf6d710e92289860d828be18d4e3103efcb3
881,20191019,4,18,20,26,27,32,9,67,84495552000,1000,84495552,5,1,"[[9,18,20,26,27,32],[4,9,20,26,27,32],[4,9,18,26,27,32],[4,9,18,20,27,32],[4,9,18,20,26,32],[4,9,18,20,26,27]]","[5,5,5,5,5,6]",5.166666666666667,1.0333333333333332,1.0764255377608516,downloads/official-1-1237/raw/api-0036.json,0ce155489568dcfc5083df313818bf6d710e92289860d828be18d4e3103efcb3
882,20191026,18,34,39,43,44,45,23,44,84351602000,1000,84351602,1,1,"[[23,34,39,43,44,45],[18,23,39,43,44,45],[18,23,34,43,44,45],[18,23,34,39,44,45],[18,23,34,39,43,45],[18,23,34,39,43,44]]","[1,2,2,2,2,2]",1.8333333333333333,-2.3000000000000007,0.7081126923943899,downloads/official-1-1237/raw/api-0036.json,0ce155489568dcfc5083df313818bf6d710e92289860d828be18d4e3103efcb3
883,20191102,9,18,32,33,37,44,22,65,85624171000,1000,85624171,2,1,"[[18,22,32,33,37,44],[9,22,32,33,37,44],[9,18,22,33,37,44],[9,18,22,32,37,44],[9,18,22,32,33,44],[9,18,22,32,33,37]]","[2,2,3,3,3,3]",2.6666666666666665,-1.4666666666666672,1.03052851746734,downloads/official-1-1237/raw/api-0036.json,0ce155489568dcfc5083df313818bf6d710e92289860d828be18d4e3103efcb3
884,20191109,4,14,23,28,37,45,17,74,86554613000,1000,86554613,4,1,"[[14,17,23,28,37,45],[4,17,23,28,37,45],[4,14,17,28,37,45],[4,14,17,23,37,45],[4,14,17,23,28,45],[4,14,17,23,28,37]]","[4,4,4,4,5,5]",4.333333333333333,0.19999999999999929,1.1606052701084806,downloads/official-1-1237/raw/api-0036.json,0ce155489568dcfc5083df313818bf6d710e92289860d828be18d4e3103efcb3
885,20191116,1,3,24,27,39,45,31,56,83396319000,1000,83396319,4,1,"[[3,24,27,31,39,45],[1,24,27,31,39,45],[1,3,27,31,39,45],[1,3,24,31,39,45],[1,3,24,27,31,45],[1,3,24,27,31,39]]","[4,4,4,4,5,5]",4.333333333333333,0.19999999999999929,0.91155773913714344,downloads/official-1-1237/raw/api-0036.json,0ce155489568dcfc5083df313818bf6d710e92289860d828be18d4e3103efcb3
886,20191123,19,23,28,37,42,45,2,59,84186094000,1000,84186094,3,1,"[[2,23,28,37,42,45],[2,19,28,37,42,45],[2,19,23,37,42,45],[2,19,23,28,42,45],[2,19,23,28,37,45],[2,19,23,28,37,42]]","[3,3,3,4,4,4]",3.5,-0.63333333333333375,0.95138147162404285,downloads/official-1-1237/raw/api-0036.json,0ce155489568dcfc5083df313818bf6d710e92289860d828be18d4e3103efcb3
887,20191130,8,14,17,27,36,45,10,66,84416872000,1000,84416872,4,1,"[[10,14,17,27,36,45],[8,10,17,27,36,45],[8,10,14,27,36,45],[8,10,14,17,36,45],[8,10,14,17,27,45],[8,10,14,17,27,36]]","[4,4,4,4,5,5]",4.333333333333333,0.19999999999999929,1.0613477836515903,downloads/official-1-1237/raw/api-0036.json,0ce155489568dcfc5083df313818bf6d710e92289860d828be18d4e3103efcb3
888,20191207,3,7,12,31,34,38,32,59,82777313000,1000,82777313,4,0,"[[7,12,31,32,34,38],[3,12,31,32,34,38],[3,7,31,32,34,38],[3,7,12,32,34,38],[3,7,12,31,32,38],[3,7,12,31,32,34]]","[3,3,3,3,4,4]",3.3333333333333335,-0.80000000000000027,0.96757296289624672,downloads/official-1-1237/raw/api-0035.json,d396a5c227268b1986c238aa6677961a56f61b907dddf82b27401f4bbdb683d3
889,20191214,3,13,29,38,39,42,26,60,86734222000,1000,86734222,3,1,"[[13,26,29,38,39,42],[3,26,29,38,39,42],[3,13,26,38,39,42],[3,13,26,29,39,42],[3,13,26,29,38,42],[3,13,26,29,38,39]]","[3,3,3,4,4,4]",3.5,-0.63333333333333375,0.93908261493369938,downloads/official-1-1237/raw/api-0035.json,d396a5c227268b1986c238aa6677961a56f61b907dddf82b27401f4bbdb683d3
890,20191221,1,4,14,18,29,37,6,58,86693498000,1000,86693498,5,1,"[[4,6,14,18,29,37],[1,6,14,18,29,37],[1,4,6,18,29,37],[1,4,6,14,29,37],[1,4,6,14,18,37],[1,4,6,14,18,29]]","[5,5,5,5,5,6]",5.166666666666667,1.0333333333333332,0.90820628785794288,downloads/official-1-1237/raw/api-0035.json,d396a5c227268b1986c238aa6677961a56f61b907dddf82b27401f4bbdb683d3
891,20191228,9,13,28,31,39,41,19,77,89742677000,1000,89742677,4,1,"[[13,19,28,31,39,41],[9,19,28,31,39,41],[9,13,19,31,39,41],[9,13,19,28,39,41],[9,13,19,28,31,41],[9,13,19,28,31,39]]","[4,4,4,4,5,5]",4.333333333333333,0.19999999999999929,1.1647554262282593,downloads/official-1-1237/raw/api-0035.json,d396a5c227268b1986c238aa6677961a56f61b907dddf82b27401f4bbdb683d3
892,20200104,4,9,17,18,26,42,36,78,93091115000,1000,93091115,5,0,"[[9,17,18,26,36,42],[4,17,18,26,36,42],[4,9,18,26,36,42],[4,9,17,26,36,42],[4,9,17,18,36,42],[4,9,17,18,26,36]]","[4,4,4,4,4,5]",4.166666666666667,0.033333333333333215,1.1374423864189402,downloads/official-1-1237/raw/api-0035.json,d396a5c227268b1986c238aa6677961a56f61b907dddf82b27401f4bbdb683d3
893,20200111,1,15,17,23,25,41,10,58,87661567000,1000,87661567,5,1,"[[10,15,17,23,25,41],[1,10,17,23,25,41],[1,10,15,23,25,41],[1,10,15,17,25,41],[1,10,15,17,23,41],[1,10,15,17,23,25]]","[5,5,5,5,5,6]",5.166666666666667,1.0333333333333332,0.89817673462305325,downloads/official-1-1237/raw/api-0035.json,d396a5c227268b1986c238aa6677961a56f61b907dddf82b27401f4bbdb683d3
894,20200118,19,32,37,40,41,43,45,56,88465183000,1000,88465183,1,0,"[[32,37,40,41,43,45],[19,37,40,41,43,45],[19,32,40,41,43,45],[19,32,37,41,43,45],[19,32,37,40,43,45],[19,32,37,40,41,45]]","[0,1,1,1,1,1]",0.83333333333333337,-3.3000000000000003,0.85932744863027077,downloads/official-1-1237/raw/api-0035.json,d396a5c227268b1986c238aa6677961a56f61b907dddf82b27401f4bbdb683d3
895,20200125,16,26,31,38,39,41,23,58,96962255000,1000,96962255,3,1,"[[23,26,31,38,39,41],[16,23,31,38,39,41],[16,23,26,38,39,41],[16,23,26,31,39,41],[16,23,26,31,38,41],[16,23,26,31,38,39]]","[3,3,3,4,4,4]",3.5,-0.63333333333333375,0.81202298770794878,downloads/official-1-1237/raw/api-0035.json,d396a5c227268b1986c238aa6677961a56f61b907dddf82b27401f4bbdb683d3
896,20200201,5,12,25,26,38,45,23,46,90461998000,1000,90461998,4,1,"[[12,23,25,26,38,45],[5,23,25,26,38,45],[5,12,23,26,38,45],[5,12,23,25,38,45],[5,12,23,25,26,45],[5,12,23,25,26,38]]","[4,4,4,4,5,5]",4.333333333333333,0.19999999999999929,0.69029494572958694,downloads/official-1-1237/raw/api-0035.json,d396a5c227268b1986c238aa6677961a56f61b907dddf82b27401f4bbdb683d3
897,20200208,6,7,12,22,26,36,29,62,88231474000,1000,88231474,5,1,"[[7,12,22,26,29,36],[6,12,22,26,29,36],[6,7,22,26,29,36],[6,7,12,26,29,36],[6,7,12,22,29,36],[6,7,12,22,26,29]]","[5,5,5,5,5,6]",5.166666666666667,1.0333333333333332,0.95391832624262851,downloads/official-1-1237/raw/api-0035.json,d396a5c227268b1986c238aa6677961a56f61b907dddf82b27401f4bbdb683d3
898,20200215,18,21,28,35,37,42,17,56,90067839000,1000,90067839,3,1,"[[17,21,28,35,37,42],[17,18,28,35,37,42],[17,18,21,35,37,42],[17,18,21,28,37,42],[17,18,21,28,35,42],[17,18,21,28,35,37]]","[3,3,3,4,4,4]",3.5,-0.63333333333333375,0.84403668217242334,downloads/official-1-1237/raw/api-0034.json,4838544b337f6e61690ca9f6450698b86aa4352ad046ce6a47491ccf8861cd6a
899,20200222,8,19,20,21,33,39,37,53,85877347000,1000,85877347,4,0,"[[19,20,21,33,37,39],[8,20,21,33,37,39],[8,19,21,33,37,39],[8,19,20,33,37,39],[8,19,20,21,37,39],[8,19,20,21,33,37]]","[3,3,3,3,4,4]",3.3333333333333335,-0.80000000000000027,0.83779986822368879,downloads/official-1-1237/raw/api-0034.json,4838544b337f6e61690ca9f6450698b86aa4352ad046ce6a47491ccf8861cd6a
900,20200229,7,13,16,18,35,38,14,51,83639372000,1000,83639372,4,1,"[[13,14,16,18,35,38],[7,14,16,18,35,38],[7,13,14,18,35,38],[7,13,14,16,35,38],[7,13,14,16,18,38],[7,13,14,16,18,35]]","[4,4,4,4,5,5]",4.333333333333333,0.19999999999999929,0.82775621509927166,downloads/official-1-1237/raw/api-0034.json,4838544b337f6e61690ca9f6450698b86aa4352ad046ce6a47491ccf8861cd6a
901,20200307,5,18,20,23,30,34,21,67,84783962000,1000,84783962,5,1,"[[18,20,21,23,30,34],[5,20,21,23,30,34],[5,18,21,23,30,34],[5,18,20,21,30,34],[5,18,20,21,23,34],[5,18,20,21,23,30]]","[5,5,5,5,5,6]",5.166666666666667,1.0333333333333332,1.0727638559754968,downloads/official-1-1237/raw/api-0034.json,4838544b337f6e61690ca9f6450698b86aa4352ad046ce6a47491ccf8861cd6a
902,20200314,7,19,23,24,36,39,30,67,87501981000,1000,87501981,4,1,"[[19,23,24,30,36,39],[7,23,24,30,36,39],[7,19,24,30,36,39],[7,19,23,30,36,39],[7,19,23,24,30,39],[7,19,23,24,30,36]]","[4,4,4,4,5,5]",4.333333333333333,0.19999999999999929,1.039441267049714,downloads/official-1-1237/raw/api-0034.json,4838544b337f6e61690ca9f6450698b86aa4352ad046ce6a47491ccf8861cd6a
903,20200321,2,15,16,21,22,28,45,49,88625160000,1000,88625160,6,0,"[[15,16,21,22,28,45],[2,16,21,22,28,45],[2,15,21,22,28,45],[2,15,16,22,28,45],[2,15,16,21,28,45],[2,15,16,21,22,45]]","[5,5,5,5,5,5]",5,0.86666666666666625,0.75055424441546847,downloads/official-1-1237/raw/api-0034.json,4838544b337f6e61690ca9f6450698b86aa4352ad046ce6a47491ccf8861cd6a
904,20200328,2,6,8,26,43,45,11,92,88938220000,1000,88938220,4,1,"[[6,8,11,26,43,45],[2,8,11,26,43,45],[2,6,11,26,43,45],[2,6,8,11,43,45],[2,6,8,11,26,45],[2,6,8,11,26,43]]","[4,4,4,4,5,5]",4.333333333333333,0.19999999999999929,1.4042435299469678,downloads/official-1-1237/raw/api-0034.json,4838544b337f6e61690ca9f6450698b86aa4352ad046ce6a47491ccf8861cd6a
905,20200404,3,4,16,27,38,40,20,77,90357634000,1000,90357634,4,1,"[[4,16,20,27,38,40],[3,16,20,27,38,40],[3,4,20,27,38,40],[3,4,16,20,38,40],[3,4,16,20,27,40],[3,4,16,20,27,38]]","[4,4,4,4,5,5]",4.333333333333333,0.19999999999999929,1.1568283206707251,downloads/official-1-1237/raw/api-0034.json,4838544b337f6e61690ca9f6450698b86aa4352ad046ce6a47491ccf8861cd6a
906,20200411,2,5,14,28,31,32,20,63,90948274000,1000,90948274,5,1,"[[5,14,20,28,31,32],[2,14,20,28,31,32],[2,5,20,28,31,32],[2,5,14,20,31,32],[2,5,14,20,28,32],[2,5,14,20,28,31]]","[5,5,5,5,5,6]",5.166666666666667,1.0333333333333332,0.94034912636165036,downloads/official-1-1237/raw/api-0034.json,4838544b337f6e61690ca9f6450698b86aa4352ad046ce6a47491ccf8861cd6a
907,20200418,21,27,29,38,40,44,37,67,89331282000,1000,89331282,3,0,"[[27,29,37,38,40,44],[21,29,37,38,40,44],[21,27,37,38,40,44],[21,27,29,37,40,44],[21,27,29,37,38,44],[21,27,29,37,38,40]]","[2,2,2,3,3,3]",2.5,-1.6333333333333337,1.0181558795943397,downloads/official-1-1237/raw/api-0034.json,4838544b337f6e61690ca9f6450698b86aa4352ad046ce6a47491ccf8861cd6a
908,20200425,3,16,21,22,23,44,30,57,89923601000,1000,89923601,5,1,"[[16,21,22,23,30,44],[3,21,22,23,30,44],[3,16,22,23,30,44],[3,16,21,23,30,44],[3,16,21,22,30,44],[3,16,21,22,23,30]]","[5,5,5,5,5,6]",5.166666666666667,1.0333333333333332,0.86048678144016943,downloads/official-1-1237/raw/api-0033.json,e23ef39677dc168a922d3a98a35c385f91efdba7c19758b95abd7aeb7a82c6d7
909,20200502,7,24,29,30,34,35,33,63,89543261000,1000,89543261,4,0,"[[24,29,30,33,34,35],[7,29,30,33,34,35],[7,24,30,33,34,35],[7,24,29,33,34,35],[7,24,29,30,33,35],[7,24,29,30,33,34]]","[3,3,3,3,4,4]",3.3333333333333335,-0.80000000000000027,0.95510403624902607,downloads/official-1-1237/raw/api-0033.json,e23ef39677dc168a922d3a98a35c385f91efdba7c19758b95abd7aeb7a82c6d7
910,20200509,1,11,17,27,35,39,31,72,86308857000,1000,86308857,4,1,"[[11,17,27,31,35,39],[1,17,27,31,35,39],[1,11,27,31,35,39],[1,11,17,31,35,39],[1,11,17,27,31,39],[1,11,17,27,31,35]]","[4,4,4,4,5,5]",4.333333333333333,0.19999999999999929,1.1324529532351471,downloads/official-1-1237/raw/api-0033.json,e23ef39677dc168a922d3a98a35c385f91efdba7c19758b95abd7aeb7a82c6d7
911,20200516,4,5,12,14,32,42,35,58,89332410000,1000,89332410,4,0,"[[5,12,14,32,35,42],[4,12,14,32,35,42],[4,5,14,32,35,42],[4,5,12,32,35,42],[4,5,12,14,35,42],[4,5,12,14,32,35]]","[3,3,3,3,4,4]",3.3333333333333335,-0.80000000000000027,0.88137754259624246,downloads/official-1-1237/raw/api-0033.json,e23ef39677dc168a922d3a98a35c385f91efdba7c19758b95abd7aeb7a82c6d7
912,20200523,5,8,18,21,22,38,10,70,88599155000,1000,88599155,5,1,"[[8,10,18,21,22,38],[5,10,18,21,22,38],[5,8,10,21,22,38],[5,8,10,18,22,38],[5,8,10,18,21,38],[5,8,10,18,21,22]]","[5,5,5,5,5,6]",5.166666666666667,1.0333333333333332,1.0725350597305359,downloads/official-1-1237/raw/api-0033.json,e23ef39677dc168a922d3a98a35c385f91efdba7c19758b95abd7aeb7a82c6d7
913,20200530,6,14,16,21,27,37,40,66,89336949000,1000,89336949,5,0,"[[14,16,21,27,37,40],[6,16,21,27,37,40],[6,14,21,27,37,40],[6,14,16,27,37,40],[6,14,16,21,37,40],[6,14,16,21,27,40]]","[4,4,4,4,4,5]",4.166666666666667,0.033333333333333215,1.0028959014483469,downloads/official-1-1237/raw/api-0033.json,e23ef39677dc168a922d3a98a35c385f91efdba7c19758b95abd7aeb7a82c6d7
914,20200606,16,19,24,33,42,44,27,55,89558503000,1000,89558503,3,1,"[[19,24,27,33,42,44],[16,24,27,33,42,44],[16,19,27,33,42,44],[16,19,24,27,42,44],[16,19,24,27,33,44],[16,19,24,27,33,42]]","[3,3,3,4,4,4]",3.5,-0.63333333333333375,0.83367907567637656,downloads/official-1-1237/raw/api-0033.json,e23ef39677dc168a922d3a98a35c385f91efdba7c19758b95abd7aeb7a82c6d7
915,20200613,2,6,11,13,22,37,14,63,87862418000,1000,87862418,5,1,"[[6,11,13,14,22,37],[2,11,13,14,22,37],[2,6,13,14,22,37],[2,6,11,14,22,37],[2,6,11,13,14,37],[2,6,11,13,14,22]]","[5,5,5,5,5,6]",5.166666666666667,1.0333333333333332,0.97337555631578454,downloads/official-1-1237/raw/api-0033.json,e23ef39677dc168a922d3a98a35c385f91efdba7c19758b95abd7aeb7a82c6d7
916,20200620,6,21,22,32,35,36,17,70,89133044000,1000,89133044,3,1,"[[17,21,22,32,35,36],[6,17,22,32,35,36],[6,17,21,32,35,36],[6,17,21,22,35,36],[6,17,21,22,32,36],[6,17,21,22,32,35]]","[3,3,3,4,4,4]",3.5,-0.63333333333333375,1.0661107905167022,downloads/official-1-1237/raw/api-0033.json,e23ef39677dc168a922d3a98a35c385f91efdba7c19758b95abd7aeb7a82c6d7
917,20200627,1,3,23,24,27,43,34,47,88950867000,1000,88950867,5,0,"[[3,23,24,27,34,43],[1,23,24,27,34,43],[1,3,24,27,34,43],[1,3,23,27,34,43],[1,3,23,24,34,43],[1,3,23,24,27,34]]","[4,4,4,4,4,5]",4.166666666666667,0.033333333333333215,0.71728328404039055,downloads/official-1-1237/raw/api-0033.json,e23ef39677dc168a922d3a98a35c385f91efdba7c19758b95abd7aeb7a82c6d7
918,20200704,7,11,12,31,33,38,5,86,89200857000,1000,89200857,4,1,"[[5,11,12,31,33,38],[5,7,12,31,33,38],[5,7,11,31,33,38],[5,7,11,12,33,38],[5,7,11,12,31,38],[5,7,11,12,31,33]]","[4,4,4,4,5,5]",4.333333333333333,0.19999999999999929,1.3087975152525722,downloads/official-1-1237/raw/api-0032.json,e69f76c29e423f5a9e551de043a3a417adb12c3d0141f5f6b2ecca2a17823f83
919,20200711,9,14,17,18,42,44,35,56,90218056000,1000,90218056,4,0,"[[14,17,18,35,42,44],[9,17,18,35,42,44],[9,14,18,35,42,44],[9,14,17,35,42,44],[9,14,17,18,35,44],[9,14,17,18,35,42]]","[3,3,3,3,4,4]",3.3333333333333335,-0.80000000000000027,0.84263132426617571,downloads/official-1-1237/raw/api-0032.json,e69f76c29e423f5a9e551de043a3a417adb12c3d0141f5f6b2ecca2a17823f83
920,20200718,2,3,26,33,34,43,29,53,89805177000,1000,89805177,3,1,"[[3,26,29,33,34,43],[2,26,29,33,34,43],[2,3,29,33,34,43],[2,3,26,29,34,43],[2,3,26,29,33,43],[2,3,26,29,33,34]]","[3,3,3,4,4,4]",3.5,-0.63333333333333375,0.8011568197232104,downloads/official-1-1237/raw/api-0032.json,e69f76c29e423f5a9e551de043a3a417adb12c3d0141f5f6b2ecca2a17823f83
921,20200725,5,7,12,22,28,41,1,72,89888341000,1000,89888341,5,1,"[[1,7,12,22,28,41],[1,5,12,22,28,41],[1,5,7,22,28,41],[1,5,7,12,28,41],[1,5,7,12,22,41],[1,5,7,12,22,28]]","[5,5,5,5,5,6]",5.166666666666667,1.0333333333333332,1.0873570355470239,downloads/official-1-1237/raw/api-0032.json,e69f76c29e423f5a9e551de043a3a417adb12c3d0141f5f6b2ecca2a17823f83
922,20200801,2,6,13,17,27,43,36,89,89266682000,1000,89266682,5,0,"[[6,13,17,27,36,43],[2,13,17,27,36,43],[2,6,17,27,36,43],[2,6,13,27,36,43],[2,6,13,17,36,43],[2,6,13,17,27,36]]","[4,4,4,4,4,5]",4.166666666666667,0.033333333333333215,1.3534544725208897,downloads/official-1-1237/raw/api-0032.json,e69f76c29e423f5a9e551de043a3a417adb12c3d0141f5f6b2ecca2a17823f83
923,20200808,3,17,18,23,36,41,26,56,87867402000,1000,87867402,4,1,"[[17,18,23,26,36,41],[3,18,23,26,36,41],[3,17,23,26,36,41],[3,17,18,26,36,41],[3,17,18,23,26,41],[3,17,18,23,26,36]]","[4,4,4,4,5,5]",4.333333333333333,0.19999999999999929,0.86517363970770411,downloads/official-1-1237/raw/api-0032.json,e69f76c29e423f5a9e551de043a3a417adb12c3d0141f5f6b2ecca2a17823f83
924,20200815,3,11,34,42,43,44,13,69,87708256000,1000,87708256,2,1,"[[11,13,34,42,43,44],[3,13,34,42,43,44],[3,11,13,42,43,44],[3,11,13,34,43,44],[3,11,13,34,42,44],[3,11,13,34,42,43]]","[2,2,3,3,3,3]",2.6666666666666665,-1.4666666666666672,1.0679518014814933,downloads/official-1-1237/raw/api-0032.json,e69f76c29e423f5a9e551de043a3a417adb12c3d0141f5f6b2ecca2a17823f83
925,20200822,13,24,32,34,39,42,4,68,87901067000,1000,87901067,2,1,"[[4,24,32,34,39,42],[4,13,32,34,39,42],[4,13,24,34,39,42],[4,13,24,32,39,42],[4,13,24,32,34,42],[4,13,24,32,34,39]]","[2,2,3,3,3,3]",2.6666666666666665,-1.4666666666666672,1.0501656367834533,downloads/official-1-1237/raw/api-0032.json,e69f76c29e423f5a9e551de043a3a417adb12c3d0141f5f6b2ecca2a17823f83
926,20200829,10,16,18,20,25,31,6,72,88372251000,1000,88372251,6,1,"[[6,16,18,20,25,31],[6,10,18,20,25,31],[6,10,16,20,25,31],[6,10,16,18,25,31],[6,10,16,18,20,31],[6,10,16,18,20,25]]","[6,6,6,6,6,6]",6,1.8666666666666663,1.1060114333853508,downloads/official-1-1237/raw/api-0032.json,e69f76c29e423f5a9e551de043a3a417adb12c3d0141f5f6b2ecca2a17823f83
927,20200905,4,15,22,38,41,43,26,63,91067752000,1000,91067752,3,1,"[[15,22,26,38,41,43],[4,22,26,38,41,43],[4,15,26,38,41,43],[4,15,22,26,41,43],[4,15,22,26,38,43],[4,15,22,26,38,41]]","[3,3,3,4,4,4]",3.5,-0.63333333333333375,0.93911541815592414,downloads/official-1-1237/raw/api-0032.json,e69f76c29e423f5a9e551de043a3a417adb12c3d0141f5f6b2ecca2a17823f83
928,20200912,3,4,10,20,28,44,30,81,90818982000,1000,90818982,5,1,"[[4,10,20,28,30,44],[3,10,20,28,30,44],[3,4,20,28,30,44],[3,4,10,28,30,44],[3,4,10,20,30,44],[3,4,10,20,28,30]]","[5,5,5,5,5,6]",5.166666666666667,1.0333333333333332,1.2107414945479129,downloads/official-1-1237/raw/api-0031.json,f3bdcde01151667b2a25597c43d825c062b2c3a30c36b2815bd450559d0570c0
929,20200919,7,9,12,15,19,23,4,91,92344620000,1000,92344620,6,1,"[[4,9,12,15,19,23],[4,7,12,15,19,23],[4,7,9,15,19,23],[4,7,9,12,19,23],[4,7,9,12,15,23],[4,7,9,12,15,19]]","[6,6,6,6,6,6]",6,1.8666666666666663,1.3377434440685336,downloads/official-1-1237/raw/api-0031.json,f3bdcde01151667b2a25597c43d825c062b2c3a30c36b2815bd450559d0570c0
930,20200926,8,21,25,38,39,44,28,55,94518415000,1000,94518415,3,1,"[[21,25,28,38,39,44],[8,25,28,38,39,44],[8,21,28,38,39,44],[8,21,25,28,39,44],[8,21,25,28,38,44],[8,21,25,28,38,39]]","[3,3,3,4,4,4]",3.5,-0.63333333333333375,0.78993125307909573,downloads/official-1-1237/raw/api-0031.json,f3bdcde01151667b2a25597c43d825c062b2c3a30c36b2815bd450559d0570c0
931,20201003,14,15,23,25,35,43,32,54,95695802000,1000,95695802,4,0,"[[15,23,25,32,35,43],[14,23,25,32,35,43],[14,15,25,32,35,43],[14,15,23,32,35,43],[14,15,23,25,32,43],[14,15,23,25,32,35]]","[3,3,3,3,4,4]",3.3333333333333335,-0.80000000000000027,0.76602670616627466,downloads/official-1-1237/raw/api-0031.json,f3bdcde01151667b2a25597c43d825c062b2c3a30c36b2815bd450559d0570c0
932,20201010,1,6,15,36,37,38,5,64,96049289000,1000,96049289,3,1,"[[5,6,15,36,37,38],[1,5,15,36,37,38],[1,5,6,36,37,38],[1,5,6,15,37,38],[1,5,6,15,36,38],[1,5,6,15,36,37]]","[3,3,3,4,4,4]",3.5,-0.63333333333333375,0.9045422501774063,downloads/official-1-1237/raw/api-0031.json,f3bdcde01151667b2a25597c43d825c062b2c3a30c36b2815bd450559d0570c0
933,20201017,23,27,29,31,36,45,37,63,93484851000,1000,93484851,4,0,"[[27,29,31,36,37,45],[23,29,31,36,37,45],[23,27,31,36,37,45],[23,27,29,36,37,45],[23,27,29,31,37,45],[23,27,29,31,36,37]]","[3,3,3,3,4,4]",3.3333333333333335,-0.80000000000000027,0.91483410504660267,downloads/official-1-1237/raw/api-0031.json,f3bdcde01151667b2a25597c43d825c062b2c3a30c36b2815bd450559d0570c0
934,20201024,1,3,30,33,36,39,12,66,93028347000,1000,93028347,3,1,"[[3,12,30,33,36,39],[1,12,30,33,36,39],[1,3,12,33,36,39],[1,3,12,30,36,39],[1,3,12,30,33,39],[1,3,12,30,33,36]]","[3,3,3,4,4,4]",3.5,-0.63333333333333375,0.96310063426151171,downloads/official-1-1237/raw/api-0031.json,f3bdcde01151667b2a25597c43d825c062b2c3a30c36b2815bd450559d0570c0
935,20201031,4,10,20,32,38,44,18,120,93934898000,1000,93934898,3,1,"[[10,18,20,32,38,44],[4,18,20,32,38,44],[4,10,18,32,38,44],[4,10,18,20,38,44],[4,10,18,20,32,44],[4,10,18,20,32,38]]","[3,3,3,4,4,4]",3.5,-0.63333333333333375,1.7341925468423887,downloads/official-1-1237/raw/api-0031.json,f3bdcde01151667b2a25597c43d825c062b2c3a30c36b2815bd450559d0570c0
936,20201107,7,11,13,17,18,29,43,77,92246146000,1000,92246146,6,0,"[[11,13,17,18,29,43],[7,13,17,18,29,43],[7,11,17,18,29,43],[7,11,13,18,29,43],[7,11,13,17,29,43],[7,11,13,17,18,43]]","[5,5,5,5,5,5]",5,0.86666666666666625,1.1331451180627101,downloads/official-1-1237/raw/api-0031.json,f3bdcde01151667b2a25597c43d825c062b2c3a30c36b2815bd450559d0570c0
937,20201114,2,10,13,22,29,40,26,57,93720454000,1000,93720454,5,1,"[[10,13,22,26,29,40],[2,13,22,26,29,40],[2,10,22,26,29,40],[2,10,13,26,29,40],[2,10,13,22,26,40],[2,10,13,22,26,29]]","[5,5,5,5,5,6]",5.166666666666667,1.0333333333333332,0.82562628217742096,downloads/official-1-1237/raw/api-0031.json,f3bdcde01151667b2a25597c43d825c062b2c3a30c36b2815bd450559d0570c0
938,20201121,4,8,10,16,31,36,9,64,93452425000,1000,93452425,5,1,"[[8,9,10,16,31,36],[4,9,10,16,31,36],[4,8,9,16,31,36],[4,8,9,10,31,36],[4,8,9,10,16,36],[4,8,9,10,16,31]]","[5,5,5,5,5,6]",5.166666666666667,1.0333333333333332,0.92967774779520163,downloads/official-1-1237/raw/api-0030.json,f804c46590a6574742b1d90e7aa5e8490279fe7e3607877d540cf04ef7d18210
939,20201128,4,11,28,39,42,45,6,67,93340002000,1000,93340002,3,1,"[[6,11,28,39,42,45],[4,6,28,39,42,45],[4,6,11,39,42,45],[4,6,11,28,42,45],[4,6,11,28,39,45],[4,6,11,28,39,42]]","[3,3,3,4,4,4]",3.5,-0.63333333333333375,0.97442862707459554,downloads/official-1-1237/raw/api-0030.json,f804c46590a6574742b1d90e7aa5e8490279fe7e3607877d540cf04ef7d18210
940,20201205,3,15,20,22,24,41,11,51,93920183000,1000,93920183,5,1,"[[11,15,20,22,24,41],[3,11,20,22,24,41],[3,11,15,22,24,41],[3,11,15,20,24,41],[3,11,15,20,22,41],[3,11,15,20,22,24]]","[5,5,5,5,5,6]",5.166666666666667,1.0333333333333332,0.73714730730454392,downloads/official-1-1237/raw/api-0030.json,f804c46590a6574742b1d90e7aa5e8490279fe7e3607877d540cf04ef7d18210
941,20201212,12,14,25,27,39,40,35,87,94867600000,1000,94867600,4,0,"[[14,25,27,35,39,40],[12,25,27,35,39,40],[12,14,27,35,39,40],[12,14,25,35,39,40],[12,14,25,27,35,40],[12,14,25,27,35,39]]","[3,3,3,3,4,4]",3.3333333333333335,-0.80000000000000027,1.2449284054830101,downloads/official-1-1237/raw/api-0030.json,f804c46590a6574742b1d90e7aa5e8490279fe7e3607877d540cf04ef7d18210
942,20201219,10,12,18,35,42,43,39,52,92731965000,1000,92731965,3,0,"[[12,18,35,39,42,43],[10,18,35,39,42,43],[10,12,35,39,42,43],[10,12,18,39,42,43],[10,12,18,35,39,43],[10,12,18,35,39,42]]","[2,2,2,3,3,3]",2.5,-1.6333333333333337,0.7612317931578394,downloads/official-1-1237/raw/api-0030.json,f804c46590a6574742b1d90e7aa5e8490279fe7e3607877d540cf04ef7d18210
943,20201226,1,8,13,36,44,45,39,74,100081432000,1000,100081432,3,0,"[[8,13,36,39,44,45],[1,13,36,39,44,45],[1,8,36,39,44,45],[1,8,13,39,44,45],[1,8,13,36,39,45],[1,8,13,36,39,44]]","[2,2,2,3,3,3]",2.5,-1.6333333333333337,1.003740034415175,downloads/official-1-1237/raw/api-0030.json,f804c46590a6574742b1d90e7aa5e8490279fe7e3607877d540cf04ef7d18210
944,20210102,2,13,16,19,32,33,42,79,107181377000,1000,107181377,4,0,"[[13,16,19,32,33,42],[2,16,19,32,33,42],[2,13,19,32,33,42],[2,13,16,32,33,42],[2,13,16,19,33,42],[2,13,16,19,32,42]]","[3,3,3,3,4,4]",3.3333333333333335,-0.80000000000000027,1.0005776469917904,downloads/official-1-1237/raw/api-0030.json,f804c46590a6574742b1d90e7aa5e8490279fe7e3607877d540cf04ef7d18210
945,20210109,9,10,15,30,33,37,26,71,94837109000,1000,94837109,4,1,"[[10,15,26,30,33,37],[9,15,26,30,33,37],[9,10,26,30,33,37],[9,10,15,26,33,37],[9,10,15,26,30,37],[9,10,15,26,30,33]]","[4,4,4,4,5,5]",4.333333333333333,0.19999999999999929,1.0163027006654115,downloads/official-1-1237/raw/api-0030.json,f804c46590a6574742b1d90e7aa5e8490279fe7e3607877d540cf04ef7d18210
946,20210116,9,18,19,30,34,40,20,71,99380178000,1000,99380178,4,1,"[[18,19,20,30,34,40],[9,19,20,30,34,40],[9,18,20,30,34,40],[9,18,19,20,34,40],[9,18,19,20,30,40],[9,18,19,20,30,34]]","[4,4,4,4,5,5]",4.333333333333333,0.19999999999999929,0.96984340277595393,downloads/official-1-1237/raw/api-0030.json,f804c46590a6574742b1d90e7aa5e8490279fe7e3607877d540cf04ef7d18210
947,20210123,3,8,17,20,27,35,26,58,99449916000,1000,99449916,5,1,"[[8,17,20,26,27,35],[3,17,20,26,27,35],[3,8,20,26,27,35],[3,8,17,26,27,35],[3,8,17,20,26,35],[3,8,17,20,26,27]]","[5,5,5,5,5,6]",5.166666666666667,1.0333333333333332,0.79171087484880331,downloads/official-1-1237/raw/api-0030.json,f804c46590a6574742b1d90e7aa5e8490279fe7e3607877d540cf04ef7d18210
948,20210130,13,18,30,31,38,41,5,90,100519459000,1000,100519459,4,1,"[[5,18,30,31,38,41],[5,13,30,31,38,41],[5,13,18,31,38,41],[5,13,18,30,38,41],[5,13,18,30,31,41],[5,13,18,30,31,38]]","[4,4,4,4,5,5]",4.333333333333333,0.19999999999999929,1.2154452602057877,downloads/official-1-1237/raw/api-0029.json,3ce98055afaf5795a8a5f49158e72d4d1dda8b44ff7b01c8d97628d3d5bbbf3c
949,20210206,14,21,35,36,40,44,30,65,100518909000,1000,100518909,2,1,"[[21,30,35,36,40,44],[14,30,35,36,40,44],[14,21,30,36,40,44],[14,21,30,35,40,44],[14,21,30,35,36,44],[14,21,30,35,36,40]]","[2,2,3,3,3,3]",2.6666666666666665,-1.4666666666666672,0.87782637991027146,downloads/official-1-1237/raw/api-0029.json,3ce98055afaf5795a8a5f49158e72d4d1dda8b44ff7b01c8d97628d3d5bbbf3c
950,20210213,3,4,15,22,28,40,10,67,108870714000,1000,108870714,5,1,"[[4,10,15,22,28,40],[3,10,15,22,28,40],[3,4,10,22,28,40],[3,4,10,15,28,40],[3,4,10,15,22,40],[3,4,10,15,22,28]]","[5,5,5,5,5,6]",5.166666666666667,1.0333333333333332,0.83542365672369889,downloads/official-1-1237/raw/api-0029.json,3ce98055afaf5795a8a5f49158e72d4d1dda8b44ff7b01c8d97628d3d5bbbf3c
951,20210220,2,12,30,31,39,43,38,72,102937006000,1000,102937006,4,0,"[[12,30,31,38,39,43],[2,30,31,38,39,43],[2,12,31,38,39,43],[2,12,30,38,39,43],[2,12,30,31,38,43],[2,12,30,31,38,39]]","[3,3,3,3,4,4]",3.3333333333333335,-0.80000000000000027,0.94951974802919759,downloads/official-1-1237/raw/api-0029.json,3ce98055afaf5795a8a5f49158e72d4d1dda8b44ff7b01c8d97628d3d5bbbf3c
952,20210227,4,12,22,24,33,41,38,93,102355646000,1000,102355646,4,0,"[[12,22,24,33,38,41],[4,22,24,33,38,41],[4,12,24,33,38,41],[4,12,22,33,38,41],[4,12,22,24,38,41],[4,12,22,24,33,38]]","[3,3,3,3,4,4]",3.3333333333333335,-0.80000000000000027,1.2334290772782579,downloads/official-1-1237/raw/api-0029.json,3ce98055afaf5795a8a5f49158e72d4d1dda8b44ff7b01c8d97628d3d5bbbf3c
953,20210306,7,9,22,27,37,42,34,102,99180891000,1000,99180891,4,0,"[[9,22,27,34,37,42],[7,22,27,34,37,42],[7,9,27,34,37,42],[7,9,22,34,37,42],[7,9,22,27,34,42],[7,9,22,27,34,37]]","[3,3,3,3,4,4]",3.3333333333333335,-0.80000000000000027,1.3960957459033112,downloads/official-1-1237/raw/api-0029.json,3ce98055afaf5795a8a5f49158e72d4d1dda8b44ff7b01c8d97628d3d5bbbf3c
954,20210313,1,9,26,28,30,41,32,64,101455314000,1000,101455314,5,0,"[[9,26,28,30,32,41],[1,26,28,30,32,41],[1,9,28,30,32,41],[1,9,26,30,32,41],[1,9,26,28,32,41],[1,9,26,28,30,32]]","[4,4,4,4,4,5]",4.166666666666667,0.033333333333333215,0.8563439072299357,downloads/official-1-1237/raw/api-0029.json,3ce98055afaf5795a8a5f49158e72d4d1dda8b44ff7b01c8d97628d3d5bbbf3c
955,20210320,4,9,23,26,29,33,8,71,99784736000,1000,99784736,5,1,"[[8,9,23,26,29,33],[4,8,23,26,29,33],[4,8,9,26,29,33],[4,8,9,23,29,33],[4,8,9,23,26,33],[4,8,9,23,26,29]]","[5,5,5,5,5,6]",5.166666666666667,1.0333333333333332,0.96591135942876072,downloads/official-1-1237/raw/api-0029.json,3ce98055afaf5795a8a5f49158e72d4d1dda8b44ff7b01c8d97628d3d5bbbf3c
956,20210327,10,11,20,21,25,41,40,136,97065255000,1000,97065255,5,0,"[[11,20,21,25,40,41],[10,20,21,25,40,41],[10,11,21,25,40,41],[10,11,20,25,40,41],[10,11,20,21,40,41],[10,11,20,21,25,40]]","[4,4,4,4,4,5]",4.166666666666667,0.033333333333333215,1.9020334310150424,downloads/official-1-1237/raw/api-0029.json,3ce98055afaf5795a8a5f49158e72d4d1dda8b44ff7b01c8d97628d3d5bbbf3c
957,20210403,4,15,24,35,36,40,1,61,96654698000,1000,96654698,3,1,"[[1,15,24,35,36,40],[1,4,24,35,36,40],[1,4,15,35,36,40],[1,4,15,24,36,40],[1,4,15,24,35,40],[1,4,15,24,35,36]]","[3,3,3,4,4,4]",3.5,-0.63333333333333375,0.85674169712888659,downloads/official-1-1237/raw/api-0029.json,3ce98055afaf5795a8a5f49158e72d4d1dda8b44ff7b01c8d97628d3d5bbbf3c
958,20210410,2,9,10,16,35,37,1,67,98635947000,1000,98635947,4,1,"[[1,9,10,16,35,37],[1,2,10,16,35,37],[1,2,9,16,35,37],[1,2,9,10,35,37],[1,2,9,10,16,37],[1,2,9,10,16,35]]","[4,4,4,4,5,5]",4.333333333333333,0.19999999999999929,0.92210976592539839,downloads/official-1-1237/raw/api-0028.json,6e455a7c3840f8942a731324375e85caf7daea6606ae5349657c96c3b6d56d3b
959,20210417,1,14,15,24,40,41,35,75,97435835000,1000,97435835,4,0,"[[14,15,24,35,40,41],[1,15,24,35,40,41],[1,14,24,35,40,41],[1,14,15,35,40,41],[1,14,15,24,35,41],[1,14,15,24,35,40]]","[3,3,3,3,4,4]",3.3333333333333335,-0.80000000000000027,1.0449261301039807,downloads/official-1-1237/raw/api-0028.json,6e455a7c3840f8942a731324375e85caf7daea6606ae5349657c96c3b6d56d3b
960,20210424,2,18,24,30,32,45,14,56,98784879000,1000,98784879,4,1,"[[14,18,24,30,32,45],[2,14,24,30,32,45],[2,14,18,30,32,45],[2,14,18,24,32,45],[2,14,18,24,30,45],[2,14,18,24,30,32]]","[4,4,4,4,5,5]",4.333333333333333,0.19999999999999929,0.7695566443929136,downloads/official-1-1237/raw/api-0028.json,6e455a7c3840f8942a731324375e85caf7daea6606ae5349657c96c3b6d56d3b
961,20210501,11,20,29,31,33,42,43,73,97153309000,1000,97153309,4,0,"[[20,29,31,33,42,43],[11,29,31,33,42,43],[11,20,31,33,42,43],[11,20,29,33,42,43],[11,20,29,31,42,43],[11,20,29,31,33,43]]","[3,3,3,3,4,4]",3.3333333333333335,-0.80000000000000027,1.0200190916811696,downloads/official-1-1237/raw/api-0028.json,6e455a7c3840f8942a731324375e85caf7daea6606ae5349657c96c3b6d56d3b
962,20210508,1,18,28,31,34,43,40,73,95956365000,1000,95956365,4,0,"[[18,28,31,34,40,43],[1,28,31,34,40,43],[1,18,31,34,40,43],[1,18,28,34,40,43],[1,18,28,31,40,43],[1,18,28,31,34,40]]","[3,3,3,3,4,4]",3.3333333333333335,-0.80000000000000027,1.0327426429711046,downloads/official-1-1237/raw/api-0028.json,6e455a7c3840f8942a731324375e85caf7daea6606ae5349657c96c3b6d56d3b
963,20210515,6,12,19,23,34,42,35,68,95452215000,1000,95452215,4,0,"[[12,19,23,34,35,42],[6,19,23,34,35,42],[6,12,23,34,35,42],[6,12,19,34,35,42],[6,12,19,23,35,42],[6,12,19,23,34,35]]","[3,3,3,3,4,4]",3.3333333333333335,-0.80000000000000027,0.967087877426417,downloads/official-1-1237/raw/api-0028.json,6e455a7c3840f8942a731324375e85caf7daea6606ae5349657c96c3b6d56d3b
964,20210522,6,21,36,38,39,43,30,52,95549895000,1000,95549895,2,1,"[[21,30,36,38,39,43],[6,30,36,38,39,43],[6,21,30,38,39,43],[6,21,30,36,39,43],[6,21,30,36,38,43],[6,21,30,36,38,39]]","[2,2,3,3,3,3]",2.6666666666666665,-1.4666666666666672,0.73878176422904496,downloads/official-1-1237/raw/api-0028.json,6e455a7c3840f8942a731324375e85caf7daea6606ae5349657c96c3b6d56d3b
965,20210529,2,13,25,28,29,36,34,46,96174650000,1000,96174650,5,0,"[[13,25,28,29,34,36],[2,25,28,29,34,36],[2,13,28,29,34,36],[2,13,25,29,34,36],[2,13,25,28,34,36],[2,13,25,28,29,34]]","[4,4,4,4,4,5]",4.166666666666667,0.033333333333333215,0.64929230311729758,downloads/official-1-1237/raw/api-0028.json,6e455a7c3840f8942a731324375e85caf7daea6606ae5349657c96c3b6d56d3b
966,20210605,1,21,25,29,34,37,36,50,95640447000,1000,95640447,4,0,"[[21,25,29,34,36,37],[1,25,29,34,36,37],[1,21,29,34,36,37],[1,21,25,34,36,37],[1,21,25,29,36,37],[1,21,25,29,34,36]]","[3,3,3,3,4,4]",3.3333333333333335,-0.80000000000000027,0.70969450822411984,downloads/official-1-1237/raw/api-0028.json,6e455a7c3840f8942a731324375e85caf7daea6606ae5349657c96c3b6d56d3b
967,20210612,1,6,13,37,38,40,9,69,94515565000,1000,94515565,3,1,"[[6,9,13,37,38,40],[1,9,13,37,38,40],[1,6,9,37,38,40],[1,6,9,13,38,40],[1,6,9,13,37,40],[1,6,9,13,37,38]]","[3,3,3,4,4,4]",3.5,-0.63333333333333375,0.99103454547407088,downloads/official-1-1237/raw/api-0028.json,6e455a7c3840f8942a731324375e85caf7daea6606ae5349657c96c3b6d56d3b
968,20210619,2,5,12,14,24,39,33,97,95924229000,1000,95924229,5,0,"[[5,12,14,24,33,39],[2,12,14,24,33,39],[2,5,14,24,33,39],[2,5,12,24,33,39],[2,5,12,14,33,39],[2,5,12,14,24,33]]","[4,4,4,4,4,5]",4.166666666666667,0.033333333333333215,1.3727342025339604,downloads/official-1-1237/raw/api-0027.json,2c3f23845f2c0bf11d1308df964840e4a39897069f00f4fe14c2381b1d9f9608
969,20210626,3,9,10,29,40,45,7,56,96728751000,1000,96728751,4,1,"[[7,9,10,29,40,45],[3,7,10,29,40,45],[3,7,9,29,40,45],[3,7,9,10,40,45],[3,7,9,10,29,45],[3,7,9,10,29,40]]","[4,4,4,4,5,5]",4.333333333333333,0.19999999999999929,0.78591483105162807,downloads/official-1-1237/raw/api-0027.json,2c3f23845f2c0bf11d1308df964840e4a39897069f00f4fe14c2381b1d9f9608
970,20210703,9,11,16,21,28,36,5,87,93268371000,1000,93268371,5,1,"[[5,11,16,21,28,36],[5,9,16,21,28,36],[5,9,11,21,28,36],[5,9,11,16,28,36],[5,9,11,16,21,36],[5,9,11,16,21,28]]","[5,5,5,5,5,6]",5.166666666666667,1.0333333333333332,1.2662746087845793,downloads/official-1-1237/raw/api-0027.json,2c3f23845f2c0bf11d1308df964840e4a39897069f00f4fe14c2381b1d9f9608
971,20210710,2,6,17,18,21,26,7,62,94471924000,1000,94471924,6,1,"[[6,7,17,18,21,26],[2,7,17,18,21,26],[2,6,7,18,21,26],[2,6,7,17,21,26],[2,6,7,17,18,26],[2,6,7,17,18,21]]","[6,6,6,6,6,6]",6,1.8666666666666663,0.8909061701760197,downloads/official-1-1237/raw/api-0027.json,2c3f23845f2c0bf11d1308df964840e4a39897069f00f4fe14c2381b1d9f9608
972,20210717,3,6,17,23,37,39,26,80,93916813000,1000,93916813,4,1,"[[6,17,23,26,37,39],[3,17,23,26,37,39],[3,6,23,26,37,39],[3,6,17,26,37,39],[3,6,17,23,26,39],[3,6,17,23,26,37]]","[4,4,4,4,5,5]",4.333333333333333,0.19999999999999929,1.1563509932987186,downloads/official-1-1237/raw/api-0027.json,2c3f23845f2c0bf11d1308df964840e4a39897069f00f4fe14c2381b1d9f9608
973,20210724,22,26,31,37,41,42,24,42,93953872000,1000,93953872,3,1,"[[24,26,31,37,41,42],[22,24,31,37,41,42],[22,24,26,37,41,42],[22,24,26,31,41,42],[22,24,26,31,37,42],[22,24,26,31,37,41]]","[3,3,3,4,4,4]",3.5,-0.63333333333333375,0.60684481422968928,downloads/official-1-1237/raw/api-0027.json,2c3f23845f2c0bf11d1308df964840e4a39897069f00f4fe14c2381b1d9f9608
974,20210731,1,2,11,16,39,44,32,66,94146055000,1000,94146055,4,0,"[[2,11,16,32,39,44],[1,11,16,32,39,44],[1,2,16,32,39,44],[1,2,11,32,39,44],[1,2,11,16,32,44],[1,2,11,16,32,39]]","[3,3,3,3,4,4]",3.3333333333333335,-0.80000000000000027,0.95166664179396576,downloads/official-1-1237/raw/api-0027.json,2c3f23845f2c0bf11d1308df964840e4a39897069f00f4fe14c2381b1d9f9608
975,20210807,7,8,9,17,22,24,5,61,94253719000,1000,94253719,6,1,"[[5,8,9,17,22,24],[5,7,9,17,22,24],[5,7,8,17,22,24],[5,7,8,9,22,24],[5,7,8,9,17,24],[5,7,8,9,17,22]]","[6,6,6,6,6,6]",6,1.8666666666666663,0.87856596937039699,downloads/official-1-1237/raw/api-0027.json,2c3f23845f2c0bf11d1308df964840e4a39897069f00f4fe14c2381b1d9f9608
976,20210814,4,12,14,25,35,37,2,69,97492178000,1000,97492178,4,1,"[[2,12,14,25,35,37],[2,4,14,25,35,37],[2,4,12,25,35,37],[2,4,12,14,35,37],[2,4,12,14,25,37],[2,4,12,14,25,35]]","[4,4,4,4,5,5]",4.333333333333333,0.19999999999999929,0.96077646352305313,downloads/official-1-1237/raw/api-0027.json,2c3f23845f2c0bf11d1308df964840e4a39897069f00f4fe14c2381b1d9f9608
977,20210821,2,9,10,14,22,44,16,82,95895844000,1000,95895844,5,1,"[[9,10,14,16,22,44],[2,10,14,16,22,44],[2,9,14,16,22,44],[2,9,10,16,22,44],[2,9,10,14,16,44],[2,9,10,14,16,22]]","[5,5,5,5,5,6]",5.166666666666667,1.0333333333333332,1.160799210443364,downloads/official-1-1237/raw/api-0027.json,2c3f23845f2c0bf11d1308df964840e4a39897069f00f4fe14c2381b1d9f9608
978,20210828,1,7,15,32,34,42,8,70,98855197000,1000,98855197,3,1,"[[7,8,15,32,34,42],[1,8,15,32,34,42],[1,7,8,32,34,42],[1,7,8,15,34,42],[1,7,8,15,32,42],[1,7,8,15,32,34]]","[3,3,3,4,4,4]",3.5,-0.63333333333333375,0.96126155107454792,downloads/official-1-1237/raw/api-0026.json,f912466f01342b4718d0b04f7e5e5cb9481b21102c32ec47a4074f44dba49951
979,20210904,7,11,16,21,27,33,24,79,99507886000,1000,99507886,5,1,"[[11,16,21,24,27,33],[7,16,21,24,27,33],[7,11,21,24,27,33],[7,11,16,24,27,33],[7,11,16,21,24,33],[7,11,16,21,24,27]]","[5,5,5,5,5,6]",5.166666666666667,1.0333333333333332,1.0777365926555811,downloads/official-1-1237/raw/api-0026.json,f912466f01342b4718d0b04f7e5e5cb9481b21102c32ec47a4074f44dba49951
980,20210911,3,13,16,23,24,35,14,70,99593380000,1000,99593380,5,1,"[[13,14,16,23,24,35],[3,14,16,23,24,35],[3,13,14,23,24,35],[3,13,14,16,24,35],[3,13,14,16,23,35],[3,13,14,16,23,24]]","[5,5,5,5,5,6]",5.166666666666667,1.0333333333333332,0.95413671069301997,downloads/official-1-1237/raw/api-0026.json,f912466f01342b4718d0b04f7e5e5cb9481b21102c32ec47a4074f44dba49951
981,20210918,27,36,37,41,43,45,32,65,105645424000,1000,105645424,1,0,"[[32,36,37,41,43,45],[27,32,37,41,43,45],[27,32,36,41,43,45],[27,32,36,37,43,45],[27,32,36,37,41,45],[27,32,36,37,41,43]]","[0,1,1,1,1,1]",0.83333333333333337,-3.3000000000000003,0.835229266532169,downloads/official-1-1237/raw/api-0026.json,f912466f01342b4718d0b04f7e5e5cb9481b21102c32ec47a4074f44dba49951
982,20210925,5,7,13,20,21,44,33,81,101344251000,1000,101344251,5,0,"[[7,13,20,21,33,44],[5,13,20,21,33,44],[5,7,20,21,33,44],[5,7,13,21,33,44],[5,7,13,20,33,44],[5,7,13,20,21,33]]","[4,4,4,4,4,5]",4.166666666666667,0.033333333333333215,1.0849980034881308,downloads/official-1-1237/raw/api-0026.json,f912466f01342b4718d0b04f7e5e5cb9481b21102c32ec47a4074f44dba49951
983,20211002,13,23,26,31,35,43,15,78,101899006000,1000,101899006,4,1,"[[15,23,26,31,35,43],[13,15,26,31,35,43],[13,15,23,31,35,43],[13,15,23,26,35,43],[13,15,23,26,31,43],[13,15,23,26,31,35]]","[4,4,4,4,5,5]",4.333333333333333,0.19999999999999929,1.0391247584888119,downloads/official-1-1237/raw/api-0026.json,f912466f01342b4718d0b04f7e5e5cb9481b21102c32ec47a4074f44dba49951
984,20211009,3,10,23,35,36,37,18,64,98762367000,1000,98762367,3,1,"[[10,18,23,35,36,37],[3,18,23,35,36,37],[3,10,18,35,36,37],[3,10,18,23,36,37],[3,10,18,23,35,37],[3,10,18,23,35,36]]","[3,3,3,4,4,4]",3.5,-0.63333333333333375,0.87969378052674663,downloads/official-1-1237/raw/api-0026.json,f912466f01342b4718d0b04f7e5e5cb9481b21102c32ec47a4074f44dba49951
985,20211016,17,21,23,30,34,44,19,62,98811446000,1000,98811446,4,1,"[[19,21,23,30,34,44],[17,19,23,30,34,44],[17,19,21,30,34,44],[17,19,21,23,34,44],[17,19,21,23,30,44],[17,19,21,23,30,34]]","[4,4,4,4,5,5]",4.333333333333333,0.19999999999999929,0.85178006604619472,downloads/official-1-1237/raw/api-0026.json,f912466f01342b4718d0b04f7e5e5cb9481b21102c32ec47a4074f44dba49951
986,20211023,7,10,16,28,41,42,40,70,99041240000,1000,99041240,4,0,"[[10,16,28,40,41,42],[7,16,28,40,41,42],[7,10,28,40,41,42],[7,10,16,40,41,42],[7,10,16,28,40,42],[7,10,16,28,40,41]]","[3,3,3,3,4,4]",3.3333333333333335,-0.80000000000000027,0.95945587918729613,downloads/official-1-1237/raw/api-0026.json,f912466f01342b4718d0b04f7e5e5cb9481b21102c32ec47a4074f44dba49951
987,20211030,2,4,15,23,29,38,7,73,100269530000,1000,100269530,5,1,"[[4,7,15,23,29,38],[2,7,15,23,29,38],[2,4,7,23,29,38],[2,4,7,15,29,38],[2,4,7,15,23,38],[2,4,7,15,23,29]]","[5,5,5,5,5,6]",5.166666666666667,1.0333333333333332,0.98831848518687582,downloads/official-1-1237/raw/api-0026.json,f912466f01342b4718d0b04f7e5e5cb9481b21102c32ec47a4074f44dba49951
988,20211106,2,13,20,30,31,41,27,61,98606195000,1000,98606195,5,1,"[[13,20,27,30,31,41],[2,20,27,30,31,41],[2,13,27,30,31,41],[2,13,20,27,31,41],[2,13,20,27,30,41],[2,13,20,27,30,31]]","[5,5,5,5,5,6]",5.166666666666667,1.0333333333333332,0.83978608037760716,downloads/official-1-1237/raw/api-0025.json,e3b18b2c5d5322247746d2f7e4845ebfa1f7d6b340d73bfbc105cadfe24ed020
989,20211113,17,18,21,27,29,33,26,63,96525658000,1000,96525658,5,1,"[[18,21,26,27,29,33],[17,21,26,27,29,33],[17,18,26,27,29,33],[17,18,21,26,29,33],[17,18,21,26,27,33],[17,18,21,26,27,29]]","[5,5,5,5,5,6]",5.166666666666667,1.0333333333333332,0.88601447296013258,downloads/official-1-1237/raw/api-0025.json,e3b18b2c5d5322247746d2f7e4845ebfa1f7d6b340d73bfbc105cadfe24ed020
990,20211120,2,4,25,26,36,37,28,56,99567047000,1000,99567047,4,1,"[[4,25,26,28,36,37],[2,25,26,28,36,37],[2,4,26,28,36,37],[2,4,25,28,36,37],[2,4,25,26,28,37],[2,4,25,26,28,36]]","[4,4,4,4,5,5]",4.333333333333333,0.19999999999999929,0.76351124483987154,downloads/official-1-1237/raw/api-0025.json,e3b18b2c5d5322247746d2f7e4845ebfa1f7d6b340d73bfbc105cadfe24ed020
991,20211127,13,18,25,31,33,44,38,110,98026282000,1000,98026282,4,0,"[[18,25,31,33,38,44],[13,25,31,33,38,44],[13,18,31,33,38,44],[13,18,25,33,38,44],[13,18,25,31,38,44],[13,18,25,31,33,38]]","[3,3,3,3,4,4]",3.3333333333333335,-0.80000000000000027,1.5233271828059336,downloads/official-1-1237/raw/api-0025.json,e3b18b2c5d5322247746d2f7e4845ebfa1f7d6b340d73bfbc105cadfe24ed020
992,20211204,12,20,26,33,44,45,24,58,97066498000,1000,97066498,3,1,"[[20,24,26,33,44,45],[12,24,26,33,44,45],[12,20,24,33,44,45],[12,20,24,26,44,45],[12,20,24,26,33,45],[12,20,24,26,33,44]]","[3,3,3,4,4,4]",3.5,-0.63333333333333375,0.81115092871692973,downloads/official-1-1237/raw/api-0025.json,e3b18b2c5d5322247746d2f7e4845ebfa1f7d6b340d73bfbc105cadfe24ed020
993,20211211,6,14,16,18,24,42,44,70,99323653000,1000,99323653,5,0,"[[14,16,18,24,42,44],[6,16,18,24,42,44],[6,14,18,24,42,44],[6,14,16,24,42,44],[6,14,16,18,42,44],[6,14,16,18,24,44]]","[4,4,4,4,4,5]",4.166666666666667,0.033333333333333215,0.95672779977192346,downloads/official-1-1237/raw/api-0025.json,e3b18b2c5d5322247746d2f7e4845ebfa1f7d6b340d73bfbc105cadfe24ed020
994,20211218,1,3,8,24,27,35,28,70,95530936000,1000,95530936,5,1,"[[3,8,24,27,28,35],[1,8,24,27,28,35],[1,3,24,27,28,35],[1,3,8,27,28,35],[1,3,8,24,28,35],[1,3,8,24,27,28]]","[5,5,5,5,5,6]",5.166666666666667,1.0333333333333332,0.99471128389237173,downloads/official-1-1237/raw/api-0025.json,e3b18b2c5d5322247746d2f7e4845ebfa1f7d6b340d73bfbc105cadfe24ed020
995,20211225,1,4,13,29,38,39,7,69,100878455000,1000,100878455,4,1,"[[4,7,13,29,38,39],[1,7,13,29,38,39],[1,4,7,29,38,39],[1,4,7,13,38,39],[1,4,7,13,29,39],[1,4,7,13,29,38]]","[4,4,4,4,5,5]",4.333333333333333,0.19999999999999929,0.92852522374574431,downloads/official-1-1237/raw/api-0025.json,e3b18b2c5d5322247746d2f7e4845ebfa1f7d6b340d73bfbc105cadfe24ed020
996,20220101,6,11,15,24,32,39,28,86,112624327000,1000,112624327,4,1,"[[11,15,24,28,32,39],[6,15,24,28,32,39],[6,11,24,28,32,39],[6,11,15,28,32,39],[6,11,15,24,28,39],[6,11,15,24,28,32]]","[4,4,4,4,5,5]",4.333333333333333,0.19999999999999929,1.0365954062482434,downloads/official-1-1237/raw/api-0025.json,e3b18b2c5d5322247746d2f7e4845ebfa1f7d6b340d73bfbc105cadfe24ed020
997,20220108,4,7,14,16,24,44,20,85,102431961000,1000,102431961,5,1,"[[7,14,16,20,24,44],[4,14,16,20,24,44],[4,7,16,20,24,44],[4,7,14,20,24,44],[4,7,14,16,20,44],[4,7,14,16,20,24]]","[5,5,5,5,5,6]",5.166666666666667,1.0333333333333332,1.1264877570780862,downloads/official-1-1237/raw/api-0025.json,e3b18b2c5d5322247746d2f7e4845ebfa1f7d6b340d73bfbc105cadfe24ed020
998,20220115,13,17,18,20,42,45,41,53,101681869000,1000,101681869,4,0,"[[17,18,20,41,42,45],[13,18,20,41,42,45],[13,17,20,41,42,45],[13,17,18,41,42,45],[13,17,18,20,41,45],[13,17,18,20,41,42]]","[3,3,3,3,4,4]",3.3333333333333335,-0.80000000000000027,0.70757973577373956,downloads/official-1-1237/raw/api-0024.json,4f650d1091e83bbccb9a8ef25ca0d2e2714386ce6804b36e025d1aa35fa66984
999,20220122,1,3,9,14,18,28,34,67,102581351000,1000,102581351,6,0,"[[3,9,14,18,28,34],[1,9,14,18,28,34],[1,3,14,18,28,34],[1,3,9,18,28,34],[1,3,9,14,28,34],[1,3,9,14,18,34]]","[5,5,5,5,5,5]",5,0.86666666666666625,0.88664429853336602,downloads/official-1-1237/raw/api-0024.json,4f650d1091e83bbccb9a8ef25ca0d2e2714386ce6804b36e025d1aa35fa66984
1000,20220129,2,8,19,22,32,42,39,109,118628811000,1000,118628811,4,0,"[[8,19,22,32,39,42],[2,19,22,32,39,42],[2,8,22,32,39,42],[2,8,19,32,39,42],[2,8,19,22,39,42],[2,8,19,22,32,39]]","[3,3,3,3,4,4]",3.3333333333333335,-0.80000000000000027,1.2473242271643437,downloads/official-1-1237/raw/api-0024.json,4f650d1091e83bbccb9a8ef25ca0d2e2714386ce6804b36e025d1aa35fa66984
1001,20220205,6,10,12,14,20,42,15,66,103967487000,1000,103967487,5,1,"[[10,12,14,15,20,42],[6,12,14,15,20,42],[6,10,14,15,20,42],[6,10,12,15,20,42],[6,10,12,14,15,42],[6,10,12,14,15,20]]","[5,5,5,5,5,6]",5.166666666666667,1.0333333333333332,0.86176614040887611,downloads/official-1-1237/raw/api-0024.json,4f650d1091e83bbccb9a8ef25ca0d2e2714386ce6804b36e025d1aa35fa66984
1002,20220212,17,25,33,35,38,45,15,85,105795484000,1000,105795484,2,1,"[[15,25,33,35,38,45],[15,17,33,35,38,45],[15,17,25,35,38,45],[15,17,25,33,38,45],[15,17,25,33,35,45],[15,17,25,33,35,38]]","[2,2,3,3,3,3]",2.6666666666666665,-1.4666666666666672,1.0906736813076066,downloads/official-1-1237/raw/api-0024.json,4f650d1091e83bbccb9a8ef25ca0d2e2714386ce6804b36e025d1aa35fa66984
1003,20220219,1,4,29,39,43,45,31,66,103479378000,1000,103479378,3,1,"[[4,29,31,39,43,45],[1,29,31,39,43,45],[1,4,31,39,43,45],[1,4,29,31,43,45],[1,4,29,31,39,45],[1,4,29,31,39,43]]","[3,3,3,4,4,4]",3.5,-0.63333333333333375,0.86583106442715574,downloads/official-1-1237/raw/api-0024.json,4f650d1091e83bbccb9a8ef25ca0d2e2714386ce6804b36e025d1aa35fa66984
1004,20220226,7,15,30,37,39,44,18,68,106112471000,1000,106112471,3,1,"[[15,18,30,37,39,44],[7,18,30,37,39,44],[7,15,18,37,39,44],[7,15,18,30,39,44],[7,15,18,30,37,44],[7,15,18,30,37,39]]","[3,3,3,4,4,4]",3.5,-0.63333333333333375,0.86993243235283813,downloads/official-1-1237/raw/api-0024.json,4f650d1091e83bbccb9a8ef25ca0d2e2714386ce6804b36e025d1aa35fa66984
1005,20220305,8,13,18,24,27,29,17,84,103755249000,1000,103755249,6,1,"[[13,17,18,24,27,29],[8,17,18,24,27,29],[8,13,17,24,27,29],[8,13,17,18,27,29],[8,13,17,18,24,29],[8,13,17,18,24,27]]","[6,6,6,6,6,6]",6,1.8666666666666663,1.0990368304161653,downloads/official-1-1237/raw/api-0024.json,4f650d1091e83bbccb9a8ef25ca0d2e2714386ce6804b36e025d1aa35fa66984
1006,20220312,8,11,15,16,17,37,36,65,104542431000,1000,104542431,5,0,"[[11,15,16,17,36,37],[8,15,16,17,36,37],[8,11,16,17,36,37],[8,11,15,17,36,37],[8,11,15,16,36,37],[8,11,15,16,17,36]]","[4,4,4,4,4,5]",4.166666666666667,0.033333333333333215,0.84404149737057488,downloads/official-1-1237/raw/api-0024.json,4f650d1091e83bbccb9a8ef25ca0d2e2714386ce6804b36e025d1aa35fa66984
1007,20220319,8,11,16,19,21,25,40,70,101530003000,1000,101530003,6,0,"[[11,16,19,21,25,40],[8,16,19,21,25,40],[8,11,19,21,25,40],[8,11,16,21,25,40],[8,11,16,19,25,40],[8,11,16,19,21,40]]","[5,5,5,5,5,5]",5,0.86666666666666625,0.93593713377512655,downloads/official-1-1237/raw/api-0024.json,4f650d1091e83bbccb9a8ef25ca0d2e2714386ce6804b36e025d1aa35fa66984
1008,20220326,9,11,30,31,41,44,33,97,103727042000,1000,103727042,4,0,"[[11,30,31,33,41,44],[9,30,31,33,41,44],[9,11,31,33,41,44],[9,11,30,33,41,44],[9,11,30,31,33,44],[9,11,30,31,33,41]]","[3,3,3,3,4,4]",3.3333333333333335,-0.80000000000000027,1.2694709832755089,downloads/official-1-1237/raw/api-0023.json,a1482c798743c7e34e18ae0332a5d20567dca3015e02332b8f084958a90a6c0a
1009,20220402,15,23,29,34,40,44,20,69,103771363000,1000,103771363,3,1,"[[20,23,29,34,40,44],[15,20,29,34,40,44],[15,20,23,34,40,44],[15,20,23,29,40,44],[15,20,23,29,34,44],[15,20,23,29,34,40]]","[3,3,3,4,4,4]",3.5,-0.63333333333333375,0.90264006650852224,downloads/official-1-1237/raw/api-0023.json,a1482c798743c7e34e18ae0332a5d20567dca3015e02332b8f084958a90a6c0a
1010,20220409,9,12,15,25,34,36,3,66,103011505000,1000,103011505,4,1,"[[3,12,15,25,34,36],[3,9,15,25,34,36],[3,9,12,25,34,36],[3,9,12,15,34,36],[3,9,12,15,25,36],[3,9,12,15,25,34]]","[4,4,4,4,5,5]",4.333333333333333,0.19999999999999929,0.86976362494655335,downloads/official-1-1237/raw/api-0023.json,a1482c798743c7e34e18ae0332a5d20567dca3015e02332b8f084958a90a6c0a
1011,20220416,1,9,12,26,35,38,42,76,101799373000,1000,101799373,4,0,"[[9,12,26,35,38,42],[1,12,26,35,38,42],[1,9,26,35,38,42],[1,9,12,35,38,42],[1,9,12,26,38,42],[1,9,12,26,35,42]]","[3,3,3,3,4,4]",3.3333333333333335,-0.80000000000000027,1.0134714680413601,downloads/official-1-1237/raw/api-0023.json,a1482c798743c7e34e18ae0332a5d20567dca3015e02332b8f084958a90a6c0a
1012,20220423,5,11,18,20,35,45,3,76,101948323000,1000,101948323,4,1,"[[3,11,18,20,35,45],[3,5,18,20,35,45],[3,5,11,20,35,45],[3,5,11,18,35,45],[3,5,11,18,20,45],[3,5,11,18,20,35]]","[4,4,4,4,5,5]",4.333333333333333,0.19999999999999929,1.0119907514319779,downloads/official-1-1237/raw/api-0023.json,a1482c798743c7e34e18ae0332a5d20567dca3015e02332b8f084958a90a6c0a
1013,20220430,21,22,26,34,36,41,32,79,101747653000,1000,101747653,3,0,"[[22,26,32,34,36,41],[21,26,32,34,36,41],[21,22,32,34,36,41],[21,22,26,32,36,41],[21,22,26,32,34,41],[21,22,26,32,34,36]]","[2,2,2,3,3,3]",2.5,-1.6333333333333337,1.0540124203159753,downloads/official-1-1237/raw/api-0023.json,a1482c798743c7e34e18ae0332a5d20567dca3015e02332b8f084958a90a6c0a
1014,20220507,3,11,14,18,26,27,21,69,102396369000,1000,102396369,6,1,"[[11,14,18,21,26,27],[3,14,18,21,26,27],[3,11,18,21,26,27],[3,11,14,21,26,27],[3,11,14,18,21,27],[3,11,14,18,21,26]]","[6,6,6,6,6,6]",6,1.8666666666666663,0.9147608544595951,downloads/official-1-1237/raw/api-0023.json,a1482c798743c7e34e18ae0332a5d20567dca3015e02332b8f084958a90a6c0a
1015,20220514,14,23,31,33,37,40,44,102,102562683000,1000,102562683,3,0,"[[23,31,33,37,40,44],[14,31,33,37,40,44],[14,23,33,37,40,44],[14,23,31,37,40,44],[14,23,31,33,40,44],[14,23,31,33,37,44]]","[2,2,2,3,3,3]",2.5,-1.6333333333333337,1.350062380875898,downloads/official-1-1237/raw/api-0023.json,a1482c798743c7e34e18ae0332a5d20567dca3015e02332b8f084958a90a6c0a
1016,20220521,15,26,28,34,41,42,44,68,101583153000,1000,101583153,3,0,"[[26,28,34,41,42,44],[15,28,34,41,42,44],[15,26,34,41,42,44],[15,26,28,41,42,44],[15,26,28,34,42,44],[15,26,28,34,41,44]]","[2,2,2,3,3,3]",2.5,-1.6333333333333337,0.90872036625994468,downloads/official-1-1237/raw/api-0023.json,a1482c798743c7e34e18ae0332a5d20567dca3015e02332b8f084958a90a6c0a
1017,20220528,12,18,22,23,30,34,32,70,101382790000,1000,101382790,5,0,"[[18,22,23,30,32,34],[12,22,23,30,32,34],[12,18,23,30,32,34],[12,18,22,30,32,34],[12,18,22,23,32,34],[12,18,22,23,30,32]]","[4,4,4,4,4,5]",4.166666666666667,0.033333333333333215,0.93729616239600433,downloads/official-1-1237/raw/api-0023.json,a1482c798743c7e34e18ae0332a5d20567dca3015e02332b8f084958a90a6c0a
1018,20220604,3,19,21,25,37,45,35,62,101151805000,1000,101151805,4,0,"[[19,21,25,35,37,45],[3,21,25,35,37,45],[3,19,25,35,37,45],[3,19,21,35,37,45],[3,19,21,25,35,45],[3,19,21,25,35,37]]","[3,3,3,3,4,4]",3.3333333333333335,-0.80000000000000027,0.83207234907968275,downloads/official-1-1237/raw/api-0022.json,a4fe8ea82c185a9dbf26e5bc4cf431c0ea6041cc994d7a8e6df5e3bec25c62fe
1019,20220611,1,4,13,17,34,39,6,75,102804882000,1000,102804882,4,1,"[[4,6,13,17,34,39],[1,6,13,17,34,39],[1,4,6,17,34,39],[1,4,6,13,34,39],[1,4,6,13,17,39],[1,4,6,13,17,34]]","[4,4,4,4,5,5]",4.333333333333333,0.19999999999999929,0.99035423239919673,downloads/official-1-1237/raw/api-0022.json,a4fe8ea82c185a9dbf26e5bc4cf431c0ea6041cc994d7a8e6df5e3bec25c62fe
1020,20220618,12,27,29,38,41,45,6,77,104996396000,1000,104996396,3,1,"[[6,27,29,38,41,45],[6,12,29,38,41,45],[6,12,27,38,41,45],[6,12,27,29,41,45],[6,12,27,29,38,45],[6,12,27,29,38,41]]","[3,3,3,4,4,4]",3.5,-0.63333333333333375,0.99554150411029341,downloads/official-1-1237/raw/api-0022.json,a4fe8ea82c185a9dbf26e5bc4cf431c0ea6041cc994d7a8e6df5e3bec25c62fe
1021,20220625,12,15,17,24,29,45,16,56,101960162000,1000,101960162,5,1,"[[15,16,17,24,29,45],[12,16,17,24,29,45],[12,15,16,24,29,45],[12,15,16,17,29,45],[12,15,16,17,24,45],[12,15,16,17,24,29]]","[5,5,5,5,5,6]",5.166666666666667,1.0333333333333332,0.74559081222330736,downloads/official-1-1237/raw/api-0022.json,a4fe8ea82c185a9dbf26e5bc4cf431c0ea6041cc994d7a8e6df5e3bec25c62fe
1022,20220702,5,6,11,29,42,45,28,63,99233031000,1000,99233031,4,1,"[[6,11,28,29,42,45],[5,11,28,29,42,45],[5,6,28,29,42,45],[5,6,11,28,42,45],[5,6,11,28,29,45],[5,6,11,28,29,42]]","[4,4,4,4,5,5]",4.333333333333333,0.19999999999999929,0.86184135602992917,downloads/official-1-1237/raw/api-0022.json,a4fe8ea82c185a9dbf26e5bc4cf431c0ea6041cc994d7a8e6df5e3bec25c62fe
1023,20220709,10,14,16,18,29,35,25,72,100399659000,1000,100399659,5,1,"[[14,16,18,25,29,35],[10,16,18,25,29,35],[10,14,18,25,29,35],[10,14,16,25,29,35],[10,14,16,18,25,35],[10,14,16,18,25,29]]","[5,5,5,5,5,6]",5.166666666666667,1.0333333333333332,0.97351645387560526,downloads/official-1-1237/raw/api-0022.json,a4fe8ea82c185a9dbf26e5bc4cf431c0ea6041cc994d7a8e6df5e3bec25c62fe
1024,20220716,9,18,20,22,38,44,10,63,100081038000,1000,100081038,4,1,"[[10,18,20,22,38,44],[9,10,20,22,38,44],[9,10,18,22,38,44],[9,10,18,20,38,44],[9,10,18,20,22,44],[9,10,18,20,22,38]]","[4,4,4,4,5,5]",4.333333333333333,0.19999999999999929,0.8545387988481894,downloads/official-1-1237/raw/api-0022.json,a4fe8ea82c185a9dbf26e5bc4cf431c0ea6041cc994d7a8e6df5e3bec25c62fe
1025,20220723,8,9,20,25,29,33,7,69,101318529000,1000,101318529,5,1,"[[7,9,20,25,29,33],[7,8,20,25,29,33],[7,8,9,25,29,33],[7,8,9,20,29,33],[7,8,9,20,25,33],[7,8,9,20,25,29]]","[5,5,5,5,5,6]",5.166666666666667,1.0333333333333332,0.92449220221110795,downloads/official-1-1237/raw/api-0022.json,a4fe8ea82c185a9dbf26e5bc4cf431c0ea6041cc994d7a8e6df5e3bec25c62fe
1026,20220730,5,12,13,31,32,41,34,76,101556379000,1000,101556379,4,0,"[[12,13,31,32,34,41],[5,13,31,32,34,41],[5,12,31,32,34,41],[5,12,13,32,34,41],[5,12,13,31,34,41],[5,12,13,31,32,34]]","[3,3,3,3,4,4]",3.3333333333333335,-0.80000000000000027,1.0158964017415391,downloads/official-1-1237/raw/api-0022.json,a4fe8ea82c185a9dbf26e5bc4cf431c0ea6041cc994d7a8e6df5e3bec25c62fe
1027,20220806,14,16,27,35,39,45,5,83,101195159000,1000,101195159,3,1,"[[5,16,27,35,39,45],[5,14,27,35,39,45],[5,14,16,35,39,45],[5,14,16,27,39,45],[5,14,16,27,35,45],[5,14,16,27,35,39]]","[3,3,3,4,4,4]",3.5,-0.63333333333333375,1.1134260879020903,downloads/official-1-1237/raw/api-0022.json,a4fe8ea82c185a9dbf26e5bc4cf431c0ea6041cc994d7a8e6df5e3bec25c62fe
1028,20220813,5,7,12,13,18,35,23,91,100613537000,1000,100613537,5,1,"[[7,12,13,18,23,35],[5,12,13,18,23,35],[5,7,13,18,23,35],[5,7,12,18,23,35],[5,7,12,13,23,35],[5,7,12,13,18,23]]","[5,5,5,5,5,6]",5.166666666666667,1.0333333333333332,1.2278010860506772,downloads/official-1-1237/raw/api-0021.json,719fb01575da9482953eefca100932740ba59df2303ea53da2615b0d205a80f1
1029,20220820,12,30,32,37,39,41,24,62,101336312000,1000,101336312,2,1,"[[24,30,32,37,39,41],[12,24,32,37,39,41],[12,24,30,37,39,41],[12,24,30,32,39,41],[12,24,30,32,37,41],[12,24,30,32,37,39]]","[2,2,3,3,3,3]",2.6666666666666665,-1.4666666666666672,0.83055736230069233,downloads/official-1-1237/raw/api-0021.json,719fb01575da9482953eefca100932740ba59df2303ea53da2615b0d205a80f1
1030,20220827,2,5,11,17,24,29,9,104,104899923000,1000,104899923,6,1,"[[5,9,11,17,24,29],[2,9,11,17,24,29],[2,5,9,17,24,29],[2,5,9,11,24,29],[2,5,9,11,17,29],[2,5,9,11,17,24]]","[6,6,6,6,6,6]",6,1.8666666666666663,1.3458640956295078,downloads/official-1-1237/raw/api-0021.json,719fb01575da9482953eefca100932740ba59df2303ea53da2615b0d205a80f1
1031,20220903,6,7,22,32,35,36,19,64,104316078000,1000,104316078,3,1,"[[7,19,22,32,35,36],[6,19,22,32,35,36],[6,7,19,32,35,36],[6,7,19,22,35,36],[6,7,19,22,32,36],[6,7,19,22,32,35]]","[3,3,3,4,4,4]",3.5,-0.63333333333333375,0.83285953292837567,downloads/official-1-1237/raw/api-0021.json,719fb01575da9482953eefca100932740ba59df2303ea53da2615b0d205a80f1
1032,20220910,1,6,12,19,36,42,28,90,110907011000,1000,110907011,4,1,"[[6,12,19,28,36,42],[1,12,19,28,36,42],[1,6,19,28,36,42],[1,6,12,28,36,42],[1,6,12,19,28,42],[1,6,12,19,28,36]]","[4,4,4,4,5,5]",4.333333333333333,0.19999999999999929,1.1016066423429263,downloads/official-1-1237/raw/api-0021.json,719fb01575da9482953eefca100932740ba59df2303ea53da2615b0d205a80f1
1033,20220917,3,11,15,20,35,44,10,79,104642258000,1000,104642258,4,1,"[[10,11,15,20,35,44],[3,10,15,20,35,44],[3,10,11,20,35,44],[3,10,11,15,35,44],[3,10,11,15,20,44],[3,10,11,15,20,35]]","[4,4,4,4,5,5]",4.333333333333333,0.19999999999999929,1.0248564208161486,downloads/official-1-1237/raw/api-0021.json,719fb01575da9482953eefca100932740ba59df2303ea53da2615b0d205a80f1
1034,20220924,26,31,32,33,38,40,11,66,107150089000,1000,107150089,2,1,"[[11,31,32,33,38,40],[11,26,32,33,38,40],[11,26,31,33,38,40],[11,26,31,32,38,40],[11,26,31,32,33,40],[11,26,31,32,33,38]]","[2,2,3,3,3,3]",2.6666666666666665,-1.4666666666666672,0.83616972077363372,downloads/official-1-1237/raw/api-0021.json,719fb01575da9482953eefca100932740ba59df2303ea53da2615b0d205a80f1
1035,20221001,9,14,34,35,41,42,2,71,106759523000,1000,106759523,2,1,"[[2,14,34,35,41,42],[2,9,34,35,41,42],[2,9,14,35,41,42],[2,9,14,34,41,42],[2,9,14,34,35,42],[2,9,14,34,35,41]]","[2,2,3,3,3,3]",2.6666666666666665,-1.4666666666666672,0.90280667514784607,downloads/official-1-1237/raw/api-0021.json,719fb01575da9482953eefca100932740ba59df2303ea53da2615b0d205a80f1
1036,20221008,2,5,22,32,34,45,39,64,103753936000,1000,103753936,3,0,"[[5,22,32,34,39,45],[2,22,32,34,39,45],[2,5,32,34,39,45],[2,5,22,34,39,45],[2,5,22,32,39,45],[2,5,22,32,34,39]]","[2,2,2,3,3,3]",2.5,-1.6333333333333337,0.83737199136233254,downloads/official-1-1237/raw/api-0021.json,719fb01575da9482953eefca100932740ba59df2303ea53da2615b0d205a80f1
1037,20221015,2,14,15,22,27,33,31,78,104840173000,1000,104840173,5,1,"[[14,15,22,27,31,33],[2,15,22,27,31,33],[2,14,22,27,31,33],[2,14,15,27,31,33],[2,14,15,22,31,33],[2,14,15,22,27,31]]","[5,5,5,5,5,6]",5.166666666666667,1.0333333333333332,1.0099733429474596,downloads/official-1-1237/raw/api-0021.json,719fb01575da9482953eefca100932740ba59df2303ea53da2615b0d205a80f1
1038,20221022,7,16,24,27,37,44,2,77,104932409000,1000,104932409,4,1,"[[2,16,24,27,37,44],[2,7,24,27,37,44],[2,7,16,27,37,44],[2,7,16,24,37,44],[2,7,16,24,27,44],[2,7,16,24,27,37]]","[4,4,4,4,5,5]",4.333333333333333,0.19999999999999929,0.99614857789074485,downloads/official-1-1237/raw/api-0020.json,ffb8c8070c33878dd9b08043c7ce769e65a3e90394723f88469e1ef813e12ef9
1039,20221029,2,3,6,19,36,39,26,80,105259066000,1000,105259066,4,1,"[[3,6,19,26,36,39],[2,6,19,26,36,39],[2,3,19,26,36,39],[2,3,6,26,36,39],[2,3,6,19,26,39],[2,3,6,19,26,36]]","[4,4,4,4,5,5]",4.333333333333333,0.19999999999999929,1.0317477071286192,downloads/official-1-1237/raw/api-0020.json,ffb8c8070c33878dd9b08043c7ce769e65a3e90394723f88469e1ef813e12ef9
1040,20221105,8,16,26,29,31,36,11,63,104007239000,1000,104007239,5,1,"[[11,16,26,29,31,36],[8,11,26,29,31,36],[8,11,16,29,31,36],[8,11,16,26,31,36],[8,11,16,26,29,36],[8,11,16,26,29,31]]","[5,5,5,5,5,6]",5.166666666666667,1.0333333333333332,0.82228055299112401,downloads/official-1-1237/raw/api-0020.json,ffb8c8070c33878dd9b08043c7ce769e65a3e90394723f88469e1ef813e12ef9
1041,20221112,6,7,9,11,17,18,45,85,105301601000,1000,105301601,6,0,"[[7,9,11,17,18,45],[6,9,11,17,18,45],[6,7,11,17,18,45],[6,7,9,17,18,45],[6,7,9,11,18,45],[6,7,9,11,17,45]]","[5,5,5,5,5,5]",5,0.86666666666666625,1.0957891323988511,downloads/official-1-1237/raw/api-0020.json,ffb8c8070c33878dd9b08043c7ce769e65a3e90394723f88469e1ef813e12ef9
1042,20221119,5,14,15,23,34,43,4,100,106510259000,1000,106510259,4,1,"[[4,14,15,23,34,43],[4,5,15,23,34,43],[4,5,14,23,34,43],[4,5,14,15,34,43],[4,5,14,15,23,43],[4,5,14,15,23,34]]","[4,4,4,4,5,5]",4.333333333333333,0.19999999999999929,1.2745345028219301,downloads/official-1-1237/raw/api-0020.json,ffb8c8070c33878dd9b08043c7ce769e65a3e90394723f88469e1ef813e12ef9
1043,20221126,3,5,12,22,26,31,19,86,107045942000,1000,107045942,6,1,"[[5,12,19,22,26,31],[3,12,19,22,26,31],[3,5,19,22,26,31],[3,5,12,19,26,31],[3,5,12,19,22,31],[3,5,12,19,22,26]]","[6,6,6,6,6,6]",6,1.8666666666666663,1.0906145325901284,downloads/official-1-1237/raw/api-0020.json,ffb8c8070c33878dd9b08043c7ce769e65a3e90394723f88469e1ef813e12ef9
1044,20221203,12,17,20,26,28,36,4,72,102891973000,1000,102891973,5,1,"[[4,17,20,26,28,36],[4,12,20,26,28,36],[4,12,17,26,28,36],[4,12,17,20,28,36],[4,12,17,20,26,36],[4,12,17,20,26,28]]","[5,5,5,5,5,6]",5.166666666666667,1.0333333333333332,0.94993532683059734,downloads/official-1-1237/raw/api-0020.json,ffb8c8070c33878dd9b08043c7ce769e65a3e90394723f88469e1ef813e12ef9
1045,20221210,6,14,15,19,21,41,37,67,105380282000,1000,105380282,5,0,"[[14,15,19,21,37,41],[6,15,19,21,37,41],[6,14,19,21,37,41],[6,14,15,21,37,41],[6,14,15,19,37,41],[6,14,15,19,21,37]]","[4,4,4,4,4,5]",4.166666666666667,0.033333333333333215,0.86309476757710712,downloads/official-1-1237/raw/api-0020.json,ffb8c8070c33878dd9b08043c7ce769e65a3e90394723f88469e1ef813e12ef9
1046,20221217,7,16,25,29,35,36,28,57,100923993000,1000,100923993,4,1,"[[16,25,28,29,35,36],[7,25,28,29,35,36],[7,16,28,29,35,36],[7,16,25,28,35,36],[7,16,25,28,29,36],[7,16,25,28,29,35]]","[4,4,4,4,5,5]",4.333333333333333,0.19999999999999929,0.76669647821009224,downloads/official-1-1237/raw/api-0020.json,ffb8c8070c33878dd9b08043c7ce769e65a3e90394723f88469e1ef813e12ef9
1047,20221224,2,20,33,40,42,44,32,83,103058179000,1000,103058179,2,0,"[[20,32,33,40,42,44],[2,32,33,40,42,44],[2,20,32,40,42,44],[2,20,32,33,42,44],[2,20,32,33,40,44],[2,20,32,33,40,42]]","[1,1,2,2,2,2]",1.6666666666666667,-2.4666666666666668,1.0932982815463874,downloads/official-1-1237/raw/api-0020.json,ffb8c8070c33878dd9b08043c7ce769e65a3e90394723f88469e1ef813e12ef9
1048,20221231,6,12,17,21,32,39,30,102,117323901000,1000,117323901,4,1,"[[12,17,21,30,32,39],[6,17,21,30,32,39],[6,12,21,30,32,39],[6,12,17,30,32,39],[6,12,17,21,30,39],[6,12,17,21,30,32]]","[4,4,4,4,5,5]",4.333333333333333,0.19999999999999929,1.1802030005804187,downloads/official-1-1237/raw/api-0019.json,4f67e30938104e80665d9840f2954fcaaa051d47cef99a6d7fe61c002049df4d
1049,20230107,3,5,13,20,21,37,17,89,108444724000,1000,108444724,5,1,"[[5,13,17,20,21,37],[3,13,17,20,21,37],[3,5,17,20,21,37],[3,5,13,17,21,37],[3,5,13,17,20,37],[3,5,13,17,20,21]]","[5,5,5,5,5,6]",5.166666666666667,1.0333333333333332,1.1141011341409288,downloads/official-1-1237/raw/api-0019.json,4f67e30938104e80665d9840f2954fcaaa051d47cef99a6d7fe61c002049df4d
1050,20230114,6,12,31,35,38,43,17,70,108072602000,1000,108072602,3,1,"[[12,17,31,35,38,43],[6,17,31,35,38,43],[6,12,17,35,38,43],[6,12,17,31,38,43],[6,12,17,31,35,43],[6,12,17,31,35,38]]","[3,3,3,4,4,4]",3.5,-0.63333333333333375,0.87927650710214234,downloads/official-1-1237/raw/api-0019.json,4f67e30938104e80665d9840f2954fcaaa051d47cef99a6d7fe61c002049df4d
1051,20230121,21,26,30,32,33,35,44,70,119243907000,1000,119243907,3,0,"[[26,30,32,33,35,44],[21,30,32,33,35,44],[21,26,32,33,35,44],[21,26,30,33,35,44],[21,26,30,32,35,44],[21,26,30,32,33,44]]","[2,2,2,3,3,3]",2.5,-1.6333333333333337,0.79690193311093038,downloads/official-1-1237/raw/api-0019.json,4f67e30938104e80665d9840f2954fcaaa051d47cef99a6d7fe61c002049df4d
1052,20230128,5,17,26,27,35,38,1,108,107565461000,1000,107565461,4,1,"[[1,17,26,27,35,38],[1,5,26,27,35,38],[1,5,17,27,35,38],[1,5,17,26,35,38],[1,5,17,26,27,38],[1,5,17,26,27,35]]","[4,4,4,4,5,5]",4.333333333333333,0.19999999999999929,1.3629940190559868,downloads/official-1-1237/raw/api-0019.json,4f67e30938104e80665d9840f2954fcaaa051d47cef99a6d7fe61c002049df4d
1053,20230204,22,26,29,30,34,45,15,64,113721665000,1000,113721665,4,1,"[[15,26,29,30,34,45],[15,22,29,30,34,45],[15,22,26,30,34,45],[15,22,26,29,34,45],[15,22,26,29,30,45],[15,22,26,29,30,34]]","[4,4,4,4,5,5]",4.333333333333333,0.19999999999999929,0.7639761517737188,downloads/official-1-1237/raw/api-0019.json,4f67e30938104e80665d9840f2954fcaaa051d47cef99a6d7fe61c002049df4d
1054,20230211,14,19,27,28,30,45,33,66,113660567000,1000,113660567,5,0,"[[19,27,28,30,33,45],[14,27,28,30,33,45],[14,19,28,30,33,45],[14,19,27,30,33,45],[14,19,27,28,33,45],[14,19,27,28,30,33]]","[4,4,4,4,4,5]",4.166666666666667,0.033333333333333215,0.78827391385439771,downloads/official-1-1237/raw/api-0019.json,4f67e30938104e80665d9840f2954fcaaa051d47cef99a6d7fe61c002049df4d
1055,20230218,4,7,12,14,22,33,31,92,112488256000,1000,112488256,5,1,"[[7,12,14,22,31,33],[4,12,14,22,31,33],[4,7,14,22,31,33],[4,7,12,22,31,33],[4,7,12,14,31,33],[4,7,12,14,22,31]]","[5,5,5,5,5,6]",5.166666666666667,1.0333333333333332,1.1102574121159812,downloads/official-1-1237/raw/api-0019.json,4f67e30938104e80665d9840f2954fcaaa051d47cef99a6d7fe61c002049df4d
1056,20230225,13,20,24,32,36,45,29,81,113279615000,1000,113279615,3,1,"[[20,24,29,32,36,45],[13,24,29,32,36,45],[13,20,29,32,36,45],[13,20,24,29,36,45],[13,20,24,29,32,45],[13,20,24,29,32,36]]","[3,3,3,4,4,4]",3.5,-0.63333333333333375,0.97068047062130292,downloads/official-1-1237/raw/api-0019.json,4f67e30938104e80665d9840f2954fcaaa051d47cef99a6d7fe61c002049df4d
1057,20230304,8,13,19,27,40,45,12,664,112523887000,1000,112523887,4,1,"[[12,13,19,27,40,45],[8,12,19,27,40,45],[8,12,13,27,40,45],[8,12,13,19,40,45],[8,12,13,19,27,45],[8,12,13,19,27,40]]","[4,4,4,4,5,5]",4.333333333333333,0.19999999999999929,8.0106248018254114,downloads/official-1-1237/raw/api-0019.json,4f67e30938104e80665d9840f2954fcaaa051d47cef99a6d7fe61c002049df4d
1058,20230311,11,23,25,30,32,40,42,60,112041382000,1000,112041382,4,0,"[[23,25,30,32,40,42],[11,25,30,32,40,42],[11,23,30,32,40,42],[11,23,25,32,40,42],[11,23,25,30,40,42],[11,23,25,30,32,42]]","[3,3,3,3,4,4]",3.3333333333333335,-0.80000000000000027,0.72696889797378617,downloads/official-1-1237/raw/api-0018.json,ecaabd62f6bb72132bcbac86d7dbadc1b0f0a2697eeff1d979185244aefce627
1059,20230318,7,10,22,25,34,40,27,83,110846824000,1000,110846824,4,1,"[[10,22,25,27,34,40],[7,22,25,27,34,40],[7,10,25,27,34,40],[7,10,22,27,34,40],[7,10,22,25,27,40],[7,10,22,25,27,34]]","[4,4,4,4,5,5]",4.333333333333333,0.19999999999999929,1.0164777477070521,downloads/official-1-1237/raw/api-0018.json,ecaabd62f6bb72132bcbac86d7dbadc1b0f0a2697eeff1d979185244aefce627
1060,20230325,3,10,24,33,38,45,36,96,110677185000,1000,110677185,3,0,"[[10,24,33,36,38,45],[3,24,33,36,38,45],[3,10,33,36,38,45],[3,10,24,36,38,45],[3,10,24,33,36,45],[3,10,24,33,36,38]]","[2,2,2,3,3,3]",2.5,-1.6333333333333337,1.1774871216683005,downloads/official-1-1237/raw/api-0018.json,ecaabd62f6bb72132bcbac86d7dbadc1b0f0a2697eeff1d979185244aefce627
1061,20230401,4,24,27,35,37,45,15,99,109909344000,1000,109909344,3,1,"[[15,24,27,35,37,45],[4,15,27,35,37,45],[4,15,24,35,37,45],[4,15,24,27,37,45],[4,15,24,27,35,45],[4,15,24,27,35,37]]","[3,3,3,4,4,4]",3.5,-0.63333333333333375,1.2227667376488027,downloads/official-1-1237/raw/api-0018.json,ecaabd62f6bb72132bcbac86d7dbadc1b0f0a2697eeff1d979185244aefce627
1062,20230408,20,31,32,40,41,45,12,68,107109911000,1000,107109911,2,1,"[[12,31,32,40,41,45],[12,20,32,40,41,45],[12,20,31,40,41,45],[12,20,31,32,41,45],[12,20,31,32,40,45],[12,20,31,32,40,41]]","[2,2,3,3,3,3]",2.6666666666666665,-1.4666666666666672,0.86183135751088435,downloads/official-1-1237/raw/api-0018.json,ecaabd62f6bb72132bcbac86d7dbadc1b0f0a2697eeff1d979185244aefce627
1063,20230415,3,6,22,23,24,38,30,55,108347135000,1000,108347135,5,1,"[[6,22,23,24,30,38],[3,22,23,24,30,38],[3,6,23,24,30,38],[3,6,22,24,30,38],[3,6,22,23,30,38],[3,6,22,23,24,30]]","[5,5,5,5,5,6]",5.166666666666667,1.0333333333333332,0.68910959205335698,downloads/official-1-1237/raw/api-0018.json,ecaabd62f6bb72132bcbac86d7dbadc1b0f0a2697eeff1d979185244aefce627
1064,20230422,3,6,9,18,22,35,14,62,109427584000,1000,109427584,5,1,"[[6,9,14,18,22,35],[3,9,14,18,22,35],[3,6,14,18,22,35],[3,6,9,14,22,35],[3,6,9,14,18,35],[3,6,9,14,18,22]]","[5,5,5,5,5,6]",5.166666666666667,1.0333333333333332,0.76914445995627578,downloads/official-1-1237/raw/api-0018.json,ecaabd62f6bb72132bcbac86d7dbadc1b0f0a2697eeff1d979185244aefce627
1065,20230429,3,18,19,23,32,45,24,74,108181727000,1000,108181727,4,1,"[[18,19,23,24,32,45],[3,19,23,24,32,45],[3,18,23,24,32,45],[3,18,19,24,32,45],[3,18,19,23,24,45],[3,18,19,23,24,32]]","[4,4,4,4,5,5]",4.333333333333333,0.19999999999999929,0.92858325325126301,downloads/official-1-1237/raw/api-0018.json,ecaabd62f6bb72132bcbac86d7dbadc1b0f0a2697eeff1d979185244aefce627
1066,20230506,6,11,16,19,21,32,45,88,106440950000,1000,106440950,5,0,"[[11,16,19,21,32,45],[6,16,19,21,32,45],[6,11,19,21,32,45],[6,11,16,21,32,45],[6,11,16,19,32,45],[6,11,16,19,21,45]]","[4,4,4,4,4,5]",4.166666666666667,0.033333333333333215,1.1223206857886932,downloads/official-1-1237/raw/api-0018.json,ecaabd62f6bb72132bcbac86d7dbadc1b0f0a2697eeff1d979185244aefce627
1067,20230513,7,10,19,23,28,33,18,82,110703299000,1000,110703299,5,1,"[[10,18,19,23,28,33],[7,18,19,23,28,33],[7,10,18,23,28,33],[7,10,18,19,28,33],[7,10,18,19,23,33],[7,10,18,19,23,28]]","[5,5,5,5,5,6]",5.166666666666667,1.0333333333333332,1.0055329968079814,downloads/official-1-1237/raw/api-0018.json,ecaabd62f6bb72132bcbac86d7dbadc1b0f0a2697eeff1d979185244aefce627
1068,20230520,4,7,19,26,33,35,3,87,108988932000,1000,108988932,4,1,"[[3,7,19,26,33,35],[3,4,19,26,33,35],[3,4,7,26,33,35],[3,4,7,19,33,35],[3,4,7,19,26,35],[3,4,7,19,26,33]]","[4,4,4,4,5,5]",4.333333333333333,0.19999999999999929,1.0836271888598743,downloads/official-1-1237/raw/api-0017.json,247ef312361b1ff92ad8b807f947d3059976ce690045780425f03288beccf89a
1069,20230527,1,10,18,22,28,31,44,79,108388892000,1000,108388892,6,0,"[[10,18,22,28,31,44],[1,18,22,28,31,44],[1,10,22,28,31,44],[1,10,18,28,31,44],[1,10,18,22,31,44],[1,10,18,22,28,44]]","[5,5,5,5,5,5]",5,0.86666666666666625,0.98943063279953081,downloads/official-1-1237/raw/api-0017.json,247ef312361b1ff92ad8b807f947d3059976ce690045780425f03288beccf89a
1070,20230603,3,6,14,22,30,41,36,63,107222802000,1000,107222802,5,0,"[[6,14,22,30,36,41],[3,14,22,30,36,41],[3,6,22,30,36,41],[3,6,14,30,36,41],[3,6,14,22,36,41],[3,6,14,22,30,36]]","[4,4,4,4,4,5]",4.166666666666667,0.033333333333333215,0.79762073369431252,downloads/official-1-1237/raw/api-0017.json,247ef312361b1ff92ad8b807f947d3059976ce690045780425f03288beccf89a
1071,20230610,1,2,11,21,30,35,39,83,107362630000,1000,107362630,5,0,"[[2,11,21,30,35,39],[1,11,21,30,35,39],[1,2,21,30,35,39],[1,2,11,30,35,39],[1,2,11,21,35,39],[1,2,11,21,30,39]]","[4,4,4,4,4,5]",4.166666666666667,0.033333333333333215,1.0494650699223742,downloads/official-1-1237/raw/api-0017.json,247ef312361b1ff92ad8b807f947d3059976ce690045780425f03288beccf89a
1072,20230617,16,18,20,23,32,43,27,93,108156654000,1000,108156654,4,1,"[[18,20,23,27,32,43],[16,20,23,27,32,43],[16,18,23,27,32,43],[16,18,20,27,32,43],[16,18,20,23,27,43],[16,18,20,23,27,32]]","[4,4,4,4,5,5]",4.333333333333333,0.19999999999999929,1.16727381377756,downloads/official-1-1237/raw/api-0017.json,247ef312361b1ff92ad8b807f947d3059976ce690045780425f03288beccf89a
1073,20230624,6,18,28,30,32,38,15,62,107352123000,1000,107352123,4,1,"[[15,18,28,30,32,38],[6,15,28,30,32,38],[6,15,18,30,32,38],[6,15,18,28,32,38],[6,15,18,28,30,38],[6,15,18,28,30,32]]","[4,4,4,4,5,5]",4.333333333333333,0.19999999999999929,0.78401449033290194,downloads/official-1-1237/raw/api-0017.json,247ef312361b1ff92ad8b807f947d3059976ce690045780425f03288beccf89a
1074,20230701,1,6,20,27,28,41,15,78,105744157000,1000,105744157,5,1,"[[6,15,20,27,28,41],[1,15,20,27,28,41],[1,6,15,27,28,41],[1,6,15,20,28,41],[1,6,15,20,27,41],[1,6,15,20,27,28]]","[5,5,5,5,5,6]",5.166666666666667,1.0333333333333332,1.0013392985864931,downloads/official-1-1237/raw/api-0017.json,247ef312361b1ff92ad8b807f947d3059976ce690045780425f03288beccf89a
1075,20230708,1,23,24,35,44,45,10,160,105635232000,1000,105635232,3,1,"[[10,23,24,35,44,45],[1,10,24,35,44,45],[1,10,23,35,44,45],[1,10,23,24,44,45],[1,10,23,24,35,45],[1,10,23,24,35,44]]","[3,3,3,4,4,4]",3.5,-0.63333333333333375,2.0561473278157805,downloads/official-1-1237/raw/api-0017.json,247ef312361b1ff92ad8b807f947d3059976ce690045780425f03288beccf89a
1076,20230715,3,7,9,33,36,37,10,86,103168694000,1000,103168694,3,1,"[[7,9,10,33,36,37],[3,9,10,33,36,37],[3,7,10,33,36,37],[3,7,9,10,36,37],[3,7,9,10,33,37],[3,7,9,10,33,36]]","[3,3,3,4,4,4]",3.5,-0.63333333333333375,1.1316016077512816,downloads/official-1-1237/raw/api-0017.json,247ef312361b1ff92ad8b807f947d3059976ce690045780425f03288beccf89a
1077,20230722,4,8,17,30,40,43,34,98,105927489000,1000,105927489,4,0,"[[8,17,30,34,40,43],[4,17,30,34,40,43],[4,8,30,34,40,43],[4,8,17,34,40,43],[4,8,17,30,34,43],[4,8,17,30,34,40]]","[3,3,3,3,4,4]",3.3333333333333335,-0.80000000000000027,1.2559155442644354,downloads/official-1-1237/raw/api-0017.json,247ef312361b1ff92ad8b807f947d3059976ce690045780425f03288beccf89a
1078,20230729,6,10,11,14,36,38,43,77,105407618000,1000,105407618,4,0,"[[10,11,14,36,38,43],[6,11,14,36,38,43],[6,10,14,36,38,43],[6,10,11,36,38,43],[6,10,11,14,38,43],[6,10,11,14,36,43]]","[3,3,3,3,4,4]",3.3333333333333335,-0.80000000000000027,0.99165764280908042,downloads/official-1-1237/raw/api-0016.json,b8be5691eb801f8daafc1c382fadf001e9c7e8b3e3219f165e1ee31b5a7baf0e
1079,20230805,4,8,18,24,37,45,6,85,103120206000,1000,103120206,4,1,"[[6,8,18,24,37,45],[4,6,18,24,37,45],[4,6,8,24,37,45],[4,6,8,18,37,45],[4,6,8,18,24,45],[4,6,8,18,24,37]]","[4,4,4,4,5,5]",4.333333333333333,0.19999999999999929,1.1189693511667345,downloads/official-1-1237/raw/api-0016.json,b8be5691eb801f8daafc1c382fadf001e9c7e8b3e3219f165e1ee31b5a7baf0e
1080,20230812,13,16,23,31,36,44,38,82,104111986000,1000,104111986,4,0,"[[16,23,31,36,38,44],[13,23,31,36,38,44],[13,16,31,36,38,44],[13,16,23,36,38,44],[13,16,23,31,38,44],[13,16,23,31,36,38]]","[3,3,3,3,4,4]",3.3333333333333335,-0.80000000000000027,1.0691931282532638,downloads/official-1-1237/raw/api-0016.json,b8be5691eb801f8daafc1c382fadf001e9c7e8b3e3219f165e1ee31b5a7baf0e
1081,20230819,1,9,16,23,24,38,17,92,106974323000,1000,106974323,5,1,"[[9,16,17,23,24,38],[1,16,17,23,24,38],[1,9,17,23,24,38],[1,9,16,17,24,38],[1,9,16,17,23,38],[1,9,16,17,23,24]]","[5,5,5,5,5,6]",5.166666666666667,1.0333333333333332,1.1674850234854957,downloads/official-1-1237/raw/api-0016.json,b8be5691eb801f8daafc1c382fadf001e9c7e8b3e3219f165e1ee31b5a7baf0e
1082,20230826,21,26,27,32,34,42,31,62,107566880000,1000,107566880,3,1,"[[26,27,31,32,34,42],[21,27,31,32,34,42],[21,26,31,32,34,42],[21,26,27,31,34,42],[21,26,27,31,32,42],[21,26,27,31,32,34]]","[3,3,3,4,4,4]",3.5,-0.63333333333333375,0.78244920741402935,downloads/official-1-1237/raw/api-0016.json,b8be5691eb801f8daafc1c382fadf001e9c7e8b3e3219f165e1ee31b5a7baf0e
1083,20230902,3,7,14,15,22,38,17,72,108995141000,1000,108995141,5,1,"[[7,14,15,17,22,38],[3,14,15,17,22,38],[3,7,15,17,22,38],[3,7,14,17,22,38],[3,7,14,15,17,38],[3,7,14,15,17,22]]","[5,5,5,5,5,6]",5.166666666666667,1.0333333333333332,0.89674382824093046,downloads/official-1-1237/raw/api-0016.json,b8be5691eb801f8daafc1c382fadf001e9c7e8b3e3219f165e1ee31b5a7baf0e
1084,20230909,8,12,13,29,33,42,5,107,109818924000,1000,109818924,4,1,"[[5,12,13,29,33,42],[5,8,13,29,33,42],[5,8,12,29,33,42],[5,8,12,13,33,42],[5,8,12,13,29,42],[5,8,12,13,29,33]]","[4,4,4,4,5,5]",4.333333333333333,0.19999999999999929,1.3226642978217489,downloads/official-1-1237/raw/api-0016.json,b8be5691eb801f8daafc1c382fadf001e9c7e8b3e3219f165e1ee31b5a7baf0e
1085,20230916,4,7,17,18,38,44,36,80,106249975000,1000,106249975,4,0,"[[7,17,18,36,38,44],[4,17,18,36,38,44],[4,7,18,36,38,44],[4,7,17,36,38,44],[4,7,17,18,36,44],[4,7,17,18,36,38]]","[3,3,3,3,4,4]",3.3333333333333335,-0.80000000000000027,1.0221254169706864,downloads/official-1-1237/raw/api-0016.json,b8be5691eb801f8daafc1c382fadf001e9c7e8b3e3219f165e1ee31b5a7baf0e
1086,20230923,11,16,25,27,35,36,37,67,109250306000,1000,109250306,4,0,"[[16,25,27,35,36,37],[11,25,27,35,36,37],[11,16,27,35,36,37],[11,16,25,35,36,37],[11,16,25,27,36,37],[11,16,25,27,35,37]]","[3,3,3,3,4,4]",3.3333333333333335,-0.80000000000000027,0.83252096337377768,downloads/official-1-1237/raw/api-0016.json,b8be5691eb801f8daafc1c382fadf001e9c7e8b3e3219f165e1ee31b5a7baf0e
1087,20230930,13,14,18,21,34,44,16,71,113960897000,1000,113960897,4,1,"[[14,16,18,21,34,44],[13,16,18,21,34,44],[13,14,16,21,34,44],[13,14,16,18,34,44],[13,14,16,18,21,44],[13,14,16,18,21,34]]","[4,4,4,4,5,5]",4.333333333333333,0.19999999999999929,0.84575685640663223,downloads/official-1-1237/raw/api-0016.json,b8be5691eb801f8daafc1c382fadf001e9c7e8b3e3219f165e1ee31b5a7baf0e
1088,20231007,11,21,22,30,39,44,31,94,109089305000,1000,109089305,4,1,"[[21,22,30,31,39,44],[11,22,30,31,39,44],[11,21,30,31,39,44],[11,21,22,31,39,44],[11,21,22,30,31,44],[11,21,22,30,31,39]]","[4,4,4,4,5,5]",4.333333333333333,0.19999999999999929,1.1697383166938318,downloads/official-1-1237/raw/api-0015.json,0c0692eee889dc4323acbd678dc9c5d321921ebce004453a0aa7ba866c057704
1089,20231014,4,18,31,37,42,43,40,79,108725932000,1000,108725932,3,0,"[[18,31,37,40,42,43],[4,31,37,40,42,43],[4,18,37,40,42,43],[4,18,31,40,42,43],[4,18,31,37,40,43],[4,18,31,37,40,42]]","[2,2,2,3,3,3]",2.5,-1.6333333333333337,0.98636349238192778,downloads/official-1-1237/raw/api-0015.json,0c0692eee889dc4323acbd678dc9c5d321921ebce004453a0aa7ba866c057704
1090,20231021,12,19,21,29,40,45,1,88,108364862000,1000,108364862,4,1,"[[1,19,21,29,40,45],[1,12,21,29,40,45],[1,12,19,29,40,45],[1,12,19,21,40,45],[1,12,19,21,29,45],[1,12,19,21,29,40]]","[4,4,4,4,5,5]",4.333333333333333,0.19999999999999929,1.1023949811332754,downloads/official-1-1237/raw/api-0015.json,0c0692eee889dc4323acbd678dc9c5d321921ebce004453a0aa7ba866c057704
1091,20231028,6,20,23,24,28,30,44,65,109335581000,1000,109335581,6,0,"[[20,23,24,28,30,44],[6,23,24,28,30,44],[6,20,24,28,30,44],[6,20,23,28,30,44],[6,20,23,24,30,44],[6,20,23,24,28,44]]","[5,5,5,5,5,5]",5,0.86666666666666625,0.80703965893774321,downloads/official-1-1237/raw/api-0015.json,0c0692eee889dc4323acbd678dc9c5d321921ebce004453a0aa7ba866c057704
1092,20231104,7,18,19,26,33,45,37,84,108970510000,1000,108970510,4,0,"[[18,19,26,33,37,45],[7,19,26,33,37,45],[7,18,26,33,37,45],[7,18,19,33,37,45],[7,18,19,26,37,45],[7,18,19,26,33,37]]","[3,3,3,3,4,4]",3.3333333333333335,-0.80000000000000027,1.0464376095881354,downloads/official-1-1237/raw/api-0015.json,0c0692eee889dc4323acbd678dc9c5d321921ebce004453a0aa7ba866c057704
1093,20231111,10,17,22,30,35,43,44,65,105589036000,1000,105589036,4,0,"[[17,22,30,35,43,44],[10,22,30,35,43,44],[10,17,30,35,43,44],[10,17,22,35,43,44],[10,17,22,30,43,44],[10,17,22,30,35,44]]","[3,3,3,3,4,4]",3.3333333333333335,-0.80000000000000027,0.83567530628842945,downloads/official-1-1237/raw/api-0015.json,0c0692eee889dc4323acbd678dc9c5d321921ebce004453a0aa7ba866c057704
1094,20231118,6,7,15,22,26,40,41,87,104078823000,1000,104078823,5,0,"[[7,15,22,26,40,41],[6,15,22,26,40,41],[6,7,22,26,40,41],[6,7,15,26,40,41],[6,7,15,22,40,41],[6,7,15,22,26,41]]","[4,4,4,4,4,5]",4.166666666666667,0.033333333333333215,1.1347492851643797,downloads/official-1-1237/raw/api-0015.json,0c0692eee889dc4323acbd678dc9c5d321921ebce004453a0aa7ba866c057704
1095,20231125,8,14,28,29,34,40,12,57,106160572000,1000,106160572,4,1,"[[12,14,28,29,34,40],[8,12,28,29,34,40],[8,12,14,29,34,40],[8,12,14,28,34,40],[8,12,14,28,29,40],[8,12,14,28,29,34]]","[4,4,4,4,5,5]",4.333333333333333,0.19999999999999929,0.72887766655967157,downloads/official-1-1237/raw/api-0015.json,0c0692eee889dc4323acbd678dc9c5d321921ebce004453a0aa7ba866c057704
1096,20231202,1,12,16,19,23,43,34,85,105753078000,1000,105753078,5,0,"[[12,16,19,23,34,43],[1,16,19,23,34,43],[1,12,19,23,34,43],[1,12,16,23,34,43],[1,12,16,19,34,43],[1,12,16,19,23,34]]","[4,4,4,4,4,5]",4.166666666666667,0.033333333333333215,1.0911110313025594,downloads/official-1-1237/raw/api-0015.json,0c0692eee889dc4323acbd678dc9c5d321921ebce004453a0aa7ba866c057704
1097,20231209,14,33,34,35,37,40,4,67,108873101000,1000,108873101,1,1,"[[4,33,34,35,37,40],[4,14,34,35,37,40],[4,14,33,35,37,40],[4,14,33,34,37,40],[4,14,33,34,35,40],[4,14,33,34,35,37]]","[1,2,2,2,2,2]",1.8333333333333333,-2.3000000000000007,0.83540534038798064,downloads/official-1-1237/raw/api-0015.json,0c0692eee889dc4323acbd678dc9c5d321921ebce004453a0aa7ba866c057704
1098,20231216,12,16,21,24,41,43,15,68,103850339000,1000,103850339,4,1,"[[15,16,21,24,41,43],[12,15,21,24,41,43],[12,15,16,24,41,43],[12,15,16,21,41,43],[12,15,16,21,24,43],[12,15,16,21,24,41]]","[4,4,4,4,5,5]",4.333333333333333,0.19999999999999929,0.88888183600440629,downloads/official-1-1237/raw/api-0014.json,d8e8dd4376166899c89b5cf3652e9949df239a1df7fd3196d60afad276c7a628
1099,20231223,3,20,28,38,40,43,4,71,107510729000,1000,107510729,3,1,"[[4,20,28,38,40,43],[3,4,28,38,40,43],[3,4,20,38,40,43],[3,4,20,28,40,43],[3,4,20,28,38,43],[3,4,20,28,38,40]]","[3,3,3,4,4,4]",3.5,-0.63333333333333375,0.89649852527741669,downloads/official-1-1237/raw/api-0014.json,d8e8dd4376166899c89b5cf3652e9949df239a1df7fd3196d60afad276c7a628
1100,20231230,17,26,29,30,31,43,12,81,116187023000,1000,116187023,5,1,"[[12,26,29,30,31,43],[12,17,29,30,31,43],[12,17,26,30,31,43],[12,17,26,29,31,43],[12,17,26,29,30,43],[12,17,26,29,30,31]]","[5,5,5,5,5,6]",5.166666666666667,1.0333333333333332,0.94639063090548414,downloads/official-1-1237/raw/api-0014.json,d8e8dd4376166899c89b5cf3652e9949df239a1df7fd3196d60afad276c7a628
1101,20240106,6,7,13,28,36,42,41,75,114758876000,1000,114758876,4,0,"[[7,13,28,36,41,42],[6,13,28,36,41,42],[6,7,28,36,41,42],[6,7,13,36,41,42],[6,7,13,28,41,42],[6,7,13,28,36,41]]","[3,3,3,3,4,4]",3.3333333333333335,-0.80000000000000027,0.88719281286791274,downloads/official-1-1237/raw/api-0014.json,d8e8dd4376166899c89b5cf3652e9949df239a1df7fd3196d60afad276c7a628
1102,20240113,13,14,22,26,37,38,20,63,113178102000,1000,113178102,4,1,"[[14,20,22,26,37,38],[13,20,22,26,37,38],[13,14,20,26,37,38],[13,14,20,22,37,38],[13,14,20,22,26,38],[13,14,20,22,26,37]]","[4,4,4,4,5,5]",4.333333333333333,0.19999999999999929,0.75565085903278362,downloads/official-1-1237/raw/api-0014.json,d8e8dd4376166899c89b5cf3652e9949df239a1df7fd3196d60afad276c7a628
1103,20240120,10,12,29,31,40,44,2,76,110195070000,1000,110195070,4,1,"[[2,12,29,31,40,44],[2,10,29,31,40,44],[2,10,12,31,40,44],[2,10,12,29,40,44],[2,10,12,29,31,44],[2,10,12,29,31,40]]","[4,4,4,4,5,5]",4.333333333333333,0.19999999999999929,0.93625567822589517,downloads/official-1-1237/raw/api-0014.json,d8e8dd4376166899c89b5cf3652e9949df239a1df7fd3196d60afad276c7a628
1104,20240127,1,7,21,30,35,38,2,76,112449384000,1000,112449384,4,1,"[[2,7,21,30,35,38],[1,2,21,30,35,38],[1,2,7,30,35,38],[1,2,7,21,35,38],[1,2,7,21,30,38],[1,2,7,21,30,35]]","[4,4,4,4,5,5]",4.333333333333333,0.19999999999999929,0.91748621762125437,downloads/official-1-1237/raw/api-0014.json,d8e8dd4376166899c89b5cf3652e9949df239a1df7fd3196d60afad276c7a628
1105,20240203,6,16,34,37,39,40,11,83,113295292000,1000,113295292,2,1,"[[11,16,34,37,39,40],[6,11,34,37,39,40],[6,11,16,37,39,40],[6,11,16,34,39,40],[6,11,16,34,37,40],[6,11,16,34,37,39]]","[2,2,3,3,3,3]",2.6666666666666665,-1.4666666666666672,0.99451025731943032,downloads/official-1-1237/raw/api-0014.json,d8e8dd4376166899c89b5cf3652e9949df239a1df7fd3196d60afad276c7a628
1106,20240210,1,3,4,29,42,45,36,67,126617296000,1000,126617296,4,0,"[[3,4,29,36,42,45],[1,4,29,36,42,45],[1,3,29,36,42,45],[1,3,4,36,42,45],[1,3,4,29,36,45],[1,3,4,29,36,42]]","[3,3,3,3,4,4]",3.3333333333333335,-0.80000000000000027,0.71833132497159002,downloads/official-1-1237/raw/api-0014.json,d8e8dd4376166899c89b5cf3652e9949df239a1df7fd3196d60afad276c7a628
1107,20240217,6,14,30,31,40,41,29,82,117664962000,1000,117664962,4,1,"[[14,29,30,31,40,41],[6,29,30,31,40,41],[6,14,29,31,40,41],[6,14,29,30,40,41],[6,14,29,30,31,41],[6,14,29,30,31,40]]","[4,4,4,4,5,5]",4.333333333333333,0.19999999999999929,0.94604050439416276,downloads/official-1-1237/raw/api-0014.json,d8e8dd4376166899c89b5cf3652e9949df239a1df7fd3196d60afad276c7a628
1108,20240224,7,19,26,37,39,44,27,96,114578905000,1000,114578905,3,1,"[[19,26,27,37,39,44],[7,26,27,37,39,44],[7,19,27,37,39,44],[7,19,26,27,39,44],[7,19,26,27,37,44],[7,19,26,27,37,39]]","[3,3,3,4,4,4]",3.5,-0.63333333333333375,1.1373905170415095,downloads/official-1-1237/raw/api-0013.json,02fb59919b32546234d15e4033117a9fae4674f2024d718960c7deb8b2012469
1109,20240302,10,12,13,19,33,40,2,84,117196327000,1000,117196327,4,1,"[[2,12,13,19,33,40],[2,10,13,19,33,40],[2,10,12,19,33,40],[2,10,12,13,33,40],[2,10,12,13,19,40],[2,10,12,13,19,33]]","[4,4,4,4,5,5]",4.333333333333333,0.19999999999999929,0.97298987876983556,downloads/official-1-1237/raw/api-0013.json,02fb59919b32546234d15e4033117a9fae4674f2024d718960c7deb8b2012469
1110,20240309,3,7,11,20,22,41,24,118,115083786000,1000,115083786,5,1,"[[7,11,20,22,24,41],[3,11,20,22,24,41],[3,7,20,22,24,41],[3,7,11,22,24,41],[3,7,11,20,24,41],[3,7,11,20,22,24]]","[5,5,5,5,5,6]",5.166666666666667,1.0333333333333332,1.391909195618573,downloads/official-1-1237/raw/api-0013.json,02fb59919b32546234d15e4033117a9fae4674f2024d718960c7deb8b2012469
1111,20240316,3,13,30,33,43,45,4,97,116382835000,1000,116382835,3,1,"[[4,13,30,33,43,45],[3,4,30,33,43,45],[3,4,13,33,43,45],[3,4,13,30,43,45],[3,4,13,30,33,45],[3,4,13,30,33,43]]","[3,3,3,4,4,4]",3.5,-0.63333333333333375,1.1314251796667438,downloads/official-1-1237/raw/api-0013.json,02fb59919b32546234d15e4033117a9fae4674f2024d718960c7deb8b2012469
1112,20240323,16,20,26,36,42,44,24,59,114216084000,1000,114216084,3,1,"[[20,24,26,36,42,44],[16,24,26,36,42,44],[16,20,24,36,42,44],[16,20,24,26,42,44],[16,20,24,26,36,44],[16,20,24,26,36,42]]","[3,3,3,4,4,4]",3.5,-0.63333333333333375,0.7012417795728314,downloads/official-1-1237/raw/api-0013.json,02fb59919b32546234d15e4033117a9fae4674f2024d718960c7deb8b2012469
1113,20240330,11,13,20,21,32,44,8,57,113342318000,1000,113342318,4,1,"[[8,13,20,21,32,44],[8,11,20,21,32,44],[8,11,13,21,32,44],[8,11,13,20,32,44],[8,11,13,20,21,44],[8,11,13,20,21,32]]","[4,4,4,4,5,5]",4.333333333333333,0.19999999999999929,0.68269355493505968,downloads/official-1-1237/raw/api-0013.json,02fb59919b32546234d15e4033117a9fae4674f2024d718960c7deb8b2012469
1114,20240406,10,16,19,32,33,38,3,88,113597890000,1000,113597890,3,1,"[[3,16,19,32,33,38],[3,10,19,32,33,38],[3,10,16,32,33,38],[3,10,16,19,33,38],[3,10,16,19,32,38],[3,10,16,19,32,33]]","[3,3,3,4,4,4]",3.5,-0.63333333333333375,1.051611786099196,downloads/official-1-1237/raw/api-0013.json,02fb59919b32546234d15e4033117a9fae4674f2024d718960c7deb8b2012469
1115,20240413,7,12,23,32,34,36,8,60,113939215000,1000,113939215,3,1,"[[8,12,23,32,34,36],[7,8,23,32,34,36],[7,8,12,32,34,36],[7,8,12,23,34,36],[7,8,12,23,32,36],[7,8,12,23,32,34]]","[3,3,3,4,4,4]",3.5,-0.63333333333333375,0.71486011203429833,downloads/official-1-1237/raw/api-0013.json,02fb59919b32546234d15e4033117a9fae4674f2024d718960c7deb8b2012469
1116,20240420,15,16,17,25,30,31,32,114,110862553000,1000,110862553,6,0,"[[16,17,25,30,31,32],[15,17,25,30,31,32],[15,16,25,30,31,32],[15,16,17,30,31,32],[15,16,17,25,31,32],[15,16,17,25,30,32]]","[5,5,5,5,5,5]",5,0.86666666666666625,1.3959279830043243,downloads/official-1-1237/raw/api-0013.json,02fb59919b32546234d15e4033117a9fae4674f2024d718960c7deb8b2012469
1117,20240427,3,4,9,30,33,36,7,94,113895333000,1000,113895333,4,1,"[[4,7,9,30,33,36],[3,7,9,30,33,36],[3,4,7,30,33,36],[3,4,7,9,33,36],[3,4,7,9,30,36],[3,4,7,9,30,33]]","[4,4,4,4,5,5]",4.333333333333333,0.19999999999999929,1.1203790062231962,downloads/official-1-1237/raw/api-0013.json,02fb59919b32546234d15e4033117a9fae4674f2024d718960c7deb8b2012469
1118,20240504,11,13,14,15,16,45,3,72,113727120000,1000,113727120,5,1,"[[3,13,14,15,16,45],[3,11,14,15,16,45],[3,11,13,15,16,45],[3,11,13,14,16,45],[3,11,13,14,15,45],[3,11,13,14,15,16]]","[5,5,5,5,5,6]",5.166666666666667,1.0333333333333332,0.8594319455201187,downloads/official-1-1237/raw/api-0012.json,3098f67653a713b0d231e0cc8b944055e3479cd26bdf12cd6ce1332b56cb9911
1119,20240511,1,9,12,13,20,45,3,97,111840714000,1000,111840714,5,1,"[[3,9,12,13,20,45],[1,3,12,13,20,45],[1,3,9,13,20,45],[1,3,9,12,20,45],[1,3,9,12,13,45],[1,3,9,12,13,20]]","[5,5,5,5,5,6]",5.166666666666667,1.0333333333333332,1.1773750836390404,downloads/official-1-1237/raw/api-0012.json,3098f67653a713b0d231e0cc8b944055e3479cd26bdf12cd6ce1332b56cb9911
1120,20240518,2,19,26,31,38,41,34,91,114804359000,1000,114804359,4,0,"[[19,26,31,34,38,41],[2,26,31,34,38,41],[2,19,31,34,38,41],[2,19,26,34,38,41],[2,19,26,31,34,41],[2,19,26,31,34,38]]","[3,3,3,3,4,4]",3.3333333333333335,-0.80000000000000027,1.0760341425711892,downloads/official-1-1237/raw/api-0012.json,3098f67653a713b0d231e0cc8b944055e3479cd26bdf12cd6ce1332b56cb9911
1121,20240525,6,24,31,32,38,44,8,76,113898519000,1000,113898519,3,1,"[[8,24,31,32,38,44],[6,8,31,32,38,44],[6,8,24,32,38,44],[6,8,24,31,38,44],[6,8,24,31,32,44],[6,8,24,31,32,38]]","[3,3,3,4,4,4]",3.5,-0.63333333333333375,0.90581300710327939,downloads/official-1-1237/raw/api-0012.json,3098f67653a713b0d231e0cc8b944055e3479cd26bdf12cd6ce1332b56cb9911
1122,20240601,3,6,21,30,34,35,22,99,115540004000,1000,115540004,4,1,"[[6,21,22,30,34,35],[3,21,22,30,34,35],[3,6,22,30,34,35],[3,6,21,22,34,35],[3,6,21,22,30,35],[3,6,21,22,30,34]]","[4,4,4,4,5,5]",4.333333333333333,0.19999999999999929,1.1631771278110741,downloads/official-1-1237/raw/api-0012.json,3098f67653a713b0d231e0cc8b944055e3479cd26bdf12cd6ce1332b56cb9911
1123,20240608,13,19,21,24,34,35,26,77,113142957000,1000,113142957,4,1,"[[19,21,24,26,34,35],[13,21,24,26,34,35],[13,19,24,26,34,35],[13,19,21,26,34,35],[13,19,21,24,26,35],[13,19,21,24,26,34]]","[4,4,4,4,5,5]",4.333333333333333,0.19999999999999929,0.92386015684564438,downloads/official-1-1237/raw/api-0012.json,3098f67653a713b0d231e0cc8b944055e3479cd26bdf12cd6ce1332b56cb9911
1124,20240615,3,8,17,30,33,34,28,87,112014841000,1000,112014841,4,1,"[[8,17,28,30,33,34],[3,17,28,30,33,34],[3,8,28,30,33,34],[3,8,17,28,33,34],[3,8,17,28,30,34],[3,8,17,28,30,33]]","[4,4,4,4,5,5]",4.333333333333333,0.19999999999999929,1.0543546635931931,downloads/official-1-1237/raw/api-0012.json,3098f67653a713b0d231e0cc8b944055e3479cd26bdf12cd6ce1332b56cb9911
1125,20240622,6,14,25,33,40,44,30,78,109407294000,1000,109407294,3,1,"[[14,25,30,33,40,44],[6,25,30,33,40,44],[6,14,30,33,40,44],[6,14,25,30,40,44],[6,14,25,30,33,44],[6,14,25,30,33,40]]","[3,3,3,4,4,4]",3.5,-0.63333333333333375,0.96781280414448423,downloads/official-1-1237/raw/api-0012.json,3098f67653a713b0d231e0cc8b944055e3479cd26bdf12cd6ce1332b56cb9911
1126,20240629,4,5,9,11,37,40,7,91,111998191000,1000,111998191,4,1,"[[5,7,9,11,37,40],[4,7,9,11,37,40],[4,5,7,11,37,40],[4,5,7,9,37,40],[4,5,7,9,11,40],[4,5,7,9,11,37]]","[4,4,4,4,5,5]",4.333333333333333,0.19999999999999929,1.1029946903338823,downloads/official-1-1237/raw/api-0012.json,3098f67653a713b0d231e0cc8b944055e3479cd26bdf12cd6ce1332b56cb9911
1127,20240706,10,15,24,30,31,37,32,84,111571373000,1000,111571373,5,0,"[[15,24,30,31,32,37],[10,24,30,31,32,37],[10,15,30,31,32,37],[10,15,24,31,32,37],[10,15,24,30,32,37],[10,15,24,30,31,32]]","[4,4,4,4,4,5]",4.166666666666667,0.033333333333333215,1.0220438893406825,downloads/official-1-1237/raw/api-0012.json,3098f67653a713b0d231e0cc8b944055e3479cd26bdf12cd6ce1332b56cb9911
1128,20240713,1,5,8,16,28,33,45,77,111364194000,1000,111364194,5,0,"[[5,8,16,28,33,45],[1,8,16,28,33,45],[1,5,16,28,33,45],[1,5,8,28,33,45],[1,5,8,16,33,45],[1,5,8,16,28,45]]","[4,4,4,4,4,5]",4.166666666666667,0.033333333333333215,0.93861650002154196,downloads/official-1-1237/raw/api-0011.json,b99a3bd0cd096165ff7f4974d4eddd5f4b0a1397f89ddaadea5211cfb54a01f6
1129,20240720,5,10,11,17,28,34,22,107,110363498000,1000,110363498,5,1,"[[10,11,17,22,28,34],[5,11,17,22,28,34],[5,10,17,22,28,34],[5,10,11,22,28,34],[5,10,11,17,22,34],[5,10,11,17,22,28]]","[5,5,5,5,5,6]",5.166666666666667,1.0333333333333332,1.3161377867888893,downloads/official-1-1237/raw/api-0011.json,b99a3bd0cd096165ff7f4974d4eddd5f4b0a1397f89ddaadea5211cfb54a01f6
1130,20240727,15,19,21,25,27,28,40,69,109515089000,1000,109515089,6,0,"[[19,21,25,27,28,40],[15,21,25,27,28,40],[15,19,25,27,28,40],[15,19,21,27,28,40],[15,19,21,25,28,40],[15,19,21,25,27,40]]","[5,5,5,5,5,5]",5,0.86666666666666625,0.855299400797638,downloads/official-1-1237/raw/api-0011.json,b99a3bd0cd096165ff7f4974d4eddd5f4b0a1397f89ddaadea5211cfb54a01f6
1131,20240803,1,2,6,14,27,38,33,56,109120798000,1000,109120798,5,0,"[[2,6,14,27,33,38],[1,6,14,27,33,38],[1,2,14,27,33,38],[1,2,6,27,33,38],[1,2,6,14,33,38],[1,2,6,14,27,33]]","[4,4,4,4,4,5]",4.166666666666667,0.033333333333333215,0.69666426009824456,downloads/official-1-1237/raw/api-0011.json,b99a3bd0cd096165ff7f4974d4eddd5f4b0a1397f89ddaadea5211cfb54a01f6
1132,20240810,6,7,19,28,34,41,5,73,110018123000,1000,110018123,4,1,"[[5,7,19,28,34,41],[5,6,19,28,34,41],[5,6,7,28,34,41],[5,6,7,19,34,41],[5,6,7,19,28,41],[5,6,7,19,28,34]]","[4,4,4,4,5,5]",4.333333333333333,0.19999999999999929,0.90074459823314745,downloads/official-1-1237/raw/api-0011.json,b99a3bd0cd096165ff7f4974d4eddd5f4b0a1397f89ddaadea5211cfb54a01f6
1133,20240817,13,14,20,28,29,34,23,73,111210839000,1000,111210839,5,1,"[[14,20,23,28,29,34],[13,20,23,28,29,34],[13,14,23,28,29,34],[13,14,20,23,29,34],[13,14,20,23,28,34],[13,14,20,23,28,29]]","[5,5,5,5,5,6]",5.166666666666667,1.0333333333333332,0.89108427641661803,downloads/official-1-1237/raw/api-0011.json,b99a3bd0cd096165ff7f4974d4eddd5f4b0a1397f89ddaadea5211cfb54a01f6
1134,20240824,3,7,9,13,19,24,23,97,111660087000,1000,111660087,6,1,"[[7,9,13,19,23,24],[3,9,13,19,23,24],[3,7,13,19,23,24],[3,7,9,19,23,24],[3,7,9,13,23,24],[3,7,9,13,19,23]]","[6,6,6,6,6,6]",6,1.8666666666666663,1.1792796650785342,downloads/official-1-1237/raw/api-0011.json,b99a3bd0cd096165ff7f4974d4eddd5f4b0a1397f89ddaadea5211cfb54a01f6
1135,20240831,1,6,13,19,21,33,4,91,113817137000,1000,113817137,5,1,"[[4,6,13,19,21,33],[1,4,13,19,21,33],[1,4,6,19,21,33],[1,4,6,13,21,33],[1,4,6,13,19,33],[1,4,6,13,19,21]]","[5,5,5,5,5,6]",5.166666666666667,1.0333333333333332,1.085367399462877,downloads/official-1-1237/raw/api-0011.json,b99a3bd0cd096165ff7f4974d4eddd5f4b0a1397f89ddaadea5211cfb54a01f6
1136,20240907,21,33,35,38,42,44,1,75,113031911000,1000,113031911,1,1,"[[1,33,35,38,42,44],[1,21,35,38,42,44],[1,21,33,38,42,44],[1,21,33,35,42,44],[1,21,33,35,38,44],[1,21,33,35,38,42]]","[1,2,2,2,2,2]",1.8333333333333333,-2.3000000000000007,0.90074784279281983,downloads/official-1-1237/raw/api-0011.json,b99a3bd0cd096165ff7f4974d4eddd5f4b0a1397f89ddaadea5211cfb54a01f6
1137,20240914,4,9,12,15,33,45,26,111,119250007000,1000,119250007,4,1,"[[9,12,15,26,33,45],[4,12,15,26,33,45],[4,9,15,26,33,45],[4,9,12,26,33,45],[4,9,12,15,26,45],[4,9,12,15,26,33]]","[4,4,4,4,5,5]",4.333333333333333,0.19999999999999929,1.2635941396632371,downloads/official-1-1237/raw/api-0011.json,b99a3bd0cd096165ff7f4974d4eddd5f4b0a1397f89ddaadea5211cfb54a01f6
1138,20240921,14,16,19,20,29,34,35,50,109651510000,1000,109651510,5,0,"[[16,19,20,29,34,35],[14,19,20,29,34,35],[14,16,20,29,34,35],[14,16,19,29,34,35],[14,16,19,20,34,35],[14,16,19,20,29,35]]","[4,4,4,4,4,5]",4.166666666666667,0.033333333333333215,0.61901108338590138,downloads/official-1-1237/raw/api-0010.json,52019b2093b9ab9be4fd0d3dabf435bf14fd6529449a3aeabe7185b59716acb8
1139,20240928,5,12,15,30,37,40,18,75,117915887000,1000,117915887,4,1,"[[12,15,18,30,37,40],[5,15,18,30,37,40],[5,12,18,30,37,40],[5,12,15,18,37,40],[5,12,15,18,30,40],[5,12,15,18,30,37]]","[4,4,4,4,5,5]",4.333333333333333,0.19999999999999929,0.86343963133653057,downloads/official-1-1237/raw/api-0010.json,52019b2093b9ab9be4fd0d3dabf435bf14fd6529449a3aeabe7185b59716acb8
1140,20241005,7,10,22,29,31,38,15,83,115238556000,1000,115238556,5,1,"[[10,15,22,29,31,38],[7,15,22,29,31,38],[7,10,15,29,31,38],[7,10,15,22,31,38],[7,10,15,22,29,38],[7,10,15,22,29,31]]","[5,5,5,5,5,6]",5.166666666666667,1.0333333333333332,0.97773986338391816,downloads/official-1-1237/raw/api-0010.json,52019b2093b9ab9be4fd0d3dabf435bf14fd6529449a3aeabe7185b59716acb8
1141,20241012,7,11,12,21,26,35,20,100,115803173000,1000,115803173,5,1,"[[11,12,20,21,26,35],[7,12,20,21,26,35],[7,11,20,21,26,35],[7,11,12,20,26,35],[7,11,12,20,21,35],[7,11,12,20,21,26]]","[5,5,5,5,5,6]",5.166666666666667,1.0333333333333332,1.1722563076920181,downloads/official-1-1237/raw/api-0010.json,52019b2093b9ab9be4fd0d3dabf435bf14fd6529449a3aeabe7185b59716acb8
1142,20241019,2,8,28,30,37,41,22,67,114254355000,1000,114254355,4,1,"[[8,22,28,30,37,41],[2,22,28,30,37,41],[2,8,22,30,37,41],[2,8,22,28,37,41],[2,8,22,28,30,41],[2,8,22,28,30,37]]","[4,4,4,4,5,5]",4.333333333333333,0.19999999999999929,0.79605867102396233,downloads/official-1-1237/raw/api-0010.json,52019b2093b9ab9be4fd0d3dabf435bf14fd6529449a3aeabe7185b59716acb8
1143,20241026,10,16,17,27,28,36,6,90,116432896000,1000,116432896,5,1,"[[6,16,17,27,28,36],[6,10,17,27,28,36],[6,10,16,27,28,36],[6,10,16,17,28,36],[6,10,16,17,27,36],[6,10,16,17,27,28]]","[5,5,5,5,5,6]",5.166666666666667,1.0333333333333332,1.0493245826334165,downloads/official-1-1237/raw/api-0010.json,52019b2093b9ab9be4fd0d3dabf435bf14fd6529449a3aeabe7185b59716acb8
1144,20241102,3,4,12,15,26,34,6,94,116378514000,1000,116378514,5,1,"[[4,6,12,15,26,34],[3,6,12,15,26,34],[3,4,6,15,26,34],[3,4,6,12,26,34],[3,4,6,12,15,34],[3,4,6,12,15,26]]","[5,5,5,5,5,6]",5.166666666666667,1.0333333333333332,1.0964733576165098,downloads/official-1-1237/raw/api-0010.json,52019b2093b9ab9be4fd0d3dabf435bf14fd6529449a3aeabe7185b59716acb8
1145,20241109,2,11,31,33,37,44,32,63,116115162000,1000,116115162,3,0,"[[11,31,32,33,37,44],[2,31,32,33,37,44],[2,11,32,33,37,44],[2,11,31,32,37,44],[2,11,31,32,33,44],[2,11,31,32,33,37]]","[2,2,2,3,3,3]",2.5,-1.6333333333333337,0.73653714576912876,downloads/official-1-1237/raw/api-0010.json,52019b2093b9ab9be4fd0d3dabf435bf14fd6529449a3aeabe7185b59716acb8
1146,20241116,6,11,17,19,40,43,28,72,116694743000,1000,116694743,4,1,"[[11,17,19,28,40,43],[6,17,19,28,40,43],[6,11,19,28,40,43],[6,11,17,28,40,43],[6,11,17,19,28,43],[6,11,17,19,28,40]]","[4,4,4,4,5,5]",4.333333333333333,0.19999999999999929,0.83757603373786937,downloads/official-1-1237/raw/api-0010.json,52019b2093b9ab9be4fd0d3dabf435bf14fd6529449a3aeabe7185b59716acb8
1147,20241123,7,11,24,26,27,37,32,83,115707061000,1000,115707061,5,0,"[[11,24,26,27,32,37],[7,24,26,27,32,37],[7,11,26,27,32,37],[7,11,24,27,32,37],[7,11,24,26,32,37],[7,11,24,26,27,32]]","[4,4,4,4,4,5]",4.166666666666667,0.033333333333333215,0.9737809345965498,downloads/official-1-1237/raw/api-0010.json,52019b2093b9ab9be4fd0d3dabf435bf14fd6529449a3aeabe7185b59716acb8
1148,20241130,3,6,13,15,16,22,32,97,113188640000,1000,113188640,6,0,"[[6,13,15,16,22,32],[3,13,15,16,22,32],[3,6,15,16,22,32],[3,6,13,16,22,32],[3,6,13,15,22,32],[3,6,13,15,16,32]]","[5,5,5,5,5,5]",5,0.86666666666666625,1.1633541139817565,downloads/official-1-1237/raw/api-0009.json,6546096d96e1f092065c4258be50cf3cb20383dd5de702428a0bd292869274a9
1149,20241207,8,15,19,21,32,36,38,74,112146718000,1000,112146718,4,0,"[[15,19,21,32,36,38],[8,19,21,32,36,38],[8,15,21,32,36,38],[8,15,19,32,36,38],[8,15,19,21,36,38],[8,15,19,21,32,38]]","[3,3,3,3,4,4]",3.3333333333333335,-0.80000000000000027,0.89575282978856319,downloads/official-1-1237/raw/api-0009.json,6546096d96e1f092065c4258be50cf3cb20383dd5de702428a0bd292869274a9
1150,20241214,8,9,18,35,39,45,25,226,114152034000,1000,114152034,3,1,"[[9,18,25,35,39,45],[8,18,25,35,39,45],[8,9,25,35,39,45],[8,9,18,25,39,45],[8,9,18,25,35,45],[8,9,18,25,35,39]]","[3,3,3,4,4,4]",3.5,-0.63333333333333375,2.6876197405295468,downloads/official-1-1237/raw/api-0009.json,6546096d96e1f092065c4258be50cf3cb20383dd5de702428a0bd292869274a9
1151,20241221,2,3,9,15,27,29,8,102,116118444000,1000,116118444,6,1,"[[3,8,9,15,27,29],[2,8,9,15,27,29],[2,3,8,15,27,29],[2,3,8,9,27,29],[2,3,8,9,15,29],[2,3,8,9,15,27]]","[6,6,6,6,6,6]",6,1.8666666666666663,1.1924550074060587,downloads/official-1-1237/raw/api-0009.json,6546096d96e1f092065c4258be50cf3cb20383dd5de702428a0bd292869274a9
1152,20241228,30,31,32,35,36,37,5,79,120703009000,1000,120703009,2,1,"[[5,31,32,35,36,37],[5,30,32,35,36,37],[5,30,31,35,36,37],[5,30,31,32,36,37],[5,30,31,32,35,37],[5,30,31,32,35,36]]","[2,2,3,3,3,3]",2.6666666666666665,-1.4666666666666672,0.88848895225138924,downloads/official-1-1237/raw/api-0009.json,6546096d96e1f092065c4258be50cf3cb20383dd5de702428a0bd292869274a9
1153,20250104,1,9,10,13,35,44,5,79,126343367000,1000,126343367,4,1,"[[5,9,10,13,35,44],[1,5,10,13,35,44],[1,5,9,13,35,44],[1,5,9,10,35,44],[1,5,9,10,13,44],[1,5,9,10,13,35]]","[4,4,4,4,5,5]",4.333333333333333,0.19999999999999929,0.84882406212903916,downloads/official-1-1237/raw/api-0009.json,6546096d96e1f092065c4258be50cf3cb20383dd5de702428a0bd292869274a9
1154,20250111,4,8,22,26,32,38,27,62,115268257000,1000,115268257,4,1,"[[8,22,26,27,32,38],[4,22,26,27,32,38],[4,8,26,27,32,38],[4,8,22,27,32,38],[4,8,22,26,27,38],[4,8,22,26,27,32]]","[4,4,4,4,5,5]",4.333333333333333,0.19999999999999929,0.73017170720296398,downloads/official-1-1237/raw/api-0009.json,6546096d96e1f092065c4258be50cf3cb20383dd5de702428a0bd292869274a9
1155,20250118,10,16,19,27,37,38,13,78,118482730000,1000,118482730,4,1,"[[13,16,19,27,37,38],[10,13,19,27,37,38],[10,13,16,27,37,38],[10,13,16,19,37,38],[10,13,16,19,27,38],[10,13,16,19,27,37]]","[4,4,4,4,5,5]",4.333333333333333,0.19999999999999929,0.89368112973088987,downloads/official-1-1237/raw/api-0009.json,6546096d96e1f092065c4258be50cf3cb20383dd5de702428a0bd292869274a9
1156,20250125,30,31,34,39,41,45,7,73,127643987000,1000,127643987,2,1,"[[7,31,34,39,41,45],[7,30,34,39,41,45],[7,30,31,39,41,45],[7,30,31,34,41,45],[7,30,31,34,39,45],[7,30,31,34,39,41]]","[2,2,3,3,3,3]",2.6666666666666665,-1.4666666666666672,0.77636426383328183,downloads/official-1-1237/raw/api-0009.json,6546096d96e1f092065c4258be50cf3cb20383dd5de702428a0bd292869274a9
1157,20250201,5,7,12,20,25,26,28,141,123443439000,1000,123443439,6,1,"[[7,12,20,25,26,28],[5,12,20,25,26,28],[5,7,20,25,26,28],[5,7,12,25,26,28],[5,7,12,20,26,28],[5,7,12,20,25,28]]","[6,6,6,6,6,6]",6,1.8666666666666663,1.5505798570631202,downloads/official-1-1237/raw/api-0009.json,6546096d96e1f092065c4258be50cf3cb20383dd5de702428a0bd292869274a9
1158,20250208,21,25,27,32,37,38,20,86,119706159000,1000,119706159,3,1,"[[20,25,27,32,37,38],[20,21,27,32,37,38],[20,21,25,32,37,38],[20,21,25,27,37,38],[20,21,25,27,32,38],[20,21,25,27,32,37]]","[3,3,3,4,4,4]",3.5,-0.63333333333333375,0.97527028663579463,downloads/official-1-1237/raw/api-0008.json,7cfb909e994f877f4c434092b561dc84f38aaebe1eb4ba05fe7a62b50e00eaec
1159,20250215,3,9,27,28,38,39,7,110,124802304000,1000,124802304,4,1,"[[7,9,27,28,38,39],[3,7,27,28,38,39],[3,7,9,28,38,39],[3,7,9,27,38,39],[3,7,9,27,28,39],[3,7,9,27,28,38]]","[4,4,4,4,5,5]",4.333333333333333,0.19999999999999929,1.1965011479275254,downloads/official-1-1237/raw/api-0008.json,7cfb909e994f877f4c434092b561dc84f38aaebe1eb4ba05fe7a62b50e00eaec
1160,20250222,7,13,18,36,39,45,19,84,123177536000,1000,123177536,3,1,"[[13,18,19,36,39,45],[7,18,19,36,39,45],[7,13,19,36,39,45],[7,13,18,19,39,45],[7,13,18,19,36,45],[7,13,18,19,36,39]]","[3,3,3,4,4,4]",3.5,-0.63333333333333375,0.92574379796004358,downloads/official-1-1237/raw/api-0008.json,7cfb909e994f877f4c434092b561dc84f38aaebe1eb4ba05fe7a62b50e00eaec
1161,20250301,2,12,20,24,34,42,37,117,123230590000,1000,123230590,4,0,"[[12,20,24,34,37,42],[2,20,24,34,37,42],[2,12,24,34,37,42],[2,12,20,34,37,42],[2,12,20,24,37,42],[2,12,20,24,34,37]]","[3,3,3,3,4,4]",3.3333333333333335,-0.80000000000000027,1.2888737285117275,downloads/official-1-1237/raw/api-0008.json,7cfb909e994f877f4c434092b561dc84f38aaebe1eb4ba05fe7a62b50e00eaec
1162,20250308,20,21,22,25,28,29,6,78,120578328000,1000,120578328,6,1,"[[6,21,22,25,28,29],[6,20,22,25,28,29],[6,20,21,25,28,29],[6,20,21,22,28,29],[6,20,21,22,25,29],[6,20,21,22,25,28]]","[6,6,6,6,6,6]",6,1.8666666666666663,0.8781493470368904,downloads/official-1-1237/raw/api-0008.json,7cfb909e994f877f4c434092b561dc84f38aaebe1eb4ba05fe7a62b50e00eaec
1163,20250315,2,13,15,16,33,43,4,75,122246316000,1000,122246316,4,1,"[[4,13,15,16,33,43],[2,4,15,16,33,43],[2,4,13,16,33,43],[2,4,13,15,33,43],[2,4,13,15,16,43],[2,4,13,15,16,33]]","[4,4,4,4,5,5]",4.333333333333333,0.19999999999999929,0.8328533188681122,downloads/official-1-1237/raw/api-0008.json,7cfb909e994f877f4c434092b561dc84f38aaebe1eb4ba05fe7a62b50e00eaec
1164,20250322,17,18,23,25,38,39,22,76,121102645000,1000,121102645,4,1,"[[18,22,23,25,38,39],[17,22,23,25,38,39],[17,18,22,25,38,39],[17,18,22,23,38,39],[17,18,22,23,25,39],[17,18,22,23,25,38]]","[4,4,4,4,5,5]",4.333333333333333,0.19999999999999929,0.85192821345892156,downloads/official-1-1237/raw/api-0008.json,7cfb909e994f877f4c434092b561dc84f38aaebe1eb4ba05fe7a62b50e00eaec
1165,20250329,6,7,27,29,38,45,17,91,118112106000,1000,118112106,4,1,"[[7,17,27,29,38,45],[6,17,27,29,38,45],[6,7,17,29,38,45],[6,7,17,27,38,45],[6,7,17,27,29,45],[6,7,17,27,29,38]]","[4,4,4,4,5,5]",4.333333333333333,0.19999999999999929,1.0458996472385311,downloads/official-1-1237/raw/api-0008.json,7cfb909e994f877f4c434092b561dc84f38aaebe1eb4ba05fe7a62b50e00eaec
1166,20250405,14,23,25,27,29,42,16,80,116717661000,1000,116717661,5,1,"[[16,23,25,27,29,42],[14,16,25,27,29,42],[14,16,23,27,29,42],[14,16,23,25,29,42],[14,16,23,25,27,42],[14,16,23,25,27,29]]","[5,5,5,5,5,6]",5.166666666666667,1.0333333333333332,0.93045730243000668,downloads/official-1-1237/raw/api-0008.json,7cfb909e994f877f4c434092b561dc84f38aaebe1eb4ba05fe7a62b50e00eaec
1167,20250412,8,23,31,35,39,40,24,69,118762131000,1000,118762131,3,1,"[[23,24,31,35,39,40],[8,24,31,35,39,40],[8,23,24,35,39,40],[8,23,24,31,39,40],[8,23,24,31,35,40],[8,23,24,31,35,39]]","[3,3,3,4,4,4]",3.5,-0.63333333333333375,0.78870418719583268,downloads/official-1-1237/raw/api-0008.json,7cfb909e994f877f4c434092b561dc84f38aaebe1eb4ba05fe7a62b50e00eaec
1168,20250419,9,21,24,30,33,37,29,74,117811795000,1000,117811795,4,1,"[[21,24,29,30,33,37],[9,24,29,30,33,37],[9,21,29,30,33,37],[9,21,24,29,33,37],[9,21,24,29,30,37],[9,21,24,29,30,33]]","[4,4,4,4,5,5]",4.333333333333333,0.19999999999999929,0.8526798186887824,downloads/official-1-1237/raw/api-0007.json,03b5974dae3ff96637a1aa3f9ad05b65d5878bb34aea30b9eae3ce6e1e68dc1a
1169,20250426,5,12,24,26,39,42,20,112,118803195000,1000,118803195,4,1,"[[12,20,24,26,39,42],[5,20,24,26,39,42],[5,12,20,26,39,42],[5,12,20,24,39,42],[5,12,20,24,26,42],[5,12,20,24,26,39]]","[4,4,4,4,5,5]",4.333333333333333,0.19999999999999929,1.2797729892701959,downloads/official-1-1237/raw/api-0007.json,03b5974dae3ff96637a1aa3f9ad05b65d5878bb34aea30b9eae3ce6e1e68dc1a
1170,20250503,3,13,28,34,38,42,25,103,116709995000,1000,116709995,3,1,"[[13,25,28,34,38,42],[3,25,28,34,38,42],[3,13,25,34,38,42],[3,13,25,28,38,42],[3,13,25,28,34,42],[3,13,25,28,34,38]]","[3,3,3,4,4,4]",3.5,-0.63333333333333375,1.1980424641437093,downloads/official-1-1237/raw/api-0007.json,03b5974dae3ff96637a1aa3f9ad05b65d5878bb34aea30b9eae3ce6e1e68dc1a
1171,20250510,3,6,7,11,12,17,19,148,115285696000,1000,115285696,6,1,"[[6,7,11,12,17,19],[3,7,11,12,17,19],[3,6,11,12,17,19],[3,6,7,12,17,19],[3,6,7,11,17,19],[3,6,7,11,12,19]]","[6,6,6,6,6,6]",6,1.8666666666666663,1.7427268687348689,downloads/official-1-1237/raw/api-0007.json,03b5974dae3ff96637a1aa3f9ad05b65d5878bb34aea30b9eae3ce6e1e68dc1a
1172,20250517,7,9,24,40,42,44,45,98,117565241000,1000,117565241,3,0,"[[9,24,40,42,44,45],[7,24,40,42,44,45],[7,9,40,42,44,45],[7,9,24,42,44,45],[7,9,24,40,44,45],[7,9,24,40,42,45]]","[2,2,2,3,3,3]",2.5,-1.6333333333333337,1.1315927979086948,downloads/official-1-1237/raw/api-0007.json,03b5974dae3ff96637a1aa3f9ad05b65d5878bb34aea30b9eae3ce6e1e68dc1a
1173,20250524,1,5,18,20,30,35,3,94,118782668000,1000,118782668,5,1,"[[3,5,18,20,30,35],[1,3,18,20,30,35],[1,3,5,20,30,35],[1,3,5,18,30,35],[1,3,5,18,20,35],[1,3,5,18,20,30]]","[5,5,5,5,5,6]",5.166666666666667,1.0333333333333332,1.0742808033239328,downloads/official-1-1237/raw/api-0007.json,03b5974dae3ff96637a1aa3f9ad05b65d5878bb34aea30b9eae3ce6e1e68dc1a
1174,20250531,8,11,14,17,36,39,22,85,119020467000,1000,119020467,4,1,"[[11,14,17,22,36,39],[8,14,17,22,36,39],[8,11,17,22,36,39],[8,11,14,22,36,39],[8,11,14,17,22,39],[8,11,14,17,22,36]]","[4,4,4,4,5,5]",4.333333333333333,0.19999999999999929,0.96948325702670957,downloads/official-1-1237/raw/api-0007.json,03b5974dae3ff96637a1aa3f9ad05b65d5878bb34aea30b9eae3ce6e1e68dc1a
1175,20250607,3,4,6,8,32,42,31,92,117488305000,1000,117488305,4,1,"[[4,6,8,31,32,42],[3,6,8,31,32,42],[3,4,8,31,32,42],[3,4,6,31,32,42],[3,4,6,8,31,42],[3,4,6,8,31,32]]","[4,4,4,4,5,5]",4.333333333333333,0.19999999999999929,1.0630072499556444,downloads/official-1-1237/raw/api-0007.json,03b5974dae3ff96637a1aa3f9ad05b65d5878bb34aea30b9eae3ce6e1e68dc1a
1176,20250614,7,9,11,21,30,35,29,89,115765450000,1000,115765450,5,1,"[[9,11,21,29,30,35],[7,11,21,29,30,35],[7,9,21,29,30,35],[7,9,11,29,30,35],[7,9,11,21,29,35],[7,9,11,21,29,30]]","[5,5,5,5,5,6]",5.166666666666667,1.0333333333333332,1.0436480832580015,downloads/official-1-1237/raw/api-0007.json,03b5974dae3ff96637a1aa3f9ad05b65d5878bb34aea30b9eae3ce6e1e68dc1a
1177,20250621,3,7,15,16,19,43,21,75,115411832000,1000,115411832,5,1,"[[7,15,16,19,21,43],[3,15,16,19,21,43],[3,7,16,19,21,43],[3,7,15,19,21,43],[3,7,15,16,21,43],[3,7,15,16,19,21]]","[5,5,5,5,5,6]",5.166666666666667,1.0333333333333332,0.88217341528726445,downloads/official-1-1237/raw/api-0007.json,03b5974dae3ff96637a1aa3f9ad05b65d5878bb34aea30b9eae3ce6e1e68dc1a
1178,20250628,5,6,11,27,43,44,17,89,118774279000,1000,118774279,4,1,"[[6,11,17,27,43,44],[5,11,17,27,43,44],[5,6,17,27,43,44],[5,6,11,17,43,44],[5,6,11,17,27,44],[5,6,11,17,27,43]]","[4,4,4,4,5,5]",4.333333333333333,0.19999999999999929,1.0172100476400281,downloads/official-1-1237/raw/api-0006.json,27f5bf6e444f82bc534b60341b739daed621294b66119f5b1650e02e57742719
1179,20250705,3,16,18,24,40,44,21,63,115024678000,1000,115024678,4,1,"[[16,18,21,24,40,44],[3,18,21,24,40,44],[3,16,21,24,40,44],[3,16,18,21,40,44],[3,16,18,21,24,44],[3,16,18,21,24,40]]","[4,4,4,4,5,5]",4.333333333333333,0.19999999999999929,0.74351983841241442,downloads/official-1-1237/raw/api-0006.json,27f5bf6e444f82bc534b60341b739daed621294b66119f5b1650e02e57742719
1180,20250712,6,12,18,37,40,41,3,72,115377965000,1000,115377965,3,1,"[[3,12,18,37,40,41],[3,6,18,37,40,41],[3,6,12,37,40,41],[3,6,12,18,40,41],[3,6,12,18,37,41],[3,6,12,18,37,40]]","[3,3,3,4,4,4]",3.5,-0.63333333333333375,0.84713506604142308,downloads/official-1-1237/raw/api-0006.json,27f5bf6e444f82bc534b60341b739daed621294b66119f5b1650e02e57742719
1181,20250719,8,10,14,20,33,41,28,86,113802682000,1000,113802682,4,1,"[[10,14,20,28,33,41],[8,14,20,28,33,41],[8,10,20,28,33,41],[8,10,14,28,33,41],[8,10,14,20,28,41],[8,10,14,20,28,33]]","[4,4,4,4,5,5]",4.333333333333333,0.19999999999999929,1.0258621145677393,downloads/official-1-1237/raw/api-0006.json,27f5bf6e444f82bc534b60341b739daed621294b66119f5b1650e02e57742719
1182,20250726,1,13,21,25,28,31,22,79,115431308000,1000,115431308,6,1,"[[13,21,22,25,28,31],[1,21,22,25,28,31],[1,13,22,25,28,31],[1,13,21,22,28,31],[1,13,21,22,25,31],[1,13,21,22,25,28]]","[6,6,6,6,6,6]",6,1.8666666666666663,0.92906588219549591,downloads/official-1-1237/raw/api-0006.json,27f5bf6e444f82bc534b60341b739daed621294b66119f5b1650e02e57742719
1183,20250802,4,15,17,23,27,36,31,92,115605968000,1000,115605968,5,1,"[[15,17,23,27,31,36],[4,17,23,27,31,36],[4,15,23,27,31,36],[4,15,17,27,31,36],[4,15,17,23,31,36],[4,15,17,23,27,31]]","[5,5,5,5,5,6]",5.166666666666667,1.0333333333333332,1.0803155075869439,downloads/official-1-1237/raw/api-0006.json,27f5bf6e444f82bc534b60341b739daed621294b66119f5b1650e02e57742719
1184,20250809,14,16,23,25,31,37,42,95,117748924000,1000,117748924,5,0,"[[16,23,25,31,37,42],[14,23,25,31,37,42],[14,16,25,31,37,42],[14,16,23,31,37,42],[14,16,23,25,37,42],[14,16,23,25,31,42]]","[4,4,4,4,4,5]",4.166666666666667,0.033333333333333215,1.0952410061938231,downloads/official-1-1237/raw/api-0006.json,27f5bf6e444f82bc534b60341b739daed621294b66119f5b1650e02e57742719
1185,20250816,6,17,22,28,29,32,38,79,117480804000,1000,117480804,5,0,"[[17,22,28,29,32,38],[6,22,28,29,32,38],[6,17,28,29,32,38],[6,17,22,29,32,38],[6,17,22,28,32,38],[6,17,22,28,29,38]]","[4,4,4,4,4,5]",4.166666666666667,0.033333333333333215,0.91285798486704262,downloads/official-1-1237/raw/api-0006.json,27f5bf6e444f82bc534b60341b739daed621294b66119f5b1650e02e57742719
1186,20250823,2,8,13,16,23,28,35,89,116690738000,1000,116690738,6,0,"[[8,13,16,23,28,35],[2,13,16,23,28,35],[2,8,16,23,28,35],[2,8,13,23,28,35],[2,8,13,16,28,35],[2,8,13,16,23,35]]","[5,5,5,5,5,5]",5,0.86666666666666625,1.035372576013702,downloads/official-1-1237/raw/api-0006.json,27f5bf6e444f82bc534b60341b739daed621294b66119f5b1650e02e57742719
1187,20250830,5,13,26,29,37,40,42,79,117650847000,1000,117650847,4,0,"[[13,26,29,37,40,42],[5,26,29,37,40,42],[5,13,29,37,40,42],[5,13,26,37,40,42],[5,13,26,29,40,42],[5,13,26,29,37,42]]","[3,3,3,3,4,4]",3.3333333333333335,-0.80000000000000027,0.91153861391240132,downloads/official-1-1237/raw/api-0006.json,27f5bf6e444f82bc534b60341b739daed621294b66119f5b1650e02e57742719
1188,20250906,3,4,12,19,22,27,9,111,116617971000,1000,116617971,6,1,"[[4,9,12,19,22,27],[3,9,12,19,22,27],[3,4,9,19,22,27],[3,4,9,12,22,27],[3,4,9,12,19,27],[3,4,9,12,19,22]]","[6,6,6,6,6,6]",6,1.8666666666666663,1.2921131169397553,downloads/official-1-1237/raw/api-0005.json,cbd7f91aacf1675f320395f5504a6d5571cb0448f92cf6c8bb4b43af256e4b07
1189,20250913,9,19,29,35,37,38,31,167,119484685000,1000,119484685,3,1,"[[19,29,31,35,37,38],[9,29,31,35,37,38],[9,19,31,35,37,38],[9,19,29,31,37,38],[9,19,29,31,35,38],[9,19,29,31,35,37]]","[3,3,3,4,4,4]",3.5,-0.63333333333333375,1.897349187471181,downloads/official-1-1237/raw/api-0005.json,cbd7f91aacf1675f320395f5504a6d5571cb0448f92cf6c8bb4b43af256e4b07
1190,20250920,7,9,19,23,26,45,33,113,118368861000,1000,118368861,5,0,"[[9,19,23,26,33,45],[7,19,23,26,33,45],[7,9,23,26,33,45],[7,9,19,26,33,45],[7,9,19,23,33,45],[7,9,19,23,26,33]]","[4,4,4,4,4,5]",4.166666666666667,0.033333333333333215,1.2959373665004683,downloads/official-1-1237/raw/api-0005.json,cbd7f91aacf1675f320395f5504a6d5571cb0448f92cf6c8bb4b43af256e4b07
1191,20250927,1,4,11,12,20,41,2,132,121272809000,1000,121272809,5,1,"[[2,4,11,12,20,41],[1,2,11,12,20,41],[1,2,4,12,20,41],[1,2,4,11,20,41],[1,2,4,11,12,41],[1,2,4,11,12,20]]","[5,5,5,5,5,6]",5.166666666666667,1.0333333333333332,1.4775885994361688,downloads/official-1-1237/raw/api-0005.json,cbd7f91aacf1675f320395f5504a6d5571cb0448f92cf6c8bb4b43af256e4b07
1192,20251004,10,16,23,36,39,40,11,95,129050196000,1000,129050196,3,1,"[[11,16,23,36,39,40],[10,11,23,36,39,40],[10,11,16,36,39,40],[10,11,16,23,39,40],[10,11,16,23,36,40],[10,11,16,23,36,39]]","[3,3,3,4,4,4]",3.5,-0.63333333333333375,0.999327811946911,downloads/official-1-1237/raw/api-0005.json,cbd7f91aacf1675f320395f5504a6d5571cb0448f92cf6c8bb4b43af256e4b07
1193,20251011,6,9,16,19,24,28,17,84,118676603000,1000,118676603,6,1,"[[9,16,17,19,24,28],[6,16,17,19,24,28],[6,9,17,19,24,28],[6,9,16,17,24,28],[6,9,16,17,19,28],[6,9,16,17,19,24]]","[6,6,6,6,6,6]",6,1.8666666666666663,0.96085358964984868,downloads/official-1-1237/raw/api-0005.json,cbd7f91aacf1675f320395f5504a6d5571cb0448f92cf6c8bb4b43af256e4b07
1194,20251018,3,13,15,24,33,37,2,99,121085706000,1000,121085706,4,1,"[[2,13,15,24,33,37],[2,3,15,24,33,37],[2,3,13,24,33,37],[2,3,13,15,33,37],[2,3,13,15,24,37],[2,3,13,15,24,33]]","[4,4,4,4,5,5]",4.333333333333333,0.19999999999999929,1.10990383951678,downloads/official-1-1237/raw/api-0005.json,cbd7f91aacf1675f320395f5504a6d5571cb0448f92cf6c8bb4b43af256e4b07
1195,20251025,3,15,27,33,34,36,37,86,122918013000,1000,122918013,3,0,"[[15,27,33,34,36,37],[3,27,33,34,36,37],[3,15,33,34,36,37],[3,15,27,34,36,37],[3,15,27,33,36,37],[3,15,27,33,34,37]]","[2,2,2,3,3,3]",2.5,-1.6333333333333337,0.94978642389866819,downloads/official-1-1237/raw/api-0005.json,cbd7f91aacf1675f320395f5504a6d5571cb0448f92cf6c8bb4b43af256e4b07
1196,20251101,8,12,15,29,40,45,14,94,121645432000,1000,121645432,4,1,"[[12,14,15,29,40,45],[8,14,15,29,40,45],[8,12,14,29,40,45],[8,12,14,15,40,45],[8,12,14,15,29,45],[8,12,14,15,29,40]]","[4,4,4,4,5,5]",4.333333333333333,0.19999999999999929,1.0489990285866222,downloads/official-1-1237/raw/api-0005.json,cbd7f91aacf1675f320395f5504a6d5571cb0448f92cf6c8bb4b43af256e4b07
1197,20251108,1,5,7,26,28,43,30,74,120244434000,1000,120244434,5,1,"[[5,7,26,28,30,43],[1,7,26,28,30,43],[1,5,26,28,30,43],[1,5,7,28,30,43],[1,5,7,26,30,43],[1,5,7,26,28,30]]","[5,5,5,5,5,6]",5.166666666666667,1.0333333333333332,0.83542943867156461,downloads/official-1-1237/raw/api-0005.json,cbd7f91aacf1675f320395f5504a6d5571cb0448f92cf6c8bb4b43af256e4b07
1198,20251115,26,30,33,38,39,41,21,78,120207517000,1000,120207517,2,1,"[[21,30,33,38,39,41],[21,26,33,38,39,41],[21,26,30,38,39,41],[21,26,30,33,39,41],[21,26,30,33,38,41],[21,26,30,33,38,39]]","[2,2,3,3,3,3]",2.6666666666666665,-1.4666666666666672,0.88085822453183193,downloads/official-1-1237/raw/api-0004.json,92505786aac052490217f6f78b0decb3055b96f5f257e7b6a22f1d11d389f05a
1199,20251122,16,24,25,30,31,32,7,75,118624796000,1000,118624796,5,1,"[[7,24,25,30,31,32],[7,16,25,30,31,32],[7,16,24,30,31,32],[7,16,24,25,31,32],[7,16,24,25,30,32],[7,16,24,25,30,31]]","[5,5,5,5,5,6]",5.166666666666667,1.0333333333333332,0.85827966355364693,downloads/official-1-1237/raw/api-0004.json,92505786aac052490217f6f78b0decb3055b96f5f257e7b6a22f1d11d389f05a
1200,20251129,1,2,4,16,20,32,45,80,118339596000,1000,118339596,5,0,"[[2,4,16,20,32,45],[1,4,16,20,32,45],[1,2,16,20,32,45],[1,2,4,20,32,45],[1,2,4,16,32,45],[1,2,4,16,20,45]]","[4,4,4,4,4,5]",4.166666666666667,0.033333333333333215,0.91770467088631935,downloads/official-1-1237/raw/api-0004.json,92505786aac052490217f6f78b0decb3055b96f5f257e7b6a22f1d11d389f05a
1201,20251206,7,9,24,27,35,36,37,84,115389593000,1000,115389593,4,0,"[[9,24,27,35,36,37],[7,24,27,35,36,37],[7,9,27,35,36,37],[7,9,24,35,36,37],[7,9,24,27,36,37],[7,9,24,27,35,37]]","[3,3,3,3,4,4]",3.3333333333333335,-0.80000000000000027,0.98822464864747384,downloads/official-1-1237/raw/api-0004.json,92505786aac052490217f6f78b0decb3055b96f5f257e7b6a22f1d11d389f05a
1202,20251213,5,12,21,33,37,40,7,109,116954237000,1000,116954237,3,1,"[[7,12,21,33,37,40],[5,7,21,33,37,40],[5,7,12,33,37,40],[5,7,12,21,37,40],[5,7,12,21,33,40],[5,7,12,21,33,37]]","[3,3,3,4,4,4]",3.5,-0.63333333333333375,1.2651836632477027,downloads/official-1-1237/raw/api-0004.json,92505786aac052490217f6f78b0decb3055b96f5f257e7b6a22f1d11d389f05a
1203,20251220,3,6,18,29,35,39,24,118,121655631000,1000,121655631,4,1,"[[6,18,24,29,35,39],[3,18,24,29,35,39],[3,6,24,29,35,39],[3,6,18,24,35,39],[3,6,18,24,29,39],[3,6,18,24,29,35]]","[4,4,4,4,5,5]",4.333333333333333,0.19999999999999929,1.3167181714753509,downloads/official-1-1237/raw/api-0004.json,92505786aac052490217f6f78b0decb3055b96f5f257e7b6a22f1d11d389f05a
1204,20251227,8,16,28,30,31,44,27,95,123758619000,1000,123758619,5,1,"[[16,27,28,30,31,44],[8,27,28,30,31,44],[8,16,27,30,31,44],[8,16,27,28,31,44],[8,16,27,28,30,44],[8,16,27,28,30,31]]","[5,5,5,5,5,6]",5.166666666666667,1.0333333333333332,1.0420563112456838,downloads/official-1-1237/raw/api-0004.json,92505786aac052490217f6f78b0decb3055b96f5f257e7b6a22f1d11d389f05a
1205,20260103,1,4,16,23,31,41,2,97,132670747000,1000,132670747,5,1,"[[2,4,16,23,31,41],[1,2,16,23,31,41],[1,2,4,23,31,41],[1,2,4,16,31,41],[1,2,4,16,23,41],[1,2,4,16,23,31]]","[5,5,5,5,5,6]",5.166666666666667,1.0333333333333332,0.9925207551593872,downloads/official-1-1237/raw/api-0004.json,92505786aac052490217f6f78b0decb3055b96f5f257e7b6a22f1d11d389f05a
1206,20260110,1,3,17,26,27,42,23,74,121012690000,1000,121012690,5,1,"[[3,17,23,26,27,42],[1,17,23,26,27,42],[1,3,23,26,27,42],[1,3,17,23,27,42],[1,3,17,23,26,42],[1,3,17,23,26,27]]","[5,5,5,5,5,6]",5.166666666666667,1.0333333333333332,0.83012566698583434,downloads/official-1-1237/raw/api-0004.json,92505786aac052490217f6f78b0decb3055b96f5f257e7b6a22f1d11d389f05a
1207,20260117,10,22,24,27,38,45,11,86,122934287000,1000,122934287,4,1,"[[11,22,24,27,38,45],[10,11,24,27,38,45],[10,11,22,27,38,45],[10,11,22,24,38,45],[10,11,22,24,27,45],[10,11,22,24,27,38]]","[4,4,4,4,5,5]",4.333333333333333,0.19999999999999929,0.94966069148796539,downloads/official-1-1237/raw/api-0004.json,92505786aac052490217f6f78b0decb3055b96f5f257e7b6a22f1d11d389f05a
1208,20260124,6,27,30,36,38,42,25,68,120408668000,1000,120408668,3,1,"[[25,27,30,36,38,42],[6,25,30,36,38,42],[6,25,27,36,38,42],[6,25,27,30,38,42],[6,25,27,30,36,42],[6,25,27,30,36,38]]","[3,3,3,4,4,4]",3.5,-0.63333333333333375,0.76664480666790535,downloads/official-1-1237/raw/api-0003.json,8f592a3a0c190f95db2f0a4b8984f07dd7651dbc977961cccb13279894f8faba
1209,20260131,2,17,20,35,37,39,24,73,124040394000,1000,124040394,3,1,"[[17,20,24,35,37,39],[2,20,24,35,37,39],[2,17,24,35,37,39],[2,17,20,24,37,39],[2,17,20,24,35,39],[2,17,20,24,35,37]]","[3,3,3,4,4,4]",3.5,-0.63333333333333375,0.79891901987992719,downloads/official-1-1237/raw/api-0003.json,8f592a3a0c190f95db2f0a4b8984f07dd7651dbc977961cccb13279894f8faba
1210,20260207,1,7,9,17,27,38,31,153,123111058000,1000,123111058,5,1,"[[7,9,17,27,31,38],[1,9,17,27,31,38],[1,7,17,27,31,38],[1,7,9,27,31,38],[1,7,9,17,31,38],[1,7,9,17,27,31]]","[5,5,5,5,5,6]",5.166666666666667,1.0333333333333332,1.6870867115771193,downloads/official-1-1237/raw/api-0003.json,8f592a3a0c190f95db2f0a4b8984f07dd7651dbc977961cccb13279894f8faba
1211,20260214,23,26,27,35,38,40,10,86,134945802000,1000,134945802,3,1,"[[10,26,27,35,38,40],[10,23,27,35,38,40],[10,23,26,35,38,40],[10,23,26,27,38,40],[10,23,26,27,35,40],[10,23,26,27,35,38]]","[3,3,3,4,4,4]",3.5,-0.63333333333333375,0.86513146959547504,downloads/official-1-1237/raw/api-0003.json,8f592a3a0c190f95db2f0a4b8984f07dd7651dbc977961cccb13279894f8faba
1212,20260221,5,8,25,31,41,44,45,79,131727929000,1000,131727929,4,0,"[[8,25,31,41,44,45],[5,25,31,41,44,45],[5,8,31,41,44,45],[5,8,25,41,44,45],[5,8,25,31,44,45],[5,8,25,31,41,45]]","[3,3,3,3,4,4]",3.3333333333333335,-0.80000000000000027,0.8141272000108648,downloads/official-1-1237/raw/api-0003.json,8f592a3a0c190f95db2f0a4b8984f07dd7651dbc977961cccb13279894f8faba
1213,20260228,5,11,25,27,36,38,2,110,131111079000,1000,131111079,4,1,"[[2,11,25,27,36,38],[2,5,25,27,36,38],[2,5,11,27,36,38],[2,5,11,25,36,38],[2,5,11,25,27,38],[2,5,11,25,27,36]]","[4,4,4,4,5,5]",4.333333333333333,0.19999999999999929,1.1389281602968122,downloads/official-1-1237/raw/api-0003.json,8f592a3a0c190f95db2f0a4b8984f07dd7651dbc977961cccb13279894f8faba
1214,20260307,10,15,19,27,30,33,14,99,124815860000,1000,124815860,5,1,"[[14,15,19,27,30,33],[10,14,19,27,30,33],[10,14,15,27,30,33],[10,14,15,19,30,33],[10,14,15,19,27,33],[10,14,15,19,27,30]]","[5,5,5,5,5,6]",5.166666666666667,1.0333333333333332,1.0767340785057284,downloads/official-1-1237/raw/api-0003.json,8f592a3a0c190f95db2f0a4b8984f07dd7651dbc977961cccb13279894f8faba
1215,20260314,13,15,19,21,44,45,39,76,126977101000,1000,126977101,4,0,"[[15,19,21,39,44,45],[13,19,21,39,44,45],[13,15,21,39,44,45],[13,15,19,39,44,45],[13,15,19,21,39,45],[13,15,19,21,39,44]]","[3,3,3,3,4,4]",3.3333333333333335,-0.80000000000000027,0.81251469113316743,downloads/official-1-1237/raw/api-0003.json,8f592a3a0c190f95db2f0a4b8984f07dd7651dbc977961cccb13279894f8faba
1216,20260321,3,10,14,15,23,24,25,87,125556526000,1000,125556526,6,1,"[[10,14,15,23,24,25],[3,14,15,23,24,25],[3,10,15,23,24,25],[3,10,14,23,24,25],[3,10,14,15,24,25],[3,10,14,15,23,25]]","[6,6,6,6,6,6]",6,1.8666666666666663,0.94063903934392068,downloads/official-1-1237/raw/api-0003.json,8f592a3a0c190f95db2f0a4b8984f07dd7651dbc977961cccb13279894f8faba
1217,20260328,8,10,15,20,29,31,41,85,125155256000,1000,125155256,6,0,"[[10,15,20,29,31,41],[8,15,20,29,31,41],[8,10,20,29,31,41],[8,10,15,29,31,41],[8,10,15,20,31,41],[8,10,15,20,29,41]]","[5,5,5,5,5,5]",5,0.86666666666666625,0.92196167934009898,downloads/official-1-1237/raw/api-0003.json,8f592a3a0c190f95db2f0a4b8984f07dd7651dbc977961cccb13279894f8faba
1218,20260404,3,28,31,32,42,45,25,80,123335928000,1000,123335928,3,1,"[[25,28,31,32,42,45],[3,25,31,32,42,45],[3,25,28,32,42,45],[3,25,28,31,42,45],[3,25,28,31,32,45],[3,25,28,31,32,42]]","[3,3,3,4,4,4]",3.5,-0.63333333333333375,0.88052850261117754,downloads/official-1-1237/raw/api-0002.json,38af0a692f47dd0e0f877f0755838efb112a45ca8056c4a3c50ec9de6e1f6109
1219,20260411,1,2,15,28,39,45,31,77,120945801000,1000,120945801,4,1,"[[2,15,28,31,39,45],[1,15,28,31,39,45],[1,2,28,31,39,45],[1,2,15,31,39,45],[1,2,15,28,31,45],[1,2,15,28,31,39]]","[4,4,4,4,5,5]",4.333333333333333,0.19999999999999929,0.86425712290747492,downloads/official-1-1237/raw/api-0002.json,38af0a692f47dd0e0f877f0755838efb112a45ca8056c4a3c50ec9de6e1f6109
1220,20260418,2,22,25,28,34,43,16,85,121958822000,1000,121958822,4,1,"[[16,22,25,28,34,43],[2,16,25,28,34,43],[2,16,22,28,34,43],[2,16,22,25,34,43],[2,16,22,25,28,43],[2,16,22,25,28,34]]","[4,4,4,4,5,5]",4.333333333333333,0.19999999999999929,0.94612548815861797,downloads/official-1-1237/raw/api-0002.json,38af0a692f47dd0e0f877f0755838efb112a45ca8056c4a3c50ec9de6e1f6109
1221,20260425,6,13,18,28,30,36,9,96,122979623000,1000,122979623,5,1,"[[9,13,18,28,30,36],[6,9,18,28,30,36],[6,9,13,28,30,36],[6,9,13,18,30,36],[6,9,13,18,28,36],[6,9,13,18,28,30]]","[5,5,5,5,5,6]",5.166666666666667,1.0333333333333332,1.0596955562304822,downloads/official-1-1237/raw/api-0002.json,38af0a692f47dd0e0f877f0755838efb112a45ca8056c4a3c50ec9de6e1f6109
1222,20260502,4,11,17,22,32,41,34,115,124243558000,1000,124243558,4,0,"[[11,17,22,32,34,41],[4,17,22,32,34,41],[4,11,22,32,34,41],[4,11,17,32,34,41],[4,11,17,22,34,41],[4,11,17,22,32,34]]","[3,3,3,3,4,4]",3.3333333333333335,-0.80000000000000027,1.2565130338588661,downloads/official-1-1237/raw/api-0002.json,38af0a692f47dd0e0f877f0755838efb112a45ca8056c4a3c50ec9de6e1f6109
1223,20260509,16,18,20,32,33,39,26,103,122621163000,1000,122621163,3,1,"[[18,20,26,32,33,39],[16,20,26,32,33,39],[16,18,26,32,33,39],[16,18,20,26,33,39],[16,18,20,26,32,39],[16,18,20,26,32,33]]","[3,3,3,4,4,4]",3.5,-0.63333333333333375,1.1402887281374097,downloads/official-1-1237/raw/api-0002.json,38af0a692f47dd0e0f877f0755838efb112a45ca8056c4a3c50ec9de6e1f6109
1224,20260516,9,18,21,27,44,45,28,70,121110408000,1000,121110408,4,1,"[[18,21,27,28,44,45],[9,21,27,28,44,45],[9,18,27,28,44,45],[9,18,21,28,44,45],[9,18,21,27,28,45],[9,18,21,27,28,44]]","[4,4,4,4,5,5]",4.333333333333333,0.19999999999999929,0.78462042667711929,downloads/official-1-1237/raw/api-0002.json,38af0a692f47dd0e0f877f0755838efb112a45ca8056c4a3c50ec9de6e1f6109
1225,20260523,8,9,19,25,41,42,33,76,120402887000,1000,120402887,4,0,"[[9,19,25,33,41,42],[8,19,25,33,41,42],[8,9,25,33,41,42],[8,9,19,33,41,42],[8,9,19,25,33,42],[8,9,19,25,33,41]]","[3,3,3,3,4,4]",3.3333333333333335,-0.80000000000000027,0.85687945339715987,downloads/official-1-1237/raw/api-0002.json,38af0a692f47dd0e0f877f0755838efb112a45ca8056c4a3c50ec9de6e1f6109
1226,20260530,4,6,13,17,26,28,41,75,120259943000,1000,120259943,6,0,"[[6,13,17,26,28,41],[4,13,17,26,28,41],[4,6,17,26,28,41],[4,6,13,26,28,41],[4,6,13,17,28,41],[4,6,13,17,26,41]]","[5,5,5,5,5,5]",5,0.86666666666666625,0.84660983083951735,downloads/official-1-1237/raw/api-0002.json,38af0a692f47dd0e0f877f0755838efb112a45ca8056c4a3c50ec9de6e1f6109
1227,20260606,1,14,16,34,41,44,13,70,118882558000,1000,118882558,3,1,"[[13,14,16,34,41,44],[1,13,16,34,41,44],[1,13,14,34,41,44],[1,13,14,16,41,44],[1,13,14,16,34,44],[1,13,14,16,34,41]]","[3,3,3,4,4,4]",3.5,-0.63333333333333375,0.79932415316971894,downloads/official-1-1237/raw/api-0002.json,38af0a692f47dd0e0f877f0755838efb112a45ca8056c4a3c50ec9de6e1f6109
1228,20260613,24,29,30,31,35,44,1,83,119052273000,1000,119052273,4,1,"[[1,29,30,31,35,44],[1,24,30,31,35,44],[1,24,29,31,35,44],[1,24,29,30,35,44],[1,24,29,30,31,44],[1,24,29,30,31,35]]","[4,4,4,4,5,5]",4.333333333333333,0.19999999999999929,0.946418973453787,downloads/official-1-1237/raw/api-0001.json,50f487e857b6b45f4dcf591facf710dc0a71c0d6c5ee50de2db956b4fd658471
1229,20260620,12,13,29,34,37,42,16,89,116155532000,1000,116155532,3,1,"[[13,16,29,34,37,42],[12,16,29,34,37,42],[12,13,16,34,37,42],[12,13,16,29,37,42],[12,13,16,29,34,42],[12,13,16,29,34,37]]","[3,3,3,4,4,4]",3.5,-0.63333333333333375,1.0401432279609377,downloads/official-1-1237/raw/api-0001.json,50f487e857b6b45f4dcf591facf710dc0a71c0d6c5ee50de2db956b4fd658471
1230,20260627,3,8,9,22,28,42,45,90,120177677000,1000,120177677,5,0,"[[8,9,22,28,42,45],[3,9,22,28,42,45],[3,8,22,28,42,45],[3,8,9,28,42,45],[3,8,9,22,42,45],[3,8,9,22,28,45]]","[4,4,4,4,4,5]",4.166666666666667,0.033333333333333215,1.0166272393499503,downloads/official-1-1237/raw/api-0001.json,50f487e857b6b45f4dcf591facf710dc0a71c0d6c5ee50de2db956b4fd658471
1231,20260704,4,13,14,18,31,38,15,92,118084580000,1000,118084580,5,1,"[[13,14,15,18,31,38],[4,14,15,18,31,38],[4,13,15,18,31,38],[4,13,14,15,31,38],[4,13,14,15,18,38],[4,13,14,15,18,31]]","[5,5,5,5,5,6]",5.166666666666667,1.0333333333333332,1.0576395326129797,downloads/official-1-1237/raw/api-0001.json,50f487e857b6b45f4dcf591facf710dc0a71c0d6c5ee50de2db956b4fd658471
1232,20260711,12,15,19,22,24,36,3,92,114636304000,1000,114636304,5,1,"[[3,15,19,22,24,36],[3,12,19,22,24,36],[3,12,15,22,24,36],[3,12,15,19,24,36],[3,12,15,19,22,36],[3,12,15,19,22,24]]","[5,5,5,5,5,6]",5.166666666666667,1.0333333333333332,1.0894534771462974,downloads/official-1-1237/raw/api-0001.json,50f487e857b6b45f4dcf591facf710dc0a71c0d6c5ee50de2db956b4fd658471
1233,20260718,2,7,20,25,37,40,29,76,116159776000,1000,116159776,4,1,"[[7,20,25,29,37,40],[2,20,25,29,37,40],[2,7,25,29,37,40],[2,7,20,29,37,40],[2,7,20,25,29,40],[2,7,20,25,29,37]]","[4,4,4,4,5,5]",4.333333333333333,0.19999999999999929,0.8881797430463364,downloads/official-1-1237/raw/api-0001.json,50f487e857b6b45f4dcf591facf710dc0a71c0d6c5ee50de2db956b4fd658471
1234,20260725,1,15,19,31,35,43,27,71,115990429000,1000,115990429,4,1,"[[15,19,27,31,35,43],[1,19,27,31,35,43],[1,15,27,31,35,43],[1,15,19,27,35,43],[1,15,19,27,31,43],[1,15,19,27,31,35]]","[4,4,4,4,5,5]",4.333333333333333,0.19999999999999929,0.83095830260270875,downloads/official-1-1237/raw/api-0001.json,50f487e857b6b45f4dcf591facf710dc0a71c0d6c5ee50de2db956b4fd658471
1235,20260801,6,7,11,15,39,43,20,82,115445069000,1000,115445069,4,1,"[[7,11,15,20,39,43],[6,11,15,20,39,43],[6,7,15,20,39,43],[6,7,11,20,39,43],[6,7,11,15,20,43],[6,7,11,15,20,39]]","[4,4,4,4,5,5]",4.333333333333333,0.19999999999999929,0.96423191535361286,downloads/official-1-1237/raw/api-0001.json,50f487e857b6b45f4dcf591facf710dc0a71c0d6c5ee50de2db956b4fd658471
1236,20260808,12,18,21,29,34,38,10,84,114070835000,1000,114070835,4,1,"[[10,18,21,29,34,38],[10,12,21,29,34,38],[10,12,18,29,34,38],[10,12,18,21,34,38],[10,12,18,21,29,38],[10,12,18,21,29,34]]","[4,4,4,4,5,5]",4.333333333333333,0.19999999999999929,0.9996493845249752,downloads/official-1-1237/raw/api-0001.json,50f487e857b6b45f4dcf591facf710dc0a71c0d6c5ee50de2db956b4fd658471
1237,20260815,10,20,23,34,37,40,36,75,118363161000,1000,118363161,3,0,"[[20,23,34,36,37,40],[10,23,34,36,37,40],[10,20,34,36,37,40],[10,20,23,36,37,40],[10,20,23,34,36,40],[10,20,23,34,36,37]]","[2,2,2,3,3,3]",2.5,-1.6333333333333337,0.86017684167796093,downloads/official-1-1237/raw/api-0001.json,50f487e857b6b45f4dcf591facf710dc0a71c0d6c5ee50de2db956b4fd658471
