segment,target,source_max,raw_survivor_identities,raw_survivor_count,main6,survivor_main_hits,candidate_observations,survivor_hit_rate,official_output_state,future_data_check
DISCOVERY,3,2,,0,11 16 19 21 27 31,0,0,,NO_NUMBER_POOL,0
DISCOVERY,4,3,,0,14 27 30 31 40 42,0,0,,NO_NUMBER_POOL,0
DISCOVERY,5,4,,0,16 24 29 40 41 42,0,0,,NO_NUMBER_POOL,0
DISCOVERY,6,5,,0,14 15 26 27 40 42,0,0,,NO_NUMBER_POOL,0
DISCOVERY,7,6,,0,2 9 16 25 26 40,0,0,,NO_NUMBER_POOL,0
DISCOVERY,8,7,,0,8 19 25 34 37 39,0,0,,NO_NUMBER_POOL,0
DISCOVERY,9,8,,0,2 4 16 17 36 39,0,0,,NO_NUMBER_POOL,0
DISCOVERY,10,9,,0,9 25 30 33 41 44,0,0,,NO_NUMBER_POOL,0
DISCOVERY,11,10,,0,1 7 36 37 41 42,0,0,,NO_NUMBER_POOL,0
DISCOVERY,12,11,,0,2 11 21 25 39 45,0,0,,NO_NUMBER_POOL,0
DISCOVERY,13,12,,0,22 23 25 37 38 42,0,0,,NO_NUMBER_POOL,0
DISCOVERY,14,13,,0,2 6 12 31 33 40,0,0,,NO_NUMBER_POOL,0
DISCOVERY,15,14,,0,3 4 16 30 31 37,0,0,,NO_NUMBER_POOL,0
DISCOVERY,16,15,,0,6 7 24 37 38 40,0,0,,NO_NUMBER_POOL,0
DISCOVERY,17,16,,0,3 4 9 17 32 37,0,0,,NO_NUMBER_POOL,0
DISCOVERY,18,17,,0,3 12 13 19 32 35,0,0,,NO_NUMBER_POOL,0
DISCOVERY,19,18,,0,6 30 38 39 40 43,0,0,,NO_NUMBER_POOL,0
DISCOVERY,20,19,,0,10 14 18 20 23 30,0,0,,NO_NUMBER_POOL,0
DISCOVERY,21,20,,0,6 12 17 18 31 32,0,0,,NO_NUMBER_POOL,0
DISCOVERY,22,21,,0,4 5 6 8 17 39,0,0,,NO_NUMBER_POOL,0
DISCOVERY,23,22,,0,5 13 17 18 33 42,0,0,,NO_NUMBER_POOL,0
DISCOVERY,24,23,,0,7 8 27 29 36 43,0,0,,NO_NUMBER_POOL,0
DISCOVERY,25,24,,0,2 4 21 26 43 44,0,0,,NO_NUMBER_POOL,0
DISCOVERY,26,25,,0,4 5 7 18 20 25,0,0,,NO_NUMBER_POOL,0
DISCOVERY,27,26,,0,1 20 26 28 37 43,0,0,,NO_NUMBER_POOL,0
DISCOVERY,28,27,,0,9 18 23 25 35 37,0,0,,NO_NUMBER_POOL,0
DISCOVERY,29,28,,0,1 5 13 34 39 40,0,0,,NO_NUMBER_POOL,0
DISCOVERY,30,29,,0,8 17 20 35 36 44,0,0,,NO_NUMBER_POOL,0
DISCOVERY,31,30,,0,7 9 18 23 28 35,0,0,,NO_NUMBER_POOL,0
DISCOVERY,32,31,,0,6 14 19 25 34 44,0,0,,NO_NUMBER_POOL,0
DISCOVERY,33,32,,0,4 7 32 33 40 41,0,0,,NO_NUMBER_POOL,0
DISCOVERY,34,33,,0,9 26 35 37 40 42,0,0,,NO_NUMBER_POOL,0
DISCOVERY,35,34,,0,2 3 11 26 37 43,0,0,,NO_NUMBER_POOL,0
DISCOVERY,36,35,,0,1 10 23 26 28 40,0,0,,NO_NUMBER_POOL,0
DISCOVERY,37,36,,0,7 27 30 33 35 37,0,0,,NO_NUMBER_POOL,0
DISCOVERY,38,37,,0,16 17 22 30 37 43,0,0,,NO_NUMBER_POOL,0
DISCOVERY,39,38,,0,6 7 13 15 21 43,0,0,,NO_NUMBER_POOL,0
DISCOVERY,40,39,,0,7 13 18 19 25 26,0,0,,NO_NUMBER_POOL,0
DISCOVERY,41,40,,0,13 20 23 35 38 43,0,0,,NO_NUMBER_POOL,0
DISCOVERY,42,41,,0,17 18 19 21 23 32,0,0,,NO_NUMBER_POOL,0
DISCOVERY,43,42,3 7 9 13 17 19 23 27 29 33 37 39 43,13,6 31 35 38 39 44,1,13,0.07692307692307693,NUMBER_POOL_AVAILABLE,0
DISCOVERY,44,43,9 19 29 39,4,3 11 21 30 38 45,0,4,0.0,NO_NUMBER_POOL,0
DISCOVERY,45,44,3 9 13 19 23 29 33 39 43,9,1 10 20 27 33 35,1,9,0.1111111111111111,NUMBER_POOL_AVAILABLE,0
DISCOVERY,46,45,3 5 13 15 23 25 33 35 43 45,10,8 13 15 23 31 38,3,10,0.3,NUMBER_POOL_AVAILABLE,0
DISCOVERY,47,46,9 15 19 21 22 23 24 25 29 35 39 45,12,14 17 26 31 36 45,1,12,0.08333333333333333,NUMBER_POOL_AVAILABLE,0
DISCOVERY,48,47,15 25 31 32 33 34 35 41 42 43 44 45,12,6 10 18 26 37 38,0,12,0.0,NUMBER_POOL_AVAILABLE,0
DISCOVERY,49,48,1 2 3 7 13 17 23 27 33 37 43,11,4 7 16 19 33 40,2,11,0.18181818181818182,NUMBER_POOL_AVAILABLE,0
DISCOVERY,50,49,1 2 3 4 5 6 7 8 9 10 13 16 17 19 20 21 22 23 24 25 26 27 29 31 32 33 34 35 36 37 39 43,32,2 10 12 15 22 44,3,32,0.09375,NUMBER_POOL_AVAILABLE,0
DISCOVERY,51,50,1 2 3 4 5 6 7 8 9 10 15 19 20 21 22 23 24 25 26 27 35 41 42 43 44 45,26,2 3 11 16 26 44,4,26,0.15384615384615385,NUMBER_POOL_AVAILABLE,0
DISCOVERY,52,51,1 2 3 4 7 9 13 23 25 26 31 32 33 35 36 43 44,17,2 4 15 16 20 29,2,17,0.11764705882352941,NUMBER_POOL_AVAILABLE,0
DISCOVERY,53,52,1 4 6 9 19 25 26 30 31 32 35 36 39 40 44,15,7 8 14 32 33 39,2,15,0.13333333333333333,NUMBER_POOL_AVAILABLE,0
DISCOVERY,54,53,1 2 3 4 7 9 13 14 18 37 39 43 44,13,1 8 21 27 36 39,2,13,0.15384615384615385,NUMBER_POOL_AVAILABLE,0
DISCOVERY,55,54,1 2 3 4 6 7 8 9 18 21 25 26 27 31 32 33 35 36 39,19,17 21 31 37 40 44,2,19,0.10526315789473684,NUMBER_POOL_AVAILABLE,0
DISCOVERY,56,55,4 7 9 14 18 21 25 26 30 31 32 33 35 36 40 43 44,17,10 14 30 31 33 37,4,17,0.23529411764705882,NUMBER_POOL_AVAILABLE,0
DISCOVERY,57,56,1 3 4 6 7 8 9 10 11 13 14 17 19 20 21 22 23 24 25 26 27 28 29 30 31 33 34 36 37 38 39 40 41 43 44,35,7 10 16 25 29 44,5,35,0.14285714285714285,NUMBER_POOL_AVAILABLE,0
DISCOVERY,58,57,1 2 3 4 6 7 9 14 18 21 25 26 27 30 31 32 33 35 36 37 39 40 43 44,24,10 24 25 33 40 44,4,24,0.16666666666666666,NUMBER_POOL_AVAILABLE,0
DISCOVERY,59,58,1 2 3 4 5 6 7 8 9 10 11 12 13 14 15 16 17 18 21 22 23 24 25 26 27 28 29 30 31 32 33 34 35 36 37 38 39 40 41 42 43 44 45,43,6 29 36 39 41 45,6,43,0.13953488372093023,NUMBER_POOL_AVAILABLE,0
DISCOVERY,60,59,1 3 4 5 6 7 8 9 10 11 12 13 14 15 16 17 18 19 20 21 22 23 24 25 26 27 28 29 30 31 32 33 34 35 36 37 38 39 40 41 43 45,42,2 8 25 36 39 42,4,42,0.09523809523809523,NUMBER_POOL_AVAILABLE,0
DISCOVERY,61,60,1 2 3 4 5 6 7 8 9 10 11 12 13 14 15 16 17 18 19 20 21 22 23 24 25 26 27 28 29 30 31 32 33 34 35 36 37 38 39 40 41 42 43 44 45,45,14 15 19 30 38 43,6,45,0.13333333333333333,NUMBER_POOL_AVAILABLE,0
DISCOVERY,62,61,7 8 9 13 14 16 18 19 20 21 25 26 30 31 32 35 36 37 39 40 42 44,22,3 8 15 27 29 35,2,22,0.09090909090909091,NUMBER_POOL_AVAILABLE,0
DISCOVERY,63,62,1 2 3 4 5 6 7 8 9 10 11 12 13 14 15 16 17 18 19 20 21 23 24 25 26 27 28 29 30 31 32 33 34 35 36 37 38 39 41 43,40,3 20 23 36 38 40,5,40,0.125,NUMBER_POOL_AVAILABLE,0
DISCOVERY,64,63,1 2 3 4 6 7 8 11 13 14 15 16 18 19 20 21 25 26 29 30 31 32 33 35 36 37 38 39 40 42 43,31,14 15 18 21 26 36,6,31,0.1935483870967742,NUMBER_POOL_AVAILABLE,0
DISCOVERY,65,64,1 8 14 15 16 18 20 21 25 26 27 30 31 32 33 35 36 37 38 39 40 44,22,4 25 33 36 40 43,4,22,0.18181818181818182,NUMBER_POOL_AVAILABLE,0
DISCOVERY,66,65,1 2 3 4 6 14 15 21 25 26 30 31 32 35 36 37 39 40 43 44,20,2 3 7 17 22 24,2,20,0.1,NUMBER_POOL_AVAILABLE,0
DISCOVERY,67,66,3 4 7 8 10 11 13 14 15 16 18 19 21 23 25 26 35 37 40 43,20,3 7 10 15 36 38,4,20,0.2,NUMBER_POOL_AVAILABLE,0
DISCOVERY,68,67,1 2 3 4 7 11 13 14 15 16 17 18 19 25 26 30 31 32 35 36 37 38 39 40 44,25,10 12 15 16 26 39,4,25,0.16,NUMBER_POOL_AVAILABLE,0
DISCOVERY,69,68,7 8 10 15 16 18 19 25 26 30 33 35 37 38 39 40 42 43,18,5 8 14 15 19 39,4,18,0.2222222222222222,NUMBER_POOL_AVAILABLE,0
DISCOVERY,70,69,1 2 3 4 7 8 10 13 14 15 16 17 18 19 25 26 29 30 31 32 33 35 36 37 38 39 40 44,28,5 19 22 25 28 43,2,28,0.07142857142857142,NUMBER_POOL_AVAILABLE,0
DISCOVERY,71,70,1 2 3 4 6 7 8 10 11 13 14 15 16 18 19 20 21 26 29 30 31 32 33 35 36 37 38 39 40 43,30,5 9 12 16 29 41,2,30,0.06666666666666667,NUMBER_POOL_AVAILABLE,0
DISCOVERY,72,71,1 2 3 4 5 6 7 8 9 10 11 12 13 14 15 16 17 18 19 20 21 22 23 24 25 26 27 28 29 30 31 32 33 34 35 36 37 38 39 40 41 42 43 44 45,45,2 4 11 17 26 27,6,45,0.13333333333333333,NUMBER_POOL_AVAILABLE,0
DISCOVERY,73,72,4 6 7 8 9 10 11 13 14 15 16 18 19 21 23 25 26 44,18,3 12 18 32 40 43,1,18,0.05555555555555555,NUMBER_POOL_AVAILABLE,0
DISCOVERY,74,73,1 2 3 6 7 8 9 10 11 13 15 16 18 19 25 26 27 29 31 33 35 36 37 38 39 40,26,6 15 17 18 35 40,5,26,0.19230769230769232,NUMBER_POOL_AVAILABLE,0
DISCOVERY,75,74,1 2 3 4 5 6 7 8 9 10 11 12 13 14 15 16 17 18 19 20 21 22 23 24 25 26 27 28 29 30 31 32 33 34 35 36 37 38 39 40 41 42 43 44,44,2 5 24 32 34 44,6,44,0.13636363636363635,NUMBER_POOL_AVAILABLE,0
DISCOVERY,76,75,1 2 3 5 6 7 8 14 16 17 18 19 21 26 29 30 31 33 35 36 38 39 40,23,1 3 15 22 25 37,2,23,0.08695652173913043,NUMBER_POOL_AVAILABLE,0
DISCOVERY,77,76,1 2 3 4 5 6 7 8 9 10 11 12 13 14 15 16 17 18 19 20 21 22 23 24 25 26 27 28 29 30 31 32 33 34 35 36 37 38 39 40 41 42 43 44 45,45,2 18 29 32 43 44,6,45,0.13333333333333333,NUMBER_POOL_AVAILABLE,0
DISCOVERY,78,77,1 2 3 4 5 6 7 8 9 10 11 12 13 14 15 16 17 18 19 20 21 22 23 24 25 26 27 28 29 30 31 32 33 34 35 36 37 38 39 40 43 44,42,10 13 25 29 33 35,6,42,0.14285714285714285,NUMBER_POOL_AVAILABLE,0
DISCOVERY,79,78,1 2 3 4 5 6 7 8 9 10 11 12 13 14 15 16 17 18 19 20 21 22 23 24 25 26 27 28 29 30 31 32 33 34 35 36 37 38 39 40 41 42 43 44 45,45,3 12 24 27 30 32,6,45,0.13333333333333333,NUMBER_POOL_AVAILABLE,0
DISCOVERY,80,79,1 2 3 4 5 6 7 8 9 10 11 12 13 14 15 16 17 18 19 20 21 22 23 24 25 26 27 28 29 30 31 32 33 34 35 36 37 40 43,39,17 18 24 25 26 30,6,39,0.15384615384615385,NUMBER_POOL_AVAILABLE,0
DISCOVERY,81,80,1 2 3 7 13 18 25 26 29 30 31 32 33 35 36 37 38 40 44,19,5 7 11 13 20 33,3,19,0.15789473684210525,NUMBER_POOL_AVAILABLE,0
DISCOVERY,82,81,1 2 3 6 7 11 12 13 15 16 17 18 19 27 29 30 31 32 33 35 36 37 40 44,24,1 2 3 14 27 42,4,24,0.16666666666666666,NUMBER_POOL_AVAILABLE,0
DISCOVERY,83,82,1 3 6 7 8 10 11 13 14 15 16 18 19 25 26 27 31 33 35 36 37 38 39 40 43 44,26,6 10 15 17 19 34,4,26,0.15384615384615385,NUMBER_POOL_AVAILABLE,0
DISCOVERY,84,83,1 2 3 4 5 6 7 8 15 18 19 21 25 27 29 30 31 32 33 35 36 37 39 40 42 43 44,27,16 23 27 34 42 45,2,27,0.07407407407407407,NUMBER_POOL_AVAILABLE,0
DISCOVERY,85,84,1 2 3 4 5 6 7 8 9 10 11 12 13 14 15 16 17 18 19 20 21 22 23 24 25 26 27 28 29 30 31 32 33 34 35 36 37 38 39 40 41 42 43 44 45,45,6 8 13 23 31 36,6,45,0.13333333333333333,NUMBER_POOL_AVAILABLE,0
DISCOVERY,86,85,2 3 4 5 6 7 11 13 14 15 16 18 19 20 21 25 26 27 31 32 35 36 37 38 39 40 42 44,28,2 12 37 39 41 45,3,28,0.10714285714285714,NUMBER_POOL_AVAILABLE,0
DISCOVERY,87,86,1 2 3 6 7 8 10 11 12 13 14 16 18 19 25 26 27 31 32 33 35 36 37 39 40 42,26,4 12 16 23 34 43,2,26,0.07692307692307693,NUMBER_POOL_AVAILABLE,0
DISCOVERY,88,87,1 2 3 4 7 8 12 13 14 15 16 17 18 19 21 25 26 27 31 32 33 35 36 37 38 39 40 43,28,1 17 20 24 30 41,2,28,0.07142857142857142,NUMBER_POOL_AVAILABLE,0
DISCOVERY,89,88,1 2 3 5 6 7 8 10 11 13 14 15 17 18 19 20 21 24 25 26 27 29 30 31 33 35 36 37 40 41 43 44,32,4 26 28 29 33 40,4,32,0.125,NUMBER_POOL_AVAILABLE,0
DISCOVERY,90,89,1 2 3 4 5 6 7 8 10 13 14 18 19 23 25 26 27 30 31 33 35 37 38 39 40 42 44,27,17 20 29 35 38 44,3,27,0.1111111111111111,NUMBER_POOL_AVAILABLE,0
DISCOVERY,91,90,1 2 3 4 5 6 7 8 9 10 11 12 13 14 15 16 17 18 19 20 21 22 23 24 25 26 27 28 29 30 31 32 33 34 35 36 37 38 39 40 41 42 43 44 45,45,1 21 24 26 29 42,6,45,0.13333333333333333,NUMBER_POOL_AVAILABLE,0
DISCOVERY,92,91,1 2 3 6 7 8 10 19 21 25 26 27 29 30 31 32 33 35 36 37 38 39 40 42 43 44,26,3 14 24 33 35 36,4,26,0.15384615384615385,NUMBER_POOL_AVAILABLE,0
DISCOVERY,93,92,1 2 3 4 5 6 7 8 9 10 11 12 13 14 15 16 17 18 19 20 21 22 23 24 25 26 27 28 29 30 31 32 33 34 35 36 37 38 39 40 41 42 43 44 45,45,6 22 24 36 38 44,6,45,0.13333333333333333,NUMBER_POOL_AVAILABLE,0
DISCOVERY,94,93,1 2 3 4 5 6 7 8 9 10 11 12 13 14 15 16 17 18 19 20 21 22 23 24 25 26 27 28 29 30 31 32 33 34 35 36 37 38 39 40 41 42 43 44 45,45,5 32 34 40 41 45,6,45,0.13333333333333333,NUMBER_POOL_AVAILABLE,0
DISCOVERY,95,94,1 2 3 4 6 7 8 14 17 25 26 30 31 35 36 37 38 39 40 42 43 44,22,8 17 27 31 34 43,4,22,0.18181818181818182,NUMBER_POOL_AVAILABLE,0
DISCOVERY,96,95,1 2 3 4 5 6 7 8 9 10 11 12 13 14 15 16 17 18 19 20 21 22 23 24 25 26 27 28 29 30 31 32 33 34 35 36 37 38 39 40 41 42 43 44 45,45,1 3 8 21 22 31,6,45,0.13333333333333333,NUMBER_POOL_AVAILABLE,0
DISCOVERY,97,96,2 3 4 6 7 8 9 10 11 12 13 14 15 16 17 18 19 20 21 22 23 24 25 26 27 28 29 30 31 32 33 34 35 36 37 38 39 40 41 42 43 44 45,43,6 7 14 15 20 36,6,43,0.13953488372093023,NUMBER_POOL_AVAILABLE,0
DISCOVERY,98,97,1 2 3 4 5 6 7 13 14 15 16 17 18 19 20 21 22 23 24 25 26 27 30 33 34 35 36 37 40 42 44,31,6 9 16 23 24 32,4,31,0.12903225806451613,NUMBER_POOL_AVAILABLE,0
DISCOVERY,99,98,1 2 3 4 5 6 7 8 9 10 11 12 13 14 15 16 17 18 19 20 21 22 23 24 25 26 27 28 29 30 31 32 33 34 35 36 37 38 39 40 41 42 43 44 45,45,1 3 10 27 29 37,6,45,0.13333333333333333,NUMBER_POOL_AVAILABLE,0
DISCOVERY,100,99,1 2 3 4 5 6 7 8 9 10 11 12 13 14 15 16 17 18 19 20 21 22 23 24 25 26 27 28 29 30 31 32 33 34 35 36 37 38 39 40 41 42 43 44 45,45,1 7 11 23 37 42,6,45,0.13333333333333333,NUMBER_POOL_AVAILABLE,0
DISCOVERY,101,100,1 2 3 4 5 6 7 8 9 10 11 12 13 14 15 16 17 18 19 20 21 22 23 24 25 26 27 28 29 30 31 32 33 34 35 36 37 38 39 40 41 42 43 44 45,45,1 3 17 32 35 45,6,45,0.13333333333333333,NUMBER_POOL_AVAILABLE,0
DISCOVERY,102,101,1 2 3 4 6 7 8 9 10 11 12 13 14 15 16 17 18 19 20 21 22 23 24 25 26 27 28 29 30 31 32 33 34 35 36 37 38 39 40 41 42 43 44 45,44,17 22 24 26 35 40,6,44,0.13636363636363635,NUMBER_POOL_AVAILABLE,0
DISCOVERY,103,102,1 2 3 6 7 8 9 10 11 14 15 16 17 18 19 24 25 26 27 29 30 32 33 35 36 37 38 39 40 42 43 44,32,5 14 15 27 30 45,4,32,0.125,NUMBER_POOL_AVAILABLE,0
DISCOVERY,104,103,1 2 3 4 6 7 8 10 12 13 14 15 16 17 18 19 24 25 26 27 29 30 32 33 35 36 37 40 43 44,30,17 32 33 34 42 44,4,30,0.13333333333333333,NUMBER_POOL_AVAILABLE,0
DISCOVERY,105,104,1 2 3 6 8 10 11 13 14 16 17 18 19 23 25 26 27 37 39 40 42 43 45,23,8 10 20 34 41 45,3,23,0.13043478260869565,NUMBER_POOL_AVAILABLE,0
DISCOVERY,106,105,1 2 3 4 5 6 7 8 9 10 11 13 14 15 16 17 18 19 20 21 22 23 24 25 26 27 28 29 30 31 32 33 34 35 36 37 38 39 40 43 44 45,42,4 10 12 22 24 33,5,42,0.11904761904761904,NUMBER_POOL_AVAILABLE,0
DISCOVERY,107,106,1 2 3 4 6 7 8 11 12 13 14 15 16 17 19 21 23 25 27 29 30 31 33 35 37 39 40 42 44,29,1 4 5 6 9 31,4,29,0.13793103448275862,NUMBER_POOL_AVAILABLE,0
DISCOVERY,108,107,1 3 6 12 14 15 17 18 19 23 24 26 27 29 31 32 33 35 36 37 39 42 43 44,24,7 18 22 23 29 44,4,24,0.16666666666666666,NUMBER_POOL_AVAILABLE,0
DISCOVERY,109,108,1 3 4 5 6 7 8 10 12 13 14 15 16 17 18 19 20 21 23 24 25 26 27 29 30 32 33 35 36 37 38 39 40 43 44,35,1 5 34 36 42 44,4,35,0.11428571428571428,NUMBER_POOL_AVAILABLE,0
DISCOVERY,110,109,1 2 4 5 6 7 8 9 10 13 15 18 23 25 26 27 31 32 37 43 45,21,7 20 22 23 29 43,3,21,0.14285714285714285,NUMBER_POOL_AVAILABLE,0
DISCOVERY,111,110,1 2 3 4 6 7 8 11 12 14 15 17 18 19 21 25 26 27 29 30 31 32 35 36 37 38 39 43 44,29,7 18 31 33 36 40,4,29,0.13793103448275862,NUMBER_POOL_AVAILABLE,0
DISCOVERY,112,111,1 3 5 6 7 8 10 12 13 14 15 17 18 19 22 23 24 25 26 27 29 30 32 36 37 38 40 42 44,29,26 29 30 33 41 42,4,29,0.13793103448275862,NUMBER_POOL_AVAILABLE,0
DISCOVERY,113,112,1 6 7 8 14 15 18 19 22 24 25 26 27 29 30 31 32 35 37 38 39 40 43,23,4 9 28 33 36 45,0,23,0.0,NUMBER_POOL_AVAILABLE,0
DISCOVERY,114,113,1 2 3 4 5 6 7 8 12 13 15 18 19 21 22 23 24 25 26 27 29 30 31 32 33 35 36 37 38 39 40 42 43 44,34,11 14 19 26 28 41,2,34,0.058823529411764705,NUMBER_POOL_AVAILABLE,0
DISCOVERY,115,114,1 2 3 5 6 10 12 13 14 16 17 18 19 21 24 25 26 27 29 30 32 35 36 37 38 39 40 42 44,29,1 2 6 9 25 28,4,29,0.13793103448275862,NUMBER_POOL_AVAILABLE,0
DISCOVERY,116,115,2 4 5 6 7 10 14 15 18 19 20 21 22 24 25 26 27 29 30 31 32 33 35 36 37 38 39 40 44,29,2 4 25 31 34 37,5,29,0.1724137931034483,NUMBER_POOL_AVAILABLE,0
DISCOVERY,117,116,1 2 3 4 5 6 7 8 9 10 11 12 13 14 15 18 19 20 21 23 24 25 26 27 28 29 31 32 34 35 36 37 39 40 41 42 43 44 45,39,5 10 22 34 36 44,5,39,0.1282051282051282,NUMBER_POOL_AVAILABLE,0
DISCOVERY,118,117,2 3 4 5 6 7 8 10 12 17 19 20 21 22 24 25 26 27 29 30 31 32 33 35 37 42 43 44,28,3 4 10 17 19 22,6,28,0.21428571428571427,NUMBER_POOL_AVAILABLE,0
DISCOVERY,119,118,1 2 3 4 5 6 7 8 10 11 12 13 14 17 18 19 21 22 23 25 26 27 28 29 30 32 33 35 36 37 38 39 41 42 44 45,36,3 11 13 14 17 21,6,36,0.16666666666666666,NUMBER_POOL_AVAILABLE,0
DISCOVERY,120,119,1 3 4 5 6 7 8 9 10 11 12 14 17 18 19 21 22 24 25 26 27 29 32 36 37 38 39 40 42 44,30,4 6 10 11 32 37,6,30,0.2,NUMBER_POOL_AVAILABLE,0
DISCOVERY,121,120,2 3 6 7 12 13 14 15 17 22 23 26 27 29 31 32 33 35 37 38 39 40 44,23,12 28 30 34 38 43,2,23,0.08695652173913043,NUMBER_POOL_AVAILABLE,0
DISCOVERY,122,121,1 2 3 4 5 6 7 8 10 12 13 14 15 17 23 25 26 27 29 30 32 33 34 35 36 37 38 39 40 43 44 45,32,1 11 16 17 36 40,4,32,0.125,NUMBER_POOL_AVAILABLE,0
DISCOVERY,123,122,1 2 3 4 7 8 10 12 16 17 23 26 27 29 30 31 32 35 36 37 38 39 40 42 44,25,7 17 18 28 30 45,3,25,0.12,NUMBER_POOL_AVAILABLE,0
DISCOVERY,124,123,2 3 4 5 6 7 8 10 13 15 17 18 19 20 22 24 27 30 31 35 36 37 40 42 43 44,26,4 16 23 25 29 42,2,26,0.07692307692307693,NUMBER_POOL_AVAILABLE,0
DISCOVERY,125,124,1 2 3 4 5 6 7 8 9 10 12 13 14 15 17 18 19 20 21 22 23 24 25 26 27 28 29 31 33 35 36 37 38 40 41 42 44 45,38,2 8 32 33 35 36,5,38,0.13157894736842105,NUMBER_POOL_AVAILABLE,0
DISCOVERY,126,125,1 2 3 4 6 7 8 10 12 13 14 15 17 18 19 22 26 27 29 33 35 37 38 40 42 44,26,7 20 22 27 40 43,4,26,0.15384615384615385,NUMBER_POOL_AVAILABLE,0
DISCOVERY,127,126,1 2 3 4 6 7 8 12 13 14 15 16 17 18 19 21 23 24 25 26 27 31 32 33 35 36 37 38 40 45,30,3 5 10 29 32 43,2,30,0.06666666666666667,NUMBER_POOL_AVAILABLE,0
DISCOVERY,128,127,1 2 3 4 5 7 8 9 10 17 22 23 26 27 29 30 31 32 33 35 36 37 38 39 40 42 43 44,28,12 30 34 36 37 45,3,28,0.10714285714285714,NUMBER_POOL_AVAILABLE,0
DISCOVERY,129,128,1 2 3 5 6 7 8 10 12 14 15 17 22 25 26 27 29 32 33 39 43 44,22,19 23 25 28 38 42,1,22,0.045454545454545456,NUMBER_POOL_AVAILABLE,0
DISCOVERY,130,129,2 3 4 5 6 7 9 10 11 13 14 15 16 17 18 19 20 21 22 23 24 25 26 27 28 29 30 31 32 33 35 36 37 38 39 40 41 43 44 45,40,7 19 24 27 42 45,5,40,0.125,NUMBER_POOL_AVAILABLE,0
DISCOVERY,131,130,1 2 3 4 5 6 7 8 9 10 11 12 13 14 15 17 18 20 21 22 23 24 25 26 27 28 29 30 31 32 33 34 35 36 37 38 39 40 41 43 44 45,42,8 10 11 14 15 21,6,42,0.14285714285714285,NUMBER_POOL_AVAILABLE,0
DISCOVERY,132,131,1 2 3 6 7 8 11 14 15 17 19 21 22 23 24 25 26 27 29 30 31 32 33 35 37 38 39 40 42 44,30,3 17 23 34 41 45,3,30,0.1,NUMBER_POOL_AVAILABLE,0
DISCOVERY,133,132,1 2 3 4 5 6 7 8 9 10 12 14 15 17 18 19 21 22 24 25 26 27 29 30 31 32 33 34 35 36 37 38 40 44,34,4 7 15 18 23 26,5,34,0.14705882352941177,NUMBER_POOL_AVAILABLE,0
DISCOVERY,134,133,1 2 3 5 7 8 14 15 17 18 21 23 24 25 26 27 29 30 32 33 34 35 36 38 40 42 43 44 45,29,3 12 20 23 31 35,3,29,0.10344827586206896,NUMBER_POOL_AVAILABLE,0
DISCOVERY,135,134,1 2 3 4 5 6 7 8 9 10 11 12 13 15 16 17 18 21 22 23 24 25 26 27 28 29 30 31 32 33 34 35 36 37 38 39 40 41 43 44,40,6 14 22 28 35 39,5,40,0.125,NUMBER_POOL_AVAILABLE,0
DISCOVERY,136,135,1 2 3 5 6 7 8 9 10 11 12 13 14 15 16 17 18 19 21 22 23 24 25 26 27 28 29 30 31 32 33 34 35 36 37 38 39 40 41 42 43 44 45,43,2 16 30 36 41 42,6,43,0.13953488372093023,NUMBER_POOL_AVAILABLE,0
DISCOVERY,137,136,1 3 4 8 10 12 13 14 15 16 17 18 22 23 26 27 29 30 31 33 34 35 36 37 38 43 45,27,7 9 20 25 36 39,1,27,0.037037037037037035,NUMBER_POOL_AVAILABLE,0
DISCOVERY,138,137,2 3 7 10 13 15 17 18 20 21 22 23 25 26 27 30 31 32 33 35 36 37 38 39 40 42 43 44,28,10 11 27 28 37 39,4,28,0.14285714285714285,NUMBER_POOL_AVAILABLE,0
DISCOVERY,139,138,1 6 7 8 9 10 11 13 14 15 16 17 18 20 21 23 25 26 29 30 31 33 35 36 38 39 40 43 45,29,9 11 15 20 28 43,5,29,0.1724137931034483,NUMBER_POOL_AVAILABLE,0
DISCOVERY,140,139,1 4 6 7 8 10 15 17 18 19 20 21 22 25 26 27 29 30 31 33 35 36 37 38 39 42 44,27,3 13 17 18 19 28,3,27,0.1111111111111111,NUMBER_POOL_AVAILABLE,0
DISCOVERY,141,140,1 2 3 7 8 10 11 17 19 21 22 25 26 27 28 29 31 33 35 36 38 39 40 42 43 44 45,27,8 12 29 31 42 43,5,27,0.18518518518518517,NUMBER_POOL_AVAILABLE,0
DISCOVERY,142,141,1 2 3 7 8 10 11 12 14 15 17 22 23 27 28 29 31 36 37 38 39 43 45,23,12 16 30 34 40 44,1,23,0.043478260869565216,NUMBER_POOL_AVAILABLE,0
DISCOVERY,143,142,1 2 3 6 7 9 10 11 12 15 16 17 19 21 22 26 27 29 30 31 32 33 35 36 37 38 39 40 43 45,30,26 27 28 42 43 45,4,30,0.13333333333333333,NUMBER_POOL_AVAILABLE,0
DISCOVERY,144,143,1 2 3 4 6 7 8 10 11 12 14 15 16 17 20 21 23 26 27 29 31 33 34 35 36 37 39 40 42,29,4 15 17 26 36 37,6,29,0.20689655172413793,NUMBER_POOL_AVAILABLE,0
DISCOVERY,145,144,1 3 5 6 7 8 9 10 11 12 14 15 16 17 18 19 20 22 23 26 27 28 29 30 31 32 33 35 36 37 38 39 40 42 43 44 45,37,2 3 13 20 27 44,4,37,0.10810810810810811,NUMBER_POOL_AVAILABLE,0
DISCOVERY,146,145,1 2 3 6 7 8 10 11 12 13 14 15 16 17 18 19 20 21 23 25 26 27 28 30 32 33 35 36 37 38 42 43 44,33,2 19 27 35 41 42,5,33,0.15151515151515152,NUMBER_POOL_AVAILABLE,0
DISCOVERY,147,146,1 2 3 4 6 7 8 9 10 12 14 15 17 18 19 20 21 25 27 30 33 34 36 37 39 40 43 45,28,4 6 13 21 40 42,4,28,0.14285714285714285,NUMBER_POOL_AVAILABLE,0
DISCOVERY,148,147,1 2 3 7 8 10 11 12 14 15 17 19 21 22 25 26 27 28 30 32 33 34 35 36 37 39 40 42 43 44 45,31,21 25 33 34 35 36,6,31,0.1935483870967742,NUMBER_POOL_AVAILABLE,0
DISCOVERY,149,148,1 3 6 7 8 9 10 12 14 15 17 18 19 20 21 25 26 27 32 33 37 38 40 43 44,25,2 11 21 34 41 42,1,25,0.04,NUMBER_POOL_AVAILABLE,0
DISCOVERY,150,149,1 2 3 4 6 7 8 10 12 14 15 16 17 21 25 26 27 30 32 33 34 35 36 37 40 43 44 45,28,2 18 25 28 37 39,3,28,0.10714285714285714,NUMBER_POOL_AVAILABLE,0
DISCOVERY,151,150,1 2 3 4 6 7 8 11 13 15 16 17 19 20 21 22 25 26 27 29 30 33 34 35 36 37 39 42 43 44 45,31,1 2 10 13 18 19,4,31,0.12903225806451613,NUMBER_POOL_AVAILABLE,0
DISCOVERY,152,151,1 2 3 6 7 8 10 12 15 16 17 19 21 23 25 26 27 28 29 30 36 37 38 42 43,25,1 5 13 26 29 34,3,25,0.12,NUMBER_POOL_AVAILABLE,0
DISCOVERY,153,152,1 2 3 6 7 8 9 10 12 14 15 16 17 18 19 21 25 26 27 29 32 34 35 36 37 41 42 43,28,3 8 11 12 13 36,4,28,0.14285714285714285,NUMBER_POOL_AVAILABLE,0
DISCOVERY,154,153,1 2 3 6 7 8 11 17 20 23 25 26 27 28 29 30 35 36 37 38 39 42 43 44,24,6 19 21 35 40 45,2,24,0.08333333333333333,NUMBER_POOL_AVAILABLE,0
DISCOVERY,155,154,1 2 3 6 7 8 9 10 11 12 13 14 15 16 17 18 19 20 21 25 28 30 32 33 35 36 37 39 40 42 43 45,32,16 19 20 32 33 41,5,32,0.15625,NUMBER_POOL_AVAILABLE,0
DISCOVERY,156,155,1 2 3 6 8 9 10 11 12 13 14 17 19 21 23 25 26 27 30 33 35 36 37 39 40 41 43 45,28,5 18 28 30 42 45,2,28,0.07142857142857142,NUMBER_POOL_AVAILABLE,0
DISCOVERY,157,156,1 2 3 5 6 7 8 10 11 12 14 15 16 17 18 20 25 26 30 31 32 33 34 35 36 39 43 45,28,19 26 30 33 35 39,5,28,0.17857142857142858,NUMBER_POOL_AVAILABLE,0
DISCOVERY,158,157,1 2 3 6 8 11 12 13 14 15 17 18 20 21 25 26 27 29 30 32 36 39 40 42 43 45,26,4 9 13 18 21 34,3,26,0.11538461538461539,NUMBER_POOL_AVAILABLE,0
DISCOVERY,159,158,1 2 3 5 6 7 10 11 12 13 15 16 17 18 19 20 21 25 26 27 28 29 30 33 34 35 37 38 42 43,30,1 18 30 41 42 43,5,30,0.16666666666666666,NUMBER_POOL_AVAILABLE,0
DISCOVERY,160,159,1 2 3 4 6 8 9 10 11 12 14 15 17 18 20 23 27 28 35 36 37 43,22,3 7 8 34 39 41,2,22,0.09090909090909091,NUMBER_POOL_AVAILABLE,0
DISCOVERY,161,160,1 2 3 7 11 14 15 17 19 27 29 32 33 34 35 36 37 38 39 40 42 43 45,23,22 34 36 40 42 45,5,23,0.21739130434782608,NUMBER_POOL_AVAILABLE,0
DISCOVERY,162,161,1 3 4 6 7 8 9 10 15 17 18 19 21 24 25 26 27 30 33 35 36 37 38 39 40 43,26,1 5 21 25 38 41,4,26,0.15384615384615385,NUMBER_POOL_AVAILABLE,0
DISCOVERY,163,162,1 2 3 5 7 14 16 21 24 25 26 27 32 33 34 35 36 38 40 43 45,21,7 11 26 28 29 44,2,21,0.09523809523809523,NUMBER_POOL_AVAILABLE,0
DISCOVERY,164,163,1 3 4 6 7 8 11 12 13 14 17 18 19 20 23 25 26 27 28 30 35 36 37 38 40 42 43 44,28,6 9 10 11 39 41,2,28,0.07142857142857142,NUMBER_POOL_AVAILABLE,0
DISCOVERY,165,164,1 2 3 7 8 11 12 13 15 17 18 19 26 27 29 30 34 36 38 40 42 43 45,23,5 13 18 19 22 42,4,23,0.17391304347826086,NUMBER_POOL_AVAILABLE,0
DISCOVERY,166,165,1 2 3 5 6 7 8 9 10 11 12 13 14 15 16 17 18 19 20 21 23 24 25 26 27 28 30 32 33 34 35 36 37 39 40 41 42 43,38,9 12 27 36 39 45,5,38,0.13157894736842105,NUMBER_POOL_AVAILABLE,0
DISCOVERY,167,166,1 3 4 6 7 8 9 10 11 12 13 14 15 17 18 19 20 21 23 26 27 29 30 31 32 33 34 35 36 37 38 39 40 42 43 44 45,37,24 27 28 30 36 39,4,37,0.10810810810810811,NUMBER_POOL_AVAILABLE,0
DISCOVERY,168,167,1 2 3 4 5 6 7 8 9 10 11 12 13 15 17 19 21 24 25 27 28 30 32 34 35 36 38 39 40 41 43 45,32,3 10 31 40 42 43,4,32,0.125,NUMBER_POOL_AVAILABLE,0
DISCOVERY,169,168,1 2 3 4 6 7 8 10 16 17 18 20 23 26 27 28 30 35 36 39 40 42 43,23,16 27 35 37 43 45,4,23,0.17391304347826086,NUMBER_POOL_AVAILABLE,0
DISCOVERY,170,169,1 3 4 6 8 9 10 11 12 13 14 17 18 19 20 21 23 25 27 28 29 30 31 32 33 34 35 36 37 39 40 42 43 44,34,2 11 13 15 31 42,4,34,0.11764705882352941,NUMBER_POOL_AVAILABLE,0
DISCOVERY,171,170,1 2 4 6 7 11 13 16 17 19 22 26 30 32 33 34 35 36 37 41 42 43 45,23,4 16 25 29 34 35,4,23,0.17391304347826086,NUMBER_POOL_AVAILABLE,0
DISCOVERY,172,171,1 2 3 5 6 7 8 9 10 11 12 13 15 16 17 18 19 21 23 25 26 27 29 30 32 33 35 36 38 39 40 41 42 43,34,4 19 21 24 26 41,4,34,0.11764705882352941,NUMBER_POOL_AVAILABLE,0
DISCOVERY,173,172,1 2 3 4 5 6 10 12 14 17 18 19 24 27 29 30 32 33 34 36 37 41 42 45,24,3 9 24 30 33 34,5,24,0.20833333333333334,NUMBER_POOL_AVAILABLE,0
DISCOVERY,174,173,1 2 3 4 5 6 7 9 10 11 12 13 15 17 18 19 21 23 24 25 26 27 29 30 32 34 35 36 38 39 40 41 42 43 45,35,13 14 18 22 35 39,4,35,0.11428571428571428,NUMBER_POOL_AVAILABLE,0
DISCOVERY,175,174,1 2 3 4 6 7 8 9 10 13 14 19 21 22 24 25 26 27 28 29 30 32 33 34 35 36 37 38 39 40 41 42 43 44,34,19 26 28 31 33 36,5,34,0.14705882352941177,NUMBER_POOL_AVAILABLE,0
DISCOVERY,176,175,2 3 7 10 11 13 15 17 18 19 20 21 23 25 26 27 28 30 32 34 35 36 43,23,4 17 30 32 33 34,4,23,0.17391304347826086,NUMBER_POOL_AVAILABLE,0
DISCOVERY,177,176,1 2 3 4 5 6 9 10 11 12 13 15 16 17 18 20 24 26 27 28 30 33 34 36 37 42 43,27,1 10 13 16 37 43,6,27,0.2222222222222222,NUMBER_POOL_AVAILABLE,0
DISCOVERY,178,177,1 2 3 7 11 12 13 15 16 17 18 20 23 25 27 29 30 32 33 34 35 36 40 42 43 45,26,1 5 11 12 18 23,5,26,0.19230769230769232,NUMBER_POOL_AVAILABLE,0
DISCOVERY,179,178,1 2 3 5 13 15 16 17 18 19 21 22 24 25 26 27 28 30 31 36 37 42 43 45,24,5 9 17 25 39 43,4,24,0.16666666666666666,NUMBER_POOL_AVAILABLE,0
DISCOVERY,180,179,1 3 5 6 7 9 10 11 12 13 15 17 18 19 21 22 23 24 25 26 27 28 29 30 31 32 33 35 36 38 39 40 41 42 43 45,36,2 15 20 21 29 34,3,36,0.08333333333333333,NUMBER_POOL_AVAILABLE,0
DISCOVERY,181,180,1 2 3 4 5 6 7 8 9 10 11 12 13 14 15 17 18 19 20 22 23 24 27 29 30 32 33 34 35 36 37 40 42 43 44 45,36,14 21 23 32 40 45,5,36,0.1388888888888889,NUMBER_POOL_AVAILABLE,0
DISCOVERY,182,181,1 3 4 7 9 10 11 12 13 17 18 20 21 22 23 24 27 29 30 31 32 33 34 35 36 38 39 40 42 43 44,31,13 15 27 29 34 40,5,31,0.16129032258064516,NUMBER_POOL_AVAILABLE,0
DISCOVERY,183,182,1 2 3 11 13 14 15 16 17 19 20 21 22 23 24 26 27 30 32 33 35 41 43 44 45,25,2 18 24 34 40 42,2,25,0.08,NUMBER_POOL_AVAILABLE,0
DISCOVERY,184,183,1 2 3 5 6 7 8 9 10 12 13 15 17 18 19 21 22 23 24 25 26 27 28 29 30 31 32 33 34 35 36 38 39 40 41 42 45,37,1 2 6 16 20 33,4,37,0.10810810810810811,NUMBER_POOL_AVAILABLE,0
DISCOVERY,185,184,1 2 3 5 6 7 9 10 11 13 14 15 16 19 20 21 22 23 24 25 26 29 30 31 32 33 34 35 36 37 38 39 42 43,34,1 2 4 8 19 38,4,34,0.11764705882352941,NUMBER_POOL_AVAILABLE,0
DISCOVERY,186,185,2 4 5 8 10 11 12 13 15 16 17 18 19 20 21 22 24 26 32 33 34 35 36 43,24,4 10 14 19 21 45,4,24,0.16666666666666666,NUMBER_POOL_AVAILABLE,0
DISCOVERY,187,186,1 3 4 5 6 7 8 9 11 12 13 14 16 18 20 21 23 24 25 27 28 29 30 32 33 34 35 36 39 42 43,31,1 2 8 18 29 38,4,31,0.12903225806451613,NUMBER_POOL_AVAILABLE,0
DISCOVERY,188,187,2 3 4 5 6 8 10 12 13 15 17 18 19 20 21 25 27 28 29 33 34 35 36 40 42 43 45,27,19 24 27 30 31 34,3,27,0.1111111111111111,NUMBER_POOL_AVAILABLE,0
DISCOVERY,189,188,1 2 3 4 7 8 9 10 13 14 17 18 19 21 24 25 26 27 30 32 34 35 36 40 43,25,8 14 32 35 37 45,4,25,0.16,NUMBER_POOL_AVAILABLE,0
DISCOVERY,190,189,1 2 3 4 5 6 8 9 10 11 12 13 16 17 18 20 21 26 27 29 30 33 34 35 36 37 41 42 44,29,8 14 18 30 31 44,4,29,0.13793103448275862,NUMBER_POOL_AVAILABLE,0
DISCOVERY,191,190,1 2 3 4 5 6 7 8 9 10 11 12 16 17 18 19 20 21 23 24 27 29 30 31 32 33 34 35 36 37 39 41 42,33,5 6 24 25 32 37,5,33,0.15151515151515152,NUMBER_POOL_AVAILABLE,0
DISCOVERY,192,191,1 2 3 6 8 9 10 14 15 17 21 24 26 27 28 31 33 34 35 36 39 40 42 43 44 45,26,4 8 11 18 37 45,2,26,0.07692307692307693,NUMBER_POOL_AVAILABLE,0
DISCOVERY,193,192,1 2 3 4 5 7 8 9 10 11 12 13 14 16 17 18 20 21 22 23 24 25 29 31 32 33 34 35 36 38 39 40 41 42 43 44,36,6 14 18 26 36 39,4,36,0.1111111111111111,NUMBER_POOL_AVAILABLE,0
DISCOVERY,194,193,1 3 4 5 6 7 8 9 10 11 12 13 14 17 18 19 22 25 26 27 30 31 32 33 34 35 36 37 39 40 42 43 44 45,34,15 20 23 26 39 44,3,34,0.08823529411764706,NUMBER_POOL_AVAILABLE,0
DISCOVERY,195,194,3 4 5 6 8 9 10 11 12 13 14 18 19 20 21 23 25 26 27 28 29 30 31 33 34 35 36 38 41 42 43 44,32,7 10 19 22 35 40,3,32,0.09375,NUMBER_POOL_AVAILABLE,0
DISCOVERY,196,195,1 2 3 4 5 6 7 8 10 11 12 13 15 16 17 18 19 20 21 23 24 25 26 27 28 29 30 33 34 35 36 37 40 41 42 43 45,37,35 36 37 41 44 45,5,37,0.13513513513513514,NUMBER_POOL_AVAILABLE,0
DISCOVERY,197,196,2 7 8 9 10 11 12 14 15 17 18 19 20 21 25 26 27 28 29 30 32 33 34 36 37 39 40 44,28,7 12 16 34 42 45,3,28,0.10714285714285714,NUMBER_POOL_AVAILABLE,0
DISCOVERY,198,197,1 2 3 4 5 6 7 8 9 11 12 13 14 16 17 18 20 21 22 23 24 25 26 27 29 30 31 33 34 35 36 37 39 40 41 42 43,37,12 19 20 25 41 45,4,37,0.10810810810810811,NUMBER_POOL_AVAILABLE,0
DISCOVERY,199,198,1 2 3 4 5 6 7 8 9 10 11 12 13 14 15 16 17 18 19 20 21 22 23 24 26 27 28 29 30 32 33 34 35 36 37 38 40 42 43 44 45,41,14 21 22 25 30 36,5,41,0.12195121951219512,NUMBER_POOL_AVAILABLE,0
DISCOVERY,200,199,1 2 4 7 10 11 12 13 14 16 17 18 21 25 26 27 30 31 34 35 36 37 40 42 43 44,26,5 6 13 14 17 20,3,26,0.11538461538461539,NUMBER_POOL_AVAILABLE,0
DISCOVERY,201,200,1 2 3 8 9 11 13 14 18 19 21 22 23 25 26 29 30 32 35 36 37 40 42 43 44 45,26,3 11 24 38 39 44,3,26,0.11538461538461539,NUMBER_POOL_AVAILABLE,0
DISCOVERY,202,201,1 2 3 4 6 7 8 9 10 11 12 13 14 15 17 18 19 21 24 25 26 27 28 30 33 34 35 39 40 42 43,31,12 14 27 33 39 44,5,31,0.16129032258064516,NUMBER_POOL_AVAILABLE,0
DISCOVERY,203,202,1 2 4 7 8 9 10 11 12 13 14 15 16 18 19 20 21 22 23 24 25 26 27 28 29 30 31 32 33 34 35 36 38 39 40 41 42 43 44 45,40,1 3 11 24 30 32,5,40,0.125,NUMBER_POOL_AVAILABLE,0
DISCOVERY,204,203,1 2 4 7 8 10 11 12 13 14 15 17 18 19 21 24 25 26 27 30 33 34 35 36 39 40 42 43 44 45,30,3 12 14 35 40 45,5,30,0.16666666666666666,NUMBER_POOL_AVAILABLE,0
DISCOVERY,205,204,1 2 3 4 5 7 8 9 10 11 12 13 14 15 16 17 18 19 20 22 23 26 27 29 30 31 33 34 35 39 40 42 43 44,34,1 3 21 29 35 37,4,34,0.11764705882352941,NUMBER_POOL_AVAILABLE,0
DISCOVERY,206,205,1 2 3 4 5 6 7 10 12 13 15 18 19 21 24 25 26 27 30 31 32 33 34 35 36 37 39 42 43 45,30,1 2 3 15 20 25,5,30,0.16666666666666666,NUMBER_POOL_AVAILABLE,0
DISCOVERY,207,206,1 2 3 11 12 13 14 15 16 17 18 19 20 21 25 27 29 30 33 35 36 37 39 40 42,25,3 11 14 31 32 37,4,25,0.16,NUMBER_POOL_AVAILABLE,0
DISCOVERY,208,207,1 2 3 4 6 7 8 9 10 11 12 13 14 15 16 17 18 19 20 22 23 25 26 28 29 30 31 34 35 39 40 42 43 44 45,35,14 25 31 34 40 44,6,35,0.17142857142857143,NUMBER_POOL_AVAILABLE,0
DISCOVERY,209,208,1 2 3 4 7 8 9 11 12 13 14 17 18 19 20 21 25 27 30 32 33 34 35 36 37 38 40 42,28,2 7 18 20 24 33,5,28,0.17857142857142858,NUMBER_POOL_AVAILABLE,0
DISCOVERY,210,209,1 2 3 7 8 11 13 14 15 16 17 18 19 20 21 25 27 28 30 31 33 34 35 36 37 39 42 43 44 45,30,10 19 22 23 25 37,3,30,0.1,NUMBER_POOL_AVAILABLE,0
DISCOVERY,211,210,1 2 3 4 6 7 8 9 10 12 13 14 18 19 20 21 25 27 30 32 33 35 39 43,24,12 13 17 20 33 41,4,24,0.16666666666666666,NUMBER_POOL_AVAILABLE,0
DISCOVERY,212,211,1 2 4 6 8 10 12 14 17 18 19 21 24 25 26 28 30 31 33 34 35 36 37 38 39 42,26,11 12 18 21 31 38,5,26,0.19230769230769232,NUMBER_POOL_AVAILABLE,0
DISCOVERY,213,212,1 2 3 4 6 8 10 15 17 18 19 20 21 24 25 26 30 31 33 34 35 36 37 39 42 43 44 45,28,2 3 4 5 20 24,5,28,0.17857142857142858,NUMBER_POOL_AVAILABLE,0
DISCOVERY,214,213,1 2 3 8 9 10 11 12 13 14 15 18 19 20 21 24 25 27 30 32 33 34 35 38 39 42 43,27,5 7 20 25 28 37,2,27,0.07407407407407407,NUMBER_POOL_AVAILABLE,0
DISCOVERY,215,214,1 2 3 4 5 8 12 13 14 17 18 19 20 21 25 27 28 30 33 35 36 37 39 42 43 44 45,27,2 3 7 15 43 44,4,27,0.14814814814814814,NUMBER_POOL_AVAILABLE,0
DISCOVERY,216,215,2 4 8 10 11 12 13 14 16 17 18 19 20 21 24 25 26 27 29 30 32 33 35 37 38 40 42,27,7 16 17 33 36 40,4,27,0.14814814814814814,NUMBER_POOL_AVAILABLE,0
DISCOVERY,217,216,1 2 3 6 8 11 13 15 16 18 19 20 21 25 30 32 34 35 36 37 39 42 43 44 45,25,16 20 27 33 35 39,4,25,0.16,NUMBER_POOL_AVAILABLE,0
DISCOVERY,218,217,1 2 3 4 7 8 11 13 14 16 17 18 19 20 21 25 26 27 28 30 33 35 36 39 40 42 43,27,1 8 14 18 29 44,4,27,0.14814814814814814,NUMBER_POOL_AVAILABLE,0
DISCOVERY,219,218,1 2 3 5 8 9 10 11 12 13 14 15 16 17 18 19 20 21 22 23 24 25 26 27 28 29 30 31 32 33 34 35 36 37 39 41 42 45,38,4 11 20 26 35 37,5,38,0.13157894736842105,NUMBER_POOL_AVAILABLE,0
DISCOVERY,220,219,1 2 3 4 6 7 8 11 12 13 14 15 16 17 18 19 20 21 22 23 24 25 27 30 31 32 33 34 35 36 37 39 41 42 43 44 45,37,5 11 19 21 34 43,5,37,0.13513513513513514,NUMBER_POOL_AVAILABLE,0
DISCOVERY,221,220,1 2 3 4 5 7 8 9 11 12 13 14 16 18 19 20 21 22 23 24 25 26 27 30 32 33 35 36 37 39 41 42 43 44 45,35,2 20 33 35 37 40,5,35,0.14285714285714285,NUMBER_POOL_AVAILABLE,0
DISCOVERY,222,221,1 2 3 4 8 11 12 13 14 15 16 17 18 19 20 21 24 25 26 27 29 30 33 34 35 36 39 40 42 43 44 45,32,5 7 28 29 39 43,3,32,0.09375,NUMBER_POOL_AVAILABLE,0
DISCOVERY,223,222,1 2 3 4 5 8 10 12 13 14 16 17 18 19 20 21 25 27 30 31 32 33 34 35 36 37 39 42 43 44,30,1 3 18 20 26 27,5,30,0.16666666666666666,NUMBER_POOL_AVAILABLE,0
DISCOVERY,224,223,1 2 5 7 8 11 13 14 16 18 19 21 25 26 27 31 32 33 34 35 36 37 39 41 42 43 44 45,28,4 19 26 27 30 42,4,28,0.14285714285714285,NUMBER_POOL_AVAILABLE,0
DISCOVERY,225,224,2 3 8 11 13 14 15 18 19 20 21 26 30 31 32 33 34 35 36 37 39 42 44,23,5 11 13 19 31 36,5,23,0.21739130434782608,NUMBER_POOL_AVAILABLE,0
DISCOVERY,226,225,1 2 3 5 7 8 12 13 14 16 17 18 19 20 21 24 25 26 27 29 30 32 33 34 35 36 37 39 42 43 44 45,32,2 6 8 14 21 22,4,32,0.125,NUMBER_POOL_AVAILABLE,0
DISCOVERY,227,226,1 2 3 5 6 8 9 11 12 13 14 15 16 17 18 19 20 21 22 23 24 25 26 27 29 30 31 32 33 34 35 36 37 38 39 41 42 44 45,39,4 5 15 16 22 42,5,39,0.1282051282051282,NUMBER_POOL_AVAILABLE,0
DISCOVERY,228,227,1 2 3 5 7 8 11 12 13 14 16 18 19 20 21 24 25 26 30 31 33 35 36 37 39 42 44,27,17 25 35 36 39 44,5,27,0.18518518518518517,NUMBER_POOL_AVAILABLE,0
DISCOVERY,229,228,1 2 3 7 8 13 14 15 16 18 19 20 21 26 27 30 33 34 35 37 39 42 43 44,24,4 5 9 11 23 38,0,24,0.0,NUMBER_POOL_AVAILABLE,0
DISCOVERY,230,229,1 2 3 4 8 11 12 13 14 15 16 17 18 19 21 24 25 26 30 31 33 34 35 36 37 39 41 42 43 44 45,31,5 11 14 29 32 33,3,31,0.0967741935483871,NUMBER_POOL_AVAILABLE,0
DISCOVERY,231,230,1 2 3 4 5 7 8 11 13 14 17 18 19 20 21 24 25 27 30 33 34 35 37 39 42 43 44 45,28,5 10 19 31 44 45,4,28,0.14285714285714285,NUMBER_POOL_AVAILABLE,0
DISCOVERY,232,231,1 2 3 4 5 7 8 11 12 13 14 15 16 18 19 20 21 25 27 30 31 33 34 35 36 39 40 42 44,29,8 9 10 12 24 44,3,29,0.10344827586206896,NUMBER_POOL_AVAILABLE,0
DISCOVERY,233,232,1 2 3 4 5 11 12 13 14 15 16 17 18 19 20 21 24 25 26 30 31 32 33 34 35 36 37 42,28,4 6 13 17 28 40,3,28,0.10714285714285714,NUMBER_POOL_AVAILABLE,0
DISCOVERY,234,233,1 3 4 7 8 10 11 12 13 14 16 18 19 20 25 26 27 28 30 31 33 34 35 36 38 39 42 43 45,29,13 21 22 24 26 37,2,29,0.06896551724137931,NUMBER_POOL_AVAILABLE,0
DISCOVERY,235,234,1 2 3 4 5 6 7 8 10 11 12 13 14 16 17 18 19 21 24 26 27 30 33 34 36 37 39 42,28,21 22 26 27 31 37,4,28,0.14285714285714285,NUMBER_POOL_AVAILABLE,0
DISCOVERY,236,235,1 2 4 6 8 10 15 17 18 19 21 26 31 33 34 35 36 37 39 42,20,1 4 8 13 37 39,5,20,0.25,NUMBER_POOL_AVAILABLE,0
DISCOVERY,237,236,1 2 3 4 5 10 11 12 13 16 17 18 19 20 21 24 26 29 33 35 36 38 39 42 44,25,1 11 17 21 24 44,6,25,0.24,NUMBER_POOL_AVAILABLE,0
DISCOVERY,238,237,1 2 3 4 7 8 11 12 13 14 18 19 20 21 24 27 31 33 34 35 36 37 42,23,2 4 15 28 31 34,4,23,0.17391304347826086,NUMBER_POOL_AVAILABLE,0
DISCOVERY,239,238,1 2 3 4 5 11 12 13 14 16 17 18 19 21 24 25 27 30 33 37 39 40 42 43 44 45,26,11 15 24 39 41 44,4,26,0.15384615384615385,NUMBER_POOL_AVAILABLE,0
DISCOVERY,240,239,1 2 3 4 8 9 10 12 13 14 17 18 19 20 21 22 23 24 25 26 27 28 29 30 31 33 34 35 37 38 39 40 41 42 43 44 45,37,6 10 16 40 41 43,4,37,0.10810810810810811,NUMBER_POOL_AVAILABLE,0
DISCOVERY,241,240,1 2 3 4 5 7 8 11 12 13 14 15 16 17 18 19 20 21 24 25 26 30 31 33 34 35 37,27,2 16 24 27 28 35,4,27,0.14814814814814814,NUMBER_POOL_AVAILABLE,0
DISCOVERY,242,241,1 2 3 4 6 7 8 9 11 12 13 14 16 17 18 19 20 21 22 23 25 26 27 32 33 34 35 36 37 39 42 43 44 45,34,4 19 20 21 32 34,6,34,0.17647058823529413,NUMBER_POOL_AVAILABLE,0
DISCOVERY,243,242,1 2 3 4 5 6 8 10 11 13 16 18 19 20 21 24 25 26 28 30 33 34 35 36 37 39 42,27,2 12 17 19 28 42,4,27,0.14814814814814814,NUMBER_POOL_AVAILABLE,0
DISCOVERY,244,243,1 2 3 4 6 8 9 10 11 12 13 14 15 16 18 19 20 21 22 23 24 25 26 27 28 29 31 32 33 34 35 36 37 38 39 41 42 43 44 45,40,13 16 25 36 37 38,6,40,0.15,NUMBER_POOL_AVAILABLE,0
DISCOVERY,245,244,1 2 3 4 7 8 11 12 13 14 16 18 19 21 24 25 27 28 31 33 34 36 37 42 43 44 45,27,9 11 27 31 32 38,3,27,0.1111111111111111,NUMBER_POOL_AVAILABLE,0
DISCOVERY,246,245,1 2 4 6 8 11 12 13 14 16 17 18 19 21 25 26 27 33 34 35 36 39 42,23,13 18 21 23 26 39,5,23,0.21739130434782608,NUMBER_POOL_AVAILABLE,0
DISCOVERY,247,246,2 7 8 11 14 17 18 19 20 21 25 26 27 32 33 34 36 37 39 42,20,12 15 28 36 39 40,2,20,0.1,NUMBER_POOL_AVAILABLE,0
DISCOVERY,248,247,1 2 7 11 12 13 14 16 17 18 19 20 21 24 25 26 27 28 31 33 34 35 36 37 39 42 44,27,3 8 17 23 38 45,1,27,0.037037037037037035,NUMBER_POOL_AVAILABLE,0
DISCOVERY,249,248,1 2 3 4 7 8 11 12 13 14 16 18 19 20 21 24 25 26 27 28 30 31 32 33 34 35 36 37 39 42 44,31,3 8 27 31 41 44,5,31,0.16129032258064516,NUMBER_POOL_AVAILABLE,0
DISCOVERY,250,249,1 2 3 4 7 8 11 12 13 14 15 16 17 18 19 24 26 27 28 31 33 34 35 36 37 42 44,27,19 23 30 37 43 45,2,27,0.07407407407407407,NUMBER_POOL_AVAILABLE,0
DISCOVERY,251,250,1 2 4 7 8 11 12 13 14 15 18 19 20 21 25 26 27 30 31 33 34 35 36 37 38 39,26,6 7 19 25 28 38,4,26,0.15384615384615385,NUMBER_POOL_AVAILABLE,0
DISCOVERY,252,251,1 2 3 4 5 6 7 8 11 12 13 14 15 16 17 18 19 20 21 23 24 25 26 27 29 30 31 32 33 34 35 36 37 38 39 41 42 44 45,39,14 23 26 31 39 45,6,39,0.15384615384615385,NUMBER_POOL_AVAILABLE,0
DISCOVERY,253,252,1 3 4 6 7 8 11 12 13 14 15 16 17 18 19 21 23 25 26 28 29 30 33 34 35 37 38 39 41 44,30,8 19 25 31 34 36,4,30,0.13333333333333333,NUMBER_POOL_AVAILABLE,0
DISCOVERY,254,253,2 3 4 8 10 11 13 14 15 18 19 20 21 24 25 26 27 30 31 33 34 36 37 38 43 45,26,1 5 19 20 24 30,4,26,0.15384615384615385,NUMBER_POOL_AVAILABLE,0
DISCOVERY,255,254,1 2 3 4 5 7 8 11 14 16 18 19 20 21 25 27 28 31 33 34 35 37 38 39 44,25,1 5 6 24 27 42,3,25,0.12,NUMBER_POOL_AVAILABLE,0
DISCOVERY,256,255,1 2 3 4 5 7 8 11 14 16 17 20 21 24 25 26 27 28 30 31 34 36 37 39 42 44,26,4 11 14 21 23 43,4,26,0.15384615384615385,NUMBER_POOL_AVAILABLE,0
DISCOVERY,257,256,1 2 3 4 5 7 8 10 11 12 13 14 16 18 19 21 23 24 26 27 28 30 31 34 35 36 37 39,28,6 13 27 31 32 37,4,28,0.14285714285714285,NUMBER_POOL_AVAILABLE,0
DISCOVERY,258,257,1 2 3 4 5 6 8 11 13 14 15 16 18 19 21 22 23 24 25 26 27 29 30 31 32 33 34 35 37 38 39 41 42 43 44 45,36,14 27 30 31 38 40,5,36,0.1388888888888889,NUMBER_POOL_AVAILABLE,0
DISCOVERY,259,258,1 2 4 7 8 11 13 14 16 18 19 20 21 24 27 31 34 35 36 37 38 39 42 44 45,25,4 5 14 35 42 45,5,25,0.2,NUMBER_POOL_AVAILABLE,0
DISCOVERY,260,259,1 2 3 4 5 7 8 11 13 14 15 16 17 19 27 31 33 34 35 37 38 39 42 44 45,25,7 12 15 24 37 40,3,25,0.12,NUMBER_POOL_AVAILABLE,0
DISCOVERY,261,260,1 4 8 9 10 11 12 13 14 15 16 18 19 21 22 23 24 25 27 28 29 30 31 32 33 34 35 37 39 42 43 44,32,6 11 16 18 31 43,5,32,0.15625,NUMBER_POOL_AVAILABLE,0
DISCOVERY,262,261,1 2 3 4 5 7 8 11 12 13 14 15 18 19 20 24 27 31 32 34 35 36 37 38 39 40 43,27,9 12 24 25 29 31,3,27,0.1111111111111111,NUMBER_POOL_AVAILABLE,0
DISCOVERY,263,262,1 2 3 4 6 7 8 9 11 12 13 14 15 16 17 19 21 22 24 25 26 27 29 31 33 34 35 37 39 41 42 43 44,33,1 27 28 32 37 40,3,33,0.09090909090909091,NUMBER_POOL_AVAILABLE,0
DISCOVERY,264,263,1 2 4 6 8 11 13 14 15 16 17 19 20 21 22 23 24 27 28 29 31 34 35 36 37 38 39 41 44 45,30,9 16 27 36 41 44,5,30,0.16666666666666666,NUMBER_POOL_AVAILABLE,0
DISCOVERY,265,264,1 2 3 4 5 7 8 9 11 13 14 15 17 19 20 21 22 23 24 25 27 28 29 30 31 34 36 37 39 40 42 44 45,33,5 9 34 37 38 39,5,33,0.15151515151515152,NUMBER_POOL_AVAILABLE,0
DISCOVERY,266,265,1 2 3 4 5 6 7 8 11 12 13 14 15 16 17 19 21 24 25 27 29 31 34 35 36 37 38 43 44,29,3 4 9 11 22 42,3,29,0.10344827586206896,NUMBER_POOL_AVAILABLE,0
DISCOVERY,267,266,1 2 4 5 7 8 9 11 12 13 14 15 16 19 21 22 23 24 25 27 30 31 34 35 37 38 39 40 44 45,30,7 8 24 34 36 41,4,30,0.13333333333333333,NUMBER_POOL_AVAILABLE,0
DISCOVERY,268,267,1 2 3 4 5 6 9 10 11 12 13 18 19 21 22 23 24 25 28 29 30 33 34 35 36 37 38 39 42 43 44 45,32,3 10 19 24 32 45,5,32,0.15625,NUMBER_POOL_AVAILABLE,0
DISCOVERY,269,268,1 2 3 4 7 8 10 11 12 13 14 15 16 18 19 20 21 22 24 25 27 28 29 30 31 34 35 37 38 39 41 43 44 45,34,5 18 20 36 42 43,3,34,0.08823529411764706,NUMBER_POOL_AVAILABLE,0
DISCOVERY,270,269,1 2 3 4 5 6 7 8 9 13 14 17 18 19 20 21 24 25 28 29 32 33 34 35 37 38 39 44 45,29,5 9 12 20 21 26,4,29,0.13793103448275862,NUMBER_POOL_AVAILABLE,0
DISCOVERY,271,270,1 2 3 4 5 7 8 11 12 14 17 18 19 20 21 25 31 33 35 37 43 44,22,3 8 9 27 29 40,2,22,0.09090909090909091,NUMBER_POOL_AVAILABLE,0
DISCOVERY,272,271,1 2 3 4 5 6 11 12 17 18 19 20 24 26 27 31 32 33 34 35 37 38 39,23,7 9 12 27 39 43,3,23,0.13043478260869565,NUMBER_POOL_AVAILABLE,0
DISCOVERY,273,272,1 2 3 4 6 8 11 12 14 15 16 17 19 20 22 23 24 27 29 31 32 34 35 36 37 39 40 43 44,29,1 8 24 31 34 44,6,29,0.20689655172413793,NUMBER_POOL_AVAILABLE,0
DISCOVERY,274,273,1 2 3 4 5 8 12 17 19 24 25 27 32 33 34 35 38 39 43,19,13 14 15 26 35 39,2,19,0.10526315789473684,NUMBER_POOL_AVAILABLE,0
DISCOVERY,275,274,1 2 4 5 7 8 11 14 19 20 24 25 26 27 30 31 32 33 34 36 37 39 43 44,24,14 19 20 35 38 40,3,24,0.125,NUMBER_POOL_AVAILABLE,0
DISCOVERY,276,275,4 7 11 12 14 17 20 25 26 27 30 31 32 34 35 37 38 39,18,4 15 21 33 39 41,2,18,0.1111111111111111,NUMBER_POOL_AVAILABLE,0
DISCOVERY,277,276,2 3 4 5 6 7 8 11 14 15 17 19 20 21 22 24 27 28 29 30 31 32 33 34 35 37 38 39 42 43 44,31,10 12 13 15 25 29,2,31,0.06451612903225806,NUMBER_POOL_AVAILABLE,0
DISCOVERY,278,277,1 4 5 7 8 11 15 19 20 21 25 26 27 30 31 32 33 34 36 37 38 43 44,23,3 11 37 39 41 43,3,23,0.13043478260869565,NUMBER_POOL_AVAILABLE,0
DISCOVERY,279,278,2 3 5 7 8 12 13 14 16 17 18 19 20 21 24 26 27 29 30 31 32 33 36 37 38 39 42,27,7 16 31 36 37 38,6,27,0.2222222222222222,NUMBER_POOL_AVAILABLE,0
DISCOVERY,280,279,1 2 5 8 11 12 13 14 16 18 19 20 31 34 35 43 44,17,10 11 23 24 36 37,1,17,0.058823529411764705,NUMBER_POOL_AVAILABLE,0
DISCOVERY,281,280,3 4 5 7 8 10 11 13 14 15 17 19 20 21 25 26 27 31 34 35 37 38 40 42 44,25,1 3 4 6 14 41,3,25,0.12,NUMBER_POOL_AVAILABLE,0
DISCOVERY,282,281,1 3 4 7 8 11 12 13 14 16 18 19 20 21 24 26 29 31 33 35 36 38 39 40,24,2 5 10 18 31 32,2,24,0.08333333333333333,NUMBER_POOL_AVAILABLE,0
DISCOVERY,283,282,1 2 3 4 5 6 7 8 9 10 11 12 13 14 19 20 21 22 23 24 25 27 28 29 30 31 32 33 34 35 36 37 39 41 43 44,36,6 8 18 31 38 45,3,36,0.08333333333333333,NUMBER_POOL_AVAILABLE,0
DISCOVERY,284,283,1 2 3 4 5 7 8 11 12 14 15 19 20 21 25 26 27 29 30 31 32 33 34 37 39,25,2 7 15 24 30 45,4,25,0.16,NUMBER_POOL_AVAILABLE,0
DISCOVERY,285,284,2 3 4 7 8 9 11 12 14 15 17 19 20 22 23 24 25 26 27 33 34 35 37 38 39 41 42 43 44 45,30,13 33 37 40 41 45,4,30,0.13333333333333333,NUMBER_POOL_AVAILABLE,0
DISCOVERY,286,285,2 3 5 6 7 8 11 12 13 14 15 19 20 21 24 25 26 27 29 30 31 32 34 35 37 38,26,1 15 19 40 42 44,2,26,0.07692307692307693,NUMBER_POOL_AVAILABLE,0
DISCOVERY,287,286,1 2 3 5 6 7 8 9 10 11 12 13 14 16 17 18 19 20 21 22 23 24 25 26 27 28 29 30 31 32 34 36 37 38 39 41 43 44,38,6 12 24 27 35 37,5,38,0.13157894736842105,NUMBER_POOL_AVAILABLE,0
DISCOVERY,288,287,1 2 3 5 6 8 9 11 12 13 14 15 17 19 20 22 24 25 26 27 31 32 33 34 37 38 39 41 42 43 44,31,1 12 17 28 35 41,4,31,0.12903225806451613,NUMBER_POOL_AVAILABLE,0
DISCOVERY,289,288,2 3 5 7 8 9 10 11 12 14 17 18 19 20 21 22 23 24 25 27 28 30 31 33 34 35 37 39 45,29,3 14 33 37 38 42,4,29,0.13793103448275862,NUMBER_POOL_AVAILABLE,0
DISCOVERY,290,289,2 3 5 7 8 9 10 11 12 13 14 15 16 17 18 19 20 21 23 24 27 28 29 30 31 32 38 39 44,29,8 13 18 32 39 45,5,29,0.1724137931034483,NUMBER_POOL_AVAILABLE,0
DISCOVERY,291,290,1 2 3 7 10 11 12 13 14 16 18 19 20 27 31 32 33 37 39 42 44,21,3 7 8 18 20 42,5,21,0.23809523809523808,NUMBER_POOL_AVAILABLE,0
DISCOVERY,292,291,2 3 4 7 11 12 17 18 19 20 21 24 26 27 31 33 38 43 44 45,20,17 18 31 32 33 34,4,20,0.2,NUMBER_POOL_AVAILABLE,0
DISCOVERY,293,292,1 2 3 4 6 7 8 10 11 12 14 18 19 20 21 24 26 27 31 34 37 43 44,23,1 9 17 21 29 33,2,23,0.08695652173913043,NUMBER_POOL_AVAILABLE,0
DISCOVERY,294,293,2 3 6 7 8 9 10 11 12 14 15 16 17 19 20 21 22 24 25 27 31 33 34 35 36 37 39 40 41 44 45,31,6 10 17 30 37 38,4,31,0.12903225806451613,NUMBER_POOL_AVAILABLE,0
DISCOVERY,295,294,1 2 3 5 7 10 11 12 13 14 15 16 17 18 19 20 21 24 25 26 27 30 31 32 33 35 37 38 39 44,30,1 4 12 16 18 38,5,30,0.16666666666666666,NUMBER_POOL_AVAILABLE,0
DISCOVERY,296,295,1 2 3 4 5 8 10 11 12 14 19 20 21 24 26 27 29 30 31 32 33 34 36 37 39 42,26,3 8 15 27 30 45,4,26,0.15384615384615385,NUMBER_POOL_AVAILABLE,0
DISCOVERY,297,296,2 3 4 7 8 9 10 11 12 14 15 17 20 22 23 24 27 29 31 33 37 38 40 43 44 45,26,6 11 19 20 28 32,2,26,0.07692307692307693,NUMBER_POOL_AVAILABLE,0
DISCOVERY,298,297,1 5 6 8 10 11 12 14 16 18 19 20 21 22 24 26 27 28 29 31 33 37 41 43 44,25,5 9 27 29 37 40,4,25,0.16,NUMBER_POOL_AVAILABLE,0
DISCOVERY,299,298,2 5 6 7 8 11 12 13 15 19 20 21 25 27 28 31 33 37 38 39 43 44,22,1 3 20 25 36 45,2,22,0.09090909090909091,NUMBER_POOL_AVAILABLE,0
DISCOVERY,300,299,1 2 3 4 6 7 8 9 11 12 14 15 16 17 19 20 21 22 23 24 26 27 28 29 30 31 32 34 37 38 39 41 42 44 45,35,7 9 10 12 26 38,5,35,0.14285714285714285,NUMBER_POOL_AVAILABLE,0
DISCOVERY,301,300,1 2 3 4 7 8 11 12 13 14 15 16 17 18 20 24 27 31 32 33 36 37 38 39 43 44 45,27,7 11 13 33 37 43,6,27,0.2222222222222222,NUMBER_POOL_AVAILABLE,0
DISCOVERY,302,301,1 4 5 6 7 8 10 11 12 13 16 18 20 21 24 25 27 31 33 37 44 45,22,13 19 20 32 38 42,2,22,0.09090909090909091,NUMBER_POOL_AVAILABLE,0
DISCOVERY,303,302,1 2 3 4 5 6 7 8 9 10 11 12 14 15 17 18 19 20 21 24 25 27 29 30 31 32 33 34 37 38 45,31,2 14 17 30 38 45,6,31,0.1935483870967742,NUMBER_POOL_AVAILABLE,0
DISCOVERY,304,303,1 2 3 4 5 6 7 8 9 11 12 13 14 16 18 20 22 23 24 27 29 31 32 34 37 38 39 42 43,29,4 10 16 26 33 41,2,29,0.06896551724137931,NUMBER_POOL_AVAILABLE,0
DISCOVERY,305,304,1 3 4 5 7 8 9 11 12 13 14 16 18 19 20 21 22 23 24 27 31 32 33 34 37 38 41 43 45,29,7 8 18 21 23 39,5,29,0.1724137931034483,NUMBER_POOL_AVAILABLE,0
DISCOVERY,306,305,1 3 4 6 7 10 11 15 17 19 20 21 25 27 30 31 32 33 34 37 39 43 45,23,4 18 23 30 34 41,3,23,0.13043478260869565,NUMBER_POOL_AVAILABLE,0
DISCOVERY,307,306,1 2 3 4 5 7 8 9 10 11 12 15 16 17 18 19 20 21 22 25 28 29 31 33 34 35 37 38 39 44,30,5 15 21 23 25 45,4,30,0.13333333333333333,NUMBER_POOL_AVAILABLE,0
DISCOVERY,308,307,1 2 3 4 5 10 12 13 16 17 18 19 20 21 27 30 31 33 37 39 41 42,22,14 15 17 19 37 45,3,22,0.13636363636363635,NUMBER_POOL_AVAILABLE,0
DISCOVERY,309,308,1 4 6 11 12 14 17 18 19 20 21 24 27 30 32 33 36 37 39,19,1 2 5 11 18 36,4,19,0.21052631578947367,NUMBER_POOL_AVAILABLE,0
DISCOVERY,310,309,3 5 8 10 11 12 13 16 18 19 20 21 24 25 27 31 32 34 38 43,20,1 5 19 28 34 41,3,20,0.15,NUMBER_POOL_AVAILABLE,0
DISCOVERY,311,310,1 3 5 7 8 9 12 14 15 16 17 18 19 20 21 22 23 24 28 29 31 32 33 34 35 37 38 39 41 43 45,31,4 12 24 27 28 32,4,31,0.12903225806451613,NUMBER_POOL_AVAILABLE,0
DISCOVERY,312,311,1 3 4 5 7 8 10 11 12 13 15 16 17 18 19 20 21 22 25 29 31 32 33 34 35 37 38 41 43,29,2 3 5 6 12 20,4,29,0.13793103448275862,NUMBER_POOL_AVAILABLE,0
DISCOVERY,313,312,4 7 8 10 11 12 15 16 18 19 21 24 25 26 27 31 33 37 40 42 44,21,9 17 34 35 43 45,0,21,0.0,NUMBER_POOL_AVAILABLE,0
DISCOVERY,314,313,1 3 4 6 7 8 9 10 11 12 14 15 17 18 19 20 21 22 23 24 27 28 30 31 35 37 43 45,28,15 17 19 34 38 41,3,28,0.10714285714285714,NUMBER_POOL_AVAILABLE,0
DISCOVERY,315,314,1 2 3 4 5 6 7 8 9 11 12 13 15 16 18 19 20 21 24 27 31 32 34 38 43 45,26,1 13 33 35 43 45,4,26,0.15384615384615385,NUMBER_POOL_AVAILABLE,0
DISCOVERY,316,315,1 2 3 4 10 11 12 13 15 17 18 19 21 24 25 27 32 33 35 37 38 41 43 44 45,25,10 11 21 27 31 39,4,25,0.16,NUMBER_POOL_AVAILABLE,0
DISCOVERY,317,316,1 4 5 7 8 10 11 12 13 15 16 17 18 19 20 21 22 24 25 26 27 28 29 30 31 32 33 42 43 44 45,31,3 10 11 22 36 39,3,31,0.0967741935483871,NUMBER_POOL_AVAILABLE,0
DISCOVERY,318,317,1 4 5 7 8 9 11 12 13 14 15 16 17 18 19 20 21 22 23 24 25 27 28 29 31 32 33 34 37 38 39 43,32,2 17 19 20 34 45,4,32,0.125,NUMBER_POOL_AVAILABLE,0
DISCOVERY,319,318,1 2 3 4 5 7 9 10 11 12 17 18 19 20 21 24 25 27 31 32 34 35 38 39 45,25,5 8 22 28 33 42,1,25,0.04,NUMBER_POOL_AVAILABLE,0
DISCOVERY,320,319,1 2 3 5 7 8 11 17 18 19 21 22 23 24 25 27 29 30 31 33 34 35 36 39 42 43 44,27,16 19 23 25 41 45,3,27,0.1111111111111111,NUMBER_POOL_AVAILABLE,0
DISCOVERY,321,320,1 2 3 4 5 6 7 8 9 10 12 15 16 17 18 19 20 21 24 25 26 27 29 31 33 34 37 38 39 41 43 44 45,33,12 18 20 21 25 34,6,33,0.18181818181818182,NUMBER_POOL_AVAILABLE,0
DISCOVERY,322,321,1 3 4 6 10 11 13 15 16 18 20 21 24 25 27 28 29 30 31 32 33 34 35 37 38 39 43 45,28,9 18 29 32 38 43,5,28,0.17857142857142858,NUMBER_POOL_AVAILABLE,0
DISCOVERY,323,322,2 4 5 7 8 10 11 12 16 17 18 19 20 21 22 23 24 27 29 30 32 34 36 39 41 45,26,10 14 15 32 36 42,3,26,0.11538461538461539,NUMBER_POOL_AVAILABLE,0
DISCOVERY,324,323,2 3 4 5 7 8 9 15 16 17 18 19 20 22 24 26 27 28 30 32 34 37 38 39 42 43 45,27,2 4 21 25 33 36,2,27,0.07407407407407407,NUMBER_POOL_AVAILABLE,0
DISCOVERY,325,324,1 2 3 5 7 8 9 10 11 12 15 16 17 18 19 21 22 25 26 27 30 32 33 34 39 41 43,27,7 17 20 32 44 45,3,27,0.1111111111111111,NUMBER_POOL_AVAILABLE,0
DISCOVERY,326,325,1 4 5 6 8 10 11 12 15 17 18 19 20 21 22 23 24 27 30 32 33 36 37 38 41 42 43 45,28,16 23 25 33 36 39,3,28,0.10714285714285714,NUMBER_POOL_AVAILABLE,0
DISCOVERY,327,326,7 9 10 11 12 15 17 18 19 20 25 27 32 33 34 37 39 45,18,6 12 13 17 32 44,3,18,0.16666666666666666,NUMBER_POOL_AVAILABLE,0
DISCOVERY,328,327,1 4 5 7 8 10 13 16 17 18 19 20 21 22 24 25 27 28 29 30 32 34 36 37 38 39 40 41 42 44 45,31,1 6 9 16 17 28,4,31,0.12903225806451613,NUMBER_POOL_AVAILABLE,0
DISCOVERY,329,328,2 3 5 7 8 11 12 13 16 17 18 19 20 21 24 25 27 28 33 34 37 38 45,23,9 17 19 30 35 42,2,23,0.08695652173913043,NUMBER_POOL_AVAILABLE,0
DISCOVERY,330,329,1 3 5 6 7 8 10 11 12 15 17 18 19 20 21 22 24 25 27 28 29 31 32 33 34 36 37 39 42 43 45,31,3 4 16 17 19 20,4,31,0.12903225806451613,NUMBER_POOL_AVAILABLE,0
DISCOVERY,331,330,1 3 4 5 6 7 8 9 11 12 13 16 17 18 19 21 24 25 26 27 28 31 32 33 34 36 37 42,28,4 9 14 26 31 44,4,28,0.14285714285714285,NUMBER_POOL_AVAILABLE,0
DISCOVERY,332,331,1 3 4 5 7 8 10 11 12 13 15 17 18 19 21 24 25 26 28 32 33 35 39 43 44 45,26,16 17 34 36 42 45,2,26,0.07692307692307693,NUMBER_POOL_AVAILABLE,0
DISCOVERY,333,332,2 3 4 5 6 7 9 10 11 12 13 15 16 17 18 19 20 21 23 25 27 31 32 33 34 36 37 38 39 42 43 45,32,5 14 27 30 39 43,4,32,0.125,NUMBER_POOL_AVAILABLE,0
DISCOVERY,334,333,1 2 3 4 5 6 9 10 11 12 14 15 17 18 19 20 24 25 27 29 31 32 33 34 36 38 39 42 43 45,30,13 15 21 29 39 43,4,30,0.13333333333333333,NUMBER_POOL_AVAILABLE,0
DISCOVERY,335,334,4 11 13 16 17 18 19 20 21 24 25 32 33 36 39 42 43 45,18,5 9 16 23 26 45,2,18,0.1111111111111111,NUMBER_POOL_AVAILABLE,0
DISCOVERY,336,335,3 4 5 7 8 9 10 11 12 13 17 18 19 21 23 24 27 29 30 31 33 34 37 38 39 40 42 43 44 45,30,3 5 20 34 35 44,4,30,0.13333333333333333,NUMBER_POOL_AVAILABLE,0
DISCOVERY,337,336,1 3 4 5 6 7 8 9 10 11 12 15 16 17 18 19 20 21 25 26 27 28 30 31 33 36 37 39 41 42 43 44 45,33,1 5 14 18 32 37,4,33,0.12121212121212122,NUMBER_POOL_AVAILABLE,0
DISCOVERY,338,337,2 3 6 11 12 13 17 18 19 20 21 25 32 33 34 37 38 39 43 44 45,21,2 13 34 38 42 45,5,21,0.23809523809523808,NUMBER_POOL_AVAILABLE,0
DISCOVERY,339,338,1 3 5 9 10 11 12 13 14 15 16 17 18 19 20 21 24 25 26 27 28 29 32 33 34 38 39 43 45,29,6 8 14 21 30 37,2,29,0.06896551724137931,NUMBER_POOL_AVAILABLE,0
DISCOVERY,340,339,1 3 4 5 6 7 10 11 12 13 14 15 17 18 19 20 21 22 24 25 28 29 30 31 32 33 34 37 38 39 40 42 43 45,34,18 24 26 29 34 38,5,34,0.14705882352941177,NUMBER_POOL_AVAILABLE,0
DISCOVERY,341,340,1 2 7 9 10 11 12 13 17 18 19 20 21 25 26 37 39 40 42 45,20,1 8 19 34 39 43,3,20,0.15,NUMBER_POOL_AVAILABLE,0
DISCOVERY,342,341,1 3 4 5 6 7 8 11 12 13 15 17 18 19 20 24 25 27 28 30 32 33 34 38 39 41 42 43,28,1 13 14 33 34 43,5,28,0.17857142857142858,NUMBER_POOL_AVAILABLE,0
DISCOVERY,343,342,1 3 5 6 7 9 10 13 14 16 17 18 19 20 21 24 25 27 33 37 38 39 42 43 45,25,1 10 17 29 31 43,4,25,0.16,NUMBER_POOL_AVAILABLE,0
DISCOVERY,344,343,3 4 5 6 7 8 11 14 15 16 17 18 19 20 25 26 28 29 30 32 33 34 36 37 39 40 41 43 44 45,30,1 2 15 28 34 45,4,30,0.13333333333333333,NUMBER_POOL_AVAILABLE,0
DISCOVERY,345,344,1 3 4 6 7 10 11 12 13 14 15 17 18 19 21 22 23 26 29 30 32 33 37 39 42 43 45,27,15 20 23 29 39 42,5,27,0.18518518518518517,NUMBER_POOL_AVAILABLE,0
DISCOVERY,346,345,1 3 5 6 9 10 14 15 16 17 18 20 22 25 26 27 28 29 30 31 32 33 34 37 38 39 40 42 43 45,30,5 13 14 22 44 45,4,30,0.13333333333333333,NUMBER_POOL_AVAILABLE,0
DISCOVERY,347,346,1 2 3 4 5 6 10 13 14 15 16 17 18 19 20 24 25 27 28 30 32 34 35 37 39 40 42 43 45,29,3 8 13 27 32 42,5,29,0.1724137931034483,NUMBER_POOL_AVAILABLE,0
DISCOVERY,348,347,1 3 7 12 14 15 16 17 18 19 20 24 28 31 32 34 37 38 42 43 45,21,3 14 17 20 24 31,6,21,0.2857142857142857,NUMBER_POOL_AVAILABLE,0
DISCOVERY,349,348,1 3 5 6 7 9 10 12 13 14 16 17 18 19 20 24 25 27 30 32 33 37 39 42,24,5 13 14 20 24 25,6,24,0.25,NUMBER_POOL_AVAILABLE,0
DISCOVERY,350,349,1 3 4 6 10 11 13 14 15 16 17 18 19 25 26 27 31 32 33 34 35 37 40 43 44,25,1 8 18 24 29 33,3,25,0.12,NUMBER_POOL_AVAILABLE,0
DISCOVERY,351,350,1 2 3 4 7 8 10 12 13 14 15 16 17 18 20 21 24 25 27 33 36 37 39 43 45,25,5 25 27 29 34 36,3,25,0.12,NUMBER_POOL_AVAILABLE,0
DISCOVERY,352,351,1 3 4 5 6 7 8 9 10 11 14 15 17 19 20 24 25 26 30 33 43,21,5 16 17 20 26 41,4,21,0.19047619047619047,NUMBER_POOL_AVAILABLE,0
DISCOVERY,353,352,1 3 4 5 6 8 10 13 14 16 17 18 25 31 33 34 36 37 42 45,20,11 16 19 22 29 36,2,20,0.1,NUMBER_POOL_AVAILABLE,0
DISCOVERY,354,353,1 2 13 14 16 17 18 25 31 32 33 34 37 38 42 43 45,17,14 19 36 43 44 45,3,17,0.17647058823529413,NUMBER_POOL_AVAILABLE,0
DISCOVERY,355,354,1 3 5 6 8 10 12 14 15 16 17 18 19 20 26 27 30 31 32 33 34 37 38 39 40 42 43 45,28,5 8 29 30 35 44,3,28,0.10714285714285714,NUMBER_POOL_AVAILABLE,0
DISCOVERY,356,355,1 2 3 4 5 6 7 8 11 12 13 14 15 16 17 19 20 21 22 25 28 31 32 33 34 39 42 43 45,29,2 8 14 25 29 45,5,29,0.1724137931034483,NUMBER_POOL_AVAILABLE,0
DISCOVERY,357,356,1 2 3 4 5 7 8 9 10 12 13 14 15 17 18 19 20 22 25 26 29 33 34 36 37 38 39 42 43 44 45,31,10 14 18 21 36 37,5,31,0.16129032258064516,NUMBER_POOL_AVAILABLE,0
DISCOVERY,358,357,1 2 3 4 5 7 8 9 14 15 16 17 18 19 20 22 23 24 25 26 28 29 30 32 33 34 37 38 39 41 42 43 44 45,34,1 9 10 12 21 40,2,34,0.058823529411764705,NUMBER_POOL_AVAILABLE,0
DISCOVERY,359,358,1 2 3 5 7 9 12 13 14 15 16 17 18 19 20 22 23 24 25 27 28 30 31 33 34 36 37 38 39 42 43 45,32,1 10 19 20 24 40,4,32,0.125,NUMBER_POOL_AVAILABLE,0
DISCOVERY,360,359,1 2 3 4 5 7 8 9 10 15 16 17 18 19 20 21 25 26 32 33 34 37 39 43,24,4 16 23 25 35 40,3,24,0.125,NUMBER_POOL_AVAILABLE,0
DISCOVERY,361,360,1 3 4 5 7 8 10 11 12 13 14 15 17 18 26 32 33 34 37 39 43,21,5 10 16 24 27 35,2,21,0.09523809523809523,NUMBER_POOL_AVAILABLE,0
DISCOVERY,362,361,1 2 3 4 5 7 8 13 14 16 17 18 19 20 24 25 26 33 36 37 39 42,22,2 3 22 27 30 40,2,22,0.09090909090909091,NUMBER_POOL_AVAILABLE,0
DISCOVERY,363,362,1 2 3 4 7 12 16 17 19 20 25 32 33 34 36 37 38 39 43 44,20,11 12 14 21 32 38,3,20,0.15,NUMBER_POOL_AVAILABLE,0
DISCOVERY,364,363,1 3 4 5 8 10 13 14 17 18 19 20 24 25 26 30 32 33 34 37 38 39 42,23,2 5 7 14 16 40,2,23,0.08695652173913043,NUMBER_POOL_AVAILABLE,0
DISCOVERY,365,364,2 5 8 10 13 14 16 17 18 20 26 30 31 32 33 35 36 37 38 42 43 45,22,5 15 21 25 26 30,3,22,0.13636363636363635,NUMBER_POOL_AVAILABLE,0
DISCOVERY,366,365,1 3 4 5 8 9 10 12 13 14 15 16 17 18 26 27 32 33 34 36 37,21,5 12 19 26 27 44,4,21,0.19047619047619047,NUMBER_POOL_AVAILABLE,0
DISCOVERY,367,366,1 2 3 4 5 8 9 10 14 15 16 18 19 20 24 25 26 28 31 32 33 34 35 36 38 39 41 42 45,29,3 22 25 29 32 44,3,29,0.10344827586206896,NUMBER_POOL_AVAILABLE,0
DISCOVERY,368,367,1 3 5 8 9 10 12 13 17 18 19 20 22 23 25 28 30 32 33 34 36 37 38 39 40 42 43 45,28,11 21 24 30 39 45,3,28,0.10714285714285714,NUMBER_POOL_AVAILABLE,0
DISCOVERY,369,368,1 3 4 5 10 12 13 14 15 16 17 18 19 20 22 23 24 25 26 27 28 29 32 33 34 35 38 39 40 41 45,31,17 20 35 36 41 43,4,31,0.12903225806451613,NUMBER_POOL_AVAILABLE,0
DISCOVERY,370,369,1 5 6 7 10 11 12 15 16 17 18 19 20 21 22 23 24 25 26 29 30 32 33 36 39 40 41 42 43 45,30,16 18 24 42 44 45,5,30,0.16666666666666666,NUMBER_POOL_AVAILABLE,0
DISCOVERY,371,370,1 2 5 14 17 18 19 20 21 24 25 26 31 33 34 37 38 42 45,19,7 9 15 26 27 42,2,19,0.10526315789473684,NUMBER_POOL_AVAILABLE,0
DISCOVERY,372,371,1 2 3 4 5 7 9 12 13 14 16 17 18 19 20 21 22 24 25 26 30 32 37 38 39 41 42 43 44 45,30,8 11 14 16 18 21,4,30,0.13333333333333333,NUMBER_POOL_AVAILABLE,0
DISCOVERY,373,372,1 3 5 10 12 14 17 19 20 21 24 25 26 30 32 33 44 45,18,15 26 37 42 43 45,2,18,0.1111111111111111,NUMBER_POOL_AVAILABLE,0
DISCOVERY,374,373,1 2 3 5 10 12 13 14 15 16 17 18 19 20 24 25 26 32 33 34 35 38 39 42 44,25,11 13 15 17 25 34,5,25,0.2,NUMBER_POOL_AVAILABLE,0
DISCOVERY,375,374,1 3 4 5 9 12 14 15 17 18 20 21 24 26 32 33 34 35 37 38 42 43 44 45,24,4 8 19 25 27 45,2,24,0.08333333333333333,NUMBER_POOL_AVAILABLE,0
DISCOVERY,376,375,1 2 3 4 5 6 9 11 12 13 14 15 17 18 19 20 22 24 25 26 27 28 30 31 33 34 37 38 39 41 45,31,1 11 13 24 28 40,5,31,0.16129032258064516,NUMBER_POOL_AVAILABLE,0
DISCOVERY,377,376,1 2 3 4 5 7 11 13 14 16 17 18 19 20 21 22 24 25 26 27 28 30 33 34 35 38 39 40 42 43 44 45,32,6 22 29 37 43 45,3,32,0.09375,NUMBER_POOL_AVAILABLE,0
DISCOVERY,378,377,1 4 5 9 10 11 17 19 20 21 22 23 25 26 28 29 33 34 35 38 40 42 43 44 45,25,5 22 29 31 34 39,4,25,0.16,NUMBER_POOL_AVAILABLE,0
DISCOVERY,379,378,1 2 3 4 5 7 8 9 10 11 14 15 17 18 19 21 24 25 26 27 28 30 33 38 39 40 41 42 45,29,6 10 22 31 35 40,2,29,0.06896551724137931,NUMBER_POOL_AVAILABLE,0
DISCOVERY,380,379,1 2 3 4 5 7 8 9 10 11 12 13 14 15 17 18 19 20 21 23 24 25 26 27 30 37 41 42 43 44 45,31,1 2 8 17 26 37,6,31,0.1935483870967742,NUMBER_POOL_AVAILABLE,0
DISCOVERY,381,380,1 6 10 11 12 13 15 17 18 19 20 21 24 25 26 27 31 32 33 34 36 37 38 39 42 43,26,1 5 10 12 16 20,4,26,0.15384615384615385,NUMBER_POOL_AVAILABLE,0
DISCOVERY,382,381,1 2 3 4 5 7 9 16 17 18 19 20 24 25 26 27 30 35 37 42 43,21,10 15 22 24 27 42,3,21,0.14285714285714285,NUMBER_POOL_AVAILABLE,0
DISCOVERY,383,382,1 3 4 5 6 10 13 14 16 17 18 19 20 24 25 26 27 31 37 38 42 45,22,4 15 28 33 37 40,2,22,0.09090909090909091,NUMBER_POOL_AVAILABLE,0
DISCOVERY,384,383,1 2 3 4 5 9 10 12 13 14 15 17 18 19 20 21 24 25 27 28 30 32 33 34 39 41 42 43 44 45,30,11 22 24 32 36 38,2,30,0.06666666666666667,NUMBER_POOL_AVAILABLE,0
DISCOVERY,385,384,1 2 3 4 5 6 10 11 12 13 14 15 17 18 19 20 21 24 25 26 27 28 30 32 33 37 39,27,7 12 19 21 29 32,4,27,0.14814814814814814,NUMBER_POOL_AVAILABLE,0
DISCOVERY,386,385,1 2 3 4 6 8 10 11 15 16 17 18 19 20 21 24 25 26 27 29 30 32 33 34 36 37 38 42 43,29,4 7 10 19 31 40,3,29,0.10344827586206896,NUMBER_POOL_AVAILABLE,0
DISCOVERY,387,386,1 3 4 5 6 7 9 10 11 12 13 17 18 19 20 22 23 24 25 26 28 30 32 33 34 35 37 38 39 40 41 42 43,33,1 26 31 34 40 43,5,33,0.15151515151515152,NUMBER_POOL_AVAILABLE,0
DISCOVERY,388,387,3 4 5 6 7 8 9 10 11 12 13 17 19 20 24 25 26 28 30 33 39 40 41 42 45,25,1 8 9 17 29 32,3,25,0.12,NUMBER_POOL_AVAILABLE,0
DISCOVERY,389,388,1 5 6 7 9 10 11 12 13 14 17 18 19 21 22 23 24 25 26 28 30 32 33 34 36 37 38 39 40 41 42 43 44 45,34,7 16 18 20 23 26,4,34,0.11764705882352941,NUMBER_POOL_AVAILABLE,0
DISCOVERY,390,389,2 3 4 5 7 11 12 13 16 17 18 19 20 24 25 26 29 31 32 33 35 38 40 42 44 45,26,16 17 28 37 39 40,3,26,0.11538461538461539,NUMBER_POOL_AVAILABLE,0
DISCOVERY,391,390,1 3 4 5 9 10 11 13 14 17 18 19 20 21 24 25 26 33 34 45,20,10 11 18 22 28 39,3,20,0.15,NUMBER_POOL_AVAILABLE,0
DISCOVERY,392,391,1 4 5 7 10 11 14 16 18 19 20 21 24 26 31 32 34 37 38 39 40 41 42 43 44,25,1 3 7 8 24 42,4,25,0.16,NUMBER_POOL_AVAILABLE,0
DISCOVERY,393,392,1 2 4 7 11 18 19 20 21 25 26 27 30 34 37 38 39 42 45,19,9 16 28 40 41 43,0,19,0.0,NUMBER_POOL_AVAILABLE,0
DISCOVERY,394,393,1 3 5 7 10 11 12 16 17 18 19 20 24 26 28 30 32 33 34 35 38 39 41 43 44 45,26,1 13 20 22 25 28,3,26,0.11538461538461539,NUMBER_POOL_AVAILABLE,0
DISCOVERY,395,394,1 3 5 7 8 9 10 13 14 15 16 17 18 19 20 21 24 26 28 34 38 40 42 44 45,25,11 15 20 26 31 35,3,25,0.12,NUMBER_POOL_AVAILABLE,0
DISCOVERY,396,395,1 3 5 7 10 11 13 14 15 16 19 20 23 24 25 26 30 32 33 38 39 40,22,18 20 31 34 40 45,2,22,0.09090909090909091,NUMBER_POOL_AVAILABLE,0
DISCOVERY,397,396,1 4 5 7 9 10 11 12 15 16 17 18 19 20 21 25 28 31 34 42 43 45,22,12 13 17 22 25 33,3,22,0.13636363636363635,NUMBER_POOL_AVAILABLE,0
DISCOVERY,398,397,1 2 5 7 10 14 16 18 19 20 21 24 25 26 28 32 33 34 38 40 41 44 45,23,10 15 20 23 42 44,3,23,0.13043478260869565,NUMBER_POOL_AVAILABLE,0
DISCOVERY,399,398,1 2 3 4 5 7 8 9 11 13 14 15 16 17 19 20 21 23 24 25 26 29 30 33 34 38 39 41 42 43 45,31,1 2 9 17 19 42,6,31,0.1935483870967742,NUMBER_POOL_AVAILABLE,0
DISCOVERY,400,399,1 2 3 7 10 11 12 14 15 16 17 18 20 21 24 26 37 38 43 44 45,21,9 21 27 34 41 43,2,21,0.09523809523809523,NUMBER_POOL_AVAILABLE,0
DISCOVERY,401,400,1 2 3 4 5 6 7 11 16 17 18 19 20 24 25 26 28 30 31 32 33 34 35 38 39 40 41 42 43 45,30,6 12 18 31 38 43,5,30,0.16666666666666666,NUMBER_POOL_AVAILABLE,0
DISCOVERY,402,401,1 2 3 4 5 6 10 11 13 14 16 17 18 19 20 21 23 25 26 27 28 30 32 33 34 36 39 40 41 42 43 45,32,5 9 15 19 22 36,3,32,0.09375,NUMBER_POOL_AVAILABLE,0
DISCOVERY,403,402,1 2 3 4 5 10 12 14 15 16 17 19 20 24 25 26 27 31 32 33 34 37 39 40 42 44 45,27,10 14 22 24 28 37,4,27,0.14814814814814814,NUMBER_POOL_AVAILABLE,0
DISCOVERY,404,403,1 2 4 5 7 10 13 14 16 17 18 19 20 21 23 26 28 30 34 36 37 39 42 43,24,5 20 21 24 33 40,3,24,0.125,NUMBER_POOL_AVAILABLE,0
DISCOVERY,405,404,1 3 4 5 7 8 10 11 13 17 19 20 21 24 25 26 27 28 30 32 33 34 37 39 40 41 43 44 45,29,1 2 10 25 26 44,5,29,0.1724137931034483,NUMBER_POOL_AVAILABLE,0
DISCOVERY,406,405,1 2 3 4 5 10 12 15 16 17 19 20 21 25 26 27 33 34 36 37 38 40 42 43 45,25,7 12 21 24 27 36,4,25,0.16,NUMBER_POOL_AVAILABLE,0
DISCOVERY,407,406,1 2 4 5 10 13 14 15 17 19 20 21 23 24 25 26 30 33 34 35 36 37 38 40 41 42 43 45,28,6 7 13 16 24 25,3,28,0.10714285714285714,NUMBER_POOL_AVAILABLE,0
DISCOVERY,408,407,1 2 3 4 5 7 10 12 13 14 15 16 17 18 19 20 21 24 25 30 31 32 34 36 40 44 45,27,9 20 21 22 30 37,3,27,0.1111111111111111,NUMBER_POOL_AVAILABLE,0
DISCOVERY,409,408,1 2 3 5 6 7 9 10 11 12 16 17 18 19 20 21 23 24 25 26 28 30 33 34 35 36 37 38 39 40 41 42,32,6 9 21 31 32 40,4,32,0.125,NUMBER_POOL_AVAILABLE,0
DISCOVERY,410,409,1 2 3 4 5 9 16 17 18 19 20 24 26 27 28 31 34 39 40 42 43 45,22,1 3 18 32 40 41,4,22,0.18181818181818182,NUMBER_POOL_AVAILABLE,0
DISCOVERY,411,410,1 2 3 4 6 8 10 13 14 16 17 18 19 20 25 27 28 31 32 33 34 35 36 37 39 40 42 43 45,29,11 14 22 35 37 39,4,29,0.13793103448275862,NUMBER_POOL_AVAILABLE,0
DISCOVERY,412,411,1 3 4 5 7 8 9 10 11 13 14 15 16 17 19 20 21 24 30 31 32 34 35 36 39 42 43 44 45,29,4 7 39 41 42 45,5,29,0.1724137931034483,NUMBER_POOL_AVAILABLE,0
DISCOVERY,413,412,1 2 3 4 5 7 10 11 15 19 20 21 24 25 33 34 36 38 39 40 42 43 45,23,2 9 15 23 34 40,4,23,0.17391304347826086,NUMBER_POOL_AVAILABLE,0
DISCOVERY,414,413,1 2 4 6 10 11 13 14 17 19 20 21 24 28 30 31 32 33 34 35 36 37 38 39 40 41 42 43 44 45,30,2 14 15 22 23 44,3,30,0.1,NUMBER_POOL_AVAILABLE,0
DISCOVERY,415,414,1 3 5 7 8 10 13 14 15 16 17 19 20 21 25 27 33 34 35 36 39 40 42 43 45,25,7 17 20 26 30 40,4,25,0.16,NUMBER_POOL_AVAILABLE,0
DISCOVERY,416,415,1 3 4 5 10 12 16 17 18 20 21 24 26 31 33 36 37 38 40 43 44 45,22,5 6 8 11 22 26,2,22,0.09090909090909091,NUMBER_POOL_AVAILABLE,0
DISCOVERY,417,416,1 2 3 4 5 9 13 14 17 18 20 21 23 24 25 26 28 30 35 36 37 39 40 41 42 43 45,27,4 5 14 20 22 43,5,27,0.18518518518518517,NUMBER_POOL_AVAILABLE,0
DISCOVERY,418,417,1 2 3 4 7 8 12 14 16 17 19 20 22 23 24 26 27 29 31 33 35 38 39 40 42 43 45,27,11 13 15 26 28 34,1,27,0.037037037037037035,NUMBER_POOL_AVAILABLE,0
DISCOVERY,419,418,1 4 5 6 13 14 15 16 17 18 19 20 21 24 25 26 33 37 39 40 44 45,22,2 11 13 14 28 30,2,22,0.09090909090909091,NUMBER_POOL_AVAILABLE,0
DISCOVERY,420,419,1 2 3 4 5 7 14 15 16 18 20 21 24 25 28 33 34 35 36 40 42,21,4 9 10 29 31 34,2,21,0.09523809523809523,NUMBER_POOL_AVAILABLE,0
DISCOVERY,421,420,1 3 4 5 7 9 12 14 15 17 20 21 25 31 33 34 39 40,18,6 11 26 27 28 44,0,18,0.0,NUMBER_POOL_AVAILABLE,0
DISCOVERY,422,421,1 3 4 5 7 13 15 17 18 21 24 27 28 31 33 34 35 36 40 43 45,21,8 15 19 21 34 44,3,21,0.14285714285714285,NUMBER_POOL_AVAILABLE,0
DISCOVERY,423,422,1 4 5 6 10 14 15 16 17 18 21 22 24 26 27 28 31 32 34 35 38 39 40 42 43 45,26,1 17 27 28 29 40,5,26,0.19230769230769232,NUMBER_POOL_AVAILABLE,0
DISCOVERY,424,423,1 2 3 4 5 7 8 11 13 15 16 17 20 21 24 25 26 28 31 34 35 36 38 39 40 43 44 45,28,10 11 26 31 34 44,5,28,0.17857142857142858,NUMBER_POOL_AVAILABLE,0
DISCOVERY,425,424,5 6 7 14 15 16 17 21 24 25 26 31 33 34 36 39 40 42 43 45,20,8 10 14 27 33 38,2,20,0.1,NUMBER_POOL_AVAILABLE,0
DISCOVERY,426,425,1 3 4 5 7 9 10 14 15 16 20 24 26 27 28 30 31 33 34 35 36 38 39 40 41 42 43 44 45,29,4 17 18 27 39 43,4,29,0.13793103448275862,NUMBER_POOL_AVAILABLE,0
DISCOVERY,427,426,1 3 4 5 7 8 10 11 14 16 18 19 21 24 26 28 31 34 38 39 40 42 43 45,24,6 7 15 24 28 30,3,24,0.125,NUMBER_POOL_AVAILABLE,0
DISCOVERY,428,427,1 2 3 4 5 7 9 13 14 15 16 17 18 19 20 21 24 25 26 27 28 31 35 36 37 40 42 43 44 45,30,12 16 19 22 37 40,4,30,0.13333333333333333,NUMBER_POOL_AVAILABLE,0
DISCOVERY,429,428,1 3 4 5 6 7 10 14 15 16 17 20 22 23 24 26 27 28 30 31 32 33 34 38 39 40 41 42 43 45,30,3 23 28 34 39 42,6,30,0.2,NUMBER_POOL_AVAILABLE,0
DISCOVERY,430,429,1 3 4 5 7 8 11 13 14 15 16 17 20 21 23 24 25 28 30 33 34 38 39 40 41 42 45,27,1 3 16 18 30 34,5,27,0.18518518518518517,NUMBER_POOL_AVAILABLE,0
DISCOVERY,431,430,1 2 3 4 8 11 15 16 17 18 21 22 23 24 25 26 27 28 30 31 33 34 35 36 38 40 41 43 45,29,18 22 25 31 38 45,6,29,0.20689655172413793,NUMBER_POOL_AVAILABLE,0
DISCOVERY,432,431,1 5 11 13 15 16 18 20 21 23 24 25 26 27 28 30 31 33 34 35 36 38 39 40 41 42 43 44 45,29,2 3 5 11 27 39,4,29,0.13793103448275862,NUMBER_POOL_AVAILABLE,0
DISCOVERY,433,432,1 2 5 7 8 13 14 15 17 20 21 24 25 26 27 28 30 31 33 34 39 40 42 43 44 45,26,19 23 29 33 35 43,2,26,0.07692307692307693,NUMBER_POOL_AVAILABLE,0
DISCOVERY,434,433,1 2 5 6 10 11 13 15 19 20 24 26 27 31 33 34 36 37 39 40 43 45,22,3 13 20 24 33 37,5,22,0.22727272727272727,NUMBER_POOL_AVAILABLE,0
DISCOVERY,435,434,1 3 4 5 7 8 9 12 13 14 16 19 20 21 23 24 26 27 28 31 33 34 37 39 40 41 42 43 44 45,30,8 16 26 30 38 45,4,30,0.13333333333333333,NUMBER_POOL_AVAILABLE,0
DISCOVERY,436,435,1 2 3 5 7 11 13 18 19 20 23 24 25 26 27 28 31 32 34 35 36 38 39 40 41 42 43 44 45,29,9 14 20 22 33 34,2,29,0.06896551724137931,NUMBER_POOL_AVAILABLE,0
DISCOVERY,437,436,1 2 3 5 12 13 14 16 18 20 23 24 25 26 27 28 31 32 33 34 36 37 39 40 41 42 43 44 45,29,11 16 29 38 41 44,3,29,0.10344827586206896,NUMBER_POOL_AVAILABLE,0
DISCOVERY,438,437,4 7 10 14 15 16 17 20 24 25 26 27 28 31 33 34 35 36 38 39 43 45,22,6 12 20 26 29 38,3,22,0.13636363636363635,NUMBER_POOL_AVAILABLE,0
DISCOVERY,439,438,1 3 5 12 13 16 18 20 25 26 27 28 29 31 32 33 34 38 39 40 41 42 43 44 45,25,17 20 30 31 37 40,3,25,0.12,NUMBER_POOL_AVAILABLE,0
DISCOVERY,440,439,1 6 11 12 13 16 19 20 21 24 25 26 27 29 30 31 39 42 43 44 45,21,10 22 28 34 36 44,1,21,0.047619047619047616,NUMBER_POOL_AVAILABLE,0
DISCOVERY,441,440,1 2 5 10 12 13 16 17 18 19 20 22 23 24 25 26 27 28 33 34 37 39 40 41 42 43 44 45,28,1 23 28 30 34 35,4,28,0.14285714285714285,NUMBER_POOL_AVAILABLE,0
DISCOVERY,442,441,2 4 5 10 11 13 15 18 21 27 28 30 31 33 34 35 36 37 39 40 42 43 44 45,24,25 27 29 36 38 40,3,24,0.125,NUMBER_POOL_AVAILABLE,0
DISCOVERY,443,442,1 2 3 5 6 7 10 14 15 17 18 20 21 24 26 27 28 30 31 33 34 37 39 40 44 45,26,4 6 10 19 20 44,4,26,0.15384615384615385,NUMBER_POOL_AVAILABLE,0
DISCOVERY,444,443,3 5 8 9 14 15 16 18 21 25 26 36 37 40 42 43 45,17,11 13 23 35 43 45,2,17,0.11764705882352941,NUMBER_POOL_AVAILABLE,0
DISCOVERY,445,444,1 2 5 6 7 10 13 14 15 19 20 21 24 26 27 28 31 33 35 37 38 39 40 42 43 44 45,27,13 20 21 30 39 45,5,27,0.18518518518518517,NUMBER_POOL_AVAILABLE,0
DISCOVERY,446,445,1 8 9 10 11 12 13 14 16 17 20 21 23 24 25 26 27 30 31 32 33 34 35 36 38 39 40 41 43 44 45,31,1 11 12 14 26 35,6,31,0.1935483870967742,NUMBER_POOL_AVAILABLE,0
DISCOVERY,447,446,1 2 4 5 6 13 14 15 17 20 21 23 25 26 27 28 31 32 33 35 36 37 38 40 41 42 43 44,28,2 7 8 9 17 33,3,28,0.10714285714285714,NUMBER_POOL_AVAILABLE,0
DISCOVERY,448,447,4 5 6 10 11 20 26 27 28 30 33 34 35 39 40 44,16,3 7 13 27 40 41,2,16,0.125,NUMBER_POOL_AVAILABLE,0
DISCOVERY,449,448,2 5 6 9 10 11 13 14 16 17 20 21 26 27 28 31 33 34 35 39 40 41 44 45,24,3 10 20 26 35 43,4,24,0.16666666666666666,NUMBER_POOL_AVAILABLE,0
DISCOVERY,450,449,1 2 5 10 11 13 19 20 25 26 27 28 33 34 35 36 40 42 45,19,6 14 19 21 23 31,1,19,0.05263157894736842,NUMBER_POOL_AVAILABLE,0
DISCOVERY,451,450,1 4 5 9 11 16 20 21 23 24 25 26 27 31 33 35 36 38 40 41 42 43 44,23,12 15 20 24 30 38,3,23,0.13043478260869565,NUMBER_POOL_AVAILABLE,0
DISCOVERY,452,451,3 6 7 11 14 15 16 17 18 24 28 31 33 34 38,15,8 10 18 30 32 34,2,15,0.13333333333333333,NUMBER_POOL_AVAILABLE,0
DISCOVERY,453,452,1 2 3 4 5 7 9 10 16 19 20 21 23 25 26 27 32 33 34 35 37 38 40,23,12 24 33 38 40 42,3,23,0.13043478260869565,NUMBER_POOL_AVAILABLE,0
DISCOVERY,454,453,1 3 4 6 7 8 10 11 12 13 17 18 19 23 25 26 27 28 29 30 31 36 39 41 42 45,26,13 25 27 34 38 41,4,26,0.15384615384615385,NUMBER_POOL_AVAILABLE,0
DISCOVERY,455,454,1 3 4 5 7 11 12 14 18 20 21 23 24 25 26 27 28 29 31 33 35 40 41 45,24,4 19 20 26 30 35,4,24,0.16666666666666666,NUMBER_POOL_AVAILABLE,0
DISCOVERY,456,455,1 3 5 7 8 10 11 12 16 17 20 26 27 30 31 34 35 37 38 40 42 43 44 45,24,1 7 12 18 23 27,4,24,0.16666666666666666,NUMBER_POOL_AVAILABLE,0
DISCOVERY,457,456,2 4 5 6 11 12 17 20 21 23 24 25 26 27 28 29 30 31 33 34 39 40 41,23,8 10 18 23 27 40,3,23,0.13043478260869565,NUMBER_POOL_AVAILABLE,0
DISCOVERY,458,457,1 2 5 7 9 10 11 12 18 19 20 21 24 25 26 31 33 35 40 43 44,21,4 9 10 32 36 40,3,21,0.14285714285714285,NUMBER_POOL_AVAILABLE,0
DISCOVERY,459,458,4 5 8 9 10 12 18 19 20 21 24 25 26 27 28 34 35 39,18,4 6 10 14 25 40,3,18,0.16666666666666666,NUMBER_POOL_AVAILABLE,0
DISCOVERY,460,459,3 5 8 10 13 14 16 17 18 20 23 26 27 28 29 31 32 33 34 38 39 40 41 43,24,8 11 28 30 43 45,3,24,0.125,NUMBER_POOL_AVAILABLE,0
DISCOVERY,461,460,1 2 5 6 9 10 11 12 13 14 19 20 26 27 30 34 40 44,18,11 18 26 31 37 40,3,18,0.16666666666666666,NUMBER_POOL_AVAILABLE,0
DISCOVERY,462,461,1 5 6 7 8 10 11 17 18 20 21 23 26 27 28 31 33 35 36 39 41 42 44,23,3 20 24 32 37 45,1,23,0.043478260869565216,NUMBER_POOL_AVAILABLE,0
DISCOVERY,463,462,1 5 8 10 11 12 13 14 18 19 20 26 27 28 31 32 33 35 37 40 41,21,23 29 31 33 34 44,2,21,0.09523809523809523,NUMBER_POOL_AVAILABLE,0
DISCOVERY,464,463,5 8 17 18 20 21 26 27 30 31 37 39 40 44,14,6 12 15 34 42 44,1,14,0.07142857142857142,NUMBER_POOL_AVAILABLE,0
DISCOVERY,465,464,10 11 18 24 25 26 27 31 32 34 35 38 39 40 42 44,16,1 8 11 13 22 38,2,16,0.125,NUMBER_POOL_AVAILABLE,0
DISCOVERY,466,465,6 8 10 11 17 19 20 26 27 28 30 31 32 33 35 40 43 44,18,4 10 13 23 32 44,3,18,0.16666666666666666,NUMBER_POOL_AVAILABLE,0
DISCOVERY,467,466,1 8 10 11 17 18 20 26 27 28 31 32 33 34 37 38 40 45,18,2 12 14 17 24 40,2,18,0.1111111111111111,NUMBER_POOL_AVAILABLE,0
DISCOVERY,468,467,1 6 7 8 10 12 13 14 15 16 18 20 21 24 26 27 28 30 32 33 34 35 37 39 40 41 43 44,28,8 13 15 28 37 43,6,28,0.21428571428571427,NUMBER_POOL_AVAILABLE,0
DISCOVERY,469,468,1 8 11 12 15 16 17 18 20 24 26 28 30 31 32 33 34 35 38 39 43 44,22,4 21 22 34 37 38,2,22,0.09090909090909091,NUMBER_POOL_AVAILABLE,0
DISCOVERY,470,469,1 2 7 8 10 13 17 18 20 21 24 26 27 28 30 31 37 39 40 43 44,21,10 16 20 39 41 42,3,21,0.14285714285714285,NUMBER_POOL_AVAILABLE,0
DISCOVERY,471,470,4 6 7 8 10 11 12 17 18 20 21 22 23 24 25 26 27 28 30 31 32 33 34 38 40 41 44,27,6 13 29 37 39 41,2,27,0.07407407407407407,NUMBER_POOL_AVAILABLE,0
DISCOVERY,472,471,1 7 10 11 12 13 14 16 17 19 20 21 25 26 27 28 30 32 34 35 37 39 40 43 45,25,16 25 26 31 36 43,4,25,0.16,NUMBER_POOL_AVAILABLE,0
DISCOVERY,473,472,1 4 6 7 8 10 11 12 13 16 19 20 21 24 26 27 30 31 32 33 34 35 36 37 40 42 43,27,8 13 20 22 23 36,4,27,0.14814814814814814,NUMBER_POOL_AVAILABLE,0
DISCOVERY,474,473,1 2 4 9 10 11 12 13 18 20 24 26 27 28 32 33 34 35 36 37 38 40 43 44,24,4 13 18 31 33 45,4,24,0.16666666666666666,NUMBER_POOL_AVAILABLE,0
DISCOVERY,475,474,1 4 7 8 10 11 12 17 18 20 21 24 28 31 33 34 35 37 40 43,20,1 9 14 16 21 29,2,20,0.1,NUMBER_POOL_AVAILABLE,0
DISCOVERY,476,475,1 2 4 6 11 12 17 20 24 25 26 27 30 31 32 33 34 37 38 43 44,21,9 12 13 15 37 38,3,21,0.14285714285714285,NUMBER_POOL_AVAILABLE,0
DISCOVERY,477,476,1 2 4 12 13 15 17 18 20 21 27 28 30 32 35 39 40 41 44,19,14 25 29 32 33 45,1,19,0.05263157894736842,NUMBER_POOL_AVAILABLE,0
DISCOVERY,478,477,3 7 8 10 11 12 13 21 27 30 32 34 37 38 39 41,16,18 29 30 37 39 43,3,16,0.1875,NUMBER_POOL_AVAILABLE,0
DISCOVERY,479,478,1 3 10 11 12 13 16 19 20 23 24 26 27 29 30 33 34 35 36 39 40 43 44,23,8 23 25 27 35 44,4,23,0.17391304347826086,NUMBER_POOL_AVAILABLE,0
DISCOVERY,480,479,1 8 13 16 17 18 20 24 27 28 31 32 33 34 37 38 40 43,18,3 5 10 17 30 31,2,18,0.1111111111111111,NUMBER_POOL_AVAILABLE,0
DISCOVERY,481,480,1 8 10 11 12 20 21 22 24 25 27 28 30 31 32 34 37 38 40 43,20,3 4 23 29 40 41,1,20,0.05,NUMBER_POOL_AVAILABLE,0
DISCOVERY,482,481,1 4 7 8 10 11 13 20 21 27 30 31 32 33 34 38 39 40 42 43,20,1 10 16 24 25 35,2,20,0.1,NUMBER_POOL_AVAILABLE,0
DISCOVERY,483,482,1 4 6 8 10 11 13 19 20 21 24 26 27 28 29 31 32 33 34 35 38 39 40 43,24,12 15 19 22 28 34,3,24,0.125,NUMBER_POOL_AVAILABLE,0
DISCOVERY,484,483,1 3 4 5 7 8 10 12 16 18 20 24 26 27 28 30 31 32 34 38 40 43 44,23,1 3 27 28 32 45,5,23,0.21739130434782608,NUMBER_POOL_AVAILABLE,0
DISCOVERY,485,484,1 2 6 11 12 13 14 16 17 18 19 20 21 27 28 29 30 31 32 34 35 38 39 40 41 43 44,27,17 22 26 27 36 39,3,27,0.1111111111111111,NUMBER_POOL_AVAILABLE,0
DISCOVERY,486,485,1 3 4 5 6 8 11 13 20 24 27 30 31 32 33 35 39 40 43 44,20,1 2 23 25 38 40,2,20,0.1,NUMBER_POOL_AVAILABLE,0
DISCOVERY,487,486,1 2 6 11 16 17 18 19 20 21 24 26 27 28 29 31 32 33 34 35 39 40 43 44,24,4 8 25 27 37 41,1,24,0.041666666666666664,NUMBER_POOL_AVAILABLE,0
DISCOVERY,488,487,1 3 4 8 9 10 11 13 15 18 20 21 22 23 25 28 31 34 37 38 39 41 43 44,24,2 8 17 30 31 38,3,24,0.125,NUMBER_POOL_AVAILABLE,0
DISCOVERY,489,488,2 5 6 8 13 14 15 19 20 21 22 25 26 27 29 30 33 34 35 36 38 40 43 44,24,2 4 8 15 20 27,5,24,0.20833333333333334,NUMBER_POOL_AVAILABLE,0
DISCOVERY,490,489,1 2 4 8 11 12 15 18 20 21 25 26 27 28 30 31 34 37 38 44,20,2 7 26 29 40 43,2,20,0.1,NUMBER_POOL_AVAILABLE,0
DISCOVERY,491,490,1 2 3 4 5 6 8 10 11 12 13 15 16 17 18 20 21 22 25 26 27 30 31 32 33 34 35 38 40 41 43 44,32,8 17 35 36 39 42,3,32,0.09375,NUMBER_POOL_AVAILABLE,0
DISCOVERY,492,491,1 2 3 4 6 8 11 13 16 19 20 21 23 25 26 27 28 31 34 36 37 39 40 41 43 44,26,22 27 31 35 37 40,4,26,0.15384615384615385,NUMBER_POOL_AVAILABLE,0
DISCOVERY,493,492,4 5 8 10 17 20 21 25 26 27 30 34 38 39 40 43 44,17,20 22 26 33 36 37,2,17,0.11764705882352941,NUMBER_POOL_AVAILABLE,0
DISCOVERY,494,493,1 2 9 11 13 17 19 20 24 25 26 30 34 36 39 40 43 44,18,5 7 8 15 30 43,2,18,0.1111111111111111,NUMBER_POOL_AVAILABLE,0
DISCOVERY,495,494,2 3 5 6 13 17 19 20 21 25 26 27 29 30 31 32 34 35 39 40 41 43,22,4 13 22 27 34 44,3,22,0.13636363636363635,NUMBER_POOL_AVAILABLE,0
DISCOVERY,496,495,2 3 4 8 13 19 20 21 25 26 30 31 33 34 35 36 38 40 43,19,4 13 20 29 36 41,4,19,0.21052631578947367,NUMBER_POOL_AVAILABLE,0
DISCOVERY,497,496,1 4 8 10 12 13 20 21 22 25 26 27 28 30 31 33 34 35 39 40 43 44,22,19 20 23 24 43 44,3,22,0.13636363636363635,NUMBER_POOL_AVAILABLE,0
DISCOVERY,498,497,1 4 5 12 13 14 20 21 24 25 27 34 37 38 39 42 43 44,18,13 14 24 32 39 41,4,18,0.2222222222222222,NUMBER_POOL_AVAILABLE,0
DISCOVERY,499,498,1 2 4 7 8 13 14 17 18 20 21 24 25 26 27 28 31 33 34 35 36 37 40 41 43 44,26,5 20 23 27 35 40,4,26,0.15384615384615385,NUMBER_POOL_AVAILABLE,0
DISCOVERY,500,499,1 2 8 10 11 13 19 20 25 26 27 30 31 33 34 35 36 37 40 43 44,21,3 4 12 20 24 34,2,21,0.09523809523809523,NUMBER_POOL_AVAILABLE,0
DISCOVERY,501,500,1 2 4 8 9 12 13 14 21 24 26 27 28 31 33 34 35 36 38 39 40 43 44,23,1 4 10 17 31 42,3,23,0.13043478260869565,NUMBER_POOL_AVAILABLE,0
DISCOVERY,502,501,2 4 8 10 12 13 19 20 24 27 31 33 34 35 36 38 43 44,18,6 22 28 32 34 40,1,18,0.05555555555555555,NUMBER_POOL_AVAILABLE,0
DISCOVERY,503,502,1 2 4 8 16 17 19 21 24 26 27 30 34 40 43 44,16,1 5 27 30 34 36,4,16,0.25,NUMBER_POOL_AVAILABLE,0
DISCOVERY,504,503,1 2 8 17 20 21 22 25 27 30 33 36 39 40 43 44,16,6 14 22 26 43 44,3,16,0.1875,NUMBER_POOL_AVAILABLE,0
DISCOVERY,505,504,2 3 4 5 7 8 9 12 13 14 19 20 21 22 24 25 26 27 28 30 31 33 34 35 37 38 39 40 43 44,30,7 20 22 25 38 40,6,30,0.2,NUMBER_POOL_AVAILABLE,0
DISCOVERY,506,505,1 2 5 8 10 11 12 13 19 20 24 25 26 27 33 34 36 37 39 40 44,21,6 9 11 22 24 30,2,21,0.09523809523809523,NUMBER_POOL_AVAILABLE,0
DISCOVERY,507,506,2 4 7 8 13 14 16 17 20 21 24 25 26 31 34 35 37 38 39 40 43 44,22,12 13 32 33 40 41,2,22,0.09090909090909091,NUMBER_POOL_AVAILABLE,0
DISCOVERY,508,507,1 3 4 5 8 10 12 13 18 25 27 29 31 33 34 36 39 40 41 43 44,21,5 27 31 34 35 43,5,21,0.23809523809523808,NUMBER_POOL_AVAILABLE,0
DISCOVERY,509,508,1 3 4 8 9 13 16 20 26 27 28 30 31 34 39 40 43 44,18,12 25 29 35 42 43,1,18,0.05555555555555555,NUMBER_POOL_AVAILABLE,0
DISCOVERY,510,509,1 3 4 8 9 12 13 14 16 18 20 24 26 30 31 32 34 36 37 38 39 40 41 42 43 44,26,12 29 32 33 39 40,4,26,0.15384615384615385,NUMBER_POOL_AVAILABLE,0
DISCOVERY,511,510,12 14 19 20 21 22 24 25 26 27 28 30 37 39 40 43 44,17,3 7 14 23 26 42,2,17,0.11764705882352941,NUMBER_POOL_AVAILABLE,0
DISCOVERY,512,511,2 3 4 5 6 8 12 13 14 15 16 18 19 20 24 26 28 34 38 39 40 41 43,23,4 5 9 13 26 27,4,23,0.17391304347826086,NUMBER_POOL_AVAILABLE,0
DISCOVERY,513,512,1 4 8 12 14 20 22 24 25 26 27 30 31 34 37 39 40 43 44,19,5 8 21 23 27 33,2,19,0.10526315789473684,NUMBER_POOL_AVAILABLE,0
DISCOVERY,514,513,2 8 12 13 14 19 20 24 26 28 31 32 33 35 37 38 40 43,18,1 15 20 26 35 42,3,18,0.16666666666666666,NUMBER_POOL_AVAILABLE,0
DISCOVERY,515,514,1 2 4 7 8 12 13 14 20 22 24 25 26 27 28 31 32 34 35 38 39 40 41 43,24,2 11 12 15 23 37,2,24,0.08333333333333333,NUMBER_POOL_AVAILABLE,0
DISCOVERY,516,515,1 2 4 8 13 15 17 20 26 27 28 31 32 34 38 40 43 44,18,2 8 23 41 43 44,4,18,0.2222222222222222,NUMBER_POOL_AVAILABLE,0
DISCOVERY,517,516,2 4 8 9 11 12 13 22 25 26 31 33 34 37 40 43,16,1 9 12 28 36 41,2,16,0.125,NUMBER_POOL_AVAILABLE,0
DISCOVERY,518,517,1 2 4 5 6 8 10 12 13 18 20 21 22 23 24 25 26 27 28 31 32 33 34 36 38 39 40 41 43 44,30,14 23 30 32 34 38,4,30,0.13333333333333333,NUMBER_POOL_AVAILABLE,0
DISCOVERY,519,518,1 2 3 4 5 7 8 12 13 14 16 20 21 25 26 27 28 30 32 34 36 40 43 44,24,6 8 13 16 30 43,5,24,0.20833333333333334,NUMBER_POOL_AVAILABLE,0
DISCOVERY,520,519,1 8 12 14 20 22 23 24 25 26 27 28 30 31 34 35 36 37 38 39 40 43 44,23,4 22 27 28 38 40,5,23,0.21739130434782608,NUMBER_POOL_AVAILABLE,0
DISCOVERY,521,520,1 2 4 6 10 17 19 20 24 26 27 31 33 34 35 36 37 40 43 44,20,3 7 18 29 32 36,1,20,0.05,NUMBER_POOL_AVAILABLE,0
DISCOVERY,522,521,1 2 4 5 8 12 13 20 22 23 25 26 27 28 30 32 33 34 35 36 37 40,22,4 5 13 14 37 41,4,22,0.18181818181818182,NUMBER_POOL_AVAILABLE,0
DISCOVERY,523,522,1 2 4 6 8 10 12 13 15 17 27 31 32 34 37 38 39 40 43 44,20,1 4 37 38 40 45,5,20,0.25,NUMBER_POOL_AVAILABLE,0
DISCOVERY,524,523,1 4 8 9 10 12 16 17 24 25 31 34 35 38 40,15,10 11 29 38 41 45,2,15,0.13333333333333333,NUMBER_POOL_AVAILABLE,0
DISCOVERY,525,524,1 2 4 7 8 12 13 14 15 18 20 25 27 30 31 32 33 34 35 36 38 39 40 41 43,25,11 23 26 29 39 44,1,25,0.04,NUMBER_POOL_AVAILABLE,0
DISCOVERY,526,525,2 5 6 7 8 10 12 13 16 18 20 24 25 26 27 28 30 31 32 33 34 35 36 37 38 39 40 43 44,29,7 14 17 20 35 39,4,29,0.13793103448275862,NUMBER_POOL_AVAILABLE,0
DISCOVERY,527,526,1 5 8 12 13 14 15 20 23 26 27 30 34 36 40 43 44,17,1 12 22 32 33 42,2,17,0.11764705882352941,NUMBER_POOL_AVAILABLE,0
DISCOVERY,528,527,1 4 5 7 10 12 13 14 16 17 20 27 37 38 39 40 42 43,18,5 17 25 31 39 40,4,18,0.2222222222222222,NUMBER_POOL_AVAILABLE,0
DISCOVERY,529,528,1 2 4 8 10 11 12 13 20 22 25 27 31 32 33 34 35 36 37 38 43 44,22,18 20 24 27 31 42,3,22,0.13636363636363635,NUMBER_POOL_AVAILABLE,0
DISCOVERY,530,529,2 7 8 9 10 12 13 15 20 22 24 25 26 27 31 32 33 34 35 36 37 38 39 40 42 43 44,27,16 23 27 29 33 41,2,27,0.07407407407407407,NUMBER_POOL_AVAILABLE,0
DISCOVERY,531,530,1 2 4 5 8 9 12 13 14 15 16 20 24 25 26 27 28 29 30 31 32 34 37 38 39 40 43,27,1 5 9 21 27 35,4,27,0.14814814814814814,NUMBER_POOL_AVAILABLE,0
DISCOVERY,532,531,1 4 8 10 12 17 20 22 24 25 26 27 29 31 32 34 35 36 37 38 39 40 42 43,24,16 17 23 24 29 44,3,24,0.125,NUMBER_POOL_AVAILABLE,0
DISCOVERY,533,532,1 4 5 7 10 13 15 20 22 25 26 27 29 31 32 35 36 37 39 40 41 43 44,23,9 14 15 17 31 33,2,23,0.08695652173913043,NUMBER_POOL_AVAILABLE,0
DISCOVERY,534,533,1 3 5 8 13 20 22 27 29 30 31 33 34 35 36 40 43 44,18,10 24 26 29 37 38,1,18,0.05555555555555555,NUMBER_POOL_AVAILABLE,0
DISCOVERY,535,534,1 2 8 11 12 13 16 17 20 24 26 27 29 31 32 34 36 37 38 39 40 42 43,23,11 12 14 15 18 39,3,23,0.13043478260869565,NUMBER_POOL_AVAILABLE,0
DISCOVERY,536,535,1 2 4 7 8 10 20 24 25 29 30 31 32 33 34 35 36 37 38 40 43,21,7 8 18 32 37 43,5,21,0.23809523809523808,NUMBER_POOL_AVAILABLE,0
DISCOVERY,537,536,1 2 4 11 12 13 14 25 31 32 33 34 35 36 37 40 42 43 44,19,12 23 26 30 36 43,3,19,0.15789473684210525,NUMBER_POOL_AVAILABLE,0
DISCOVERY,538,537,1 2 4 6 7 8 10 13 17 20 22 24 25 26 27 28 29 30 31 32 34 36 37 38 40 43 44,27,6 10 18 31 32 34,5,27,0.18518518518518517,NUMBER_POOL_AVAILABLE,0
DISCOVERY,539,538,1 2 4 5 8 12 13 14 20 23 24 27 30 34 36 37 39 40 43 44 45,21,3 19 22 31 42 43,1,21,0.047619047619047616,NUMBER_POOL_AVAILABLE,0
DISCOVERY,540,539,1 4 5 7 9 10 12 13 14 15 16 20 22 24 25 26 27 28 29 31 32 34 35 36 38 39 40 42 44,29,3 12 13 15 34 36,5,29,0.1724137931034483,NUMBER_POOL_AVAILABLE,0
DISCOVERY,541,540,1 2 4 5 11 12 13 16 17 23 24 26 27 30 32 33 34 36 38 40 42,21,8 13 26 28 32 34,4,21,0.19047619047619047,NUMBER_POOL_AVAILABLE,0
DISCOVERY,542,541,1 5 7 8 11 12 13 14 20 22 24 25 26 27 28 30 33 34 35 36 38 40 41 43 44,25,5 6 19 26 41 45,3,25,0.12,NUMBER_POOL_AVAILABLE,0
DISCOVERY,543,542,1 2 4 7 8 11 12 13 17 20 24 25 26 27 29 30 31 32 34 35 36 38 39 40 42 44,26,13 18 26 31 34 44,5,26,0.19230769230769232,NUMBER_POOL_AVAILABLE,0
DISCOVERY,544,543,4 7 8 9 10 12 13 16 20 24 25 26 27 30 31 32 33 34 35 36 40 43 44,23,5 17 21 25 36 44,3,23,0.13043478260869565,NUMBER_POOL_AVAILABLE,0
DISCOVERY,545,544,1 2 4 5 8 10 11 12 20 21 22 24 25 26 27 29 30 31 32 34 35 36 37 38 40 42 43 44,28,4 24 25 27 34 35,6,28,0.21428571428571427,NUMBER_POOL_AVAILABLE,0
DISCOVERY,546,545,1 2 4 7 8 10 11 12 17 20 24 27 31 32 33 34 36 37 38 40 42 43,22,8 17 20 27 37 43,6,22,0.2727272727272727,NUMBER_POOL_AVAILABLE,0
DISCOVERY,547,546,1 2 4 8 11 12 13 14 20 22 23 24 25 26 27 31 32 34 35 37 38 39 40 42 43,25,6 7 15 22 34 39,3,25,0.12,NUMBER_POOL_AVAILABLE,0
DISCOVERY,548,547,1 2 4 8 12 13 14 16 17 20 21 22 24 25 26 27 29 30 32 33 34 36 37 40 42 43,26,1 12 13 21 32 45,5,26,0.19230769230769232,NUMBER_POOL_AVAILABLE,0
DISCOVERY,549,548,5 7 10 12 13 17 22 24 26 27 30 31 32 34 35 36 37 38 40 41 42 43 44,23,29 31 35 38 40 44,5,23,0.21739130434782608,NUMBER_POOL_AVAILABLE,0
DISCOVERY,550,549,1 6 8 9 12 13 16 20 22 23 24 25 26 27 29 30 31 32 33 34 35 39 40 42,24,1 7 14 20 34 37,3,24,0.125,NUMBER_POOL_AVAILABLE,0
DISCOVERY,551,550,1 2 4 8 12 13 14 17 18 20 24 25 26 27 31 32 33 34 35 36 37 40 42 43,24,3 6 20 24 27 44,3,24,0.125,NUMBER_POOL_AVAILABLE,0
DISCOVERY,552,551,1 2 4 8 11 12 13 14 16 17 18 20 24 26 27 29 30 31 34 37 40 43 44,23,1 10 20 32 35 40,3,23,0.13043478260869565,NUMBER_POOL_AVAILABLE,0
DISCOVERY,553,552,1 2 4 5 8 12 13 20 24 26 27 31 32 34 37 38 39 40 43 44,20,2 7 17 28 29 39,2,20,0.1,NUMBER_POOL_AVAILABLE,0
DISCOVERY,554,553,1 2 4 5 8 11 12 13 14 20 21 22 25 27 32 34 35 37 42 43,20,13 14 17 32 41 42,4,20,0.2,NUMBER_POOL_AVAILABLE,0
DISCOVERY,555,554,1 4 5 8 13 14 16 17 19 20 24 26 27 28 31 32 34 35 36 37 38 39 40 42,24,11 17 21 24 26 36,4,24,0.16666666666666666,NUMBER_POOL_AVAILABLE,0
DISCOVERY,556,555,10 14 17 20 24 26 27 29 30 31 32 34 35 36 37 38 40 42 43 45,20,12 20 23 28 30 44,2,20,0.1,NUMBER_POOL_AVAILABLE,0
DISCOVERY,557,556,10 11 12 13 14 17 20 24 26 27 30 31 32 34 37 39 40 43,18,4 20 26 28 35 40,3,18,0.16666666666666666,NUMBER_POOL_AVAILABLE,0
DISCOVERY,558,557,2 4 5 9 10 12 13 14 15 16 17 20 21 22 25 26 27 30 31 32 33 34 39 40 42 43,26,12 15 19 26 40 43,5,26,0.19230769230769232,NUMBER_POOL_AVAILABLE,0
DISCOVERY,559,558,1 3 4 7 11 12 13 15 20 22 25 26 27 28 29 31 32 34 35 36 37 38 39 40 41 43 44,27,11 12 25 32 44 45,5,27,0.18518518518518517,NUMBER_POOL_AVAILABLE,0
DISCOVERY,560,559,1 6 9 12 13 17 20 21 22 24 25 26 27 28 29 30 31 32 34 35 36 38 39 40 42 44,26,1 4 20 23 29 45,3,26,0.11538461538461539,NUMBER_POOL_AVAILABLE,0
DISCOVERY,561,560,1 2 4 7 8 9 12 13 16 17 20 21 23 24 26 27 29 30 31 32 34 39 40 42 43,25,5 7 18 37 42 45,2,25,0.08,NUMBER_POOL_AVAILABLE,0
DISCOVERY,562,561,1 2 4 6 8 9 11 12 13 17 20 24 26 27 29 31 32 33 36 37 38 39 40 44,24,4 11 13 17 20 31,6,24,0.25,NUMBER_POOL_AVAILABLE,0
DISCOVERY,563,562,2 4 5 7 10 11 12 13 17 20 24 26 27 29 32 34 36 37 40 42 43,21,5 10 16 17 31 32,4,21,0.19047619047619047,NUMBER_POOL_AVAILABLE,0
DISCOVERY,564,563,1 2 4 5 6 8 9 10 11 12 13 14 17 20 21 24 26 27 30 32 34 36 37 40 44 45,26,14 19 25 26 27 34,4,26,0.15384615384615385,NUMBER_POOL_AVAILABLE,0
DISCOVERY,565,564,1 2 4 5 7 10 11 12 13 14 17 24 25 26 27 29 31 32 34 35 36 37 38 39 40 43 44 45,28,4 10 18 27 40 45,5,28,0.17857142857142858,NUMBER_POOL_AVAILABLE,0
DISCOVERY,566,565,1 2 4 5 6 8 9 10 11 12 13 17 20 22 24 25 26 27 30 31 34 37 42 45,24,4 5 6 25 26 43,5,24,0.20833333333333334,NUMBER_POOL_AVAILABLE,0
DISCOVERY,567,566,1 8 10 12 13 16 20 21 23 24 25 26 27 29 31 34 37 39 40 42,20,1 10 15 16 32 41,3,20,0.15,NUMBER_POOL_AVAILABLE,0
DISCOVERY,568,567,1 2 4 5 8 9 10 12 13 14 15 17 20 21 22 24 25 26 27 30 31 32 33 34 35 38 43 45,28,1 3 17 20 31 44,4,28,0.14285714285714285,NUMBER_POOL_AVAILABLE,0
DISCOVERY,569,568,1 2 4 5 7 8 9 11 12 13 14 15 17 20 24 25 26 27 31 32 34 35 36 37 38 42 43,27,3 6 13 23 24 35,3,27,0.1111111111111111,NUMBER_POOL_AVAILABLE,0
DISCOVERY,570,569,1 2 4 8 9 12 13 14 15 16 17 18 20 24 26 27 29 30 31 32 34 35 36 38 39 40 42 43 45,29,1 12 26 27 29 33,5,29,0.1724137931034483,NUMBER_POOL_AVAILABLE,0
DISCOVERY,571,570,1 2 4 5 7 10 12 13 14 17 20 22 25 26 27 29 31 32 34 37 38 39 40 43 44,25,11 18 21 26 38 43,3,25,0.12,NUMBER_POOL_AVAILABLE,0
DISCOVERY,572,571,1 4 5 9 12 14 15 17 20 25 26 27 28 29 30 31 32 34 35 36 37 38 39 40 41 42 43,27,3 13 18 33 37 45,1,27,0.037037037037037035,NUMBER_POOL_AVAILABLE,0
DISCOVERY,573,572,1 2 4 6 7 8 9 10 12 13 14 15 17 20 21 24 25 26 27 29 31 32 34 35 36 37 40 43,28,2 4 20 34 35 43,6,28,0.21428571428571427,NUMBER_POOL_AVAILABLE,0
DISCOVERY,574,573,1 2 4 8 11 12 13 14 16 17 18 20 31 32 34 37 40 43 45,19,14 15 16 19 25 43,3,19,0.15789473684210525,NUMBER_POOL_AVAILABLE,0
DISCOVERY,575,574,2 5 9 10 13 15 16 17 20 22 24 25 26 29 30 31 32 34 39 40 41 43 44,23,2 8 20 30 33 34,4,23,0.17391304347826086,NUMBER_POOL_AVAILABLE,0
DISCOVERY,576,575,1 2 4 8 12 13 15 16 17 20 21 24 25 26 27 30 31 32 34 40 42 43,22,10 11 15 25 35 41,2,22,0.09090909090909091,NUMBER_POOL_AVAILABLE,0
DISCOVERY,577,576,1 3 4 5 8 10 12 13 14 17 20 24 25 26 27 31 32 34 35 36 38 40 42 43 44,25,16 17 22 31 34 37,3,25,0.12,NUMBER_POOL_AVAILABLE,0
DISCOVERY,578,577,1 2 6 10 12 15 20 21 24 25 27 30 31 32 34 35 37 39 40 42 43,21,5 12 14 32 34 42,4,21,0.19047619047619047,NUMBER_POOL_AVAILABLE,0
DISCOVERY,579,578,1 2 4 5 10 11 12 13 17 20 25 26 31 32 34 35 37 40 43 45,20,5 7 20 22 37 42,3,20,0.15,NUMBER_POOL_AVAILABLE,0
DISCOVERY,580,579,1 2 4 6 8 9 10 12 13 14 15 16 17 20 24 26 27 29 34 37 39 42 43 45,24,5 7 9 11 32 35,1,24,0.041666666666666664,NUMBER_POOL_AVAILABLE,0
DISCOVERY,581,580,1 2 4 5 12 13 14 15 17 20 21 22 26 27 30 31 32 34 37 40 42 43,22,3 5 14 20 42 44,4,22,0.18181818181818182,NUMBER_POOL_AVAILABLE,0
DISCOVERY,582,581,1 2 4 5 6 7 8 9 10 11 12 13 14 17 20 21 25 26 27 28 30 31 32 34 35 36 37 38 39 41 42 43,32,2 12 14 33 40 41,4,32,0.125,NUMBER_POOL_AVAILABLE,0
DISCOVERY,583,582,1 2 5 12 13 14 17 20 21 24 25 26 31 32 34 35 36 37 39 40 43,21,8 17 27 33 40 44,2,21,0.09523809523809523,NUMBER_POOL_AVAILABLE,0
DISCOVERY,584,583,1 3 5 8 9 11 12 13 14 15 16 17 20 25 26 27 29 30 31 32 34 35 36 39 40 42 43 44,28,7 18 30 39 40 41,3,28,0.10714285714285714,NUMBER_POOL_AVAILABLE,0
DISCOVERY,585,584,1 2 5 7 8 9 10 11 12 13 14 15 16 17 20 21 22 24 26 27 28 29 30 31 32 33 34 39 43 44,30,6 7 10 16 38 41,3,30,0.1,NUMBER_POOL_AVAILABLE,0
DISCOVERY,586,585,1 2 5 6 8 10 11 12 13 20 21 22 24 27 28 31 34 37 38 39 40 43 44 45,24,2 7 12 15 21 34,4,24,0.16666666666666666,NUMBER_POOL_AVAILABLE,0
DISCOVERY,587,586,1 2 4 5 6 7 8 9 12 13 14 17 20 21 24 26 27 28 30 31 33 34 35 36 37 38 39 42 43,29,14 21 29 31 32 37,4,29,0.13793103448275862,NUMBER_POOL_AVAILABLE,0
DISCOVERY,588,587,2 5 10 12 13 14 17 20 24 26 27 30 31 32 34 38 39 40 43,19,2 8 15 22 25 41,1,19,0.05263157894736842,NUMBER_POOL_AVAILABLE,0
DISCOVERY,589,588,1 2 4 7 9 12 13 14 17 20 21 24 25 26 27 28 29 31 33 34 35 36 37 39 42 43,26,6 8 28 33 38 39,3,26,0.11538461538461539,NUMBER_POOL_AVAILABLE,0
DISCOVERY,590,589,1 2 4 5 7 10 11 13 15 17 20 22 24 25 26 27 29 31 32 33 34 37 38 39 40 42 43,27,20 30 36 38 41 45,2,27,0.07407407407407407,NUMBER_POOL_AVAILABLE,0
DISCOVERY,591,590,1 7 9 10 11 12 13 14 15 20 21 22 24 25 26 27 29 30 31 32 33 34 35 36 39 42 45,27,8 13 14 30 38 39,4,27,0.14814814814814814,NUMBER_POOL_AVAILABLE,0
DISCOVERY,592,591,1 2 4 5 7 9 10 11 14 15 17 20 21 22 24 26 28 29 30 32 34 35 36 37 39 40 42 43,28,2 5 6 13 28 44,3,28,0.10714285714285714,NUMBER_POOL_AVAILABLE,0
DISCOVERY,593,592,1 2 9 12 13 14 15 16 20 22 24 25 26 30 31 32 33 34 35 36 37 38 39 40 43 44,26,9 10 13 24 33 38,5,26,0.19230769230769232,NUMBER_POOL_AVAILABLE,0
DISCOVERY,594,593,1 2 4 5 10 12 13 14 15 17 20 21 22 24 26 27 28 29 30 32 34 35 38 39 40 42 43 44,28,2 8 13 25 28 37,3,28,0.10714285714285714,NUMBER_POOL_AVAILABLE,0
DISCOVERY,595,594,1 2 4 9 12 13 14 15 16 20 21 22 24 25 26 27 29 30 31 32 33 34 35 36 37 38 39 40 43 45,30,8 24 28 35 38 40,4,30,0.13333333333333333,NUMBER_POOL_AVAILABLE,0
DISCOVERY,596,595,1 2 3 4 5 12 20 24 25 26 29 30 31 32 33 34 37 38 39 40 42 44,22,3 4 12 14 25 43,4,22,0.18181818181818182,NUMBER_POOL_AVAILABLE,0
DISCOVERY,597,596,1 2 3 4 5 6 7 10 11 12 13 14 15 16 17 20 21 22 23 24 26 27 31 32 33 34 35 37 38 43 45,31,8 10 23 24 35 43,5,31,0.16129032258064516,NUMBER_POOL_AVAILABLE,0
DISCOVERY,598,597,1 2 3 4 5 9 11 13 14 15 17 19 20 24 25 26 28 29 31 32 34 35 37 38 39 40 43 44,28,4 12 24 33 38 45,3,28,0.10714285714285714,NUMBER_POOL_AVAILABLE,0
DISCOVERY,599,598,2 4 5 6 7 8 10 12 13 14 15 16 17 20 22 25 26 28 29 31 32 34 35 37 38 39 42 43 44 45,30,5 12 17 29 34 35,6,30,0.2,NUMBER_POOL_AVAILABLE,0
DISCOVERY,600,599,2 4 5 6 10 12 17 20 22 24 25 26 27 29 30 31 35 37 38 42 43 44,22,5 11 14 27 29 36,3,22,0.13636363636363635,NUMBER_POOL_AVAILABLE,0
DISCOVERY,601,600,1 2 4 5 6 9 10 11 12 13 14 15 17 20 21 22 24 25 26 27 29 31 32 33 34 35 36 37 38 40 42 43 45,33,2 16 19 31 34 35,4,33,0.12121212121212122,NUMBER_POOL_AVAILABLE,0
DISCOVERY,602,601,1 2 5 12 13 14 17 20 21 22 24 25 26 29 30 31 34 37 38 39 40 42 44 45,24,13 14 22 27 30 38,5,24,0.20833333333333334,NUMBER_POOL_AVAILABLE,0
DISCOVERY,603,602,2 5 6 7 9 10 11 14 16 17 20 21 22 24 25 26 27 28 29 31 32 33 34 35 37 38 39 40 42 43 45,31,2 19 25 26 27 43,5,31,0.16129032258064516,NUMBER_POOL_AVAILABLE,0
DISCOVERY,604,603,2 4 5 6 10 12 13 14 17 20 22 24 25 28 29 31 35 37 38 43 45,21,2 6 18 21 33 34,2,21,0.09523809523809523,NUMBER_POOL_AVAILABLE,0
DISCOVERY,605,604,1 2 3 4 5 9 12 13 14 15 16 17 20 21 24 25 26 27 28 30 31 34 35 36 37 38 40 42 43 44,30,1 2 7 9 10 38,4,30,0.13333333333333333,NUMBER_POOL_AVAILABLE,0
DISCOVERY,606,605,1 2 3 4 13 14 16 17 21 22 27 28 29 33 34 35 37 38 39 40 43 45,22,1 5 6 14 20 39,3,22,0.13636363636363635,NUMBER_POOL_AVAILABLE,0
DISCOVERY,607,606,1 2 5 12 13 14 15 17 18 20 21 22 24 25 26 27 29 30 31 34 36 37 38 39 40 42 43 44 45,29,8 14 23 36 38 39,4,29,0.13793103448275862,NUMBER_POOL_AVAILABLE,0
DISCOVERY,608,607,1 3 5 9 10 11 12 14 16 17 20 21 24 26 27 30 31 32 33 34 35 38 39 40 43 45,26,4 8 18 19 39 44,1,26,0.038461538461538464,NUMBER_POOL_AVAILABLE,0
DISCOVERY,609,608,1 2 3 4 5 6 7 8 11 12 13 14 20 21 22 24 25 31 34 35 38 39 40 45,24,4 8 27 34 39 40,5,24,0.20833333333333334,NUMBER_POOL_AVAILABLE,0
DISCOVERY,610,609,1 2 3 4 5 7 8 9 12 13 14 16 17 20 21 22 24 25 27 28 30 31 33 34 35 37 38 39 42 43 44,31,14 18 20 23 28 36,3,31,0.0967741935483871,NUMBER_POOL_AVAILABLE,0
DISCOVERY,611,610,4 7 8 10 12 13 17 20 24 25 26 27 30 34 35 36 37,17,2 22 27 33 36 37,3,17,0.17647058823529413,NUMBER_POOL_AVAILABLE,0
DISCOVERY,612,611,2 5 6 8 9 12 13 14 15 16 17 18 20 21 22 25 26 27 29 30 31 33 34 37 38 39 40,27,6 9 18 19 25 33,5,27,0.18518518518518517,NUMBER_POOL_AVAILABLE,0
DISCOVERY,613,612,1 2 3 4 5 7 8 11 12 13 14 17 19 20 22 24 25 26 28 31 33 34 35 36 38 43 45,27,7 8 11 16 41 44,3,27,0.1111111111111111,NUMBER_POOL_AVAILABLE,0
DISCOVERY,614,613,1 3 4 7 8 9 10 12 13 14 15 19 20 22 23 26 27 28 30 31 33 34 35 36 37 38 39 40 44 45,30,8 21 25 39 40 44,4,30,0.13333333333333333,NUMBER_POOL_AVAILABLE,0
DISCOVERY,615,614,1 5 6 8 9 12 13 14 17 20 21 22 25 26 27 29 31 34 35 38 39 42 43 44 45,25,10 17 18 19 23 27,2,25,0.08,NUMBER_POOL_AVAILABLE,0
DISCOVERY,616,615,4 5 6 8 10 11 12 13 17 18 20 22 25 27 28 29 30 31 33 34 35 37 39 40 42 43,26,5 13 18 23 40 45,4,26,0.15384615384615385,NUMBER_POOL_AVAILABLE,0
DISCOVERY,617,616,1 2 3 4 5 8 10 12 13 14 17 18 20 24 25 28 31 33 34 35 37 38 39 40 44 45,26,4 5 11 12 24 27,4,26,0.15384615384615385,NUMBER_POOL_AVAILABLE,0
DISCOVERY,618,617,1 2 3 4 8 13 14 16 17 18 19 20 21 25 26 27 28 31 35 38 42 43 45,23,8 16 25 30 42 43,5,23,0.21739130434782608,NUMBER_POOL_AVAILABLE,0
DISCOVERY,619,618,2 4 6 9 10 11 12 13 14 16 17 18 20 21 22 24 25 26 27 28 29 30 33 35 38 39 40 44 45,29,6 8 13 30 35 40,5,29,0.1724137931034483,NUMBER_POOL_AVAILABLE,0
DISCOVERY,620,619,1 3 4 5 7 8 9 10 12 13 14 15 16 17 18 20 21 22 24 25 26 27 28 29 30 31 34 35 36 37 38 42 43 45,34,2 16 17 32 39 45,3,34,0.08823529411764706,NUMBER_POOL_AVAILABLE,0
DISCOVERY,621,620,2 4 5 7 8 9 10 11 13 14 15 16 18 20 21 22 23 24 25 26 27 30 31 33 34 35 38 39 40 42 45,31,1 2 6 16 19 42,3,31,0.0967741935483871,NUMBER_POOL_AVAILABLE,0
DISCOVERY,622,621,1 2 4 5 8 13 14 16 17 20 21 24 27 31 34 35 43 44,18,9 15 16 21 28 34,3,18,0.16666666666666666,NUMBER_POOL_AVAILABLE,0
DISCOVERY,623,622,4 5 9 10 12 13 14 16 18 20 21 25 26 28 31 33 34 35 37 38 39 40 41 42 43 45,26,7 13 30 39 41 45,4,26,0.15384615384615385,NUMBER_POOL_AVAILABLE,0
DISCOVERY,624,623,1 5 6 7 9 12 13 14 15 16 17 18 20 21 22 24 25 27 29 30 31 32 33 34 35 39 40 42 44 45,30,1 7 19 26 27 35,4,30,0.13333333333333333,NUMBER_POOL_AVAILABLE,0
DISCOVERY,625,624,2 3 4 5 9 11 13 14 15 16 17 20 21 22 25 26 27 29 31 33 34 35 37 39 40 41 42 43 45,29,3 6 7 20 21 39,4,29,0.13793103448275862,NUMBER_POOL_AVAILABLE,0
DISCOVERY,626,625,2 4 5 8 12 13 14 15 16 17 18 20 21 23 24 25 26 27 28 29 30 31 32 33 34 35 37 39 40 45,30,13 14 26 33 40 43,5,30,0.16666666666666666,NUMBER_POOL_AVAILABLE,0
DISCOVERY,627,626,4 10 11 14 16 20 22 24 25 26 27 28 30 34 35 37 39 40 44 45,20,2 9 22 25 31 45,3,20,0.15,NUMBER_POOL_AVAILABLE,0
DISCOVERY,628,627,2 3 4 5 6 7 12 13 14 18 20 21 25 26 29 31 33 34 35 37 39 40 42 43 45,25,1 7 12 15 23 42,3,25,0.12,NUMBER_POOL_AVAILABLE,0
DISCOVERY,629,628,1 2 3 4 5 7 9 13 14 15 16 17 18 21 22 24 25 27 28 29 30 33 34 37 39 40 42 43 44 45,30,19 28 31 38 43 44,3,30,0.1,NUMBER_POOL_AVAILABLE,0
DISCOVERY,630,629,1 2 4 5 6 8 9 10 12 13 14 15 17 19 20 21 24 25 27 28 29 30 34 35 38 39 42 44 45,29,8 17 21 24 27 31,5,29,0.1724137931034483,NUMBER_POOL_AVAILABLE,0
DISCOVERY,631,630,1 4 5 6 9 12 13 14 16 18 19 20 22 24 25 26 27 28 29 30 31 33 34 35 37 40 41 42 43 45,30,1 2 4 23 31 34,4,30,0.13333333333333333,NUMBER_POOL_AVAILABLE,0
DISCOVERY,632,631,1 2 4 5 8 13 16 17 18 19 20 23 24 25 27 28 31 32 34 35 37 38 40 42 43,25,15 18 21 32 35 44,3,25,0.12,NUMBER_POOL_AVAILABLE,0
DISCOVERY,633,632,2 4 5 6 8 9 12 13 14 16 18 19 20 21 23 24 25 26 27 28 29 30 32 34 35 37 38 40 41 42 43 44,32,9 12 19 20 39 41,5,32,0.15625,NUMBER_POOL_AVAILABLE,0
DISCOVERY,634,633,1 2 5 6 8 11 12 13 14 15 16 20 21 22 26 27 31 33 34 35 39 40 42 43 44 45,26,4 10 11 12 20 27,4,26,0.15384615384615385,NUMBER_POOL_AVAILABLE,0
DISCOVERY,635,634,1 2 3 4 5 6 7 8 9 10 11 14 17 18 20 21 25 27 28 30 34 37 38 40 42 43 45,27,11 13 25 26 29 33,2,27,0.07407407407407407,NUMBER_POOL_AVAILABLE,0
DISCOVERY,636,635,1 2 10 11 12 13 14 16 17 20 21 25 26 27 30 31 32 34 35 37 40 42 43 45,24,6 7 15 16 20 31,3,24,0.125,NUMBER_POOL_AVAILABLE,0
DISCOVERY,637,636,1 3 4 5 7 8 12 13 16 20 21 22 24 25 26 27 28 30 31 33 34 38 40 43 45,25,3 16 22 37 38 44,4,25,0.16,NUMBER_POOL_AVAILABLE,0
DISCOVERY,638,637,27,1,7 18 22 24 31 34,0,1,0.0,NO_NUMBER_POOL,0
DISCOVERY,639,638,1 2 3 4 5 7 8 9 11 12 13 14 15 16 18 20 21 25 26 27 28 29 30 32 34 35 37 40 41 42 43 45,32,6 15 22 23 25 32,3,32,0.09375,NUMBER_POOL_AVAILABLE,0
DISCOVERY,640,639,5 6 8 9 12 13 14 16 17 18 20 23 26 27 34 35 37 40 42 43 45,21,14 15 18 21 26 35,4,21,0.19047619047619047,NUMBER_POOL_AVAILABLE,0
DISCOVERY,641,640,1 4 5 6 10 11 12 13 14 15 17 18 20 21 23 24 25 26 28 30 31 33 34 35 38 42 43 44,28,11 18 21 36 37 43,4,28,0.14285714285714285,NUMBER_POOL_AVAILABLE,0
DISCOVERY,642,641,1 2 3 5 11 12 13 15 16 17 18 19 20 21 24 25 26 27 28 29 30 31 32 33 34 35 37 40 43 44 45,31,8 17 18 24 39 45,4,31,0.12903225806451613,NUMBER_POOL_AVAILABLE,0
DISCOVERY,643,642,2 3 4 5 6 7 8 9 10 12 13 14 16 19 20 21 22 23 24 25 27 28 29 30 32 34 35 37 38 39 44 45,32,15 24 31 32 33 40,2,32,0.0625,NUMBER_POOL_AVAILABLE,0
DISCOVERY,644,643,1 2 4 9 10 11 13 14 15 16 17 19 20 21 24 25 27 28 30 32 34 37 40 42 43 45,26,5 13 17 23 28 36,3,26,0.11538461538461539,NUMBER_POOL_AVAILABLE,0
DISCOVERY,645,644,1 2 3 4 5 7 8 9 12 13 14 16 20 21 22 23 24 25 26 27 29 30 31 32 33 34 35 38 42 43 45,31,1 4 16 26 40 41,4,31,0.12903225806451613,NUMBER_POOL_AVAILABLE,0
DISCOVERY,646,645,1 2 3 4 5 6 8 9 12 13 14 15 17 18 19 20 24 25 27 28 30 35 39 44 45,25,2 9 24 41 43 45,4,25,0.16,NUMBER_POOL_AVAILABLE,0
DISCOVERY,647,646,1 2 3 4 5 6 7 8 13 14 16 17 19 20 21 22 23 24 25 27 30 32 34 35 40 43 45,27,5 16 21 23 24 30,6,27,0.2222222222222222,NUMBER_POOL_AVAILABLE,0
DISCOVERY,648,647,2 5 6 8 9 12 13 14 18 20 21 24 25 26 27 31 32 33 37 40 42 43 45,23,13 19 28 37 38 43,3,23,0.13043478260869565,NUMBER_POOL_AVAILABLE,0
DISCOVERY,649,648,2 4 5 6 8 9 12 13 14 16 19 20 21 23 24 28 29 30 31 32 35 39 40 44 45,25,3 21 22 33 41 42,1,25,0.04,NUMBER_POOL_AVAILABLE,0
DISCOVERY,650,649,1 2 4 6 8 13 14 15 17 18 20 22 23 25 27 29 31 33 35 37 38 39 40 43 44 45,26,3 4 7 11 31 41,2,26,0.07692307692307693,NUMBER_POOL_AVAILABLE,0
DISCOVERY,651,650,1 2 4 5 8 9 12 13 14 16 17 18 20 21 22 24 25 28 29 30 31 32 33 35 37 39 40 41 43 44 45,31,11 12 16 26 29 44,4,31,0.12903225806451613,NUMBER_POOL_AVAILABLE,0
DISCOVERY,652,651,2 4 6 9 11 17 18 19 21 22 23 24 25 27 28 29 30 32 33 35 37 38 42 43 45,25,3 13 15 40 41 44,0,25,0.0,NUMBER_POOL_AVAILABLE,0
DISCOVERY,653,652,1 2 4 6 8 9 11 12 13 15 16 18 19 20 21 22 23 24 25 29 30 31 32 33 36 38 41 44 45,29,5 6 26 27 38 39,2,29,0.06896551724137931,NUMBER_POOL_AVAILABLE,0
DISCOVERY,654,653,1 2 4 8 13 15 16 17 18 19 20 21 23 25 26 27 28 29 31 33 35 38 39 42 43 45,26,16 21 26 31 36 43,5,26,0.19230769230769232,NUMBER_POOL_AVAILABLE,0
DISCOVERY,655,654,27,1,7 37 38 39 40 44,0,1,0.0,NO_NUMBER_POOL,0
DISCOVERY,656,655,5 6 8 12 14 19 20 24 25 26 27 31 33 35 40 44 45,17,3 7 14 16 31 40,3,17,0.17647058823529413,NUMBER_POOL_AVAILABLE,0
DISCOVERY,657,656,1 2 3 4 5 7 8 12 13 14 16 18 33 35 39 40 42,17,10 14 19 39 40 43,3,17,0.17647058823529413,NUMBER_POOL_AVAILABLE,0
DISCOVERY,658,657,2 3 5 6 9 10 12 14 16 17 18 19 20 21 23 24 25 26 27 28 31 33 35 36 38 40 45,27,8 19 25 28 32 36,4,27,0.14814814814814814,NUMBER_POOL_AVAILABLE,0
DISCOVERY,659,658,2 4 5 6 7 8 9 15 17 19 20 23 24 25 26 27 30 32 33 35 36 37 39 40 42 43 45,27,7 18 19 27 29 42,4,27,0.14814814814814814,NUMBER_POOL_AVAILABLE,0
DISCOVERY,660,659,2 4 5 6 8 11 13 14 16 18 19 20 21 22 24 27 29 32 35 37 38 39 43 45,24,4 9 23 33 39 44,2,24,0.08333333333333333,NUMBER_POOL_AVAILABLE,0
DISCOVERY,661,660,1 2 3 4 5 7 8 12 13 14 15 16 17 18 19 23 24 25 27 28 33 35 37 38 39 40 42 44 45,29,2 3 12 20 27 38,5,29,0.1724137931034483,NUMBER_POOL_AVAILABLE,0
DISCOVERY,662,661,1 2 3 4 5 6 8 9 10 12 13 14 15 16 17 18 19 20 21 23 24 25 27 28 29 30 31 33 35 36 38 39 40 42 43 45,36,5 6 9 11 15 37,4,36,0.1111111111111111,NUMBER_POOL_AVAILABLE,0
DISCOVERY,663,662,2 3 4 8 9 11 12 13 14 16 17 19 20 21 22 24 25 27 28 29 30 31 32 36 37 38 39 40 43 45,30,3 5 8 19 38 42,4,30,0.13333333333333333,NUMBER_POOL_AVAILABLE,0
DISCOVERY,664,663,1 2 4 5 6 8 13 14 15 16 17 18 19 23 25 26 31 32 33 34 37 38 39 40 43 44 45,27,10 20 33 36 41 44,2,27,0.07407407407407407,NUMBER_POOL_AVAILABLE,0
DISCOVERY,665,664,1 2 3 4 5 6 8 9 10 11 12 14 15 18 19 20 21 22 24 26 28 29 30 33 35 37 38 39 40 43 44 45,32,5 6 11 17 38 44,5,32,0.15625,NUMBER_POOL_AVAILABLE,0
DISCOVERY,666,665,1 2 3 4 5 8 11 12 13 14 17 20 21 24 26 27 31 33 34 35 38 39 40 42 43 44 45,27,2 4 6 11 17 28,4,27,0.14814814814814814,NUMBER_POOL_AVAILABLE,0
DISCOVERY,667,666,1 2 8 11 12 13 14 15 17 18 21 24 25 28 32 35 37 38 40 42 43 45,22,15 17 25 37 42 43,6,22,0.2727272727272727,NUMBER_POOL_AVAILABLE,0
DISCOVERY,668,667,2 3 4 6 12 13 16 17 18 19 20 24 25 27 28 31 32 33 38 39 40 42,22,12 14 15 24 27 32,4,22,0.18181818181818182,NUMBER_POOL_AVAILABLE,0
DISCOVERY,669,668,2 3 6 8 9 12 13 15 16 17 19 20 23 25 27 28 29 30 31 33 35 37 38 40 41 42 43,27,7 8 20 29 33 38,5,27,0.18518518518518517,NUMBER_POOL_AVAILABLE,0
DISCOVERY,670,669,2 3 4 8 12 13 15 17 18 19 20 21 24 25 27 28 30 33 35 37 38 39 40 43,24,11 18 26 27 40 41,3,24,0.125,NUMBER_POOL_AVAILABLE,0
DISCOVERY,671,670,1 5 6 9 11 12 13 14 16 18 19 20 24 25 26 27 28 31 33 35 37 38 39 40 43 44 45,27,7 9 10 13 31 35,4,27,0.14814814814814814,NUMBER_POOL_AVAILABLE,0
DISCOVERY,672,671,1 2 4 6 7 8 12 13 14 16 17 18 19 21 23 24 27 28 33 35 37 38 39 40 42,25,8 21 28 31 36 45,3,25,0.12,NUMBER_POOL_AVAILABLE,0
DISCOVERY,673,672,1 4 6 8 9 12 13 15 18 19 20 21 23 24 25 26 27 30 31 32 35 39 40 43 44 45,26,7 10 17 29 33 44,1,26,0.038461538461538464,NUMBER_POOL_AVAILABLE,0
DISCOVERY,674,673,1 2 3 4 5 6 8 9 13 16 18 19 20 21 23 24 28 29 30 31 33 34 35 38 39 43 44,27,9 10 14 25 27 31,2,27,0.07407407407407407,NUMBER_POOL_AVAILABLE,0
DISCOVERY,675,674,1 2 3 4 6 7 8 11 13 14 16 17 18 19 20 23 24 27 28 29 30 31 32 33 35 37 38 39 40 42 43,31,1 8 11 15 18 45,4,31,0.12903225806451613,NUMBER_POOL_AVAILABLE,0
DISCOVERY,676,675,1 2 3 4 7 8 10 11 12 13 14 17 18 20 25 27 28 31 35 37 38 40 43,23,1 8 17 34 39 45,3,23,0.13043478260869565,NUMBER_POOL_AVAILABLE,0
DISCOVERY,677,676,2 3 4 5 6 8 9 11 14 15 18 19 20 21 22 24 27 28 29 32 33 35 38 39 40 42 43 44 45,29,12 15 24 36 41 44,3,29,0.10344827586206896,NUMBER_POOL_AVAILABLE,0
DISCOVERY,678,677,2 3 5 6 9 11 12 13 14 15 16 17 20 21 23 24 26 27 28 31 33 35 37 38 40 45,26,4 5 6 12 25 37,4,26,0.15384615384615385,NUMBER_POOL_AVAILABLE,0
DISCOVERY,679,678,1 2 5 8 12 13 14 15 17 18 25 26 27 28 31 32 35 38 39 40 42 44,22,3 5 7 14 26 34,3,22,0.13636363636363635,NUMBER_POOL_AVAILABLE,0
DISCOVERY,680,679,1 3 5 7 8 9 12 13 14 15 18 22 24 25 26 27 28 29 30 31 33 35 36 37 39 40 41 42 43 45,30,4 10 19 29 32 42,2,30,0.06666666666666667,NUMBER_POOL_AVAILABLE,0
DISCOVERY,681,680,1 2 3 4 5 6 7 8 9 12 14 15 17 18 23 24 27 30 31 33 35 38 44,23,21 24 27 29 43 44,3,23,0.13043478260869565,NUMBER_POOL_AVAILABLE,0
DISCOVERY,682,681,2 3 4 6 8 12 13 16 17 19 20 21 23 27 30 35 39 42 43 44,20,17 23 27 35 38 43,5,20,0.25,NUMBER_POOL_AVAILABLE,0
DISCOVERY,683,682,27,1,6 13 20 27 28 40,1,1,1.0,NO_NUMBER_POOL,0
DISCOVERY,684,683,2 3 4 5 6 8 9 11 12 13 15 16 17 18 20 23 24 26 27 28 29 30 31 32 33 35 37 38 40 41 42 43 45,33,1 11 15 17 25 39,3,33,0.09090909090909091,NUMBER_POOL_AVAILABLE,0
DISCOVERY,685,684,1 2 5 6 7 8 9 11 12 13 14 15 17 18 19 20 22 23 24 25 27 28 29 30 31 32 34 36 38 39 40 42 43 44,34,6 7 12 28 38 40,6,34,0.17647058823529413,NUMBER_POOL_AVAILABLE,0
DISCOVERY,686,685,2 3 4 5 6 7 8 12 13 14 15 16 18 19 20 24 25 26 28 30 32 33 35 36 38 39 40,27,7 12 15 24 25 43,5,27,0.18518518518518517,NUMBER_POOL_AVAILABLE,0
DISCOVERY,687,686,3 5 6 7 8 9 12 13 14 15 16 17 20 22 23 24 25 26 27 28 29 30 31 32 37 38 40 41 44,29,1 8 10 13 28 42,3,29,0.10344827586206896,NUMBER_POOL_AVAILABLE,0
DISCOVERY,688,687,2 4 5 7 8 9 10 12 13 14 15 16 17 18 19 24 27 28 29 30 32 33 35 38 39 43 44 45,28,5 15 22 23 34 35,3,28,0.10714285714285714,NUMBER_POOL_AVAILABLE,0
DISCOVERY,689,688,1 2 4 5 6 7 8 9 12 13 14 15 18 19 20 24 27 29 31 32 36 37 38 40 42 43 45,27,7 17 19 30 36 38,4,27,0.14814814814814814,NUMBER_POOL_AVAILABLE,0
DISCOVERY,690,689,2 3 6 8 9 12 13 14 15 16 18 19 20 24 26 27 28 30 32 33 36 39 40 42 43 44 45,27,24 25 33 34 38 39,3,27,0.1111111111111111,NUMBER_POOL_AVAILABLE,0
DISCOVERY,691,690,3 5 6 7 9 13 16 17 18 19 20 23 26 27 28 29 31 32 33 36 39 40 45,23,15 27 33 35 43 45,3,23,0.13043478260869565,NUMBER_POOL_AVAILABLE,0
DISCOVERY,692,691,3 8 12 13 14 15 16 18 19 20 24 25 26 27 28 31 32 36 37 38 39 40 44,23,3 11 14 15 32 36,5,23,0.21739130434782608,NUMBER_POOL_AVAILABLE,0
DISCOVERY,693,692,1 2 3 4 6 8 9 11 12 16 17 18 20 21 26 27 29 30 32 36 38 40 41 42 43 45,26,1 6 11 28 34 42,4,26,0.15384615384615385,NUMBER_POOL_AVAILABLE,0
DISCOVERY,694,693,1 2 3 4 6 7 8 9 11 12 13 14 15 17 18 19 24 25 26 27 30 31 32 35 36 38 40 41 42 43 44 45,32,7 15 20 25 33 43,4,32,0.125,NUMBER_POOL_AVAILABLE,0
DISCOVERY,695,694,1 3 5 6 7 8 9 11 12 13 14 15 16 17 18 20 21 22 24 27 28 29 30 31 32 33 35 38 41 42 45,31,4 18 26 33 34 38,3,31,0.0967741935483871,NUMBER_POOL_AVAILABLE,0
DISCOVERY,696,695,1 2 4 6 7 8 9 11 12 13 14 15 16 17 18 19 20 22 24 25 26 27 28 31 32 33 36 40 42 43 45,31,1 7 16 18 34 38,4,31,0.12903225806451613,NUMBER_POOL_AVAILABLE,0
DISCOVERY,697,696,1 2 4 5 6 7 8 9 11 13 14 15 16 18 19 20 21 22 23 24 26 27 28 29 31 32 33 35 36 38 39 40 42 43 44 45,36,2 5 8 11 33 39,6,36,0.16666666666666666,NUMBER_POOL_AVAILABLE,0
DISCOVERY,698,697,1 7 8 11 12 13 14 15 16 17 18 19 25 26 31 32 34 35 40 42 43 45,22,3 11 13 21 33 37,2,22,0.09090909090909091,NUMBER_POOL_AVAILABLE,0
DISCOVERY,699,698,1 2 6 7 8 9 11 12 14 15 17 18 19 21 24 28 31 33 35 38 39 40,22,4 5 8 16 21 29,2,22,0.09090909090909091,NUMBER_POOL_AVAILABLE,0
DISCOVERY,700,699,5 7 8 14 15 18 19 24 26 29 33 34 35 37 38 39 40 42 43 44 45,21,11 23 28 29 30 44,2,21,0.09523809523809523,NUMBER_POOL_AVAILABLE,0
DISCOVERY,701,700,2 3 6 7 9 11 12 13 14 15 16 17 18 19 20 23 24 25 27 28 33 38 39 44 45,25,3 10 14 16 36 38,4,25,0.16,NUMBER_POOL_AVAILABLE,0
DISCOVERY,702,701,1 2 6 7 8 11 12 13 14 15 16 17 18 19 24 25 27 28 31 32 33 36 39 40 42 43 45,27,3 13 16 24 26 29,3,27,0.1111111111111111,NUMBER_POOL_AVAILABLE,0
DISCOVERY,703,702,2 3 5 7 8 10 11 12 13 15 18 19 20 23 24 25 27 30 32 33 35 37 38 40 42 43 44 45,28,10 28 31 33 41 44,3,28,0.10714285714285714,NUMBER_POOL_AVAILABLE,0
DISCOVERY,704,703,2 3 9 12 13 14 15 16 17 18 21 23 24 31 36 39 44 45,18,1 4 8 23 33 42,1,18,0.05555555555555555,NUMBER_POOL_AVAILABLE,0
DISCOVERY,705,704,4 8 9 10 13 17 18 20 22 23 24 25 27 28 29 30 32 33 35 37 38 39 40 42 44 45,26,1 6 17 22 28 45,4,26,0.15384615384615385,NUMBER_POOL_AVAILABLE,0
DISCOVERY,706,705,2 3 6 7 8 9 11 12 13 14 15 16 18 19 20 22 26 28 29 32 38 41 42 45,24,3 4 6 10 28 30,3,24,0.125,NUMBER_POOL_AVAILABLE,0
DISCOVERY,707,706,1 12 13 14 15 16 17 18 20 23 24 25 26 27 28 29 32 33 38 39 40 42 43 45,24,2 12 19 24 39 44,3,24,0.125,NUMBER_POOL_AVAILABLE,0
DISCOVERY,708,707,1 3 4 6 7 8 11 12 13 14 15 16 17 18 19 20 23 24 25 27 28 31 33 35 36 37 38 39 40 43 44 45,32,2 10 16 19 34 45,3,32,0.09375,NUMBER_POOL_AVAILABLE,0
DISCOVERY,709,708,1 2 3 4 5 9 10 11 12 13 15 16 18 19 20 21 24 25 26 27 28 29 30 32 33 35 37 38 40 41 42 43 44 45,34,10 18 30 36 39 44,4,34,0.11764705882352941,NUMBER_POOL_AVAILABLE,0
DISCOVERY,710,709,3 6 12 13 15 16 18 19 25 27 28 32 33 36 39 40 42 43 44 45,20,3 4 9 24 25 33,3,20,0.15,NUMBER_POOL_AVAILABLE,0
DISCOVERY,711,710,1 4 8 12 13 15 16 17 19 20 23 26 27 29 33 35 37 38 39 40 42 43 45,23,11 15 24 35 37 45,4,23,0.17391304347826086,NUMBER_POOL_AVAILABLE,0
DISCOVERY,712,711,3 5 6 7 9 11 12 13 14 15 16 17 20 21 22 23 24 27 28 29 30 32 33 35 36 38 40 42 44 45,30,17 20 30 31 33 45,5,30,0.16666666666666666,NUMBER_POOL_AVAILABLE,0
DISCOVERY,713,712,2 3 4 11 12 13 15 17 18 19 20 24 25 28 31 33 35 36 37 39 40 42 45,23,2 5 15 18 19 23,4,23,0.17391304347826086,NUMBER_POOL_AVAILABLE,0
DISCOVERY,714,713,1 3 4 7 9 11 12 13 16 17 18 19 20 21 22 23 24 27 28 29 30 32 35 36 38 39 40 41 44 45,30,1 7 22 33 37 40,4,30,0.13333333333333333,NUMBER_POOL_AVAILABLE,0
DISCOVERY,715,714,1 3 4 5 6 7 9 11 12 13 14 15 16 18 19 20 22 23 24 25 27 28 29 31 32 33 35 39 40 41 42 43 44 45,34,2 7 27 33 41 44,5,34,0.14705882352941177,NUMBER_POOL_AVAILABLE,0
DISCOVERY,716,715,2 3 5 9 12 13 15 16 17 23 24 25 27 28 29 30 32 33 35 37 38 40 44 45,24,2 6 13 16 29 30,5,24,0.20833333333333334,NUMBER_POOL_AVAILABLE,0
DISCOVERY,717,716,1 2 3 6 7 9 10 11 12 13 16 18 19 21 23 24 27 31 32 33 38 39 42 43,24,2 11 19 25 28 32,4,24,0.16666666666666666,NUMBER_POOL_AVAILABLE,0
DISCOVERY,718,717,1 2 3 6 7 8 9 11 12 13 15 16 18 19 20 21 23 24 26 27 29 30 31 32 33 35 36 38 39 40 41 42 44 45,34,4 11 20 23 32 39,5,34,0.14705882352941177,NUMBER_POOL_AVAILABLE,0
DISCOVERY,719,718,1 2 3 6 8 9 11 12 13 15 16 17 18 19 20 21 22 23 24 25 27 29 31 32 33 35 39 40 42 43 45,31,4 8 13 19 20 43,5,31,0.16129032258064516,NUMBER_POOL_AVAILABLE,0
DISCOVERY,720,719,1 2 3 6 7 9 10 11 12 13 15 17 19 20 23 24 25 27 30 31 32 36 37 38 39 40 41 42 44 45,30,1 12 29 34 36 37,4,30,0.13333333333333333,NUMBER_POOL_AVAILABLE,0
DISCOVERY,721,720,1 2 3 4 6 7 8 9 11 12 13 16 17 18 19 20 21 23 25 31 32 33 39 40 43 44,26,1 28 35 41 43 44,3,26,0.11538461538461539,NUMBER_POOL_AVAILABLE,0
DISCOVERY,722,721,1 2 3 4 8 12 13 15 16 24 33 36 37 40 43 44 45,17,12 14 21 30 39 43,2,17,0.11764705882352941,NUMBER_POOL_AVAILABLE,0
DISCOVERY,723,722,3 5 10 11 12 13 14 15 16 19 20 22 23 24 27 28 29 30 32 33 38 42 43 44 45,25,20 30 33 35 36 44,4,25,0.16,NUMBER_POOL_AVAILABLE,0
DISCOVERY,724,723,3 5 10 12 13 15 18 19 20 23 24 27 29 30 32 33 37 40 42 43 44 45,22,2 8 33 35 37 41,2,22,0.09090909090909091,NUMBER_POOL_AVAILABLE,0
DISCOVERY,725,724,1 2 3 5 6 7 9 10 11 12 13 15 16 17 20 24 25 27 31 32 33 35 36 40 42 43 44 45,28,6 7 19 21 41 43,3,28,0.10714285714285714,NUMBER_POOL_AVAILABLE,0
DISCOVERY,726,725,1 2 6 7 10 12 14 15 16 17 18 19 20 24 25 30 31 33 38 43 44 45,22,1 11 21 23 34 44,2,22,0.09090909090909091,NUMBER_POOL_AVAILABLE,0
DISCOVERY,727,726,1 2 3 4 6 7 8 9 11 12 13 15 16 17 18 20 31 33 37 38 40 42 43 45,24,7 8 10 19 21 31,3,24,0.125,NUMBER_POOL_AVAILABLE,0
DISCOVERY,728,727,1 2 3 6 7 10 11 12 13 16 19 20 24 31 33 37 38 40 42 43,20,3 6 10 30 34 37,4,20,0.2,NUMBER_POOL_AVAILABLE,0
DISCOVERY,729,728,1 2 3 6 7 8 10 13 15 16 17 20 21 24 25 33 37 39 40 43 44,21,11 17 21 26 36 45,2,21,0.09523809523809523,NUMBER_POOL_AVAILABLE,0
DISCOVERY,730,729,1 3 4 6 7 10 11 12 13 17 19 20 23 26 27 29 30 31 33 34 37 38 40 44 45,25,4 10 14 15 18 22,2,25,0.08,NUMBER_POOL_AVAILABLE,0
DISCOVERY,731,730,1 2 6 7 10 11 12 15 16 17 18 19 21 24 27 31 32 35 37 38 42 43 45,23,2 7 13 25 42 45,4,23,0.17391304347826086,NUMBER_POOL_AVAILABLE,0
DISCOVERY,732,731,1 2 7 9 10 11 12 13 15 16 17 18 19 20 24 29 32 33 38 39 40 41 42 43 44 45,26,2 4 5 17 27 32,3,26,0.11538461538461539,NUMBER_POOL_AVAILABLE,0
DISCOVERY,733,732,1 3 6 7 8 10 11 13 15 18 22 24 32 33 37 38 39 40 43 44 45,21,11 24 32 33 35 40,5,21,0.23809523809523808,NUMBER_POOL_AVAILABLE,0
DISCOVERY,734,733,3 8 10 11 12 15 16 17 19 20 21 24 27 31 32 36 37 38 40 42 43 45,22,6 16 37 38 41 45,4,22,0.18181818181818182,NUMBER_POOL_AVAILABLE,0
DISCOVERY,735,734,1 2 3 4 6 8 10 11 12 13 15 17 18 19 20 21 24 26 28 31 33 34 36 39 40 44 45,27,5 10 13 27 37 41,2,27,0.07407407407407407,NUMBER_POOL_AVAILABLE,0
DISCOVERY,736,735,1 2 3 5 6 9 10 11 15 16 17 18 19 21 22 30 32 33 35 36 41 42 43 44 45,25,2 11 17 18 21 27,5,25,0.2,NUMBER_POOL_AVAILABLE,0
DISCOVERY,737,736,1 2 6 7 10 11 13 15 17 19 20 23 25 27 29 30 31 32 34 36 37 38 39 42 43 45,26,13 15 18 24 27 41,3,26,0.11538461538461539,NUMBER_POOL_AVAILABLE,0
DISCOVERY,738,737,1 3 5 7 8 10 11 12 13 16 17 18 19 20 21 23 24 27 29 31 32 33 37 38 43 44 45,27,23 27 28 38 42 43,4,27,0.14814814814814814,NUMBER_POOL_AVAILABLE,0
DISCOVERY,739,738,2 3 4 8 10 13 14 15 16 18 19 20 23 25 27 30 32 33 34 36 38 39 40 44 45,25,7 22 29 33 34 35,2,25,0.08,NUMBER_POOL_AVAILABLE,0
DISCOVERY,740,739,1 2 4 7 10 13 14 16 17 23 24 27 33 36 37 42 43,17,4 8 9 16 17 19,3,17,0.17647058823529413,NUMBER_POOL_AVAILABLE,0
DISCOVERY,741,740,1 2 4 7 10 11 12 13 15 17 20 21 24 25 27 28 33 40 42 43 44,21,5 21 27 34 44 45,3,21,0.14285714285714285,NUMBER_POOL_AVAILABLE,0
DISCOVERY,742,741,1 2 3 4 7 8 10 13 15 17 18 19 20 21 22 23 27 28 29 32 33 42 43 44 45,25,8 10 13 36 37 40,3,25,0.12,NUMBER_POOL_AVAILABLE,0
DISCOVERY,743,742,2 3 4 6 7 10 11 13 15 16 17 19 25 26 27 28 33 40 42 43 44 45,22,15 19 21 34 41 44,3,22,0.13636363636363635,NUMBER_POOL_AVAILABLE,0
DISCOVERY,744,743,1 2 7 8 10 11 13 15 16 17 19 20 22 23 24 27 29 31 32 33 37 41 42 43 44 45,26,10 15 18 21 34 41,3,26,0.11538461538461539,NUMBER_POOL_AVAILABLE,0
DISCOVERY,745,744,1 3 8 9 10 11 15 16 17 19 20 22 24 27 28 31 32 33 34 41 42 43 44 45,24,1 2 3 9 12 23,3,24,0.125,NUMBER_POOL_AVAILABLE,0
DISCOVERY,746,745,3 4 12 13 15 16 17 18 19 21 24 25 27 42 43 45,16,3 12 33 36 42 45,4,16,0.25,NUMBER_POOL_AVAILABLE,0
DISCOVERY,747,746,1 2 3 4 7 8 10 11 12 13 15 17 18 19 20 27 32 33 34 36 40 41 43 44,24,7 9 12 14 23 28,2,24,0.08333333333333333,NUMBER_POOL_AVAILABLE,0
DISCOVERY,748,747,1 2 3 6 7 10 11 12 15 16 18 23 25 27 28 29 33 34 38 39 42 43 45,23,3 10 13 22 31 32,2,23,0.08695652173913043,NUMBER_POOL_AVAILABLE,0
DISCOVERY,749,748,2,1,12 14 24 26 34 45,0,1,0.0,NO_NUMBER_POOL,0
DISCOVERY,750,749,2 3 4 6 7 10 11 12 13 15 16 17 18 19 20 21 23 27 29 33 34 41 43 44 45,25,1 2 15 19 24 36,3,25,0.12,NUMBER_POOL_AVAILABLE,0
DISCOVERY,751,750,1 2 5 6 9 10 11 12 15 17 18 19 20 21 22 27 29 32 33 34 37 39 40 42 43 45,26,3 4 16 20 28 44,1,26,0.038461538461538464,NUMBER_POOL_AVAILABLE,0
DISCOVERY,752,751,1 2 3 4 6 7 10 12 14 15 17 20 22 23 25 27 30 32 33 34 37 38 40 43 45,25,4 16 20 33 40 43,5,25,0.2,NUMBER_POOL_AVAILABLE,0
DISCOVERY,753,752,2 3 4 6 7 9 10 11 12 13 14 15 16 18 19 20 23 27 28 29 32 33 34 40 41 42 43 44,28,2 17 19 24 37 41,3,28,0.10714285714285714,NUMBER_POOL_AVAILABLE,0
DISCOVERY,754,753,1 2 3 4 7 8 10 11 12 13 16 17 19 20 21 22 23 27 29 30 33 34 37 41 42 43 44,27,2 8 17 24 29 31,4,27,0.14814814814814814,NUMBER_POOL_AVAILABLE,0
DISCOVERY,755,754,2,1,13 14 26 28 30 36,0,1,0.0,NO_NUMBER_POOL,0
DISCOVERY,756,755,1 3 6 7 10 11 12 13 14 15 16 17 19 20 23 24 27 28 29 33 34 36 37 38 40 43 44,27,10 14 16 18 27 28,5,27,0.18518518518518517,NUMBER_POOL_AVAILABLE,0
DISCOVERY,757,756,2 3 4 6 7 8 10 11 12 13 14 15 17 23 24 27 29 30 33 34 42 44 45,23,6 7 11 17 33 44,6,23,0.2608695652173913,NUMBER_POOL_AVAILABLE,0
DISCOVERY,758,757,1 2 4 9 10 11 12 13 15 16 17 19 24 25 27 28 29 31 32 33 34 37 43 44 45,25,5 9 12 30 39 43,3,25,0.12,NUMBER_POOL_AVAILABLE,0
DISCOVERY,759,758,2 20 24 34,4,9 33 36 40 42 43,0,4,0.0,NO_NUMBER_POOL,0
DISCOVERY,760,759,1 3 4 7 8 10 12 14 15 17 25 27 33 34 37 44 45,17,10 22 27 31 42 43,2,17,0.11764705882352941,NUMBER_POOL_AVAILABLE,0
DISCOVERY,761,760,1 3 7 8 10 11 12 13 15 16 17 18 20 22 24 27 28 29 30 33 34 36 37 41 42 43 44,27,4 7 11 24 42 45,4,27,0.14814814814814814,NUMBER_POOL_AVAILABLE,0
DISCOVERY,762,761,2 4 7 20 24 34,6,1 3 12 21 26 41,0,6,0.0,NUMBER_POOL_AVAILABLE,0
DISCOVERY,763,762,1 3 4 7 8 10 11 12 13 15 19 20 25 27 29 30 32 33 34 38 40 43 44 45,24,3 8 16 32 34 43,5,24,0.20833333333333334,NUMBER_POOL_AVAILABLE,0
DISCOVERY,764,763,2 3 5 6 7 9 10 11 12 13 15 16 23 24 25 27 28 32 33 34 36 37 38 40 41 43 44 45,28,7 22 24 31 34 36,4,28,0.14285714285714285,NUMBER_POOL_AVAILABLE,0
DISCOVERY,765,764,1 2 3 7 8 9 10 11 12 13 15 16 17 20 21 22 24 27 31 32 33 34 36 37 40 42 43 44 45,29,1 3 8 12 42 43,6,29,0.20689655172413793,NUMBER_POOL_AVAILABLE,0
DISCOVERY,766,765,1 2 4 7 10 11 13 15 17 21 25 28 33 36 37 41 43 44,18,9 30 34 35 39 41,1,18,0.05555555555555555,NUMBER_POOL_AVAILABLE,0
DISCOVERY,767,766,1 3 4 8 10 13 20 21 22 24 27 29 31 33 34 36 37 41 42 43 44 45,22,5 15 20 31 34 42,4,22,0.18181818181818182,NUMBER_POOL_AVAILABLE,0
DISCOVERY,768,767,19 20,2,7 27 29 30 38 44,0,2,0.0,NO_NUMBER_POOL,0
DISCOVERY,769,768,1 2 3 7 10 15 16 17 21 25 27 28 32 33 34 37 41 42 43 44,20,5 7 11 16 41 45,3,20,0.15,NUMBER_POOL_AVAILABLE,0
DISCOVERY,770,769,1 2 4 7 10 11 12 13 16 17 19 25 27 31 33 36 37 41 43 44,20,1 9 12 23 39 43,3,20,0.15,NUMBER_POOL_AVAILABLE,0
DISCOVERY,771,770,2 3 7 20 24 34,6,6 10 17 18 21 29,0,6,0.0,NUMBER_POOL_AVAILABLE,0
DISCOVERY,772,771,1 2 3 4 6 7 8 10 12 15 16 17 19 20 21 27 28 31 32 33 34 36 37 40 42 43 44 45,28,5 6 11 14 21 41,2,28,0.07142857142857142,NUMBER_POOL_AVAILABLE,0
DISCOVERY,773,772,1 2 3 4 5 6 7 9 10 12 15 16 17 18 19 20 21 27 29 32 33 34 36 37 44 45,26,8 12 19 21 31 35,3,26,0.11538461538461539,NUMBER_POOL_AVAILABLE,0
DISCOVERY,774,773,19 20,2,12 15 18 28 34 42,0,2,0.0,NO_NUMBER_POOL,0
DISCOVERY,775,774,1 6 7 8 10 12 15 16 21 22 23 24 29 30 32 33 34 35 36 43 44 45,22,11 12 29 33 38 42,3,22,0.13636363636363635,NUMBER_POOL_AVAILABLE,0
DISCOVERY,776,775,4 6 7 10 13 14 15 17 21 25 28 30 32 35 36 41 43,17,8 9 18 21 28 40,2,17,0.11764705882352941,NUMBER_POOL_AVAILABLE,0
DISCOVERY,777,776,2 3 7 10 11 12 17 18 19 20 21 27 30 33 34 35 36 37 42 43 44 45,22,6 12 17 21 34 37,5,22,0.22727272727272727,NUMBER_POOL_AVAILABLE,0
DISCOVERY,778,777,1 2 4 5 6 8 10 12 17 19 20 21 27 28 29 33 34 35 37 38 44,21,6 21 35 36 37 41,4,21,0.19047619047619047,NUMBER_POOL_AVAILABLE,0
DISCOVERY,779,778,1 4 6 7 8 10 11 12 13 15 16 17 19 20 21 28 29 30 32 33 34 38 40 41 42 43 45,27,6 12 19 24 34 41,5,27,0.18518518518518517,NUMBER_POOL_AVAILABLE,0
DISCOVERY,780,779,3 5 6 7 10 11 12 16 17 18 19 20 21 24 25 27 28 32 33 34 35 36 37 43,24,15 17 19 21 27 45,4,24,0.16666666666666666,NUMBER_POOL_AVAILABLE,0
DISCOVERY,781,780,1 4 7 10 12 15 17 20 21 27 30 33 34 37 43 44 45,17,11 16 18 19 24 39,0,17,0.0,NUMBER_POOL_AVAILABLE,0
DISCOVERY,782,781,10 12 15 17 19 20 21 24 25 27 28 33 34 37 40 41 43 44,18,6 18 31 34 38 45,1,18,0.05555555555555555,NUMBER_POOL_AVAILABLE,0
DISCOVERY,783,782,1 2 3 4 5 6 8 10 11 12 15 16 17 19 20 21 23 31 32 34 36 37 38 41 42 43 44 45,28,14 15 16 17 38 45,5,28,0.17857142857142858,NUMBER_POOL_AVAILABLE,0
DISCOVERY,784,783,7 10 17 21 22 28 33 34 35 36 37 38 41 44 45,15,3 10 23 24 31 39,1,15,0.06666666666666667,NUMBER_POOL_AVAILABLE,0
DISCOVERY,785,784,2 3 6 7 10 11 12 13 15 16 17 19 20 24 25 31 33 35 36 37 38 42 43 44 45,25,4 6 15 25 26 33,4,25,0.16,NUMBER_POOL_AVAILABLE,0
DISCOVERY,786,785,2 31,2,12 15 16 20 24 30,0,2,0.0,NO_NUMBER_POOL,0
DISCOVERY,787,786,1 2 4 7 10 12 15 17 19 20 24 28 30 33 34 35 36 37 43 44 45,21,5 6 13 16 27 28,1,21,0.047619047619047616,NUMBER_POOL_AVAILABLE,0
DISCOVERY,788,787,1 2 4 5 11 12 15 16 17 19 21 27 28 30 33 34 35 36 37 40 42 44 45,23,2 10 11 19 35 39,4,23,0.17391304347826086,NUMBER_POOL_AVAILABLE,0
DISCOVERY,789,788,2 3 4 7 8 10 12 15 16 19 20 21 24 30 32 33 34 36 37 38 43 45,22,2 6 7 12 19 45,5,22,0.22727272727272727,NUMBER_POOL_AVAILABLE,0
DISCOVERY,790,789,1 2 4 5 10 11 12 15 16 17 19 20 21 25 27 28 29 30 32 33 34 36 37 41 42 45,26,3 8 19 27 30 41,4,26,0.15384615384615385,NUMBER_POOL_AVAILABLE,0
DISCOVERY,791,790,2 3 4 6 7 10 11 12 15 16 17 19 20 21 22 23 24 28 30 31 33 34 35 36 37 38 43 44,28,2 10 12 31 33 42,5,28,0.17857142857142858,NUMBER_POOL_AVAILABLE,0
DISCOVERY,792,791,2 3 4 6 7 8 10 12 13 15 16 17 21 24 27 31 33 37 38 43,20,2 7 19 25 29 36,2,20,0.1,NUMBER_POOL_AVAILABLE,0
DISCOVERY,793,792,2 3 4 6 7 10 12 15 16 17 18 19 20 21 22 23 24 30 32 33 34 36 37 42 43 44 45,27,10 15 21 35 38 43,4,27,0.14814814814814814,NUMBER_POOL_AVAILABLE,0
DISCOVERY,794,793,1 3 4 7 10 11 12 13 15 16 17 19 20 21 22 23 27 28 30 31 33 34 35 36 37 38 40 41 43 45,30,6 7 18 19 30 38,4,30,0.13333333333333333,NUMBER_POOL_AVAILABLE,0
DISCOVERY,795,794,3 4 5 6 7 8 10 11 12 16 17 19 20 21 27 30 33 34 37 42 43 44 45,23,3 10 13 26 34 38,3,23,0.13043478260869565,NUMBER_POOL_AVAILABLE,0
DISCOVERY,796,795,2 3 4 6 7 8 10 11 12 13 16 17 18 19 22 24 27 28 29 30 33 34 37 38 42 44 45,27,1 21 26 36 40 41,0,27,0.0,NUMBER_POOL_AVAILABLE,0
DISCOVERY,797,796,1 2 3 4 5 7 8 10 11 12 13 15 16 19 20 21 24 30 33 34 36 37 43 45,24,5 22 31 32 39 45,2,24,0.08333333333333333,NUMBER_POOL_AVAILABLE,0
DISCOVERY,798,797,1 2 3 4 5 6 8 10 12 13 14 19 21 22 27 31 33 34 35 38 39 41 45,23,2 10 14 22 32 36,4,23,0.17391304347826086,NUMBER_POOL_AVAILABLE,0
DISCOVERY,799,798,1 2 3 4 5 6 7 10 11 12 13 16 19 21 22 23 31 33 34 36 37 38 42 43 44,25,12 17 23 34 42 45,4,25,0.16,NUMBER_POOL_AVAILABLE,0
DISCOVERY,800,799,1 3 4 5 10 11 12 15 16 17 19 22 23 30 31 33 34 36 37 38 41 42 43 44 45,25,1 4 10 12 28 45,5,25,0.2,NUMBER_POOL_AVAILABLE,0
DISCOVERY,801,800,1 2 3 4 5 6 7 10 12 14 15 16 17 19 21 23 28 30 31 32 33 34 35 36 37 38 44 45,28,17 25 28 37 43 44,4,28,0.14285714285714285,NUMBER_POOL_AVAILABLE,0
DISCOVERY,802,801,1 2 4 6 8 10 12 15 17 19 23 28 30 32 33 34 35 36 40 43 44 45,22,10 11 12 18 24 42,2,22,0.09090909090909091,NUMBER_POOL_AVAILABLE,0
DISCOVERY,803,802,1 3 4 10 12 15 17 18 20 21 24 28 30 33 37 38 39 40 43 44 45,21,5 9 14 26 30 43,2,21,0.09523809523809523,NUMBER_POOL_AVAILABLE,0
DISCOVERY,804,803,1 2 4 5 7 10 11 12 15 16 17 19 23 30 31 32 33 34 36 37 38 43 44 45,24,1 10 13 26 32 36,4,24,0.16666666666666666,NUMBER_POOL_AVAILABLE,0
DISCOVERY,805,804,2 3 6 7 10 11 12 13 15 17 19 21 22 26 27 28 29 30 31 32 33 34 36 38 40 42 43 44 45,29,3 12 13 18 31 32,5,29,0.1724137931034483,NUMBER_POOL_AVAILABLE,0
DISCOVERY,806,805,1 2 4 6 8 10 12 13 17 18 21 24 27 28 29 31 32 33 34 36 37 38 43,23,14 20 23 31 37 38,3,23,0.13043478260869565,NUMBER_POOL_AVAILABLE,0
DISCOVERY,807,806,1 2 3 4 6 10 11 12 13 15 16 17 18 19 20 21 24 26 28 30 31 33 34 35 38 41 42 43 44,29,6 10 18 25 34 35,5,29,0.1724137931034483,NUMBER_POOL_AVAILABLE,0
DISCOVERY,808,807,1 3 5 6 7 8 10 11 12 13 15 16 17 18 19 21 27 28 31 33 34 37 38 40 42,25,15 21 31 32 41 43,3,25,0.12,NUMBER_POOL_AVAILABLE,0
DISCOVERY,809,808,2 4 6 10 11 12 13 15 16 17 19 20 21 24 26 31 32 33 36 37 41 42 43 45,24,6 11 15 17 23 40,4,24,0.16666666666666666,NUMBER_POOL_AVAILABLE,0
DISCOVERY,810,809,4 5 6 8 10 12 13 15 16 19 21 22 23 25 33 34 36 38 41 42 43 44 45,23,5 10 13 21 39 43,5,23,0.21739130434782608,NUMBER_POOL_AVAILABLE,0
DISCOVERY,811,810,1 2 3 5 6 7 10 13 15 16 17 19 20 21 22 23 29 31 32 33 34 36 37 39 41 43 45,27,8 11 19 21 36 45,4,27,0.14814814814814814,NUMBER_POOL_AVAILABLE,0
DISCOVERY,812,811,1 3 4 6 7 8 10 11 12 15 16 18 19 20 23 24 28 29 31 32 33 34 35 36 37 40 42 43 44 45,30,1 3 12 14 16 43,5,30,0.16666666666666666,NUMBER_POOL_AVAILABLE,0
DISCOVERY,813,812,1 2 3 6 7 8 10 13 15 17 21 24 27 32 33 37 38 42 43,19,11 30 34 35 42 44,1,19,0.05263157894736842,NUMBER_POOL_AVAILABLE,0
DISCOVERY,814,813,1 2 3 5 10 11 12 13 15 16 17 19 21 22 31 32 34 36 38 39 41 42 43 45,24,2 21 28 38 42 45,5,24,0.20833333333333334,NUMBER_POOL_AVAILABLE,0
DISCOVERY,815,814,2 4 8 10 11 12 14 15 17 19 20 21 22 32 34 44 45,17,17 21 25 26 27 36,2,17,0.11764705882352941,NUMBER_POOL_AVAILABLE,0
DISCOVERY,816,815,1 2 3 4 5 6 8 11 12 13 15 17 19 20 24 33 34 35 36 37 42 45,22,12 18 19 29 31 39,2,22,0.09090909090909091,NUMBER_POOL_AVAILABLE,0
DISCOVERY,817,816,5,1,3 9 12 13 25 43,0,1,0.0,NO_NUMBER_POOL,0
DISCOVERY,818,817,2 3 6 7 10 11 12 13 15 16 17 18 19 21 26 27 31 32 33 34 35 37 42 43 44 45,26,14 15 25 28 29 30,1,26,0.038461538461538464,NUMBER_POOL_AVAILABLE,0
DISCOVERY,819,818,2 4 6 8 10 11 12 13 14 15 16 17 18 19 26 27 28 33 34 42 43,21,16 25 33 38 40 45,2,21,0.09523809523809523,NUMBER_POOL_AVAILABLE,0
DISCOVERY,820,819,1 2 3 4 9 11 12 13 15 16 18 19 21 22 23 25 27 28 29 31 32 33 34 35 38 39 43 45,28,10 21 22 30 35 42,3,28,0.10714285714285714,NUMBER_POOL_AVAILABLE,0
DISCOVERY,821,820,3 5 6 7 10 11 12 15 16 17 19 20 21 22 23 27 29 30 31 34 36 37 39 43 45,25,1 12 13 24 29 44,2,25,0.08,NUMBER_POOL_AVAILABLE,0
DISCOVERY,822,821,2 4 6 10 11 12 13 15 16 18 19 21 22 23 29 30 32 33 35 36 38 42 43 44 45,25,9 18 20 24 27 36,2,25,0.08,NUMBER_POOL_AVAILABLE,0
DISCOVERY,823,822,2 3 4 6 10 11 12 15 16 17 18 19 20 21 22 23 24 28 29 32 33 34 35 36 40 42 43 45,28,12 18 24 26 39 40,4,28,0.14285714285714285,NUMBER_POOL_AVAILABLE,0
DISCOVERY,824,823,2 6 8 10 11 12 13 15 18 19 20 24 28 32 38 39 42 45,18,7 9 24 29 34 38,2,18,0.1111111111111111,NUMBER_POOL_AVAILABLE,0
DISCOVERY,825,824,2 3 6 7 10 11 12 15 16 17 18 20 24 28 31 34 36 38 43,19,8 15 21 31 33 38,3,19,0.15789473684210525,NUMBER_POOL_AVAILABLE,0
DISCOVERY,826,825,1 2 4 6 7 10 11 12 13 15 17 19 21 22 23 25 26 27 30 31 32 33 34 36 39 41 42 43 45,29,13 16 24 25 33 36,4,29,0.13793103448275862,NUMBER_POOL_AVAILABLE,0
DISCOVERY,827,826,2 5 6 7 8 10 11 12 13 15 18 19 21 22 23 24 28 30 31 32 34 35 36 37 38 42 43 45,28,5 11 12 29 33 44,3,28,0.10714285714285714,NUMBER_POOL_AVAILABLE,0
DISCOVERY,828,827,2 4 5 6 10 11 12 13 15 16 17 18 19 21 24 25 26 32 33 34 36 42 43 45,24,4 7 13 29 31 39,2,24,0.08333333333333333,NUMBER_POOL_AVAILABLE,0
DISCOVERY,829,828,2 3 5 7 10 11 12 13 15 16 18 28 29 31 33 34 35 38 40 42 43 45,22,4 5 31 35 43 45,5,22,0.22727272727272727,NUMBER_POOL_AVAILABLE,0
DISCOVERY,830,829,1 3 4 7 8 10 13 15 16 17 18 19 21 24 26 27 31 33 34 36 37 39 41 43 45,25,5 6 16 18 37 38,3,25,0.12,NUMBER_POOL_AVAILABLE,0
DISCOVERY,831,830,2 3 4 7 10 11 12 13 15 17 20 27 33 34 37 39 41 42 43,19,3 10 16 19 31 39,3,19,0.15789473684210525,NUMBER_POOL_AVAILABLE,0
DISCOVERY,832,831,2 3 4 6 10 12 13 15 16 17 18 19 21 24 27 33 34 35 36 38 39 43,22,13 14 19 26 40 43,3,22,0.13636363636363635,NUMBER_POOL_AVAILABLE,0
DISCOVERY,833,832,1 2 6 8 10 11 12 13 15 16 18 19 20 21 22 23 24 31 32 33 34 35 36 37 39 41 45,27,12 18 30 39 41 42,4,27,0.14814814814814814,NUMBER_POOL_AVAILABLE,0
DISCOVERY,834,833,10 11 12 13 15 16 18 19 21 25 26 28 31 34 36 40 43 45,18,6 8 18 35 42 43,2,18,0.1111111111111111,NUMBER_POOL_AVAILABLE,0
DISCOVERY,835,834,4 5 10 11 12 13 15 19 21 27 30 31 32 34 35 36 37 39 41 42 43,21,9 10 13 28 38 45,2,21,0.09523809523809523,NUMBER_POOL_AVAILABLE,0
DISCOVERY,836,835,2 3 6 10 11 13 15 16 17 19 26 27 28 31 32 33 34 36 38 39 41 43 45,23,1 9 11 14 26 28,3,23,0.13043478260869565,NUMBER_POOL_AVAILABLE,0
DISCOVERY,837,836,1 2 3 10 11 12 13 15 16 18 19 20 21 24 28 31 33 35 36 37 38 39 40,23,2 25 28 30 33 45,3,23,0.13043478260869565,NUMBER_POOL_AVAILABLE,0
DISCOVERY,838,837,2 3 5 8 10 11 12 13 15 16 17 18 19 21 22 23 25 28 31 32 33 34 35 39 42 43 45,27,9 14 17 33 36 38,2,27,0.07407407407407407,NUMBER_POOL_AVAILABLE,0
DISCOVERY,839,838,1 2 4 6 10 11 12 13 16 18 19 27 28 30 31 33 34 39 43 45,20,3 9 11 12 13 19,4,20,0.2,NUMBER_POOL_AVAILABLE,0
DISCOVERY,840,839,2 3 6 10 12 13 18 19 21 25 26 31 32 33 34 35 36 37 38 39 40 42 43 45,24,2 4 11 28 29 43,2,24,0.08333333333333333,NUMBER_POOL_AVAILABLE,0
DISCOVERY,841,840,2 3 5 6 8 9 10 11 12 13 15 16 17 18 19 21 26 28 30 32 33 38 39 42 43 45,26,5 11 14 30 33 38,5,26,0.19230769230769232,NUMBER_POOL_AVAILABLE,0
DISCOVERY,842,841,1 2 3 4 5 10 11 12 13 15 16 17 18 19 21 22 23 24 26 28 31 34 35 38 39 41 43 45,28,14 26 32 36 39 42,2,28,0.07142857142857142,NUMBER_POOL_AVAILABLE,0
DISCOVERY,843,842,1 6 10 11 12 13 15 16 18 19 21 24 26 28 31 33 36 38 43,19,19 21 30 33 34 42,3,19,0.15789473684210525,NUMBER_POOL_AVAILABLE,0
DISCOVERY,844,843,27,1,7 8 13 15 33 45,0,1,0.0,NO_NUMBER_POOL,0
DISCOVERY,845,844,2 3 6 10 11 12 27 31 33 34 35 38 39 43 45,15,1 16 29 33 40 45,2,15,0.13333333333333333,NUMBER_POOL_AVAILABLE,0
DISCOVERY,846,845,2 3 5 9 10 12 13 15 17 18 19 21 23 26 28 31 34 35 39 41 43 45,22,5 18 30 41 43 45,5,22,0.22727272727272727,NUMBER_POOL_AVAILABLE,0
DISCOVERY,847,846,1 2 3 4 5 6 10 11 12 13 15 16 18 19 21 26 28 33 35 36 38,21,12 16 26 28 30 42,4,21,0.19047619047619047,NUMBER_POOL_AVAILABLE,0
DISCOVERY,848,847,1 6 10 11 12 13 15 16 18 19 24 28 34 36 38 40 43 45,18,1 2 16 22 38 39,3,18,0.16666666666666666,NUMBER_POOL_AVAILABLE,0
DISCOVERY,849,848,2 3 6 20 24 34,6,5 13 17 29 34 39,1,6,0.16666666666666666,NUMBER_POOL_AVAILABLE,0
DISCOVERY,850,849,1 2 3 5 6 9 11 12 13 15 16 17 18 19 21 23 24 26 28 29 30 31 32 38 39 40 42 43 45,29,16 20 24 28 36 39,4,29,0.13793103448275862,NUMBER_POOL_AVAILABLE,0
DISCOVERY,851,850,1 2 4 5 6 7 10 12 13 14 15 16 17 18 19 22 23 24 26 28 30 31 33 38 39 41 42 43 45,29,14 18 22 26 31 44,5,29,0.1724137931034483,NUMBER_POOL_AVAILABLE,0
DISCOVERY,852,851,1 2 6 10 11 12 14 15 16 18 19 21 22 24 28 29 30 32 33 34 35 37 38 39 41 42 44 45,28,11 17 28 30 33 35,5,28,0.17857142857142858,NUMBER_POOL_AVAILABLE,0
DISCOVERY,853,852,1 6 7 10 11 12 15 16 18 19 21 24 28 31 33 34 36 38 39 42 45,21,2 8 23 26 27 44,0,21,0.0,NUMBER_POOL_AVAILABLE,0
DISCOVERY,854,853,2 3 10 11 12 13 15 16 17 18 20 22 23 24 28 32 33 38 39 40 42 43 45,23,20 25 31 32 36 43,3,23,0.13043478260869565,NUMBER_POOL_AVAILABLE,0
DISCOVERY,855,854,2 6 10 11 12 13 15 18 19 21 22 23 24 27 28 31 32 34 35 36 38 41 42 43 45,25,8 15 17 19 43 44,3,25,0.12,NUMBER_POOL_AVAILABLE,0
DISCOVERY,856,855,1 2 3 6 10 11 12 13 16 18 19 21 24 25 26 27 28 33 36 38 39 41 43 45,24,10 24 40 41 43 44,4,24,0.16666666666666666,NUMBER_POOL_AVAILABLE,0
DISCOVERY,857,856,4 7 10 11 12 13 15 16 17 18 19 21 24 26 28 31 33 35 38 43,20,6 10 16 28 34 38,4,20,0.2,NUMBER_POOL_AVAILABLE,0
DISCOVERY,858,857,,0,9 13 32 38 39 43,0,0,,NO_NUMBER_POOL,0
DISCOVERY,859,858,6 7 10 11 12 15 16 17 18 24 27 28 32 33 34 36 39 40 42 45,20,8 22 35 38 39 41,1,20,0.05,NUMBER_POOL_AVAILABLE,0
DISCOVERY,860,859,7 10 13 15 17 19 21 22 23 24 26 30 33 35 38 39 41 42 43 44 45,21,4 8 18 25 27 32,0,21,0.0,NUMBER_POOL_AVAILABLE,0
DISCOVERY,861,860,2 3 5 6 10 12 13 15 17 19 22 24 29 30 31 32 33 34 35 38 39 41 43 45,24,11 17 19 21 22 25,3,24,0.125,NUMBER_POOL_AVAILABLE,0
DISCOVERY,862,861,1 6 10 11 12 13 16 18 19 24 25 26 31 33 36 38 39 40 42 43 45,21,10 34 38 40 42 43,5,21,0.23809523809523808,NUMBER_POOL_AVAILABLE,0
DISCOVERY,863,862,7 8 10 11 12 15 16 17 18 24 27 28 31 33 34 36 38 39 43 45,20,16 21 28 35 39 43,4,20,0.2,NUMBER_POOL_AVAILABLE,0
DISCOVERY,864,863,10 11 12 13 14 15 16 17 18 19 21 24 25 27 28 30 31 32 33 38 39 41 42 43 45,25,3 7 10 13 25 36,3,25,0.12,NUMBER_POOL_AVAILABLE,0
DISCOVERY,865,864,3 6 7 8 10 11 12 13 15 16 17 18 19 21 23 24 25 28 31 32 33 39 40 42 43 45,26,3 15 22 32 33 45,5,26,0.19230769230769232,NUMBER_POOL_AVAILABLE,0
DISCOVERY,866,865,23,1,9 15 29 34 37 39,0,1,0.0,NO_NUMBER_POOL,0
DISCOVERY,867,866,2 7 11 12 13 14 15 16 19 24 25 26 28 30 31 32 33 34 35 38 39 41 43 45,24,14 17 19 22 24 40,3,24,0.125,NUMBER_POOL_AVAILABLE,0
CONFIRMATION_DESCRIPTIVE_ONLY,868,867,6 7 9 10 11 12 13 18 19 21 24 26 27 31 32 36 38 39 41 42 45,21,12 17 28 41 43 44,2,21,0.09523809523809523,NUMBER_POOL_AVAILABLE,0
CONFIRMATION_DESCRIPTIVE_ONLY,869,868,10 11 12 13 14 15 16 18 19 21 24 25 26 28 30 32 33 34 35 38 40 42 43 45,24,2 6 20 27 37 39,0,24,0.0,NUMBER_POOL_AVAILABLE,0
CONFIRMATION_DESCRIPTIVE_ONLY,870,869,2 10 11 12 13 15 18 19 21 24 25 28 30 32 33 39 41 43 45,19,21 25 30 32 40 42,4,19,0.21052631578947367,NUMBER_POOL_AVAILABLE,0
CONFIRMATION_DESCRIPTIVE_ONLY,871,870,1 2 6 10 16 18 19 21 25 26 28 31 37 38 39 40 45,17,2 6 12 26 30 34,3,17,0.17647058823529413,NUMBER_POOL_AVAILABLE,0
CONFIRMATION_DESCRIPTIVE_ONLY,872,871,2 31,2,2 4 30 32 33 43,1,2,0.5,NO_NUMBER_POOL,0
CONFIRMATION_DESCRIPTIVE_ONLY,873,872,2 3 5 6 10 13 15 17 24 25 27 33 34 38 39 40 43 45,18,3 5 12 13 33 39,5,18,0.2777777777777778,NUMBER_POOL_AVAILABLE,0
CONFIRMATION_DESCRIPTIVE_ONLY,874,873,2 3 5 10 11 12 13 14 15 16 18 28 32 33 35 38 39 40 41 42 45,21,1 15 19 23 28 42,3,21,0.14285714285714285,NUMBER_POOL_AVAILABLE,0
CONFIRMATION_DESCRIPTIVE_ONLY,875,874,18,1,19 22 30 34 39 44,0,1,0.0,NO_NUMBER_POOL,0
CONFIRMATION_DESCRIPTIVE_ONLY,876,875,1 2 6 10 11 12 13 15 18 19 21 24 25 27 28 32 33 34 36 38 39 41 42 45,24,5 16 21 26 34 42,3,24,0.125,NUMBER_POOL_AVAILABLE,0
CONFIRMATION_DESCRIPTIVE_ONLY,877,876,2 5 7 8 9 10 12 13 15 16 17 18 19 25 26 30 32 33 34 35 38 39 41 42 43 45,26,5 17 18 22 23 43,4,26,0.15384615384615385,NUMBER_POOL_AVAILABLE,0
CONFIRMATION_DESCRIPTIVE_ONLY,878,877,2 3 5 7 8 9 10 11 12 13 15 18 19 21 22 23 24 25 26 27 28 30 32 33 38 41 42 43 45,29,2 6 11 16 25 31,3,29,0.10344827586206896,NUMBER_POOL_AVAILABLE,0
CONFIRMATION_DESCRIPTIVE_ONLY,879,878,1 5 6 7 10 11 12 13 15 16 17 18 19 21 23 24 25 26 28 31 32 33 35 38 40 41 42 43 45,29,1 4 10 14 15 35,4,29,0.13793103448275862,NUMBER_POOL_AVAILABLE,0
CONFIRMATION_DESCRIPTIVE_ONLY,880,879,1 2 3 5 6 10 11 12 19 24 25 26 33 35 38 39 43,17,7 17 19 23 24 45,2,17,0.11764705882352941,NUMBER_POOL_AVAILABLE,0
CONFIRMATION_DESCRIPTIVE_ONLY,881,880,1 2 4 6 8 9 10 12 13 14 15 16 17 18 19 22 23 24 25 26 27 28 29 30 32 37 38 39 41 43 45,31,4 18 20 26 27 32,5,31,0.16129032258064516,NUMBER_POOL_AVAILABLE,0
CONFIRMATION_DESCRIPTIVE_ONLY,882,881,2 3 5 6 10 12 13 14 15 16 17 18 19 22 23 24 25 26 27 29 30 32 33 35 38 39 40 41 42 43 45,31,18 34 39 43 44 45,4,31,0.12903225806451613,NUMBER_POOL_AVAILABLE,0
CONFIRMATION_DESCRIPTIVE_ONLY,883,882,1 3 6 9 10 12 13 15 17 18 19 21 24 25 26 33 34 35 38 39 43 45,22,9 18 32 33 37 44,3,22,0.13636363636363635,NUMBER_POOL_AVAILABLE,0
CONFIRMATION_DESCRIPTIVE_ONLY,884,883,2 3 7 8 10 12 13 15 16 18 19 21 23 24 25 26 29 30 32 33 38 39 41 43 45,25,4 14 23 28 37 45,2,25,0.08,NUMBER_POOL_AVAILABLE,0
CONFIRMATION_DESCRIPTIVE_ONLY,885,884,2 3 5 8 9 10 11 12 13 14 15 16 17 18 21 23 24 26 27 28 29 30 33 35 38 39 41 43 44 45,30,1 3 24 27 39 45,5,30,0.16666666666666666,NUMBER_POOL_AVAILABLE,0
CONFIRMATION_DESCRIPTIVE_ONLY,886,885,1 2 3 6 9 11 12 14 15 16 17 18 19 23 24 25 26 27 29 30 33 34 35 38 39 41 43 45,28,19 23 28 37 42 45,3,28,0.10714285714285714,NUMBER_POOL_AVAILABLE,0
CONFIRMATION_DESCRIPTIVE_ONLY,887,886,2 3 9 12 13 15 16 17 18 19 23 24 25 26 27 28 29 30 33 38 39 40 41 43 45,25,8 14 17 27 36 45,3,25,0.12,NUMBER_POOL_AVAILABLE,0
CONFIRMATION_DESCRIPTIVE_ONLY,888,887,1 2 3 8 10 11 12 13 14 15 16 17 18 19 22 23 24 26 28 30 33 35 38 39 41 42 43 45,28,3 7 12 31 34 38,3,28,0.10714285714285714,NUMBER_POOL_AVAILABLE,0
CONFIRMATION_DESCRIPTIVE_ONLY,889,888,2 3 10 12 13 15 16 17 18 19 24 25 26 33 34 38 39 40 42 43 45,21,3 13 29 38 39 42,5,21,0.23809523809523808,NUMBER_POOL_AVAILABLE,0
CONFIRMATION_DESCRIPTIVE_ONLY,890,889,27,1,1 4 14 18 29 37,0,1,0.0,NO_NUMBER_POOL,0
CONFIRMATION_DESCRIPTIVE_ONLY,891,890,1 5 6 12 13 14 15 16 17 18 19 23 25 26 28 30 31 33 34 35 38 39 41 42 43 45,26,9 13 28 31 39 41,5,26,0.19230769230769232,NUMBER_POOL_AVAILABLE,0
CONFIRMATION_DESCRIPTIVE_ONLY,892,891,19,1,4 9 17 18 26 42,0,1,0.0,NO_NUMBER_POOL,0
CONFIRMATION_DESCRIPTIVE_ONLY,893,892,4 31,2,1 15 17 23 25 41,0,2,0.0,NO_NUMBER_POOL,0
CONFIRMATION_DESCRIPTIVE_ONLY,894,893,1 2 3 8 9 10 11 12 13 14 15 16 18 19 22 23 24 25 26 27 28 33 38 41 43 45,26,19 32 37 40 41 43,3,26,0.11538461538461539,NUMBER_POOL_AVAILABLE,0
CONFIRMATION_DESCRIPTIVE_ONLY,895,894,1 4 6 10 12 13 15 18 19 24 25 26 32 34 35 39 40 42 43 45,20,16 26 31 38 39 41,2,20,0.1,NUMBER_POOL_AVAILABLE,0
CONFIRMATION_DESCRIPTIVE_ONLY,896,895,1 2 10 11 12 13 17 18 19 21 23 24 25 26 27 28 29 30 34 35 37 38 39 40 41 43 45,27,5 12 25 26 38 45,5,27,0.18518518518518517,NUMBER_POOL_AVAILABLE,0
CONFIRMATION_DESCRIPTIVE_ONLY,897,896,3 5 8 10 11 12 13 17 18 26 28 30 31 32 38 39 41 42 43 45,20,6 7 12 22 26 36,2,20,0.1,NUMBER_POOL_AVAILABLE,0
CONFIRMATION_DESCRIPTIVE_ONLY,898,897,1 2 3 5 10 12 13 17 18 24 25 28 30 31 32 38 39 40 42 43 45,21,18 21 28 35 37 42,3,21,0.14285714285714285,NUMBER_POOL_AVAILABLE,0
CONFIRMATION_DESCRIPTIVE_ONLY,899,898,1 5 9 10 11 12 13 14 15 16 19 24 25 26 27 28 29 30 32 33 34 38 39 41 42 45,26,8 19 20 21 33 39,3,26,0.11538461538461539,NUMBER_POOL_AVAILABLE,0
CONFIRMATION_DESCRIPTIVE_ONLY,900,899,4 8 12 13 14 15 16 18 19 20 25 28 34 35 37 38 39 41 42 43 45,21,7 13 16 18 35 38,5,21,0.23809523809523808,NUMBER_POOL_AVAILABLE,0
CONFIRMATION_DESCRIPTIVE_ONLY,901,900,4 7 8 11 13 14 15 17 20 24 26 33 34 35 37 38 39 40 42 45,20,5 18 20 23 30 34,2,20,0.1,NUMBER_POOL_AVAILABLE,0
CONFIRMATION_DESCRIPTIVE_ONLY,902,901,3 5 8 9 10 12 13 14 15 16 17 18 19 20 24 30 31 32 33 36 38 39 41 45,24,7 19 23 24 36 39,4,24,0.16666666666666666,NUMBER_POOL_AVAILABLE,0
CONFIRMATION_DESCRIPTIVE_ONLY,903,902,1 4 7 8 12 13 15 16 18 19 21 23 24 25 26 28 30 32 33 34 38 39 43,23,2 15 16 21 22 28,4,23,0.17391304347826086,NUMBER_POOL_AVAILABLE,0
CONFIRMATION_DESCRIPTIVE_ONLY,904,903,3 4 7 8 9 11 12 13 14 16 17 18 19 26 29 30 32 33 35 38 39 41 43 45,24,2 6 8 26 43 45,4,24,0.16666666666666666,NUMBER_POOL_AVAILABLE,0
CONFIRMATION_DESCRIPTIVE_ONLY,905,904,3 5 6 11 12 13 15 16 17 18 22 24 26 28 30 32 35 38 39 41 42 43 45,23,3 4 16 27 38 40,3,23,0.13043478260869565,NUMBER_POOL_AVAILABLE,0
CONFIRMATION_DESCRIPTIVE_ONLY,906,905,1 2 3 5 6 7 9 10 12 13 14 15 16 17 18 19 21 24 25 26 28 30 33 34 38 39 42 43 45,29,2 5 14 28 31 32,4,29,0.13793103448275862,NUMBER_POOL_AVAILABLE,0
CONFIRMATION_DESCRIPTIVE_ONLY,907,906,5 37,2,21 27 29 38 40 44,0,2,0.0,NO_NUMBER_POOL,0
CONFIRMATION_DESCRIPTIVE_ONLY,908,907,1 4 10 12 13 14 15 16 17 18 19 24 25 30 34 35 38 39 40 45,20,3 16 21 22 23 44,1,20,0.05,NUMBER_POOL_AVAILABLE,0
CONFIRMATION_DESCRIPTIVE_ONLY,909,908,2 3 4 7 8 12 13 15 17 18 19 20 24 26 27 28 30 32 33 34 35 37 38 39 42 43 44 45,28,7 24 29 30 34 35,5,28,0.17857142857142858,NUMBER_POOL_AVAILABLE,0
CONFIRMATION_DESCRIPTIVE_ONLY,910,909,1 3 4 7 8 13 15 16 17 18 19 20 21 24 25 27 38 39 40 42 43 45,22,1 11 17 27 35 39,4,22,0.18181818181818182,NUMBER_POOL_AVAILABLE,0
CONFIRMATION_DESCRIPTIVE_ONLY,911,910,3 4 7 8 9 11 12 13 14 16 18 19 20 21 24 26 27 28 30 32 33 35 38 39 43 45,26,4 5 12 14 32 42,4,26,0.15384615384615385,NUMBER_POOL_AVAILABLE,0
CONFIRMATION_DESCRIPTIVE_ONLY,912,911,1 2 3 5 12 13 14 16 17 19 20 30 32 33 38 39 43 45,18,5 8 18 21 22 38,2,18,0.1111111111111111,NUMBER_POOL_AVAILABLE,0
CONFIRMATION_DESCRIPTIVE_ONLY,913,912,2 3 4 5 12 13 14 15 18 19 24 25 26 27 31 32 38 39 40 42 43,21,6 14 16 21 27 37,2,21,0.09523809523809523,NUMBER_POOL_AVAILABLE,0
CONFIRMATION_DESCRIPTIVE_ONLY,914,913,1 3 4 5 7 8 9 11 12 13 14 17 18 19 23 24 25 26 27 29 30 33 34 35 37 38 39 40 41 42 45,31,16 19 24 33 42 44,4,31,0.12903225806451613,NUMBER_POOL_AVAILABLE,0
CONFIRMATION_DESCRIPTIVE_ONLY,915,914,1 3 7 12 13 14 16 17 18 19 20 21 24 25 26 27 30 31 32 35 38 39 41 42 43 44 45,27,2 6 11 13 22 37,1,27,0.037037037037037035,NUMBER_POOL_AVAILABLE,0
CONFIRMATION_DESCRIPTIVE_ONLY,916,915,2 3 5 11 12 13 14 16 17 24 26 27 28 30 31 35 37 38 39 42 43 44 45,23,6 21 22 32 35 36,1,23,0.043478260869565216,NUMBER_POOL_AVAILABLE,0
CONFIRMATION_DESCRIPTIVE_ONLY,917,916,1 3 4 5 7 8 11 12 13 14 16 17 18 19 22 23 24 25 26 27 28 32 37 38 39 40 43,27,1 3 23 24 27 43,6,27,0.2222222222222222,NUMBER_POOL_AVAILABLE,0
CONFIRMATION_DESCRIPTIVE_ONLY,918,917,1 2 3 5 15 16 17 18 20 24 25 26 30 35 37 38 39 43 45,19,7 11 12 31 33 38,1,19,0.05263157894736842,NUMBER_POOL_AVAILABLE,0
CONFIRMATION_DESCRIPTIVE_ONLY,919,918,1 2 3 5 11 12 13 14 16 17 18 19 20 24 28 32 37 38 42 43,20,9 14 17 18 42 44,4,20,0.2,NUMBER_POOL_AVAILABLE,0
CONFIRMATION_DESCRIPTIVE_ONLY,920,919,1 4 7 8 11 12 15 17 18 20 25 28 29 31 32 35 36 37 38 39 41 42 44 45,24,2 3 26 33 34 43,0,24,0.0,NUMBER_POOL_AVAILABLE,0
CONFIRMATION_DESCRIPTIVE_ONLY,921,920,2 3 5 6 7 9 12 13 16 17 18 19 24 25 26 27 28 32 33 34 37 38 39 42 43 44 45,27,5 7 12 22 28 41,4,27,0.14814814814814814,NUMBER_POOL_AVAILABLE,0
CONFIRMATION_DESCRIPTIVE_ONLY,922,921,1 2 4 5 11 12 13 16 17 18 24 25 26 27 28 30 33 35 38 43,20,2 6 13 17 27 43,5,20,0.25,NUMBER_POOL_AVAILABLE,0
CONFIRMATION_DESCRIPTIVE_ONLY,923,922,4 15 17 31,4,3 17 18 23 36 41,1,4,0.25,NO_NUMBER_POOL,0
CONFIRMATION_DESCRIPTIVE_ONLY,924,923,2 3 4 7 8 12 13 14 16 17 18 19 24 25 26 27 28 30 31 33 34 35 37 38 39 43 45,27,3 11 34 42 43 44,3,27,0.1111111111111111,NUMBER_POOL_AVAILABLE,0
CONFIRMATION_DESCRIPTIVE_ONLY,925,924,3 4 7 8 10 12 13 14 16 17 18 19 20 24 26 31 32 33 34 37 38 42,22,13 24 32 34 39 42,5,22,0.22727272727272727,NUMBER_POOL_AVAILABLE,0
CONFIRMATION_DESCRIPTIVE_ONLY,926,925,8 17 35 36,4,10 16 18 20 25 31,0,4,0.0,NO_NUMBER_POOL,0
CONFIRMATION_DESCRIPTIVE_ONLY,927,926,1 2 3 5 8 10 11 12 13 14 17 18 19 24 27 28 31 33 34 35 37 38 39 42 43,25,4 15 22 38 41 43,2,25,0.08,NUMBER_POOL_AVAILABLE,0
CONFIRMATION_DESCRIPTIVE_ONLY,928,927,3 4 5 6 7 8 9 12 13 16 17 18 24 25 27 28 30 32 34 35 38 39 40 41 42 45,26,3 4 10 20 28 44,3,26,0.11538461538461539,NUMBER_POOL_AVAILABLE,0
CONFIRMATION_DESCRIPTIVE_ONLY,929,928,1 2 3 4 5 6 12 13 14 17 18 19 21 24 25 28 32 33 37 38 39 43 45,23,7 9 12 15 19 23,2,23,0.08695652173913043,NUMBER_POOL_AVAILABLE,0
CONFIRMATION_DESCRIPTIVE_ONLY,930,929,3 4 5 10 12 13 16 18 19 24 26 27 28 32 40 42 43 44,18,8 21 25 38 39 44,1,18,0.05555555555555555,NUMBER_POOL_AVAILABLE,0
CONFIRMATION_DESCRIPTIVE_ONLY,931,930,1 2 4 7 8 12 13 15 17 18 19 24 26 27 28 30 32 33 34 35 37 39 43 44 45,25,14 15 23 25 35 43,3,25,0.12,NUMBER_POOL_AVAILABLE,0
CONFIRMATION_DESCRIPTIVE_ONLY,932,931,1 3 4 7 12 13 14 17 19 24 25 26 27 32 33 34 38 39 42 43 44 45,22,1 6 15 36 37 38,2,22,0.09090909090909091,NUMBER_POOL_AVAILABLE,0
CONFIRMATION_DESCRIPTIVE_ONLY,933,932,1 2 4 5 12 13 15 16 17 18 19 24 28 33 35 37 38 39 41 42 43 44 45,23,23 27 29 31 36 45,1,23,0.043478260869565216,NUMBER_POOL_AVAILABLE,0
CONFIRMATION_DESCRIPTIVE_ONLY,934,933,1 2 3 4 7 12 13 15 17 18 28 31 33 34 35 38 39 45,18,1 3 30 33 36 39,4,18,0.2222222222222222,NUMBER_POOL_AVAILABLE,0
CONFIRMATION_DESCRIPTIVE_ONLY,935,934,1 2 3 5 8 12 13 15 16 17 18 19 24 25 27 28 31 32 33 35 36 37 38 39 40 41 42 43 44 45,30,4 10 20 32 38 44,3,30,0.1,NUMBER_POOL_AVAILABLE,0
CONFIRMATION_DESCRIPTIVE_ONLY,936,935,2 3 5 8 10 12 13 14 15 19 21 32 33 34 37 39 42 43 45,19,7 11 13 17 18 29,1,19,0.05263157894736842,NUMBER_POOL_AVAILABLE,0
CONFIRMATION_DESCRIPTIVE_ONLY,937,936,1 2 3 4 7 8 12 18 19 20 26 27 28 30 33 35 37 38 39 43 45,21,2 10 13 22 29 40,1,21,0.047619047619047616,NUMBER_POOL_AVAILABLE,0
CONFIRMATION_DESCRIPTIVE_ONLY,938,937,34,1,4 8 10 16 31 36,0,1,0.0,NO_NUMBER_POOL,0
CONFIRMATION_DESCRIPTIVE_ONLY,939,938,3 4 5 10 12 13 15 16 18 22 24 26 28 32 33 34 36 38 39 40 43,21,4 11 28 39 42 45,3,21,0.14285714285714285,NUMBER_POOL_AVAILABLE,0
CONFIRMATION_DESCRIPTIVE_ONLY,940,939,2 3 8 10 12 16 17 18 20 24 25 28 30 31 32 34 38 39 40 41 42 44 45,23,3 15 20 22 24 41,4,23,0.17391304347826086,NUMBER_POOL_AVAILABLE,0
CONFIRMATION_DESCRIPTIVE_ONLY,941,940,1 3 4 7 8 9 12 13 16 17 19 20 21 22 24 29 30 32 33 37 38 39 41 42 43 44,26,12 14 25 27 39 40,2,26,0.07692307692307693,NUMBER_POOL_AVAILABLE,0
CONFIRMATION_DESCRIPTIVE_ONLY,942,941,1 3 4 6 10 11 12 13 14 16 17 18 19 21 24 25 27 30 32 34 37 38 39 40 42 43 44 45,28,10 12 18 35 42 43,5,28,0.17857142857142858,NUMBER_POOL_AVAILABLE,0
CONFIRMATION_DESCRIPTIVE_ONLY,943,942,2 4 6 7 8 11 12 13 14 15 17 18 19 22 26 28 31 32 33 35 37 38 39 40 45,25,1 8 13 36 44 45,3,25,0.12,NUMBER_POOL_AVAILABLE,0
CONFIRMATION_DESCRIPTIVE_ONLY,944,943,2 3 5 9 10 12 13 15 16 17 18 20 24 28 31 35 37 38 39 41 44,21,2 13 16 19 32 33,3,21,0.14285714285714285,NUMBER_POOL_AVAILABLE,0
CONFIRMATION_DESCRIPTIVE_ONLY,945,944,3 4 6 7 8 12 13 16 18 19 21 27 30 32 33 35 36 37 38 39 43 44 45,23,9 10 15 30 33 37,3,23,0.13043478260869565,NUMBER_POOL_AVAILABLE,0
CONFIRMATION_DESCRIPTIVE_ONLY,946,945,2 31,2,9 18 19 30 34 40,0,2,0.0,NO_NUMBER_POOL,0
CONFIRMATION_DESCRIPTIVE_ONLY,947,946,5 18 44,3,3 8 17 20 27 35,0,3,0.0,NO_NUMBER_POOL,0
CONFIRMATION_DESCRIPTIVE_ONLY,948,947,2 3 5 9 11 12 13 14 17 18 19 20 21 22 25 27 28 31 34 35 37 38 39 40 43,25,13 18 30 31 38 41,4,25,0.16,NUMBER_POOL_AVAILABLE,0
CONFIRMATION_DESCRIPTIVE_ONLY,949,948,19 20 42,3,14 21 35 36 40 44,0,3,0.0,NO_NUMBER_POOL,0
CONFIRMATION_DESCRIPTIVE_ONLY,950,949,2 3 5 10 12 15 16 17 18 19 25 27 31 33 37 38 39 40 43 44,20,3 4 15 22 28 40,3,20,0.15,NUMBER_POOL_AVAILABLE,0
CONFIRMATION_DESCRIPTIVE_ONLY,951,950,4 17,2,2 12 30 31 39 43,0,2,0.0,NO_NUMBER_POOL,0
CONFIRMATION_DESCRIPTIVE_ONLY,952,951,3 4 7 8 9 12 13 15 17 18 19 20 22 24 25 26 27 28 29 30 31 32 35 38 39 40 44 45,28,4 12 22 24 33 41,4,28,0.14285714285714285,NUMBER_POOL_AVAILABLE,0
CONFIRMATION_DESCRIPTIVE_ONLY,953,952,27,1,7 9 22 27 37 42,1,1,1.0,NO_NUMBER_POOL,0
CONFIRMATION_DESCRIPTIVE_ONLY,954,953,2 3 11 12 15 24 25 26 27 30 31 33 34 37 39 43 44,17,1 9 26 28 30 41,2,17,0.11764705882352941,NUMBER_POOL_AVAILABLE,0
CONFIRMATION_DESCRIPTIVE_ONLY,955,954,1 2 3 5 12 18 24 27 31 32 33 34 35 37 38 39 40 42 43,19,4 9 23 26 29 33,1,19,0.05263157894736842,NUMBER_POOL_AVAILABLE,0
CONFIRMATION_DESCRIPTIVE_ONLY,956,955,4 10 11 12 15 18 20 24 26 27 30 31 32 33 34 36 39 42 43,19,10 11 20 21 25 41,3,19,0.15789473684210525,NUMBER_POOL_AVAILABLE,0
CONFIRMATION_DESCRIPTIVE_ONLY,957,956,1 2 3 4 9 11 12 13 14 19 20 24 25 27 30 31 34 37 38 39 40 43,22,4 15 24 35 36 40,3,22,0.13636363636363635,NUMBER_POOL_AVAILABLE,0
CONFIRMATION_DESCRIPTIVE_ONLY,958,957,1 2 3 4 5 6 12 15 16 17 18 20 25 26 27 31 32 33 38 39 40 41 42 43,24,2 9 10 16 35 37,2,24,0.08333333333333333,NUMBER_POOL_AVAILABLE,0
CONFIRMATION_DESCRIPTIVE_ONLY,959,958,1 4 5 10 12 14 17 18 22 24 26 32 33 37 38 39 40 42 43,19,1 14 15 24 40 41,4,19,0.21052631578947367,NUMBER_POOL_AVAILABLE,0
CONFIRMATION_DESCRIPTIVE_ONLY,960,959,20,1,2 18 24 30 32 45,0,1,0.0,NO_NUMBER_POOL,0
CONFIRMATION_DESCRIPTIVE_ONLY,961,960,12,1,11 20 29 31 33 42,0,1,0.0,NO_NUMBER_POOL,0
CONFIRMATION_DESCRIPTIVE_ONLY,962,961,1 4 12 13 14 15 16 17 18 19 21 24 26 27 32 36 37 40 42 45,20,1 18 28 31 34 43,2,20,0.1,NUMBER_POOL_AVAILABLE,0
CONFIRMATION_DESCRIPTIVE_ONLY,963,962,1 3 4 7 9 11 12 13 15 17 21 22 25 26 27 28 34 35 36 38 40 42 44 45,24,6 12 19 23 34 42,3,24,0.125,NUMBER_POOL_AVAILABLE,0
CONFIRMATION_DESCRIPTIVE_ONLY,964,963,18 20 44,3,6 21 36 38 39 43,0,3,0.0,NO_NUMBER_POOL,0
CONFIRMATION_DESCRIPTIVE_ONLY,965,964,3 4 6 7 12 14 15 17 18 24 26 27 30 31 35 36 38 39 40 41 45,21,2 13 25 28 29 36,1,21,0.047619047619047616,NUMBER_POOL_AVAILABLE,0
CONFIRMATION_DESCRIPTIVE_ONLY,966,965,3 4 12 13 15 17 18 20 21 26 27 30 33 34 36 37 38 39 40 42 43 44,22,1 21 25 29 34 37,3,22,0.13636363636363635,NUMBER_POOL_AVAILABLE,0
CONFIRMATION_DESCRIPTIVE_ONLY,967,966,1 3 4 5 6 12 13 15 21 25 26 27 28 30 33 35 37 38 39 42 43 44,22,1 6 13 37 38 40,5,22,0.22727272727272727,NUMBER_POOL_AVAILABLE,0
CONFIRMATION_DESCRIPTIVE_ONLY,968,967,3 4 12 13 17 18 20 22 24 25 26 31 34 35 37 38 39 40 43,19,2 5 12 14 24 39,3,19,0.15789473684210525,NUMBER_POOL_AVAILABLE,0
CONFIRMATION_DESCRIPTIVE_ONLY,969,968,4 5 37 43,4,3 9 10 29 40 45,0,4,0.0,NO_NUMBER_POOL,0
CONFIRMATION_DESCRIPTIVE_ONLY,970,969,3 4 10 12 14 15 18 22 24 26 27 28 30 31 34 37 38 40 42 45,20,9 11 16 21 28 36,1,20,0.05,NUMBER_POOL_AVAILABLE,0
CONFIRMATION_DESCRIPTIVE_ONLY,971,970,1 2 3 4 6 7 10 12 13 15 18 19 20 21 23 26 27 28 29 30 31 34 36 38 39 41 42 43 44,29,2 6 17 18 21 26,5,29,0.1724137931034483,NUMBER_POOL_AVAILABLE,0
CONFIRMATION_DESCRIPTIVE_ONLY,972,971,4 13 14 15 18 19 26 27 30 33 37 38 40 42,14,3 6 17 23 37 39,1,14,0.07142857142857142,NUMBER_POOL_AVAILABLE,0
CONFIRMATION_DESCRIPTIVE_ONLY,973,972,2 11 31,3,22 26 31 37 41 42,1,3,0.3333333333333333,NO_NUMBER_POOL,0
CONFIRMATION_DESCRIPTIVE_ONLY,974,973,1 3 7 10 12 15 16 17 18 20 25 26 27 33 34 36 37 39 40 43 44,21,1 2 11 16 39 44,4,21,0.19047619047619047,NUMBER_POOL_AVAILABLE,0
CONFIRMATION_DESCRIPTIVE_ONLY,975,974,1 2 5 7 8 10 12 13 14 15 18 19 22 24 25 29 32 33 34 36 37 40 42 44 45,25,7 8 9 17 22 24,4,25,0.16,NUMBER_POOL_AVAILABLE,0
CONFIRMATION_DESCRIPTIVE_ONLY,976,975,1 3 11 12 15 18 26 27 31 33 36 38 39 42,14,4 12 14 25 35 37,1,14,0.07142857142857142,NUMBER_POOL_AVAILABLE,0
CONFIRMATION_DESCRIPTIVE_ONLY,977,976,5 10 37,3,2 9 10 14 22 44,1,3,0.3333333333333333,NO_NUMBER_POOL,0
CONFIRMATION_DESCRIPTIVE_ONLY,978,977,2 4 5 7 8 10 11 12 13 14 15 17 18 21 23 28 29 33 37 38 39 42 43 44 45,25,1 7 15 32 34 42,3,25,0.12,NUMBER_POOL_AVAILABLE,0
CONFIRMATION_DESCRIPTIVE_ONLY,979,978,3 4 10 12 16 17 18 20 22 24 25 29 36 37 38 40 42 43 44,19,7 11 16 21 27 33,1,19,0.05263157894736842,NUMBER_POOL_AVAILABLE,0
CONFIRMATION_DESCRIPTIVE_ONLY,980,979,1 3 4 5 6 7 10 12 13 14 15 17 18 21 22 24 26 30 31 32 34 38 39 42 43 44,26,3 13 16 23 24 35,3,26,0.11538461538461539,NUMBER_POOL_AVAILABLE,0
CONFIRMATION_DESCRIPTIVE_ONLY,981,980,3 4 7 9 10 18 21 27 31 34 36 38 39 43,14,27 36 37 41 43 45,3,14,0.21428571428571427,NUMBER_POOL_AVAILABLE,0
CONFIRMATION_DESCRIPTIVE_ONLY,982,981,1 3 4 12 14 15 16 17 18 21 24 26 28 31 33 35 36 37 38 39,20,5 7 13 20 21 44,1,20,0.05,NUMBER_POOL_AVAILABLE,0
CONFIRMATION_DESCRIPTIVE_ONLY,983,982,3 10 11 15 17 31 37,7,13 23 26 31 35 43,1,7,0.14285714285714285,NUMBER_POOL_AVAILABLE,0
CONFIRMATION_DESCRIPTIVE_ONLY,984,983,1 4 7 9 13 14 16 17 18 20 21 26 27 36 38 40 43 45,18,3 10 23 35 36 37,1,18,0.05555555555555555,NUMBER_POOL_AVAILABLE,0
CONFIRMATION_DESCRIPTIVE_ONLY,985,984,12 42 44,3,17 21 23 30 34 44,1,3,0.3333333333333333,NO_NUMBER_POOL,0
CONFIRMATION_DESCRIPTIVE_ONLY,986,985,1 3 4 10 11 12 13 14 20 21 22 26 27 28 29 30 31 33 36 37 38 39 40 41 42 43 44,27,7 10 16 28 41 42,4,27,0.14814814814814814,NUMBER_POOL_AVAILABLE,0
CONFIRMATION_DESCRIPTIVE_ONLY,987,986,2 3 4 7 10 12 14 17 21 22 24 26 27 28 30 31 35 36 38 43 44,21,2 4 15 23 29 38,3,21,0.14285714285714285,NUMBER_POOL_AVAILABLE,0
CONFIRMATION_DESCRIPTIVE_ONLY,988,987,1 2 4 5 6 7 10 12 13 15 16 17 20 21 27 28 30 31 32 35 36 37 38 39 40 42 43 44,28,2 13 20 30 31 41,5,28,0.17857142857142858,NUMBER_POOL_AVAILABLE,0
CONFIRMATION_DESCRIPTIVE_ONLY,989,988,18 21 30 44,4,17 18 21 27 29 33,2,4,0.5,NO_NUMBER_POOL,0
CONFIRMATION_DESCRIPTIVE_ONLY,990,989,1 3 4 5 13 14 15 17 18 20 21 25 28 30 31 33 36 38 39 40 41 43 44,23,2 4 25 26 36 37,3,23,0.13043478260869565,NUMBER_POOL_AVAILABLE,0
CONFIRMATION_DESCRIPTIVE_ONLY,991,990,1 4 5 7 11 12 15 16 17 21 24 25 28 30 31 34 36 37 38 39 43 44,22,13 18 25 31 33 44,3,22,0.13636363636363635,NUMBER_POOL_AVAILABLE,0
CONFIRMATION_DESCRIPTIVE_ONLY,992,991,1 5 7 9 12 13 14 17 21 25 26 32 35 36 38 40 42 44,18,12 20 26 33 44 45,3,18,0.16666666666666666,NUMBER_POOL_AVAILABLE,0
CONFIRMATION_DESCRIPTIVE_ONLY,993,992,1 2 3 5 10 12 13 14 15 16 18 20 21 26 27 31 33 35 36 37 38 40 44,23,6 14 16 18 24 42,3,23,0.13043478260869565,NUMBER_POOL_AVAILABLE,0
CONFIRMATION_DESCRIPTIVE_ONLY,994,993,2 4 6 7 10 12 20 26 33 38 39 40 43,13,1 3 8 24 27 35,0,13,0.0,NUMBER_POOL_AVAILABLE,0
CONFIRMATION_DESCRIPTIVE_ONLY,995,994,1 5 12 13 16 17 21 24 25 26 28 30 31 33 36 37 38 41 43 44,20,1 4 13 29 38 39,3,20,0.15,NUMBER_POOL_AVAILABLE,0
CONFIRMATION_DESCRIPTIVE_ONLY,996,995,1 2 4 5 10 12 13 15 17 20 21 22 23 24 26 27 28 30 31 33 35 36 37 38 39 44,26,6 11 15 24 32 39,3,26,0.11538461538461539,NUMBER_POOL_AVAILABLE,0
CONFIRMATION_DESCRIPTIVE_ONLY,997,996,12 19 24 42,4,4 7 14 16 24 44,1,4,0.25,NO_NUMBER_POOL,0
CONFIRMATION_DESCRIPTIVE_ONLY,998,997,2 4 7 10 12 14 15 16 21 24 27 28 31 33 37 38 42 43,18,13 17 18 20 42 45,1,18,0.05555555555555555,NUMBER_POOL_AVAILABLE,0
CONFIRMATION_DESCRIPTIVE_ONLY,999,998,1 2 4 7 9 10 12 21 24 28 31 38,12,1 3 9 14 18 28,3,12,0.25,NUMBER_POOL_AVAILABLE,0
CONFIRMATION_DESCRIPTIVE_ONLY,1000,999,1 4 5 7 10 12 13 14 16 20 22 26 28 30 31 33 36 37 38 39 41 43 44,23,2 8 19 22 32 42,1,23,0.043478260869565216,NUMBER_POOL_AVAILABLE,0
CONFIRMATION_DESCRIPTIVE_ONLY,1001,1000,23,1,6 10 12 14 20 42,0,1,0.0,NO_NUMBER_POOL,0
CONFIRMATION_DESCRIPTIVE_ONLY,1002,1001,1 2 4 7 9 10 11 14 17 24 33 37 38 43 44,15,17 25 33 35 38 45,3,15,0.2,NUMBER_POOL_AVAILABLE,0
CONFIRMATION_DESCRIPTIVE_ONLY,1003,1002,1 3 4 7 10 12 13 14 16 17 18 20 21 25 26 27 28 35 36 40 42,21,1 4 29 39 43 45,2,21,0.09523809523809523,NUMBER_POOL_AVAILABLE,0
CONFIRMATION_DESCRIPTIVE_ONLY,1004,1003,1 4 5 7 12 13 14 15 16 17 18 21 22 24 26 27 28 30 35 36 44,21,7 15 30 37 39 44,4,21,0.19047619047619047,NUMBER_POOL_AVAILABLE,0
CONFIRMATION_DESCRIPTIVE_ONLY,1005,1004,20,1,8 13 18 24 27 29,0,1,0.0,NO_NUMBER_POOL,0
CONFIRMATION_DESCRIPTIVE_ONLY,1006,1005,3 4 10 12 20 24 28 30 31 33 36 37 38 39 43 44,16,8 11 15 16 17 37,1,16,0.0625,NUMBER_POOL_AVAILABLE,0
CONFIRMATION_DESCRIPTIVE_ONLY,1007,1006,4 10 15 22 24 28 30 31 36 37 38 39 43,13,8 11 16 19 21 25,0,13,0.0,NUMBER_POOL_AVAILABLE,0
CONFIRMATION_DESCRIPTIVE_ONLY,1008,1007,1 4 5 7 8 9 10 12 15 18 20 24 27 28 31 32 35 37 38 39 40 41 43,23,9 11 30 31 41 44,3,23,0.13043478260869565,NUMBER_POOL_AVAILABLE,0
CONFIRMATION_DESCRIPTIVE_ONLY,1009,1008,2 4 5 8 9 10 12 13 15 16 17 20 21 22 23 24 26 27 34 35 36 37 38 39 40 44 45,27,15 23 29 34 40 44,5,27,0.18518518518518517,NUMBER_POOL_AVAILABLE,0
CONFIRMATION_DESCRIPTIVE_ONLY,1010,1009,3 4 5 7 9 10 12 13 14 15 16 17 18 20 21 22 23 24 26 27 28 30 31 35 36 37 40,27,9 12 15 25 34 36,4,27,0.14814814814814814,NUMBER_POOL_AVAILABLE,0
CONFIRMATION_DESCRIPTIVE_ONLY,1011,1010,2 5 10 18 37,5,1 9 12 26 35 38,0,5,0.0,NO_NUMBER_POOL,0
CONFIRMATION_DESCRIPTIVE_ONLY,1012,1011,3 23 34,3,5 11 18 20 35 45,0,3,0.0,NO_NUMBER_POOL,0
CONFIRMATION_DESCRIPTIVE_ONLY,1013,1012,17,1,21 22 26 34 36 41,0,1,0.0,NO_NUMBER_POOL,0
CONFIRMATION_DESCRIPTIVE_ONLY,1014,1013,1 2 10 12 13 15 16 17 18 21 24 26 38 39 40 43 44,17,3 11 14 18 26 27,2,17,0.11764705882352941,NUMBER_POOL_AVAILABLE,0
CONFIRMATION_DESCRIPTIVE_ONLY,1015,1014,1 4 8 10 11 12 13 17 18 21 24 25 28 30 33 38 39 41 42 43 44,21,14 23 31 33 37 40,1,21,0.047619047619047616,NUMBER_POOL_AVAILABLE,0
CONFIRMATION_DESCRIPTIVE_ONLY,1016,1015,1 4 10 12 14 15 16 17 18 19 20 25 26 27 34 35 36 39 40,19,15 26 28 34 41 42,3,19,0.15789473684210525,NUMBER_POOL_AVAILABLE,0
CONFIRMATION_DESCRIPTIVE_ONLY,1017,1016,1 2 3 7 10 12 14 15 17 18 19 20 24 27 28 30 31 33 36 37 38 39 40 43,24,12 18 22 23 30 34,3,24,0.125,NUMBER_POOL_AVAILABLE,0
CONFIRMATION_DESCRIPTIVE_ONLY,1018,1017,10 12 13 14 15 20 24 26 30 31 34 36 37 38 39 40 41 42 43 44,20,3 19 21 25 37 45,1,20,0.05,NUMBER_POOL_AVAILABLE,0
CONFIRMATION_DESCRIPTIVE_ONLY,1019,1018,27,1,1 4 13 17 34 39,0,1,0.0,NO_NUMBER_POOL,0
CONFIRMATION_DESCRIPTIVE_ONLY,1020,1019,1 2 4 8 12 13 14 17 18 22 24 30 31 34 36 37 38 39 43 44,20,12 27 29 38 41 45,2,20,0.1,NUMBER_POOL_AVAILABLE,0
CONFIRMATION_DESCRIPTIVE_ONLY,1021,1020,1 4 8 9 12 14 15 16 18 20 23 27 28 30 31 36 38 39 40 43,20,12 15 17 24 29 45,2,20,0.1,NUMBER_POOL_AVAILABLE,0
CONFIRMATION_DESCRIPTIVE_ONLY,1022,1021,10 13 14 17 24 26 27 28 30 32 36 37 38 39 41 43 44,17,5 6 11 29 42 45,0,17,0.0,NUMBER_POOL_AVAILABLE,0
CONFIRMATION_DESCRIPTIVE_ONLY,1023,1022,2 3 4 6 7 8 9 12 14 15 16 17 18 20 22 24 27 28 30 33 34 35 39 42 45,25,10 14 16 18 29 35,4,25,0.16,NUMBER_POOL_AVAILABLE,0
CONFIRMATION_DESCRIPTIVE_ONLY,1024,1023,1 4 8 10 13 14 15 18 24 25 26 27 28 30 31 36 37 38 40 41 43 44,22,9 18 20 22 38 44,3,22,0.13636363636363635,NUMBER_POOL_AVAILABLE,0
CONFIRMATION_DESCRIPTIVE_ONLY,1025,1024,3 9 15 17 31,5,8 9 20 25 29 33,1,5,0.2,NO_NUMBER_POOL,0
CONFIRMATION_DESCRIPTIVE_ONLY,1026,1025,4 10 12 13 14 15 16 17 18 20 21 24 25 26 27 28 30 31 37 38 40 43 44 45,24,5 12 13 31 32 41,3,24,0.125,NUMBER_POOL_AVAILABLE,0
CONFIRMATION_DESCRIPTIVE_ONLY,1027,1026,1 4 7 8 9 10 12 13 14 15 16 17 18 20 22 24 31 33 34 35 36 38 39 44,24,14 16 27 35 39 45,4,24,0.16666666666666666,NUMBER_POOL_AVAILABLE,0
CONFIRMATION_DESCRIPTIVE_ONLY,1028,1027,20,1,5 7 12 13 18 35,0,1,0.0,NO_NUMBER_POOL,0
CONFIRMATION_DESCRIPTIVE_ONLY,1029,1028,2 4 6 7 8 9 10 12 13 14 15 16 18 22 23 25 26 27 28 30 31 35 36 37 38 43 44,27,12 30 32 37 39 41,3,27,0.1111111111111111,NUMBER_POOL_AVAILABLE,0
CONFIRMATION_DESCRIPTIVE_ONLY,1030,1029,1 5 9 10 12 15 16 17 18 20 23 24 26 27 28 30 34 35 38 39 40 44 45,23,2 5 11 17 24 29,3,23,0.13043478260869565,NUMBER_POOL_AVAILABLE,0
CONFIRMATION_DESCRIPTIVE_ONLY,1031,1030,1 2 8 10 12 13 14 15 16 17 18 24 25 26 27 28 30 35 36 37 38 39 43 44 45,25,6 7 22 32 35 36,2,25,0.08,NUMBER_POOL_AVAILABLE,0
CONFIRMATION_DESCRIPTIVE_ONLY,1032,1031,1 2 4 7 8 12 14 15 17 18 20 21 24 25 27 30 31 38 39 45,20,1 6 12 19 36 42,2,20,0.1,NUMBER_POOL_AVAILABLE,0
CONFIRMATION_DESCRIPTIVE_ONLY,1033,1032,2 15 17 31,4,3 11 15 20 35 44,1,4,0.25,NO_NUMBER_POOL,0
CONFIRMATION_DESCRIPTIVE_ONLY,1034,1033,2 7 8 9 10 12 13 14 23 24 25 26 28 31 35 36 38 40 42 44 45,21,26 31 32 33 38 40,4,21,0.19047619047619047,NUMBER_POOL_AVAILABLE,0
CONFIRMATION_DESCRIPTIVE_ONLY,1035,1034,1 4 10 11 12 13 14 15 16 17 18 20 24 26 28 31 33 34 39 40 43 44,22,9 14 34 35 41 42,2,22,0.09090909090909091,NUMBER_POOL_AVAILABLE,0
CONFIRMATION_DESCRIPTIVE_ONLY,1036,1035,2 3 5 7 8 9 10 11 12 14 15 17 22 23 24 26 36 37 38 40,20,2 5 22 32 34 45,3,20,0.15,NUMBER_POOL_AVAILABLE,0
CONFIRMATION_DESCRIPTIVE_ONLY,1037,1036,1 2 7 9 10 12 13 14 15 24 25 26 28 30 31 33 35 36 39 40 42 44,22,2 14 15 22 27 33,4,22,0.18181818181818182,NUMBER_POOL_AVAILABLE,0
CONFIRMATION_DESCRIPTIVE_ONLY,1038,1037,5 8 11 12 13 14 15 16 17 18 20 23 24 25 27 34 35 36 37 38 39 42 43 44 45,25,7 16 24 27 37 44,5,25,0.2,NUMBER_POOL_AVAILABLE,0
CONFIRMATION_DESCRIPTIVE_ONLY,1039,1038,,0,2 3 6 19 36 39,0,0,,NO_NUMBER_POOL,0
CONFIRMATION_DESCRIPTIVE_ONLY,1040,1039,1 4 7 8 9 12 13 14 15 16 20 21 24 25 26 27 28 31 34 35 36 38 39 40 42 43 44,27,8 16 26 29 31 36,5,27,0.18518518518518517,NUMBER_POOL_AVAILABLE,0
CONFIRMATION_DESCRIPTIVE_ONLY,1041,1040,1 2 7 8 12 13 14 15 16 18 26 27 28 30 31 35 36 37 38 40 44,21,6 7 9 11 17 18,2,21,0.09523809523809523,NUMBER_POOL_AVAILABLE,0
CONFIRMATION_DESCRIPTIVE_ONLY,1042,1041,11 12 15 18 20 22 24 33 38 45,10,5 14 15 23 34 43,1,10,0.1,NUMBER_POOL_AVAILABLE,0
CONFIRMATION_DESCRIPTIVE_ONLY,1043,1042,3 15 17 31,4,3 5 12 22 26 31,2,4,0.5,NO_NUMBER_POOL,0
CONFIRMATION_DESCRIPTIVE_ONLY,1044,1043,1 2 3 4 11 12 13 14 15 16 17 18 24 26 27 31 34 35 36 37 38 43 44 45,24,12 17 20 26 28 36,4,24,0.16666666666666666,NUMBER_POOL_AVAILABLE,0
CONFIRMATION_DESCRIPTIVE_ONLY,1045,1044,2 6 7 8 11 12 14 15 18 20 21 24 26 27 28 31 33 35 36,19,6 14 15 19 21 41,4,19,0.21052631578947367,NUMBER_POOL_AVAILABLE,0
CONFIRMATION_DESCRIPTIVE_ONLY,1046,1045,1 2 6 7 8 9 11 12 14 15 16 18 20 22 24 25 28 30 31 35 38 39 40 42 43 44 45,27,7 16 25 29 35 36,4,27,0.14814814814814814,NUMBER_POOL_AVAILABLE,0
CONFIRMATION_DESCRIPTIVE_ONLY,1047,1046,4 6 7 8 12 14 15 18 24 26 30 31 36 37 38 39 40 44,18,2 20 33 40 42 44,2,18,0.1111111111111111,NUMBER_POOL_AVAILABLE,0
CONFIRMATION_DESCRIPTIVE_ONLY,1048,1047,2 6 7 9 10 12 13 14 15 16 18 20 21 24 26 34 35 36 39 44,20,6 12 17 21 32 39,4,20,0.2,NUMBER_POOL_AVAILABLE,0
CONFIRMATION_DESCRIPTIVE_ONLY,1049,1048,12 42,2,3 5 13 20 21 37,0,2,0.0,NO_NUMBER_POOL,0
CONFIRMATION_DESCRIPTIVE_ONLY,1050,1049,1 2 3 7 8 10 11 12 15 16 18 19 22 23 24 26 28 30 31 33 35 38 39 42 45,25,6 12 31 35 38 43,4,25,0.16,NUMBER_POOL_AVAILABLE,0
CONFIRMATION_DESCRIPTIVE_ONLY,1051,1050,1 2 6 7 9 11 12 13 14 15 16 17 18 22 23 24 30 31 35 36 37 39 44 45,24,21 26 30 32 33 35,2,24,0.08333333333333333,NUMBER_POOL_AVAILABLE,0
CONFIRMATION_DESCRIPTIVE_ONLY,1052,1051,2 7 10 12 13 14 16 17 18 24 25 28 33 34 35 36 37 38 39 44 45,21,5 17 26 27 35 38,3,21,0.14285714285714285,NUMBER_POOL_AVAILABLE,0
CONFIRMATION_DESCRIPTIVE_ONLY,1053,1052,2 10 11 37,4,22 26 29 30 34 45,0,4,0.0,NO_NUMBER_POOL,0
CONFIRMATION_DESCRIPTIVE_ONLY,1054,1053,1 2 7 11 12 14 15 16 17 24 25 26 31 36 37 38 44,17,14 19 27 28 30 45,1,17,0.058823529411764705,NUMBER_POOL_AVAILABLE,0
CONFIRMATION_DESCRIPTIVE_ONLY,1055,1054,6 11 12 13 14 15 16 17 18 21 24 25 26 27 31 35 37 38 44 45,20,4 7 12 14 22 33,2,20,0.1,NUMBER_POOL_AVAILABLE,0
CONFIRMATION_DESCRIPTIVE_ONLY,1056,1055,10 18 37,3,13 20 24 32 36 45,0,3,0.0,NO_NUMBER_POOL,0
CONFIRMATION_DESCRIPTIVE_ONLY,1057,1056,1 2 7 9 10 11 12 13 14 15 16 18 21 23 24 26 27 28 31 34 36 38 39 44 45,25,8 13 19 27 40 45,3,25,0.12,NUMBER_POOL_AVAILABLE,0
CONFIRMATION_DESCRIPTIVE_ONLY,1058,1057,2 6 7 9 11 12 13 14 15 16 18 21 23 24 26 27 28 31 33 34 35 38 39 40 45,25,11 23 25 30 32 40,3,25,0.12,NUMBER_POOL_AVAILABLE,0
CONFIRMATION_DESCRIPTIVE_ONLY,1059,1058,1 2 7 9 11 12 13 14 15 16 17 19 22 23 24 26 27 28 31 32 34 37 38 39 40 45,26,7 10 22 25 34 40,4,26,0.15384615384615385,NUMBER_POOL_AVAILABLE,0
CONFIRMATION_DESCRIPTIVE_ONLY,1060,1059,2 3 6 7 10 12 14 17 20 24 25 26 27 31 32 34 35 36 37 38 39 40 44 45,24,3 10 24 33 38 45,5,24,0.20833333333333334,NUMBER_POOL_AVAILABLE,0
CONFIRMATION_DESCRIPTIVE_ONLY,1061,1060,16 17 35 36,4,4 24 27 35 37 45,1,4,0.25,NO_NUMBER_POOL,0
CONFIRMATION_DESCRIPTIVE_ONLY,1062,1061,27 34,2,20 31 32 40 41 45,0,2,0.0,NO_NUMBER_POOL,0
CONFIRMATION_DESCRIPTIVE_ONLY,1063,1062,1 2 4 10 11 12 13 14 15 16 18 20 21 26 32 34 35 37 45,19,3 6 22 23 24 38,0,19,0.0,NUMBER_POOL_AVAILABLE,0
CONFIRMATION_DESCRIPTIVE_ONLY,1064,1063,2 3 7 12 13 14 16 17 18 20 24 26 28 31 32 35 36 38 44 45,20,3 6 9 18 22 35,3,20,0.15,NUMBER_POOL_AVAILABLE,0
CONFIRMATION_DESCRIPTIVE_ONLY,1065,1064,2 6 8 9 11 12 13 14 16 17 18 22 23 24 26 28 30 31 32 35 36 37 42 44 45,25,3 18 19 23 32 45,4,25,0.16,NUMBER_POOL_AVAILABLE,0
CONFIRMATION_DESCRIPTIVE_ONLY,1066,1065,2 6 7 9 10 12 13 14 15 16 18 19 21 23 24 27 28 31 32 35 36 38 42 44 45,25,6 11 16 19 21 32,5,25,0.2,NUMBER_POOL_AVAILABLE,0
CONFIRMATION_DESCRIPTIVE_ONLY,1067,1066,4 34,2,7 10 19 23 28 33,0,2,0.0,NO_NUMBER_POOL,0
CONFIRMATION_DESCRIPTIVE_ONLY,1068,1067,2 3 5 6 7 8 9 10 12 13 16 17 18 19 21 24 26 27 31 32 33 35 37 44 45,25,4 7 19 26 33 35,5,25,0.2,NUMBER_POOL_AVAILABLE,0
CONFIRMATION_DESCRIPTIVE_ONLY,1069,1068,43,1,1 10 18 22 28 31,0,1,0.0,NO_NUMBER_POOL,0
CONFIRMATION_DESCRIPTIVE_ONLY,1070,1069,,0,3 6 14 22 30 41,0,0,,NO_NUMBER_POOL,0
CONFIRMATION_DESCRIPTIVE_ONLY,1071,1070,2,1,1 2 11 21 30 35,1,1,1.0,NO_NUMBER_POOL,0
CONFIRMATION_DESCRIPTIVE_ONLY,1072,1071,2 30,2,16 18 20 23 32 43,0,2,0.0,NO_NUMBER_POOL,0
CONFIRMATION_DESCRIPTIVE_ONLY,1073,1072,2 10 11 12 13 14 15 16 17 18 19 21 24 26 27 31 32 33 35 36 37 38 45,23,6 18 28 30 32 38,3,23,0.13043478260869565,NUMBER_POOL_AVAILABLE,0
CONFIRMATION_DESCRIPTIVE_ONLY,1074,1073,2 3 6 7 11 12 13 14 16 18 19 20 23 24 26 27 32 35 37 38 40 44 45,23,1 6 20 27 28 41,3,23,0.13043478260869565,NUMBER_POOL_AVAILABLE,0
CONFIRMATION_DESCRIPTIVE_ONLY,1075,1074,9 10 11 37,4,1 23 24 35 44 45,0,4,0.0,NO_NUMBER_POOL,0
CONFIRMATION_DESCRIPTIVE_ONLY,1076,1075,,0,3 7 9 33 36 37,0,0,,NO_NUMBER_POOL,0
CONFIRMATION_DESCRIPTIVE_ONLY,1077,1076,1 4 10 12 15 19 20 23 26 30 31 32 33 34 36 39 44 45,18,4 8 17 30 40 43,2,18,0.1111111111111111,NUMBER_POOL_AVAILABLE,0
CONFIRMATION_DESCRIPTIVE_ONLY,1078,1077,,0,6 10 11 14 36 38,0,0,,NO_NUMBER_POOL,0
CONFIRMATION_DESCRIPTIVE_ONLY,1079,1078,2 3 6 7 11 13 16 17 18 19 20 21 24 31 36 37 39 40 42 44 45,21,4 8 18 24 37 45,4,21,0.19047619047619047,NUMBER_POOL_AVAILABLE,0
CONFIRMATION_DESCRIPTIVE_ONLY,1080,1079,3 8 9 10 12 14 15 17 18 21 22 23 24 25 26 28 31 35 39 44 45,21,13 16 23 31 36 44,3,21,0.14285714285714285,NUMBER_POOL_AVAILABLE,0
CONFIRMATION_DESCRIPTIVE_ONLY,1081,1080,6 7 11 12 13 15 18 19 20 22 23 24 26 28 32 33 34 35 36 37 39 42 44 45,24,1 9 16 23 24 38,2,24,0.08333333333333333,NUMBER_POOL_AVAILABLE,0
CONFIRMATION_DESCRIPTIVE_ONLY,1082,1081,2 3 6 9 10 12 13 15 16 17 18 19 22 23 24 26 27 28 30 31 33 35 38 41 43 44 45,27,21 26 27 32 34 42,2,27,0.07407407407407407,NUMBER_POOL_AVAILABLE,0
CONFIRMATION_DESCRIPTIVE_ONLY,1083,1082,1 6 9 13 14 16 17 18 19 21 23 24 26 27 28 36 37 38 39 44 45,21,3 7 14 15 22 38,2,21,0.09523809523809523,NUMBER_POOL_AVAILABLE,0
CONFIRMATION_DESCRIPTIVE_ONLY,1084,1083,2 3 5 8 9 10 11 13 14 15 16 18 20 22 23 24 26 28 30 31 32 33 35 36 38 41 42 43 44 45,30,8 12 13 29 33 42,4,30,0.13333333333333333,NUMBER_POOL_AVAILABLE,0
CONFIRMATION_DESCRIPTIVE_ONLY,1085,1084,3 15 17 31,4,4 7 17 18 38 44,1,4,0.25,NO_NUMBER_POOL,0
CONFIRMATION_DESCRIPTIVE_ONLY,1086,1085,2 3 4 7 8 9 10 12 15 16 17 18 19 20 26 31 32 35 36 37 39 40 42 45,24,11 16 25 27 35 36,3,24,0.125,NUMBER_POOL_AVAILABLE,0
CONFIRMATION_DESCRIPTIVE_ONLY,1087,1086,4 9 11 12 15 17 18 19 21 24 27 28 31 32 33 35 36 38 39 42 43 45,22,13 14 18 21 34 44,2,22,0.09090909090909091,NUMBER_POOL_AVAILABLE,0
CONFIRMATION_DESCRIPTIVE_ONLY,1088,1087,11 13 15 17 18 20 21 24 26 28 31 32 33 35 36 38 45,17,11 21 22 30 39 44,2,17,0.11764705882352941,NUMBER_POOL_AVAILABLE,0
CONFIRMATION_DESCRIPTIVE_ONLY,1089,1088,3 10 11 12 14 16 17 18 21 24 27 32 33 34 36 37 39 40 42 44 45,21,4 18 31 37 42 43,3,21,0.14285714285714285,NUMBER_POOL_AVAILABLE,0
CONFIRMATION_DESCRIPTIVE_ONLY,1090,1089,3 6 7 10 12 13 14 15 17 18 20 21 23 24 27 30 31 32 33 34 36 38 39 42 44 45,26,12 19 21 29 40 45,3,26,0.11538461538461539,NUMBER_POOL_AVAILABLE,0
CONFIRMATION_DESCRIPTIVE_ONLY,1091,1090,21,1,6 20 23 24 28 30,0,1,0.0,NO_NUMBER_POOL,0
CONFIRMATION_DESCRIPTIVE_ONLY,1092,1091,2 6 7 9 10 12 13 14 15 17 18 21 23 26 28 30 31 32 33 38 39 41 42 45,24,7 18 19 26 33 45,5,24,0.20833333333333334,NUMBER_POOL_AVAILABLE,0
CONFIRMATION_DESCRIPTIVE_ONLY,1093,1092,20,1,10 17 22 30 35 43,0,1,0.0,NO_NUMBER_POOL,0
CONFIRMATION_DESCRIPTIVE_ONLY,1094,1093,6 9 10 12 13 14 15 16 17 18 19 20 22 23 24 25 27 29 31 32 33 36 38 39 40 42 44 45,28,6 7 15 22 26 40,4,28,0.14285714285714285,NUMBER_POOL_AVAILABLE,0
CONFIRMATION_DESCRIPTIVE_ONLY,1095,1094,39,1,8 14 28 29 34 40,0,1,0.0,NO_NUMBER_POOL,0
CONFIRMATION_DESCRIPTIVE_ONLY,1096,1095,5 6 7 8 9 10 11 12 13 15 16 17 18 19 20 21 26 27 32 34 35 36 37 38 40 41 42 44 45,29,1 12 16 19 23 43,3,29,0.10344827586206896,NUMBER_POOL_AVAILABLE,0
CONFIRMATION_DESCRIPTIVE_ONLY,1097,1096,4 34,2,14 33 34 35 37 40,1,2,0.5,NO_NUMBER_POOL,0
CONFIRMATION_DESCRIPTIVE_ONLY,1098,1097,3 6 10 13 14 15 16 17 18 19 20 21 22 23 26 27 33 34 40 42 43 44 45,23,12 16 21 24 41 43,3,23,0.13043478260869565,NUMBER_POOL_AVAILABLE,0
CONFIRMATION_DESCRIPTIVE_ONLY,1099,1098,1 6 7 10 12 13 14 15 18 19 21 24 26 27 30 32 33 35 38 42 43,21,3 20 28 38 40 43,2,21,0.09523809523809523,NUMBER_POOL_AVAILABLE,0
CONFIRMATION_DESCRIPTIVE_ONLY,1100,1099,,0,17 26 29 30 31 43,0,0,,NO_NUMBER_POOL,0
CONFIRMATION_DESCRIPTIVE_ONLY,1101,1100,4 6 10 12 13 15 16 18 19 20 21 26 28 31 32 33 34 38 40 42 44 45,22,6 7 13 28 36 42,4,22,0.18181818181818182,NUMBER_POOL_AVAILABLE,0
CONFIRMATION_DESCRIPTIVE_ONLY,1102,1101,2 3 8 9 10 12 13 14 15 16 17 18 21 23 24 26 30 31 32 33 34 36 38 40 42 43 45,27,13 14 22 26 37 38,4,27,0.14814814814814814,NUMBER_POOL_AVAILABLE,0
CONFIRMATION_DESCRIPTIVE_ONLY,1103,1102,3 6 11 13 14 16 17 18 19 21 24 26 27 30 31 32 36 37 40 42 43 45,22,10 12 29 31 40 44,2,22,0.09090909090909091,NUMBER_POOL_AVAILABLE,0
CONFIRMATION_DESCRIPTIVE_ONLY,1104,1103,43,1,1 7 21 30 35 38,0,1,0.0,NO_NUMBER_POOL,0
CONFIRMATION_DESCRIPTIVE_ONLY,1105,1104,1 4 7 8 10 12 13 14 17 18 19 20 21 24 26 27 30 32 33 34 37 38 40 42 43 44 45,27,6 16 34 37 39 40,3,27,0.1111111111111111,NUMBER_POOL_AVAILABLE,0
CONFIRMATION_DESCRIPTIVE_ONLY,1106,1105,3 6 7 12 13 15 18 19 20 21 24 27 28 30 31 33 34 35 36 37 40 43 45,23,1 3 4 29 42 45,2,23,0.08695652173913043,NUMBER_POOL_AVAILABLE,0
CONFIRMATION_DESCRIPTIVE_ONLY,1107,1106,6 7 12 13 14 16 17 18 19 20 21 24 26 27 28 30 31 32 35 36 38 40 42 45,24,6 14 30 31 40 41,5,24,0.20833333333333334,NUMBER_POOL_AVAILABLE,0
CONFIRMATION_DESCRIPTIVE_ONLY,1108,1107,27,1,7 19 26 37 39 44,0,1,0.0,NO_NUMBER_POOL,0
CONFIRMATION_DESCRIPTIVE_ONLY,1109,1108,27,1,10 12 13 19 33 40,0,1,0.0,NO_NUMBER_POOL,0
CONFIRMATION_DESCRIPTIVE_ONLY,1110,1109,2 3 4 6 7 10 11 14 19 20 21 22 24 26 27 31 33 34 36 38 40 42 43 44,24,3 7 11 20 22 41,5,24,0.20833333333333334,NUMBER_POOL_AVAILABLE,0
CONFIRMATION_DESCRIPTIVE_ONLY,1111,1110,1 2 3 5 7 9 10 12 13 15 16 18 19 21 23 25 26 27 30 32 33 38 39 40 42 45,26,3 13 30 33 43 45,5,26,0.19230769230769232,NUMBER_POOL_AVAILABLE,0
CONFIRMATION_DESCRIPTIVE_ONLY,1112,1111,2 3 4 6 7 12 14 16 17 18 19 21 23 26 27 28 30 31 32 33 36 38 42 45,24,16 20 26 36 42 44,4,24,0.16666666666666666,NUMBER_POOL_AVAILABLE,0
CONFIRMATION_DESCRIPTIVE_ONLY,1113,1112,3 6 12 13 16 18 19 21 24 26 27 30 31 32 33 35 36 38 40 44 45,21,11 13 20 21 32 44,4,21,0.19047619047619047,NUMBER_POOL_AVAILABLE,0
CONFIRMATION_DESCRIPTIVE_ONLY,1114,1113,4 34,2,10 16 19 32 33 38,0,2,0.0,NO_NUMBER_POOL,0
CONFIRMATION_DESCRIPTIVE_ONLY,1115,1114,27,1,7 12 23 32 34 36,0,1,0.0,NO_NUMBER_POOL,0
CONFIRMATION_DESCRIPTIVE_ONLY,1116,1115,2 3 4 5 7 9 10 11 12 13 14 16 17 18 19 20 23 24 26 28 32 33 34 35 38,25,15 16 17 25 30 31,2,25,0.08,NUMBER_POOL_AVAILABLE,0
CONFIRMATION_DESCRIPTIVE_ONLY,1117,1116,3 6 8 11 12 14 21 23 26 27 30 32 34 36 37 38 40 43 44,19,3 4 9 30 33 36,3,19,0.15789473684210525,NUMBER_POOL_AVAILABLE,0
CONFIRMATION_DESCRIPTIVE_ONLY,1118,1117,3 7 12 13 14 16 17 18 21 24 26 30 31 32 34 35 37 43,18,11 13 14 15 16 45,3,18,0.16666666666666666,NUMBER_POOL_AVAILABLE,0
CONFIRMATION_DESCRIPTIVE_ONLY,1119,1118,1 3 6 7 12 14 20 21 22 24 26 27 30 33 35 38 45,17,1 9 12 13 20 45,4,17,0.23529411764705882,NUMBER_POOL_AVAILABLE,0
CONFIRMATION_DESCRIPTIVE_ONLY,1120,1119,3 6 10 11 12 14 16 17 18 19 20 21 24 26 32 34 35 38 45,19,2 19 26 31 38 41,3,19,0.15789473684210525,NUMBER_POOL_AVAILABLE,0
CONFIRMATION_DESCRIPTIVE_ONLY,1121,1120,1 3 5 6 7 9 11 12 14 16 17 18 19 20 21 22 24 26 27 30 32 33 35 37 38 40 43,27,6 24 31 32 38 44,4,27,0.14814814814814814,NUMBER_POOL_AVAILABLE,0
CONFIRMATION_DESCRIPTIVE_ONLY,1122,1121,2 3 4 7 8 9 11 13 14 16 17 21 24 25 26 32 35 36 38 44 45,21,3 6 21 30 34 35,3,21,0.14285714285714285,NUMBER_POOL_AVAILABLE,0
CONFIRMATION_DESCRIPTIVE_ONLY,1123,1122,2 3 7 8 10 14 19 21 24 26 27 30 32 36 43 45,16,13 19 21 24 34 35,3,16,0.1875,NUMBER_POOL_AVAILABLE,0
CONFIRMATION_DESCRIPTIVE_ONLY,1124,1123,2 3 6 12 13 16 18 19 20 21 24 26 30 31 32 34 36 37 40 45,20,3 8 17 30 33 34,3,20,0.15,NUMBER_POOL_AVAILABLE,0
CONFIRMATION_DESCRIPTIVE_ONLY,1125,1124,,0,6 14 25 33 40 44,0,0,,NO_NUMBER_POOL,0
CONFIRMATION_DESCRIPTIVE_ONLY,1126,1125,16 17 24 27 36,5,4 5 9 11 37 40,0,5,0.0,NO_NUMBER_POOL,0
CONFIRMATION_DESCRIPTIVE_ONLY,1127,1126,3 4 6 12 14 16 17 21 22 24 26 30 33 35 36 37 40 43 45,19,10 15 24 30 31 37,3,19,0.15789473684210525,NUMBER_POOL_AVAILABLE,0
CONFIRMATION_DESCRIPTIVE_ONLY,1128,1127,5 6 7 9 10 12 14 16 18 19 21 24 25 26 27 30 31 32 33 34 35 37 38 45,24,1 5 8 16 28 33,3,24,0.125,NUMBER_POOL_AVAILABLE,0
CONFIRMATION_DESCRIPTIVE_ONLY,1129,1128,4 7 9 11 12 13 14 16 19 20 21 26 27 29 30 31 32 33 34 36 38 39 41 45,24,5 10 11 17 28 34,2,24,0.08333333333333333,NUMBER_POOL_AVAILABLE,0
CONFIRMATION_DESCRIPTIVE_ONLY,1130,1129,1 2 3 4 6 7 8 9 10 11 12 13 16 18 19 20 21 23 24 26 27 29 30 31 32 33 36 38 39 40 41 43 45,33,15 19 21 25 27 28,3,33,0.09090909090909091,NUMBER_POOL_AVAILABLE,0
CONFIRMATION_DESCRIPTIVE_ONLY,1131,1130,4 6 8 12 13 16 18 19 20 21 30 31 33 34 35 36 38 40,18,1 2 6 14 27 38,2,18,0.1111111111111111,NUMBER_POOL_AVAILABLE,0
CONFIRMATION_DESCRIPTIVE_ONLY,1132,1131,31 43,2,6 7 19 28 34 41,0,2,0.0,NO_NUMBER_POOL,0
CONFIRMATION_DESCRIPTIVE_ONLY,1133,1132,3 6 7 9 12 14 18 19 20 21 23 24 25 26 29 30 31 32 33 38 45,21,13 14 20 28 29 34,3,21,0.14285714285714285,NUMBER_POOL_AVAILABLE,0
CONFIRMATION_DESCRIPTIVE_ONLY,1134,1133,2 3 6 7 8 11 12 16 18 19 21 30 31 33 35 38,16,3 7 9 13 19 24,3,16,0.1875,NUMBER_POOL_AVAILABLE,0
CONFIRMATION_DESCRIPTIVE_ONLY,1135,1134,3 7 10 11 12 13 16 18 19 21 24 26 27 28 30 32 33 34 35,19,1 6 13 19 21 33,4,19,0.21052631578947367,NUMBER_POOL_AVAILABLE,0
CONFIRMATION_DESCRIPTIVE_ONLY,1136,1135,1 3 4 5 7 8 9 10 12 13 16 24 26 27 28 30 31 33 35 36 37 38,22,21 33 35 38 42 44,3,22,0.13636363636363635,NUMBER_POOL_AVAILABLE,0
CONFIRMATION_DESCRIPTIVE_ONLY,1137,1136,1 3 4 5 6 7 13 14 16 17 18 19 20 21 23 24 25 26 28 30 32 33 34 35 38 41 44 45,28,4 9 12 15 33 45,3,28,0.10714285714285714,NUMBER_POOL_AVAILABLE,0
CONFIRMATION_DESCRIPTIVE_ONLY,1138,1137,3 15 17 26 31,5,14 16 19 20 29 34,0,5,0.0,NO_NUMBER_POOL,0
CONFIRMATION_DESCRIPTIVE_ONLY,1139,1138,3 6 7 8 9 11 12 14 15 16 19 21 26 27 28 30 31 32 33 34 36 43 45,23,5 12 15 30 37 40,3,23,0.13043478260869565,NUMBER_POOL_AVAILABLE,0
CONFIRMATION_DESCRIPTIVE_ONLY,1140,1139,1 5,2,7 10 22 29 31 38,0,2,0.0,NO_NUMBER_POOL,0
CONFIRMATION_DESCRIPTIVE_ONLY,1141,1140,12 30,2,7 11 12 21 26 35,1,2,0.5,NO_NUMBER_POOL,0
CONFIRMATION_DESCRIPTIVE_ONLY,1142,1141,1 6 7 10 11 12 16 17 18 19 21 26 27 28 30 31 32 33 35 36 38 40,22,2 8 28 30 37 41,2,22,0.09090909090909091,NUMBER_POOL_AVAILABLE,0
CONFIRMATION_DESCRIPTIVE_ONLY,1143,1142,2 3 4 5 6 7 9 10 11 12 13 14 16 17 19 20 21 23 24 26 28 29 30 31 32 33 35 36 38 40 42 43 44 45,34,10 16 17 27 28 36,5,34,0.14705882352941177,NUMBER_POOL_AVAILABLE,0
CONFIRMATION_DESCRIPTIVE_ONLY,1144,1143,2 3 4 6 7 8 9 10 12 13 16 18 19 20 21 22 27 30 32 38 40 43,22,3 4 12 15 26 34,3,22,0.13636363636363635,NUMBER_POOL_AVAILABLE,0
CONFIRMATION_DESCRIPTIVE_ONLY,1145,1144,4 7 8 9 10 11 12 13 15 16 17 20 21 23 25 26 28 30 32 33 34 35,22,2 11 31 33 37 44,2,22,0.09090909090909091,NUMBER_POOL_AVAILABLE,0
CONFIRMATION_DESCRIPTIVE_ONLY,1146,1145,1 3 4 6 7 12 13 14 16 17 19 20 22 24 26 28 30 33 45,19,6 11 17 19 40 43,3,19,0.15789473684210525,NUMBER_POOL_AVAILABLE,0
CONFIRMATION_DESCRIPTIVE_ONLY,1147,1146,13 18 27 33,4,7 11 24 26 27 37,1,4,0.25,NO_NUMBER_POOL,0
CONFIRMATION_DESCRIPTIVE_ONLY,1148,1147,1 3 4 6 7 10 12 14 16 17 18 19 21 24 28 30 31 32 34 37 38 40 43,23,3 6 13 15 16 22,3,23,0.13043478260869565,NUMBER_POOL_AVAILABLE,0
CONFIRMATION_DESCRIPTIVE_ONLY,1149,1148,2 3 6 7 8 9 10 12 15 19 20 21 23 24 25 26 29 31 32 33 34 35 38 39 40 45,26,8 15 19 21 32 36,5,26,0.19230769230769232,NUMBER_POOL_AVAILABLE,0
CONFIRMATION_DESCRIPTIVE_ONLY,1150,1149,18 21,2,8 9 18 35 39 45,1,2,0.5,NO_NUMBER_POOL,0
CONFIRMATION_DESCRIPTIVE_ONLY,1151,1150,3 20 34 43,4,2 3 9 15 27 29,1,4,0.25,NO_NUMBER_POOL,0
CONFIRMATION_DESCRIPTIVE_ONLY,1152,1151,7 10 11 12 13 14 15 16 17 18 19 20 24 26 27 30 31 32 33 35 38 43 45,23,30 31 32 35 36 37,4,23,0.17391304347826086,NUMBER_POOL_AVAILABLE,0
CONFIRMATION_DESCRIPTIVE_ONLY,1153,1152,1 3 4 6 9 13 17 21 22 26 30 32 34 38 40,15,1 9 10 13 35 44,3,15,0.2,NUMBER_POOL_AVAILABLE,0
CONFIRMATION_DESCRIPTIVE_ONLY,1154,1153,6 7 10 12 13 14 15 16 18 19 20 21 24 26 28 30 32 33 34 35 36 38 40 41 45,25,4 8 22 26 32 38,3,25,0.12,NUMBER_POOL_AVAILABLE,0
CONFIRMATION_DESCRIPTIVE_ONLY,1155,1154,2 4 6 7 8 10 12 13 14 21 24 31 32 34 35 36 37 38 40 43,20,10 16 19 27 37 38,3,20,0.15,NUMBER_POOL_AVAILABLE,0
CONFIRMATION_DESCRIPTIVE_ONLY,1156,1155,,0,30 31 34 39 41 45,0,0,,NO_NUMBER_POOL,0
CONFIRMATION_DESCRIPTIVE_ONLY,1157,1156,1 3 4 6 7 10 12 13 14 16 17 18 19 21 22 24 26 27 30 37 38 40 45,23,5 7 12 20 25 26,3,23,0.13043478260869565,NUMBER_POOL_AVAILABLE,0
CONFIRMATION_DESCRIPTIVE_ONLY,1158,1157,2 6 7 10 12 13 16 17 18 19 21 27 28 30 31 32 33 34 35 36 37 38 40 43,24,21 25 27 32 37 38,5,24,0.20833333333333334,NUMBER_POOL_AVAILABLE,0
CONFIRMATION_DESCRIPTIVE_ONLY,1159,1158,3 4 6 7 8 9 12 15 16 17 18 19 20 21 26 29 30 31 32 33 34 35 36 38 39 40 43 44 45,29,3 9 27 28 38 39,4,29,0.13793103448275862,NUMBER_POOL_AVAILABLE,0
CONFIRMATION_DESCRIPTIVE_ONLY,1160,1159,3 4 8 10 12 13 17 19 20 21 24 26 27 28 30 31 32 35 36 37 39 40,22,7 13 18 36 39 45,3,22,0.13636363636363635,NUMBER_POOL_AVAILABLE,0
CONFIRMATION_DESCRIPTIVE_ONLY,1161,1160,13 16 18 24 25 27 34,7,2 12 20 24 34 42,2,7,0.2857142857142857,NUMBER_POOL_AVAILABLE,0
CONFIRMATION_DESCRIPTIVE_ONLY,1162,1161,10 20,2,20 21 22 25 28 29,1,2,0.5,NO_NUMBER_POOL,0
CONFIRMATION_DESCRIPTIVE_ONLY,1163,1162,6 7 10 12 15 16 17 18 19 20 21 27 30 31 32 33 34 36 37 38 40 43,22,2 13 15 16 33 43,4,22,0.18181818181818182,NUMBER_POOL_AVAILABLE,0
CONFIRMATION_DESCRIPTIVE_ONLY,1164,1163,2 3 4 6 7 14 15 19 22 28 32 34 35 36 38 45,16,17 18 23 25 38 39,1,16,0.0625,NUMBER_POOL_AVAILABLE,0
CONFIRMATION_DESCRIPTIVE_ONLY,1165,1164,3 4 6 8 11 12 13 15 16 18 19 26 27 32 33 34 37 39 40 43,20,6 7 27 29 38 45,2,20,0.1,NUMBER_POOL_AVAILABLE,0
CONFIRMATION_DESCRIPTIVE_ONLY,1166,1165,2 3 20 34,4,14 23 25 27 29 42,0,4,0.0,NO_NUMBER_POOL,0
CONFIRMATION_DESCRIPTIVE_ONLY,1167,1166,3 4 6 7 8 9 12 13 15 16 19 21 28 29 30 32 33 35 36 37 38 44,22,8 23 31 35 39 40,2,22,0.09090909090909091,NUMBER_POOL_AVAILABLE,0
CONFIRMATION_DESCRIPTIVE_ONLY,1168,1167,1 4 6 7 10 12 13 14 15 16 17 21 24 26 27 30 33 37 38 39 40 43 44,23,9 21 24 30 33 37,5,23,0.21739130434782608,NUMBER_POOL_AVAILABLE,0
CONFIRMATION_DESCRIPTIVE_ONLY,1169,1168,1 4 6 7 10 13 14 17 19 20 21 24 27 28 30 34 37 38 40,19,5 12 24 26 39 42,1,19,0.05263157894736842,NUMBER_POOL_AVAILABLE,0
CONFIRMATION_DESCRIPTIVE_ONLY,1170,1169,1 4 6 7 8 9 12 13 15 16 17 21 23 24 25 26 27 28 30 32 33 34 36 37 38 40 42,27,3 13 28 34 38 42,5,27,0.18518518518518517,NUMBER_POOL_AVAILABLE,0
CONFIRMATION_DESCRIPTIVE_ONLY,1171,1170,27 40,2,3 6 7 11 12 17,0,2,0.0,NO_NUMBER_POOL,0
CONFIRMATION_DESCRIPTIVE_ONLY,1172,1171,3 4 11 13 19 20 21 28 32 33 34 37 38 43,14,7 9 24 40 42 44,0,14,0.0,NUMBER_POOL_AVAILABLE,0
CONFIRMATION_DESCRIPTIVE_ONLY,1173,1172,2 3 6 7 12 14 15 16 17 18 21 26 27 30 32 34 35 36 37 38 40,21,1 5 18 20 30 35,3,21,0.14285714285714285,NUMBER_POOL_AVAILABLE,0
CONFIRMATION_DESCRIPTIVE_ONLY,1174,1173,4 6 7 8 9 10 13 16 17 20 21 22 26 30 33 34 37 38 43,19,8 11 14 17 36 39,2,19,0.10526315789473684,NUMBER_POOL_AVAILABLE,0
CONFIRMATION_DESCRIPTIVE_ONLY,1175,1174,1 5,2,3 4 6 8 32 42,0,2,0.0,NO_NUMBER_POOL,0
CONFIRMATION_DESCRIPTIVE_ONLY,1176,1175,4 7 8 12 13 16 17 21 22 24 38 40,12,7 9 11 21 30 35,2,12,0.16666666666666666,NUMBER_POOL_AVAILABLE,0
CONFIRMATION_DESCRIPTIVE_ONLY,1177,1176,1 2 3 4 6 7 9 12 13 14 15 17 19 20 21 23 26 27 28 30 34 37 38 41 43,25,3 7 15 16 19 43,5,25,0.2,NUMBER_POOL_AVAILABLE,0
CONFIRMATION_DESCRIPTIVE_ONLY,1178,1177,3 6 7 8 9 10 12 15 16 17 20 21 23 25 27 30 31 32 33 34 38 41,22,5 6 11 27 43 44,2,22,0.09090909090909091,NUMBER_POOL_AVAILABLE,0
CONFIRMATION_DESCRIPTIVE_ONLY,1179,1178,3 6 7 8 9 12 13 15 16 17 20 21 24 25 26 33 34 35 36 37 42,21,3 16 18 24 40 44,3,21,0.14285714285714285,NUMBER_POOL_AVAILABLE,0
CONFIRMATION_DESCRIPTIVE_ONLY,1180,1179,,0,6 12 18 37 40 41,0,0,,NO_NUMBER_POOL,0
CONFIRMATION_DESCRIPTIVE_ONLY,1181,1180,3 6 7 8 12 13 15 16 18 20 21 22 32 33 34 37 38 39 40,19,8 10 14 20 33 41,3,19,0.15789473684210525,NUMBER_POOL_AVAILABLE,0
CONFIRMATION_DESCRIPTIVE_ONLY,1182,1181,3 12 15 17 31,5,1 13 21 25 28 31,1,5,0.2,NO_NUMBER_POOL,0
CONFIRMATION_DESCRIPTIVE_ONLY,1183,1182,1 3 6 7 8 9 12 13 14 15 16 17 19 21 26 28 30 32 34 37 38 43,22,4 15 17 23 27 36,2,22,0.09090909090909091,NUMBER_POOL_AVAILABLE,0
CONFIRMATION_DESCRIPTIVE_ONLY,1184,1183,1 3 4 6 7 12 13 14 15 16 17 18 20 21 23 24 25 26 27 28 29 34,22,14 16 23 25 31 37,4,22,0.18181818181818182,NUMBER_POOL_AVAILABLE,0
CONFIRMATION_DESCRIPTIVE_ONLY,1185,1184,1 3 4 6 7 8 12 13 14 15 16 18 20 21 22 23 24 25 27 28 30 31 32 34 35 37 40,27,6 17 22 28 29 32,4,27,0.14814814814814814,NUMBER_POOL_AVAILABLE,0
CONFIRMATION_DESCRIPTIVE_ONLY,1186,1185,1 3 6 7 8 9 10 12 14 15 17 20 21 23 27 28 30 34 35 37 38 40 41 43,24,2 8 13 16 23 28,3,24,0.125,NUMBER_POOL_AVAILABLE,0
CONFIRMATION_DESCRIPTIVE_ONLY,1187,1186,3 6 7 8 9 10 12 13 14 15 16 20 21 25 26 27 28 30 31 32 34 37 38 39,24,5 13 26 29 37 40,3,24,0.125,NUMBER_POOL_AVAILABLE,0
CONFIRMATION_DESCRIPTIVE_ONLY,1188,1187,27,1,3 4 12 19 22 27,1,1,1.0,NO_NUMBER_POOL,0
CONFIRMATION_DESCRIPTIVE_ONLY,1189,1188,4 6 7 8 12 13 14 15 17 21 24 26 27 28 30 33 38 43,18,9 19 29 35 37 38,1,18,0.05555555555555555,NUMBER_POOL_AVAILABLE,0
CONFIRMATION_DESCRIPTIVE_ONLY,1190,1189,1 3 6 7 10 12 13 14 15 16 19 20 21 22 26 27 28 34 37 38 39 42 44,23,7 9 19 23 26 45,3,23,0.13043478260869565,NUMBER_POOL_AVAILABLE,0
CONFIRMATION_DESCRIPTIVE_ONLY,1191,1190,29,1,1 4 11 12 20 41,0,1,0.0,NO_NUMBER_POOL,0
CONFIRMATION_DESCRIPTIVE_ONLY,1192,1191,4 6 7 8 9 11 12 16 19 20 21 23 24 26 30 32 33 38,18,10 16 23 36 39 40,2,18,0.1111111111111111,NUMBER_POOL_AVAILABLE,0
CONFIRMATION_DESCRIPTIVE_ONLY,1193,1192,1 3 6 7 8 10 11 12 13 14 15 19 20 21 26 28 29 32 34 35 38 40 43,23,6 9 16 19 24 28,3,23,0.13043478260869565,NUMBER_POOL_AVAILABLE,0
CONFIRMATION_DESCRIPTIVE_ONLY,1194,1193,2 3 7 11 12 19 20 21 24 26 27 28 29 30 32 33 38 42,18,3 13 15 24 33 37,3,18,0.16666666666666666,NUMBER_POOL_AVAILABLE,0
CONFIRMATION_DESCRIPTIVE_ONLY,1195,1194,10 37,2,3 15 27 33 34 36,0,2,0.0,NO_NUMBER_POOL,0
CONFIRMATION_DESCRIPTIVE_ONLY,1196,1195,3 4 6 7 8 12 13 15 16 17 19 20 21 22 23 24 26 27 28 29 30 33 34 38 39 42,26,8 12 15 29 40 45,4,26,0.15384615384615385,NUMBER_POOL_AVAILABLE,0
CONFIRMATION_DESCRIPTIVE_ONLY,1197,1196,20 33 37,3,1 5 7 26 28 43,0,3,0.0,NO_NUMBER_POOL,0
CONFIRMATION_DESCRIPTIVE_ONLY,1198,1197,5 6 7 8 12 15 19 20 21 27 30 33 34 36 37 38 42,17,26 30 33 38 39 41,3,17,0.17647058823529413,NUMBER_POOL_AVAILABLE,0
CONFIRMATION_DESCRIPTIVE_ONLY,1199,1198,1 3 4 6 7 8 9 19 20 21 27 28 30 34 36 37 38 39 40,19,16 24 25 30 31 32,1,19,0.05263157894736842,NUMBER_POOL_AVAILABLE,0
CONFIRMATION_DESCRIPTIVE_ONLY,1200,1199,3 4 6 7 8 9 12 13 15 17 19 21 22 24 26 27 28 30 32 33 34 37 38 40 41,25,1 2 4 16 20 32,2,25,0.08,NUMBER_POOL_AVAILABLE,0
CONFIRMATION_DESCRIPTIVE_ONLY,1201,1200,4 6 7 8 9 13 14 15 19 20 21 24 30 32 33 34 37 39 42 45,20,7 9 24 27 35 36,3,20,0.15,NUMBER_POOL_AVAILABLE,0
CONFIRMATION_DESCRIPTIVE_ONLY,1202,1201,1 2 3 6 7 13 15 16 17 19 20 21 24 25 26 27 28 29 30 32 34 36 38 39,24,5 12 21 33 37 40,1,24,0.041666666666666664,NUMBER_POOL_AVAILABLE,0
CONFIRMATION_DESCRIPTIVE_ONLY,1203,1202,3 7 20 22 34,5,3 6 18 29 35 39,1,5,0.2,NO_NUMBER_POOL,0
CONFIRMATION_DESCRIPTIVE_ONLY,1204,1203,30 32,2,8 16 28 30 31 44,1,2,0.5,NO_NUMBER_POOL,0
CONFIRMATION_DESCRIPTIVE_ONLY,1205,1204,1 3 4 6 7 8 12 13 15 17 19 20 21 22 23 24 27 28 30 32 34 35 36 37 38 42,26,1 4 16 23 31 41,3,26,0.11538461538461539,NUMBER_POOL_AVAILABLE,0
CONFIRMATION_DESCRIPTIVE_ONLY,1206,1205,4 6 7 8 9 12 15 16 17 21 24 27 28 29 31 32 33 34 35 36 37 38 39,23,1 3 17 26 27 42,2,23,0.08695652173913043,NUMBER_POOL_AVAILABLE,0
CONFIRMATION_DESCRIPTIVE_ONLY,1207,1206,2 3 5 6 7 8 9 12 15 16 17 19 21 22 27 28 29 32 33 34 38 44,22,10 22 24 27 38 45,3,22,0.13636363636363635,NUMBER_POOL_AVAILABLE,0
CONFIRMATION_DESCRIPTIVE_ONLY,1208,1207,1 3 4 7 8 11 12 15 16 17 20 21 24 26 27 28 30 31 32 34 36 37 38 39,24,6 27 30 36 38 42,4,24,0.16666666666666666,NUMBER_POOL_AVAILABLE,0
CONFIRMATION_DESCRIPTIVE_ONLY,1209,1208,1 3 4 6 7 8 9 12 13 15 17 19 20 21 22 25 27 28 29 30 32 33 34 37 38 39 41,27,2 17 20 35 37 39,4,27,0.14814814814814814,NUMBER_POOL_AVAILABLE,0
CONFIRMATION_DESCRIPTIVE_ONLY,1210,1209,20,1,1 7 9 17 27 38,0,1,0.0,NO_NUMBER_POOL,0
CONFIRMATION_DESCRIPTIVE_ONLY,1211,1210,19 31 43,3,23 26 27 35 38 40,0,3,0.0,NO_NUMBER_POOL,0
CONFIRMATION_DESCRIPTIVE_ONLY,1212,1211,1 3 4 6 7 8 9 10 12 15 16 17 21 24 25 29 30 31 32 33 35 37 38 39,24,5 8 25 31 41 44,3,24,0.125,NUMBER_POOL_AVAILABLE,0
CONFIRMATION_DESCRIPTIVE_ONLY,1213,1212,1 6 7 8 12 13 15 16 17 21 22 23 24 26 27 28 32 33 34 35 37 38,22,5 11 25 27 36 38,2,22,0.09090909090909091,NUMBER_POOL_AVAILABLE,0
CONFIRMATION_DESCRIPTIVE_ONLY,1214,1213,10 11 30 37,4,10 15 19 27 30 33,2,4,0.5,NO_NUMBER_POOL,0
CONFIRMATION_DESCRIPTIVE_ONLY,1215,1214,1 3 4 6 7 8 10 15 19 20 21 23 24 26 27 28 30 34 35 36 37 38 40 45,24,13 15 19 21 44 45,4,24,0.16666666666666666,NUMBER_POOL_AVAILABLE,0
CONFIRMATION_DESCRIPTIVE_ONLY,1216,1215,1 3 6 7 12 15 16 19 20 21 24 26 27 28 32 33 34 37 38,19,3 10 14 15 23 24,3,19,0.15789473684210525,NUMBER_POOL_AVAILABLE,0
CONFIRMATION_DESCRIPTIVE_ONLY,1217,1216,1 3 4 6 7 8 14 16 17 19 25 27 29 30 31 33 38 45,18,8 10 15 20 29 31,3,18,0.16666666666666666,NUMBER_POOL_AVAILABLE,0
CONFIRMATION_DESCRIPTIVE_ONLY,1218,1217,3 12 15 17 31,5,3 28 31 32 42 45,2,5,0.4,NO_NUMBER_POOL,0
CONFIRMATION_DESCRIPTIVE_ONLY,1219,1218,1 3 4 6 7 8 9 11 12 15 16 17 19 21 22 23 24 26 27 28 33 35 37 38 39 42,26,1 2 15 28 39 45,4,26,0.15384615384615385,NUMBER_POOL_AVAILABLE,0
CONFIRMATION_DESCRIPTIVE_ONLY,1220,1219,,0,2 22 25 28 34 43,0,0,,NO_NUMBER_POOL,0
CONFIRMATION_DESCRIPTIVE_ONLY,1221,1220,10 21,2,6 13 18 28 30 36,0,2,0.0,NO_NUMBER_POOL,0
CONFIRMATION_DESCRIPTIVE_ONLY,1222,1221,1 2 3 8 12 14 15 17 19 20 23 25 27 30 31 33 36 37 38,19,4 11 17 22 32 41,1,19,0.05263157894736842,NUMBER_POOL_AVAILABLE,0
CONFIRMATION_DESCRIPTIVE_ONLY,1223,1222,12,1,16 18 20 32 33 39,0,1,0.0,NO_NUMBER_POOL,0
CONFIRMATION_DESCRIPTIVE_ONLY,1224,1223,1 3 6 7 8 11 12 15 19 20 21 22 23 25 26 28 29 30 32 37 38,21,9 18 21 27 44 45,1,21,0.047619047619047616,NUMBER_POOL_AVAILABLE,0
CONFIRMATION_DESCRIPTIVE_ONLY,1225,1224,20 26,2,8 9 19 25 41 42,0,2,0.0,NO_NUMBER_POOL,0
CONFIRMATION_DESCRIPTIVE_ONLY,1226,1225,2 3 7 9 12 15 19 20 21 23 25 26 27 28 32 33 35 37 38 39 45,21,4 6 13 17 26 28,2,21,0.09523809523809523,NUMBER_POOL_AVAILABLE,0
CONFIRMATION_DESCRIPTIVE_ONLY,1227,1226,,0,1 14 16 34 41 44,0,0,,NO_NUMBER_POOL,0
CONFIRMATION_DESCRIPTIVE_ONLY,1228,1227,3 4 5 6 7 8 10 13 14 19 27 32 33 34 35 38 39 41,18,24 29 30 31 35 44,1,18,0.05555555555555555,NUMBER_POOL_AVAILABLE,0
CONFIRMATION_DESCRIPTIVE_ONLY,1229,1228,1 3 4 6 13 15 16 17 20 24 25 26 27 30 37 38 39 45,18,12 13 29 34 37 42,2,18,0.1111111111111111,NUMBER_POOL_AVAILABLE,0
CONFIRMATION_DESCRIPTIVE_ONLY,1230,1229,1 3 7 13 15 19 23 24 26 27 28 30 35 37 39 41 45,17,3 8 9 22 28 42,2,17,0.11764705882352941,NUMBER_POOL_AVAILABLE,0
CONFIRMATION_DESCRIPTIVE_ONLY,1231,1230,3 6 7 8 12 13 15 16 17 20 24 25 26 27 28 31 32 33 35 37 38 39 40 41 45,25,4 13 14 18 31 38,3,25,0.12,NUMBER_POOL_AVAILABLE,0
CONFIRMATION_DESCRIPTIVE_ONLY,1232,1231,1 3 4 6 7 8 9 10 11 12 13 15 19 23 27 31 35 37 38 39 45,21,12 15 19 22 24 36,3,21,0.14285714285714285,NUMBER_POOL_AVAILABLE,0
CONFIRMATION_DESCRIPTIVE_ONLY,1233,1232,1 3 4 6 8 13 15 18 19 20 21 22 23 24 27 29 30 31 33 35 36 37 38 40 45,25,2 7 20 25 37 40,3,25,0.12,NUMBER_POOL_AVAILABLE,0
CONFIRMATION_DESCRIPTIVE_ONLY,1234,1233,30,1,1 15 19 31 35 43,0,1,0.0,NO_NUMBER_POOL,0
CONFIRMATION_DESCRIPTIVE_ONLY,1235,1234,18 20 21 30,4,6 7 11 15 39 43,0,4,0.0,NO_NUMBER_POOL,0
CONFIRMATION_DESCRIPTIVE_ONLY,1236,1235,2 3 6 13 15 16 18 19 20 21 23 26 27 28 29 30 31 35 36 37 38 39 40 42 45,25,12 18 21 29 34 38,4,25,0.16,NUMBER_POOL_AVAILABLE,0
CONFIRMATION_DESCRIPTIVE_ONLY,1237,1236,1 5 6 7 8 11 12 14 15 16 19 20 21 22 24 26 27 28 30 31 32 35 37 38 39 45,26,10 20 23 34 37 40,2,26,0.07692307692307693,NUMBER_POOL_AVAILABLE,0
CONFIRMATION_DESCRIPTIVE_ONLY,1238,1237,1 6 7 8 10 12 13 15 17 19 20 21 24 27 28 30 34 36 37 39 45,21,2 13 18 32 38 42,1,21,0.047619047619047616,NUMBER_POOL_AVAILABLE,0
