"absolute_path","relative_path","filename","extension","size","modified_time","sha256","cleanup_classification","duplicate_count"
"E:\P45 프로젝트\=ro","=ro","=ro","","0","2026-08-14T15:04:22.2663514+09:00","e3b0c44298fc1c149afbf4c8996fb92427ae41e4649b934ca495991b7852b855","KEEP_ACTIVE","6"
"E:\P45 프로젝트\P45 시작.cmd","P45 시작.cmd","P45 시작.cmd",".cmd","1059","2026-08-16T13:24:15.2821513+09:00","9381bf93f5c13de730eb2952e91b726497526be4389727b18263da3359524f69","KEEP_RUNTIME","1"
"E:\P45 프로젝트\P45 자동업데이트 삭제.cmd","P45 자동업데이트 삭제.cmd","P45 자동업데이트 삭제.cmd",".cmd","313","2026-08-12T13:36:41.9296698+09:00","85b8babb58584f4cd0f1e1250cf6f804b0420f31bf8505bd05ac2d8ca8ec5d49","KEEP_RUNTIME","1"
"E:\P45 프로젝트\P45 자동업데이트 설치.cmd","P45 자동업데이트 설치.cmd","P45 자동업데이트 설치.cmd",".cmd","386","2026-08-12T13:36:41.9276721+09:00","2e4325efb71b301440b24b45d7f04bc47b9d77536c55b840becd4412c0233ff1","KEEP_RUNTIME","1"
"E:\P45 프로젝트\P45 자동업데이트 설치.ps1","P45 자동업데이트 설치.ps1","P45 자동업데이트 설치.ps1",".ps1","2138","2026-08-12T13:38:04.8208075+09:00","0ffd1b6b4e428b98749b19dbed832420ecbe2d85811172096113864013c6bd8d","KEEP_RUNTIME","1"
"E:\P45 프로젝트\P45 회차 업데이트.cmd","P45 회차 업데이트.cmd","P45 회차 업데이트.cmd",".cmd","393","2026-08-12T13:38:04.8188089+09:00","69fc16e889b3e0861f8a072249c4dda0a7861a26bd3eec92f9e511821cdff8d0","KEEP_RUNTIME","1"
"E:\P45 프로젝트\P45 휴대폰 미리보기.cmd","P45 휴대폰 미리보기.cmd","P45 휴대폰 미리보기.cmd",".cmd","1660","2026-08-16T13:24:54.3290674+09:00","335e7247df2df8baf8e050b418353ecd878545e47e3059576cd258439190f5bd","KEEP_RUNTIME","1"
"E:\P45 프로젝트\P45_프로젝트_공통지침.md","P45_프로젝트_공통지침.md","P45_프로젝트_공통지침.md",".md","3081","2026-08-20T20:27:53.1317668+09:00","ffcd3d1f79120e26063ece46664a59c286371af297ffddc180041e0b835d0df7","KEEP_ACTIVE","1"
"E:\P45 프로젝트\P45_v2.5_Work_UTF8_BOM_CRLF.md","P45_v2.5_Work_UTF8_BOM_CRLF.md","P45_v2.5_Work_UTF8_BOM_CRLF.md",".md","34285","2026-08-06T14:14:57.1554369+09:00","110f3d7c77cea41cb64221f3c4a591cf7629ab5df104577a72fed06011ea3711","KEEP_PROTECTED","1"
"E:\P45 프로젝트\P45_v2.7_Work_Implementation_Order_UTF8_BOM_CRLF.md","P45_v2.7_Work_Implementation_Order_UTF8_BOM_CRLF.md","P45_v2.7_Work_Implementation_Order_UTF8_BOM_CRLF.md",".md","6239","2026-08-06T16:14:22.5496060+09:00","1f4006e2f98e05d2bd73860b0e1edbb8251b274808df8c2e8d7c83b559dbb757","KEEP_PROTECTED","1"
"E:\P45 프로젝트\P45_v2.7_Work_UTF8_BOM_CRLF.md","P45_v2.7_Work_UTF8_BOM_CRLF.md","P45_v2.7_Work_UTF8_BOM_CRLF.md",".md","61501","2026-08-06T16:13:40.9137586+09:00","4e1c27ed789b851c23e3f3746435ee0aac03e1f23c4e758d4c0eb033f1438b53","KEEP_PROTECTED","1"
"E:\P45 프로젝트\P45_v2.7.1_Stage5_5_Work_UTF8_BOM_CRLF.md","P45_v2.7.1_Stage5_5_Work_UTF8_BOM_CRLF.md","P45_v2.7.1_Stage5_5_Work_UTF8_BOM_CRLF.md",".md","4616","2026-08-06T18:10:37.5475105+09:00","830bf51f44d479e0b3bf2b23e00fc9153c6b2007fdc6732501e05f86d4bcfb24","KEEP_PROTECTED","1"
"E:\P45 프로젝트\P45_v2.7.1_Work_UTF8_BOM_CRLF.md","P45_v2.7.1_Work_UTF8_BOM_CRLF.md","P45_v2.7.1_Work_UTF8_BOM_CRLF.md",".md","76439","2026-08-06T18:10:33.7351809+09:00","dca50b766b028ba2c2e76830611bc4c13aef1764f5194fbb34bc6c84c9a0128a","KEEP_PROTECTED","1"
"E:\P45 프로젝트\P45_v2.7.2_Number_Gate_Amendment_UTF8_BOM_CRLF.md","P45_v2.7.2_Number_Gate_Amendment_UTF8_BOM_CRLF.md","P45_v2.7.2_Number_Gate_Amendment_UTF8_BOM_CRLF.md",".md","17685","2026-08-06T18:53:06.8052013+09:00","6c268c0950edfd1523bd8bf6d6451eef4b12517e34a0cfdc5c7040639c6f25cd","KEEP_PROTECTED","1"
"E:\P45 프로젝트\P45_v2.7.2_Stage6_Work_UTF8_BOM_CRLF.md","P45_v2.7.2_Stage6_Work_UTF8_BOM_CRLF.md","P45_v2.7.2_Stage6_Work_UTF8_BOM_CRLF.md",".md","1943","2026-08-06T18:53:12.1017209+09:00","6f4094412163e8b07f3c02f69cad417bb8fc7758070c2e24d49870f4fc24403a","KEEP_PROTECTED","1"
"E:\P45 프로젝트\P45_v2.7.3_Stage7_Work_UTF8_BOM_CRLF.md","P45_v2.7.3_Stage7_Work_UTF8_BOM_CRLF.md","P45_v2.7.3_Stage7_Work_UTF8_BOM_CRLF.md",".md","2784","2026-08-06T20:05:46.0894450+09:00","73478304eefe438747f497d8021f71e982e60f8f2a7ea5f264504573cfd55d15","KEEP_PROTECTED","1"
"E:\P45 프로젝트\P45_v2.7.3_TRIO_Gate_Amendment_UTF8_BOM_CRLF.md","P45_v2.7.3_TRIO_Gate_Amendment_UTF8_BOM_CRLF.md","P45_v2.7.3_TRIO_Gate_Amendment_UTF8_BOM_CRLF.md",".md","22184","2026-08-06T20:05:38.2472608+09:00","2ed0257c1545f8ebca462d0c03ca9176d3a96cb709f65e6335df4bc944bdecd9","KEEP_PROTECTED","1"
"E:\P45 프로젝트\P45_v2.7.4_PAIR_Gate_Amendment_DRAFT_UTF8_BOM_CRLF.md","P45_v2.7.4_PAIR_Gate_Amendment_DRAFT_UTF8_BOM_CRLF.md","P45_v2.7.4_PAIR_Gate_Amendment_DRAFT_UTF8_BOM_CRLF.md",".md","27219","2026-08-10T15:08:42.9899769+09:00","090765e23f3b4c87a24371a41526fa20f3a346af445fead0bce6ba43066ef73b","KEEP_PROTECTED","1"
"E:\P45 프로젝트\P45_v2.7.4_PAIR_Gate_Amendment_UTF8_BOM_CRLF.md","P45_v2.7.4_PAIR_Gate_Amendment_UTF8_BOM_CRLF.md","P45_v2.7.4_PAIR_Gate_Amendment_UTF8_BOM_CRLF.md",".md","27009","2026-08-10T15:12:23.9628330+09:00","a31a065838f88c65d40605c1a170c13eb5fca7cf3d706de5eda088b43227ae6f","KEEP_PROTECTED","1"
"E:\P45 프로젝트\P45_v2.7.4_PAIR_Gate_Timing_Consistency_Review.md","P45_v2.7.4_PAIR_Gate_Timing_Consistency_Review.md","P45_v2.7.4_PAIR_Gate_Timing_Consistency_Review.md",".md","2972","2026-08-11T12:44:07.6098356+09:00","43e9c222d2803bd8cece7dee89468b4eb56a50f938a34514ee5cee2cbabaeb3e","KEEP_ACTIVE","1"
"E:\P45 프로젝트\P45_v2.7.4_PAIR_Gate_Timing_PATCH_DRAFT_UTF8_BOM_CRLF.md","P45_v2.7.4_PAIR_Gate_Timing_PATCH_DRAFT_UTF8_BOM_CRLF.md","P45_v2.7.4_PAIR_Gate_Timing_PATCH_DRAFT_UTF8_BOM_CRLF.md",".md","8088","2026-08-11T12:53:25.5959013+09:00","f10d6b1c8dbfd80117a419c25735932d7c2a5cec4636729e7507c5bcf231012f","KEEP_PROTECTED","1"
"E:\P45 프로젝트\P45_v2.7.4_PAIR_Gate_Timing_PATCH_UTF8_BOM_CRLF.md","P45_v2.7.4_PAIR_Gate_Timing_PATCH_UTF8_BOM_CRLF.md","P45_v2.7.4_PAIR_Gate_Timing_PATCH_UTF8_BOM_CRLF.md",".md","5841","2026-08-11T12:53:25.5978855+09:00","0ecca7f3122cf9017df1d862f86662e851e70202052f994f440e3ffc113bafa7","KEEP_PROTECTED","1"
"E:\P45 프로젝트\P45_v2.7.4_PAIR_PG13_Sequence_PATCH_DRAFT_UTF8_BOM_CRLF.md","P45_v2.7.4_PAIR_PG13_Sequence_PATCH_DRAFT_UTF8_BOM_CRLF.md","P45_v2.7.4_PAIR_PG13_Sequence_PATCH_DRAFT_UTF8_BOM_CRLF.md",".md","5194","2026-08-11T13:09:22.6578547+09:00","9b866931e37c050838de38462ccc16eef62d50d21181d65abc9e335ecf581ac7","KEEP_PROTECTED","1"
"E:\P45 프로젝트\P45_v2.7.4_PAIR_PG13_Sequence_PATCH_UTF8_BOM_CRLF.md","P45_v2.7.4_PAIR_PG13_Sequence_PATCH_UTF8_BOM_CRLF.md","P45_v2.7.4_PAIR_PG13_Sequence_PATCH_UTF8_BOM_CRLF.md",".md","4330","2026-08-11T13:09:22.6598527+09:00","4412b86bf7ad322c6e3e4cc3a33023a3b09fa4083195e22f9f1c023b513cbc19","KEEP_PROTECTED","1"
"E:\P45 프로젝트\P45_v2.7.4_PAIR_Signature_v1.2_DEFINITION_GAP_Review.md","P45_v2.7.4_PAIR_Signature_v1.2_DEFINITION_GAP_Review.md","P45_v2.7.4_PAIR_Signature_v1.2_DEFINITION_GAP_Review.md",".md","2871","2026-08-11T12:39:27.1487224+09:00","884db51d5439e96409ab74d9363362149b8750e57d4bd1f14fd5e4c9e55c1912","KEEP_ACTIVE","1"
"E:\P45 프로젝트\P45_v2.7.4_PAIR_Signature_v1.2_Official_Adoption_Review.md","P45_v2.7.4_PAIR_Signature_v1.2_Official_Adoption_Review.md","P45_v2.7.4_PAIR_Signature_v1.2_Official_Adoption_Review.md",".md","1922","2026-08-11T13:14:57.0237724+09:00","c8a7e822f37011064c50adb985abffff622eb9ef1ee1aee455b50584c0676fcb","KEEP_ACTIVE","1"
"E:\P45 프로젝트\P45_v2.7.4_PAIR_Signature_v1.2_PATCH_Adoption_Review.md","P45_v2.7.4_PAIR_Signature_v1.2_PATCH_Adoption_Review.md","P45_v2.7.4_PAIR_Signature_v1.2_PATCH_Adoption_Review.md",".md","3563","2026-08-11T12:33:47.2272376+09:00","2c3e1aab3aad7a91b52c4614e4020875b9684d32b31cc1df87bd70c8c62370de","KEEP_PROTECTED","1"
"E:\P45 프로젝트\P45_v2.7.4_PAIR_Signature_v1.2_PATCH_DRAFT_UTF8_BOM_CRLF.md","P45_v2.7.4_PAIR_Signature_v1.2_PATCH_DRAFT_UTF8_BOM_CRLF.md","P45_v2.7.4_PAIR_Signature_v1.2_PATCH_DRAFT_UTF8_BOM_CRLF.md",".md","32927","2026-08-11T13:09:22.6628662+09:00","0de4035611b2dd56bb65102f4df16000e1f410e4406e9cfbb58f3dd16740f934","KEEP_PROTECTED","1"
"E:\P45 프로젝트\P45_v2.7.4_PAIR_Signature_v1.2_PATCH_Final_Review.md","P45_v2.7.4_PAIR_Signature_v1.2_PATCH_Final_Review.md","P45_v2.7.4_PAIR_Signature_v1.2_PATCH_Final_Review.md",".md","5922","2026-08-11T12:20:49.0576222+09:00","6303a34bde8073100879ce1a39bf545444db21e6854a547554bc661f9bd0114b","KEEP_PROTECTED","1"
"E:\P45 프로젝트\P45_v2.7.4_PAIR_Signature_v1.2_PATCH_Review.md","P45_v2.7.4_PAIR_Signature_v1.2_PATCH_Review.md","P45_v2.7.4_PAIR_Signature_v1.2_PATCH_Review.md",".md","1837","2026-08-11T13:09:22.6638662+09:00","06531532b7e7a947ccf52894854fa9209dec97ab302ac05ebb8a8eb04061f906","KEEP_PROTECTED","1"
"E:\P45 프로젝트\P45_v2.7.4_PAIR_Signature_v1.2_PATCH_UTF8_BOM_CRLF.md","P45_v2.7.4_PAIR_Signature_v1.2_PATCH_UTF8_BOM_CRLF.md","P45_v2.7.4_PAIR_Signature_v1.2_PATCH_UTF8_BOM_CRLF.md",".md","2902","2026-08-11T13:14:57.0227730+09:00","0c91315ef0cc7d1638a61f321faf3e62079f9545a1386bd3271710b27e113316","KEEP_PROTECTED","1"
"E:\P45 프로젝트\P45_v2.7.4_PAIR_Walkforward_Bootstrap_PATCH_DRAFT_UTF8_BOM_CRLF.md","P45_v2.7.4_PAIR_Walkforward_Bootstrap_PATCH_DRAFT_UTF8_BOM_CRLF.md","P45_v2.7.4_PAIR_Walkforward_Bootstrap_PATCH_DRAFT_UTF8_BOM_CRLF.md",".md","7265","2026-08-10T16:14:35.9288034+09:00","3fa4d1ffd9abb683c068b9daea6b632dab60d27614b1038c6fc4492d44219e41","KEEP_PROTECTED","1"
"E:\P45 프로젝트\P45_v2.7.4_PAIR_Walkforward_Bootstrap_PATCH_Review.md","P45_v2.7.4_PAIR_Walkforward_Bootstrap_PATCH_Review.md","P45_v2.7.4_PAIR_Walkforward_Bootstrap_PATCH_Review.md",".md","998","2026-08-10T16:14:35.9308025+09:00","1eb9b2fe5647223faf2ef68047e8a3c568f9a363b8ab71d6cde4017cb91cb322","KEEP_PROTECTED","1"
"E:\P45 프로젝트\P45_v2.7.4_PAIR_Walkforward_Bootstrap_PATCH_UTF8_BOM_CRLF.md","P45_v2.7.4_PAIR_Walkforward_Bootstrap_PATCH_UTF8_BOM_CRLF.md","P45_v2.7.4_PAIR_Walkforward_Bootstrap_PATCH_UTF8_BOM_CRLF.md",".md","2171","2026-08-10T16:19:56.8784608+09:00","df85587a618e520064553456ec82feb87d5d72b1b3b29139d98fc2120d8dcd86","KEEP_PROTECTED","1"
"E:\P45 프로젝트\pyproject.toml","pyproject.toml","pyproject.toml",".toml","339","2026-08-04T20:49:04.3280234+09:00","1751175bf868792bf02cd2b65d796d719598bff29a0c614bbd7b453a7e32117c","KEEP_ACTIVE","1"
"E:\P45 프로젝트\README.md","README.md","README.md",".md","7010","2026-08-04T20:49:07.4948340+09:00","266ff950bf8d98898eefec38784897aa28f8e470d8691767f29460b779200dcc","KEEP_ACTIVE","1"
"E:\P45 프로젝트\00_P45_STATE\P45_CAPTURE_POLICY.md","00_P45_STATE\P45_CAPTURE_POLICY.md","P45_CAPTURE_POLICY.md",".md","6680","2026-08-16T15:16:12.6562569+09:00","076db6625ca3d3e6d11f993f42b6b0e7631bea4834602db08b118aaa355d196d","KEEP_PROTECTED","1"
"E:\P45 프로젝트\00_P45_STATE\P45_CURRENT_STATE.json","00_P45_STATE\P45_CURRENT_STATE.json","P45_CURRENT_STATE.json",".json","38042","2026-08-16T20:57:34.4693071+09:00","342158fdef8986f7438bcf94aba535efa3ebb427b514e0d9a50278e600c23a9d","KEEP_PROTECTED","3"
"E:\P45 프로젝트\00_P45_STATE\P45_CURRENT_STATE.md","00_P45_STATE\P45_CURRENT_STATE.md","P45_CURRENT_STATE.md",".md","5169","2026-08-16T20:57:34.4882971+09:00","6a56bbdc7f255b810c61b424a9e9d6955373471fcd26d82b1f7473a85e5c5388","KEEP_PROTECTED","3"
"E:\P45 프로젝트\00_P45_STATE\P45_DECISION_LOG.md","00_P45_STATE\P45_DECISION_LOG.md","P45_DECISION_LOG.md",".md","94544","2026-08-16T20:57:34.4992903+09:00","e38ca91afaedbbd3dc6430178a60153a00a653835272cdc404eae024ee228a2d","KEEP_PROTECTED","2"
"E:\P45 프로젝트\00_P45_STATE\P45_FINAL_OPERATION_STATE.md","00_P45_STATE\P45_FINAL_OPERATION_STATE.md","P45_FINAL_OPERATION_STATE.md",".md","3786","2026-08-12T10:33:44.3913308+09:00","833da632abf71072baae611cc270c2bd5e2246263a92e7ddeb971d7a09e8b3cf","KEEP_PROTECTED","2"
"E:\P45 프로젝트\00_P45_STATE\P45_HANDOFF.md","00_P45_STATE\P45_HANDOFF.md","P45_HANDOFF.md",".md","1040","2026-08-16T20:57:34.4892965+09:00","135266f50440b7c28592f58b0473da4e447ffa25086f6eb423724346923e58c8","KEEP_PROTECTED","3"
"E:\P45 프로젝트\00_P45_STATE\P45_IDEA_INBOX.md","00_P45_STATE\P45_IDEA_INBOX.md","P45_IDEA_INBOX.md",".md","448","2026-08-10T13:09:56.7888801+09:00","9f010c625a7f8a937a59a708ce724c0bacc69693e0d76171c68a3b4dca23333f","KEEP_PROTECTED","1"
"E:\P45 프로젝트\00_P45_STATE\P45_NEW_CHAT_START.md","00_P45_STATE\P45_NEW_CHAT_START.md","P45_NEW_CHAT_START.md",".md","1026","2026-08-10T13:55:31.5642491+09:00","9b94be13a205f377e3a21bca640ebfd6684ce763ea3bf6f8aa8a0d2e7268ca4b","KEEP_PROTECTED","2"
"E:\P45 프로젝트\00_P45_STATE\P45_PORTABLE_HANDOFF.zip","00_P45_STATE\P45_PORTABLE_HANDOFF.zip","P45_PORTABLE_HANDOFF.zip",".zip","114473","2026-08-16T20:57:41.9487381+09:00","5d9edfd2d50df3ba1cd25c8c867a86bff0eb7faf93e027f391cbf5fa01800912","KEEP_PROTECTED","1"
"E:\P45 프로젝트\00_P45_STATE\P45_START_HERE.md","00_P45_STATE\P45_START_HERE.md","P45_START_HERE.md",".md","3427","2026-08-16T15:16:12.6532592+09:00","f532d3e70aeae3079dcb33ed71d66058103233844afa8f4bde34d7dc2f568b69","KEEP_PROTECTED","1"
"E:\P45 프로젝트\00_P45_STATE\.transactions\01d1dcd4-8060-4913-9ee1-262b5ea38644\transaction.json","00_P45_STATE\.transactions\01d1dcd4-8060-4913-9ee1-262b5ea38644\transaction.json","transaction.json",".json","314","2026-08-11T17:47:35.8890530+09:00","3f6d148943df4e9a186b5d1daa343b2e94ccb7c63c6268f9ba13bbfb574f2700","KEEP_PROTECTED","1"
"E:\P45 프로젝트\00_P45_STATE\.transactions\02fb973f-b837-412f-85b8-cb2f2a99dcea\transaction.json","00_P45_STATE\.transactions\02fb973f-b837-412f-85b8-cb2f2a99dcea\transaction.json","transaction.json",".json","314","2026-08-11T13:16:12.9954346+09:00","dc9d71eb6efdb4008b94b144a0738e0404b7eeccf8187222b04ac2f85f53ac05","KEEP_PROTECTED","1"
"E:\P45 프로젝트\00_P45_STATE\.transactions\04c3500c-8eeb-45aa-99c2-6ff2209d27b0\transaction.json","00_P45_STATE\.transactions\04c3500c-8eeb-45aa-99c2-6ff2209d27b0\transaction.json","transaction.json",".json","314","2026-08-10T15:42:24.5280049+09:00","ea875b653dd3d0f2a6d6a28d3de0949078b8ea1d8b7f4c21854769452aeedb83","KEEP_PROTECTED","1"
"E:\P45 프로젝트\00_P45_STATE\.transactions\073cf148-c382-4bb5-9d23-9969eb2490ab\transaction.json","00_P45_STATE\.transactions\073cf148-c382-4bb5-9d23-9969eb2490ab\transaction.json","transaction.json",".json","314","2026-08-11T12:39:48.8624674+09:00","7c26c87bed379d7582f5e43e1929eb272abf3cc1d4f301003f5371bffe8bb24b","KEEP_PROTECTED","1"
"E:\P45 프로젝트\00_P45_STATE\.transactions\10e22d7e-3742-463e-b3ce-d1fdef9bf29c\transaction.json","00_P45_STATE\.transactions\10e22d7e-3742-463e-b3ce-d1fdef9bf29c\transaction.json","transaction.json",".json","314","2026-08-16T20:57:34.5262745+09:00","83d0a77d024f7dc801717854c2e2179c6f5689ab767e31a11238b6a59b4d68ad","KEEP_PROTECTED","1"
"E:\P45 프로젝트\00_P45_STATE\.transactions\11a01acf-5cce-4d5d-88e7-fe1e828dcc27\transaction.json","00_P45_STATE\.transactions\11a01acf-5cce-4d5d-88e7-fe1e828dcc27\transaction.json","transaction.json",".json","314","2026-08-11T12:34:11.7450149+09:00","50b4dbcde79117bfd2a11b93e3ad0ae1cf678085b55f44dd5e76d17069794fb3","KEEP_PROTECTED","1"
"E:\P45 프로젝트\00_P45_STATE\.transactions\126bb238-fd36-471b-bb8d-f1b126f76790\transaction.json","00_P45_STATE\.transactions\126bb238-fd36-471b-bb8d-f1b126f76790\transaction.json","transaction.json",".json","314","2026-08-11T12:16:52.1677958+09:00","cbb731ce53b476a420f7e7cf71dd40170355db62b8c41e6dcb44a2bb3ca85cd1","KEEP_PROTECTED","1"
"E:\P45 프로젝트\00_P45_STATE\.transactions\13030d27-6df4-4c24-93d8-2299e8695e86\transaction.json","00_P45_STATE\.transactions\13030d27-6df4-4c24-93d8-2299e8695e86\transaction.json","transaction.json",".json","314","2026-08-16T13:25:39.1218404+09:00","7d032b2f2a4faae492b39b78b015fcc668940d2d13f513a18e239956c1bd4415","KEEP_PROTECTED","1"
"E:\P45 프로젝트\00_P45_STATE\.transactions\1c1e1a96-1a53-4cf5-923a-837e2b4569aa\transaction.json","00_P45_STATE\.transactions\1c1e1a96-1a53-4cf5-923a-837e2b4569aa\transaction.json","transaction.json",".json","314","2026-08-11T12:10:53.7232776+09:00","bcdc2f129339dd8f745e49d429e1f4df85b8ae6dfa23b118f413e44eecac6dca","KEEP_PROTECTED","1"
"E:\P45 프로젝트\00_P45_STATE\.transactions\2079267f-5db1-4497-9c74-2880197d1d84\transaction.json","00_P45_STATE\.transactions\2079267f-5db1-4497-9c74-2880197d1d84\transaction.json","transaction.json",".json","314","2026-08-11T12:55:28.4617576+09:00","df73e6d5288e01b45b290509f53d1df29004c5d5586efd4e40e0ec3f1488e0fd","KEEP_PROTECTED","1"
"E:\P45 프로젝트\00_P45_STATE\.transactions\2fe66c4a-76b2-4a21-a5a6-81cd4068274c\transaction.json","00_P45_STATE\.transactions\2fe66c4a-76b2-4a21-a5a6-81cd4068274c\transaction.json","transaction.json",".json","314","2026-08-11T13:38:03.4533171+09:00","2521f26cc278b727f824091b9d3853970ef4ef975570eb64403663bf68c45fc9","KEEP_PROTECTED","1"
"E:\P45 프로젝트\00_P45_STATE\.transactions\368b213b-8d16-4e3a-a4d1-e2419117d5c8\transaction.json","00_P45_STATE\.transactions\368b213b-8d16-4e3a-a4d1-e2419117d5c8\transaction.json","transaction.json",".json","314","2026-08-12T14:02:47.6917071+09:00","4e74cc2730c8957121ffc3ac063bb91ff14154614d42475b0523cc809bc36920","KEEP_PROTECTED","1"
"E:\P45 프로젝트\00_P45_STATE\.transactions\42b9937d-6be3-4d94-903a-63ee14571b34\transaction.json","00_P45_STATE\.transactions\42b9937d-6be3-4d94-903a-63ee14571b34\transaction.json","transaction.json",".json","314","2026-08-11T13:02:16.6766235+09:00","882ccc87774c2e7fb8aae224d0e2f290f8bacf38b089424d24610bfedcfe259a","KEEP_PROTECTED","1"
"E:\P45 프로젝트\00_P45_STATE\.transactions\45de99bb-8f4b-45a1-bc27-86e0369802dd\transaction.json","00_P45_STATE\.transactions\45de99bb-8f4b-45a1-bc27-86e0369802dd\transaction.json","transaction.json",".json","314","2026-08-10T14:42:50.5504968+09:00","3668540e152403c5378e57e1140c5e7d1f1cffaeb750af8bb25484d43488ad7e","KEEP_PROTECTED","1"
"E:\P45 프로젝트\00_P45_STATE\.transactions\4a2f8142-dcdc-40e9-9641-8c834d32c3be\transaction.json","00_P45_STATE\.transactions\4a2f8142-dcdc-40e9-9641-8c834d32c3be\transaction.json","transaction.json",".json","314","2026-08-10T15:13:12.5104349+09:00","33981efea0108dcc69bf77ff29c7b314ba54d3d3794dd330f833bd0d34d5b2c9","KEEP_PROTECTED","1"
"E:\P45 프로젝트\00_P45_STATE\.transactions\4c4f7d72-fd10-485c-82b0-3e0911c9950f\transaction.json","00_P45_STATE\.transactions\4c4f7d72-fd10-485c-82b0-3e0911c9950f\transaction.json","transaction.json",".json","314","2026-08-16T15:38:49.5565528+09:00","4898a6586827c93112ac8066c46bae04cea5c86badbdb7a5498a056dd6563bc7","KEEP_PROTECTED","1"
"E:\P45 프로젝트\00_P45_STATE\.transactions\54a8c320-907a-4009-a8a9-bb8a25383413\transaction.json","00_P45_STATE\.transactions\54a8c320-907a-4009-a8a9-bb8a25383413\transaction.json","transaction.json",".json","314","2026-08-12T13:28:22.3457815+09:00","cad6d7880bcd9d12fd38df5524caa6d2f2f45e149a4106460973aea2fb4012eb","KEEP_PROTECTED","1"
"E:\P45 프로젝트\00_P45_STATE\.transactions\58656bc7-0cc9-48f4-a86f-0f6a16fed539\transaction.json","00_P45_STATE\.transactions\58656bc7-0cc9-48f4-a86f-0f6a16fed539\transaction.json","transaction.json",".json","314","2026-08-11T18:38:51.2653643+09:00","9f2f1993a082ea5a0d45178f5bb9dea7dd375cff14a92ab03581685340304573","KEEP_PROTECTED","1"
"E:\P45 프로젝트\00_P45_STATE\.transactions\61fa56d6-f603-4abd-bd0a-9fc6f43581e4\transaction.json","00_P45_STATE\.transactions\61fa56d6-f603-4abd-bd0a-9fc6f43581e4\transaction.json","transaction.json",".json","314","2026-08-10T14:37:41.0437385+09:00","4574cc5c7633a01d5eb9315f333bafcee4eac0ece90ef680960c731854aa5f9c","KEEP_PROTECTED","1"
"E:\P45 프로젝트\00_P45_STATE\.transactions\6469b4ce-49f0-40dd-97b0-3058a21d5ace\transaction.json","00_P45_STATE\.transactions\6469b4ce-49f0-40dd-97b0-3058a21d5ace\transaction.json","transaction.json",".json","314","2026-08-12T11:28:55.5359943+09:00","ec9670df0784ecb6a91fd57ef406e9184fdbaf8cee2d964dc4dfadcb880295c3","KEEP_PROTECTED","1"
"E:\P45 프로젝트\00_P45_STATE\.transactions\648785a8-3bd3-46b1-a1b1-5ffae5fd8fea\transaction.json","00_P45_STATE\.transactions\648785a8-3bd3-46b1-a1b1-5ffae5fd8fea\transaction.json","transaction.json",".json","314","2026-08-10T14:26:49.3256178+09:00","2762c51bee75e285945659e3351387ef942b26568b1a0e4dd37190b79902e3b5","KEEP_PROTECTED","1"
"E:\P45 프로젝트\00_P45_STATE\.transactions\68c96c66-6cf0-4d26-9de6-f563d686e386\transaction.json","00_P45_STATE\.transactions\68c96c66-6cf0-4d26-9de6-f563d686e386\transaction.json","transaction.json",".json","314","2026-08-10T14:56:31.3965727+09:00","b3ff1af5c7c81997c3832027f78093f039df4b41ec0f5928a6953fde8233d4ac","KEEP_PROTECTED","1"
"E:\P45 프로젝트\00_P45_STATE\.transactions\6cd982c7-5f46-40f9-a276-6fd2dc035fde\transaction.json","00_P45_STATE\.transactions\6cd982c7-5f46-40f9-a276-6fd2dc035fde\transaction.json","transaction.json",".json","314","2026-08-10T17:34:27.3378554+09:00","0716244863b82b4b0f409b4f6ed74ea2400cf1a219739b0df4c2514445767093","KEEP_PROTECTED","1"
"E:\P45 프로젝트\00_P45_STATE\.transactions\6e002bb4-a5a6-4aa2-a973-affa91b8ad55\transaction.json","00_P45_STATE\.transactions\6e002bb4-a5a6-4aa2-a973-affa91b8ad55\transaction.json","transaction.json",".json","314","2026-08-10T13:35:00.6295361+09:00","36f3fa3422066cad16ba2904e39a05ba32eb56afd5b1fc72a071b9c994743db6","KEEP_PROTECTED","1"
"E:\P45 프로젝트\00_P45_STATE\.transactions\6f990342-79f7-4009-8ee9-61c8f235d571\transaction.json","00_P45_STATE\.transactions\6f990342-79f7-4009-8ee9-61c8f235d571\transaction.json","transaction.json",".json","314","2026-08-12T10:34:22.6069435+09:00","1da5dff648e8e19ffba00bb8f9ba6f5555ff71a5169d1652addc8f4cca19bf7e","KEEP_PROTECTED","1"
"E:\P45 프로젝트\00_P45_STATE\.transactions\7db58904-2b3c-4ec8-a31c-3161b0e229b1\transaction.json","00_P45_STATE\.transactions\7db58904-2b3c-4ec8-a31c-3161b0e229b1\transaction.json","transaction.json",".json","314","2026-08-10T17:19:34.4089479+09:00","d3170f3914793bc685104789cbfeb4fdd04af790a994eef06a67e24ff3afa9de","KEEP_PROTECTED","1"
"E:\P45 프로젝트\00_P45_STATE\.transactions\82531097-f042-4141-ab41-5459890a8a42\transaction.json","00_P45_STATE\.transactions\82531097-f042-4141-ab41-5459890a8a42\transaction.json","transaction.json",".json","314","2026-08-16T15:03:10.3663462+09:00","e121bbbdf10e6a0a730b62685e48b15b33ea746a90c52a239cc6ab89a27040ab","KEEP_PROTECTED","1"
"E:\P45 프로젝트\00_P45_STATE\.transactions\848bebb4-6b83-498f-aefe-2eab8692ce64\transaction.json","00_P45_STATE\.transactions\848bebb4-6b83-498f-aefe-2eab8692ce64\transaction.json","transaction.json",".json","314","2026-08-16T20:23:04.0008820+09:00","a7da54085c4afdeeca0bfca88a91be38a286d0d62adedc1302ba9de9546f91b4","KEEP_PROTECTED","1"
"E:\P45 프로젝트\00_P45_STATE\.transactions\8d36107a-bec8-4e7e-a7ec-f16befe615b6\transaction.json","00_P45_STATE\.transactions\8d36107a-bec8-4e7e-a7ec-f16befe615b6\transaction.json","transaction.json",".json","314","2026-08-10T14:05:27.4875302+09:00","a8247076e248c26816b5ea40c2b937770538d0509deb89f452985ab562cd4b20","KEEP_PROTECTED","1"
"E:\P45 프로젝트\00_P45_STATE\.transactions\8ff7184e-a634-4e33-8a66-bc41ca2a1441\transaction.json","00_P45_STATE\.transactions\8ff7184e-a634-4e33-8a66-bc41ca2a1441\transaction.json","transaction.json",".json","314","2026-08-11T12:21:12.5813021+09:00","2e6f10fda3f18ad37296e1e09d759794b02e37458a2c0d0fc70ee63b3b0afc9e","KEEP_PROTECTED","1"
"E:\P45 프로젝트\00_P45_STATE\.transactions\936694bf-0d4f-440c-8515-4edf9c4c879b\transaction.json","00_P45_STATE\.transactions\936694bf-0d4f-440c-8515-4edf9c4c879b\transaction.json","transaction.json",".json","314","2026-08-16T17:37:59.2233498+09:00","228f93af9663699c3af3d8f922a31bd7254ac9214d79baeab868d3482ec4962f","KEEP_PROTECTED","1"
"E:\P45 프로젝트\00_P45_STATE\.transactions\95e6f648-0429-4a36-a0b7-2b7de2edfd06\transaction.json","00_P45_STATE\.transactions\95e6f648-0429-4a36-a0b7-2b7de2edfd06\transaction.json","transaction.json",".json","314","2026-08-10T14:04:55.5806181+09:00","c551f8f3d648b87cdb57ee54182e8bbf0860ada1888284c6b86cd840348e9e79","KEEP_PROTECTED","1"
"E:\P45 프로젝트\00_P45_STATE\.transactions\964e4d11-8071-4d58-831d-ffa884b81f74\transaction.json","00_P45_STATE\.transactions\964e4d11-8071-4d58-831d-ffa884b81f74\transaction.json","transaction.json",".json","314","2026-08-11T12:54:03.3002734+09:00","107055fbed18ec0ecbbe6a4756e09c7a31a5cc91bbf68e09317357564d746937","KEEP_PROTECTED","1"
"E:\P45 프로젝트\00_P45_STATE\.transactions\9b3c50a5-b46d-4df2-8d9d-54ad65239439\transaction.json","00_P45_STATE\.transactions\9b3c50a5-b46d-4df2-8d9d-54ad65239439\transaction.json","transaction.json",".json","314","2026-08-11T12:30:31.2244651+09:00","3b276caf985b7ba3f830ca8b4a108aebd21d2e08b1bc212ef6fcb9b812b88e6f","KEEP_PROTECTED","1"
"E:\P45 프로젝트\00_P45_STATE\.transactions\9d3caa44-7d99-4d0b-9210-c5e5904ac04e\transaction.json","00_P45_STATE\.transactions\9d3caa44-7d99-4d0b-9210-c5e5904ac04e\transaction.json","transaction.json",".json","314","2026-08-11T12:44:27.0590672+09:00","27d87e5bd524c8cb0f4c8af02201aae2fb32e4f38ee36fddc30daeb20eaa2cc4","KEEP_PROTECTED","1"
"E:\P45 프로젝트\00_P45_STATE\.transactions\9dc3cb30-2e56-4f3e-8f11-f08e25c4874d\transaction.json","00_P45_STATE\.transactions\9dc3cb30-2e56-4f3e-8f11-f08e25c4874d\transaction.json","transaction.json",".json","314","2026-08-11T18:12:17.2651326+09:00","3f7cbf50ef0efe37567f7acec05b58bb444667b0c50a7c03c6e99d490470e3f3","KEEP_PROTECTED","1"
"E:\P45 프로젝트\00_P45_STATE\.transactions\9eedf6b3-904e-4223-82c9-691643a98ccf\transaction.json","00_P45_STATE\.transactions\9eedf6b3-904e-4223-82c9-691643a98ccf\transaction.json","transaction.json",".json","314","2026-08-11T13:10:19.7803880+09:00","0169274d0b8b2615fd8b838e6df931e1ef3a6b43dd7c52b4e50370eae7ad37d2","KEEP_PROTECTED","1"
"E:\P45 프로젝트\00_P45_STATE\.transactions\a0497836-d957-4003-b065-0df40b70855c\transaction.json","00_P45_STATE\.transactions\a0497836-d957-4003-b065-0df40b70855c\transaction.json","transaction.json",".json","314","2026-08-12T12:07:43.5359345+09:00","c27ba65ae380c696b6fa0a701a1feb434a645b6f952aec21fb57b130c630eece","KEEP_PROTECTED","1"
"E:\P45 프로젝트\00_P45_STATE\.transactions\a2a4d280-0423-4d99-a750-7145ce4b4713\transaction.json","00_P45_STATE\.transactions\a2a4d280-0423-4d99-a750-7145ce4b4713\transaction.json","transaction.json",".json","314","2026-08-10T16:58:38.8485311+09:00","694ccbc0fdd3d21516532c44b860822049f33e6dc20071c8d2746626d85e37ed","KEEP_PROTECTED","1"
"E:\P45 프로젝트\00_P45_STATE\.transactions\a3eb5a6d-2e88-49d9-b3b1-676b4ed4fb74\transaction.json","00_P45_STATE\.transactions\a3eb5a6d-2e88-49d9-b3b1-676b4ed4fb74\transaction.json","transaction.json",".json","314","2026-08-14T15:07:00.3075423+09:00","3aa9a30a073b9a9b2fd552230919d10aa92c09de931e41be359d44bc9f764f81","KEEP_PROTECTED","1"
"E:\P45 프로젝트\00_P45_STATE\.transactions\a749dd30-ad16-4fac-a49d-4301ce89b51f\transaction.json","00_P45_STATE\.transactions\a749dd30-ad16-4fac-a49d-4301ce89b51f\transaction.json","transaction.json",".json","314","2026-08-12T13:48:47.7139129+09:00","56c13e32e3c0315ae7e10db3f831f8db18a014a5e57221fc8ea4b5968af37ef5","KEEP_PROTECTED","1"
"E:\P45 프로젝트\00_P45_STATE\.transactions\a9666da2-0080-41c0-acfa-371deff0821b\transaction.json","00_P45_STATE\.transactions\a9666da2-0080-41c0-acfa-371deff0821b\transaction.json","transaction.json",".json","325","2026-08-16T15:15:53.7277076+09:00","0a142f5cd7a1933d20c1a1684ed386154388561b573a22dbabfc2a3bf5d2cd0e","KEEP_PROTECTED","1"
"E:\P45 프로젝트\00_P45_STATE\.transactions\b20013ab-9dad-4c4f-ac94-e9c347fb2e71\transaction.json","00_P45_STATE\.transactions\b20013ab-9dad-4c4f-ac94-e9c347fb2e71\transaction.json","transaction.json",".json","314","2026-08-16T17:36:23.0158726+09:00","cf4ea4488001ca728c2af73db6bba62ce16fb412372f653e1dc7056627c0d51c","KEEP_PROTECTED","1"
"E:\P45 프로젝트\00_P45_STATE\.transactions\b263f4e9-c16c-4dfe-b77a-d7cd67db1c9d\transaction.json","00_P45_STATE\.transactions\b263f4e9-c16c-4dfe-b77a-d7cd67db1c9d\transaction.json","transaction.json",".json","314","2026-08-10T16:04:06.1779731+09:00","541a5fe6edc9ee994b96da48ca58db77f673b5740259488f1808b6046ebb0569","KEEP_PROTECTED","1"
"E:\P45 프로젝트\00_P45_STATE\.transactions\b419ddf5-610d-4942-82c7-70f3dd04b1b1\transaction.json","00_P45_STATE\.transactions\b419ddf5-610d-4942-82c7-70f3dd04b1b1\transaction.json","transaction.json",".json","314","2026-08-10T16:16:17.7533064+09:00","0c020253609a127cf6f40eed22d74a74586bfaab8321a362458d3a766e9d3df2","KEEP_PROTECTED","1"
"E:\P45 프로젝트\00_P45_STATE\.transactions\b83cd112-ba32-46ba-88a4-e7b179b0e415\transaction.json","00_P45_STATE\.transactions\b83cd112-ba32-46ba-88a4-e7b179b0e415\transaction.json","transaction.json",".json","314","2026-08-16T15:09:43.5942223+09:00","4e04ef4fdbf095718e90089aead8cac7ecfa8041ed5c1a635cb64eac1cc9243f","KEEP_PROTECTED","1"
"E:\P45 프로젝트\00_P45_STATE\.transactions\b8f2c783-a41f-4b2a-a07f-f81184b372ed\transaction.json","00_P45_STATE\.transactions\b8f2c783-a41f-4b2a-a07f-f81184b372ed\transaction.json","transaction.json",".json","314","2026-08-16T15:16:15.1328419+09:00","171bb095130be5e230f0840a9c5e5fbfd797b4d85f6017015530d1e5064a1f5a","KEEP_PROTECTED","1"
"E:\P45 프로젝트\00_P45_STATE\.transactions\bcd3e923-686a-4a30-804f-7f8092c79213\transaction.json","00_P45_STATE\.transactions\bcd3e923-686a-4a30-804f-7f8092c79213\transaction.json","transaction.json",".json","314","2026-08-10T17:10:00.5274823+09:00","0b8a470643dc2e20c7e503bfa4e1eec714df8bb2955a3dfbd8ce734876c89402","KEEP_PROTECTED","1"
"E:\P45 프로젝트\00_P45_STATE\.transactions\bd5ca4b5-d738-4fbe-b760-c7936089c67c\transaction.json","00_P45_STATE\.transactions\bd5ca4b5-d738-4fbe-b760-c7936089c67c\transaction.json","transaction.json",".json","314","2026-08-12T11:58:38.4249303+09:00","c59100500f111b5cb714839591bd7847f0d815b491e5e353313c9ddafdf49b84","KEEP_PROTECTED","1"
"E:\P45 프로젝트\00_P45_STATE\.transactions\bd6dfe6b-8d4d-484f-a006-bf6160b5f681\transaction.json","00_P45_STATE\.transactions\bd6dfe6b-8d4d-484f-a006-bf6160b5f681\transaction.json","transaction.json",".json","314","2026-08-16T15:32:55.6683853+09:00","02edfc631091f9ef40e3817fa43b522aed338ad3097d668aa863ad5457bc880d","KEEP_PROTECTED","1"
"E:\P45 프로젝트\00_P45_STATE\.transactions\c025710f-1c35-4366-a021-2607a3cbbca7\transaction.json","00_P45_STATE\.transactions\c025710f-1c35-4366-a021-2607a3cbbca7\transaction.json","transaction.json",".json","314","2026-08-10T16:29:12.5976762+09:00","790a6f0d7f08a11b4a8eec6acf844ede5150e229cd1cfc2af8d646f9e5068c9b","KEEP_PROTECTED","1"
"E:\P45 프로젝트\00_P45_STATE\.transactions\c7669daa-7214-4f3c-9e0d-a86668dfe50b\transaction.json","00_P45_STATE\.transactions\c7669daa-7214-4f3c-9e0d-a86668dfe50b\transaction.json","transaction.json",".json","314","2026-08-16T19:51:58.6806216+09:00","ffcbdee37367dab29af025a5e2798e6b26406ae0542c4f4f66d578eea4b121ce","KEEP_PROTECTED","1"
"E:\P45 프로젝트\00_P45_STATE\.transactions\ca981e14-9789-40f8-b947-250b995fb452\transaction.json","00_P45_STATE\.transactions\ca981e14-9789-40f8-b947-250b995fb452\transaction.json","transaction.json",".json","314","2026-08-10T17:38:35.2712342+09:00","5fab867fe67f0747ea8880c5ab69f57c02517993c1ada7c93ab924bfa559e8a5","KEEP_PROTECTED","1"
"E:\P45 프로젝트\00_P45_STATE\.transactions\d0f1de9a-58fe-494a-ab80-6b17ac36bd0e\transaction.json","00_P45_STATE\.transactions\d0f1de9a-58fe-494a-ab80-6b17ac36bd0e\transaction.json","transaction.json",".json","314","2026-08-11T18:40:36.0185395+09:00","9422170e8c6cf2ee239e16a3f071e7e859c847c49e81c3fd20accd724475bcd6","KEEP_PROTECTED","1"
"E:\P45 프로젝트\00_P45_STATE\.transactions\d8a8b11b-8d56-4d17-8be9-73cea8bded97\transaction.json","00_P45_STATE\.transactions\d8a8b11b-8d56-4d17-8be9-73cea8bded97\transaction.json","transaction.json",".json","314","2026-08-10T16:21:52.6058316+09:00","c2c11bf304169789b5c1cd70a778ff0fe00700dc160cb6753ae9e6263c46c217","KEEP_PROTECTED","1"
"E:\P45 프로젝트\00_P45_STATE\.transactions\dad4cc0e-410e-4e28-a235-03d28657d06a\transaction.json","00_P45_STATE\.transactions\dad4cc0e-410e-4e28-a235-03d28657d06a\transaction.json","transaction.json",".json","314","2026-08-12T13:39:34.9912616+09:00","4bb8b1ecc629e732643ff08ddd8cb7b0d3a23b867a1b0e45d679e3f6155e5182","KEEP_PROTECTED","1"
"E:\P45 프로젝트\00_P45_STATE\.transactions\dc87a687-6e41-475e-8b0d-96d4c0899db3\transaction.json","00_P45_STATE\.transactions\dc87a687-6e41-475e-8b0d-96d4c0899db3\transaction.json","transaction.json",".json","314","2026-08-16T16:36:23.6457911+09:00","747d04b69c189871ed34d214531e44e9af8bf7d56954bd89f8954c725b3a438a","KEEP_PROTECTED","1"
"E:\P45 프로젝트\00_P45_STATE\.transactions\df97ec74-4d62-4827-9af6-54e3a164d95e\transaction.json","00_P45_STATE\.transactions\df97ec74-4d62-4827-9af6-54e3a164d95e\transaction.json","transaction.json",".json","314","2026-08-12T15:15:13.6270021+09:00","bd60edaaee752edc7fc78e05f057dea35de85af77896e440296437b803bc9865","KEEP_PROTECTED","1"
"E:\P45 프로젝트\00_P45_STATE\.transactions\e0d771da-e05f-46e1-a9eb-7d787cbbe662\transaction.json","00_P45_STATE\.transactions\e0d771da-e05f-46e1-a9eb-7d787cbbe662\transaction.json","transaction.json",".json","314","2026-08-11T11:55:29.8283687+09:00","f100340ca4cfe4b869c26068c21ba9796920b56075c838e938b448f0617ac867","KEEP_PROTECTED","1"
"E:\P45 프로젝트\00_P45_STATE\.transactions\e6e52c91-b1f4-4646-9845-156c2b2b4295\transaction.json","00_P45_STATE\.transactions\e6e52c91-b1f4-4646-9845-156c2b2b4295\transaction.json","transaction.json",".json","314","2026-08-10T16:09:27.6034859+09:00","77b3bcef6fda3820f31415227bc5dfbefcadd17f58895283343cd729d8e6874c","KEEP_PROTECTED","1"
"E:\P45 프로젝트\00_P45_STATE\.transactions\e732377e-52e3-48b7-b719-e29cbded4e5f\transaction.json","00_P45_STATE\.transactions\e732377e-52e3-48b7-b719-e29cbded4e5f\transaction.json","transaction.json",".json","314","2026-08-16T15:54:23.0778275+09:00","1f3b6e1bee762d7ca9c4531d43f869c1e34ec224c07fe47c6c7abee4729ec553","KEEP_PROTECTED","1"
"E:\P45 프로젝트\00_P45_STATE\.transactions\e8891083-6ec0-4de8-a46c-8381caab21ea\transaction.json","00_P45_STATE\.transactions\e8891083-6ec0-4de8-a46c-8381caab21ea\transaction.json","transaction.json",".json","325","2026-08-11T18:18:50.8345995+09:00","fbb0d49fdbcdbc48357b706c99f65d34ae1c92b37093468bd401d1e83f207863","KEEP_PROTECTED","1"
"E:\P45 프로젝트\00_P45_STATE\.transactions\e8b4116e-2ac2-499b-a7e8-ed0ca62b5ed7\transaction.json","00_P45_STATE\.transactions\e8b4116e-2ac2-499b-a7e8-ed0ca62b5ed7\transaction.json","transaction.json",".json","314","2026-08-11T13:42:08.8949598+09:00","8dc2328a261e6db21bf52eff62666a5510c25aeba90fe5145d7640aed59b3cac","KEEP_PROTECTED","1"
"E:\P45 프로젝트\00_P45_STATE\.transactions\edb9635c-5a11-4191-9340-5842e7e29287\transaction.json","00_P45_STATE\.transactions\edb9635c-5a11-4191-9340-5842e7e29287\transaction.json","transaction.json",".json","314","2026-08-10T13:22:58.3069550+09:00","2ef741457665733de2f67ba8834e0ede994a260e7ae123764bf810fa9dbb67cf","KEEP_PROTECTED","1"
"E:\P45 프로젝트\00_P45_STATE\.transactions\efb5345c-994f-4414-952b-a431a15146f3\transaction.json","00_P45_STATE\.transactions\efb5345c-994f-4414-952b-a431a15146f3\transaction.json","transaction.json",".json","314","2026-08-16T20:38:01.8902153+09:00","95d311368b723d908fe2f236dba2b87d9133160157c6fcb8dc50f26e4056e789","KEEP_PROTECTED","1"
"E:\P45 프로젝트\00_P45_STATE\.transactions\f0811236-b067-4f32-9990-89dd45e17118\transaction.json","00_P45_STATE\.transactions\f0811236-b067-4f32-9990-89dd45e17118\transaction.json","transaction.json",".json","314","2026-08-10T15:50:41.5730655+09:00","41a963eeaed983f685cc1e2e9c81143de924446818ca269f0c709df6b0c72ad4","KEEP_PROTECTED","1"
"E:\P45 프로젝트\00_P45_STATE\.transactions\f362f6cf-e1a1-44d3-8ebb-6f4a50019c00\transaction.json","00_P45_STATE\.transactions\f362f6cf-e1a1-44d3-8ebb-6f4a50019c00\transaction.json","transaction.json",".json","314","2026-08-11T18:19:16.6433582+09:00","d3a5ef96b8ef463a5199f887e0c2d787abc462206505e130dba499dd13b39b9d","KEEP_PROTECTED","1"
"E:\P45 프로젝트\00_P45_STATE\.transactions\fc529dc3-89e1-4c47-b398-9c1d54ec772d\transaction.json","00_P45_STATE\.transactions\fc529dc3-89e1-4c47-b398-9c1d54ec772d\transaction.json","transaction.json",".json","314","2026-08-10T21:49:29.1813098+09:00","3e5e0d48cd9618a73f987761ccdd3dec40bb125e13360c3301aa6bd0ff3f90ad","KEEP_PROTECTED","1"
"E:\P45 프로젝트\00_P45_STATE\experiment_lab\01_EXPERIMENT_LAB_GOVERNANCE.md","00_P45_STATE\experiment_lab\01_EXPERIMENT_LAB_GOVERNANCE.md","01_EXPERIMENT_LAB_GOVERNANCE.md",".md","5006","2026-08-16T14:58:50.3788799+09:00","82a6b282cf6b9d87e3385ea3506247d867d1ebf797db0c7b13d29ae2c55a5d32","KEEP_PROTECTED","1"
"E:\P45 프로젝트\00_P45_STATE\experiment_lab\02_EXPERIMENT_REGISTRY_SCHEMA.md","00_P45_STATE\experiment_lab\02_EXPERIMENT_REGISTRY_SCHEMA.md","02_EXPERIMENT_REGISTRY_SCHEMA.md",".md","3593","2026-08-16T14:58:53.2532209+09:00","5624d5ed12862ecc5d0765f2ed313a1aab68b75c830d6f6f0d7e911c04bf8f4a","KEEP_PROTECTED","1"
"E:\P45 프로젝트\00_P45_STATE\experiment_lab\03_EXPERIMENT_STATUS_TRANSITION.md","00_P45_STATE\experiment_lab\03_EXPERIMENT_STATUS_TRANSITION.md","03_EXPERIMENT_STATUS_TRANSITION.md",".md","1981","2026-08-16T14:58:56.2051691+09:00","4db6bf6523374ab71f78a79b082d5793fa4914a45988311d3dfdedef6bae7960","KEEP_PROTECTED","1"
"E:\P45 프로젝트\00_P45_STATE\experiment_lab\04_EXPERIMENT_PROMOTION_POLICY.md","00_P45_STATE\experiment_lab\04_EXPERIMENT_PROMOTION_POLICY.md","04_EXPERIMENT_PROMOTION_POLICY.md",".md","1674","2026-08-16T14:58:59.0496364+09:00","416d1498ab06187f26683ea8683437b1a2da8cd62f37ca0e5e1b4d1e494eb210","KEEP_PROTECTED","1"
"E:\P45 프로젝트\00_P45_STATE\experiment_lab\05_EXPERIMENT_FAILURE_AND_NEGATIVE_RESULT_POLICY.md","00_P45_STATE\experiment_lab\05_EXPERIMENT_FAILURE_AND_NEGATIVE_RESULT_POLICY.md","05_EXPERIMENT_FAILURE_AND_NEGATIVE_RESULT_POLICY.md",".md","1728","2026-08-16T14:59:02.2015585+09:00","ab550c65acf968d7df9028eddd5cbf075fa7ff956d43212982ca9a745afd835d","KEEP_PROTECTED","1"
"E:\P45 프로젝트\00_P45_STATE\experiment_lab\06_INITIAL_EXPERIMENT_REGISTRY.md","00_P45_STATE\experiment_lab\06_INITIAL_EXPERIMENT_REGISTRY.md","06_INITIAL_EXPERIMENT_REGISTRY.md",".md","9273","2026-08-16T20:56:47.1423745+09:00","a89260767d7cf2ecfa3da5857f96b2bde8b817a132c7add77d24290e5886c308","KEEP_PROTECTED","2"
"E:\P45 프로젝트\00_P45_STATE\experiment_lab\EXPERIMENT_REGISTRY.schema.json","00_P45_STATE\experiment_lab\EXPERIMENT_REGISTRY.schema.json","EXPERIMENT_REGISTRY.schema.json",".json","3268","2026-08-16T15:00:44.8247509+09:00","cadcdb735f90fe257d5e0b69686a51525218cfc0680787a45c91b3866b3a41bf","KEEP_PROTECTED","1"
"E:\P45 프로젝트\00_P45_STATE\experiment_lab\EXP-001_NUMBER_COOCCURRENCE\EXP001_01_PREREGISTRATION.md","00_P45_STATE\experiment_lab\EXP-001_NUMBER_COOCCURRENCE\EXP001_01_PREREGISTRATION.md","EXP001_01_PREREGISTRATION.md",".md","3266","2026-08-16T15:08:27.1931580+09:00","01080042224a7904999f91fab9fc88b546888c10fa3a433f0f5e067ff7260d4e","KEEP_PROTECTED","1"
"E:\P45 프로젝트\00_P45_STATE\experiment_lab\EXP-001_NUMBER_COOCCURRENCE\EXP001_02_METRIC_DEFINITION.md","00_P45_STATE\experiment_lab\EXP-001_NUMBER_COOCCURRENCE\EXP001_02_METRIC_DEFINITION.md","EXP001_02_METRIC_DEFINITION.md",".md","2108","2026-08-16T15:08:30.0244000+09:00","0778ba772538929a4fa1bb474660b4713306faea918295db9d3fe178c4af891e","KEEP_PROTECTED","1"
"E:\P45 프로젝트\00_P45_STATE\experiment_lab\EXP-001_NUMBER_COOCCURRENCE\EXP001_03_NULL_AND_MULTIPLE_TEST_POLICY.md","00_P45_STATE\experiment_lab\EXP-001_NUMBER_COOCCURRENCE\EXP001_03_NULL_AND_MULTIPLE_TEST_POLICY.md","EXP001_03_NULL_AND_MULTIPLE_TEST_POLICY.md",".md","2357","2026-08-16T15:08:33.0435261+09:00","be3cdc03760207b410fc9f7e6b3ae831c2751e9cacfef10cc9c1277fa3440542","KEEP_PROTECTED","1"
"E:\P45 프로젝트\00_P45_STATE\experiment_lab\EXP-001_NUMBER_COOCCURRENCE\EXP001_04_WALKFORWARD_DESIGN.md","00_P45_STATE\experiment_lab\EXP-001_NUMBER_COOCCURRENCE\EXP001_04_WALKFORWARD_DESIGN.md","EXP001_04_WALKFORWARD_DESIGN.md",".md","2717","2026-08-16T15:08:35.8108348+09:00","4a5257861e108fd7a85250a2eff9c4e145e6621624ade351585d29deade2ec36","KEEP_PROTECTED","1"
"E:\P45 프로젝트\00_P45_STATE\experiment_lab\EXP-001_NUMBER_COOCCURRENCE\EXP001_05_SUCCESS_FAILURE_CRITERIA.md","00_P45_STATE\experiment_lab\EXP-001_NUMBER_COOCCURRENCE\EXP001_05_SUCCESS_FAILURE_CRITERIA.md","EXP001_05_SUCCESS_FAILURE_CRITERIA.md",".md","2449","2026-08-16T15:08:38.7930573+09:00","71e364566542ed92f1870ce38ce4cc495dd99e4b51b8f7b31648a0ca552f3011","KEEP_PROTECTED","1"
"E:\P45 프로젝트\00_P45_STATE\experiment_lab\EXP-001_NUMBER_COOCCURRENCE\EXP001_06_PREPARATION_STATUS.md","00_P45_STATE\experiment_lab\EXP-001_NUMBER_COOCCURRENCE\EXP001_06_PREPARATION_STATUS.md","EXP001_06_PREPARATION_STATUS.md",".md","1587","2026-08-16T15:53:23.7633027+09:00","09e5021f5ef5a433ba6af371396db716a1ea988d446d87b0471e96329fbc794b","KEEP_PROTECTED","1"
"E:\P45 프로젝트\00_P45_STATE\experiment_lab\EXP-001_NUMBER_COOCCURRENCE\EXP001_07_LOCKED_RUN_RESULT.md","00_P45_STATE\experiment_lab\EXP-001_NUMBER_COOCCURRENCE\EXP001_07_LOCKED_RUN_RESULT.md","EXP001_07_LOCKED_RUN_RESULT.md",".md","3709","2026-08-16T16:34:44.9291775+09:00","3b82c579e42892f4a4fed084c63b2b442aa3de0ad8beaaddf975ce4d6e3f71eb","KEEP_PROTECTED","1"
"E:\P45 프로젝트\00_P45_STATE\experiment_lab\EXP-001_NUMBER_COOCCURRENCE\EXP001_PROTOCOL_LOCK.json","00_P45_STATE\experiment_lab\EXP-001_NUMBER_COOCCURRENCE\EXP001_PROTOCOL_LOCK.json","EXP001_PROTOCOL_LOCK.json",".json","1928","2026-08-16T15:48:45.5706049+09:00","6ced9299d7ccb4bfaeebb5cdd8e8448da5dce6de81f429783a3ae628d3dcb323","KEEP_PROTECTED","1"
"E:\P45 프로젝트\00_P45_STATE\experiment_lab\EXP-002_NO_PICK_FALLBACK\EXP002_01_PREREGISTRATION.md","00_P45_STATE\experiment_lab\EXP-002_NO_PICK_FALLBACK\EXP002_01_PREREGISTRATION.md","EXP002_01_PREREGISTRATION.md",".md","1642","2026-08-16T17:33:19.2897968+09:00","82d1e49d3ed8ffc44c1ed5d9a4e1b1d1338e97f6ccfe3035fd8f15ad4dcac58a","KEEP_PROTECTED","1"
"E:\P45 프로젝트\00_P45_STATE\experiment_lab\EXP-002_NO_PICK_FALLBACK\EXP002_02_ELIGIBILITY_AND_SELECTION.md","00_P45_STATE\experiment_lab\EXP-002_NO_PICK_FALLBACK\EXP002_02_ELIGIBILITY_AND_SELECTION.md","EXP002_02_ELIGIBILITY_AND_SELECTION.md",".md","1456","2026-08-16T17:33:22.1479706+09:00","702c02c7183b222aa14807309b34c76b44f7fc7acb9b083343e87d355f98ac47","KEEP_PROTECTED","1"
"E:\P45 프로젝트\00_P45_STATE\experiment_lab\EXP-002_NO_PICK_FALLBACK\EXP002_03_METRIC_NULL_POLICY.md","00_P45_STATE\experiment_lab\EXP-002_NO_PICK_FALLBACK\EXP002_03_METRIC_NULL_POLICY.md","EXP002_03_METRIC_NULL_POLICY.md",".md","1044","2026-08-16T17:33:24.9808805+09:00","76e19801db79feaa8a0d30e0cc37ffe3b4c44025ae94e3f6b5071efce13d88a6","KEEP_PROTECTED","1"
"E:\P45 프로젝트\00_P45_STATE\experiment_lab\EXP-002_NO_PICK_FALLBACK\EXP002_04_WALKFORWARD_DESIGN.md","00_P45_STATE\experiment_lab\EXP-002_NO_PICK_FALLBACK\EXP002_04_WALKFORWARD_DESIGN.md","EXP002_04_WALKFORWARD_DESIGN.md",".md","738","2026-08-16T17:33:27.8203001+09:00","c1021033838a77c208b0f17879e9824632c85bf51e4333bf6e463b591cb25442","KEEP_PROTECTED","1"
"E:\P45 프로젝트\00_P45_STATE\experiment_lab\EXP-002_NO_PICK_FALLBACK\EXP002_05_SUCCESS_FAILURE_CRITERIA.md","00_P45_STATE\experiment_lab\EXP-002_NO_PICK_FALLBACK\EXP002_05_SUCCESS_FAILURE_CRITERIA.md","EXP002_05_SUCCESS_FAILURE_CRITERIA.md",".md","1305","2026-08-16T17:33:30.6421386+09:00","af99efc7d1b243ce541de8078239189dd23ae85ad47468450f4659083f0b07ad","KEEP_PROTECTED","1"
"E:\P45 프로젝트\00_P45_STATE\experiment_lab\EXP-002_NO_PICK_FALLBACK\EXP002_06_PREPARATION_STATUS.md","00_P45_STATE\experiment_lab\EXP-002_NO_PICK_FALLBACK\EXP002_06_PREPARATION_STATUS.md","EXP002_06_PREPARATION_STATUS.md",".md","887","2026-08-16T17:34:12.8136507+09:00","c79b4cea1ea7cfbb9907d16f1c54549ee92522bdf7c4ecad9a3f6ebf81d592f0","KEEP_PROTECTED","1"
"E:\P45 프로젝트\00_P45_STATE\experiment_lab\EXP-002_NO_PICK_FALLBACK\EXP002_07_NO_PICK_COVERAGE_AUDIT.md","00_P45_STATE\experiment_lab\EXP-002_NO_PICK_FALLBACK\EXP002_07_NO_PICK_COVERAGE_AUDIT.md","EXP002_07_NO_PICK_COVERAGE_AUDIT.md",".md","1473","2026-08-16T17:33:36.1941972+09:00","cdc0d17519d42826104863f082ab7c121f90c2c54765fe18e394fd1973e3ad93","KEEP_PROTECTED","1"
"E:\P45 프로젝트\00_P45_STATE\experiment_lab\EXP-002_NO_PICK_FALLBACK\EXP002_08_PROTOCOL_BLOCKED_RUN.md","00_P45_STATE\experiment_lab\EXP-002_NO_PICK_FALLBACK\EXP002_08_PROTOCOL_BLOCKED_RUN.md","EXP002_08_PROTOCOL_BLOCKED_RUN.md",".md","1995","2026-08-16T19:50:01.8902061+09:00","e7d7a05805b1a03e207284ad96ae8f440c1b24a2736e6f8a163f55af29d72f59","KEEP_PROTECTED","1"
"E:\P45 프로젝트\00_P45_STATE\experiment_lab\EXP-002_NO_PICK_FALLBACK\EXP002_PROTOCOL_LOCK.json","00_P45_STATE\experiment_lab\EXP-002_NO_PICK_FALLBACK\EXP002_PROTOCOL_LOCK.json","EXP002_PROTOCOL_LOCK.json",".json","2124","2026-08-16T17:51:29.9812092+09:00","dbd49f88d53f83834c9159ee1b5c1c141e729e58f27411ca620f4ddad96032bf","KEEP_PROTECTED","1"
"E:\P45 프로젝트\00_P45_STATE\experiment_lab\EXP-002_V2_NUMBER_RANK_FALLBACK\EXP002V2_01_PREREGISTRATION.md","00_P45_STATE\experiment_lab\EXP-002_V2_NUMBER_RANK_FALLBACK\EXP002V2_01_PREREGISTRATION.md","EXP002V2_01_PREREGISTRATION.md",".md","698","2026-08-16T19:59:47.8091746+09:00","93453a92ae68e0ffd18e0d5e6f5b26f6e331ea9afa1b8f14e6799f1a88022888","KEEP_PROTECTED","1"
"E:\P45 프로젝트\00_P45_STATE\experiment_lab\EXP-002_V2_NUMBER_RANK_FALLBACK\EXP002V2_02_SELECTION.md","00_P45_STATE\experiment_lab\EXP-002_V2_NUMBER_RANK_FALLBACK\EXP002V2_02_SELECTION.md","EXP002V2_02_SELECTION.md",".md","600","2026-08-16T19:59:51.0495103+09:00","69b1019f2352bfe8d3482850b5270f880dd7ed35d498eebbf88d8cfea1f43114","KEEP_PROTECTED","1"
"E:\P45 프로젝트\00_P45_STATE\experiment_lab\EXP-002_V2_NUMBER_RANK_FALLBACK\EXP002V2_03_METRICS_NULL.md","00_P45_STATE\experiment_lab\EXP-002_V2_NUMBER_RANK_FALLBACK\EXP002V2_03_METRICS_NULL.md","EXP002V2_03_METRICS_NULL.md",".md","578","2026-08-16T19:59:54.3244675+09:00","9e96cb1de764600ab0f6b07b6b080ecb0edab28c8b43a146073c94f2018b1b99","KEEP_PROTECTED","1"
"E:\P45 프로젝트\00_P45_STATE\experiment_lab\EXP-002_V2_NUMBER_RANK_FALLBACK\EXP002V2_04_WALKFORWARD.md","00_P45_STATE\experiment_lab\EXP-002_V2_NUMBER_RANK_FALLBACK\EXP002V2_04_WALKFORWARD.md","EXP002V2_04_WALKFORWARD.md",".md","385","2026-08-16T19:59:57.5983474+09:00","55541a2def8bc47df07ffdd1ce9f847beaf7e52018d66517acce9d573493cf8b","KEEP_PROTECTED","1"
"E:\P45 프로젝트\00_P45_STATE\experiment_lab\EXP-002_V2_NUMBER_RANK_FALLBACK\EXP002V2_05_SUCCESS_FAILURE.md","00_P45_STATE\experiment_lab\EXP-002_V2_NUMBER_RANK_FALLBACK\EXP002V2_05_SUCCESS_FAILURE.md","EXP002V2_05_SUCCESS_FAILURE.md",".md","832","2026-08-16T20:00:01.7769587+09:00","962b0cf9df29b393ec8345f8764ef7d0c4abdf10750674a2bb564e55e4b946dc","KEEP_PROTECTED","1"
"E:\P45 프로젝트\00_P45_STATE\experiment_lab\EXP-002_V2_NUMBER_RANK_FALLBACK\EXP002V2_06_LOCKED_RUN_RESULT.md","00_P45_STATE\experiment_lab\EXP-002_V2_NUMBER_RANK_FALLBACK\EXP002V2_06_LOCKED_RUN_RESULT.md","EXP002V2_06_LOCKED_RUN_RESULT.md",".md","1875","2026-08-16T20:22:11.3105341+09:00","0835757b97dbc84bf178d36a0dc8ab37968f3b6098ec4f67469069f2c0cae350","KEEP_PROTECTED","1"
"E:\P45 프로젝트\00_P45_STATE\experiment_lab\EXP-002_V2_NUMBER_RANK_FALLBACK\EXP002V2_PROTOCOL_LOCK.json","00_P45_STATE\experiment_lab\EXP-002_V2_NUMBER_RANK_FALLBACK\EXP002V2_PROTOCOL_LOCK.json","EXP002V2_PROTOCOL_LOCK.json",".json","635","2026-08-16T20:02:17.7205455+09:00","82ed201d7c2dcd3eb30aa848f968ec1134031d0271daa0142375b1562341f001","KEEP_PROTECTED","1"
"E:\P45 프로젝트\00_P45_STATE\experiment_lab\EXP-003_NUMBER_TRANSITION\EXP003_01_PREREGISTRATION.md","00_P45_STATE\experiment_lab\EXP-003_NUMBER_TRANSITION\EXP003_01_PREREGISTRATION.md","EXP003_01_PREREGISTRATION.md",".md","784","2026-08-16T20:33:00.2167050+09:00","ddaf4cc5cd05e4e8f9cdb2ba64cc36e70ad3bb7c7dd23dbc3b80e4827f9e3f89","KEEP_PROTECTED","1"
"E:\P45 프로젝트\00_P45_STATE\experiment_lab\EXP-003_NUMBER_TRANSITION\EXP003_02_TRANSITION_DEFINITION.md","00_P45_STATE\experiment_lab\EXP-003_NUMBER_TRANSITION\EXP003_02_TRANSITION_DEFINITION.md","EXP003_02_TRANSITION_DEFINITION.md",".md","845","2026-08-16T20:33:03.0418832+09:00","7640fe58651ab4ddf94d727ba766745685c792973b16aefc9cebd3e1c12c66e0","KEEP_PROTECTED","1"
"E:\P45 프로젝트\00_P45_STATE\experiment_lab\EXP-003_NUMBER_TRANSITION\EXP003_03_METRIC_NULL_POLICY.md","00_P45_STATE\experiment_lab\EXP-003_NUMBER_TRANSITION\EXP003_03_METRIC_NULL_POLICY.md","EXP003_03_METRIC_NULL_POLICY.md",".md","843","2026-08-16T20:33:05.8544970+09:00","fab52f2e2aa58963d8c26cf6abd55f3e48b9e7e2dbfb2d3634a2f718c1bfc5db","KEEP_PROTECTED","1"
"E:\P45 프로젝트\00_P45_STATE\experiment_lab\EXP-003_NUMBER_TRANSITION\EXP003_04_WALKFORWARD.md","00_P45_STATE\experiment_lab\EXP-003_NUMBER_TRANSITION\EXP003_04_WALKFORWARD.md","EXP003_04_WALKFORWARD.md",".md","445","2026-08-16T20:33:08.6848941+09:00","9d3dd5d8f7a659be90cb35f56fee58ee450c96dbcc3e663a85b4f6c2859e1f4a","KEEP_PROTECTED","1"
"E:\P45 프로젝트\00_P45_STATE\experiment_lab\EXP-003_NUMBER_TRANSITION\EXP003_05_SUCCESS_FAILURE.md","00_P45_STATE\experiment_lab\EXP-003_NUMBER_TRANSITION\EXP003_05_SUCCESS_FAILURE.md","EXP003_05_SUCCESS_FAILURE.md",".md","821","2026-08-16T20:33:11.4552643+09:00","4fbde5ba8bac84774afee93d5029d8e6f6d2b135c7740c6480f9d44f1a87ea1f","KEEP_PROTECTED","1"
"E:\P45 프로젝트\00_P45_STATE\experiment_lab\EXP-003_NUMBER_TRANSITION\EXP003_06_PREPARATION_STATUS.md","00_P45_STATE\experiment_lab\EXP-003_NUMBER_TRANSITION\EXP003_06_PREPARATION_STATUS.md","EXP003_06_PREPARATION_STATUS.md",".md","1004","2026-08-16T20:36:48.8061702+09:00","578d4a2cbe6e8e3b818770acb67bcb491adb70cbe9ba8b3e88b4428138bf977c","KEEP_PROTECTED","1"
"E:\P45 프로젝트\00_P45_STATE\experiment_lab\EXP-003_NUMBER_TRANSITION\EXP003_07_LOCKED_RUN_RESULT.md","00_P45_STATE\experiment_lab\EXP-003_NUMBER_TRANSITION\EXP003_07_LOCKED_RUN_RESULT.md","EXP003_07_LOCKED_RUN_RESULT.md",".md","2697","2026-08-16T20:56:49.7881548+09:00","f0513f20c9a597d474dcfed82b71485551c1bffa3970c3cd38a4776351787fb3","KEEP_PROTECTED","1"
"E:\P45 프로젝트\00_P45_STATE\experiment_lab\EXP-003_NUMBER_TRANSITION\EXP003_PROTOCOL_LOCK.json","00_P45_STATE\experiment_lab\EXP-003_NUMBER_TRANSITION\EXP003_PROTOCOL_LOCK.json","EXP003_PROTOCOL_LOCK.json",".json","1347","2026-08-16T20:35:12.8047586+09:00","48242be86703cb0ec99cf34b999d01e63cd7c0c80fb8e4f5d5ba12ac0bb0092c","KEEP_PROTECTED","1"
"E:\P45 프로젝트\00_P45_STATE\research_inventory\01_P45_FULL_RESEARCH_INVENTORY.md","00_P45_STATE\research_inventory\01_P45_FULL_RESEARCH_INVENTORY.md","01_P45_FULL_RESEARCH_INVENTORY.md",".md","7981","2026-08-16T15:37:20.7138950+09:00","f70aa62dd2ed22a844cf3d965853aaddf996b8a27d00cbe1509e67aae63cb959","KEEP_PROTECTED","1"
"E:\P45 프로젝트\00_P45_STATE\research_inventory\02_P45_RESEARCH_STATUS_MATRIX.md","00_P45_STATE\research_inventory\02_P45_RESEARCH_STATUS_MATRIX.md","02_P45_RESEARCH_STATUS_MATRIX.md",".md","32941","2026-08-16T15:37:23.5024580+09:00","c0a62234b5e39cba0dd5232affff5fd9ff834c2e284335292a458254fa402ab3","KEEP_PROTECTED","1"
"E:\P45 프로젝트\00_P45_STATE\research_inventory\03_P45_MISSING_AND_PARTIAL_RESEARCH.md","00_P45_STATE\research_inventory\03_P45_MISSING_AND_PARTIAL_RESEARCH.md","03_P45_MISSING_AND_PARTIAL_RESEARCH.md",".md","4181","2026-08-16T15:37:26.4804727+09:00","8610e868f2710ee6b17e1981e8a975f2856d1ecc815f8b67222b7c03e30148f9","KEEP_PROTECTED","1"
"E:\P45 프로젝트\00_P45_STATE\research_inventory\04_P45_EXPERIMENT_LAB_DESIGN.md","00_P45_STATE\research_inventory\04_P45_EXPERIMENT_LAB_DESIGN.md","04_P45_EXPERIMENT_LAB_DESIGN.md",".md","4934","2026-08-16T15:01:26.1902200+09:00","f77edb076673169cb12c8badb57fc5280aaf1df88ceb479d51a9de63606ac905","KEEP_PROTECTED","1"
"E:\P45 프로젝트\00_P45_STATE\research_inventory\05_P45_RECOMMENDED_RESEARCH_PRIORITY.md","00_P45_STATE\research_inventory\05_P45_RECOMMENDED_RESEARCH_PRIORITY.md","05_P45_RECOMMENDED_RESEARCH_PRIORITY.md",".md","1900","2026-08-16T15:01:28.9891797+09:00","52e8993872d7479fd436e2e18965e36da002ed9d1c98ea799a5e118615ef0fde","KEEP_PROTECTED","1"
"E:\P45 프로젝트\00_P45_STATE\research_inventory\06_P45_CROWD_PRIZE_SHARE_RESEARCH_DESIGN.md","00_P45_STATE\research_inventory\06_P45_CROWD_PRIZE_SHARE_RESEARCH_DESIGN.md","06_P45_CROWD_PRIZE_SHARE_RESEARCH_DESIGN.md",".md","2566","2026-08-16T15:00:47.8800760+09:00","755b6cee20b5b63aed0a25603265aac838d7fbec00cada06e37bafd5b017ba74","KEEP_PROTECTED","1"
"E:\P45 프로젝트\00_P45_STATE\research_inventory\07_HISTORICAL_IDEA_RECOVERY_AUDIT_TODO.md","00_P45_STATE\research_inventory\07_HISTORICAL_IDEA_RECOVERY_AUDIT_TODO.md","07_HISTORICAL_IDEA_RECOVERY_AUDIT_TODO.md",".md","2362","2026-08-16T15:37:38.3270369+09:00","5bad6a8d1bfeb3dff6ba3e5384e3e5bbb498f3236a154be20f38f91bc13edb4f","KEEP_PROTECTED","1"
"E:\P45 프로젝트\00_P45_STATE\research_inventory\07_HISTORICAL_IDEA_RECOVERY_AUDIT.md","00_P45_STATE\research_inventory\07_HISTORICAL_IDEA_RECOVERY_AUDIT.md","07_HISTORICAL_IDEA_RECOVERY_AUDIT.md",".md","5300","2026-08-16T15:38:01.2727657+09:00","0c9487b4d335a6c855f27d06b1717cc6d68e8bf5c6d92ba9800a447044b38ce0","KEEP_PROTECTED","1"
"E:\P45 프로젝트\00_P45_STATE\research_inventory\08_RECOVERED_HISTORICAL_IDEAS.md","00_P45_STATE\research_inventory\08_RECOVERED_HISTORICAL_IDEAS.md","08_RECOVERED_HISTORICAL_IDEAS.md",".md","5388","2026-08-16T15:37:32.3784494+09:00","48ae483b93e768a2ab2e9e7434083aaadee5b3cb295ab9793a01cf4003070c22","KEEP_PROTECTED","1"
"E:\P45 프로젝트\00_P45_STATE\research_inventory\09_HISTORICAL_IDEA_CROSSCHECK_MATRIX.md","00_P45_STATE\research_inventory\09_HISTORICAL_IDEA_CROSSCHECK_MATRIX.md","09_HISTORICAL_IDEA_CROSSCHECK_MATRIX.md",".md","4309","2026-08-16T15:37:35.2138054+09:00","92c81ac7ab0252899888616f964597a6155008ce7daba11a4ef9f797ba731143","KEEP_PROTECTED","1"
"E:\P45 프로젝트\00_P45_STATE\research_review\01_P45_RESEARCH_REVIEW_POLICY.md","00_P45_STATE\research_review\01_P45_RESEARCH_REVIEW_POLICY.md","01_P45_RESEARCH_REVIEW_POLICY.md",".md","1852","2026-08-14T15:01:12.0138542+09:00","b298641daeef717c90804d63a411af920f21a1a74f27b51885d2ac5316856106","KEEP_PROTECTED","1"
"E:\P45 프로젝트\00_P45_STATE\research_review\02_P45_GATE_THRESHOLD_SUMMARY.md","00_P45_STATE\research_review\02_P45_GATE_THRESHOLD_SUMMARY.md","02_P45_GATE_THRESHOLD_SUMMARY.md",".md","2993","2026-08-14T15:01:14.7493382+09:00","37d6154c8974b92746fce0168d64e1a578e1ec9f7cbfd2a9e1edb1430b777219","KEEP_PROTECTED","1"
"E:\P45 프로젝트\00_P45_STATE\research_review\03_P45_STATE_TRANSITION_MATRIX.md","00_P45_STATE\research_review\03_P45_STATE_TRANSITION_MATRIX.md","03_P45_STATE_TRANSITION_MATRIX.md",".md","2893","2026-08-14T15:01:17.7709524+09:00","2d6394723573d8c21fa392d7d1cd107357c8fc778d05c527517de615f1b7e6d7","KEEP_PROTECTED","1"
"E:\P45 프로젝트\00_P45_STATE\research_review\04_P45_OVERFITTING_CHANGE_CONTROL.md","00_P45_STATE\research_review\04_P45_OVERFITTING_CHANGE_CONTROL.md","04_P45_OVERFITTING_CHANGE_CONTROL.md",".md","1463","2026-08-14T15:01:20.5685397+09:00","33e62ac815138679770f76bc12700358151ed8e6218a81d6ee189c9687c391e7","KEEP_PROTECTED","1"
"E:\P45 프로젝트\00_P45_STATE\research_review\05_P45_PREDICTION_IMMUTABILITY.md","00_P45_STATE\research_review\05_P45_PREDICTION_IMMUTABILITY.md","05_P45_PREDICTION_IMMUTABILITY.md",".md","1941","2026-08-14T15:01:23.4340403+09:00","d403f7a7fc5ae92b8106c07b23fdd49d8801a36cb7b028d602164a938f791426","KEEP_PROTECTED","1"
"E:\P45 프로젝트\00_P45_STATE\research_review\06_P45_PAIR_COMPUTE_SAFETY.md","00_P45_STATE\research_review\06_P45_PAIR_COMPUTE_SAFETY.md","06_P45_PAIR_COMPUTE_SAFETY.md",".md","1922","2026-08-14T15:01:26.3502452+09:00","09698dd63418ce41a2521cbcde6dd21ca31f50c462e7ffd323a96754ac7bce75","KEEP_PROTECTED","1"
"E:\P45 프로젝트\00_P45_STATE\state-history\20260810_132238_BOOTSTRAP\P45_CURRENT_STATE.json","00_P45_STATE\state-history\20260810_132238_BOOTSTRAP\P45_CURRENT_STATE.json","P45_CURRENT_STATE.json",".json","3721","2026-08-10T13:10:53.7373671+09:00","7b0d0074c944bda2224f040544d455efd6f2474ea2837a7a16204aff48a8d8be","KEEP_PROTECTED","1"
"E:\P45 프로젝트\00_P45_STATE\state-history\20260810_132238_BOOTSTRAP\P45_CURRENT_STATE.md","00_P45_STATE\state-history\20260810_132238_BOOTSTRAP\P45_CURRENT_STATE.md","P45_CURRENT_STATE.md",".md","5356","2026-08-10T13:09:56.7734995+09:00","09eff88105c21cb04116fec477915fc53a70fa0d295a665d837dd11f168daf36","KEEP_PROTECTED","1"
"E:\P45 프로젝트\00_P45_STATE\state-history\20260810_132238_BOOTSTRAP\P45_HANDOFF.md","00_P45_STATE\state-history\20260810_132238_BOOTSTRAP\P45_HANDOFF.md","P45_HANDOFF.md",".md","465","2026-08-10T13:09:56.7824951+09:00","d17898d0e8fb34f4d310b6802845e8b6b8d9c74d46c1a725dc7cc863f2b4f94c","KEEP_PROTECTED","1"
"E:\P45 프로젝트\00_P45_STATE\state-history\20260810_132238_BOOTSTRAP\state-manifest.json","00_P45_STATE\state-history\20260810_132238_BOOTSTRAP\state-manifest.json","state-manifest.json",".json","1032","2026-08-10T13:22:38.1764771+09:00","694ce433c6b44767668fd64fba05e0ed7bb47255943121ca8e02a93f999d3983","KEEP_PROTECTED","1"
"E:\P45 프로젝트\00_P45_STATE\state-history\20260810_132258_DECISION-20260810-012\P45_CURRENT_STATE.json","00_P45_STATE\state-history\20260810_132258_DECISION-20260810-012\P45_CURRENT_STATE.json","P45_CURRENT_STATE.json",".json","4531","2026-08-10T13:22:58.2826290+09:00","add294576d1c985167db349b4e099b2577daf4ff69c684c4bb66e9398567c810","KEEP_PROTECTED","1"
"E:\P45 프로젝트\00_P45_STATE\state-history\20260810_132258_DECISION-20260810-012\P45_CURRENT_STATE.md","00_P45_STATE\state-history\20260810_132258_DECISION-20260810-012\P45_CURRENT_STATE.md","P45_CURRENT_STATE.md",".md","3982","2026-08-10T13:22:58.2836273+09:00","32f8b4a0e4ab359b7432bfa2a3f780f87dec030c414fdf2891707650b0804c16","KEEP_PROTECTED","1"
"E:\P45 프로젝트\00_P45_STATE\state-history\20260810_132258_DECISION-20260810-012\P45_HANDOFF.md","00_P45_STATE\state-history\20260810_132258_DECISION-20260810-012\P45_HANDOFF.md","P45_HANDOFF.md",".md","873","2026-08-10T13:22:58.2845359+09:00","05d35f86df85288054f1e249adbeed178405b71dcb5f4dbb2c232dd3260db0bf","KEEP_PROTECTED","1"
"E:\P45 프로젝트\00_P45_STATE\state-history\20260810_132258_DECISION-20260810-012\state-manifest.json","00_P45_STATE\state-history\20260810_132258_DECISION-20260810-012\state-manifest.json","state-manifest.json",".json","1074","2026-08-10T13:22:58.3179694+09:00","3a0f4fb675c181e688d64fd737348d7308ea7146e73da14c75e78042619bf28f","KEEP_PROTECTED","1"
"E:\P45 프로젝트\00_P45_STATE\state-history\20260810_133500_DECISION-20260810-013\P45_CURRENT_STATE.json","00_P45_STATE\state-history\20260810_133500_DECISION-20260810-013\P45_CURRENT_STATE.json","P45_CURRENT_STATE.json",".json","4950","2026-08-10T13:35:00.5890682+09:00","b04465a22091207e271dc2789677f4750430bb4cca828f0edae6ffcd570f0bba","KEEP_PROTECTED","1"
"E:\P45 프로젝트\00_P45_STATE\state-history\20260810_133500_DECISION-20260810-013\P45_CURRENT_STATE.md","00_P45_STATE\state-history\20260810_133500_DECISION-20260810-013\P45_CURRENT_STATE.md","P45_CURRENT_STATE.md",".md","3982","2026-08-10T13:35:00.6030863+09:00","a19aeacbb13f6b6a895cc06a5157b593bd3496de3040be747341138b92fd6cb1","KEEP_PROTECTED","1"
"E:\P45 프로젝트\00_P45_STATE\state-history\20260810_133500_DECISION-20260810-013\P45_HANDOFF.md","00_P45_STATE\state-history\20260810_133500_DECISION-20260810-013\P45_HANDOFF.md","P45_HANDOFF.md",".md","873","2026-08-10T13:35:00.6046708+09:00","678fa0fba02964ef90d5dc48567d41a39e223cff23cbaaa91d60800d7029d939","KEEP_PROTECTED","1"
"E:\P45 프로젝트\00_P45_STATE\state-history\20260810_133500_DECISION-20260810-013\state-manifest.json","00_P45_STATE\state-history\20260810_133500_DECISION-20260810-013\state-manifest.json","state-manifest.json",".json","1074","2026-08-10T13:35:00.6389732+09:00","0c675b0e6edc539f3f63ff84ab85504ed566e336611104e6fc8e544c38acb737","KEEP_PROTECTED","1"
"E:\P45 프로젝트\00_P45_STATE\state-history\20260810_140455_DECISION-20260810-014\P45_CURRENT_STATE.json","00_P45_STATE\state-history\20260810_140455_DECISION-20260810-014\P45_CURRENT_STATE.json","P45_CURRENT_STATE.json",".json","5302","2026-08-10T14:04:55.5222294+09:00","47f845f3e47fd895e527144c17791a026e1b7ee12802b8e8e014fee95d39a64c","KEEP_PROTECTED","1"
"E:\P45 프로젝트\00_P45_STATE\state-history\20260810_140455_DECISION-20260810-014\P45_CURRENT_STATE.md","00_P45_STATE\state-history\20260810_140455_DECISION-20260810-014\P45_CURRENT_STATE.md","P45_CURRENT_STATE.md",".md","3982","2026-08-10T14:04:55.5232292+09:00","dc10568dbaf165308c87765ce1a6168cffaaab2bd5f8aeb33debc5cff9fb11ae","KEEP_PROTECTED","1"
"E:\P45 프로젝트\00_P45_STATE\state-history\20260810_140455_DECISION-20260810-014\P45_HANDOFF.md","00_P45_STATE\state-history\20260810_140455_DECISION-20260810-014\P45_HANDOFF.md","P45_HANDOFF.md",".md","873","2026-08-10T14:04:55.5252300+09:00","5cd67e1a9caafddfc5c8172ab3f6aba79f246abecc45b99d1e7eea5a986d6227","KEEP_PROTECTED","1"
"E:\P45 프로젝트\00_P45_STATE\state-history\20260810_140455_DECISION-20260810-014\state-manifest.json","00_P45_STATE\state-history\20260810_140455_DECISION-20260810-014\state-manifest.json","state-manifest.json",".json","1074","2026-08-10T14:04:55.5895407+09:00","fb0e9c8cc75daf3b7ecd23b74155dc2c6afca96ccb2500752a6370a02e52193d","KEEP_PROTECTED","1"
"E:\P45 프로젝트\00_P45_STATE\state-history\20260810_140527_DECISION-20260810-014\P45_CURRENT_STATE.json","00_P45_STATE\state-history\20260810_140527_DECISION-20260810-014\P45_CURRENT_STATE.json","P45_CURRENT_STATE.json",".json","5302","2026-08-10T14:05:27.4551200+09:00","7ccd0a8d963e59f58d3511cf18325bae797018c5a257add1be8db5567d433183","KEEP_PROTECTED","2"
"E:\P45 프로젝트\00_P45_STATE\state-history\20260810_140527_DECISION-20260810-014\P45_CURRENT_STATE.md","00_P45_STATE\state-history\20260810_140527_DECISION-20260810-014\P45_CURRENT_STATE.md","P45_CURRENT_STATE.md",".md","3982","2026-08-10T14:05:27.4571217+09:00","98103b728400332e597bb13adcb892f0f3b59c75a3ba764dc139920507397e13","KEEP_PROTECTED","2"
"E:\P45 프로젝트\00_P45_STATE\state-history\20260810_140527_DECISION-20260810-014\P45_HANDOFF.md","00_P45_STATE\state-history\20260810_140527_DECISION-20260810-014\P45_HANDOFF.md","P45_HANDOFF.md",".md","873","2026-08-10T14:05:27.4591182+09:00","9a7be4e049109b727874dd8b1b7c37da34dbf5f6307ee5c08e0d1a31d6e72897","KEEP_PROTECTED","2"
"E:\P45 프로젝트\00_P45_STATE\state-history\20260810_140527_DECISION-20260810-014\state-manifest.json","00_P45_STATE\state-history\20260810_140527_DECISION-20260810-014\state-manifest.json","state-manifest.json",".json","1074","2026-08-10T14:05:27.4975228+09:00","c9d5ea616458c817e97308f371861dc0b52cb505c20834c759c203c7965290fd","KEEP_PROTECTED","1"
"E:\P45 프로젝트\00_P45_STATE\state-history\20260810_140605_HANDOFF_TEST\handoff-test-report.json","00_P45_STATE\state-history\20260810_140605_HANDOFF_TEST\handoff-test-report.json","handoff-test-report.json",".json","7782","2026-08-10T14:06:05.4863906+09:00","3a367819aa5b656bcbfaf0095e53f0a1b49deb20b0d4e3d05e759ad72a0d7018","KEEP_PROTECTED","1"
"E:\P45 프로젝트\00_P45_STATE\state-history\20260810_140605_HANDOFF_TEST\handoff-test-report.md","00_P45_STATE\state-history\20260810_140605_HANDOFF_TEST\handoff-test-report.md","handoff-test-report.md",".md","285","2026-08-10T14:06:05.4873899+09:00","aae4e16a2cd73e25eb383811a2fc92a697bcd378e2f6d7ee38e6b450286421b8","KEEP_PROTECTED","2"
"E:\P45 프로젝트\00_P45_STATE\state-history\20260810_142348_PORTABLE_CONFLICT_001\conflict-report.json","00_P45_STATE\state-history\20260810_142348_PORTABLE_CONFLICT_001\conflict-report.json","conflict-report.json",".json","814","2026-08-10T14:24:00.2586013+09:00","f91394291ef0850ca47c7e2fb2ab9b1f4b8a4c503bdd61076cb182262fabe1c5","KEEP_PROTECTED","1"
"E:\P45 프로젝트\00_P45_STATE\state-history\20260810_142348_PORTABLE_CONFLICT_001\handoff-manifest.json","00_P45_STATE\state-history\20260810_142348_PORTABLE_CONFLICT_001\handoff-manifest.json","handoff-manifest.json",".json","5682","2026-08-10T14:23:48.6766883+09:00","9894b1e21f3bd4181a04acf78f2eddae230fdd7d6101523c0cfa75885499f8af","KEEP_PROTECTED","1"
"E:\P45 프로젝트\00_P45_STATE\state-history\20260810_142348_PORTABLE_CONFLICT_001\P45_CURRENT_STATE.json","00_P45_STATE\state-history\20260810_142348_PORTABLE_CONFLICT_001\P45_CURRENT_STATE.json","P45_CURRENT_STATE.json",".json","5302","2026-08-10T14:05:27.4551200+09:00","7ccd0a8d963e59f58d3511cf18325bae797018c5a257add1be8db5567d433183","KEEP_PROTECTED","2"
"E:\P45 프로젝트\00_P45_STATE\state-history\20260810_142348_PORTABLE_CONFLICT_001\P45_CURRENT_STATE.md","00_P45_STATE\state-history\20260810_142348_PORTABLE_CONFLICT_001\P45_CURRENT_STATE.md","P45_CURRENT_STATE.md",".md","3982","2026-08-10T14:05:27.4571217+09:00","98103b728400332e597bb13adcb892f0f3b59c75a3ba764dc139920507397e13","KEEP_PROTECTED","2"
"E:\P45 프로젝트\00_P45_STATE\state-history\20260810_142348_PORTABLE_CONFLICT_001\P45_DECISION_LOG.md","00_P45_STATE\state-history\20260810_142348_PORTABLE_CONFLICT_001\P45_DECISION_LOG.md","P45_DECISION_LOG.md",".md","11147","2026-08-10T14:05:27.4601179+09:00","b204a24dcc5c1472b9bde5bef0e77af812c72ba342b97921e6c5e4491741d81a","KEEP_PROTECTED","1"
"E:\P45 프로젝트\00_P45_STATE\state-history\20260810_142348_PORTABLE_CONFLICT_001\P45_HANDOFF.md","00_P45_STATE\state-history\20260810_142348_PORTABLE_CONFLICT_001\P45_HANDOFF.md","P45_HANDOFF.md",".md","873","2026-08-10T14:05:27.4591182+09:00","9a7be4e049109b727874dd8b1b7c37da34dbf5f6307ee5c08e0d1a31d6e72897","KEEP_PROTECTED","2"
"E:\P45 프로젝트\00_P45_STATE\state-history\20260810_142348_PORTABLE_CONFLICT_001\P45_PORTABLE_HANDOFF.zip","00_P45_STATE\state-history\20260810_142348_PORTABLE_CONFLICT_001\P45_PORTABLE_HANDOFF.zip","P45_PORTABLE_HANDOFF.zip",".zip","59534","2026-08-10T14:06:04.1541628+09:00","2e80266e0af0d7ab9d06e8f692558a8dcb70ddec88c37e73d9951d4e1a21f916","KEEP_PROTECTED","1"
"E:\P45 프로젝트\00_P45_STATE\state-history\20260810_142649_DECISION-20260810-015\P45_CURRENT_STATE.json","00_P45_STATE\state-history\20260810_142649_DECISION-20260810-015\P45_CURRENT_STATE.json","P45_CURRENT_STATE.json",".json","5380","2026-08-10T14:26:49.2936372+09:00","367346c1f8749792c9914b4184fd25c3d404de8f23f4af4ed3f7938aa79d9199","KEEP_PROTECTED","1"
"E:\P45 프로젝트\00_P45_STATE\state-history\20260810_142649_DECISION-20260810-015\P45_CURRENT_STATE.md","00_P45_STATE\state-history\20260810_142649_DECISION-20260810-015\P45_CURRENT_STATE.md","P45_CURRENT_STATE.md",".md","3984","2026-08-10T14:26:49.2946371+09:00","143e81b4d9e74b89d57cb51011e9628a520d474a9f928c6eafe3fe36355d996c","KEEP_PROTECTED","1"
"E:\P45 프로젝트\00_P45_STATE\state-history\20260810_142649_DECISION-20260810-015\P45_HANDOFF.md","00_P45_STATE\state-history\20260810_142649_DECISION-20260810-015\P45_HANDOFF.md","P45_HANDOFF.md",".md","873","2026-08-10T14:26:49.2966347+09:00","cb5ea5c8ddbea2a10296ae8ec3d1b52c22ed8e245b7f8ed129028a00ec9618dd","KEEP_PROTECTED","1"
"E:\P45 프로젝트\00_P45_STATE\state-history\20260810_142649_DECISION-20260810-015\state-manifest.json","00_P45_STATE\state-history\20260810_142649_DECISION-20260810-015\state-manifest.json","state-manifest.json",".json","1074","2026-08-10T14:26:49.3509793+09:00","91792f987ba219b888fb46cbeb78aa4ffa1614baa8edb01b8e2f8f5911998787","KEEP_PROTECTED","1"
"E:\P45 프로젝트\00_P45_STATE\state-history\20260810_143049_HANDOFF_TEST\handoff-test-report.json","00_P45_STATE\state-history\20260810_143049_HANDOFF_TEST\handoff-test-report.json","handoff-test-report.json",".json","7782","2026-08-10T14:30:49.5681368+09:00","6a760e8b8d02793028831c0958dd69b2635ebaed9ea0f17cc5b8752699d6a80c","KEEP_PROTECTED","1"
"E:\P45 프로젝트\00_P45_STATE\state-history\20260810_143049_HANDOFF_TEST\handoff-test-report.md","00_P45_STATE\state-history\20260810_143049_HANDOFF_TEST\handoff-test-report.md","handoff-test-report.md",".md","285","2026-08-10T14:30:49.5691366+09:00","aae4e16a2cd73e25eb383811a2fc92a697bcd378e2f6d7ee38e6b450286421b8","KEEP_PROTECTED","2"
"E:\P45 프로젝트\00_P45_STATE\state-history\20260810_143741_DECISION-20260810-016\P45_CURRENT_STATE.json","00_P45_STATE\state-history\20260810_143741_DECISION-20260810-016\P45_CURRENT_STATE.json","P45_CURRENT_STATE.json",".json","5556","2026-08-10T14:37:41.0087485+09:00","4a952764fbb422dc72db10f55304fb42ca1850b3b26c8a4c0cc53a37fe8947e0","KEEP_PROTECTED","1"
"E:\P45 프로젝트\00_P45_STATE\state-history\20260810_143741_DECISION-20260810-016\P45_CURRENT_STATE.md","00_P45_STATE\state-history\20260810_143741_DECISION-20260810-016\P45_CURRENT_STATE.md","P45_CURRENT_STATE.md",".md","3984","2026-08-10T14:37:41.0097478+09:00","317c2a577aa39326952a25a87da86faf665000cb7e6be8a92d28c0068a2312ad","KEEP_PROTECTED","1"
"E:\P45 프로젝트\00_P45_STATE\state-history\20260810_143741_DECISION-20260810-016\P45_HANDOFF.md","00_P45_STATE\state-history\20260810_143741_DECISION-20260810-016\P45_HANDOFF.md","P45_HANDOFF.md",".md","873","2026-08-10T14:37:41.0117475+09:00","791052bedf77b451452407e29c9ac2dbcaf4c9fb6aa2cab24774ef7996abf610","KEEP_PROTECTED","1"
"E:\P45 프로젝트\00_P45_STATE\state-history\20260810_143741_DECISION-20260810-016\state-manifest.json","00_P45_STATE\state-history\20260810_143741_DECISION-20260810-016\state-manifest.json","state-manifest.json",".json","1074","2026-08-10T14:37:41.0517406+09:00","b6782f618671adb793e978100fd411d6f3964f28d3a6d8bc7495c82e6c1732a5","KEEP_PROTECTED","1"
"E:\P45 프로젝트\00_P45_STATE\state-history\20260810_144250_DECISION-20260810-017\P45_CURRENT_STATE.json","00_P45_STATE\state-history\20260810_144250_DECISION-20260810-017\P45_CURRENT_STATE.json","P45_CURRENT_STATE.json",".json","5731","2026-08-10T14:42:50.5238650+09:00","6572d9d0e15dbf65ae94ce2b2915a064dd40b6eda9e3c1c9b62cf2726e7f77f9","KEEP_PROTECTED","1"
"E:\P45 프로젝트\00_P45_STATE\state-history\20260810_144250_DECISION-20260810-017\P45_CURRENT_STATE.md","00_P45_STATE\state-history\20260810_144250_DECISION-20260810-017\P45_CURRENT_STATE.md","P45_CURRENT_STATE.md",".md","4048","2026-08-10T14:42:50.5248642+09:00","d9620c9bbdd361eb17ac7e89df719cf0f3064c7de969d35e5fc77667c7a35c73","KEEP_PROTECTED","1"
"E:\P45 프로젝트\00_P45_STATE\state-history\20260810_144250_DECISION-20260810-017\P45_HANDOFF.md","00_P45_STATE\state-history\20260810_144250_DECISION-20260810-017\P45_HANDOFF.md","P45_HANDOFF.md",".md","885","2026-08-10T14:42:50.5264930+09:00","02de203431ca7ac0fd238353af0ae93cf6d50f323e9607efec33fc5b8f252dfe","KEEP_PROTECTED","1"
"E:\P45 프로젝트\00_P45_STATE\state-history\20260810_144250_DECISION-20260810-017\state-manifest.json","00_P45_STATE\state-history\20260810_144250_DECISION-20260810-017\state-manifest.json","state-manifest.json",".json","1074","2026-08-10T14:42:50.5580958+09:00","342b46bb6072ae8170a5002b0e473ea393e0e8db8c6d265435bf0bf39f372b6b","KEEP_PROTECTED","1"
"E:\P45 프로젝트\00_P45_STATE\state-history\20260810_145631_DECISION-20260810-018\P45_CURRENT_STATE.json","00_P45_STATE\state-history\20260810_145631_DECISION-20260810-018\P45_CURRENT_STATE.json","P45_CURRENT_STATE.json",".json","5966","2026-08-10T14:56:31.3713875+09:00","e2c75d92e12eb192a0b5326fa377df355b67fc40325dd1d754680fa879cc3e41","KEEP_PROTECTED","1"
"E:\P45 프로젝트\00_P45_STATE\state-history\20260810_145631_DECISION-20260810-018\P45_CURRENT_STATE.md","00_P45_STATE\state-history\20260810_145631_DECISION-20260810-018\P45_CURRENT_STATE.md","P45_CURRENT_STATE.md",".md","4052","2026-08-10T14:56:31.3723868+09:00","a5157836746b13c0a473fba068cfebacced19691b818444115ede21132e93bf9","KEEP_PROTECTED","1"
"E:\P45 프로젝트\00_P45_STATE\state-history\20260810_145631_DECISION-20260810-018\P45_HANDOFF.md","00_P45_STATE\state-history\20260810_145631_DECISION-20260810-018\P45_HANDOFF.md","P45_HANDOFF.md",".md","887","2026-08-10T14:56:31.3734832+09:00","25ad55f79efb123d454604dfa21610b271074be09dee597e61cb6003d7407bfc","KEEP_PROTECTED","1"
"E:\P45 프로젝트\00_P45_STATE\state-history\20260810_145631_DECISION-20260810-018\state-manifest.json","00_P45_STATE\state-history\20260810_145631_DECISION-20260810-018\state-manifest.json","state-manifest.json",".json","1074","2026-08-10T14:56:31.4065671+09:00","9d5c1c2bc35022f5d32f5be8ce82be86ce94e37a5eaadf67048e94c3152086b1","KEEP_PROTECTED","1"
"E:\P45 프로젝트\00_P45_STATE\state-history\20260810_151312_DECISION-20260810-019\P45_CURRENT_STATE.json","00_P45_STATE\state-history\20260810_151312_DECISION-20260810-019\P45_CURRENT_STATE.json","P45_CURRENT_STATE.json",".json","6418","2026-08-10T15:13:12.4795890+09:00","f06a43718d88983085973279299e5344c925383e8b90a6550c34913cd49ad77f","KEEP_PROTECTED","1"
"E:\P45 프로젝트\00_P45_STATE\state-history\20260810_151312_DECISION-20260810-019\P45_CURRENT_STATE.md","00_P45_STATE\state-history\20260810_151312_DECISION-20260810-019\P45_CURRENT_STATE.md","P45_CURRENT_STATE.md",".md","4149","2026-08-10T15:13:12.4805879+09:00","0b40400bddcd6df49db3d8316d94c10ca25ce2449c0056009eabec1f1d4e0181","KEEP_PROTECTED","1"
"E:\P45 프로젝트\00_P45_STATE\state-history\20260810_151312_DECISION-20260810-019\P45_HANDOFF.md","00_P45_STATE\state-history\20260810_151312_DECISION-20260810-019\P45_HANDOFF.md","P45_HANDOFF.md",".md","870","2026-08-10T15:13:12.4815996+09:00","c5508fe770c8548806c418fcb3fc68bd72ef51a4e230ec6c53f8f1b233b2843d","KEEP_PROTECTED","1"
"E:\P45 프로젝트\00_P45_STATE\state-history\20260810_151312_DECISION-20260810-019\state-manifest.json","00_P45_STATE\state-history\20260810_151312_DECISION-20260810-019\state-manifest.json","state-manifest.json",".json","1074","2026-08-10T15:13:12.5234443+09:00","2028ca6ccc761a9f45ab3d03044e6b03cc3871a4e6c3e3251a748b01d0fd3356","KEEP_PROTECTED","1"
"E:\P45 프로젝트\00_P45_STATE\state-history\20260810_154224_DECISION-20260810-020\P45_CURRENT_STATE.json","00_P45_STATE\state-history\20260810_154224_DECISION-20260810-020\P45_CURRENT_STATE.json","P45_CURRENT_STATE.json",".json","6661","2026-08-10T15:42:24.5012249+09:00","12a2923c9b30fc9e29e9c38ea2f72da6018eaa314e5fdab4b1afa0e78b05c581","KEEP_PROTECTED","1"
"E:\P45 프로젝트\00_P45_STATE\state-history\20260810_154224_DECISION-20260810-020\P45_CURRENT_STATE.md","00_P45_STATE\state-history\20260810_154224_DECISION-20260810-020\P45_CURRENT_STATE.md","P45_CURRENT_STATE.md",".md","4183","2026-08-10T15:42:24.5022407+09:00","8a5d313a76df632e1c7e95e20b3a9fee0a515607bb155578caa0ea29bfd8431f","KEEP_PROTECTED","1"
"E:\P45 프로젝트\00_P45_STATE\state-history\20260810_154224_DECISION-20260810-020\P45_HANDOFF.md","00_P45_STATE\state-history\20260810_154224_DECISION-20260810-020\P45_HANDOFF.md","P45_HANDOFF.md",".md","894","2026-08-10T15:42:24.5039722+09:00","b16c78a3510810d582c185687e28b96146e142af573cc3b829f975eecf0bce51","KEEP_PROTECTED","1"
"E:\P45 프로젝트\00_P45_STATE\state-history\20260810_154224_DECISION-20260810-020\state-manifest.json","00_P45_STATE\state-history\20260810_154224_DECISION-20260810-020\state-manifest.json","state-manifest.json",".json","1075","2026-08-10T15:42:24.5382487+09:00","d0af9a4acb7afa77b7312fd8038634f2609c4984e3d0aa19ed5524d7b1b6f161","KEEP_PROTECTED","1"
"E:\P45 프로젝트\00_P45_STATE\state-history\20260810_155041_DECISION-20260810-021\P45_CURRENT_STATE.json","00_P45_STATE\state-history\20260810_155041_DECISION-20260810-021\P45_CURRENT_STATE.json","P45_CURRENT_STATE.json",".json","6732","2026-08-10T15:50:41.5420669+09:00","ccb3d814ae6c1fb03e669c00cb92f5cf644a453d356c8cc6d8338a2dd0ea2fd5","KEEP_PROTECTED","1"
"E:\P45 프로젝트\00_P45_STATE\state-history\20260810_155041_DECISION-20260810-021\P45_CURRENT_STATE.md","00_P45_STATE\state-history\20260810_155041_DECISION-20260810-021\P45_CURRENT_STATE.md","P45_CURRENT_STATE.md",".md","4165","2026-08-10T15:50:41.5420669+09:00","0c4dc15b804cfcce42a88463aa7428c052a6846407dae2ca852e87118c5fec29","KEEP_PROTECTED","1"
"E:\P45 프로젝트\00_P45_STATE\state-history\20260810_155041_DECISION-20260810-021\P45_HANDOFF.md","00_P45_STATE\state-history\20260810_155041_DECISION-20260810-021\P45_HANDOFF.md","P45_HANDOFF.md",".md","880","2026-08-10T15:50:41.5440655+09:00","39c41c88c3756244643be8c97e65d6098ca88e2a3a0c692cf0499216313846b7","KEEP_PROTECTED","1"
"E:\P45 프로젝트\00_P45_STATE\state-history\20260810_155041_DECISION-20260810-021\state-manifest.json","00_P45_STATE\state-history\20260810_155041_DECISION-20260810-021\state-manifest.json","state-manifest.json",".json","1075","2026-08-10T15:50:41.5830750+09:00","f787280a27b558890e7a815c9a3be43159c2ba0b1d96d4bd36a9444befc4c040","KEEP_PROTECTED","1"
"E:\P45 프로젝트\00_P45_STATE\state-history\20260810_160406_DECISION-20260810-022\P45_CURRENT_STATE.json","00_P45_STATE\state-history\20260810_160406_DECISION-20260810-022\P45_CURRENT_STATE.json","P45_CURRENT_STATE.json",".json","7170","2026-08-10T16:04:06.1391538+09:00","a4afda42afbede8872b3a7491f5e8ab236e4c42d859b37b59374c929e2bc7137","KEEP_PROTECTED","1"
"E:\P45 프로젝트\00_P45_STATE\state-history\20260810_160406_DECISION-20260810-022\P45_CURRENT_STATE.md","00_P45_STATE\state-history\20260810_160406_DECISION-20260810-022\P45_CURRENT_STATE.md","P45_CURRENT_STATE.md",".md","4157","2026-08-10T16:04:06.1391538+09:00","742c6ec42a94fa36a2fec9baa1e91545943e07155b11929832924c69ced27ea4","KEEP_PROTECTED","1"
"E:\P45 프로젝트\00_P45_STATE\state-history\20260810_160406_DECISION-20260810-022\P45_HANDOFF.md","00_P45_STATE\state-history\20260810_160406_DECISION-20260810-022\P45_HANDOFF.md","P45_HANDOFF.md",".md","882","2026-08-10T16:04:06.1409771+09:00","a845bdff5cc818fc06cb02a5cae1052f594962f6905f8180882dd460f67b6cbe","KEEP_PROTECTED","1"
"E:\P45 프로젝트\00_P45_STATE\state-history\20260810_160406_DECISION-20260810-022\state-manifest.json","00_P45_STATE\state-history\20260810_160406_DECISION-20260810-022\state-manifest.json","state-manifest.json",".json","1075","2026-08-10T16:04:06.1881644+09:00","b03113252e7057ccf7c4c32737acfdd440dc876947fe407d8ca43d2ad825325f","KEEP_PROTECTED","1"
"E:\P45 프로젝트\00_P45_STATE\state-history\20260810_160927_DECISION-20260810-023\P45_CURRENT_STATE.json","00_P45_STATE\state-history\20260810_160927_DECISION-20260810-023\P45_CURRENT_STATE.json","P45_CURRENT_STATE.json",".json","7606","2026-08-10T16:09:27.5425203+09:00","0db2e667ca9409eb7530fcf0415b041445700b0f49167448ec4835595ed457e2","KEEP_PROTECTED","1"
"E:\P45 프로젝트\00_P45_STATE\state-history\20260810_160927_DECISION-20260810-023\P45_CURRENT_STATE.md","00_P45_STATE\state-history\20260810_160927_DECISION-20260810-023\P45_CURRENT_STATE.md","P45_CURRENT_STATE.md",".md","4270","2026-08-10T16:09:27.5435199+09:00","ffbe721264184c485d42841c8705f345b6f32fcbca119c1395f1cb77f3ba2991","KEEP_PROTECTED","1"
"E:\P45 프로젝트\00_P45_STATE\state-history\20260810_160927_DECISION-20260810-023\P45_HANDOFF.md","00_P45_STATE\state-history\20260810_160927_DECISION-20260810-023\P45_HANDOFF.md","P45_HANDOFF.md",".md","922","2026-08-10T16:09:27.5445195+09:00","f31cac27a590582df37ca9d2c0c9948dc6b6b01135f32ff0ee62b21cb4c6ce47","KEEP_PROTECTED","1"
"E:\P45 프로젝트\00_P45_STATE\state-history\20260810_160927_DECISION-20260810-023\state-manifest.json","00_P45_STATE\state-history\20260810_160927_DECISION-20260810-023\state-manifest.json","state-manifest.json",".json","1075","2026-08-10T16:09:27.6154786+09:00","6c7be74d97484bef96a8da1f8059f342d8861d687b0340efbf7973eeb7986b66","KEEP_PROTECTED","1"
"E:\P45 프로젝트\00_P45_STATE\state-history\20260810_161617_DECISION-20260810-024\P45_CURRENT_STATE.json","00_P45_STATE\state-history\20260810_161617_DECISION-20260810-024\P45_CURRENT_STATE.json","P45_CURRENT_STATE.json",".json","7916","2026-08-10T16:16:17.7053519+09:00","29877f5033c9f73cfcfc96e1af2dd32da6d17854092755bc7e485e9c0b1dd098","KEEP_PROTECTED","1"
"E:\P45 프로젝트\00_P45_STATE\state-history\20260810_161617_DECISION-20260810-024\P45_CURRENT_STATE.md","00_P45_STATE\state-history\20260810_161617_DECISION-20260810-024\P45_CURRENT_STATE.md","P45_CURRENT_STATE.md",".md","4179","2026-08-10T16:16:17.7063506+09:00","7fa3ff16e4138354f22066f0d7ca426f1723ad67c4b58720b8464ff624d7cec8","KEEP_PROTECTED","1"
"E:\P45 프로젝트\00_P45_STATE\state-history\20260810_161617_DECISION-20260810-024\P45_HANDOFF.md","00_P45_STATE\state-history\20260810_161617_DECISION-20260810-024\P45_HANDOFF.md","P45_HANDOFF.md",".md","893","2026-08-10T16:16:17.7073525+09:00","ffac869293db015d2b9894c31ee0794abab6f421cda5dabaea38917529906705","KEEP_PROTECTED","1"
"E:\P45 프로젝트\00_P45_STATE\state-history\20260810_161617_DECISION-20260810-024\state-manifest.json","00_P45_STATE\state-history\20260810_161617_DECISION-20260810-024\state-manifest.json","state-manifest.json",".json","1075","2026-08-10T16:16:17.7633037+09:00","ad4adbd2fa6ce54bd1918cd31ce77e59e12433d25ebbe6e82e74c9d57459c1b3","KEEP_PROTECTED","1"
"E:\P45 프로젝트\00_P45_STATE\state-history\20260810_162152_DECISION-20260810-025\P45_CURRENT_STATE.json","00_P45_STATE\state-history\20260810_162152_DECISION-20260810-025\P45_CURRENT_STATE.json","P45_CURRENT_STATE.json",".json","8430","2026-08-10T16:21:52.5645603+09:00","276ad2dff2da7a8b9242afc18c37fe8c0babac169012b4871eaa9ee8637ed84d","KEEP_PROTECTED","1"
"E:\P45 프로젝트\00_P45_STATE\state-history\20260810_162152_DECISION-20260810-025\P45_CURRENT_STATE.md","00_P45_STATE\state-history\20260810_162152_DECISION-20260810-025\P45_CURRENT_STATE.md","P45_CURRENT_STATE.md",".md","4359","2026-08-10T16:21:52.5655598+09:00","93f7ab29a570c6b7c466fb7b7a93469f8f22926d04b41178fd0431c406533183","KEEP_PROTECTED","1"
"E:\P45 프로젝트\00_P45_STATE\state-history\20260810_162152_DECISION-20260810-025\P45_HANDOFF.md","00_P45_STATE\state-history\20260810_162152_DECISION-20260810-025\P45_HANDOFF.md","P45_HANDOFF.md",".md","909","2026-08-10T16:21:52.5675583+09:00","7e044b9db4772d48d7059a404f4170f5b7d419ad247768acb187706fe05fde5d","KEEP_PROTECTED","1"
"E:\P45 프로젝트\00_P45_STATE\state-history\20260810_162152_DECISION-20260810-025\state-manifest.json","00_P45_STATE\state-history\20260810_162152_DECISION-20260810-025\state-manifest.json","state-manifest.json",".json","1075","2026-08-10T16:21:52.6328286+09:00","f2fd600538f51a730fc107483ef757156fdfd9ecf3232f4793d85aee4ef6e1e8","KEEP_PROTECTED","1"
"E:\P45 프로젝트\00_P45_STATE\state-history\20260810_162912_DECISION-20260810-026\P45_CURRENT_STATE.json","00_P45_STATE\state-history\20260810_162912_DECISION-20260810-026\P45_CURRENT_STATE.json","P45_CURRENT_STATE.json",".json","8847","2026-08-10T16:29:12.5437084+09:00","740274af3e885fb078d59798324e34dea337e486df900b728e1f87421110fd53","KEEP_PROTECTED","1"
"E:\P45 프로젝트\00_P45_STATE\state-history\20260810_162912_DECISION-20260810-026\P45_CURRENT_STATE.md","00_P45_STATE\state-history\20260810_162912_DECISION-20260810-026\P45_CURRENT_STATE.md","P45_CURRENT_STATE.md",".md","4424","2026-08-10T16:29:12.5457072+09:00","5e34dfbdaf4a3e6431b66dc3ec20409b4c14c4782a1fce42aa4dea2e3bfdb6c4","KEEP_PROTECTED","1"
"E:\P45 프로젝트\00_P45_STATE\state-history\20260810_162912_DECISION-20260810-026\P45_HANDOFF.md","00_P45_STATE\state-history\20260810_162912_DECISION-20260810-026\P45_HANDOFF.md","P45_HANDOFF.md",".md","904","2026-08-10T16:29:12.5467062+09:00","051afd2be55b36d1e4bc6655ba693aa6a617d980aa457150db7e15b10a064ebf","KEEP_PROTECTED","1"
"E:\P45 프로젝트\00_P45_STATE\state-history\20260810_162912_DECISION-20260810-026\state-manifest.json","00_P45_STATE\state-history\20260810_162912_DECISION-20260810-026\state-manifest.json","state-manifest.json",".json","1075","2026-08-10T16:29:12.6076707+09:00","330c18c6ba1078d52ae7b00d1aaa474eedd42f335bcf513f024b7128a4800012","KEEP_PROTECTED","1"
"E:\P45 프로젝트\00_P45_STATE\state-history\20260810_165838_DECISION-20260810-027\P45_CURRENT_STATE.json","00_P45_STATE\state-history\20260810_165838_DECISION-20260810-027\P45_CURRENT_STATE.json","P45_CURRENT_STATE.json",".json","8969","2026-08-10T16:58:38.8068882+09:00","03aad164f721ede8ec74a8d314326a195bbb066a021663ab95aefae0dc95729e","KEEP_PROTECTED","1"
"E:\P45 프로젝트\00_P45_STATE\state-history\20260810_165838_DECISION-20260810-027\P45_CURRENT_STATE.md","00_P45_STATE\state-history\20260810_165838_DECISION-20260810-027\P45_CURRENT_STATE.md","P45_CURRENT_STATE.md",".md","4334","2026-08-10T16:58:38.8089025+09:00","2cd3b9ef79ff86c31a02d8465f98bdc28ba4e5c3bb7758b4ead25b25531e18e0","KEEP_PROTECTED","1"
"E:\P45 프로젝트\00_P45_STATE\state-history\20260810_165838_DECISION-20260810-027\P45_HANDOFF.md","00_P45_STATE\state-history\20260810_165838_DECISION-20260810-027\P45_HANDOFF.md","P45_HANDOFF.md",".md","870","2026-08-10T16:58:38.8098979+09:00","38bab1375a866e09e3ed0c202558d24de812d84ae7d6a24921a2d6bace8ed052","KEEP_PROTECTED","1"
"E:\P45 프로젝트\00_P45_STATE\state-history\20260810_165838_DECISION-20260810-027\state-manifest.json","00_P45_STATE\state-history\20260810_165838_DECISION-20260810-027\state-manifest.json","state-manifest.json",".json","1075","2026-08-10T16:58:38.9184915+09:00","b256a6183835d6e45eaee1d7d39b7a309e00c0a12d1a64e7ec50db088a26a3a2","KEEP_PROTECTED","1"
"E:\P45 프로젝트\00_P45_STATE\state-history\20260810_171000_DECISION-20260810-028\P45_CURRENT_STATE.json","00_P45_STATE\state-history\20260810_171000_DECISION-20260810-028\P45_CURRENT_STATE.json","P45_CURRENT_STATE.json",".json","9229","2026-08-10T17:10:00.4415331+09:00","9d282e7e11201945d7abeb6bf61b1a06fc549076e7dec0d102ffe8aba94e3d1c","KEEP_PROTECTED","1"
"E:\P45 프로젝트\00_P45_STATE\state-history\20260810_171000_DECISION-20260810-028\P45_CURRENT_STATE.md","00_P45_STATE\state-history\20260810_171000_DECISION-20260810-028\P45_CURRENT_STATE.md","P45_CURRENT_STATE.md",".md","4302","2026-08-10T17:10:00.4425312+09:00","ec5879a9bf0ac9f113455683942d9d89d767f03aa37c2ad73441f868b2054c48","KEEP_PROTECTED","1"
"E:\P45 프로젝트\00_P45_STATE\state-history\20260810_171000_DECISION-20260810-028\P45_HANDOFF.md","00_P45_STATE\state-history\20260810_171000_DECISION-20260810-028\P45_HANDOFF.md","P45_HANDOFF.md",".md","881","2026-08-10T17:10:00.4435307+09:00","5b260db668f1ca3be26946722691fda90dc0821c1165e4caf5ce849c8ad9cefc","KEEP_PROTECTED","1"
"E:\P45 프로젝트\00_P45_STATE\state-history\20260810_171000_DECISION-20260810-028\state-manifest.json","00_P45_STATE\state-history\20260810_171000_DECISION-20260810-028\state-manifest.json","state-manifest.json",".json","1075","2026-08-10T17:10:00.5404763+09:00","90d32c352feffce0d6f0b21772d0131b2b0b8660ad20575627c393f6f02f790a","KEEP_PROTECTED","1"
"E:\P45 프로젝트\00_P45_STATE\state-history\20260810_171934_DECISION-20260810-029\P45_CURRENT_STATE.json","00_P45_STATE\state-history\20260810_171934_DECISION-20260810-029\P45_CURRENT_STATE.json","P45_CURRENT_STATE.json",".json","9475","2026-08-10T17:19:34.3659728+09:00","18677fd9b3c3350b352a8113c4db733da8b0623fddaac31fc44c7b031d7d00c4","KEEP_PROTECTED","1"
"E:\P45 프로젝트\00_P45_STATE\state-history\20260810_171934_DECISION-20260810-029\P45_CURRENT_STATE.md","00_P45_STATE\state-history\20260810_171934_DECISION-20260810-029\P45_CURRENT_STATE.md","P45_CURRENT_STATE.md",".md","4346","2026-08-10T17:19:34.3679725+09:00","29bd3fa89febb5d9e38e85f62a66338bd647b7565cf822264bcb84f5516fe75d","KEEP_PROTECTED","1"
"E:\P45 프로젝트\00_P45_STATE\state-history\20260810_171934_DECISION-20260810-029\P45_HANDOFF.md","00_P45_STATE\state-history\20260810_171934_DECISION-20260810-029\P45_HANDOFF.md","P45_HANDOFF.md",".md","879","2026-08-10T17:19:34.3689723+09:00","9e8eea2d2cb27657cf14836a776a77668d8df2c22293ccb9909e80ae460c0481","KEEP_PROTECTED","1"
"E:\P45 프로젝트\00_P45_STATE\state-history\20260810_171934_DECISION-20260810-029\state-manifest.json","00_P45_STATE\state-history\20260810_171934_DECISION-20260810-029\state-manifest.json","state-manifest.json",".json","1075","2026-08-10T17:19:34.4399341+09:00","bdb12e090dab509431d2bbe1fb7554cd17944b4630e76860881473f525a0951b","KEEP_PROTECTED","1"
"E:\P45 프로젝트\00_P45_STATE\state-history\20260810_173427_DECISION-20260810-030\P45_CURRENT_STATE.json","00_P45_STATE\state-history\20260810_173427_DECISION-20260810-030\P45_CURRENT_STATE.json","P45_CURRENT_STATE.json",".json","9738","2026-08-10T17:34:27.2688937+09:00","ce45901e8ed2b98bfd3bf09231ae900bbf72ac51e75ee59b0dd91ae6418db3a9","KEEP_PROTECTED","1"
"E:\P45 프로젝트\00_P45_STATE\state-history\20260810_173427_DECISION-20260810-030\P45_CURRENT_STATE.md","00_P45_STATE\state-history\20260810_173427_DECISION-20260810-030\P45_CURRENT_STATE.md","P45_CURRENT_STATE.md",".md","4302","2026-08-10T17:34:27.2708928+09:00","296223bd4b45272064bad90424ca95d26f9349c7f08dbe9814db7baff0c92f80","KEEP_PROTECTED","1"
"E:\P45 프로젝트\00_P45_STATE\state-history\20260810_173427_DECISION-20260810-030\P45_HANDOFF.md","00_P45_STATE\state-history\20260810_173427_DECISION-20260810-030\P45_HANDOFF.md","P45_HANDOFF.md",".md","880","2026-08-10T17:34:27.2998766+09:00","4404720a69717616e0071b9f3204d9950519f1a8cc05b9a9e0eb1f45b6f2b598","KEEP_PROTECTED","1"
"E:\P45 프로젝트\00_P45_STATE\state-history\20260810_173427_DECISION-20260810-030\state-manifest.json","00_P45_STATE\state-history\20260810_173427_DECISION-20260810-030\state-manifest.json","state-manifest.json",".json","1075","2026-08-10T17:34:27.3648408+09:00","a7f4268afab79de244afe52891bf99a38a1e461357e67c7277462abbb1c0f5c7","KEEP_PROTECTED","1"
"E:\P45 프로젝트\00_P45_STATE\state-history\20260810_173835_DECISION-20260810-031\P45_CURRENT_STATE.json","00_P45_STATE\state-history\20260810_173835_DECISION-20260810-031\P45_CURRENT_STATE.json","P45_CURRENT_STATE.json",".json","10084","2026-08-10T17:38:35.2282230+09:00","a79f2a644b51843a58d6efd92a4243cb42726bc74e4282123286772982d6a83c","KEEP_PROTECTED","1"
"E:\P45 프로젝트\00_P45_STATE\state-history\20260810_173835_DECISION-20260810-031\P45_CURRENT_STATE.md","00_P45_STATE\state-history\20260810_173835_DECISION-20260810-031\P45_CURRENT_STATE.md","P45_CURRENT_STATE.md",".md","4333","2026-08-10T17:38:35.2412375+09:00","ac6c75e320ab80df141a588064814e0eb7514441583471fd91bfc3072b2c9592","KEEP_PROTECTED","1"
"E:\P45 프로젝트\00_P45_STATE\state-history\20260810_173835_DECISION-20260810-031\P45_HANDOFF.md","00_P45_STATE\state-history\20260810_173835_DECISION-20260810-031\P45_HANDOFF.md","P45_HANDOFF.md",".md","897","2026-08-10T17:38:35.2432503+09:00","d8ee4e8d08bc81053f9839aef5ca9434a9fc760a64360903e621ea867aa086a4","KEEP_PROTECTED","1"
"E:\P45 프로젝트\00_P45_STATE\state-history\20260810_173835_DECISION-20260810-031\state-manifest.json","00_P45_STATE\state-history\20260810_173835_DECISION-20260810-031\state-manifest.json","state-manifest.json",".json","1075","2026-08-10T17:38:35.2827123+09:00","15d0c18e81827786b60b699605cef9b5f46888fdb0f83d93cc055f2d54c22efe","KEEP_PROTECTED","1"
"E:\P45 프로젝트\00_P45_STATE\state-history\20260810_214929_DECISION-20260810-032\P45_CURRENT_STATE.json","00_P45_STATE\state-history\20260810_214929_DECISION-20260810-032\P45_CURRENT_STATE.json","P45_CURRENT_STATE.json",".json","10989","2026-08-10T21:49:29.0321752+09:00","22597c02a2f6962445de80a9535676faa51b3402181f70279dbac0490557aee3","KEEP_PROTECTED","1"
"E:\P45 프로젝트\00_P45_STATE\state-history\20260810_214929_DECISION-20260810-032\P45_CURRENT_STATE.md","00_P45_STATE\state-history\20260810_214929_DECISION-20260810-032\P45_CURRENT_STATE.md","P45_CURRENT_STATE.md",".md","4430","2026-08-10T21:49:29.0331609+09:00","f79f3fda45af35b20eef8bb43d0f6deda443acab9f4c150c317479e30a57a2e4","KEEP_PROTECTED","1"
"E:\P45 프로젝트\00_P45_STATE\state-history\20260810_214929_DECISION-20260810-032\P45_HANDOFF.md","00_P45_STATE\state-history\20260810_214929_DECISION-20260810-032\P45_HANDOFF.md","P45_HANDOFF.md",".md","918","2026-08-10T21:49:29.0351576+09:00","f957d73fabd571a26cf8768afb53af80f631599c43197e54536cb89eb7ce6d67","KEEP_PROTECTED","1"
"E:\P45 프로젝트\00_P45_STATE\state-history\20260810_214929_DECISION-20260810-032\state-manifest.json","00_P45_STATE\state-history\20260810_214929_DECISION-20260810-032\state-manifest.json","state-manifest.json",".json","1075","2026-08-10T21:49:29.2554709+09:00","abf0dc7d40ff785e3141df592a10e020c39c3a7331563d79061bfc6aa0f9ba1d","KEEP_PROTECTED","1"
"E:\P45 프로젝트\00_P45_STATE\state-history\20260811_115529_DECISION-20260811-033\P45_CURRENT_STATE.json","00_P45_STATE\state-history\20260811_115529_DECISION-20260811-033\P45_CURRENT_STATE.json","P45_CURRENT_STATE.json",".json","11619","2026-08-11T11:55:29.7192347+09:00","562bfa810157b93172e132f0c52f2763691a10f364fd5f974e5c102807a4e8d5","KEEP_PROTECTED","1"
"E:\P45 프로젝트\00_P45_STATE\state-history\20260811_115529_DECISION-20260811-033\P45_CURRENT_STATE.md","00_P45_STATE\state-history\20260811_115529_DECISION-20260811-033\P45_CURRENT_STATE.md","P45_CURRENT_STATE.md",".md","4541","2026-08-11T11:55:29.7207704+09:00","435c0e698d3f53f86a07d19551f2ab8fdc674b31be218a33305e8faba396b261","KEEP_PROTECTED","1"
"E:\P45 프로젝트\00_P45_STATE\state-history\20260811_115529_DECISION-20260811-033\P45_HANDOFF.md","00_P45_STATE\state-history\20260811_115529_DECISION-20260811-033\P45_HANDOFF.md","P45_HANDOFF.md",".md","947","2026-08-11T11:55:29.7218236+09:00","db4882926931a064295dbf582183cc898e4ab53c9a1ba5e9d6ed812bc159f0fc","KEEP_PROTECTED","1"
"E:\P45 프로젝트\00_P45_STATE\state-history\20260811_115529_DECISION-20260811-033\state-manifest.json","00_P45_STATE\state-history\20260811_115529_DECISION-20260811-033\state-manifest.json","state-manifest.json",".json","1075","2026-08-11T11:55:29.8368418+09:00","592a3fe5ec9b1821b507301be26774ff8a95a8e14cc336388b34091c451c7d81","KEEP_PROTECTED","1"
"E:\P45 프로젝트\00_P45_STATE\state-history\20260811_121053_DECISION-20260811-034\P45_CURRENT_STATE.json","00_P45_STATE\state-history\20260811_121053_DECISION-20260811-034\P45_CURRENT_STATE.json","P45_CURRENT_STATE.json",".json","12081","2026-08-11T12:10:53.6528990+09:00","0fe7103ede00756bef490a8605d8de73fd61c810438dcb4dcc7fe97c32ce41af","KEEP_PROTECTED","1"
"E:\P45 프로젝트\00_P45_STATE\state-history\20260811_121053_DECISION-20260811-034\P45_CURRENT_STATE.md","00_P45_STATE\state-history\20260811_121053_DECISION-20260811-034\P45_CURRENT_STATE.md","P45_CURRENT_STATE.md",".md","4555","2026-08-11T12:10:53.6709050+09:00","3f7bbe33f0b7a62d7a0b3667036506c72db075fc134d930586cb576e365d62c4","KEEP_PROTECTED","1"
"E:\P45 프로젝트\00_P45_STATE\state-history\20260811_121053_DECISION-20260811-034\P45_HANDOFF.md","00_P45_STATE\state-history\20260811_121053_DECISION-20260811-034\P45_HANDOFF.md","P45_HANDOFF.md",".md","936","2026-08-11T12:10:53.6899116+09:00","2545e406e4fdb347514ef6c9a62f050ce4a4bed0305cef94141145b5c82be131","KEEP_PROTECTED","1"
"E:\P45 프로젝트\00_P45_STATE\state-history\20260811_121053_DECISION-20260811-034\state-manifest.json","00_P45_STATE\state-history\20260811_121053_DECISION-20260811-034\state-manifest.json","state-manifest.json",".json","1075","2026-08-11T12:10:53.7316556+09:00","1e7db25a200a449202f42a20ea7e54d3109822d40c071c0268adfa04073ed4a9","KEEP_PROTECTED","1"
"E:\P45 프로젝트\00_P45_STATE\state-history\20260811_121652_DECISION-20260811-035\P45_CURRENT_STATE.json","00_P45_STATE\state-history\20260811_121652_DECISION-20260811-035\P45_CURRENT_STATE.json","P45_CURRENT_STATE.json",".json","12848","2026-08-11T12:16:52.1344847+09:00","d30da6e0d61e3b2cb1271dadbd8906eaf3d0e853f4b8cf4ea650f63a78a842d4","KEEP_PROTECTED","1"
"E:\P45 프로젝트\00_P45_STATE\state-history\20260811_121652_DECISION-20260811-035\P45_CURRENT_STATE.md","00_P45_STATE\state-history\20260811_121652_DECISION-20260811-035\P45_CURRENT_STATE.md","P45_CURRENT_STATE.md",".md","4488","2026-08-11T12:16:52.1354863+09:00","b94df869de0fb0a8b3e6ca3e7daaf202aac571d63e50bf6bea27d5dab1d8d9b9","KEEP_PROTECTED","1"
"E:\P45 프로젝트\00_P45_STATE\state-history\20260811_121652_DECISION-20260811-035\P45_HANDOFF.md","00_P45_STATE\state-history\20260811_121652_DECISION-20260811-035\P45_HANDOFF.md","P45_HANDOFF.md",".md","902","2026-08-11T12:16:52.1367952+09:00","8c674aef611b621cf4f0c15d7e5910547fac3114c4075326653a2990bbb3ca27","KEEP_PROTECTED","1"
"E:\P45 프로젝트\00_P45_STATE\state-history\20260811_121652_DECISION-20260811-035\state-manifest.json","00_P45_STATE\state-history\20260811_121652_DECISION-20260811-035\state-manifest.json","state-manifest.json",".json","1075","2026-08-11T12:16:52.1797899+09:00","a7fc03816c30fb3e9a7621c9c19d08c3a02cc32038cf73a0b785d6541cbd84d8","KEEP_PROTECTED","1"
"E:\P45 프로젝트\00_P45_STATE\state-history\20260811_122112_DECISION-20260811-036\P45_CURRENT_STATE.json","00_P45_STATE\state-history\20260811_122112_DECISION-20260811-036\P45_CURRENT_STATE.json","P45_CURRENT_STATE.json",".json","13328","2026-08-11T12:21:12.5253352+09:00","8e04e8b730798592ddac0895a849085282aafccf32284574580c7c19d399cdd3","KEEP_PROTECTED","1"
"E:\P45 프로젝트\00_P45_STATE\state-history\20260811_122112_DECISION-20260811-036\P45_CURRENT_STATE.md","00_P45_STATE\state-history\20260811_122112_DECISION-20260811-036\P45_CURRENT_STATE.md","P45_CURRENT_STATE.md",".md","4527","2026-08-11T12:21:12.5263340+09:00","09dc708f0da0ae416c6c7a770103c6efcb30271c845862dad860209ce6b293c9","KEEP_PROTECTED","1"
"E:\P45 프로젝트\00_P45_STATE\state-history\20260811_122112_DECISION-20260811-036\P45_HANDOFF.md","00_P45_STATE\state-history\20260811_122112_DECISION-20260811-036\P45_HANDOFF.md","P45_HANDOFF.md",".md","923","2026-08-11T12:21:12.5273329+09:00","3a5480460a774d69adc3818ca016e67efbedaac41d251af23b67464845219c5c","KEEP_PROTECTED","1"
"E:\P45 프로젝트\00_P45_STATE\state-history\20260811_122112_DECISION-20260811-036\state-manifest.json","00_P45_STATE\state-history\20260811_122112_DECISION-20260811-036\state-manifest.json","state-manifest.json",".json","1075","2026-08-11T12:21:12.5922958+09:00","d16eefc9a03cc6dd4a10f9d28eb386eb79f368df9e38d676222ebc5fba1087e8","KEEP_PROTECTED","1"
"E:\P45 프로젝트\00_P45_STATE\state-history\20260811_123031_DECISION-20260811-037\P45_CURRENT_STATE.json","00_P45_STATE\state-history\20260811_123031_DECISION-20260811-037\P45_CURRENT_STATE.json","P45_CURRENT_STATE.json",".json","13457","2026-08-11T12:30:31.1832849+09:00","d088d193c0e948a9ec8914c424609b8b61e104acd31dd500564ea21dbc7510c6","KEEP_PROTECTED","1"
"E:\P45 프로젝트\00_P45_STATE\state-history\20260811_123031_DECISION-20260811-037\P45_CURRENT_STATE.md","00_P45_STATE\state-history\20260811_123031_DECISION-20260811-037\P45_CURRENT_STATE.md","P45_CURRENT_STATE.md",".md","4554","2026-08-11T12:30:31.1842845+09:00","3058a19e0338261e9fbeb366dbe4493aac7747a77e3d01b8a79c5d1cea7c6a37","KEEP_PROTECTED","1"
"E:\P45 프로젝트\00_P45_STATE\state-history\20260811_123031_DECISION-20260811-037\P45_HANDOFF.md","00_P45_STATE\state-history\20260811_123031_DECISION-20260811-037\P45_HANDOFF.md","P45_HANDOFF.md",".md","939","2026-08-11T12:30:31.1852833+09:00","67917327e9eca65008feb89d259e55989e17045abfacf5a3cfaecb4603b2aa17","KEEP_PROTECTED","1"
"E:\P45 프로젝트\00_P45_STATE\state-history\20260811_123031_DECISION-20260811-037\state-manifest.json","00_P45_STATE\state-history\20260811_123031_DECISION-20260811-037\state-manifest.json","state-manifest.json",".json","1075","2026-08-11T12:30:31.2354747+09:00","cb2e371d4897b1434b977b42cb3b1fcb4b8a68305f1bba9cbbee5349b2a34b33","KEEP_PROTECTED","1"
"E:\P45 프로젝트\00_P45_STATE\state-history\20260811_123411_DECISION-20260811-038\P45_CURRENT_STATE.json","00_P45_STATE\state-history\20260811_123411_DECISION-20260811-038\P45_CURRENT_STATE.json","P45_CURRENT_STATE.json",".json","13738","2026-08-11T12:34:11.6920712+09:00","d681a2d1762d384545b13de523ab54a894a606a76151f04876a27c891de88648","KEEP_PROTECTED","1"
"E:\P45 프로젝트\00_P45_STATE\state-history\20260811_123411_DECISION-20260811-038\P45_CURRENT_STATE.md","00_P45_STATE\state-history\20260811_123411_DECISION-20260811-038\P45_CURRENT_STATE.md","P45_CURRENT_STATE.md",".md","4575","2026-08-11T12:34:11.7076709+09:00","a8f2025395eac7c38858b27fb75ac028356d504f53ccb8e65da69bc27cdd87aa","KEEP_PROTECTED","1"
"E:\P45 프로젝트\00_P45_STATE\state-history\20260811_123411_DECISION-20260811-038\P45_HANDOFF.md","00_P45_STATE\state-history\20260811_123411_DECISION-20260811-038\P45_HANDOFF.md","P45_HANDOFF.md",".md","947","2026-08-11T12:34:11.7090937+09:00","28b0655dc0aace61439b5659d545387617f7ceabad8526aa48d54e3236a9d9fc","KEEP_PROTECTED","1"
"E:\P45 프로젝트\00_P45_STATE\state-history\20260811_123411_DECISION-20260811-038\state-manifest.json","00_P45_STATE\state-history\20260811_123411_DECISION-20260811-038\state-manifest.json","state-manifest.json",".json","1075","2026-08-11T12:34:11.7529981+09:00","cbaaf4250d9a6fa890bb0f502b6873ddbbd7adaa38e010e80be5c74d9a411635","KEEP_PROTECTED","1"
"E:\P45 프로젝트\00_P45_STATE\state-history\20260811_123948_DECISION-20260811-039\P45_CURRENT_STATE.json","00_P45_STATE\state-history\20260811_123948_DECISION-20260811-039\P45_CURRENT_STATE.json","P45_CURRENT_STATE.json",".json","14033","2026-08-11T12:39:48.8204906+09:00","881ec62f7e33689f9c0442da5014f39349fe03fd8a53629dfd3cbcd45a5fb50c","KEEP_PROTECTED","1"
"E:\P45 프로젝트\00_P45_STATE\state-history\20260811_123948_DECISION-20260811-039\P45_CURRENT_STATE.md","00_P45_STATE\state-history\20260811_123948_DECISION-20260811-039\P45_CURRENT_STATE.md","P45_CURRENT_STATE.md",".md","4560","2026-08-11T12:39:48.8344835+09:00","0be108ec8d77c5982ee7cc788c1d4ec14c514ec0c70a2918f873310df71b47f1","KEEP_PROTECTED","1"
"E:\P45 프로젝트\00_P45_STATE\state-history\20260811_123948_DECISION-20260811-039\P45_HANDOFF.md","00_P45_STATE\state-history\20260811_123948_DECISION-20260811-039\P45_HANDOFF.md","P45_HANDOFF.md",".md","938","2026-08-11T12:39:48.8354821+09:00","726e87b9752fd04402f6dd1dc94362e226ad5182c4ad9c6020e2f3be3b8e5cd6","KEEP_PROTECTED","1"
"E:\P45 프로젝트\00_P45_STATE\state-history\20260811_123948_DECISION-20260811-039\state-manifest.json","00_P45_STATE\state-history\20260811_123948_DECISION-20260811-039\state-manifest.json","state-manifest.json",".json","1075","2026-08-11T12:39:48.8734599+09:00","5a97c65aab5deb17a94bdbbe706e6ee1ca04ffd5460be5d3e756402f6e1d2861","KEEP_PROTECTED","1"
"E:\P45 프로젝트\00_P45_STATE\state-history\20260811_124427_DECISION-20260811-040\P45_CURRENT_STATE.json","00_P45_STATE\state-history\20260811_124427_DECISION-20260811-040\P45_CURRENT_STATE.json","P45_CURRENT_STATE.json",".json","14359","2026-08-11T12:44:27.0029579+09:00","eea864173997f6574f79bfb533e8f12887a3ebf3c242f69bf66e35acae9a0b10","KEEP_PROTECTED","1"
"E:\P45 프로젝트\00_P45_STATE\state-history\20260811_124427_DECISION-20260811-040\P45_CURRENT_STATE.md","00_P45_STATE\state-history\20260811_124427_DECISION-20260811-040\P45_CURRENT_STATE.md","P45_CURRENT_STATE.md",".md","4595","2026-08-11T12:44:27.0161228+09:00","21b4d837649873d57ad1a100f490d6a57c517902734342abdc51ac109290c483","KEEP_PROTECTED","1"
"E:\P45 프로젝트\00_P45_STATE\state-history\20260811_124427_DECISION-20260811-040\P45_HANDOFF.md","00_P45_STATE\state-history\20260811_124427_DECISION-20260811-040\P45_HANDOFF.md","P45_HANDOFF.md",".md","956","2026-08-11T12:44:27.0171252+09:00","db2be85ca64d0cd2a509bab72b7297ca3f9f4326ec9f5675e398d8e36312ed5c","KEEP_PROTECTED","1"
"E:\P45 프로젝트\00_P45_STATE\state-history\20260811_124427_DECISION-20260811-040\state-manifest.json","00_P45_STATE\state-history\20260811_124427_DECISION-20260811-040\state-manifest.json","state-manifest.json",".json","1075","2026-08-11T12:44:27.0690614+09:00","a912e4687ecf617da247abf996bb1949b55e42996130e9afa5c19f32e42b6be5","KEEP_PROTECTED","1"
"E:\P45 프로젝트\00_P45_STATE\state-history\20260811_125403_DECISION-20260811-041\P45_CURRENT_STATE.json","00_P45_STATE\state-history\20260811_125403_DECISION-20260811-041\P45_CURRENT_STATE.json","P45_CURRENT_STATE.json",".json","15035","2026-08-11T12:54:03.2419867+09:00","06112dd242c32890675534bed5020cbb6010d65ced2553c562b476eac27a2071","KEEP_PROTECTED","1"
"E:\P45 프로젝트\00_P45_STATE\state-history\20260811_125403_DECISION-20260811-041\P45_CURRENT_STATE.md","00_P45_STATE\state-history\20260811_125403_DECISION-20260811-041\P45_CURRENT_STATE.md","P45_CURRENT_STATE.md",".md","4570","2026-08-11T12:54:03.2429881+09:00","01659aaceb2b6c611cdc01244143d5f7569ea9cabd1eebc1656ffe4475678dae","KEEP_PROTECTED","1"
"E:\P45 프로젝트\00_P45_STATE\state-history\20260811_125403_DECISION-20260811-041\P45_HANDOFF.md","00_P45_STATE\state-history\20260811_125403_DECISION-20260811-041\P45_HANDOFF.md","P45_HANDOFF.md",".md","942","2026-08-11T12:54:03.2446471+09:00","a4a0bf85b050d9fd27b1c7c04a5851707d5154b55e66708c476c70ee228173dc","KEEP_PROTECTED","1"
"E:\P45 프로젝트\00_P45_STATE\state-history\20260811_125403_DECISION-20260811-041\state-manifest.json","00_P45_STATE\state-history\20260811_125403_DECISION-20260811-041\state-manifest.json","state-manifest.json",".json","1075","2026-08-11T12:54:03.3122669+09:00","f331361236da9c068b3f75e211fdbbbe483b294f449d11e9d7a9f066cea6cc31","KEEP_PROTECTED","1"
"E:\P45 프로젝트\00_P45_STATE\state-history\20260811_125528_1.0.32\P45_CURRENT_STATE.json","00_P45_STATE\state-history\20260811_125528_1.0.32\P45_CURRENT_STATE.json","P45_CURRENT_STATE.json",".json","15273","2026-08-11T12:55:28.3736966+09:00","ca127191c94d87f098874a036b9af5726d5f061814ab9d7d1d15041ba4c017f4","KEEP_PROTECTED","1"
"E:\P45 프로젝트\00_P45_STATE\state-history\20260811_125528_1.0.32\P45_CURRENT_STATE.md","00_P45_STATE\state-history\20260811_125528_1.0.32\P45_CURRENT_STATE.md","P45_CURRENT_STATE.md",".md","4748","2026-08-11T12:55:28.3746984+09:00","1718dc193c3141d9d1cc6b2a2c2f13173727efe52add2a816cc2f042ec99a4dc","KEEP_PROTECTED","1"
"E:\P45 프로젝트\00_P45_STATE\state-history\20260811_125528_1.0.32\P45_HANDOFF.md","00_P45_STATE\state-history\20260811_125528_1.0.32\P45_HANDOFF.md","P45_HANDOFF.md",".md","942","2026-08-11T12:55:28.3756972+09:00","d080469efd3aee7453be11a3867cafa32d11de5516da91bacf865cfbc8edcb40","KEEP_PROTECTED","1"
"E:\P45 프로젝트\00_P45_STATE\state-history\20260811_125528_1.0.32\state-manifest.json","00_P45_STATE\state-history\20260811_125528_1.0.32\state-manifest.json","state-manifest.json",".json","1060","2026-08-11T12:55:28.4716672+09:00","cba54d1252eb4bb38b90728bed4da9b18ce6a388f888864d541eded91d285efd","KEEP_PROTECTED","1"
"E:\P45 프로젝트\00_P45_STATE\state-history\20260811_130216_DECISION-20260811-042\P45_CURRENT_STATE.json","00_P45_STATE\state-history\20260811_130216_DECISION-20260811-042\P45_CURRENT_STATE.json","P45_CURRENT_STATE.json",".json","15593","2026-08-11T13:02:16.5612489+09:00","02fbf928ccd7dcc9d272e4fe8e04794f2b7fbf7ea2311e0b1a2707b796a03c73","KEEP_PROTECTED","1"
"E:\P45 프로젝트\00_P45_STATE\state-history\20260811_130216_DECISION-20260811-042\P45_CURRENT_STATE.md","00_P45_STATE\state-history\20260811_130216_DECISION-20260811-042\P45_CURRENT_STATE.md","P45_CURRENT_STATE.md",".md","4740","2026-08-11T13:02:16.5632469+09:00","136f2f388a5461fdbe942953f78451bf4e7967e6a2b7d8c99dfd440f93f1e73e","KEEP_PROTECTED","1"
"E:\P45 프로젝트\00_P45_STATE\state-history\20260811_130216_DECISION-20260811-042\P45_HANDOFF.md","00_P45_STATE\state-history\20260811_130216_DECISION-20260811-042\P45_HANDOFF.md","P45_HANDOFF.md",".md","939","2026-08-11T13:02:16.5972917+09:00","1e456b1f0cc0259550cf9bac81fd327a8d95495031eb5b555120114fc2ff5901","KEEP_PROTECTED","1"
"E:\P45 프로젝트\00_P45_STATE\state-history\20260811_130216_DECISION-20260811-042\state-manifest.json","00_P45_STATE\state-history\20260811_130216_DECISION-20260811-042\state-manifest.json","state-manifest.json",".json","1075","2026-08-11T13:02:16.6916152+09:00","4d01666ddefcbf17c692660646f1ba5b9be71797423da108ff96f05c013c353e","KEEP_PROTECTED","1"
"E:\P45 프로젝트\00_P45_STATE\state-history\20260811_131019_DECISION-20260811-043\P45_CURRENT_STATE.json","00_P45_STATE\state-history\20260811_131019_DECISION-20260811-043\P45_CURRENT_STATE.json","P45_CURRENT_STATE.json",".json","16506","2026-08-11T13:10:19.7394114+09:00","eb0f163ffb70d1c2a0108990cdfbe5e61937a8803b6598f42957616816ecd3e1","KEEP_PROTECTED","1"
"E:\P45 프로젝트\00_P45_STATE\state-history\20260811_131019_DECISION-20260811-043\P45_CURRENT_STATE.md","00_P45_STATE\state-history\20260811_131019_DECISION-20260811-043\P45_CURRENT_STATE.md","P45_CURRENT_STATE.md",".md","4907","2026-08-11T13:10:19.7494058+09:00","16cb7e735ce743a1833a845a170a8ae4c9699fb4f51b95d1a3485ae287c0899c","KEEP_PROTECTED","1"
"E:\P45 프로젝트\00_P45_STATE\state-history\20260811_131019_DECISION-20260811-043\P45_HANDOFF.md","00_P45_STATE\state-history\20260811_131019_DECISION-20260811-043\P45_HANDOFF.md","P45_HANDOFF.md",".md","932","2026-08-11T13:10:19.7504051+09:00","3e2b533e3503f9a045e68626b162c14bc146915771d3be007ea60d22247df6ea","KEEP_PROTECTED","1"
"E:\P45 프로젝트\00_P45_STATE\state-history\20260811_131019_DECISION-20260811-043\state-manifest.json","00_P45_STATE\state-history\20260811_131019_DECISION-20260811-043\state-manifest.json","state-manifest.json",".json","1075","2026-08-11T13:10:19.7893828+09:00","288e6a01eadfb5f8b823327167574da4270cf1edd9ef8226b073321ce50c8382","KEEP_PROTECTED","1"
"E:\P45 프로젝트\00_P45_STATE\state-history\20260811_131612_DECISION-20260811-044\P45_CURRENT_STATE.json","00_P45_STATE\state-history\20260811_131612_DECISION-20260811-044\P45_CURRENT_STATE.json","P45_CURRENT_STATE.json",".json","17170","2026-08-11T13:16:12.9615663+09:00","062066607835eb1fb75b00186c0ee20bd3ce48056219c708ba98c8d0795feef2","KEEP_PROTECTED","1"
"E:\P45 프로젝트\00_P45_STATE\state-history\20260811_131612_DECISION-20260811-044\P45_CURRENT_STATE.md","00_P45_STATE\state-history\20260811_131612_DECISION-20260811-044\P45_CURRENT_STATE.md","P45_CURRENT_STATE.md",".md","5066","2026-08-11T13:16:12.9644369+09:00","6871cba7a33c765cc3f7368af796da95276ddbaf330217c5ec93be0200e780a4","KEEP_PROTECTED","1"
"E:\P45 프로젝트\00_P45_STATE\state-history\20260811_131612_DECISION-20260811-044\P45_HANDOFF.md","00_P45_STATE\state-history\20260811_131612_DECISION-20260811-044\P45_HANDOFF.md","P45_HANDOFF.md",".md","916","2026-08-11T13:16:12.9654535+09:00","9b5e0e02525bb93125e95ee980674785b6a7506fc0d5b833a19f90a9bb568431","KEEP_PROTECTED","1"
"E:\P45 프로젝트\00_P45_STATE\state-history\20260811_131612_DECISION-20260811-044\state-manifest.json","00_P45_STATE\state-history\20260811_131612_DECISION-20260811-044\state-manifest.json","state-manifest.json",".json","1075","2026-08-11T13:16:13.0048043+09:00","3654ac4c9aca5f2889cc5e0a5eda9a483a800010523c95def21ba9886027e331","KEEP_PROTECTED","1"
"E:\P45 프로젝트\00_P45_STATE\state-history\20260811_133803_DECISION-20260811-045\P45_CURRENT_STATE.json","00_P45_STATE\state-history\20260811_133803_DECISION-20260811-045\P45_CURRENT_STATE.json","P45_CURRENT_STATE.json",".json","17789","2026-08-11T13:38:03.3533738+09:00","08fac191572af6661a7d637931961c4c4619de4b77663f2f409d14e316a10706","KEEP_PROTECTED","1"
"E:\P45 프로젝트\00_P45_STATE\state-history\20260811_133803_DECISION-20260811-045\P45_CURRENT_STATE.md","00_P45_STATE\state-history\20260811_133803_DECISION-20260811-045\P45_CURRENT_STATE.md","P45_CURRENT_STATE.md",".md","5034","2026-08-11T13:38:03.3553744+09:00","f24c2c4bd0dc4b3b47cda6b8dc0b44328b4b7609cb5a4be620969834831c84fa","KEEP_PROTECTED","1"
"E:\P45 프로젝트\00_P45_STATE\state-history\20260811_133803_DECISION-20260811-045\P45_HANDOFF.md","00_P45_STATE\state-history\20260811_133803_DECISION-20260811-045\P45_HANDOFF.md","P45_HANDOFF.md",".md","901","2026-08-11T13:38:03.3573724+09:00","8ab4fcf7aefc473fb690a0851d6494572cec17a0560f597f0c4de0c4b0fbb82d","KEEP_PROTECTED","1"
"E:\P45 프로젝트\00_P45_STATE\state-history\20260811_133803_DECISION-20260811-045\state-manifest.json","00_P45_STATE\state-history\20260811_133803_DECISION-20260811-045\state-manifest.json","state-manifest.json",".json","1075","2026-08-11T13:38:03.4693084+09:00","880eed951faaf0de95de929ed68fc788a896832d55687a8f7913c085cbd6e914","KEEP_PROTECTED","1"
"E:\P45 프로젝트\00_P45_STATE\state-history\20260811_134208_DECISION-20260811-046\P45_CURRENT_STATE.json","00_P45_STATE\state-history\20260811_134208_DECISION-20260811-046\P45_CURRENT_STATE.json","P45_CURRENT_STATE.json",".json","18110","2026-08-11T13:42:08.8526731+09:00","7235becfce978e9a0e11a4fa098b071f6cb33096345dcd7d1d1dc02d858a4f12","KEEP_PROTECTED","1"
"E:\P45 프로젝트\00_P45_STATE\state-history\20260811_134208_DECISION-20260811-046\P45_CURRENT_STATE.md","00_P45_STATE\state-history\20260811_134208_DECISION-20260811-046\P45_CURRENT_STATE.md","P45_CURRENT_STATE.md",".md","5001","2026-08-11T13:42:08.8600614+09:00","d24d30ffe86b5dbe2f9a14a04a0375d2de85582b4e372512fb806c09c6ba732d","KEEP_PROTECTED","1"
"E:\P45 프로젝트\00_P45_STATE\state-history\20260811_134208_DECISION-20260811-046\P45_HANDOFF.md","00_P45_STATE\state-history\20260811_134208_DECISION-20260811-046\P45_HANDOFF.md","P45_HANDOFF.md",".md","888","2026-08-11T13:42:08.8711313+09:00","84c281a4bb9b859353e22b576db8e3ecceca9b4a4b0ae7dbaf51bf2064dac91c","KEEP_PROTECTED","1"
"E:\P45 프로젝트\00_P45_STATE\state-history\20260811_134208_DECISION-20260811-046\state-manifest.json","00_P45_STATE\state-history\20260811_134208_DECISION-20260811-046\state-manifest.json","state-manifest.json",".json","1075","2026-08-11T13:42:08.9048317+09:00","3baa2a623c565e471c9ab729e068594998711af43ae95d19785973063b47bcbb","KEEP_PROTECTED","1"
"E:\P45 프로젝트\00_P45_STATE\state-history\20260811_174735_DECISION-20260811-047\P45_CURRENT_STATE.json","00_P45_STATE\state-history\20260811_174735_DECISION-20260811-047\P45_CURRENT_STATE.json","P45_CURRENT_STATE.json",".json","19051","2026-08-11T17:47:35.6682468+09:00","310f002c8119edc8c2496cc381f2a12408a8bde9261c976230953137c9dfd402","KEEP_PROTECTED","1"
"E:\P45 프로젝트\00_P45_STATE\state-history\20260811_174735_DECISION-20260811-047\P45_CURRENT_STATE.md","00_P45_STATE\state-history\20260811_174735_DECISION-20260811-047\P45_CURRENT_STATE.md","P45_CURRENT_STATE.md",".md","4984","2026-08-11T17:47:35.6702452+09:00","e36b732e02e44fd9066baacfbdffffdc4f16fb3537cfe7c2caff8544ae035dfb","KEEP_PROTECTED","1"
"E:\P45 프로젝트\00_P45_STATE\state-history\20260811_174735_DECISION-20260811-047\P45_HANDOFF.md","00_P45_STATE\state-history\20260811_174735_DECISION-20260811-047\P45_HANDOFF.md","P45_HANDOFF.md",".md","876","2026-08-11T17:47:35.6722433+09:00","961bdb38bf871cb7f4d908f4c6e9b660e83bb78f8d9b08dfc56fc082c346370f","KEEP_PROTECTED","1"
"E:\P45 프로젝트\00_P45_STATE\state-history\20260811_174735_DECISION-20260811-047\state-manifest.json","00_P45_STATE\state-history\20260811_174735_DECISION-20260811-047\state-manifest.json","state-manifest.json",".json","1075","2026-08-11T17:47:35.9162491+09:00","878e7d78d96ad253c2f0fceb40665bb90f4026da4f9548e5c0749277763bf1d8","KEEP_PROTECTED","1"
"E:\P45 프로젝트\00_P45_STATE\state-history\20260811_181217_DECISION-20260811-048\P45_CURRENT_STATE.json","00_P45_STATE\state-history\20260811_181217_DECISION-20260811-048\P45_CURRENT_STATE.json","P45_CURRENT_STATE.json",".json","19723","2026-08-11T18:12:17.2319454+09:00","8b8523ce899da58fc751996c77daf27fbd73a68ec40a1f5231379227a1a9f70e","KEEP_PROTECTED","1"
"E:\P45 프로젝트\00_P45_STATE\state-history\20260811_181217_DECISION-20260811-048\P45_CURRENT_STATE.md","00_P45_STATE\state-history\20260811_181217_DECISION-20260811-048\P45_CURRENT_STATE.md","P45_CURRENT_STATE.md",".md","4881","2026-08-11T18:12:17.2329592+09:00","a0d757bbfaf65ac8271aa5cf7790f590da979ac9b2c3c9a715d4f9d4b5e7bde4","KEEP_PROTECTED","1"
"E:\P45 프로젝트\00_P45_STATE\state-history\20260811_181217_DECISION-20260811-048\P45_HANDOFF.md","00_P45_STATE\state-history\20260811_181217_DECISION-20260811-048\P45_HANDOFF.md","P45_HANDOFF.md",".md","911","2026-08-11T18:12:17.2349424+09:00","ccee1d238f8193c847440c075c6636a43524f9100d7b6be82901ecf95f0a91f8","KEEP_PROTECTED","1"
"E:\P45 프로젝트\00_P45_STATE\state-history\20260811_181217_DECISION-20260811-048\state-manifest.json","00_P45_STATE\state-history\20260811_181217_DECISION-20260811-048\state-manifest.json","state-manifest.json",".json","1079","2026-08-11T18:12:17.2742102+09:00","583bcdb93de62d9b311f53a47659a03d8bf750d7abb0067a2dede94ffb51f2fc","KEEP_PROTECTED","1"
"E:\P45 프로젝트\00_P45_STATE\state-history\20260811_181916_DECISION-20260811-049\P45_CURRENT_STATE.json","00_P45_STATE\state-history\20260811_181916_DECISION-20260811-049\P45_CURRENT_STATE.json","P45_CURRENT_STATE.json",".json","20674","2026-08-11T18:19:16.5863119+09:00","8ee4be9eabdd65d0dab83e8d83c2142b2bfc74dce971552d9a320da9c931f55c","KEEP_PROTECTED","1"
"E:\P45 프로젝트\00_P45_STATE\state-history\20260811_181916_DECISION-20260811-049\P45_CURRENT_STATE.md","00_P45_STATE\state-history\20260811_181916_DECISION-20260811-049\P45_CURRENT_STATE.md","P45_CURRENT_STATE.md",".md","5132","2026-08-11T18:19:16.5873113+09:00","0b7dee363aa5fb59339a72cd9f7a3d6cc7d9c32846894a02a7d090b553465d2a","KEEP_PROTECTED","1"
"E:\P45 프로젝트\00_P45_STATE\state-history\20260811_181916_DECISION-20260811-049\P45_HANDOFF.md","00_P45_STATE\state-history\20260811_181916_DECISION-20260811-049\P45_HANDOFF.md","P45_HANDOFF.md",".md","1008","2026-08-11T18:19:16.6083777+09:00","098f713d38222cbb0758b4e6d303db7f957310d6dda4fb178ca5026a96d260c3","KEEP_PROTECTED","1"
"E:\P45 프로젝트\00_P45_STATE\state-history\20260811_181916_DECISION-20260811-049\state-manifest.json","00_P45_STATE\state-history\20260811_181916_DECISION-20260811-049\state-manifest.json","state-manifest.json",".json","1094","2026-08-11T18:19:16.6573310+09:00","efd31f827189273b618e4b359cbc762fca85bc94fcf8f501a0bd80b483829aa8","KEEP_PROTECTED","1"
"E:\P45 프로젝트\00_P45_STATE\state-history\20260811_183851_DECISION-20260811-050\P45_CURRENT_STATE.json","00_P45_STATE\state-history\20260811_183851_DECISION-20260811-050\P45_CURRENT_STATE.json","P45_CURRENT_STATE.json",".json","21187","2026-08-11T18:38:51.2243738+09:00","c07e94b9ce853a58f3659b2b35d691bb6f2a71eed851fda5c50af74024724feb","KEEP_PROTECTED","1"
"E:\P45 프로젝트\00_P45_STATE\state-history\20260811_183851_DECISION-20260811-050\P45_CURRENT_STATE.md","00_P45_STATE\state-history\20260811_183851_DECISION-20260811-050\P45_CURRENT_STATE.md","P45_CURRENT_STATE.md",".md","5196","2026-08-11T18:38:51.2303676+09:00","cb9b1fd66679b98fd45e3404fa3e2e232de28e09d4a382835600f7503371c40c","KEEP_PROTECTED","1"
"E:\P45 프로젝트\00_P45_STATE\state-history\20260811_183851_DECISION-20260811-050\P45_HANDOFF.md","00_P45_STATE\state-history\20260811_183851_DECISION-20260811-050\P45_HANDOFF.md","P45_HANDOFF.md",".md","1029","2026-08-11T18:38:51.2323824+09:00","5c8be0d09e94aa7ea90e204d00786da08a2221ba23d37574c060d7e92029a47a","KEEP_PROTECTED","1"
"E:\P45 프로젝트\00_P45_STATE\state-history\20260811_183851_DECISION-20260811-050\state-manifest.json","00_P45_STATE\state-history\20260811_183851_DECISION-20260811-050\state-manifest.json","state-manifest.json",".json","1080","2026-08-11T18:38:51.2763419+09:00","90cd1ddc5a950bdb3686aec84d440dd9925b6e02ffc4c30745a434c3e2fb2f74","KEEP_PROTECTED","1"
"E:\P45 프로젝트\00_P45_STATE\state-history\20260811_184036_1.0.42\P45_CURRENT_STATE.json","00_P45_STATE\state-history\20260811_184036_1.0.42\P45_CURRENT_STATE.json","P45_CURRENT_STATE.json",".json","21187","2026-08-11T18:40:35.9649560+09:00","b680a7a4b0c4817a1a928e986c7ccfd13fc305066d8beb3e490cd4dd7229707e","KEEP_PROTECTED","1"
"E:\P45 프로젝트\00_P45_STATE\state-history\20260811_184036_1.0.42\P45_CURRENT_STATE.md","00_P45_STATE\state-history\20260811_184036_1.0.42\P45_CURRENT_STATE.md","P45_CURRENT_STATE.md",".md","5196","2026-08-11T18:40:35.9659553+09:00","7b792b5c3829f0408cfed11052852e7c01bdc527277cd36b0c476dcbaa917fe6","KEEP_PROTECTED","1"
"E:\P45 프로젝트\00_P45_STATE\state-history\20260811_184036_1.0.42\P45_HANDOFF.md","00_P45_STATE\state-history\20260811_184036_1.0.42\P45_HANDOFF.md","P45_HANDOFF.md",".md","1029","2026-08-11T18:40:35.9679539+09:00","12622880c6c9200a01e179c758467eb8cde59f2d59b111b3575e9cd03c528a66","KEEP_PROTECTED","1"
"E:\P45 프로젝트\00_P45_STATE\state-history\20260811_184036_1.0.42\state-manifest.json","00_P45_STATE\state-history\20260811_184036_1.0.42\state-manifest.json","state-manifest.json",".json","1065","2026-08-11T18:40:36.0305333+09:00","14e064bbbbda0cf0c3a1da0ed749a8708b795f1b7fcd61dd5a7c5aeebd8b358c","KEEP_PROTECTED","1"
"E:\P45 프로젝트\00_P45_STATE\state-history\20260812_103422_DECISION-20260812-051\P45_CURRENT_STATE.json","00_P45_STATE\state-history\20260812_103422_DECISION-20260812-051\P45_CURRENT_STATE.json","P45_CURRENT_STATE.json",".json","21609","2026-08-12T10:34:22.4748723+09:00","0258339ea850f08ba33f5db499ae456c60fa58eb999a5f1daec6d639c0a0f863","KEEP_PROTECTED","1"
"E:\P45 프로젝트\00_P45_STATE\state-history\20260812_103422_DECISION-20260812-051\P45_CURRENT_STATE.md","00_P45_STATE\state-history\20260812_103422_DECISION-20260812-051\P45_CURRENT_STATE.md","P45_CURRENT_STATE.md",".md","5169","2026-08-12T10:34:22.4838670+09:00","89259ab512e38b6015f94e9f06a158ed83361544188c4e5c5de654a08f682a02","KEEP_PROTECTED","1"
"E:\P45 프로젝트\00_P45_STATE\state-history\20260812_103422_DECISION-20260812-051\P45_HANDOFF.md","00_P45_STATE\state-history\20260812_103422_DECISION-20260812-051\P45_HANDOFF.md","P45_HANDOFF.md",".md","1002","2026-08-12T10:34:22.4868652+09:00","ee368eacac959fd8fd45ff6349ddc1fc8d3cf560cd4a11adcff0a3090d82b5c0","KEEP_PROTECTED","1"
"E:\P45 프로젝트\00_P45_STATE\state-history\20260812_103422_DECISION-20260812-051\state-manifest.json","00_P45_STATE\state-history\20260812_103422_DECISION-20260812-051\state-manifest.json","state-manifest.json",".json","1062","2026-08-12T10:34:22.6199355+09:00","4840a11f4c15814fff2102337e35b303a71ec014c94bff4e2e9faad4cd3b97d8","KEEP_PROTECTED","1"
"E:\P45 프로젝트\00_P45_STATE\state-history\20260812_112855_DECISION-20260812-052\P45_CURRENT_STATE.json","00_P45_STATE\state-history\20260812_112855_DECISION-20260812-052\P45_CURRENT_STATE.json","P45_CURRENT_STATE.json",".json","21688","2026-08-12T11:28:55.3628069+09:00","897f4b8fbba9acafa0f333cfac6392e0d3b3fa167a1e6efe55d2f267679f9fb1","KEEP_PROTECTED","1"
"E:\P45 프로젝트\00_P45_STATE\state-history\20260812_112855_DECISION-20260812-052\P45_CURRENT_STATE.md","00_P45_STATE\state-history\20260812_112855_DECISION-20260812-052\P45_CURRENT_STATE.md","P45_CURRENT_STATE.md",".md","5169","2026-08-12T11:28:55.3668137+09:00","4ebe5ffc8e660deb024aa497c1171c2de900be582589017ebbf80594a18a8164","KEEP_PROTECTED","1"
"E:\P45 프로젝트\00_P45_STATE\state-history\20260812_112855_DECISION-20260812-052\P45_HANDOFF.md","00_P45_STATE\state-history\20260812_112855_DECISION-20260812-052\P45_HANDOFF.md","P45_HANDOFF.md",".md","1002","2026-08-12T11:28:55.3698017+09:00","0f8e3a5ae6632337505bec06efce4023672d9440443869a43b8fe40fc37c0ff9","KEEP_PROTECTED","1"
"E:\P45 프로젝트\00_P45_STATE\state-history\20260812_112855_DECISION-20260812-052\state-manifest.json","00_P45_STATE\state-history\20260812_112855_DECISION-20260812-052\state-manifest.json","state-manifest.json",".json","1062","2026-08-12T11:28:55.5949654+09:00","1b65fee63873e2ad9d0f21849e5f0b5bb2f96661609f966a9eea7b1c30e92759","KEEP_PROTECTED","1"
"E:\P45 프로젝트\00_P45_STATE\state-history\20260812_115838_DECISION-20260812-053\P45_CURRENT_STATE.json","00_P45_STATE\state-history\20260812_115838_DECISION-20260812-053\P45_CURRENT_STATE.json","P45_CURRENT_STATE.json",".json","21857","2026-08-12T11:58:38.2815957+09:00","7cae46e633f9501082ea2b0f0f9ef0ded0188e2c19e13c715236ed193c124291","KEEP_PROTECTED","1"
"E:\P45 프로젝트\00_P45_STATE\state-history\20260812_115838_DECISION-20260812-053\P45_CURRENT_STATE.md","00_P45_STATE\state-history\20260812_115838_DECISION-20260812-053\P45_CURRENT_STATE.md","P45_CURRENT_STATE.md",".md","5180","2026-08-12T11:58:38.2825952+09:00","389307332e007a5b273a0bf861def148afa1d2bf7b71c8f1ea9d165f85787d3c","KEEP_PROTECTED","1"
"E:\P45 프로젝트\00_P45_STATE\state-history\20260812_115838_DECISION-20260812-053\P45_HANDOFF.md","00_P45_STATE\state-history\20260812_115838_DECISION-20260812-053\P45_HANDOFF.md","P45_HANDOFF.md",".md","1013","2026-08-12T11:58:38.2838976+09:00","37289302d11d622ddc0476054bec547e961af85dbc3ae407de7029a9961e399e","KEEP_PROTECTED","1"
"E:\P45 프로젝트\00_P45_STATE\state-history\20260812_115838_DECISION-20260812-053\state-manifest.json","00_P45_STATE\state-history\20260812_115838_DECISION-20260812-053\state-manifest.json","state-manifest.json",".json","1073","2026-08-12T11:58:38.4342813+09:00","a73dfb61979fa0c437e3a1f56efcafcf6fa500381f1d09a0f409ec3c361883f3","KEEP_PROTECTED","1"
"E:\P45 프로젝트\00_P45_STATE\state-history\20260812_120743_DECISION-20260812-054\P45_CURRENT_STATE.json","00_P45_STATE\state-history\20260812_120743_DECISION-20260812-054\P45_CURRENT_STATE.json","P45_CURRENT_STATE.json",".json","22237","2026-08-12T12:07:43.4547819+09:00","d2c1a3a576a18c42d6185fef863d8dcbb89ec935fde9269dc4effd34771a8704","KEEP_PROTECTED","1"
"E:\P45 프로젝트\00_P45_STATE\state-history\20260812_120743_DECISION-20260812-054\P45_CURRENT_STATE.md","00_P45_STATE\state-history\20260812_120743_DECISION-20260812-054\P45_CURRENT_STATE.md","P45_CURRENT_STATE.md",".md","5253","2026-08-12T12:07:43.4557805+09:00","e03fed88c33a84589f88ddb9e5fdf97a8fb6d7f000733d7732975813ec7cdd18","KEEP_PROTECTED","1"
"E:\P45 프로젝트\00_P45_STATE\state-history\20260812_120743_DECISION-20260812-054\P45_HANDOFF.md","00_P45_STATE\state-history\20260812_120743_DECISION-20260812-054\P45_HANDOFF.md","P45_HANDOFF.md",".md","1048","2026-08-12T12:07:43.4577790+09:00","a7f675dac3ae0c12ad3639083a58e2ca7a7959945a7a019490182bc2ccb0cf87","KEEP_PROTECTED","1"
"E:\P45 프로젝트\00_P45_STATE\state-history\20260812_120743_DECISION-20260812-054\state-manifest.json","00_P45_STATE\state-history\20260812_120743_DECISION-20260812-054\state-manifest.json","state-manifest.json",".json","1071","2026-08-12T12:07:43.5439282+09:00","e232deaf93ba44a8e025f9f369c003c3755f8ee5b3e8f1cf30a4e6fbbe7f84e2","KEEP_PROTECTED","1"
"E:\P45 프로젝트\00_P45_STATE\state-history\20260812_132822_DECISION-20260812-055\P45_CURRENT_STATE.json","00_P45_STATE\state-history\20260812_132822_DECISION-20260812-055\P45_CURRENT_STATE.json","P45_CURRENT_STATE.json",".json","23136","2026-08-12T13:28:22.2944818+09:00","48169598a62bfa6533ac7d8ca2eb4e0be9baeb65128e824155681f4dc28b7f59","KEEP_PROTECTED","1"
"E:\P45 프로젝트\00_P45_STATE\state-history\20260812_132822_DECISION-20260812-055\P45_CURRENT_STATE.md","00_P45_STATE\state-history\20260812_132822_DECISION-20260812-055\P45_CURRENT_STATE.md","P45_CURRENT_STATE.md",".md","5345","2026-08-12T13:28:22.2954830+09:00","78abd0f9f91710a9c8e5af58862fede473ecd43863218c0a0febc6ca560b583d","KEEP_PROTECTED","1"
"E:\P45 프로젝트\00_P45_STATE\state-history\20260812_132822_DECISION-20260812-055\P45_HANDOFF.md","00_P45_STATE\state-history\20260812_132822_DECISION-20260812-055\P45_HANDOFF.md","P45_HANDOFF.md",".md","1114","2026-08-12T13:28:22.2964816+09:00","2aee917641392d7636b4e008d748c54eb7f08687c96502d425491f3fa7a8b1bd","KEEP_PROTECTED","1"
"E:\P45 프로젝트\00_P45_STATE\state-history\20260812_132822_DECISION-20260812-055\state-manifest.json","00_P45_STATE\state-history\20260812_132822_DECISION-20260812-055\state-manifest.json","state-manifest.json",".json","1086","2026-08-12T13:28:22.3587732+09:00","93686001ca64ad83aa9ac6781ad90ebfac044c05ab1b6954abd46f3ed1f4ab32","KEEP_PROTECTED","1"
"E:\P45 프로젝트\00_P45_STATE\state-history\20260812_133934_DECISION-20260812-056\P45_CURRENT_STATE.json","00_P45_STATE\state-history\20260812_133934_DECISION-20260812-056\P45_CURRENT_STATE.json","P45_CURRENT_STATE.json",".json","23785","2026-08-12T13:39:34.9335883+09:00","943312c3e5b317d6a699869e623e287aa2c92105efd63d9681fdba39fff50f11","KEEP_PROTECTED","1"
"E:\P45 프로젝트\00_P45_STATE\state-history\20260812_133934_DECISION-20260812-056\P45_CURRENT_STATE.md","00_P45_STATE\state-history\20260812_133934_DECISION-20260812-056\P45_CURRENT_STATE.md","P45_CURRENT_STATE.md",".md","5345","2026-08-12T13:39:34.9492801+09:00","4f00bed793ed6959235b76cdae1c58284b19fd37d267ca065fee7908620acccf","KEEP_PROTECTED","1"
"E:\P45 프로젝트\00_P45_STATE\state-history\20260812_133934_DECISION-20260812-056\P45_HANDOFF.md","00_P45_STATE\state-history\20260812_133934_DECISION-20260812-056\P45_HANDOFF.md","P45_HANDOFF.md",".md","1106","2026-08-12T13:39:34.9502799+09:00","225ff1bc2766fca17da17b7447ca2694c6368745f18ab8941e8fbd521a59fdc8","KEEP_PROTECTED","1"
"E:\P45 프로젝트\00_P45_STATE\state-history\20260812_133934_DECISION-20260812-056\state-manifest.json","00_P45_STATE\state-history\20260812_133934_DECISION-20260812-056\state-manifest.json","state-manifest.json",".json","1082","2026-08-12T13:39:35.0006688+09:00","867b5d4df73fc45a6d42df6a5ac7317d61bf35b4895752ba03e44db4e35a8489","KEEP_PROTECTED","1"
"E:\P45 프로젝트\00_P45_STATE\state-history\20260812_134847_DECISION-20260812-057\P45_CURRENT_STATE.json","00_P45_STATE\state-history\20260812_134847_DECISION-20260812-057\P45_CURRENT_STATE.json","P45_CURRENT_STATE.json",".json","23749","2026-08-12T13:48:47.6001092+09:00","07648934e1e2500edc62a666f9b214904f159a5c92cb0a3ecfc21c61b3cfe9a0","KEEP_PROTECTED","1"
"E:\P45 프로젝트\00_P45_STATE\state-history\20260812_134847_DECISION-20260812-057\P45_CURRENT_STATE.md","00_P45_STATE\state-history\20260812_134847_DECISION-20260812-057\P45_CURRENT_STATE.md","P45_CURRENT_STATE.md",".md","5276","2026-08-12T13:48:47.6162302+09:00","fd3c7879727a7915f0017d32ffc8ff433358d8437efd9f95ea7a9386c93fc915","KEEP_PROTECTED","1"
"E:\P45 프로젝트\00_P45_STATE\state-history\20260812_134847_DECISION-20260812-057\P45_HANDOFF.md","00_P45_STATE\state-history\20260812_134847_DECISION-20260812-057\P45_HANDOFF.md","P45_HANDOFF.md",".md","1070","2026-08-12T13:48:47.6172623+09:00","fa47eddc7ea5004a0ed38ad4e895d8a80123d6e4280232a68800f1473682992a","KEEP_PROTECTED","1"
"E:\P45 프로젝트\00_P45_STATE\state-history\20260812_134847_DECISION-20260812-057\state-manifest.json","00_P45_STATE\state-history\20260812_134847_DECISION-20260812-057\state-manifest.json","state-manifest.json",".json","1079","2026-08-12T13:48:47.7228531+09:00","e4adf4ba0993f4afc372f125eec9fcdeb86a0089b674a0e021a25a17b8032730","KEEP_PROTECTED","1"
"E:\P45 프로젝트\00_P45_STATE\state-history\20260812_140247_DECISION-20260812-058\P45_CURRENT_STATE.json","00_P45_STATE\state-history\20260812_140247_DECISION-20260812-058\P45_CURRENT_STATE.json","P45_CURRENT_STATE.json",".json","23738","2026-08-12T14:02:47.5550920+09:00","107bedf768f0843b495157d6cf7aec2e34ca4460b1e91bb651c6de6d789a20b8","KEEP_PROTECTED","1"
"E:\P45 프로젝트\00_P45_STATE\state-history\20260812_140247_DECISION-20260812-058\P45_CURRENT_STATE.md","00_P45_STATE\state-history\20260812_140247_DECISION-20260812-058\P45_CURRENT_STATE.md","P45_CURRENT_STATE.md",".md","5260","2026-08-12T14:02:47.6131323+09:00","03f846ab4b014827894b699a4efa1265eccdd63e61c437854c859381be9b0895","KEEP_PROTECTED","1"
"E:\P45 프로젝트\00_P45_STATE\state-history\20260812_140247_DECISION-20260812-058\P45_HANDOFF.md","00_P45_STATE\state-history\20260812_140247_DECISION-20260812-058\P45_HANDOFF.md","P45_HANDOFF.md",".md","1059","2026-08-12T14:02:47.6161371+09:00","979560d08c3dc145643eea0c47c75e7ca04cf320f6782d583d7d62ad89dd1fea","KEEP_PROTECTED","1"
"E:\P45 프로젝트\00_P45_STATE\state-history\20260812_140247_DECISION-20260812-058\state-manifest.json","00_P45_STATE\state-history\20260812_140247_DECISION-20260812-058\state-manifest.json","state-manifest.json",".json","1076","2026-08-12T14:02:47.7001034+09:00","e8d4ea3ecd99b5cd7dcfee791a314d3b83dc044ff353dca9ac93f81c482190e0","KEEP_PROTECTED","1"
"E:\P45 프로젝트\00_P45_STATE\state-history\20260812_151513_DECISION-20260812-059\P45_CURRENT_STATE.json","00_P45_STATE\state-history\20260812_151513_DECISION-20260812-059\P45_CURRENT_STATE.json","P45_CURRENT_STATE.json",".json","23739","2026-08-12T15:15:13.2046954+09:00","30bb42d764ab3bc5668d70b55c9957dd695c5b4c5a38708d129f846d826053d4","KEEP_PROTECTED","1"
"E:\P45 프로젝트\00_P45_STATE\state-history\20260812_151513_DECISION-20260812-059\P45_CURRENT_STATE.md","00_P45_STATE\state-history\20260812_151513_DECISION-20260812-059\P45_CURRENT_STATE.md","P45_CURRENT_STATE.md",".md","5272","2026-08-12T15:15:13.2271766+09:00","603df319cfb8565917890640725a84de7c71dd80b22bec6651f0be8d4623e69a","KEEP_PROTECTED","1"
"E:\P45 프로젝트\00_P45_STATE\state-history\20260812_151513_DECISION-20260812-059\P45_HANDOFF.md","00_P45_STATE\state-history\20260812_151513_DECISION-20260812-059\P45_HANDOFF.md","P45_HANDOFF.md",".md","1060","2026-08-12T15:15:13.2818935+09:00","8693cdf6e92792201b78cc4bbe6b097b770e3fd7abc2a3c2ff4f1179cfd065fe","KEEP_PROTECTED","1"
"E:\P45 프로젝트\00_P45_STATE\state-history\20260812_151513_DECISION-20260812-059\state-manifest.json","00_P45_STATE\state-history\20260812_151513_DECISION-20260812-059\state-manifest.json","state-manifest.json",".json","1066","2026-08-12T15:15:13.6369972+09:00","6a4850aace6b34981870d8bae8fc72728b89baaf3225621b03a0d73b57d595db","KEEP_PROTECTED","1"
"E:\P45 프로젝트\00_P45_STATE\state-history\20260814_150700_DECISION-20260814-060\P45_CURRENT_STATE.json","00_P45_STATE\state-history\20260814_150700_DECISION-20260814-060\P45_CURRENT_STATE.json","P45_CURRENT_STATE.json",".json","25100","2026-08-14T15:07:00.1625929+09:00","41459a7a22f709f4a9409f1f6ece2abe1076d552119f39be489b53796756c876","KEEP_PROTECTED","1"
"E:\P45 프로젝트\00_P45_STATE\state-history\20260814_150700_DECISION-20260814-060\P45_CURRENT_STATE.md","00_P45_STATE\state-history\20260814_150700_DECISION-20260814-060\P45_CURRENT_STATE.md","P45_CURRENT_STATE.md",".md","5103","2026-08-14T15:07:00.1635942+09:00","d990afa1ad0943a9b25fa1b25d9c815b8f9330d108b31bc09f8e4ddca2d6f500","KEEP_PROTECTED","1"
"E:\P45 프로젝트\00_P45_STATE\state-history\20260814_150700_DECISION-20260814-060\P45_HANDOFF.md","00_P45_STATE\state-history\20260814_150700_DECISION-20260814-060\P45_HANDOFF.md","P45_HANDOFF.md",".md","987","2026-08-14T15:07:00.1646004+09:00","16327abd6c323033d8c604b3f28eb0b0abaef2e5a4ca10c63d9dc6bc9ce230ef","KEEP_PROTECTED","1"
"E:\P45 프로젝트\00_P45_STATE\state-history\20260814_150700_DECISION-20260814-060\state-manifest.json","00_P45_STATE\state-history\20260814_150700_DECISION-20260814-060\state-manifest.json","state-manifest.json",".json","1089","2026-08-14T15:07:00.3418832+09:00","765032e846c19fd72d06fa2fac00ebcef9d89b98df46dab6914e740daba48eb3","KEEP_PROTECTED","1"
"E:\P45 프로젝트\00_P45_STATE\state-history\20260816_132539_DECISION-20260816-061\P45_CURRENT_STATE.json","00_P45_STATE\state-history\20260816_132539_DECISION-20260816-061\P45_CURRENT_STATE.json","P45_CURRENT_STATE.json",".json","25467","2026-08-16T13:25:38.9901565+09:00","b9e4ac074169b6e467eb6765f5e173488eb0bc305c165a855a742a7c3f8f7da2","KEEP_PROTECTED","1"
"E:\P45 프로젝트\00_P45_STATE\state-history\20260816_132539_DECISION-20260816-061\P45_CURRENT_STATE.md","00_P45_STATE\state-history\20260816_132539_DECISION-20260816-061\P45_CURRENT_STATE.md","P45_CURRENT_STATE.md",".md","5062","2026-08-16T13:25:39.0091886+09:00","0a42c32bb67f70954d38ea501509ea4c63d583f1247d14288a6d454eee1308b7","KEEP_PROTECTED","1"
"E:\P45 프로젝트\00_P45_STATE\state-history\20260816_132539_DECISION-20260816-061\P45_HANDOFF.md","00_P45_STATE\state-history\20260816_132539_DECISION-20260816-061\P45_HANDOFF.md","P45_HANDOFF.md",".md","955","2026-08-16T13:25:39.0102007+09:00","b9d5f8e75c0d1693fd05805df3260f6b3e15b0a956933d60e9ac6ab2a0582e1e","KEEP_PROTECTED","1"
"E:\P45 프로젝트\00_P45_STATE\state-history\20260816_132539_DECISION-20260816-061\state-manifest.json","00_P45_STATE\state-history\20260816_132539_DECISION-20260816-061\state-manifest.json","state-manifest.json",".json","1066","2026-08-16T13:25:39.1664515+09:00","5bfb0d7a592fa090ee0e980926391aa007fce8455ba722f35a628f0746ba9833","KEEP_PROTECTED","1"
"E:\P45 프로젝트\00_P45_STATE\state-history\20260816_150310_DECISION-20260816-062\P45_CURRENT_STATE.json","00_P45_STATE\state-history\20260816_150310_DECISION-20260816-062\P45_CURRENT_STATE.json","P45_CURRENT_STATE.json",".json","26455","2026-08-16T15:03:10.3110876+09:00","988d5e51c3329cd1edec13a59c412da6829270cf70f455061aea5f38e18630fc","KEEP_PROTECTED","1"
"E:\P45 프로젝트\00_P45_STATE\state-history\20260816_150310_DECISION-20260816-062\P45_CURRENT_STATE.md","00_P45_STATE\state-history\20260816_150310_DECISION-20260816-062\P45_CURRENT_STATE.md","P45_CURRENT_STATE.md",".md","5218","2026-08-16T15:03:10.3120875+09:00","2e4b2007ede009a88f56f898550b2bdf80cb3e7aa8ab1711ea620c55007fea2c","KEEP_PROTECTED","1"
"E:\P45 프로젝트\00_P45_STATE\state-history\20260816_150310_DECISION-20260816-062\P45_HANDOFF.md","00_P45_STATE\state-history\20260816_150310_DECISION-20260816-062\P45_HANDOFF.md","P45_HANDOFF.md",".md","1061","2026-08-16T15:03:10.3160863+09:00","28f4dd159941c5a6a5c5b48ca215be09c62a0d7e55857bef54c72a3c1038a654","KEEP_PROTECTED","1"
"E:\P45 프로젝트\00_P45_STATE\state-history\20260816_150310_DECISION-20260816-062\state-manifest.json","00_P45_STATE\state-history\20260816_150310_DECISION-20260816-062\state-manifest.json","state-manifest.json",".json","1090","2026-08-16T15:03:10.3747416+09:00","074e306bbb72e4c66ccec68d66f2337b264835d2784c059379cc288e8a3aa226","KEEP_PROTECTED","1"
"E:\P45 프로젝트\00_P45_STATE\state-history\20260816_150943_DECISION-20260816-063\P45_CURRENT_STATE.json","00_P45_STATE\state-history\20260816_150943_DECISION-20260816-063\P45_CURRENT_STATE.json","P45_CURRENT_STATE.json",".json","27396","2026-08-16T15:09:43.5632402+09:00","f0de5a28b67a060a0c383572b795e14f396dd43dcbe7443693f7bed96f2e6995","KEEP_PROTECTED","1"
"E:\P45 프로젝트\00_P45_STATE\state-history\20260816_150943_DECISION-20260816-063\P45_CURRENT_STATE.md","00_P45_STATE\state-history\20260816_150943_DECISION-20260816-063\P45_CURRENT_STATE.md","P45_CURRENT_STATE.md",".md","5270","2026-08-16T15:09:43.5642398+09:00","3434231462015c851a2c8a840b988b716d8adad6d24fa1751484419aefca2d7b","KEEP_PROTECTED","1"
"E:\P45 프로젝트\00_P45_STATE\state-history\20260816_150943_DECISION-20260816-063\P45_HANDOFF.md","00_P45_STATE\state-history\20260816_150943_DECISION-20260816-063\P45_HANDOFF.md","P45_HANDOFF.md",".md","1069","2026-08-16T15:09:43.5652391+09:00","3c11c473f1a558a39cbc79d9d9dfd1e720265687ee3ccbfdac686486006bcd26","KEEP_PROTECTED","1"
"E:\P45 프로젝트\00_P45_STATE\state-history\20260816_150943_DECISION-20260816-063\state-manifest.json","00_P45_STATE\state-history\20260816_150943_DECISION-20260816-063\state-manifest.json","state-manifest.json",".json","1085","2026-08-16T15:09:43.6032168+09:00","8612d7a528b6d85600424a8ace56b64a0f4e33e619f3dae04e00b7e4b31ffe77","KEEP_PROTECTED","1"
"E:\P45 프로젝트\00_P45_STATE\state-history\20260816_151615_DECISION-20260816-064\P45_CURRENT_STATE.json","00_P45_STATE\state-history\20260816_151615_DECISION-20260816-064\P45_CURRENT_STATE.json","P45_CURRENT_STATE.json",".json","28003","2026-08-16T15:16:15.0960176+09:00","6ff07ed8c3af6852bdad881aefb6a32a74ccb48ccc1da69c74b3d15b34164e7f","KEEP_PROTECTED","1"
"E:\P45 프로젝트\00_P45_STATE\state-history\20260816_151615_DECISION-20260816-064\P45_CURRENT_STATE.md","00_P45_STATE\state-history\20260816_151615_DECISION-20260816-064\P45_CURRENT_STATE.md","P45_CURRENT_STATE.md",".md","5270","2026-08-16T15:16:15.0980106+09:00","a329901140ba14fede95f1df32a964e5e7c2751c9d656393487346292e82b9a3","KEEP_PROTECTED","1"
"E:\P45 프로젝트\00_P45_STATE\state-history\20260816_151615_DECISION-20260816-064\P45_HANDOFF.md","00_P45_STATE\state-history\20260816_151615_DECISION-20260816-064\P45_HANDOFF.md","P45_HANDOFF.md",".md","1069","2026-08-16T15:16:15.1000220+09:00","e1acf3b273c961c2aa86344d821b580b1a04d73f3356da0d21ddd2660d4f0f27","KEEP_PROTECTED","1"
"E:\P45 프로젝트\00_P45_STATE\state-history\20260816_151615_DECISION-20260816-064\state-manifest.json","00_P45_STATE\state-history\20260816_151615_DECISION-20260816-064\state-manifest.json","state-manifest.json",".json","1085","2026-08-16T15:16:15.1407983+09:00","f35ee4398a76d31122f977d8ac33d34e036bf94607466b3bda31cf0604154b1c","KEEP_PROTECTED","1"
"E:\P45 프로젝트\00_P45_STATE\state-history\20260816_153255_DECISION-20260816-065\P45_CURRENT_STATE.json","00_P45_STATE\state-history\20260816_153255_DECISION-20260816-065\P45_CURRENT_STATE.json","P45_CURRENT_STATE.json",".json","28685","2026-08-16T15:32:55.5944274+09:00","ad8e4dfc02c65f5b5953be2ec4127089fdb174e946ed262197b469f457f572f4","KEEP_PROTECTED","1"
"E:\P45 프로젝트\00_P45_STATE\state-history\20260816_153255_DECISION-20260816-065\P45_CURRENT_STATE.md","00_P45_STATE\state-history\20260816_153255_DECISION-20260816-065\P45_CURRENT_STATE.md","P45_CURRENT_STATE.md",".md","5270","2026-08-16T15:32:55.6154165+09:00","a56d4ca5e2bb3210d97263ca9b9480d03d826f11011cf30a713763a2a13bf9d0","KEEP_PROTECTED","1"
"E:\P45 프로젝트\00_P45_STATE\state-history\20260816_153255_DECISION-20260816-065\P45_HANDOFF.md","00_P45_STATE\state-history\20260816_153255_DECISION-20260816-065\P45_HANDOFF.md","P45_HANDOFF.md",".md","1069","2026-08-16T15:32:55.6174152+09:00","52b2ae3d2c82434496f0728343604c160124552e8c8bbb9cbd6c1a9e910e9388","KEEP_PROTECTED","1"
"E:\P45 프로젝트\00_P45_STATE\state-history\20260816_153255_DECISION-20260816-065\state-manifest.json","00_P45_STATE\state-history\20260816_153255_DECISION-20260816-065\state-manifest.json","state-manifest.json",".json","1085","2026-08-16T15:32:55.6783789+09:00","a3d23cb7883ffc2b75c847d346cb51928e3f198aabaacd70702de6f82c959da8","KEEP_PROTECTED","1"
"E:\P45 프로젝트\00_P45_STATE\state-history\20260816_153849_DECISION-20260816-066\P45_CURRENT_STATE.json","00_P45_STATE\state-history\20260816_153849_DECISION-20260816-066\P45_CURRENT_STATE.json","P45_CURRENT_STATE.json",".json","28995","2026-08-16T15:38:49.4904272+09:00","7a23bfd3dec07e0ff0b775a85d36efd8b3359e351fe68966a128513e7a045254","KEEP_PROTECTED","1"
"E:\P45 프로젝트\00_P45_STATE\state-history\20260816_153849_DECISION-20260816-066\P45_CURRENT_STATE.md","00_P45_STATE\state-history\20260816_153849_DECISION-20260816-066\P45_CURRENT_STATE.md","P45_CURRENT_STATE.md",".md","5270","2026-08-16T15:38:49.4914268+09:00","393bd399f4f1bfb58bd84305b1cc28c1c55a50a29cb90e2365c9b97ebc15c3b3","KEEP_PROTECTED","1"
"E:\P45 프로젝트\00_P45_STATE\state-history\20260816_153849_DECISION-20260816-066\P45_HANDOFF.md","00_P45_STATE\state-history\20260816_153849_DECISION-20260816-066\P45_HANDOFF.md","P45_HANDOFF.md",".md","1069","2026-08-16T15:38:49.5026497+09:00","98618d69a9146e3dccc42a0a385cc77739a2676b525cd3d1e44b42c0efae0273","KEEP_PROTECTED","1"
"E:\P45 프로젝트\00_P45_STATE\state-history\20260816_153849_DECISION-20260816-066\state-manifest.json","00_P45_STATE\state-history\20260816_153849_DECISION-20260816-066\state-manifest.json","state-manifest.json",".json","1085","2026-08-16T15:38:49.5640132+09:00","e1e211b7fcb84b26b64db6e5edbbaf80b86ad64c9e390dc4c329975a86b6a66d","KEEP_PROTECTED","1"
"E:\P45 프로젝트\00_P45_STATE\state-history\20260816_155423_DECISION-20260816-067\P45_CURRENT_STATE.json","00_P45_STATE\state-history\20260816_155423_DECISION-20260816-067\P45_CURRENT_STATE.json","P45_CURRENT_STATE.json",".json","29791","2026-08-16T15:54:22.9558979+09:00","11b4bcbb8e70ec2934e16262ea730d9c53813a1bf9c508db860c3b0013f687c4","KEEP_PROTECTED","1"
"E:\P45 프로젝트\00_P45_STATE\state-history\20260816_155423_DECISION-20260816-067\P45_CURRENT_STATE.md","00_P45_STATE\state-history\20260816_155423_DECISION-20260816-067\P45_CURRENT_STATE.md","P45_CURRENT_STATE.md",".md","5200","2026-08-16T15:54:22.9568965+09:00","3414d6bfe34d2f9c87b97cbed423720bc9261b158e7c1e49ccc2000a01db0c39","KEEP_PROTECTED","1"
"E:\P45 프로젝트\00_P45_STATE\state-history\20260816_155423_DECISION-20260816-067\P45_HANDOFF.md","00_P45_STATE\state-history\20260816_155423_DECISION-20260816-067\P45_HANDOFF.md","P45_HANDOFF.md",".md","1039","2026-08-16T15:54:22.9768850+09:00","53ff8dfca0fbc1fee57cb9e3bc3fba2a2d8d700dba6d43e88398421bb3a56bed","KEEP_PROTECTED","1"
"E:\P45 프로젝트\00_P45_STATE\state-history\20260816_155423_DECISION-20260816-067\state-manifest.json","00_P45_STATE\state-history\20260816_155423_DECISION-20260816-067\state-manifest.json","state-manifest.json",".json","1083","2026-08-16T15:54:23.1028131+09:00","ce6e3b38718b87acd19f9dca610250267036e4e0622185853f2fd99b2bbbecea","KEEP_PROTECTED","1"
"E:\P45 프로젝트\00_P45_STATE\state-history\20260816_163623_DECISION-20260816-068\P45_CURRENT_STATE.json","00_P45_STATE\state-history\20260816_163623_DECISION-20260816-068\P45_CURRENT_STATE.json","P45_CURRENT_STATE.json",".json","30748","2026-08-16T16:36:23.6149142+09:00","a3ee66e898e59a64f374e3b84c05ef56589f1bab23a8bd07724acfc865fd6a08","KEEP_PROTECTED","1"
"E:\P45 프로젝트\00_P45_STATE\state-history\20260816_163623_DECISION-20260816-068\P45_CURRENT_STATE.md","00_P45_STATE\state-history\20260816_163623_DECISION-20260816-068\P45_CURRENT_STATE.md","P45_CURRENT_STATE.md",".md","5182","2026-08-16T16:36:23.6159136+09:00","cdc5a2a96411eada7cacac7ecb25c7376ff18f556a30fc112dd870601bfdb9ff","KEEP_PROTECTED","1"
"E:\P45 프로젝트\00_P45_STATE\state-history\20260816_163623_DECISION-20260816-068\P45_HANDOFF.md","00_P45_STATE\state-history\20260816_163623_DECISION-20260816-068\P45_HANDOFF.md","P45_HANDOFF.md",".md","1030","2026-08-16T16:36:23.6179118+09:00","989f7dab1eb946c593a73e509fd323ec906621c54349a5e176e54c42f5dda458","KEEP_PROTECTED","1"
"E:\P45 프로젝트\00_P45_STATE\state-history\20260816_163623_DECISION-20260816-068\state-manifest.json","00_P45_STATE\state-history\20260816_163623_DECISION-20260816-068\state-manifest.json","state-manifest.json",".json","1083","2026-08-16T16:36:23.6597836+09:00","4529e5af8364af569b25ee5e71c0b55e6a3c5b8f4a92e503ad1b760968a90fa9","KEEP_PROTECTED","1"
"E:\P45 프로젝트\00_P45_STATE\state-history\20260816_173623_DECISION-20260816-069\P45_CURRENT_STATE.json","00_P45_STATE\state-history\20260816_173623_DECISION-20260816-069\P45_CURRENT_STATE.json","P45_CURRENT_STATE.json",".json","32947","2026-08-16T17:36:22.9079283+09:00","1014b55110b9d5ff3e1a3ed33edea8a8589d3307acf713588a880b2175b4d5c2","KEEP_PROTECTED","1"
"E:\P45 프로젝트\00_P45_STATE\state-history\20260816_173623_DECISION-20260816-069\P45_CURRENT_STATE.md","00_P45_STATE\state-history\20260816_173623_DECISION-20260816-069\P45_CURRENT_STATE.md","P45_CURRENT_STATE.md",".md","5168","2026-08-16T17:36:22.9219224+09:00","ffb412cee06900515039cd8dec9618af9d804159aa4430167e61764eeaf2635c","KEEP_PROTECTED","1"
"E:\P45 프로젝트\00_P45_STATE\state-history\20260816_173623_DECISION-20260816-069\P45_HANDOFF.md","00_P45_STATE\state-history\20260816_173623_DECISION-20260816-069\P45_HANDOFF.md","P45_HANDOFF.md",".md","1023","2026-08-16T17:36:22.9229198+09:00","feb2b2096d45ba2a9bcdb80929ff11e124a42b0fa3a0ec17a8b4b2ddc430ab5f","KEEP_PROTECTED","1"
"E:\P45 프로젝트\00_P45_STATE\state-history\20260816_173623_DECISION-20260816-069\state-manifest.json","00_P45_STATE\state-history\20260816_173623_DECISION-20260816-069\state-manifest.json","state-manifest.json",".json","1083","2026-08-16T17:36:23.0738340+09:00","1f7f5f51b5ae77d33a73093b2fc1f5486dace65716fb1db1f0bac1e6bcacd15f","KEEP_PROTECTED","1"
"E:\P45 프로젝트\00_P45_STATE\state-history\20260816_173759_1.0.62\P45_CURRENT_STATE.json","00_P45_STATE\state-history\20260816_173759_1.0.62\P45_CURRENT_STATE.json","P45_CURRENT_STATE.json",".json","32949","2026-08-16T17:37:59.1807546+09:00","dd33a25c1dc21698d778e7839c6db838a049d67dffae0b4993e8677887d52381","KEEP_PROTECTED","1"
"E:\P45 프로젝트\00_P45_STATE\state-history\20260816_173759_1.0.62\P45_CURRENT_STATE.md","00_P45_STATE\state-history\20260816_173759_1.0.62\P45_CURRENT_STATE.md","P45_CURRENT_STATE.md",".md","5170","2026-08-16T17:37:59.1817545+09:00","f538859fea5d13dd2e6feb89cac109d832d795a5b051f40faa063a9b7fa0422d","KEEP_PROTECTED","1"
"E:\P45 프로젝트\00_P45_STATE\state-history\20260816_173759_1.0.62\P45_HANDOFF.md","00_P45_STATE\state-history\20260816_173759_1.0.62\P45_HANDOFF.md","P45_HANDOFF.md",".md","1030","2026-08-16T17:37:59.1985354+09:00","9789d0246db218c0e22e5138792a263d1a4ffdb0d5506837cfa66f85b5d5bd43","KEEP_PROTECTED","1"
"E:\P45 프로젝트\00_P45_STATE\state-history\20260816_173759_1.0.62\state-manifest.json","00_P45_STATE\state-history\20260816_173759_1.0.62\state-manifest.json","state-manifest.json",".json","1070","2026-08-16T17:37:59.2337855+09:00","cb161fae29bbf0c2ba76964dc525d1677bad5b6812bf7c22b0e407dd1c24ddbe","KEEP_PROTECTED","1"
"E:\P45 프로젝트\00_P45_STATE\state-history\20260816_195158_DECISION-20260816-070\P45_CURRENT_STATE.json","00_P45_STATE\state-history\20260816_195158_DECISION-20260816-070\P45_CURRENT_STATE.json","P45_CURRENT_STATE.json",".json","33608","2026-08-16T19:51:58.6276512+09:00","6ec06ce5031609b58bd273082958127d46b5007794f72baaecc77bcbc828d6f3","KEEP_PROTECTED","1"
"E:\P45 프로젝트\00_P45_STATE\state-history\20260816_195158_DECISION-20260816-070\P45_CURRENT_STATE.md","00_P45_STATE\state-history\20260816_195158_DECISION-20260816-070\P45_CURRENT_STATE.md","P45_CURRENT_STATE.md",".md","5215","2026-08-16T19:51:58.6286505+09:00","6faa8ee526214d9af492ba273762c7e3e1da500b0e0f9dd5af050912778c9fd6","KEEP_PROTECTED","1"
"E:\P45 프로젝트\00_P45_STATE\state-history\20260816_195158_DECISION-20260816-070\P45_HANDOFF.md","00_P45_STATE\state-history\20260816_195158_DECISION-20260816-070\P45_HANDOFF.md","P45_HANDOFF.md",".md","1033","2026-08-16T19:51:58.6326500+09:00","61da54204140c347dcb0469c77b9fc44d8f3919ef490077d995edb4497b45d4c","KEEP_PROTECTED","1"
"E:\P45 프로젝트\00_P45_STATE\state-history\20260816_195158_DECISION-20260816-070\state-manifest.json","00_P45_STATE\state-history\20260816_195158_DECISION-20260816-070\state-manifest.json","state-manifest.json",".json","1087","2026-08-16T19:51:58.6896322+09:00","8224d0214bc0d8041ce469a0d819c2113a22d7d0d25e22ea65b074daacd99b9e","KEEP_PROTECTED","1"
"E:\P45 프로젝트\00_P45_STATE\state-history\20260816_202304_DECISION-20260816-071\P45_CURRENT_STATE.json","00_P45_STATE\state-history\20260816_202304_DECISION-20260816-071\P45_CURRENT_STATE.json","P45_CURRENT_STATE.json",".json","35006","2026-08-16T20:23:03.9359190+09:00","30abcfbcd87fb8c4184eea05906bcd197fcc0f8632b7e691ebe98c49b8ef98a1","KEEP_PROTECTED","1"
"E:\P45 프로젝트\00_P45_STATE\state-history\20260816_202304_DECISION-20260816-071\P45_CURRENT_STATE.md","00_P45_STATE\state-history\20260816_202304_DECISION-20260816-071\P45_CURRENT_STATE.md","P45_CURRENT_STATE.md",".md","5183","2026-08-16T20:23:03.9369182+09:00","6234108a0ad967c3022b7f04b2cfe1f2dc00d407579f997aa826410c22374d62","KEEP_PROTECTED","1"
"E:\P45 프로젝트\00_P45_STATE\state-history\20260816_202304_DECISION-20260816-071\P45_HANDOFF.md","00_P45_STATE\state-history\20260816_202304_DECISION-20260816-071\P45_HANDOFF.md","P45_HANDOFF.md",".md","1051","2026-08-16T20:23:03.9389181+09:00","3064cc3fb47f0205f040f6d15ca4fe1740190b1d25dad744e010ca1ff0079699","KEEP_PROTECTED","1"
"E:\P45 프로젝트\00_P45_STATE\state-history\20260816_202304_DECISION-20260816-071\state-manifest.json","00_P45_STATE\state-history\20260816_202304_DECISION-20260816-071\state-manifest.json","state-manifest.json",".json","1100","2026-08-16T20:23:04.0138749+09:00","7fdff76975b8e5dd9c564768fce4c34cc317e00e3c1b2ab719b84db6f2120c8b","KEEP_PROTECTED","1"
"E:\P45 프로젝트\00_P45_STATE\state-history\20260816_203801_DECISION-20260816-072\P45_CURRENT_STATE.json","00_P45_STATE\state-history\20260816_203801_DECISION-20260816-072\P45_CURRENT_STATE.json","P45_CURRENT_STATE.json",".json","36471","2026-08-16T20:38:01.8526552+09:00","e22d13aae35ff2b5faf4e0859f575b314ba35f4412da06101e6e0ff803060ead","KEEP_PROTECTED","1"
"E:\P45 프로젝트\00_P45_STATE\state-history\20260816_203801_DECISION-20260816-072\P45_CURRENT_STATE.md","00_P45_STATE\state-history\20260816_203801_DECISION-20260816-072\P45_CURRENT_STATE.md","P45_CURRENT_STATE.md",".md","5238","2026-08-16T20:38:01.8526552+09:00","1f3b9e33a2b1a2830b30d31289bd1d307b88036e22c555f50c794c4486b70668","KEEP_PROTECTED","1"
"E:\P45 프로젝트\00_P45_STATE\state-history\20260816_203801_DECISION-20260816-072\P45_HANDOFF.md","00_P45_STATE\state-history\20260816_203801_DECISION-20260816-072\P45_HANDOFF.md","P45_HANDOFF.md",".md","1074","2026-08-16T20:38:01.8544349+09:00","217c9fe838be07c86582654fe67541dba3d0c8952c5e632b511f89aa780d92e6","KEEP_PROTECTED","1"
"E:\P45 프로젝트\00_P45_STATE\state-history\20260816_203801_DECISION-20260816-072\state-manifest.json","00_P45_STATE\state-history\20260816_203801_DECISION-20260816-072\state-manifest.json","state-manifest.json",".json","1109","2026-08-16T20:38:01.9132030+09:00","1da075b41b6d3507e73f0b4272bd1d06f7a4994e549744c76f6cf6e9de089679","KEEP_PROTECTED","1"
"E:\P45 프로젝트\00_P45_STATE\state-history\20260816_205734_DECISION-20260816-073\P45_CURRENT_STATE.json","00_P45_STATE\state-history\20260816_205734_DECISION-20260816-073\P45_CURRENT_STATE.json","P45_CURRENT_STATE.json",".json","38042","2026-08-16T20:57:34.4693071+09:00","342158fdef8986f7438bcf94aba535efa3ebb427b514e0d9a50278e600c23a9d","KEEP_PROTECTED","3"
"E:\P45 프로젝트\00_P45_STATE\state-history\20260816_205734_DECISION-20260816-073\P45_CURRENT_STATE.md","00_P45_STATE\state-history\20260816_205734_DECISION-20260816-073\P45_CURRENT_STATE.md","P45_CURRENT_STATE.md",".md","5169","2026-08-16T20:57:34.4882971+09:00","6a56bbdc7f255b810c61b424a9e9d6955373471fcd26d82b1f7473a85e5c5388","KEEP_PROTECTED","3"
"E:\P45 프로젝트\00_P45_STATE\state-history\20260816_205734_DECISION-20260816-073\P45_HANDOFF.md","00_P45_STATE\state-history\20260816_205734_DECISION-20260816-073\P45_HANDOFF.md","P45_HANDOFF.md",".md","1040","2026-08-16T20:57:34.4892965+09:00","135266f50440b7c28592f58b0473da4e447ffa25086f6eb423724346923e58c8","KEEP_PROTECTED","3"
"E:\P45 프로젝트\00_P45_STATE\state-history\20260816_205734_DECISION-20260816-073\state-manifest.json","00_P45_STATE\state-history\20260816_205734_DECISION-20260816-073\state-manifest.json","state-manifest.json",".json","1095","2026-08-16T20:57:34.5352702+09:00","22cec9fd4ad0bd9c8395da32e2683550be5444e049b65527b3b8284e736d1504","KEEP_PROTECTED","1"
"E:\P45 프로젝트\00_P45_STATE\tests\test_p45_capture.py","00_P45_STATE\tests\test_p45_capture.py","test_p45_capture.py",".py","7994","2026-08-10T13:33:08.2023711+09:00","6df3dabc2dc9707cdbfbe0a45014b849f8dae0220324b86dede9656aa6070722","KEEP_PROTECTED","1"
"E:\P45 프로젝트\00_P45_STATE\tests\test_p45_chronology.py","00_P45_STATE\tests\test_p45_chronology.py","test_p45_chronology.py",".py","5872","2026-08-10T14:28:59.7715059+09:00","25488e7546dcd35d61bc1b6379df2451be90b85d380069d936d100165db19463","KEEP_PROTECTED","1"
"E:\P45 프로젝트\00_P45_STATE\tests\test_p45_handoff.py","00_P45_STATE\tests\test_p45_handoff.py","test_p45_handoff.py",".py","8093","2026-08-10T13:56:48.9464906+09:00","4b3096fe0be01fc7a6b2cf297a7130a467acecdd9df8c7f3d9c82575711f0e6a","KEEP_PROTECTED","1"
"E:\P45 프로젝트\00_P45_STATE\tests\test_p45_state_manager.py","00_P45_STATE\tests\test_p45_state_manager.py","test_p45_state_manager.py",".py","7953","2026-08-10T13:21:59.8158267+09:00","3d3d02d1308b78c715d805de8da95797db1ff71ee6d1a975e0c193105df81e66","KEEP_PROTECTED","1"
"E:\P45 프로젝트\00_P45_STATE\tests\__pycache__\test_p45_capture.cpython-312.pyc","00_P45_STATE\tests\__pycache__\test_p45_capture.cpython-312.pyc","test_p45_capture.cpython-312.pyc",".pyc","22023","2026-08-10T14:27:14.3225678+09:00","c1e56be9b71d0254aeacd8ac75f3a70c47805316267a2e9436a8d83c8ab059e4","TEMP_CANDIDATE","1"
"E:\P45 프로젝트\00_P45_STATE\tests\__pycache__\test_p45_chronology.cpython-312.pyc","00_P45_STATE\tests\__pycache__\test_p45_chronology.cpython-312.pyc","test_p45_chronology.cpython-312.pyc",".pyc","11947","2026-08-10T14:29:18.0698807+09:00","4f381984489e53eebf8cc78f9a180d1a1477734b917b4951b471863939b7eba6","TEMP_CANDIDATE","1"
"E:\P45 프로젝트\00_P45_STATE\tests\__pycache__\test_p45_handoff.cpython-312.pyc","00_P45_STATE\tests\__pycache__\test_p45_handoff.cpython-312.pyc","test_p45_handoff.cpython-312.pyc",".pyc","25025","2026-08-10T14:27:14.4215020+09:00","97b3df34f9c0ff4dbbf9c1a0aab9e8b45ffd0d15cbf411121ddd67ca1db4d4ea","TEMP_CANDIDATE","1"
"E:\P45 프로젝트\00_P45_STATE\tests\__pycache__\test_p45_state_manager.cpython-312.pyc","00_P45_STATE\tests\__pycache__\test_p45_state_manager.cpython-312.pyc","test_p45_state_manager.cpython-312.pyc",".pyc","23365","2026-08-10T14:27:14.4505017+09:00","b9ae30c784e90f80f2707bec5b18521da2bee4c9152983b4b1f3bcd0024f9d8f","TEMP_CANDIDATE","1"
"E:\P45 프로젝트\00_P45_STATE\tools\p45_handoff.py","00_P45_STATE\tools\p45_handoff.py","p45_handoff.py",".py","10851","2026-08-11T18:18:04.8132779+09:00","052b9e5fd37576b887a6284c5e5dc697630f7887e1ff4f4407818c83217c24de","KEEP_PROTECTED","1"
"E:\P45 프로젝트\00_P45_STATE\tools\p45_state_manager.py","00_P45_STATE\tools\p45_state_manager.py","p45_state_manager.py",".py","41608","2026-08-11T18:18:01.2230207+09:00","af9c997d241d46d7ba119ef19fa518a65d61ed014dfa99ed1b154e53fb89b60a","KEEP_PROTECTED","1"
"E:\P45 프로젝트\00_P45_STATE\tools\__pycache__\p45_handoff.cpython-312.pyc","00_P45_STATE\tools\__pycache__\p45_handoff.cpython-312.pyc","p45_handoff.cpython-312.pyc",".pyc","18460","2026-08-11T18:18:11.9620410+09:00","78eaf7433c394f520e389ade69012081652bd4f2f474732516526775c3332f3e","TEMP_CANDIDATE","1"
"E:\P45 프로젝트\00_P45_STATE\tools\__pycache__\p45_handoff.cpython-314.pyc","00_P45_STATE\tools\__pycache__\p45_handoff.cpython-314.pyc","p45_handoff.cpython-314.pyc",".pyc","22467","2026-08-12T10:34:22.6459203+09:00","4ffb93b88116c8758a7c218789fbc2b72bc02aca1d4279b6fce548bd1c580d03","TEMP_CANDIDATE","1"
"E:\P45 프로젝트\00_P45_STATE\tools\__pycache__\p45_state_manager.cpython-312.pyc","00_P45_STATE\tools\__pycache__\p45_state_manager.cpython-312.pyc","p45_state_manager.cpython-312.pyc",".pyc","64273","2026-08-11T18:18:11.9340573+09:00","5a86d6ad428db008dbe4adea099ab54a32a48b5992011627ef93147be3b72469","TEMP_CANDIDATE","1"
"E:\P45 프로젝트\analysis\structure-1236\analysis-input.csv","analysis\structure-1236\analysis-input.csv","analysis-input.csv",".csv","42904","2026-08-04T20:23:42.1910418+09:00","a5a33282fa9e6a5265b170086358bf901d3cfdcf6ec7ebc3df6f975ad7b95800","KEEP_ACTIVE","8"
"E:\P45 프로젝트\analysis\structure-1236\draw-structures.jsonl","analysis\structure-1236\draw-structures.jsonl","draw-structures.jsonl",".jsonl","293186","2026-08-04T20:23:42.4678843+09:00","282e34a8a796014bd5b530840d0be22c4193b54ee4fb161409b927c7a692b48b","KEEP_ACTIVE","3"
"E:\P45 프로젝트\analysis\structure-1236\metadata.json","analysis\structure-1236\metadata.json","metadata.json",".json","628","2026-08-04T20:23:42.6337881+09:00","07d79bcd9c1d8a2688b37090565153f99743146e93040b9740d554af26a7464e","KEEP_ACTIVE","3"
"E:\P45 프로젝트\analysis\structure-1236\structure-report.json","analysis\structure-1236\structure-report.json","structure-report.json",".json","38413","2026-08-04T20:23:42.6038051+09:00","534f23856513e6f4c5e1b7d5628513bb91c9bbd01768a772faba6c0dcc98b378","KEEP_ACTIVE","3"
"E:\P45 프로젝트\approvals\p45-v2.4-effective-1237.json","approvals\p45-v2.4-effective-1237.json","p45-v2.4-effective-1237.json",".json","738","2026-08-06T14:30:46.1453091+09:00","e83a2be3dd754c00d952009220d5a586a88a42e2553cdb917f29b1083ac418c2","KEEP_ACTIVE","1"
"E:\P45 프로젝트\approvals\p45-v2.5-effective-1237.json","approvals\p45-v2.5-effective-1237.json","p45-v2.5-effective-1237.json",".json","867","2026-08-06T14:30:33.4785095+09:00","5fcda1f2422ac04fa828e5279b227053dbd57041c2f2d3b46e2fd11a8eadaf85","KEEP_ACTIVE","1"
"E:\P45 프로젝트\backtests\backtest-1236\backtest-report.json","backtests\backtest-1236\backtest-report.json","backtest-report.json",".json","12094","2026-08-04T20:28:28.9347885+09:00","1484eef4af1aaca1d204bee8d7b2e90c2738319dc6073066d6a52a080519cdfd","KEEP_ACTIVE","3"
"E:\P45 프로젝트\backtests\backtest-1236\metadata.json","backtests\backtest-1236\metadata.json","metadata.json",".json","625","2026-08-04T20:28:28.9527790+09:00","6be6bf9c957550f71e7b8bbb092d115c8551d94ab8d663939e024109a8173de4","KEEP_ACTIVE","3"
"E:\P45 프로젝트\backtests\backtest-1236\return-events.jsonl","backtests\backtest-1236\return-events.jsonl","return-events.jsonl",".jsonl","260381","2026-08-04T20:28:28.8648325+09:00","ce443aef0dc671b09099e1735bb643202c30597e424eb008ed8f660aed3ec372","KEEP_ACTIVE","4"
"E:\P45 프로젝트\backtests\backtest-1236-pre-sample-status\backtest-report.json","backtests\backtest-1236-pre-sample-status\backtest-report.json","backtest-report.json",".json","12021","2026-08-04T20:27:19.2410207+09:00","528f5b791d740b9bcab3c8f6509096a46922d94b5f705c1b1006dc46d3ee0bb1","KEEP_ACTIVE","1"
"E:\P45 프로젝트\backtests\backtest-1236-pre-sample-status\metadata.json","backtests\backtest-1236-pre-sample-status\metadata.json","metadata.json",".json","625","2026-08-04T20:27:19.2580119+09:00","ce994579e61fc7f45935d77f4526a219d945b1f39cf9dbe647f8b37b0a952fe3","KEEP_ACTIVE","1"
"E:\P45 프로젝트\backtests\backtest-1236-pre-sample-status\return-events.jsonl","backtests\backtest-1236-pre-sample-status\return-events.jsonl","return-events.jsonl",".jsonl","260381","2026-08-04T20:27:19.1050993+09:00","ce443aef0dc671b09099e1735bb643202c30597e424eb008ed8f660aed3ec372","KEEP_ACTIVE","4"
"E:\P45 프로젝트\candidate-results\candidates-1236\candidate-gates.json","candidate-results\candidates-1236\candidate-gates.json","candidate-gates.json",".json","213630","2026-08-04T20:33:39.7965458+09:00","05a34dae58a2a716e7000f6907b63a4505b8569b7ab9fccab3c0d3bd5d7b297d","KEEP_ACTIVE","3"
"E:\P45 프로젝트\candidate-results\candidates-1236\candidate-report.json","candidate-results\candidates-1236\candidate-report.json","candidate-report.json",".json","988","2026-08-04T20:33:39.7995397+09:00","d887dbc54779cc8b3e43cd012b40065b75c736a89bde2f1dd86eb2e8cf16c8bd","KEEP_ACTIVE","3"
"E:\P45 프로젝트\candidate-results\candidates-1236\metadata.json","candidate-results\candidates-1236\metadata.json","metadata.json",".json","804","2026-08-04T20:33:41.1867409+09:00","9e88b46b23d67fb92188ac96948dec672570a5cb5b5f7598801d0a800860e795","KEEP_ACTIVE","2"
"E:\P45 프로젝트\candidate-results\candidates-1236-pre-rerun-check\candidate-gates.json","candidate-results\candidates-1236-pre-rerun-check\candidate-gates.json","candidate-gates.json",".json","213630","2026-08-04T20:32:43.5283167+09:00","05a34dae58a2a716e7000f6907b63a4505b8569b7ab9fccab3c0d3bd5d7b297d","KEEP_ACTIVE","3"
"E:\P45 프로젝트\candidate-results\candidates-1236-pre-rerun-check\candidate-report.json","candidate-results\candidates-1236-pre-rerun-check\candidate-report.json","candidate-report.json",".json","988","2026-08-04T20:32:43.5293156+09:00","d887dbc54779cc8b3e43cd012b40065b75c736a89bde2f1dd86eb2e8cf16c8bd","KEEP_ACTIVE","3"
"E:\P45 프로젝트\candidate-results\candidates-1236-pre-rerun-check\metadata.json","candidate-results\candidates-1236-pre-rerun-check\metadata.json","metadata.json",".json","704","2026-08-04T20:32:43.5732909+09:00","a8a670d38ae80c7a07cf79ce69bd28545775643fe9bd1ae7386aaba64a07af06","KEEP_ACTIVE","1"
"E:\P45 프로젝트\docs\P45_v2.3_Work_UTF8_BOM_CRLF.md","docs\P45_v2.3_Work_UTF8_BOM_CRLF.md","P45_v2.3_Work_UTF8_BOM_CRLF.md",".md","33249","2026-08-04T18:46:34.9053343+09:00","77eb4d6e127f09017ac69a21e597f46d9bfbc73724a1b2c3cc737c09df34ef09","KEEP_PROTECTED","1"
"E:\P45 프로젝트\docs\P45_v2.7_Change_Report_KO_UTF8_LF.md","docs\P45_v2.7_Change_Report_KO_UTF8_LF.md","P45_v2.7_Change_Report_KO_UTF8_LF.md",".md","2164","2026-08-06T16:18:07.7152660+09:00","390859148e9f6d3db75b98f500e4a8a04d17a17294ba5e7e2e3a631f2aa58df4","KEEP_ACTIVE","1"
"E:\P45 프로젝트\docs\P45_v2.7_Web_UTF8_LF.md","docs\P45_v2.7_Web_UTF8_LF.md","P45_v2.7_Web_UTF8_LF.md",".md","59296","2026-08-06T16:16:42.6069851+09:00","6fd78d86c99d86d4dd83e88405194bcb00357d9fbe0df2488e9c06904ceda9c2","KEEP_ACTIVE","1"
"E:\P45 프로젝트\downloads\official-1-1235\metadata.json","downloads\official-1-1235\metadata.json","metadata.json",".json","574","2026-08-04T20:17:51.4469260+09:00","bdd1b14c3c379f5c1f3e187451413dc26b06cb816dc6c35cab8849bd44232fe3","KEEP_ACTIVE","1"
"E:\P45 프로젝트\downloads\official-1-1235\official.csv","downloads\official-1-1235\official.csv","official.csv",".csv","42904","2026-08-04T20:17:50.2176305+09:00","a5a33282fa9e6a5265b170086358bf901d3cfdcf6ec7ebc3df6f975ad7b95800","KEEP_ACTIVE","8"
"E:\P45 프로젝트\downloads\official-1-1235\raw\api-0001.json","downloads\official-1-1235\raw\api-0001.json","api-0001.json",".json","6266","2026-08-04T20:17:31.5896959+09:00","b365ad60d502483e450c3babc3d66c57b50447d62ae1ea48f081665bf18267ef","KEEP_ACTIVE","1"
"E:\P45 프로젝트\downloads\official-1-1235\raw\api-0002.json","downloads\official-1-1235\raw\api-0002.json","api-0002.json",".json","6277","2026-08-04T20:17:31.7516018+09:00","8102074df325d0e82a008368973269a9328da8dbd693df69a1bb2b01dd73480f","KEEP_ACTIVE","1"
"E:\P45 프로젝트\downloads\official-1-1235\raw\api-0003.json","downloads\official-1-1235\raw\api-0003.json","api-0003.json",".json","6276","2026-08-04T20:17:31.9245022+09:00","59829111ab5f708a978fb51cdd7842c07b1f725901873d2447f087283874ef51","KEEP_ACTIVE","1"
"E:\P45 프로젝트\downloads\official-1-1235\raw\api-0004.json","downloads\official-1-1235\raw\api-0004.json","api-0004.json",".json","6269","2026-08-04T20:17:32.0595107+09:00","836c5d65d23939b0b3cb7a6787c285d801cf9a8a5c5546262fc2e0e8afdd5c87","KEEP_ACTIVE","1"
"E:\P45 프로젝트\downloads\official-1-1235\raw\api-0005.json","downloads\official-1-1235\raw\api-0005.json","api-0005.json",".json","6266","2026-08-04T20:17:32.1914349+09:00","b422eb0d09e72dcb6665528c8f4c403076994d0e621ef32478f3955fc7ad9ea6","KEEP_ACTIVE","1"
"E:\P45 프로젝트\downloads\official-1-1235\raw\api-0006.json","downloads\official-1-1235\raw\api-0006.json","api-0006.json",".json","6269","2026-08-04T20:17:32.3573391+09:00","41dcc01598af40d491fa46c98910c63d4f956de9c730bc1c8eb17986e3311d42","KEEP_ACTIVE","1"
"E:\P45 프로젝트\downloads\official-1-1235\raw\api-0007.json","downloads\official-1-1235\raw\api-0007.json","api-0007.json",".json","6270","2026-08-04T20:17:32.5142495+09:00","ea36d25a189713b12b54108deafb2f663ad9e9417f3bdad1be89ac9169e0bd2e","KEEP_ACTIVE","1"
"E:\P45 프로젝트\downloads\official-1-1235\raw\api-0008.json","downloads\official-1-1235\raw\api-0008.json","api-0008.json",".json","6277","2026-08-04T20:17:32.6721593+09:00","0565c96b8623e9ad016a88f6c6182e9c60a223813fc15e3f390f2fb6bd368322","KEEP_ACTIVE","1"
"E:\P45 프로젝트\downloads\official-1-1235\raw\api-0009.json","downloads\official-1-1235\raw\api-0009.json","api-0009.json",".json","6265","2026-08-04T20:17:32.8240712+09:00","02c1c5445bc5804d5163795c75acde958aa331143a01f0de3475237fa86c9c20","KEEP_ACTIVE","1"
"E:\P45 프로젝트\downloads\official-1-1235\raw\api-0010.json","downloads\official-1-1235\raw\api-0010.json","api-0010.json",".json","6267","2026-08-04T20:17:32.9651524+09:00","9bf398f1289c0e722535c58434c275e0d86d4d499bb46cb9a17e0528f79fdf1c","KEEP_ACTIVE","1"
"E:\P45 프로젝트\downloads\official-1-1235\raw\api-0011.json","downloads\official-1-1235\raw\api-0011.json","api-0011.json",".json","6264","2026-08-04T20:17:33.0970764+09:00","55916e99f5cae4fbddaa23cee4433208477541e786f84308553e8f8f6dc8108f","KEEP_ACTIVE","1"
"E:\P45 프로젝트\downloads\official-1-1235\raw\api-0012.json","downloads\official-1-1235\raw\api-0012.json","api-0012.json",".json","6265","2026-08-04T20:17:33.2469907+09:00","eba9966c6576ee5bb1feb25c744ad1fdba8a53cc2410e9859eeb18101ab299e2","KEEP_ACTIVE","1"
"E:\P45 프로젝트\downloads\official-1-1235\raw\api-0013.json","downloads\official-1-1235\raw\api-0013.json","api-0013.json",".json","6270","2026-08-04T20:17:33.3799149+09:00","641897b72114a11cd3417d06548d0c236e276349970f6fb3bdbbb1db91aeb21c","KEEP_ACTIVE","1"
"E:\P45 프로젝트\downloads\official-1-1235\raw\api-0014.json","downloads\official-1-1235\raw\api-0014.json","api-0014.json",".json","6271","2026-08-04T20:17:33.5128388+09:00","210c5e70508e260a6bf651216f5de35fd64984f468baa993ff18af57b860db3b","KEEP_ACTIVE","1"
"E:\P45 프로젝트\downloads\official-1-1235\raw\api-0015.json","downloads\official-1-1235\raw\api-0015.json","api-0015.json",".json","6273","2026-08-04T20:17:33.6527574+09:00","3d7a29f0eb7b6016b84b0684c5f461c8cd31d015a1237fdcdb39177218479f1b","KEEP_ACTIVE","1"
"E:\P45 프로젝트\downloads\official-1-1235\raw\api-0016.json","downloads\official-1-1235\raw\api-0016.json","api-0016.json",".json","6260","2026-08-04T20:17:33.8176630+09:00","d4f96d18e623df2a3239b0438bd98a6ec12552eb2e801c064dc009ced97c2480","KEEP_ACTIVE","1"
"E:\P45 프로젝트\downloads\official-1-1235\raw\api-0017.json","downloads\official-1-1235\raw\api-0017.json","api-0017.json",".json","6267","2026-08-04T20:17:33.9765716+09:00","51d0a4defd548eb779ad6138aca5b78d13d30afa50a719f4898115a21307e5d1","KEEP_ACTIVE","1"
"E:\P45 프로젝트\downloads\official-1-1235\raw\api-0018.json","downloads\official-1-1235\raw\api-0018.json","api-0018.json",".json","6268","2026-08-04T20:17:34.1124943+09:00","bf9ffe1c1e1d749a79f60fd2f7bc53ee8a1735ff7769e6ffefa8161cea147001","KEEP_ACTIVE","1"
"E:\P45 프로젝트\downloads\official-1-1235\raw\api-0019.json","downloads\official-1-1235\raw\api-0019.json","api-0019.json",".json","6270","2026-08-04T20:17:34.2494149+09:00","bc8f163ca834fa377bb4783610dfb07f11a3794883f4bcd8fa5d06a1b255fb9e","KEEP_ACTIVE","1"
"E:\P45 프로젝트\downloads\official-1-1235\raw\api-0020.json","downloads\official-1-1235\raw\api-0020.json","api-0020.json",".json","6263","2026-08-04T20:17:34.3813392+09:00","c80a9db23ab19347acd9049994f26fd95086510fb5ca767d60c5768ff4b7df3b","KEEP_ACTIVE","1"
"E:\P45 프로젝트\downloads\official-1-1235\raw\api-0021.json","downloads\official-1-1235\raw\api-0021.json","api-0021.json",".json","6264","2026-08-04T20:17:34.5102656+09:00","ea39431db3c3d61bb89cfa963cbfa1d7d4135926d2bc0c5a9a565a6b1ea58401","KEEP_ACTIVE","1"
"E:\P45 프로젝트\downloads\official-1-1235\raw\api-0022.json","downloads\official-1-1235\raw\api-0022.json","api-0022.json",".json","6263","2026-08-04T20:17:34.6481866+09:00","e5a7a067665c0c11dcd0a58ea1176d650b447380e2058c4398905ae43e515790","KEEP_ACTIVE","1"
"E:\P45 프로젝트\downloads\official-1-1235\raw\api-0023.json","downloads\official-1-1235\raw\api-0023.json","api-0023.json",".json","6266","2026-08-04T20:17:34.7793261+09:00","23c012769bf0ecd9d4a367eaf6f49a4e0faef136d05abe09dd7d06d9639416d9","KEEP_ACTIVE","1"
"E:\P45 프로젝트\downloads\official-1-1235\raw\api-0024.json","downloads\official-1-1235\raw\api-0024.json","api-0024.json",".json","6267","2026-08-04T20:17:34.9346766+09:00","2cdf86ae9482ba6276906086f497fbc0fc6ab9ab0023f2e48ae875fdd83a4061","KEEP_ACTIVE","1"
"E:\P45 프로젝트\downloads\official-1-1235\raw\api-0025.json","downloads\official-1-1235\raw\api-0025.json","api-0025.json",".json","6243","2026-08-04T20:17:35.0806613+09:00","0d22c67c5596c1b9b17318da5dda650bb773a75c15946913bce2b3651de2659a","KEEP_ACTIVE","1"
"E:\P45 프로젝트\downloads\official-1-1235\raw\api-0026.json","downloads\official-1-1235\raw\api-0026.json","api-0026.json",".json","6245","2026-08-04T20:17:35.2138357+09:00","e0d4a0f59e069dcfde88ca80b9ed5ee3824e0a7f680a385d32cd2fff9d477ee2","KEEP_ACTIVE","1"
"E:\P45 프로젝트\downloads\official-1-1235\raw\api-0027.json","downloads\official-1-1235\raw\api-0027.json","api-0027.json",".json","6234","2026-08-04T20:17:35.3491035+09:00","705727c53788a17e5f6e082313e314e2edd9c3eb1397ee62e178ae2ddd0ab34a","KEEP_ACTIVE","1"
"E:\P45 프로젝트\downloads\official-1-1235\raw\api-0028.json","downloads\official-1-1235\raw\api-0028.json","api-0028.json",".json","6246","2026-08-04T20:17:35.5049088+09:00","ccba44f7194d3a584cd6c7268e119877a1ed999b0f45be5087fa178b428a2cc2","KEEP_ACTIVE","1"
"E:\P45 프로젝트\downloads\official-1-1235\raw\api-0029.json","downloads\official-1-1235\raw\api-0029.json","api-0029.json",".json","6249","2026-08-04T20:17:35.6588208+09:00","37724e7dd749a316eea93c3c9d8fd613db2c72877698fe327da911f2584af5fc","KEEP_ACTIVE","1"
"E:\P45 프로젝트\downloads\official-1-1235\raw\api-0030.json","downloads\official-1-1235\raw\api-0030.json","api-0030.json",".json","6248","2026-08-04T20:17:35.7917425+09:00","4bccfdc2528daa0023fe74377f179076fdb10629688b0a27b490d0acd9d48316","KEEP_ACTIVE","1"
"E:\P45 프로젝트\downloads\official-1-1235\raw\api-0031.json","downloads\official-1-1235\raw\api-0031.json","api-0031.json",".json","6235","2026-08-04T20:17:35.9426565+09:00","3b5d0e3387a7a0fbf292e6528af4b93a5db87285767980a9e027b868b3b560a7","KEEP_ACTIVE","1"
"E:\P45 프로젝트\downloads\official-1-1235\raw\api-0032.json","downloads\official-1-1235\raw\api-0032.json","api-0032.json",".json","6234","2026-08-04T20:17:36.0885721+09:00","940385fb7e8a40476e06d670fa9055b765cc4bab57ec37b01ff313da221ff229","KEEP_ACTIVE","1"
"E:\P45 프로젝트\downloads\official-1-1235\raw\api-0033.json","downloads\official-1-1235\raw\api-0033.json","api-0033.json",".json","6237","2026-08-04T20:17:36.2354878+09:00","c51922017d297ad80fd0fbaba0f577a49a43723d83f6c94c0c0c26c53fe9111b","KEEP_ACTIVE","1"
"E:\P45 프로젝트\downloads\official-1-1235\raw\api-0034.json","downloads\official-1-1235\raw\api-0034.json","api-0034.json",".json","6232","2026-08-04T20:17:36.4373721+09:00","a3d37c9878deeb03874fd2424a2c2182a078626e562d7a99cabc0dc6fabb27c4","KEEP_ACTIVE","1"
"E:\P45 프로젝트\downloads\official-1-1235\raw\api-0035.json","downloads\official-1-1235\raw\api-0035.json","api-0035.json",".json","6232","2026-08-04T20:17:36.6902266+09:00","109d9b7d82aee7a97793ff815eac0c1a8e35f4b5f70154108ce71d1af7a31a84","KEEP_ACTIVE","1"
"E:\P45 프로젝트\downloads\official-1-1235\raw\api-0036.json","downloads\official-1-1235\raw\api-0036.json","api-0036.json",".json","6233","2026-08-04T20:17:36.8551325+09:00","3177b4a8de9e019338e3ec96ba79e8837d23492801bb4997a3d2606e39c3f67a","KEEP_ACTIVE","1"
"E:\P45 프로젝트\downloads\official-1-1235\raw\api-0037.json","downloads\official-1-1235\raw\api-0037.json","api-0037.json",".json","6237","2026-08-04T20:17:36.9980503+09:00","4bd76fad4b76e2b7a41a451684fa64e0da204eb4d5b006b4b34b348110ac3b61","KEEP_ACTIVE","1"
"E:\P45 프로젝트\downloads\official-1-1235\raw\api-0038.json","downloads\official-1-1235\raw\api-0038.json","api-0038.json",".json","6233","2026-08-04T20:17:37.1449660+09:00","6334a815477fefc9cc7b7934403a9dfd0bc4f604d887ffda2182e19da18ac6e8","KEEP_ACTIVE","1"
"E:\P45 프로젝트\downloads\official-1-1235\raw\api-0039.json","downloads\official-1-1235\raw\api-0039.json","api-0039.json",".json","6228","2026-08-04T20:17:37.2968786+09:00","8129cefdbc06d41000e9204e076195aa96c3b193b0df33709b443ccf1428c5e8","KEEP_ACTIVE","1"
"E:\P45 프로젝트\downloads\official-1-1235\raw\api-0040.json","downloads\official-1-1235\raw\api-0040.json","api-0040.json",".json","6232","2026-08-04T20:17:37.4318031+09:00","50f5bf155b3732a3b22acd4bb345b664648565270a10db2aa86408cdc87b6e75","KEEP_ACTIVE","1"
"E:\P45 프로젝트\downloads\official-1-1235\raw\api-0041.json","downloads\official-1-1235\raw\api-0041.json","api-0041.json",".json","6229","2026-08-04T20:17:37.5887122+09:00","ef105cdec97c1edec502686ed821ec81d6f70fff24b345d74bf972289a7e4492","KEEP_ACTIVE","1"
"E:\P45 프로젝트\downloads\official-1-1235\raw\api-0042.json","downloads\official-1-1235\raw\api-0042.json","api-0042.json",".json","6230","2026-08-04T20:17:37.7236348+09:00","48c388e19bc89de93cffc9d6b8339d23aeb6be9515ddcb0da010c5782b269c2e","KEEP_ACTIVE","1"
"E:\P45 프로젝트\downloads\official-1-1235\raw\api-0043.json","downloads\official-1-1235\raw\api-0043.json","api-0043.json",".json","6225","2026-08-04T20:17:37.8695499+09:00","433b3e5d08b4d17c6b28f699b2cceb5d3de4bb62524581553146d7ff08e36a9a","KEEP_ACTIVE","1"
"E:\P45 프로젝트\downloads\official-1-1235\raw\api-0044.json","downloads\official-1-1235\raw\api-0044.json","api-0044.json",".json","6226","2026-08-04T20:17:37.9989825+09:00","d1a4938b2ec6958da48019c913da43faea6062d15fb16f691bd7c224b6641fd1","KEEP_ACTIVE","1"
"E:\P45 프로젝트\downloads\official-1-1235\raw\api-0045.json","downloads\official-1-1235\raw\api-0045.json","api-0045.json",".json","6227","2026-08-04T20:17:38.1369030+09:00","dcaa0bd9db3fe398f344565ec65c56e631589bc24bfada566502e7a6332133b5","KEEP_ACTIVE","1"
"E:\P45 프로젝트\downloads\official-1-1235\raw\api-0046.json","downloads\official-1-1235\raw\api-0046.json","api-0046.json",".json","6229","2026-08-04T20:17:38.2828236+09:00","4ce0e5eb565cb74da914457aed58ba27a2d86c259cbb8be082753f759882e69c","KEEP_ACTIVE","1"
"E:\P45 프로젝트\downloads\official-1-1235\raw\api-0047.json","downloads\official-1-1235\raw\api-0047.json","api-0047.json",".json","6226","2026-08-04T20:17:38.4337326+09:00","809997202411a17f9c79c9ac8bd21c59d13cfc659a23ebb77261901a7d6ab249","KEEP_ACTIVE","1"
"E:\P45 프로젝트\downloads\official-1-1235\raw\api-0048.json","downloads\official-1-1235\raw\api-0048.json","api-0048.json",".json","6219","2026-08-04T20:17:38.5926429+09:00","ddab7ce211105b1b94e305bec94674190a9f2b58c91ce785cc01bbfca7beadb1","KEEP_ACTIVE","1"
"E:\P45 프로젝트\downloads\official-1-1235\raw\api-0049.json","downloads\official-1-1235\raw\api-0049.json","api-0049.json",".json","6218","2026-08-04T20:17:38.7265640+09:00","c07ea1d2d7f2bc232203ea6d89a7853b12975d79ee0995b027bf52a451768a53","KEEP_ACTIVE","1"
"E:\P45 프로젝트\downloads\official-1-1235\raw\api-0050.json","downloads\official-1-1235\raw\api-0050.json","api-0050.json",".json","6226","2026-08-04T20:17:38.9404411+09:00","fcd0e736d0c8edc9c08d98432b973a6d503bf8255c0b931de9a1cd55a24ed249","KEEP_ACTIVE","1"
"E:\P45 프로젝트\downloads\official-1-1235\raw\api-0051.json","downloads\official-1-1235\raw\api-0051.json","api-0051.json",".json","6221","2026-08-04T20:17:39.0973518+09:00","1c443bfb439609339da9c751402d2a76783c1a6ba37c93991a27c8c509c84894","KEEP_ACTIVE","1"
"E:\P45 프로젝트\downloads\official-1-1235\raw\api-0052.json","downloads\official-1-1235\raw\api-0052.json","api-0052.json",".json","6223","2026-08-04T20:17:39.2382720+09:00","fcede61ea88e342b345a622d895ecec289534298004f59338e17e9a20e247409","KEEP_ACTIVE","1"
"E:\P45 프로젝트\downloads\official-1-1235\raw\api-0053.json","downloads\official-1-1235\raw\api-0053.json","api-0053.json",".json","6217","2026-08-04T20:17:39.3792347+09:00","a05ded2407ab5e5895840fd179c1909033a327cf40bb1a6811453f13cd883f71","KEEP_ACTIVE","1"
"E:\P45 프로젝트\downloads\official-1-1235\raw\api-0054.json","downloads\official-1-1235\raw\api-0054.json","api-0054.json",".json","6214","2026-08-04T20:17:39.5108495+09:00","feebc8f5258e3ec25c8dab8a22c8bc35b8c18ee6b3b4015b420976141717f9bd","KEEP_ACTIVE","1"
"E:\P45 프로젝트\downloads\official-1-1235\raw\api-0055.json","downloads\official-1-1235\raw\api-0055.json","api-0055.json",".json","6223","2026-08-04T20:17:39.6507707+09:00","6b3b489a90e8c5dc8f4bb27bb611e4ab15d1d08d7664536cdf0c43a6151cd2a6","KEEP_ACTIVE","1"
"E:\P45 프로젝트\downloads\official-1-1235\raw\api-0056.json","downloads\official-1-1235\raw\api-0056.json","api-0056.json",".json","6216","2026-08-04T20:17:39.7796951+09:00","aef3502e57f256c0d9d03ce7055e105b6d432629499d4e7ccea167c20c6a77d9","KEEP_ACTIVE","1"
"E:\P45 프로젝트\downloads\official-1-1235\raw\api-0057.json","downloads\official-1-1235\raw\api-0057.json","api-0057.json",".json","6214","2026-08-04T20:17:39.9286098+09:00","241147d2601091bfc1ff365be2ef32678c6dfb4b8e5bd5e0acef2b8e6e1bad0b","KEEP_ACTIVE","1"
"E:\P45 프로젝트\downloads\official-1-1235\raw\api-0058.json","downloads\official-1-1235\raw\api-0058.json","api-0058.json",".json","6214","2026-08-04T20:17:40.0859043+09:00","41ca3fba3a27282b335d2597b9a3f715fbf85b9d5d0bea805e0335285225f5a9","KEEP_ACTIVE","1"
"E:\P45 프로젝트\downloads\official-1-1235\raw\api-0059.json","downloads\official-1-1235\raw\api-0059.json","api-0059.json",".json","6214","2026-08-04T20:17:40.4791050+09:00","85ca7b060cdf94dab0c1b5c86410b1840e92c73ef076087a79e2b9caea4ce88c","KEEP_ACTIVE","1"
"E:\P45 프로젝트\downloads\official-1-1235\raw\api-0060.json","downloads\official-1-1235\raw\api-0060.json","api-0060.json",".json","6218","2026-08-04T20:17:40.6280208+09:00","6ae16e43642d6b605bf847797620eafb5716508ad15fbfc6ff9b8916441cbd16","KEEP_ACTIVE","1"
"E:\P45 프로젝트\downloads\official-1-1235\raw\api-0061.json","downloads\official-1-1235\raw\api-0061.json","api-0061.json",".json","6221","2026-08-04T20:17:40.7589449+09:00","32a9295d80fd1cdee0ea564f7198a7452686a10da98c45120306b61b270c529b","KEEP_ACTIVE","1"
"E:\P45 프로젝트\downloads\official-1-1235\raw\api-0062.json","downloads\official-1-1235\raw\api-0062.json","api-0062.json",".json","6209","2026-08-04T20:17:40.9188547+09:00","cb47d5eb18bd5369d3ed15a1dfe9fa540d0631305f2acad09358d050e44ff2fc","KEEP_ACTIVE","1"
"E:\P45 프로젝트\downloads\official-1-1235\raw\api-0063.json","downloads\official-1-1235\raw\api-0063.json","api-0063.json",".json","6216","2026-08-04T20:17:41.0577749+09:00","e05376b465ca99cd7478a3a37003c474de59705495ab27b6eff2c3a18ef97214","KEEP_ACTIVE","1"
"E:\P45 프로젝트\downloads\official-1-1235\raw\api-0064.json","downloads\official-1-1235\raw\api-0064.json","api-0064.json",".json","6219","2026-08-04T20:17:41.2466646+09:00","3fccc4e3384ad4553bb3a29080246d1a1cb36fce8860fcc22a134d137373f440","KEEP_ACTIVE","1"
"E:\P45 프로젝트\downloads\official-1-1235\raw\api-0065.json","downloads\official-1-1235\raw\api-0065.json","api-0065.json",".json","6211","2026-08-04T20:17:41.3941287+09:00","49b18c12ff4e4d21d43ea0d718a7436a73e63ae89cea775775e17807c78285e0","KEEP_ACTIVE","1"
"E:\P45 프로젝트\downloads\official-1-1235\raw\api-0066.json","downloads\official-1-1235\raw\api-0066.json","api-0066.json",".json","6216","2026-08-04T20:17:41.5260532+09:00","2ba929e4e133de09615d41de44b738cbcb48fc4c056512f989243bfe89b3d56b","KEEP_ACTIVE","1"
"E:\P45 프로젝트\downloads\official-1-1235\raw\api-0067.json","downloads\official-1-1235\raw\api-0067.json","api-0067.json",".json","6211","2026-08-04T20:17:41.6709700+09:00","89c69c5777d41a253d2758f92eb6832161024a23fd2da01d6329b4fe0d9fde88","KEEP_ACTIVE","1"
"E:\P45 프로젝트\downloads\official-1-1235\raw\api-0068.json","downloads\official-1-1235\raw\api-0068.json","api-0068.json",".json","6221","2026-08-04T20:17:41.8199758+09:00","4bae3f9b536ce4a42eb00d797f74dfcdc9527d8c7ba29bc9221c57516d9bf562","KEEP_ACTIVE","1"
"E:\P45 프로젝트\downloads\official-1-1235\raw\api-0069.json","downloads\official-1-1235\raw\api-0069.json","api-0069.json",".json","6219","2026-08-04T20:17:41.9618914+09:00","37f3d6426ac737325ade90eb847dc1b05537cc67af777ee36a190cdd1c758c12","KEEP_ACTIVE","1"
"E:\P45 프로젝트\downloads\official-1-1235\raw\api-0070.json","downloads\official-1-1235\raw\api-0070.json","api-0070.json",".json","6222","2026-08-04T20:17:42.1317922+09:00","b2d81734b832ecda2d3aba05c7cc9148d5041bd73fca9b44103e3fdde447653a","KEEP_ACTIVE","1"
"E:\P45 프로젝트\downloads\official-1-1235\raw\api-0071.json","downloads\official-1-1235\raw\api-0071.json","api-0071.json",".json","6224","2026-08-04T20:17:42.2667153+09:00","c691c84dc61cd65de17a37deafaae57a638d4a7198df41fd1e521e14ebe44f9a","KEEP_ACTIVE","1"
"E:\P45 프로젝트\downloads\official-1-1235\raw\api-0072.json","downloads\official-1-1235\raw\api-0072.json","api-0072.json",".json","6213","2026-08-04T20:17:42.4186291+09:00","947b41e5ccfd663a0b5b05de335d66b60011083782194aecaf983eadea8c65a9","KEEP_ACTIVE","1"
"E:\P45 프로젝트\downloads\official-1-1235\raw\api-0073.json","downloads\official-1-1235\raw\api-0073.json","api-0073.json",".json","6213","2026-08-04T20:17:42.5645445+09:00","1d7e8b75225ae32a30fbbd07774d94a87a7e8108fcccd43dc7288550a8ddf64e","KEEP_ACTIVE","1"
"E:\P45 프로젝트\downloads\official-1-1235\raw\api-0074.json","downloads\official-1-1235\raw\api-0074.json","api-0074.json",".json","6215","2026-08-04T20:17:42.7034658+09:00","c05ef34707284c5bc4c4f8575c25f497a8b712c538577715a12c4b0b087e75dd","KEEP_ACTIVE","1"
"E:\P45 프로젝트\downloads\official-1-1235\raw\api-0075.json","downloads\official-1-1235\raw\api-0075.json","api-0075.json",".json","6213","2026-08-04T20:17:42.8393895+09:00","fe33f419a753e74b89260e2f2d1d35132957b86c37f51b8f231571643bc99e86","KEEP_ACTIVE","1"
"E:\P45 프로젝트\downloads\official-1-1235\raw\api-0076.json","downloads\official-1-1235\raw\api-0076.json","api-0076.json",".json","6218","2026-08-04T20:17:43.0052923+09:00","72def6873e4fafe63f3c4252b3efbb23f3d5c7e80ceb842cca87cd8b97058707","KEEP_ACTIVE","1"
"E:\P45 프로젝트\downloads\official-1-1235\raw\api-0077.json","downloads\official-1-1235\raw\api-0077.json","api-0077.json",".json","6218","2026-08-04T20:17:43.1592044+09:00","0e8441a3dff86002db9f6bb8c6f0cdb39f928885d777d0a63eadb33f357e7e0b","KEEP_ACTIVE","1"
"E:\P45 프로젝트\downloads\official-1-1235\raw\api-0078.json","downloads\official-1-1235\raw\api-0078.json","api-0078.json",".json","6211","2026-08-04T20:17:43.3121149+09:00","0c04ea59646c64095f9074ab7d02460b27c0569d6b00e5ffac839d7ef57fa562","KEEP_ACTIVE","1"
"E:\P45 프로젝트\downloads\official-1-1235\raw\api-0079.json","downloads\official-1-1235\raw\api-0079.json","api-0079.json",".json","6216","2026-08-04T20:17:43.4450389+09:00","f76b7e852f914f8cd039e700adfed7119c31f5e671dc33de600b43ca280c44b3","KEEP_ACTIVE","1"
"E:\P45 프로젝트\downloads\official-1-1235\raw\api-0080.json","downloads\official-1-1235\raw\api-0080.json","api-0080.json",".json","6221","2026-08-04T20:17:43.5759639+09:00","04a2ff1036d16be941b743c7001a15468848a906f3199a472fdaf8c7fe7d63a1","KEEP_ACTIVE","1"
"E:\P45 프로젝트\downloads\official-1-1235\raw\api-0081.json","downloads\official-1-1235\raw\api-0081.json","api-0081.json",".json","6219","2026-08-04T20:17:43.7098868+09:00","6fb3e9eaaeed66ca0e27f4008cfc0b899a5d29a181dd28539ff61839d6fb3da5","KEEP_ACTIVE","1"
"E:\P45 프로젝트\downloads\official-1-1235\raw\api-0082.json","downloads\official-1-1235\raw\api-0082.json","api-0082.json",".json","6216","2026-08-04T20:17:43.8657977+09:00","402327c060d1eb0cebbac4f8be26236b8089cbf2929b3f5f52cc59dd80347726","KEEP_ACTIVE","1"
"E:\P45 프로젝트\downloads\official-1-1235\raw\api-0083.json","downloads\official-1-1235\raw\api-0083.json","api-0083.json",".json","6211","2026-08-04T20:17:44.0332098+09:00","325ca877cc28a0d523fd684d8788761ccc1461683230f3b41c79027562668581","KEEP_ACTIVE","1"
"E:\P45 프로젝트\downloads\official-1-1235\raw\api-0084.json","downloads\official-1-1235\raw\api-0084.json","api-0084.json",".json","6210","2026-08-04T20:17:44.1701300+09:00","64eff780f2ba4ee2f8d33e6312f72adcd2189574ced8c71b0ffd53d50a87ea1b","KEEP_ACTIVE","1"
"E:\P45 프로젝트\downloads\official-1-1235\raw\api-0085.json","downloads\official-1-1235\raw\api-0085.json","api-0085.json",".json","6213","2026-08-04T20:17:44.3010543+09:00","18a4efaca91a4d5e06681bbad754c8c7808ad9f1f4345be13e3e171637a4d912","KEEP_ACTIVE","1"
"E:\P45 프로젝트\downloads\official-1-1235\raw\api-0086.json","downloads\official-1-1235\raw\api-0086.json","api-0086.json",".json","6214","2026-08-04T20:17:44.4299807+09:00","a9a334bcd6bcb477694d94b526a72882cc707e4eface4141c29610cc587373e2","KEEP_ACTIVE","1"
"E:\P45 프로젝트\downloads\official-1-1235\raw\api-0087.json","downloads\official-1-1235\raw\api-0087.json","api-0087.json",".json","6215","2026-08-04T20:17:44.5768963+09:00","32f3e1bc4c2ad432ca6a73d86f96efae32ae9bacdb354f94cfd5a45db5ffa9dd","KEEP_ACTIVE","1"
"E:\P45 프로젝트\downloads\official-1-1235\raw\api-0088.json","downloads\official-1-1235\raw\api-0088.json","api-0088.json",".json","6209","2026-08-04T20:17:44.7078218+09:00","4161810b2fb86ab7070e5dc53834556851f5c466578cf53d16928fca4e799481","KEEP_ACTIVE","1"
"E:\P45 프로젝트\downloads\official-1-1235\raw\api-0089.json","downloads\official-1-1235\raw\api-0089.json","api-0089.json",".json","6202","2026-08-04T20:17:44.8437444+09:00","7ae5e088cedcb0824cab0b8b39bdd680666f7e87c430be29042261455254c48e","KEEP_ACTIVE","1"
"E:\P45 프로젝트\downloads\official-1-1235\raw\api-0090.json","downloads\official-1-1235\raw\api-0090.json","api-0090.json",".json","6194","2026-08-04T20:17:44.9866622+09:00","d61b91a869dd007f923f21694515360b626a8c3fcb84a79856e60f45855a6230","KEEP_ACTIVE","1"
"E:\P45 프로젝트\downloads\official-1-1235\raw\api-0091.json","downloads\official-1-1235\raw\api-0091.json","api-0091.json",".json","6210","2026-08-04T20:17:45.1315789+09:00","b46090fef706f2be630ca1e4d60d754425b101c4859c75d9aacca60026490d4f","KEEP_ACTIVE","1"
"E:\P45 프로젝트\downloads\official-1-1235\raw\api-0092.json","downloads\official-1-1235\raw\api-0092.json","api-0092.json",".json","6214","2026-08-04T20:17:45.2635026+09:00","05720670dfaf33a5d2e2f9a6c87c52bb65b2effaddb606306e64859d967f95a7","KEEP_ACTIVE","1"
"E:\P45 프로젝트\downloads\official-1-1235\raw\api-0093.json","downloads\official-1-1235\raw\api-0093.json","api-0093.json",".json","6195","2026-08-04T20:17:45.3994258+09:00","b569e9ce74a6ae9d92355915e302c9ad6ad563a0e1f67bfbc5040d7172a406be","KEEP_ACTIVE","1"
"E:\P45 프로젝트\downloads\official-1-1235\raw\api-0094.json","downloads\official-1-1235\raw\api-0094.json","api-0094.json",".json","6204","2026-08-04T20:17:45.5533362+09:00","53470c1c9fa95a5bcfb41a91ad4a28c67c308306b14e1ab7fc6e63cb72bff4f4","KEEP_ACTIVE","1"
"E:\P45 프로젝트\downloads\official-1-1235\raw\api-0095.json","downloads\official-1-1235\raw\api-0095.json","api-0095.json",".json","5860","2026-08-04T20:17:45.7022504+09:00","3844b9bc9737c159c46feef425f2e974912f9ec73416f72c9e55ff43d2de1cf6","KEEP_ACTIVE","1"
"E:\P45 프로젝트\downloads\official-1-1235\raw\api-0096.json","downloads\official-1-1235\raw\api-0096.json","api-0096.json",".json","5738","2026-08-04T20:17:46.0700403+09:00","b81c8e579a2cec0c39286ab777c859429dbb285252eece7d7bab019f7b05a487","KEEP_ACTIVE","1"
"E:\P45 프로젝트\downloads\official-1-1235\raw\api-0097.json","downloads\official-1-1235\raw\api-0097.json","api-0097.json",".json","5736","2026-08-04T20:17:46.2079611+09:00","765a7dfa72c96353d4d4ca291e99e96ca9c209ef9d7997d57fe28a6397a72bc4","KEEP_ACTIVE","1"
"E:\P45 프로젝트\downloads\official-1-1235\raw\api-0098.json","downloads\official-1-1235\raw\api-0098.json","api-0098.json",".json","5733","2026-08-04T20:17:46.3648700+09:00","ac69dc5d7210423b8234e4dea5f8256a75f599363f178c71aa0261aa5e1a4b2a","KEEP_ACTIVE","1"
"E:\P45 프로젝트\downloads\official-1-1235\raw\api-0099.json","downloads\official-1-1235\raw\api-0099.json","api-0099.json",".json","5744","2026-08-04T20:17:46.4984782+09:00","7a5fd7dcf72c5a9cfbeabd91a834c804c73812d8207f8e6594ee3a964a458377","KEEP_ACTIVE","1"
"E:\P45 프로젝트\downloads\official-1-1235\raw\api-0100.json","downloads\official-1-1235\raw\api-0100.json","api-0100.json",".json","5738","2026-08-04T20:17:46.6314013+09:00","9749b1d48e373d9fd76e0c3bda44a2a4c1ef685c92770c74bd2a19aeb1b3f11c","KEEP_ACTIVE","1"
"E:\P45 프로젝트\downloads\official-1-1235\raw\api-0101.json","downloads\official-1-1235\raw\api-0101.json","api-0101.json",".json","5743","2026-08-04T20:17:46.7968125+09:00","0f848faa7a07c7ed3b242152d466ba7768c27f8318d4c9be687136fd8c8809a7","KEEP_ACTIVE","1"
"E:\P45 프로젝트\downloads\official-1-1235\raw\api-0102.json","downloads\official-1-1235\raw\api-0102.json","api-0102.json",".json","5750","2026-08-04T20:17:46.9567209+09:00","17489d730ba54bf3b461b4e232e7310b866767117ec4b692394a89a6bb962c22","KEEP_ACTIVE","1"
"E:\P45 프로젝트\downloads\official-1-1235\raw\api-0103.json","downloads\official-1-1235\raw\api-0103.json","api-0103.json",".json","5750","2026-08-04T20:17:47.1116330+09:00","76013af1ca3873f7100879051d944b3e4b9eca571e6e712a7d67bb512b5799d0","KEEP_ACTIVE","1"
"E:\P45 프로젝트\downloads\official-1-1235\raw\api-0104.json","downloads\official-1-1235\raw\api-0104.json","api-0104.json",".json","5745","2026-08-04T20:17:47.2895291+09:00","620ab2aa09f0b47c9eea7becabec11dadc70158495ceaad4a5707b19db41f0bc","KEEP_ACTIVE","1"
"E:\P45 프로젝트\downloads\official-1-1235\raw\api-0105.json","downloads\official-1-1235\raw\api-0105.json","api-0105.json",".json","5742","2026-08-04T20:17:47.4344470+09:00","8006c001f9f214c27d162b5ecdeb864bbe102a4fb0ccb23581c392e64888f4db","KEEP_ACTIVE","1"
"E:\P45 프로젝트\downloads\official-1-1235\raw\api-0106.json","downloads\official-1-1235\raw\api-0106.json","api-0106.json",".json","5751","2026-08-04T20:17:47.5653717+09:00","b96b5f7ceb74d4e20d83573776c4af66a480feb6d9704d3371fe53caaddcda7a","KEEP_ACTIVE","1"
"E:\P45 프로젝트\downloads\official-1-1235\raw\api-0107.json","downloads\official-1-1235\raw\api-0107.json","api-0107.json",".json","5763","2026-08-04T20:17:47.7312766+09:00","e8492154a2a468fda546a53dc2076cdd384abbd0936ec1f632dc50924687bd60","KEEP_ACTIVE","1"
"E:\P45 프로젝트\downloads\official-1-1235\raw\api-0108.json","downloads\official-1-1235\raw\api-0108.json","api-0108.json",".json","5750","2026-08-04T20:17:47.8961818+09:00","965f6a8545e8f28f47534e38c36fb96f44914c6168b9a414c2895345f8609351","KEEP_ACTIVE","1"
"E:\P45 프로젝트\downloads\official-1-1235\raw\api-0109.json","downloads\official-1-1235\raw\api-0109.json","api-0109.json",".json","5755","2026-08-04T20:17:48.0440985+09:00","80fd22b3571226311590b3678091a6c44a67d0ceee5a19d8c802836399c71419","KEEP_ACTIVE","1"
"E:\P45 프로젝트\downloads\official-1-1235\raw\api-0110.json","downloads\official-1-1235\raw\api-0110.json","api-0110.json",".json","5754","2026-08-04T20:17:48.1951293+09:00","a4f8f7bf185e88a3373e0e893238fd7170fb8859f56115635b605e109101e1e8","KEEP_ACTIVE","1"
"E:\P45 프로젝트\downloads\official-1-1235\raw\api-0111.json","downloads\official-1-1235\raw\api-0111.json","api-0111.json",".json","5758","2026-08-04T20:17:48.3430606+09:00","91fdff7359dc78e117f60a76a8938db33928d679a783de967a5b1377df3f0467","KEEP_ACTIVE","1"
"E:\P45 프로젝트\downloads\official-1-1235\raw\api-0112.json","downloads\official-1-1235\raw\api-0112.json","api-0112.json",".json","5753","2026-08-04T20:17:48.4759154+09:00","1751a9a49dbe139f978f6cd41db0560c511552a7862bd7b60478a40b34edb8e8","KEEP_ACTIVE","1"
"E:\P45 프로젝트\downloads\official-1-1235\raw\api-0113.json","downloads\official-1-1235\raw\api-0113.json","api-0113.json",".json","5750","2026-08-04T20:17:48.6218418+09:00","3adfe342bcfdc55fa11e57b28c00796f8e97b815221190ad05941b835795e1d8","KEEP_ACTIVE","1"
"E:\P45 프로젝트\downloads\official-1-1235\raw\api-0114.json","downloads\official-1-1235\raw\api-0114.json","api-0114.json",".json","5746","2026-08-04T20:17:48.7610626+09:00","684fb0fa0254546faa9afe1899299539cc4e0c00e91ab5c31371fe99baac8564","KEEP_ACTIVE","1"
"E:\P45 프로젝트\downloads\official-1-1235\raw\api-0115.json","downloads\official-1-1235\raw\api-0115.json","api-0115.json",".json","5751","2026-08-04T20:17:48.8989828+09:00","d53726e651d93d9173437cdf4d196e438b5fef6c0a5b766e54f7c3ad634eccdd","KEEP_ACTIVE","1"
"E:\P45 프로젝트\downloads\official-1-1235\raw\api-0116.json","downloads\official-1-1235\raw\api-0116.json","api-0116.json",".json","5744","2026-08-04T20:17:49.0528950+09:00","a6e9bd5b944d0757f159ec7cfef3600148212a274a04e8fe73677c98fd084254","KEEP_ACTIVE","1"
"E:\P45 프로젝트\downloads\official-1-1235\raw\api-0117.json","downloads\official-1-1235\raw\api-0117.json","api-0117.json",".json","5746","2026-08-04T20:17:49.1908151+09:00","f6057b3bafeed11210aebd370bc817b8caa5729f1c1e7e8ccbbe27df9cb3158f","KEEP_ACTIVE","1"
"E:\P45 프로젝트\downloads\official-1-1235\raw\api-0118.json","downloads\official-1-1235\raw\api-0118.json","api-0118.json",".json","5745","2026-08-04T20:17:49.3457267+09:00","fe451cfd676da435dd64bb453c9a3cc428e1af4c59df52541ea2c7c1dd7d606f","KEEP_ACTIVE","1"
"E:\P45 프로젝트\downloads\official-1-1235\raw\api-0119.json","downloads\official-1-1235\raw\api-0119.json","api-0119.json",".json","5737","2026-08-04T20:17:49.4906435+09:00","90f7c65ef13d92a015dd986043ee802da652f32b81ef00ae702331811ae88708","KEEP_ACTIVE","1"
"E:\P45 프로젝트\downloads\official-1-1235\raw\api-0120.json","downloads\official-1-1235\raw\api-0120.json","api-0120.json",".json","5754","2026-08-04T20:17:49.6235665+09:00","25a43ef5d72a24f30b9d6e0c2bafc6cad3929dcc69bd0e8dfba27ded6107394a","KEEP_ACTIVE","1"
"E:\P45 프로젝트\downloads\official-1-1235\raw\api-0121.json","downloads\official-1-1235\raw\api-0121.json","api-0121.json",".json","5739","2026-08-04T20:17:49.7734813+09:00","7f5c4466a6e0c27deb84a869b8a88dd41b825b3377025ff27f0539bf43dd942d","KEEP_ACTIVE","1"
"E:\P45 프로젝트\downloads\official-1-1235\raw\api-0122.json","downloads\official-1-1235\raw\api-0122.json","api-0122.json",".json","5755","2026-08-04T20:17:49.9044225+09:00","d9feea1f1326564e1b72004e7175ae4a1774871597cc9674106484f36c6c7dca","KEEP_ACTIVE","1"
"E:\P45 프로젝트\downloads\official-1-1235\raw\api-0123.json","downloads\official-1-1235\raw\api-0123.json","api-0123.json",".json","5744","2026-08-04T20:17:50.0552038+09:00","b9a989332da4428ecd33923452d2fad81c87d97f06776b9385be6413ab3c7087","KEEP_ACTIVE","1"
"E:\P45 프로젝트\downloads\official-1-1235\raw\api-0124.json","downloads\official-1-1235\raw\api-0124.json","api-0124.json",".json","2847","2026-08-04T20:17:50.2086361+09:00","c05fe2de2cb049e739cc3f95cf3cf280591192c22b876776f22e2c5e4fa4ebb4","KEEP_ACTIVE","1"
"E:\P45 프로젝트\downloads\official-1-1235\raw\result-page.html","downloads\official-1-1235\raw\result-page.html","result-page.html",".html","567445","2026-08-04T20:17:31.5357277+09:00","9213759dce39f9aa4faa4337255d7016001c9afce920381a3c56f39ea81dce8b","KEEP_CANONICAL","1"
"E:\P45 프로젝트\draft_validation\pair_baseline_enumeration.py","draft_validation\pair_baseline_enumeration.py","pair_baseline_enumeration.py",".py","2503","2026-08-10T14:49:25.9831266+09:00","341b52596bebf4e6242d6e82c7ed66ddb98a77b4e2fb389ae2fad257a4c28525","KEEP_ACTIVE","1"
"E:\P45 프로젝트\experimental\v2.4-1236\candidates-1236\candidate-gates.json","experimental\v2.4-1236\candidates-1236\candidate-gates.json","candidate-gates.json",".json","222914","2026-08-04T21:14:27.7349238+09:00","7075e7692870973a662beaca00ce63056134ca6198bd05fd41fe2d1d91318bc4","KEEP_ACTIVE","2"
"E:\P45 프로젝트\experimental\v2.4-1236\candidates-1236\candidate-report.json","experimental\v2.4-1236\candidates-1236\candidate-report.json","candidate-report.json",".json","1698","2026-08-04T21:14:27.7569112+09:00","ce596410817f2424ea542f8a7a87bbcc56c099b1ca6746e9869361ffc78a3a6c","KEEP_ACTIVE","2"
"E:\P45 프로젝트\experimental\v2.4-1236\candidates-1236\metadata.json","experimental\v2.4-1236\candidates-1236\metadata.json","metadata.json",".json","920","2026-08-04T21:14:27.7679044+09:00","55f02826a2a4f7c748fcd1fe8777694f1afe1d22ad20ff4cde0feb41a5d39cb3","KEEP_ACTIVE","2"
"E:\P45 프로젝트\experimental\v2.4-1236\selections\selection-1236\metadata.json","experimental\v2.4-1236\selections\selection-1236\metadata.json","metadata.json",".json","647","2026-08-04T21:16:09.6981296+09:00","ac11afc2dde79a0ba0e2a241ffceff761a8cd58cc1cb143b86bf8a7af7f9b461","KEEP_ACTIVE","2"
"E:\P45 프로젝트\experimental\v2.4-1236\selections\selection-1236\selection-report.json","experimental\v2.4-1236\selections\selection-1236\selection-report.json","selection-report.json",".json","4074","2026-08-04T21:16:09.6941315+09:00","0612fd3d8c51874680d664a80455e9b71ab3e0dfbe2643239d522d47682d2f58","KEEP_ACTIVE","2"
"E:\P45 프로젝트\experimental\v2.4-1236\selections\selection-1236-pre-reason-fix\metadata.json","experimental\v2.4-1236\selections\selection-1236-pre-reason-fix\metadata.json","metadata.json",".json","647","2026-08-04T21:14:46.0463772+09:00","455a12c2b49010e85f15f71f3df062aee963b4a587e56e22e42a1b437ba96cbc","KEEP_ACTIVE","1"
"E:\P45 프로젝트\experimental\v2.4-1236\selections\selection-1236-pre-reason-fix\selection-report.json","experimental\v2.4-1236\selections\selection-1236-pre-reason-fix\selection-report.json","selection-report.json",".json","4045","2026-08-04T21:14:46.0133956+09:00","ca62d5498d33846187d8ec607cdc43e80753731c840edaab6363f02eb33694e8","KEEP_ACTIVE","1"
"E:\P45 프로젝트\experimental\v2.4-1236\sets\sets-1236\metadata.json","experimental\v2.4-1236\sets\sets-1236\metadata.json","metadata.json",".json","740","2026-08-04T21:16:09.7211168+09:00","25783b5e5f2e196b23e7a4499112c8e304b6a1af030d758b7854f178fb6dbff7","KEEP_ACTIVE","2"
"E:\P45 프로젝트\experimental\v2.4-1236\sets\sets-1236\set-report.json","experimental\v2.4-1236\sets\sets-1236\set-report.json","set-report.json",".json","358","2026-08-04T21:16:09.7151190+09:00","2ddf8db6254a3a5143ac4e0402614e649ab47cbcc0e0d73fce890fadeb75f92a","KEEP_ACTIVE","3"
"E:\P45 프로젝트\experimental\v2.4-1236\sets\sets-1236-pre-reason-fix\metadata.json","experimental\v2.4-1236\sets\sets-1236-pre-reason-fix\metadata.json","metadata.json",".json","740","2026-08-04T21:14:46.2062845+09:00","73322fd5c0d4ef4713e2743e6f48037c1f297274826001fe3a6e6d26cd18c648","KEEP_ACTIVE","1"
"E:\P45 프로젝트\experimental\v2.4-1236\sets\sets-1236-pre-reason-fix\set-report.json","experimental\v2.4-1236\sets\sets-1236-pre-reason-fix\set-report.json","set-report.json",".json","358","2026-08-04T21:14:46.1763022+09:00","2ddf8db6254a3a5143ac4e0402614e649ab47cbcc0e0d73fce890fadeb75f92a","KEEP_ACTIVE","3"
"E:\P45 프로젝트\ledger\records\round-1236\locked-report.json","ledger\records\round-1236\locked-report.json","locked-report.json",".json","6977","2026-08-04T20:44:00.2410369+09:00","82ce65513761b3d7df0c029fffa08716ab8cfe57cc609453ed918ec819c23a8a","KEEP_CANONICAL","1"
"E:\P45 프로젝트\ledger\records\round-1236\manifest.json","ledger\records\round-1236\manifest.json","manifest.json",".json","3277","2026-08-04T20:44:00.4259306+09:00","cdfabfe1e5871b50fbabdcb39b90c8ce0f7f2a6452f8df1ca5a2f22570bdff9e","KEEP_CANONICAL","1"
"E:\P45 프로젝트\ledger\records\round-1236\metadata.json","ledger\records\round-1236\metadata.json","metadata.json",".json","401","2026-08-04T20:44:00.4539142+09:00","adfcd0bae24bfbd80c8026fa26506a88b690b37ae6513020facf2d99947853a4","KEEP_ACTIVE","1"
"E:\P45 프로젝트\ledger\records\round-1236\snapshot\phase3-data\metadata.json","ledger\records\round-1236\snapshot\phase3-data\metadata.json","metadata.json",".json","732","2026-08-04T20:20:53.0998017+09:00","13be0e0104c001177c409f4cc650be8feee220f0cc12eae26e75fa3c193a0a95","KEEP_ACTIVE","3"
"E:\P45 프로젝트\ledger\records\round-1236\snapshot\phase3-data\normalized.csv","ledger\records\round-1236\snapshot\phase3-data\normalized.csv","normalized.csv",".csv","42904","2026-08-04T20:20:53.0938059+09:00","a5a33282fa9e6a5265b170086358bf901d3cfdcf6ec7ebc3df6f975ad7b95800","KEEP_ACTIVE","8"
"E:\P45 프로젝트\ledger\records\round-1236\snapshot\phase3-data\validation-report.json","ledger\records\round-1236\snapshot\phase3-data\validation-report.json","validation-report.json",".json","320","2026-08-04T20:20:53.0958045+09:00","a3372579ebd5bde2c43af7350fa7eecc92dc278eba72b6f18a4ed9919095c2eb","KEEP_ACTIVE","3"
"E:\P45 프로젝트\ledger\records\round-1236\snapshot\phase4-structure\analysis-input.csv","ledger\records\round-1236\snapshot\phase4-structure\analysis-input.csv","analysis-input.csv",".csv","42904","2026-08-04T20:23:42.1910418+09:00","a5a33282fa9e6a5265b170086358bf901d3cfdcf6ec7ebc3df6f975ad7b95800","KEEP_ACTIVE","8"
"E:\P45 프로젝트\ledger\records\round-1236\snapshot\phase4-structure\draw-structures.jsonl","ledger\records\round-1236\snapshot\phase4-structure\draw-structures.jsonl","draw-structures.jsonl",".jsonl","293186","2026-08-04T20:23:42.4678843+09:00","282e34a8a796014bd5b530840d0be22c4193b54ee4fb161409b927c7a692b48b","KEEP_ACTIVE","3"
"E:\P45 프로젝트\ledger\records\round-1236\snapshot\phase4-structure\metadata.json","ledger\records\round-1236\snapshot\phase4-structure\metadata.json","metadata.json",".json","628","2026-08-04T20:23:42.6337881+09:00","07d79bcd9c1d8a2688b37090565153f99743146e93040b9740d554af26a7464e","KEEP_ACTIVE","3"
"E:\P45 프로젝트\ledger\records\round-1236\snapshot\phase4-structure\structure-report.json","ledger\records\round-1236\snapshot\phase4-structure\structure-report.json","structure-report.json",".json","38413","2026-08-04T20:23:42.6038051+09:00","534f23856513e6f4c5e1b7d5628513bb91c9bbd01768a772faba6c0dcc98b378","KEEP_ACTIVE","3"
"E:\P45 프로젝트\ledger\records\round-1236\snapshot\phase5-backtest\backtest-report.json","ledger\records\round-1236\snapshot\phase5-backtest\backtest-report.json","backtest-report.json",".json","12094","2026-08-04T20:28:28.9347885+09:00","1484eef4af1aaca1d204bee8d7b2e90c2738319dc6073066d6a52a080519cdfd","KEEP_ACTIVE","3"
"E:\P45 프로젝트\ledger\records\round-1236\snapshot\phase5-backtest\metadata.json","ledger\records\round-1236\snapshot\phase5-backtest\metadata.json","metadata.json",".json","625","2026-08-04T20:28:28.9527790+09:00","6be6bf9c957550f71e7b8bbb092d115c8551d94ab8d663939e024109a8173de4","KEEP_ACTIVE","3"
"E:\P45 프로젝트\ledger\records\round-1236\snapshot\phase5-backtest\return-events.jsonl","ledger\records\round-1236\snapshot\phase5-backtest\return-events.jsonl","return-events.jsonl",".jsonl","260381","2026-08-04T20:28:28.8648325+09:00","ce443aef0dc671b09099e1735bb643202c30597e424eb008ed8f660aed3ec372","KEEP_ACTIVE","4"
"E:\P45 프로젝트\ledger\records\round-1236\snapshot\phase6-candidates\candidate-gates.json","ledger\records\round-1236\snapshot\phase6-candidates\candidate-gates.json","candidate-gates.json",".json","213630","2026-08-04T20:33:39.7965458+09:00","05a34dae58a2a716e7000f6907b63a4505b8569b7ab9fccab3c0d3bd5d7b297d","KEEP_ACTIVE","3"
"E:\P45 프로젝트\ledger\records\round-1236\snapshot\phase6-candidates\candidate-report.json","ledger\records\round-1236\snapshot\phase6-candidates\candidate-report.json","candidate-report.json",".json","988","2026-08-04T20:33:39.7995397+09:00","d887dbc54779cc8b3e43cd012b40065b75c736a89bde2f1dd86eb2e8cf16c8bd","KEEP_ACTIVE","3"
"E:\P45 프로젝트\ledger\records\round-1236\snapshot\phase6-candidates\metadata.json","ledger\records\round-1236\snapshot\phase6-candidates\metadata.json","metadata.json",".json","804","2026-08-04T20:33:41.1867409+09:00","9e88b46b23d67fb92188ac96948dec672570a5cb5b5f7598801d0a800860e795","KEEP_ACTIVE","2"
"E:\P45 프로젝트\ledger\records\round-1236\snapshot\phase7-selection\metadata.json","ledger\records\round-1236\snapshot\phase7-selection\metadata.json","metadata.json",".json","641","2026-08-04T20:36:51.9229562+09:00","e9a90456536ef5faef80acfc6d0de54405364060ab7d55b5ed88ae690cb7a96e","KEEP_ACTIVE","2"
"E:\P45 프로젝트\ledger\records\round-1236\snapshot\phase7-selection\selection-report.json","ledger\records\round-1236\snapshot\phase7-selection\selection-report.json","selection-report.json",".json","4447","2026-08-04T20:36:51.9189593+09:00","fcc14595a9a559fbad1e36fe8898ce610fd3c25880dcb296f81007abd5ad401b","KEEP_ACTIVE","2"
"E:\P45 프로젝트\ledger\records\round-1236\snapshot\phase8-sets\metadata.json","ledger\records\round-1236\snapshot\phase8-sets\metadata.json","metadata.json",".json","709","2026-08-04T20:39:58.6600780+09:00","08a91d069b94e8ded19ff3b73b2d290e56f377bcfd26a09663b0e8a43ecfe5bb","KEEP_ACTIVE","2"
"E:\P45 프로젝트\ledger\records\round-1236\snapshot\phase8-sets\set-report.json","ledger\records\round-1236\snapshot\phase8-sets\set-report.json","set-report.json",".json","287","2026-08-04T20:39:58.6460862+09:00","22b73e8d1a0a918cb040382c12d6bf313a89c76fbab92e438fef77d8739576ef","KEEP_ACTIVE","2"
"E:\P45 프로젝트\ledger-experimental\v2.4-1236\records\round-1236\locked-report.json","ledger-experimental\v2.4-1236\records\round-1236\locked-report.json","locked-report.json",".json","7272","2026-08-04T21:16:24.5638326+09:00","6ab8d4dcc3c58d2b065d65b64ddc7a68c7588bf17b6deef8eee677f6b61dd919","KEEP_CANONICAL","1"
"E:\P45 프로젝트\ledger-experimental\v2.4-1236\records\round-1236\manifest.json","ledger-experimental\v2.4-1236\records\round-1236\manifest.json","manifest.json",".json","3278","2026-08-04T21:16:24.6587776+09:00","cbb0d225d4e37af00020ba3e9a1d44db2ef8384d6c2769258b4fb5466de05d2b","KEEP_CANONICAL","1"
"E:\P45 프로젝트\ledger-experimental\v2.4-1236\records\round-1236\metadata.json","ledger-experimental\v2.4-1236\records\round-1236\metadata.json","metadata.json",".json","384","2026-08-04T21:16:24.6627754+09:00","c6763021e5480c5585d5fffc2dc55e95af97f422de3ee13134442beaf9f9d64a","KEEP_ACTIVE","1"
"E:\P45 프로젝트\ledger-experimental\v2.4-1236\records\round-1236\snapshot\phase3-data\metadata.json","ledger-experimental\v2.4-1236\records\round-1236\snapshot\phase3-data\metadata.json","metadata.json",".json","732","2026-08-04T20:20:53.0998017+09:00","13be0e0104c001177c409f4cc650be8feee220f0cc12eae26e75fa3c193a0a95","KEEP_ACTIVE","3"
"E:\P45 프로젝트\ledger-experimental\v2.4-1236\records\round-1236\snapshot\phase3-data\normalized.csv","ledger-experimental\v2.4-1236\records\round-1236\snapshot\phase3-data\normalized.csv","normalized.csv",".csv","42904","2026-08-04T20:20:53.0938059+09:00","a5a33282fa9e6a5265b170086358bf901d3cfdcf6ec7ebc3df6f975ad7b95800","KEEP_ACTIVE","8"
"E:\P45 프로젝트\ledger-experimental\v2.4-1236\records\round-1236\snapshot\phase3-data\validation-report.json","ledger-experimental\v2.4-1236\records\round-1236\snapshot\phase3-data\validation-report.json","validation-report.json",".json","320","2026-08-04T20:20:53.0958045+09:00","a3372579ebd5bde2c43af7350fa7eecc92dc278eba72b6f18a4ed9919095c2eb","KEEP_ACTIVE","3"
"E:\P45 프로젝트\ledger-experimental\v2.4-1236\records\round-1236\snapshot\phase4-structure\analysis-input.csv","ledger-experimental\v2.4-1236\records\round-1236\snapshot\phase4-structure\analysis-input.csv","analysis-input.csv",".csv","42904","2026-08-04T20:23:42.1910418+09:00","a5a33282fa9e6a5265b170086358bf901d3cfdcf6ec7ebc3df6f975ad7b95800","KEEP_ACTIVE","8"
"E:\P45 프로젝트\ledger-experimental\v2.4-1236\records\round-1236\snapshot\phase4-structure\draw-structures.jsonl","ledger-experimental\v2.4-1236\records\round-1236\snapshot\phase4-structure\draw-structures.jsonl","draw-structures.jsonl",".jsonl","293186","2026-08-04T20:23:42.4678843+09:00","282e34a8a796014bd5b530840d0be22c4193b54ee4fb161409b927c7a692b48b","KEEP_ACTIVE","3"
"E:\P45 프로젝트\ledger-experimental\v2.4-1236\records\round-1236\snapshot\phase4-structure\metadata.json","ledger-experimental\v2.4-1236\records\round-1236\snapshot\phase4-structure\metadata.json","metadata.json",".json","628","2026-08-04T20:23:42.6337881+09:00","07d79bcd9c1d8a2688b37090565153f99743146e93040b9740d554af26a7464e","KEEP_ACTIVE","3"
"E:\P45 프로젝트\ledger-experimental\v2.4-1236\records\round-1236\snapshot\phase4-structure\structure-report.json","ledger-experimental\v2.4-1236\records\round-1236\snapshot\phase4-structure\structure-report.json","structure-report.json",".json","38413","2026-08-04T20:23:42.6038051+09:00","534f23856513e6f4c5e1b7d5628513bb91c9bbd01768a772faba6c0dcc98b378","KEEP_ACTIVE","3"
"E:\P45 프로젝트\ledger-experimental\v2.4-1236\records\round-1236\snapshot\phase5-backtest\backtest-report.json","ledger-experimental\v2.4-1236\records\round-1236\snapshot\phase5-backtest\backtest-report.json","backtest-report.json",".json","12094","2026-08-04T20:28:28.9347885+09:00","1484eef4af1aaca1d204bee8d7b2e90c2738319dc6073066d6a52a080519cdfd","KEEP_ACTIVE","3"
"E:\P45 프로젝트\ledger-experimental\v2.4-1236\records\round-1236\snapshot\phase5-backtest\metadata.json","ledger-experimental\v2.4-1236\records\round-1236\snapshot\phase5-backtest\metadata.json","metadata.json",".json","625","2026-08-04T20:28:28.9527790+09:00","6be6bf9c957550f71e7b8bbb092d115c8551d94ab8d663939e024109a8173de4","KEEP_ACTIVE","3"
"E:\P45 프로젝트\ledger-experimental\v2.4-1236\records\round-1236\snapshot\phase5-backtest\return-events.jsonl","ledger-experimental\v2.4-1236\records\round-1236\snapshot\phase5-backtest\return-events.jsonl","return-events.jsonl",".jsonl","260381","2026-08-04T20:28:28.8648325+09:00","ce443aef0dc671b09099e1735bb643202c30597e424eb008ed8f660aed3ec372","KEEP_ACTIVE","4"
"E:\P45 프로젝트\ledger-experimental\v2.4-1236\records\round-1236\snapshot\phase6-candidates\candidate-gates.json","ledger-experimental\v2.4-1236\records\round-1236\snapshot\phase6-candidates\candidate-gates.json","candidate-gates.json",".json","222914","2026-08-04T21:14:27.7349238+09:00","7075e7692870973a662beaca00ce63056134ca6198bd05fd41fe2d1d91318bc4","KEEP_ACTIVE","2"
"E:\P45 프로젝트\ledger-experimental\v2.4-1236\records\round-1236\snapshot\phase6-candidates\candidate-report.json","ledger-experimental\v2.4-1236\records\round-1236\snapshot\phase6-candidates\candidate-report.json","candidate-report.json",".json","1698","2026-08-04T21:14:27.7569112+09:00","ce596410817f2424ea542f8a7a87bbcc56c099b1ca6746e9869361ffc78a3a6c","KEEP_ACTIVE","2"
"E:\P45 프로젝트\ledger-experimental\v2.4-1236\records\round-1236\snapshot\phase6-candidates\metadata.json","ledger-experimental\v2.4-1236\records\round-1236\snapshot\phase6-candidates\metadata.json","metadata.json",".json","920","2026-08-04T21:14:27.7679044+09:00","55f02826a2a4f7c748fcd1fe8777694f1afe1d22ad20ff4cde0feb41a5d39cb3","KEEP_ACTIVE","2"
"E:\P45 프로젝트\ledger-experimental\v2.4-1236\records\round-1236\snapshot\phase7-selection\metadata.json","ledger-experimental\v2.4-1236\records\round-1236\snapshot\phase7-selection\metadata.json","metadata.json",".json","647","2026-08-04T21:16:09.6981296+09:00","ac11afc2dde79a0ba0e2a241ffceff761a8cd58cc1cb143b86bf8a7af7f9b461","KEEP_ACTIVE","2"
"E:\P45 프로젝트\ledger-experimental\v2.4-1236\records\round-1236\snapshot\phase7-selection\selection-report.json","ledger-experimental\v2.4-1236\records\round-1236\snapshot\phase7-selection\selection-report.json","selection-report.json",".json","4074","2026-08-04T21:16:09.6941315+09:00","0612fd3d8c51874680d664a80455e9b71ab3e0dfbe2643239d522d47682d2f58","KEEP_ACTIVE","2"
"E:\P45 프로젝트\ledger-experimental\v2.4-1236\records\round-1236\snapshot\phase8-sets\metadata.json","ledger-experimental\v2.4-1236\records\round-1236\snapshot\phase8-sets\metadata.json","metadata.json",".json","740","2026-08-04T21:16:09.7211168+09:00","25783b5e5f2e196b23e7a4499112c8e304b6a1af030d758b7854f178fb6dbff7","KEEP_ACTIVE","2"
"E:\P45 프로젝트\ledger-experimental\v2.4-1236\records\round-1236\snapshot\phase8-sets\set-report.json","ledger-experimental\v2.4-1236\records\round-1236\snapshot\phase8-sets\set-report.json","set-report.json",".json","358","2026-08-04T21:16:09.7151190+09:00","2ddf8db6254a3a5143ac4e0402614e649ab47cbcc0e0d73fce890fadeb75f92a","KEEP_ACTIVE","3"
"E:\P45 프로젝트\selections\selection-1236\metadata.json","selections\selection-1236\metadata.json","metadata.json",".json","641","2026-08-04T20:36:51.9229562+09:00","e9a90456536ef5faef80acfc6d0de54405364060ab7d55b5ed88ae690cb7a96e","KEEP_ACTIVE","2"
"E:\P45 프로젝트\selections\selection-1236\selection-report.json","selections\selection-1236\selection-report.json","selection-report.json",".json","4447","2026-08-04T20:36:51.9189593+09:00","fcc14595a9a559fbad1e36fe8898ce610fd3c25880dcb296f81007abd5ad401b","KEEP_ACTIVE","2"
"E:\P45 프로젝트\sets\sets-1236\metadata.json","sets\sets-1236\metadata.json","metadata.json",".json","709","2026-08-04T20:39:58.6600780+09:00","08a91d069b94e8ded19ff3b73b2d290e56f377bcfd26a09663b0e8a43ecfe5bb","KEEP_ACTIVE","2"
"E:\P45 프로젝트\sets\sets-1236\set-report.json","sets\sets-1236\set-report.json","set-report.json",".json","287","2026-08-04T20:39:58.6460862+09:00","22b73e8d1a0a918cb040382c12d6bf313a89c76fbab92e438fef77d8739576ef","KEEP_ACTIVE","2"
"E:\P45 프로젝트\src\p45\__init__.py","src\p45\__init__.py","__init__.py",".py","50","2026-08-04T19:58:49.7370539+09:00","624c42d53558073b5ab8c5488bd8bacb0038fc2a02d4cf71ccccafda177ab926","KEEP_RUNTIME","1"
"E:\P45 프로젝트\src\p45\__main__.py","src\p45\__main__.py","__main__.py",".py","48","2026-08-04T19:58:52.3411035+09:00","935a1c1166b0c1ea35a82256345000bf2c73ded718d77773bc27a71ecce28f7d","KEEP_RUNTIME","1"
"E:\P45 프로젝트\src\p45\backtest.py","src\p45\backtest.py","backtest.py",".py","12661","2026-08-04T20:28:10.0797878+09:00","bcf8b667c30515bb8a16991ac88d55d07db5af60fe23177cc80bc6987a905a0d","KEEP_RUNTIME","1"
"E:\P45 프로젝트\src\p45\candidates.py","src\p45\candidates.py","candidates.py",".py","14559","2026-08-04T20:33:28.1854937+09:00","e63c2a4efc957610ede285cd61d262753a5dc9ec104950240efe373fe9c9ae8c","KEEP_RUNTIME","1"
"E:\P45 프로젝트\src\p45\cli.py","src\p45\cli.py","cli.py",".py","13557","2026-08-04T20:43:34.9218270+09:00","e6794b8b72d241c28487bbe77d41aff06532aed691d8384a99385921ebd67e0d","KEEP_RUNTIME","1"
"E:\P45 프로젝트\src\p45\data.py","src\p45\data.py","data.py",".py","6632","2026-08-04T19:58:55.9192954+09:00","2a48841b85335727222526b8532dd4a4a245b75438c510f31cfa92338af8e016","KEEP_RUNTIME","1"
"E:\P45 프로젝트\src\p45\experiment_v24.py","src\p45\experiment_v24.py","experiment_v24.py",".py","13069","2026-08-04T21:13:59.6391628+09:00","87a6df40458e6cdb9f882124d59d1e64b3f41d1676d9c2810d4dd4340e71b8c6","KEEP_RUNTIME","1"
"E:\P45 프로젝트\src\p45\fetch.py","src\p45\fetch.py","fetch.py",".py","8871","2026-08-04T20:16:55.1476680+09:00","57cd6cded24a6d722084d561fc87c1690e78434856c09c3cbd28392eb4c942b1","KEEP_RUNTIME","1"
"E:\P45 프로젝트\src\p45\ledger.py","src\p45\ledger.py","ledger.py",".py","13843","2026-08-04T21:15:49.6830861+09:00","d570b2de85d5f18fd499eef1046a4a5bccce1089301937a77fac85dbfd832b8c","KEEP_RUNTIME","1"
"E:\P45 프로젝트\src\p45\placement.py","src\p45\placement.py","placement.py",".py","8442","2026-08-04T20:39:27.1382835+09:00","88db36c7eeb89e6226d345503e373764ace0e40a5a2c833d3bcd01ab6ef1880a","KEEP_RUNTIME","1"
"E:\P45 프로젝트\src\p45\selection.py","src\p45\selection.py","selection.py",".py","10410","2026-08-04T21:15:44.7109390+09:00","a21dc46d081b67399f7af320bdce4c15508d395b70a3b0723e3ade591c21341e","KEEP_RUNTIME","1"
"E:\P45 프로젝트\src\p45\structure.py","src\p45\structure.py","structure.py",".py","9220","2026-08-04T20:22:58.4537637+09:00","d4086c3405ce787dee28e3c9c2de78af37aefa2567ca3cc8283da2e33d3226d8","KEEP_RUNTIME","1"
"E:\P45 프로젝트\src\p45\validate.py","src\p45\validate.py","validate.py",".py","9128","2026-08-04T20:20:20.6254335+09:00","7f28b1149edc2a7d301afa3c5caf62ab8087806b4d8e7da99dacd847f4b1c6a0","KEEP_RUNTIME","1"
"E:\P45 프로젝트\src\p45\webapp.py","src\p45\webapp.py","webapp.py",".py","13843","2026-08-04T21:17:48.9354170+09:00","9ff7c91983f369e1fc3fdf566ca8a6982c456356d7442d22ba87d8016077c209","KEEP_RUNTIME","1"
"E:\P45 프로젝트\src\p45\__pycache__\__init__.cpython-312.pyc","src\p45\__pycache__\__init__.cpython-312.pyc","__init__.cpython-312.pyc",".pyc","203","2026-08-04T19:59:37.0781862+09:00","f2a96df34b1d924340880d09c1fe1abb769829c9d9d00a5e0fa564c4344f0b71","TEMP_CANDIDATE","1"
"E:\P45 프로젝트\src\p45\__pycache__\__main__.cpython-312.pyc","src\p45\__pycache__\__main__.cpython-312.pyc","__main__.cpython-312.pyc",".pyc","222","2026-08-04T20:17:21.1792407+09:00","35fceecf41d97770c24903411fb9cfc5b9f16cc6013fabf6cff361d29d2d440a","TEMP_CANDIDATE","1"
"E:\P45 프로젝트\src\p45\__pycache__\backtest.cpython-312.pyc","src\p45\__pycache__\backtest.cpython-312.pyc","backtest.cpython-312.pyc",".pyc","17521","2026-08-04T20:28:27.3775724+09:00","48a1ebc2f3650769dc68b891ed63cf2bdeb25ac9946e67c17c48f1f9a103738f","TEMP_CANDIDATE","1"
"E:\P45 프로젝트\src\p45\__pycache__\candidates.cpython-312.pyc","src\p45\__pycache__\candidates.cpython-312.pyc","candidates.cpython-312.pyc",".pyc","17321","2026-08-04T20:33:37.0240863+09:00","53767d4a8b8002cfe7948662d9bbd13f208a629d21e6e21e75ce41403ddb034f","TEMP_CANDIDATE","1"
"E:\P45 프로젝트\src\p45\__pycache__\cli.cpython-312.pyc","src\p45\__pycache__\cli.cpython-312.pyc","cli.cpython-312.pyc",".pyc","18533","2026-08-04T20:43:59.1346720+09:00","682f77bfd8adcc69de12516a42b982a7f4e7720d6aa96816abc48ca51b6df736","TEMP_CANDIDATE","1"
"E:\P45 프로젝트\src\p45\__pycache__\data.cpython-312.pyc","src\p45\__pycache__\data.cpython-312.pyc","data.cpython-312.pyc",".pyc","10707","2026-08-04T19:59:37.0951768+09:00","d02ffd22197a90d1fc87b815db6749c6481a87373285d9f34ccf60bbdee56ff0","TEMP_CANDIDATE","1"
"E:\P45 프로젝트\src\p45\__pycache__\experiment_v24.cpython-312.pyc","src\p45\__pycache__\experiment_v24.cpython-312.pyc","experiment_v24.cpython-312.pyc",".pyc","17201","2026-08-04T21:14:13.8730031+09:00","4535d75ed1f702099dee8a73735f4c3dd6a26c0dd0f802acc7830c1a9bcdc42d","TEMP_CANDIDATE","1"
"E:\P45 프로젝트\src\p45\__pycache__\fetch.cpython-312.pyc","src\p45\__pycache__\fetch.cpython-312.pyc","fetch.cpython-312.pyc",".pyc","13428","2026-08-04T20:17:12.3149987+09:00","da81a5d9bd1e046e91cfbe043572e30163349028f2eac67868c96796b231f828","TEMP_CANDIDATE","1"
"E:\P45 프로젝트\src\p45\__pycache__\ledger.cpython-312.pyc","src\p45\__pycache__\ledger.cpython-312.pyc","ledger.cpython-312.pyc",".pyc","16629","2026-08-04T21:16:08.2888195+09:00","af7a49c986008dc7da8b7daeb9479248cc5ca1f620757d1d47feeaf440e2375d","TEMP_CANDIDATE","1"
"E:\P45 프로젝트\src\p45\__pycache__\placement.cpython-312.pyc","src\p45\__pycache__\placement.cpython-312.pyc","placement.cpython-312.pyc",".pyc","11421","2026-08-04T20:39:49.4042716+09:00","76de1f5443088f5846f406e1df37b7c3a91b9d4b92eafd3d23aceed39d543ba8","TEMP_CANDIDATE","1"
"E:\P45 프로젝트\src\p45\__pycache__\selection.cpython-312.pyc","src\p45\__pycache__\selection.cpython-312.pyc","selection.cpython-312.pyc",".pyc","14233","2026-08-04T21:16:08.3357927+09:00","2a192762a50df2db10fcafb2f4e9fd44544f9f906ef14248f3a41f8e04ebb734","TEMP_CANDIDATE","1"
"E:\P45 프로젝트\src\p45\__pycache__\structure.cpython-312.pyc","src\p45\__pycache__\structure.cpython-312.pyc","structure.cpython-312.pyc",".pyc","14511","2026-08-04T20:23:21.5035981+09:00","478cbe5e95e77e825b577cdfe0c1efddc184aafe30ed3a5484b5f6c77c462633","TEMP_CANDIDATE","1"
"E:\P45 프로젝트\src\p45\__pycache__\validate.cpython-312.pyc","src\p45\__pycache__\validate.cpython-312.pyc","validate.cpython-312.pyc",".pyc","13341","2026-08-04T20:20:44.8875076+09:00","3aacd63b90ef710968135b9d2d5b2b2e5d7275c3edfda369ac3b927806ca9c69","TEMP_CANDIDATE","1"
"E:\P45 프로젝트\src\p45\__pycache__\webapp.cpython-312.pyc","src\p45\__pycache__\webapp.cpython-312.pyc","webapp.cpython-312.pyc",".pyc","18103","2026-08-04T21:18:15.4001945+09:00","bbca9be99333e3bb6c7e518ca9f6a260eb19e00ac5d7122e5380621c87135fc7","TEMP_CANDIDATE","1"
"E:\P45 프로젝트\src\p45_experiments\__init__.py","src\p45_experiments\__init__.py","__init__.py",".py","74","2026-08-16T15:47:46.6175136+09:00","ac1e72a183a29316129eb17bd51c352159c55c92d38cc46e70943fab47418192","KEEP_RUNTIME","1"
"E:\P45 프로젝트\src\p45_experiments\batch_settlement_exp004_016.py","src\p45_experiments\batch_settlement_exp004_016.py","batch_settlement_exp004_016.py",".py","21056","2026-08-21T15:42:16.2864630+09:00","508971e38d76e19d938ac10b1214d644d25f3c6b8dd426a791b9e84c1f896769","KEEP_ACTIVE_AUDIT_EVIDENCE","1"
"E:\P45 프로젝트\src\p45_experiments\exp001\__init__.py","src\p45_experiments\exp001\__init__.py","__init__.py",".py","205","2026-08-16T15:47:55.0148545+09:00","8b55f0260b9d781cd83ba380ae086b240ca6774e03f13a6ea40069bd3ef20ebf","KEEP_RUNTIME","1"
"E:\P45 프로젝트\src\p45_experiments\exp001\calculator.py","src\p45_experiments\exp001\calculator.py","calculator.py",".py","7882","2026-08-16T15:52:20.7804368+09:00","4e5f2073be758274d22032e4458f34c535554086524f19c385f2353b272b51f2","KEEP_RUNTIME","1"
"E:\P45 프로젝트\src\p45_experiments\exp001\constants.py","src\p45_experiments\exp001\constants.py","constants.py",".py","635","2026-08-16T15:47:59.7566476+09:00","0ae4fb42491b0d4a4c642c6e3de375dccba609901ba03552bc51baf6992b518b","KEEP_RUNTIME","1"
"E:\P45 프로젝트\src\p45_experiments\exp001\fixed_marginal.js","src\p45_experiments\exp001\fixed_marginal.js","fixed_marginal.js",".js","3574","2026-08-16T16:09:44.8934224+09:00","48afa1f81d076e1dfc5d653d08efa0ff945b1b82796fdbd01ec775490d580bb3","KEEP_RUNTIME","1"
"E:\P45 프로젝트\src\p45_experiments\exp001\prepare.py","src\p45_experiments\exp001\prepare.py","prepare.py",".py","1865","2026-08-16T15:48:31.6912628+09:00","42a08b7be288b626950e811da010b9060455e79fde4ebac2b8c4e7af1812d4c4","KEEP_RUNTIME","1"
"E:\P45 프로젝트\src\p45_experiments\exp001\protocol.py","src\p45_experiments\exp001\protocol.py","protocol.py",".py","3361","2026-08-16T15:48:15.0938987+09:00","9e246a23885cd156c0a7e2cae3ae0a82d88d735bd3dff217f83ce9afd3f36f28","KEEP_RUNTIME","1"
"E:\P45 프로젝트\src\p45_experiments\exp001\run_locked.py","src\p45_experiments\exp001\run_locked.py","run_locked.py",".py","30151","2026-08-16T16:12:29.7435954+09:00","9273dcc9f6f47d9c4f1a2ffd4cdf9f4e7a4b35f7e648705f3baee86b6992f7e2","KEEP_RUNTIME","1"
"E:\P45 프로젝트\src\p45_experiments\exp001\snapshot.py","src\p45_experiments\exp001\snapshot.py","snapshot.py",".py","4460","2026-08-16T15:48:07.8290344+09:00","e99b60bcfe334ac4c30c9871e002de24fcde11de8e6215621521b238978adf23","KEEP_RUNTIME","1"
"E:\P45 프로젝트\src\p45_experiments\exp001\store.py","src\p45_experiments\exp001\store.py","store.py",".py","4764","2026-08-16T15:49:27.3576151+09:00","ccba3221067106b872c7ff88ad0cd699e467417c95a55d8b5c0d8542b4233f8b","KEEP_RUNTIME","1"
"E:\P45 프로젝트\src\p45_experiments\exp001\verify.py","src\p45_experiments\exp001\verify.py","verify.py",".py","4521","2026-08-16T15:50:49.5294546+09:00","50a3a3241f8c4b17f750b5ec8a38cd42e38a4b351b6b4572024eed5125304ba6","KEEP_RUNTIME","1"
"E:\P45 프로젝트\src\p45_experiments\exp001\walkforward_guard.py","src\p45_experiments\exp001\walkforward_guard.py","walkforward_guard.py",".py","902","2026-08-16T15:50:46.3314641+09:00","6c6bfc79cde13da42f7bd173a874858b591657d8e0b758eed74ce9cb5cd99054","KEEP_RUNTIME","1"
"E:\P45 프로젝트\src\p45_experiments\exp001\__pycache__\__init__.cpython-312.pyc","src\p45_experiments\exp001\__pycache__\__init__.cpython-312.pyc","__init__.cpython-312.pyc",".pyc","361","2026-08-16T16:12:45.3617082+09:00","60ba3dc665bbf948470eb8bacf9f13748686fd7375d61eb7ac20873a28c81294","TEMP_CANDIDATE","1"
"E:\P45 프로젝트\src\p45_experiments\exp001\__pycache__\__init__.cpython-314.pyc","src\p45_experiments\exp001\__pycache__\__init__.cpython-314.pyc","__init__.cpython-314.pyc",".pyc","358","2026-08-16T15:48:44.9509586+09:00","5d7ad2a6c39cdcf429b5f0dfe8f55ebe78b5202f082f172b9d5a4765b4aeede1","TEMP_CANDIDATE","1"
"E:\P45 프로젝트\src\p45_experiments\exp001\__pycache__\calculator.cpython-312.pyc","src\p45_experiments\exp001\__pycache__\calculator.cpython-312.pyc","calculator.cpython-312.pyc",".pyc","13325","2026-08-16T16:12:46.3754137+09:00","1736275bbf5d6b75a0acf51cdbe4b0f9f995fb102835df66a8048986cd38ffd0","TEMP_CANDIDATE","1"
"E:\P45 프로젝트\src\p45_experiments\exp001\__pycache__\calculator.cpython-314.pyc","src\p45_experiments\exp001\__pycache__\calculator.cpython-314.pyc","calculator.cpython-314.pyc",".pyc","16580","2026-08-16T15:52:32.9201822+09:00","8e67a5c3cbd02d4cc487054a66a3afca2eb8870688234b63eaaadfe9ad6de685","TEMP_CANDIDATE","1"
"E:\P45 프로젝트\src\p45_experiments\exp001\__pycache__\constants.cpython-312.pyc","src\p45_experiments\exp001\__pycache__\constants.cpython-312.pyc","constants.cpython-312.pyc",".pyc","959","2026-08-16T16:12:45.3846955+09:00","4c9110f5365dfb396b4f59f6c3a27a942d9f33f8c8d998bc3cfb6e4e2d689af8","TEMP_CANDIDATE","1"
"E:\P45 프로젝트\src\p45_experiments\exp001\__pycache__\constants.cpython-314.pyc","src\p45_experiments\exp001\__pycache__\constants.cpython-314.pyc","constants.cpython-314.pyc",".pyc","931","2026-08-16T15:48:44.9549564+09:00","30475b9622ec1844732cacdac5a0a205b03facb88bc4bd67ecf2f6cefb0065db","TEMP_CANDIDATE","1"
"E:\P45 프로젝트\src\p45_experiments\exp001\__pycache__\prepare.cpython-314.pyc","src\p45_experiments\exp001\__pycache__\prepare.cpython-314.pyc","prepare.cpython-314.pyc",".pyc","3032","2026-08-16T15:48:45.0189196+09:00","23a70d02de6d4c61cc5ffdbc28eb9419f6b6a9bb79fa09eaa3a4efe48b798210","TEMP_CANDIDATE","1"
"E:\P45 프로젝트\src\p45_experiments\exp001\__pycache__\protocol.cpython-312.pyc","src\p45_experiments\exp001\__pycache__\protocol.cpython-312.pyc","protocol.cpython-312.pyc",".pyc","4291","2026-08-16T16:12:46.4933456+09:00","b81b2e69a208f65230f0a8b557c0df0090458f3a3f1ad04089362a5b4d183921","TEMP_CANDIDATE","1"
"E:\P45 프로젝트\src\p45_experiments\exp001\__pycache__\protocol.cpython-314.pyc","src\p45_experiments\exp001\__pycache__\protocol.cpython-314.pyc","protocol.cpython-314.pyc",".pyc","5089","2026-08-16T15:48:45.3327406+09:00","589675ac142acbfe7d45031455b8ecc7eb276e384317179f351a918917f5c562","TEMP_CANDIDATE","1"
"E:\P45 프로젝트\src\p45_experiments\exp001\__pycache__\run_locked.cpython-312.pyc","src\p45_experiments\exp001\__pycache__\run_locked.cpython-312.pyc","run_locked.cpython-312.pyc",".pyc","50228","2026-08-16T16:12:45.0307887+09:00","90d3bfaaa6624f144726078246d1063af2600049d26d66c1c2cd94bfbe4508df","TEMP_CANDIDATE","1"
"E:\P45 프로젝트\src\p45_experiments\exp001\__pycache__\snapshot.cpython-312.pyc","src\p45_experiments\exp001\__pycache__\snapshot.cpython-312.pyc","snapshot.cpython-312.pyc",".pyc","8589","2026-08-16T16:12:46.4443748+09:00","741f784b5af39f1dde1edc0f50d3754f2be4e2248bb13961927c8e82877739ca","TEMP_CANDIDATE","1"
"E:\P45 프로젝트\src\p45_experiments\exp001\__pycache__\snapshot.cpython-314.pyc","src\p45_experiments\exp001\__pycache__\snapshot.cpython-314.pyc","snapshot.cpython-314.pyc",".pyc","10180","2026-08-16T15:48:45.3017587+09:00","9aaf2585ab8d94085d3366a74386733d77bf30df83260b0fb7fc8e8a07487ee6","TEMP_CANDIDATE","1"
"E:\P45 프로젝트\src\p45_experiments\exp001\__pycache__\store.cpython-312.pyc","src\p45_experiments\exp001\__pycache__\store.cpython-312.pyc","store.cpython-312.pyc",".pyc","6870","2026-08-16T16:12:45.4626511+09:00","6b0318bbd7be179725f2ef60255b830b20f05a3f7f2f30ff7806ca0b54a59c82","TEMP_CANDIDATE","1"
"E:\P45 프로젝트\src\p45_experiments\exp001\__pycache__\store.cpython-314.pyc","src\p45_experiments\exp001\__pycache__\store.cpython-314.pyc","store.cpython-314.pyc",".pyc","7977","2026-08-16T15:49:44.6299293+09:00","40274ffcaec7b70a01e8de8ab3bafbe72cabad571447477ee67a01b3661d0ecf","TEMP_CANDIDATE","1"
"E:\P45 프로젝트\src\p45_experiments\exp001\__pycache__\verify.cpython-314.pyc","src\p45_experiments\exp001\__pycache__\verify.cpython-314.pyc","verify.cpython-314.pyc",".pyc","7433","2026-08-16T15:51:03.5265255+09:00","3dc8b93a1e7defbc7a68ebbe5a6e90012b8b56b11b6dd65d6f5a5bf993c74215","TEMP_CANDIDATE","1"
"E:\P45 프로젝트\src\p45_experiments\exp001\__pycache__\walkforward_guard.cpython-314.pyc","src\p45_experiments\exp001\__pycache__\walkforward_guard.cpython-314.pyc","walkforward_guard.cpython-314.pyc",".pyc","2312","2026-08-16T15:51:02.7879724+09:00","6584481bb9d6091115111e465e0775b9e24ebc5991a24a850c486804699b0031","TEMP_CANDIDATE","1"
"E:\P45 프로젝트\src\p45_experiments\exp002\__init__.py","src\p45_experiments\exp002\__init__.py","__init__.py",".py","163","2026-08-16T17:06:06.3896164+09:00","27611836fa728a5cd087890cf8cc6b5b9221c499f709cb081960ec6c71810eb0","KEEP_RUNTIME","1"
"E:\P45 프로젝트\src\p45_experiments\exp002\coverage_audit.py","src\p45_experiments\exp002\coverage_audit.py","coverage_audit.py",".py","8066","2026-08-16T17:09:18.5833658+09:00","3e963870a0be6cddec89abed3fa597d0414bea2dbee02c03de14d2d939edeb42","KEEP_RUNTIME","1"
"E:\P45 프로젝트\src\p45_experiments\exp002\fallback.py","src\p45_experiments\exp002\fallback.py","fallback.py",".py","1523","2026-08-16T17:47:56.3704100+09:00","54e1639cb9b56c64a52c000b4c4e9db7559adcdba227caf30cf828f3755df04d","KEEP_RUNTIME","1"
"E:\P45 프로젝트\src\p45_experiments\exp002\locked_run.py","src\p45_experiments\exp002\locked_run.py","locked_run.py",".py","17486","2026-08-16T18:26:42.2762839+09:00","0da853b8c4a2168559893e5b960f3196fcf8a1d03c3dd6fa6f35de79111b6bd4","KEEP_RUNTIME","1"
"E:\P45 프로젝트\src\p45_experiments\exp002\storage.py","src\p45_experiments\exp002\storage.py","storage.py",".py","5821","2026-08-16T17:47:59.7939625+09:00","9d26e13dbd36dba75be86734e0003c8b125d91f0b52746eb8569360c3d35413f","KEEP_RUNTIME","1"
"E:\P45 프로젝트\src\p45_experiments\exp002\__pycache__\__init__.cpython-312.pyc","src\p45_experiments\exp002\__pycache__\__init__.cpython-312.pyc","__init__.cpython-312.pyc",".pyc","342","2026-08-16T17:07:32.0544203+09:00","22fd4a0e8fcce07329672d2f8f488e2f694ad87eacb0c4dbb42f2462f4a1452c","TEMP_CANDIDATE","1"
"E:\P45 프로젝트\src\p45_experiments\exp002\__pycache__\coverage_audit.cpython-312.pyc","src\p45_experiments\exp002\__pycache__\coverage_audit.cpython-312.pyc","coverage_audit.cpython-312.pyc",".pyc","16668","2026-08-16T17:09:29.9156687+09:00","0f91e57d9ff84b4ee8462a314457a6982f1a57f2ec42c397c2f434cfcdf1ee0e","TEMP_CANDIDATE","1"
"E:\P45 프로젝트\src\p45_experiments\exp002\__pycache__\fallback.cpython-312.pyc","src\p45_experiments\exp002\__pycache__\fallback.cpython-312.pyc","fallback.cpython-312.pyc",".pyc","2349","2026-08-16T17:50:04.9035093+09:00","4684ff54934b6c11f0749e6213bd3f669fab4fbb65c55b8871a93d9ba14f3b99","TEMP_CANDIDATE","1"
"E:\P45 프로젝트\src\p45_experiments\exp002\__pycache__\locked_run.cpython-312.pyc","src\p45_experiments\exp002\__pycache__\locked_run.cpython-312.pyc","locked_run.cpython-312.pyc",".pyc","32057","2026-08-16T18:26:59.3641054+09:00","fd8f93191395572859077fa4cb6748dddeff25a93799a86bdf138c6cc86c1ca3","TEMP_CANDIDATE","1"
"E:\P45 프로젝트\src\p45_experiments\exp002\__pycache__\storage.cpython-312.pyc","src\p45_experiments\exp002\__pycache__\storage.cpython-312.pyc","storage.cpython-312.pyc",".pyc","7067","2026-08-16T17:50:04.8995119+09:00","9a036310a15f159e7dd27b9f88ad173b25b0f1145b4fa99ca432bde0ea04409b","TEMP_CANDIDATE","1"
"E:\P45 프로젝트\src\p45_experiments\exp002_v2\__init__.py","src\p45_experiments\exp002_v2\__init__.py","__init__.py",".py","65","2026-08-16T20:01:19.4384718+09:00","d29032f71a9411b2ace0ecd03cca9261ecb5c895af0cef3f4c747ed62d406f53","KEEP_RUNTIME","1"
"E:\P45 프로젝트\src\p45_experiments\exp002_v2\locked_run.py","src\p45_experiments\exp002_v2\locked_run.py","locked_run.py",".py","10899","2026-08-16T20:01:50.7634762+09:00","808217b2eb5f293e1685b5d32b9eea227e75b2fdfb6280cf5f618556a8b21153","KEEP_RUNTIME","1"
"E:\P45 프로젝트\src\p45_experiments\exp002_v2\__pycache__\__init__.cpython-312.pyc","src\p45_experiments\exp002_v2\__pycache__\__init__.cpython-312.pyc","__init__.cpython-312.pyc",".pyc","234","2026-08-16T20:01:59.5385817+09:00","155f4b09ee8a2dcf4f7fff9a38ef80263f06304cbf501d6411cba25f6c919870","TEMP_CANDIDATE","1"
"E:\P45 프로젝트\src\p45_experiments\exp002_v2\__pycache__\locked_run.cpython-312.pyc","src\p45_experiments\exp002_v2\__pycache__\locked_run.cpython-312.pyc","locked_run.cpython-312.pyc",".pyc","24959","2026-08-16T20:01:59.3768941+09:00","093f2779ace46958ed06c6627b698233e3bca598edd5d60cf53b6131f49ab494","TEMP_CANDIDATE","1"
"E:\P45 프로젝트\src\p45_experiments\exp003\__init__.py","src\p45_experiments\exp003\__init__.py","__init__.py",".py","66","2026-08-16T20:33:19.0910061+09:00","4d2314203bd9a8410554205a8d26806a7877c3c8309322e75d7653f440947d9f","KEEP_RUNTIME","1"
"E:\P45 프로젝트\src\p45_experiments\exp003\calculator.py","src\p45_experiments\exp003\calculator.py","calculator.py",".py","2244","2026-08-16T20:33:21.8857370+09:00","193018170f4dfe825db07e2feb569f2bb80d3e6c14a28d516b43d1e064c65b86","KEEP_RUNTIME","1"
"E:\P45 프로젝트\src\p45_experiments\exp003\run_locked.py","src\p45_experiments\exp003\run_locked.py","run_locked.py",".py","18262","2026-08-16T20:52:33.0357826+09:00","ce2ac363b6553b9264b979bf5f2cbeb808e2e03e55d7258da7475f034a5064ff","KEEP_RUNTIME","1"
"E:\P45 프로젝트\src\p45_experiments\exp003\storage.py","src\p45_experiments\exp003\storage.py","storage.py",".py","2270","2026-08-16T20:33:24.7612338+09:00","0bb3b7123bb1feb09506e569e9903fd489ba88eb5248bace6403b568f6cf678a","KEEP_RUNTIME","1"
"E:\P45 프로젝트\src\p45_experiments\exp003\verify.py","src\p45_experiments\exp003\verify.py","verify.py",".py","4982","2026-08-16T20:36:23.2532303+09:00","ec59c7a6b9bfb347a38410d3c7427520976e4d43d476a50e4d2430ec4f6032bd","KEEP_RUNTIME","1"
"E:\P45 프로젝트\src\p45_experiments\exp003\__pycache__\__init__.cpython-312.pyc","src\p45_experiments\exp003\__pycache__\__init__.cpython-312.pyc","__init__.cpython-312.pyc",".pyc","232","2026-08-16T20:35:25.3109107+09:00","1a61882b15a0b3bf09ed94c60e170d4143e25473675c0954a1979d60d6ee38df","TEMP_CANDIDATE","1"
"E:\P45 프로젝트\src\p45_experiments\exp003\__pycache__\calculator.cpython-312.pyc","src\p45_experiments\exp003\__pycache__\calculator.cpython-312.pyc","calculator.cpython-312.pyc",".pyc","6159","2026-08-16T20:36:32.4475051+09:00","67f61b614e2c2fdc602e8b245bb7956a420f19c2dc6800f881cb3a55be6f4751","TEMP_CANDIDATE","1"
"E:\P45 프로젝트\src\p45_experiments\exp003\__pycache__\run_locked.cpython-312.pyc","src\p45_experiments\exp003\__pycache__\run_locked.cpython-312.pyc","run_locked.cpython-312.pyc",".pyc","26199","2026-08-16T20:52:44.3848904+09:00","39edb0e7f10a21e86e552faf47f28fe5212c7e3452a22ef8c472c9b057de43ce","TEMP_CANDIDATE","1"
"E:\P45 프로젝트\src\p45_experiments\exp003\__pycache__\storage.cpython-312.pyc","src\p45_experiments\exp003\__pycache__\storage.cpython-312.pyc","storage.cpython-312.pyc",".pyc","3071","2026-08-16T20:36:32.4565002+09:00","49760430165df42b4ef65050f9ef90c007875cce056726dab6a731a6f9a48405","TEMP_CANDIDATE","1"
"E:\P45 프로젝트\src\p45_experiments\exp003\__pycache__\verify.cpython-312.pyc","src\p45_experiments\exp003\__pycache__\verify.cpython-312.pyc","verify.cpython-312.pyc",".pyc","7697","2026-08-16T20:36:32.4654945+09:00","6e5fd6da1fa2c4b256b8afac55dd4d138d5a6de39109eb2088f980c83b0c7f6a","TEMP_CANDIDATE","1"
"E:\P45 프로젝트\src\p45_experiments\__pycache__\__init__.cpython-312.pyc","src\p45_experiments\__pycache__\__init__.cpython-312.pyc","__init__.cpython-312.pyc",".pyc","232","2026-08-16T16:12:45.3567112+09:00","d984b7bea17ab6b4e61bced6342af9ccc589cccff8b60a2c1206f78d976b15bc","TEMP_CANDIDATE","1"
"E:\P45 프로젝트\src\p45_experiments\__pycache__\__init__.cpython-314.pyc","src\p45_experiments\__pycache__\__init__.cpython-314.pyc","__init__.cpython-314.pyc",".pyc","234","2026-08-16T15:48:44.9279722+09:00","da8f1222435a7851a3686729af95979b0bd7bfe15425718f6985cfcef0860d00","TEMP_CANDIDATE","1"
"E:\P45 프로젝트\src\p45_experiments\__pycache__\batch_settlement_exp004_016.cpython-314.pyc","src\p45_experiments\__pycache__\batch_settlement_exp004_016.cpython-314.pyc","batch_settlement_exp004_016.cpython-314.pyc",".pyc","47296","2026-08-21T15:45:48.2917051+09:00","6e762e6ca859ce7d28d5297bb0167c129d560b57a65eaff5076903a5432f8bdb","TEMP_CANDIDATE","1"
"E:\P45 프로젝트\src\p45_v27\__init__.py","src\p45_v27\__init__.py","__init__.py",".py","347","2026-08-06T16:54:38.7692021+09:00","220284fd822d2e41a740cf98ef8892a0847595d8a2fdc48d10ba999220efd304","KEEP_RUNTIME","1"
"E:\P45 프로젝트\src\p45_v27\audit_store.py","src\p45_v27\audit_store.py","audit_store.py",".py","5456","2026-08-06T16:56:26.7532554+09:00","98e0fb5df569f9dfafb66ae9871dfd965d102a8b9e98f0de0ad4893b86e526cf","KEEP_RUNTIME","1"
"E:\P45 프로젝트\src\p45_v27\core_store.py","src\p45_v27\core_store.py","core_store.py",".py","7995","2026-08-06T16:56:23.9263661+09:00","20037a081e827238e3aac4b2c4c4b027d4185299b8b381b3aef63c60afe7f5be","KEEP_RUNTIME","1"
"E:\P45 프로젝트\src\p45_v27\database.py","src\p45_v27\database.py","database.py",".py","4220","2026-08-06T18:35:47.3050694+09:00","57cbca83b58a566294fbfde3e1f7ece1eb55cb5fd49f8c56a67d291b4b003706","KEEP_RUNTIME","1"
"E:\P45 프로젝트\src\p45_v27\draw_update.py","src\p45_v27\draw_update.py","draw_update.py",".py","14046","2026-08-12T13:29:05.1376470+09:00","0e9d3ce56cebae9b04ca93ead8ec7712b96be5916811f8df63e78d2ae46efa60","KEEP_RUNTIME","1"
"E:\P45 프로젝트\src\p45_v27\initialize.py","src\p45_v27\initialize.py","initialize.py",".py","1082","2026-08-06T16:57:40.5224674+09:00","eccb7d2854fc8dc5ca89776aca9b0e00ac0f10d5972f7de8ee1ca96b462e1d6b","KEEP_RUNTIME","1"
"E:\P45 프로젝트\src\p45_v27\inspect_storage.py","src\p45_v27\inspect_storage.py","inspect_storage.py",".py","1966","2026-08-06T16:59:40.1670425+09:00","31e14329bfb89f9f5065696cb40ed3234ecb1e417ac260f03bfe5d31e3fc67fd","KEEP_RUNTIME","1"
"E:\P45 프로젝트\src\p45_v27\integrity.py","src\p45_v27\integrity.py","integrity.py",".py","709","2026-08-06T16:56:20.9782632+09:00","26ceb05c639283af2cfeadb23895e6d2e55e7f6f9d4b91aaa3a7c47fa2d452de","KEEP_RUNTIME","1"
"E:\P45 프로젝트\src\p45_v27\legacy_readonly.py","src\p45_v27\legacy_readonly.py","legacy_readonly.py",".py","2802","2026-08-06T16:56:29.4265693+09:00","f531bee4a21df26118f92bf9747238ce4181649e94d039b563baeeef361b5364","KEEP_RUNTIME","1"
"E:\P45 프로젝트\src\p45_v27\maintenance.py","src\p45_v27\maintenance.py","maintenance.py",".py","4477","2026-08-06T16:57:37.8426669+09:00","5d65fd17c2f57ff417ff98d94cd6d6f9084160dbeed93d4f68134b9532a9d945","KEEP_RUNTIME","1"
"E:\P45 프로젝트\src\p45_v27\number_engine.py","src\p45_v27\number_engine.py","number_engine.py",".py","18927","2026-08-06T19:04:49.9899681+09:00","aae41b6af3b1e8bd36ebd39d62cb1ddfcb7562cc9a5d15b202edc7783ae80f58","KEEP_RUNTIME","1"
"E:\P45 프로젝트\src\p45_v27\number_store.py","src\p45_v27\number_store.py","number_store.py",".py","3755","2026-08-06T18:58:21.9663380+09:00","afaf00f22594796f903405b38c7c11f6fb22aff157d32c543693c20487748dd3","KEEP_RUNTIME","1"
"E:\P45 프로젝트\src\p45_v27\pair_final_aggregation.py","src\p45_v27\pair_final_aggregation.py","pair_final_aggregation.py",".py","578","2026-08-11T17:58:45.9987034+09:00","e0f742dc8e81e52f87ecb7f1faea9c94e8a4717a148b870f9a34901df72697a7","KEEP_RUNTIME","1"
"E:\P45 프로젝트\src\p45_v27\pair_walkforward.py","src\p45_v27\pair_walkforward.py","pair_walkforward.py",".py","3308","2026-08-11T13:24:23.1156643+09:00","f37661cf5af597461919e8c5245d733b77115617d793134764df0665e50fa575","KEEP_RUNTIME","1"
"E:\P45 프로젝트\src\p45_v27\prepare_schema271.py","src\p45_v27\prepare_schema271.py","prepare_schema271.py",".py","4724","2026-08-06T18:35:53.1187842+09:00","5246ef2f60789fa58ce6773183e517bb94e65c6d9fbcd64579ef982241a94ba5","KEEP_RUNTIME","1"
"E:\P45 프로젝트\src\p45_v27\prepare_schema272.py","src\p45_v27\prepare_schema272.py","prepare_schema272.py",".py","3742","2026-08-06T19:02:04.0684497+09:00","95a079639c608c05f321e4757e8343f5e51cea30bf75471613cfc9212a4d07ec","KEEP_RUNTIME","1"
"E:\P45 프로젝트\src\p45_v27\prepare_schema273.py","src\p45_v27\prepare_schema273.py","prepare_schema273.py",".py","3487","2026-08-06T20:11:26.4084249+09:00","6d917b81e9efc207f467f527c4f987158afe71b25766061ac3bcc2499fe0ed07","KEEP_RUNTIME","1"
"E:\P45 프로젝트\src\p45_v27\protection_manifest.py","src\p45_v27\protection_manifest.py","protection_manifest.py",".py","2424","2026-08-07T10:24:07.0300939+09:00","a1ba5744979e1d5639adf6cb3bd7b7c5da4adf21e5750f4709442edecdb22241","KEEP_RUNTIME","1"
"E:\P45 프로젝트\src\p45_v27\schema.py","src\p45_v27\schema.py","schema.py",".py","37290","2026-08-06T20:08:44.1442560+09:00","c6a2b4b23dcbcecf3c4b4583b4fa9952e0bba7fb78d672b3d1e288a7502f6299","KEEP_RUNTIME","1"
"E:\P45 프로젝트\src\p45_v27\stage55_diagnostics.py","src\p45_v27\stage55_diagnostics.py","stage55_diagnostics.py",".py","2051","2026-08-06T18:35:00.7906029+09:00","ab048598176cfa0d8c1f2de68750555b0763c67d6e0eaa20ae402e28abd2d8d8","KEEP_RUNTIME","1"
"E:\P45 프로젝트\src\p45_v27\stage6_diagnostics.py","src\p45_v27\stage6_diagnostics.py","stage6_diagnostics.py",".py","2707","2026-08-07T10:24:10.1252751+09:00","1e08db768b6e18ceb2e03f4e150d5d9155d8f9082890269306e4b4696c753337","KEEP_RUNTIME","1"
"E:\P45 프로젝트\src\p45_v27\stage7_diagnostics.py","src\p45_v27\stage7_diagnostics.py","stage7_diagnostics.py",".py","4321","2026-08-07T10:29:20.7369861+09:00","88ce54abe01d9a9089eaa65ad7b6e71071f5417300ffe525dcf328861da51a1d","KEEP_RUNTIME","1"
"E:\P45 프로젝트\src\p45_v27\stage72_finalize.py","src\p45_v27\stage72_finalize.py","stage72_finalize.py",".py","2993","2026-08-10T12:39:00.2747213+09:00","b0320955c6445898b2dc83a80de948395d158f79cedc347332921acc1842bbff","KEEP_RUNTIME","1"
"E:\P45 프로젝트\src\p45_v27\stage72_report.py","src\p45_v27\stage72_report.py","stage72_report.py",".py","5741","2026-08-10T12:53:46.1802633+09:00","fea911308b948ecc8cc92dfe8411492d6d1860b9f5c90b4db19272d9a0eacd22","KEEP_RUNTIME","1"
"E:\P45 프로젝트\src\p45_v27\stage72_verify.py","src\p45_v27\stage72_verify.py","stage72_verify.py",".py","1507","2026-08-10T12:34:05.8475173+09:00","4756bd7e33388be7c5e11519241ac15b0fd73ce6ef07112b0c3a09d1d2bf087a","KEEP_RUNTIME","1"
"E:\P45 프로젝트\src\p45_v27\structure_collapse.py","src\p45_v27\structure_collapse.py","structure_collapse.py",".py","4018","2026-08-06T18:34:34.9835831+09:00","61afbacb38ab22d4e4de7fccde4480a10d9bd62b7c36bc1685b48a48d6b213bb","KEEP_RUNTIME","1"
"E:\P45 프로젝트\src\p45_v27\structure_store.py","src\p45_v27\structure_store.py","structure_store.py",".py","2058","2026-08-06T18:34:37.8853067+09:00","76700fc3afc08de1ac6df2f5cc9940bd1bbb601ee1176db05b74ee7cf0586b6e","KEEP_RUNTIME","1"
"E:\P45 프로젝트\src\p45_v27\trio_engine.py","src\p45_v27\trio_engine.py","trio_engine.py",".py","18366","2026-08-06T20:14:20.3384208+09:00","a803e5f43c6a741be5f85b899bf275ca80fcf6844139de7f2d1b428050b76618","KEEP_RUNTIME","1"
"E:\P45 프로젝트\src\p45_v27\trio_final.py","src\p45_v27\trio_final.py","trio_final.py",".py","10951","2026-08-10T12:45:18.5208270+09:00","abef6039aa79c148db1ebd62fb08af679c4567b73863dea28754c61fdee8d195","KEEP_RUNTIME","1"
"E:\P45 프로젝트\src\p45_v27\trio_store.py","src\p45_v27\trio_store.py","trio_store.py",".py","6183","2026-08-06T20:14:22.9445498+09:00","36cd05e177d80100bdcf16a29197f46e690dcfdde2ee3d54c74395fe5b7cc5e6","KEEP_RUNTIME","1"
"E:\P45 프로젝트\src\p45_v27\trio_walkforward.py","src\p45_v27\trio_walkforward.py","trio_walkforward.py",".py","11493","2026-08-07T10:39:53.5082969+09:00","34f01b308a2cb838faebde2dd108dbcb522e65b39281dd84bad87f799703edec","KEEP_RUNTIME","1"
"E:\P45 프로젝트\src\p45_v27\unit_relation_store.py","src\p45_v27\unit_relation_store.py","unit_relation_store.py",".py","2117","2026-08-06T17:21:12.3504950+09:00","1b9429727da6f0d1058dabe9f05451ee6c4dfd00c575db2b39ec58ed55045a61","KEEP_RUNTIME","1"
"E:\P45 프로젝트\src\p45_v27\unit_relations.py","src\p45_v27\unit_relations.py","unit_relations.py",".py","6729","2026-08-06T18:18:17.5729674+09:00","206e6eeabadc8d4ce1bc0cc63c3443fb7b76ca81e9ccbae5e2f2196dfc6fb68e","KEEP_RUNTIME","1"
"E:\P45 프로젝트\src\p45_v27\unit_state_store.py","src\p45_v27\unit_state_store.py","unit_state_store.py",".py","3400","2026-08-06T18:19:17.4863616+09:00","c95a04c7138d8ac2b5686c58a4426ee28ef6ba5b970630b7bef32673d2842828","KEEP_RUNTIME","1"
"E:\P45 프로젝트\src\p45_v27\unit_states.py","src\p45_v27\unit_states.py","unit_states.py",".py","13052","2026-08-06T18:34:56.2851761+09:00","e09c2c5ae20c8abbd56f4387952eb92d9838a344f8a2e5bfd5704eda62ff7558","KEEP_RUNTIME","1"
"E:\P45 프로젝트\src\p45_v27\version_v271.py","src\p45_v27\version_v271.py","version_v271.py",".py","304","2026-08-06T18:22:12.2743850+09:00","c5e3af3c90056237dfa519633d3d3598ed9bce2d566bdbe40b90bb913a19f5dd","KEEP_RUNTIME","1"
"E:\P45 프로젝트\src\p45_v27\version_v272.py","src\p45_v27\version_v272.py","version_v272.py",".py","379","2026-08-06T19:02:01.2266786+09:00","fbc59d868691c2100a2ffa49e8642bcfd55a703b566bfc008f8fff47fee727eb","KEEP_RUNTIME","1"
"E:\P45 프로젝트\src\p45_v27\version_v273.py","src\p45_v27\version_v273.py","version_v273.py",".py","82","2026-08-06T20:11:00.4515278+09:00","2b6d7dfeba99686a47620419d412822287c94742b5c13d0f5b30131d8c90b4ee","KEEP_RUNTIME","1"
"E:\P45 프로젝트\src\p45_v27\web_adapter.py","src\p45_v27\web_adapter.py","web_adapter.py",".py","4696","2026-08-12T13:23:46.0994926+09:00","c3a6d6cc56f91721353be52d2052bd899fc9a3dd01397c82a0f2c3df5f25ff7a","KEEP_RUNTIME","1"
"E:\P45 프로젝트\src\p45_v27\webapp.py","src\p45_v27\webapp.py","webapp.py",".py","3177","2026-08-12T13:59:05.3579937+09:00","ded42ecb68876cdf781f8863b26ced8d9cc51f6205c1fc46b20d1f14a6da0747","KEEP_RUNTIME","1"
"E:\P45 프로젝트\src\p45_v27\pairs\__init__.py","src\p45_v27\pairs\__init__.py","__init__.py",".py","1003","2026-08-10T16:56:25.9953327+09:00","aaa220d93187f6ca07a3eb5adc99260d321903d49b1e794705fd88eb32c15c0d","KEEP_RUNTIME","1"
"E:\P45 프로젝트\src\p45_v27\pairs\audit_v12.py","src\p45_v27\pairs\audit_v12.py","audit_v12.py",".py","6685","2026-08-11T13:21:45.8319156+09:00","43aaff2f44aadec1e61ca8547d7191d0932c7eedf49aa82ec96f7f237c89601c","KEEP_RUNTIME","1"
"E:\P45 프로젝트\src\p45_v27\pairs\decision.py","src\p45_v27\pairs\decision.py","decision.py",".py","12342","2026-08-10T15:49:34.9456305+09:00","625d374e0a0a4461537c85673e638c0e435952882ca4006db29956b7c8f5949e","KEEP_RUNTIME","1"
"E:\P45 프로젝트\src\p45_v27\pairs\diagnostic.py","src\p45_v27\pairs\diagnostic.py","diagnostic.py",".py","8269","2026-08-10T16:56:29.6427499+09:00","96245dc73747f2079c15b4608d03132748673961bd119bb9b66865d280694989","KEEP_RUNTIME","1"
"E:\P45 프로젝트\src\p45_v27\pairs\engine.py","src\p45_v27\pairs\engine.py","engine.py",".py","2131","2026-08-11T13:21:48.4657022+09:00","d1002c495427d3fb69bfd2e8632b78ab8e52a29a72cef6bdb3615c10692c06d9","KEEP_RUNTIME","1"
"E:\P45 프로젝트\src\p45_v27\pairs\final_aggregation.py","src\p45_v27\pairs\final_aggregation.py","final_aggregation.py",".py","16174","2026-08-11T18:07:17.3424767+09:00","162f7f50a499690d896fdd56d1fbc214587b4ab8bae5451913b2ef27d6b9a1e7","KEEP_RUNTIME","1"
"E:\P45 프로젝트\src\p45_v27\pairs\lifecycle_v12.py","src\p45_v27\pairs\lifecycle_v12.py","lifecycle_v12.py",".py","9473","2026-08-11T13:32:13.6624763+09:00","b0c5041e7319aaa235bbd0fae0a1df8293b38da581822810f83ad769de222942","KEEP_RUNTIME","1"
"E:\P45 프로젝트\src\p45_v27\pairs\models.py","src\p45_v27\pairs\models.py","models.py",".py","2196","2026-08-10T16:56:19.4198257+09:00","82d1220016b7c6b8ec799ba2d14d0eb69c06bf61db0c238d90dd7b4d165206c7","KEEP_RUNTIME","1"
"E:\P45 프로젝트\src\p45_v27\pairs\production.py","src\p45_v27\pairs\production.py","production.py",".py","13393","2026-08-11T13:23:30.3258252+09:00","e842bd0f5f9d397ef8e4aadbf1f32c91eeeb68ccac6b87c3a7cead366487fbbb","KEEP_RUNTIME","1"
"E:\P45 프로젝트\src\p45_v27\pairs\schema274.py","src\p45_v27\pairs\schema274.py","schema274.py",".py","10329","2026-08-10T16:12:46.3578832+09:00","d5de78356dca520a124bc357aa20a1a75d778aaea6dba3bb4d1b549c5fb0f0da","KEEP_RUNTIME","1"
"E:\P45 프로젝트\src\p45_v27\pairs\store.py","src\p45_v27\pairs\store.py","store.py",".py","6367","2026-08-10T16:13:08.1185489+09:00","9d5d3e93517a10d4feacaf73a093711254287c72e0e85db8f647cd66754f7e41","KEEP_RUNTIME","1"
"E:\P45 프로젝트\src\p45_v27\pairs\walkforward.py","src\p45_v27\pairs\walkforward.py","walkforward.py",".py","16081","2026-08-11T13:24:08.8335809+09:00","821c8d0c5c0f77e7857fc5000b431da42a5a82c74ba8c08aa97ee48bf68adcb5","KEEP_RUNTIME","1"
"E:\P45 프로젝트\src\p45_v27\pairs\__pycache__\__init__.cpython-312.pyc","src\p45_v27\pairs\__pycache__\__init__.cpython-312.pyc","__init__.cpython-312.pyc",".pyc","1038","2026-08-10T16:57:13.2503063+09:00","714fef143d2a272096acb95420ec173930aef3150b2063e66d0cbaddd68468ef","TEMP_CANDIDATE","1"
"E:\P45 프로젝트\src\p45_v27\pairs\__pycache__\audit_v12.cpython-312.pyc","src\p45_v27\pairs\__pycache__\audit_v12.cpython-312.pyc","audit_v12.cpython-312.pyc",".pyc","8922","2026-08-11T13:24:32.0852537+09:00","f5da65a1119b36ccdc76f94c233e47d8860230e5b84a3c2ae91aafbfc15753c1","TEMP_CANDIDATE","1"
"E:\P45 프로젝트\src\p45_v27\pairs\__pycache__\decision.cpython-312.pyc","src\p45_v27\pairs\__pycache__\decision.cpython-312.pyc","decision.cpython-312.pyc",".pyc","22278","2026-08-10T15:49:45.7534077+09:00","5cb15fb56464ca2bf90b34f396e1b12e79c49913c85089ee9a7fd41c5b838bb2","TEMP_CANDIDATE","1"
"E:\P45 프로젝트\src\p45_v27\pairs\__pycache__\diagnostic.cpython-312.pyc","src\p45_v27\pairs\__pycache__\diagnostic.cpython-312.pyc","diagnostic.cpython-312.pyc",".pyc","13379","2026-08-12T13:24:55.0214664+09:00","1ec969a25f774312a87285d5efa0df0c59ee6ba144f4e68f8487d19477e2f92f","TEMP_CANDIDATE","1"
"E:\P45 프로젝트\src\p45_v27\pairs\__pycache__\engine.cpython-312.pyc","src\p45_v27\pairs\__pycache__\engine.cpython-312.pyc","engine.cpython-312.pyc",".pyc","3896","2026-08-11T13:24:32.0642391+09:00","9324c1cd4d6b38284cbfd5ca6d8d2e17c357ebb3e7f2cd94451220d55b1d03a3","TEMP_CANDIDATE","1"
"E:\P45 프로젝트\src\p45_v27\pairs\__pycache__\final_aggregation.cpython-312.pyc","src\p45_v27\pairs\__pycache__\final_aggregation.cpython-312.pyc","final_aggregation.cpython-312.pyc",".pyc","31165","2026-08-11T18:07:23.1825876+09:00","b962f56c4636bd07731e0ab85243c1a68eaa70e19b4aa43e6f6cdb2619367ae9","TEMP_CANDIDATE","1"
"E:\P45 프로젝트\src\p45_v27\pairs\__pycache__\lifecycle_v12.cpython-312.pyc","src\p45_v27\pairs\__pycache__\lifecycle_v12.cpython-312.pyc","lifecycle_v12.cpython-312.pyc",".pyc","11357","2026-08-11T13:32:21.1407017+09:00","f2173de86406577978e0402b77cdc417649afc67fe28daaf57fef13b9c0d5de4","TEMP_CANDIDATE","1"
"E:\P45 프로젝트\src\p45_v27\pairs\__pycache__\models.cpython-312.pyc","src\p45_v27\pairs\__pycache__\models.cpython-312.pyc","models.cpython-312.pyc",".pyc","4674","2026-08-10T16:57:13.3137144+09:00","9acfdf29b3c3addf66ea3c4cfe61fe1214748d9f0d9f1273324bcf73230e2b83","TEMP_CANDIDATE","1"
"E:\P45 프로젝트\src\p45_v27\pairs\__pycache__\production.cpython-312.pyc","src\p45_v27\pairs\__pycache__\production.cpython-312.pyc","production.cpython-312.pyc",".pyc","20258","2026-08-11T13:24:32.1242465+09:00","b7a9a82b71139cdbd6778f36e842bcf1824de18519cbd33d091c07ff25c4a16b","TEMP_CANDIDATE","1"
"E:\P45 프로젝트\src\p45_v27\pairs\__pycache__\schema274.cpython-312.pyc","src\p45_v27\pairs\__pycache__\schema274.cpython-312.pyc","schema274.cpython-312.pyc",".pyc","10502","2026-08-10T16:14:36.9804026+09:00","11d0b873be5874da988fb9fa188e0ec278e8c714675f0b9d59456e97de6c6ab4","TEMP_CANDIDATE","1"
"E:\P45 프로젝트\src\p45_v27\pairs\__pycache__\store.cpython-312.pyc","src\p45_v27\pairs\__pycache__\store.cpython-312.pyc","store.cpython-312.pyc",".pyc","10321","2026-08-10T16:14:36.9384265+09:00","1ed585e25fafdfb9487208c2aeb2014220751385b82b2d192b14bb38b83d4191","TEMP_CANDIDATE","1"
"E:\P45 프로젝트\src\p45_v27\pairs\__pycache__\walkforward.cpython-312.pyc","src\p45_v27\pairs\__pycache__\walkforward.cpython-312.pyc","walkforward.cpython-312.pyc",".pyc","25209","2026-08-11T13:24:32.3147686+09:00","40cf014c7dcb1f779e6b0d6481bd2240a9363476efbec8cc03b603e5317a8706","TEMP_CANDIDATE","1"
"E:\P45 프로젝트\src\p45_v27\units\__init__.py","src\p45_v27\units\__init__.py","__init__.py",".py","403","2026-08-06T17:06:55.6785296+09:00","aa265bb2ae2ef0112de1095a98f77fe4a80a31577c91a9db2b9fe2a0244e2e19","KEEP_RUNTIME","1"
"E:\P45 프로젝트\src\p45_v27\units\calculator.py","src\p45_v27\units\calculator.py","calculator.py",".py","10295","2026-08-06T18:16:41.3223868+09:00","0b7290d62adfec2fc05e9c26cbce1272195739e8b285c8db9515b4719f2dab33","KEEP_RUNTIME","1"
"E:\P45 프로젝트\src\p45_v27\units\definitions.py","src\p45_v27\units\definitions.py","definitions.py",".py","1424","2026-08-06T17:06:48.9768519+09:00","bc2456cd97ea3cc908c549dc07add91b02bfad15f1c18b8aec2139c3e8bce9e3","KEEP_RUNTIME","1"
"E:\P45 프로젝트\src\p45_v27\units\end_digit.py","src\p45_v27\units\end_digit.py","end_digit.py",".py","173","2026-08-06T17:07:14.5003409+09:00","54b74a4233c2a04d0424d29b3b16fbe542252c15f8426b90aa0e74865395e7df","KEEP_RUNTIME","1"
"E:\P45 프로젝트\src\p45_v27\units\models.py","src\p45_v27\units\models.py","models.py",".py","1608","2026-08-06T17:06:45.3702561+09:00","149641930ee8e3144aa17da69571075610725cf5389191bba1fd02e3a6a706c2","KEEP_RUNTIME","1"
"E:\P45 프로젝트\src\p45_v27\units\persistence.py","src\p45_v27\units\persistence.py","persistence.py",".py","7321","2026-08-06T18:18:54.2446157+09:00","9dae849c16d219aede88a067318446fc2e8583be0953ead506a1b376e89882b1","KEEP_RUNTIME","1"
"E:\P45 프로젝트\src\p45_v27\units\unit_10.py","src\p45_v27\units\unit_10.py","unit_10.py",".py","169","2026-08-06T17:07:10.3132258+09:00","7d975ad5dac1a547bdfc01a8aa0284732037a5f8ebb6bc199f61ce496a7fa107","KEEP_RUNTIME","1"
"E:\P45 프로젝트\src\p45_v27\units\unit_3.py","src\p45_v27\units\unit_3.py","unit_3.py",".py","167","2026-08-06T17:07:00.0445433+09:00","1610362940e8afb44f7b2606a6efcfa50e5d8388b549c766ec0ab359e6efdc8c","KEEP_RUNTIME","1"
"E:\P45 프로젝트\src\p45_v27\units\unit_5.py","src\p45_v27\units\unit_5.py","unit_5.py",".py","167","2026-08-06T17:07:03.1337974+09:00","6e11c67fbd3d0bce202f06f1f46021636a446c2b35bd5d05442c2a62b6e2a77b","KEEP_RUNTIME","1"
"E:\P45 프로젝트\src\p45_v27\units\unit_9.py","src\p45_v27\units\unit_9.py","unit_9.py",".py","167","2026-08-06T17:07:07.1450359+09:00","1a1629d930e141376654d0f419182ed9597d34d42a06600373f685e0bbd1ce19","KEEP_RUNTIME","1"
"E:\P45 프로젝트\src\p45_v27\units\__pycache__\__init__.cpython-312.pyc","src\p45_v27\units\__pycache__\__init__.cpython-312.pyc","__init__.cpython-312.pyc",".pyc","592","2026-08-06T17:08:46.3472902+09:00","851afb9ee26b52562da5e1ffd3ad8f81febd55d23317c2024a556df4bc7c5baf","TEMP_CANDIDATE","1"
"E:\P45 프로젝트\src\p45_v27\units\__pycache__\calculator.cpython-312.pyc","src\p45_v27\units\__pycache__\calculator.cpython-312.pyc","calculator.cpython-312.pyc",".pyc","16493","2026-08-06T18:20:59.4019616+09:00","4f45388f350447a6adabe1d93fab703451c6804c837425f2ed363c708bbec92f","TEMP_CANDIDATE","1"
"E:\P45 프로젝트\src\p45_v27\units\__pycache__\definitions.cpython-312.pyc","src\p45_v27\units\__pycache__\definitions.cpython-312.pyc","definitions.cpython-312.pyc",".pyc","3092","2026-08-06T17:08:46.4490213+09:00","59ba5c777ba7e5ef000a641b5f525f9513f03524fa45532541d52efea115de90","TEMP_CANDIDATE","1"
"E:\P45 프로젝트\src\p45_v27\units\__pycache__\end_digit.cpython-312.pyc","src\p45_v27\units\__pycache__\end_digit.cpython-312.pyc","end_digit.cpython-312.pyc",".pyc","402","2026-08-12T13:24:55.7389412+09:00","0250bc46a676178076a59244ea27b88f7115c996a21a530921b86befac63415a","TEMP_CANDIDATE","1"
"E:\P45 프로젝트\src\p45_v27\units\__pycache__\models.cpython-312.pyc","src\p45_v27\units\__pycache__\models.cpython-312.pyc","models.cpython-312.pyc",".pyc","3467","2026-08-06T17:08:46.4380265+09:00","5bde1bd61f21065df13b3297a17ddd23cb3f6b4cecf7f136bbd9d1bede42844f","TEMP_CANDIDATE","1"
"E:\P45 프로젝트\src\p45_v27\units\__pycache__\persistence.cpython-312.pyc","src\p45_v27\units\__pycache__\persistence.cpython-312.pyc","persistence.cpython-312.pyc",".pyc","8840","2026-08-06T18:20:59.5457369+09:00","36f6ba031efbf64a925dc10b36dc48275a040eda0a666211eb014369ada4c612","TEMP_CANDIDATE","1"
"E:\P45 프로젝트\src\p45_v27\units\__pycache__\unit_10.cpython-312.pyc","src\p45_v27\units\__pycache__\unit_10.cpython-312.pyc","unit_10.cpython-312.pyc",".pyc","398","2026-08-12T13:24:55.7869780+09:00","e2cae2611f52b930222de68676a98400389237c39a7df2d641567d6757da32a4","TEMP_CANDIDATE","1"
"E:\P45 프로젝트\src\p45_v27\units\__pycache__\unit_3.cpython-312.pyc","src\p45_v27\units\__pycache__\unit_3.cpython-312.pyc","unit_3.cpython-312.pyc",".pyc","396","2026-08-12T13:24:55.7909921+09:00","728550b90c159ed53b25319acc0706ab2d2795ad2bede7dc96084f48eab0a1c1","TEMP_CANDIDATE","1"
"E:\P45 프로젝트\src\p45_v27\units\__pycache__\unit_5.cpython-312.pyc","src\p45_v27\units\__pycache__\unit_5.cpython-312.pyc","unit_5.cpython-312.pyc",".pyc","396","2026-08-12T13:24:55.7979809+09:00","4aa95a2be86d9d9a8dbb710e48b0604f0b0c06f986dab199280adc1fdd398199","TEMP_CANDIDATE","1"
"E:\P45 프로젝트\src\p45_v27\units\__pycache__\unit_9.cpython-312.pyc","src\p45_v27\units\__pycache__\unit_9.cpython-312.pyc","unit_9.cpython-312.pyc",".pyc","396","2026-08-12T13:24:55.8109174+09:00","03383f4d80aa36eb0eef9adeed61a348a4fbf28b4c13a6661cc302c5ce8edf7c","TEMP_CANDIDATE","1"
"E:\P45 프로젝트\src\p45_v27\__pycache__\__init__.cpython-312.pyc","src\p45_v27\__pycache__\__init__.cpython-312.pyc","__init__.cpython-312.pyc",".pyc","520","2026-08-06T16:58:05.7023783+09:00","6e63b49a4adf32c5c2462a76724f401bf48c8ce63793d2b0f2fe6b784a58c3cc","TEMP_CANDIDATE","1"
"E:\P45 프로젝트\src\p45_v27\__pycache__\__init__.cpython-314.pyc","src\p45_v27\__pycache__\__init__.cpython-314.pyc","__init__.cpython-314.pyc",".pyc","517","2026-08-12T10:31:01.1890457+09:00","00174889107b112509384284e1ce514e6a337fda4d3a75c5fd85798153f26638","TEMP_CANDIDATE","1"
"E:\P45 프로젝트\src\p45_v27\__pycache__\audit_store.cpython-312.pyc","src\p45_v27\__pycache__\audit_store.cpython-312.pyc","audit_store.cpython-312.pyc",".pyc","7330","2026-08-06T16:58:05.7423494+09:00","0d4b4d67225309ebf7529d043cd146c13228d05fcb86c015fbc4a2cffbd9930d","TEMP_CANDIDATE","1"
"E:\P45 프로젝트\src\p45_v27\__pycache__\core_store.cpython-312.pyc","src\p45_v27\__pycache__\core_store.cpython-312.pyc","core_store.cpython-312.pyc",".pyc","10060","2026-08-06T16:58:05.7763304+09:00","190869f01252942c08d21d659215c9a40adaa647360eaa4b35d250dc6469b378","TEMP_CANDIDATE","1"
"E:\P45 프로젝트\src\p45_v27\__pycache__\database.cpython-312.pyc","src\p45_v27\__pycache__\database.cpython-312.pyc","database.cpython-312.pyc",".pyc","7273","2026-08-06T18:36:34.2200639+09:00","b22742128c04a6e336a58c42cfea5b59bf6cb49656f73fca80003e1fe3d24c1f","TEMP_CANDIDATE","1"
"E:\P45 프로젝트\src\p45_v27\__pycache__\database.cpython-314.pyc","src\p45_v27\__pycache__\database.cpython-314.pyc","database.cpython-314.pyc",".pyc","9594","2026-08-12T10:31:01.2119419+09:00","291d6c799091435eee95fdab075b65e25c9a2708e3e5cca90c174f76151a849a","TEMP_CANDIDATE","1"
"E:\P45 프로젝트\src\p45_v27\__pycache__\draw_update.cpython-312.pyc","src\p45_v27\__pycache__\draw_update.cpython-312.pyc","draw_update.cpython-312.pyc",".pyc","27939","2026-08-12T13:29:17.5031889+09:00","63f151929797e34cdc4fec1af3e5f0dff773ddc7c800cba9682950a178b81b52","TEMP_CANDIDATE","1"
"E:\P45 프로젝트\src\p45_v27\__pycache__\initialize.cpython-312.pyc","src\p45_v27\__pycache__\initialize.cpython-312.pyc","initialize.cpython-312.pyc",".pyc","1951","2026-08-06T16:58:16.1571836+09:00","00d0e190a80e409d327e8ef71cbe6fefb0efae5222cf7d7d82a668aedcafc792","TEMP_CANDIDATE","1"
"E:\P45 프로젝트\src\p45_v27\__pycache__\inspect_storage.cpython-312.pyc","src\p45_v27\__pycache__\inspect_storage.cpython-312.pyc","inspect_storage.cpython-312.pyc",".pyc","3189","2026-08-06T16:59:45.6711670+09:00","bd0bef821294ec09c35b7a202e46ad02c444a0a1ebac5644a432e6c9204c5a5a","TEMP_CANDIDATE","1"
"E:\P45 프로젝트\src\p45_v27\__pycache__\integrity.cpython-312.pyc","src\p45_v27\__pycache__\integrity.cpython-312.pyc","integrity.cpython-312.pyc",".pyc","1824","2026-08-06T16:58:05.7803284+09:00","539282683e8f17e815ee6610fd8d62cf6cc4bb1dc63b3a3afc1e64cbc302cf71","TEMP_CANDIDATE","1"
"E:\P45 프로젝트\src\p45_v27\__pycache__\legacy_readonly.cpython-312.pyc","src\p45_v27\__pycache__\legacy_readonly.cpython-312.pyc","legacy_readonly.cpython-312.pyc",".pyc","4799","2026-08-06T16:58:05.8422924+09:00","b6968e55f9f5f29608eb2ce6d02b4edd1a87fefbf1de7a8eb2c6bafcd740a92d","TEMP_CANDIDATE","1"
"E:\P45 프로젝트\src\p45_v27\__pycache__\maintenance.cpython-312.pyc","src\p45_v27\__pycache__\maintenance.cpython-312.pyc","maintenance.cpython-312.pyc",".pyc","7267","2026-08-06T16:58:05.8492884+09:00","a21802526e2a62a85bce673bfbfb38d48dd05cff6581a444ea885c10420eb478","TEMP_CANDIDATE","1"
"E:\P45 프로젝트\src\p45_v27\__pycache__\number_engine.cpython-312.pyc","src\p45_v27\__pycache__\number_engine.cpython-312.pyc","number_engine.cpython-312.pyc",".pyc","28534","2026-08-06T19:04:59.3128075+09:00","199ea701284731582268d23db6b640c191956abec0ebd162d68a747acb035378","TEMP_CANDIDATE","1"
"E:\P45 프로젝트\src\p45_v27\__pycache__\number_store.cpython-312.pyc","src\p45_v27\__pycache__\number_store.cpython-312.pyc","number_store.cpython-312.pyc",".pyc","5084","2026-08-06T18:59:45.2350538+09:00","6b56e7d54d68affe5f589e1f772f63c2c12b5fd09ddc6a976ce0d49ef53360b2","TEMP_CANDIDATE","1"
"E:\P45 프로젝트\src\p45_v27\__pycache__\pair_final_aggregation.cpython-312.pyc","src\p45_v27\__pycache__\pair_final_aggregation.cpython-312.pyc","pair_final_aggregation.cpython-312.pyc",".pyc","1125","2026-08-11T17:59:31.3217976+09:00","d6061e0c4054b569c238b81864bc0a60a8d9f3ed796d10891ddcf3b70d23010f","TEMP_CANDIDATE","1"
"E:\P45 프로젝트\src\p45_v27\__pycache__\pair_walkforward.cpython-312.pyc","src\p45_v27\__pycache__\pair_walkforward.cpython-312.pyc","pair_walkforward.cpython-312.pyc",".pyc","7665","2026-08-11T13:24:32.0002456+09:00","2894a2d1b1421afa128254265dde714b39852adfacaa5ba0c84d33297b4cbee5","TEMP_CANDIDATE","1"
"E:\P45 프로젝트\src\p45_v27\__pycache__\prepare_schema271.cpython-312.pyc","src\p45_v27\__pycache__\prepare_schema271.cpython-312.pyc","prepare_schema271.cpython-312.pyc",".pyc","7983","2026-08-06T18:36:34.3731814+09:00","42508b10108c1b14711c29ce4d18a23a36cfc897ddc0de536b2abd432a72c5ff","TEMP_CANDIDATE","1"
"E:\P45 프로젝트\src\p45_v27\__pycache__\prepare_schema272.cpython-312.pyc","src\p45_v27\__pycache__\prepare_schema272.cpython-312.pyc","prepare_schema272.cpython-312.pyc",".pyc","7415","2026-08-06T19:03:42.9360970+09:00","9e66bfa9e9b40a621d604177d44aeb745180a20ae9975bcaee175bca5ae96bcf","TEMP_CANDIDATE","1"
"E:\P45 프로젝트\src\p45_v27\__pycache__\prepare_schema273.cpython-312.pyc","src\p45_v27\__pycache__\prepare_schema273.cpython-312.pyc","prepare_schema273.cpython-312.pyc",".pyc","7476","2026-08-06T20:11:33.9466753+09:00","1ad5b0063ac2881a93b88ccda260ecacf71410137bca56d97faa22ab9f116fba","TEMP_CANDIDATE","1"
"E:\P45 프로젝트\src\p45_v27\__pycache__\protection_manifest.cpython-312.pyc","src\p45_v27\__pycache__\protection_manifest.cpython-312.pyc","protection_manifest.cpython-312.pyc",".pyc","5360","2026-08-07T10:26:08.6578815+09:00","fb988fe3e3c0004d705bf0a55045e33d6614617015d4693ba17a14b15288f5a3","TEMP_CANDIDATE","1"
"E:\P45 프로젝트\src\p45_v27\__pycache__\protection_manifest.cpython-314.pyc","src\p45_v27\__pycache__\protection_manifest.cpython-314.pyc","protection_manifest.cpython-314.pyc",".pyc","6404","2026-08-12T10:32:04.4447258+09:00","250159eb47273e3e4ceeba43c6202a4de9da91dae0ccdfe3a46001a88c2491a3","TEMP_CANDIDATE","1"
"E:\P45 프로젝트\src\p45_v27\__pycache__\schema.cpython-312.pyc","src\p45_v27\__pycache__\schema.cpython-312.pyc","schema.cpython-312.pyc",".pyc","37296","2026-08-06T20:11:33.9257122+09:00","ae83101d1e0a8975834cccb3131de6f542cb67356d504e13eb78cafeb5e9c02c","TEMP_CANDIDATE","1"
"E:\P45 프로젝트\src\p45_v27\__pycache__\schema.cpython-314.pyc","src\p45_v27\__pycache__\schema.cpython-314.pyc","schema.cpython-314.pyc",".pyc","37333","2026-08-12T10:31:01.4228153+09:00","12a22908402c999d5123f0e721d9f7ef587f3711bb3397e3833fe530ddd26d6c","TEMP_CANDIDATE","1"
"E:\P45 프로젝트\src\p45_v27\__pycache__\stage55_diagnostics.cpython-312.pyc","src\p45_v27\__pycache__\stage55_diagnostics.cpython-312.pyc","stage55_diagnostics.cpython-312.pyc",".pyc","4272","2026-08-06T18:36:48.2045703+09:00","9afa59660ba73a94453e053f477b255a9bcd1f2cfcc3180f319dbc0e2b5cc928","TEMP_CANDIDATE","1"
"E:\P45 프로젝트\src\p45_v27\__pycache__\stage6_diagnostics.cpython-312.pyc","src\p45_v27\__pycache__\stage6_diagnostics.cpython-312.pyc","stage6_diagnostics.cpython-312.pyc",".pyc","4883","2026-08-07T10:26:08.6918614+09:00","af6f677f72938564d2433cf41961d389afe66dd95f8fdbea028b89f5f94ea672","TEMP_CANDIDATE","1"
"E:\P45 프로젝트\src\p45_v27\__pycache__\stage7_diagnostics.cpython-312.pyc","src\p45_v27\__pycache__\stage7_diagnostics.cpython-312.pyc","stage7_diagnostics.cpython-312.pyc",".pyc","7039","2026-08-07T10:29:34.0286014+09:00","02c99bc7112956f8a77b6d120b957cbd2776fd29e1e8f82e8df77d7898586535","TEMP_CANDIDATE","1"
"E:\P45 프로젝트\src\p45_v27\__pycache__\stage72_finalize.cpython-312.pyc","src\p45_v27\__pycache__\stage72_finalize.cpython-312.pyc","stage72_finalize.cpython-312.pyc",".pyc","6829","2026-08-10T12:39:09.6008840+09:00","083e02da13f91fed56b9a0534001a1281142b2ad188124028c59ee504aa3022e","TEMP_CANDIDATE","1"
"E:\P45 프로젝트\src\p45_v27\__pycache__\stage72_report.cpython-312.pyc","src\p45_v27\__pycache__\stage72_report.cpython-312.pyc","stage72_report.cpython-312.pyc",".pyc","12249","2026-08-10T12:54:02.2339564+09:00","4a73ba5b105e990235329c2522944a3a9de907e9b0e23b6ec0a29d0beca2aeba","TEMP_CANDIDATE","1"
"E:\P45 프로젝트\src\p45_v27\__pycache__\stage72_verify.cpython-312.pyc","src\p45_v27\__pycache__\stage72_verify.cpython-312.pyc","stage72_verify.cpython-312.pyc",".pyc","4028","2026-08-10T12:35:37.2980140+09:00","67dff38f1f204f0e594b3b835721fc5a7595050f6072e66e58177d467cb51be7","TEMP_CANDIDATE","1"
"E:\P45 프로젝트\src\p45_v27\__pycache__\structure_collapse.cpython-312.pyc","src\p45_v27\__pycache__\structure_collapse.cpython-312.pyc","structure_collapse.cpython-312.pyc",".pyc","7163","2026-08-06T18:36:34.3811767+09:00","d878d9c34287f3e8f2bbd71f227068d8d1dea82c9f07b54f923783a70777f06c","TEMP_CANDIDATE","1"
"E:\P45 프로젝트\src\p45_v27\__pycache__\structure_store.cpython-312.pyc","src\p45_v27\__pycache__\structure_store.cpython-312.pyc","structure_store.cpython-312.pyc",".pyc","3064","2026-08-06T18:36:34.4403147+09:00","9e6ff530bee3c94bcec081cb0e95319b00633ccebee40eebdddfb0a923b14a72","TEMP_CANDIDATE","1"
"E:\P45 프로젝트\src\p45_v27\__pycache__\trio_engine.cpython-312.pyc","src\p45_v27\__pycache__\trio_engine.cpython-312.pyc","trio_engine.cpython-312.pyc",".pyc","34777","2026-08-06T20:14:33.0076705+09:00","9a9b9c4f190001d350eee4c8214e38fea76357a16a6fbc1a691fc3d2b17fdfb0","TEMP_CANDIDATE","1"
"E:\P45 프로젝트\src\p45_v27\__pycache__\trio_final.cpython-312.pyc","src\p45_v27\__pycache__\trio_final.cpython-312.pyc","trio_final.cpython-312.pyc",".pyc","20455","2026-08-10T12:45:41.9711743+09:00","d0dff084b61ad83ad96b0c2189e4404d7276ddf8d1dafd50741e004164accf02","TEMP_CANDIDATE","1"
"E:\P45 프로젝트\src\p45_v27\__pycache__\trio_store.cpython-312.pyc","src\p45_v27\__pycache__\trio_store.cpython-312.pyc","trio_store.cpython-312.pyc",".pyc","9855","2026-08-06T20:14:33.0176665+09:00","1f7219851044fa6e6ead87013a8907fccd0a821c950d38f1f5fa50f6e752b78e","TEMP_CANDIDATE","1"
"E:\P45 프로젝트\src\p45_v27\__pycache__\trio_walkforward.cpython-312.pyc","src\p45_v27\__pycache__\trio_walkforward.cpython-312.pyc","trio_walkforward.cpython-312.pyc",".pyc","19162","2026-08-07T10:40:02.8995936+09:00","e41895f8bebb2d8d59e6d14ff2a4346ab49bc9f80efe5dd204d030ab07f88285","TEMP_CANDIDATE","1"
"E:\P45 프로젝트\src\p45_v27\__pycache__\unit_relation_store.cpython-312.pyc","src\p45_v27\__pycache__\unit_relation_store.cpython-312.pyc","unit_relation_store.cpython-312.pyc",".pyc","2952","2026-08-06T17:21:16.8856930+09:00","158698df47e51baa26ec4dd65a1b2e6644573b61578d70eb45cb695756728fad","TEMP_CANDIDATE","1"
"E:\P45 프로젝트\src\p45_v27\__pycache__\unit_relations.cpython-312.pyc","src\p45_v27\__pycache__\unit_relations.cpython-312.pyc","unit_relations.cpython-312.pyc",".pyc","10163","2026-08-06T18:20:59.3583787+09:00","b6505db3f7a18b15a01da947388714392d5ce8d8841c85b188f1f74c42301185","TEMP_CANDIDATE","1"
"E:\P45 프로젝트\src\p45_v27\__pycache__\unit_state_store.cpython-312.pyc","src\p45_v27\__pycache__\unit_state_store.cpython-312.pyc","unit_state_store.cpython-312.pyc",".pyc","4469","2026-08-06T18:20:59.3643750+09:00","b03aa354ef02db8bfd3dbe367a0ea63125a43603c8d04de2e8a7e0e847cabec5","TEMP_CANDIDATE","1"
"E:\P45 프로젝트\src\p45_v27\__pycache__\unit_states.cpython-312.pyc","src\p45_v27\__pycache__\unit_states.cpython-312.pyc","unit_states.cpython-312.pyc",".pyc","14861","2026-08-06T18:36:48.2574458+09:00","8e25bd1849e5efab6ab5716032ead423b0eb634105a133c93e552e484d625b72","TEMP_CANDIDATE","1"
"E:\P45 프로젝트\src\p45_v27\__pycache__\version_v271.cpython-312.pyc","src\p45_v27\__pycache__\version_v271.cpython-312.pyc","version_v271.cpython-312.pyc",".pyc","467","2026-08-12T13:24:55.8159139+09:00","44392459aaaad58d858b82ba9c809165bafb9849bdb07d4de40b8086e642a0ef","TEMP_CANDIDATE","1"
"E:\P45 프로젝트\src\p45_v27\__pycache__\version_v272.cpython-312.pyc","src\p45_v27\__pycache__\version_v272.cpython-312.pyc","version_v272.cpython-312.pyc",".pyc","560","2026-08-12T13:24:55.8201407+09:00","72988018c3d1b63cbe322ad1a5839d5ab56b9dcc64d5b7793dcb66313c13208f","TEMP_CANDIDATE","1"
"E:\P45 프로젝트\src\p45_v27\__pycache__\version_v273.cpython-312.pyc","src\p45_v27\__pycache__\version_v273.cpython-312.pyc","version_v273.cpython-312.pyc",".pyc","233","2026-08-12T13:24:55.8231656+09:00","44d815ae81b1f293723472ca49b80d6946049fa2484c0f22beadc3d90879f66f","TEMP_CANDIDATE","1"
"E:\P45 프로젝트\src\p45_v27\__pycache__\web_adapter.cpython-312.pyc","src\p45_v27\__pycache__\web_adapter.cpython-312.pyc","web_adapter.cpython-312.pyc",".pyc","6605","2026-08-12T13:24:55.8540183+09:00","5a80b9435775c21cf827ed2ec255d9d6f420ad9d6b616c87db6421044f3ea7c0","TEMP_CANDIDATE","1"
"E:\P45 프로젝트\src\p45_v27\__pycache__\web_adapter.cpython-314.pyc","src\p45_v27\__pycache__\web_adapter.cpython-314.pyc","web_adapter.cpython-314.pyc",".pyc","6592","2026-08-12T10:31:01.4298112+09:00","ee6b69ccc7447086a7032514acf05d26528d46482337eff6c9dc5db79fb40252","TEMP_CANDIDATE","1"
"E:\P45 프로젝트\src\p45_v27\__pycache__\webapp.cpython-312.pyc","src\p45_v27\__pycache__\webapp.cpython-312.pyc","webapp.cpython-312.pyc",".pyc","6998","2026-08-12T13:59:32.2051265+09:00","7678e528b7e8e69c710b06b79dd087af6e2115f72b4fd18f7b037ed9cf3be8bd","TEMP_CANDIDATE","1"
"E:\P45 프로젝트\tests\test_backtest.py","tests\test_backtest.py","test_backtest.py",".py","3243","2026-08-04T20:28:14.2983852+09:00","510732a118f7660dd1d4a9d092f74c7b31486e59788c02c4840f1875fd48c132","KEEP_RUNTIME","1"
"E:\P45 프로젝트\tests\test_candidates.py","tests\test_candidates.py","test_candidates.py",".py","1429","2026-08-04T20:32:14.3018719+09:00","b9341bfb3239c2240c84840d7fc97b5ec87c18f5122d2458617ae7250dcd30fc","KEEP_RUNTIME","1"
"E:\P45 프로젝트\tests\test_data.py","tests\test_data.py","test_data.py",".py","2654","2026-08-04T19:59:07.7497798+09:00","5788627dd990079cedb7cf36257b5e2ac8784ea86f0e0af723fe548527a94e99","KEEP_RUNTIME","1"
"E:\P45 프로젝트\tests\test_exp001_preflight.py","tests\test_exp001_preflight.py","test_exp001_preflight.py",".py","5301","2026-08-16T15:52:23.7899859+09:00","d01e4a40e5cf6b3494a98321e7ad6fc1214d2b1740a99ae255f16a90ae05b002","KEEP_RUNTIME","1"
"E:\P45 프로젝트\tests\test_exp002_locked_run.py","tests\test_exp002_locked_run.py","test_exp002_locked_run.py",".py","807","2026-08-16T17:50:40.0935452+09:00","26d0771354562874fb99efb714da85cca381e38a7063c97cf8df4313ef99ccd2","KEEP_RUNTIME","1"
"E:\P45 프로젝트\tests\test_exp002_preflight.py","tests\test_exp002_preflight.py","test_exp002_preflight.py",".py","1806","2026-08-16T17:06:14.9079201+09:00","da4ce7e713f840e8a66b75ef0a3b987216d8f9ee3360cf8f69b5cbbe4c3116ed","KEEP_RUNTIME","1"
"E:\P45 프로젝트\tests\test_exp002_v2.py","tests\test_exp002_v2.py","test_exp002_v2.py",".py","645","2026-08-16T20:01:26.8740937+09:00","ce2ce120205cf625f1dc9c9072476b9e63d0e8fb8c610ce16625ea2d70151523","KEEP_RUNTIME","1"
"E:\P45 프로젝트\tests\test_exp003_preflight.py","tests\test_exp003_preflight.py","test_exp003_preflight.py",".py","1079","2026-08-16T20:33:27.4697086+09:00","89c36f2029df8c350dffafdf6b08f9f4836f87f6e0135ac63fbc82691a4226f4","KEEP_RUNTIME","1"
"E:\P45 프로젝트\tests\test_experiment_v24.py","tests\test_experiment_v24.py","test_experiment_v24.py",".py","1185","2026-08-04T21:14:03.3263600+09:00","5f719fc41dcc3e606a9cc42bba20c93f23e57180c2d9923048e21173b74f072e","KEEP_RUNTIME","1"
"E:\P45 프로젝트\tests\test_fetch.py","tests\test_fetch.py","test_fetch.py",".py","2886","2026-08-04T20:17:04.0562488+09:00","486a65f8f6920f0ab61666c5ab284c09a0ed1d0dc5e5d892d5e5c224091ec2bf","KEEP_RUNTIME","1"
"E:\P45 프로젝트\tests\test_ledger.py","tests\test_ledger.py","test_ledger.py",".py","3239","2026-08-04T20:43:41.9493884+09:00","d96ea528cf54e6d69f67819df106e34b4e21a074e6dcb271dd01889a29934f4b","KEEP_RUNTIME","1"
"E:\P45 프로젝트\tests\test_pair_bootstrap_patch.py","tests\test_pair_bootstrap_patch.py","test_pair_bootstrap_patch.py",".py","8047","2026-08-11T13:28:14.3093687+09:00","a3fd71546354f8ee589cc154015a8fc4ef9df4927be7a60cb645fba168ccc01c","KEEP_RUNTIME","1"
"E:\P45 프로젝트\tests\test_pair_production_adapter.py","tests\test_pair_production_adapter.py","test_pair_production_adapter.py",".py","2688","2026-08-11T13:28:39.1148727+09:00","8be9621962536e0cb3264f097a1093dd1ce4e762c6130152dd7919f9583c6720","KEEP_RUNTIME","1"
"E:\P45 프로젝트\tests\test_pair_stage12.py","tests\test_pair_stage12.py","test_pair_stage12.py",".py","5113","2026-08-11T13:28:11.8450457+09:00","0e146890ef89052036c3801352db81df4225f440ba54fb86509a94f0c9eac245","KEEP_RUNTIME","1"
"E:\P45 프로젝트\tests\test_pair_stage3.py","tests\test_pair_stage3.py","test_pair_stage3.py",".py","8581","2026-08-10T15:49:40.1848597+09:00","69c086f747c019307da8ebaeabb049df56c7012a8bde85ba4db97a164543e9e1","KEEP_RUNTIME","1"
"E:\P45 프로젝트\tests\test_pair_v12_official.py","tests\test_pair_v12_official.py","test_pair_v12_official.py",".py","5820","2026-08-11T13:29:34.6320665+09:00","4751cf0915a52c0fcc140d660ef2e951414960334af8c2319767df624ecc846a","KEEP_RUNTIME","1"
"E:\P45 프로젝트\tests\test_pair_walkforward_runner.py","tests\test_pair_walkforward_runner.py","test_pair_walkforward_runner.py",".py","6816","2026-08-11T13:29:00.2404786+09:00","97bbd485364bc0c8c8cc0e979ac38aff2a2e78372d9bae9aee111646a86c3d1d","KEEP_RUNTIME","1"
"E:\P45 프로젝트\tests\test_placement.py","tests\test_placement.py","test_placement.py",".py","2150","2026-08-04T20:39:38.7559181+09:00","dc5aaafa75c6ee92fbf151e9f3c3c457a568f276d0dd3fb157771d0f50ec50f7","KEEP_RUNTIME","1"
"E:\P45 프로젝트\tests\test_selection.py","tests\test_selection.py","test_selection.py",".py","3200","2026-08-04T21:15:52.4719915+09:00","debbd9db438f0d1caecdc3c652ce64ceadffa4daf13b82489669119aac2d015b","KEEP_RUNTIME","1"
"E:\P45 프로젝트\tests\test_structure.py","tests\test_structure.py","test_structure.py",".py","2798","2026-08-04T20:23:34.0170503+09:00","2a6792705ab0b8b7dbdd02e57bf702f43d298308eb5e2fc47ec86557ced7d952","KEEP_RUNTIME","1"
"E:\P45 프로젝트\tests\test_validate.py","tests\test_validate.py","test_validate.py",".py","3795","2026-08-04T20:20:33.2611228+09:00","99169863ad0c3c2e43d247e4f3e54a78151c77ba4412d4fd229e75336d740e45","KEEP_RUNTIME","1"
"E:\P45 프로젝트\tests\test_webapp.py","tests\test_webapp.py","test_webapp.py",".py","1593","2026-08-04T20:49:12.1771491+09:00","6cc71853cd9384afe3fa67b04bdef4410197d3430393ea00051f67747a09db39","KEEP_RUNTIME","1"
"E:\P45 프로젝트\tests\__pycache__\test_backtest.cpython-312.pyc","tests\__pycache__\test_backtest.cpython-312.pyc","test_backtest.cpython-312.pyc",".pyc","5523","2026-08-04T20:28:27.2936198+09:00","39939cb645dc9c77c5c6b236e7a8391f1abccabf5b8bafd791401aa399027dc0","TEMP_CANDIDATE","1"
"E:\P45 프로젝트\tests\__pycache__\test_candidates.cpython-312.pyc","tests\__pycache__\test_candidates.cpython-312.pyc","test_candidates.cpython-312.pyc",".pyc","2306","2026-08-04T20:32:32.2949761+09:00","e14c0312b7bf2d871cd2f49df902bd0823f00ae9168424c7e148f8e1f1801902","TEMP_CANDIDATE","1"
"E:\P45 프로젝트\tests\__pycache__\test_data.cpython-312.pyc","tests\__pycache__\test_data.cpython-312.pyc","test_data.cpython-312.pyc",".pyc","4825","2026-08-04T19:59:36.8393248+09:00","305f2f3162d67ec5b7648c9f862b629a3be3a3e8dd026b5e3d163375c8095284","TEMP_CANDIDATE","1"
"E:\P45 프로젝트\tests\__pycache__\test_exp001_preflight.cpython-314.pyc","tests\__pycache__\test_exp001_preflight.cpython-314.pyc","test_exp001_preflight.cpython-314.pyc",".pyc","11974","2026-08-16T15:52:32.8462254+09:00","01ba9020d9235a47d3facde0160af89212b61981d572a415f6714c47ca6fe655","TEMP_CANDIDATE","1"
"E:\P45 프로젝트\tests\__pycache__\test_exp003_preflight.cpython-312.pyc","tests\__pycache__\test_exp003_preflight.cpython-312.pyc","test_exp003_preflight.cpython-312.pyc",".pyc","2579","2026-08-16T20:36:32.4924796+09:00","fcba0f9946c8cd330212cf33ddbfd98722fbae04d3f3947970ea1e695dacb576","TEMP_CANDIDATE","1"
"E:\P45 프로젝트\tests\__pycache__\test_experiment_v24.cpython-312.pyc","tests\__pycache__\test_experiment_v24.cpython-312.pyc","test_experiment_v24.cpython-312.pyc",".pyc","2446","2026-08-04T21:14:13.8070421+09:00","126f3cd57817a52b4c405f16f91e37666f55dad4e6a893b3cba4e93309985b68","TEMP_CANDIDATE","1"
"E:\P45 프로젝트\tests\__pycache__\test_fetch.cpython-312.pyc","tests\__pycache__\test_fetch.cpython-312.pyc","test_fetch.cpython-312.pyc",".pyc","5506","2026-08-04T20:17:12.3020060+09:00","412dce00d3023fe6668323c4367b3057c26b9d8d53abefa3c4d25a9ec638e1e5","TEMP_CANDIDATE","1"
"E:\P45 프로젝트\tests\__pycache__\test_ledger.cpython-312.pyc","tests\__pycache__\test_ledger.cpython-312.pyc","test_ledger.cpython-312.pyc",".pyc","5400","2026-08-04T20:43:51.5049206+09:00","c38fcf16228d5e631a9c4d2ba64cd1bf05e112d767cbe7a73c69b6b2fc7fd1cb","TEMP_CANDIDATE","1"
"E:\P45 프로젝트\tests\__pycache__\test_pair_bootstrap_patch.cpython-312.pyc","tests\__pycache__\test_pair_bootstrap_patch.cpython-312.pyc","test_pair_bootstrap_patch.cpython-312.pyc",".pyc","15056","2026-08-11T13:28:46.0100969+09:00","2254284c2627dbe4e225e011fe230aeb723edca527810d1d473c803f62300d0b","TEMP_CANDIDATE","1"
"E:\P45 프로젝트\tests\__pycache__\test_pair_production_adapter.cpython-312.pyc","tests\__pycache__\test_pair_production_adapter.cpython-312.pyc","test_pair_production_adapter.cpython-312.pyc",".pyc","7079","2026-08-11T13:29:49.0969922+09:00","d88c46e5025a7c189c1e7889ff2dcb3f0099774a0628752430c121fe9233cbc4","TEMP_CANDIDATE","1"
"E:\P45 프로젝트\tests\__pycache__\test_pair_stage12.cpython-312.pyc","tests\__pycache__\test_pair_stage12.cpython-312.pyc","test_pair_stage12.cpython-312.pyc",".pyc","10787","2026-08-11T13:28:45.9351235+09:00","5d1dad804f570b38dafbe98c4549ab95d97e45e20e9216045ceea64d16725db0","TEMP_CANDIDATE","1"
"E:\P45 프로젝트\tests\__pycache__\test_pair_stage3.cpython-312.pyc","tests\__pycache__\test_pair_stage3.cpython-312.pyc","test_pair_stage3.cpython-312.pyc",".pyc","13440","2026-08-10T15:49:45.7664108+09:00","7d68317c9f29da7fe266f7d2607be95ebb290228e02b6c4043ff4871e60ca18e","TEMP_CANDIDATE","1"
"E:\P45 프로젝트\tests\__pycache__\test_pair_v12_official.cpython-312.pyc","tests\__pycache__\test_pair_v12_official.cpython-312.pyc","test_pair_v12_official.cpython-312.pyc",".pyc","11755","2026-08-11T13:29:49.1649381+09:00","c33ceda45ed61dcbbd1c62f35c2a83106932995009012ef2fb00584a915c033a","TEMP_CANDIDATE","1"
"E:\P45 프로젝트\tests\__pycache__\test_pair_walkforward_runner.cpython-312.pyc","tests\__pycache__\test_pair_walkforward_runner.cpython-312.pyc","test_pair_walkforward_runner.cpython-312.pyc",".pyc","18399","2026-08-11T13:29:49.0869986+09:00","30c87dadc6a7cf95cec57b86ee88e634d0060ceb0f9b6b501f39fc8bfc8c32e7","TEMP_CANDIDATE","1"
"E:\P45 프로젝트\tests\__pycache__\test_placement.cpython-312.pyc","tests\__pycache__\test_placement.cpython-312.pyc","test_placement.cpython-312.pyc",".pyc","3969","2026-08-04T20:39:49.3972755+09:00","590252902beb0c3af5c6a6db2f270d5da9d27663af0f05c3610fc94c547d929d","TEMP_CANDIDATE","1"
"E:\P45 프로젝트\tests\__pycache__\test_selection.cpython-312.pyc","tests\__pycache__\test_selection.cpython-312.pyc","test_selection.cpython-312.pyc",".pyc","5155","2026-08-04T21:16:08.3247985+09:00","8a3cefbde1ff5914593c1cbb387869e581f83a8df6be31b63855739a574d328c","TEMP_CANDIDATE","1"
"E:\P45 프로젝트\tests\__pycache__\test_structure.cpython-312.pyc","tests\__pycache__\test_structure.cpython-312.pyc","test_structure.cpython-312.pyc",".pyc","5177","2026-08-04T20:23:41.1682471+09:00","a062515cf085099890ace60628c86bb9954d532c9c32b31d326455f2405ec066","TEMP_CANDIDATE","1"
"E:\P45 프로젝트\tests\__pycache__\test_validate.cpython-312.pyc","tests\__pycache__\test_validate.cpython-312.pyc","test_validate.cpython-312.pyc",".pyc","6489","2026-08-04T20:20:44.8555262+09:00","0d9aa57d5f72aa77a3be1123ba5bbfadbf9e49891907df52026632c658a0822c","TEMP_CANDIDATE","1"
"E:\P45 프로젝트\tests\__pycache__\test_webapp.cpython-312.pyc","tests\__pycache__\test_webapp.cpython-312.pyc","test_webapp.cpython-312.pyc",".pyc","2810","2026-08-04T20:49:21.0596824+09:00","35b5cf6cfcbbb4e28b86a856572d8cc3feb67b3a6330c4e81f4ad07deb11a35b","TEMP_CANDIDATE","1"
"E:\P45 프로젝트\tests_v27\test_draw_update.py","tests_v27\test_draw_update.py","test_draw_update.py",".py","1729","2026-08-12T13:24:24.0011924+09:00","cac5d53a79b06a56e573f751617de1db8a93932316ffec8c42ed9323274c07ad","KEEP_RUNTIME","1"
"E:\P45 프로젝트\tests_v27\test_stage55_v271.py","tests_v27\test_stage55_v271.py","test_stage55_v271.py",".py","9169","2026-08-06T20:47:56.3574860+09:00","76bab7cc94bbec0751d39a6f44719ecc7600b72b87b048e4189d873cc72083d8","KEEP_RUNTIME","1"
"E:\P45 프로젝트\tests_v27\test_stage56_structure.py","tests_v27\test_stage56_structure.py","test_stage56_structure.py",".py","4470","2026-08-06T20:44:31.4510432+09:00","41f3a7269f28171a3137d366b4583b2ab01b297d11f7cf70aba9f7d42866db28","KEEP_RUNTIME","1"
"E:\P45 프로젝트\tests_v27\test_stage6_v272.py","tests_v27\test_stage6_v272.py","test_stage6_v272.py",".py","7433","2026-08-06T20:44:28.7418504+09:00","ed0fa54ba470ba25202348d3f7841ccfea2a088580f8912bc5e5f062df2a4562","KEEP_RUNTIME","1"
"E:\P45 프로젝트\tests_v27\test_stage7_v273.py","tests_v27\test_stage7_v273.py","test_stage7_v273.py",".py","6620","2026-08-06T20:13:09.4732768+09:00","9e483dd6685b371c3aa52de96cd3395aa0fb48273f69d8b3cbeb2a4839737780","KEEP_RUNTIME","1"
"E:\P45 프로젝트\tests_v27\test_stage71_walkforward.py","tests_v27\test_stage71_walkforward.py","test_stage71_walkforward.py",".py","5289","2026-08-07T10:27:00.2273329+09:00","a261333ef8c9682d8ec21a6ac6cf8e28278b75ec7558c4c433d46a70131721c8","KEEP_RUNTIME","1"
"E:\P45 프로젝트\tests_v27\test_storage_stage3.py","tests_v27\test_storage_stage3.py","test_storage_stage3.py",".py","6422","2026-08-06T16:57:44.8467403+09:00","60627ecce507f6029ce5fea8cc2289058487e8cc80931419e64f4a170faba39c","KEEP_RUNTIME","1"
"E:\P45 프로젝트\tests_v27\test_unit_relations_stage5.py","tests_v27\test_unit_relations_stage5.py","test_unit_relations_stage5.py",".py","7076","2026-08-06T17:20:54.0698709+09:00","3be4629169675069015050a555aa6450a1cc8f72009ee85fff36fb08cad44617","KEEP_RUNTIME","1"
"E:\P45 프로젝트\tests_v27\test_units_stage4.py","tests_v27\test_units_stage4.py","test_units_stage4.py",".py","5845","2026-08-06T18:21:44.2563274+09:00","603a939b9469e7b4efe6f894e2880e12d6a542a4ff0a0557ca71d4a58e8d19a8","KEEP_RUNTIME","1"
"E:\P45 프로젝트\tests_v27\test_web_integration.py","tests_v27\test_web_integration.py","test_web_integration.py",".py","1880","2026-08-12T10:31:27.1066062+09:00","a714c58c20a164df35ea8aa7590ed01217da668b545f49f1b1ca5f948d435e7e","KEEP_RUNTIME","1"
"E:\P45 프로젝트\tests_v27\__pycache__\test_draw_update.cpython-312.pyc","tests_v27\__pycache__\test_draw_update.cpython-312.pyc","test_draw_update.cpython-312.pyc",".pyc","3729","2026-08-12T13:24:55.8744676+09:00","7b829e77f64ec53477d44a197a102c0f0ffa2f8adf4cfaf34f3815de35a680b3","TEMP_CANDIDATE","1"
"E:\P45 프로젝트\tests_v27\__pycache__\test_stage55_v271.cpython-312.pyc","tests_v27\__pycache__\test_stage55_v271.cpython-312.pyc","test_stage55_v271.cpython-312.pyc",".pyc","13959","2026-08-06T20:48:02.9138128+09:00","9be9817781fe4c817525e95eb19ecaf9328fc54ea85cb342462b75c4ca747ce3","TEMP_CANDIDATE","1"
"E:\P45 프로젝트\tests_v27\__pycache__\test_stage56_structure.cpython-312.pyc","tests_v27\__pycache__\test_stage56_structure.cpython-312.pyc","test_stage56_structure.cpython-312.pyc",".pyc","8415","2026-08-06T20:46:20.1127453+09:00","9f7d4440d2f7863dfe4cfd1c2940fc9ba467c55f864a57d8ae1c3fdb838fde65","TEMP_CANDIDATE","1"
"E:\P45 프로젝트\tests_v27\__pycache__\test_stage6_v272.cpython-312.pyc","tests_v27\__pycache__\test_stage6_v272.cpython-312.pyc","test_stage6_v272.cpython-312.pyc",".pyc","15842","2026-08-06T20:46:20.2259225+09:00","114b6b9fca5155ff3bbfcf1c54882edb8be1a750edc185dd67fbc93d1f58bdeb","TEMP_CANDIDATE","1"
"E:\P45 프로젝트\tests_v27\__pycache__\test_stage7_v273.cpython-312.pyc","tests_v27\__pycache__\test_stage7_v273.cpython-312.pyc","test_stage7_v273.cpython-312.pyc",".pyc","17246","2026-08-06T20:13:17.1727050+09:00","9e072d430ca9b7b3e2265fa5392b0b5b03ff6e17d8a5f2dbfdac908b63f96d9b","TEMP_CANDIDATE","1"
"E:\P45 프로젝트\tests_v27\__pycache__\test_stage71_walkforward.cpython-312.pyc","tests_v27\__pycache__\test_stage71_walkforward.cpython-312.pyc","test_stage71_walkforward.cpython-312.pyc",".pyc","13095","2026-08-07T10:27:24.2680047+09:00","453a072717932906f630f726aca467f894a9c17640c90852a18c7f94db5417ef","TEMP_CANDIDATE","1"
"E:\P45 프로젝트\tests_v27\__pycache__\test_storage_stage3.cpython-312.pyc","tests_v27\__pycache__\test_storage_stage3.cpython-312.pyc","test_storage_stage3.cpython-312.pyc",".pyc","10707","2026-08-06T16:58:05.5344582+09:00","01718409fad64988debe16d95033e1ce37a03147c4c71bb38169beb548929296","TEMP_CANDIDATE","1"
"E:\P45 프로젝트\tests_v27\__pycache__\test_unit_relations_stage5.cpython-312.pyc","tests_v27\__pycache__\test_unit_relations_stage5.cpython-312.pyc","test_unit_relations_stage5.cpython-312.pyc",".pyc","11001","2026-08-06T17:21:02.5485680+09:00","2870dc7092272a48a04fd0a7f0747287172e6aca9dcbaae1c150a9458c255394","TEMP_CANDIDATE","1"
"E:\P45 프로젝트\tests_v27\__pycache__\test_units_stage4.cpython-312.pyc","tests_v27\__pycache__\test_units_stage4.cpython-312.pyc","test_units_stage4.cpython-312.pyc",".pyc","11386","2026-08-06T18:21:50.6527952+09:00","4c45dcff1f138b5a9257a957b72398b7d89d1a92a1d65d333656b405d6c8c449","TEMP_CANDIDATE","1"
"E:\P45 프로젝트\tests_v27\__pycache__\test_web_integration.cpython-312.pyc","tests_v27\__pycache__\test_web_integration.cpython-312.pyc","test_web_integration.cpython-312.pyc",".pyc","3452","2026-08-12T13:24:55.9820822+09:00","b0daac1a90a5183600583848229fd5db237be4398a3902d9abbca83c9cbbf49e","TEMP_CANDIDATE","1"
"E:\P45 프로젝트\tests_v27\__pycache__\test_web_integration.cpython-314.pyc","tests_v27\__pycache__\test_web_integration.cpython-314.pyc","test_web_integration.cpython-314.pyc",".pyc","4091","2026-08-12T10:31:36.8012541+09:00","607732c636e89492f136c315a51f719ba1fe350b8c3cf4db192eb0a5f6da823c","TEMP_CANDIDATE","1"
"E:\P45 프로젝트\v27_storage\active_schema.json","v27_storage\active_schema.json","active_schema.json",".json","287","2026-08-06T20:46:12.2800725+09:00","8049a7ff586a71cec45d84aeb4136e7b643e835b224e79885c8b79b833356715","KEEP_CANONICAL","1"
"E:\P45 프로젝트\v27_storage\backtests\p45_v273_trio_final_report.json","v27_storage\backtests\p45_v273_trio_final_report.json","p45_v273_trio_final_report.json",".json","80908","2026-08-10T12:54:10.0787173+09:00","543c0a1451fd73b30a555c50391f0ae01999d141edf719e41f4115b5faf3e89f","KEEP_CANONICAL","1"
"E:\P45 프로젝트\v27_storage\backtests\p45_v273_trio_final.sqlite3","v27_storage\backtests\p45_v273_trio_final.sqlite3","p45_v273_trio_final.sqlite3",".sqlite3","147341312","2026-08-10T12:49:24.5499907+09:00","1b7b86d85f161f1a1dc1ea2d1c6712daefa30d9c8ae938fa8403784e055e9f59","KEEP_CANONICAL","1"
"E:\P45 프로젝트\v27_storage\backtests\p45_v273_trio_walkforward.sqlite3","v27_storage\backtests\p45_v273_trio_walkforward.sqlite3","p45_v273_trio_walkforward.sqlite3",".sqlite3","89186304","2026-08-10T12:26:34.7954480+09:00","76eaecb50557b66c6ffa3324cebf7a508a982356541236948cadf75ca04825f5","KEEP_CANONICAL","1"
"E:\P45 프로젝트\v27_storage\backtests\p45_v273_trio_walkforward.sqlite3-shm","v27_storage\backtests\p45_v273_trio_walkforward.sqlite3-shm","p45_v273_trio_walkforward.sqlite3-shm",".sqlite3-shm","32768","2026-08-21T15:47:27.0794657+09:00","fd4c9fda9cd3f9ae7c962b0ddf37232294d55580e1aa165aa06129b8549389eb","KEEP_CANONICAL","5"
"E:\P45 프로젝트\v27_storage\backtests\p45_v273_trio_walkforward.sqlite3-wal","v27_storage\backtests\p45_v273_trio_walkforward.sqlite3-wal","p45_v273_trio_walkforward.sqlite3-wal",".sqlite3-wal","0","2026-08-12T13:25:57.3448101+09:00","e3b0c44298fc1c149afbf4c8996fb92427ae41e4649b934ca495991b7852b855","KEEP_CANONICAL","6"
"E:\P45 프로젝트\v27_storage\backtests\p45_v274_pair_v12_final_aggregation.sqlite3","v27_storage\backtests\p45_v274_pair_v12_final_aggregation.sqlite3","p45_v274_pair_v12_final_aggregation.sqlite3",".sqlite3","65536","2026-08-11T18:08:57.7107345+09:00","f00c1c27e92fc8f551ae4c0de6ae1c8f9c991ac37da155546dfd7eea83c0229a","KEEP_CANONICAL","1"
"E:\P45 프로젝트\v27_storage\backtests\p45_v274_pair_walkforward_v12.sqlite3","v27_storage\backtests\p45_v274_pair_walkforward_v12.sqlite3","p45_v274_pair_walkforward_v12.sqlite3",".sqlite3","9600729088","2026-08-11T15:39:58.1561079+09:00","e2f7b6291bc3d0ecea6a170eda11bc47f04aa65cb9686d556ebd6b1b12f61740","KEEP_CANONICAL","1"
"E:\P45 프로젝트\v27_storage\backtests\p45_v274_pair_walkforward_v12.sqlite3-shm","v27_storage\backtests\p45_v274_pair_walkforward_v12.sqlite3-shm","p45_v274_pair_walkforward_v12.sqlite3-shm",".sqlite3-shm","32768","2026-08-16T17:09:35.4232126+09:00","fd4c9fda9cd3f9ae7c962b0ddf37232294d55580e1aa165aa06129b8549389eb","KEEP_CANONICAL","5"
"E:\P45 프로젝트\v27_storage\backtests\p45_v274_pair_walkforward_v12.sqlite3-wal","v27_storage\backtests\p45_v274_pair_walkforward_v12.sqlite3-wal","p45_v274_pair_walkforward_v12.sqlite3-wal",".sqlite3-wal","0","2026-08-11T17:24:52.4238322+09:00","e3b0c44298fc1c149afbf4c8996fb92427ae41e4649b934ca495991b7852b855","KEEP_CANONICAL","6"
"E:\P45 프로젝트\v27_storage\backtests\p45_v274_pair_walkforward.sqlite3","v27_storage\backtests\p45_v274_pair_walkforward.sqlite3","p45_v274_pair_walkforward.sqlite3",".sqlite3","202305536","2026-08-10T21:46:19.1768163+09:00","1d7fe8ba1c50e454b57d5bfe86da1e1bfee1fd2c6577cce47ae3d72dd89cfd57","KEEP_CANONICAL","1"
"E:\P45 프로젝트\v27_storage\backtests\p45_v274_pair_walkforward.sqlite3-shm","v27_storage\backtests\p45_v274_pair_walkforward.sqlite3-shm","p45_v274_pair_walkforward.sqlite3-shm",".sqlite3-shm","32768","2026-08-16T16:57:06.3176967+09:00","fd4c9fda9cd3f9ae7c962b0ddf37232294d55580e1aa165aa06129b8549389eb","KEEP_CANONICAL","5"
"E:\P45 프로젝트\v27_storage\backtests\p45_v274_pair_walkforward.sqlite3-wal","v27_storage\backtests\p45_v274_pair_walkforward.sqlite3-wal","p45_v274_pair_walkforward.sqlite3-wal",".sqlite3-wal","0","2026-08-10T21:46:50.4703039+09:00","e3b0c44298fc1c149afbf4c8996fb92427ae41e4649b934ca495991b7852b855","KEEP_CANONICAL","6"
"E:\P45 프로젝트\v27_storage\backtests\stage72_eligibility_verification.json","v27_storage\backtests\stage72_eligibility_verification.json","stage72_eligibility_verification.json",".json","62192","2026-08-10T12:38:22.4864174+09:00","aa38a5025fd78a91a52fdb0867931060cdf40a206a40f0b451e42cfe71dded04","KEEP_CANONICAL","1"
"E:\P45 프로젝트\v27_storage\backups\experiments\20260821_152259_EXP004_016_SETTLEMENT\backup-manifest.json","v27_storage\backups\experiments\20260821_152259_EXP004_016_SETTLEMENT\backup-manifest.json","backup-manifest.json",".json","2102","2026-08-21T15:23:00.5992978+09:00","abc19467c1537b68ee8508abe6b76647d191477ac869400a7b6dd5e3b1bc87cd","KEEP_ACTIVE_AUDIT_EVIDENCE","1"
"E:\P45 프로젝트\v27_storage\backups\experiments\20260821_152259_EXP004_016_SETTLEMENT\00_P45_STATE\P45_CURRENT_STATE.json","v27_storage\backups\experiments\20260821_152259_EXP004_016_SETTLEMENT\00_P45_STATE\P45_CURRENT_STATE.json","P45_CURRENT_STATE.json",".json","38042","2026-08-16T20:57:34.4693071+09:00","342158fdef8986f7438bcf94aba535efa3ebb427b514e0d9a50278e600c23a9d","KEEP_ACTIVE_AUDIT_EVIDENCE","3"
"E:\P45 프로젝트\v27_storage\backups\experiments\20260821_152259_EXP004_016_SETTLEMENT\00_P45_STATE\P45_CURRENT_STATE.md","v27_storage\backups\experiments\20260821_152259_EXP004_016_SETTLEMENT\00_P45_STATE\P45_CURRENT_STATE.md","P45_CURRENT_STATE.md",".md","5169","2026-08-16T20:57:34.4882971+09:00","6a56bbdc7f255b810c61b424a9e9d6955373471fcd26d82b1f7473a85e5c5388","KEEP_ACTIVE_AUDIT_EVIDENCE","3"
"E:\P45 프로젝트\v27_storage\backups\experiments\20260821_152259_EXP004_016_SETTLEMENT\00_P45_STATE\P45_DECISION_LOG.md","v27_storage\backups\experiments\20260821_152259_EXP004_016_SETTLEMENT\00_P45_STATE\P45_DECISION_LOG.md","P45_DECISION_LOG.md",".md","94544","2026-08-16T20:57:34.4992903+09:00","e38ca91afaedbbd3dc6430178a60153a00a653835272cdc404eae024ee228a2d","KEEP_ACTIVE_AUDIT_EVIDENCE","2"
"E:\P45 프로젝트\v27_storage\backups\experiments\20260821_152259_EXP004_016_SETTLEMENT\00_P45_STATE\P45_FINAL_OPERATION_STATE.md","v27_storage\backups\experiments\20260821_152259_EXP004_016_SETTLEMENT\00_P45_STATE\P45_FINAL_OPERATION_STATE.md","P45_FINAL_OPERATION_STATE.md",".md","3786","2026-08-12T10:33:44.3913308+09:00","833da632abf71072baae611cc270c2bd5e2246263a92e7ddeb971d7a09e8b3cf","KEEP_ACTIVE_AUDIT_EVIDENCE","2"
"E:\P45 프로젝트\v27_storage\backups\experiments\20260821_152259_EXP004_016_SETTLEMENT\00_P45_STATE\P45_HANDOFF.md","v27_storage\backups\experiments\20260821_152259_EXP004_016_SETTLEMENT\00_P45_STATE\P45_HANDOFF.md","P45_HANDOFF.md",".md","1040","2026-08-16T20:57:34.4892965+09:00","135266f50440b7c28592f58b0473da4e447ffa25086f6eb423724346923e58c8","KEEP_ACTIVE_AUDIT_EVIDENCE","3"
"E:\P45 프로젝트\v27_storage\backups\experiments\20260821_152259_EXP004_016_SETTLEMENT\00_P45_STATE\P45_NEW_CHAT_START.md","v27_storage\backups\experiments\20260821_152259_EXP004_016_SETTLEMENT\00_P45_STATE\P45_NEW_CHAT_START.md","P45_NEW_CHAT_START.md",".md","1026","2026-08-10T13:55:31.5642491+09:00","9b94be13a205f377e3a21bca640ebfd6684ce763ea3bf6f8aa8a0d2e7268ca4b","KEEP_ACTIVE_AUDIT_EVIDENCE","2"
"E:\P45 프로젝트\v27_storage\backups\experiments\20260821_152259_EXP004_016_SETTLEMENT\00_P45_STATE\experiment_lab\06_INITIAL_EXPERIMENT_REGISTRY.md","v27_storage\backups\experiments\20260821_152259_EXP004_016_SETTLEMENT\00_P45_STATE\experiment_lab\06_INITIAL_EXPERIMENT_REGISTRY.md","06_INITIAL_EXPERIMENT_REGISTRY.md",".md","9273","2026-08-16T20:56:47.1423745+09:00","a89260767d7cf2ecfa3da5857f96b2bde8b817a132c7add77d24290e5886c308","KEEP_ACTIVE_AUDIT_EVIDENCE","2"
"E:\P45 프로젝트\v27_storage\backups\experiments\20260821_152259_EXP004_016_SETTLEMENT\v27_storage\experiments\exp001\exp001_research.sqlite3","v27_storage\backups\experiments\20260821_152259_EXP004_016_SETTLEMENT\v27_storage\experiments\exp001\exp001_research.sqlite3","exp001_research.sqlite3",".sqlite3","13881344","2026-08-16T16:32:12.7864102+09:00","bc20ae1e80c05297485a3f0fb9d98946eda94c2b54d1fc3865be992b0a52c6fd","KEEP_ACTIVE_AUDIT_EVIDENCE","2"
"E:\P45 프로젝트\v27_storage\backups\experiments\20260821_152259_EXP004_016_SETTLEMENT\v27_storage\experiments\exp002\exp002_research.sqlite3","v27_storage\backups\experiments\20260821_152259_EXP004_016_SETTLEMENT\v27_storage\experiments\exp002\exp002_research.sqlite3","exp002_research.sqlite3",".sqlite3","1855488","2026-08-16T19:50:48.1455617+09:00","1b658292cc26c1ef943349c4afd851aa3a3d56ad6e72004bd67e9d70e152e10f","KEEP_ACTIVE_AUDIT_EVIDENCE","2"
"E:\P45 프로젝트\v27_storage\backups\experiments\20260821_152259_EXP004_016_SETTLEMENT\v27_storage\experiments\exp002_v2\exp002_v2_research.sqlite3","v27_storage\backups\experiments\20260821_152259_EXP004_016_SETTLEMENT\v27_storage\experiments\exp002_v2\exp002_v2_research.sqlite3","exp002_v2_research.sqlite3",".sqlite3","315392","2026-08-16T20:21:41.2662650+09:00","d8ef536a6fb421f72b84406148b36fdbe0ca85438eace25069c1916964d6e17d","KEEP_ACTIVE_AUDIT_EVIDENCE","2"
"E:\P45 프로젝트\v27_storage\backups\experiments\20260821_152259_EXP004_016_SETTLEMENT\v27_storage\experiments\exp003\exp003_research.sqlite3","v27_storage\backups\experiments\20260821_152259_EXP004_016_SETTLEMENT\v27_storage\experiments\exp003\exp003_research.sqlite3","exp003_research.sqlite3",".sqlite3","3256320","2026-08-16T20:55:44.6420705+09:00","571f327cf09e0d6743dd8e23bbadae1fed46c64a12502234974282e9d222a5a0","KEEP_ACTIVE_AUDIT_EVIDENCE","2"
"E:\P45 프로젝트\v27_storage\backups\experiments\20260821_152259_EXP004_016_SETTLEMENT\v27_storage\manifests\protected-canonical-v1.json","v27_storage\backups\experiments\20260821_152259_EXP004_016_SETTLEMENT\v27_storage\manifests\protected-canonical-v1.json","protected-canonical-v1.json",".json","19932","2026-08-07T10:24:20.4612634+09:00","051a9add7b8bd68030a014c6f3d2e33226f4fc2db6e2cf90a0647f82349621dd","KEEP_ACTIVE_AUDIT_EVIDENCE","2"
"E:\P45 프로젝트\v27_storage\backups\schema27\20260806T183723+0900\migration-report.json","v27_storage\backups\schema27\20260806T183723+0900\migration-report.json","migration-report.json",".json","2642","2026-08-06T18:37:26.3699014+09:00","6463cb74028918d67820a7ab4aee90c4bab74c4462cb557de20cabe9d0b2f2ff","KEEP_CANONICAL","1"
"E:\P45 프로젝트\v27_storage\backups\schema27\20260806T183723+0900\p45_v27_audit.sqlite3","v27_storage\backups\schema27\20260806T183723+0900\p45_v27_audit.sqlite3","p45_v27_audit.sqlite3",".sqlite3","61440","2026-08-06T16:58:18.8922656+09:00","bcb596b1c2b6c38933169d5bf9c73fc277f2b0d425f07a7ba00cfa91de8be883","KEEP_CANONICAL","2"
"E:\P45 프로젝트\v27_storage\backups\schema27\20260806T183723+0900\p45_v27_core.sqlite3","v27_storage\backups\schema27\20260806T183723+0900\p45_v27_core.sqlite3","p45_v27_core.sqlite3",".sqlite3","266240","2026-08-06T16:58:18.1646610+09:00","210384fed7e4bdfc7acf0021b3b418789d2c4a413423be44b7664b2c5d92dbe0","KEEP_CANONICAL","2"
"E:\P45 프로젝트\v27_storage\backups\schema271\20260806T190343+0900\migration-report.json","v27_storage\backups\schema271\20260806T190343+0900\migration-report.json","migration-report.json",".json","2718","2026-08-06T19:03:49.6096391+09:00","c416e4846cf4cfdef1dee0d951067d2a75780cedf4ec4a4b7b12596d89cb77b6","KEEP_CANONICAL","1"
"E:\P45 프로젝트\v27_storage\backups\schema271\20260806T190343+0900\p45_v271_audit.sqlite3","v27_storage\backups\schema271\20260806T190343+0900\p45_v271_audit.sqlite3","p45_v271_audit.sqlite3",".sqlite3","61440","2026-08-06T18:37:26.3081113+09:00","f3a2dc8583bde174b3cf79addc55449da1b531db10b97fc7ad98d730c3b874dd","KEEP_CANONICAL","2"
"E:\P45 프로젝트\v27_storage\backups\schema271\20260806T190343+0900\p45_v271_core.sqlite3","v27_storage\backups\schema271\20260806T190343+0900\p45_v271_core.sqlite3","p45_v271_core.sqlite3",".sqlite3","282624","2026-08-06T18:37:25.6306750+09:00","4f5de571dd9850aca11c49939ff916f94af8998f10615623fd26062f1259aade","KEEP_CANONICAL","2"
"E:\P45 프로젝트\v27_storage\backups\schema272\20260806T204608+0900\migration-report.json","v27_storage\backups\schema272\20260806T204608+0900\migration-report.json","migration-report.json",".json","3071","2026-08-06T20:46:12.2880688+09:00","b276990854e2b31625e82c17e377001ff9b1bd738382aea3a2bc986901c5314a","KEEP_CANONICAL","1"
"E:\P45 프로젝트\v27_storage\backups\schema272\20260806T204608+0900\p45_v272_audit.sqlite3","v27_storage\backups\schema272\20260806T204608+0900\p45_v272_audit.sqlite3","p45_v272_audit.sqlite3",".sqlite3","61440","2026-08-06T19:03:49.4327425+09:00","e864af10ca0917bdf58ef156c26870124056572b6a8feebe681df1dc9940897c","KEEP_CANONICAL","2"
"E:\P45 프로젝트\v27_storage\backups\schema272\20260806T204608+0900\p45_v272_core.sqlite3","v27_storage\backups\schema272\20260806T204608+0900\p45_v272_core.sqlite3","p45_v272_core.sqlite3",".sqlite3","282624","2026-08-06T19:03:47.8385952+09:00","a3ef34cf27bd7cd7c5ec14eac25adf42befa65aecbb63daa8432ea7099dd7e4c","KEEP_CANONICAL","2"
"E:\P45 프로젝트\v27_storage\db\p45_v27_audit.sqlite3","v27_storage\db\p45_v27_audit.sqlite3","p45_v27_audit.sqlite3",".sqlite3","61440","2026-08-06T16:58:18.8922656+09:00","bcb596b1c2b6c38933169d5bf9c73fc277f2b0d425f07a7ba00cfa91de8be883","KEEP_CANONICAL","2"
"E:\P45 프로젝트\v27_storage\db\p45_v27_core.sqlite3","v27_storage\db\p45_v27_core.sqlite3","p45_v27_core.sqlite3",".sqlite3","266240","2026-08-06T16:58:18.1646610+09:00","210384fed7e4bdfc7acf0021b3b418789d2c4a413423be44b7664b2c5d92dbe0","KEEP_CANONICAL","2"
"E:\P45 프로젝트\v27_storage\db\p45_v271_audit.sqlite3","v27_storage\db\p45_v271_audit.sqlite3","p45_v271_audit.sqlite3",".sqlite3","61440","2026-08-06T18:37:26.3081113+09:00","f3a2dc8583bde174b3cf79addc55449da1b531db10b97fc7ad98d730c3b874dd","KEEP_CANONICAL","2"
"E:\P45 프로젝트\v27_storage\db\p45_v271_core.sqlite3","v27_storage\db\p45_v271_core.sqlite3","p45_v271_core.sqlite3",".sqlite3","282624","2026-08-06T18:37:25.6306750+09:00","4f5de571dd9850aca11c49939ff916f94af8998f10615623fd26062f1259aade","KEEP_CANONICAL","2"
"E:\P45 프로젝트\v27_storage\db\p45_v272_audit.sqlite3","v27_storage\db\p45_v272_audit.sqlite3","p45_v272_audit.sqlite3",".sqlite3","61440","2026-08-06T19:03:49.4327425+09:00","e864af10ca0917bdf58ef156c26870124056572b6a8feebe681df1dc9940897c","KEEP_CANONICAL","2"
"E:\P45 프로젝트\v27_storage\db\p45_v272_core.sqlite3","v27_storage\db\p45_v272_core.sqlite3","p45_v272_core.sqlite3",".sqlite3","282624","2026-08-06T19:03:47.8385952+09:00","a3ef34cf27bd7cd7c5ec14eac25adf42befa65aecbb63daa8432ea7099dd7e4c","KEEP_CANONICAL","2"
"E:\P45 프로젝트\v27_storage\db\p45_v273_audit.sqlite3","v27_storage\db\p45_v273_audit.sqlite3","p45_v273_audit.sqlite3",".sqlite3","61440","2026-08-06T20:46:12.2261034+09:00","b919b8b5067860e3705c323b8caf182e1f397d26f61ccdfa051a094c4a1c2d95","KEEP_CANONICAL","1"
"E:\P45 프로젝트\v27_storage\db\p45_v273_audit.sqlite3-shm","v27_storage\db\p45_v273_audit.sqlite3-shm","p45_v273_audit.sqlite3-shm",".sqlite3-shm","32768","2026-08-12T15:10:56.0644828+09:00","fd4c9fda9cd3f9ae7c962b0ddf37232294d55580e1aa165aa06129b8549389eb","KEEP_CANONICAL","5"
"E:\P45 프로젝트\v27_storage\db\p45_v273_audit.sqlite3-wal","v27_storage\db\p45_v273_audit.sqlite3-wal","p45_v273_audit.sqlite3-wal",".sqlite3-wal","0","2026-08-10T15:41:20.7643165+09:00","e3b0c44298fc1c149afbf4c8996fb92427ae41e4649b934ca495991b7852b855","KEEP_CANONICAL","6"
"E:\P45 프로젝트\v27_storage\db\p45_v273_core.sqlite3","v27_storage\db\p45_v273_core.sqlite3","p45_v273_core.sqlite3",".sqlite3","389120","2026-08-06T20:46:11.3536024+09:00","2cbc4cc03f7e189c951529fd1ca1beeaa4514ed0c8e02e2ffca2fd42b4c72ccd","KEEP_CANONICAL","1"
"E:\P45 프로젝트\v27_storage\db\p45_v273_core.sqlite3-shm","v27_storage\db\p45_v273_core.sqlite3-shm","p45_v273_core.sqlite3-shm",".sqlite3-shm","32768","2026-08-21T15:47:27.0383617+09:00","fd4c9fda9cd3f9ae7c962b0ddf37232294d55580e1aa165aa06129b8549389eb","KEEP_CANONICAL","5"
"E:\P45 프로젝트\v27_storage\db\p45_v273_core.sqlite3-wal","v27_storage\db\p45_v273_core.sqlite3-wal","p45_v273_core.sqlite3-wal",".sqlite3-wal","0","2026-08-10T14:32:50.9459472+09:00","e3b0c44298fc1c149afbf4c8996fb92427ae41e4649b934ca495991b7852b855","KEEP_CANONICAL","6"
"E:\P45 프로젝트\v27_storage\experiments\batch_exp004_016\REPRODUCTION_MISMATCH_EXP007.md","v27_storage\experiments\batch_exp004_016\REPRODUCTION_MISMATCH_EXP007.md","REPRODUCTION_MISMATCH_EXP007.md",".md","1451","2026-08-21T15:46:52.0811865+09:00","c2df7f08ea2ef9bb906a9ba85af2f09fd39ed27aeffb117c1302737ecd2b77f0","KEEP_ACTIVE_AUDIT_EVIDENCE","1"
"E:\P45 프로젝트\v27_storage\experiments\batch_exp004_016\reproduction_raw.json","v27_storage\experiments\batch_exp004_016\reproduction_raw.json","reproduction_raw.json",".json","10997","2026-08-21T15:45:29.4262599+09:00","e598d38546e0c30c46e554320a487027c811c0e7f5fa5bd7be9dfc69f62a4002","KEEP_ACTIVE_AUDIT_EVIDENCE","1"
"E:\P45 프로젝트\v27_storage\experiments\exp001\exp001_execution_lock.json","v27_storage\experiments\exp001\exp001_execution_lock.json","exp001_execution_lock.json",".json","957","2026-08-16T16:14:09.0997173+09:00","bd7191f4c6dc3aca00ca503ca3fd0e216725ccd301d3003afb4e369141963985","KEEP_CANONICAL","1"
"E:\P45 프로젝트\v27_storage\experiments\exp001\exp001_locked_run_report.json","v27_storage\experiments\exp001\exp001_locked_run_report.json","exp001_locked_run_report.json",".json","1092","2026-08-16T16:32:12.9756025+09:00","a3e06ad04d99dc4d6412e6bb6c1602873859caf5f8098994fc82161803cfdf71","KEEP_CANONICAL","1"
"E:\P45 프로젝트\v27_storage\experiments\exp001\exp001_preflight_report.json","v27_storage\experiments\exp001\exp001_preflight_report.json","exp001_preflight_report.json",".json","1286","2026-08-16T15:52:33.6548245+09:00","6483443ffb667ca5754f5a1f5c75d9918becc5148dda2220bdf4ac932614d141","KEEP_CANONICAL","1"
"E:\P45 프로젝트\v27_storage\experiments\exp001\exp001_research.sqlite3","v27_storage\experiments\exp001\exp001_research.sqlite3","exp001_research.sqlite3",".sqlite3","13881344","2026-08-16T16:32:12.7864102+09:00","bc20ae1e80c05297485a3f0fb9d98946eda94c2b54d1fc3865be992b0a52c6fd","KEEP_CANONICAL","2"
"E:\P45 프로젝트\v27_storage\experiments\exp001\exp001_run_progress.json","v27_storage\experiments\exp001\exp001_run_progress.json","exp001_run_progress.json",".json","120","2026-08-16T16:32:10.7722676+09:00","b8449e5d6b9972e3dc659c863e4d21c9bf4c6fd7139cbc1cb12157c2e151e3bd","KEEP_CANONICAL","1"
"E:\P45 프로젝트\v27_storage\experiments\exp001\fixed_marginal_integrated.json","v27_storage\experiments\exp001\fixed_marginal_integrated.json","fixed_marginal_integrated.json",".json","186605","2026-08-16T16:30:24.6870311+09:00","daa2574f70c696757a2b297e81ef35fa4cbfbb6ee152c9d92ae9a8111d8c67eb","KEEP_CANONICAL","1"
"E:\P45 프로젝트\v27_storage\experiments\exp001\fixed_marginal_main.json","v27_storage\experiments\exp001\fixed_marginal_main.json","fixed_marginal_main.json",".json","184309","2026-08-16T16:22:02.2125787+09:00","270276883e9933d9710e0aee2ea35f8be44060b92ec89e9f3982e3fba75a878b","KEEP_CANONICAL","1"
"E:\P45 프로젝트\v27_storage\experiments\exp001\data\exp001_data_snapshot_manifest.json","v27_storage\experiments\exp001\data\exp001_data_snapshot_manifest.json","exp001_data_snapshot_manifest.json",".json","936","2026-08-16T15:48:45.4726614+09:00","f988f309276034a3a7c0d8d08d572aaab308e6789670bce23535de3ccc7c7d1e","KEEP_CANONICAL","1"
"E:\P45 프로젝트\v27_storage\experiments\exp001\data\exp001_draws_1_1237.csv","v27_storage\experiments\exp001\data\exp001_draws_1_1237.csv","exp001_draws_1_1237.csv",".csv","42978","2026-08-16T15:48:45.4676657+09:00","b0cb865e0760060116cab5b6658eaca6d1b203d437ad7120831d5883c7f795b0","KEEP_CANONICAL","2"
"E:\P45 프로젝트\v27_storage\experiments\exp002\exp002_research.sqlite3","v27_storage\experiments\exp002\exp002_research.sqlite3","exp002_research.sqlite3",".sqlite3","1855488","2026-08-16T19:50:48.1455617+09:00","1b658292cc26c1ef943349c4afd851aa3a3d56ad6e72004bd67e9d70e152e10f","KEEP_CANONICAL","2"
"E:\P45 프로젝트\v27_storage\experiments\exp002\audit\no_pick_coverage_audit.json","v27_storage\experiments\exp002\audit\no_pick_coverage_audit.json","no_pick_coverage_audit.json",".json","882639","2026-08-16T17:31:56.4755751+09:00","27b2c3d7f1cbd5d50ae4776adeaa51415693e9cf5bc8d9f0117c4aea3f4cdab0","KEEP_CANONICAL","1"
"E:\P45 프로젝트\v27_storage\experiments\exp002\audit\no_pick_coverage_rounds.csv","v27_storage\experiments\exp002\audit\no_pick_coverage_rounds.csv","no_pick_coverage_rounds.csv",".csv","177264","2026-08-16T17:31:56.5025618+09:00","791c008137e88da0d038ba59c7b0e08bc8970543f6e6ed5e70ee8dfc9ca3e3fa","KEEP_CANONICAL","1"
"E:\P45 프로젝트\v27_storage\experiments\exp002\data\exp002_draws_1_1235.csv","v27_storage\experiments\exp002\data\exp002_draws_1_1235.csv","exp002_draws_1_1235.csv",".csv","42904","2026-08-16T17:50:52.9598473+09:00","a5a33282fa9e6a5265b170086358bf901d3cfdcf6ec7ebc3df6f975ad7b95800","KEEP_CANONICAL","8"
"E:\P45 프로젝트\v27_storage\experiments\exp002_v2\exp002_v2_research.sqlite3","v27_storage\experiments\exp002_v2\exp002_v2_research.sqlite3","exp002_v2_research.sqlite3",".sqlite3","315392","2026-08-16T20:21:41.2662650+09:00","d8ef536a6fb421f72b84406148b36fdbe0ca85438eace25069c1916964d6e17d","KEEP_CANONICAL","2"
"E:\P45 프로젝트\v27_storage\experiments\exp002_v2\EXP002V2_LOCKED_RUN_RESULT.json","v27_storage\experiments\exp002_v2\EXP002V2_LOCKED_RUN_RESULT.json","EXP002V2_LOCKED_RUN_RESULT.json",".json","3800","2026-08-16T20:21:41.3505619+09:00","a680bf9eb6b652c7e0844fcc44ff3863d4df08e1ae9c565afbe3daa24bdfffb6","KEEP_CANONICAL","1"
"E:\P45 프로젝트\v27_storage\experiments\exp003\exp003_locked_run_result.json","v27_storage\experiments\exp003\exp003_locked_run_result.json","exp003_locked_run_result.json",".json","373669","2026-08-16T20:55:44.8398896+09:00","c60168abe8623366883af6944b44e996d283c9c9435504c6fca2594c13dab3ff","KEEP_CANONICAL","1"
"E:\P45 프로젝트\v27_storage\experiments\exp003\exp003_preflight_report.json","v27_storage\experiments\exp003\exp003_preflight_report.json","exp003_preflight_report.json",".json","1285","2026-08-16T20:36:33.9842182+09:00","04810ef2fd55c41ee573a0d1f80388a90bbea2360d34af58962ec6f950c29ab5","KEEP_CANONICAL","1"
"E:\P45 프로젝트\v27_storage\experiments\exp003\exp003_research.sqlite3","v27_storage\experiments\exp003\exp003_research.sqlite3","exp003_research.sqlite3",".sqlite3","3256320","2026-08-16T20:55:44.6420705+09:00","571f327cf09e0d6743dd8e23bbadae1fed46c64a12502234974282e9d222a5a0","KEEP_CANONICAL","2"
"E:\P45 프로젝트\v27_storage\experiments\exp003\data\exp003_draws_1_1237.csv","v27_storage\experiments\exp003\data\exp003_draws_1_1237.csv","exp003_draws_1_1237.csv",".csv","42978","2026-08-16T15:48:45.4676657+09:00","b0cb865e0760060116cab5b6658eaca6d1b203d437ad7120831d5883c7f795b0","KEEP_CANONICAL","2"
"E:\P45 프로젝트\v27_storage\experiments\exp004\P45_EXP004_구성별_결과_001.csv","v27_storage\experiments\exp004\P45_EXP004_구성별_결과_001.csv","P45_EXP004_구성별_결과_001.csv",".csv","2917","2026-08-20T21:14:53.8294068+09:00","fcac08b7df4247155c6fe1d115dbaba7d05a0f3582a91b0ed7c6d4f2e8be4def","KEEP_CANONICAL","1"
"E:\P45 프로젝트\v27_storage\experiments\exp005\P45_EXP005_회차별_상세결과_001.csv","v27_storage\experiments\exp005\P45_EXP005_회차별_상세결과_001.csv","P45_EXP005_회차별_상세결과_001.csv",".csv","15158","2026-08-20T21:25:07.1307442+09:00","0ca322d05de5f5104deadd4867edefcde38f6b39f4fd0628552409e3cd26a834","KEEP_CANONICAL","1"
"E:\P45 프로젝트\v27_storage\experiments\exp006\P45_EXP006_회차별_상세결과_001.csv","v27_storage\experiments\exp006\P45_EXP006_회차별_상세결과_001.csv","P45_EXP006_회차별_상세결과_001.csv",".csv","38557","2026-08-20T21:38:57.2058024+09:00","62f196fbfb2b9217e87029ab657f1c3a4ecc797b4fe8bb9afac7bc06b728e7b3","KEEP_CANONICAL","1"
"E:\P45 프로젝트\v27_storage\experiments\exp007\P45_EXP007_회차별_상세결과_001.csv","v27_storage\experiments\exp007\P45_EXP007_회차별_상세결과_001.csv","P45_EXP007_회차별_상세결과_001.csv",".csv","102996","2026-08-20T21:47:52.0115509+09:00","d9e426f81096e8ed174820c47cee04458c1b7b8f8bdf647206de216c6e7c200f","KEEP_CANONICAL","1"
"E:\P45 프로젝트\v27_storage\experiments\exp008\P45_EXP008_회차별_상세결과_001.csv","v27_storage\experiments\exp008\P45_EXP008_회차별_상세결과_001.csv","P45_EXP008_회차별_상세결과_001.csv",".csv","169782","2026-08-20T22:09:15.1825218+09:00","55357c323106fbf8374d919ca910ebe50c28f8ee717623d89b41bb9d27c895ca","KEEP_CANONICAL","1"
"E:\P45 프로젝트\v27_storage\live\p45_live_draws.csv","v27_storage\live\p45_live_draws.csv","p45_live_draws.csv",".csv","42981","2026-08-16T11:45:00.6452181+09:00","ad69ec8d28b4e5cdb40d468ad758c5f23acaeb6225f525c5201c8027952701e6","KEEP_CANONICAL","1"
"E:\P45 프로젝트\v27_storage\live\p45_new_draw_update_v1.sqlite3","v27_storage\live\p45_new_draw_update_v1.sqlite3","p45_new_draw_update_v1.sqlite3",".sqlite3","49152","2026-08-16T11:45:27.0976909+09:00","9671b67ecd37ab04b5e5136c04fd3a8a9329540da0591545d026e689ba8fc02a","KEEP_CANONICAL","1"
"E:\P45 프로젝트\v27_storage\live\state_update_055.json","v27_storage\live\state_update_055.json","state_update_055.json",".json","2758","2026-08-12T13:28:14.1336078+09:00","f3356158ccbf7fd103f4cedb949ce94d0be5641a896cd1e23be8a21bb271c4f1","KEEP_CANONICAL","1"
"E:\P45 프로젝트\v27_storage\live\state_update_056.json","v27_storage\live\state_update_056.json","state_update_056.json",".json","2656","2026-08-12T13:39:25.6570283+09:00","c6f7dd7064f64e2521ecdf6bfd96f0cfce3fbae0510b52a4241bd3ddf2a04991","KEEP_CANONICAL","1"
"E:\P45 프로젝트\v27_storage\live\state_update_057.json","v27_storage\live\state_update_057.json","state_update_057.json",".json","1647","2026-08-12T13:48:36.8111438+09:00","2892b1b2a8b52cef2940be61f56d8e209f1cb19e4194a40c3e69c04d238fc9e1","KEEP_CANONICAL","1"
"E:\P45 프로젝트\v27_storage\live\state_update_058.json","v27_storage\live\state_update_058.json","state_update_058.json",".json","1787","2026-08-12T14:02:37.4040821+09:00","d0270b609ac8f2bb48180be0a91cd3499554ebe80ca70a02293e723addd71503","KEEP_CANONICAL","1"
"E:\P45 프로젝트\v27_storage\live\state_update_059.json","v27_storage\live\state_update_059.json","state_update_059.json",".json","1815","2026-08-12T15:15:03.7000497+09:00","26fea1fc9516e779f24150370db387e257ce15d8894ef5000587e8ad2d554d24","KEEP_CANONICAL","1"
"E:\P45 프로젝트\v27_storage\manifests\protected-canonical-v1.json","v27_storage\manifests\protected-canonical-v1.json","protected-canonical-v1.json",".json","19932","2026-08-07T10:24:20.4612634+09:00","051a9add7b8bd68030a014c6f3d2e33226f4fc2db6e2cf90a0647f82349621dd","KEEP_CANONICAL","2"
"E:\P45 프로젝트\v27_storage\reports\p45_lan_mobile_preview_verification.json","v27_storage\reports\p45_lan_mobile_preview_verification.json","p45_lan_mobile_preview_verification.json",".json","685","2026-08-12T12:07:31.1057142+09:00","fd8da5fc59b94c53ac3af21557ff716db4fea873b8dc101ba14cf4c2bc02109c","KEEP_CANONICAL","1"
"E:\P45 프로젝트\v27_storage\reports\p45_v274_pair_diagnostic_round1236.json","v27_storage\reports\p45_v274_pair_diagnostic_round1236.json","p45_v274_pair_diagnostic_round1236.json",".json","12096","2026-08-10T16:03:09.5002059+09:00","7c42754eddce4ba94a25a9f1feda62bc72863229dba67a5d1f0ad32eff9dda27","KEEP_CANONICAL","1"
"E:\P45 프로젝트\v27_storage\reports\p45_v274_pair_production_adapter_verification.json","v27_storage\reports\p45_v274_pair_production_adapter_verification.json","p45_v274_pair_production_adapter_verification.json",".json","993","2026-08-10T17:34:02.6262956+09:00","ec45c61ed13a3a64e929144588f1e0356ec019f4b7cfc251e48e7760f70cf6a0","KEEP_CANONICAL","1"
"E:\P45 프로젝트\v27_storage\reports\p45_v274_pair_signature_exposure_viability.json","v27_storage\reports\p45_v274_pair_signature_exposure_viability.json","p45_v274_pair_signature_exposure_viability.json",".json","2866","2026-08-11T12:10:12.2203548+09:00","05541fa6c8d95d8f7db77d173bb4afd5a1f8c6d3abdd17ed9df75f9b5b86a698","KEEP_CANONICAL","1"
"E:\P45 프로젝트\v27_storage\reports\p45_v274_pair_signature_v11_verification.json","v27_storage\reports\p45_v274_pair_signature_v11_verification.json","p45_v274_pair_signature_v11_verification.json",".json","889","2026-08-10T16:57:34.8659668+09:00","7705a6c984d9a049ccfc68b8f59a1f8f4dc7b6f1e95269a892306ce5f22afd9b","KEEP_CANONICAL","1"
"E:\P45 프로젝트\v27_storage\reports\p45_v274_pair_v12_final_aggregation.json","v27_storage\reports\p45_v274_pair_v12_final_aggregation.json","p45_v274_pair_v12_final_aggregation.json",".json","10197","2026-08-11T18:08:57.7673674+09:00","f7a705a6d0684e0cc2137c99691f692583930dd0ad543a6f61404a0e23f1c1b6","KEEP_CANONICAL","1"
"E:\P45 프로젝트\v27_storage\reports\p45_v274_pair_v12_implementation_verification.json","v27_storage\reports\p45_v274_pair_v12_implementation_verification.json","p45_v274_pair_v12_implementation_verification.json",".json","3088","2026-08-11T13:37:21.3531660+09:00","448d99bd56f15cec35d9aeba71f7e3e7b8b78e226ac871cda82fc7e26d2c291d","KEEP_CANONICAL","1"
"E:\P45 프로젝트\v27_storage\reports\p45_v274_pair_v12_walkforward_completion_verification.json","v27_storage\reports\p45_v274_pair_v12_walkforward_completion_verification.json","p45_v274_pair_v12_walkforward_completion_verification.json",".json","1936","2026-08-11T17:46:44.7255533+09:00","1f77cc0c3553e6920ea7d6e2ccf087853c904efd602d3e326280ec48e49e51c8","KEEP_CANONICAL","1"
"E:\P45 프로젝트\v27_storage\reports\p45_v274_pair_v12_walkforward_final_preflight.json","v27_storage\reports\p45_v274_pair_v12_walkforward_final_preflight.json","p45_v274_pair_v12_walkforward_final_preflight.json",".json","3414","2026-08-11T13:41:34.4797149+09:00","b281be1df76d1e04fc381af8884edb1d00f8677f38f48332afc78221a398cefa","KEEP_CANONICAL","1"
"E:\P45 프로젝트\v27_storage\reports\p45_v274_pair_walkforward_execution_verification.json","v27_storage\reports\p45_v274_pair_walkforward_execution_verification.json","p45_v274_pair_walkforward_execution_verification.json",".json","1646","2026-08-10T21:48:55.4741683+09:00","30e77f8edf5292cade11feaffced0bd10542a7694d4b490b23c0ae47554d719a","KEEP_CANONICAL","1"
"E:\P45 프로젝트\v27_storage\reports\p45_v274_pair_walkforward_final_preflight.json","v27_storage\reports\p45_v274_pair_walkforward_final_preflight.json","p45_v274_pair_walkforward_final_preflight.json",".json","1246","2026-08-10T17:18:48.0021485+09:00","59adba0c86fc8712b150fcf39049d3eeec583a4fbaa421983350dc33ec11803a","KEEP_CANONICAL","1"
"E:\P45 프로젝트\v27_storage\reports\p45_v274_pair_walkforward_preflight_rerun.json","v27_storage\reports\p45_v274_pair_walkforward_preflight_rerun.json","p45_v274_pair_walkforward_preflight_rerun.json",".json","1882","2026-08-10T16:28:23.5115655+09:00","f8972830a1f11b9e3fc049bfc666b5222e5a35404c3817e1151e5698652e929c","KEEP_CANONICAL","1"
"E:\P45 프로젝트\v27_storage\reports\p45_v274_pair_walkforward_preflight.json","v27_storage\reports\p45_v274_pair_walkforward_preflight.json","p45_v274_pair_walkforward_preflight.json",".json","1429","2026-08-10T16:08:42.8631062+09:00","5456d66da4651e885baf98a3a55404580f0d6b2460769d18cc0669044f772732","KEEP_CANONICAL","1"
"E:\P45 프로젝트\v27_storage\reports\p45_v274_pair_walkforward_ready_preflight.json","v27_storage\reports\p45_v274_pair_walkforward_ready_preflight.json","p45_v274_pair_walkforward_ready_preflight.json",".json","1847","2026-08-10T17:37:55.3229374+09:00","78b7ba6cd857a1552a6b7b05e27595878029be0f2b1fe21d6beecf5823051ea8","KEEP_CANONICAL","1"
"E:\P45 프로젝트\v27_storage\reports\p45_v274_pair_walkforward_repair_feasibility.json","v27_storage\reports\p45_v274_pair_walkforward_repair_feasibility.json","p45_v274_pair_walkforward_repair_feasibility.json",".json","2526","2026-08-11T11:54:51.7997208+09:00","3e2c244f02ab20e90e4b4832440d023e1e53be26aa3dbc8c5940a69aeb2f2eac","KEEP_CANONICAL","1"
"E:\P45 프로젝트\v27_storage\reports\p45_v274_pair_walkforward_runner_verification.json","v27_storage\reports\p45_v274_pair_walkforward_runner_verification.json","p45_v274_pair_walkforward_runner_verification.json",".json","658","2026-08-10T17:09:05.4481212+09:00","790f9ba917b1ff91b0316a4bda4703063c9b801c9223b039831a5ae622e4bc1c","KEEP_CANONICAL","1"
"E:\P45 프로젝트\v27_storage\reports\p45_web_integration_v1_verification.json","v27_storage\reports\p45_web_integration_v1_verification.json","p45_web_integration_v1_verification.json",".json","1333","2026-08-11T18:39:35.3361474+09:00","6658bbe13ac4975547b1edf902a2bf37b1186b65ab182449b6d4d7e3e7d8602e","KEEP_CANONICAL","1"
"E:\P45 프로젝트\v27_storage\reports\p45_web_ui_v2_verification.json","v27_storage\reports\p45_web_ui_v2_verification.json","p45_web_ui_v2_verification.json",".json","808","2026-08-12T11:28:28.0431117+09:00","54e22588ba8992b8122476ee7c085bda911310ccaf60b37f3dc06469799047de","KEEP_CANONICAL","1"
"E:\P45 프로젝트\validated\validated-1-1235\metadata.json","validated\validated-1-1235\metadata.json","metadata.json",".json","732","2026-08-04T20:20:53.0998017+09:00","13be0e0104c001177c409f4cc650be8feee220f0cc12eae26e75fa3c193a0a95","KEEP_ACTIVE","3"
"E:\P45 프로젝트\validated\validated-1-1235\normalized.csv","validated\validated-1-1235\normalized.csv","normalized.csv",".csv","42904","2026-08-04T20:20:53.0938059+09:00","a5a33282fa9e6a5265b170086358bf901d3cfdcf6ec7ebc3df6f975ad7b95800","KEEP_ACTIVE","8"
"E:\P45 프로젝트\validated\validated-1-1235\validation-report.json","validated\validated-1-1235\validation-report.json","validation-report.json",".json","320","2026-08-04T20:20:53.0958045+09:00","a3372579ebd5bde2c43af7350fa7eecc92dc278eba72b6f18a4ed9919095c2eb","KEEP_ACTIVE","3"
"E:\P45 프로젝트\web\app.js","web\app.js","app.js",".js","3937","2026-08-12T13:46:23.2594762+09:00","6b5e1455956c9e75693ece02a522d2bc480127ebd2a0f3d4c8f7bc5dd0703a81","KEEP_RUNTIME","1"
"E:\P45 프로젝트\web\icon.svg","web\icon.svg","icon.svg",".svg","368","2026-08-04T20:49:01.5057390+09:00","899e2c0ef4586111e735e252071f5dae555f94d52ff77cfdb6f97290c8d6970f","KEEP_RUNTIME","1"
"E:\P45 프로젝트\web\index.html","web\index.html","index.html",".html","4445","2026-08-12T13:59:10.6526941+09:00","4af20745e4d239a7c4747abf8230a619d754dce7c2b676986b5ddcee28985f91","KEEP_RUNTIME","1"
"E:\P45 프로젝트\web\manifest.webmanifest","web\manifest.webmanifest","manifest.webmanifest",".webmanifest","361","2026-08-04T20:48:55.0831730+09:00","c8336dca84974bbc4320d278315396c7b21612220b9391ca67a5c6bc6e64f082","KEEP_RUNTIME","1"
"E:\P45 프로젝트\web\service-worker.js","web\service-worker.js","service-worker.js",".js","798","2026-08-05T14:00:19.2350709+09:00","e4aed51975ffc1decc240fe00809376911d39e122ce5254651b9f87b0a6a5eb6","KEEP_RUNTIME","1"
"E:\P45 프로젝트\web\styles.css","web\styles.css","styles.css",".css","13431","2026-08-12T13:46:26.0957371+09:00","c20f72e8c597b2ff57a114c9ae76e3a006037972c5be1925e6c3ba30578e653c","KEEP_RUNTIME","1"
