evaluation_round,source_end_round,availability_class,no_pick_stage,number_candidate_count,number_pass,number_weaken,number_test,number_hold,number_fail,valid_trio_count,trio_pass,trio_test,trio_hold,eligible_pair_count,pair_ready,pair_test_ready,pair_research_hold,pair_system_hold,valid_for_core,final_output_available,row_hash
43,42,FIRST_ELIGIBLE_WARMUP,,12,0,6,7,32,0,0,0,0,0,0,0,0,0,0,0,False,72450da2945fe7dde0662eb2648f579a23f8c011ad63874ff6f98f30d2397e0a
44,43,FIRST_ELIGIBLE_WARMUP,,0,0,3,1,41,0,0,0,0,0,0,0,0,0,0,0,False,74867e7e0c4a7a772162b679217755791b81f38f6ac322148a5242d0207c5880
45,44,FIRST_ELIGIBLE_WARMUP,,9,0,5,4,36,0,0,0,0,0,0,0,0,0,0,0,False,7e4a947b7be2ccae636961ff2a312b83ff703e1468a027ee2e88531d8fdaf09a
46,45,FIRST_ELIGIBLE_WARMUP,,10,0,4,6,35,0,0,0,0,0,0,0,0,0,0,0,False,214ee3698843a793fbe39a656824022b298127f6c0b20138725c3501ffed3af9
47,46,FIRST_ELIGIBLE_WARMUP,,12,0,6,6,33,0,0,0,0,0,0,0,0,0,0,0,False,823fb5aa39355185ef7e0d716bad49e7fd904209007f72b3167f6073607ca83d
48,47,FIRST_ELIGIBLE_WARMUP,,12,0,5,7,33,0,0,0,0,0,0,0,0,0,0,0,False,2a86708fb6b4dcfbfea49167594af05b3b51392f42a2eff0d6e6f813568704f9
49,48,FIRST_ELIGIBLE_WARMUP,,11,0,7,4,34,0,0,0,0,0,0,0,0,0,0,0,False,703e78a73f0eaf318684097118aaf477ba875b88779c9d6cd94b69e46f9d8f99
50,49,FIRST_ELIGIBLE_WARMUP,,12,0,18,14,13,0,0,0,0,0,0,0,0,0,0,0,False,914bc37fe495f235d5f76ea6cbed79879e8dc28db33ffc650aebadc2de5d1a52
51,50,FIRST_ELIGIBLE_WARMUP,,12,0,11,15,19,0,0,0,0,0,0,0,0,0,0,0,False,7285cabcaf4efe421d2866dc120b74be2af3cc009032ea05590f130f7465e6e1
52,51,FIRST_ELIGIBLE_WARMUP,,12,0,17,0,28,0,0,0,0,0,0,0,0,0,0,0,False,848518363d135e682d44e61a8b27a242601d9e5eede757296ddd6752ad4ab801
53,52,FIRST_ELIGIBLE_WARMUP,,6,0,15,0,30,0,0,0,0,0,0,0,0,0,0,0,False,a0e10ea220957e851e7d203dfa09c41e22a0dba77256355ce291e7da25eaa04b
54,53,FIRST_ELIGIBLE_WARMUP,,12,0,13,0,32,0,0,0,0,1,0,0,0,0,0,0,False,b5d302e4f66330c18c4b8d5bd1f9566136c139fbbb5ce297747a37fd0af70219
55,54,FIRST_ELIGIBLE_WARMUP,,12,0,19,0,26,0,0,0,0,13,0,0,0,0,0,0,False,c3fb82e8dcdc175826a0855b5195924c57aa34fe6ec6942d18b1f4abc538dd18
56,55,FIRST_ELIGIBLE_WARMUP,,12,0,17,0,28,0,0,0,0,1,0,0,0,0,0,0,False,4f106259006369656e54fc5409234745a12e50dfcda57474c1babbaac26244ac
57,56,FIRST_ELIGIBLE_WARMUP,,12,0,17,18,10,0,0,0,0,0,0,0,0,0,0,0,False,b676b79a3d0035cfa4d256eebb916b35cef631aec0b9fedb30cb55840c4bf1c0
58,57,FIRST_ELIGIBLE_WARMUP,,12,0,24,0,21,0,0,0,0,1,0,0,0,0,0,0,False,91f8f97ab313d97dd3f588dc2ac49c849fe0e10f6e0ead4306e6ac26ae5f7f30
59,58,FIRST_ELIGIBLE_WARMUP,,12,0,25,18,2,0,0,0,0,4,0,0,0,0,0,0,False,4c6e3d099f85051120deb59e5a10e105c5c99ae507031716b6474365c78cc2a6
60,59,FIRST_ELIGIBLE_WARMUP,,7,0,22,20,3,0,0,0,0,2,0,0,0,0,0,0,False,518a33313c8857c62838cd4017768393932bcbd375e6a60d7e8f67c0a7f77415
61,60,FIRST_ELIGIBLE_WARMUP,,12,0,27,18,0,0,0,0,0,41,0,0,0,0,0,0,False,f498ea6db826106a44a4873a411d22e19626f94a7ac3d59e66c45d58561d2b59
62,61,FIRST_ELIGIBLE_WARMUP,,12,0,22,0,23,0,0,0,0,9,0,0,0,0,0,0,False,c0fd03c2a828630fdcf4b8c88f4099ade83a1a3793ae1bf45dad2126d5e412ef
63,62,FIRST_ELIGIBLE_WARMUP,,12,0,26,14,5,0,0,0,0,71,0,0,0,0,0,0,False,e5b8b953d3153aa364b993346a5d642b414bba072a71d6b29f064a61c6dc4c0a
64,63,FIRST_ELIGIBLE_WARMUP,,6,0,31,0,14,0,0,0,0,1,0,0,0,0,0,0,False,70951ea686460f5b7f7606a033e3e9560aa67fc17671e7b4bb2b45f12feb7f1b
65,64,FIRST_ELIGIBLE_WARMUP,,12,0,22,0,23,0,0,0,0,0,0,0,0,0,0,0,False,aba7f0c0876a47528ac1fe97db76fa34f6c71cb5960117d374a5556d60e0295e
66,65,FIRST_ELIGIBLE_WARMUP,,12,0,20,0,25,0,0,0,0,2,0,0,0,0,0,0,False,262d766cc8066c0be9ba6a3533f24ce8f3f5abcfb9a11d34e10ce5503c034fa8
67,66,FIRST_ELIGIBLE_WARMUP,,12,0,20,0,25,0,0,0,0,1,0,0,0,0,0,0,False,cd657eaa84297d1af340feac36ecc60c71813e8e32d66d761c2d65c4cb190b85
68,67,FIRST_ELIGIBLE_WARMUP,,12,0,25,0,20,0,0,0,0,24,0,0,0,0,0,0,False,82bb2ff2d70fcf54fb6aa9b2fb8f890fd7014000c28c0bac5e1cae651a80dd91
69,68,FIRST_ELIGIBLE_WARMUP,,7,0,18,0,27,0,0,0,0,1,0,0,0,0,0,0,False,ca823ee81005a5ee47552a6c9d946b3662fe4003edb40fd9b41a06caffc33488
70,69,FIRST_ELIGIBLE_WARMUP,,12,0,28,0,17,0,0,0,0,72,0,0,0,0,0,0,False,9bddb2e94fa1c486a8f11eab1e8702c6bd0c916dcc8db8adcd17e4e5b7ca49a6
71,70,FIRST_ELIGIBLE_WARMUP,,12,0,30,0,15,0,0,0,0,0,0,0,0,0,0,0,False,be961e2d12057fcc7b0881e955497b9c662763018999025a83caed42dfe6683a
72,71,FIRST_ELIGIBLE_WARMUP,,12,0,27,18,0,0,0,0,0,51,0,0,0,0,0,0,False,48413fd6d012e2ba4d91b1289f1fea14c3e4c581fd45a0c24df02ef72677fc94
73,72,FIRST_ELIGIBLE_WARMUP,,12,0,18,0,27,0,0,0,0,0,0,0,0,0,0,0,False,75a580fd0394d8fed828089284d1b89b68fe6a5b4020991a1df2aae8ded26810
74,73,FIRST_ELIGIBLE_WARMUP,,12,0,26,0,19,0,0,0,0,10,0,0,0,0,0,0,False,a78dc33a0df68131a0c4b5eb926f3993c9e10fba00487cf34d9727d60ab7fe4b
75,74,FIRST_ELIGIBLE_WARMUP,,12,0,22,22,1,0,0,0,0,48,0,0,0,0,0,0,False,742c5bce06fe86be08282cfe025ac86d05c7a977d64ecfc7776dec97e87330ea
76,75,FIRST_ELIGIBLE_WARMUP,,12,0,23,3,19,0,0,0,0,0,0,0,0,0,0,0,False,3f90f3d27de620880c7052e05050f069c340708a0fd8d77f55942a6c39fe53f2
77,76,FIRST_ELIGIBLE_WARMUP,,12,0,26,19,0,0,0,0,0,6,0,0,0,0,0,0,False,9b969f6a0d74c1a77fb8d3ced444eb46a4dcdda560e51f55b6ffd0598c301436
78,77,FIRST_ELIGIBLE_WARMUP,,7,0,29,13,3,0,0,0,0,35,0,0,0,0,0,0,False,44ca1d99b41887fea369afc5eaf53450352244e7465ad1dafbcb51fb2e95862d
79,78,FIRST_ELIGIBLE_WARMUP,,12,0,25,20,0,0,0,0,0,71,0,0,0,0,0,0,False,3c10b2e27ba865bf479a0bdc11af20b5314de966c83bd8d232bb6758572bc146
80,79,FIRST_ELIGIBLE_WARMUP,,12,1,22,16,6,0,0,0,0,2,0,0,0,0,0,0,False,926749f20ab833ff8f139644351c2469dd185f38fa55f1b6c2c1e6b260dafa19
81,80,FIRST_ELIGIBLE_WARMUP,,12,0,19,1,25,0,0,0,0,0,0,0,0,0,0,0,False,0c3fb51c606cb0b22878646906ff19d298b590cd4681f7ecbedee9ecaef202b7
82,81,FIRST_ELIGIBLE_WARMUP,,12,0,24,2,19,0,0,0,0,10,0,0,0,0,0,0,False,61ede70bd5ef41267e1910e1ad1dbdc691b51af9dadf1552b99743623614f707
83,82,FIRST_ELIGIBLE_WARMUP,,12,0,26,0,19,0,0,0,0,12,0,0,0,0,0,0,False,e1f8884d9b4877618b8d64c9dc91397341ebd84773a8844a240df1c8448118e0
84,83,FIRST_ELIGIBLE_WARMUP,,12,0,27,1,17,0,0,0,0,1,0,0,0,0,0,0,False,1ab66b65c8bb78e3ce964579f8a96bcb32a5a1d14f282226dee538c45a2c93e6
85,84,FIRST_ELIGIBLE_WARMUP,,12,1,26,18,0,0,0,0,0,165,0,0,0,0,0,0,False,18e38361ea146d66f0a776d76449ee1521d295ca8e27e09ae647a763919a1ee8
86,85,FIRST_ELIGIBLE_WARMUP,,12,0,28,1,16,0,0,0,0,65,0,0,0,0,0,0,False,1e923d3c97af1c9d8728b05e2c329b758397ad62e60f2d0635462faf23b868c9
87,86,FIRST_ELIGIBLE_WARMUP,,12,0,26,1,18,0,0,0,0,72,0,0,0,0,0,0,False,32f9270c3cd6ed449142d66ab1034dbc0e3c99ce30f2d0713050a581aa287596
88,87,FIRST_ELIGIBLE_WARMUP,,12,0,28,0,17,0,0,0,0,186,0,0,0,0,0,0,False,187c944a2f6f04e49c1c6b324b21366898a6ab1c1c4b972df2dc2ddd38490a76
89,88,FIRST_ELIGIBLE_WARMUP,,12,0,32,0,13,0,0,0,0,41,0,0,0,0,0,0,False,0d4bdce2f661d6e70be1bb4f2de4ce033eb9ae5f53359984317fdfa9ac7528a6
90,89,FIRST_ELIGIBLE_WARMUP,,12,0,27,0,18,0,0,0,0,59,0,0,0,0,0,0,False,0616928169acbb7e13989d5c5d1cef838f057eaab774fcf48597de7d28bef801
91,90,FIRST_ELIGIBLE_WARMUP,,12,2,29,14,0,0,0,0,0,220,0,0,0,0,0,0,False,2924e4c36c44d17fc870bb5e1b9deb96bd65171d1a3bd848e744a1e194068bc7
92,91,FIRST_ELIGIBLE_WARMUP,,12,0,26,0,19,0,0,0,0,1,0,0,0,0,0,0,False,369b6bb5edd0b17c79e9cedc38bedc3ff9fe9a6845062f10c26771b362960b42
93,92,FIRST_ELIGIBLE_WARMUP,,12,0,26,19,0,0,0,0,0,210,0,0,0,0,0,0,False,ae02e439a8425c3c9eb44167e847ca6a64973511e168884f9c038491e63beb70
94,93,FIRST_ELIGIBLE_WARMUP,,12,0,27,18,0,0,0,0,0,105,0,0,0,0,0,0,False,53d3edabfeb1cd2f3495bc8c03ee9e2f62a1384aeb17a261332cdd4d5ccb9f8d
95,94,FIRST_ELIGIBLE_WARMUP,,12,0,22,0,23,0,0,0,0,16,0,0,0,0,0,0,False,fcf77292a04233676046f3f6f0101ccc9ceec794e36dd01c5f3401afe130d10a
96,95,FIRST_ELIGIBLE_WARMUP,,12,3,29,13,0,0,0,0,0,220,0,0,0,0,0,0,False,658f61f7b7c023dbc589e20b4500d1ea5f7ea734592eb6b1cb1c969acb5a0874
97,96,FIRST_ELIGIBLE_WARMUP,,12,0,28,15,2,0,0,0,0,50,0,0,0,0,0,0,False,c6981074b5fe63dd0811e1a433c864c8530915e307f844bb25aecafca0041530
98,97,FIRST_ELIGIBLE_WARMUP,,12,0,31,0,14,0,0,0,0,19,0,0,0,0,0,0,False,c866f36be76ce98ec318a58405b8180b477888d6dde2950a2220a05f11e1dfc3
99,98,FIRST_ELIGIBLE_WARMUP,,12,0,33,12,0,0,0,0,0,220,0,0,0,0,0,0,False,2e93b2b968c1ee221ff6b066f84bf168720699c0d6139555fbb8fe2e113a51a7
100,99,FIRST_ELIGIBLE_WARMUP,,11,0,33,12,0,0,0,0,0,120,0,0,0,0,0,0,False,f2757730880dfc7689aa6e5fd0d961635b91f814980b1768e2a290eca151a1e4
101,100,FIRST_ELIGIBLE_WARMUP,,7,3,26,16,0,0,0,0,0,35,0,0,0,0,0,0,False,5a6ed449d74fe051f571e52444a0cee6e7ba9e247acea1949419726d3915b1e5
102,101,FIRST_ELIGIBLE_WARMUP,,11,0,32,12,1,0,0,0,0,165,0,0,0,0,0,0,False,9cf95cc562d7a89dab7bc3242bb240dd0912b1c1cc81538018d750d0671a9e77
103,102,FIRST_ELIGIBLE_WARMUP,,12,0,32,0,13,0,0,0,0,19,0,0,0,0,0,0,False,b13545d541180b76ead4b6a92ea40637115f4b44463c41f1f38a4e4e8c56b7e7
104,103,FIRST_ELIGIBLE_WARMUP,,12,0,30,0,15,0,0,0,0,54,0,0,0,0,0,0,False,86f80a7ce81eafe4caaeb05dd17c123217b86765fb9fc7f303dd7ad1a37d43e9
105,104,FIRST_ELIGIBLE_WARMUP,,12,0,23,1,21,0,0,0,0,0,0,0,0,0,0,0,False,2cad21696dfdc0b29fd0a7c1b801f4e8ee05858d63aa09d3c068ddd6e32fa830
106,105,FIRST_ELIGIBLE_WARMUP,,12,0,31,11,3,0,0,0,0,78,0,0,0,0,0,0,False,3819a71a219226f74b321bb3b3def074ed43326f969a525cc94d968663ccdf47
107,106,FIRST_ELIGIBLE_WARMUP,,12,0,29,0,16,0,0,0,0,83,0,0,0,0,0,0,False,6da2302b41d0939a27d7df76b03df660320844e20679bf0582c3f2e8d76fd657
108,107,FIRST_ELIGIBLE_WARMUP,,12,0,24,1,20,0,0,0,0,7,0,0,0,0,0,0,False,bb51a33ce5cd3b7a6442bf581b27e48daa2f3f871ba335263accc29342fcc634
109,108,FIRST_ELIGIBLE_WARMUP,,12,0,35,0,10,0,0,0,0,65,0,0,0,0,0,0,False,3dd9f565b3a9751e9d5ea20f4a086bd62a044fd7696f2ab9bf7288f67b69c2e6
110,109,FIRST_ELIGIBLE_WARMUP,,12,0,21,2,22,0,0,0,0,2,0,0,0,0,0,0,False,a3cd1c00bfa4650ec2e3939ec12d84d8e4e45889f531cb976594c417597d05b6
111,110,FIRST_ELIGIBLE_WARMUP,,12,0,29,1,15,0,0,0,0,56,0,0,0,0,0,0,False,8dd80247587c96986896edcd6e8a72835f7c4730e874eee3f994008d678ea7b2
112,111,FIRST_ELIGIBLE_WARMUP,,12,0,29,1,15,0,0,0,0,121,0,0,0,0,0,0,False,96e658a474d538f67c8a5bde054d9df8c614ca013daa4fd063b8a543bb77e33b
113,112,FIRST_ELIGIBLE_WARMUP,,12,0,23,1,21,0,0,0,0,0,0,0,0,0,0,0,False,139dd992c3e7f125360bc59403c3940af0bb47472134ab60806acfa8fbddc6d9
114,113,FIRST_ELIGIBLE_WARMUP,,12,0,34,0,11,0,0,0,0,49,0,0,0,0,0,0,False,d8fbbf306f93c17ce5d0d341c06951b31607e4a962a57816b90afff978aea16d
115,114,FIRST_ELIGIBLE_WARMUP,,12,0,29,1,15,0,0,0,0,74,0,0,0,0,0,0,False,86590a81aa0a1ff869bf05267ba5b1a2eacb70756701ae8d9edb6bfbe4fc9adf
116,115,FIRST_ELIGIBLE_WARMUP,,12,0,29,1,15,0,0,0,0,23,0,0,0,0,0,0,False,51659490e0e2862fa014a8f4c2a66f7854e843ae56632bfe5e7176fe4fae5a13
117,116,FIRST_ELIGIBLE_WARMUP,,12,0,28,11,6,0,0,0,0,193,0,0,0,0,0,0,False,779926c89087defeccb2282b5014b9b94aeec179fe5023fc86becbd97b7ed05e
118,117,FIRST_ELIGIBLE_WARMUP,,12,0,28,1,16,0,0,0,0,110,0,0,0,0,0,0,False,96afe0d38925e169343a8d91bf9547fff54995cc4abec73c5b39f052762e7a11
119,118,FIRST_ELIGIBLE_WARMUP,,12,2,29,5,9,0,0,0,0,120,0,0,0,0,0,0,False,ed0b22c54a69918274c01155886d4afc95d2eba6e887ddc3ea0581776cbbe56f
120,119,FIRST_ELIGIBLE_WARMUP,,12,0,30,0,15,0,0,0,0,20,0,0,0,0,0,0,False,a1db4b43388d9cba243abdb890e4c81cf62b0cbbbd92efa24f2fac205d86be8d
121,120,FIRST_ELIGIBLE_WARMUP,,12,0,23,1,21,0,0,0,0,131,0,0,0,0,0,0,False,0d139793e6a9bed45ec12c755e3f0185e9052e0b86e2d871dd43cf9034519755
122,121,FIRST_ELIGIBLE_WARMUP,,12,0,32,0,13,0,0,0,0,120,0,0,0,0,0,0,False,c0c106021ae601faa879914087de3d8de30b4e406171352647420316d9782e8f
123,122,FIRST_ELIGIBLE_WARMUP,,12,0,25,1,19,0,0,0,0,148,0,0,0,0,0,0,False,5cfe20c40b3f9b64fec3084f22736555f08679259fe60be3ce704eacd7808b8c
124,123,FIRST_ELIGIBLE_WARMUP,,12,0,26,2,17,0,0,0,0,3,0,0,0,0,0,0,False,3e3d18ef92996a5625fdf22268ae13a886b44075fb336f306c599c84c9fb764c
125,124,FIRST_ELIGIBLE_WARMUP,,12,0,32,6,7,0,0,0,0,220,0,0,0,0,0,0,False,e465a6b99376d2ae4a96b70f4adef581870fd848ae23f18c3f9cf363bfc77d0a
126,125,FIRST_ELIGIBLE_WARMUP,,12,0,26,1,18,0,0,0,0,36,0,0,0,0,0,0,False,f7da3cfb37cd6eee4f99dd41892b884a64d0d6b9c2fc5a4d0ba9856fb7b58f94
127,126,FIRST_ELIGIBLE_WARMUP,,12,0,30,0,15,0,0,0,0,186,0,0,0,0,0,0,False,6095a7fb2ddf4cb264c32315d98a282613071a5a040472b87130b78f4fc0758e
128,127,FIRST_ELIGIBLE_WARMUP,,12,0,28,0,17,0,0,0,0,163,0,0,0,0,0,0,False,89ce935c8cc9a266c5565ee0c558f37ff189bfafb83d9bd51874dcd3b4306593
129,128,FIRST_ELIGIBLE_WARMUP,,12,0,22,1,22,0,0,0,0,10,0,0,0,0,0,0,False,9ae76727f07faa148424b9a4666eb2494be46faf7982b56ad85f709aaa7172fa
130,129,FIRST_ELIGIBLE_WARMUP,,12,0,30,10,5,0,0,0,0,140,0,0,0,0,0,0,False,24a98f2fd56faf2e829a710bdeadba4660ee45731e0da4ffb7635f7c269c5215
131,130,FIRST_ELIGIBLE_WARMUP,,10,0,32,10,3,0,0,0,0,120,0,0,0,0,0,0,False,00dd5cc442c5f2f3a6679544b239405c660dd13eba03af096d453fa0d6bbdbf4
132,131,FIRST_ELIGIBLE_WARMUP,,12,0,30,0,15,0,0,0,0,59,0,0,0,0,0,0,False,af61bdcb0ed0b38409b5edcd93146156d50b21ad4b65e22e1c03612d8f4564d4
133,132,FIRST_ELIGIBLE_WARMUP,,12,0,34,0,11,0,0,0,0,70,0,0,0,0,0,0,False,ac7bf62254318e1eea3a9bfb771010c78edd682da536fee3b7e9c69c4820db21
134,133,FIRST_ELIGIBLE_WARMUP,,12,0,29,0,16,0,0,0,0,65,0,0,0,0,0,0,False,289a68523d2c5e8aec2bcb5ba138f6ebb4ddfa99cf3e59372d31594354f13882
135,134,FIRST_ELIGIBLE_WARMUP,,12,0,34,6,5,0,0,0,0,220,0,0,0,0,0,0,False,c26a53fcc6b8302d1561f3b6caac928ca698925ddfa836b502c560e288497140
136,135,FIRST_ELIGIBLE_WARMUP,,12,0,37,6,2,0,0,0,0,220,0,0,0,0,0,0,False,bdf2058ee9f37a61d4ea2cc79cac4ef5dbfd2bd6218324dd85ab7bd608880b91
137,136,FIRST_ELIGIBLE_WARMUP,,12,0,27,1,17,0,0,0,0,220,0,0,0,0,0,0,False,0378d197dd5952ffe1c7cabee8a62e45aba59f26184cef92d6729051a12e01d8
138,137,FIRST_ELIGIBLE_WARMUP,,12,0,28,1,16,0,0,0,0,165,0,0,0,0,0,0,False,884de07787dec35a75e3cbaafe29f1ee3d00009d4d7117c5f50b3a02394a41e7
139,138,FIRST_ELIGIBLE_WARMUP,,6,0,29,0,16,0,0,0,0,20,0,0,0,0,0,0,False,48d3db9e13d477316d70736369bb61db599ca27952768a01ebcd33ce851011f5
140,139,FIRST_ELIGIBLE_WARMUP,,12,0,27,0,18,0,0,0,0,10,0,0,0,0,0,0,False,5d56cba4f906d8d45b45594bf455c94cdcabef1d0d1be10958f39b8001ab90b1
141,140,FIRST_ELIGIBLE_WARMUP,,12,0,27,0,18,0,0,0,0,4,0,0,0,0,0,0,False,2c9e01657256e62a2413a05fce0e48cb2f14d58c182a0bf255c1903339098cb2
142,141,FIRST_ELIGIBLE_WARMUP,,12,0,23,0,22,0,0,0,0,180,0,0,0,0,0,0,False,23343e79a83891bcce1b3461aa0ebea2d1f4bf8ba1b10c2e39a1d7351cf9731d
143,142,FIRST_ELIGIBLE_WARMUP,,12,0,30,0,15,0,0,0,0,26,0,0,0,0,0,0,False,55cfa960906b1c9f071e35c3917009071b5b8cba72783635a0b52f29abed5fac
144,143,FIRST_ELIGIBLE_WARMUP,,12,0,29,0,16,0,0,0,0,45,0,0,0,0,0,0,False,ceca3a9b8ead1ac026c5c69d35e25143a1001fb3ece170a3293af8b54bfb6d1e
145,144,FIRST_ELIGIBLE_WARMUP,,11,0,37,0,8,0,0,0,0,165,0,0,0,0,0,0,False,ea54a93da73201d9cc5e2eb09e9151ab9b24af6d1b2f754953a65e1914dec7bc
146,145,FIRST_ELIGIBLE_WARMUP,,12,0,33,0,12,0,0,0,0,49,0,0,0,0,0,0,False,d2c8d716cfe0d4653ffca923ccd172e2032387652c5a320239bfcc86c797fb2a
147,146,FIRST_ELIGIBLE_WARMUP,,7,0,28,0,17,0,0,0,0,35,0,0,0,0,0,0,False,c3fa516b9e3a27f409c4664fc9d9a5c5d68409c91495a7374688c2fe22330f7d
148,147,FIRST_ELIGIBLE_WARMUP,,12,0,31,0,14,0,0,0,0,220,0,0,0,0,0,0,False,08de2082caf03689fdf937da966bf16916310ac5c30d8cdf44e61db29a451668
149,148,FIRST_ELIGIBLE_WARMUP,,12,0,25,1,19,0,0,0,0,10,0,0,0,0,0,0,False,11855e8d29f96ef7f732704c0a21f9aeb11d0a48945b2ccc695fc8906ab600fd
150,149,FIRST_ELIGIBLE_WARMUP,,12,0,28,0,17,0,0,0,0,184,0,0,0,0,0,0,False,acebe93c5b3a62991cd7a6c2f7efeb214103a1c8c46b4ff27392f6b941710367
151,150,FIRST_ELIGIBLE_WARMUP,,12,0,31,0,14,0,0,0,0,201,0,0,0,0,0,0,False,0a288383b4176bdd39ba52df422e0cf00a7e644694118f7c4272ec83538acc1a
152,151,FIRST_ELIGIBLE_WARMUP,,12,0,25,0,20,0,0,0,0,39,0,0,0,0,0,0,False,913c34ada930a611dcbdc1c73828b49fc909ed7f99d46f7d0a80191cdfd57d43
153,152,FIRST_ELIGIBLE_WARMUP,,6,0,28,0,17,0,0,0,0,7,0,0,0,0,0,0,False,5b9b613978b060ab68c3c4fbdde3b3a5fd4649f64f39fa30ec60924ce8a205d9
154,153,FIRST_ELIGIBLE_WARMUP,,12,0,24,0,21,0,0,0,0,36,0,0,0,0,0,0,False,22c3c0a90cebaedccdc203fcdbabb4aeb1bbfc1b7e01242036dd2e5565cad188
155,154,FIRST_ELIGIBLE_WARMUP,,12,0,32,0,13,0,0,0,0,220,0,0,0,0,0,0,False,58f50929176956e55e9d1715cc2841f7fd62664243bd873442f0432d5ee10989
156,155,FIRST_ELIGIBLE_WARMUP,,12,0,28,0,17,0,0,0,0,220,0,0,0,0,0,0,False,66b5099afd1984b88c058b0edabf7cfa86b92b266600a0f29d42b9a51c4ddc58
157,156,FIRST_ELIGIBLE_WARMUP,,12,0,28,0,17,0,0,0,0,94,0,0,0,0,0,0,False,651f69b84a10adf966901692a2805c3ce2cf2ba84745432ad72b987e205f9bf7
158,157,FIRST_ELIGIBLE_WARMUP,,12,0,26,0,19,0,0,0,0,57,0,0,0,0,0,0,False,7f41eca47960fdecef77e64337b11e018e3ad6a28796ae539218f3d6e61560da
159,158,FIRST_ELIGIBLE_WARMUP,,9,0,30,1,14,0,0,0,0,84,0,0,0,0,0,0,False,3b0630063fefb4cc08791431c2c121f20b5e29647bb260d45fe83a0531151c52
160,159,FIRST_ELIGIBLE_WARMUP,,12,0,22,1,22,0,0,0,0,115,0,0,0,0,0,0,False,b974f171a4718faf7da16e4930d6e76fee1164923580d26340e5d6a0ff11968a
161,160,FIRST_ELIGIBLE_WARMUP,,12,0,23,0,22,0,0,0,0,65,0,0,0,0,0,0,False,dbce848b0340461125d1707156c3815a20e702cc6d920b947603cb2bab7f4233
162,161,FIRST_ELIGIBLE_WARMUP,,12,0,26,0,19,0,0,0,0,11,0,0,0,0,0,0,False,55b94469751be698a06ebcf36fdaae3b04afa344b0f3b89f23b9a5f52ca6866c
163,162,FIRST_ELIGIBLE_WARMUP,,12,0,21,1,23,0,0,0,0,20,0,0,0,0,0,0,False,f150ac331f1180111d6cc6ccdeb9dc1f1076d5afe0b2eabb8965c51835924f5d
164,163,FIRST_ELIGIBLE_WARMUP,,10,0,28,0,17,0,0,0,0,120,0,0,0,0,0,0,False,972697ba5a3e7b01c1aa2c47a38193ee1d634b09862a2cd76b4afd591696e2c1
165,164,FIRST_ELIGIBLE_WARMUP,,12,0,23,0,22,0,0,0,0,71,0,0,0,0,0,0,False,fdb3fcbf6beae99a3757de4bb46d92c22bea2cfefb4ad556ae2999cf5298cc94
166,165,FIRST_ELIGIBLE_WARMUP,,12,0,32,6,7,0,0,0,0,220,0,0,0,0,0,0,False,4bac9b8e31e9582c03c4a6abceea83e2a0611bad28cd8728f1a3127f48902f9d
167,166,FIRST_ELIGIBLE_WARMUP,,12,3,31,3,8,0,0,0,0,220,0,0,0,0,0,0,False,d1d7bdfcf9ae1877972f36556a6592137f121e3b860b0a2b0d24c2fadfb2889b
168,167,FIRST_ELIGIBLE_WARMUP,,7,0,32,1,12,0,0,0,0,35,0,0,0,0,0,0,False,c6256d0e90e8fbd79349fa8439a34ebd3e94372d4e546d1c54c46a4e894f11f8
169,168,FIRST_ELIGIBLE_WARMUP,,12,0,23,0,22,0,0,0,0,165,0,0,0,0,0,0,False,0b0651918f2c14ec77657fb00b45b2ff227ca3af407b0fa525212240c61fed42
170,169,FIRST_ELIGIBLE_WARMUP,,12,0,30,4,11,0,0,0,0,220,0,0,0,0,0,0,False,2efb59de279d234493330d9ca4855d20ccf9f7e6467356979da589f1a617ac15
171,170,FIRST_ELIGIBLE_WARMUP,,12,0,23,2,20,0,0,0,0,99,0,0,0,0,0,0,False,32a52b5e352dec2c47809c558f60486beb37a336da771d4e38d0d225654d0e6c
172,171,FIRST_ELIGIBLE_WARMUP,,12,0,29,5,11,0,0,0,0,220,0,0,0,0,0,0,False,ac78268aa20719c71bf7374c578e790b0d665d84d98c8b24cf4e005c954b7387
173,172,FIRST_ELIGIBLE_WARMUP,,12,0,24,0,21,0,0,0,0,92,0,0,0,0,0,0,False,2f4209e515caa518d38d9bc0e1f5046fb91fa9f95d9056c2060afc9bb715383d
174,173,FIRST_ELIGIBLE_WARMUP,,12,0,26,9,10,0,0,0,0,220,0,0,0,0,0,0,False,c400d48c3824dbcebc9af086b1ce9826b3057d6bb3c6d384b7d6390a495fe83f
175,174,FIRST_ELIGIBLE_WARMUP,,12,0,34,0,11,0,0,0,0,148,0,0,0,0,0,0,False,ab6bc01901623905eaea3be1e113e352d857a4bd0930d9ac6a6fda2d128b1d25
176,175,FIRST_ELIGIBLE_WARMUP,,12,0,23,1,21,0,0,0,0,120,0,0,0,0,0,0,False,cad5fd2a6fc11edb842500a02867669004f4e3e0aa844b1765be5afd29438565
177,176,FIRST_ELIGIBLE_WARMUP,,12,0,27,0,18,0,0,0,0,110,0,0,0,0,0,0,False,caadc0a9398b84a806b7f884a614eccf77cc0f344a562e490faaf2cc5989413a
178,177,FIRST_ELIGIBLE_WARMUP,,12,0,26,0,19,0,0,0,0,220,0,0,0,0,0,0,False,05f6a70b13d44474bb6331a1bb1f58cce6afb269160829b02b011e344ad3a0bd
179,178,FIRST_ELIGIBLE_WARMUP,,12,0,24,0,21,0,0,0,0,67,0,0,0,0,0,0,False,7c1e2217c81ae4fc212eb7e696fce65ac0f3ad95e3b88a4900fac94a1f1691b9
180,179,FIRST_ELIGIBLE_WARMUP,,12,3,27,6,9,0,0,0,0,201,0,0,0,0,0,0,False,1b937b24c450e6e9c70e6f72ebced5ac347bc86a5c7f0b492d5c00e65e7bf602
181,180,FIRST_ELIGIBLE_WARMUP,,12,0,31,5,9,0,0,0,0,220,0,0,0,0,0,0,False,71b785fdcce1573db1b1b86b1fd6e1fa33c5e29d1ca9231c3dcfc8d6535ba0c9
182,181,FIRST_ELIGIBLE_WARMUP,,12,0,22,9,14,0,0,0,0,220,0,0,0,0,0,0,False,a571f968d47fc5eed79fc7f83dff4a024bcb1522af19afcce8b346ac493f41d6
183,182,FIRST_ELIGIBLE_WARMUP,,12,0,25,1,19,0,0,0,0,78,0,0,0,0,0,0,False,ff8c43ef88352ad6a949025504fb0fc095bee8d1a16fd87e6bd9368e5d49b48e
184,183,FIRST_ELIGIBLE_WARMUP,,12,0,30,7,8,0,0,0,0,220,0,0,0,0,0,0,False,e7c1978aaa04a1643e5150082600c9c6c7078845c467314288c8683b85f96fe6
185,184,FIRST_ELIGIBLE_WARMUP,,12,0,27,7,11,0,0,0,0,220,0,0,0,0,0,0,False,a3683296c7dbf7d99f6617bf63a964ca1c8a8dc759e1e4cec07298890f3ee092
186,185,FIRST_ELIGIBLE_WARMUP,,12,0,24,1,20,0,0,0,0,9,0,0,0,0,0,0,False,bf3090fa8838406ffe84d9ce815d2ec5b4f5dfa085cc42be1e499e724ffff876
187,186,FIRST_ELIGIBLE_WARMUP,,12,0,25,6,14,0,0,0,0,165,0,0,0,0,0,0,False,24da50d9f2ddd46b59c59fe4e4104d0675114bf0779a4d35c884dcce6cb6d0b9
188,187,FIRST_ELIGIBLE_WARMUP,,12,0,27,1,17,0,0,0,0,72,0,0,0,0,0,0,False,fa7b8585a14a004f1974236c9b6a660c89d162a8c83be0cea3bbf29d0ded8ad8
189,188,FIRST_ELIGIBLE_WARMUP,,12,0,25,1,19,0,0,0,0,105,0,0,0,0,0,0,False,212e7adfee4bb9c8c6da046c8ec26c003700c85c8fb3a61866a8b07e039712eb
190,189,FIRST_ELIGIBLE_WARMUP,,12,0,25,4,16,0,0,0,0,220,0,0,0,0,0,0,False,78b832937b2e39558c048beac0d7ec38b4d467ee49e4a5161f31bf81ad79b00f
191,190,FIRST_ELIGIBLE_WARMUP,,10,0,24,9,12,0,0,0,0,120,0,0,0,0,0,0,False,2dfb4de1df0de16cf589ccb4ba34375a5b950beffd48139e623f7d9e1512895b
192,191,FIRST_ELIGIBLE_WARMUP,,12,0,26,0,19,0,0,0,0,121,0,0,0,0,0,0,False,c38e41abcfefd94c24f77634dc647c9384d9c21cd98fdaac9300c22ce2827558
193,192,FIRST_ELIGIBLE_WARMUP,,12,2,30,4,9,0,0,0,0,220,0,0,0,0,0,0,False,e416460eb37a8d2c8e5eab30f9e96ef1985002a96c7b09f0e6f1f9e9e4660dff
194,193,FIRST_ELIGIBLE_WARMUP,,8,0,34,0,11,0,0,0,0,56,0,0,0,0,0,0,False,92a8b802b3c5d87db599d90cd5430c344631760fd17cc57739d6c62a55961f51
195,194,FIRST_ELIGIBLE_WARMUP,,12,2,24,6,13,0,0,0,0,220,0,0,0,0,0,0,False,fd0c14b8c89c64a2c5aaa710dcf04309f27c3981d9b2fa708c8c348220eefcb1
196,195,FIRST_ELIGIBLE_WARMUP,,12,2,30,5,8,0,0,0,0,220,0,0,0,0,0,0,False,e6c52308e9a36f728f3103ed25d6eab3990414b7671009c186165b6ab5bf5294
197,196,FIRST_ELIGIBLE_WARMUP,,12,0,28,1,16,0,0,0,0,66,0,0,0,0,0,0,False,0e8c32e2810cba707f5ca6d7146fcdae751b3f247915cd29464736a0b66a88c0
198,197,FIRST_ELIGIBLE_WARMUP,,12,0,32,5,8,0,0,0,0,220,0,0,0,0,0,0,False,880ad864999512af89382efbeae23954ecef20955ce0f0281229b162d9295493
199,198,FIRST_ELIGIBLE_WARMUP,,12,0,30,11,4,0,0,0,0,220,0,0,0,0,0,0,False,ccd50ed54ddc615fa392e439368e2b042b20ce6a74d9c6abaf84ab25dc5022e0
200,199,FIRST_ELIGIBLE_WARMUP,,12,0,26,0,19,0,0,0,0,220,0,0,0,0,0,0,False,91888fd17a838eba60e259fcfc3c247ed14be9bca144265a2ba4823e93aee624
201,200,FIRST_ELIGIBLE_WARMUP,,11,0,26,0,19,0,0,0,0,165,0,0,0,0,0,0,False,faabb5907f44430fab2d1e04e16e0646e9e40c7971a5b261841dd091345f0a94
202,201,FIRST_ELIGIBLE_WARMUP,,12,0,31,0,14,0,0,0,0,220,0,0,0,0,0,0,False,c0e9eb07ec61d5bfddc2e863d8fa28b819ba334cb56ff815af9f6b48078309dd
203,202,FIRST_ELIGIBLE_WARMUP,,12,0,31,9,5,0,0,0,0,220,0,0,0,0,0,0,False,7f24ea8f32f0f5d7c7a59625ba24ae33bf181f07526b352c51005af88b83822a
204,203,FIRST_ELIGIBLE_WARMUP,,12,0,30,0,15,0,0,0,0,220,0,0,0,0,0,0,False,2ddde7b4c5d2f386e4030893a543a21ee5c070a7a82c2fd3853040b0b7a95b63
205,204,FIRST_ELIGIBLE_WARMUP,,12,0,34,1,10,0,0,0,0,220,0,0,0,0,0,0,False,d222d28ab2652401175484bb7d54cbfef69a9587157eaddabcb9ef076c7e0643
206,205,FIRST_ELIGIBLE_WARMUP,,12,0,30,0,15,0,0,0,0,153,0,0,0,0,0,0,False,1530c80948de8e8e0cc6feeee0b8e3818431b901ad3740d5c0a224ba740af2f3
207,206,FIRST_ELIGIBLE_WARMUP,,8,0,25,0,20,0,0,0,0,56,0,0,0,0,0,0,False,263e9ea1b446dcd0d5ab2fde2df6fec75d78e044bcf20f7ff2b6c399a6aecb7d
208,207,FIRST_ELIGIBLE_WARMUP,,6,0,35,0,10,0,0,0,0,20,0,0,0,0,0,0,False,2196abb6a3bccf8445fbac09857501e06ecba6da2ac3a7234164301de54dafb0
209,208,FIRST_ELIGIBLE_WARMUP,,9,0,28,0,17,0,0,0,0,84,0,0,0,0,0,0,False,6d785792533d57fc900883e5e51bab61da7c7f6076cbeb6edde45e875439e99f
210,209,FIRST_ELIGIBLE_WARMUP,,12,0,30,0,15,0,0,0,0,220,0,0,0,0,0,0,False,e73ef4fba82621ff46c7188eeb10156cd0689ff19c986f804a6eb6b0e3879973
211,210,FIRST_ELIGIBLE_WARMUP,,12,0,24,0,21,0,0,0,0,89,0,0,0,0,0,0,False,70ac93d63baa5e4de2d2761b03547881f64ffb751ff6057f79b389cb9d832a01
212,211,FIRST_ELIGIBLE_WARMUP,,12,0,26,0,19,0,0,0,0,61,0,0,0,0,0,0,False,5c13285816071c762f28638118e4ad7e0456ef64b1612cde5128414606a335e4
213,212,FIRST_ELIGIBLE_WARMUP,,6,0,28,0,17,0,0,0,0,13,0,0,0,0,0,0,False,3e5a2e6a53e68f316aeb8f92f8750e96d81f05aff07a35c5d72fb9f65343e611
214,213,FIRST_ELIGIBLE_WARMUP,,7,0,27,1,17,0,0,0,0,27,0,0,0,0,0,0,False,e9b0e2d2590b29301b68bdf949e9d14074c995c5c4e3b24bc7c051c4b678ddce
215,214,FIRST_ELIGIBLE_WARMUP,,12,0,27,0,18,0,0,0,0,220,0,0,0,0,0,0,False,06a0b3f82f3a9bf2c9da4b2997573b4dc41b563d9f7d2e198a34eb071c357a7f
216,215,FIRST_ELIGIBLE_WARMUP,,12,0,27,0,18,0,0,0,0,49,0,0,0,0,0,0,False,4322c2910f48f2f1e40dbaca085d0161712d41e4dd8afac1e631b0197b9d38a1
217,216,FIRST_ELIGIBLE_WARMUP,,12,0,25,0,20,0,0,0,0,165,0,0,0,0,0,0,False,bcbebcfcd54ffa43006ab484f82284598cf01d44e7c4c2896cb17a411357098b
218,217,FIRST_ELIGIBLE_WARMUP,,8,0,27,0,18,0,0,0,0,56,0,0,0,0,0,0,False,f3b4b88b7d1ff7f3d97fec8a4faa591844e67d9ef489a571d769b307ceb911c4
219,218,FIRST_ELIGIBLE_WARMUP,,12,2,27,9,7,0,0,0,0,220,0,0,0,0,0,0,False,e6825a4256123c37bdd0952d81f34d92280b57a9b25830f33a5c121a3aa8fd8f
220,219,FIRST_ELIGIBLE_WARMUP,,12,0,32,5,8,0,0,0,0,220,0,0,0,0,0,0,False,744c07db08b5cf55c2a787c8ad783ab037673b2013d358600fdab9864691ea3b
221,220,FIRST_ELIGIBLE_WARMUP,,12,0,27,8,10,0,0,0,0,220,0,0,0,0,0,0,False,5f86357e6a70571509c0bc3f1cfe02af8c537d964288d44e3fbf6ccaa6b126c2
222,221,FIRST_ELIGIBLE_WARMUP,,9,0,32,0,13,0,0,0,0,84,0,0,0,0,0,0,False,0b4a84e11e72f4dfd75d935d820e7d4c6c92519321f51da672306cd32027e6e7
223,222,FIRST_ELIGIBLE_WARMUP,,12,0,30,0,15,0,0,0,0,220,0,0,0,0,0,0,False,a9e38d5a7bec6520f216bdac4d5a3d2a0514c0b9a23875223752defb5177db9d
224,223,FIRST_ELIGIBLE_WARMUP,,9,0,28,2,15,0,0,0,0,84,0,0,0,0,0,0,False,4b7f0e9d84648afcaed5b36879a7692f054f85a8ff6ac24a19faf560b31b2387
225,224,FIRST_ELIGIBLE_WARMUP,,12,0,23,1,21,0,0,0,0,220,0,0,0,0,0,0,False,762830786c7f99994f16a24f19a37038b5f0679d3d1cedf49dffb567e2ff6d95
226,225,FIRST_ELIGIBLE_WARMUP,,12,0,32,0,13,0,0,0,0,220,0,0,0,0,0,0,False,d6eebfd93053f81c2da5aa38fd766a2cff8a54b371428c334c7fc2dc9b4213b0
227,226,FIRST_ELIGIBLE_WARMUP,,12,0,32,7,6,0,0,0,0,220,0,0,0,0,0,0,False,15c2d823545af6f0316694bc0141339e4ce965c89af8d313cd588e97d26d37df
228,227,FIRST_ELIGIBLE_WARMUP,,9,0,27,0,18,0,0,0,0,84,0,0,0,0,0,0,False,9a79f84accb5c3b863f9f61bce80efaef7f150f3d565caab76bc9eec2f509851
229,228,FIRST_ELIGIBLE_WARMUP,,12,0,24,0,21,0,0,0,0,220,0,0,0,0,0,0,False,4c8ff5af51c45c0c318cd56ba8ebc39b23b54826e001b4016bca29148281138f
230,229,FIRST_ELIGIBLE_WARMUP,,12,0,31,0,14,0,0,0,0,220,0,0,0,0,0,0,False,704fe5066d0ff3079af1e4899b0496ee4b6e1cf6dc67e886e735ebd2bcd50217
231,230,FIRST_ELIGIBLE_WARMUP,,6,0,28,0,17,0,0,0,0,20,0,0,0,0,0,0,False,4dc006a711e132aeadf65dae7ba759c3d69ec0005147054b4f3b0ff087b1d642
232,231,FIRST_ELIGIBLE_WARMUP,,11,0,29,0,16,0,0,0,0,165,0,0,0,0,0,0,False,d81bb16e9148c5ef83c599a86a62cefa7aa343372f17720476517c6ecebcac15
233,232,FIRST_ELIGIBLE_WARMUP,,6,0,28,0,17,0,0,0,0,20,0,0,0,0,0,0,False,2b8f2370b9c6684a07c19ccae404f1edf68ae8a818b0e8a3e3eac6d351089fe8
234,233,FIRST_ELIGIBLE_WARMUP,,12,0,29,2,14,0,0,0,0,220,0,0,0,0,0,0,False,abadb0997849a37ff4a6c2a315a104d7d499617407b009a0b723112ea7b9a8f7
235,234,FIRST_ELIGIBLE_WARMUP,,12,0,28,0,17,0,0,0,0,66,0,0,0,0,0,0,False,4f9bddb4a651a9db5e44b3fc49765f8977509332f7230311ec542e0d0cc338b9
236,235,FIRST_ELIGIBLE_WARMUP,,12,0,20,0,25,0,0,0,0,89,0,0,0,0,0,0,False,0c2c3ce987189b299465bf3534eeebc04286d9c3712f1c816c709f7d816089b7
237,236,FIRST_ELIGIBLE_WARMUP,,12,0,25,1,19,0,0,0,0,23,0,0,0,0,0,0,False,4405ea26076311917fb20a2faead3d34e9c060cf0816a3d11c8d3ecd40fc5b29
238,237,FIRST_ELIGIBLE_WARMUP,,12,0,23,0,22,0,0,0,0,220,0,0,0,0,0,0,False,2f9b02245b122c9b3ab7f13f771648c547e91a571648a8aaf86db4c28c7e10dd
239,238,FIRST_ELIGIBLE_WARMUP,,9,0,26,0,19,0,0,0,0,84,0,0,0,0,0,0,False,1a81b00553cc6677e38259b3a539529d6da588458be89da4340df2d5a36bf7fb
240,239,FIRST_ELIGIBLE_WARMUP,,12,0,26,11,8,0,0,0,0,220,0,0,0,0,0,0,False,06786f3810097cabe1f1a4a62755cba6ab651558c45db6851fb1d1cf9200f174
241,240,FIRST_ELIGIBLE_WARMUP,,12,0,27,0,18,0,0,0,0,180,0,0,0,0,0,0,False,605aa86740157fa5e0c999afc20af012cceb695a6489c37652e2725246874dbf
242,241,FIRST_ELIGIBLE_WARMUP,,12,0,30,4,11,0,0,0,0,220,0,0,0,0,0,0,False,e6fce2e5e672fdaa0d813d25f51554e36847ed8acbdc9fd3b29701662dc87398
243,242,FIRST_ELIGIBLE_WARMUP,,12,0,27,0,18,0,0,0,0,220,0,0,0,0,0,0,False,f2d59f05f681a66571259426e57982913ce398dad02d9b739d4a52d55eb46bcc
244,243,FIRST_ELIGIBLE_WARMUP,,12,0,32,8,5,0,0,0,0,220,0,0,0,0,0,0,False,c664b212cafd428207689afc30f4972f40f99efcdd23df5398fd0173dd37b202
245,244,FIRST_ELIGIBLE_WARMUP,,7,0,27,0,18,0,0,0,0,20,0,0,0,0,0,0,False,fd86a159f3cd4cea77ed32e35e32a1789e401b398ae8714fa195cbcc010aa89c
246,245,FIRST_ELIGIBLE_WARMUP,,12,0,23,1,21,0,0,0,0,220,0,0,0,0,0,0,False,6899c5a5f1abbd9c06d45789cfbf6d6868d8d68267f2653d9b66a00683321aa2
247,246,FIRST_ELIGIBLE_WARMUP,,12,0,20,0,25,0,0,0,0,135,0,0,0,0,0,0,False,7e3ef02ababf620461bf0e845d4fa7644293cabd189db92d1fb18edd1419c192
248,247,FIRST_ELIGIBLE_WARMUP,,12,0,27,0,18,0,0,0,0,120,0,0,0,0,0,0,False,6705481398b6ad4fa12c6ebefd71ab67f2d2d8e7c9408e891ecf59a7356f0692
249,248,FIRST_ELIGIBLE_WARMUP,,12,0,31,0,14,0,0,0,0,220,0,0,0,0,0,0,False,7d4a7e6937b5839b16369ff7e58ac36ed9b6aeeb0ee9a56a710e571ff5dc4e49
250,249,FIRST_ELIGIBLE_WARMUP,,12,0,27,0,17,1,0,0,0,220,0,0,0,0,0,0,False,f8cfb483e789bcf6b9235237028dc2f5e98f959931baaab260b8b1868c8bad79
251,250,FIRST_ELIGIBLE_WARMUP,,12,0,26,0,19,0,0,0,0,201,0,0,0,0,0,0,False,010ead8d356787dc64c51189cf343a3e4ee645a9d1504da01b0c4325f618b65a
252,251,FIRST_ELIGIBLE_WARMUP,,12,0,31,8,6,0,0,0,0,210,0,0,0,0,0,0,False,ff3fc35ca2b5d4db23c775c974ec6a7b8b55eb04b4a541edfc47618acf2d1b6b
253,252,FIRST_ELIGIBLE_WARMUP,,12,1,25,4,15,0,0,0,0,220,0,0,0,0,0,0,False,d00b83bf7bc202256a478c962b2753a21f342494b9c7aff76bcd97825a457251
254,253,FIRST_ELIGIBLE_WARMUP,,6,0,26,1,18,0,0,0,0,20,0,0,0,0,0,0,False,0a43631c124cb37d7add7131d32eaee0cd508cd70c53f2ec54d5f225be80e7cd
255,254,FIRST_ELIGIBLE_WARMUP,,8,0,25,0,20,0,0,0,0,56,0,0,0,0,0,0,False,67471f0a76cb5be058660d2f06190e76e7e907bcac13a9056f509db813fd60b2
256,255,FIRST_ELIGIBLE_WARMUP,,12,0,26,0,19,0,0,0,0,220,0,0,0,0,0,0,False,eddc9615419fcac901674e32d43ba0abd5e53408d219254cf40eab01f84d39ce
257,256,FIRST_ELIGIBLE_WARMUP,,12,0,28,0,17,0,0,0,0,220,0,0,0,0,0,0,False,694c73d30e72c77a8a3864d01033798d7a1711309b73908bfe6fbb49496b98c3
258,257,FIRST_ELIGIBLE_WARMUP,,12,0,28,8,9,0,0,0,0,220,0,0,0,0,0,0,False,e8edf4105c448ebeb9839fd99dbf70e3adc6ada44431fb66d8dd09c5bbfdb551
259,258,FIRST_ELIGIBLE_WARMUP,,12,0,25,0,20,0,0,0,0,210,0,0,0,0,0,0,False,22d72c822ddf2358bb3a757f980fb05ee0a98556deecc5034bb2f3408a0ae05a
260,259,FIRST_ELIGIBLE_WARMUP,,12,0,25,0,20,0,0,0,0,220,0,0,0,0,0,0,False,756ad68da44033342894b064b5ba6a29846a1ed383e116812270dd802fc4d57c
261,260,FIRST_ELIGIBLE_WARMUP,,12,2,24,6,13,0,0,0,0,220,0,0,0,0,0,0,False,b9abdbce52e584111b1639c16ba2a9106dff4b147f582ed35b7caab1c46983c7
262,261,FIRST_ELIGIBLE_WARMUP,,12,0,27,0,18,0,0,0,0,220,0,0,0,0,0,0,False,1c6d208751df46ad2b7ee3abb598ffa259c6a03bf53932d032c355288fd71f81
263,262,FIRST_ELIGIBLE_WARMUP,,12,0,28,5,12,0,0,0,0,220,0,0,0,0,0,0,False,0268bdaf0b98cac6fee60833ae022584263769d0cf71c39f8579ef78b123b767
264,263,FIRST_ELIGIBLE_WARMUP,,12,2,23,5,15,0,0,0,0,220,0,0,0,0,0,0,False,2cc1a05226fa892d44ec40fc196887ef9322e226e76033b4f6b657138589247b
265,264,FIRST_ELIGIBLE_WARMUP,,12,0,29,4,12,0,0,0,0,220,0,0,0,0,0,0,False,6db8c6a332eebedc4f7b98cd9320be7d6f60d610467d5fb24aac8d133a27dcf9
266,265,FIRST_ELIGIBLE_WARMUP,,6,0,29,0,16,0,0,0,0,20,0,0,0,0,0,0,False,2a47c43da00d9fd313c30df951c13be111028756a7e9e455848cd382e287b084
267,266,FIRST_ELIGIBLE_WARMUP,,12,1,23,6,15,0,0,0,0,220,0,0,0,0,0,0,False,4000db1dfedba9e30fdc7b668614334be9419690a4b530565ea8b221677ec854
268,267,FIRST_ELIGIBLE_WARMUP,,12,0,22,10,13,0,0,0,0,220,0,0,0,0,0,0,False,038f78f743fac4f9fb05ff750d114130931883005083d5d35b7153581eaf2362
269,268,FIRST_ELIGIBLE_WARMUP,,12,0,27,7,11,0,0,0,0,220,0,0,0,0,0,0,False,f8f848219ccf5178cf3892b61dbe2e759f63cc1cc83f934ac49884a63e33cbc4
270,269,FIRST_ELIGIBLE_WARMUP,,12,0,27,2,16,0,0,0,0,220,0,0,0,0,0,0,False,48a7ba924743dae5c22252190c8c7e4b18e590a83513f9ee067817aa62f13bea
271,270,FIRST_ELIGIBLE_WARMUP,,10,0,22,0,23,0,0,0,0,120,0,0,0,0,0,0,False,4a394c73a72ec494e3cb086331bfdfe3541cf736ff1853820042d1e2ffbfa7d4
272,271,FIRST_ELIGIBLE_WARMUP,,8,0,23,0,22,0,0,0,0,56,0,0,0,0,0,0,False,428b559e19750e4f9105623d8d3b0cea992408b1422c35190be529cc0a5700ea
273,272,FIRST_ELIGIBLE_WARMUP,,12,0,25,4,16,0,0,0,0,220,0,0,0,0,0,0,False,aa21ea0f9bba8a4fd723462f713c209c79081384676d1a07cb6a847cc433a40b
274,273,FIRST_ELIGIBLE_WARMUP,,12,0,19,1,25,0,0,0,0,175,0,0,0,0,0,0,False,0e6a6c39c00088e4cf57e359ef812c3c8907f82c94a612e20d56bd94862d2ec8
275,274,FIRST_ELIGIBLE_WARMUP,,12,0,24,0,21,0,0,0,0,103,0,0,0,0,0,0,False,bee67da366f625c3fa3a770261f9e05344ab592fb8c5015e8cd27b06462a4780
276,275,FIRST_ELIGIBLE_WARMUP,,8,0,18,3,24,0,0,0,0,56,0,0,0,0,0,0,False,7c96a35e3ed828220eb0c9d8d20842462b955dc71cb48cc895b1253708c46757
277,276,FIRST_ELIGIBLE_WARMUP,,12,1,23,7,14,0,0,0,0,220,0,0,0,0,0,0,False,cd9efcfe8a6cc0f5ac6f0655df75d2192ea9b204cdb04a47dfa6a0f1a618d9f5
278,277,FIRST_ELIGIBLE_WARMUP,,12,0,23,0,22,0,0,0,0,122,0,0,0,0,0,0,False,65acef7bc1476d4d5adb58efe161507448b3ef8bfca36af91d0e5fc07547d4b9
279,278,FIRST_ELIGIBLE_WARMUP,,12,0,27,1,17,0,0,0,0,93,0,0,0,0,0,0,False,460079e2f04f4764e25d3e5dec640461d17765ebf894b89f8e7b2f00e0ba57a5
280,279,FIRST_ELIGIBLE_WARMUP,,12,0,17,0,28,0,0,0,0,110,0,0,0,0,0,0,False,8ead6b6ea989ae08b642c9347adde3a00cab1af6a471e16602007f6b72e894b5
281,280,FIRST_ELIGIBLE_WARMUP,,12,0,25,1,18,1,0,0,0,220,0,0,0,0,0,0,False,9e5ff1297402a5bfd8db210e3374ac7c8341f34425728352c83ec4c78764dabe
282,281,FIRST_ELIGIBLE_WARMUP,,12,0,24,1,20,0,0,0,0,60,0,0,0,0,0,0,False,a0bd3b4b9733e0e8604c816ac7c8cbfb0b0cacee8ece09b7578354ba86174798
283,282,FIRST_ELIGIBLE_WARMUP,,12,0,28,8,9,0,0,0,0,220,0,0,0,0,0,0,False,e82c2d4e793513932db9f8b70938ad117baebeda9ac79e376d1110eb03127d73
284,283,FIRST_ELIGIBLE_WARMUP,,10,0,25,0,20,0,0,0,0,120,0,0,0,0,0,0,False,0eadaa337d8168fe22781f91477c1ff5589263345d7fbe6ca081dc1291a604b9
285,284,FIRST_ELIGIBLE_WARMUP,,12,0,25,5,15,0,0,0,0,220,0,0,0,0,0,0,False,cfafdd65b180d52a186bf5520fdbe97bd1172c04b21d8adaff8c11dc84b90615
286,285,FIRST_ELIGIBLE_WARMUP,,9,0,26,1,18,0,0,0,0,84,0,0,0,0,0,0,False,9cfddbc4957761372b4ae90820db6fa94918a6abc3797ad1c3442e7a2c2df1bd
287,286,FIRST_ELIGIBLE_WARMUP,,12,0,30,8,7,0,0,0,0,220,0,0,0,0,0,0,False,fc475820512b1c02bbf0a021bb7bce598fd09baf390fbab8d3acf9adda2cc0c3
288,287,FIRST_ELIGIBLE_WARMUP,,12,2,23,6,13,1,0,0,0,220,0,0,0,0,0,0,False,7a60fcc71be627231c729f8c50751d112cdcee22322b1dfd97c35ebae337d819
289,288,FIRST_ELIGIBLE_WARMUP,,12,0,20,9,16,0,0,0,0,220,0,0,0,0,0,0,False,c522836dd5d5d875a6b6673f56626381e433b578e15ba66fba0695d8b35167e4
290,289,FIRST_ELIGIBLE_WARMUP,,12,0,27,2,16,0,0,0,0,220,0,0,0,0,0,0,False,b52af62c21e4225e4df9b7918246e81ecc7ebe44def8ff548acf2116799d05b2
291,290,FIRST_ELIGIBLE_WARMUP,,12,0,21,0,24,0,0,0,0,220,0,0,0,0,0,0,False,2d3107c842f67bdae218fd02ff859aa462a0862f55173402361e8ce31eeaa820
292,291,FIRST_ELIGIBLE_WARMUP,,8,0,20,1,24,0,0,0,0,56,0,0,0,0,0,0,False,b7e51d408b92949fbf3aaa449b4e6ce9f6d2b16842fdf1eddd6ac69ed591e63d
293,292,FIRST_ELIGIBLE_WARMUP,,12,0,23,0,22,0,0,0,0,21,0,0,0,0,0,0,False,435a44dff3de4c784d736f9957446a886c4728c04f29528f931b206904ea97db
294,293,FIRST_ELIGIBLE_WARMUP,,10,0,23,8,14,0,0,0,0,120,0,0,0,0,0,0,False,0ef51d850c75743f3b4a5d81799b74f5baa61c354dd7caf3fdf927aafc72d96f
295,294,FIRST_ELIGIBLE_WARMUP,,6,0,30,0,15,0,0,0,0,20,0,0,0,0,0,0,False,dbce611e2e4d2c9aaec816a67736468b0cd118d0875a58f73cc8966fa5c027ff
296,295,FIRST_ELIGIBLE_WARMUP,,12,0,26,0,19,0,0,0,0,141,0,0,0,0,0,0,False,c71f6aa88baae16dc3b8907d3aef8880fbcdad5c7aaedf1c51c7de1cbfcd92bf
297,296,FIRST_ELIGIBLE_WARMUP,,12,0,22,4,19,0,0,0,0,220,0,0,0,0,0,0,False,97b6a86c0ca4f31a13eeecb667a3316c90faffa5a6bcc4a09ee297f308fe3b9c
298,297,FIRST_ELIGIBLE_WARMUP,,12,0,20,5,20,0,0,0,0,220,0,0,0,0,0,0,False,71a03c04ff5ecb69c8dac1dbf80d938619a8f19ce7c44ea26031035f246f5dbb
299,298,FIRST_ELIGIBLE_WARMUP,,8,0,22,1,22,0,0,0,0,56,0,0,0,0,0,0,False,a3fb75c70283539d354218f190b4a4adab153f80080091db0f7334e40201f0fc
300,299,FIRST_ELIGIBLE_WARMUP,,12,0,29,6,10,0,0,0,0,220,0,0,0,0,0,0,False,4d1252154708bb73f9b3b8780a8c712ab0c9e9976fc57f58efcb8fefe475d214
301,300,FIRST_ELIGIBLE_WARMUP,,12,0,27,0,18,0,0,0,0,220,0,0,0,0,0,0,False,b6b27ac0600c12557091022319e292397764ddcbddc03fb4e9f1816bd9c843e3
302,301,FIRST_ELIGIBLE_WARMUP,,12,0,22,0,23,0,0,0,0,220,0,0,0,0,0,0,False,c856850908d624903a973f7de88e85298a21dcb6dba977d0b1bfdd8025f7d271
303,302,FIRST_ELIGIBLE_WARMUP,,12,0,31,0,14,0,0,0,0,220,0,0,0,0,0,0,False,c6bd5e96a38f7c71057ad2a04a9e7732dac295af5fc44ba5ba80c5ff0d738579
304,303,FIRST_ELIGIBLE_WARMUP,,12,0,25,4,16,0,0,0,0,220,0,0,0,0,0,0,False,7e71fe5b8658fc36b7521d4f50cd9c51c7742e3ebb177dbecc0ecd8e93c16d0c
305,304,FIRST_ELIGIBLE_WARMUP,,12,0,24,5,16,0,0,0,0,220,0,0,0,0,0,0,False,5b5f6111a738a3a908acd00a3af49a2f9b7c0dc01ea1a37abab9916ea59fee09
306,305,FIRST_ELIGIBLE_WARMUP,,6,0,23,1,21,0,0,0,0,20,0,0,0,0,0,0,False,2d60285ce2a6d5a516c88c3b8f2245e9b0f2a49818fc9fa2fd42e348737e5791
307,306,FIRST_ELIGIBLE_WARMUP,,12,1,25,4,15,0,0,0,0,220,0,0,0,0,0,0,False,6957bc8da73a078e357d2a406b6538078634f9ad6d86573b7b2e7418d44a5eb0
308,307,FIRST_ELIGIBLE_WARMUP,,12,0,22,0,23,0,0,0,0,220,0,0,0,0,0,0,False,0b0f21d4be984f1790ec65ae337b004581b4a511650d166ec4c5cabbe545542d
309,308,FIRST_ELIGIBLE_WARMUP,,6,0,19,0,26,0,0,0,0,20,0,0,0,0,0,0,False,70073f9650e569dd13cbc53ca6e4fba82c7ebca5d6a8347231c5ed44d1c4c265
310,309,FIRST_ELIGIBLE_WARMUP,,12,0,20,1,24,0,0,0,0,220,0,0,0,0,0,0,False,ad2f8198c011f0efd275e24c32074edea1fafc56ded48f664a8797cfb5fe5aac
311,310,FIRST_ELIGIBLE_WARMUP,,12,0,23,8,14,0,0,0,0,220,0,0,0,0,0,0,False,b1ff6bef0ee8ca2e7daaa593d9538f5ee4e2c4b836ee3766fbaa64dcb9efc8a7
312,311,FIRST_ELIGIBLE_WARMUP,,12,0,25,4,16,0,0,0,0,220,0,0,0,0,0,0,False,e1f420555fd2584927a2f41c1be2bff73e71f2326861ff6a3d1c1ce18bd334b7
313,312,FIRST_ELIGIBLE_WARMUP,,12,0,21,1,23,0,0,0,0,68,0,0,0,0,0,0,False,2a5b5ac36916a6930a7c105e32382816ccdaba7d84a61daa044bf7ecf03a4f49
314,313,FIRST_ELIGIBLE_WARMUP,,12,0,25,3,17,0,0,0,0,220,0,0,0,0,0,0,False,73611af0ca67b6475fe35eee895be0d62548bc352479e503e128224c3bd75f88
315,314,FIRST_ELIGIBLE_WARMUP,,12,1,24,1,19,0,0,0,0,220,0,0,0,0,0,0,False,fc9db91b5d1ece218c70fd1a3f8940984cbea0c05a6b55106cff9f94b23caac5
316,315,FIRST_ELIGIBLE_WARMUP,,12,0,25,0,20,0,0,0,0,220,0,0,0,0,0,0,False,8045f87d2992ad5a6c1c008e9b250bc8c0a73ecccf41c4109d179edcf90e886c
317,316,FIRST_ELIGIBLE_WARMUP,,12,0,28,3,14,0,0,0,0,220,0,0,0,0,0,0,False,57a25c74896d6a2af421da1948e288730280179b2f5d216995fd2d12b2a40743
318,317,FIRST_ELIGIBLE_WARMUP,,12,0,27,5,13,0,0,0,0,220,0,0,0,0,0,0,False,4359c1a184ba0e70946b19946205baacfc8f1eccb744c1cae72c97c3803a3883
319,318,FIRST_ELIGIBLE_WARMUP,,12,0,25,1,19,0,0,0,0,220,0,0,0,0,0,0,False,d0a87f3519be93336b4f897315b33001d4f6a6f32c9e7d9f71569abc92fbb05a
320,319,FIRST_ELIGIBLE_WARMUP,,12,1,19,7,18,0,0,0,0,220,0,0,0,0,0,0,False,7e32ea5c61344bccd5bafc684433fdcc16bc57bb20ad6f244bb5a543b1aef683
321,320,FIRST_ELIGIBLE_WARMUP,,12,0,31,2,12,0,0,0,0,220,0,0,0,0,0,0,False,01c0c7fa59bbc78e74df2d295e661e896720ca1d78e8afccb712129f85668958
322,321,FIRST_ELIGIBLE_WARMUP,,12,0,24,4,17,0,0,0,0,220,0,0,0,0,0,0,False,e43ad650c4b9e0e8f31a70f131aa52e6b22236314ac32350b4f35802e29dc4a8
323,322,FIRST_ELIGIBLE_WARMUP,,12,1,19,6,19,0,0,0,0,220,0,0,0,0,0,0,False,a70171e0845144fd42efab19235e2f6d37e31a1694125e4aacaac9b1c84fa419
324,323,FIRST_ELIGIBLE_WARMUP,,12,0,25,2,18,0,0,0,0,220,0,0,0,0,0,0,False,bd865f749f55fa1986624c2212cb14873218694d98227af846218ecf3b3e42e8
325,324,FIRST_ELIGIBLE_WARMUP,,7,7,16,4,18,0,0,0,0,35,0,0,0,0,0,0,False,616fa1d91582971365a4ff5bc1ab93f4b005c1797a437851155fcc0f7f652cee
326,325,FIRST_ELIGIBLE_WARMUP,,12,0,25,3,17,0,0,0,0,220,0,0,0,0,0,0,False,d176d49469f489b983b141e55de3e92c2cc1967eb70fe549cd97a7adabde126a
327,326,FIRST_ELIGIBLE_WARMUP,,12,0,18,0,27,0,0,0,0,196,0,0,0,0,0,0,False,c10c3fa6102731a19fb4494b9c4ac1874998a280fa44bb3f99521314dc3be4f2
328,327,FIRST_ELIGIBLE_WARMUP,,12,0,25,6,14,0,0,0,0,220,0,0,0,0,0,0,False,dba5d0b80d23bbe51e2043269fcf32c1354da47781309ee82e6708a5dd4d3438
329,328,FIRST_ELIGIBLE_WARMUP,,12,0,23,0,22,0,0,0,0,220,0,0,0,0,0,0,False,bce62b1793a04ded4f471e48dd9fd13ea524173e3dda5137b1e430088697f36c
330,329,FIRST_ELIGIBLE_WARMUP,,12,1,28,2,14,0,0,0,0,220,0,0,0,0,0,0,False,0ae55cdfc1888eead49954393d2e803a456bc01e26a5d84d067d859fa073ed2f
331,330,FIRST_ELIGIBLE_WARMUP,,8,0,28,0,17,0,0,0,0,56,0,0,0,0,0,0,False,3a44a65cfd512dacdd524b9fc106c7583fed6ffebbb40002d77adb9636d31db4
332,331,FIRST_ELIGIBLE_WARMUP,,12,0,26,0,19,0,0,0,0,220,0,0,0,0,0,0,False,9c9028ab864c2de3398c1da9a9ee249978d13c1331d01e0d172d5a7232f8d8b6
333,332,FIRST_ELIGIBLE_WARMUP,,12,0,28,4,13,0,0,0,0,220,0,0,0,0,0,0,False,5feeb080cba90ff13c911a7436ff6e1562654e9a37f62b872df6c0e1ad79760e
334,333,FIRST_ELIGIBLE_WARMUP,,12,0,27,3,15,0,0,0,0,220,0,0,0,0,0,0,False,34a8ab030ffe7e8e02925e449357f8c18b8d6bb3031b342b360ee219628cfd28
335,334,FIRST_ELIGIBLE_WARMUP,,12,0,18,1,26,0,0,0,0,220,0,0,0,0,0,0,False,ac822deaaf82a12c7003b643888d32e5d6c96bd6ce27cc31311797ec87eb2e00
336,335,FIRST_ELIGIBLE_WARMUP,,12,0,25,5,15,0,0,0,0,220,0,0,0,0,0,0,False,1f79cb70e010506a9c2e284cd882c076fa1742e3f8dc0cf3234d92c5b3e626d8
337,336,FIRST_ELIGIBLE_WARMUP,,12,0,30,3,12,0,0,0,0,220,0,0,0,0,0,0,False,1267650889d3cf138f1ff5be15c48130cd5e9cde1d34ad614ecbe645b6c84910
338,337,FIRST_ELIGIBLE_WARMUP,,12,0,21,0,24,0,0,0,0,201,0,0,0,0,0,0,False,2e69eb4b3903f2317c38d6066326d1583614b02ee0c9e97a9c67825a77e4bfda
339,338,FIRST_ELIGIBLE_WARMUP,,12,0,24,5,16,0,0,0,0,220,0,0,0,0,0,0,False,daffe9fa0b43dcb4bb6dbbd6db33dc7d0a90a1ac7a9e68de9c4b83a2fd9aeb8d
340,339,FIRST_ELIGIBLE_WARMUP,,12,3,26,5,11,0,0,0,0,220,0,0,0,0,0,0,False,5ce48218c14b2e4777aff95d840945eccf6139a3d22d23a452a65c75e5897b48
341,340,FIRST_ELIGIBLE_WARMUP,,12,0,20,0,25,0,0,0,0,220,0,0,0,0,0,0,False,342b8eedf1f3d596849eb4fce7c7386757f6f34714c97f216638a2d0d2b578e3
342,341,FIRST_ELIGIBLE_WARMUP,,12,0,25,3,17,0,0,0,0,220,0,0,0,0,0,0,False,5c55bbe40c50bd6aa36b6601ed9a00bae153b048ecc0d679647a9c7dd0ba4793
343,342,FIRST_ELIGIBLE_WARMUP,,12,0,25,0,20,0,0,0,0,220,0,0,0,0,0,0,False,fd212d0c0e1b28a31c473adc9b094e5a835d0d8852688ce0b6b0e400028d236e
344,343,FIRST_ELIGIBLE_WARMUP,,12,0,24,6,15,0,0,0,0,220,0,0,0,0,0,0,False,6fc4a024fb1cec3bd0f8e012a629e3cfa03b5e6ae9bcd1ca6951b9d089308895
345,344,FIRST_ELIGIBLE_WARMUP,,12,0,23,4,18,0,0,0,0,220,0,0,0,0,0,0,False,2fcc25583c799c9f8ae90d5822ae77f9233f9dd91e1f329d9bc2ee009c6904a5
346,345,FIRST_ELIGIBLE_WARMUP,,12,0,25,5,15,0,0,0,0,220,0,0,0,0,0,0,False,c822ea3ea8aed1d8be6b77c6ab20c11f011d1e31410725ed960e4e2097bdf958
347,346,FIRST_ELIGIBLE_WARMUP,,9,0,29,0,16,0,0,0,0,84,0,0,0,0,0,0,False,3bf3221d536def708b1b8b0fa083430202ac0260343f7c80a44e98eabcd53911
348,347,FIRST_ELIGIBLE_WARMUP,,12,0,21,1,23,0,0,0,0,193,0,0,0,0,0,0,False,51161586bdd2b6622775b80f5de1c087e48b4b853d5e5723263f04eeda640e20
349,348,FIRST_ELIGIBLE_WARMUP,,12,0,24,1,20,0,0,0,0,201,0,0,0,0,0,0,False,c7fb1d367854aa2014f2b7bd405442fbe8c10f149ddd17f38750bded6cc6eba0
350,349,FIRST_ELIGIBLE_WARMUP,,9,0,25,1,19,0,0,0,0,84,0,0,0,0,0,0,False,d1f4d28156f1c21c8cf2945f2de5def178624ba13a9488b5459f4c8491c388b7
351,350,FIRST_ELIGIBLE_WARMUP,,12,0,25,1,19,0,0,0,0,220,0,0,0,0,0,0,False,961a9b59b1381c6f6fcce1ae53a8f92743c63ec5bb9d87c65d888435446efc2a
352,351,FIRST_ELIGIBLE_WARMUP,,12,0,21,0,24,0,0,0,0,200,0,0,0,0,0,0,False,20756e449973125b983449f82e6683938e99b8e3ab4b3f61300adec3d7892c0e
353,352,FIRST_ELIGIBLE_WARMUP,,8,0,20,0,25,0,0,0,0,56,0,0,0,0,0,0,False,4da39004c29a3367ae7174ae36faece57352a90f3a8a24b391a6bd4b95496fd4
354,353,FIRST_ELIGIBLE_WARMUP,,12,0,17,0,28,0,0,0,0,138,0,0,0,0,0,0,False,bdb1eb1c550eaa93cec9999b63f49decb1ecc85ffa32651047c1128a09d1a966
355,354,FIRST_ELIGIBLE_WARMUP,,12,0,28,0,17,0,0,0,0,133,0,0,0,0,0,0,False,9b981c4b39813c57b464ae0d6019385ab8585175c98195bf8b0b3d5d6cdedbfd
356,355,FIRST_ELIGIBLE_WARMUP,,12,0,24,5,16,0,0,0,0,220,0,0,0,0,0,0,False,c42511520f275c69d95797d01c7d77c9417dd1822b086bfcc43ebb27c8014048
357,356,FIRST_ELIGIBLE_WARMUP,,12,2,25,4,14,0,0,0,0,220,0,0,0,0,0,0,False,b944091bf8db5e4ba9760625d17d44f16fc8dba4325f0278b204220981b8b084
358,357,FIRST_ELIGIBLE_WARMUP,,12,1,27,6,11,0,0,0,0,220,0,0,0,0,0,0,False,be0b02ac70d71075137caed948db5cce2df9a7de1190e28bc7651da53252b8c9
359,358,FIRST_ELIGIBLE_WARMUP,,12,0,26,6,13,0,0,0,0,220,0,0,0,0,0,0,False,ebe9a0e77c3090dd2c79e36c3ade35aaa75a95e4e5b0c86f9b3d54961e81348b
360,359,FIRST_ELIGIBLE_WARMUP,,12,0,24,0,21,0,0,0,0,156,0,0,0,0,0,0,False,718cf9e94644344a5f9c07378e210b5d7f9d077f6e7cbe7ded4bb95e63dd8036
361,360,FIRST_ELIGIBLE_WARMUP,,12,0,21,0,24,0,0,0,0,220,0,0,0,0,0,0,False,1f7f2aa5bac30213053d5d91a95626f74c114b17d4f50039e6da5cb8e7ff1e71
362,361,FIRST_ELIGIBLE_WARMUP,,10,0,22,0,23,0,0,0,0,120,0,0,0,0,0,0,False,1e3476fd598560f4b6b71f0c8e482f7c373dc5cf96e7cfbe124a2ab727015697
363,362,FIRST_ELIGIBLE_WARMUP,,12,0,20,0,25,0,0,0,0,220,0,0,0,0,0,0,False,25afcca84fb6adfb2a16a0f69d5e0cfc98838feb6040dae6d72bf72422034fc7
364,363,FIRST_ELIGIBLE_WARMUP,,12,0,23,0,22,0,0,0,0,202,0,0,0,0,0,0,False,de853273af8494c65f991e3f0ed565fe5b2679598c472b006f02ffc8d5363faf
365,364,FIRST_ELIGIBLE_WARMUP,,12,0,22,2,21,0,0,0,0,35,0,0,0,0,0,0,False,0174a85d3f1699da80e3e961d7a41d5bd89aeee6758b4ab47cfd37f365ee9efb
366,365,FIRST_ELIGIBLE_WARMUP,,6,0,21,0,24,0,0,0,0,20,0,0,0,0,0,0,False,ec39aa6bffba5dee553775546f250612bff025a8be10e10b3089cab616dfa507
367,366,FIRST_ELIGIBLE_WARMUP,,12,0,26,3,16,0,0,0,0,220,0,0,0,0,0,0,False,2a33978c32c9f0bf54bef49e0e5778480e24fb5ce47d1c362f5e974b39d0d9fa
368,367,FIRST_ELIGIBLE_WARMUP,,12,1,22,5,17,0,0,0,0,220,0,0,0,0,0,0,False,bc80cbb1ff4b538f590d2e7723cc4d1b5dd489a2d3723af191c3115f25d4a8f6
369,368,RESEARCH_NO_PICK,CORE_STAGE_STOP,12,0,25,6,14,0,11,0,11,209,20,0,0,0,20,0,False,3573948eea6a0fa2ce35d3ba38f77cdb412696c2687877c4fdfa22b59ba00664
370,369,RESEARCH_NO_PICK,PAIR_STAGE_STOP,12,0,24,6,15,0,3,0,3,217,0,0,0,0,0,0,False,d4391a839b4814bc87876ce2fb784aab7cbc57f522301560038b46bb4a74e555
371,370,RESEARCH_NO_PICK,TRIO_STAGE_STOP,12,0,19,0,26,0,0,0,0,12,0,0,0,0,0,0,False,c0b5c61156a42dc4d9fe4a3acd0774a557aaf1b1c594c6f07ad2ed6b5bbef367
372,371,RESEARCH_NO_PICK,TRIO_STAGE_STOP,12,0,26,4,15,0,0,0,0,220,0,0,0,0,0,0,False,07e226552f6aca37224413289476ef62aec00361239e0ec2345c8bfa2c6469df
373,372,RESEARCH_NO_PICK,TRIO_STAGE_STOP,12,0,18,0,27,0,0,0,0,47,0,0,0,0,0,0,False,9d8bb67a48f0278733f073698e465a9427923a0d25c88b6d831ef9806bcaee9c
374,373,RESEARCH_NO_PICK,TRIO_STAGE_STOP,12,0,25,0,20,0,0,0,0,71,0,0,0,0,0,0,False,80c6c2cc4397ab4cb49c9b52a87a6d0f77da40bb98f7c287b7f75838a5888cf0
375,374,RESEARCH_NO_PICK,TRIO_STAGE_STOP,9,0,24,0,21,0,0,0,0,84,0,0,0,0,0,0,False,894f05d84bb0bea3c4098f540201d6c1df156ad59ab6435ec990a76767b4ad26
376,375,RESEARCH_NO_PICK,CORE_STAGE_STOP,12,0,26,5,14,0,10,0,10,210,4,0,0,0,4,0,False,2bb2ed35c12daa6fda72efa898075ff663ab354acc16e51f862a99dce5cc0836
377,376,RESEARCH_NO_PICK,TRIO_STAGE_STOP,12,2,25,5,13,0,0,0,0,220,0,0,0,0,0,0,False,6209bbdce79912d20a99728765b29f203494646f0bf7f22165f25d7b2e36f01f
378,377,RESEARCH_NO_PICK,CORE_STAGE_STOP,12,0,20,5,20,0,12,0,12,208,11,0,0,0,11,0,False,c63a3949d7025928eeaaf4712ce72544e75d882abd8b41a90c96398edbfd68e2
379,378,RESEARCH_NO_PICK,CORE_STAGE_STOP,12,0,24,5,16,0,16,0,16,204,34,0,0,0,34,0,False,5238bcaf4ffa7a6b15cbb9d937c36ae9cc2c5d26e1a772569e5d97fe21cd65fc
380,379,RESEARCH_NO_PICK,TRIO_STAGE_STOP,12,1,27,3,14,0,0,0,0,220,0,0,0,0,0,0,False,23f0fabefd507120fa0d59497b3ca9ea8d454f0d4558821d0f5156fb10e622b6
381,380,RESEARCH_NO_PICK,TRIO_STAGE_STOP,10,0,26,1,18,0,0,0,0,120,0,0,0,0,0,0,False,ab0492aa09072dc4fd70ba69231dddf8274ab9ffdffea1aae94a22f575660610
382,381,RESEARCH_NO_PICK,TRIO_STAGE_STOP,12,0,21,0,24,0,0,0,0,102,0,0,0,0,0,0,False,65af51bd03f38d9c1d0a7afd45a96e07dccc4b2df0493c5b2f18dbe1677f2e0e
383,382,RESEARCH_NO_PICK,TRIO_STAGE_STOP,12,0,22,0,23,0,0,0,0,206,0,0,0,0,0,0,False,330083163998a66b1a65f54ac4ecf46dd6e52a363ae664cfb5aa51aa792116f5
384,383,RESEARCH_NO_PICK,CORE_STAGE_STOP,12,0,25,5,15,0,26,0,26,194,101,0,0,0,101,0,False,b7dcd2396602e5c50d3364efb834820461ae7e62b7e18a2148f78184d03b6fd9
385,384,RESEARCH_NO_PICK,CORE_STAGE_STOP,12,0,25,2,18,0,30,0,30,190,94,0,0,0,94,0,False,c2db3255ba4eb65e78038e91602c46cdc0ccfdd19ddb0e8d11fd113285c70af3
386,385,RESEARCH_NO_PICK,TRIO_STAGE_STOP,12,0,29,0,16,0,0,0,0,165,0,0,0,0,0,0,False,cb09b98111315662dccde07db8afc750e76e9b65d1f94dd816cc3660d29e5635
387,386,RESEARCH_NO_PICK,CORE_STAGE_STOP,12,0,25,8,12,0,30,0,30,190,138,0,0,0,138,0,False,03da7a02fc7400b58ce73e381cf7e1933128266385b1c76fdfb6ee241a49514b
388,387,RESEARCH_NO_PICK,TRIO_STAGE_STOP,12,0,21,4,20,0,0,0,0,220,0,0,0,0,0,0,False,7bd837ed19af444fc3ac43cd202a6c08c3fec4ea098fbdbe2f4e2b9b2fb80917
389,388,RESEARCH_NO_PICK,CORE_STAGE_STOP,12,0,27,7,11,0,55,0,55,165,551,0,0,0,551,0,False,f00310da6401627de682bb8d41d1c3276db7066c0f8dbd9bc0f3a4dc78a142b5
390,389,RESEARCH_NO_PICK,TRIO_STAGE_STOP,11,0,26,1,18,0,0,0,0,165,0,0,0,0,0,0,False,44e11ec158bb79ca9878a1623ba62fef32760b87034f9a792e6ad1d896a91509
391,390,RESEARCH_NO_PICK,TRIO_STAGE_STOP,12,0,20,0,25,0,0,0,0,176,0,0,0,0,0,0,False,d60fc05362aecb5bf384957a4113257c87fdd2fbb8abb6c5f399fbdc9a9ef3f9
392,391,RESEARCH_NO_PICK,CORE_STAGE_STOP,10,0,21,4,20,0,19,0,19,101,51,0,0,0,51,0,False,bd1a319aff7d0ff1b28121624205e56db56450521301b24c83caa9aa0640a4dc
393,392,RESEARCH_NO_PICK,TRIO_STAGE_STOP,12,0,19,2,24,0,0,0,0,219,0,0,0,0,0,0,False,7d447b1afd744d1e4a86be4416177d10eb1b418dc1e57d3ec7eea6c40003e0cc
394,393,RESEARCH_NO_PICK,CORE_STAGE_STOP,12,0,23,3,19,0,21,0,21,199,27,0,0,0,27,0,False,3621936d0026c24b6f06cbf34eebcc13dd2e22e1b3a514d6e757537e62ae2f4b
395,394,RESEARCH_NO_PICK,TRIO_STAGE_STOP,12,0,25,0,20,0,0,0,0,220,0,0,0,0,0,0,False,3c51a2ceb440f7fb1965918e80447460df5ed6b50bff27968961f3e45baab335
396,395,RESEARCH_NO_PICK,CORE_STAGE_STOP,12,0,19,3,23,0,24,0,24,196,79,0,0,0,79,0,False,f78a318eb741044c516e7721bde3b5a607ead2ac913f1c813ea9be0978f242e1
397,396,RESEARCH_NO_PICK,TRIO_STAGE_STOP,7,0,22,1,22,0,0,0,0,35,0,0,0,0,0,0,False,20453c919cfd3ef50b1ac981801e6b57ea08f34f066815d4e95d2277215ea74f
398,397,RESEARCH_NO_PICK,TRIO_STAGE_STOP,6,6,16,1,22,0,0,0,0,20,0,0,0,0,0,0,False,52533e3ac7f1e3f68d237e1490c0ed6a46c577989a6ff4a41bc3a5a97f4ebf76
399,398,RESEARCH_NO_PICK,TRIO_STAGE_STOP,7,7,18,6,14,0,0,0,0,35,0,0,0,0,0,0,False,2abf074ded6430fabaf264ca61b9ebd3b368b5bea7fabcec4cd1be85c3a577e4
400,399,RESEARCH_NO_PICK,TRIO_STAGE_STOP,7,0,21,0,24,0,0,0,0,35,0,0,0,0,0,0,False,9df4651f2b2fd20056da7a6d207e52b851a5baed47d79710f52a13f0fecc67e9
401,400,RESEARCH_NO_PICK,CORE_STAGE_STOP,12,0,23,7,15,0,17,0,17,203,44,0,0,0,44,0,False,195abddc3e560afe5948bdc8b09f1865fa500822218d952f421f6ffd964d365f
402,401,RESEARCH_NO_PICK,TRIO_STAGE_STOP,12,1,26,5,13,0,0,0,0,220,0,0,0,0,0,0,False,638c8764d5fae5d24038e09c5b2e2f53d8ac20844031213fb0768222e4629f2b
403,402,RESEARCH_NO_PICK,TRIO_STAGE_STOP,12,0,27,0,18,0,0,0,0,220,0,0,0,0,0,0,False,ffa94af151f866333cc9f9c4022b2d0017d07fa4fcfe3fb49802e88f0b9d87e7
404,403,RESEARCH_NO_PICK,PAIR_STAGE_STOP,12,0,22,2,21,0,7,0,7,213,0,0,0,0,0,0,False,49e6ad72fe98c7b660457782f947f4842166d445e7a4bb7b49325d46e8d50187
405,404,RESEARCH_NO_PICK,CORE_STAGE_STOP,12,0,25,4,16,0,25,0,25,195,77,0,0,0,77,0,False,3c96a8df0d5f84023fa439ad8a6794910ef3ad9f1edb8a378e99c3e50c65fd46
406,405,RESEARCH_NO_PICK,TRIO_STAGE_STOP,12,0,25,0,20,0,0,0,0,210,0,0,0,0,0,0,False,c6bd8ceebf3819bff09494a0b7d6b1d7a4cecfcdc00d649003a7ae267868b8ab
407,406,RESEARCH_NO_PICK,TRIO_STAGE_STOP,12,2,23,3,17,0,0,0,0,220,0,0,0,0,0,0,False,9e324603be08a6e19aa6ff8d158d4a74f44d2723d74884993d486e854ee3ed8d
408,407,RESEARCH_NO_PICK,TRIO_STAGE_STOP,12,0,27,0,18,0,0,0,0,220,0,0,0,0,0,0,False,64d553eba294360810e3b14356390730c258c5f9ce3047a36f8285cc9f6aa530
409,408,RESEARCH_NO_PICK,CORE_STAGE_STOP,12,0,26,6,13,0,23,0,23,197,74,0,0,0,74,0,False,d61825876047c2018825217770e765add448774cff9a3562401aba8476c5979a
410,409,RESEARCH_NO_PICK,TRIO_STAGE_STOP,12,0,22,0,23,0,0,0,0,220,0,0,0,0,0,0,False,661d26c6d977f97adf16dd8802948c2e2916bff5947bf95d5b8654a804d1db8f
411,410,RESEARCH_NO_PICK,TRIO_STAGE_STOP,12,0,29,0,16,0,0,0,0,220,0,0,0,0,0,0,False,e6e07a214cfaa17ab510c673b28ad5578f7fa748f2f7473cf18de9bd4e68bfed
412,411,RESEARCH_NO_PICK,CORE_STAGE_STOP,12,0,27,2,16,0,46,0,46,174,346,0,0,0,346,0,False,cd73fb5029cb32c2f01693a9ce6c64f5c07edc961ca081dbf14303be0872cf23
413,412,RESEARCH_NO_PICK,TRIO_STAGE_STOP,12,0,23,0,22,0,0,0,0,65,0,0,0,0,0,0,False,2e30ee016a64b93b4be5689037f31a48aacadf57c4d149998868805ba5fdd63b
414,413,RESEARCH_NO_PICK,CORE_STAGE_STOP,12,0,27,3,15,0,22,0,22,198,62,0,0,0,62,0,False,e2596329bd2c59cbb2aaf784b25802b04e539df578128806827ce88b5b482e9e
415,414,RESEARCH_NO_PICK,TRIO_STAGE_STOP,12,0,25,0,20,0,0,0,0,133,0,0,0,0,0,0,False,833dc8897e5279443f8bdd7c2bf19da0565169e48bcbab1e6a90b61d88a3b62c
416,415,RESEARCH_NO_PICK,TRIO_STAGE_STOP,6,0,22,1,22,0,0,0,0,20,0,0,0,0,0,0,False,18c4ac2a13b4b24e038561f2b3ff4ffa5cbd9e39977d858efd950a1575119deb
417,416,RESEARCH_NO_PICK,CORE_STAGE_STOP,12,0,23,4,18,0,35,0,35,185,165,0,0,0,165,0,False,486e37eabd26a0f4d4bf10ea0b0ddd706e7a9ca3479898ffefdb83f0c63c047b
418,417,RESEARCH_NO_PICK,CORE_STAGE_STOP,12,0,22,5,18,0,8,0,8,212,4,0,0,0,4,0,False,cccc4496113b15f08a3a210ae17bff24ec390a9ca5d9efe73d0fe503a4346d55
419,418,RESEARCH_NO_PICK,TRIO_STAGE_STOP,12,0,22,0,23,0,0,0,0,133,0,0,0,0,0,0,False,4ea0e63a596af32b74869f84f4fd559e223fb91e079cb799ffd8c81db487f3f7
420,419,RESEARCH_NO_PICK,TRIO_STAGE_STOP,12,0,21,1,23,0,0,0,0,145,0,0,0,0,0,0,False,308d4a9487037c564adee120cabb1dea31c230c0ddc7ca6c3c6bebac09f0576f
421,420,RESEARCH_NO_PICK,TRIO_STAGE_STOP,12,0,18,0,27,0,0,0,0,99,0,0,0,0,0,0,False,d30bdc4e8c45ef9f0bcbb21819ab7f17a61e9fdf48d07744ff9a0577bca8d2e0
422,421,RESEARCH_NO_PICK,TRIO_STAGE_STOP,10,0,21,1,23,0,0,0,0,120,0,0,0,0,0,0,False,396aaa5ebd6b4ddba03b796caa791a4744ff0efad1a05f583d3be855d33190b1
423,422,RESEARCH_NO_PICK,TRIO_STAGE_STOP,12,0,26,1,18,0,0,0,0,220,0,0,0,0,0,0,False,380ee80ee79f74f58d087193a697bc28047bc1f0ca4302a9afd9a279a7737dbf
424,423,RESEARCH_NO_PICK,TRIO_STAGE_STOP,12,0,28,0,17,0,0,0,0,220,0,0,0,0,0,0,False,b33dfa7adb87390acd28aaddeca0415ce0caa16b53c6803dc6062a8f4ee47725
425,424,RESEARCH_NO_PICK,TRIO_STAGE_STOP,12,0,20,1,24,0,0,0,0,220,0,0,0,0,0,0,False,fcf866900c9ea09bfeda030eea19c9725d2a97fa9f9df16e0a524f757ac8e2ba
426,425,RESEARCH_NO_PICK,TRIO_STAGE_STOP,6,6,19,4,16,0,0,0,0,20,0,0,0,0,0,0,False,ed3aab3712ab89d94b85bd1a0a08e00b4d8ba6150c99a611f02fe8e10da14827
427,426,RESEARCH_NO_PICK,TRIO_STAGE_STOP,8,0,24,1,20,0,0,0,0,56,0,0,0,0,0,0,False,658b027aff97580c7cfd3706270b793b3e6825e6ed92c8b749581170254b80d4
428,427,RESEARCH_NO_PICK,TRIO_STAGE_STOP,12,0,30,0,15,0,0,0,0,220,0,0,0,0,0,0,False,e164c4096324a0fd4254f5fc68a669c100de3b1d39809622a18cefdd43e621a2
429,428,RESEARCH_NO_PICK,TRIO_STAGE_STOP,12,2,23,5,15,0,0,0,0,220,0,0,0,0,0,0,False,26537b6d8d4004bf71038c9f4db755be9f03ce451cb877780e0a6aa4c50bbe44
430,429,RESEARCH_NO_PICK,TRIO_STAGE_STOP,12,1,22,4,18,0,0,0,0,220,0,0,0,0,0,0,False,b3b83fcf7e7429e62e008b32d75ba91f0520ac371f891bdd63f6eec93e412c2f
431,430,RESEARCH_NO_PICK,CORE_STAGE_STOP,12,0,22,7,16,0,37,0,37,183,218,0,0,0,218,0,False,6bc7f959b3655dce5cae800dcb56ae7ca6db2855f71bd2cac5ef7793ba66d00f
432,431,RESEARCH_NO_PICK,TRIO_STAGE_STOP,12,2,22,5,16,0,0,0,0,220,0,0,0,0,0,0,False,6f89bd6e526fb6748c4e7b1f430fa4f5a6c09b8299f57197ed86ad83ff936b47
433,432,RESEARCH_NO_PICK,TRIO_STAGE_STOP,8,0,26,0,19,0,0,0,0,56,0,0,0,0,0,0,False,0d031509f82fc152f180e1ee12601be8709b66b68f8c2b1f0c4fb6c28075120d
434,433,RESEARCH_NO_PICK,TRIO_STAGE_STOP,12,0,22,0,23,0,0,0,0,220,0,0,0,0,0,0,False,c05f255cb3959222c9d298f833855a9aadc6f5c727fe3409167a4b459f790cec
435,434,RESEARCH_NO_PICK,TRIO_STAGE_STOP,12,4,22,4,15,0,0,0,0,220,0,0,0,0,0,0,False,501a047d82095e8a4c783fc0f6a5b5f11c47e3c0f64beccb5ee05e34d7c71f11
436,435,RESEARCH_NO_PICK,TRIO_STAGE_STOP,8,8,16,5,16,0,0,0,0,56,0,0,0,0,0,0,False,077579d5c9042e74ca2226a0c5b4c86ae4c8f2debd94e3592bf1c82c5eda19cf
437,436,RESEARCH_NO_PICK,TRIO_STAGE_STOP,12,2,24,3,16,0,0,0,0,220,0,0,0,0,0,0,False,9a4ee04ae7fcd31d83bfce7e3049b71685e6caaf3a46ee69cfc2783aecd7bee0
438,437,RESEARCH_NO_PICK,TRIO_STAGE_STOP,12,0,22,0,23,0,0,0,0,220,0,0,0,0,0,0,False,f903711d4dac892a1bea01ee55433da8a200ee2d3fe74b8169978e1115dae422
439,438,RESEARCH_NO_PICK,TRIO_STAGE_STOP,12,0,23,2,20,0,0,0,0,220,0,0,0,0,0,0,False,fe8389ba2277ff003013157812a1a2a0a1636e82c0f5bd92893e7e01bcba5111
440,439,RESEARCH_NO_PICK,TRIO_STAGE_STOP,9,0,21,0,24,0,0,0,0,84,0,0,0,0,0,0,False,980f798775fc523b76750adbd36a4b20964b29056f4102a5798c972201e56cc7
441,440,RESEARCH_NO_PICK,TRIO_STAGE_STOP,12,0,24,4,17,0,0,0,0,220,0,0,0,0,0,0,False,93ba1e16a265b72de8cef587a9672f9856c417492059e8fde1fef1b09e86d836
442,441,RESEARCH_NO_PICK,TRIO_STAGE_STOP,8,0,24,1,20,0,0,0,0,56,0,0,0,0,0,0,False,a1250e001e08ad65ec6ab03cae57b5fe23bb829b602b358e957c599a81e888e0
443,442,RESEARCH_NO_PICK,TRIO_STAGE_STOP,12,0,26,0,19,0,0,0,0,220,0,0,0,0,0,0,False,fd50bb15b0606943ddc4320b673b009e2afe432321bb2128978d6e26b91855c9
444,443,RESEARCH_NO_PICK,TRIO_STAGE_STOP,12,0,17,2,26,0,0,0,0,120,0,0,0,0,0,0,False,91b3df8e5dfaad1bff43148c05815955e6d23ca7c74a6a0c9bc95ed5d78fac54
445,444,RESEARCH_NO_PICK,TRIO_STAGE_STOP,12,0,27,0,18,0,0,0,0,220,0,0,0,0,0,0,False,ccbfcf3f4ee109e0422c4d8a43c9f0c48acfce8e4ed582822d526f04679cd54d
446,445,RESEARCH_NO_PICK,TRIO_STAGE_STOP,12,0,26,5,14,0,0,0,0,220,0,0,0,0,0,0,False,2dfd8058898ba63c0626673cd2e12f91ed06c4ffd497de8ebdf19f7eacd018d8
447,446,RESEARCH_NO_PICK,CORE_STAGE_STOP,12,0,25,3,17,0,44,0,44,176,302,0,0,0,302,0,False,80c7b1b9fb9449645f60b20bb2089f77d010cccf65cd6c248f9af20a8fb3fe7c
448,447,RESEARCH_NO_PICK,TRIO_STAGE_STOP,12,0,16,0,29,0,0,0,0,56,0,0,0,0,0,0,False,8de27b65d4c26dc753abed0431a650f7ca8049ec6e6ca79fdc6cdba403e6a19f
449,448,RESEARCH_NO_PICK,CORE_STAGE_STOP,12,0,22,2,20,1,54,0,54,166,422,0,0,0,422,0,False,514932169f98249d34da2dd8d97dabd8a1cc3b569537de0448fee774563bc22b
450,449,RESEARCH_NO_PICK,TRIO_STAGE_STOP,11,0,19,0,26,0,0,0,0,165,0,0,0,0,0,0,False,0b6df18efb966007c71da17ab963956ace1c3bad25f615e94d243a14f91b54a9
451,450,RESEARCH_NO_PICK,CORE_STAGE_STOP,12,0,21,2,22,0,54,0,54,166,475,0,0,0,475,0,False,cc26deacae65eac3131407a2cc574176b7e3589f79faafa8724dcc680767035f
452,451,RESEARCH_NO_PICK,TRIO_STAGE_STOP,6,0,15,1,29,0,0,0,0,20,0,0,0,0,0,0,False,af864ce1fe6e335886df817d7d1173386fb9c566f003969bde931341e6b4906a
453,452,RESEARCH_NO_PICK,CORE_STAGE_STOP,12,0,22,3,20,0,22,0,22,198,67,0,0,0,67,0,False,48c9046ffae5c97d42b201e53d4fd7b2aba8ad6d7f52ca70fb8ae69786a3f565
454,453,RESEARCH_NO_PICK,CORE_STAGE_STOP,12,0,20,6,19,0,33,0,33,187,186,0,0,0,186,0,False,147caa84564138ba7399ea99726991a816c91dbf0a3f421b4241def6eefc02bf
455,454,RESEARCH_NO_PICK,CORE_STAGE_STOP,12,0,21,3,21,0,12,0,12,208,26,0,0,0,26,0,False,dfbafccb439c0ab49c14f365c40abf45a6c9762330b5ec13279312fb030b8b1d
456,455,RESEARCH_NO_PICK,TRIO_STAGE_STOP,10,0,24,0,21,0,0,0,0,120,0,0,0,0,0,0,False,32e8a4f62a4334ce5286574c321cb260b69e9a6b8fae1ab2f7cbed8a28e8840a
457,456,RESEARCH_NO_PICK,TRIO_STAGE_STOP,12,1,18,4,22,0,0,0,0,220,0,0,0,0,0,0,False,e3f98ca2df00d76d6345d38ec1f2432e6a8c9b779a28c2ba45b5c65f1728a33e
458,457,RESEARCH_NO_PICK,TRIO_STAGE_STOP,12,0,21,1,23,0,0,0,0,220,0,0,0,0,0,0,False,1926b1caf90f66fbc06a62a7e298d22e9afadb36b4707432e734bd511d41fd95
459,458,RESEARCH_NO_PICK,TRIO_STAGE_STOP,10,0,18,0,27,0,0,0,0,120,0,0,0,0,0,0,False,75360ab2c13a5092c246ee472c2739dcbd59f86eeaf255a32295343e81a5ea0d
460,459,RESEARCH_NO_PICK,CORE_STAGE_STOP,12,0,19,5,21,0,27,0,27,193,59,0,0,0,59,0,False,c4490c18cb1953c76da4cbfb6cf5fe25afcfdd37204ea063026499c1750a3a89
461,460,RESEARCH_NO_PICK,TRIO_STAGE_STOP,6,0,18,0,27,0,0,0,0,20,0,0,0,0,0,0,False,5c18bfce8eeb1154af7f1b15f64bc2e4b4bf87a36befe462af2fb82be0b7ea57
462,461,RESEARCH_NO_PICK,PAIR_STAGE_STOP,12,0,17,6,22,0,10,0,10,210,0,0,0,0,0,0,False,7d595af49274e8d5ed7e1b3f17cfcb8401d0c90119a43aaa2adc90844a666ce9
463,462,RESEARCH_NO_PICK,TRIO_STAGE_STOP,12,1,19,1,24,0,0,0,0,220,0,0,0,0,0,0,False,0595aa907220940caaf5ab1a1163f7450b6a19049b1c35236f1d590581189f97
464,463,RESEARCH_NO_PICK,TRIO_STAGE_STOP,12,0,14,0,31,0,0,0,0,134,0,0,0,0,0,0,False,6996506ad8be2d73c6cf924f611088fd9c78485e71978e807506fd7d7c9f9131
465,464,RESEARCH_NO_PICK,TRIO_STAGE_STOP,12,0,16,0,29,0,0,0,0,220,0,0,0,0,0,0,False,d911e400166636017dc99e566a80feb8f9140feda5f18e2f921b52870e5b3516
466,465,RESEARCH_NO_PICK,TRIO_STAGE_STOP,12,0,18,0,27,0,0,0,0,195,0,0,0,0,0,0,False,100d25c6c3eb55e91efc15591e828eade8b285fbf7b8f2b0bc77f4e53e554294
467,466,RESEARCH_NO_PICK,TRIO_STAGE_STOP,7,0,18,0,27,0,0,0,0,35,0,0,0,0,0,0,False,1cbbf5a23d0f3fe6dc45d24d6da889ebd31cfea319b27bd38d9382c0b29aa0fb
468,467,RESEARCH_NO_PICK,CORE_STAGE_STOP,12,0,26,2,17,0,62,0,62,158,645,0,0,0,645,0,False,1756f58793899c0499d9014f0c32ac413827d2d5edcf1c7cfa9d247e41f6e114
469,468,RESEARCH_NO_PICK,TRIO_STAGE_STOP,12,0,22,0,23,0,0,0,0,220,0,0,0,0,0,0,False,a6b9cdb9b13c1f6b1e7feeb0d4d8362477899344820597180983d7f92e0cfca5
470,469,RESEARCH_NO_PICK,TRIO_STAGE_STOP,6,0,21,0,24,0,0,0,0,20,0,0,0,0,0,0,False,d7dcb57c3900b191d6263ba3da49493bef96c7c89cfab67db0ed2cd02dee1de7
471,470,RESEARCH_NO_PICK,CORE_STAGE_STOP,12,0,23,4,18,0,60,0,60,160,540,0,0,0,540,0,False,50aa791f21f893a6f0af74e0001368653c38f3c8102c62857e0c8800657f1b0b
472,471,RESEARCH_NO_PICK,TRIO_STAGE_STOP,7,0,25,0,20,0,0,0,0,35,0,0,0,0,0,0,False,d898e3558e63049f528c3af9087af6dfc6f85bf09eea78b794b3267de8538620
473,472,RESEARCH_NO_PICK,TRIO_STAGE_STOP,12,0,27,0,18,0,0,0,0,220,0,0,0,0,0,0,False,f2083131c7ea5532d0e27323f3a2469ff91613f1227a770e53b5eea4c66008e6
474,473,RESEARCH_NO_PICK,TRIO_STAGE_STOP,12,0,24,0,21,0,0,0,0,220,0,0,0,0,0,0,False,e4d97c6612237643217e509b5e6e2fa504abfc68f5dff6249c920520be01c1f0
475,474,RESEARCH_NO_PICK,TRIO_STAGE_STOP,7,0,20,0,25,0,0,0,0,35,0,0,0,0,0,0,False,af9ee35909866859420866d648f72447f5c0ef9fe137bc40ff561c26147f030b
476,475,RESEARCH_NO_PICK,TRIO_STAGE_STOP,9,0,21,1,23,0,0,0,0,84,0,0,0,0,0,0,False,b2df7cb6d8c284311f18a8d1e134a3f22d851a32ca7352e8aeceaa6d41007c5e
477,476,RESEARCH_NO_PICK,CORE_STAGE_STOP,12,0,16,4,25,0,47,0,47,173,309,0,0,0,309,0,False,c48a07cd8b577882bcfdd582226a864a3f27a43e1d53fe7d88bafc7400783aac
478,477,RESEARCH_NO_PICK,CORE_STAGE_STOP,11,0,15,1,29,0,32,0,32,133,147,0,0,0,147,0,False,96cf0b321a29f4d05e27566d949d5f12afeb8ab6ff7b1da9ce0d4de6f63d6d4b
479,478,RESEARCH_NO_PICK,CORE_STAGE_STOP,12,0,19,4,22,0,36,0,36,184,188,0,0,0,188,0,False,9c4d50e351b91d940177edace1c168e5663dc564f10abca9910e52a22498c72a
480,479,RESEARCH_NO_PICK,TRIO_STAGE_STOP,12,0,18,0,27,0,0,0,0,107,0,0,0,0,0,0,False,2c2176e79acda6caf4c2150401f8209bbbfae9267b381806bfb41707945bf376
481,480,RESEARCH_NO_PICK,TRIO_STAGE_STOP,10,0,20,3,22,0,0,0,0,120,0,0,0,0,0,0,False,39008574fdb8cdbd93af824be4d4cacb23cc4f6e8ebfabe796c330dc15c79fa9
482,481,RESEARCH_NO_PICK,TRIO_STAGE_STOP,9,0,20,0,25,0,0,0,0,84,0,0,0,0,0,0,False,06429da97b6025a608b16051d864f404338643b11f95dc6ba3044842031eef8b
483,482,RESEARCH_NO_PICK,CORE_STAGE_STOP,12,0,20,4,21,0,73,0,73,147,961,0,0,0,961,0,False,28a883c47674bcf54ff42254867205605f1e2dbcef35e38e04dba6074ef27ba8
484,483,RESEARCH_NO_PICK,CORE_STAGE_STOP,12,0,23,0,22,0,43,0,43,177,350,0,0,0,350,0,False,ebaaed73b5763f06e1f419cd369b117351805bf79ac0b186e7c06143bd3af757
485,484,RESEARCH_NO_PICK,CORE_STAGE_STOP,12,0,22,5,18,0,106,0,106,114,2164,0,0,0,2164,0,False,b434637b1b34bf54d0a1cf6c0a2dcf4503fb9697fd27c14522b191d414fcdd45
486,485,RESEARCH_NO_PICK,TRIO_STAGE_STOP,12,0,20,1,24,0,0,0,0,171,0,0,0,0,0,0,False,ef040e949b8aa7ef8ff3a63f9527e8ca8e0abbe5507048ad6b2685291d2ee834
487,486,RESEARCH_NO_PICK,CORE_STAGE_STOP,12,0,19,5,21,0,85,0,85,135,1013,0,0,0,1013,0,False,ba958610e07875333f2eefcc51d06c06f439eefb3c11539cdbd60d20cd27749d
488,487,RESEARCH_NO_PICK,TRIO_STAGE_STOP,10,0,19,5,21,0,0,0,0,120,0,0,0,0,0,0,False,d3c26d9756fa9839c180331dda5b21c7dc083e568e5729d4972fa1f87928d265
489,488,RESEARCH_NO_PICK,CORE_STAGE_STOP,12,0,20,4,21,0,18,0,18,202,19,0,0,0,19,0,False,f749e272e7a8899f171ff8e32c95c9b3f9ac24f4b790eadaf4cf7cf5f7a97436
490,489,RESEARCH_NO_PICK,TRIO_STAGE_STOP,12,0,20,1,24,0,0,0,0,220,0,0,0,0,0,0,False,613591e48e9a4802c4f72a5048fdebc3232290ff8408fa337d51c280a6c1a683
491,490,RESEARCH_NO_PICK,CORE_STAGE_STOP,12,0,28,4,13,0,64,0,64,156,675,0,0,0,675,0,False,34ff896b1033937661df801e44a59c5db1bf285fbf9f34ccda186cc7e31b42ea
492,491,RESEARCH_NO_PICK,CORE_STAGE_STOP,12,0,22,4,19,0,91,0,91,129,1649,0,0,0,1649,0,False,36a15f77e7516cbefea511f51ec76a7772014106271c936d18810f419919aa78
493,492,RESEARCH_NO_PICK,TRIO_STAGE_STOP,7,0,17,0,28,0,0,0,0,35,0,0,0,0,0,0,False,a5301a0d4ae61aa6da5bc4c39fea8076ffef202ecfaa9820bac16d7ee82277f2
494,493,RESEARCH_NO_PICK,TRIO_STAGE_STOP,12,0,18,0,27,0,0,0,0,220,0,0,0,0,0,0,False,7ec23f7f2166da7c313d5e38790bd0222ba1a19aab007cc98ac0b85011114b37
495,494,RESEARCH_NO_PICK,CORE_STAGE_STOP,12,0,18,4,23,0,47,0,47,173,374,0,0,0,374,0,False,7b6429c48153b916899b254d27b3e55b7523aa3af3c75a077ed00ac87caefe1a
496,495,RESEARCH_NO_PICK,TRIO_STAGE_STOP,12,0,19,1,25,0,0,0,0,220,0,0,0,0,0,0,False,b900503c4c7fc19b301844792d2aba8466f4cd81f328f558aa2b965f93c131df
497,496,RESEARCH_NO_PICK,TRIO_STAGE_STOP,12,1,21,0,23,0,0,0,0,220,0,0,0,0,0,0,False,7133e55887173d446403ed7cefba23c2af29d48b64c9d11033754d340aadd3e3
498,497,RESEARCH_NO_PICK,TRIO_STAGE_STOP,12,0,18,1,26,0,0,0,0,21,0,0,0,0,0,0,False,f4915edee546a455c713cbf2b925b390d88301bebf2dca9c2b873be12a476065
499,498,RESEARCH_NO_PICK,CORE_STAGE_STOP,12,0,24,2,19,0,70,0,70,150,775,0,0,0,775,0,False,82cbe7453b944607dcbe9359ec044410eb2b49152d21c7c3a4140830e2e3adbb
500,499,RESEARCH_NO_PICK,TRIO_STAGE_STOP,9,0,21,0,24,0,0,0,0,84,0,0,0,0,0,0,False,d05e53a2b07a39822321dfaf04511b2cce3091d108a8f0c4a87d8f15ebbbe828
501,500,RESEARCH_NO_PICK,TRIO_STAGE_STOP,12,0,23,1,21,0,0,0,0,220,0,0,0,0,0,0,False,075ba6a7b7ae07bb01cee55ea3878afd0823288ff2bf4be53a7d1bec09bf7fc5
502,501,RESEARCH_NO_PICK,TRIO_STAGE_STOP,12,0,18,1,26,0,0,0,0,133,0,0,0,0,0,0,False,5bd58e65f82f3187dfaa81d55a57a8204026569c6f31bc84b275dc581453e251
503,502,RESEARCH_NO_PICK,TRIO_STAGE_STOP,12,0,16,1,28,0,0,0,0,220,0,0,0,0,0,0,False,21d9ed66e5f958b0f718398247753c626eef011c83a09aff9560d16aaa96f084
504,503,RESEARCH_NO_PICK,TRIO_STAGE_STOP,7,0,16,3,26,0,0,0,0,35,0,0,0,0,0,0,False,4e015cb2b9f0c99470935378a7e59b7e4e1be8d93a8bc108eed938d6973ea88a
505,504,RESEARCH_NO_PICK,CORE_STAGE_STOP,12,0,26,4,15,0,100,0,100,120,1947,0,0,0,1947,0,False,693da3756fe731df1ded5ab9ba0f03f50bbe4a6414685c3debc2b37eb78cd33a
506,505,RESEARCH_NO_PICK,TRIO_STAGE_STOP,12,0,21,0,24,0,0,0,0,220,0,0,0,0,0,0,False,8116fa76922d700ed035a4a69e66a05a6c838c3dd724b3216f0f8735094def68
507,506,RESEARCH_NO_PICK,CORE_STAGE_STOP,12,0,21,1,23,0,33,0,33,187,148,0,0,0,148,0,False,3f6fc8ff7abfbb481368c2a8efd561af0ed37752242b5f781aa1f642f5c9e5de
508,507,RESEARCH_NO_PICK,CORE_STAGE_STOP,12,0,18,3,24,0,60,0,60,160,649,0,0,0,649,0,False,8b442e371f2d6c1b6fc0386412a8274d264ad1d03d9720710e7fa69b69817c1e
509,508,RESEARCH_NO_PICK,TRIO_STAGE_STOP,12,0,18,0,27,0,0,0,0,220,0,0,0,0,0,0,False,73241febb229c111db614ab079ec604d874e087791c78574a6287e0c0ec4bc01
510,509,RESEARCH_NO_PICK,TRIO_STAGE_STOP,6,6,15,5,19,0,0,0,0,20,0,0,0,0,0,0,False,29437e547a5d81b657a876c369c60d4801c372cd71f61fb9047b55d5abfa3452
511,510,RESEARCH_NO_PICK,TRIO_STAGE_STOP,12,0,17,1,27,0,0,0,0,94,0,0,0,0,0,0,False,09a68460d763045eb05dc410c1074f41c4524c51ea672f4370ea21e43c9d15a0
512,511,RESEARCH_NO_PICK,CORE_STAGE_STOP,12,0,15,8,22,0,49,0,49,171,385,0,0,0,385,0,False,0c3fe7e29a787538c163bd78f0cfa76e43ab34cbcdc17412cbd93209cbdd0aff
513,512,RESEARCH_NO_PICK,TRIO_STAGE_STOP,12,0,19,1,25,0,0,0,0,130,0,0,0,0,0,0,False,e88ea7e24e8624a0623085eda237978306df8b3e9086de81b03bd657b7b54f86
514,513,RESEARCH_NO_PICK,TRIO_STAGE_STOP,9,0,18,2,25,0,0,0,0,84,0,0,0,0,0,0,False,a4caf32e1f84328375b97421109cc13fdacd10b818f477e21dd3221c79c7a6cf
515,514,RESEARCH_NO_PICK,CORE_STAGE_STOP,12,0,22,2,21,0,104,0,104,116,2046,0,0,0,2046,0,False,81f145b0fd5468eafabc0253f86d9710cf2e140e7cd71ac6faddd653c032ac5c
516,515,RESEARCH_NO_PICK,TRIO_STAGE_STOP,12,0,18,0,27,0,0,0,0,220,0,0,0,0,0,0,False,0c14105daf9019c7a923d47af1115044ea6731f0a729b9f611715e724e00f326
517,516,RESEARCH_NO_PICK,TRIO_STAGE_STOP,7,0,16,1,28,0,0,0,0,20,0,0,0,0,0,0,False,99a45ee4836f41bc37291d10dddb0f5ede1d8d86babce569cd9c6857bdda246e
518,517,RESEARCH_NO_PICK,CORE_STAGE_STOP,12,0,24,6,15,0,81,0,81,139,1238,0,0,0,1238,0,False,f6d715d1347d221d9721536af7aa237818bfd3a5303e6471f5d138c712ef4b6d
519,518,RESEARCH_NO_PICK,CORE_STAGE_STOP,12,0,20,4,21,0,22,0,22,198,28,0,0,0,28,0,False,f0bff005f24266c33cd8c27f6ae99220648e229d94f99a0095661dd10a802730
520,519,RESEARCH_NO_PICK,TRIO_STAGE_STOP,7,0,23,2,20,0,0,0,0,35,0,0,0,0,0,0,False,ec2c7c50b6b11eb1030573e2b2f193462e19994277cf0e0dca09acda22937fea
521,520,RESEARCH_NO_PICK,TRIO_STAGE_STOP,12,0,20,0,25,0,0,0,0,220,0,0,0,0,0,0,False,5856af8d0142c607a508bd7c29ede582df98e6715d0793ae09598f3231176a25
522,521,RESEARCH_NO_PICK,CORE_STAGE_STOP,12,0,21,1,23,0,84,0,84,136,1302,0,0,0,1302,0,False,83141f34682d35de00b3b2a4e5ce2ab7ca86ef0fb1520691504b7f3530aa3bf6
523,522,RESEARCH_NO_PICK,TRIO_STAGE_STOP,12,0,20,0,25,0,0,0,0,220,0,0,0,0,0,0,False,c9c9cb762fa61ce42e3a0da7627b41f29acc275b8a233f2de32fb5013eca8a26
524,523,RESEARCH_NO_PICK,TRIO_STAGE_STOP,12,0,15,0,30,0,0,0,0,62,0,0,0,0,0,0,False,28d65dc4fb9c7e06631ef81e912a2941d83c9fc46e8d0769e15e02a252d5d137
525,524,RESEARCH_NO_PICK,CORE_STAGE_STOP,12,0,23,2,20,0,65,0,65,155,723,0,0,0,723,0,False,e20e47daabf31b7f2888dda15dd2f3ae21af9f7bf782e264426e47f5bec01c5b
526,525,RESEARCH_NO_PICK,CORE_STAGE_STOP,9,0,25,4,16,0,14,0,14,70,16,0,0,0,16,0,False,df0f4e026ec580b6a75712fc160487cbe8167bdefba41f08930fa394b57a7464
527,526,RESEARCH_NO_PICK,TRIO_STAGE_STOP,12,0,17,0,28,0,0,0,0,220,0,0,0,0,0,0,False,eb3011373b5514f388b4db163a7f9ef9bb8479eef8c6bc0eacd14ee1be34180e
528,527,RESEARCH_NO_PICK,TRIO_STAGE_STOP,12,0,18,0,27,0,0,0,0,220,0,0,0,0,0,0,False,47cb924a21938f833c1c2b2999b11b569a13bd8a02bff9e137a1ae9fc143bf6a
529,528,RESEARCH_NO_PICK,TRIO_STAGE_STOP,12,3,18,1,23,0,0,0,0,220,0,0,0,0,0,0,False,33f046a1a6d6834f08280d1aa8ff884a707319cbf3a66f3da92948c7bf4dc6cc
530,529,RESEARCH_NO_PICK,TRIO_STAGE_STOP,6,6,19,2,18,0,0,0,0,20,0,0,0,0,0,0,False,7e5dea2bad573fac9c4f5ce4dea0796d4ed6a6e424e628d7330b4d48b8823a7d
531,530,RESEARCH_NO_PICK,TRIO_STAGE_STOP,12,0,21,6,18,0,0,0,0,220,0,0,0,0,0,0,False,cc8bf055bd28bd3ccf471d4d66e2a97ca31ae218e3a40614a4ce752fb8242049
532,531,RESEARCH_NO_PICK,TRIO_STAGE_STOP,12,0,24,0,21,0,0,0,0,220,0,0,0,0,0,0,False,a56ace5ad3528c18ba891f1542c4c9381303e3216c4dc7809f3b2e271bd05561
533,532,RESEARCH_NO_PICK,CORE_STAGE_STOP,12,0,18,5,22,0,56,0,56,164,388,0,0,0,388,0,False,3b8bdb1c1095da7494c407e760ea3b4882601d574464193ce16eb4e3e56ab4d4
534,533,RESEARCH_NO_PICK,CORE_STAGE_STOP,12,0,17,1,27,0,42,0,42,178,178,0,0,0,178,0,False,bb0cca676c0f7604ee43009e52c5bf34e5a2186a47388b74b6ea28ffa6536f45
535,534,RESEARCH_NO_PICK,TRIO_STAGE_STOP,12,0,23,0,22,0,0,0,0,220,0,0,0,0,0,0,False,ea602939375fba42cfcb38c261016abd264642734947b73c94b9ef119e875a1a
536,535,RESEARCH_NO_PICK,TRIO_STAGE_STOP,12,0,21,1,23,0,0,0,0,61,0,0,0,0,0,0,False,9feaa4f3a7c4203b3f858d3c524421933bc9f1dcc8c0a995cf6e89de45d8fa6c
537,536,RESEARCH_NO_PICK,TRIO_STAGE_STOP,11,0,19,1,25,0,0,0,0,165,0,0,0,0,0,0,False,ee1837f5444c3067689cc0dfeff46e45c913db04224d9eec1fba6c2ca3c379f5
538,537,RESEARCH_NO_PICK,CORE_STAGE_STOP,12,0,24,3,18,0,52,0,52,168,493,0,0,0,493,0,False,1a2381a8885b8dd43ee7e820ba5ed509166d4745318b881f5e1a62d99c23fab1
539,538,RESEARCH_NO_PICK,TRIO_STAGE_STOP,8,0,21,1,23,0,0,0,0,56,0,0,0,0,0,0,False,82ad24020f2572958b6cb678cc003b9ee82859a0c3bb8de252dc69ad8e5e220e
540,539,RESEARCH_NO_PICK,CORE_STAGE_STOP,12,0,26,3,16,0,49,0,49,171,325,0,0,0,325,0,False,9c3f3f8349a0847854e518bb80c879bcf773e1f83f90f68ba0752638644f8262
541,540,RESEARCH_NO_PICK,TRIO_STAGE_STOP,12,0,21,1,23,0,0,0,0,46,0,0,0,0,0,0,False,fc6054ef9cb995b7bd9fd4e45a2be41ed2028831e7e281f2eadbb550ea24b3f0
542,541,RESEARCH_NO_PICK,TRIO_STAGE_STOP,12,2,19,4,20,0,0,0,0,220,0,0,0,0,0,0,False,52f26e5dfd278ac90dbf676ae042aba8e29f9f2cc7b75fa09297ac0515b3bba5
543,542,RESEARCH_NO_PICK,CORE_STAGE_STOP,12,0,21,5,19,0,52,0,52,168,460,0,0,0,460,0,False,ae7d61eb2aa2c36299bf8601cca1b6d7ad11a5a8a612f873031f16e9f12ad8ae
544,543,RESEARCH_NO_PICK,CORE_STAGE_STOP,11,0,19,4,22,0,12,0,12,153,15,0,0,0,15,0,False,cb1bd6e186f415edf5deae2f69f6a9086b3d6a3fb1ebcd08c7401f79878b3d58
545,544,RESEARCH_NO_PICK,TRIO_STAGE_STOP,12,2,24,2,17,0,0,0,0,220,0,0,0,0,0,0,False,23e09346a5614708fb9323689b982537e809515432707a05b174c0bb4ae77325
546,545,RESEARCH_NO_PICK,TRIO_STAGE_STOP,9,0,22,1,22,0,0,0,0,84,0,0,0,0,0,0,False,a7c984c09b65074a7626ae53393a96c6dd9bb9b1bdf25498ab89d162d6369c30
547,546,RESEARCH_NO_PICK,TRIO_STAGE_STOP,12,0,25,0,20,0,0,0,0,220,0,0,0,0,0,0,False,983931fd6f69ce35b22b9f82e2f0a3b632e7562a51cd9d263ed43e9f0ee5086f
548,547,RESEARCH_NO_PICK,TRIO_STAGE_STOP,12,1,24,1,19,0,0,0,0,220,0,0,0,0,0,0,False,26470d53f0e58ee58932fb3ab4463eed88740c56d760b5b195176b5b549e458d
549,548,RESEARCH_NO_PICK,PAIR_STAGE_STOP,12,0,20,3,22,0,17,0,17,203,0,0,0,0,0,0,False,a8cad558bcdb34ccc772dd8a1168493c379d0e166092782cc581b24845025143
550,549,RESEARCH_NO_PICK,CORE_STAGE_STOP,12,0,18,6,21,0,49,0,49,171,424,0,0,0,424,0,False,e1633e7ebbf4296fa87ff791cc9e68ee5b0f9bfbb55ac393859c49d06447f044
551,550,RESEARCH_NO_PICK,TRIO_STAGE_STOP,12,0,24,0,21,0,0,0,0,220,0,0,0,0,0,0,False,67f1f9f6b8e70fd322e312cc99986b146818c68439948302e4a0d6e187280733
552,551,RESEARCH_NO_PICK,TRIO_STAGE_STOP,12,0,23,0,21,1,0,0,0,220,0,0,0,0,0,0,False,f1f690fef60972474f22765b9e980083b8200dd59a5c04beec0d44b84a6f3157
553,552,RESEARCH_NO_PICK,TRIO_STAGE_STOP,12,0,20,0,25,0,0,0,0,220,0,0,0,0,0,0,False,727118eaced4711946009da84e2610c64f4889f0919a5a52dc80d22761b96cc0
554,553,RESEARCH_NO_PICK,TRIO_STAGE_STOP,12,0,20,0,25,0,0,0,0,220,0,0,0,0,0,0,False,28e6f7d6977ccba1c6691248ecdb94a5e6021c9f74f5bf21aad2fc2ce0b4ec01
555,554,RESEARCH_NO_PICK,CORE_STAGE_STOP,12,0,21,3,21,0,32,0,32,188,116,0,0,0,116,0,False,ff758585e241afb946bb47ae0748e2ad2ba19eb942ff1cc3caec896e659e41e0
556,555,RESEARCH_NO_PICK,TRIO_STAGE_STOP,12,0,20,0,25,0,0,0,0,220,0,0,0,0,0,0,False,c1c7a53bcf13105f0c7a51883b917a0b44c5670e5663b09057894e055f94c88d
557,556,RESEARCH_NO_PICK,TRIO_STAGE_STOP,12,0,18,0,27,0,0,0,0,220,0,0,0,0,0,0,False,4cb276355e537ddd6b4d743b4d9f2a63eee59ccb4eac6b614dd8425335f65d07
558,557,RESEARCH_NO_PICK,CORE_STAGE_STOP,12,0,22,4,19,0,49,0,49,171,437,0,0,0,437,0,False,a0fb9e9a564341c74d81dd8f932e60f491335ce2b9dc6a51d42e3e335cfee53a
559,558,RESEARCH_NO_PICK,TRIO_STAGE_STOP,12,2,21,4,18,0,0,0,0,220,0,0,0,0,0,0,False,5a0a54ffef18527bcb4a4541fb17724f7222ba8529df71550146e82860b722ec
560,559,RESEARCH_NO_PICK,CORE_STAGE_STOP,12,0,21,5,19,0,62,0,62,158,621,0,0,0,621,0,False,9eb86f1fa695f67e8c412886bf1637eca123e86534468c4d0bf37085019e05e4
561,560,RESEARCH_NO_PICK,CORE_STAGE_STOP,12,0,23,2,20,0,54,0,54,166,591,0,0,0,591,0,False,2be1003f8c4dc9fa43d7771551b11e9f0769176b112846ba8288ee61fb32ed38
562,561,RESEARCH_NO_PICK,TRIO_STAGE_STOP,12,1,19,4,21,0,0,0,0,220,0,0,0,0,0,0,False,f61f792253e8cbef08f5485ec86f01937aead07483ce8f11451325bfce93a7b4
563,562,RESEARCH_NO_PICK,TRIO_STAGE_STOP,12,0,21,0,24,0,0,0,0,220,0,0,0,0,0,0,False,c3325a08c5a295a50a6869be585ac64b38a8e2e520ee1ffdd5db40ced67a81d6
564,563,RESEARCH_NO_PICK,CORE_STAGE_STOP,12,0,22,4,19,0,45,0,45,175,206,0,0,0,206,0,False,a518cddfae82019e9534646d7ffa6fe0bdf28ae2af8d523c342c21627229365b
565,564,RESEARCH_NO_PICK,TRIO_STAGE_STOP,8,0,28,1,16,0,0,0,0,56,0,0,0,0,0,0,False,b6870bfe902892144f42cd82cc652e4c91b302ac006a79eef815ff941a1425c9
566,565,RESEARCH_NO_PICK,CORE_STAGE_STOP,12,0,21,3,21,0,60,0,60,160,613,0,0,0,613,0,False,ad2d25fcff6f58a4c9628b2a31f49eb3dd96b28c094a68e9dc3f5c135f5bc592
567,566,RESEARCH_NO_PICK,TRIO_STAGE_STOP,12,0,20,1,24,0,0,0,0,204,0,0,0,0,0,0,False,e474b079fe87a163e2af0248fbffb5733965a8baf4a788244431c4e45faedeb7
568,567,RESEARCH_NO_PICK,CORE_STAGE_STOP,12,0,21,7,17,0,86,0,86,134,1263,0,0,0,1263,0,False,6f0e2b7fbae85a633d13c062be0f234506f9f9606b7fd8483145417f05a6546f
569,568,RESEARCH_NO_PICK,CORE_STAGE_STOP,12,0,23,4,18,0,46,0,46,174,287,0,0,0,287,0,False,b947da1b54a2230310b93fa6ea21360a12ff03cbfdea16da386ec26b8d531fbc
570,569,RESEARCH_NO_PICK,CORE_STAGE_STOP,12,0,24,5,16,0,37,0,37,183,217,0,0,0,217,0,False,b6cd6db266357f188012721d2e67316d93e76928c00523c42f371b247ec07356
571,570,RESEARCH_NO_PICK,TRIO_STAGE_STOP,12,0,25,0,20,0,0,0,0,220,0,0,0,0,0,0,False,e10eb523864f1aaafc5623da51b35f0c4c04faf061d911fde90a99eaf9effce2
572,571,RESEARCH_NO_PICK,TRIO_STAGE_STOP,12,2,21,4,18,0,0,0,0,220,0,0,0,0,0,0,False,a1e1ced8d8dd8b34486b574e8dcfc83ffb81cee7d5dd8388c3c4c73ed1096e59
573,572,RESEARCH_NO_PICK,CORE_STAGE_STOP,12,0,24,4,17,0,41,0,41,179,319,0,0,0,319,0,False,ebf552d35dbc9be66c23f316b6cdd87eb5bdb735e23979fbd48a4502ffa9726d
574,573,RESEARCH_NO_PICK,TRIO_STAGE_STOP,12,0,19,0,26,0,0,0,0,220,0,0,0,0,0,0,False,bed830b40215e70a27116469ce121c810543a9957270707f2e70bf86823e4816
575,574,RESEARCH_NO_PICK,PAIR_STAGE_STOP,12,0,17,6,22,0,2,0,2,218,0,0,0,0,0,0,False,ba28533a870eefd0f6786752472a7d95fffa076d3353e572e1ff045119f3bd87
576,575,RESEARCH_NO_PICK,CORE_STAGE_STOP,12,0,20,2,23,0,52,0,52,168,509,0,0,0,509,0,False,d4269a2c0ae9dd7228125ff9473e0d38ed36b207a3835992ce0a1d9e40bd43e9
577,576,RESEARCH_NO_PICK,TRIO_STAGE_STOP,12,0,25,0,20,0,0,0,0,90,0,0,0,0,0,0,False,3d20e69e218b34ce5b1a22d9cb1bb4dfd3f1091209198ef683212a118234292b
578,577,RESEARCH_NO_PICK,TRIO_STAGE_STOP,12,0,21,1,23,0,0,0,0,210,0,0,0,0,0,0,False,83362c6e878718471ead1bbfef6105b8482a9d5adecfae64aecfb3fffa0dc8da
579,578,RESEARCH_NO_PICK,TRIO_STAGE_STOP,12,0,20,0,25,0,0,0,0,220,0,0,0,0,0,0,False,f2ee92bd6af97fb1493c6fefec17e869b54e48ab63f724de36ecaf9911842aba
580,579,RESEARCH_NO_PICK,CORE_STAGE_STOP,12,0,22,2,21,0,76,0,76,144,1066,0,0,0,1066,0,False,d43ef24c54b2d5c1153a543538acf24c40a3ac4774b1c6598d6c5e5eb5a5c36f
581,580,RESEARCH_NO_PICK,TRIO_STAGE_STOP,9,0,22,0,23,0,0,0,0,84,0,0,0,0,0,0,False,35a422e9667f9f124a359377a12521d7f6a1e2ca5e1c0cf306779bc6d77953ee
582,581,RESEARCH_NO_PICK,CORE_STAGE_STOP,12,0,27,5,13,0,62,0,62,158,642,0,0,0,642,0,False,2561fc8de3d1a0868369960e7bd5264343008688af6dd93cdd491b10710f8cd7
583,582,RESEARCH_NO_PICK,TRIO_STAGE_STOP,8,0,21,0,24,0,0,0,0,56,0,0,0,0,0,0,False,ad2e3194eaee761ffbc253621d212d31235f83d68c704047160d985bb581674d
584,583,RESEARCH_NO_PICK,TRIO_STAGE_STOP,12,2,23,3,17,0,0,0,0,220,0,0,0,0,0,0,False,409e92dedbf843cadd617533ce053f9405d19d73e6d7a2e26e90c0dddcadc8eb
585,584,RESEARCH_NO_PICK,CORE_STAGE_STOP,12,0,22,8,15,0,23,0,23,197,56,0,0,0,56,0,False,7b90795ae0249999f2e2abf6363f7b2727c46d79c3983c559a7f37dc12976fc3
586,585,RESEARCH_NO_PICK,PAIR_STAGE_STOP,8,0,21,3,21,0,12,0,12,44,0,0,0,0,0,0,False,05f5899bb2f9cb4d7aa3230fc077c7e4f25339e412f8e7fe51365266455fe155
587,586,RESEARCH_NO_PICK,TRIO_STAGE_STOP,12,3,22,4,16,0,0,0,0,220,0,0,0,0,0,0,False,90e1b2ab63f79ee7891f3e16716300909e9e874bdeee8085681212e0fc54f69d
588,587,RESEARCH_NO_PICK,TRIO_STAGE_STOP,12,0,19,1,25,0,0,0,0,220,0,0,0,0,0,0,False,0064a6f213cc5033a3ad893a3854ebb3ff86c2f594e585b298f133cd8f9cc696
589,588,RESEARCH_NO_PICK,TRIO_STAGE_STOP,12,2,19,5,19,0,0,0,0,220,0,0,0,0,0,0,False,ce638743e0d7d814a5c53f6947eb62c7e84184ffcb69687efedea09aef758295
590,589,RESEARCH_NO_PICK,TRIO_STAGE_STOP,12,0,27,0,18,0,0,0,0,220,0,0,0,0,0,0,False,23cf4261e832d6a224bb9c38351287a89d16660ebce53ba5695939db2b195ffc
591,590,RESEARCH_NO_PICK,CORE_STAGE_STOP,12,0,24,3,18,0,15,0,15,205,4,0,0,0,4,0,False,8025ab2309e0c1a7ae8445284e4b123a8feb846f6544fcbf8f21648a01b8a951
592,591,RESEARCH_NO_PICK,CORE_STAGE_STOP,12,0,22,6,17,0,26,0,26,194,108,0,0,0,108,0,False,315deb499c12ec6af744b77b9e86c49b07d60ea346e0f23cccc4ac5e65fd32ff
593,592,RESEARCH_NO_PICK,CORE_STAGE_STOP,12,0,22,4,19,0,13,0,13,207,15,0,0,0,15,0,False,25f2d2f4d85b61d672104882a9a17736d9c22a84f737d9b0d1f1af09a885f997
594,593,RESEARCH_NO_PICK,CORE_STAGE_STOP,12,0,22,6,17,0,50,0,50,170,418,0,0,0,418,0,False,b3e537f224148bba9a1741380df090317fb7a0386c899217a7827381906ccfe9
595,594,RESEARCH_NO_PICK,CORE_STAGE_STOP,12,0,26,4,15,0,39,0,39,181,194,0,0,0,194,0,False,7c170395e7abe3e40b01de7d944083643ea1827ca4d0cded49bcb2c0b330e99a
596,595,RESEARCH_NO_PICK,TRIO_STAGE_STOP,12,0,22,0,23,0,0,0,0,171,0,0,0,0,0,0,False,5b7cef7ccb83b864aafb34e36f6076fab0e9960afde7ff0fa492217a3db64b59
597,596,RESEARCH_NO_PICK,CORE_STAGE_STOP,12,0,27,4,14,0,60,0,60,160,619,0,0,0,619,0,False,7bb24dca3ad8970995885daf593a8edbba6c7b158e2c5e7372cc675cc7c3f9c8
598,597,RESEARCH_NO_PICK,CORE_STAGE_STOP,12,0,24,4,17,0,16,0,16,204,23,0,0,0,23,0,False,14b28136c988db99ce3e47212bf0cc37511752b03fa3bc242ebe638292ca050b
599,598,RESEARCH_NO_PICK,CORE_STAGE_STOP,12,0,27,3,15,0,69,0,69,151,816,0,0,0,816,0,False,fc822d4cf210be765701f6a9624748a20e69c585ea7304ee4612b5e1fcf94c13
600,599,RESEARCH_NO_PICK,TRIO_STAGE_STOP,8,0,22,2,21,0,0,0,0,56,0,0,0,0,0,0,False,29dc906db8eec1528a7948fa8dd23426f1f8a2b0e2e456e82fa8af7d0b5cf884
601,600,RESEARCH_NO_PICK,TRIO_STAGE_STOP,12,2,28,3,12,0,0,0,0,220,0,0,0,0,0,0,False,ac6583f652e9d07df53096e768cfe76ed14c3c79a054596359d1e41ffeb5ef30
602,601,RESEARCH_NO_PICK,TRIO_STAGE_STOP,9,0,24,1,20,0,0,0,0,84,0,0,0,0,0,0,False,7cfe1cfa9374dc7e30c85c0c122813e0cdcd4e7338d029a0c8791bb60b7e0d33
603,602,RESEARCH_NO_PICK,CORE_STAGE_STOP,12,0,25,6,14,0,87,0,87,133,1408,0,0,0,1408,0,False,73da751e0c426f4870ee19f95c2210d30a5c99fa26f1e00d52d3c26561c7f7dc
604,603,RESEARCH_NO_PICK,TRIO_STAGE_STOP,6,0,21,2,22,0,0,0,0,20,0,0,0,0,0,0,False,3e52e8cef1cf3132b9953741f6975341b20a765bf57a9c06f5fb9d0250788112
605,604,RESEARCH_NO_PICK,TRIO_STAGE_STOP,12,4,23,3,15,0,0,0,0,220,0,0,0,0,0,0,False,5a49b1a255b7f16aa60eea267f8f88e88a6acc87f5cf23ff2bc94b22128147aa
606,605,RESEARCH_NO_PICK,TRIO_STAGE_STOP,6,0,22,0,22,1,0,0,0,20,0,0,0,0,0,0,False,e293f7db11d0c3b9438428709f36ab52ca2e14c7442003caaa8b311a41758f3d
607,606,RESEARCH_NO_PICK,CORE_STAGE_STOP,12,0,25,4,16,0,60,0,60,160,663,0,0,0,663,0,False,6bf393b5a20d0959f69e3bcbff6437f33ffded3c6606bb6f859350cbdc9b5337
608,607,RESEARCH_NO_PICK,CORE_STAGE_STOP,12,0,22,4,19,0,65,0,65,155,809,0,0,0,809,0,False,f7a8c89cef711a3add31363f5adf88130f67c5313abcfdd541177fe716fbd70b
609,608,RESEARCH_NO_PICK,TRIO_STAGE_STOP,12,0,24,0,21,0,0,0,0,219,0,0,0,0,0,0,False,f24d6a4f2ecd88c29a1dcf30d96a6d63fa37285079eeca886df1520e739806b1
610,609,RESEARCH_NO_PICK,TRIO_STAGE_STOP,12,2,26,3,14,0,0,0,0,220,0,0,0,0,0,0,False,d864ad4112d8e4ff0cfa1461e1d919e5c1bd31d0aa13a19ba99e0f6a62773254
611,610,RESEARCH_NO_PICK,TRIO_STAGE_STOP,12,0,17,1,27,0,0,0,0,126,0,0,0,0,0,0,False,3bd931facaef3fd27ff6974e623f0e27c831af24583aebe2e26199753ea0cdb2
612,611,RESEARCH_NO_PICK,CORE_STAGE_STOP,12,0,24,5,16,0,90,0,90,130,1594,0,0,0,1594,0,False,a9168e2054de62840a05f189df9d677a3fb5c9eae1d2f96708960f8e078e4d8e
613,612,RESEARCH_NO_PICK,TRIO_STAGE_STOP,12,0,27,1,17,0,0,0,0,220,0,0,0,0,0,0,False,04715bd108a08064e294c78fc4c81597b90897b8c31671710fb48ed5a272200e
614,613,RESEARCH_NO_PICK,CORE_STAGE_STOP,12,0,25,5,15,0,52,0,52,168,529,0,0,0,529,0,False,ae469f65b60a5087fe79e4354e932956e42eb69de53a6dc66c28d001988812ad
615,614,RESEARCH_NO_PICK,TRIO_STAGE_STOP,12,1,22,2,20,0,0,0,0,220,0,0,0,0,0,0,False,15302df76bf184b2274b99180c088238f1d71d619042fc8d3326a28ecdcb7616
616,615,RESEARCH_NO_PICK,TRIO_STAGE_STOP,12,0,26,2,17,0,0,0,0,220,0,0,0,0,0,0,False,e33070ba64a2cacb431b77dae99ac0015204e1d50f3427c6e97d3e5adaebdd0c
617,616,RESEARCH_NO_PICK,TRIO_STAGE_STOP,12,0,26,0,19,0,0,0,0,220,0,0,0,0,0,0,False,0b621143e29dde866faa8e25e47e0e68f118dcacf188005f0df9ab3c4b3598af
618,617,RESEARCH_NO_PICK,TRIO_STAGE_STOP,12,0,23,2,20,0,0,0,0,220,0,0,0,0,0,0,False,8ed211ad38667a8ec6444c27038aacee45827f7c73eb9b1f61780110ab0a5a01
619,618,RESEARCH_NO_PICK,TRIO_STAGE_STOP,12,2,25,2,16,0,0,0,0,220,0,0,0,0,0,0,False,d28628e29461475bcaf310507bcbe62d61fe4e8fa962e53f8723738f1b2a5a37
620,619,RESEARCH_NO_PICK,TRIO_STAGE_STOP,12,2,30,2,11,0,0,0,0,220,0,0,0,0,0,0,False,344143d01319802e2346e2bcbfa24baaca0d741de528877e80e26323f93d9ac7
621,620,RESEARCH_NO_PICK,CORE_STAGE_STOP,12,0,25,6,14,0,74,0,74,146,1046,0,0,0,1046,0,False,16a601c17dec015e3a7ed3c9e5f9c3775d6860adbad5229838b5502b745b61e9
622,621,RESEARCH_NO_PICK,TRIO_STAGE_STOP,12,0,18,2,25,0,0,0,0,60,0,0,0,0,0,0,False,9f51fa604feb7fcd1b4de12aac5439c13db1ffcaa20be638c1ca9e4e4129229a
623,622,RESEARCH_NO_PICK,CORE_STAGE_STOP,12,0,23,3,19,0,63,0,63,157,740,0,0,0,740,0,False,080240d6c3b8d2ce927620d4558680d6ef88e092a96a6653bd3cdff9f6586765
624,623,RESEARCH_NO_PICK,CORE_STAGE_STOP,12,0,24,6,15,0,52,0,52,168,424,0,0,0,424,0,False,72c1e36a11dd432f01ddc30ecf05d6687d35cf265c60a3a753a7497588f4103e
625,624,RESEARCH_NO_PICK,CORE_STAGE_STOP,12,0,26,3,16,0,67,0,67,153,753,0,0,0,753,0,False,3fce4cfa778d2fa0ec0cd08164b6929c0b36d57a9be54c93b5c3616a9a4ac7f3
626,625,RESEARCH_NO_PICK,CORE_STAGE_STOP,12,0,24,6,15,0,68,0,68,152,919,0,0,0,919,0,False,a27c1dd9d539f439cc10f1d32381251db860716ab8fed8e7c84ff409cc98da99
627,626,RESEARCH_NO_PICK,TRIO_STAGE_STOP,7,0,20,1,24,0,0,0,0,35,0,0,0,0,0,0,False,84a2d52b410126b9e9eebc07225cd49928d34ed9c29054e0b200fb257f064da8
628,627,RESEARCH_NO_PICK,TRIO_STAGE_STOP,12,0,25,1,19,0,0,0,0,220,0,0,0,0,0,0,False,fcc465cb4fb367d128e69a5cba1b93145ca9fb09f46b6fe35eb7cee541065f1a
629,628,RESEARCH_NO_PICK,CORE_STAGE_STOP,12,0,21,9,15,0,68,0,68,152,823,0,0,0,823,0,False,d57ba11c9ac32df6692c7a72c6604affd14198b7aaebb483457022192a87875e
630,629,RESEARCH_NO_PICK,CORE_STAGE_STOP,12,0,25,4,16,0,60,0,60,160,633,0,0,0,633,0,False,0d5bf6871337529be08a3a5664a1b8fe0eecc8555f3766575bbc3345adf237d2
631,630,RESEARCH_NO_PICK,TRIO_STAGE_STOP,12,3,23,4,15,0,0,0,0,220,0,0,0,0,0,0,False,2add951d57039d44b2e0fec790589e46cdd7778832548e74303f04cd7e677745
632,631,RESEARCH_NO_PICK,TRIO_STAGE_STOP,12,0,25,0,20,0,0,0,0,27,0,0,0,0,0,0,False,7fd296b51379f868f518fae1833bc37f55637c760366c2c9fadf08d5b0020663
633,632,RESEARCH_NO_PICK,CORE_STAGE_STOP,12,0,28,4,13,0,83,0,83,137,1285,0,0,0,1285,0,False,791b18f1270c9488eac853489d10ee044bb92557be08e0bb38b8c353c93735eb
634,633,RESEARCH_NO_PICK,TRIO_STAGE_STOP,10,0,26,0,19,0,0,0,0,120,0,0,0,0,0,0,False,b7202c910150c8a323198fdb312fb289820ccb5795af7864e815955fc15bfced
635,634,RESEARCH_NO_PICK,TRIO_STAGE_STOP,12,0,27,0,18,0,0,0,0,220,0,0,0,0,0,0,False,87e08ac9be2b7496f1fbf93632b1cdba98179e12ac4d005ad06538821a4d7585
636,635,RESEARCH_NO_PICK,TRIO_STAGE_STOP,12,0,24,0,21,0,0,0,0,220,0,0,0,0,0,0,False,4cb797082efbfabff13ace9c60844b23022e6b96b2ebd6b79b44120826d558da
637,636,RESEARCH_NO_PICK,TRIO_STAGE_STOP,12,0,25,1,19,0,0,0,0,208,0,0,0,0,0,0,False,1bd75078af65144b1dbe04e7b5e599880106e8be7be1056564143382664526b0
638,637,RESEARCH_NO_PICK,NUMBER_STAGE_STOP,0,0,1,26,18,0,0,0,0,0,0,0,0,0,0,0,False,cfa402b5d46a31d27fe3fd83e1c1c9cd4b34c783046dd825868d8696decfc9f2
639,638,RESEARCH_NO_PICK,CORE_STAGE_STOP,12,0,27,5,13,0,67,0,67,153,731,0,0,0,731,0,False,a229bec59c5be16fd1a608e6c3e885cfb9835acd2d01a14f9a926eeb5b368441
640,639,RESEARCH_NO_PICK,CORE_STAGE_STOP,12,0,18,3,24,0,69,0,69,151,832,0,0,0,832,0,False,4b061ed4073b3c23717e3793f37b86ca7c5e11c362c6d2d3d9a55bdeac0b2e6a
641,640,RESEARCH_NO_PICK,TRIO_STAGE_STOP,7,0,28,0,17,0,0,0,0,35,0,0,0,0,0,0,False,aa64dd305e9a84acfc5dff5bf515997e1cfce7f8b902cab7a79f1844b18049a3
642,641,RESEARCH_NO_PICK,CORE_STAGE_STOP,12,0,27,4,14,0,66,0,66,154,763,0,0,0,763,0,False,3f4cb4e9e6950e228bf8809c15171f4704416d4aa715f309f78af382e76e7c54
643,642,RESEARCH_NO_PICK,CORE_STAGE_STOP,12,0,25,7,13,0,64,0,64,156,806,0,0,0,806,0,False,92c2dde9ff60a8ee37bafa8dad67cb753cbb1fbdd10260a4395487164774533e
644,643,RESEARCH_NO_PICK,TRIO_STAGE_STOP,7,0,26,1,18,0,0,0,0,35,0,0,0,0,0,0,False,2be6ee7e6d5b354b0261055ac3943be2f23e2cd96c2df0f3d17f08ed7e066bd8
645,644,RESEARCH_NO_PICK,TRIO_STAGE_STOP,12,3,26,2,14,0,0,0,0,220,0,0,0,0,0,0,False,c88a5bb9e2cca35b1e4875d9ed0d42d6566a135e09381364b7688d3571b4f92c
646,645,RESEARCH_NO_PICK,TRIO_STAGE_STOP,12,0,25,0,20,0,0,0,0,220,0,0,0,0,0,0,False,7b7b152dc28041ad155522f114f4da49a41cee5eb06ff4e3573caa2c637684e6
647,646,RESEARCH_NO_PICK,TRIO_STAGE_STOP,12,0,27,0,18,0,0,0,0,220,0,0,0,0,0,0,False,012b6a98cd18d9b55b15024333bddc183cdb35f785f1c68e81dd84c0ca55bc22
648,647,RESEARCH_NO_PICK,TRIO_STAGE_STOP,10,0,23,0,22,0,0,0,0,120,0,0,0,0,0,0,False,e42d63cadf6d247a28f0209ae2b527376449cd77454cdd07d150d73563642756
649,648,RESEARCH_NO_PICK,CORE_STAGE_STOP,12,0,20,5,20,0,52,0,52,168,458,0,0,0,458,0,False,adfd06ad5d59f8236f4a854f3a5fd4d73a0fc783af70bd8199b5466722ee734b
650,649,RESEARCH_NO_PICK,TRIO_STAGE_STOP,12,0,26,0,19,0,0,0,0,220,0,0,0,0,0,0,False,f6e48d43fe7238acce6c98c8dcff36f1a92e1fd21d146ee36d79f52e6f099b48
651,650,RESEARCH_NO_PICK,TRIO_STAGE_STOP,12,1,24,6,14,0,0,0,0,220,0,0,0,0,0,0,False,b42624437cec35d0e622cf03f75db4ff430bc4e0e5c988b7f7c5ea8f597d7911
652,651,RESEARCH_NO_PICK,TRIO_STAGE_STOP,6,0,25,0,20,0,0,0,0,20,0,0,0,0,0,0,False,ad92d36ea94a650a634c2c09ff3598c9a95e6d9de70c79de81deb9ee3e7bc1a9
653,652,RESEARCH_NO_PICK,CORE_STAGE_STOP,12,0,22,7,16,0,41,0,41,179,230,0,0,0,230,0,False,a26b8ca3310b72c0deac0bf03cbf8d61b9f061207fe60648ca2960b5ac980933
654,653,RESEARCH_NO_PICK,TRIO_STAGE_STOP,8,0,26,0,19,0,0,0,0,56,0,0,0,0,0,0,False,f221dadc2a9b58eb6840538bd32c110e94adcff03ab0203dd51c22a3c13011ea
655,654,RESEARCH_NO_PICK,NUMBER_STAGE_STOP,0,0,1,0,44,0,0,0,0,0,0,0,0,0,0,0,False,77eae484326998d4299ee84c67a8271d120215d47b70c7d0803605fe34545588
656,655,RESEARCH_NO_PICK,TRIO_STAGE_STOP,12,0,17,0,28,0,0,0,0,62,0,0,0,0,0,0,False,0e2046cc605ad383e7153fb37c01b1c3b3a66b453af22c7b39238de1b390baf0
657,656,RESEARCH_NO_PICK,TRIO_STAGE_STOP,12,0,17,1,27,0,0,0,0,220,0,0,0,0,0,0,False,0b3ccf7e92114c83cde015c31a599a2066cadbee394ef987cb47e33aae7ebf45
658,657,RESEARCH_NO_PICK,TRIO_STAGE_STOP,12,0,27,2,16,0,0,0,0,220,0,0,0,0,0,0,False,aef6b6338857be3b7424f4a185665eebaa33541734ba1cb21beb976e03133438
659,658,RESEARCH_NO_PICK,CORE_STAGE_STOP,12,0,24,3,18,0,45,0,45,175,303,0,0,0,303,0,False,823c72b21830b353831852f14a1422e5464be7c53663814e58909a5d21fcce90
660,659,RESEARCH_NO_PICK,CORE_STAGE_STOP,12,0,22,2,21,0,46,0,46,174,318,0,0,0,318,0,False,f15db197e325504a7877603165ece032b39820b480b595beb6fa2018eac7a91c
661,660,RESEARCH_NO_PICK,TRIO_STAGE_STOP,12,0,29,0,16,0,0,0,0,220,0,0,0,0,0,0,False,c64b84d8c1ce19164efea80751e963ea7095a6a22cfe517c36fe66edcc7c0846
662,661,RESEARCH_NO_PICK,CORE_STAGE_STOP,12,0,34,2,9,0,63,0,63,157,726,0,0,0,726,0,False,6c679a404004283416b4c1df3053beeaa109856aaa24d8eafb7a72973af929b0
663,662,RESEARCH_NO_PICK,CORE_STAGE_STOP,12,0,24,6,15,0,59,0,59,161,636,0,0,0,636,0,False,38c98c5cba1641189ee4176a833d1b3f2024dc3de1e434711ad5a345dab2b824
664,663,RESEARCH_NO_PICK,TRIO_STAGE_STOP,12,0,27,1,17,0,0,0,0,220,0,0,0,0,0,0,False,ac71787d50db8b14ce653ed8bc110b468eece5154169a2167593331aa96f6eec
665,664,RESEARCH_NO_PICK,TRIO_STAGE_STOP,12,1,25,6,13,0,0,0,0,220,0,0,0,0,0,0,False,bc2119fc740bff54e6761ca473cde839172f99706255f738542f15ebd7ed576d
666,665,RESEARCH_NO_PICK,TRIO_STAGE_STOP,11,0,27,1,17,0,0,0,0,165,0,0,0,0,0,0,False,18aaf579a1191e56e610fcd17ac37f33cae89b2a2f3dc8f20a7383ea4e8a073e
667,666,RESEARCH_NO_PICK,TRIO_STAGE_STOP,8,0,22,0,23,0,0,0,0,56,0,0,0,0,0,0,False,123f077ad58617ce3c21ecd2129354839b2e6addc6e586bbd1153678c32e6a58
668,667,RESEARCH_NO_PICK,TRIO_STAGE_STOP,12,0,22,0,23,0,0,0,0,219,0,0,0,0,0,0,False,dbedd4a61e1402537f36091c99dede11e61b2225ad23334dc94753b2c32b8e88
669,668,RESEARCH_NO_PICK,CORE_STAGE_STOP,12,0,22,5,18,0,60,0,60,160,639,0,0,0,639,0,False,d837b3f7a11b08aaa5bbc56aa63e253eb962ff78d8249551e7689ea9a6a4af7f
670,669,RESEARCH_NO_PICK,TRIO_STAGE_STOP,7,0,24,0,21,0,0,0,0,35,0,0,0,0,0,0,False,7ae59c33a9cb7e83172a1fa5a49c54be8cff5a81578952521ecb647fe4303bdb
671,670,RESEARCH_NO_PICK,TRIO_STAGE_STOP,12,0,27,0,18,0,0,0,0,220,0,0,0,0,0,0,False,bd35cceb0a4eb34d2ebead013c3fa0105ac78806cc9cee25874c53f1a5020354
672,671,RESEARCH_NO_PICK,TRIO_STAGE_STOP,12,0,25,1,19,0,0,0,0,220,0,0,0,0,0,0,False,c07acc2311d916947f9fdcc55ba2688b1d9f67f44adbbd8415ef547764983560
673,672,RESEARCH_NO_PICK,PAIR_STAGE_STOP,12,0,24,2,19,0,5,0,5,215,0,0,0,0,0,0,False,facff3ce01b13c5be05b0a5121036b028aaf2c6e128d43b65da834e9ec0080e7
674,673,RESEARCH_NO_PICK,TRIO_STAGE_STOP,12,5,18,4,18,0,0,0,0,220,0,0,0,0,0,0,False,af531455d1a4adeaaedd430fa9ec71d3579f0ff8ba404e9474d4e27f06642f9c
675,674,RESEARCH_NO_PICK,CORE_STAGE_STOP,12,0,28,3,14,0,53,0,53,167,501,0,0,0,501,0,False,37a55ede6e7ca85dfa7dc003e32a80b8db46dbebfdc80282fdf0ed406a804211
676,675,RESEARCH_NO_PICK,TRIO_STAGE_STOP,12,0,23,0,22,0,0,0,0,148,0,0,0,0,0,0,False,118e1a8a0bb19679019b4a061458dd428624a586f9f7bb35c4acca53c47183b4
677,676,RESEARCH_NO_PICK,CORE_STAGE_STOP,12,0,24,5,16,0,64,0,64,156,778,0,0,0,778,0,False,a884a1f528f3f481d23fc97340c4df3ece92bc8195a1109ffba00cee3b29f487
678,677,RESEARCH_NO_PICK,TRIO_STAGE_STOP,10,0,26,0,19,0,0,0,0,120,0,0,0,0,0,0,False,442f0746e65342812885f682ccea0d76c1efd3eb648cdeaa8f550d16d625a9da
679,678,RESEARCH_NO_PICK,TRIO_STAGE_STOP,12,0,22,1,22,0,0,0,0,220,0,0,0,0,0,0,False,845875f0a027ac03e9b7abaf41ab36edad602971ddbd9c01564f5a756409dba1
680,679,RESEARCH_NO_PICK,CORE_STAGE_STOP,12,0,27,3,15,0,51,0,51,169,433,0,0,0,433,0,False,efeeaea03bc7957e0c1ff6b26671bcd08033489af530c4412c46612689f760be
681,680,RESEARCH_NO_PICK,TRIO_STAGE_STOP,10,0,23,0,22,0,0,0,0,120,0,0,0,0,0,0,False,6db6383559e237d96fd49f54f507005274c5c8817e6a4f8823f432366f79c8b5
682,681,RESEARCH_NO_PICK,TRIO_STAGE_STOP,12,0,20,0,25,0,0,0,0,206,0,0,0,0,0,0,False,dacce725c32182fa17c4ed3898dfa3b2a40ac224736e70ed7119ef2a9d786439
683,682,RESEARCH_NO_PICK,NUMBER_STAGE_STOP,0,0,1,23,21,0,0,0,0,0,0,0,0,0,0,0,False,97f65e7165d21c5947d6eb223b58aa61ca165e812a2ae10938ac694088dbc0de
684,683,RESEARCH_NO_PICK,CORE_STAGE_STOP,12,0,30,3,12,0,75,0,75,145,987,0,0,0,987,0,False,364e5f6004b152256727364217f940e01348dc212c422036e87edcfc51c1bfc9
685,684,RESEARCH_NO_PICK,TRIO_STAGE_STOP,12,0,28,6,11,0,0,0,0,220,0,0,0,0,0,0,False,b13e384ee74cd83ae290e2184a09074247f5e510bcdf657b7adbdfbab7d901c0
686,685,RESEARCH_NO_PICK,TRIO_STAGE_STOP,9,0,27,0,18,0,0,0,0,84,0,0,0,0,0,0,False,e42fb493b6ef40156ba9f82cd5b4adf72dd8d109f46cf70db1b08cb99316c6ae
687,686,RESEARCH_NO_PICK,CORE_STAGE_STOP,12,0,25,4,16,0,59,0,59,161,655,0,0,0,655,0,False,4c58d9bd082c3dab2385d9a88418bdacfd090a578c95564f8e8bacc15b6dd190
688,687,RESEARCH_NO_PICK,CORE_STAGE_STOP,12,0,25,3,17,0,77,0,77,143,1094,0,0,0,1094,0,False,8575778dab27ea67cce82a751736f9b4b0e29121b90ef90a6de62c1006925caa
689,688,RESEARCH_NO_PICK,TRIO_STAGE_STOP,12,0,27,0,18,0,0,0,0,220,0,0,0,0,0,0,False,2da53f675ba81fa1a04ad8768c59b2183cd6fbdd1ac2da43c3d3042e52629679
690,689,RESEARCH_NO_PICK,CORE_STAGE_STOP,12,0,24,3,18,0,29,0,29,191,162,0,0,0,162,0,False,abcdd31058c0a6be27c7c3a0a2fb043a79e1faab3bc4b572698c190365e7102c
691,690,RESEARCH_NO_PICK,TRIO_STAGE_STOP,6,0,23,0,22,0,0,0,0,20,0,0,0,0,0,0,False,5c6ff3929975f771362b1dbec985b244c77e160307e352927118b9844cc855d9
692,691,RESEARCH_NO_PICK,TRIO_STAGE_STOP,12,0,23,0,22,0,0,0,0,220,0,0,0,0,0,0,False,0facaeb0f7c1e1715ee215b56a0cd5ad04039b8f8d75dc53c7e15a1491c25774
693,692,RESEARCH_NO_PICK,CORE_STAGE_STOP,12,0,22,4,19,0,80,0,80,140,1164,0,0,0,1164,0,False,000c7a6bfcaa969f974b59a432912df061432fd437915288a843794ab245d7d6
694,693,RESEARCH_NO_PICK,CORE_STAGE_STOP,12,0,28,4,13,0,60,0,60,160,688,0,0,0,688,0,False,28db4f3a9270817a7f3526b495c376d98ed265474d0854fe7fb1b578b3cb86ac
695,694,RESEARCH_NO_PICK,CORE_STAGE_STOP,12,0,26,5,14,0,41,0,41,179,305,0,0,0,305,0,False,944817de64e887a85ff6c67617858d987af2a83f34a2fdaee4d1f10c8695e398
696,695,RESEARCH_NO_PICK,TRIO_STAGE_STOP,12,0,31,0,14,0,0,0,0,220,0,0,0,0,0,0,False,d70557e8c66c28558d73e77674edb3dfa5ebaabeee712f59115e4a76d414d195
697,696,RESEARCH_NO_PICK,CORE_STAGE_STOP,12,0,29,7,9,0,57,0,57,163,575,0,0,0,575,0,False,b2f179a407ef4baf41545f08c2344b48cbda4276f4ed1594a9bd2f35982fa945
698,697,RESEARCH_NO_PICK,TRIO_STAGE_STOP,12,0,22,0,23,0,0,0,0,220,0,0,0,0,0,0,False,9ea9920e9bc28174013626e5112986d118d6a79c35a7e5a522424eb451bdd61c
699,698,RESEARCH_NO_PICK,TRIO_STAGE_STOP,12,0,22,0,23,0,0,0,0,186,0,0,0,0,0,0,False,20d47fdd2cafddcc43c61b664f74a017c53483322788966cc67b1abc5d8d3ec5
700,699,RESEARCH_NO_PICK,TRIO_STAGE_STOP,6,0,21,1,23,0,0,0,0,20,0,0,0,0,0,0,False,381c85f4bf80deb99fec5acc005a0f5bac97d204e606a546cd5293fb8416d554
701,700,RESEARCH_NO_PICK,TRIO_STAGE_STOP,6,0,25,0,20,0,0,0,0,20,0,0,0,0,0,0,False,0dd7c37510b241c896690edf79470ea7c4f19fea3f4e36359786bdb477fe8807
702,701,RESEARCH_NO_PICK,TRIO_STAGE_STOP,12,0,27,0,18,0,0,0,0,220,0,0,0,0,0,0,False,0b7d60e9321602a2379be490991d263ea0e798bb7e4bcc7ed8676ccfc78aebb9
703,702,RESEARCH_NO_PICK,TRIO_STAGE_STOP,12,0,28,1,16,0,0,0,0,220,0,0,0,0,0,0,False,921e8ca27fae8cde9f1186e9740a3e534b371ef98c2f005974d83ed9fd08d9ea
704,703,RESEARCH_NO_PICK,TRIO_STAGE_STOP,12,0,18,1,26,0,0,0,0,220,0,0,0,0,0,0,False,dd29878c7b103ae7f6ab1ce8ea17acc46f88b4ec327addc3f3a0ce4ef7132b36
705,704,RESEARCH_NO_PICK,CORE_STAGE_STOP,12,0,21,5,19,0,100,0,100,120,1878,0,0,0,1878,0,False,922b8cb73180187f1d50dde71e1b0faa81bdeffad77160b3efe823dcb068a181
706,705,RESEARCH_NO_PICK,CORE_STAGE_STOP,12,0,20,4,21,0,81,0,81,139,1096,0,0,0,1096,0,False,73e91db725b2c81d11dfecef94d9d05b3d5d91caa675a1f165d7baa758e3c15a
707,706,RESEARCH_NO_PICK,TRIO_STAGE_STOP,12,0,24,0,21,0,0,0,0,220,0,0,0,0,0,0,False,3b095346b75f5b210187d3e2e301e3f0c1508599aa9b29e0d71e4c0686bde353
708,707,RESEARCH_NO_PICK,TRIO_STAGE_STOP,12,0,32,0,13,0,0,0,0,220,0,0,0,0,0,0,False,35daf7cc6f8dab600800f4fa305880bd501200ff77a9f6613ecca7af7b671584
709,708,RESEARCH_NO_PICK,CORE_STAGE_STOP,12,0,29,5,11,0,50,0,50,170,451,0,0,0,451,0,False,0b4bb5d5fe547346ebd9075d039d4b494557eced0ed03b2fe596be107348082d
710,709,RESEARCH_NO_PICK,TRIO_STAGE_STOP,9,0,20,0,25,0,0,0,0,84,0,0,0,0,0,0,False,8341aafe80aae71eefd08fb3b0191d66c3cf4f4b0e51e81904ed58894464ba00
711,710,RESEARCH_NO_PICK,TRIO_STAGE_STOP,12,0,23,0,22,0,0,0,0,220,0,0,0,0,0,0,False,09cef211e335fec2455d5709845bc66e09b2ea2ce402157ccbcb5c603e84eeea
712,711,RESEARCH_NO_PICK,CORE_STAGE_STOP,12,0,26,4,15,0,64,0,64,156,727,0,0,0,727,0,False,6bd292ead74be135ba3b8d5969d12a7ece3803268fd343b5a1335b3b633de44a
713,712,RESEARCH_NO_PICK,TRIO_STAGE_STOP,12,0,23,0,22,0,0,0,0,175,0,0,0,0,0,0,False,fedd3e11a7f430d77e356118fa7a4ccaf02babfb1ab7dbeefacf98e02c31b693
714,713,RESEARCH_NO_PICK,TRIO_STAGE_STOP,12,2,22,6,15,0,0,0,0,220,0,0,0,0,0,0,False,10952ab1f1a408b85dd2f1b338e223ed207f02f2d5e801e8f92d64c2ec7b07cb
715,714,RESEARCH_NO_PICK,CORE_STAGE_STOP,12,0,30,4,11,0,70,0,70,150,839,0,0,0,839,0,False,625ed92a2f533ca22452efd263721bc25b30b6cb50e421b7782409c64e65589a
716,715,RESEARCH_NO_PICK,CORE_STAGE_STOP,12,0,22,2,21,0,81,0,81,139,1259,0,0,0,1259,0,False,4c6fc83421c5664823f283cbcda7b42fbaec0ea8a8b1c708a197b63fb0ef4448
717,716,RESEARCH_NO_PICK,TRIO_STAGE_STOP,12,0,24,0,21,0,0,0,0,220,0,0,0,0,0,0,False,73b9ac7bbd42005af0d022d13c21a5c3724b96a5dec94472a4f2b2822a50834b
718,717,RESEARCH_NO_PICK,TRIO_STAGE_STOP,12,3,28,3,11,0,0,0,0,220,0,0,0,0,0,0,False,bc72ea4946fa26dffff90b7276cf5c8279ef2d8e894f00d48e6a6fbd46274116
719,718,RESEARCH_NO_PICK,TRIO_STAGE_STOP,12,2,26,3,14,0,0,0,0,220,0,0,0,0,0,0,False,c19a01d70622cae2d269812b1fdfd3fca322f9c7567ab6a8af492785a351af3d
720,719,RESEARCH_NO_PICK,CORE_STAGE_STOP,12,0,26,4,15,0,53,0,53,167,551,0,0,0,551,0,False,025141a3b48ea9ad1e90a27dbeaa368f83b86ae38e006c113b1f7cd80cdc3aa7
721,720,RESEARCH_NO_PICK,CORE_STAGE_STOP,12,0,25,1,19,0,66,0,66,154,837,0,0,0,837,0,False,56922c1d256f746e3c5ec6cb9eb9f87e04aa3cd19fdb23ab7c3d5e39a7462391
722,721,RESEARCH_NO_PICK,TRIO_STAGE_STOP,12,0,17,0,28,0,0,0,0,108,0,0,0,0,0,0,False,450d25ca1bd0f9bf0e42cd61d005c4489b3d25a92e836f7f0f1f79b90b6eb276
723,722,RESEARCH_NO_PICK,CORE_STAGE_STOP,12,0,23,2,20,0,44,0,44,176,301,0,0,0,301,0,False,6de45cdfea8c79d774ce3d64f8fe19c9a7937c465594355ad89eb8441b7cba4d
724,723,RESEARCH_NO_PICK,TRIO_STAGE_STOP,12,0,22,0,23,0,0,0,0,193,0,0,0,0,0,0,False,9f235c70093b14717e3e15314d7ada5bfe12df6b958d3db0540b13980f815407
725,724,RESEARCH_NO_PICK,TRIO_STAGE_STOP,12,2,22,4,17,0,0,0,0,220,0,0,0,0,0,0,False,90afce73b7c3d94e1df051bb5090b8739445520547af6c2de3f534b6d647c9b4
726,725,RESEARCH_NO_PICK,TRIO_STAGE_STOP,12,0,22,0,23,0,0,0,0,220,0,0,0,0,0,0,False,2bd1146e70161c8b991be4e2c69c0dc1d29e076bb3c7a9388900cd10434e6244
727,726,RESEARCH_NO_PICK,TRIO_STAGE_STOP,8,0,24,0,21,0,0,0,0,56,0,0,0,0,0,0,False,97bea86b9c23a238319cd2929c9981cfb446d2b63fe46d228fc723faa847a766
728,727,RESEARCH_NO_PICK,TRIO_STAGE_STOP,12,0,20,0,25,0,0,0,0,220,0,0,0,0,0,0,False,b143fceaa3f4f19be76cf15897ca1a386f2be4f1bc0fd7f99f21f1a5eb0768f9
729,728,RESEARCH_NO_PICK,TRIO_STAGE_STOP,6,0,21,0,24,0,0,0,0,20,0,0,0,0,0,0,False,b3d91cfad0f450a90485e5dbeee6a947a2ed6b0a3c1c8032477687b40cfaaba6
730,729,RESEARCH_NO_PICK,TRIO_STAGE_STOP,12,0,25,0,20,0,0,0,0,220,0,0,0,0,0,0,False,a0e8a07789816e83aa2153d46547c74d6267d96a977cd87d4b926ea20affb2aa
731,730,RESEARCH_NO_PICK,TRIO_STAGE_STOP,12,0,23,0,22,0,0,0,0,220,0,0,0,0,0,0,False,deda4a2f15834967242a78253940679cc7291f21407cdb1eb71a854cc7ae3024
732,731,RESEARCH_NO_PICK,CORE_STAGE_STOP,12,0,22,4,19,0,61,0,61,159,693,0,0,0,693,0,False,7331ca4aee68bcaac6327f86f92473b92b7dc11d8f93ba07094be72e8bbf74ca
733,732,RESEARCH_NO_PICK,CORE_STAGE_STOP,12,0,19,2,24,0,50,0,50,170,480,0,0,0,480,0,False,6edf86cadee1b16bc38d75c99cadef014718403964fd3d7a247333e410e09f23
734,733,RESEARCH_NO_PICK,TRIO_STAGE_STOP,8,0,22,0,23,0,0,0,0,56,0,0,0,0,0,0,False,342bdd8af2e3e762d12feb28d7b8dfc589fb4bd58b67a7e1d0c3d39a325f2225
735,734,RESEARCH_NO_PICK,TRIO_STAGE_STOP,12,0,27,0,18,0,0,0,0,220,0,0,0,0,0,0,False,75a550c204b2c70e2b4db36857536a6100de6a142fea32a0ab5d8ed6b10d20eb
736,735,RESEARCH_NO_PICK,CORE_STAGE_STOP,12,0,19,6,20,0,47,0,47,173,312,0,0,0,312,0,False,b6bbff7011cd231a3b77a8834cc92114ce9b431cbb99fd24fa1ec1185c199a8f
737,736,RESEARCH_NO_PICK,TRIO_STAGE_STOP,12,0,26,0,19,0,0,0,0,220,0,0,0,0,0,0,False,53e678d49e52003981589466bd708cba311b54ed75e4acfc70c5dca1f1f4a90a
738,737,RESEARCH_NO_PICK,TRIO_STAGE_STOP,12,0,27,0,18,0,0,0,0,96,0,0,0,0,0,0,False,9bf1b9dafc15c5fa00af164963c8e0ea4e65da949e3b4067e14dcd8bf701571b
739,738,RESEARCH_NO_PICK,TRIO_STAGE_STOP,12,0,25,1,19,0,0,0,0,119,0,0,0,0,0,0,False,2640c6d0d11d57804d20babcbb0a646f9ecb79e406707b0624d8dfd98850961b
740,739,RESEARCH_NO_PICK,TRIO_STAGE_STOP,12,0,17,1,27,0,0,0,0,86,0,0,0,0,0,0,False,ecbf086cf7bb01fd608f20ba0650e59c67065bec391b7642e7087ee4b4f16e63
741,740,RESEARCH_NO_PICK,TRIO_STAGE_STOP,12,0,21,0,24,0,0,0,0,189,0,0,0,0,0,0,False,ca141b787bb3bc8fe0b9a1ea5b3096089bdc804adf6eb3c50d4eb1f8456388f7
742,741,RESEARCH_NO_PICK,CORE_STAGE_STOP,12,0,21,4,20,0,49,0,49,171,361,0,0,0,361,0,False,501d1b6f8e732e78b8517dc02703f396dda85064f86ed5281c5226dc13de49b5
743,742,RESEARCH_NO_PICK,TRIO_STAGE_STOP,12,0,22,0,23,0,0,0,0,210,0,0,0,0,0,0,False,d17d012b21333058b1ed7e447707022f293ecb40c76b911e3b43ed13ba005985
744,743,RESEARCH_NO_PICK,CORE_STAGE_STOP,12,0,21,5,19,0,55,0,55,165,553,0,0,0,553,0,False,9131fd58a0ec1f471174e14dd27f17946cfcd4dbe65855067cc4e29505b61657
745,744,RESEARCH_NO_PICK,CORE_STAGE_STOP,12,0,20,5,20,0,50,0,50,170,478,0,0,0,478,0,False,2e5d8a1e3d3ded5cba173bf00b04da9150aeb4facf3802ec93b1bfc6fea76d7c
746,745,RESEARCH_NO_PICK,TRIO_STAGE_STOP,12,0,16,2,27,0,0,0,0,51,0,0,0,0,0,0,False,5e6ade5b224a422d1a1cd8b38fbd0d35754120cd2ac40df4ce21c91fe46d5ec0
747,746,RESEARCH_NO_PICK,TRIO_STAGE_STOP,12,0,24,0,21,0,0,0,0,220,0,0,0,0,0,0,False,2f15f832c4f41a8b3c6f236a390ee193d8d521bad265edb285057e9be3949a66
748,747,RESEARCH_NO_PICK,TRIO_STAGE_STOP,12,0,23,0,22,0,0,0,0,220,0,0,0,0,0,0,False,a0ac10aa103a2e965a4d3079a8227aff4c18ce58ee1b48641256f191d79532b8
749,748,RESEARCH_NO_PICK,NUMBER_STAGE_STOP,0,0,1,29,15,0,0,0,0,0,0,0,0,0,0,0,False,3393abb0887b21c411b3a76b44aacbf710e8d7e32619cf929ecbf6dabc35263d
750,749,RESEARCH_NO_PICK,TRIO_STAGE_STOP,12,0,25,0,20,0,0,0,0,220,0,0,0,0,0,0,False,3f27729d87d9e412b930af30d99e25611e4fb7ab6212769619337639e7b042bc
751,750,RESEARCH_NO_PICK,CORE_STAGE_STOP,12,0,22,4,19,0,47,0,47,173,386,0,0,0,386,0,False,8a55865ce29c69bd85ffb00ba2dac932196f4a2d9a7de0a7d229a3cb073caf9d
752,751,RESEARCH_NO_PICK,CORE_STAGE_STOP,12,0,23,2,20,0,67,0,67,153,808,0,0,0,808,0,False,2ea7661d111daa8d327fd9fe66a625e651a1b0607ed8fb63550472ebfdaf5bb9
753,752,RESEARCH_NO_PICK,TRIO_STAGE_STOP,12,2,20,6,16,1,0,0,0,220,0,0,0,0,0,0,False,8cfafb3b51082cf5ff484cc1d347e833815b73324b1be0bc687cd6cf00e75b67
754,753,RESEARCH_NO_PICK,CORE_STAGE_STOP,12,0,23,4,18,0,57,0,57,163,578,0,0,0,578,0,False,d2bc18be43a6e21d5c53ded2490a8858056f596afb77530efceb32bd25f138d2
755,754,RESEARCH_NO_PICK,NUMBER_STAGE_STOP,0,0,1,25,19,0,0,0,0,0,0,0,0,0,0,0,False,54e6e29fdec2e988b8ad8b075cee88d2886d0a52f9d2add2c0f725cb075dd256
756,755,RESEARCH_NO_PICK,TRIO_STAGE_STOP,9,0,27,0,18,0,0,0,0,84,0,0,0,0,0,0,False,a0428fa015cb6abb65a438750849e00821fdaac3fb1224ca87424e718cf134f3
757,756,RESEARCH_NO_PICK,TRIO_STAGE_STOP,12,0,23,1,21,0,0,0,0,220,0,0,0,0,0,0,False,d7fc067713150973806bc7d24b767516289da6351c92328d8b36187f9c73a7ef
758,757,RESEARCH_NO_PICK,CORE_STAGE_STOP,12,0,20,5,20,0,55,0,55,165,548,0,0,0,548,0,False,7ebd0bf6fa28322a60e1f52acea53372d4d017f1ad873b47aa558994f545a5e8
759,758,RESEARCH_NO_PICK,NUMBER_STAGE_STOP,0,0,4,30,11,0,0,0,0,0,0,0,0,0,0,0,False,6f9952485879dc5e22b311fc7fb1eea5bc4e0f3e28836087d690b1cbdf5e632f
760,759,RESEARCH_NO_PICK,TRIO_STAGE_STOP,6,0,17,0,27,1,0,0,0,20,0,0,0,0,0,0,False,7a5bf15345507357e0e434e217553394092fbc3aa52d478f2825b6cd8e00ff34
761,760,RESEARCH_NO_PICK,CORE_STAGE_STOP,12,0,22,5,18,0,52,0,52,168,513,0,0,0,513,0,False,b650d32b517dfa487d9a49fcbf04c546391747a75aae95711dd9543768502079
762,761,RESEARCH_NO_PICK,TRIO_STAGE_STOP,6,0,6,28,11,0,0,0,0,13,0,0,0,0,0,0,False,54dfc17f3850b274c025bcb0ebf7a0c143e064b8048dacf210bcd886c9fc4dc0
763,762,RESEARCH_NO_PICK,TRIO_STAGE_STOP,12,0,24,1,20,0,0,0,0,220,0,0,0,0,0,0,False,af17b37f4adc3bb26359eb68047fde3965210007a896d9e33e59d941301f8a3c
764,763,RESEARCH_NO_PICK,TRIO_STAGE_STOP,12,2,22,4,17,0,0,0,0,220,0,0,0,0,0,0,False,6077444064958bd6fb18ea95d01b945d7555e2eb6fe102831d536eca80e7c323
765,764,RESEARCH_NO_PICK,CORE_STAGE_STOP,12,0,27,2,16,0,59,0,59,161,584,0,0,0,584,0,False,55ef6aab717799a269165c5898f12464de79d870ea38fa8ce8b37d95ee442332
766,765,RESEARCH_NO_PICK,TRIO_STAGE_STOP,10,0,18,2,25,0,0,0,0,120,0,0,0,0,0,0,False,db8f646888a76f70c48adffd9c7e1e78434b93c03880fd08bb12c05fdb2a8ebe
767,766,RESEARCH_NO_PICK,CORE_STAGE_STOP,12,0,20,2,23,0,63,0,63,157,744,0,0,0,744,0,False,1995d60d933420c3a955b37ae980554a1c60ff731bac8b0b06ee04c16a0e8b53
768,767,RESEARCH_NO_PICK,NUMBER_STAGE_STOP,0,0,2,27,16,0,0,0,0,0,0,0,0,0,0,0,False,93b35c5414abe5c2704a4d1bc86aa8ee4d41c49c751ce761edc1f61c47b469b4
769,768,RESEARCH_NO_PICK,TRIO_STAGE_STOP,12,0,20,0,25,0,0,0,0,220,0,0,0,0,0,0,False,bb5d2ef8c78e0badcef26d636628a1227f345f3af975c8e46fbdc972077abef7
770,769,RESEARCH_NO_PICK,TRIO_STAGE_STOP,12,0,20,0,25,0,0,0,0,168,0,0,0,0,0,0,False,d5816b688a7f164eddf4ed35cfd6b2a358c5d9ede468efb429011dab47eb5a05
771,770,RESEARCH_NO_PICK,TRIO_STAGE_STOP,6,0,6,25,14,0,0,0,0,20,0,0,0,0,0,0,False,da7bf1d9b81c16b3d8cf4c9675db49b1793086f883c05e3f0e0623a88a2d475a
772,771,RESEARCH_NO_PICK,TRIO_STAGE_STOP,12,0,28,0,16,1,0,0,0,220,0,0,0,0,0,0,False,9d10ef7c5691cfbde490c6cfc939e3bf46cdc728ef6992e452d560ec64f35eae
773,772,RESEARCH_NO_PICK,CORE_STAGE_STOP,12,0,23,3,19,0,62,0,62,158,741,0,0,0,741,0,False,f192750ce68d6417db294fc452891c8f176989c9661201ae2102110b8504a68e
774,773,RESEARCH_NO_PICK,NUMBER_STAGE_STOP,0,0,2,24,19,0,0,0,0,0,0,0,0,0,0,0,False,8a238ede311295e02a55172d3f28a669845436b229bb38259f3eb09180eee662
775,774,RESEARCH_NO_PICK,TRIO_STAGE_STOP,12,4,14,4,22,1,0,0,0,220,0,0,0,0,0,0,False,3562c69f593afce05e1060e57e77bf8b9fe13d8c603bd35a62b42a12ea1b3215
776,775,RESEARCH_NO_PICK,TRIO_STAGE_STOP,12,0,17,1,27,0,0,0,0,207,0,0,0,0,0,0,False,c95c8556a47c3da016c546e415828c45fe2d51f22edf3cf568c1a754f537ff5e
777,776,RESEARCH_NO_PICK,TRIO_STAGE_STOP,9,0,22,0,23,0,0,0,0,56,0,0,0,0,0,0,False,e7ff405815ff30b91ed3b38e11b59e232f62327346630e613f05215d7ca41e54
778,777,RESEARCH_NO_PICK,CORE_STAGE_STOP,12,0,20,1,24,0,43,0,43,177,335,0,0,0,335,0,False,d2b4483344d8f934bfe27d0120664ccf37e7038effb9dc50e0dd4f2f7435d1e7
779,778,RESEARCH_NO_PICK,TRIO_STAGE_STOP,11,0,27,0,18,0,0,0,0,165,0,0,0,0,0,0,False,d51d59b0de08da5274de5577dda860a97b0ef8ec16cd927223779e43e79e4438
780,779,RESEARCH_NO_PICK,TRIO_STAGE_STOP,8,0,24,1,20,0,0,0,0,56,0,0,0,0,0,0,False,1f11363ce68d2dfc61cf49f42d3c9929dd861a50788bdbbc51d5b2eab735bd99
781,780,RESEARCH_NO_PICK,TRIO_STAGE_STOP,12,0,17,0,28,0,0,0,0,78,0,0,0,0,0,0,False,d5dc8376acf0c8a8f73e5636bad83f4eef9a85998182ae864690daf97e382ff0
782,781,RESEARCH_NO_PICK,TRIO_STAGE_STOP,12,0,18,0,27,0,0,0,0,176,0,0,0,0,0,0,False,0c023a1a60345d2131019f210da1e8e959dbb8158226e96100dafb640c90f16d
783,782,RESEARCH_NO_PICK,CORE_STAGE_STOP,12,0,24,4,17,0,74,0,74,146,1043,0,0,0,1043,0,False,41e9d7c1b6c696d65c1ef35fbe4e93592ae27740226610dd0e87aef0e4d206ae
784,783,RESEARCH_NO_PICK,TRIO_STAGE_STOP,12,0,15,0,30,0,0,0,0,135,0,0,0,0,0,0,False,172c0258921974e47b01ff3e1ca2e9989155039e49f868df18068ebe545bcaf4
785,784,RESEARCH_NO_PICK,TRIO_STAGE_STOP,7,0,25,2,18,0,0,0,0,35,0,0,0,0,0,0,False,41b029b3be2c346b52633a41d3c323673aa5a799c8caf161d8a875547d8dd1ba
786,785,RESEARCH_NO_PICK,NUMBER_STAGE_STOP,0,0,2,24,19,0,0,0,0,0,0,0,0,0,0,0,False,4336f7fc56fb5eff67d4c0a50c1996ab8ab87034a0895e9c1d22b87f3773e854
787,786,RESEARCH_NO_PICK,TRIO_STAGE_STOP,12,0,21,0,24,0,0,0,0,220,0,0,0,0,0,0,False,e63fd9af8dcf4cb8bc5f1c90e4292128bbff88f797e3f2f17746d47aaf260510
788,787,RESEARCH_NO_PICK,TRIO_STAGE_STOP,10,0,23,0,22,0,0,0,0,120,0,0,0,0,0,0,False,56dada45ccfd5112a53e9c91308821a4fde8c7c39e7c909633ad5e20019ac62c
789,788,RESEARCH_NO_PICK,TRIO_STAGE_STOP,8,0,22,0,23,0,0,0,0,56,0,0,0,0,0,0,False,d4cf6207efabbe7b160a9fc834c0118229581b5fd29d417205ad21139fd2b82d
790,789,RESEARCH_NO_PICK,TRIO_STAGE_STOP,12,3,19,4,19,0,0,0,0,220,0,0,0,0,0,0,False,d94c842c52c2a29bd817d14c40e125bca7940d901394696b68c3d0a9ef534688
791,790,RESEARCH_NO_PICK,TRIO_STAGE_STOP,12,3,23,2,17,0,0,0,0,220,0,0,0,0,0,0,False,21f9197c44908124f5e2ec85b811a8878bd78a863e14fc6f8710712688562989
792,791,RESEARCH_NO_PICK,TRIO_STAGE_STOP,12,0,20,0,25,0,0,0,0,87,0,0,0,0,0,0,False,67be3de74d0255031d91e3155f8d98615fc42a9c1594ec3d63417554a807877f
793,792,RESEARCH_NO_PICK,CORE_STAGE_STOP,12,0,25,2,18,0,77,0,77,143,1153,0,0,0,1153,0,False,c35575ae64803dee384d0cad8c3482c4a6618a3baa81c9a1468c2020b8a8fac2
794,793,RESEARCH_NO_PICK,CORE_STAGE_STOP,12,0,26,4,15,0,85,0,85,135,1288,0,0,0,1288,0,False,c46714e743ed5b47ad1f93ad0912d356a86501a6ede1e167a7b166a433582469
795,794,RESEARCH_NO_PICK,TRIO_STAGE_STOP,12,0,23,1,21,0,0,0,0,220,0,0,0,0,0,0,False,e545399712b7f585e5466fa03feb44e6d20f315b6d6085c76ed28a0044893ea4
796,795,RESEARCH_NO_PICK,CORE_STAGE_STOP,12,0,23,4,18,0,59,0,59,161,577,0,0,0,577,0,False,fa241fd717516c20280bdfaa30f79673ef1d2b119d14e739b1867706b7b0a60c
797,796,RESEARCH_NO_PICK,TRIO_STAGE_STOP,8,0,24,1,20,0,0,0,0,56,0,0,0,0,0,0,False,171bad474ef79e4fb8bbbfa87c23215d971f7a662a71b8f600ff239fe4e4d3be
798,797,RESEARCH_NO_PICK,CORE_STAGE_STOP,12,0,21,2,22,0,62,0,62,158,687,0,0,0,687,0,False,ae28a1919d2e9a96819a39f4f90c12b77073af5c094609a13181852384e62b44
799,798,RESEARCH_NO_PICK,CORE_STAGE_STOP,12,0,21,4,20,0,34,0,34,186,151,0,0,0,151,0,False,b29892074f8b6ca08db1daea3d4ef8634311b21895f9b8326cc3ca1731db2d9a
800,799,RESEARCH_NO_PICK,CORE_STAGE_STOP,12,0,19,6,20,0,31,0,31,189,140,0,0,0,140,0,False,0430cc19e3aee154f3a7b27aa16430640a15975fdaf5b1057868dc6ece97ea49
801,800,RESEARCH_NO_PICK,CORE_STAGE_STOP,12,0,27,1,17,0,77,0,77,143,985,0,0,0,985,0,False,09ce02d7ae2979640c05c4a15280ecffe9d776e0d3b7b30dd418317f031657dd
802,801,RESEARCH_NO_PICK,CORE_STAGE_STOP,12,0,21,1,23,0,45,0,45,175,379,0,0,0,379,0,False,ff208c53f29ae024d29e70d90174a4b11250a093252fc55527655cf9cdcb8dc8
803,802,RESEARCH_NO_PICK,TRIO_STAGE_STOP,12,0,21,0,24,0,0,0,0,220,0,0,0,0,0,0,False,af5e38a5ae9587135e7ee4f026fa1bfb9e87a15f508dc8918d468e063af4c14a
804,803,RESEARCH_NO_PICK,CORE_STAGE_STOP,12,0,23,1,21,0,53,0,53,167,468,0,0,0,468,0,False,3c5ba615aeee900f51b10214255e39ce272f9a630dd1a11b3f991935f3197f08
805,804,RESEARCH_NO_PICK,CORE_STAGE_STOP,12,0,26,3,16,0,65,0,65,155,661,0,0,0,661,0,False,a1370c1ab31dcdeadcb06ac4dafe5a4078eb03f5c1c8427d45dffca305a02ea4
806,805,RESEARCH_NO_PICK,TRIO_STAGE_STOP,7,0,23,0,22,0,0,0,0,35,0,0,0,0,0,0,False,535fdb940dea3eb92c166093efd65cbf3f317b815bf8cba759a5c5adf7ef0fcf
807,806,RESEARCH_NO_PICK,TRIO_STAGE_STOP,12,0,29,1,15,0,0,0,0,220,0,0,0,0,0,0,False,d9379d160176458ee0536537b34ffe3eed486f707611c2568f4b5ed57555ef2a
808,807,RESEARCH_NO_PICK,TRIO_STAGE_STOP,6,0,25,0,20,0,0,0,0,20,0,0,0,0,0,0,False,d6bc28601adf0c807f481d82af9028f6fa6007d18392f8f94df5900032320329
809,808,RESEARCH_NO_PICK,TRIO_STAGE_STOP,12,0,24,1,20,0,0,0,0,220,0,0,0,0,0,0,False,15933ae4936e20410160143f29585d70b92688f9bcb1a74ac155f7ce56f884f4
810,809,RESEARCH_NO_PICK,CORE_STAGE_STOP,12,0,19,4,22,0,73,0,73,147,997,0,0,0,997,0,False,c46e9151ca3d4022ca7b242efe089b6f9a1ed1a67e6cf648dbdb3d574ebe291a
811,810,RESEARCH_NO_PICK,CORE_STAGE_STOP,12,0,22,5,18,0,50,0,50,170,449,0,0,0,449,0,False,40a01305637975929922b44754644adb58b1c739a58c8140fe193c0d5d6c1872
812,811,RESEARCH_NO_PICK,CORE_STAGE_STOP,12,0,25,5,15,0,61,0,61,159,664,0,0,0,664,0,False,df667dd69f0e6f225b127fa2d7c31ca69050284354dde63470015e8393e3bccd
813,812,RESEARCH_NO_PICK,TRIO_STAGE_STOP,12,0,19,0,26,0,0,0,0,116,0,0,0,0,0,0,False,dd83ad125a2a022216475eb336ca398bd619d9e2dd91be4c37600090fcadb891
814,813,RESEARCH_NO_PICK,CORE_STAGE_STOP,12,0,22,2,21,0,48,0,48,172,466,0,0,0,466,0,False,a3f5580b608bbf58467160725a1980546a65d503a1483ba583a33a51138c4a1d
815,814,RESEARCH_NO_PICK,PAIR_STAGE_STOP,6,0,16,1,28,0,5,0,5,15,0,0,0,0,0,0,False,45e00153c7bf1caecc5f40a010d8f757a04cede607c368c382ee0cf7d596dd41
816,815,RESEARCH_NO_PICK,TRIO_STAGE_STOP,6,0,22,3,20,0,0,0,0,20,0,0,0,0,0,0,False,089c3567681996f150bf87d68e9c34a61efd97f46717b01b3226d460d39f2ffe
817,816,RESEARCH_NO_PICK,NUMBER_STAGE_STOP,0,0,1,0,44,0,0,0,0,0,0,0,0,0,0,0,False,3fa20f1a613daedae5ddceec968481fb6153bfefba0a5aacf71b2206d83310ef
818,817,RESEARCH_NO_PICK,TRIO_STAGE_STOP,12,0,26,0,19,0,0,0,0,220,0,0,0,0,0,0,False,486146be9936f087dfa7efa212b0bec82d8fb238524f8b1ba795278920418fb7
819,818,RESEARCH_NO_PICK,TRIO_STAGE_STOP,7,0,21,0,24,0,0,0,0,35,0,0,0,0,0,0,False,6db271aa345bffa59d8cd6173383991af417335aba7f56e92fece1918414338a
820,819,RESEARCH_NO_PICK,CORE_STAGE_STOP,12,0,23,5,17,0,86,0,86,134,1337,0,0,0,1337,0,False,9e0f710b31a7a1ce32adda28c2db97d94117708bc05330d552cdabd86d03ae78
821,820,RESEARCH_NO_PICK,CORE_STAGE_STOP,12,0,21,4,20,0,46,0,46,174,301,0,0,0,301,0,False,50f7b0408367b68c0b5e63b264ca27670118598653b7898bc6127d5b700999c9
822,821,RESEARCH_NO_PICK,CORE_STAGE_STOP,12,0,20,5,20,0,61,0,61,159,709,0,0,0,709,0,False,05dfff778b015650b03533c474a1cf99607d1c88c4aaa5d233c5e23feb3b18cc
823,822,RESEARCH_NO_PICK,CORE_STAGE_STOP,12,0,25,3,17,0,51,0,51,169,490,0,0,0,490,0,False,53d300b309784e5ffc886b9fe55d52cd1d2aede30ac4648b9ae3b66870e3bffb
824,823,RESEARCH_NO_PICK,TRIO_STAGE_STOP,12,0,18,0,27,0,0,0,0,220,0,0,0,0,0,0,False,8edecd464b1be5f4c8aaa2a63a25cfd2d2c86f301a9f32c9eb5500c2c399343f
825,824,RESEARCH_NO_PICK,TRIO_STAGE_STOP,12,0,19,0,26,0,0,0,0,220,0,0,0,0,0,0,False,e80cf907553afb1fbc50e3fabdb4cfbb7c5fb774e560c69b9ab2c6297d0dc136
826,825,RESEARCH_NO_PICK,CORE_STAGE_STOP,12,0,27,2,16,0,56,0,56,164,595,0,0,0,595,0,False,8d655f0c012c1b1d4063f47c844b4b485ac20fe49760e30c12e11ff45ad77ff1
827,826,RESEARCH_NO_PICK,CORE_STAGE_STOP,12,0,22,6,17,0,51,0,51,169,449,0,0,0,449,0,False,2f39f0998fc04fc14aa6915bf789f3731297537c5343a59d6984497e9c725d94
828,827,RESEARCH_NO_PICK,TRIO_STAGE_STOP,12,0,24,0,21,0,0,0,0,220,0,0,0,0,0,0,False,df7e73b5cfdfdcbfabd3d4419222005ffffe5b6c96370ac0553b173030d3f966
829,828,RESEARCH_NO_PICK,CORE_STAGE_STOP,12,0,21,5,19,0,33,0,33,187,160,0,0,0,160,0,False,21a9eb27b21f93c55f5bb12aabd6cfb4a4236c7c9ca39852f665f3adbd9e4cdd
830,829,RESEARCH_NO_PICK,TRIO_STAGE_STOP,8,0,25,1,19,0,0,0,0,56,0,0,0,0,0,0,False,c02bd1ade9ca4a32db09fae0ce673a84b0b2131c089c6328aaa60b172b2e042d
831,830,RESEARCH_NO_PICK,TRIO_STAGE_STOP,12,0,19,1,25,0,0,0,0,50,0,0,0,0,0,0,False,534deefd710564da075f6cd01d8b351514f68d966fdf0c305589768a10b251ed
832,831,RESEARCH_NO_PICK,TRIO_STAGE_STOP,12,0,22,0,23,0,0,0,0,130,0,0,0,0,0,0,False,36b8ff9ba8f13cd348a78913ad60de849af868788fa1b0e2ec8f38905cd03392
833,832,RESEARCH_NO_PICK,CORE_STAGE_STOP,12,0,24,3,18,0,76,0,76,144,1110,0,0,0,1110,0,False,c490d2256bd36b715efbba872733d60a8aec0296c427fa803a8de084649a4f95
834,833,RESEARCH_NO_PICK,TRIO_STAGE_STOP,6,0,18,0,27,0,0,0,0,20,0,0,0,0,0,0,False,eb2c6efd55ea4dd79c2e330a89edc756849a803d79ec18009eec4b95715c27ee
835,834,RESEARCH_NO_PICK,TRIO_STAGE_STOP,6,0,21,0,24,0,0,0,0,20,0,0,0,0,0,0,False,1fe4f35394bc6f91aeb3dd4d9f9d1b570be8bb3d80c69e273bd15a2dc589bbab
836,835,RESEARCH_NO_PICK,TRIO_STAGE_STOP,12,0,23,1,21,0,0,0,0,220,0,0,0,0,0,0,False,8aaa28734fab99262f7b17ee05eb3b0fffec88ef4951e6da2f2b15fd16dddfde
837,836,RESEARCH_NO_PICK,TRIO_STAGE_STOP,12,0,23,1,21,0,0,0,0,210,0,0,0,0,0,0,False,09ddf27b0bb91ab5d306f9cf7e629116ecf0ba5aa9f75b64e2079663641d9422
838,837,RESEARCH_NO_PICK,CORE_STAGE_STOP,12,0,25,2,18,0,57,0,57,163,505,0,0,0,505,0,False,f847889b1044542adf5545e20c4511f22bc29168c00492f15fec3669d674b0a4
839,838,RESEARCH_NO_PICK,TRIO_STAGE_STOP,12,0,20,0,25,0,0,0,0,220,0,0,0,0,0,0,False,eea2336326723860920958b7750725745173df7e46163bae4c79f8a96cb1c4bd
840,839,RESEARCH_NO_PICK,TRIO_STAGE_STOP,12,0,24,0,21,0,0,0,0,220,0,0,0,0,0,0,False,f538bf8f5a259a0776855d0171df83cde78a142212ac8493f7ce46d0e1c5d9b7
841,840,RESEARCH_NO_PICK,TRIO_STAGE_STOP,12,0,26,0,19,0,0,0,0,220,0,0,0,0,0,0,False,fa12d873d4c2e7684553dbbfaa5adbc2bff0fe3b2e95820ebff4aaeaa65c78c9
842,841,RESEARCH_NO_PICK,TRIO_STAGE_STOP,12,1,24,3,17,0,0,0,0,220,0,0,0,0,0,0,False,0ca0c14e45b70e3889760f1f1243d1c7a1e1772455326d00d02ebc0750aa11fc
843,842,RESEARCH_NO_PICK,TRIO_STAGE_STOP,7,0,19,0,26,0,0,0,0,35,0,0,0,0,0,0,False,4d629908deb3dcf92b06709bde2071332d5508f6c2327aadda0be26b48153c2a
844,843,RESEARCH_NO_PICK,NUMBER_STAGE_STOP,0,0,1,22,22,0,0,0,0,0,0,0,0,0,0,0,False,6e84d6eb4f275d79d2f4375404c4212350948f9f4d2c433dbb01bebf3107c198
845,844,RESEARCH_NO_PICK,TRIO_STAGE_STOP,9,0,15,1,29,0,0,0,0,84,0,0,0,0,0,0,False,41eb9ec8e36b52da3f3d5f8ebe9a827e8b7b4132864e2b204c98b430fb337f84
846,845,RESEARCH_NO_PICK,CORE_STAGE_STOP,11,0,21,2,22,0,49,0,49,116,398,0,0,0,398,0,False,1bbfe4cee74ca2de2cc48b708b91add2a53f941d223457e74d15191767c944c4
847,846,RESEARCH_NO_PICK,TRIO_STAGE_STOP,8,0,21,0,24,0,0,0,0,56,0,0,0,0,0,0,False,37507837a5661c212559a2a2a8049a2ff19ce0f1af959ce153d8f0387c216504
848,847,RESEARCH_NO_PICK,TRIO_STAGE_STOP,12,0,18,0,27,0,0,0,0,120,0,0,0,0,0,0,False,27013b5188e1a9a0451d2eea84d0305ad7c7cd3c7d4a5fa710711b47e7673e66
849,848,RESEARCH_NO_PICK,PAIR_STAGE_STOP,6,0,6,23,16,0,2,0,2,18,0,0,0,0,0,0,False,62b85ce708c69c307b0d1babaffb8315b09afb15c194e9f2a219037603ee0bde
850,849,RESEARCH_NO_PICK,TRIO_STAGE_STOP,12,0,25,4,16,0,0,0,0,220,0,0,0,0,0,0,False,12edb20a3b6ea00a1f45a5485b6a343f9b56847e9113169b086137f0e535f285
851,850,RESEARCH_NO_PICK,CORE_STAGE_STOP,12,0,25,4,16,0,87,0,87,133,1387,0,0,0,1387,0,False,252fea714f0448d82c713eee89063c01aaaf7e8c03f85f4c464998b73d73fb71
852,851,RESEARCH_NO_PICK,CORE_STAGE_STOP,12,0,25,3,17,0,49,0,49,171,433,0,0,0,433,0,False,1b7478a7adc1b42f61b2f32fd721e09707594e4ecb4685eaa1042f1813cdf632
853,852,RESEARCH_NO_PICK,TRIO_STAGE_STOP,12,0,21,1,23,0,0,0,0,220,0,0,0,0,0,0,False,cbc30cf136dc8416c078221613316471edce0753cb779704771ab804e980877c
854,853,RESEARCH_NO_PICK,CORE_STAGE_STOP,12,0,20,3,22,0,73,0,73,147,938,0,0,0,938,0,False,794123962bd3a2a4111eddd8acfced812ac6b94a7fa8ac7982d4f2d265cf9876
855,854,RESEARCH_NO_PICK,CORE_STAGE_STOP,12,0,21,4,20,0,71,0,71,149,900,0,0,0,900,0,False,7113ede72c4af1c9e551d4261149e314d5d5bf0fcdd2fe26eb4aa45424bc2c42
856,855,RESEARCH_NO_PICK,TRIO_STAGE_STOP,12,0,24,0,21,0,0,0,0,220,0,0,0,0,0,0,False,51d8d481fb21a4cb1eb581c35817cb79ac1b6e4467a007be07dc22a01b97ce55
857,856,RESEARCH_NO_PICK,TRIO_STAGE_STOP,12,0,20,0,25,0,0,0,0,105,0,0,0,0,0,0,False,879b03cb2d5123b9ece1ee90f310f1467cd6988dafe69da975c6a524c682ca46
858,857,RESEARCH_NO_PICK,NUMBER_STAGE_STOP,0,0,0,25,20,0,0,0,0,0,0,0,0,0,0,0,False,907c3819506d6f997d7a91ab9329c0a5778697992cba84afbf271a8c46e8a01c
859,858,RESEARCH_NO_PICK,TRIO_STAGE_STOP,12,0,20,1,24,0,0,0,0,220,0,0,0,0,0,0,False,e938ce1c6af4bfd78d72040c759e12b841f49368ca7b35f30d757951956ac770
860,859,RESEARCH_NO_PICK,CORE_STAGE_STOP,12,0,18,3,24,0,32,0,32,188,127,0,0,0,127,0,False,6c91745dd7adc94558ae39f661a018fc83cbb6a8e902049cbce6658b1984bdb3
861,860,RESEARCH_NO_PICK,CORE_STAGE_STOP,12,0,20,4,21,0,29,0,29,191,103,0,0,0,103,0,False,d58e0e7650c7fe8154f89088e17dbe3aabb6d63514dafbce5a55c9b292ba2494
862,861,RESEARCH_NO_PICK,TRIO_STAGE_STOP,12,0,21,0,24,0,0,0,0,120,0,0,0,0,0,0,False,0c8aef470f6847c0ab9f953f5a8207813b48ed35be63832741796dbbd761fa3d
863,862,RESEARCH_NO_PICK,TRIO_STAGE_STOP,7,0,20,0,25,0,0,0,0,35,0,0,0,0,0,0,False,72daac13c8f1e9ee8ed2cde1a2ef7ee656361d75cb28337aae72d30b6ffc1e9e
864,863,RESEARCH_NO_PICK,TRIO_STAGE_STOP,12,0,25,0,20,0,0,0,0,220,0,0,0,0,0,0,False,dcbb9ee9cabbb5c7493e5ba6b1b2f4cef6e25ea4b4a7a6b60d13c0efd075eca7
865,864,RESEARCH_NO_PICK,CORE_STAGE_STOP,12,0,24,2,19,0,95,0,95,125,1683,0,0,0,1683,0,False,2beb73323745f886ad3c5e1b1e69718555116aaaaa1097bf00c8f285306e17d7
866,865,RESEARCH_NO_PICK,NUMBER_STAGE_STOP,0,0,1,0,44,0,0,0,0,0,0,0,0,0,0,0,False,744e6716d79963704facfe673410db165dcab3d8c85225d2c8b65d93551c5cf0
867,866,RESEARCH_NO_PICK,TRIO_STAGE_STOP,12,0,24,0,21,0,0,0,0,220,0,0,0,0,0,0,False,bdf6183c4f5dbf441966374118ad9b3018510bbfda69cf6234014311e487ce15
868,867,RESEARCH_NO_PICK,TRIO_STAGE_STOP,12,0,21,0,24,0,0,0,0,220,0,0,0,0,0,0,False,ad7e84a1771f413997bad75321f8e67bef745b7ff2761f7bd8e79e8ab6260e41
869,868,RESEARCH_NO_PICK,TRIO_STAGE_STOP,12,0,24,0,21,0,0,0,0,220,0,0,0,0,0,0,False,604eceb1ba04fc1a8194ce0b3c2e2a1a9097be46159f97b8769f817f2608a990
870,869,RESEARCH_NO_PICK,TRIO_STAGE_STOP,12,0,19,0,26,0,0,0,0,220,0,0,0,0,0,0,False,280fcfd3e39828fb9b8d74e7e88b3b37c87b06c227decee9ea22cf410952d471
871,870,RESEARCH_NO_PICK,TRIO_STAGE_STOP,12,0,17,1,27,0,0,0,0,144,0,0,0,0,0,0,False,eb0ed7d530d4c9cea82107e855498fe7ff3e226deceb3d9e9315d067aead4489
872,871,RESEARCH_NO_PICK,NUMBER_STAGE_STOP,0,0,2,20,23,0,0,0,0,0,0,0,0,0,0,0,False,7218e799a23cef015167cda6a2d93de6552d7c9cd2809113a48ff11c3273097b
873,872,RESEARCH_NO_PICK,TRIO_STAGE_STOP,12,0,18,0,27,0,0,0,0,220,0,0,0,0,0,0,False,0d9e7016a80e9ab0d1abb00d684417436b6b143a7827a2560363e8a831e61e05
874,873,RESEARCH_NO_PICK,TRIO_STAGE_STOP,10,0,21,1,23,0,0,0,0,120,0,0,0,0,0,0,False,3e54f4286e5cd976111006bf429733dd80741a99157e227bb077d3e21212687c
875,874,RESEARCH_NO_PICK,NUMBER_STAGE_STOP,0,0,1,24,20,0,0,0,0,0,0,0,0,0,0,0,False,64abbc155b27c7703ad5eb356175e971d1c15345b43ee8f0b9a88376b54c8006
876,875,RESEARCH_NO_PICK,TRIO_STAGE_STOP,12,0,24,0,21,0,0,0,0,220,0,0,0,0,0,0,False,e6483186fc62e5de26792318a8479b6f6f7320f6aef6906af93138be050c8d08
877,876,RESEARCH_NO_PICK,CORE_STAGE_STOP,12,0,24,2,19,0,73,0,73,147,992,0,0,0,992,0,False,ac7a649757e01f5cbe0e5bde105fdf868d4379adf12667ce24834c8b072e1244
878,877,RESEARCH_NO_PICK,CORE_STAGE_STOP,12,0,25,4,16,0,63,0,63,157,714,0,0,0,714,0,False,a30be0214c092c3eca121df6ceda6aefcc83ebfb4d8ece3876b20e3864f4cf93
879,878,RESEARCH_NO_PICK,CORE_STAGE_STOP,12,0,26,3,16,0,69,0,69,151,869,0,0,0,869,0,False,81b03f9a9485508ba24110ac23d89fb86d85baffaa646adf3863dc7283dffca5
880,879,RESEARCH_NO_PICK,TRIO_STAGE_STOP,12,0,17,1,27,0,0,0,0,121,0,0,0,0,0,0,False,18d638020b2d28abb0de89eaea22aad08787399f7860448f25f3c2e5742ed29c
881,880,RESEARCH_NO_PICK,CORE_STAGE_STOP,12,0,25,6,14,0,65,0,65,155,778,0,0,0,778,0,False,a61b0ec2d7acd18caeaa021c0fea6a373254f93dfc8a31c05323fd8d24466a02
882,881,RESEARCH_NO_PICK,CORE_STAGE_STOP,12,0,26,5,14,0,71,0,71,149,983,0,0,0,983,0,False,b3874b8ab85508d8b22e7c9ac357a0b57ae68d3540d8ceb1c54bf41e4f73c3f8
883,882,RESEARCH_NO_PICK,TRIO_STAGE_STOP,12,0,22,0,23,0,0,0,0,99,0,0,0,0,0,0,False,48194917279e1b2c197c745da0d3ec06478f79e185beb0ecb5921eedbc12b2b0
884,883,RESEARCH_NO_PICK,CORE_STAGE_STOP,12,0,21,4,20,0,48,0,48,172,402,0,0,0,402,0,False,40988396d0c83fd80839f3b97d4568162bda0c8bd34adb518a65b9c92b6ec822
885,884,RESEARCH_NO_PICK,TRIO_STAGE_STOP,12,2,24,4,15,0,0,0,0,220,0,0,0,0,0,0,False,488bef3a22d36f60e0df8bcb0faac88e6d4adad5e9261beae9b43b0df5c503f1
886,885,RESEARCH_NO_PICK,CORE_STAGE_STOP,12,0,24,4,17,0,37,0,37,183,237,0,0,0,237,0,False,e2e132da5a4ac938734389015c8e839605c762edbe1cc7ecb0be3b7e7a413a3b
887,886,RESEARCH_NO_PICK,CORE_STAGE_STOP,12,0,19,6,20,0,14,0,14,206,12,0,0,0,12,0,False,d30ead137daa22d8572e948a76686f1de99a88db70101fd0f6f4608d3f9c3c6d
888,887,RESEARCH_NO_PICK,CORE_STAGE_STOP,12,0,25,3,17,0,62,0,62,158,682,0,0,0,682,0,False,cb52eea868bb2fa7b01e70bf28335ccd849365c58a12c75bfb348c4e4c15f8c9
889,888,RESEARCH_NO_PICK,TRIO_STAGE_STOP,12,0,21,0,24,0,0,0,0,220,0,0,0,0,0,0,False,3cb3d51e4dcef6b6ceed7505c4c641264f808022959bfd3c63bbf87e26d3a836
890,889,RESEARCH_NO_PICK,NUMBER_STAGE_STOP,0,0,1,19,25,0,0,0,0,0,0,0,0,0,0,0,False,504e9f9f87d12cda081d5a3ef33f35dce38382a3c8fe411df4f0221d4fd69dcf
891,890,RESEARCH_NO_PICK,CORE_STAGE_STOP,12,0,23,3,19,0,64,0,64,156,745,0,0,0,745,0,False,d7feee0d66e37d9ae0220806cb78fd1d8f0881332c2388c0b817e19017302491
892,891,RESEARCH_NO_PICK,NUMBER_STAGE_STOP,0,0,1,0,43,1,0,0,0,0,0,0,0,0,0,0,False,6ab423810ece475d2698541332534bd1716331f3651b4dddc38d2ebda7eeb8bb
893,892,RESEARCH_NO_PICK,NUMBER_STAGE_STOP,0,0,2,15,28,0,0,0,0,0,0,0,0,0,0,0,False,0d63c26d1a6fcab9189797ad99dbddf899f60a12051caedf2812d64b0d06e522
894,893,RESEARCH_NO_PICK,CORE_STAGE_STOP,12,0,22,4,19,0,62,0,62,158,719,0,0,0,719,0,False,16d4e459affb05eae25b95e4c847c59bd629bd9db1fa32f48f0eaa3d6e3de74e
895,894,RESEARCH_NO_PICK,TRIO_STAGE_STOP,7,0,20,0,25,0,0,0,0,35,0,0,0,0,0,0,False,9cfe974fda51195f29dce0a4675751ec4e119734e58cc6831f9aac522a5a85a7
896,895,RESEARCH_NO_PICK,CORE_STAGE_STOP,12,0,22,6,17,0,47,0,47,173,345,0,0,0,345,0,False,74ab6805fca498f95436315d1d4721bf1fb043832354d1482813962e8f094f23
897,896,RESEARCH_NO_PICK,TRIO_STAGE_STOP,11,0,20,0,25,0,0,0,0,165,0,0,0,0,0,0,False,02fe8e7c39082e4452f238708fa65bf0112ee2e04b7db0f6f3ef73d485e741f1
898,897,RESEARCH_NO_PICK,TRIO_STAGE_STOP,12,0,21,0,24,0,0,0,0,220,0,0,0,0,0,0,False,8bf3625bd5707763dd827dab5421ac9f411987570c4139cdb5780902a16821bf
899,898,RESEARCH_NO_PICK,CORE_STAGE_STOP,12,0,22,4,19,0,67,0,67,153,892,0,0,0,892,0,False,2a59fd5c81079300db5dbe4026aed73885faa1686e9d8101438a46dba568bd92
900,899,RESEARCH_NO_PICK,TRIO_STAGE_STOP,12,0,21,0,24,0,0,0,0,220,0,0,0,0,0,0,False,ab49b07db58532818c1df2fbd7c355a9fe8fb692037392a49618e61339dbf726
901,900,RESEARCH_NO_PICK,TRIO_STAGE_STOP,12,0,20,1,24,0,0,0,0,220,0,0,0,0,0,0,False,7eb6f0970e66a44f0628892a7750c7f2337d6be4393a9f8d98862f9f9e90de42
902,901,RESEARCH_NO_PICK,CORE_STAGE_STOP,12,0,22,3,20,0,60,0,60,160,621,0,0,0,621,0,False,e822ffc7fe508149366aea76844310d042b367d8ae837593c517616333087bbf
903,902,RESEARCH_NO_PICK,TRIO_STAGE_STOP,12,0,23,0,22,0,0,0,0,220,0,0,0,0,0,0,False,287369709c6c8507b41d4227dba784307708e37bf595b43a269f890da60421e6
904,903,RESEARCH_NO_PICK,TRIO_STAGE_STOP,10,10,12,2,21,0,0,0,0,120,0,0,0,0,0,0,False,9e2437cfcfe8a04aae0cbf9a1e2ca3f2259d5fb9bc8798cfe36ffabfa836922e
905,904,RESEARCH_NO_PICK,CORE_STAGE_STOP,12,0,21,2,22,0,67,0,67,153,808,0,0,0,808,0,False,80c738efc965ca988be458f091b5c781471486146dc937434b108f27560422e8
906,905,RESEARCH_NO_PICK,CORE_STAGE_STOP,12,0,29,0,16,0,64,0,64,156,793,0,0,0,793,0,False,85a1f9de6fc82c25ac258bb158dd90bebed52856347b4b8b1ad095b199c3f9a9
907,906,RESEARCH_NO_PICK,NUMBER_STAGE_STOP,0,0,2,25,18,0,0,0,0,0,0,0,0,0,0,0,False,e43663f21f5595b9446eddcc06d94536954b885bacf6f02997840177dbe6a067
908,907,RESEARCH_NO_PICK,TRIO_STAGE_STOP,12,0,20,0,25,0,0,0,0,109,0,0,0,0,0,0,False,45b347149b1d210d631fa94b55f3179a2c899ef475407174466a203a8c559eb2
909,908,RESEARCH_NO_PICK,TRIO_STAGE_STOP,8,0,28,0,17,0,0,0,0,56,0,0,0,0,0,0,False,c99e7ea10f35e256a6c57e630c426a8e636c89f930e1c1c1aa56c9479c66efe9
910,909,RESEARCH_NO_PICK,TRIO_STAGE_STOP,10,0,22,0,23,0,0,0,0,120,0,0,0,0,0,0,False,769ffcd9adddfcfe6281aa65613014b80b018a5921672e78ff7316e7db37f729
911,910,RESEARCH_NO_PICK,TRIO_STAGE_STOP,12,0,26,0,19,0,0,0,0,220,0,0,0,0,0,0,False,184f3648794e2dd0c6a88467d6c01234771757ecd21f157b1fca4a51d23ba9ee
912,911,RESEARCH_NO_PICK,TRIO_STAGE_STOP,10,0,18,0,27,0,0,0,0,120,0,0,0,0,0,0,False,64df39b314de0b82375514c920cf7791b8770ed495fad7ba41fa79e151ec8a76
913,912,RESEARCH_NO_PICK,TRIO_STAGE_STOP,10,0,21,0,24,0,0,0,0,120,0,0,0,0,0,0,False,6d25f9437434826cf4a1e9219f72ec69cf16fee08870028d88275693b7b3ea80
914,913,RESEARCH_NO_PICK,CORE_STAGE_STOP,12,0,26,5,14,0,51,0,51,169,454,0,0,0,454,0,False,bebfb9f74fa3f431104e7ec69ad1c15f1d6159fc064bdd34f1a0b3486727f843
915,914,RESEARCH_NO_PICK,TRIO_STAGE_STOP,12,1,24,2,18,0,0,0,0,220,0,0,0,0,0,0,False,bd065a0e6f2f00956eec3848916fab4849d2bbe0ff656588e233be78b61a5759
916,915,RESEARCH_NO_PICK,TRIO_STAGE_STOP,12,0,23,0,22,0,0,0,0,220,0,0,0,0,0,0,False,ae6a4180039f6780556b7eddeb81a279e5a23ddabc3a3f534cf38db840fb7623
917,916,RESEARCH_NO_PICK,CORE_STAGE_STOP,12,0,22,5,18,0,81,0,81,139,1131,0,0,0,1131,0,False,322fb6b64899b3747f3ea1ed0029d85de347a8821cdbfe5abcaf68b0391a8152
918,917,RESEARCH_NO_PICK,TRIO_STAGE_STOP,12,0,19,0,26,0,0,0,0,220,0,0,0,0,0,0,False,76bf0550fd769e30edf94aaf11d627809418132fc627b50982e37f5e30246b13
919,918,RESEARCH_NO_PICK,TRIO_STAGE_STOP,7,0,20,0,25,0,0,0,0,35,0,0,0,0,0,0,False,3abbbf768fd5fad543d42222df689551d16f4e383f6cd30c0db2d8a3597ced4c
920,919,RESEARCH_NO_PICK,CORE_STAGE_STOP,12,0,19,6,20,0,57,0,57,163,595,0,0,0,595,0,False,a57c3645fb94ecd7d7f82a7c70dfabd9fae0cd9e2ef35ce976883f051b0688f4
921,920,RESEARCH_NO_PICK,TRIO_STAGE_STOP,12,0,27,0,18,0,0,0,0,220,0,0,0,0,0,0,False,2df49c501fa711fe7f8ba0bd473858a0a38ef1ff090282c2aff21d3d194122d5
922,921,RESEARCH_NO_PICK,TRIO_STAGE_STOP,12,0,20,0,25,0,0,0,0,220,0,0,0,0,0,0,False,0e66b44af8272debbfb580783bf670c04c1e3d083f372956ea87384f1d9ca01c
923,922,RESEARCH_NO_PICK,NUMBER_STAGE_STOP,0,0,4,0,40,1,0,0,0,0,0,0,0,0,0,0,False,d63f1a75c8b5e67f04cd876bf3091c6ecc838659a640c80600be128410fd21f7
924,923,RESEARCH_NO_PICK,TRIO_STAGE_STOP,12,0,27,0,18,0,0,0,0,220,0,0,0,0,0,0,False,e89103f923fc2fafe4c1df4258bca2d83c2d0298fa9cc611439dad4af3ce5132
925,924,RESEARCH_NO_PICK,TRIO_STAGE_STOP,12,0,22,0,23,0,0,0,0,38,0,0,0,0,0,0,False,7342c414d7289b6934cb8e20e235b4ee8a5d33801c484deab194274c28696d85
926,925,RESEARCH_NO_PICK,NUMBER_STAGE_STOP,0,0,4,0,41,0,0,0,0,0,0,0,0,0,0,0,False,2827b290e2657140b9c265b31179bde8985bc22f97f21902da11ca67f5ce1ba4
927,926,RESEARCH_NO_PICK,TRIO_STAGE_STOP,9,0,25,1,19,0,0,0,0,84,0,0,0,0,0,0,False,a5c322d58ea914aa59e911ccb701c79a36217104fb914425586d0218ed4e2741
928,927,RESEARCH_NO_PICK,CORE_STAGE_STOP,12,0,22,4,19,0,59,0,59,161,568,0,0,0,568,0,False,3cf0f453b2062c9e736930ed6e4808fb0dc39a07dea3cdfff492955043e14842
929,928,RESEARCH_NO_PICK,TRIO_STAGE_STOP,12,0,23,1,21,0,0,0,0,220,0,0,0,0,0,0,False,a55b23dc03af57c148188e7ec75949cefe27be8cb6ab803fb48090ddee8f4b8f
930,929,RESEARCH_NO_PICK,TRIO_STAGE_STOP,12,0,18,0,27,0,0,0,0,220,0,0,0,0,0,0,False,e5487df119abe84ae2b6ba682a8eb1fec0a4c4f3c62116c74b8bbd590ad60ec5
931,930,RESEARCH_NO_PICK,TRIO_STAGE_STOP,12,0,25,0,20,0,0,0,0,220,0,0,0,0,0,0,False,85401567010cce2262cb0cd01e995aba940811ea6bb50f44aafa345811690467
932,931,RESEARCH_NO_PICK,TRIO_STAGE_STOP,12,0,22,0,23,0,0,0,0,220,0,0,0,0,0,0,False,9084166d9a721e61bd7d635e053ea3a88b6dc7568e870d0a9b85b2546bdad6d3
933,932,RESEARCH_NO_PICK,TRIO_STAGE_STOP,8,0,23,0,22,0,0,0,0,56,0,0,0,0,0,0,False,27aaeee3eaae1277414496433636d574a014796827a8f0aec0773aabe9e24cbb
934,933,RESEARCH_NO_PICK,TRIO_STAGE_STOP,12,0,18,0,27,0,0,0,0,174,0,0,0,0,0,0,False,0b465ea2e2ba955f995cf1bda3e76ece79491aa5e08de43d1d1ad6802dc353db
935,934,RESEARCH_NO_PICK,CORE_STAGE_STOP,12,0,27,4,14,0,68,0,68,152,804,0,0,0,804,0,False,2f73487f66016950b91b509a9a45d159e05d8f7dbe7607bc6ba1594c172418df
936,935,RESEARCH_NO_PICK,TRIO_STAGE_STOP,6,0,19,0,26,0,0,0,0,20,0,0,0,0,0,0,False,1a298225e02708ad168c24bcb938331754aba3d36ab01e02a851721bd29dec5a
937,936,RESEARCH_NO_PICK,TRIO_STAGE_STOP,11,0,21,1,23,0,0,0,0,165,0,0,0,0,0,0,False,ebfcf321cddbb967f406a7328c36705adc9d3eb0fdca8371a05e8ab98e19f0cb
938,937,RESEARCH_NO_PICK,NUMBER_STAGE_STOP,0,0,1,25,19,0,0,0,0,0,0,0,0,0,0,0,False,00a1f19a63cc74545c6f1493ef4f389d4f9c5fc273df1d8db632a867a99c5639
939,938,RESEARCH_NO_PICK,TRIO_STAGE_STOP,12,0,21,1,23,0,0,0,0,70,0,0,0,0,0,0,False,85bc00932b5fd2a6a2c5ff7d8cf716a06021af5130cb7476453361a844deb47b
940,939,RESEARCH_NO_PICK,CORE_STAGE_STOP,12,0,20,3,22,0,66,0,66,154,816,0,0,0,816,0,False,5c92b16177ba77f4c66850b673bb1fe25b923155292f3c9b034e53f35d59757a
941,940,RESEARCH_NO_PICK,CORE_STAGE_STOP,12,0,21,5,19,0,83,0,83,137,1303,0,0,0,1303,0,False,b424eace2f217c77e2003f4b86b7078dbaf66ba7d9324050ef2b33a5d1ad42c0
942,941,RESEARCH_NO_PICK,TRIO_STAGE_STOP,12,0,28,0,17,0,0,0,0,220,0,0,0,0,0,0,False,d9551d962b5180c66a62a322fcdaf1b5871c4b9b39ada5d47b11636c5ff73cd5
943,942,RESEARCH_NO_PICK,TRIO_STAGE_STOP,11,0,25,0,20,0,0,0,0,165,0,0,0,0,0,0,False,55c52c46796a297a07d926f6e14e81e4ec930b68066a181a836487ee84d6c3e5
944,943,RESEARCH_NO_PICK,CORE_STAGE_STOP,12,0,18,3,24,0,69,0,69,151,872,0,0,0,872,0,False,8677d50d9e7a317cb2f57204daf27e60cf75587b203e5358c9abdfe07c247520
945,944,RESEARCH_NO_PICK,TRIO_STAGE_STOP,9,0,23,0,22,0,0,0,0,84,0,0,0,0,0,0,False,98b3c1176142e7d0f6e07127e05694d1ad82f9f59f680d0d8052f99605d5a6c0
946,945,RESEARCH_NO_PICK,NUMBER_STAGE_STOP,0,0,1,22,22,0,0,0,0,0,0,0,0,0,0,0,False,e04be3468cce1af7683a3308513f7c0b8c1039b630aeebb1b4b1aa14ea7ff5f6
947,946,RESEARCH_NO_PICK,NUMBER_STAGE_STOP,0,0,3,0,42,0,0,0,0,0,0,0,0,0,0,0,False,b0e4c9214096fd2155126d86194f9497d49328bb6bdb06f9f06ecab51d713b74
948,947,RESEARCH_NO_PICK,CORE_STAGE_STOP,12,0,21,4,20,0,104,0,104,116,2009,0,0,0,2009,0,False,432dfc7cf749bbd82c3c2e84f1ca794a45f63443b1913351d8d4af1c0535be5b
949,948,RESEARCH_NO_PICK,NUMBER_STAGE_STOP,0,0,3,0,42,0,0,0,0,0,0,0,0,0,0,0,False,f728c15b5c2a3b25e76233460d50c891d0471cebadca6f6efb00ce425f7be894
950,949,RESEARCH_NO_PICK,CORE_STAGE_STOP,12,0,18,2,25,0,40,0,40,180,267,0,0,0,267,0,False,8d6a37d996c51ac28dc85f0a63f1ee39effa0ae633eafcb5e7294f6f896f631b
951,950,RESEARCH_NO_PICK,NUMBER_STAGE_STOP,0,0,2,24,18,1,0,0,0,0,0,0,0,0,0,0,False,c19450fa37716972db2b0caace6e2bf813b0aef3fb8afc1dd20d7335390ad796
952,951,RESEARCH_NO_PICK,CORE_STAGE_STOP,12,0,26,2,17,0,64,0,64,156,766,0,0,0,766,0,False,f6eb67ef1c4af514628bf44c43b8c5686a8abf57aa18ba1a8a127bfba3cf5ce6
953,952,RESEARCH_NO_PICK,NUMBER_STAGE_STOP,0,0,1,19,25,0,0,0,0,0,0,0,0,0,0,0,False,ce5c91832993880f536a33e62d9f6f3b0c4e136b9ff3bf1c3d357aa1c3948d29
954,953,RESEARCH_NO_PICK,TRIO_STAGE_STOP,12,0,17,0,28,0,0,0,0,220,0,0,0,0,0,0,False,8f28cdef2da35e191d1e21cff1957053424f2eb621978eb075146cfbc3b582d8
955,954,RESEARCH_NO_PICK,TRIO_STAGE_STOP,7,0,19,0,26,0,0,0,0,35,0,0,0,0,0,0,False,f68860059c7a05b099393d058049d950203178f05d72f71811fc07cafc30fda9
956,955,RESEARCH_NO_PICK,TRIO_STAGE_STOP,12,0,19,2,24,0,0,0,0,71,0,0,0,0,0,0,False,385079e1765becce4fa62ca39eacb8fc65ed766fff69d16ab768f0650a79bc16
957,956,RESEARCH_NO_PICK,TRIO_STAGE_STOP,12,0,22,0,23,0,0,0,0,84,0,0,0,0,0,0,False,4ac8b0572ea51003fc83fcb7b56b2772f3f3cca14e2fbc9d26261489a8e30eea
958,957,RESEARCH_NO_PICK,CORE_STAGE_STOP,12,0,23,1,21,0,53,0,53,167,546,0,0,0,546,0,False,05966d1acf85af0941f27400a3221c73d9dc819783640cb6d5e63f355438d443
959,958,RESEARCH_NO_PICK,TRIO_STAGE_STOP,6,0,19,0,26,0,0,0,0,20,0,0,0,0,0,0,False,5942d7ff8b46cf4e3746c5e8d168a67dad7e09bc8bbbc2d42cac8bdc11f84985
960,959,RESEARCH_NO_PICK,NUMBER_STAGE_STOP,0,0,1,0,44,0,0,0,0,0,0,0,0,0,0,0,False,f390bb08add840a72f4b04df53ce2f8d0b13a13a500eb84f046ce71eabae04e5
961,960,RESEARCH_NO_PICK,NUMBER_STAGE_STOP,0,0,1,0,44,0,0,0,0,0,0,0,0,0,0,0,False,d96a13fd2b9656c9888b071fba1523526e9118f28c4e34ef92367ff46a8a703a
962,961,RESEARCH_NO_PICK,TRIO_STAGE_STOP,12,0,20,1,24,0,0,0,0,220,0,0,0,0,0,0,False,645e6e05262604912abfbb2c771799772e9bc70e4af0b3d0ac0473657ed0d69b
963,962,RESEARCH_NO_PICK,CORE_STAGE_STOP,12,0,21,3,21,0,40,0,40,180,280,0,0,0,280,0,False,30cb20c7a614fedba06dc9e45d1ea504e97948d0bf60fa92a3537db962fcadf4
964,963,RESEARCH_NO_PICK,NUMBER_STAGE_STOP,0,0,3,6,36,0,0,0,0,0,0,0,0,0,0,0,False,21ddda80a63c46a38329902a7d1ea2c070e3d677975566c75fda4ffdf4dd5c35
965,964,RESEARCH_NO_PICK,TRIO_STAGE_STOP,7,0,21,1,23,0,0,0,0,35,0,0,0,0,0,0,False,cc0c7eaaf40820820ba3af232c294d7677166c5d49e96279c2fb4949ae08b3d2
966,965,RESEARCH_NO_PICK,TRIO_STAGE_STOP,12,0,22,0,23,0,0,0,0,220,0,0,0,0,0,0,False,dc26f0590f8d510b13d5f234a5a0dfca4b4b41d6c7f01cb1663eaba1f9507e5c
967,966,RESEARCH_NO_PICK,TRIO_STAGE_STOP,12,0,22,0,23,0,0,0,0,220,0,0,0,0,0,0,False,ed861a97dd3ea43b1b4a69e0bdf140b88caeb46fce84afdbbc063aa270f07089
968,967,RESEARCH_NO_PICK,TRIO_STAGE_STOP,12,0,19,0,26,0,0,0,0,148,0,0,0,0,0,0,False,517da8958c445928d1197c29174c965b01bb2944103e9a8e2937078cdf853008
969,968,RESEARCH_NO_PICK,NUMBER_STAGE_STOP,0,0,4,0,40,1,0,0,0,0,0,0,0,0,0,0,False,8f4abd20b123cfd4314b4036df46bd244a8ed1a3d67e7deac8fb03d490fe944a
970,969,RESEARCH_NO_PICK,TRIO_STAGE_STOP,12,0,20,0,25,0,0,0,0,220,0,0,0,0,0,0,False,da2689a44c709e760d8d4c6351b6d0f9ecaa53325d0c6c92126a2c7aaf3bbedd
971,970,RESEARCH_NO_PICK,TRIO_STAGE_STOP,12,3,23,3,16,0,0,0,0,220,0,0,0,0,0,0,False,b499212643104968775e54a4b77fe98cc4ac3d58da1322a5a2edd30afe64427f
972,971,RESEARCH_NO_PICK,TRIO_STAGE_STOP,12,0,14,0,31,0,0,0,0,220,0,0,0,0,0,0,False,40e7c7d537be9d4298fbe9978062f2ec6209e5295b345901986b290083eb254b
973,972,RESEARCH_NO_PICK,NUMBER_STAGE_STOP,0,0,3,0,42,0,0,0,0,0,0,0,0,0,0,0,False,3059a81817fed74ada697daf8a4047d3210fff83f7ac7cd8defba32e03f59fbf
974,973,RESEARCH_NO_PICK,TRIO_STAGE_STOP,12,0,21,0,24,0,0,0,0,220,0,0,0,0,0,0,False,a6803f6ecbcfbe60202dc3b1b1af1b284744d008d07df097c15456a6944b1265
975,974,RESEARCH_NO_PICK,CORE_STAGE_STOP,12,0,20,5,20,0,59,0,59,161,661,0,0,0,661,0,False,9a88da9d843edfadbd23704e5123a537332beeab9e34d2790522b44d90dbd880
976,975,RESEARCH_NO_PICK,TRIO_STAGE_STOP,12,0,14,3,28,0,0,0,0,51,0,0,0,0,0,0,False,3bb82433832ec719d13549b112f3315f79aa8d5b4e40090ba84e5194b2326113
977,976,RESEARCH_NO_PICK,NUMBER_STAGE_STOP,0,0,3,0,41,1,0,0,0,0,0,0,0,0,0,0,False,acce68a2e6c7b3e2cf69a624ae77ccef657213b36b9712bcf94c9293bf69984e
978,977,RESEARCH_NO_PICK,TRIO_STAGE_STOP,12,1,17,7,20,0,0,0,0,220,0,0,0,0,0,0,False,65bb1246c2e71ff19990440ae747b9fe8cb34018f8125c5cdce4e98ce658718b
979,978,RESEARCH_NO_PICK,CORE_STAGE_STOP,12,0,16,3,26,0,56,0,56,164,584,0,0,0,584,0,False,ac28f020dca57ca12c8933a5b46e4577ece1cf81db361db10653194aea341ed6
980,979,RESEARCH_NO_PICK,CORE_STAGE_STOP,12,0,23,3,19,0,55,0,55,165,543,0,0,0,543,0,False,cc48bde3dc8b51619472b3a8a49e4e8a81a3847292026d513cfab3abf6147b04
981,980,RESEARCH_NO_PICK,TRIO_STAGE_STOP,7,0,14,0,31,0,0,0,0,35,0,0,0,0,0,0,False,234d74b717c08c47790cbb77f3e87170011fb7c6924affc389742f5a8afeda28
982,981,RESEARCH_NO_PICK,TRIO_STAGE_STOP,12,0,20,0,25,0,0,0,0,169,0,0,0,0,0,0,False,4359f914d410b7f1d3f77981c8679967c970466ee9da780380572e8237c95466
983,982,RESEARCH_NO_PICK,TRIO_STAGE_STOP,6,0,7,19,19,0,1,0,1,19,0,0,0,0,0,0,False,0d386296e99aebff77c4d8561e5df648edf07ab2503fc3784feb7ab2f0bb606a
984,983,RESEARCH_NO_PICK,TRIO_STAGE_STOP,12,0,18,1,26,0,0,0,0,220,0,0,0,0,0,0,False,89d24efc589357592ee49d7b1ea7f9aa3a0a0bb705efbc63221ec86eccb43991
985,984,RESEARCH_NO_PICK,NUMBER_STAGE_STOP,0,0,3,24,17,1,0,0,0,0,0,0,0,0,0,0,False,7ec7d96887ba204c312593f3c8393adcd8b68d307036007bb87e5881f744a766
986,985,RESEARCH_NO_PICK,CORE_STAGE_STOP,12,0,21,6,18,0,41,0,41,179,232,0,0,0,232,0,False,76b94054a2e5789b6e45ae078a9d45e35db21dfbc6b37dcacc1fbdc0edcb8059
987,986,RESEARCH_NO_PICK,TRIO_STAGE_STOP,10,0,21,0,24,0,0,0,0,120,0,0,0,0,0,0,False,d58e768deea28332f80960ae265d0150723a21576f2629534a15862d36522a0e
988,987,RESEARCH_NO_PICK,PAIR_STAGE_STOP,12,2,24,2,17,0,5,0,5,215,0,0,0,0,0,0,False,4b3c6aed0f7217c39ffbbac08eee06b43d1a47f7b5313a8de1bade9615ea0cad
989,988,RESEARCH_NO_PICK,NUMBER_STAGE_STOP,0,0,4,22,18,1,0,0,0,0,0,0,0,0,0,0,False,b78b60f47f76dd35ac939f2c7cedefcf486b625bbce5b11111da835acef4b62b
990,989,RESEARCH_NO_PICK,TRIO_STAGE_STOP,12,0,23,0,22,0,0,0,0,161,0,0,0,0,0,0,False,bc0b2ce60f5b4e19c39b662bc6b5c911a8515450cf2eb35fa780a3a20e7f7d12
991,990,RESEARCH_NO_PICK,TRIO_STAGE_STOP,12,0,22,1,22,0,0,0,0,220,0,0,0,0,0,0,False,ad70545573df3d4e552a138a4e2568ac84aa67338bfc7119d793c6ec045268b0
992,991,RESEARCH_NO_PICK,CORE_STAGE_STOP,11,0,15,3,27,0,23,0,23,142,67,0,0,0,67,0,False,b2687188b2754222a14fd3471d91db248ee55f4fbc74131a75e50372901abbc7
993,992,RESEARCH_NO_PICK,CORE_STAGE_STOP,12,0,22,1,22,0,74,0,74,146,978,0,0,0,978,0,False,6b591de51940f1b97fc424820909dec38b834a9ca974db9d27e9105903900248
994,993,RESEARCH_NO_PICK,TRIO_STAGE_STOP,12,0,13,0,32,0,0,0,0,220,0,0,0,0,0,0,False,ba4a9b9932d83b2288c87b75faf63974b9d83041a20297b8dc1ffd9be33b42a1
995,994,RESEARCH_NO_PICK,TRIO_STAGE_STOP,12,0,20,0,25,0,0,0,0,220,0,0,0,0,0,0,False,032267f1c73d454d5ffd344699c3a7820731b54213d3222cf0846103c11c7c6d
996,995,RESEARCH_NO_PICK,CORE_STAGE_STOP,12,0,25,1,19,0,81,0,81,139,1207,0,0,0,1207,0,False,4d32edc1b31c1987e734dbe99a87c6e1474bf0c6e5b3fb9abdc07cb2a41900ad
997,996,RESEARCH_NO_PICK,NUMBER_STAGE_STOP,0,0,4,22,18,1,0,0,0,0,0,0,0,0,0,0,False,8529b4cb976153f5463dcfdce16b8fb687e6ea830493595c5a931a9533255ce1
998,997,RESEARCH_NO_PICK,TRIO_STAGE_STOP,12,0,18,0,27,0,0,0,0,220,0,0,0,0,0,0,False,1389ded6069abb6f95b6c1941aa5315a65a63e754de118ab55fb7baa29bbb6e7
999,998,RESEARCH_NO_PICK,TRIO_STAGE_STOP,12,0,12,1,32,0,0,0,0,93,0,0,0,0,0,0,False,0696073aca683c7a7b2a8036969c310b1ffab4c4a4f836ed7aae7afbbc76d14f
1000,999,RESEARCH_NO_PICK,TRIO_STAGE_STOP,12,0,23,0,22,0,0,0,0,220,0,0,0,0,0,0,False,1e515be2dbf32b9f4e44ceb1f34fb71ef14e8509bff8b6577eef6249b89d070b
1001,1000,RESEARCH_NO_PICK,NUMBER_STAGE_STOP,0,0,1,0,44,0,0,0,0,0,0,0,0,0,0,0,False,806890ce4c298a8968cc92d6e5db574b2b2d21bde8595f533ba499f1f8a17a66
1002,1001,RESEARCH_NO_PICK,TRIO_STAGE_STOP,12,0,15,0,30,0,0,0,0,134,0,0,0,0,0,0,False,858d0257b1ab1661ff1f5b616dbcf877d190f10b50ad0ed5e80118c0f4ea5f7b
1003,1002,RESEARCH_NO_PICK,TRIO_STAGE_STOP,12,0,21,0,24,0,0,0,0,220,0,0,0,0,0,0,False,44d88b4efb508dc3f3cf99ceeddb343432948c6e3d095ac4db7971483b3badb7
1004,1003,RESEARCH_NO_PICK,TRIO_STAGE_STOP,12,0,21,1,23,0,0,0,0,220,0,0,0,0,0,0,False,8ed1cebde8483be92d19c249189fa8d9b29af82e3b8b02111019966fdead0fa4
1005,1004,RESEARCH_NO_PICK,NUMBER_STAGE_STOP,0,0,1,28,16,0,0,0,0,0,0,0,0,0,0,0,False,b9be381157d5b4e6addc4db32a1628075b9cfd3d778f532e61715a32b84650ad
1006,1005,RESEARCH_NO_PICK,TRIO_STAGE_STOP,6,0,16,1,28,0,0,0,0,20,0,0,0,0,0,0,False,5e2e4f0c2618f000fa8e3310dff75adac0b2f25bf35a6e63fd7dbba45fce5ea3
1007,1006,RESEARCH_NO_PICK,TRIO_STAGE_STOP,12,0,13,1,31,0,0,0,0,199,0,0,0,0,0,0,False,9d6befaf0748c53332dcf60ae06d0a449d4f5f6dd2c888d97d2edfe8fc365bf4
1008,1007,RESEARCH_NO_PICK,CORE_STAGE_STOP,12,0,20,3,22,0,45,0,45,175,290,0,0,0,290,0,False,abf197b7d92a5a5f35833fb90bf198f12fedc97d28d208b908405c3e511ab992
1009,1008,RESEARCH_NO_PICK,CORE_STAGE_STOP,12,0,22,5,18,0,69,0,69,151,920,0,0,0,920,0,False,50865a3587a6c311f5004d507432997078df3988cc92794ddd7c5721b582c274
1010,1009,RESEARCH_NO_PICK,CORE_STAGE_STOP,12,0,22,5,18,0,90,0,90,130,1548,0,0,0,1548,0,False,bfcbffde50225ead9a709b4ebff73b89a7fa229b9942d11e91d90696957b2b2e
1011,1010,RESEARCH_NO_PICK,NUMBER_STAGE_STOP,0,0,5,18,22,0,0,0,0,0,0,0,0,0,0,0,False,50c2ce2aee2123702a21b92716a172b3f04e8c3b63bc61e83c79fe09fbe850e6
1012,1011,RESEARCH_NO_PICK,NUMBER_STAGE_STOP,0,0,3,16,25,1,0,0,0,0,0,0,0,0,0,0,False,666c1c1bcd361012a2877191ab0a099be599e97f7f32bbc900fa74f14e0eabb5
1013,1012,RESEARCH_NO_PICK,NUMBER_STAGE_STOP,0,0,1,18,26,0,0,0,0,0,0,0,0,0,0,0,False,0e78a6c8c035cdfc6af9dfde8afd503d5b8e29196b4213aa5cf3c7e1c9bd131c
1014,1013,RESEARCH_NO_PICK,TRIO_STAGE_STOP,12,0,17,0,28,0,0,0,0,183,0,0,0,0,0,0,False,1516145cdcc5729cfa3c3482808b34768a32a1b4f2828b4562d1817a50a6a84c
1015,1014,RESEARCH_NO_PICK,TRIO_STAGE_STOP,12,0,21,0,24,0,0,0,0,220,0,0,0,0,0,0,False,0d562dd96dca94622fccb1a18d8eb827841afecfa0328a30ce93f82766198a54
1016,1015,RESEARCH_NO_PICK,TRIO_STAGE_STOP,9,0,19,0,26,0,0,0,0,84,0,0,0,0,0,0,False,f9c853ea23f2076b0bd0c3ac6bf2341410295ffcf0356b517d75ea48f0f6d116
1017,1016,RESEARCH_NO_PICK,TRIO_STAGE_STOP,6,0,24,1,20,0,0,0,0,20,0,0,0,0,0,0,False,4d958476fb60fa9f0c1a371c6b8451a49a99d8dd42262d9147797bae7d5e02d9
1018,1017,RESEARCH_NO_PICK,TRIO_STAGE_STOP,9,0,20,1,24,0,0,0,0,84,0,0,0,0,0,0,False,491076d04f0f797e4bc4e0a8e6a6c0bb65b8821ee43c23c8128fc5a773af53c8
1019,1018,RESEARCH_NO_PICK,NUMBER_STAGE_STOP,0,0,1,0,44,0,0,0,0,0,0,0,0,0,0,0,False,3b3e5f6273f56640b008cf716ec23e7d4d8d774d05eb1167858d23e4ad09da6a
1020,1019,RESEARCH_NO_PICK,TRIO_STAGE_STOP,12,0,20,0,25,0,0,0,0,220,0,0,0,0,0,0,False,21aa17d99d304860fb521b55b9d1de2b0cb9595725113f868187137907daa27b
1021,1020,RESEARCH_NO_PICK,PAIR_STAGE_STOP,12,2,15,3,25,0,11,0,11,209,0,0,0,0,0,0,False,94129de8ea3d7d294ab4765652ac9bcb125894b6af8fd29435bb5f249f0ecbfa
1022,1021,RESEARCH_NO_PICK,TRIO_STAGE_STOP,12,0,17,0,28,0,0,0,0,220,0,0,0,0,0,0,False,fc1e77c155fb8628e704a58bb33f55a2ffe30fc328bc4485e5eaee91f24c37a6
1023,1022,RESEARCH_NO_PICK,CORE_STAGE_STOP,12,0,22,3,20,0,70,0,70,150,914,0,0,0,914,0,False,6a08e72850188a6e1ebc5725f9a433e3fb3b65629cd5b9d4230ed0e9e6701143
1024,1023,RESEARCH_NO_PICK,TRIO_STAGE_STOP,12,0,22,0,23,0,0,0,0,220,0,0,0,0,0,0,False,d2f8b614ebfb03ba5c5495fc026ceb02308bbce5404a4c9e152bc663b1e35947
1025,1024,RESEARCH_NO_PICK,NUMBER_STAGE_STOP,0,0,4,24,17,0,0,0,0,0,0,0,0,0,0,0,False,bc4bfa3e235b0c246390256e990ae8a15971e01984ac1e10ac18066140e96c3f
1026,1025,RESEARCH_NO_PICK,TRIO_STAGE_STOP,9,0,24,0,21,0,0,0,0,84,0,0,0,0,0,0,False,22dbfa3b5f31f1edb5d14e0b7b8c51d798210778cf631e31cf5021b69ae13b7b
1027,1026,RESEARCH_NO_PICK,TRIO_STAGE_STOP,8,0,24,0,21,0,0,0,0,56,0,0,0,0,0,0,False,e6568e91118f90a90a11a12b0de947ae3080c4a2190dcb7769e5fd7498fe200f
1028,1027,RESEARCH_NO_PICK,NUMBER_STAGE_STOP,0,0,1,25,19,0,0,0,0,0,0,0,0,0,0,0,False,df809d1b56abcdc7de68d8e54147b5898c3d237b7d709aeee5cf0623ebdc160a
1029,1028,RESEARCH_NO_PICK,PAIR_STAGE_STOP,12,4,16,7,18,0,6,0,6,214,0,0,0,0,0,0,False,7f313fb2554e00ed61c5434095b1901ae51737bbc252cc908befb1a7cc056ef2
1030,1029,RESEARCH_NO_PICK,CORE_STAGE_STOP,12,0,21,2,22,0,39,0,39,181,291,0,0,0,291,0,False,6a255b5d864ffb986caf247d5bc00c0463399bc27503204bb47e9cf45a93fe81
1031,1030,RESEARCH_NO_PICK,TRIO_STAGE_STOP,12,0,25,0,20,0,0,0,0,220,0,0,0,0,0,0,False,c7cd5e03c42d54f769c0df68dbb01e6f05ccc4b49304f251c95ed95b0024e7dd
1032,1031,RESEARCH_NO_PICK,TRIO_STAGE_STOP,10,0,20,0,25,0,0,0,0,120,0,0,0,0,0,0,False,30c524e06c1a71815cd91d22ca49d9e711867586f1c4750729e6630d068f0bce
1033,1032,RESEARCH_NO_PICK,NUMBER_STAGE_STOP,0,0,4,15,26,0,0,0,0,0,0,0,0,0,0,0,False,63de7f7e65957aeec70c08d1c5533c8d62ebd69eafed4ac6db873b0d31f04673
1034,1033,RESEARCH_NO_PICK,CORE_STAGE_STOP,12,0,17,4,24,0,41,0,41,179,187,0,0,0,187,0,False,ce5b5d1f5631506f5af6ca006d2c7de9cb848ae42c4c9e5ab5c4ad1989334faf
1035,1034,RESEARCH_NO_PICK,TRIO_STAGE_STOP,12,0,22,0,23,0,0,0,0,165,0,0,0,0,0,0,False,084f7a1dadcf8c3ea0a94a661fbe17370a64b2b5e9bd0b9609a856a1b4e38ee1
1036,1035,RESEARCH_NO_PICK,CORE_STAGE_STOP,12,0,16,4,25,0,25,0,25,195,95,0,0,0,95,0,False,3f7e683513c7a3c82dd38b1f12eb46a6eaccaefd5b38439fc8896a8c5fbf61e8
1037,1036,RESEARCH_NO_PICK,TRIO_STAGE_STOP,8,0,22,1,22,0,0,0,0,56,0,0,0,0,0,0,False,781d4e87f00102b3e8bf7913f4946a6fcd9199f2df66045b7f32bc60b97820af
1038,1037,RESEARCH_NO_PICK,CORE_STAGE_STOP,12,0,24,1,20,0,59,0,59,161,595,0,0,0,595,0,False,ec3d7026f8c3ae01a5b28f5cbfbd0f8b04660e557aa26fa8ba4320ccaa7301cf
1039,1038,RESEARCH_NO_PICK,NUMBER_STAGE_STOP,0,0,0,0,45,0,0,0,0,0,0,0,0,0,0,0,False,9fb7bab80bfcd967e5e727815514fbae113be2688f956e9179016a03a3a5ed99
1040,1039,RESEARCH_NO_PICK,TRIO_STAGE_STOP,7,0,27,0,18,0,0,0,0,35,0,0,0,0,0,0,False,00962ceb0fbf00784f0ff96a928ce30fc6e6f9be9723b63205fea2492b4d43b0
1041,1040,RESEARCH_NO_PICK,TRIO_STAGE_STOP,12,0,21,0,24,0,0,0,0,220,0,0,0,0,0,0,False,be9dae4e5f5c5f35479b593a533a282bf62c0cc33a28a096a1b7eaed64bce521
1042,1041,RESEARCH_NO_PICK,TRIO_STAGE_STOP,10,0,10,0,35,0,0,0,0,45,0,0,0,0,0,0,False,0a6ea2863f4c86c57f466d79c216f2c2bdff398b6348d0e09b6320c5bbaa5dd3
1043,1042,RESEARCH_NO_PICK,NUMBER_STAGE_STOP,0,0,4,0,41,0,0,0,0,0,0,0,0,0,0,0,False,6c026d14dd77c550c4a5dad2490bde13ce074662ee8fb69ee3b4a4f5887e8874
1044,1043,RESEARCH_NO_PICK,TRIO_STAGE_STOP,12,0,24,0,21,0,0,0,0,220,0,0,0,0,0,0,False,93b8785858f3ee3268a04de000bb834f4dc93f64af9769a66d87a8ce8415bc55
1045,1044,RESEARCH_NO_PICK,CORE_STAGE_STOP,12,0,19,5,21,0,20,0,20,200,23,0,0,0,23,0,False,1d7cbef8ba24fdf7ecca4393c9ccd78bb8ae3a82c0df4ec3bf76ad80bc9699fb
1046,1045,RESEARCH_NO_PICK,CORE_STAGE_STOP,12,0,23,4,18,0,55,0,55,165,567,0,0,0,567,0,False,2ae79f7b432662c4d71750a8e0cc315ecce2faffed34fbfeb036e82a1a6de189
1047,1046,RESEARCH_NO_PICK,TRIO_STAGE_STOP,12,0,18,0,27,0,0,0,0,220,0,0,0,0,0,0,False,b7565f9196ff6b175ece324297c3f0f5682cde1f3bbcf05f59633af0db6ddd9c
1048,1047,RESEARCH_NO_PICK,TRIO_STAGE_STOP,9,0,20,0,25,0,0,0,0,84,0,0,0,0,0,0,False,9bc22bdf9b86eb9023ab5aa172f19cad5aacc81ad049561d9e4b2f11b8ece3f2
1049,1048,RESEARCH_NO_PICK,NUMBER_STAGE_STOP,0,0,2,22,21,0,0,0,0,0,0,0,0,0,0,0,False,bb372ad21ababee6e854ba1b7a7f0219b3f825f33f5b3ca8e7409167cf73ff33
1050,1049,RESEARCH_NO_PICK,CORE_STAGE_STOP,12,0,20,5,20,0,66,0,66,154,801,0,0,0,801,0,False,66f266c94931532256fd4dc480791fc9edc02fe3ddb70d46357c7d374e2b4097
1051,1050,RESEARCH_NO_PICK,CORE_STAGE_STOP,12,0,20,4,21,0,56,0,56,164,590,0,0,0,590,0,False,748e02cbe7fa6ab05d83c863eae4620aa01f1cda72ec928baa75290bfcc6abe3
1052,1051,RESEARCH_NO_PICK,TRIO_STAGE_STOP,12,0,21,1,23,0,0,0,0,116,0,0,0,0,0,0,False,fbdddf08d0bf3bce16c4896f7bf42ef3984a4eb18bf08bd0c166da0460fc303c
1053,1052,RESEARCH_NO_PICK,NUMBER_STAGE_STOP,0,0,4,14,27,0,0,0,0,0,0,0,0,0,0,0,False,ede8a24508540b01e2481203ac24000c46dede49e79ff915ce22ca0d0d610f4b
1054,1053,RESEARCH_NO_PICK,TRIO_STAGE_STOP,11,0,17,0,27,1,0,0,0,165,0,0,0,0,0,0,False,44508fb8808605785e95b5fc628cbc22004f36e6c226d0c4c312ca132ad445b3
1055,1054,RESEARCH_NO_PICK,TRIO_STAGE_STOP,12,0,20,0,25,0,0,0,0,220,0,0,0,0,0,0,False,365b9ac65ae81e89c0a1e5308bd28ee414094bb6322c08bf894e64c713e97e9a
1056,1055,RESEARCH_NO_PICK,NUMBER_STAGE_STOP,0,0,3,18,24,0,0,0,0,0,0,0,0,0,0,0,False,dafd5fd06d5d21185cf45ec91e023305f6632bb5e98427f60f545195db2dd8ec
1057,1056,RESEARCH_NO_PICK,CORE_STAGE_STOP,12,1,23,1,20,0,21,0,21,199,91,0,0,0,91,0,False,248424010da195a32c07faae9b65ddad8f0a8ed66b40f7aa3acf1a761bf210c9
1058,1057,RESEARCH_NO_PICK,TRIO_STAGE_STOP,12,1,22,2,20,0,0,0,0,220,0,0,0,0,0,0,False,3ee7360cf5fbea4e3c3afb1d29c7a71c6fbdf08deccaa1a2cd7fd6f11c1059d6
1059,1058,RESEARCH_NO_PICK,CORE_STAGE_STOP,12,0,21,5,19,0,75,0,75,145,1054,0,0,0,1054,0,False,734bd942834f6ce2bd30852bf4f1439ee157d13e36c0c474d025594204a112e0
1060,1059,RESEARCH_NO_PICK,TRIO_STAGE_STOP,12,0,24,0,21,0,0,0,0,218,0,0,0,0,0,0,False,6f4801d3c83ebe2e45cda407301417b5781d7385c68bae100cb2c024afc04314
1061,1060,RESEARCH_NO_PICK,NUMBER_STAGE_STOP,0,0,4,21,20,0,0,0,0,0,0,0,0,0,0,0,False,07d3e7be5ebe29e76ba16029fcb871b45b461b07ca57ec11798136197b89c52e
1062,1061,RESEARCH_NO_PICK,NUMBER_STAGE_STOP,0,0,2,0,43,0,0,0,0,0,0,0,0,0,0,0,False,05060f0cff9be67a42c9ab678adad0ad34e565a2062fb2b90f7316ca99269c78
1063,1062,RESEARCH_NO_PICK,TRIO_STAGE_STOP,9,0,19,0,26,0,0,0,0,84,0,0,0,0,0,0,False,7230796b7be4084303cba9636e770b5b3c889835fa28a6c1938b028e77c0c319
1064,1063,RESEARCH_NO_PICK,TRIO_STAGE_STOP,12,0,20,0,25,0,0,0,0,133,0,0,0,0,0,0,False,372b5cac8cb6e4b2277d15152aa62e3142b65f4a2ce392637d6f4c63ef4ff64f
1065,1064,RESEARCH_NO_PICK,CORE_STAGE_STOP,12,2,18,5,20,0,3,0,3,217,2,0,0,0,2,0,False,16cd77cc187f7d28fe428fbfd7b410f874f66d308acbda395b4c7df8f01d6aa8
1066,1065,RESEARCH_NO_PICK,CORE_STAGE_STOP,12,0,23,2,20,0,46,0,46,174,370,0,0,0,370,0,False,f35c4f367172f9696ff2ce6ea0e03e8a0338af35742ff92fb6b371a385e26d8a
1067,1066,RESEARCH_NO_PICK,NUMBER_STAGE_STOP,0,0,2,24,19,0,0,0,0,0,0,0,0,0,0,0,False,899dc109de74be50d912988701006a9fb03c5d9d129e70ec3d9840e57460f4c5
1068,1067,RESEARCH_NO_PICK,PAIR_STAGE_STOP,12,0,23,2,20,0,8,0,8,212,0,0,0,0,0,0,False,4dd3bdc15f9d906a33c09e7659083fad3ef8f3c3d30646e95cf1098aa315d404
1069,1068,RESEARCH_NO_PICK,NUMBER_STAGE_STOP,0,0,1,0,43,1,0,0,0,0,0,0,0,0,0,0,False,58b910f611d9d89ab8bd112c4d91cadb0f3c1838bbfdf3a3600799b2eabbf6f9
1070,1069,RESEARCH_NO_PICK,NUMBER_STAGE_STOP,0,0,0,14,31,0,0,0,0,0,0,0,0,0,0,0,False,0860cf38c2967214a01ec187f50793f47268619bcf0d8a29c756c5e102f303a7
1071,1070,RESEARCH_NO_PICK,NUMBER_STAGE_STOP,0,0,1,13,31,0,0,0,0,0,0,0,0,0,0,0,False,d3796a53b89dd58b6ec162b6d4a731b4b7062ace4561eea25246568b75b8153c
1072,1071,RESEARCH_NO_PICK,NUMBER_STAGE_STOP,0,0,2,14,29,0,0,0,0,0,0,0,0,0,0,0,False,952b65c3fc0d5ddfdbf09e5335fab646221e420481f7ce4252b52aab9ccd4b8b
1073,1072,RESEARCH_NO_PICK,TRIO_STAGE_STOP,9,0,23,0,22,0,0,0,0,84,0,0,0,0,0,0,False,6e78544e32e3098adfb61b6987142188dadecfca3bd3f824288009359ad3bc1d
1074,1073,RESEARCH_NO_PICK,TRIO_STAGE_STOP,12,0,23,0,22,0,0,0,0,220,0,0,0,0,0,0,False,7f740da1262b283a545e632e74143597b2320d17440581c93d5795c2c236b177
1075,1074,RESEARCH_NO_PICK,NUMBER_STAGE_STOP,0,0,3,24,18,0,0,0,0,0,0,0,0,0,0,0,False,461e509aaeb734c60481de359c1ab1636c3d0f38cf788c630e89b588629e6ca3
1076,1075,RESEARCH_NO_PICK,NUMBER_STAGE_STOP,0,0,0,26,19,0,0,0,0,0,0,0,0,0,0,0,False,3330021c4964b788d8d7a78102621806872e4dc9b6681736a3eb2cf5c7d7b5d2
1077,1076,RESEARCH_NO_PICK,TRIO_STAGE_STOP,12,0,18,0,27,0,0,0,0,219,0,0,0,0,0,0,False,291f550043058fc75f6d7f4469a7101c90e1a8dbdf68cc3a885881fe5e67408b
1078,1077,RESEARCH_NO_PICK,NUMBER_STAGE_STOP,0,0,0,19,26,0,0,0,0,0,0,0,0,0,0,0,False,e6f041a36c3c7d60bb82e4ff4a76c5eb666488b38b486e94ace5750d8447d9ed
1079,1078,RESEARCH_NO_PICK,TRIO_STAGE_STOP,8,0,21,0,24,0,0,0,0,56,0,0,0,0,0,0,False,96873d4241aafbb05e5b06f49423106433021550544345efda8e33bbece6fbc7
1080,1079,RESEARCH_NO_PICK,CORE_STAGE_STOP,12,0,16,5,24,0,66,0,66,154,805,0,0,0,805,0,False,5aeb07e182df9b9b3cbef18d86a079cfa44f10809f9c0806c6fa859bbe47dd4c
1081,1080,RESEARCH_NO_PICK,CORE_STAGE_STOP,12,0,21,3,21,0,26,0,26,194,107,0,0,0,107,0,False,2fa83f26f3b1c85fba2c94ad840bcf936b291b39ac60fa721cbf82f00b2f8471
1082,1081,RESEARCH_NO_PICK,CORE_STAGE_STOP,12,0,22,5,18,0,70,0,70,150,969,0,0,0,969,0,False,ed4f9b58a94f3ab9ace42809ea7c798324750a4c463c6d1835b90f72bd6e6604
1083,1082,RESEARCH_NO_PICK,TRIO_STAGE_STOP,12,0,21,0,24,0,0,0,0,156,0,0,0,0,0,0,False,1c49a86d910111b85d5476121cb02c056f5dd5b5ed2b0d6ba7074110095875a8
1084,1083,RESEARCH_NO_PICK,CORE_STAGE_STOP,12,0,22,8,15,0,64,0,64,156,753,0,0,0,753,0,False,767b9dbc76e3bcf6570e88abd2127d5fe4d39c3f2d12850940894ade19771f84
1085,1084,RESEARCH_NO_PICK,NUMBER_STAGE_STOP,0,0,4,29,12,0,0,0,0,0,0,0,0,0,0,0,False,2a8fb1e3b8d465e490661e3d25ad94a5c309ce616b4b2923c297dac6d9319b0a
1086,1085,RESEARCH_NO_PICK,CORE_STAGE_STOP,12,0,23,1,21,0,80,0,80,140,1142,0,0,0,1142,0,False,5ea726f5e804c08a6d81f1bc5f45c1b626785fea7a3b8453983cc8225aeb6ee0
1087,1086,RESEARCH_NO_PICK,TRIO_STAGE_STOP,10,0,22,1,22,0,0,0,0,120,0,0,0,0,0,0,False,f3180d095dc3f56923661df32121c0aa8fd8342eeb7a396dcd6af023a75ac73c
1088,1087,RESEARCH_NO_PICK,TRIO_STAGE_STOP,8,0,17,0,28,0,0,0,0,56,0,0,0,0,0,0,False,bcc69276d99af7a6b8e156e4b579f26a65870f5a6198c4fa700f34e8a7a295f9
1089,1088,RESEARCH_NO_PICK,TRIO_STAGE_STOP,10,0,21,0,24,0,0,0,0,120,0,0,0,0,0,0,False,a961c247541eb81b80d8453e1b5efccd19c4ff73af1955e40af50eb8bf1bc3b6
1090,1089,RESEARCH_NO_PICK,TRIO_STAGE_STOP,12,0,26,0,19,0,0,0,0,220,0,0,0,0,0,0,False,6b221c85928297c0dd8dbb95a6906518fcb3e8de5f39f83675b539fea37c9414
1091,1090,RESEARCH_NO_PICK,NUMBER_STAGE_STOP,0,0,0,25,20,0,0,0,0,0,0,0,0,0,0,0,False,475419266b966440f0fd1c281cbbc77614ad75018067b6b4b274d769b40d39b4
1092,1091,RESEARCH_NO_PICK,CORE_STAGE_STOP,12,0,18,6,21,0,75,0,75,145,1009,0,0,0,1009,0,False,9aa50148ca812277cb1f072f1c038edc481574a2c291565f48767c862994a860
1093,1092,RESEARCH_NO_PICK,NUMBER_STAGE_STOP,0,0,1,14,30,0,0,0,0,0,0,0,0,0,0,0,False,e9461987c760474018f7cc29310d504dfb3d7c38c63983aebecb8d6a10d09ac9
1094,1093,RESEARCH_NO_PICK,CORE_STAGE_STOP,12,0,24,4,17,0,49,0,49,171,444,0,0,0,444,0,False,19892c02a1b5355987e2575545593acbf3640a075a95d1df87ea57f07871cc20
1095,1094,RESEARCH_NO_PICK,NUMBER_STAGE_STOP,0,0,1,24,20,0,0,0,0,0,0,0,0,0,0,0,False,300a4c8908ebcb8d9221aef767b99a8f6b596de9714a8e58c9ca37a440ca0bbc
1096,1095,RESEARCH_NO_PICK,CORE_STAGE_STOP,12,0,26,3,16,0,43,0,43,177,363,0,0,0,363,0,False,e05f98fced84dea5295b270d16e6086bea9c425aa5a184d34431ea540fcba8bf
1097,1096,RESEARCH_NO_PICK,NUMBER_STAGE_STOP,0,0,2,22,21,0,0,0,0,0,0,0,0,0,0,0,False,9fa6baf62b39897fa3def9608c37c43cb3e7ed2675d3656a7a8c44a903cb48ff
1098,1097,RESEARCH_NO_PICK,TRIO_STAGE_STOP,12,0,23,1,21,0,0,0,0,220,0,0,0,0,0,0,False,3a553c72d6aadb394fc4d127d4edfb1b7c243a0726669326a7082e1c07ac0119
1099,1098,RESEARCH_NO_PICK,TRIO_STAGE_STOP,12,0,21,1,23,0,0,0,0,220,0,0,0,0,0,0,False,262a70dabc18bc649bd314404f4ba9126cd690d983cd6e6201025736936485c0
1100,1099,RESEARCH_NO_PICK,NUMBER_STAGE_STOP,0,0,0,16,29,0,0,0,0,0,0,0,0,0,0,0,False,bcbaa2d19f30bfb3d68a8738d930c8ce46f6a68af1cbcb63ca4280236dddb359
1101,1100,RESEARCH_NO_PICK,TRIO_STAGE_STOP,11,0,22,0,23,0,0,0,0,165,0,0,0,0,0,0,False,86d17e2d06ff42fcc02243003694fcae174d40a83830d2cf31a72e21fe990075
1102,1101,RESEARCH_NO_PICK,CORE_STAGE_STOP,12,0,25,2,18,0,56,0,56,164,523,0,0,0,523,0,False,57ccc7fcbd7b7633166c77f315d3d570931e74e09c868d3caea1e599742563b3
1103,1102,RESEARCH_NO_PICK,TRIO_STAGE_STOP,7,0,22,0,23,0,0,0,0,35,0,0,0,0,0,0,False,65b799439a9b8ab46887d0fdab0f2c45ac14b166c7877bd3d1c50dd2976c174b
1104,1103,RESEARCH_NO_PICK,NUMBER_STAGE_STOP,0,0,1,22,22,0,0,0,0,0,0,0,0,0,0,0,False,5d326fdbab331ec7377593012c1f84d8f10af56a57eb9aad8d9af329f0c890ca
1105,1104,RESEARCH_NO_PICK,TRIO_STAGE_STOP,12,0,27,0,18,0,0,0,0,220,0,0,0,0,0,0,False,2ecb4272b1286ba4e8e80a91706a859ca3310c174d4cb451d08d877c1b386f6e
1106,1105,RESEARCH_NO_PICK,TRIO_STAGE_STOP,6,0,23,0,22,0,0,0,0,20,0,0,0,0,0,0,False,535045431b53f5b036132bd4b7b2b12f9882aa758491a3ce8c5eddbdf434c390
1107,1106,RESEARCH_NO_PICK,TRIO_STAGE_STOP,6,0,24,0,21,0,0,0,0,20,0,0,0,0,0,0,False,3d2f05452f6b4035d815f293057ac0663c27b3f7278d27adf4e7779b5639024d
1108,1107,RESEARCH_NO_PICK,NUMBER_STAGE_STOP,0,0,1,0,44,0,0,0,0,0,0,0,0,0,0,0,False,f4da2df36bfa424afae244be9756abf0c0cc6ac4a6265f0d5901650c75cc91ce
1109,1108,RESEARCH_NO_PICK,NUMBER_STAGE_STOP,0,0,1,0,44,0,0,0,0,0,0,0,0,0,0,0,False,842be7dfdf4fba11d689b52727690b1aef8b9451cfd9de008ab58c34365708a5
1110,1109,RESEARCH_NO_PICK,TRIO_STAGE_STOP,12,0,24,0,21,0,0,0,0,220,0,0,0,0,0,0,False,93223c7a160f01a5dbc628415d7f9ce5959c8e69724aef2a50769095642bcbce
1111,1110,RESEARCH_NO_PICK,CORE_STAGE_STOP,12,0,21,5,19,0,19,0,19,201,59,0,0,0,59,0,False,82e12795ab222d981469306f9740279c44eec16e8274a629f2cc977dac349080
1112,1111,RESEARCH_NO_PICK,TRIO_STAGE_STOP,12,0,24,0,21,0,0,0,0,220,0,0,0,0,0,0,False,381ba1fb5aa53d359c0dba4458280cbabebec465b2e04fab302ee50bbff4ce6a
1113,1112,RESEARCH_NO_PICK,TRIO_STAGE_STOP,8,0,21,0,24,0,0,0,0,56,0,0,0,0,0,0,False,6135fe47ab3d4168761e9cc62c627e3820fa19978fa5eca4762914aa15fd362a
1114,1113,RESEARCH_NO_PICK,NUMBER_STAGE_STOP,0,0,2,21,22,0,0,0,0,0,0,0,0,0,0,0,False,08f144db966f904c7465a83010c99fbac78aa7d0f2b817f1bf41c5fd9fd1ae8e
1115,1114,RESEARCH_NO_PICK,NUMBER_STAGE_STOP,0,0,1,0,43,1,0,0,0,0,0,0,0,0,0,0,False,1c846d00121589c5023f1ed4cb1aff870f37708962c8efcd49263c1813496211
1116,1115,RESEARCH_NO_PICK,CORE_STAGE_STOP,12,0,21,4,20,0,47,0,47,173,362,0,0,0,362,0,False,8c959e755660ea1728d3289c71f524ec94008e08389c98d050cb2223bc666ce4
1117,1116,RESEARCH_NO_PICK,TRIO_STAGE_STOP,11,0,19,0,26,0,0,0,0,165,0,0,0,0,0,0,False,f2aa2d619a5265301589355434c430391d1bfc369d0fa79ebe80905429224315
1118,1117,RESEARCH_NO_PICK,TRIO_STAGE_STOP,12,0,18,0,27,0,0,0,0,165,0,0,0,0,0,0,False,a702dfca548e5457dce8205423b75bfbdc9125303c14d24407a0268bb6af2d10
1119,1118,RESEARCH_NO_PICK,TRIO_STAGE_STOP,12,0,17,0,28,0,0,0,0,36,0,0,0,0,0,0,False,07355d6c9c7dc733bd4782f46d62782396403a48e716f1453f44dc6296217169
1120,1119,RESEARCH_NO_PICK,TRIO_STAGE_STOP,8,0,19,0,26,0,0,0,0,56,0,0,0,0,0,0,False,2be9decaff5d167ce9f1115e521bc79a7f20ddf9bbb4ae2586a63a1c1b728f86
1121,1120,RESEARCH_NO_PICK,CORE_STAGE_STOP,12,0,23,4,18,0,42,0,42,178,313,0,0,0,313,0,False,4ec4e063ed482e5cab565837638be301183f307df0d4d69e21034c5599a32c51
1122,1121,RESEARCH_NO_PICK,CORE_STAGE_STOP,12,0,18,3,24,0,16,0,16,204,25,0,0,0,25,0,False,e0c3b1325a214b08af21bc9e8d70e3e98a16c985b1f4942923b76ccf3933e8d3
1123,1122,RESEARCH_NO_PICK,TRIO_STAGE_STOP,7,0,16,1,28,0,0,0,0,35,0,0,0,0,0,0,False,fed893b0088805b21b6b48e3caacdcb034fa29c32e542b0cc1cca310558dc5db
1124,1123,RESEARCH_NO_PICK,TRIO_STAGE_STOP,12,0,20,0,25,0,0,0,0,220,0,0,0,0,0,0,False,33fcbac259a1f50acd1d5c752e1836bd6bfdbd1d6bff88bfe64c73cc4f615dfd
1125,1124,RESEARCH_NO_PICK,NUMBER_STAGE_STOP,0,0,0,0,45,0,0,0,0,0,0,0,0,0,0,0,False,e7b440fb0941a1e8378e4933361913c17d6a5179f03b8e9fc21085beaf345c44
1126,1125,RESEARCH_NO_PICK,NUMBER_STAGE_STOP,0,0,5,10,30,0,0,0,0,0,0,0,0,0,0,0,False,c4d9d40293754b89e3a13661b4c236cea4ed848ee5e0fd4576839f40cb609087
1127,1126,RESEARCH_NO_PICK,TRIO_STAGE_STOP,6,0,19,0,26,0,0,0,0,20,0,0,0,0,0,0,False,c315fe1ea3ad82a5b36fdcadf3eedd347013168bbcf583af05fb0fb15f7bb419
1128,1127,RESEARCH_NO_PICK,CORE_STAGE_STOP,12,0,22,2,21,0,42,0,42,178,303,0,0,0,303,0,False,cbdfac6746ffefb7c09ff19546ea103aa2a21146a6f823642758c8250790d2ee
1129,1128,RESEARCH_NO_PICK,CORE_STAGE_STOP,12,0,19,5,21,0,34,0,34,186,215,0,0,0,215,0,False,817b47b43929e08e9628d5d1eef8500651cc69e6e2385ba124e3f474f323bdc5
1130,1129,RESEARCH_NO_PICK,CORE_STAGE_STOP,12,0,29,4,12,0,52,0,52,168,485,0,0,0,485,0,False,90d853ae75282282fe22fcc8069c20671c94cb9ec02a0c1c5f36bf78397b5af7
1131,1130,RESEARCH_NO_PICK,TRIO_STAGE_STOP,12,0,18,0,27,0,0,0,0,220,0,0,0,0,0,0,False,d7aea5a3161b0696b7fb14a616180ed0db4aa006d6d8a6f654c4ea52314b0f0c
1132,1131,RESEARCH_NO_PICK,NUMBER_STAGE_STOP,0,0,2,29,14,0,0,0,0,0,0,0,0,0,0,0,False,694371994dcc26caea598c8e192368a1056cfb8257ae72b61c5ebf2ac9f9ae0f
1133,1132,RESEARCH_NO_PICK,CORE_STAGE_STOP,12,0,17,4,24,0,36,0,36,184,238,0,0,0,238,0,False,cc7656dbb9381cb3d159a3202694b02a358bde5d3a3e4be987fbcbc89a225315
1134,1133,RESEARCH_NO_PICK,TRIO_STAGE_STOP,12,0,16,0,29,0,0,0,0,220,0,0,0,0,0,0,False,8e41c1d3a8fa6da541cd364d2ed5510f0dd96012709be79bb78db4de6f831dd0
1135,1134,RESEARCH_NO_PICK,TRIO_STAGE_STOP,6,0,19,0,26,0,0,0,0,20,0,0,0,0,0,0,False,638f99df6cf308a133d7cde665146e50ed3977ba7b05de237d5dde544db0cb5b
1136,1135,RESEARCH_NO_PICK,TRIO_STAGE_STOP,7,0,22,1,22,0,0,0,0,35,0,0,0,0,0,0,False,b42e7a7c8bd56b50b117f096f316cdd503e664ad76633cec8de842c0062aa924
1137,1136,RESEARCH_NO_PICK,CORE_STAGE_STOP,12,0,24,4,17,0,54,0,54,166,435,0,0,0,435,0,False,f5135686d497f9a89880d37cef1c258bd1d79b48bc9050967ae273ec6a00aeea
1138,1137,RESEARCH_NO_PICK,NUMBER_STAGE_STOP,0,0,5,20,20,0,0,0,0,0,0,0,0,0,0,0,False,aad1c5ce00c9ffca2dc654db33180c68e48c2f647eca0733439546ef8918f54a
1139,1138,RESEARCH_NO_PICK,TRIO_STAGE_STOP,9,0,23,0,22,0,0,0,0,84,0,0,0,0,0,0,False,7374cf81dce8c5e265eabbeadcd096126f95de1bc23f9b673b919995324f74aa
1140,1139,RESEARCH_NO_PICK,NUMBER_STAGE_STOP,0,0,2,22,21,0,0,0,0,0,0,0,0,0,0,0,False,9b7ae7584234ae5f540cb9bdef27d0437869057da9890c06afe60fea90833c03
1141,1140,RESEARCH_NO_PICK,NUMBER_STAGE_STOP,0,0,2,16,27,0,0,0,0,0,0,0,0,0,0,0,False,b9720ab9372ae870b2b9c8e670f71e26a702bc3cc398ec202d9709b9db92ca70
1142,1141,RESEARCH_NO_PICK,TRIO_STAGE_STOP,11,0,22,0,23,0,0,0,0,165,0,0,0,0,0,0,False,e9e0f6381c7d2678f0d21a082ff7f5bdf0fef43097bd903ba544507d58c46135
1143,1142,RESEARCH_NO_PICK,CORE_STAGE_STOP,12,0,28,6,11,0,69,0,69,151,884,0,0,0,884,0,False,4c298b85ede2bd3cfe6fa3c1e181e1e07f38c2fec50d1b8a0dfb2eb01b4b740a
1144,1143,RESEARCH_NO_PICK,TRIO_STAGE_STOP,7,0,22,0,23,0,0,0,0,35,0,0,0,0,0,0,False,59e20223588bf25119d7dfd7654d8789819ab615f3c8da01c3ec7ebcd5afaef4
1145,1144,RESEARCH_NO_PICK,CORE_STAGE_STOP,12,0,17,12,16,0,62,0,62,158,689,0,0,0,689,0,False,5db3e2b29dc1378caa14cf61394437fd1315cce6bcdcee241d3dc9cf74b9fab7
1146,1145,RESEARCH_NO_PICK,TRIO_STAGE_STOP,12,0,19,0,26,0,0,0,0,220,0,0,0,0,0,0,False,28102af2da9fff3e4324a2acbab26ca8e9dfa3916bd83d3872f9816d63720bbc
1147,1146,RESEARCH_NO_PICK,NUMBER_STAGE_STOP,0,0,4,18,23,0,0,0,0,0,0,0,0,0,0,0,False,3687bc2dd47ac0433e445a7b3a02398141cbef462b4a1366f5220d7e5d12e040
1148,1147,RESEARCH_NO_PICK,TRIO_STAGE_STOP,12,0,23,0,22,0,0,0,0,220,0,0,0,0,0,0,False,9095892dc95fda5f73afae5d4bf57c98d78ab851b2d79aff7310010f3d226b2f
1149,1148,RESEARCH_NO_PICK,CORE_STAGE_STOP,12,0,23,3,19,0,66,0,66,154,807,0,0,0,807,0,False,828940c826888ac7b58f076c3a02997bd0a6fc85fce0b623972bf52890a435b5
1150,1149,RESEARCH_NO_PICK,NUMBER_STAGE_STOP,0,0,2,22,21,0,0,0,0,0,0,0,0,0,0,0,False,ad6e5bc56e31e84df2e9a75022ba5a33d8ff483e912e28409c6353ce8a3b572d
1151,1150,RESEARCH_NO_PICK,NUMBER_STAGE_STOP,0,0,4,0,41,0,0,0,0,0,0,0,0,0,0,0,False,f0e1c6e536458de2e23117736af2fd329dd5b08090c8b453953b0a167412d2a5
1152,1151,RESEARCH_NO_PICK,TRIO_STAGE_STOP,12,0,23,0,22,0,0,0,0,220,0,0,0,0,0,0,False,ab7c89a57809ac7788774dae0f9430e39b6bb2e5aca6ee2ed1d94ef298b0668b
1153,1152,RESEARCH_NO_PICK,TRIO_STAGE_STOP,12,0,15,1,29,0,0,0,0,48,0,0,0,0,0,0,False,5614d8656153ff36bcbf4cc983e049dd71df8a9845a1e254fd56335f284da8ae
1154,1153,RESEARCH_NO_PICK,CORE_STAGE_STOP,12,0,23,2,20,0,55,0,55,165,573,0,0,0,573,0,False,f3e0243728877fba89323f406ebc8b49435fb8cd3310cc32b53b13d90f648c46
1155,1154,RESEARCH_NO_PICK,TRIO_STAGE_STOP,9,0,20,1,24,0,0,0,0,84,0,0,0,0,0,0,False,82cd24301c274cc380d335339a72c610dcc860195967c2f5e3d132ddd991b922
1156,1155,RESEARCH_NO_PICK,NUMBER_STAGE_STOP,0,0,0,0,45,0,0,0,0,0,0,0,0,0,0,0,False,36708390c0c2aa11a387a92a2971d61ef6bd14d7945c4bf6ee42ada3c6cb5515
1157,1156,RESEARCH_NO_PICK,TRIO_STAGE_STOP,12,0,23,0,22,0,0,0,0,220,0,0,0,0,0,0,False,bf84d061aefabfc47041950594eebf6ff631ecf94e0496a33fdc967d1d9917bd
1158,1157,RESEARCH_NO_PICK,TRIO_STAGE_STOP,12,0,24,1,20,0,0,0,0,220,0,0,0,0,0,0,False,e98057c579a475668de20968201c039678edd936bb5e4d380ac03fe02c3d8434
1159,1158,RESEARCH_NO_PICK,TRIO_STAGE_STOP,8,0,29,0,16,0,0,0,0,56,0,0,0,0,0,0,False,82806a60358ae2cf7da8d5d384dda23e7e61cf5b361013e16d9e5e1aa5dc8aa8
1160,1159,RESEARCH_NO_PICK,TRIO_STAGE_STOP,11,0,22,2,21,0,0,0,0,165,0,0,0,0,0,0,False,34aa3b71a780e94a631634921865b8ee3df9cea7ecbab51bf1be1058efa28ef8
1161,1160,RESEARCH_NO_PICK,TRIO_STAGE_STOP,7,0,5,26,14,0,0,0,0,34,0,0,0,0,0,0,False,ba4d6167d27dff4052cd7de77d7cea30592fba3d2cfde6ac24ca94da0e301129
1162,1161,RESEARCH_NO_PICK,NUMBER_STAGE_STOP,0,0,2,0,43,0,0,0,0,0,0,0,0,0,0,0,False,dacc80528e167de8ed8be6c39bc14851d9d06fbda59add6ebcd01bb062b9dcd2
1163,1162,RESEARCH_NO_PICK,TRIO_STAGE_STOP,7,0,22,0,23,0,0,0,0,35,0,0,0,0,0,0,False,bc90cf8f39c40f59d2ffabbacddbc8ecf462f21bc92ea93fb725946aa4c1a20d
1164,1163,RESEARCH_NO_PICK,TRIO_STAGE_STOP,7,0,16,0,29,0,0,0,0,35,0,0,0,0,0,0,False,8a46129725501e9f43c90a85d4586efffc3ebcb89c7c743f6440b45dfd84570d
1165,1164,RESEARCH_NO_PICK,TRIO_STAGE_STOP,8,0,20,0,25,0,0,0,0,56,0,0,0,0,0,0,False,b4977fddd005ea091a78eda3354a0c49881aa00820ffce69192074cd9bce5a33
1166,1165,RESEARCH_NO_PICK,NUMBER_STAGE_STOP,0,0,4,0,41,0,0,0,0,0,0,0,0,0,0,0,False,3b71f6fc58f360ce16965bdf63660f637dbcef5290ce7f413103aad2baa3e262
1167,1166,RESEARCH_NO_PICK,TRIO_STAGE_STOP,12,0,22,1,22,0,0,0,0,220,0,0,0,0,0,0,False,6bfda98d90df108ddeca4509f11b53457d600d0def19a06be89cda0b5a5ea0a6
1168,1167,RESEARCH_NO_PICK,TRIO_STAGE_STOP,12,0,23,0,22,0,0,0,0,220,0,0,0,0,0,0,False,66c695af178eba1d1c08e8131551479b268a6f60e950636b57c0164b3b8dfade
1169,1168,RESEARCH_NO_PICK,TRIO_STAGE_STOP,8,0,19,0,26,0,0,0,0,56,0,0,0,0,0,0,False,9f0bae7def4c338d02075286d65bca404a99be2a9471daf19ccf123c78c310fa
1170,1169,RESEARCH_NO_PICK,CORE_STAGE_STOP,12,0,24,3,18,0,42,0,42,178,310,0,0,0,310,0,False,f3a8db36d111c5c5dd857127fbb7ed3bf423029f3d23994facd580dcc3761c6a
1171,1170,RESEARCH_NO_PICK,NUMBER_STAGE_STOP,0,0,2,8,34,1,0,0,0,0,0,0,0,0,0,0,False,9fab8f9bbf4ee5960fbe540a037816764ab255a0f06e81bc5024df7282e88892
1172,1171,RESEARCH_NO_PICK,TRIO_STAGE_STOP,6,0,14,0,31,0,0,0,0,20,0,0,0,0,0,0,False,18debf98726f1b9839a2ef75bc6e032f72f7364dfe1a31671ec959671f0722c6
1173,1172,RESEARCH_NO_PICK,TRIO_STAGE_STOP,12,0,21,1,23,0,0,0,0,193,0,0,0,0,0,0,False,ca9496c3e1f449ad13fee6064b9994456dffb2e82442caf0fc4fe2c6f094d375
1174,1173,RESEARCH_NO_PICK,TRIO_STAGE_STOP,12,0,19,0,26,0,0,0,0,220,0,0,0,0,0,0,False,c8ecd1e5ce21bf4f55151f57b41971199f2f6ae1ca8419f0887cf46614fce58e
1175,1174,RESEARCH_NO_PICK,NUMBER_STAGE_STOP,0,0,2,17,26,0,0,0,0,0,0,0,0,0,0,0,False,c60b28237a50cb873d1ae29a4ff5e537fa7684bb160247c4e09868054e4b8d7d
1176,1175,RESEARCH_NO_PICK,TRIO_STAGE_STOP,6,0,12,0,33,0,0,0,0,20,0,0,0,0,0,0,False,6e1c574a791f860b66183d7f6bfd9933c35393f62a25fade790cab7328da4b52
1177,1176,RESEARCH_NO_PICK,CORE_STAGE_STOP,12,0,22,3,20,0,47,0,47,173,365,0,0,0,365,0,False,1debf09e0ed3a2293dc788299f5dfcc2a799963b2d4e3f6b4bbb09a6093e8373
1178,1177,RESEARCH_NO_PICK,CORE_STAGE_STOP,12,0,18,4,23,0,50,0,50,170,466,0,0,0,466,0,False,5659ca796e78b9fe474ad8eed5a06a87bb8ace4d1c4139184eb292db2001a0e2
1179,1178,RESEARCH_NO_PICK,CORE_STAGE_STOP,11,0,18,3,24,0,26,0,26,139,100,0,0,0,100,0,False,d3cad990f951e5a7fabf2bbfec84bc7c7df928dd5d785c25cd7d0c24dea16690
1180,1179,RESEARCH_NO_PICK,NUMBER_STAGE_STOP,0,0,0,0,44,1,0,0,0,0,0,0,0,0,0,0,False,421ff51383d178e1c0e4dfb6ed4eac43337a32b8a595355d7cb0a9e12f57e0bd
1181,1180,RESEARCH_NO_PICK,TRIO_STAGE_STOP,10,0,19,0,26,0,0,0,0,120,0,0,0,0,0,0,False,0ae3a825572c0348dbb2d9bf261da187ceade67a513f69c32d3dc966491dc3ad
1182,1181,RESEARCH_NO_PICK,NUMBER_STAGE_STOP,0,0,5,15,25,0,0,0,0,0,0,0,0,0,0,0,False,976efd32a1af31d58c528fa2014322e744a929009cf451074ed4ceafbe392fa8
1183,1182,RESEARCH_NO_PICK,TRIO_STAGE_STOP,12,0,22,0,22,1,0,0,0,220,0,0,0,0,0,0,False,ae0a0f4aeee44d8864ee5f4b2c54f63a1f852910b4782123bf0b23548c51d25f
1184,1183,RESEARCH_NO_PICK,CORE_STAGE_STOP,12,0,19,7,18,1,45,0,45,175,336,0,0,0,336,0,False,f2a9e9ee5e980a492d21cdc499c95f0ce6fa78cdd1e203371bfaa357f33da970
1185,1184,RESEARCH_NO_PICK,CORE_STAGE_STOP,12,0,24,3,18,0,55,0,55,165,448,0,0,0,448,0,False,ea828d487f9c0ae552d1ba6937d9a29d26844cf58668a5c5a052d9759e6cc6e7
1186,1185,RESEARCH_NO_PICK,CORE_STAGE_STOP,12,0,21,3,21,0,64,0,64,156,743,0,0,0,743,0,False,220a5ae68b0c6d7a090c573bfca3783c5b0323aeb047bb3b12d2fc56e42dfe1c
1187,1186,RESEARCH_NO_PICK,TRIO_STAGE_STOP,12,1,21,2,21,0,0,0,0,220,0,0,0,0,0,0,False,a526988ce393ee316283013e57b5bbdac5c13ca1cef259931c0d3373ac3fb3ef
1188,1187,RESEARCH_NO_PICK,NUMBER_STAGE_STOP,0,0,1,18,26,0,0,0,0,0,0,0,0,0,0,0,False,c64ac1b35eedfd85bbead0970b04e768cd1469596c81f244d70c463ae155d7da
1189,1188,RESEARCH_NO_PICK,TRIO_STAGE_STOP,12,0,18,1,26,0,0,0,0,171,0,0,0,0,0,0,False,ce5adb92562593bdaef9f747d47f081dc55f85e5437dc8287c92b2843ac984b9
1190,1189,RESEARCH_NO_PICK,TRIO_STAGE_STOP,10,0,23,0,22,0,0,0,0,120,0,0,0,0,0,0,False,a55ca3c34025a1a3e83e84b2d6f7c9c7107a3eb388cf350a9497bd0717bb6f78
1191,1190,RESEARCH_NO_PICK,NUMBER_STAGE_STOP,0,0,1,22,22,0,0,0,0,0,0,0,0,0,0,0,False,efc4ef6539388db8d6f1c3416b582f7df211c4417cdbc5ad0fed99107850298f
1192,1191,RESEARCH_NO_PICK,TRIO_STAGE_STOP,12,0,18,1,26,0,0,0,0,87,0,0,0,0,0,0,False,e9839e78528396f3b1b85f13b5fbca30e3bc30ba3e1ec02f489693022e5a5985
1193,1192,RESEARCH_NO_PICK,TRIO_STAGE_STOP,9,0,23,0,22,0,0,0,0,84,0,0,0,0,0,0,False,52b828964c4978a1302feda77d710f8fab97fd6a3ae9d171633fc659c60aca43
1194,1193,RESEARCH_NO_PICK,TRIO_STAGE_STOP,12,0,18,1,26,0,0,0,0,220,0,0,0,0,0,0,False,54ed25195cc7347e10989df3a229a18528294a476027958df55571365edac476
1195,1194,RESEARCH_NO_PICK,NUMBER_STAGE_STOP,0,0,2,0,43,0,0,0,0,0,0,0,0,0,0,0,False,12c5a1841fb2e2770d4ef5f7d7a7e96a5c0dfb90d4b89eeb1326dc5f3b27d6bb
1196,1195,RESEARCH_NO_PICK,TRIO_STAGE_STOP,11,0,26,0,18,1,0,0,0,165,0,0,0,0,0,0,False,fcc8644fcc9982dfc75caaadd7c6ea51690fad2429cdbbf9f111462921c2f666
1197,1196,RESEARCH_NO_PICK,NUMBER_STAGE_STOP,0,0,3,0,40,2,0,0,0,0,0,0,0,0,0,0,False,3f61aebd3b1f8a1095b50625cf0d36154d7d01517124dd18bb348dcea210675a
1198,1197,RESEARCH_NO_PICK,TRIO_STAGE_STOP,12,0,17,0,28,0,0,0,0,220,0,0,0,0,0,0,False,ecc30908bd98cbdbe68da9249d14eeb01a1fc69dda9a39f4982c0acd401c04fe
1199,1198,RESEARCH_NO_PICK,TRIO_STAGE_STOP,12,0,19,0,26,0,0,0,0,156,0,0,0,0,0,0,False,3bc0c2659af1c62038295a3a3ae41b05f4d60a9a898816b882177b5c963bc3c0
1200,1199,RESEARCH_NO_PICK,CORE_STAGE_STOP,12,0,22,3,20,0,73,0,73,147,966,0,0,0,966,0,False,2d4f8db0459a34d340a877af9d130479ff4044a4017eb6afa381979b8738d833
1201,1200,RESEARCH_NO_PICK,TRIO_STAGE_STOP,9,0,20,1,24,0,0,0,0,84,0,0,0,0,0,0,False,e8b6f8c59cb7628a11f0687b11e296da6b33aeb5553aefac2a1e944807c46843
1202,1201,RESEARCH_NO_PICK,TRIO_STAGE_STOP,12,0,24,0,21,0,0,0,0,214,0,0,0,0,0,0,False,15d5d4338b115f5d1a85a94c21eaef2a13dfe9cdfaefe355030094a95dc2bb19
1203,1202,RESEARCH_NO_PICK,NUMBER_STAGE_STOP,0,0,5,23,17,0,0,0,0,0,0,0,0,0,0,0,False,4747f4ed1f1e6d8fd5ea45b11561d9b485128f8e27c3b7f25e49e0dad47dca27
1204,1203,RESEARCH_NO_PICK,NUMBER_STAGE_STOP,0,0,2,12,31,0,0,0,0,0,0,0,0,0,0,0,False,9ced3235ffc0e3413d744d40c86f3ae53be8413a8a0d2adc26fc8f5211039990
1205,1204,RESEARCH_NO_PICK,TRIO_STAGE_STOP,12,0,26,0,19,0,0,0,0,220,0,0,0,0,0,0,False,c30430e95fe87826f3cba29379e7d11988bbc87eed644133ae1a6db4f578aa4f
1206,1205,RESEARCH_NO_PICK,TRIO_STAGE_STOP,12,0,23,0,22,0,0,0,0,220,0,0,0,0,0,0,False,a795f2ff2e8e9e5f4bad42c06c245a9b86ee8017cb8edc3e1f2f9225cbbd83ab
1207,1206,RESEARCH_NO_PICK,CORE_STAGE_STOP,12,0,18,4,23,0,38,0,38,182,202,0,0,0,202,0,False,4f319fd0897fd740ed65d49d73801a150afe9e00eef486cd0424eb5d27ead993
1208,1207,RESEARCH_NO_PICK,TRIO_STAGE_STOP,12,0,24,0,21,0,0,0,0,220,0,0,0,0,0,0,False,dee311a61dab802ed2e283be859155d3d255691834392962b811db54550c1835
1209,1208,RESEARCH_NO_PICK,CORE_STAGE_STOP,12,0,24,3,18,0,64,0,64,156,705,0,0,0,705,0,False,8211ad12ea3610187e5612d5885d32c84935c02bd217d09022f6ebae6023830e
1210,1209,RESEARCH_NO_PICK,NUMBER_STAGE_STOP,0,0,1,21,22,1,0,0,0,0,0,0,0,0,0,0,False,693cc352d9188cfb666bcef6052128112089985bd9561284a37c23975f4da8a5
1211,1210,RESEARCH_NO_PICK,NUMBER_STAGE_STOP,0,0,3,0,42,0,0,0,0,0,0,0,0,0,0,0,False,691589580973ff81f5c63bcf29442c1ec949b2f6bc6def71362708da81a75a81
1212,1211,RESEARCH_NO_PICK,TRIO_STAGE_STOP,12,0,24,1,20,0,0,0,0,220,0,0,0,0,0,0,False,0b08ec6aeac1e14da0c48cacb6423fc19b5813f2005a14eed348fd790477a4b9
1213,1212,RESEARCH_NO_PICK,TRIO_STAGE_STOP,12,0,22,1,22,0,0,0,0,101,0,0,0,0,0,0,False,fba3be59d81fd7a642c4efc1561d057acefef6c3dff0821e04fd8999c9e9909d
1214,1213,RESEARCH_NO_PICK,NUMBER_STAGE_STOP,0,0,4,0,39,2,0,0,0,0,0,0,0,0,0,0,False,7e459819bfee520e0af043fde30f2bc88d9cf42ca1d061f5b14cd23b09573cc1
1215,1214,RESEARCH_NO_PICK,TRIO_STAGE_STOP,12,0,24,0,21,0,0,0,0,220,0,0,0,0,0,0,False,b3173b43c22bfe085974ee41cadddacc3125936980280ffdb8451bde46245e92
1216,1215,RESEARCH_NO_PICK,TRIO_STAGE_STOP,12,0,19,0,26,0,0,0,0,220,0,0,0,0,0,0,False,f283483a96e3fc0565ec3a2c53144f3cf9f20c2e1f9a1cd9857734de97bcf24a
1217,1216,RESEARCH_NO_PICK,TRIO_STAGE_STOP,12,0,18,1,26,0,0,0,0,220,0,0,0,0,0,0,False,5cea124df35e1e247df999cb0a9bc6428b318eb6c3ad2c000aa1413bacc6420f
1218,1217,RESEARCH_NO_PICK,NUMBER_STAGE_STOP,0,0,5,14,26,0,0,0,0,0,0,0,0,0,0,0,False,70b1ac4b09c8e2fd909cfc452a92219bb0d005234d6d6695a1780d7054d828a7
1219,1218,RESEARCH_NO_PICK,CORE_STAGE_STOP,12,0,22,4,18,1,46,0,46,174,333,0,0,0,333,0,False,eb58fa36a2c187b00c4c0d1e2652356622b5ab84e66483a7f4e3d2608017ed77
1220,1219,RESEARCH_NO_PICK,NUMBER_STAGE_STOP,0,0,0,19,26,0,0,0,0,0,0,0,0,0,0,0,False,d70fff28a53ee531c1531a55862cdcbe0e68fc6e66c6bbe6571e8d03a096b096
1221,1220,RESEARCH_NO_PICK,NUMBER_STAGE_STOP,0,0,1,21,23,0,0,0,0,0,0,0,0,0,0,0,False,8e68b3ec1e701404e49dd7441950fb1d04a144ae84484323409d2d4a4e70f145
1222,1221,RESEARCH_NO_PICK,TRIO_STAGE_STOP,12,0,19,0,26,0,0,0,0,220,0,0,0,0,0,0,False,89adb135c8b79e29411f04c76770a298f6d67a62475268c19a97cbb886a6fc15
1223,1222,RESEARCH_NO_PICK,NUMBER_STAGE_STOP,0,0,1,9,34,1,0,0,0,0,0,0,0,0,0,0,False,e936bcdc1061fa63f63b293c4af1b298c98625f9a1a514d0d444fb9021892f5d
1224,1223,RESEARCH_NO_PICK,TRIO_STAGE_STOP,12,0,21,0,24,0,0,0,0,220,0,0,0,0,0,0,False,3f9b95c09e2c8767b8cc4280c46ef2137b0b99b7a2d9572db7bbd0645f491680
1225,1224,RESEARCH_NO_PICK,NUMBER_STAGE_STOP,0,0,2,19,24,0,0,0,0,0,0,0,0,0,0,0,False,a8c0163368e5d4ae7005de50f290a6cc9948250748ead5de4d1ad88c80c53d47
1226,1225,RESEARCH_NO_PICK,CORE_STAGE_STOP,12,0,19,2,24,0,53,0,53,167,540,0,0,0,540,0,False,3d49191e053a3a71d4da514633821e3310f147f4a961eb995808e6f37540c570
1227,1226,RESEARCH_NO_PICK,NUMBER_STAGE_STOP,0,0,0,20,25,0,0,0,0,0,0,0,0,0,0,0,False,2eb14d56a2ff46d329832636c13cdd21ebc98504190d442afe97535b457693f3
1228,1227,RESEARCH_NO_PICK,CORE_STAGE_STOP,9,0,16,2,27,0,38,0,38,46,161,0,0,0,161,0,False,f9ac52bc86086377aac8a93f8f373b563ce1209f0c5c03bb79352ed49bc8b45e
1229,1228,RESEARCH_NO_PICK,TRIO_STAGE_STOP,9,0,18,1,26,0,0,0,0,84,0,0,0,0,0,0,False,78d3b0ba466731a80758c663398914eddfee992e66048a3f1890264bb9b12f3a
1230,1229,RESEARCH_NO_PICK,TRIO_STAGE_STOP,7,0,17,0,28,0,0,0,0,35,0,0,0,0,0,0,False,fc34060b07b785c7e5cfe83683815b352d1a735d59649a22d9d7b4f431d33424
1231,1230,RESEARCH_NO_PICK,TRIO_STAGE_STOP,12,0,25,0,20,0,0,0,0,220,0,0,0,0,0,0,False,e6b4e08584d1c579a351f67302a15ad94ce97f0596d0bb2cd6751f62588b1c26
1232,1231,RESEARCH_NO_PICK,TRIO_STAGE_STOP,12,0,21,0,24,0,0,0,0,35,0,0,0,0,0,0,False,16cc0902bee7d08dc4531588ed216e991dacbd791d89b4e4f9c0c2b806548b1a
1233,1232,RESEARCH_NO_PICK,CORE_STAGE_STOP,12,0,23,2,20,0,73,0,73,147,877,0,0,0,877,0,False,5909885a134276ba39d854c3c177d7418c7724e3768e2e647fc774bde3dc0d09
1234,1233,RESEARCH_NO_PICK,NUMBER_STAGE_STOP,0,0,1,21,23,0,0,0,0,0,0,0,0,0,0,0,False,3f28490efb5ec88ff3eb53d07dfb059a62a19e702161ef17504c34402c2d1bfe
1235,1234,RESEARCH_NO_PICK,NUMBER_STAGE_STOP,0,0,4,11,29,1,0,0,0,0,0,0,0,0,0,0,False,b656f7386c0b2397369fe0cd435a6ace33670e623c45241f0655925765db833f
