round,date,main_1,main_2,main_3,main_4,main_5,main_6,bonus,k1,k2,k3,total_sales_krw,price_per_game_krw,sold_lines,source_file,source_file_sha256
1,20021207,10,23,29,33,37,40,16,0,1,28,3681782000,2000,1840891,downloads/official-1-1237/raw/api-0124.json,d6b3da00d57e9c5123384b2a334a150be277d3b4575e561ebbab3ff2d1037629
2,20021214,9,13,21,25,32,42,2,1,2,103,4904274000,2000,2452137,downloads/official-1-1237/raw/api-0124.json,d6b3da00d57e9c5123384b2a334a150be277d3b4575e561ebbab3ff2d1037629
3,20021221,11,16,19,21,27,31,30,1,0,139,4729342000,2000,2364671,downloads/official-1-1237/raw/api-0124.json,d6b3da00d57e9c5123384b2a334a150be277d3b4575e561ebbab3ff2d1037629
4,20021228,14,27,30,31,40,42,2,0,1,29,5271464000,2000,2635732,downloads/official-1-1237/raw/api-0124.json,d6b3da00d57e9c5123384b2a334a150be277d3b4575e561ebbab3ff2d1037629
5,20030104,16,24,29,40,41,42,3,0,0,42,6277102000,2000,3138551,downloads/official-1-1237/raw/api-0124.json,d6b3da00d57e9c5123384b2a334a150be277d3b4575e561ebbab3ff2d1037629
6,20030111,14,15,26,27,40,42,34,1,3,138,15305356000,2000,7652678,downloads/official-1-1237/raw/api-0124.json,d6b3da00d57e9c5123384b2a334a150be277d3b4575e561ebbab3ff2d1037629
7,20030118,2,9,16,25,26,40,42,0,9,270,12794890000,2000,6397445,downloads/official-1-1237/raw/api-0124.json,d6b3da00d57e9c5123384b2a334a150be277d3b4575e561ebbab3ff2d1037629
8,20030125,8,19,25,34,37,39,9,0,6,348,20751450000,2000,10375725,downloads/official-1-1237/raw/api-0123.json,11ca32d2b0d265ef02f16a770b60098828a08661d39f99ae93c7657dae03f507
9,20030201,2,4,16,17,36,39,14,0,4,352,73624020000,2000,36812010,downloads/official-1-1237/raw/api-0123.json,11ca32d2b0d265ef02f16a770b60098828a08661d39f99ae93c7657dae03f507
10,20030208,9,25,30,33,41,44,6,13,236,11247,260856392000,2000,130428196,downloads/official-1-1237/raw/api-0123.json,11ca32d2b0d265ef02f16a770b60098828a08661d39f99ae93c7657dae03f507
11,20030215,1,7,36,37,41,42,14,5,11,428,91925306000,2000,45962653,downloads/official-1-1237/raw/api-0123.json,11ca32d2b0d265ef02f16a770b60098828a08661d39f99ae93c7657dae03f507
12,20030222,2,11,21,25,39,45,44,12,27,1903,76255508000,2000,38127754,downloads/official-1-1237/raw/api-0123.json,11ca32d2b0d265ef02f16a770b60098828a08661d39f99ae93c7657dae03f507
13,20030301,22,23,25,37,38,42,26,0,6,450,66532136000,2000,33266068,downloads/official-1-1237/raw/api-0123.json,11ca32d2b0d265ef02f16a770b60098828a08661d39f99ae93c7657dae03f507
14,20030308,2,6,12,31,33,40,15,4,28,1421,99838648000,2000,49919324,downloads/official-1-1237/raw/api-0123.json,11ca32d2b0d265ef02f16a770b60098828a08661d39f99ae93c7657dae03f507
15,20030315,3,4,16,30,31,37,13,1,16,509,73264910000,2000,36632455,downloads/official-1-1237/raw/api-0123.json,11ca32d2b0d265ef02f16a770b60098828a08661d39f99ae93c7657dae03f507
16,20030322,6,7,24,37,38,40,33,4,12,862,75777348000,2000,37888674,downloads/official-1-1237/raw/api-0123.json,11ca32d2b0d265ef02f16a770b60098828a08661d39f99ae93c7657dae03f507
17,20030329,3,4,9,17,32,37,1,3,9,1142,72718152000,2000,36359076,downloads/official-1-1237/raw/api-0123.json,11ca32d2b0d265ef02f16a770b60098828a08661d39f99ae93c7657dae03f507
18,20030405,3,12,13,19,32,35,29,0,15,664,66371660000,2000,33185830,downloads/official-1-1237/raw/api-0122.json,76ae116eee92011cee8c0c408a14094203b9fb551abe88a8be7fc020fbaaca9d
19,20030412,6,30,38,39,40,43,26,1,14,697,105957818000,2000,52978909,downloads/official-1-1237/raw/api-0122.json,76ae116eee92011cee8c0c408a14094203b9fb551abe88a8be7fc020fbaaca9d
20,20030419,10,14,18,20,23,30,41,1,14,888,81056776000,2000,40528388,downloads/official-1-1237/raw/api-0122.json,76ae116eee92011cee8c0c408a14094203b9fb551abe88a8be7fc020fbaaca9d
21,20030426,6,12,17,18,31,32,21,23,26,2008,84247142000,2000,42123571,downloads/official-1-1237/raw/api-0122.json,76ae116eee92011cee8c0c408a14094203b9fb551abe88a8be7fc020fbaaca9d
22,20030503,4,5,6,8,17,39,25,4,32,827,79455152000,2000,39727576,downloads/official-1-1237/raw/api-0122.json,76ae116eee92011cee8c0c408a14094203b9fb551abe88a8be7fc020fbaaca9d
23,20030510,5,13,17,18,33,42,44,4,23,1372,77374256000,2000,38687128,downloads/official-1-1237/raw/api-0122.json,76ae116eee92011cee8c0c408a14094203b9fb551abe88a8be7fc020fbaaca9d
24,20030517,7,8,27,29,36,43,6,0,18,925,78486634000,2000,39243317,downloads/official-1-1237/raw/api-0122.json,76ae116eee92011cee8c0c408a14094203b9fb551abe88a8be7fc020fbaaca9d
25,20030524,2,4,21,26,43,44,16,2,28,1111,120073768000,2000,60036884,downloads/official-1-1237/raw/api-0122.json,76ae116eee92011cee8c0c408a14094203b9fb551abe88a8be7fc020fbaaca9d
26,20030531,4,5,7,18,20,25,31,5,39,1340,80193026000,2000,40096513,downloads/official-1-1237/raw/api-0122.json,76ae116eee92011cee8c0c408a14094203b9fb551abe88a8be7fc020fbaaca9d
27,20030607,1,20,26,28,37,43,27,2,16,579,76145050000,2000,38072525,downloads/official-1-1237/raw/api-0122.json,76ae116eee92011cee8c0c408a14094203b9fb551abe88a8be7fc020fbaaca9d
28,20030614,9,18,23,25,35,37,1,10,22,1164,75448366000,2000,37724183,downloads/official-1-1237/raw/api-0121.json,5639f373cb78b28c1efa5037ac1d300920d602c0eeedfb1c6565ddff06c0cb81
29,20030621,1,5,13,34,39,40,11,5,17,752,74523120000,2000,37261560,downloads/official-1-1237/raw/api-0121.json,5639f373cb78b28c1efa5037ac1d300920d602c0eeedfb1c6565ddff06c0cb81
30,20030628,8,17,20,35,36,44,4,2,22,872,72399690000,2000,36199845,downloads/official-1-1237/raw/api-0121.json,5639f373cb78b28c1efa5037ac1d300920d602c0eeedfb1c6565ddff06c0cb81
31,20030705,7,9,18,23,28,35,32,2,29,1130,71317306000,2000,35658653,downloads/official-1-1237/raw/api-0121.json,5639f373cb78b28c1efa5037ac1d300920d602c0eeedfb1c6565ddff06c0cb81
32,20030712,6,14,19,25,34,44,11,10,49,1203,71179198000,2000,35589599,downloads/official-1-1237/raw/api-0121.json,5639f373cb78b28c1efa5037ac1d300920d602c0eeedfb1c6565ddff06c0cb81
33,20030719,4,7,32,33,40,41,9,1,41,1063,67457252000,2000,33728626,downloads/official-1-1237/raw/api-0121.json,5639f373cb78b28c1efa5037ac1d300920d602c0eeedfb1c6565ddff06c0cb81
34,20030726,9,26,35,37,40,42,2,5,45,1264,69389894000,2000,34694947,downloads/official-1-1237/raw/api-0121.json,5639f373cb78b28c1efa5037ac1d300920d602c0eeedfb1c6565ddff06c0cb81
35,20030802,2,3,11,26,37,43,39,3,24,933,66143062000,2000,33071531,downloads/official-1-1237/raw/api-0121.json,5639f373cb78b28c1efa5037ac1d300920d602c0eeedfb1c6565ddff06c0cb81
36,20030809,1,10,23,26,28,40,31,1,19,768,66856686000,2000,33428343,downloads/official-1-1237/raw/api-0121.json,5639f373cb78b28c1efa5037ac1d300920d602c0eeedfb1c6565ddff06c0cb81
37,20030816,7,27,30,33,35,37,42,3,20,857,65509794000,2000,32754897,downloads/official-1-1237/raw/api-0121.json,5639f373cb78b28c1efa5037ac1d300920d602c0eeedfb1c6565ddff06c0cb81
38,20030823,16,17,22,30,37,43,36,3,18,679,67369284000,2000,33684642,downloads/official-1-1237/raw/api-0120.json,80f6c459c8f251951c1d2fb82896f473f260bcd001eca89c45fd19a455c1935f
39,20030830,6,7,13,15,21,43,8,6,25,699,66094476000,2000,33047238,downloads/official-1-1237/raw/api-0120.json,80f6c459c8f251951c1d2fb82896f473f260bcd001eca89c45fd19a455c1935f
40,20030906,7,13,18,19,25,26,6,13,44,1055,65699086000,2000,32849543,downloads/official-1-1237/raw/api-0120.json,80f6c459c8f251951c1d2fb82896f473f260bcd001eca89c45fd19a455c1935f
41,20030913,13,20,23,35,38,43,34,0,21,700,57624562000,2000,28812281,downloads/official-1-1237/raw/api-0120.json,80f6c459c8f251951c1d2fb82896f473f260bcd001eca89c45fd19a455c1935f
42,20030920,17,18,19,21,23,32,1,6,35,1405,119909740000,2000,59954870,downloads/official-1-1237/raw/api-0120.json,80f6c459c8f251951c1d2fb82896f473f260bcd001eca89c45fd19a455c1935f
43,20030927,6,31,35,38,39,44,1,1,21,926,74686296000,2000,37343148,downloads/official-1-1237/raw/api-0120.json,80f6c459c8f251951c1d2fb82896f473f260bcd001eca89c45fd19a455c1935f
44,20031004,3,11,21,30,38,45,39,5,23,785,69956950000,2000,34978475,downloads/official-1-1237/raw/api-0120.json,80f6c459c8f251951c1d2fb82896f473f260bcd001eca89c45fd19a455c1935f
45,20031011,1,10,20,27,33,35,17,2,27,890,71216232000,2000,35608116,downloads/official-1-1237/raw/api-0120.json,80f6c459c8f251951c1d2fb82896f473f260bcd001eca89c45fd19a455c1935f
46,20031018,8,13,15,23,31,38,39,3,39,1043,68181568000,2000,34090784,downloads/official-1-1237/raw/api-0120.json,80f6c459c8f251951c1d2fb82896f473f260bcd001eca89c45fd19a455c1935f
47,20031025,14,17,26,31,36,45,27,5,11,902,67756694000,2000,33878347,downloads/official-1-1237/raw/api-0120.json,80f6c459c8f251951c1d2fb82896f473f260bcd001eca89c45fd19a455c1935f
48,20031101,6,10,18,26,37,38,3,6,25,1279,65806832000,2000,32903416,downloads/official-1-1237/raw/api-0119.json,6a5a827d82db7a8ea12380569a970cdedbfe1e4aa909df7a0d8357551ceb7c58
49,20031108,4,7,16,19,33,40,30,7,49,1487,64501142000,2000,32250571,downloads/official-1-1237/raw/api-0119.json,6a5a827d82db7a8ea12380569a970cdedbfe1e4aa909df7a0d8357551ceb7c58
50,20031115,2,10,12,15,22,44,1,3,14,826,65563234000,2000,32781617,downloads/official-1-1237/raw/api-0119.json,6a5a827d82db7a8ea12380569a970cdedbfe1e4aa909df7a0d8357551ceb7c58
51,20031122,2,3,11,16,26,44,35,6,26,961,62553680000,2000,31276840,downloads/official-1-1237/raw/api-0119.json,6a5a827d82db7a8ea12380569a970cdedbfe1e4aa909df7a0d8357551ceb7c58
52,20031129,2,4,15,16,20,29,1,4,13,669,64393446000,2000,32196723,downloads/official-1-1237/raw/api-0119.json,6a5a827d82db7a8ea12380569a970cdedbfe1e4aa909df7a0d8357551ceb7c58
53,20031206,7,8,14,32,33,39,42,3,25,802,64996010000,2000,32498005,downloads/official-1-1237/raw/api-0119.json,6a5a827d82db7a8ea12380569a970cdedbfe1e4aa909df7a0d8357551ceb7c58
54,20031213,1,8,21,27,36,39,37,3,15,719,63833006000,2000,31916503,downloads/official-1-1237/raw/api-0119.json,6a5a827d82db7a8ea12380569a970cdedbfe1e4aa909df7a0d8357551ceb7c58
55,20031220,17,21,31,37,40,44,7,2,24,728,62195764000,2000,31097882,downloads/official-1-1237/raw/api-0119.json,6a5a827d82db7a8ea12380569a970cdedbfe1e4aa909df7a0d8357551ceb7c58
56,20031227,10,14,30,31,33,37,19,4,29,1359,65258932000,2000,32629466,downloads/official-1-1237/raw/api-0119.json,6a5a827d82db7a8ea12380569a970cdedbfe1e4aa909df7a0d8357551ceb7c58
57,20040103,7,10,16,25,29,44,6,4,25,960,70132666000,2000,35066333,downloads/official-1-1237/raw/api-0119.json,6a5a827d82db7a8ea12380569a970cdedbfe1e4aa909df7a0d8357551ceb7c58
58,20040110,10,24,25,33,40,44,1,4,39,1318,66638136000,2000,33319068,downloads/official-1-1237/raw/api-0118.json,f308893605e2e4ee836b686dcfe607c2b682cb7f3293d5dc0f6505cc4d259bd5
59,20040117,6,29,36,39,41,45,13,4,23,651,67563698000,2000,33781849,downloads/official-1-1237/raw/api-0118.json,f308893605e2e4ee836b686dcfe607c2b682cb7f3293d5dc0f6505cc4d259bd5
60,20040124,2,8,25,36,39,42,11,7,27,1088,65405936000,2000,32702968,downloads/official-1-1237/raw/api-0118.json,f308893605e2e4ee836b686dcfe607c2b682cb7f3293d5dc0f6505cc4d259bd5
61,20040131,14,15,19,30,38,43,8,5,11,789,73312994000,2000,36656497,downloads/official-1-1237/raw/api-0118.json,f308893605e2e4ee836b686dcfe607c2b682cb7f3293d5dc0f6505cc4d259bd5
62,20040207,3,8,15,27,29,35,21,1,22,829,66740368000,2000,33370184,downloads/official-1-1237/raw/api-0118.json,f308893605e2e4ee836b686dcfe607c2b682cb7f3293d5dc0f6505cc4d259bd5
63,20040214,3,20,23,36,38,40,5,2,26,824,67074050000,2000,33537025,downloads/official-1-1237/raw/api-0118.json,f308893605e2e4ee836b686dcfe607c2b682cb7f3293d5dc0f6505cc4d259bd5
64,20040221,14,15,18,21,26,36,39,4,11,651,65085154000,2000,32542577,downloads/official-1-1237/raw/api-0118.json,f308893605e2e4ee836b686dcfe607c2b682cb7f3293d5dc0f6505cc4d259bd5
65,20040228,4,25,33,36,40,43,39,4,27,1003,66685144000,2000,33342572,downloads/official-1-1237/raw/api-0118.json,f308893605e2e4ee836b686dcfe607c2b682cb7f3293d5dc0f6505cc4d259bd5
66,20040306,2,3,7,17,22,24,45,4,19,786,63378796000,2000,31689398,downloads/official-1-1237/raw/api-0118.json,f308893605e2e4ee836b686dcfe607c2b682cb7f3293d5dc0f6505cc4d259bd5
67,20040313,3,7,10,15,36,38,33,7,62,972,64314872000,2000,32157436,downloads/official-1-1237/raw/api-0118.json,f308893605e2e4ee836b686dcfe607c2b682cb7f3293d5dc0f6505cc4d259bd5
68,20040320,10,12,15,16,26,39,38,5,20,754,63813236000,2000,31906618,downloads/official-1-1237/raw/api-0117.json,7293aa73828acca49e15653ee0627d108b9f134bb63c7e53e65af6c5e8d72dd9
69,20040327,5,8,14,15,19,39,35,3,20,766,63711302000,2000,31855651,downloads/official-1-1237/raw/api-0117.json,7293aa73828acca49e15653ee0627d108b9f134bb63c7e53e65af6c5e8d72dd9
70,20040403,5,19,22,25,28,43,26,3,14,717,63232578000,2000,31616289,downloads/official-1-1237/raw/api-0117.json,7293aa73828acca49e15653ee0627d108b9f134bb63c7e53e65af6c5e8d72dd9
71,20040410,5,9,12,16,29,41,21,0,28,782,62889986000,2000,31444993,downloads/official-1-1237/raw/api-0117.json,7293aa73828acca49e15653ee0627d108b9f134bb63c7e53e65af6c5e8d72dd9
72,20040417,2,4,11,17,26,27,1,13,44,2510,125651214000,2000,62825607,downloads/official-1-1237/raw/api-0117.json,7293aa73828acca49e15653ee0627d108b9f134bb63c7e53e65af6c5e8d72dd9
73,20040424,3,12,18,32,40,43,38,6,26,1363,72635862000,2000,36317931,downloads/official-1-1237/raw/api-0117.json,7293aa73828acca49e15653ee0627d108b9f134bb63c7e53e65af6c5e8d72dd9
74,20040501,6,15,17,18,35,40,23,3,40,1021,68902158000,2000,34451079,downloads/official-1-1237/raw/api-0117.json,7293aa73828acca49e15653ee0627d108b9f134bb63c7e53e65af6c5e8d72dd9
75,20040508,2,5,24,32,34,44,28,4,19,817,66138372000,2000,33069186,downloads/official-1-1237/raw/api-0117.json,7293aa73828acca49e15653ee0627d108b9f134bb63c7e53e65af6c5e8d72dd9
76,20040515,1,3,15,22,25,37,43,2,17,840,65083924000,2000,32541962,downloads/official-1-1237/raw/api-0117.json,7293aa73828acca49e15653ee0627d108b9f134bb63c7e53e65af6c5e8d72dd9
77,20040522,2,18,29,32,43,44,37,3,19,713,64420666000,2000,32210333,downloads/official-1-1237/raw/api-0117.json,7293aa73828acca49e15653ee0627d108b9f134bb63c7e53e65af6c5e8d72dd9
78,20040529,10,13,25,29,33,35,38,4,22,910,61257794000,2000,30628897,downloads/official-1-1237/raw/api-0116.json,2243957efef0fd9aecb5e56cc4082746b925013aefa42bd99ccc16759dfe4313
79,20040605,3,12,24,27,30,32,14,4,31,1196,60390004000,2000,30195002,downloads/official-1-1237/raw/api-0116.json,2243957efef0fd9aecb5e56cc4082746b925013aefa42bd99ccc16759dfe4313
80,20040612,17,18,24,25,26,30,1,1,16,868,60160440000,2000,30080220,downloads/official-1-1237/raw/api-0116.json,2243957efef0fd9aecb5e56cc4082746b925013aefa42bd99ccc16759dfe4313
81,20040619,5,7,11,13,20,33,6,5,20,1046,60983308000,2000,30491654,downloads/official-1-1237/raw/api-0116.json,2243957efef0fd9aecb5e56cc4082746b925013aefa42bd99ccc16759dfe4313
82,20040626,1,2,3,14,27,42,39,1,20,637,61302808000,2000,30651404,downloads/official-1-1237/raw/api-0116.json,2243957efef0fd9aecb5e56cc4082746b925013aefa42bd99ccc16759dfe4313
83,20040703,6,10,15,17,19,34,14,2,15,851,62512062000,2000,31256031,downloads/official-1-1237/raw/api-0116.json,2243957efef0fd9aecb5e56cc4082746b925013aefa42bd99ccc16759dfe4313
84,20040710,16,23,27,34,42,45,11,2,17,635,62780760000,2000,31390380,downloads/official-1-1237/raw/api-0116.json,2243957efef0fd9aecb5e56cc4082746b925013aefa42bd99ccc16759dfe4313
85,20040717,6,8,13,23,31,36,21,4,31,823,59451304000,2000,29725652,downloads/official-1-1237/raw/api-0116.json,2243957efef0fd9aecb5e56cc4082746b925013aefa42bd99ccc16759dfe4313
86,20040724,2,12,37,39,41,45,33,1,16,611,59835968000,2000,29917984,downloads/official-1-1237/raw/api-0116.json,2243957efef0fd9aecb5e56cc4082746b925013aefa42bd99ccc16759dfe4313
87,20040731,4,12,16,23,34,43,26,11,33,1250,83793642000,2000,41896821,downloads/official-1-1237/raw/api-0116.json,2243957efef0fd9aecb5e56cc4082746b925013aefa42bd99ccc16759dfe4313
88,20040807,1,17,20,24,30,41,27,4,31,1183,51910612000,1000,51910612,downloads/official-1-1237/raw/api-0115.json,bd33285bab4f61349f4e7bcdcb0dfbdb892e4df3c4dbfc2338db88cdb75e8f6a
89,20040814,4,26,28,29,33,40,37,3,30,1340,55102179000,1000,55102179,downloads/official-1-1237/raw/api-0115.json,bd33285bab4f61349f4e7bcdcb0dfbdb892e4df3c4dbfc2338db88cdb75e8f6a
90,20040821,17,20,29,35,38,44,10,4,34,1297,55493544000,1000,55493544,downloads/official-1-1237/raw/api-0115.json,bd33285bab4f61349f4e7bcdcb0dfbdb892e4df3c4dbfc2338db88cdb75e8f6a
91,20040828,1,21,24,26,29,42,27,4,32,1205,59061052000,1000,59061052,downloads/official-1-1237/raw/api-0115.json,bd33285bab4f61349f4e7bcdcb0dfbdb892e4df3c4dbfc2338db88cdb75e8f6a
92,20040904,3,14,24,33,35,36,17,11,50,1623,58296001000,1000,58296001,downloads/official-1-1237/raw/api-0115.json,bd33285bab4f61349f4e7bcdcb0dfbdb892e4df3c4dbfc2338db88cdb75e8f6a
93,20040911,6,22,24,36,38,44,19,6,26,1462,57236313000,1000,57236313,downloads/official-1-1237/raw/api-0115.json,bd33285bab4f61349f4e7bcdcb0dfbdb892e4df3c4dbfc2338db88cdb75e8f6a
94,20040918,5,32,34,40,41,45,6,6,38,1353,57144729000,1000,57144729,downloads/official-1-1237/raw/api-0115.json,bd33285bab4f61349f4e7bcdcb0dfbdb892e4df3c4dbfc2338db88cdb75e8f6a
95,20040925,8,17,27,31,34,43,14,8,48,1728,60077493000,1000,60077493,downloads/official-1-1237/raw/api-0115.json,bd33285bab4f61349f4e7bcdcb0dfbdb892e4df3c4dbfc2338db88cdb75e8f6a
96,20041002,1,3,8,21,22,31,20,7,38,1197,54217572000,1000,54217572,downloads/official-1-1237/raw/api-0115.json,bd33285bab4f61349f4e7bcdcb0dfbdb892e4df3c4dbfc2338db88cdb75e8f6a
97,20041009,6,7,14,15,20,36,3,9,46,1543,57713200000,1000,57713200,downloads/official-1-1237/raw/api-0115.json,bd33285bab4f61349f4e7bcdcb0dfbdb892e4df3c4dbfc2338db88cdb75e8f6a
98,20041016,6,9,16,23,24,32,43,4,45,1880,56231084000,1000,56231084,downloads/official-1-1237/raw/api-0114.json,5fbcea0b168facf78123a48d620359ce4d6531eab07e7634de53ea9524c1ea99
99,20041023,1,3,10,27,29,37,11,6,40,1581,56207491000,1000,56207491,downloads/official-1-1237/raw/api-0114.json,5fbcea0b168facf78123a48d620359ce4d6531eab07e7634de53ea9524c1ea99
100,20041030,1,7,11,23,37,42,6,4,36,1544,56561977000,1000,56561977,downloads/official-1-1237/raw/api-0114.json,5fbcea0b168facf78123a48d620359ce4d6531eab07e7634de53ea9524c1ea99
101,20041106,1,3,17,32,35,45,8,5,38,1405,57585065000,1000,57585065,downloads/official-1-1237/raw/api-0114.json,5fbcea0b168facf78123a48d620359ce4d6531eab07e7634de53ea9524c1ea99
102,20041113,17,22,24,26,35,40,42,9,24,1352,56937962000,1000,56937962,downloads/official-1-1237/raw/api-0114.json,5fbcea0b168facf78123a48d620359ce4d6531eab07e7634de53ea9524c1ea99
103,20041120,5,14,15,27,30,45,10,8,38,1583,57420615000,1000,57420615,downloads/official-1-1237/raw/api-0114.json,5fbcea0b168facf78123a48d620359ce4d6531eab07e7634de53ea9524c1ea99
104,20041127,17,32,33,34,42,44,35,2,23,1293,56533705000,1000,56533705,downloads/official-1-1237/raw/api-0114.json,5fbcea0b168facf78123a48d620359ce4d6531eab07e7634de53ea9524c1ea99
105,20041204,8,10,20,34,41,45,28,4,26,1331,57479716000,1000,57479716,downloads/official-1-1237/raw/api-0114.json,5fbcea0b168facf78123a48d620359ce4d6531eab07e7634de53ea9524c1ea99
106,20041211,4,10,12,22,24,33,29,16,40,2056,57384485000,1000,57384485,downloads/official-1-1237/raw/api-0114.json,5fbcea0b168facf78123a48d620359ce4d6531eab07e7634de53ea9524c1ea99
107,20041218,1,4,5,6,9,31,17,2,35,2181,57545202000,1000,57545202,downloads/official-1-1237/raw/api-0114.json,5fbcea0b168facf78123a48d620359ce4d6531eab07e7634de53ea9524c1ea99
108,20041225,7,18,22,23,29,44,12,7,41,1462,58875228000,1000,58875228,downloads/official-1-1237/raw/api-0113.json,ebb5ae00ad4ece25d39982060a3204c3c3aae14a499c7166492359745f3296c8
109,20050101,1,5,34,36,42,44,33,12,31,1493,62584098000,1000,62584098,downloads/official-1-1237/raw/api-0113.json,ebb5ae00ad4ece25d39982060a3204c3c3aae14a499c7166492359745f3296c8
110,20050108,7,20,22,23,29,43,1,3,38,1392,57625490000,1000,57625490,downloads/official-1-1237/raw/api-0113.json,ebb5ae00ad4ece25d39982060a3204c3c3aae14a499c7166492359745f3296c8
111,20050115,7,18,31,33,36,40,27,6,51,1734,57876999000,1000,57876999,downloads/official-1-1237/raw/api-0113.json,ebb5ae00ad4ece25d39982060a3204c3c3aae14a499c7166492359745f3296c8
112,20050122,26,29,30,33,41,42,43,9,32,1370,59292005000,1000,59292005,downloads/official-1-1237/raw/api-0113.json,ebb5ae00ad4ece25d39982060a3204c3c3aae14a499c7166492359745f3296c8
113,20050129,4,9,28,33,36,45,26,9,43,1479,59258248000,1000,59258248,downloads/official-1-1237/raw/api-0113.json,ebb5ae00ad4ece25d39982060a3204c3c3aae14a499c7166492359745f3296c8
114,20050205,11,14,19,26,28,41,2,6,41,1491,60079401000,1000,60079401,downloads/official-1-1237/raw/api-0113.json,ebb5ae00ad4ece25d39982060a3204c3c3aae14a499c7166492359745f3296c8
115,20050212,1,2,6,9,25,28,31,9,34,1990,59130557000,1000,59130557,downloads/official-1-1237/raw/api-0113.json,ebb5ae00ad4ece25d39982060a3204c3c3aae14a499c7166492359745f3296c8
116,20050219,2,4,25,31,34,37,17,7,56,1735,61606084000,1000,61606084,downloads/official-1-1237/raw/api-0113.json,ebb5ae00ad4ece25d39982060a3204c3c3aae14a499c7166492359745f3296c8
117,20050226,5,10,22,34,36,44,35,9,50,1642,59429610000,1000,59429610,downloads/official-1-1237/raw/api-0113.json,ebb5ae00ad4ece25d39982060a3204c3c3aae14a499c7166492359745f3296c8
118,20050305,3,4,10,17,19,22,38,10,41,1671,57171934000,1000,57171934,downloads/official-1-1237/raw/api-0112.json,34d4dcc191b1a777069e58b4d76a87ca670eb0154a32ede1884f379de87aead1
119,20050312,3,11,13,14,17,21,38,9,49,1936,57800632000,1000,57800632,downloads/official-1-1237/raw/api-0112.json,34d4dcc191b1a777069e58b4d76a87ca670eb0154a32ede1884f379de87aead1
120,20050319,4,6,10,11,32,37,30,3,31,1605,57418983000,1000,57418983,downloads/official-1-1237/raw/api-0112.json,34d4dcc191b1a777069e58b4d76a87ca670eb0154a32ede1884f379de87aead1
121,20050326,12,28,30,34,38,43,9,2,31,1342,57134544000,1000,57134544,downloads/official-1-1237/raw/api-0112.json,34d4dcc191b1a777069e58b4d76a87ca670eb0154a32ede1884f379de87aead1
122,20050402,1,11,16,17,36,40,8,9,38,1403,56171704000,1000,56171704,downloads/official-1-1237/raw/api-0112.json,34d4dcc191b1a777069e58b4d76a87ca670eb0154a32ede1884f379de87aead1
123,20050409,7,17,18,28,30,45,27,5,38,1477,54097448000,1000,54097448,downloads/official-1-1237/raw/api-0112.json,34d4dcc191b1a777069e58b4d76a87ca670eb0154a32ede1884f379de87aead1
124,20050416,4,16,23,25,29,42,1,9,37,1540,54180838000,1000,54180838,downloads/official-1-1237/raw/api-0112.json,34d4dcc191b1a777069e58b4d76a87ca670eb0154a32ede1884f379de87aead1
125,20050423,2,8,32,33,35,36,18,7,36,1444,53149705000,1000,53149705,downloads/official-1-1237/raw/api-0112.json,34d4dcc191b1a777069e58b4d76a87ca670eb0154a32ede1884f379de87aead1
126,20050430,7,20,22,27,40,43,1,9,35,1439,52748965000,1000,52748965,downloads/official-1-1237/raw/api-0112.json,34d4dcc191b1a777069e58b4d76a87ca670eb0154a32ede1884f379de87aead1
127,20050507,3,5,10,29,32,43,35,6,43,1279,50752603000,1000,50752603,downloads/official-1-1237/raw/api-0112.json,34d4dcc191b1a777069e58b4d76a87ca670eb0154a32ede1884f379de87aead1
128,20050514,12,30,34,36,37,45,39,6,23,1192,52310392000,1000,52310392,downloads/official-1-1237/raw/api-0111.json,39319e70380d4d0d817733e341dce0cdf00648b47f1892f97d32922ae7679d9e
129,20050521,19,23,25,28,38,42,17,11,50,1473,51555754000,1000,51555754,downloads/official-1-1237/raw/api-0111.json,39319e70380d4d0d817733e341dce0cdf00648b47f1892f97d32922ae7679d9e
130,20050528,7,19,24,27,42,45,31,4,30,1273,51359012000,1000,51359012,downloads/official-1-1237/raw/api-0111.json,39319e70380d4d0d817733e341dce0cdf00648b47f1892f97d32922ae7679d9e
131,20050604,8,10,11,14,15,21,37,8,33,1645,50231773000,1000,50231773,downloads/official-1-1237/raw/api-0111.json,39319e70380d4d0d817733e341dce0cdf00648b47f1892f97d32922ae7679d9e
132,20050611,3,17,23,34,41,45,43,4,34,1382,49921897000,1000,49921897,downloads/official-1-1237/raw/api-0111.json,39319e70380d4d0d817733e341dce0cdf00648b47f1892f97d32922ae7679d9e
133,20050618,4,7,15,18,23,26,13,8,51,1466,50889926000,1000,50889926,downloads/official-1-1237/raw/api-0111.json,39319e70380d4d0d817733e341dce0cdf00648b47f1892f97d32922ae7679d9e
134,20050625,3,12,20,23,31,35,43,5,50,1433,50445575000,1000,50445575,downloads/official-1-1237/raw/api-0111.json,39319e70380d4d0d817733e341dce0cdf00648b47f1892f97d32922ae7679d9e
135,20050702,6,14,22,28,35,39,16,7,28,1424,51062672000,1000,51062672,downloads/official-1-1237/raw/api-0111.json,39319e70380d4d0d817733e341dce0cdf00648b47f1892f97d32922ae7679d9e
136,20050709,2,16,30,36,41,42,11,6,26,1279,51144633000,1000,51144633,downloads/official-1-1237/raw/api-0111.json,39319e70380d4d0d817733e341dce0cdf00648b47f1892f97d32922ae7679d9e
137,20050716,7,9,20,25,36,39,15,9,40,1578,49978654000,1000,49978654,downloads/official-1-1237/raw/api-0111.json,39319e70380d4d0d817733e341dce0cdf00648b47f1892f97d32922ae7679d9e
138,20050723,10,11,27,28,37,39,19,5,32,1251,47688450000,1000,47688450,downloads/official-1-1237/raw/api-0110.json,3f8d5bbe10c16712315109a0aa8bd8d44194db01e4d5e9348ebeddcd8b82cdd1
139,20050730,9,11,15,20,28,43,13,7,28,1128,48371085000,1000,48371085,downloads/official-1-1237/raw/api-0110.json,3f8d5bbe10c16712315109a0aa8bd8d44194db01e4d5e9348ebeddcd8b82cdd1
140,20050806,3,13,17,18,19,28,8,5,34,1310,45983464000,1000,45983464,downloads/official-1-1237/raw/api-0110.json,3f8d5bbe10c16712315109a0aa8bd8d44194db01e4d5e9348ebeddcd8b82cdd1
141,20050813,8,12,29,31,42,43,2,6,29,1144,48016958000,1000,48016958,downloads/official-1-1237/raw/api-0110.json,3f8d5bbe10c16712315109a0aa8bd8d44194db01e4d5e9348ebeddcd8b82cdd1
142,20050820,12,16,30,34,40,44,19,11,28,1326,48012844000,1000,48012844,downloads/official-1-1237/raw/api-0110.json,3f8d5bbe10c16712315109a0aa8bd8d44194db01e4d5e9348ebeddcd8b82cdd1
143,20050827,26,27,28,42,43,45,8,3,35,1182,49415357000,1000,49415357,downloads/official-1-1237/raw/api-0110.json,3f8d5bbe10c16712315109a0aa8bd8d44194db01e4d5e9348ebeddcd8b82cdd1
144,20050903,4,15,17,26,36,37,43,8,38,1498,49202521000,1000,49202521,downloads/official-1-1237/raw/api-0110.json,3f8d5bbe10c16712315109a0aa8bd8d44194db01e4d5e9348ebeddcd8b82cdd1
145,20050910,2,3,13,20,27,44,9,3,38,1217,48913832000,1000,48913832,downloads/official-1-1237/raw/api-0110.json,3f8d5bbe10c16712315109a0aa8bd8d44194db01e4d5e9348ebeddcd8b82cdd1
146,20050917,2,19,27,35,41,42,25,2,34,1383,50677555000,1000,50677555,downloads/official-1-1237/raw/api-0110.json,3f8d5bbe10c16712315109a0aa8bd8d44194db01e4d5e9348ebeddcd8b82cdd1
147,20050924,4,6,13,21,40,42,36,7,35,1215,50345605000,1000,50345605,downloads/official-1-1237/raw/api-0110.json,3f8d5bbe10c16712315109a0aa8bd8d44194db01e4d5e9348ebeddcd8b82cdd1
148,20051001,21,25,33,34,35,36,17,5,35,1185,49523247000,1000,49523247,downloads/official-1-1237/raw/api-0109.json,459b38bf36367956b6135af91ee5c852f3b6f10a5fdd4a78860f9734677e00a5
149,20051008,2,11,21,34,41,42,27,7,43,1171,48406950000,1000,48406950,downloads/official-1-1237/raw/api-0109.json,459b38bf36367956b6135af91ee5c852f3b6f10a5fdd4a78860f9734677e00a5
150,20051015,2,18,25,28,37,39,16,4,46,1279,48763778000,1000,48763778,downloads/official-1-1237/raw/api-0109.json,459b38bf36367956b6135af91ee5c852f3b6f10a5fdd4a78860f9734677e00a5
151,20051022,1,2,10,13,18,19,15,4,45,1491,47357067000,1000,47357067,downloads/official-1-1237/raw/api-0109.json,459b38bf36367956b6135af91ee5c852f3b6f10a5fdd4a78860f9734677e00a5
152,20051029,1,5,13,26,29,34,43,5,30,1184,48180334000,1000,48180334,downloads/official-1-1237/raw/api-0109.json,459b38bf36367956b6135af91ee5c852f3b6f10a5fdd4a78860f9734677e00a5
153,20051105,3,8,11,12,13,36,33,4,52,1446,47777735000,1000,47777735,downloads/official-1-1237/raw/api-0109.json,459b38bf36367956b6135af91ee5c852f3b6f10a5fdd4a78860f9734677e00a5
154,20051112,6,19,21,35,40,45,20,4,32,1189,48022386000,1000,48022386,downloads/official-1-1237/raw/api-0109.json,459b38bf36367956b6135af91ee5c852f3b6f10a5fdd4a78860f9734677e00a5
155,20051119,16,19,20,32,33,41,4,9,37,1287,46140202000,1000,46140202,downloads/official-1-1237/raw/api-0109.json,459b38bf36367956b6135af91ee5c852f3b6f10a5fdd4a78860f9734677e00a5
156,20051126,5,18,28,30,42,45,2,8,30,1230,47344584000,1000,47344584,downloads/official-1-1237/raw/api-0109.json,459b38bf36367956b6135af91ee5c852f3b6f10a5fdd4a78860f9734677e00a5
157,20051203,19,26,30,33,35,39,37,2,28,1155,46853365000,1000,46853365,downloads/official-1-1237/raw/api-0109.json,459b38bf36367956b6135af91ee5c852f3b6f10a5fdd4a78860f9734677e00a5
158,20051210,4,9,13,18,21,34,7,10,45,1516,46368888000,1000,46368888,downloads/official-1-1237/raw/api-0108.json,e1e859b8fef39c5e8bbff5a9f67da140e5e77ed9ee194d9db7afd8f87f5eff40
159,20051217,1,18,30,41,42,43,32,6,24,1071,44311926000,1000,44311926,downloads/official-1-1237/raw/api-0108.json,e1e859b8fef39c5e8bbff5a9f67da140e5e77ed9ee194d9db7afd8f87f5eff40
160,20051224,3,7,8,34,39,41,1,2,32,1079,46833239000,1000,46833239,downloads/official-1-1237/raw/api-0108.json,e1e859b8fef39c5e8bbff5a9f67da140e5e77ed9ee194d9db7afd8f87f5eff40
161,20051231,22,34,36,40,42,45,44,7,63,1381,53096453000,1000,53096453,downloads/official-1-1237/raw/api-0108.json,e1e859b8fef39c5e8bbff5a9f67da140e5e77ed9ee194d9db7afd8f87f5eff40
162,20060107,1,5,21,25,38,41,24,5,33,1172,49050086000,1000,49050086,downloads/official-1-1237/raw/api-0108.json,e1e859b8fef39c5e8bbff5a9f67da140e5e77ed9ee194d9db7afd8f87f5eff40
163,20060114,7,11,26,28,29,44,16,7,47,1390,49018952000,1000,49018952,downloads/official-1-1237/raw/api-0108.json,e1e859b8fef39c5e8bbff5a9f67da140e5e77ed9ee194d9db7afd8f87f5eff40
164,20060121,6,9,10,11,39,41,27,3,39,1626,53052119000,1000,53052119,downloads/official-1-1237/raw/api-0108.json,e1e859b8fef39c5e8bbff5a9f67da140e5e77ed9ee194d9db7afd8f87f5eff40
165,20060128,5,13,18,19,22,42,31,2,40,1535,58088118000,1000,58088118,downloads/official-1-1237/raw/api-0108.json,e1e859b8fef39c5e8bbff5a9f67da140e5e77ed9ee194d9db7afd8f87f5eff40
166,20060204,9,12,27,36,39,45,14,11,28,1507,52157466000,1000,52157466,downloads/official-1-1237/raw/api-0108.json,e1e859b8fef39c5e8bbff5a9f67da140e5e77ed9ee194d9db7afd8f87f5eff40
167,20060211,24,27,28,30,36,39,4,5,36,1313,52744392000,1000,52744392,downloads/official-1-1237/raw/api-0108.json,e1e859b8fef39c5e8bbff5a9f67da140e5e77ed9ee194d9db7afd8f87f5eff40
168,20060218,3,10,31,40,42,43,30,5,54,1544,51496212000,1000,51496212,downloads/official-1-1237/raw/api-0107.json,d8d6005355e102cac58b487ab95c1b57b39713f2431febf0bbb4bc722b723041
169,20060225,16,27,35,37,43,45,19,5,31,1171,52076183000,1000,52076183,downloads/official-1-1237/raw/api-0107.json,d8d6005355e102cac58b487ab95c1b57b39713f2431febf0bbb4bc722b723041
170,20060304,2,11,13,15,31,42,10,6,27,1309,49718245000,1000,49718245,downloads/official-1-1237/raw/api-0107.json,d8d6005355e102cac58b487ab95c1b57b39713f2431febf0bbb4bc722b723041
171,20060311,4,16,25,29,34,35,1,6,19,1381,50357474000,1000,50357474,downloads/official-1-1237/raw/api-0107.json,d8d6005355e102cac58b487ab95c1b57b39713f2431febf0bbb4bc722b723041
172,20060318,4,19,21,24,26,41,35,11,19,1276,50758266000,1000,50758266,downloads/official-1-1237/raw/api-0107.json,d8d6005355e102cac58b487ab95c1b57b39713f2431febf0bbb4bc722b723041
173,20060325,3,9,24,30,33,34,18,8,63,1448,52286521000,1000,52286521,downloads/official-1-1237/raw/api-0107.json,d8d6005355e102cac58b487ab95c1b57b39713f2431febf0bbb4bc722b723041
174,20060401,13,14,18,22,35,39,16,7,26,1325,52340568000,1000,52340568,downloads/official-1-1237/raw/api-0107.json,d8d6005355e102cac58b487ab95c1b57b39713f2431febf0bbb4bc722b723041
175,20060408,19,26,28,31,33,36,17,5,48,1347,50895147000,1000,50895147,downloads/official-1-1237/raw/api-0107.json,d8d6005355e102cac58b487ab95c1b57b39713f2431febf0bbb4bc722b723041
176,20060415,4,17,30,32,33,34,15,5,40,1535,50488528000,1000,50488528,downloads/official-1-1237/raw/api-0107.json,d8d6005355e102cac58b487ab95c1b57b39713f2431febf0bbb4bc722b723041
177,20060422,1,10,13,16,37,43,6,7,30,1260,50480325000,1000,50480325,downloads/official-1-1237/raw/api-0107.json,d8d6005355e102cac58b487ab95c1b57b39713f2431febf0bbb4bc722b723041
178,20060429,1,5,11,12,18,23,9,5,44,1566,49582758000,1000,49582758,downloads/official-1-1237/raw/api-0106.json,067f44f6c12aed8258861176d45035b9daacc5b2b898aa0beedfd1ca83899de0
179,20060506,5,9,17,25,39,43,32,10,53,1540,47291694000,1000,47291694,downloads/official-1-1237/raw/api-0106.json,067f44f6c12aed8258861176d45035b9daacc5b2b898aa0beedfd1ca83899de0
180,20060513,2,15,20,21,29,34,22,2,35,1284,48895477000,1000,48895477,downloads/official-1-1237/raw/api-0106.json,067f44f6c12aed8258861176d45035b9daacc5b2b898aa0beedfd1ca83899de0
181,20060520,14,21,23,32,40,45,44,6,24,1233,49124446000,1000,49124446,downloads/official-1-1237/raw/api-0106.json,067f44f6c12aed8258861176d45035b9daacc5b2b898aa0beedfd1ca83899de0
182,20060527,13,15,27,29,34,40,35,3,44,1228,47222594000,1000,47222594,downloads/official-1-1237/raw/api-0106.json,067f44f6c12aed8258861176d45035b9daacc5b2b898aa0beedfd1ca83899de0
183,20060603,2,18,24,34,40,42,5,6,25,1294,45938460000,1000,45938460,downloads/official-1-1237/raw/api-0106.json,067f44f6c12aed8258861176d45035b9daacc5b2b898aa0beedfd1ca83899de0
184,20060610,1,2,6,16,20,33,41,6,31,1331,45503351000,1000,45503351,downloads/official-1-1237/raw/api-0106.json,067f44f6c12aed8258861176d45035b9daacc5b2b898aa0beedfd1ca83899de0
185,20060617,1,2,4,8,19,38,14,3,34,1228,45783088000,1000,45783088,downloads/official-1-1237/raw/api-0106.json,067f44f6c12aed8258861176d45035b9daacc5b2b898aa0beedfd1ca83899de0
186,20060624,4,10,14,19,21,45,9,9,46,1169,45484428000,1000,45484428,downloads/official-1-1237/raw/api-0106.json,067f44f6c12aed8258861176d45035b9daacc5b2b898aa0beedfd1ca83899de0
187,20060701,1,2,8,18,29,38,42,7,19,1253,45855961000,1000,45855961,downloads/official-1-1237/raw/api-0106.json,067f44f6c12aed8258861176d45035b9daacc5b2b898aa0beedfd1ca83899de0
188,20060708,19,24,27,30,31,34,36,3,33,1320,45176242000,1000,45176242,downloads/official-1-1237/raw/api-0105.json,ec45cf60556300e25c2698614a161d7cd7ea765a112ff33852a7980a5b2c8794
189,20060715,8,14,32,35,37,45,28,3,33,1085,43650551000,1000,43650551,downloads/official-1-1237/raw/api-0105.json,ec45cf60556300e25c2698614a161d7cd7ea765a112ff33852a7980a5b2c8794
190,20060722,8,14,18,30,31,44,15,6,33,1016,44864459000,1000,44864459,downloads/official-1-1237/raw/api-0105.json,ec45cf60556300e25c2698614a161d7cd7ea765a112ff33852a7980a5b2c8794
191,20060729,5,6,24,25,32,37,8,4,23,1145,44534869000,1000,44534869,downloads/official-1-1237/raw/api-0105.json,ec45cf60556300e25c2698614a161d7cd7ea765a112ff33852a7980a5b2c8794
192,20060805,4,8,11,18,37,45,33,4,38,1098,42035065000,1000,42035065,downloads/official-1-1237/raw/api-0105.json,ec45cf60556300e25c2698614a161d7cd7ea765a112ff33852a7980a5b2c8794
193,20060812,6,14,18,26,36,39,13,3,20,1135,43788477000,1000,43788477,downloads/official-1-1237/raw/api-0105.json,ec45cf60556300e25c2698614a161d7cd7ea765a112ff33852a7980a5b2c8794
194,20060819,15,20,23,26,39,44,28,4,21,1072,44511515000,1000,44511515,downloads/official-1-1237/raw/api-0105.json,ec45cf60556300e25c2698614a161d7cd7ea765a112ff33852a7980a5b2c8794
195,20060826,7,10,19,22,35,40,31,11,66,1691,44374725000,1000,44374725,downloads/official-1-1237/raw/api-0105.json,ec45cf60556300e25c2698614a161d7cd7ea765a112ff33852a7980a5b2c8794
196,20060902,35,36,37,41,44,45,30,15,27,1518,45773496000,1000,45773496,downloads/official-1-1237/raw/api-0105.json,ec45cf60556300e25c2698614a161d7cd7ea765a112ff33852a7980a5b2c8794
197,20060909,7,12,16,34,42,45,4,6,42,1229,45993306000,1000,45993306,downloads/official-1-1237/raw/api-0105.json,ec45cf60556300e25c2698614a161d7cd7ea765a112ff33852a7980a5b2c8794
198,20060916,12,19,20,25,41,45,2,6,25,1050,45614021000,1000,45614021,downloads/official-1-1237/raw/api-0104.json,898dca433ce69388bd60f51de76c2d03715ff1d1f3f0df1fae292eaeba04634e
199,20060923,14,21,22,25,30,36,43,2,23,1049,45021068000,1000,45021068,downloads/official-1-1237/raw/api-0104.json,898dca433ce69388bd60f51de76c2d03715ff1d1f3f0df1fae292eaeba04634e
200,20060930,5,6,13,14,17,20,7,8,58,1387,46640423000,1000,46640423,downloads/official-1-1237/raw/api-0104.json,898dca433ce69388bd60f51de76c2d03715ff1d1f3f0df1fae292eaeba04634e
201,20061007,3,11,24,38,39,44,26,1,37,1347,42254768000,1000,42254768,downloads/official-1-1237/raw/api-0104.json,898dca433ce69388bd60f51de76c2d03715ff1d1f3f0df1fae292eaeba04634e
202,20061014,12,14,27,33,39,44,17,6,40,1232,48304034000,1000,48304034,downloads/official-1-1237/raw/api-0104.json,898dca433ce69388bd60f51de76c2d03715ff1d1f3f0df1fae292eaeba04634e
203,20061021,1,3,11,24,30,32,7,5,43,1328,47033359000,1000,47033359,downloads/official-1-1237/raw/api-0104.json,898dca433ce69388bd60f51de76c2d03715ff1d1f3f0df1fae292eaeba04634e
204,20061028,3,12,14,35,40,45,5,8,23,1180,46077750000,1000,46077750,downloads/official-1-1237/raw/api-0104.json,898dca433ce69388bd60f51de76c2d03715ff1d1f3f0df1fae292eaeba04634e
205,20061104,1,3,21,29,35,37,30,6,21,1098,46330516000,1000,46330516,downloads/official-1-1237/raw/api-0104.json,898dca433ce69388bd60f51de76c2d03715ff1d1f3f0df1fae292eaeba04634e
206,20061111,1,2,3,15,20,25,43,5,36,1549,44326979000,1000,44326979,downloads/official-1-1237/raw/api-0104.json,898dca433ce69388bd60f51de76c2d03715ff1d1f3f0df1fae292eaeba04634e
207,20061118,3,11,14,31,32,37,38,5,37,1203,45282336000,1000,45282336,downloads/official-1-1237/raw/api-0104.json,898dca433ce69388bd60f51de76c2d03715ff1d1f3f0df1fae292eaeba04634e
208,20061125,14,25,31,34,40,44,24,6,34,1224,45516378000,1000,45516378,downloads/official-1-1237/raw/api-0103.json,b53c416c78cad342a89490a2782db410c07cceb265b3e427addc6797db252c82
209,20061202,2,7,18,20,24,33,37,6,34,1358,43753377000,1000,43753377,downloads/official-1-1237/raw/api-0103.json,b53c416c78cad342a89490a2782db410c07cceb265b3e427addc6797db252c82
210,20061209,10,19,22,23,25,37,39,2,46,1298,44757963000,1000,44757963,downloads/official-1-1237/raw/api-0103.json,b53c416c78cad342a89490a2782db410c07cceb265b3e427addc6797db252c82
211,20061216,12,13,17,20,33,41,8,10,29,1308,45332675000,1000,45332675,downloads/official-1-1237/raw/api-0103.json,b53c416c78cad342a89490a2782db410c07cceb265b3e427addc6797db252c82
212,20061223,11,12,18,21,31,38,8,4,36,1228,46139120000,1000,46139120,downloads/official-1-1237/raw/api-0103.json,b53c416c78cad342a89490a2782db410c07cceb265b3e427addc6797db252c82
213,20061230,2,3,4,5,20,24,42,8,33,1977,48745094000,1000,48745094,downloads/official-1-1237/raw/api-0103.json,b53c416c78cad342a89490a2782db410c07cceb265b3e427addc6797db252c82
214,20070106,5,7,20,25,28,37,32,8,36,1433,49195740000,1000,49195740,downloads/official-1-1237/raw/api-0103.json,b53c416c78cad342a89490a2782db410c07cceb265b3e427addc6797db252c82
215,20070113,2,3,7,15,43,44,4,7,32,1248,47675761000,1000,47675761,downloads/official-1-1237/raw/api-0103.json,b53c416c78cad342a89490a2782db410c07cceb265b3e427addc6797db252c82
216,20070120,7,16,17,33,36,40,1,13,63,2612,48342018000,1000,48342018,downloads/official-1-1237/raw/api-0103.json,b53c416c78cad342a89490a2782db410c07cceb265b3e427addc6797db252c82
217,20070127,16,20,27,33,35,39,38,7,29,1206,48260644000,1000,48260644,downloads/official-1-1237/raw/api-0103.json,b53c416c78cad342a89490a2782db410c07cceb265b3e427addc6797db252c82
218,20070203,1,8,14,18,29,44,20,4,26,1203,47018314000,1000,47018314,downloads/official-1-1237/raw/api-0102.json,c282cece10f11d2db1f8b124ddaf9ad5d827456f0ecaafd8e458d24e4819a138
219,20070210,4,11,20,26,35,37,16,9,41,1292,46903745000,1000,46903745,downloads/official-1-1237/raw/api-0102.json,c282cece10f11d2db1f8b124ddaf9ad5d827456f0ecaafd8e458d24e4819a138
220,20070217,5,11,19,21,34,43,31,6,28,1317,50383399000,1000,50383399,downloads/official-1-1237/raw/api-0102.json,c282cece10f11d2db1f8b124ddaf9ad5d827456f0ecaafd8e458d24e4819a138
221,20070224,2,20,33,35,37,40,10,6,44,1608,47674135000,1000,47674135,downloads/official-1-1237/raw/api-0102.json,c282cece10f11d2db1f8b124ddaf9ad5d827456f0ecaafd8e458d24e4819a138
222,20070303,5,7,28,29,39,43,44,5,33,1105,47735197000,1000,47735197,downloads/official-1-1237/raw/api-0102.json,c282cece10f11d2db1f8b124ddaf9ad5d827456f0ecaafd8e458d24e4819a138
223,20070310,1,3,18,20,26,27,38,7,39,1416,46036874000,1000,46036874,downloads/official-1-1237/raw/api-0102.json,c282cece10f11d2db1f8b124ddaf9ad5d827456f0ecaafd8e458d24e4819a138
224,20070317,4,19,26,27,30,42,7,6,26,1158,46435109000,1000,46435109,downloads/official-1-1237/raw/api-0102.json,c282cece10f11d2db1f8b124ddaf9ad5d827456f0ecaafd8e458d24e4819a138
225,20070324,5,11,13,19,31,36,7,6,41,1287,46352016000,1000,46352016,downloads/official-1-1237/raw/api-0102.json,c282cece10f11d2db1f8b124ddaf9ad5d827456f0ecaafd8e458d24e4819a138
226,20070331,2,6,8,14,21,22,34,6,38,1305,45145643000,1000,45145643,downloads/official-1-1237/raw/api-0102.json,c282cece10f11d2db1f8b124ddaf9ad5d827456f0ecaafd8e458d24e4819a138
227,20070407,4,5,15,16,22,42,2,2,24,1103,44444776000,1000,44444776,downloads/official-1-1237/raw/api-0102.json,c282cece10f11d2db1f8b124ddaf9ad5d827456f0ecaafd8e458d24e4819a138
228,20070414,17,25,35,36,39,44,23,9,39,1338,44764100000,1000,44764100,downloads/official-1-1237/raw/api-0101.json,e7f4d37d86c840488b6a6a488ef34c944d797655b2abee0b2acbf275a1b5be58
229,20070421,4,5,9,11,23,38,35,7,27,1312,44762989000,1000,44762989,downloads/official-1-1237/raw/api-0101.json,e7f4d37d86c840488b6a6a488ef34c944d797655b2abee0b2acbf275a1b5be58
230,20070428,5,11,14,29,32,33,12,8,25,1037,44191351000,1000,44191351,downloads/official-1-1237/raw/api-0101.json,e7f4d37d86c840488b6a6a488ef34c944d797655b2abee0b2acbf275a1b5be58
231,20070505,5,10,19,31,44,45,27,9,19,1267,42355627000,1000,42355627,downloads/official-1-1237/raw/api-0101.json,e7f4d37d86c840488b6a6a488ef34c944d797655b2abee0b2acbf275a1b5be58
232,20070512,8,9,10,12,24,44,35,9,18,1268,43564632000,1000,43564632,downloads/official-1-1237/raw/api-0101.json,e7f4d37d86c840488b6a6a488ef34c944d797655b2abee0b2acbf275a1b5be58
233,20070519,4,6,13,17,28,40,39,10,26,1274,43516805000,1000,43516805,downloads/official-1-1237/raw/api-0101.json,e7f4d37d86c840488b6a6a488ef34c944d797655b2abee0b2acbf275a1b5be58
234,20070526,13,21,22,24,26,37,4,4,23,1049,42814085000,1000,42814085,downloads/official-1-1237/raw/api-0101.json,e7f4d37d86c840488b6a6a488ef34c944d797655b2abee0b2acbf275a1b5be58
235,20070602,21,22,26,27,31,37,8,3,29,1178,43347391000,1000,43347391,downloads/official-1-1237/raw/api-0101.json,e7f4d37d86c840488b6a6a488ef34c944d797655b2abee0b2acbf275a1b5be58
236,20070609,1,4,8,13,37,39,7,2,41,1046,42941871000,1000,42941871,downloads/official-1-1237/raw/api-0101.json,e7f4d37d86c840488b6a6a488ef34c944d797655b2abee0b2acbf275a1b5be58
237,20070616,1,11,17,21,24,44,33,7,39,1098,43358287000,1000,43358287,downloads/official-1-1237/raw/api-0101.json,e7f4d37d86c840488b6a6a488ef34c944d797655b2abee0b2acbf275a1b5be58
238,20070623,2,4,15,28,31,34,35,9,29,1066,42952477000,1000,42952477,downloads/official-1-1237/raw/api-0100.json,e76a3a5c3ef429bbba76f280b420e484af196031e4f4e6c4cd8da17f5894cff2
239,20070630,11,15,24,39,41,44,7,9,29,1083,43296565000,1000,43296565,downloads/official-1-1237/raw/api-0100.json,e76a3a5c3ef429bbba76f280b420e484af196031e4f4e6c4cd8da17f5894cff2
240,20070707,6,10,16,40,41,43,21,2,28,1084,43603443000,1000,43603443,downloads/official-1-1237/raw/api-0100.json,e76a3a5c3ef429bbba76f280b420e484af196031e4f4e6c4cd8da17f5894cff2
241,20070714,2,16,24,27,28,35,21,4,34,967,43246894000,1000,43246894,downloads/official-1-1237/raw/api-0100.json,e76a3a5c3ef429bbba76f280b420e484af196031e4f4e6c4cd8da17f5894cff2
242,20070721,4,19,20,21,32,34,43,8,36,1245,42679760000,1000,42679760,downloads/official-1-1237/raw/api-0100.json,e76a3a5c3ef429bbba76f280b420e484af196031e4f4e6c4cd8da17f5894cff2
243,20070728,2,12,17,19,28,42,34,4,29,1089,41304830000,1000,41304830,downloads/official-1-1237/raw/api-0100.json,e76a3a5c3ef429bbba76f280b420e484af196031e4f4e6c4cd8da17f5894cff2
244,20070804,13,16,25,36,37,38,19,1,25,1096,39411047000,1000,39411047,downloads/official-1-1237/raw/api-0100.json,e76a3a5c3ef429bbba76f280b420e484af196031e4f4e6c4cd8da17f5894cff2
245,20070811,9,11,27,31,32,38,22,7,35,1092,41854623000,1000,41854623,downloads/official-1-1237/raw/api-0100.json,e76a3a5c3ef429bbba76f280b420e484af196031e4f4e6c4cd8da17f5894cff2
246,20070818,13,18,21,23,26,39,15,5,26,1294,41453154000,1000,41453154,downloads/official-1-1237/raw/api-0100.json,e76a3a5c3ef429bbba76f280b420e484af196031e4f4e6c4cd8da17f5894cff2
247,20070825,12,15,28,36,39,40,13,6,29,1019,42231698000,1000,42231698,downloads/official-1-1237/raw/api-0100.json,e76a3a5c3ef429bbba76f280b420e484af196031e4f4e6c4cd8da17f5894cff2
248,20070901,3,8,17,23,38,45,13,8,23,1155,42348403000,1000,42348403,downloads/official-1-1237/raw/api-0099.json,fa29bd1a1fe5ad2113018cab22f34b9d1dd4f3a99eb4d413fdb68968f0e36975
249,20070908,3,8,27,31,41,44,11,6,29,1169,42539134000,1000,42539134,downloads/official-1-1237/raw/api-0099.json,fa29bd1a1fe5ad2113018cab22f34b9d1dd4f3a99eb4d413fdb68968f0e36975
250,20070915,19,23,30,37,43,45,38,5,17,1051,42122808000,1000,42122808,downloads/official-1-1237/raw/api-0099.json,fa29bd1a1fe5ad2113018cab22f34b9d1dd4f3a99eb4d413fdb68968f0e36975
251,20070922,6,7,19,25,28,38,45,8,40,1242,44493014000,1000,44493014,downloads/official-1-1237/raw/api-0099.json,fa29bd1a1fe5ad2113018cab22f34b9d1dd4f3a99eb4d413fdb68968f0e36975
252,20070929,14,23,26,31,39,45,28,7,24,1087,41207920000,1000,41207920,downloads/official-1-1237/raw/api-0099.json,fa29bd1a1fe5ad2113018cab22f34b9d1dd4f3a99eb4d413fdb68968f0e36975
253,20071006,8,19,25,31,34,36,33,4,20,1169,42309347000,1000,42309347,downloads/official-1-1237/raw/api-0099.json,fa29bd1a1fe5ad2113018cab22f34b9d1dd4f3a99eb4d413fdb68968f0e36975
254,20071013,1,5,19,20,24,30,27,1,33,1225,42259113000,1000,42259113,downloads/official-1-1237/raw/api-0099.json,fa29bd1a1fe5ad2113018cab22f34b9d1dd4f3a99eb4d413fdb68968f0e36975
255,20071020,1,5,6,24,27,42,32,6,13,1054,41425341000,1000,41425341,downloads/official-1-1237/raw/api-0099.json,fa29bd1a1fe5ad2113018cab22f34b9d1dd4f3a99eb4d413fdb68968f0e36975
256,20071027,4,11,14,21,23,43,32,2,34,1192,41996580000,1000,41996580,downloads/official-1-1237/raw/api-0099.json,fa29bd1a1fe5ad2113018cab22f34b9d1dd4f3a99eb4d413fdb68968f0e36975
257,20071103,6,13,27,31,32,37,4,4,18,1233,41433637000,1000,41433637,downloads/official-1-1237/raw/api-0099.json,fa29bd1a1fe5ad2113018cab22f34b9d1dd4f3a99eb4d413fdb68968f0e36975
258,20071110,14,27,30,31,38,40,17,4,28,1724,41364428000,1000,41364428,downloads/official-1-1237/raw/api-0098.json,532fc8f0932a5f8d961ac925c09f5ba136932a998af6697b61e0c30e4284d05d
259,20071117,4,5,14,35,42,45,34,2,25,1030,40905570000,1000,40905570,downloads/official-1-1237/raw/api-0098.json,532fc8f0932a5f8d961ac925c09f5ba136932a998af6697b61e0c30e4284d05d
260,20071124,7,12,15,24,37,40,43,4,26,1284,40140211000,1000,40140211,downloads/official-1-1237/raw/api-0098.json,532fc8f0932a5f8d961ac925c09f5ba136932a998af6697b61e0c30e4284d05d
261,20071201,6,11,16,18,31,43,2,3,32,1104,41215041000,1000,41215041,downloads/official-1-1237/raw/api-0098.json,532fc8f0932a5f8d961ac925c09f5ba136932a998af6697b61e0c30e4284d05d
262,20071208,9,12,24,25,29,31,36,2,21,1106,39232234000,1000,39232234,downloads/official-1-1237/raw/api-0098.json,532fc8f0932a5f8d961ac925c09f5ba136932a998af6697b61e0c30e4284d05d
263,20071215,1,27,28,32,37,40,18,6,27,937,39677128000,1000,39677128,downloads/official-1-1237/raw/api-0098.json,532fc8f0932a5f8d961ac925c09f5ba136932a998af6697b61e0c30e4284d05d
264,20071222,9,16,27,36,41,44,5,7,27,1047,39783178000,1000,39783178,downloads/official-1-1237/raw/api-0098.json,532fc8f0932a5f8d961ac925c09f5ba136932a998af6697b61e0c30e4284d05d
265,20071229,5,9,34,37,38,39,12,8,19,1010,40913922000,1000,40913922,downloads/official-1-1237/raw/api-0098.json,532fc8f0932a5f8d961ac925c09f5ba136932a998af6697b61e0c30e4284d05d
266,20080105,3,4,9,11,22,42,37,3,36,1194,41937067000,1000,41937067,downloads/official-1-1237/raw/api-0098.json,532fc8f0932a5f8d961ac925c09f5ba136932a998af6697b61e0c30e4284d05d
267,20080112,7,8,24,34,36,41,1,3,28,1141,41835853000,1000,41835853,downloads/official-1-1237/raw/api-0098.json,532fc8f0932a5f8d961ac925c09f5ba136932a998af6697b61e0c30e4284d05d
268,20080119,3,10,19,24,32,45,12,7,35,1362,41213802000,1000,41213802,downloads/official-1-1237/raw/api-0097.json,c3fd81d6a88e007a2b46c6c484787f6a72d71837d11f9d273a0f3156a16a2228
269,20080126,5,18,20,36,42,43,32,5,22,1014,41357619000,1000,41357619,downloads/official-1-1237/raw/api-0097.json,c3fd81d6a88e007a2b46c6c484787f6a72d71837d11f9d273a0f3156a16a2228
270,20080202,5,9,12,20,21,26,27,5,32,1242,41845351000,1000,41845351,downloads/official-1-1237/raw/api-0097.json,c3fd81d6a88e007a2b46c6c484787f6a72d71837d11f9d273a0f3156a16a2228
271,20080209,3,8,9,27,29,40,36,6,28,1256,40879633000,1000,40879633,downloads/official-1-1237/raw/api-0097.json,c3fd81d6a88e007a2b46c6c484787f6a72d71837d11f9d273a0f3156a16a2228
272,20080216,7,9,12,27,39,43,28,9,39,1370,43310674000,1000,43310674,downloads/official-1-1237/raw/api-0097.json,c3fd81d6a88e007a2b46c6c484787f6a72d71837d11f9d273a0f3156a16a2228
273,20080223,1,8,24,31,34,44,6,3,21,1096,42816211000,1000,42816211,downloads/official-1-1237/raw/api-0097.json,c3fd81d6a88e007a2b46c6c484787f6a72d71837d11f9d273a0f3156a16a2228
274,20080301,13,14,15,26,35,39,25,4,37,1254,42631711000,1000,42631711,downloads/official-1-1237/raw/api-0097.json,c3fd81d6a88e007a2b46c6c484787f6a72d71837d11f9d273a0f3156a16a2228
275,20080308,14,19,20,35,38,40,26,1,19,991,42329813000,1000,42329813,downloads/official-1-1237/raw/api-0097.json,c3fd81d6a88e007a2b46c6c484787f6a72d71837d11f9d273a0f3156a16a2228
276,20080315,4,15,21,33,39,41,25,3,31,1161,42567610000,1000,42567610,downloads/official-1-1237/raw/api-0097.json,c3fd81d6a88e007a2b46c6c484787f6a72d71837d11f9d273a0f3156a16a2228
277,20080322,10,12,13,15,25,29,20,3,31,1104,41868708000,1000,41868708,downloads/official-1-1237/raw/api-0097.json,c3fd81d6a88e007a2b46c6c484787f6a72d71837d11f9d273a0f3156a16a2228
278,20080329,3,11,37,39,41,43,13,3,27,1089,41088180000,1000,41088180,downloads/official-1-1237/raw/api-0096.json,fec099b74388bb7bbd029417cb23d7a913d61e2bce87d09599dd1c5c428925d1
279,20080405,7,16,31,36,37,38,11,5,27,1088,41130542000,1000,41130542,downloads/official-1-1237/raw/api-0096.json,fec099b74388bb7bbd029417cb23d7a913d61e2bce87d09599dd1c5c428925d1
280,20080412,10,11,23,24,36,37,35,7,27,1145,40673999000,1000,40673999,downloads/official-1-1237/raw/api-0096.json,fec099b74388bb7bbd029417cb23d7a913d61e2bce87d09599dd1c5c428925d1
281,20080419,1,3,4,6,14,41,12,6,37,1491,40800514000,1000,40800514,downloads/official-1-1237/raw/api-0096.json,fec099b74388bb7bbd029417cb23d7a913d61e2bce87d09599dd1c5c428925d1
282,20080426,2,5,10,18,31,32,30,7,32,1523,41051175000,1000,41051175,downloads/official-1-1237/raw/api-0096.json,fec099b74388bb7bbd029417cb23d7a913d61e2bce87d09599dd1c5c428925d1
283,20080503,6,8,18,31,38,45,42,3,24,1061,40133316000,1000,40133316,downloads/official-1-1237/raw/api-0096.json,fec099b74388bb7bbd029417cb23d7a913d61e2bce87d09599dd1c5c428925d1
284,20080510,2,7,15,24,30,45,28,3,14,955,39773403000,1000,39773403,downloads/official-1-1237/raw/api-0096.json,fec099b74388bb7bbd029417cb23d7a913d61e2bce87d09599dd1c5c428925d1
285,20080517,13,33,37,40,41,45,2,3,26,1017,40364871000,1000,40364871,downloads/official-1-1237/raw/api-0096.json,fec099b74388bb7bbd029417cb23d7a913d61e2bce87d09599dd1c5c428925d1
286,20080524,1,15,19,40,42,44,17,3,27,1033,40944483000,1000,40944483,downloads/official-1-1237/raw/api-0096.json,fec099b74388bb7bbd029417cb23d7a913d61e2bce87d09599dd1c5c428925d1
287,20080531,6,12,24,27,35,37,41,7,37,1330,40623489000,1000,40623489,downloads/official-1-1237/raw/api-0096.json,fec099b74388bb7bbd029417cb23d7a913d61e2bce87d09599dd1c5c428925d1
288,20080607,1,12,17,28,35,41,10,4,24,1056,39970134000,1000,39970134,downloads/official-1-1237/raw/api-0095.json,107affa89b89f375fa2e785ea07bd8e3f10b69ef2b6559de56181784de9ddecf
289,20080614,3,14,33,37,38,42,10,0,24,1019,39406643000,1000,39406643,downloads/official-1-1237/raw/api-0095.json,107affa89b89f375fa2e785ea07bd8e3f10b69ef2b6559de56181784de9ddecf
290,20080621,8,13,18,32,39,45,7,13,61,2297,80362302000,1000,80362302,downloads/official-1-1237/raw/api-0095.json,107affa89b89f375fa2e785ea07bd8e3f10b69ef2b6559de56181784de9ddecf
291,20080628,3,7,8,18,20,42,45,7,39,1227,44143418000,1000,44143418,downloads/official-1-1237/raw/api-0095.json,107affa89b89f375fa2e785ea07bd8e3f10b69ef2b6559de56181784de9ddecf
292,20080705,17,18,31,32,33,34,10,14,37,1688,43394631000,1000,43394631,downloads/official-1-1237/raw/api-0095.json,107affa89b89f375fa2e785ea07bd8e3f10b69ef2b6559de56181784de9ddecf
293,20080712,1,9,17,21,29,33,24,6,21,1154,42399708000,1000,42399708,downloads/official-1-1237/raw/api-0095.json,107affa89b89f375fa2e785ea07bd8e3f10b69ef2b6559de56181784de9ddecf
294,20080719,6,10,17,30,37,38,40,4,26,1137,41563813000,1000,41563813,downloads/official-1-1237/raw/api-0095.json,107affa89b89f375fa2e785ea07bd8e3f10b69ef2b6559de56181784de9ddecf
295,20080726,1,4,12,16,18,38,8,0,26,1013,42248135000,1000,42248135,downloads/official-1-1237/raw/api-0095.json,107affa89b89f375fa2e785ea07bd8e3f10b69ef2b6559de56181784de9ddecf
296,20080802,3,8,15,27,30,45,44,8,53,2066,63377899000,1000,63377899,downloads/official-1-1237/raw/api-0095.json,107affa89b89f375fa2e785ea07bd8e3f10b69ef2b6559de56181784de9ddecf
297,20080809,6,11,19,20,28,32,34,2,28,1275,43641475000,1000,43641475,downloads/official-1-1237/raw/api-0095.json,107affa89b89f375fa2e785ea07bd8e3f10b69ef2b6559de56181784de9ddecf
298,20080816,5,9,27,29,37,40,19,1,40,1353,43151675000,1000,43151675,downloads/official-1-1237/raw/api-0094.json,c45fd2249cbef67a656d29b42e197232e22e91b4228807016594e4ab6bea50fc
299,20080823,1,3,20,25,36,45,24,7,29,1118,44463909000,1000,44463909,downloads/official-1-1237/raw/api-0094.json,c45fd2249cbef67a656d29b42e197232e22e91b4228807016594e4ab6bea50fc
300,20080830,7,9,10,12,26,38,39,12,34,1416,44465047000,1000,44465047,downloads/official-1-1237/raw/api-0094.json,c45fd2249cbef67a656d29b42e197232e22e91b4228807016594e4ab6bea50fc
301,20080906,7,11,13,33,37,43,26,7,47,1271,44377177000,1000,44377177,downloads/official-1-1237/raw/api-0094.json,c45fd2249cbef67a656d29b42e197232e22e91b4228807016594e4ab6bea50fc
302,20080913,13,19,20,32,38,42,4,2,44,1134,46382605000,1000,46382605,downloads/official-1-1237/raw/api-0094.json,c45fd2249cbef67a656d29b42e197232e22e91b4228807016594e4ab6bea50fc
303,20080920,2,14,17,30,38,45,43,6,29,1158,42841760000,1000,42841760,downloads/official-1-1237/raw/api-0094.json,c45fd2249cbef67a656d29b42e197232e22e91b4228807016594e4ab6bea50fc
304,20080927,4,10,16,26,33,41,38,6,37,1426,43158653000,1000,43158653,downloads/official-1-1237/raw/api-0094.json,c45fd2249cbef67a656d29b42e197232e22e91b4228807016594e4ab6bea50fc
305,20081004,7,8,18,21,23,39,9,5,34,1377,43960659000,1000,43960659,downloads/official-1-1237/raw/api-0094.json,c45fd2249cbef67a656d29b42e197232e22e91b4228807016594e4ab6bea50fc
306,20081011,4,18,23,30,34,41,19,5,23,1219,44421462000,1000,44421462,downloads/official-1-1237/raw/api-0094.json,c45fd2249cbef67a656d29b42e197232e22e91b4228807016594e4ab6bea50fc
307,20081018,5,15,21,23,25,45,12,4,28,1177,43880990000,1000,43880990,downloads/official-1-1237/raw/api-0094.json,c45fd2249cbef67a656d29b42e197232e22e91b4228807016594e4ab6bea50fc
308,20081025,14,15,17,19,37,45,40,1,27,978,43339416000,1000,43339416,downloads/official-1-1237/raw/api-0093.json,756e4f5966b713791521e2718b58fe435c0d33156b870da0704558ddbc71b303
309,20081101,1,2,5,11,18,36,22,11,25,1390,44157528000,1000,44157528,downloads/official-1-1237/raw/api-0093.json,756e4f5966b713791521e2718b58fe435c0d33156b870da0704558ddbc71b303
310,20081108,1,5,19,28,34,41,16,8,29,1086,43718082000,1000,43718082,downloads/official-1-1237/raw/api-0093.json,756e4f5966b713791521e2718b58fe435c0d33156b870da0704558ddbc71b303
311,20081115,4,12,24,27,28,32,10,8,43,1363,43209215000,1000,43209215,downloads/official-1-1237/raw/api-0093.json,756e4f5966b713791521e2718b58fe435c0d33156b870da0704558ddbc71b303
312,20081122,2,3,5,6,12,20,25,15,58,2064,42255391000,1000,42255391,downloads/official-1-1237/raw/api-0093.json,756e4f5966b713791521e2718b58fe435c0d33156b870da0704558ddbc71b303
313,20081129,9,17,34,35,43,45,2,6,26,1120,43672096000,1000,43672096,downloads/official-1-1237/raw/api-0093.json,756e4f5966b713791521e2718b58fe435c0d33156b870da0704558ddbc71b303
314,20081206,15,17,19,34,38,41,2,6,24,1067,42328094000,1000,42328094,downloads/official-1-1237/raw/api-0093.json,756e4f5966b713791521e2718b58fe435c0d33156b870da0704558ddbc71b303
315,20081213,1,13,33,35,43,45,23,8,32,1063,44339180000,1000,44339180,downloads/official-1-1237/raw/api-0093.json,756e4f5966b713791521e2718b58fe435c0d33156b870da0704558ddbc71b303
316,20081220,10,11,21,27,31,39,43,6,29,1398,44073768000,1000,44073768,downloads/official-1-1237/raw/api-0093.json,756e4f5966b713791521e2718b58fe435c0d33156b870da0704558ddbc71b303
317,20081227,3,10,11,22,36,39,8,4,25,1132,44135114000,1000,44135114,downloads/official-1-1237/raw/api-0093.json,756e4f5966b713791521e2718b58fe435c0d33156b870da0704558ddbc71b303
318,20090103,2,17,19,20,34,45,21,9,28,1381,46663728000,1000,46663728,downloads/official-1-1237/raw/api-0092.json,1cefd52c3c34a3b1bf7ea4d05949647b90fa7d0c510c2d46936383604a8fcf10
319,20090110,5,8,22,28,33,42,37,5,26,1151,45435183000,1000,45435183,downloads/official-1-1237/raw/api-0092.json,1cefd52c3c34a3b1bf7ea4d05949647b90fa7d0c510c2d46936383604a8fcf10
320,20090117,16,19,23,25,41,45,3,2,25,1081,46659886000,1000,46659886,downloads/official-1-1237/raw/api-0092.json,1cefd52c3c34a3b1bf7ea4d05949647b90fa7d0c510c2d46936383604a8fcf10
321,20090124,12,18,20,21,25,34,42,6,35,1276,50617982000,1000,50617982,downloads/official-1-1237/raw/api-0092.json,1cefd52c3c34a3b1bf7ea4d05949647b90fa7d0c510c2d46936383604a8fcf10
322,20090131,9,18,29,32,38,43,20,6,29,1465,48948294000,1000,48948294,downloads/official-1-1237/raw/api-0092.json,1cefd52c3c34a3b1bf7ea4d05949647b90fa7d0c510c2d46936383604a8fcf10
323,20090207,10,14,15,32,36,42,3,8,27,1175,49209477000,1000,49209477,downloads/official-1-1237/raw/api-0092.json,1cefd52c3c34a3b1bf7ea4d05949647b90fa7d0c510c2d46936383604a8fcf10
324,20090214,2,4,21,25,33,36,17,6,40,1228,47988317000,1000,47988317,downloads/official-1-1237/raw/api-0092.json,1cefd52c3c34a3b1bf7ea4d05949647b90fa7d0c510c2d46936383604a8fcf10
325,20090221,7,17,20,32,44,45,33,6,33,1258,46636979000,1000,46636979,downloads/official-1-1237/raw/api-0092.json,1cefd52c3c34a3b1bf7ea4d05949647b90fa7d0c510c2d46936383604a8fcf10
326,20090228,16,23,25,33,36,39,40,6,31,1335,47224551000,1000,47224551,downloads/official-1-1237/raw/api-0092.json,1cefd52c3c34a3b1bf7ea4d05949647b90fa7d0c510c2d46936383604a8fcf10
327,20090307,6,12,13,17,32,44,24,12,39,1242,45791560000,1000,45791560,downloads/official-1-1237/raw/api-0092.json,1cefd52c3c34a3b1bf7ea4d05949647b90fa7d0c510c2d46936383604a8fcf10
328,20090314,1,6,9,16,17,28,24,6,30,1380,47316988000,1000,47316988,downloads/official-1-1237/raw/api-0091.json,807f721088b6a2fce81b860a88767b4cbdb1085588ad64263726f21515afc290
329,20090321,9,17,19,30,35,42,4,6,33,1215,47198504000,1000,47198504,downloads/official-1-1237/raw/api-0091.json,807f721088b6a2fce81b860a88767b4cbdb1085588ad64263726f21515afc290
330,20090328,3,4,16,17,19,20,23,9,32,1431,45859496000,1000,45859496,downloads/official-1-1237/raw/api-0091.json,807f721088b6a2fce81b860a88767b4cbdb1085588ad64263726f21515afc290
331,20090404,4,9,14,26,31,44,39,5,45,1365,46641467000,1000,46641467,downloads/official-1-1237/raw/api-0091.json,807f721088b6a2fce81b860a88767b4cbdb1085588ad64263726f21515afc290
332,20090411,16,17,34,36,42,45,3,8,37,1098,46042557000,1000,46042557,downloads/official-1-1237/raw/api-0091.json,807f721088b6a2fce81b860a88767b4cbdb1085588ad64263726f21515afc290
333,20090418,5,14,27,30,39,43,35,7,36,1365,46019070000,1000,46019070,downloads/official-1-1237/raw/api-0091.json,807f721088b6a2fce81b860a88767b4cbdb1085588ad64263726f21515afc290
334,20090425,13,15,21,29,39,43,33,7,31,1055,44439656000,1000,44439656,downloads/official-1-1237/raw/api-0091.json,807f721088b6a2fce81b860a88767b4cbdb1085588ad64263726f21515afc290
335,20090502,5,9,16,23,26,45,21,5,28,1222,43977478000,1000,43977478,downloads/official-1-1237/raw/api-0091.json,807f721088b6a2fce81b860a88767b4cbdb1085588ad64263726f21515afc290
336,20090509,3,5,20,34,35,44,16,6,30,989,43069333000,1000,43069333,downloads/official-1-1237/raw/api-0091.json,807f721088b6a2fce81b860a88767b4cbdb1085588ad64263726f21515afc290
337,20090516,1,5,14,18,32,37,4,8,33,1194,43432467000,1000,43432467,downloads/official-1-1237/raw/api-0091.json,807f721088b6a2fce81b860a88767b4cbdb1085588ad64263726f21515afc290
338,20090523,2,13,34,38,42,45,16,3,39,1123,43136020000,1000,43136020,downloads/official-1-1237/raw/api-0090.json,5986c0e0ac6e8b608062f9db190133b9edb09a15a0e15b013f1ca4115da91744
339,20090530,6,8,14,21,30,37,45,9,32,1107,42035640000,1000,42035640,downloads/official-1-1237/raw/api-0090.json,5986c0e0ac6e8b608062f9db190133b9edb09a15a0e15b013f1ca4115da91744
340,20090606,18,24,26,29,34,38,32,7,35,1125,42892121000,1000,42892121,downloads/official-1-1237/raw/api-0090.json,5986c0e0ac6e8b608062f9db190133b9edb09a15a0e15b013f1ca4115da91744
341,20090613,1,8,19,34,39,43,41,7,33,1235,44722448000,1000,44722448,downloads/official-1-1237/raw/api-0090.json,5986c0e0ac6e8b608062f9db190133b9edb09a15a0e15b013f1ca4115da91744
342,20090620,1,13,14,33,34,43,25,3,29,1177,43782188000,1000,43782188,downloads/official-1-1237/raw/api-0090.json,5986c0e0ac6e8b608062f9db190133b9edb09a15a0e15b013f1ca4115da91744
343,20090627,1,10,17,29,31,43,15,6,29,1096,43656460000,1000,43656460,downloads/official-1-1237/raw/api-0090.json,5986c0e0ac6e8b608062f9db190133b9edb09a15a0e15b013f1ca4115da91744
344,20090704,1,2,15,28,34,45,38,7,23,1106,43838886000,1000,43838886,downloads/official-1-1237/raw/api-0090.json,5986c0e0ac6e8b608062f9db190133b9edb09a15a0e15b013f1ca4115da91744
345,20090711,15,20,23,29,39,42,2,2,38,1028,43530937000,1000,43530937,downloads/official-1-1237/raw/api-0090.json,5986c0e0ac6e8b608062f9db190133b9edb09a15a0e15b013f1ca4115da91744
346,20090718,5,13,14,22,44,45,33,5,26,1146,42862389000,1000,42862389,downloads/official-1-1237/raw/api-0090.json,5986c0e0ac6e8b608062f9db190133b9edb09a15a0e15b013f1ca4115da91744
347,20090725,3,8,13,27,32,42,10,7,38,1399,44219740000,1000,44219740,downloads/official-1-1237/raw/api-0090.json,5986c0e0ac6e8b608062f9db190133b9edb09a15a0e15b013f1ca4115da91744
348,20090801,3,14,17,20,24,31,34,3,37,1222,42786310000,1000,42786310,downloads/official-1-1237/raw/api-0089.json,89366c2f5c1f63caec1729de9adfc0b77d74c7065ef7e3d4963e876adc949272
349,20090808,5,13,14,20,24,25,36,3,37,1168,43433870000,1000,43433870,downloads/official-1-1237/raw/api-0089.json,89366c2f5c1f63caec1729de9adfc0b77d74c7065ef7e3d4963e876adc949272
350,20090815,1,8,18,24,29,33,35,9,23,1197,42681094000,1000,42681094,downloads/official-1-1237/raw/api-0089.json,89366c2f5c1f63caec1729de9adfc0b77d74c7065ef7e3d4963e876adc949272
351,20090822,5,25,27,29,34,36,33,4,29,1137,43947492000,1000,43947492,downloads/official-1-1237/raw/api-0089.json,89366c2f5c1f63caec1729de9adfc0b77d74c7065ef7e3d4963e876adc949272
352,20090829,5,16,17,20,26,41,24,6,29,1166,44719545000,1000,44719545,downloads/official-1-1237/raw/api-0089.json,89366c2f5c1f63caec1729de9adfc0b77d74c7065ef7e3d4963e876adc949272
353,20090905,11,16,19,22,29,36,26,2,29,1042,44552925000,1000,44552925,downloads/official-1-1237/raw/api-0089.json,89366c2f5c1f63caec1729de9adfc0b77d74c7065ef7e3d4963e876adc949272
354,20090912,14,19,36,43,44,45,1,5,34,1014,44709689000,1000,44709689,downloads/official-1-1237/raw/api-0089.json,89366c2f5c1f63caec1729de9adfc0b77d74c7065ef7e3d4963e876adc949272
355,20090919,5,8,29,30,35,44,38,5,24,1094,45017050000,1000,45017050,downloads/official-1-1237/raw/api-0089.json,89366c2f5c1f63caec1729de9adfc0b77d74c7065ef7e3d4963e876adc949272
356,20090926,2,8,14,25,29,45,24,9,37,1263,44684958000,1000,44684958,downloads/official-1-1237/raw/api-0089.json,89366c2f5c1f63caec1729de9adfc0b77d74c7065ef7e3d4963e876adc949272
357,20091003,10,14,18,21,36,37,5,2,27,1116,45232409000,1000,45232409,downloads/official-1-1237/raw/api-0089.json,89366c2f5c1f63caec1729de9adfc0b77d74c7065ef7e3d4963e876adc949272
358,20091010,1,9,10,12,21,40,37,3,44,1382,45651829000,1000,45651829,downloads/official-1-1237/raw/api-0088.json,0d761b46e67477936b0c5fbc47ec3da6210215d53de498a5f4b2d8a11a643714
359,20091017,1,10,19,20,24,40,23,8,37,1656,45288256000,1000,45288256,downloads/official-1-1237/raw/api-0088.json,0d761b46e67477936b0c5fbc47ec3da6210215d53de498a5f4b2d8a11a643714
360,20091024,4,16,23,25,35,40,27,3,33,1208,45719032000,1000,45719032,downloads/official-1-1237/raw/api-0088.json,0d761b46e67477936b0c5fbc47ec3da6210215d53de498a5f4b2d8a11a643714
361,20091031,5,10,16,24,27,35,33,7,34,1463,45062676000,1000,45062676,downloads/official-1-1237/raw/api-0088.json,0d761b46e67477936b0c5fbc47ec3da6210215d53de498a5f4b2d8a11a643714
362,20091107,2,3,22,27,30,40,29,6,26,1173,44336363000,1000,44336363,downloads/official-1-1237/raw/api-0088.json,0d761b46e67477936b0c5fbc47ec3da6210215d53de498a5f4b2d8a11a643714
363,20091114,11,12,14,21,32,38,6,4,33,1216,44863948000,1000,44863948,downloads/official-1-1237/raw/api-0088.json,0d761b46e67477936b0c5fbc47ec3da6210215d53de498a5f4b2d8a11a643714
364,20091121,2,5,7,14,16,40,4,4,37,1259,44192004000,1000,44192004,downloads/official-1-1237/raw/api-0088.json,0d761b46e67477936b0c5fbc47ec3da6210215d53de498a5f4b2d8a11a643714
365,20091128,5,15,21,25,26,30,31,1,35,1181,45806066000,1000,45806066,downloads/official-1-1237/raw/api-0088.json,0d761b46e67477936b0c5fbc47ec3da6210215d53de498a5f4b2d8a11a643714
366,20091205,5,12,19,26,27,44,38,2,39,1617,45962166000,1000,45962166,downloads/official-1-1237/raw/api-0088.json,0d761b46e67477936b0c5fbc47ec3da6210215d53de498a5f4b2d8a11a643714
367,20091212,3,22,25,29,32,44,19,7,37,1049,46459307000,1000,46459307,downloads/official-1-1237/raw/api-0088.json,0d761b46e67477936b0c5fbc47ec3da6210215d53de498a5f4b2d8a11a643714
368,20091219,11,21,24,30,39,45,26,7,38,1195,43746046000,1000,43746046,downloads/official-1-1237/raw/api-0087.json,c4d20521e6f178843d5fd8c3cc9e4c0cd26715ecefb3bcddeee2985703e5b851
369,20091226,17,20,35,36,41,43,21,6,31,1157,46716275000,1000,46716275,downloads/official-1-1237/raw/api-0087.json,c4d20521e6f178843d5fd8c3cc9e4c0cd26715ecefb3bcddeee2985703e5b851
370,20100102,16,18,24,42,44,45,17,7,32,1168,49762652000,1000,49762652,downloads/official-1-1237/raw/api-0087.json,c4d20521e6f178843d5fd8c3cc9e4c0cd26715ecefb3bcddeee2985703e5b851
371,20100109,7,9,15,26,27,42,18,7,29,1201,45843166000,1000,45843166,downloads/official-1-1237/raw/api-0087.json,c4d20521e6f178843d5fd8c3cc9e4c0cd26715ecefb3bcddeee2985703e5b851
372,20100116,8,11,14,16,18,21,13,9,37,1368,46167066000,1000,46167066,downloads/official-1-1237/raw/api-0087.json,c4d20521e6f178843d5fd8c3cc9e4c0cd26715ecefb3bcddeee2985703e5b851
373,20100123,15,26,37,42,43,45,9,4,29,1117,47095065000,1000,47095065,downloads/official-1-1237/raw/api-0087.json,c4d20521e6f178843d5fd8c3cc9e4c0cd26715ecefb3bcddeee2985703e5b851
374,20100130,11,13,15,17,25,34,26,2,27,1398,48081319000,1000,48081319,downloads/official-1-1237/raw/api-0087.json,c4d20521e6f178843d5fd8c3cc9e4c0cd26715ecefb3bcddeee2985703e5b851
375,20100206,4,8,19,25,27,45,7,7,42,1279,47864938000,1000,47864938,downloads/official-1-1237/raw/api-0087.json,c4d20521e6f178843d5fd8c3cc9e4c0cd26715ecefb3bcddeee2985703e5b851
376,20100213,1,11,13,24,28,40,7,6,51,1411,50657096000,1000,50657096,downloads/official-1-1237/raw/api-0087.json,c4d20521e6f178843d5fd8c3cc9e4c0cd26715ecefb3bcddeee2985703e5b851
377,20100220,6,22,29,37,43,45,23,3,22,1198,49218434000,1000,49218434,downloads/official-1-1237/raw/api-0087.json,c4d20521e6f178843d5fd8c3cc9e4c0cd26715ecefb3bcddeee2985703e5b851
378,20100227,5,22,29,31,34,39,43,5,30,1124,48866964000,1000,48866964,downloads/official-1-1237/raw/api-0086.json,fd97f81def5295324e4b2fcb68f33e5a3a47d0a46c425374e2bea80889bbbb60
379,20100306,6,10,22,31,35,40,19,7,71,1342,47537685000,1000,47537685,downloads/official-1-1237/raw/api-0086.json,fd97f81def5295324e4b2fcb68f33e5a3a47d0a46c425374e2bea80889bbbb60
380,20100313,1,2,8,17,26,37,27,4,42,1464,47164371000,1000,47164371,downloads/official-1-1237/raw/api-0086.json,fd97f81def5295324e4b2fcb68f33e5a3a47d0a46c425374e2bea80889bbbb60
381,20100320,1,5,10,12,16,20,11,19,62,1981,47943113000,1000,47943113,downloads/official-1-1237/raw/api-0086.json,fd97f81def5295324e4b2fcb68f33e5a3a47d0a46c425374e2bea80889bbbb60
382,20100327,10,15,22,24,27,42,19,6,32,1212,47401288000,1000,47401288,downloads/official-1-1237/raw/api-0086.json,fd97f81def5295324e4b2fcb68f33e5a3a47d0a46c425374e2bea80889bbbb60
383,20100403,4,15,28,33,37,40,25,3,28,1251,46067051000,1000,46067051,downloads/official-1-1237/raw/api-0086.json,fd97f81def5295324e4b2fcb68f33e5a3a47d0a46c425374e2bea80889bbbb60
384,20100410,11,22,24,32,36,38,7,3,41,1215,46888942000,1000,46888942,downloads/official-1-1237/raw/api-0086.json,fd97f81def5295324e4b2fcb68f33e5a3a47d0a46c425374e2bea80889bbbb60
385,20100417,7,12,19,21,29,32,9,7,36,1235,46243483000,1000,46243483,downloads/official-1-1237/raw/api-0086.json,fd97f81def5295324e4b2fcb68f33e5a3a47d0a46c425374e2bea80889bbbb60
386,20100424,4,7,10,19,31,40,26,10,59,1683,45907331000,1000,45907331,downloads/official-1-1237/raw/api-0086.json,fd97f81def5295324e4b2fcb68f33e5a3a47d0a46c425374e2bea80889bbbb60
387,20100501,1,26,31,34,40,43,20,4,26,1177,45459960000,1000,45459960,downloads/official-1-1237/raw/api-0086.json,fd97f81def5295324e4b2fcb68f33e5a3a47d0a46c425374e2bea80889bbbb60
388,20100508,1,8,9,17,29,32,45,4,30,1269,44308705000,1000,44308705,downloads/official-1-1237/raw/api-0085.json,1dc7a54daa3c01fb2b97dfaecb5125f794bc733ce87e61e4ba3a1b6f7c1ec8a6
389,20100515,7,16,18,20,23,26,3,5,36,1253,45534027000,1000,45534027,downloads/official-1-1237/raw/api-0085.json,1dc7a54daa3c01fb2b97dfaecb5125f794bc733ce87e61e4ba3a1b6f7c1ec8a6
390,20100522,16,17,28,37,39,40,15,1,37,1087,44189673000,1000,44189673,downloads/official-1-1237/raw/api-0085.json,1dc7a54daa3c01fb2b97dfaecb5125f794bc733ce87e61e4ba3a1b6f7c1ec8a6
391,20100529,10,11,18,22,28,39,30,1,32,1337,45161516000,1000,45161516,downloads/official-1-1237/raw/api-0085.json,1dc7a54daa3c01fb2b97dfaecb5125f794bc733ce87e61e4ba3a1b6f7c1ec8a6
392,20100605,1,3,7,8,24,42,43,6,30,1504,45528684000,1000,45528684,downloads/official-1-1237/raw/api-0085.json,1dc7a54daa3c01fb2b97dfaecb5125f794bc733ce87e61e4ba3a1b6f7c1ec8a6
393,20100612,9,16,28,40,41,43,21,8,35,1072,45989116000,1000,45989116,downloads/official-1-1237/raw/api-0085.json,1dc7a54daa3c01fb2b97dfaecb5125f794bc733ce87e61e4ba3a1b6f7c1ec8a6
394,20100619,1,13,20,22,25,28,15,1,33,1204,45192337000,1000,45192337,downloads/official-1-1237/raw/api-0085.json,1dc7a54daa3c01fb2b97dfaecb5125f794bc733ce87e61e4ba3a1b6f7c1ec8a6
395,20100626,11,15,20,26,31,35,7,7,42,1420,46192580000,1000,46192580,downloads/official-1-1237/raw/api-0085.json,1dc7a54daa3c01fb2b97dfaecb5125f794bc733ce87e61e4ba3a1b6f7c1ec8a6
396,20100703,18,20,31,34,40,45,30,2,34,1202,45463736000,1000,45463736,downloads/official-1-1237/raw/api-0085.json,1dc7a54daa3c01fb2b97dfaecb5125f794bc733ce87e61e4ba3a1b6f7c1ec8a6
397,20100710,12,13,17,22,25,33,8,3,31,1366,45890007000,1000,45890007,downloads/official-1-1237/raw/api-0085.json,1dc7a54daa3c01fb2b97dfaecb5125f794bc733ce87e61e4ba3a1b6f7c1ec8a6
398,20100717,10,15,20,23,42,44,7,4,31,1112,45427304000,1000,45427304,downloads/official-1-1237/raw/api-0084.json,17e15098a36b057fa88bdbc46fcc94fa14a6d55c143be4a3a97bd8ea30a85280
399,20100724,1,2,9,17,19,42,20,8,40,1462,45551786000,1000,45551786,downloads/official-1-1237/raw/api-0084.json,17e15098a36b057fa88bdbc46fcc94fa14a6d55c143be4a3a97bd8ea30a85280
400,20100731,9,21,27,34,41,43,2,4,30,1254,45379731000,1000,45379731,downloads/official-1-1237/raw/api-0084.json,17e15098a36b057fa88bdbc46fcc94fa14a6d55c143be4a3a97bd8ea30a85280
401,20100807,6,12,18,31,38,43,9,9,29,1355,43491965000,1000,43491965,downloads/official-1-1237/raw/api-0084.json,17e15098a36b057fa88bdbc46fcc94fa14a6d55c143be4a3a97bd8ea30a85280
402,20100814,5,9,15,19,22,36,32,4,41,1271,45002946000,1000,45002946,downloads/official-1-1237/raw/api-0084.json,17e15098a36b057fa88bdbc46fcc94fa14a6d55c143be4a3a97bd8ea30a85280
403,20100821,10,14,22,24,28,37,26,5,43,1321,44911335000,1000,44911335,downloads/official-1-1237/raw/api-0084.json,17e15098a36b057fa88bdbc46fcc94fa14a6d55c143be4a3a97bd8ea30a85280
404,20100828,5,20,21,24,33,40,36,3,26,1273,45389825000,1000,45389825,downloads/official-1-1237/raw/api-0084.json,17e15098a36b057fa88bdbc46fcc94fa14a6d55c143be4a3a97bd8ea30a85280
405,20100904,1,2,10,25,26,44,4,3,35,1283,45220904000,1000,45220904,downloads/official-1-1237/raw/api-0084.json,17e15098a36b057fa88bdbc46fcc94fa14a6d55c143be4a3a97bd8ea30a85280
406,20100911,7,12,21,24,27,36,45,5,33,1442,46062206000,1000,46062206,downloads/official-1-1237/raw/api-0084.json,17e15098a36b057fa88bdbc46fcc94fa14a6d55c143be4a3a97bd8ea30a85280
407,20100918,6,7,13,16,24,25,1,7,27,1268,48429586000,1000,48429586,downloads/official-1-1237/raw/api-0084.json,17e15098a36b057fa88bdbc46fcc94fa14a6d55c143be4a3a97bd8ea30a85280
408,20100925,9,20,21,22,30,37,16,5,33,1244,46406711000,1000,46406711,downloads/official-1-1237/raw/api-0083.json,2fe1bae8059eeaba77093b00ebb7674ce72fac0330634bdb2d6252f032384c45
409,20101002,6,9,21,31,32,40,38,4,36,1320,47924584000,1000,47924584,downloads/official-1-1237/raw/api-0083.json,2fe1bae8059eeaba77093b00ebb7674ce72fac0330634bdb2d6252f032384c45
410,20101009,1,3,18,32,40,41,16,9,37,1303,47467817000,1000,47467817,downloads/official-1-1237/raw/api-0083.json,2fe1bae8059eeaba77093b00ebb7674ce72fac0330634bdb2d6252f032384c45
411,20101016,11,14,22,35,37,39,5,12,36,1318,47259122000,1000,47259122,downloads/official-1-1237/raw/api-0083.json,2fe1bae8059eeaba77093b00ebb7674ce72fac0330634bdb2d6252f032384c45
412,20101023,4,7,39,41,42,45,40,7,34,1223,47066180000,1000,47066180,downloads/official-1-1237/raw/api-0083.json,2fe1bae8059eeaba77093b00ebb7674ce72fac0330634bdb2d6252f032384c45
413,20101030,2,9,15,23,34,40,3,4,36,1256,46925724000,1000,46925724,downloads/official-1-1237/raw/api-0083.json,2fe1bae8059eeaba77093b00ebb7674ce72fac0330634bdb2d6252f032384c45
414,20101106,2,14,15,22,23,44,43,1,35,1220,46910990000,1000,46910990,downloads/official-1-1237/raw/api-0083.json,2fe1bae8059eeaba77093b00ebb7674ce72fac0330634bdb2d6252f032384c45
415,20101113,7,17,20,26,30,40,24,8,35,1587,46746048000,1000,46746048,downloads/official-1-1237/raw/api-0083.json,2fe1bae8059eeaba77093b00ebb7674ce72fac0330634bdb2d6252f032384c45
416,20101120,5,6,8,11,22,26,44,10,32,1501,46854806000,1000,46854806,downloads/official-1-1237/raw/api-0083.json,2fe1bae8059eeaba77093b00ebb7674ce72fac0330634bdb2d6252f032384c45
417,20101127,4,5,14,20,22,43,44,4,34,1181,45968256000,1000,45968256,downloads/official-1-1237/raw/api-0083.json,2fe1bae8059eeaba77093b00ebb7674ce72fac0330634bdb2d6252f032384c45
418,20101204,11,13,15,26,28,34,31,8,46,1316,47058055000,1000,47058055,downloads/official-1-1237/raw/api-0082.json,bbb84e9f563f7f51637abfdb64cdf21d973629ae997676ac1d4fe8a1c6c5757d
419,20101211,2,11,13,14,28,30,7,3,33,1194,46508296000,1000,46508296,downloads/official-1-1237/raw/api-0082.json,bbb84e9f563f7f51637abfdb64cdf21d973629ae997676ac1d4fe8a1c6c5757d
420,20101218,4,9,10,29,31,34,27,8,35,1187,47345476000,1000,47345476,downloads/official-1-1237/raw/api-0082.json,bbb84e9f563f7f51637abfdb64cdf21d973629ae997676ac1d4fe8a1c6c5757d
421,20101225,6,11,26,27,28,44,30,5,36,1203,47752021000,1000,47752021,downloads/official-1-1237/raw/api-0082.json,bbb84e9f563f7f51637abfdb64cdf21d973629ae997676ac1d4fe8a1c6c5757d
422,20110101,8,15,19,21,34,44,12,6,21,1293,52730602000,1000,52730602,downloads/official-1-1237/raw/api-0082.json,bbb84e9f563f7f51637abfdb64cdf21d973629ae997676ac1d4fe8a1c6c5757d
423,20110108,1,17,27,28,29,40,5,3,47,1432,49668311000,1000,49668311,downloads/official-1-1237/raw/api-0082.json,bbb84e9f563f7f51637abfdb64cdf21d973629ae997676ac1d4fe8a1c6c5757d
424,20110115,10,11,26,31,34,44,30,10,51,1686,48728445000,1000,48728445,downloads/official-1-1237/raw/api-0082.json,bbb84e9f563f7f51637abfdb64cdf21d973629ae997676ac1d4fe8a1c6c5757d
425,20110122,8,10,14,27,33,38,3,8,41,1297,50459694000,1000,50459694,downloads/official-1-1237/raw/api-0082.json,bbb84e9f563f7f51637abfdb64cdf21d973629ae997676ac1d4fe8a1c6c5757d
426,20110129,4,17,18,27,39,43,19,4,63,1463,51466592000,1000,51466592,downloads/official-1-1237/raw/api-0082.json,bbb84e9f563f7f51637abfdb64cdf21d973629ae997676ac1d4fe8a1c6c5757d
427,20110205,6,7,15,24,28,30,21,1,33,1415,52511055000,1000,52511055,downloads/official-1-1237/raw/api-0082.json,bbb84e9f563f7f51637abfdb64cdf21d973629ae997676ac1d4fe8a1c6c5757d
428,20110212,12,16,19,22,37,40,8,9,30,1568,54685007000,1000,54685007,downloads/official-1-1237/raw/api-0081.json,57e7856b0e6aaf469b001a2167c2340a4da096cb94f9f86cce5c37af1bcd186e
429,20110219,3,23,28,34,39,42,16,9,37,1389,53993833000,1000,53993833,downloads/official-1-1237/raw/api-0081.json,57e7856b0e6aaf469b001a2167c2340a4da096cb94f9f86cce5c37af1bcd186e
430,20110226,1,3,16,18,30,34,44,8,45,1449,53194872000,1000,53194872,downloads/official-1-1237/raw/api-0081.json,57e7856b0e6aaf469b001a2167c2340a4da096cb94f9f86cce5c37af1bcd186e
431,20110305,18,22,25,31,38,45,6,10,43,1337,51661947000,1000,51661947,downloads/official-1-1237/raw/api-0081.json,57e7856b0e6aaf469b001a2167c2340a4da096cb94f9f86cce5c37af1bcd186e
432,20110312,2,3,5,11,27,39,33,5,48,1747,52348574000,1000,52348574,downloads/official-1-1237/raw/api-0081.json,57e7856b0e6aaf469b001a2167c2340a4da096cb94f9f86cce5c37af1bcd186e
433,20110319,19,23,29,33,35,43,27,11,41,1278,52396606000,1000,52396606,downloads/official-1-1237/raw/api-0081.json,57e7856b0e6aaf469b001a2167c2340a4da096cb94f9f86cce5c37af1bcd186e
434,20110326,3,13,20,24,33,37,35,8,37,1867,51579439000,1000,51579439,downloads/official-1-1237/raw/api-0081.json,57e7856b0e6aaf469b001a2167c2340a4da096cb94f9f86cce5c37af1bcd186e
435,20110402,8,16,26,30,38,45,42,10,31,1426,52341267000,1000,52341267,downloads/official-1-1237/raw/api-0081.json,57e7856b0e6aaf469b001a2167c2340a4da096cb94f9f86cce5c37af1bcd186e
436,20110409,9,14,20,22,33,34,28,8,44,1425,50869017000,1000,50869017,downloads/official-1-1237/raw/api-0081.json,57e7856b0e6aaf469b001a2167c2340a4da096cb94f9f86cce5c37af1bcd186e
437,20110416,11,16,29,38,41,44,21,6,33,1286,50798417000,1000,50798417,downloads/official-1-1237/raw/api-0081.json,57e7856b0e6aaf469b001a2167c2340a4da096cb94f9f86cce5c37af1bcd186e
438,20110423,6,12,20,26,29,38,45,9,41,1303,50370042000,1000,50370042,downloads/official-1-1237/raw/api-0080.json,314f56517238c1e181561a58e8ff5115228286d76c065e1e3ba8bba040f36c70
439,20110430,17,20,30,31,37,40,25,6,33,1437,49680708000,1000,49680708,downloads/official-1-1237/raw/api-0080.json,314f56517238c1e181561a58e8ff5115228286d76c065e1e3ba8bba040f36c70
440,20110507,10,22,28,34,36,44,2,6,41,1495,49810778000,1000,49810778,downloads/official-1-1237/raw/api-0080.json,314f56517238c1e181561a58e8ff5115228286d76c065e1e3ba8bba040f36c70
441,20110514,1,23,28,30,34,35,9,4,42,1127,50272122000,1000,50272122,downloads/official-1-1237/raw/api-0080.json,314f56517238c1e181561a58e8ff5115228286d76c065e1e3ba8bba040f36c70
442,20110521,25,27,29,36,38,40,41,9,27,1271,51219943000,1000,51219943,downloads/official-1-1237/raw/api-0080.json,314f56517238c1e181561a58e8ff5115228286d76c065e1e3ba8bba040f36c70
443,20110528,4,6,10,19,20,44,14,9,41,1668,51236072000,1000,51236072,downloads/official-1-1237/raw/api-0080.json,314f56517238c1e181561a58e8ff5115228286d76c065e1e3ba8bba040f36c70
444,20110604,11,13,23,35,43,45,17,3,26,1270,50673529000,1000,50673529,downloads/official-1-1237/raw/api-0080.json,314f56517238c1e181561a58e8ff5115228286d76c065e1e3ba8bba040f36c70
445,20110611,13,20,21,30,39,45,32,7,28,1183,50053080000,1000,50053080,downloads/official-1-1237/raw/api-0080.json,314f56517238c1e181561a58e8ff5115228286d76c065e1e3ba8bba040f36c70
446,20110618,1,11,12,14,26,35,6,3,41,1375,50595241000,1000,50595241,downloads/official-1-1237/raw/api-0080.json,314f56517238c1e181561a58e8ff5115228286d76c065e1e3ba8bba040f36c70
447,20110625,2,7,8,9,17,33,34,4,31,1721,49555042000,1000,49555042,downloads/official-1-1237/raw/api-0080.json,314f56517238c1e181561a58e8ff5115228286d76c065e1e3ba8bba040f36c70
448,20110702,3,7,13,27,40,41,36,3,35,1422,51341262000,1000,51341262,downloads/official-1-1237/raw/api-0079.json,2ce1e57d912dac6eccd6d2ffef9804593a08b6aa1ac2d3c3be6fe9d01b41ac2a
449,20110709,3,10,20,26,35,43,36,3,39,1295,50214272000,1000,50214272,downloads/official-1-1237/raw/api-0079.json,2ce1e57d912dac6eccd6d2ffef9804593a08b6aa1ac2d3c3be6fe9d01b41ac2a
450,20110716,6,14,19,21,23,31,13,6,34,1349,49732036000,1000,49732036,downloads/official-1-1237/raw/api-0079.json,2ce1e57d912dac6eccd6d2ffef9804593a08b6aa1ac2d3c3be6fe9d01b41ac2a
451,20110723,12,15,20,24,30,38,29,13,31,1612,49861167000,1000,49861167,downloads/official-1-1237/raw/api-0079.json,2ce1e57d912dac6eccd6d2ffef9804593a08b6aa1ac2d3c3be6fe9d01b41ac2a
452,20110730,8,10,18,30,32,34,27,9,48,1298,48456758000,1000,48456758,downloads/official-1-1237/raw/api-0079.json,2ce1e57d912dac6eccd6d2ffef9804593a08b6aa1ac2d3c3be6fe9d01b41ac2a
453,20110806,12,24,33,38,40,42,30,5,36,1412,48055125000,1000,48055125,downloads/official-1-1237/raw/api-0079.json,2ce1e57d912dac6eccd6d2ffef9804593a08b6aa1ac2d3c3be6fe9d01b41ac2a
454,20110813,13,25,27,34,38,41,10,7,43,1397,48389211000,1000,48389211,downloads/official-1-1237/raw/api-0079.json,2ce1e57d912dac6eccd6d2ffef9804593a08b6aa1ac2d3c3be6fe9d01b41ac2a
455,20110820,4,19,20,26,30,35,24,7,32,1448,48769851000,1000,48769851,downloads/official-1-1237/raw/api-0079.json,2ce1e57d912dac6eccd6d2ffef9804593a08b6aa1ac2d3c3be6fe9d01b41ac2a
456,20110827,1,7,12,18,23,27,44,7,39,1616,49420681000,1000,49420681,downloads/official-1-1237/raw/api-0079.json,2ce1e57d912dac6eccd6d2ffef9804593a08b6aa1ac2d3c3be6fe9d01b41ac2a
457,20110903,8,10,18,23,27,40,33,10,47,1506,49679052000,1000,49679052,downloads/official-1-1237/raw/api-0079.json,2ce1e57d912dac6eccd6d2ffef9804593a08b6aa1ac2d3c3be6fe9d01b41ac2a
458,20110910,4,9,10,32,36,40,18,8,52,1433,53778256000,1000,53778256,downloads/official-1-1237/raw/api-0078.json,59900aa18af4d6be18a5f3b02431e7a5a5d6b5c0702a789eb0ab4472bba1f22e
459,20110917,4,6,10,14,25,40,12,7,46,1532,49890095000,1000,49890095,downloads/official-1-1237/raw/api-0078.json,59900aa18af4d6be18a5f3b02431e7a5a5d6b5c0702a789eb0ab4472bba1f22e
460,20110924,8,11,28,30,43,45,41,4,30,1307,51917635000,1000,51917635,downloads/official-1-1237/raw/api-0078.json,59900aa18af4d6be18a5f3b02431e7a5a5d6b5c0702a789eb0ab4472bba1f22e
461,20111001,11,18,26,31,37,40,43,6,32,1717,50624588000,1000,50624588,downloads/official-1-1237/raw/api-0078.json,59900aa18af4d6be18a5f3b02431e7a5a5d6b5c0702a789eb0ab4472bba1f22e
462,20111008,3,20,24,32,37,45,4,8,39,1394,49325555000,1000,49325555,downloads/official-1-1237/raw/api-0078.json,59900aa18af4d6be18a5f3b02431e7a5a5d6b5c0702a789eb0ab4472bba1f22e
463,20111015,23,29,31,33,34,44,40,0,37,1254,49205151000,1000,49205151,downloads/official-1-1237/raw/api-0078.json,59900aa18af4d6be18a5f3b02431e7a5a5d6b5c0702a789eb0ab4472bba1f22e
464,20111022,6,12,15,34,42,44,4,13,78,3145,126772274000,1000,126772274,downloads/official-1-1237/raw/api-0078.json,59900aa18af4d6be18a5f3b02431e7a5a5d6b5c0702a789eb0ab4472bba1f22e
465,20111029,1,8,11,13,22,38,31,7,46,1733,57793294000,1000,57793294,downloads/official-1-1237/raw/api-0078.json,59900aa18af4d6be18a5f3b02431e7a5a5d6b5c0702a789eb0ab4472bba1f22e
466,20111105,4,10,13,23,32,44,20,9,55,1746,58314753000,1000,58314753,downloads/official-1-1237/raw/api-0078.json,59900aa18af4d6be18a5f3b02431e7a5a5d6b5c0702a789eb0ab4472bba1f22e
467,20111112,2,12,14,17,24,40,39,9,33,1811,57383906000,1000,57383906,downloads/official-1-1237/raw/api-0078.json,59900aa18af4d6be18a5f3b02431e7a5a5d6b5c0702a789eb0ab4472bba1f22e
468,20111119,8,13,15,28,37,43,17,9,33,1457,55598552000,1000,55598552,downloads/official-1-1237/raw/api-0077.json,feec9d4fb3f044a385f61bf123e04092a1f6dc91f0a3f166c650377b18f59250
469,20111126,4,21,22,34,37,38,33,4,33,1277,53364940000,1000,53364940,downloads/official-1-1237/raw/api-0077.json,feec9d4fb3f044a385f61bf123e04092a1f6dc91f0a3f166c650377b18f59250
470,20111203,10,16,20,39,41,42,27,3,27,1390,53912965000,1000,53912965,downloads/official-1-1237/raw/api-0077.json,feec9d4fb3f044a385f61bf123e04092a1f6dc91f0a3f166c650377b18f59250
471,20111210,6,13,29,37,39,41,43,7,30,1219,53492340000,1000,53492340,downloads/official-1-1237/raw/api-0077.json,feec9d4fb3f044a385f61bf123e04092a1f6dc91f0a3f166c650377b18f59250
472,20111217,16,25,26,31,36,43,44,7,23,1352,51929207000,1000,51929207,downloads/official-1-1237/raw/api-0077.json,feec9d4fb3f044a385f61bf123e04092a1f6dc91f0a3f166c650377b18f59250
473,20111224,8,13,20,22,23,36,34,4,36,1313,52867236000,1000,52867236,downloads/official-1-1237/raw/api-0077.json,feec9d4fb3f044a385f61bf123e04092a1f6dc91f0a3f166c650377b18f59250
474,20111231,4,13,18,31,33,45,43,15,48,1738,58978482000,1000,58978482,downloads/official-1-1237/raw/api-0077.json,feec9d4fb3f044a385f61bf123e04092a1f6dc91f0a3f166c650377b18f59250
475,20120107,1,9,14,16,21,29,3,8,33,1486,56043275000,1000,56043275,downloads/official-1-1237/raw/api-0077.json,feec9d4fb3f044a385f61bf123e04092a1f6dc91f0a3f166c650377b18f59250
476,20120114,9,12,13,15,37,38,27,4,34,1294,55591819000,1000,55591819,downloads/official-1-1237/raw/api-0077.json,feec9d4fb3f044a385f61bf123e04092a1f6dc91f0a3f166c650377b18f59250
477,20120121,14,25,29,32,33,45,37,8,33,1474,60801409000,1000,60801409,downloads/official-1-1237/raw/api-0077.json,feec9d4fb3f044a385f61bf123e04092a1f6dc91f0a3f166c650377b18f59250
478,20120128,18,29,30,37,39,43,8,14,35,1285,54975901000,1000,54975901,downloads/official-1-1237/raw/api-0076.json,d4d8104c753a6c01cb7c7376be5fedaa3aaa88311221eae5a3af24e9de3d9a5f
479,20120204,8,23,25,27,35,44,24,6,34,1389,54848834000,1000,54848834,downloads/official-1-1237/raw/api-0076.json,d4d8104c753a6c01cb7c7376be5fedaa3aaa88311221eae5a3af24e9de3d9a5f
480,20120211,3,5,10,17,30,31,16,4,50,1983,55415681000,1000,55415681,downloads/official-1-1237/raw/api-0076.json,d4d8104c753a6c01cb7c7376be5fedaa3aaa88311221eae5a3af24e9de3d9a5f
481,20120218,3,4,23,29,40,41,20,3,34,1294,55642616000,1000,55642616,downloads/official-1-1237/raw/api-0076.json,d4d8104c753a6c01cb7c7376be5fedaa3aaa88311221eae5a3af24e9de3d9a5f
482,20120225,1,10,16,24,25,35,43,7,30,1639,56201452000,1000,56201452,downloads/official-1-1237/raw/api-0076.json,d4d8104c753a6c01cb7c7376be5fedaa3aaa88311221eae5a3af24e9de3d9a5f
483,20120303,12,15,19,22,28,34,5,5,53,1886,55582659000,1000,55582659,downloads/official-1-1237/raw/api-0076.json,d4d8104c753a6c01cb7c7376be5fedaa3aaa88311221eae5a3af24e9de3d9a5f
484,20120310,1,3,27,28,32,45,11,6,32,1343,55885979000,1000,55885979,downloads/official-1-1237/raw/api-0076.json,d4d8104c753a6c01cb7c7376be5fedaa3aaa88311221eae5a3af24e9de3d9a5f
485,20120317,17,22,26,27,36,39,20,9,33,1406,55692878000,1000,55692878,downloads/official-1-1237/raw/api-0076.json,d4d8104c753a6c01cb7c7376be5fedaa3aaa88311221eae5a3af24e9de3d9a5f
486,20120324,1,2,23,25,38,40,43,13,29,1501,54540823000,1000,54540823,downloads/official-1-1237/raw/api-0076.json,d4d8104c753a6c01cb7c7376be5fedaa3aaa88311221eae5a3af24e9de3d9a5f
487,20120331,4,8,25,27,37,41,21,8,46,1587,55276503000,1000,55276503,downloads/official-1-1237/raw/api-0076.json,d4d8104c753a6c01cb7c7376be5fedaa3aaa88311221eae5a3af24e9de3d9a5f
488,20120407,2,8,17,30,31,38,25,10,33,1345,54213092000,1000,54213092,downloads/official-1-1237/raw/api-0075.json,76aaa5c52e9e2a5abbf13c10394901cec51db0f6d31e0784c68abf42aa0aba72
489,20120414,2,4,8,15,20,27,11,6,52,1538,53558490000,1000,53558490,downloads/official-1-1237/raw/api-0075.json,76aaa5c52e9e2a5abbf13c10394901cec51db0f6d31e0784c68abf42aa0aba72
490,20120421,2,7,26,29,40,43,42,7,29,1357,52590121000,1000,52590121,downloads/official-1-1237/raw/api-0075.json,76aaa5c52e9e2a5abbf13c10394901cec51db0f6d31e0784c68abf42aa0aba72
491,20120428,8,17,35,36,39,42,4,4,31,1360,53413874000,1000,53413874,downloads/official-1-1237/raw/api-0075.json,76aaa5c52e9e2a5abbf13c10394901cec51db0f6d31e0784c68abf42aa0aba72
492,20120505,22,27,31,35,37,40,42,5,40,1434,51693454000,1000,51693454,downloads/official-1-1237/raw/api-0075.json,76aaa5c52e9e2a5abbf13c10394901cec51db0f6d31e0784c68abf42aa0aba72
493,20120512,20,22,26,33,36,37,25,9,27,1342,53231838000,1000,53231838,downloads/official-1-1237/raw/api-0075.json,76aaa5c52e9e2a5abbf13c10394901cec51db0f6d31e0784c68abf42aa0aba72
494,20120519,5,7,8,15,30,43,22,12,40,1539,53321589000,1000,53321589,downloads/official-1-1237/raw/api-0075.json,76aaa5c52e9e2a5abbf13c10394901cec51db0f6d31e0784c68abf42aa0aba72
495,20120526,4,13,22,27,34,44,6,6,44,1568,53645960000,1000,53645960,downloads/official-1-1237/raw/api-0075.json,76aaa5c52e9e2a5abbf13c10394901cec51db0f6d31e0784c68abf42aa0aba72
496,20120602,4,13,20,29,36,41,39,4,46,1389,52915804000,1000,52915804,downloads/official-1-1237/raw/api-0075.json,76aaa5c52e9e2a5abbf13c10394901cec51db0f6d31e0784c68abf42aa0aba72
497,20120609,19,20,23,24,43,44,13,6,30,1148,52411585000,1000,52411585,downloads/official-1-1237/raw/api-0075.json,76aaa5c52e9e2a5abbf13c10394901cec51db0f6d31e0784c68abf42aa0aba72
498,20120616,13,14,24,32,39,41,3,4,35,1334,52851253000,1000,52851253,downloads/official-1-1237/raw/api-0074.json,1366252aafe5afd05cc09a63920f2da45260331326f7f73dd88fa17f8ad2ca92
499,20120623,5,20,23,27,35,40,43,3,46,1514,52767632000,1000,52767632,downloads/official-1-1237/raw/api-0074.json,1366252aafe5afd05cc09a63920f2da45260331326f7f73dd88fa17f8ad2ca92
500,20120630,3,4,12,20,24,34,41,9,68,1831,54012267000,1000,54012267,downloads/official-1-1237/raw/api-0074.json,1366252aafe5afd05cc09a63920f2da45260331326f7f73dd88fa17f8ad2ca92
501,20120707,1,4,10,17,31,42,2,4,61,1639,52717711000,1000,52717711,downloads/official-1-1237/raw/api-0074.json,1366252aafe5afd05cc09a63920f2da45260331326f7f73dd88fa17f8ad2ca92
502,20120714,6,22,28,32,34,40,26,6,31,1482,54000640000,1000,54000640,downloads/official-1-1237/raw/api-0074.json,1366252aafe5afd05cc09a63920f2da45260331326f7f73dd88fa17f8ad2ca92
503,20120721,1,5,27,30,34,36,40,7,42,1292,53572205000,1000,53572205,downloads/official-1-1237/raw/api-0074.json,1366252aafe5afd05cc09a63920f2da45260331326f7f73dd88fa17f8ad2ca92
504,20120728,6,14,22,26,43,44,31,9,29,1294,51787037000,1000,51787037,downloads/official-1-1237/raw/api-0074.json,1366252aafe5afd05cc09a63920f2da45260331326f7f73dd88fa17f8ad2ca92
505,20120804,7,20,22,25,38,40,44,6,38,1440,49103223000,1000,49103223,downloads/official-1-1237/raw/api-0074.json,1366252aafe5afd05cc09a63920f2da45260331326f7f73dd88fa17f8ad2ca92
506,20120811,6,9,11,22,24,30,31,3,33,1588,52363311000,1000,52363311,downloads/official-1-1237/raw/api-0074.json,1366252aafe5afd05cc09a63920f2da45260331326f7f73dd88fa17f8ad2ca92
507,20120818,12,13,32,33,40,41,4,9,29,1473,53638773000,1000,53638773,downloads/official-1-1237/raw/api-0074.json,1366252aafe5afd05cc09a63920f2da45260331326f7f73dd88fa17f8ad2ca92
508,20120825,5,27,31,34,35,43,37,8,31,1596,54010391000,1000,54010391,downloads/official-1-1237/raw/api-0073.json,47b73afb91a5d7f56d3e94f864050898b268b72a53e99cfdffae8dce323357aa
509,20120901,12,25,29,35,42,43,24,5,34,1228,53390358000,1000,53390358,downloads/official-1-1237/raw/api-0073.json,47b73afb91a5d7f56d3e94f864050898b268b72a53e99cfdffae8dce323357aa
510,20120908,12,29,32,33,39,40,42,5,25,1319,53964992000,1000,53964992,downloads/official-1-1237/raw/api-0073.json,47b73afb91a5d7f56d3e94f864050898b268b72a53e99cfdffae8dce323357aa
511,20120915,3,7,14,23,26,42,24,6,37,1524,53970308000,1000,53970308,downloads/official-1-1237/raw/api-0073.json,47b73afb91a5d7f56d3e94f864050898b268b72a53e99cfdffae8dce323357aa
512,20120922,4,5,9,13,26,27,1,13,52,1682,54017801000,1000,54017801,downloads/official-1-1237/raw/api-0073.json,47b73afb91a5d7f56d3e94f864050898b268b72a53e99cfdffae8dce323357aa
513,20120929,5,8,21,23,27,33,12,3,54,1626,58317548000,1000,58317548,downloads/official-1-1237/raw/api-0073.json,47b73afb91a5d7f56d3e94f864050898b268b72a53e99cfdffae8dce323357aa
514,20121006,1,15,20,26,35,42,9,3,36,1362,54452404000,1000,54452404,downloads/official-1-1237/raw/api-0073.json,47b73afb91a5d7f56d3e94f864050898b268b72a53e99cfdffae8dce323357aa
515,20121013,2,11,12,15,23,37,8,1,35,1450,55258935000,1000,55258935,downloads/official-1-1237/raw/api-0073.json,47b73afb91a5d7f56d3e94f864050898b268b72a53e99cfdffae8dce323357aa
516,20121020,2,8,23,41,43,44,30,11,32,1338,56385762000,1000,56385762,downloads/official-1-1237/raw/api-0073.json,47b73afb91a5d7f56d3e94f864050898b268b72a53e99cfdffae8dce323357aa
517,20121027,1,9,12,28,36,41,10,5,40,1493,54468223000,1000,54468223,downloads/official-1-1237/raw/api-0073.json,47b73afb91a5d7f56d3e94f864050898b268b72a53e99cfdffae8dce323357aa
518,20121103,14,23,30,32,34,38,6,6,34,1349,55321566000,1000,55321566,downloads/official-1-1237/raw/api-0072.json,09ee635a659380e30582183c20a4674d9b87312ef5df6b41ef303df710b5a8f4
519,20121110,6,8,13,16,30,43,3,7,32,1357,55614206000,1000,55614206,downloads/official-1-1237/raw/api-0072.json,09ee635a659380e30582183c20a4674d9b87312ef5df6b41ef303df710b5a8f4
520,20121117,4,22,27,28,38,40,1,6,37,1627,55003797000,1000,55003797,downloads/official-1-1237/raw/api-0072.json,09ee635a659380e30582183c20a4674d9b87312ef5df6b41ef303df710b5a8f4
521,20121124,3,7,18,29,32,36,19,8,53,1612,56185373000,1000,56185373,downloads/official-1-1237/raw/api-0072.json,09ee635a659380e30582183c20a4674d9b87312ef5df6b41ef303df710b5a8f4
522,20121201,4,5,13,14,37,41,11,6,39,1495,57053378000,1000,57053378,downloads/official-1-1237/raw/api-0072.json,09ee635a659380e30582183c20a4674d9b87312ef5df6b41ef303df710b5a8f4
523,20121208,1,4,37,38,40,45,7,7,43,1557,53678449000,1000,53678449,downloads/official-1-1237/raw/api-0072.json,09ee635a659380e30582183c20a4674d9b87312ef5df6b41ef303df710b5a8f4
524,20121215,10,11,29,38,41,45,21,4,36,1338,55662103000,1000,55662103,downloads/official-1-1237/raw/api-0072.json,09ee635a659380e30582183c20a4674d9b87312ef5df6b41ef303df710b5a8f4
525,20121222,11,23,26,29,39,44,22,9,41,1543,55566007000,1000,55566007,downloads/official-1-1237/raw/api-0072.json,09ee635a659380e30582183c20a4674d9b87312ef5df6b41ef303df710b5a8f4
526,20121229,7,14,17,20,35,39,31,9,49,1539,56527807000,1000,56527807,downloads/official-1-1237/raw/api-0072.json,09ee635a659380e30582183c20a4674d9b87312ef5df6b41ef303df710b5a8f4
527,20130105,1,12,22,32,33,42,38,13,29,1967,56985634000,1000,56985634,downloads/official-1-1237/raw/api-0072.json,09ee635a659380e30582183c20a4674d9b87312ef5df6b41ef303df710b5a8f4
528,20130112,5,17,25,31,39,40,10,11,86,1811,57548541000,1000,57548541,downloads/official-1-1237/raw/api-0071.json,3ca4416aa266703009f80d841d45be213f9cf46faeedffef4459646c2a40acb1
529,20130119,18,20,24,27,31,42,39,8,33,1502,57645779000,1000,57645779,downloads/official-1-1237/raw/api-0071.json,3ca4416aa266703009f80d841d45be213f9cf46faeedffef4459646c2a40acb1
530,20130126,16,23,27,29,33,41,22,11,40,1449,56241083000,1000,56241083,downloads/official-1-1237/raw/api-0071.json,3ca4416aa266703009f80d841d45be213f9cf46faeedffef4459646c2a40acb1
531,20130202,1,5,9,21,27,35,45,9,42,1618,57567064000,1000,57567064,downloads/official-1-1237/raw/api-0071.json,3ca4416aa266703009f80d841d45be213f9cf46faeedffef4459646c2a40acb1
532,20130209,16,17,23,24,29,44,3,7,26,1480,61687384000,1000,61687384,downloads/official-1-1237/raw/api-0071.json,3ca4416aa266703009f80d841d45be213f9cf46faeedffef4459646c2a40acb1
533,20130216,9,14,15,17,31,33,23,8,44,1517,59275357000,1000,59275357,downloads/official-1-1237/raw/api-0071.json,3ca4416aa266703009f80d841d45be213f9cf46faeedffef4459646c2a40acb1
534,20130223,10,24,26,29,37,38,32,1,55,1537,59227462000,1000,59227462,downloads/official-1-1237/raw/api-0071.json,3ca4416aa266703009f80d841d45be213f9cf46faeedffef4459646c2a40acb1
535,20130302,11,12,14,15,18,39,34,3,31,1512,60523884000,1000,60523884,downloads/official-1-1237/raw/api-0071.json,3ca4416aa266703009f80d841d45be213f9cf46faeedffef4459646c2a40acb1
536,20130309,7,8,18,32,37,43,12,11,40,1676,59763469000,1000,59763469,downloads/official-1-1237/raw/api-0071.json,3ca4416aa266703009f80d841d45be213f9cf46faeedffef4459646c2a40acb1
537,20130316,12,23,26,30,36,43,11,7,35,1444,59453323000,1000,59453323,downloads/official-1-1237/raw/api-0071.json,3ca4416aa266703009f80d841d45be213f9cf46faeedffef4459646c2a40acb1
538,20130323,6,10,18,31,32,34,11,3,48,1724,59233373000,1000,59233373,downloads/official-1-1237/raw/api-0070.json,5a01ed952baff9cfb40b2c649d7086027616a8e66fa273b317abef0774633064
539,20130330,3,19,22,31,42,43,26,9,42,1519,59168870000,1000,59168870,downloads/official-1-1237/raw/api-0070.json,5a01ed952baff9cfb40b2c649d7086027616a8e66fa273b317abef0774633064
540,20130406,3,12,13,15,34,36,14,7,26,1409,56739658000,1000,56739658,downloads/official-1-1237/raw/api-0070.json,5a01ed952baff9cfb40b2c649d7086027616a8e66fa273b317abef0774633064
541,20130413,8,13,26,28,32,34,43,11,40,1444,57087047000,1000,57087047,downloads/official-1-1237/raw/api-0070.json,5a01ed952baff9cfb40b2c649d7086027616a8e66fa273b317abef0774633064
542,20130420,5,6,19,26,41,45,34,6,26,1456,56949161000,1000,56949161,downloads/official-1-1237/raw/api-0070.json,5a01ed952baff9cfb40b2c649d7086027616a8e66fa273b317abef0774633064
543,20130427,13,18,26,31,34,44,12,12,47,1968,56570245000,1000,56570245,downloads/official-1-1237/raw/api-0070.json,5a01ed952baff9cfb40b2c649d7086027616a8e66fa273b317abef0774633064
544,20130504,5,17,21,25,36,44,10,13,47,1527,56056189000,1000,56056189,downloads/official-1-1237/raw/api-0070.json,5a01ed952baff9cfb40b2c649d7086027616a8e66fa273b317abef0774633064
545,20130511,4,24,25,27,34,35,2,11,42,1497,55967171000,1000,55967171,downloads/official-1-1237/raw/api-0070.json,5a01ed952baff9cfb40b2c649d7086027616a8e66fa273b317abef0774633064
546,20130518,8,17,20,27,37,43,6,30,55,3110,56713166000,1000,56713166,downloads/official-1-1237/raw/api-0070.json,5a01ed952baff9cfb40b2c649d7086027616a8e66fa273b317abef0774633064
547,20130525,6,7,15,22,34,39,28,5,54,1548,57968466000,1000,57968466,downloads/official-1-1237/raw/api-0070.json,5a01ed952baff9cfb40b2c649d7086027616a8e66fa273b317abef0774633064
548,20130601,1,12,13,21,32,45,14,8,46,1646,57771827000,1000,57771827,downloads/official-1-1237/raw/api-0069.json,8e57007921044b66daeb06c35627e25b311a9dea56c586fa80e2d4f6ecd6268a
549,20130608,29,31,35,38,40,44,17,8,35,1487,56864611000,1000,56864611,downloads/official-1-1237/raw/api-0069.json,8e57007921044b66daeb06c35627e25b311a9dea56c586fa80e2d4f6ecd6268a
550,20130615,1,7,14,20,34,37,41,11,58,2728,56441770000,1000,56441770,downloads/official-1-1237/raw/api-0069.json,8e57007921044b66daeb06c35627e25b311a9dea56c586fa80e2d4f6ecd6268a
551,20130622,3,6,20,24,27,44,25,1,32,1440,56989370000,1000,56989370,downloads/official-1-1237/raw/api-0069.json,8e57007921044b66daeb06c35627e25b311a9dea56c586fa80e2d4f6ecd6268a
552,20130629,1,10,20,32,35,40,43,10,45,1808,57602386000,1000,57602386,downloads/official-1-1237/raw/api-0069.json,8e57007921044b66daeb06c35627e25b311a9dea56c586fa80e2d4f6ecd6268a
553,20130706,2,7,17,28,29,39,37,6,52,1647,56487483000,1000,56487483,downloads/official-1-1237/raw/api-0069.json,8e57007921044b66daeb06c35627e25b311a9dea56c586fa80e2d4f6ecd6268a
554,20130713,13,14,17,32,41,42,6,2,41,1484,56124466000,1000,56124466,downloads/official-1-1237/raw/api-0069.json,8e57007921044b66daeb06c35627e25b311a9dea56c586fa80e2d4f6ecd6268a
555,20130720,11,17,21,24,26,36,12,8,46,1554,57273817000,1000,57273817,downloads/official-1-1237/raw/api-0069.json,8e57007921044b66daeb06c35627e25b311a9dea56c586fa80e2d4f6ecd6268a
556,20130727,12,20,23,28,30,44,43,7,41,1411,57374791000,1000,57374791,downloads/official-1-1237/raw/api-0069.json,8e57007921044b66daeb06c35627e25b311a9dea56c586fa80e2d4f6ecd6268a
557,20130803,4,20,26,28,35,40,31,7,43,1503,55086560000,1000,55086560,downloads/official-1-1237/raw/api-0069.json,8e57007921044b66daeb06c35627e25b311a9dea56c586fa80e2d4f6ecd6268a
558,20130810,12,15,19,26,40,43,29,10,51,1408,54939001000,1000,54939001,downloads/official-1-1237/raw/api-0068.json,44901802fa4262a3f7e7e810446c8b090a1abf590780c9b5816a7cfe53ac71f6
559,20130817,11,12,25,32,44,45,23,7,42,1566,55733418000,1000,55733418,downloads/official-1-1237/raw/api-0068.json,44901802fa4262a3f7e7e810446c8b090a1abf590780c9b5816a7cfe53ac71f6
560,20130824,1,4,20,23,29,45,28,7,40,1476,56565298000,1000,56565298,downloads/official-1-1237/raw/api-0068.json,44901802fa4262a3f7e7e810446c8b090a1abf590780c9b5816a7cfe53ac71f6
561,20130831,5,7,18,37,42,45,20,5,41,1434,56638383000,1000,56638383,downloads/official-1-1237/raw/api-0068.json,44901802fa4262a3f7e7e810446c8b090a1abf590780c9b5816a7cfe53ac71f6
562,20130907,4,11,13,17,20,31,33,11,51,1789,56288212000,1000,56288212,downloads/official-1-1237/raw/api-0068.json,44901802fa4262a3f7e7e810446c8b090a1abf590780c9b5816a7cfe53ac71f6
563,20130914,5,10,16,17,31,32,21,7,38,1642,57320132000,1000,57320132,downloads/official-1-1237/raw/api-0068.json,44901802fa4262a3f7e7e810446c8b090a1abf590780c9b5816a7cfe53ac71f6
564,20130921,14,19,25,26,27,34,2,7,32,1649,58012468000,1000,58012468,downloads/official-1-1237/raw/api-0068.json,44901802fa4262a3f7e7e810446c8b090a1abf590780c9b5816a7cfe53ac71f6
565,20130928,4,10,18,27,40,45,38,8,39,1866,59556622000,1000,59556622,downloads/official-1-1237/raw/api-0068.json,44901802fa4262a3f7e7e810446c8b090a1abf590780c9b5816a7cfe53ac71f6
566,20131005,4,5,6,25,26,43,41,4,35,1555,57666611000,1000,57666611,downloads/official-1-1237/raw/api-0068.json,44901802fa4262a3f7e7e810446c8b090a1abf590780c9b5816a7cfe53ac71f6
567,20131012,1,10,15,16,32,41,28,6,53,1547,57439471000,1000,57439471,downloads/official-1-1237/raw/api-0068.json,44901802fa4262a3f7e7e810446c8b090a1abf590780c9b5816a7cfe53ac71f6
568,20131019,1,3,17,20,31,44,40,10,50,1845,57681628000,1000,57681628,downloads/official-1-1237/raw/api-0067.json,f8ce7ae19206d619354f90912d5a80042fb2a517baca3d19df67c1a2d2ab31b3
569,20131026,3,6,13,23,24,35,1,4,36,1706,58441902000,1000,58441902,downloads/official-1-1237/raw/api-0067.json,f8ce7ae19206d619354f90912d5a80042fb2a517baca3d19df67c1a2d2ab31b3
570,20131102,1,12,26,27,29,33,42,9,38,1573,57654279000,1000,57654279,downloads/official-1-1237/raw/api-0067.json,f8ce7ae19206d619354f90912d5a80042fb2a517baca3d19df67c1a2d2ab31b3
571,20131109,11,18,21,26,38,43,29,7,33,1506,56493528000,1000,56493528,downloads/official-1-1237/raw/api-0067.json,f8ce7ae19206d619354f90912d5a80042fb2a517baca3d19df67c1a2d2ab31b3
572,20131116,3,13,18,33,37,45,1,8,53,1734,56473602000,1000,56473602,downloads/official-1-1237/raw/api-0067.json,f8ce7ae19206d619354f90912d5a80042fb2a517baca3d19df67c1a2d2ab31b3
573,20131123,2,4,20,34,35,43,14,8,50,1622,56092721000,1000,56092721,downloads/official-1-1237/raw/api-0067.json,f8ce7ae19206d619354f90912d5a80042fb2a517baca3d19df67c1a2d2ab31b3
574,20131130,14,15,16,19,25,43,2,2,33,1259,55882933000,1000,55882933,downloads/official-1-1237/raw/api-0067.json,f8ce7ae19206d619354f90912d5a80042fb2a517baca3d19df67c1a2d2ab31b3
575,20131207,2,8,20,30,33,34,6,8,45,1488,56330738000,1000,56330738,downloads/official-1-1237/raw/api-0067.json,f8ce7ae19206d619354f90912d5a80042fb2a517baca3d19df67c1a2d2ab31b3
576,20131214,10,11,15,25,35,41,13,3,54,1561,54691148000,1000,54691148,downloads/official-1-1237/raw/api-0067.json,f8ce7ae19206d619354f90912d5a80042fb2a517baca3d19df67c1a2d2ab31b3
577,20131221,16,17,22,31,34,37,33,3,42,1526,57010827000,1000,57010827,downloads/official-1-1237/raw/api-0067.json,f8ce7ae19206d619354f90912d5a80042fb2a517baca3d19df67c1a2d2ab31b3
578,20131228,5,12,14,32,34,42,16,5,43,1615,58584741000,1000,58584741,downloads/official-1-1237/raw/api-0066.json,acf9f15b9397daa0bbce3fdacab1c961fdc9cd247144ac4e9277d6a75d2e9105
579,20140104,5,7,20,22,37,42,39,11,46,1769,63532871000,1000,63532871,downloads/official-1-1237/raw/api-0066.json,acf9f15b9397daa0bbce3fdacab1c961fdc9cd247144ac4e9277d6a75d2e9105
580,20140111,5,7,9,11,32,35,33,7,42,1665,60514216000,1000,60514216,downloads/official-1-1237/raw/api-0066.json,acf9f15b9397daa0bbce3fdacab1c961fdc9cd247144ac4e9277d6a75d2e9105
581,20140118,3,5,14,20,42,44,33,8,39,1384,60257457000,1000,60257457,downloads/official-1-1237/raw/api-0066.json,acf9f15b9397daa0bbce3fdacab1c961fdc9cd247144ac4e9277d6a75d2e9105
582,20140125,2,12,14,33,40,41,25,4,57,1631,59306953000,1000,59306953,downloads/official-1-1237/raw/api-0066.json,acf9f15b9397daa0bbce3fdacab1c961fdc9cd247144ac4e9277d6a75d2e9105
583,20140201,8,17,27,33,40,44,24,11,51,1826,62675295000,1000,62675295,downloads/official-1-1237/raw/api-0066.json,acf9f15b9397daa0bbce3fdacab1c961fdc9cd247144ac4e9277d6a75d2e9105
584,20140208,7,18,30,39,40,41,36,3,32,1464,61343856000,1000,61343856,downloads/official-1-1237/raw/api-0066.json,acf9f15b9397daa0bbce3fdacab1c961fdc9cd247144ac4e9277d6a75d2e9105
585,20140215,6,7,10,16,38,41,4,9,45,1528,60253002000,1000,60253002,downloads/official-1-1237/raw/api-0066.json,acf9f15b9397daa0bbce3fdacab1c961fdc9cd247144ac4e9277d6a75d2e9105
586,20140222,2,7,12,15,21,34,5,8,46,1570,59502096000,1000,59502096,downloads/official-1-1237/raw/api-0066.json,acf9f15b9397daa0bbce3fdacab1c961fdc9cd247144ac4e9277d6a75d2e9105
587,20140301,14,21,29,31,32,37,17,3,43,1437,59715499000,1000,59715499,downloads/official-1-1237/raw/api-0066.json,acf9f15b9397daa0bbce3fdacab1c961fdc9cd247144ac4e9277d6a75d2e9105
588,20140308,2,8,15,22,25,41,30,5,43,1676,59533101000,1000,59533101,downloads/official-1-1237/raw/api-0065.json,68dafdcf220cdf9b46c880bd728ad971e14a7a035a8402f4c3cd3cc5e4fa2560
589,20140315,6,8,28,33,38,39,22,7,42,1559,60643729000,1000,60643729,downloads/official-1-1237/raw/api-0065.json,68dafdcf220cdf9b46c880bd728ad971e14a7a035a8402f4c3cd3cc5e4fa2560
590,20140322,20,30,36,38,41,45,23,7,31,1370,60003131000,1000,60003131,downloads/official-1-1237/raw/api-0065.json,68dafdcf220cdf9b46c880bd728ad971e14a7a035a8402f4c3cd3cc5e4fa2560
591,20140329,8,13,14,30,38,39,5,5,38,1483,59373946000,1000,59373946,downloads/official-1-1237/raw/api-0065.json,68dafdcf220cdf9b46c880bd728ad971e14a7a035a8402f4c3cd3cc5e4fa2560
592,20140405,2,5,6,13,28,44,43,6,28,1406,58097477000,1000,58097477,downloads/official-1-1237/raw/api-0065.json,68dafdcf220cdf9b46c880bd728ad971e14a7a035a8402f4c3cd3cc5e4fa2560
593,20140412,9,10,13,24,33,38,28,9,62,1818,59368204000,1000,59368204,downloads/official-1-1237/raw/api-0065.json,68dafdcf220cdf9b46c880bd728ad971e14a7a035a8402f4c3cd3cc5e4fa2560
594,20140419,2,8,13,25,28,37,3,11,42,1750,57764442000,1000,57764442,downloads/official-1-1237/raw/api-0065.json,68dafdcf220cdf9b46c880bd728ad971e14a7a035a8402f4c3cd3cc5e4fa2560
595,20140426,8,24,28,35,38,40,5,8,54,1501,57797288000,1000,57797288,downloads/official-1-1237/raw/api-0065.json,68dafdcf220cdf9b46c880bd728ad971e14a7a035a8402f4c3cd3cc5e4fa2560
596,20140503,3,4,12,14,25,43,17,10,41,1651,56561071000,1000,56561071,downloads/official-1-1237/raw/api-0065.json,68dafdcf220cdf9b46c880bd728ad971e14a7a035a8402f4c3cd3cc5e4fa2560
597,20140510,8,10,23,24,35,43,37,13,46,1532,56832361000,1000,56832361,downloads/official-1-1237/raw/api-0065.json,68dafdcf220cdf9b46c880bd728ad971e14a7a035a8402f4c3cd3cc5e4fa2560
598,20140517,4,12,24,33,38,45,22,16,50,2053,57518550000,1000,57518550,downloads/official-1-1237/raw/api-0064.json,194b2840af3c2b3a4acdd0f940cdde145ac1a84f7fc6208ceea4976d5bacc84e
599,20140524,5,12,17,29,34,35,27,8,43,1685,57381791000,1000,57381791,downloads/official-1-1237/raw/api-0064.json,194b2840af3c2b3a4acdd0f940cdde145ac1a84f7fc6208ceea4976d5bacc84e
600,20140531,5,11,14,27,29,36,44,15,41,1518,56372519000,1000,56372519,downloads/official-1-1237/raw/api-0064.json,194b2840af3c2b3a4acdd0f940cdde145ac1a84f7fc6208ceea4976d5bacc84e
601,20140607,2,16,19,31,34,35,37,9,28,1516,55868455000,1000,55868455,downloads/official-1-1237/raw/api-0064.json,194b2840af3c2b3a4acdd0f940cdde145ac1a84f7fc6208ceea4976d5bacc84e
602,20140614,13,14,22,27,30,38,2,8,42,1675,56262855000,1000,56262855,downloads/official-1-1237/raw/api-0064.json,194b2840af3c2b3a4acdd0f940cdde145ac1a84f7fc6208ceea4976d5bacc84e
603,20140621,2,19,25,26,27,43,28,4,30,1363,56276650000,1000,56276650,downloads/official-1-1237/raw/api-0064.json,194b2840af3c2b3a4acdd0f940cdde145ac1a84f7fc6208ceea4976d5bacc84e
604,20140628,2,6,18,21,33,34,30,11,36,1451,56266399000,1000,56266399,downloads/official-1-1237/raw/api-0064.json,194b2840af3c2b3a4acdd0f940cdde145ac1a84f7fc6208ceea4976d5bacc84e
605,20140705,1,2,7,9,10,38,42,9,40,2286,56622924000,1000,56622924,downloads/official-1-1237/raw/api-0064.json,194b2840af3c2b3a4acdd0f940cdde145ac1a84f7fc6208ceea4976d5bacc84e
606,20140712,1,5,6,14,20,39,22,10,44,1542,56928896000,1000,56928896,downloads/official-1-1237/raw/api-0064.json,194b2840af3c2b3a4acdd0f940cdde145ac1a84f7fc6208ceea4976d5bacc84e
607,20140719,8,14,23,36,38,39,13,4,35,1448,56806213000,1000,56806213,downloads/official-1-1237/raw/api-0064.json,194b2840af3c2b3a4acdd0f940cdde145ac1a84f7fc6208ceea4976d5bacc84e
608,20140726,4,8,18,19,39,44,41,7,32,1516,56146117000,1000,56146117,downloads/official-1-1237/raw/api-0063.json,60c2ff579323d17af910c5fe7a4445db97bc543cebb93673320b997e18acffa2
609,20140802,4,8,27,34,39,40,13,2,47,1621,54858201000,1000,54858201,downloads/official-1-1237/raw/api-0063.json,60c2ff579323d17af910c5fe7a4445db97bc543cebb93673320b997e18acffa2
610,20140809,14,18,20,23,28,36,33,4,34,1398,56862756000,1000,56862756,downloads/official-1-1237/raw/api-0063.json,60c2ff579323d17af910c5fe7a4445db97bc543cebb93673320b997e18acffa2
611,20140816,2,22,27,33,36,37,14,4,47,1486,57411079000,1000,57411079,downloads/official-1-1237/raw/api-0063.json,60c2ff579323d17af910c5fe7a4445db97bc543cebb93673320b997e18acffa2
612,20140823,6,9,18,19,25,33,40,11,59,1833,56931314000,1000,56931314,downloads/official-1-1237/raw/api-0063.json,60c2ff579323d17af910c5fe7a4445db97bc543cebb93673320b997e18acffa2
613,20140830,7,8,11,16,41,44,35,9,30,1538,57986249000,1000,57986249,downloads/official-1-1237/raw/api-0063.json,60c2ff579323d17af910c5fe7a4445db97bc543cebb93673320b997e18acffa2
614,20140906,8,21,25,39,40,44,18,6,46,1523,62301977000,1000,62301977,downloads/official-1-1237/raw/api-0063.json,60c2ff579323d17af910c5fe7a4445db97bc543cebb93673320b997e18acffa2
615,20140913,10,17,18,19,23,27,35,9,31,1670,59072378000,1000,59072378,downloads/official-1-1237/raw/api-0063.json,60c2ff579323d17af910c5fe7a4445db97bc543cebb93673320b997e18acffa2
616,20140920,5,13,18,23,40,45,3,9,49,1700,60303360000,1000,60303360,downloads/official-1-1237/raw/api-0063.json,60c2ff579323d17af910c5fe7a4445db97bc543cebb93673320b997e18acffa2
617,20140927,4,5,11,12,24,27,28,8,43,1993,58958123000,1000,58958123,downloads/official-1-1237/raw/api-0063.json,60c2ff579323d17af910c5fe7a4445db97bc543cebb93673320b997e18acffa2
618,20141004,8,16,25,30,42,43,15,5,45,1581,58550803000,1000,58550803,downloads/official-1-1237/raw/api-0062.json,b82c0ae7be3f55fb63d2e0731c7bc9a967ece1d833e30cd804f41b8c626111d4
619,20141011,6,8,13,30,35,40,21,3,59,1712,58822925000,1000,58822925,downloads/official-1-1237/raw/api-0062.json,b82c0ae7be3f55fb63d2e0731c7bc9a967ece1d833e30cd804f41b8c626111d4
620,20141018,2,16,17,32,39,45,40,7,44,1661,58342777000,1000,58342777,downloads/official-1-1237/raw/api-0062.json,b82c0ae7be3f55fb63d2e0731c7bc9a967ece1d833e30cd804f41b8c626111d4
621,20141025,1,2,6,16,19,42,9,6,62,1555,59407216000,1000,59407216,downloads/official-1-1237/raw/api-0062.json,b82c0ae7be3f55fb63d2e0731c7bc9a967ece1d833e30cd804f41b8c626111d4
622,20141101,9,15,16,21,28,34,24,9,34,1629,59601329000,1000,59601329,downloads/official-1-1237/raw/api-0062.json,b82c0ae7be3f55fb63d2e0731c7bc9a967ece1d833e30cd804f41b8c626111d4
623,20141108,7,13,30,39,41,45,25,8,35,1456,58504142000,1000,58504142,downloads/official-1-1237/raw/api-0062.json,b82c0ae7be3f55fb63d2e0731c7bc9a967ece1d833e30cd804f41b8c626111d4
624,20141115,1,7,19,26,27,35,16,5,61,1574,57832726000,1000,57832726,downloads/official-1-1237/raw/api-0062.json,b82c0ae7be3f55fb63d2e0731c7bc9a967ece1d833e30cd804f41b8c626111d4
625,20141122,3,6,7,20,21,39,13,5,45,1654,58614979000,1000,58614979,downloads/official-1-1237/raw/api-0062.json,b82c0ae7be3f55fb63d2e0731c7bc9a967ece1d833e30cd804f41b8c626111d4
626,20141129,13,14,26,33,40,43,15,8,45,1766,58986187000,1000,58986187,downloads/official-1-1237/raw/api-0062.json,b82c0ae7be3f55fb63d2e0731c7bc9a967ece1d833e30cd804f41b8c626111d4
627,20141206,2,9,22,25,31,45,12,10,35,1532,55981334000,1000,55981334,downloads/official-1-1237/raw/api-0062.json,b82c0ae7be3f55fb63d2e0731c7bc9a967ece1d833e30cd804f41b8c626111d4
628,20141213,1,7,12,15,23,42,11,9,37,1628,57253109000,1000,57253109,downloads/official-1-1237/raw/api-0061.json,beeb3b62aa99387567d5ed5fe49d76bb67a47e6061d2779971474e4b382c8464
629,20141220,19,28,31,38,43,44,1,5,34,1321,57618701000,1000,57618701,downloads/official-1-1237/raw/api-0061.json,beeb3b62aa99387567d5ed5fe49d76bb67a47e6061d2779971474e4b382c8464
630,20141227,8,17,21,24,27,31,15,3,48,1631,61335894000,1000,61335894,downloads/official-1-1237/raw/api-0061.json,beeb3b62aa99387567d5ed5fe49d76bb67a47e6061d2779971474e4b382c8464
631,20150103,1,2,4,23,31,34,8,4,46,1676,65300621000,1000,65300621,downloads/official-1-1237/raw/api-0061.json,beeb3b62aa99387567d5ed5fe49d76bb67a47e6061d2779971474e4b382c8464
632,20150110,15,18,21,32,35,44,6,11,52,1645,63066603000,1000,63066603,downloads/official-1-1237/raw/api-0061.json,beeb3b62aa99387567d5ed5fe49d76bb67a47e6061d2779971474e4b382c8464
633,20150117,9,12,19,20,39,41,13,12,47,1789,62015797000,1000,62015797,downloads/official-1-1237/raw/api-0061.json,beeb3b62aa99387567d5ed5fe49d76bb67a47e6061d2779971474e4b382c8464
634,20150124,4,10,11,12,20,27,38,13,54,2208,63149567000,1000,63149567,downloads/official-1-1237/raw/api-0061.json,beeb3b62aa99387567d5ed5fe49d76bb67a47e6061d2779971474e4b382c8464
635,20150131,11,13,25,26,29,33,32,8,35,1650,62429621000,1000,62429621,downloads/official-1-1237/raw/api-0061.json,beeb3b62aa99387567d5ed5fe49d76bb67a47e6061d2779971474e4b382c8464
636,20150207,6,7,15,16,20,31,26,8,44,1973,62786394000,1000,62786394,downloads/official-1-1237/raw/api-0061.json,beeb3b62aa99387567d5ed5fe49d76bb67a47e6061d2779971474e4b382c8464
637,20150214,3,16,22,37,38,44,23,4,45,1637,63504865000,1000,63504865,downloads/official-1-1237/raw/api-0061.json,beeb3b62aa99387567d5ed5fe49d76bb67a47e6061d2779971474e4b382c8464
638,20150221,7,18,22,24,31,34,6,7,41,1719,64319586000,1000,64319586,downloads/official-1-1237/raw/api-0060.json,3ece4d5e22b3f4d2e693d2738612b0ee8fcde4c90a0d1bf8a82f5b6254cf1a8f
639,20150228,6,15,22,23,25,32,40,4,45,1628,66202599000,1000,66202599,downloads/official-1-1237/raw/api-0060.json,3ece4d5e22b3f4d2e693d2738612b0ee8fcde4c90a0d1bf8a82f5b6254cf1a8f
640,20150307,14,15,18,21,26,35,23,9,48,1639,64080502000,1000,64080502,downloads/official-1-1237/raw/api-0060.json,3ece4d5e22b3f4d2e693d2738612b0ee8fcde4c90a0d1bf8a82f5b6254cf1a8f
641,20150314,11,18,21,36,37,43,12,8,50,1565,63773134000,1000,63773134,downloads/official-1-1237/raw/api-0060.json,3ece4d5e22b3f4d2e693d2738612b0ee8fcde4c90a0d1bf8a82f5b6254cf1a8f
642,20150321,8,17,18,24,39,45,32,12,62,1815,63544224000,1000,63544224,downloads/official-1-1237/raw/api-0060.json,3ece4d5e22b3f4d2e693d2738612b0ee8fcde4c90a0d1bf8a82f5b6254cf1a8f
643,20150328,15,24,31,32,33,40,13,6,43,1525,63110068000,1000,63110068,downloads/official-1-1237/raw/api-0060.json,3ece4d5e22b3f4d2e693d2738612b0ee8fcde4c90a0d1bf8a82f5b6254cf1a8f
644,20150404,5,13,17,23,28,36,8,8,49,1879,61846599000,1000,61846599,downloads/official-1-1237/raw/api-0060.json,3ece4d5e22b3f4d2e693d2738612b0ee8fcde4c90a0d1bf8a82f5b6254cf1a8f
645,20150411,1,4,16,26,40,41,31,4,28,1766,62661756000,1000,62661756,downloads/official-1-1237/raw/api-0060.json,3ece4d5e22b3f4d2e693d2738612b0ee8fcde4c90a0d1bf8a82f5b6254cf1a8f
646,20150418,2,9,24,41,43,45,30,7,36,1522,62308090000,1000,62308090,downloads/official-1-1237/raw/api-0060.json,3ece4d5e22b3f4d2e693d2738612b0ee8fcde4c90a0d1bf8a82f5b6254cf1a8f
647,20150425,5,16,21,23,24,30,29,7,44,1596,62314338000,1000,62314338,downloads/official-1-1237/raw/api-0060.json,3ece4d5e22b3f4d2e693d2738612b0ee8fcde4c90a0d1bf8a82f5b6254cf1a8f
648,20150502,13,19,28,37,38,43,4,7,45,1631,60874405000,1000,60874405,downloads/official-1-1237/raw/api-0059.json,59226054c9fa8455c2c473f121bd6c7ad4eae7d138030cb877e310057ddead81
649,20150509,3,21,22,33,41,42,20,5,45,1689,60473178000,1000,60473178,downloads/official-1-1237/raw/api-0059.json,59226054c9fa8455c2c473f121bd6c7ad4eae7d138030cb877e310057ddead81
650,20150516,3,4,7,11,31,41,35,5,45,1814,60991082000,1000,60991082,downloads/official-1-1237/raw/api-0059.json,59226054c9fa8455c2c473f121bd6c7ad4eae7d138030cb877e310057ddead81
651,20150523,11,12,16,26,29,44,18,8,35,1684,61494891000,1000,61494891,downloads/official-1-1237/raw/api-0059.json,59226054c9fa8455c2c473f121bd6c7ad4eae7d138030cb877e310057ddead81
652,20150530,3,13,15,40,41,44,20,5,36,1504,60426977000,1000,60426977,downloads/official-1-1237/raw/api-0059.json,59226054c9fa8455c2c473f121bd6c7ad4eae7d138030cb877e310057ddead81
653,20150606,5,6,26,27,38,39,1,14,56,1997,59716037000,1000,59716037,downloads/official-1-1237/raw/api-0059.json,59226054c9fa8455c2c473f121bd6c7ad4eae7d138030cb877e310057ddead81
654,20150613,16,21,26,31,36,43,6,8,69,1787,60697813000,1000,60697813,downloads/official-1-1237/raw/api-0059.json,59226054c9fa8455c2c473f121bd6c7ad4eae7d138030cb877e310057ddead81
655,20150620,7,37,38,39,40,44,18,9,41,1610,60434801000,1000,60434801,downloads/official-1-1237/raw/api-0059.json,59226054c9fa8455c2c473f121bd6c7ad4eae7d138030cb877e310057ddead81
656,20150627,3,7,14,16,31,40,39,2,48,1747,61328118000,1000,61328118,downloads/official-1-1237/raw/api-0059.json,59226054c9fa8455c2c473f121bd6c7ad4eae7d138030cb877e310057ddead81
657,20150704,10,14,19,39,40,43,23,9,52,1562,61769837000,1000,61769837,downloads/official-1-1237/raw/api-0059.json,59226054c9fa8455c2c473f121bd6c7ad4eae7d138030cb877e310057ddead81
658,20150711,8,19,25,28,32,36,37,9,38,1678,61131243000,1000,61131243,downloads/official-1-1237/raw/api-0058.json,5a4b06fcdffd5d61612a00ea8f1444d25f367b086e9528c2baa694af62588419
659,20150718,7,18,19,27,29,42,45,11,40,1765,61677747000,1000,61677747,downloads/official-1-1237/raw/api-0058.json,5a4b06fcdffd5d61612a00ea8f1444d25f367b086e9528c2baa694af62588419
660,20150725,4,9,23,33,39,44,14,10,48,1951,60813322000,1000,60813322,downloads/official-1-1237/raw/api-0058.json,5a4b06fcdffd5d61612a00ea8f1444d25f367b086e9528c2baa694af62588419
661,20150801,2,3,12,20,27,38,40,8,63,1830,59597375000,1000,59597375,downloads/official-1-1237/raw/api-0058.json,5a4b06fcdffd5d61612a00ea8f1444d25f367b086e9528c2baa694af62588419
662,20150808,5,6,9,11,15,37,26,8,43,1787,59164542000,1000,59164542,downloads/official-1-1237/raw/api-0058.json,5a4b06fcdffd5d61612a00ea8f1444d25f367b086e9528c2baa694af62588419
663,20150815,3,5,8,19,38,42,20,7,60,1627,61100704000,1000,61100704,downloads/official-1-1237/raw/api-0058.json,5a4b06fcdffd5d61612a00ea8f1444d25f367b086e9528c2baa694af62588419
664,20150822,10,20,33,36,41,44,5,10,44,1530,61921689000,1000,61921689,downloads/official-1-1237/raw/api-0058.json,5a4b06fcdffd5d61612a00ea8f1444d25f367b086e9528c2baa694af62588419
665,20150829,5,6,11,17,38,44,13,4,30,1790,61885874000,1000,61885874,downloads/official-1-1237/raw/api-0058.json,5a4b06fcdffd5d61612a00ea8f1444d25f367b086e9528c2baa694af62588419
666,20150905,2,4,6,11,17,28,16,6,47,1947,62652917000,1000,62652917,downloads/official-1-1237/raw/api-0058.json,5a4b06fcdffd5d61612a00ea8f1444d25f367b086e9528c2baa694af62588419
667,20150912,15,17,25,37,42,43,13,7,40,1543,63421632000,1000,63421632,downloads/official-1-1237/raw/api-0058.json,5a4b06fcdffd5d61612a00ea8f1444d25f367b086e9528c2baa694af62588419
668,20150919,12,14,15,24,27,32,3,5,56,1873,63346405000,1000,63346405,downloads/official-1-1237/raw/api-0057.json,5dc44b3fe495c23f7b67deadb258fd203af82861f23f76e56378d295f6d4f9cf
669,20150926,7,8,20,29,33,38,9,6,52,1949,67952211000,1000,67952211,downloads/official-1-1237/raw/api-0057.json,5dc44b3fe495c23f7b67deadb258fd203af82861f23f76e56378d295f6d4f9cf
670,20151003,11,18,26,27,40,41,25,12,39,2145,62242687000,1000,62242687,downloads/official-1-1237/raw/api-0057.json,5dc44b3fe495c23f7b67deadb258fd203af82861f23f76e56378d295f6d4f9cf
671,20151010,7,9,10,13,31,35,24,4,48,1778,63940807000,1000,63940807,downloads/official-1-1237/raw/api-0057.json,5dc44b3fe495c23f7b67deadb258fd203af82861f23f76e56378d295f6d4f9cf
672,20151017,8,21,28,31,36,45,43,9,46,1629,63542330000,1000,63542330,downloads/official-1-1237/raw/api-0057.json,5dc44b3fe495c23f7b67deadb258fd203af82861f23f76e56378d295f6d4f9cf
673,20151024,7,10,17,29,33,44,5,10,35,1864,63163578000,1000,63163578,downloads/official-1-1237/raw/api-0057.json,5dc44b3fe495c23f7b67deadb258fd203af82861f23f76e56378d295f6d4f9cf
674,20151031,9,10,14,25,27,31,11,8,48,1846,61386974000,1000,61386974,downloads/official-1-1237/raw/api-0057.json,5dc44b3fe495c23f7b67deadb258fd203af82861f23f76e56378d295f6d4f9cf
675,20151107,1,8,11,15,18,45,7,4,65,1806,60458623000,1000,60458623,downloads/official-1-1237/raw/api-0057.json,5dc44b3fe495c23f7b67deadb258fd203af82861f23f76e56378d295f6d4f9cf
676,20151114,1,8,17,34,39,45,27,8,63,1665,62147642000,1000,62147642,downloads/official-1-1237/raw/api-0057.json,5dc44b3fe495c23f7b67deadb258fd203af82861f23f76e56378d295f6d4f9cf
677,20151121,12,15,24,36,41,44,42,8,37,1701,62267624000,1000,62267624,downloads/official-1-1237/raw/api-0057.json,5dc44b3fe495c23f7b67deadb258fd203af82861f23f76e56378d295f6d4f9cf
678,20151128,4,5,6,12,25,37,45,6,41,1855,60887293000,1000,60887293,downloads/official-1-1237/raw/api-0056.json,230ba62e6f538627cfe7c85abc3729cd9652c68dd9b98f8e7a27cf91ea662dbd
679,20151205,3,5,7,14,26,34,35,5,54,1829,62220918000,1000,62220918,downloads/official-1-1237/raw/api-0056.json,230ba62e6f538627cfe7c85abc3729cd9652c68dd9b98f8e7a27cf91ea662dbd
680,20151212,4,10,19,29,32,42,30,14,44,1870,64245201000,1000,64245201,downloads/official-1-1237/raw/api-0056.json,230ba62e6f538627cfe7c85abc3729cd9652c68dd9b98f8e7a27cf91ea662dbd
681,20151219,21,24,27,29,43,44,7,6,37,1441,63268253000,1000,63268253,downloads/official-1-1237/raw/api-0056.json,230ba62e6f538627cfe7c85abc3729cd9652c68dd9b98f8e7a27cf91ea662dbd
682,20151226,17,23,27,35,38,43,2,4,56,1851,66757858000,1000,66757858,downloads/official-1-1237/raw/api-0056.json,230ba62e6f538627cfe7c85abc3729cd9652c68dd9b98f8e7a27cf91ea662dbd
683,20160102,6,13,20,27,28,40,15,16,45,2704,71940091000,1000,71940091,downloads/official-1-1237/raw/api-0056.json,230ba62e6f538627cfe7c85abc3729cd9652c68dd9b98f8e7a27cf91ea662dbd
684,20160109,1,11,15,17,25,39,40,9,62,1968,66623887000,1000,66623887,downloads/official-1-1237/raw/api-0056.json,230ba62e6f538627cfe7c85abc3729cd9652c68dd9b98f8e7a27cf91ea662dbd
685,20160116,6,7,12,28,38,40,18,11,52,1910,69126675000,1000,69126675,downloads/official-1-1237/raw/api-0056.json,230ba62e6f538627cfe7c85abc3729cd9652c68dd9b98f8e7a27cf91ea662dbd
686,20160123,7,12,15,24,25,43,13,8,36,1863,65274010000,1000,65274010,downloads/official-1-1237/raw/api-0056.json,230ba62e6f538627cfe7c85abc3729cd9652c68dd9b98f8e7a27cf91ea662dbd
687,20160130,1,8,10,13,28,42,45,6,38,1780,68044669000,1000,68044669,downloads/official-1-1237/raw/api-0056.json,230ba62e6f538627cfe7c85abc3729cd9652c68dd9b98f8e7a27cf91ea662dbd
688,20160206,5,15,22,23,34,35,2,9,53,2107,73095612000,1000,73095612,downloads/official-1-1237/raw/api-0055.json,6494ee6b0b056d6aed826a2964cf837693ead93d84f4dd5f9121f7cec28976df
689,20160213,7,17,19,30,36,38,34,7,44,1809,67460147000,1000,67460147,downloads/official-1-1237/raw/api-0055.json,6494ee6b0b056d6aed826a2964cf837693ead93d84f4dd5f9121f7cec28976df
690,20160220,24,25,33,34,38,39,43,15,34,1772,69142025000,1000,69142025,downloads/official-1-1237/raw/api-0055.json,6494ee6b0b056d6aed826a2964cf837693ead93d84f4dd5f9121f7cec28976df
691,20160227,15,27,33,35,43,45,16,6,31,1708,68590328000,1000,68590328,downloads/official-1-1237/raw/api-0055.json,6494ee6b0b056d6aed826a2964cf837693ead93d84f4dd5f9121f7cec28976df
692,20160305,3,11,14,15,32,36,44,7,44,1770,66390499000,1000,66390499,downloads/official-1-1237/raw/api-0055.json,6494ee6b0b056d6aed826a2964cf837693ead93d84f4dd5f9121f7cec28976df
693,20160312,1,6,11,28,34,42,30,10,43,1692,67352935000,1000,67352935,downloads/official-1-1237/raw/api-0055.json,6494ee6b0b056d6aed826a2964cf837693ead93d84f4dd5f9121f7cec28976df
694,20160319,7,15,20,25,33,43,12,10,78,2286,67533257000,1000,67533257,downloads/official-1-1237/raw/api-0055.json,6494ee6b0b056d6aed826a2964cf837693ead93d84f4dd5f9121f7cec28976df
695,20160326,4,18,26,33,34,38,14,11,66,1979,67672085000,1000,67672085,downloads/official-1-1237/raw/api-0055.json,6494ee6b0b056d6aed826a2964cf837693ead93d84f4dd5f9121f7cec28976df
696,20160402,1,7,16,18,34,38,21,10,44,1721,67542971000,1000,67542971,downloads/official-1-1237/raw/api-0055.json,6494ee6b0b056d6aed826a2964cf837693ead93d84f4dd5f9121f7cec28976df
697,20160409,2,5,8,11,33,39,31,10,90,1940,66966141000,1000,66966141,downloads/official-1-1237/raw/api-0055.json,6494ee6b0b056d6aed826a2964cf837693ead93d84f4dd5f9121f7cec28976df
698,20160416,3,11,13,21,33,37,18,8,48,2088,66283268000,1000,66283268,downloads/official-1-1237/raw/api-0054.json,ef7aa620a684cf3568c01e49f3dfa498d2e4ed9cfba5eca4efdbec5a17c31564
699,20160423,4,5,8,16,21,29,3,8,50,1799,66743146000,1000,66743146,downloads/official-1-1237/raw/api-0054.json,ef7aa620a684cf3568c01e49f3dfa498d2e4ed9cfba5eca4efdbec5a17c31564
700,20160430,11,23,28,29,30,44,13,8,41,1562,66846276000,1000,66846276,downloads/official-1-1237/raw/api-0054.json,ef7aa620a684cf3568c01e49f3dfa498d2e4ed9cfba5eca4efdbec5a17c31564
701,20160507,3,10,14,16,36,38,35,10,40,1659,64454138000,1000,64454138,downloads/official-1-1237/raw/api-0054.json,ef7aa620a684cf3568c01e49f3dfa498d2e4ed9cfba5eca4efdbec5a17c31564
702,20160514,3,13,16,24,26,29,9,11,46,1819,66219854000,1000,66219854,downloads/official-1-1237/raw/api-0054.json,ef7aa620a684cf3568c01e49f3dfa498d2e4ed9cfba5eca4efdbec5a17c31564
703,20160521,10,28,31,33,41,44,21,5,51,1719,65728988000,1000,65728988,downloads/official-1-1237/raw/api-0054.json,ef7aa620a684cf3568c01e49f3dfa498d2e4ed9cfba5eca4efdbec5a17c31564
704,20160528,1,4,8,23,33,42,45,4,47,1906,65930117000,1000,65930117,downloads/official-1-1237/raw/api-0054.json,ef7aa620a684cf3568c01e49f3dfa498d2e4ed9cfba5eca4efdbec5a17c31564
705,20160604,1,6,17,22,28,45,23,4,49,1805,65859843000,1000,65859843,downloads/official-1-1237/raw/api-0054.json,ef7aa620a684cf3568c01e49f3dfa498d2e4ed9cfba5eca4efdbec5a17c31564
706,20160611,3,4,6,10,28,30,37,4,51,2108,65723488000,1000,65723488,downloads/official-1-1237/raw/api-0054.json,ef7aa620a684cf3568c01e49f3dfa498d2e4ed9cfba5eca4efdbec5a17c31564
707,20160618,2,12,19,24,39,44,35,12,74,2006,66813924000,1000,66813924,downloads/official-1-1237/raw/api-0054.json,ef7aa620a684cf3568c01e49f3dfa498d2e4ed9cfba5eca4efdbec5a17c31564
708,20160625,2,10,16,19,34,45,1,4,52,1712,66806307000,1000,66806307,downloads/official-1-1237/raw/api-0053.json,00ffcef1d9243cc57904f2821a6250c53e64c42ded7f97bb91b7cf68c07c310e
709,20160702,10,18,30,36,39,44,32,14,44,1696,65592504000,1000,65592504,downloads/official-1-1237/raw/api-0053.json,00ffcef1d9243cc57904f2821a6250c53e64c42ded7f97bb91b7cf68c07c310e
710,20160709,3,4,9,24,25,33,10,5,57,1990,65083972000,1000,65083972,downloads/official-1-1237/raw/api-0053.json,00ffcef1d9243cc57904f2821a6250c53e64c42ded7f97bb91b7cf68c07c310e
711,20160716,11,15,24,35,37,45,42,7,44,1865,66152746000,1000,66152746,downloads/official-1-1237/raw/api-0053.json,00ffcef1d9243cc57904f2821a6250c53e64c42ded7f97bb91b7cf68c07c310e
712,20160723,17,20,30,31,33,45,19,4,47,1727,66136318000,1000,66136318,downloads/official-1-1237/raw/api-0053.json,00ffcef1d9243cc57904f2821a6250c53e64c42ded7f97bb91b7cf68c07c310e
713,20160730,2,5,15,18,19,23,44,9,50,1791,64646552000,1000,64646552,downloads/official-1-1237/raw/api-0053.json,00ffcef1d9243cc57904f2821a6250c53e64c42ded7f97bb91b7cf68c07c310e
714,20160806,1,7,22,33,37,40,20,7,46,2029,64099989000,1000,64099989,downloads/official-1-1237/raw/api-0053.json,00ffcef1d9243cc57904f2821a6250c53e64c42ded7f97bb91b7cf68c07c310e
715,20160813,2,7,27,33,41,44,10,6,61,1873,65794607000,1000,65794607,downloads/official-1-1237/raw/api-0053.json,00ffcef1d9243cc57904f2821a6250c53e64c42ded7f97bb91b7cf68c07c310e
716,20160820,2,6,13,16,29,30,21,12,35,1743,67040169000,1000,67040169,downloads/official-1-1237/raw/api-0053.json,00ffcef1d9243cc57904f2821a6250c53e64c42ded7f97bb91b7cf68c07c310e
717,20160827,2,11,19,25,28,32,44,6,47,1974,68597839000,1000,68597839,downloads/official-1-1237/raw/api-0053.json,00ffcef1d9243cc57904f2821a6250c53e64c42ded7f97bb91b7cf68c07c310e
718,20160903,4,11,20,23,32,39,40,17,64,2404,69400763000,1000,69400763,downloads/official-1-1237/raw/api-0052.json,2617c7542b53b0aca32f40234fa0f92fd9d3726cfc81e5021947d111e6fb37db
719,20160910,4,8,13,19,20,43,26,9,58,2020,71378392000,1000,71378392,downloads/official-1-1237/raw/api-0052.json,2617c7542b53b0aca32f40234fa0f92fd9d3726cfc81e5021947d111e6fb37db
720,20160917,1,12,29,34,36,37,41,14,37,1778,69939090000,1000,69939090,downloads/official-1-1237/raw/api-0052.json,2617c7542b53b0aca32f40234fa0f92fd9d3726cfc81e5021947d111e6fb37db
721,20160924,1,28,35,41,43,44,31,8,40,1607,71627567000,1000,71627567,downloads/official-1-1237/raw/api-0052.json,2617c7542b53b0aca32f40234fa0f92fd9d3726cfc81e5021947d111e6fb37db
722,20161001,12,14,21,30,39,43,45,4,46,1688,69446489000,1000,69446489,downloads/official-1-1237/raw/api-0052.json,2617c7542b53b0aca32f40234fa0f92fd9d3726cfc81e5021947d111e6fb37db
723,20161008,20,30,33,35,36,44,22,8,40,1777,67750231000,1000,67750231,downloads/official-1-1237/raw/api-0052.json,2617c7542b53b0aca32f40234fa0f92fd9d3726cfc81e5021947d111e6fb37db
724,20161015,2,8,33,35,37,41,14,12,55,1833,69987274000,1000,69987274,downloads/official-1-1237/raw/api-0052.json,2617c7542b53b0aca32f40234fa0f92fd9d3726cfc81e5021947d111e6fb37db
725,20161022,6,7,19,21,41,43,38,11,47,1795,70208676000,1000,70208676,downloads/official-1-1237/raw/api-0052.json,2617c7542b53b0aca32f40234fa0f92fd9d3726cfc81e5021947d111e6fb37db
726,20161029,1,11,21,23,34,44,24,14,56,2099,68799295000,1000,68799295,downloads/official-1-1237/raw/api-0052.json,2617c7542b53b0aca32f40234fa0f92fd9d3726cfc81e5021947d111e6fb37db
727,20161105,7,8,10,19,21,31,20,14,87,2064,67559139000,1000,67559139,downloads/official-1-1237/raw/api-0052.json,2617c7542b53b0aca32f40234fa0f92fd9d3726cfc81e5021947d111e6fb37db
728,20161112,3,6,10,30,34,37,36,5,56,1869,68306112000,1000,68306112,downloads/official-1-1237/raw/api-0051.json,d51ec287a22b7206a6e3dcd8c6159624100e503508d907e3612451f4ed121b78
729,20161119,11,17,21,26,36,45,16,4,35,1875,68784161000,1000,68784161,downloads/official-1-1237/raw/api-0051.json,d51ec287a22b7206a6e3dcd8c6159624100e503508d907e3612451f4ed121b78
730,20161126,4,10,14,15,18,22,39,8,45,1741,66934105000,1000,66934105,downloads/official-1-1237/raw/api-0051.json,d51ec287a22b7206a6e3dcd8c6159624100e503508d907e3612451f4ed121b78
731,20161203,2,7,13,25,42,45,39,7,45,1908,69239673000,1000,69239673,downloads/official-1-1237/raw/api-0051.json,d51ec287a22b7206a6e3dcd8c6159624100e503508d907e3612451f4ed121b78
732,20161210,2,4,5,17,27,32,43,7,45,2061,68645948000,1000,68645948,downloads/official-1-1237/raw/api-0051.json,d51ec287a22b7206a6e3dcd8c6159624100e503508d907e3612451f4ed121b78
733,20161217,11,24,32,33,35,40,13,4,57,1966,69321488000,1000,69321488,downloads/official-1-1237/raw/api-0051.json,d51ec287a22b7206a6e3dcd8c6159624100e503508d907e3612451f4ed121b78
734,20161224,6,16,37,38,41,45,18,9,36,1758,71457582000,1000,71457582,downloads/official-1-1237/raw/api-0051.json,d51ec287a22b7206a6e3dcd8c6159624100e503508d907e3612451f4ed121b78
735,20161231,5,10,13,27,37,41,4,10,50,2269,77488209000,1000,77488209,downloads/official-1-1237/raw/api-0051.json,d51ec287a22b7206a6e3dcd8c6159624100e503508d907e3612451f4ed121b78
736,20170107,2,11,17,18,21,27,6,5,54,2250,73510203000,1000,73510203,downloads/official-1-1237/raw/api-0051.json,d51ec287a22b7206a6e3dcd8c6159624100e503508d907e3612451f4ed121b78
737,20170114,13,15,18,24,27,41,11,4,48,1937,70775944000,1000,70775944,downloads/official-1-1237/raw/api-0051.json,d51ec287a22b7206a6e3dcd8c6159624100e503508d907e3612451f4ed121b78
738,20170121,23,27,28,38,42,43,36,11,48,1640,71768122000,1000,71768122,downloads/official-1-1237/raw/api-0050.json,3e6068ae4e96ae9ffbe32d51e1488e34a1cf890603678ed9b3061b84eccc0f4b
739,20170128,7,22,29,33,34,35,30,4,45,1942,77999661000,1000,77999661,downloads/official-1-1237/raw/api-0050.json,3e6068ae4e96ae9ffbe32d51e1488e34a1cf890603678ed9b3061b84eccc0f4b
740,20170204,4,8,9,16,17,19,31,18,43,2447,75186520000,1000,75186520,downloads/official-1-1237/raw/api-0050.json,3e6068ae4e96ae9ffbe32d51e1488e34a1cf890603678ed9b3061b84eccc0f4b
741,20170211,5,21,27,34,44,45,16,6,55,1829,74392585000,1000,74392585,downloads/official-1-1237/raw/api-0050.json,3e6068ae4e96ae9ffbe32d51e1488e34a1cf890603678ed9b3061b84eccc0f4b
742,20170218,8,10,13,36,37,40,6,16,44,1986,73857792000,1000,73857792,downloads/official-1-1237/raw/api-0050.json,3e6068ae4e96ae9ffbe32d51e1488e34a1cf890603678ed9b3061b84eccc0f4b
743,20170225,15,19,21,34,41,44,10,7,46,1982,73436852000,1000,73436852,downloads/official-1-1237/raw/api-0050.json,3e6068ae4e96ae9ffbe32d51e1488e34a1cf890603678ed9b3061b84eccc0f4b
744,20170304,10,15,18,21,34,41,43,15,61,2779,73507293000,1000,73507293,downloads/official-1-1237/raw/api-0050.json,3e6068ae4e96ae9ffbe32d51e1488e34a1cf890603678ed9b3061b84eccc0f4b
745,20170311,1,2,3,9,12,23,10,20,110,3692,73575119000,1000,73575119,downloads/official-1-1237/raw/api-0050.json,3e6068ae4e96ae9ffbe32d51e1488e34a1cf890603678ed9b3061b84eccc0f4b
746,20170318,3,12,33,36,42,45,25,9,58,1904,74239579000,1000,74239579,downloads/official-1-1237/raw/api-0050.json,3e6068ae4e96ae9ffbe32d51e1488e34a1cf890603678ed9b3061b84eccc0f4b
747,20170325,7,9,12,14,23,28,17,9,59,2217,73337880000,1000,73337880,downloads/official-1-1237/raw/api-0050.json,3e6068ae4e96ae9ffbe32d51e1488e34a1cf890603678ed9b3061b84eccc0f4b
748,20170401,3,10,13,22,31,32,29,9,59,1937,72750277000,1000,72750277,downloads/official-1-1237/raw/api-0049.json,40900624d6428e776dba76ea01ffd74aa91c4ff9986bed0093952e2c8bb99007
749,20170408,12,14,24,26,34,45,41,13,64,1985,72252889000,1000,72252889,downloads/official-1-1237/raw/api-0049.json,40900624d6428e776dba76ea01ffd74aa91c4ff9986bed0093952e2c8bb99007
750,20170415,1,2,15,19,24,36,12,7,44,1779,72248100000,1000,72248100,downloads/official-1-1237/raw/api-0049.json,40900624d6428e776dba76ea01ffd74aa91c4ff9986bed0093952e2c8bb99007
751,20170422,3,4,16,20,28,44,17,8,69,2210,71534233000,1000,71534233,downloads/official-1-1237/raw/api-0049.json,40900624d6428e776dba76ea01ffd74aa91c4ff9986bed0093952e2c8bb99007
752,20170429,4,16,20,33,40,43,7,9,75,2036,71600822000,1000,71600822,downloads/official-1-1237/raw/api-0049.json,40900624d6428e776dba76ea01ffd74aa91c4ff9986bed0093952e2c8bb99007
753,20170506,2,17,19,24,37,41,3,6,58,1934,68915001000,1000,68915001,downloads/official-1-1237/raw/api-0049.json,40900624d6428e776dba76ea01ffd74aa91c4ff9986bed0093952e2c8bb99007
754,20170513,2,8,17,24,29,31,32,5,50,1856,70765850000,1000,70765850,downloads/official-1-1237/raw/api-0049.json,40900624d6428e776dba76ea01ffd74aa91c4ff9986bed0093952e2c8bb99007
755,20170520,13,14,26,28,30,36,37,8,54,1845,71300635000,1000,71300635,downloads/official-1-1237/raw/api-0049.json,40900624d6428e776dba76ea01ffd74aa91c4ff9986bed0093952e2c8bb99007
756,20170527,10,14,16,18,27,28,4,5,53,1866,70992946000,1000,70992946,downloads/official-1-1237/raw/api-0049.json,40900624d6428e776dba76ea01ffd74aa91c4ff9986bed0093952e2c8bb99007
757,20170603,6,7,11,17,33,44,1,21,68,2657,71053002000,1000,71053002,downloads/official-1-1237/raw/api-0049.json,40900624d6428e776dba76ea01ffd74aa91c4ff9986bed0093952e2c8bb99007
758,20170610,5,9,12,30,39,43,24,8,63,2170,71764259000,1000,71764259,downloads/official-1-1237/raw/api-0048.json,c74a44cdba29bb459868656a8d486bda405990709112324f1249289289cc11c6
759,20170617,9,33,36,40,42,43,32,6,44,1761,72632208000,1000,72632208,downloads/official-1-1237/raw/api-0048.json,c74a44cdba29bb459868656a8d486bda405990709112324f1249289289cc11c6
760,20170624,10,22,27,31,42,43,12,8,45,1749,72200797000,1000,72200797,downloads/official-1-1237/raw/api-0048.json,c74a44cdba29bb459868656a8d486bda405990709112324f1249289289cc11c6
761,20170701,4,7,11,24,42,45,30,7,52,2139,71415903000,1000,71415903,downloads/official-1-1237/raw/api-0048.json,c74a44cdba29bb459868656a8d486bda405990709112324f1249289289cc11c6
762,20170708,1,3,12,21,26,41,16,10,53,2044,70558895000,1000,70558895,downloads/official-1-1237/raw/api-0048.json,c74a44cdba29bb459868656a8d486bda405990709112324f1249289289cc11c6
763,20170715,3,8,16,32,34,43,10,8,45,2019,70652100000,1000,70652100,downloads/official-1-1237/raw/api-0048.json,c74a44cdba29bb459868656a8d486bda405990709112324f1249289289cc11c6
764,20170722,7,22,24,31,34,36,15,7,44,1908,70318932000,1000,70318932,downloads/official-1-1237/raw/api-0048.json,c74a44cdba29bb459868656a8d486bda405990709112324f1249289289cc11c6
765,20170729,1,3,8,12,42,43,33,15,54,2121,70972360000,1000,70972360,downloads/official-1-1237/raw/api-0048.json,c74a44cdba29bb459868656a8d486bda405990709112324f1249289289cc11c6
766,20170805,9,30,34,35,39,41,21,8,41,1734,69500769000,1000,69500769,downloads/official-1-1237/raw/api-0048.json,c74a44cdba29bb459868656a8d486bda405990709112324f1249289289cc11c6
767,20170812,5,15,20,31,34,42,22,15,46,1905,71285599000,1000,71285599,downloads/official-1-1237/raw/api-0048.json,c74a44cdba29bb459868656a8d486bda405990709112324f1249289289cc11c6
768,20170819,7,27,29,30,38,44,4,13,53,1849,72306975000,1000,72306975,downloads/official-1-1237/raw/api-0047.json,97efacaa96b5794b0672619fadb540483ad47014b94ecc105b3c474f78d7f0cf
769,20170826,5,7,11,16,41,45,4,9,55,1962,72873431000,1000,72873431,downloads/official-1-1237/raw/api-0047.json,97efacaa96b5794b0672619fadb540483ad47014b94ecc105b3c474f78d7f0cf
770,20170902,1,9,12,23,39,43,34,8,75,2302,74166379000,1000,74166379,downloads/official-1-1237/raw/api-0047.json,97efacaa96b5794b0672619fadb540483ad47014b94ecc105b3c474f78d7f0cf
771,20170909,6,10,17,18,21,29,30,4,49,2054,73545939000,1000,73545939,downloads/official-1-1237/raw/api-0047.json,97efacaa96b5794b0672619fadb540483ad47014b94ecc105b3c474f78d7f0cf
772,20170916,5,6,11,14,21,41,32,10,53,2027,74375369000,1000,74375369,downloads/official-1-1237/raw/api-0047.json,97efacaa96b5794b0672619fadb540483ad47014b94ecc105b3c474f78d7f0cf
773,20170923,8,12,19,21,31,35,44,11,58,2094,74560597000,1000,74560597,downloads/official-1-1237/raw/api-0047.json,97efacaa96b5794b0672619fadb540483ad47014b94ecc105b3c474f78d7f0cf
774,20170930,12,15,18,28,34,42,9,11,60,1956,77347021000,1000,77347021,downloads/official-1-1237/raw/api-0047.json,97efacaa96b5794b0672619fadb540483ad47014b94ecc105b3c474f78d7f0cf
775,20171007,11,12,29,33,38,42,17,5,37,1719,70795452000,1000,70795452,downloads/official-1-1237/raw/api-0047.json,97efacaa96b5794b0672619fadb540483ad47014b94ecc105b3c474f78d7f0cf
776,20171014,8,9,18,21,28,40,20,7,50,2001,74826082000,1000,74826082,downloads/official-1-1237/raw/api-0047.json,97efacaa96b5794b0672619fadb540483ad47014b94ecc105b3c474f78d7f0cf
777,20171021,6,12,17,21,34,37,18,21,66,2413,75534360000,1000,75534360,downloads/official-1-1237/raw/api-0047.json,97efacaa96b5794b0672619fadb540483ad47014b94ecc105b3c474f78d7f0cf
778,20171028,6,21,35,36,37,41,11,3,67,1731,75075606000,1000,75075606,downloads/official-1-1237/raw/api-0046.json,47f34e70088d8119a44ce5d6d11a78183031ba3fa76cf638b8ddc797bcebc956
779,20171104,6,12,19,24,34,41,4,11,66,2503,73773676000,1000,73773676,downloads/official-1-1237/raw/api-0046.json,47f34e70088d8119a44ce5d6d11a78183031ba3fa76cf638b8ddc797bcebc956
780,20171111,15,17,19,21,27,45,16,11,45,1681,74232084000,1000,74232084,downloads/official-1-1237/raw/api-0046.json,47f34e70088d8119a44ce5d6d11a78183031ba3fa76cf638b8ddc797bcebc956
781,20171118,11,16,18,19,24,39,43,9,52,1967,72483157000,1000,72483157,downloads/official-1-1237/raw/api-0046.json,47f34e70088d8119a44ce5d6d11a78183031ba3fa76cf638b8ddc797bcebc956
782,20171125,6,18,31,34,38,45,20,9,49,2047,72253973000,1000,72253973,downloads/official-1-1237/raw/api-0046.json,47f34e70088d8119a44ce5d6d11a78183031ba3fa76cf638b8ddc797bcebc956
783,20171202,14,15,16,17,38,45,36,4,36,1869,73525256000,1000,73525256,downloads/official-1-1237/raw/api-0046.json,47f34e70088d8119a44ce5d6d11a78183031ba3fa76cf638b8ddc797bcebc956
784,20171209,3,10,23,24,31,39,22,9,51,2257,74311382000,1000,74311382,downloads/official-1-1237/raw/api-0046.json,47f34e70088d8119a44ce5d6d11a78183031ba3fa76cf638b8ddc797bcebc956
785,20171216,4,6,15,25,26,33,40,6,55,1972,72974563000,1000,72974563,downloads/official-1-1237/raw/api-0046.json,47f34e70088d8119a44ce5d6d11a78183031ba3fa76cf638b8ddc797bcebc956
786,20171223,12,15,16,20,24,30,38,4,96,2064,75930156000,1000,75930156,downloads/official-1-1237/raw/api-0046.json,47f34e70088d8119a44ce5d6d11a78183031ba3fa76cf638b8ddc797bcebc956
787,20171230,5,6,13,16,27,28,9,6,51,2339,79593923000,1000,79593923,downloads/official-1-1237/raw/api-0046.json,47f34e70088d8119a44ce5d6d11a78183031ba3fa76cf638b8ddc797bcebc956
788,20180106,2,10,11,19,35,39,29,13,70,2257,78121882000,1000,78121882,downloads/official-1-1237/raw/api-0045.json,e0473291cbd41fe7d8188a203ca7606530973b5e66c8bff0bc68dd8e163f5884
789,20180113,2,6,7,12,19,45,38,15,70,2437,76136603000,1000,76136603,downloads/official-1-1237/raw/api-0045.json,e0473291cbd41fe7d8188a203ca7606530973b5e66c8bff0bc68dd8e163f5884
790,20180120,3,8,19,27,30,41,12,16,59,2417,78978881000,1000,78978881,downloads/official-1-1237/raw/api-0045.json,e0473291cbd41fe7d8188a203ca7606530973b5e66c8bff0bc68dd8e163f5884
791,20180127,2,10,12,31,33,42,32,14,38,2410,74205844000,1000,74205844,downloads/official-1-1237/raw/api-0045.json,e0473291cbd41fe7d8188a203ca7606530973b5e66c8bff0bc68dd8e163f5884
792,20180203,2,7,19,25,29,36,16,7,65,1958,76339003000,1000,76339003,downloads/official-1-1237/raw/api-0045.json,e0473291cbd41fe7d8188a203ca7606530973b5e66c8bff0bc68dd8e163f5884
793,20180210,10,15,21,35,38,43,31,5,61,2043,76177477000,1000,76177477,downloads/official-1-1237/raw/api-0045.json,e0473291cbd41fe7d8188a203ca7606530973b5e66c8bff0bc68dd8e163f5884
794,20180217,6,7,18,19,30,38,13,7,45,2607,79941579000,1000,79941579,downloads/official-1-1237/raw/api-0045.json,e0473291cbd41fe7d8188a203ca7606530973b5e66c8bff0bc68dd8e163f5884
795,20180224,3,10,13,26,34,38,36,11,62,2423,79661342000,1000,79661342,downloads/official-1-1237/raw/api-0045.json,e0473291cbd41fe7d8188a203ca7606530973b5e66c8bff0bc68dd8e163f5884
796,20180303,1,21,26,36,40,41,5,7,46,1921,77685943000,1000,77685943,downloads/official-1-1237/raw/api-0045.json,e0473291cbd41fe7d8188a203ca7606530973b5e66c8bff0bc68dd8e163f5884
797,20180310,5,22,31,32,39,45,36,8,34,1868,77339940000,1000,77339940,downloads/official-1-1237/raw/api-0045.json,e0473291cbd41fe7d8188a203ca7606530973b5e66c8bff0bc68dd8e163f5884
798,20180317,2,10,14,22,32,36,41,7,60,2124,77038759000,1000,77038759,downloads/official-1-1237/raw/api-0044.json,1b954540474b36df35ba5a80e4ffd31a19fa29f81a6e14830f671a8d05c3b4e6
799,20180324,12,17,23,34,42,45,33,10,56,2242,76708986000,1000,76708986,downloads/official-1-1237/raw/api-0044.json,1b954540474b36df35ba5a80e4ffd31a19fa29f81a6e14830f671a8d05c3b4e6
800,20180331,1,4,10,12,28,45,26,11,51,2179,76994062000,1000,76994062,downloads/official-1-1237/raw/api-0044.json,1b954540474b36df35ba5a80e4ffd31a19fa29f81a6e14830f671a8d05c3b4e6
801,20180407,17,25,28,37,43,44,2,8,51,1999,74034792000,1000,74034792,downloads/official-1-1237/raw/api-0044.json,1b954540474b36df35ba5a80e4ffd31a19fa29f81a6e14830f671a8d05c3b4e6
802,20180414,10,11,12,18,24,42,27,16,67,2207,75146781000,1000,75146781,downloads/official-1-1237/raw/api-0044.json,1b954540474b36df35ba5a80e4ffd31a19fa29f81a6e14830f671a8d05c3b4e6
803,20180421,5,9,14,26,30,43,2,5,50,2094,75670793000,1000,75670793,downloads/official-1-1237/raw/api-0044.json,1b954540474b36df35ba5a80e4ffd31a19fa29f81a6e14830f671a8d05c3b4e6
804,20180428,1,10,13,26,32,36,9,11,49,2048,74557028000,1000,74557028,downloads/official-1-1237/raw/api-0044.json,1b954540474b36df35ba5a80e4ffd31a19fa29f81a6e14830f671a8d05c3b4e6
805,20180505,3,12,13,18,31,32,42,4,53,2075,73065981000,1000,73065981,downloads/official-1-1237/raw/api-0044.json,1b954540474b36df35ba5a80e4ffd31a19fa29f81a6e14830f671a8d05c3b4e6
806,20180512,14,20,23,31,37,38,27,7,57,1850,74030583000,1000,74030583,downloads/official-1-1237/raw/api-0044.json,1b954540474b36df35ba5a80e4ffd31a19fa29f81a6e14830f671a8d05c3b4e6
807,20180519,6,10,18,25,34,35,33,7,59,2319,73831580000,1000,73831580,downloads/official-1-1237/raw/api-0044.json,1b954540474b36df35ba5a80e4ffd31a19fa29f81a6e14830f671a8d05c3b4e6
808,20180526,15,21,31,32,41,43,24,6,46,1962,74911438000,1000,74911438,downloads/official-1-1237/raw/api-0043.json,197e8132f53eeac90990789c42d2b3f57d4ca07663da3b72c1e680d20571afa9
809,20180602,6,11,15,17,23,40,39,6,56,2179,74214104000,1000,74214104,downloads/official-1-1237/raw/api-0043.json,197e8132f53eeac90990789c42d2b3f57d4ca07663da3b72c1e680d20571afa9
810,20180609,5,10,13,21,39,43,11,8,64,2053,74388355000,1000,74388355,downloads/official-1-1237/raw/api-0043.json,197e8132f53eeac90990789c42d2b3f57d4ca07663da3b72c1e680d20571afa9
811,20180616,8,11,19,21,36,45,25,7,49,2151,74570813000,1000,74570813,downloads/official-1-1237/raw/api-0043.json,197e8132f53eeac90990789c42d2b3f57d4ca07663da3b72c1e680d20571afa9
812,20180623,1,3,12,14,16,43,10,6,68,1976,74147816000,1000,74147816,downloads/official-1-1237/raw/api-0043.json,197e8132f53eeac90990789c42d2b3f57d4ca07663da3b72c1e680d20571afa9
813,20180630,11,30,34,35,42,44,27,4,43,1800,73394947000,1000,73394947,downloads/official-1-1237/raw/api-0043.json,197e8132f53eeac90990789c42d2b3f57d4ca07663da3b72c1e680d20571afa9
814,20180707,2,21,28,38,42,45,30,6,52,1833,74316543000,1000,74316543,downloads/official-1-1237/raw/api-0043.json,197e8132f53eeac90990789c42d2b3f57d4ca07663da3b72c1e680d20571afa9
815,20180714,17,21,25,26,27,36,4,7,39,1703,73416400000,1000,73416400,downloads/official-1-1237/raw/api-0043.json,197e8132f53eeac90990789c42d2b3f57d4ca07663da3b72c1e680d20571afa9
816,20180721,12,18,19,29,31,39,7,8,67,2064,72397826000,1000,72397826,downloads/official-1-1237/raw/api-0043.json,197e8132f53eeac90990789c42d2b3f57d4ca07663da3b72c1e680d20571afa9
817,20180728,3,9,12,13,25,43,34,9,54,2068,72552766000,1000,72552766,downloads/official-1-1237/raw/api-0043.json,197e8132f53eeac90990789c42d2b3f57d4ca07663da3b72c1e680d20571afa9
818,20180804,14,15,25,28,29,30,3,13,39,1845,71793353000,1000,71793353,downloads/official-1-1237/raw/api-0042.json,516b054415c004052f86755bff5bfd2363268dd7b173848b009277e823ac50f1
819,20180811,16,25,33,38,40,45,15,7,49,1981,74578907000,1000,74578907,downloads/official-1-1237/raw/api-0042.json,516b054415c004052f86755bff5bfd2363268dd7b173848b009277e823ac50f1
820,20180818,10,21,22,30,35,42,6,4,60,1987,75744571000,1000,75744571,downloads/official-1-1237/raw/api-0042.json,516b054415c004052f86755bff5bfd2363268dd7b173848b009277e823ac50f1
821,20180825,1,12,13,24,29,44,16,14,55,2100,76118239000,1000,76118239,downloads/official-1-1237/raw/api-0042.json,516b054415c004052f86755bff5bfd2363268dd7b173848b009277e823ac50f1
822,20180901,9,18,20,24,27,36,12,3,79,2153,75681739000,1000,75681739,downloads/official-1-1237/raw/api-0042.json,516b054415c004052f86755bff5bfd2363268dd7b173848b009277e823ac50f1
823,20180908,12,18,24,26,39,40,15,9,61,2348,77400124000,1000,77400124,downloads/official-1-1237/raw/api-0042.json,516b054415c004052f86755bff5bfd2363268dd7b173848b009277e823ac50f1
824,20180915,7,9,24,29,34,38,26,15,51,2106,78257422000,1000,78257422,downloads/official-1-1237/raw/api-0042.json,516b054415c004052f86755bff5bfd2363268dd7b173848b009277e823ac50f1
825,20180922,8,15,21,31,33,38,42,12,53,2249,82890578000,1000,82890578,downloads/official-1-1237/raw/api-0042.json,516b054415c004052f86755bff5bfd2363268dd7b173848b009277e823ac50f1
826,20180929,13,16,24,25,33,36,42,9,47,2232,78218740000,1000,78218740,downloads/official-1-1237/raw/api-0042.json,516b054415c004052f86755bff5bfd2363268dd7b173848b009277e823ac50f1
827,20181006,5,11,12,29,33,44,14,15,46,2113,76490125000,1000,76490125,downloads/official-1-1237/raw/api-0042.json,516b054415c004052f86755bff5bfd2363268dd7b173848b009277e823ac50f1
828,20181013,4,7,13,29,31,39,18,13,62,1968,77552827000,1000,77552827,downloads/official-1-1237/raw/api-0041.json,376eb0bc056e173cfe1e54cdf5a66284a7209bc0a31a011d7681d747af5a63a1
829,20181020,4,5,31,35,43,45,29,8,45,1837,77998807000,1000,77998807,downloads/official-1-1237/raw/api-0041.json,376eb0bc056e173cfe1e54cdf5a66284a7209bc0a31a011d7681d747af5a63a1
830,20181027,5,6,16,18,37,38,17,9,80,2142,77714000000,1000,77714000,downloads/official-1-1237/raw/api-0041.json,376eb0bc056e173cfe1e54cdf5a66284a7209bc0a31a011d7681d747af5a63a1
831,20181103,3,10,16,19,31,39,9,16,61,2660,77622753000,1000,77622753,downloads/official-1-1237/raw/api-0041.json,376eb0bc056e173cfe1e54cdf5a66284a7209bc0a31a011d7681d747af5a63a1
832,20181110,13,14,19,26,40,43,30,9,60,2137,77411900000,1000,77411900,downloads/official-1-1237/raw/api-0041.json,376eb0bc056e173cfe1e54cdf5a66284a7209bc0a31a011d7681d747af5a63a1
833,20181117,12,18,30,39,41,42,19,8,53,1945,77738402000,1000,77738402,downloads/official-1-1237/raw/api-0041.json,376eb0bc056e173cfe1e54cdf5a66284a7209bc0a31a011d7681d747af5a63a1
834,20181124,6,8,18,35,42,43,3,11,47,1967,75941791000,1000,75941791,downloads/official-1-1237/raw/api-0041.json,376eb0bc056e173cfe1e54cdf5a66284a7209bc0a31a011d7681d747af5a63a1
835,20181201,9,10,13,28,38,45,35,15,58,2306,77694435000,1000,77694435,downloads/official-1-1237/raw/api-0041.json,376eb0bc056e173cfe1e54cdf5a66284a7209bc0a31a011d7681d747af5a63a1
836,20181208,1,9,11,14,26,28,19,14,62,2230,74536697000,1000,74536697,downloads/official-1-1237/raw/api-0041.json,376eb0bc056e173cfe1e54cdf5a66284a7209bc0a31a011d7681d747af5a63a1
837,20181215,2,25,28,30,33,45,6,6,47,2012,76614176000,1000,76614176,downloads/official-1-1237/raw/api-0041.json,376eb0bc056e173cfe1e54cdf5a66284a7209bc0a31a011d7681d747af5a63a1
838,20181222,9,14,17,33,36,38,20,5,68,2220,79414484000,1000,79414484,downloads/official-1-1237/raw/api-0040.json,6b0c2797a0d7ee370091d3979bab9e9765b15a860aa4601ad680735bd2fcccf8
839,20181229,3,9,11,12,13,19,35,13,48,2664,79219710000,1000,79219710,downloads/official-1-1237/raw/api-0040.json,6b0c2797a0d7ee370091d3979bab9e9765b15a860aa4601ad680735bd2fcccf8
840,20190105,2,4,11,28,29,43,27,10,51,2275,84057771000,1000,84057771,downloads/official-1-1237/raw/api-0040.json,6b0c2797a0d7ee370091d3979bab9e9765b15a860aa4601ad680735bd2fcccf8
841,20190112,5,11,14,30,33,38,24,17,88,2490,81580789000,1000,81580789,downloads/official-1-1237/raw/api-0040.json,6b0c2797a0d7ee370091d3979bab9e9765b15a860aa4601ad680735bd2fcccf8
842,20190119,14,26,32,36,39,42,38,10,42,2039,81957444000,1000,81957444,downloads/official-1-1237/raw/api-0040.json,6b0c2797a0d7ee370091d3979bab9e9765b15a860aa4601ad680735bd2fcccf8
843,20190126,19,21,30,33,34,42,4,5,52,2002,81857498000,1000,81857498,downloads/official-1-1237/raw/api-0040.json,6b0c2797a0d7ee370091d3979bab9e9765b15a860aa4601ad680735bd2fcccf8
844,20190202,7,8,13,15,33,45,18,18,73,2406,87805610000,1000,87805610,downloads/official-1-1237/raw/api-0040.json,6b0c2797a0d7ee370091d3979bab9e9765b15a860aa4601ad680735bd2fcccf8
845,20190209,1,16,29,33,40,45,6,11,56,2038,83884034000,1000,83884034,downloads/official-1-1237/raw/api-0040.json,6b0c2797a0d7ee370091d3979bab9e9765b15a860aa4601ad680735bd2fcccf8
846,20190216,5,18,30,41,43,45,13,13,69,1997,83936839000,1000,83936839,downloads/official-1-1237/raw/api-0040.json,6b0c2797a0d7ee370091d3979bab9e9765b15a860aa4601ad680735bd2fcccf8
847,20190223,12,16,26,28,30,42,22,8,40,2443,83782512000,1000,83782512,downloads/official-1-1237/raw/api-0040.json,6b0c2797a0d7ee370091d3979bab9e9765b15a860aa4601ad680735bd2fcccf8
848,20190302,1,2,16,22,38,39,34,7,42,2109,84523266000,1000,84523266,downloads/official-1-1237/raw/api-0039.json,e6244e52d227ea8453cf264274fb33ed77a42b35cde17593e81f43e01f031f60
849,20190309,5,13,17,29,34,39,3,17,56,2682,82333674000,1000,82333674,downloads/official-1-1237/raw/api-0039.json,e6244e52d227ea8453cf264274fb33ed77a42b35cde17593e81f43e01f031f60
850,20190316,16,20,24,28,36,39,5,6,55,2023,81474176000,1000,81474176,downloads/official-1-1237/raw/api-0039.json,e6244e52d227ea8453cf264274fb33ed77a42b35cde17593e81f43e01f031f60
851,20190323,14,18,22,26,31,44,40,8,70,2101,81099116000,1000,81099116,downloads/official-1-1237/raw/api-0039.json,e6244e52d227ea8453cf264274fb33ed77a42b35cde17593e81f43e01f031f60
852,20190330,11,17,28,30,33,35,9,4,67,2328,81470793000,1000,81470793,downloads/official-1-1237/raw/api-0039.json,e6244e52d227ea8453cf264274fb33ed77a42b35cde17593e81f43e01f031f60
853,20190406,2,8,23,26,27,44,13,7,90,2018,82244370000,1000,82244370,downloads/official-1-1237/raw/api-0039.json,e6244e52d227ea8453cf264274fb33ed77a42b35cde17593e81f43e01f031f60
854,20190413,20,25,31,32,36,43,3,6,44,1865,81823338000,1000,81823338,downloads/official-1-1237/raw/api-0039.json,e6244e52d227ea8453cf264274fb33ed77a42b35cde17593e81f43e01f031f60
855,20190420,8,15,17,19,43,44,7,9,61,2022,82374732000,1000,82374732,downloads/official-1-1237/raw/api-0039.json,e6244e52d227ea8453cf264274fb33ed77a42b35cde17593e81f43e01f031f60
856,20190427,10,24,40,41,43,44,17,5,53,1949,80496424000,1000,80496424,downloads/official-1-1237/raw/api-0039.json,e6244e52d227ea8453cf264274fb33ed77a42b35cde17593e81f43e01f031f60
857,20190504,6,10,16,28,34,38,43,15,62,2367,80933117000,1000,80933117,downloads/official-1-1237/raw/api-0039.json,e6244e52d227ea8453cf264274fb33ed77a42b35cde17593e81f43e01f031f60
858,20190511,9,13,32,38,39,43,23,9,41,2075,81366889000,1000,81366889,downloads/official-1-1237/raw/api-0038.json,880ca22c14cd57d038b849904fb9b0d53b47f3d4dba04d529de095ff7e53a5f0
859,20190518,8,22,35,38,39,41,24,11,51,1895,80944223000,1000,80944223,downloads/official-1-1237/raw/api-0038.json,880ca22c14cd57d038b849904fb9b0d53b47f3d4dba04d529de095ff7e53a5f0
860,20190525,4,8,18,25,27,32,42,10,62,2339,81846672000,1000,81846672,downloads/official-1-1237/raw/api-0038.json,880ca22c14cd57d038b849904fb9b0d53b47f3d4dba04d529de095ff7e53a5f0
861,20190601,11,17,19,21,22,25,24,4,65,2256,81032551000,1000,81032551,downloads/official-1-1237/raw/api-0038.json,880ca22c14cd57d038b849904fb9b0d53b47f3d4dba04d529de095ff7e53a5f0
862,20190608,10,34,38,40,42,43,32,9,63,2042,80609005000,1000,80609005,downloads/official-1-1237/raw/api-0038.json,880ca22c14cd57d038b849904fb9b0d53b47f3d4dba04d529de095ff7e53a5f0
863,20190615,16,21,28,35,39,43,12,7,64,2042,81288540000,1000,81288540,downloads/official-1-1237/raw/api-0038.json,880ca22c14cd57d038b849904fb9b0d53b47f3d4dba04d529de095ff7e53a5f0
864,20190622,3,7,10,13,25,36,32,11,64,2467,82220290000,1000,82220290,downloads/official-1-1237/raw/api-0038.json,880ca22c14cd57d038b849904fb9b0d53b47f3d4dba04d529de095ff7e53a5f0
865,20190629,3,15,22,32,33,45,2,13,52,2076,81748217000,1000,81748217,downloads/official-1-1237/raw/api-0038.json,880ca22c14cd57d038b849904fb9b0d53b47f3d4dba04d529de095ff7e53a5f0
866,20190706,9,15,29,34,37,39,12,9,68,2035,81961886000,1000,81961886,downloads/official-1-1237/raw/api-0038.json,880ca22c14cd57d038b849904fb9b0d53b47f3d4dba04d529de095ff7e53a5f0
867,20190713,14,17,19,22,24,40,41,5,57,2175,81607190000,1000,81607190,downloads/official-1-1237/raw/api-0038.json,880ca22c14cd57d038b849904fb9b0d53b47f3d4dba04d529de095ff7e53a5f0
868,20190720,12,17,28,41,43,44,25,6,61,2152,80549078000,1000,80549078,downloads/official-1-1237/raw/api-0037.json,d0ffe84299b754890f84901d4b14fffcb065d1da9993297bbd7e501c31342131
869,20190727,2,6,20,27,37,39,4,10,56,2210,80268389000,1000,80268389,downloads/official-1-1237/raw/api-0037.json,d0ffe84299b754890f84901d4b14fffcb065d1da9993297bbd7e501c31342131
870,20190803,21,25,30,32,40,42,31,10,48,2033,78688663000,1000,78688663,downloads/official-1-1237/raw/api-0037.json,d0ffe84299b754890f84901d4b14fffcb065d1da9993297bbd7e501c31342131
871,20190810,2,6,12,26,30,34,38,7,61,2231,79527502000,1000,79527502,downloads/official-1-1237/raw/api-0037.json,d0ffe84299b754890f84901d4b14fffcb065d1da9993297bbd7e501c31342131
872,20190817,2,4,30,32,33,43,29,16,46,2018,81002518000,1000,81002518,downloads/official-1-1237/raw/api-0037.json,d0ffe84299b754890f84901d4b14fffcb065d1da9993297bbd7e501c31342131
873,20190824,3,5,12,13,33,39,38,10,68,2375,82375586000,1000,82375586,downloads/official-1-1237/raw/api-0037.json,d0ffe84299b754890f84901d4b14fffcb065d1da9993297bbd7e501c31342131
874,20190831,1,15,19,23,28,42,32,18,68,2240,82990138000,1000,82990138,downloads/official-1-1237/raw/api-0037.json,d0ffe84299b754890f84901d4b14fffcb065d1da9993297bbd7e501c31342131
875,20190907,19,22,30,34,39,44,36,14,33,2278,80635281000,1000,80635281,downloads/official-1-1237/raw/api-0037.json,d0ffe84299b754890f84901d4b14fffcb065d1da9993297bbd7e501c31342131
876,20190914,5,16,21,26,34,42,24,19,59,2427,85088368000,1000,85088368,downloads/official-1-1237/raw/api-0037.json,d0ffe84299b754890f84901d4b14fffcb065d1da9993297bbd7e501c31342131
877,20190921,5,17,18,22,23,43,12,12,75,2167,84584730000,1000,84584730,downloads/official-1-1237/raw/api-0037.json,d0ffe84299b754890f84901d4b14fffcb065d1da9993297bbd7e501c31342131
878,20190928,2,6,11,16,25,31,3,6,69,2971,84183676000,1000,84183676,downloads/official-1-1237/raw/api-0036.json,0ce155489568dcfc5083df313818bf6d710e92289860d828be18d4e3103efcb3
879,20191005,1,4,10,14,15,35,20,6,77,2594,83174251000,1000,83174251,downloads/official-1-1237/raw/api-0036.json,0ce155489568dcfc5083df313818bf6d710e92289860d828be18d4e3103efcb3
880,20191012,7,17,19,23,24,45,38,7,52,2332,83862502000,1000,83862502,downloads/official-1-1237/raw/api-0036.json,0ce155489568dcfc5083df313818bf6d710e92289860d828be18d4e3103efcb3
881,20191019,4,18,20,26,27,32,9,8,67,2189,84495552000,1000,84495552,downloads/official-1-1237/raw/api-0036.json,0ce155489568dcfc5083df313818bf6d710e92289860d828be18d4e3103efcb3
882,20191026,18,34,39,43,44,45,23,5,44,2082,84351602000,1000,84351602,downloads/official-1-1237/raw/api-0036.json,0ce155489568dcfc5083df313818bf6d710e92289860d828be18d4e3103efcb3
883,20191102,9,18,32,33,37,44,22,15,65,2538,85624171000,1000,85624171,downloads/official-1-1237/raw/api-0036.json,0ce155489568dcfc5083df313818bf6d710e92289860d828be18d4e3103efcb3
884,20191109,4,14,23,28,37,45,17,12,74,2207,86554613000,1000,86554613,downloads/official-1-1237/raw/api-0036.json,0ce155489568dcfc5083df313818bf6d710e92289860d828be18d4e3103efcb3
885,20191116,1,3,24,27,39,45,31,13,56,2279,83396319000,1000,83396319,downloads/official-1-1237/raw/api-0036.json,0ce155489568dcfc5083df313818bf6d710e92289860d828be18d4e3103efcb3
886,20191123,19,23,28,37,42,45,2,7,59,2140,84186094000,1000,84186094,downloads/official-1-1237/raw/api-0036.json,0ce155489568dcfc5083df313818bf6d710e92289860d828be18d4e3103efcb3
887,20191130,8,14,17,27,36,45,10,8,66,2388,84416872000,1000,84416872,downloads/official-1-1237/raw/api-0036.json,0ce155489568dcfc5083df313818bf6d710e92289860d828be18d4e3103efcb3
888,20191207,3,7,12,31,34,38,32,8,59,2453,82777313000,1000,82777313,downloads/official-1-1237/raw/api-0035.json,d396a5c227268b1986c238aa6677961a56f61b907dddf82b27401f4bbdb683d3
889,20191214,3,13,29,38,39,42,26,10,60,2338,86734222000,1000,86734222,downloads/official-1-1237/raw/api-0035.json,d396a5c227268b1986c238aa6677961a56f61b907dddf82b27401f4bbdb683d3
890,20191221,1,4,14,18,29,37,6,9,58,2376,86693498000,1000,86693498,downloads/official-1-1237/raw/api-0035.json,d396a5c227268b1986c238aa6677961a56f61b907dddf82b27401f4bbdb683d3
891,20191228,9,13,28,31,39,41,19,7,77,2443,89742677000,1000,89742677,downloads/official-1-1237/raw/api-0035.json,d396a5c227268b1986c238aa6677961a56f61b907dddf82b27401f4bbdb683d3
892,20200104,4,9,17,18,26,42,36,17,78,2709,93091115000,1000,93091115,downloads/official-1-1237/raw/api-0035.json,d396a5c227268b1986c238aa6677961a56f61b907dddf82b27401f4bbdb683d3
893,20200111,1,15,17,23,25,41,10,9,58,2113,87661567000,1000,87661567,downloads/official-1-1237/raw/api-0035.json,d396a5c227268b1986c238aa6677961a56f61b907dddf82b27401f4bbdb683d3
894,20200118,19,32,37,40,41,43,45,9,56,2331,88465183000,1000,88465183,downloads/official-1-1237/raw/api-0035.json,d396a5c227268b1986c238aa6677961a56f61b907dddf82b27401f4bbdb683d3
895,20200125,16,26,31,38,39,41,23,12,58,2750,96962255000,1000,96962255,downloads/official-1-1237/raw/api-0035.json,d396a5c227268b1986c238aa6677961a56f61b907dddf82b27401f4bbdb683d3
896,20200201,5,12,25,26,38,45,23,7,46,2586,90461998000,1000,90461998,downloads/official-1-1237/raw/api-0035.json,d396a5c227268b1986c238aa6677961a56f61b907dddf82b27401f4bbdb683d3
897,20200208,6,7,12,22,26,36,29,13,62,2398,88231474000,1000,88231474,downloads/official-1-1237/raw/api-0035.json,d396a5c227268b1986c238aa6677961a56f61b907dddf82b27401f4bbdb683d3
898,20200215,18,21,28,35,37,42,17,8,56,3240,90067839000,1000,90067839,downloads/official-1-1237/raw/api-0034.json,4838544b337f6e61690ca9f6450698b86aa4352ad046ce6a47491ccf8861cd6a
899,20200222,8,19,20,21,33,39,37,6,53,2402,85877347000,1000,85877347,downloads/official-1-1237/raw/api-0034.json,4838544b337f6e61690ca9f6450698b86aa4352ad046ce6a47491ccf8861cd6a
900,20200229,7,13,16,18,35,38,14,6,51,2385,83639372000,1000,83639372,downloads/official-1-1237/raw/api-0034.json,4838544b337f6e61690ca9f6450698b86aa4352ad046ce6a47491ccf8861cd6a
901,20200307,5,18,20,23,30,34,21,9,67,2308,84783962000,1000,84783962,downloads/official-1-1237/raw/api-0034.json,4838544b337f6e61690ca9f6450698b86aa4352ad046ce6a47491ccf8861cd6a
902,20200314,7,19,23,24,36,39,30,13,67,2372,87501981000,1000,87501981,downloads/official-1-1237/raw/api-0034.json,4838544b337f6e61690ca9f6450698b86aa4352ad046ce6a47491ccf8861cd6a
903,20200321,2,15,16,21,22,28,45,13,49,2316,88625160000,1000,88625160,downloads/official-1-1237/raw/api-0034.json,4838544b337f6e61690ca9f6450698b86aa4352ad046ce6a47491ccf8861cd6a
904,20200328,2,6,8,26,43,45,11,8,92,2337,88938220000,1000,88938220,downloads/official-1-1237/raw/api-0034.json,4838544b337f6e61690ca9f6450698b86aa4352ad046ce6a47491ccf8861cd6a
905,20200404,3,4,16,27,38,40,20,7,77,2643,90357634000,1000,90357634,downloads/official-1-1237/raw/api-0034.json,4838544b337f6e61690ca9f6450698b86aa4352ad046ce6a47491ccf8861cd6a
906,20200411,2,5,14,28,31,32,20,9,63,2369,90948274000,1000,90948274,downloads/official-1-1237/raw/api-0034.json,4838544b337f6e61690ca9f6450698b86aa4352ad046ce6a47491ccf8861cd6a
907,20200418,21,27,29,38,40,44,37,7,67,2300,89331282000,1000,89331282,downloads/official-1-1237/raw/api-0034.json,4838544b337f6e61690ca9f6450698b86aa4352ad046ce6a47491ccf8861cd6a
908,20200425,3,16,21,22,23,44,30,8,57,2161,89923601000,1000,89923601,downloads/official-1-1237/raw/api-0033.json,e23ef39677dc168a922d3a98a35c385f91efdba7c19758b95abd7aeb7a82c6d7
909,20200502,7,24,29,30,34,35,33,11,63,2316,89543261000,1000,89543261,downloads/official-1-1237/raw/api-0033.json,e23ef39677dc168a922d3a98a35c385f91efdba7c19758b95abd7aeb7a82c6d7
910,20200509,1,11,17,27,35,39,31,21,72,2694,86308857000,1000,86308857,downloads/official-1-1237/raw/api-0033.json,e23ef39677dc168a922d3a98a35c385f91efdba7c19758b95abd7aeb7a82c6d7
911,20200516,4,5,12,14,32,42,35,10,58,2571,89332410000,1000,89332410,downloads/official-1-1237/raw/api-0033.json,e23ef39677dc168a922d3a98a35c385f91efdba7c19758b95abd7aeb7a82c6d7
912,20200523,5,8,18,21,22,38,10,14,70,2547,88599155000,1000,88599155,downloads/official-1-1237/raw/api-0033.json,e23ef39677dc168a922d3a98a35c385f91efdba7c19758b95abd7aeb7a82c6d7
913,20200530,6,14,16,21,27,37,40,16,66,2467,89336949000,1000,89336949,downloads/official-1-1237/raw/api-0033.json,e23ef39677dc168a922d3a98a35c385f91efdba7c19758b95abd7aeb7a82c6d7
914,20200606,16,19,24,33,42,44,27,11,55,2585,89558503000,1000,89558503,downloads/official-1-1237/raw/api-0033.json,e23ef39677dc168a922d3a98a35c385f91efdba7c19758b95abd7aeb7a82c6d7
915,20200613,2,6,11,13,22,37,14,6,63,2436,87862418000,1000,87862418,downloads/official-1-1237/raw/api-0033.json,e23ef39677dc168a922d3a98a35c385f91efdba7c19758b95abd7aeb7a82c6d7
916,20200620,6,21,22,32,35,36,17,11,70,2184,89133044000,1000,89133044,downloads/official-1-1237/raw/api-0033.json,e23ef39677dc168a922d3a98a35c385f91efdba7c19758b95abd7aeb7a82c6d7
917,20200627,1,3,23,24,27,43,34,10,47,2260,88950867000,1000,88950867,downloads/official-1-1237/raw/api-0033.json,e23ef39677dc168a922d3a98a35c385f91efdba7c19758b95abd7aeb7a82c6d7
918,20200704,7,11,12,31,33,38,5,18,86,2718,89200857000,1000,89200857,downloads/official-1-1237/raw/api-0032.json,e69f76c29e423f5a9e551de043a3a417adb12c3d0141f5f6b2ecca2a17823f83
919,20200711,9,14,17,18,42,44,35,5,56,2541,90218056000,1000,90218056,downloads/official-1-1237/raw/api-0032.json,e69f76c29e423f5a9e551de043a3a417adb12c3d0141f5f6b2ecca2a17823f83
920,20200718,2,3,26,33,34,43,29,7,53,2348,89805177000,1000,89805177,downloads/official-1-1237/raw/api-0032.json,e69f76c29e423f5a9e551de043a3a417adb12c3d0141f5f6b2ecca2a17823f83
921,20200725,5,7,12,22,28,41,1,17,72,2682,89888341000,1000,89888341,downloads/official-1-1237/raw/api-0032.json,e69f76c29e423f5a9e551de043a3a417adb12c3d0141f5f6b2ecca2a17823f83
922,20200801,2,6,13,17,27,43,36,6,89,2876,89266682000,1000,89266682,downloads/official-1-1237/raw/api-0032.json,e69f76c29e423f5a9e551de043a3a417adb12c3d0141f5f6b2ecca2a17823f83
923,20200808,3,17,18,23,36,41,26,8,56,2376,87867402000,1000,87867402,downloads/official-1-1237/raw/api-0032.json,e69f76c29e423f5a9e551de043a3a417adb12c3d0141f5f6b2ecca2a17823f83
924,20200815,3,11,34,42,43,44,13,9,69,2198,87708256000,1000,87708256,downloads/official-1-1237/raw/api-0032.json,e69f76c29e423f5a9e551de043a3a417adb12c3d0141f5f6b2ecca2a17823f83
925,20200822,13,24,32,34,39,42,4,12,68,2335,87901067000,1000,87901067,downloads/official-1-1237/raw/api-0032.json,e69f76c29e423f5a9e551de043a3a417adb12c3d0141f5f6b2ecca2a17823f83
926,20200829,10,16,18,20,25,31,6,10,72,2923,88372251000,1000,88372251,downloads/official-1-1237/raw/api-0032.json,e69f76c29e423f5a9e551de043a3a417adb12c3d0141f5f6b2ecca2a17823f83
927,20200905,4,15,22,38,41,43,26,6,63,2331,91067752000,1000,91067752,downloads/official-1-1237/raw/api-0032.json,e69f76c29e423f5a9e551de043a3a417adb12c3d0141f5f6b2ecca2a17823f83
928,20200912,3,4,10,20,28,44,30,7,81,2639,90818982000,1000,90818982,downloads/official-1-1237/raw/api-0031.json,f3bdcde01151667b2a25597c43d825c062b2c3a30c36b2815bd450559d0570c0
929,20200919,7,9,12,15,19,23,4,16,91,3028,92344620000,1000,92344620,downloads/official-1-1237/raw/api-0031.json,f3bdcde01151667b2a25597c43d825c062b2c3a30c36b2815bd450559d0570c0
930,20200926,8,21,25,38,39,44,28,8,55,2776,94518415000,1000,94518415,downloads/official-1-1237/raw/api-0031.json,f3bdcde01151667b2a25597c43d825c062b2c3a30c36b2815bd450559d0570c0
931,20201003,14,15,23,25,35,43,32,8,54,2596,95695802000,1000,95695802,downloads/official-1-1237/raw/api-0031.json,f3bdcde01151667b2a25597c43d825c062b2c3a30c36b2815bd450559d0570c0
932,20201010,1,6,15,36,37,38,5,7,64,2420,96049289000,1000,96049289,downloads/official-1-1237/raw/api-0031.json,f3bdcde01151667b2a25597c43d825c062b2c3a30c36b2815bd450559d0570c0
933,20201017,23,27,29,31,36,45,37,8,63,2215,93484851000,1000,93484851,downloads/official-1-1237/raw/api-0031.json,f3bdcde01151667b2a25597c43d825c062b2c3a30c36b2815bd450559d0570c0
934,20201024,1,3,30,33,36,39,12,4,66,2359,93028347000,1000,93028347,downloads/official-1-1237/raw/api-0031.json,f3bdcde01151667b2a25597c43d825c062b2c3a30c36b2815bd450559d0570c0
935,20201031,4,10,20,32,38,44,18,13,120,2933,93934898000,1000,93934898,downloads/official-1-1237/raw/api-0031.json,f3bdcde01151667b2a25597c43d825c062b2c3a30c36b2815bd450559d0570c0
936,20201107,7,11,13,17,18,29,43,14,77,2864,92246146000,1000,92246146,downloads/official-1-1237/raw/api-0031.json,f3bdcde01151667b2a25597c43d825c062b2c3a30c36b2815bd450559d0570c0
937,20201114,2,10,13,22,29,40,26,11,57,2480,93720454000,1000,93720454,downloads/official-1-1237/raw/api-0031.json,f3bdcde01151667b2a25597c43d825c062b2c3a30c36b2815bd450559d0570c0
938,20201121,4,8,10,16,31,36,9,10,64,2531,93452425000,1000,93452425,downloads/official-1-1237/raw/api-0030.json,f804c46590a6574742b1d90e7aa5e8490279fe7e3607877d540cf04ef7d18210
939,20201128,4,11,28,39,42,45,6,13,67,2682,93340002000,1000,93340002,downloads/official-1-1237/raw/api-0030.json,f804c46590a6574742b1d90e7aa5e8490279fe7e3607877d540cf04ef7d18210
940,20201205,3,15,20,22,24,41,11,8,51,2329,93920183000,1000,93920183,downloads/official-1-1237/raw/api-0030.json,f804c46590a6574742b1d90e7aa5e8490279fe7e3607877d540cf04ef7d18210
941,20201212,12,14,25,27,39,40,35,16,87,3275,94867600000,1000,94867600,downloads/official-1-1237/raw/api-0030.json,f804c46590a6574742b1d90e7aa5e8490279fe7e3607877d540cf04ef7d18210
942,20201219,10,12,18,35,42,43,39,6,52,2473,92731965000,1000,92731965,downloads/official-1-1237/raw/api-0030.json,f804c46590a6574742b1d90e7aa5e8490279fe7e3607877d540cf04ef7d18210
943,20201226,1,8,13,36,44,45,39,7,74,2722,100081432000,1000,100081432,downloads/official-1-1237/raw/api-0030.json,f804c46590a6574742b1d90e7aa5e8490279fe7e3607877d540cf04ef7d18210
944,20210102,2,13,16,19,32,33,42,13,79,3057,107181377000,1000,107181377,downloads/official-1-1237/raw/api-0030.json,f804c46590a6574742b1d90e7aa5e8490279fe7e3607877d540cf04ef7d18210
945,20210109,9,10,15,30,33,37,26,13,71,2490,94837109000,1000,94837109,downloads/official-1-1237/raw/api-0030.json,f804c46590a6574742b1d90e7aa5e8490279fe7e3607877d540cf04ef7d18210
946,20210116,9,18,19,30,34,40,20,11,71,2949,99380178000,1000,99380178,downloads/official-1-1237/raw/api-0030.json,f804c46590a6574742b1d90e7aa5e8490279fe7e3607877d540cf04ef7d18210
947,20210123,3,8,17,20,27,35,26,18,58,3182,99449916000,1000,99449916,downloads/official-1-1237/raw/api-0030.json,f804c46590a6574742b1d90e7aa5e8490279fe7e3607877d540cf04ef7d18210
948,20210130,13,18,30,31,38,41,5,11,90,2905,100519459000,1000,100519459,downloads/official-1-1237/raw/api-0029.json,3ce98055afaf5795a8a5f49158e72d4d1dda8b44ff7b01c8d97628d3d5bbbf3c
949,20210206,14,21,35,36,40,44,30,10,65,2594,100518909000,1000,100518909,downloads/official-1-1237/raw/api-0029.json,3ce98055afaf5795a8a5f49158e72d4d1dda8b44ff7b01c8d97628d3d5bbbf3c
950,20210213,3,4,15,22,28,40,10,8,67,2886,108870714000,1000,108870714,downloads/official-1-1237/raw/api-0029.json,3ce98055afaf5795a8a5f49158e72d4d1dda8b44ff7b01c8d97628d3d5bbbf3c
951,20210220,2,12,30,31,39,43,38,14,72,2907,102937006000,1000,102937006,downloads/official-1-1237/raw/api-0029.json,3ce98055afaf5795a8a5f49158e72d4d1dda8b44ff7b01c8d97628d3d5bbbf3c
952,20210227,4,12,22,24,33,41,38,9,93,3039,102355646000,1000,102355646,downloads/official-1-1237/raw/api-0029.json,3ce98055afaf5795a8a5f49158e72d4d1dda8b44ff7b01c8d97628d3d5bbbf3c
953,20210306,7,9,22,27,37,42,34,14,102,3273,99180891000,1000,99180891,downloads/official-1-1237/raw/api-0029.json,3ce98055afaf5795a8a5f49158e72d4d1dda8b44ff7b01c8d97628d3d5bbbf3c
954,20210313,1,9,26,28,30,41,32,10,64,2657,101455314000,1000,101455314,downloads/official-1-1237/raw/api-0029.json,3ce98055afaf5795a8a5f49158e72d4d1dda8b44ff7b01c8d97628d3d5bbbf3c
955,20210320,4,9,23,26,29,33,8,12,71,2650,99784736000,1000,99784736,downloads/official-1-1237/raw/api-0029.json,3ce98055afaf5795a8a5f49158e72d4d1dda8b44ff7b01c8d97628d3d5bbbf3c
956,20210327,10,11,20,21,25,41,40,11,136,3053,97065255000,1000,97065255,downloads/official-1-1237/raw/api-0029.json,3ce98055afaf5795a8a5f49158e72d4d1dda8b44ff7b01c8d97628d3d5bbbf3c
957,20210403,4,15,24,35,36,40,1,11,61,2835,96654698000,1000,96654698,downloads/official-1-1237/raw/api-0029.json,3ce98055afaf5795a8a5f49158e72d4d1dda8b44ff7b01c8d97628d3d5bbbf3c
958,20210410,2,9,10,16,35,37,1,15,67,2470,98635947000,1000,98635947,downloads/official-1-1237/raw/api-0028.json,6e455a7c3840f8942a731324375e85caf7daea6606ae5349657c96c3b6d56d3b
959,20210417,1,14,15,24,40,41,35,8,75,2502,97435835000,1000,97435835,downloads/official-1-1237/raw/api-0028.json,6e455a7c3840f8942a731324375e85caf7daea6606ae5349657c96c3b6d56d3b
960,20210424,2,18,24,30,32,45,14,10,56,2569,98784879000,1000,98784879,downloads/official-1-1237/raw/api-0028.json,6e455a7c3840f8942a731324375e85caf7daea6606ae5349657c96c3b6d56d3b
961,20210501,11,20,29,31,33,42,43,9,73,2716,97153309000,1000,97153309,downloads/official-1-1237/raw/api-0028.json,6e455a7c3840f8942a731324375e85caf7daea6606ae5349657c96c3b6d56d3b
962,20210508,1,18,28,31,34,43,40,12,73,2581,95956365000,1000,95956365,downloads/official-1-1237/raw/api-0028.json,6e455a7c3840f8942a731324375e85caf7daea6606ae5349657c96c3b6d56d3b
963,20210515,6,12,19,23,34,42,35,15,68,3137,95452215000,1000,95452215,downloads/official-1-1237/raw/api-0028.json,6e455a7c3840f8942a731324375e85caf7daea6606ae5349657c96c3b6d56d3b
964,20210522,6,21,36,38,39,43,30,10,52,2447,95549895000,1000,95549895,downloads/official-1-1237/raw/api-0028.json,6e455a7c3840f8942a731324375e85caf7daea6606ae5349657c96c3b6d56d3b
965,20210529,2,13,25,28,29,36,34,7,46,2389,96174650000,1000,96174650,downloads/official-1-1237/raw/api-0028.json,6e455a7c3840f8942a731324375e85caf7daea6606ae5349657c96c3b6d56d3b
966,20210605,1,21,25,29,34,37,36,10,50,2352,95640447000,1000,95640447,downloads/official-1-1237/raw/api-0028.json,6e455a7c3840f8942a731324375e85caf7daea6606ae5349657c96c3b6d56d3b
967,20210612,1,6,13,37,38,40,9,4,69,2475,94515565000,1000,94515565,downloads/official-1-1237/raw/api-0028.json,6e455a7c3840f8942a731324375e85caf7daea6606ae5349657c96c3b6d56d3b
968,20210619,2,5,12,14,24,39,33,13,97,3116,95924229000,1000,95924229,downloads/official-1-1237/raw/api-0027.json,2c3f23845f2c0bf11d1308df964840e4a39897069f00f4fe14c2381b1d9f9608
969,20210626,3,9,10,29,40,45,7,20,56,2633,96728751000,1000,96728751,downloads/official-1-1237/raw/api-0027.json,2c3f23845f2c0bf11d1308df964840e4a39897069f00f4fe14c2381b1d9f9608
970,20210703,9,11,16,21,28,36,5,14,87,2479,93268371000,1000,93268371,downloads/official-1-1237/raw/api-0027.json,2c3f23845f2c0bf11d1308df964840e4a39897069f00f4fe14c2381b1d9f9608
971,20210710,2,6,17,18,21,26,7,6,62,2685,94471924000,1000,94471924,downloads/official-1-1237/raw/api-0027.json,2c3f23845f2c0bf11d1308df964840e4a39897069f00f4fe14c2381b1d9f9608
972,20210717,3,6,17,23,37,39,26,20,80,2570,93916813000,1000,93916813,downloads/official-1-1237/raw/api-0027.json,2c3f23845f2c0bf11d1308df964840e4a39897069f00f4fe14c2381b1d9f9608
973,20210724,22,26,31,37,41,42,24,8,42,2257,93953872000,1000,93953872,downloads/official-1-1237/raw/api-0027.json,2c3f23845f2c0bf11d1308df964840e4a39897069f00f4fe14c2381b1d9f9608
974,20210731,1,2,11,16,39,44,32,17,66,2636,94146055000,1000,94146055,downloads/official-1-1237/raw/api-0027.json,2c3f23845f2c0bf11d1308df964840e4a39897069f00f4fe14c2381b1d9f9608
975,20210807,7,8,9,17,22,24,5,9,61,2828,94253719000,1000,94253719,downloads/official-1-1237/raw/api-0027.json,2c3f23845f2c0bf11d1308df964840e4a39897069f00f4fe14c2381b1d9f9608
976,20210814,4,12,14,25,35,37,2,7,69,3085,97492178000,1000,97492178,downloads/official-1-1237/raw/api-0027.json,2c3f23845f2c0bf11d1308df964840e4a39897069f00f4fe14c2381b1d9f9608
977,20210821,2,9,10,14,22,44,16,14,82,2474,95895844000,1000,95895844,downloads/official-1-1237/raw/api-0027.json,2c3f23845f2c0bf11d1308df964840e4a39897069f00f4fe14c2381b1d9f9608
978,20210828,1,7,15,32,34,42,8,10,70,2826,98855197000,1000,98855197,downloads/official-1-1237/raw/api-0026.json,f912466f01342b4718d0b04f7e5e5cb9481b21102c32ec47a4074f44dba49951
979,20210904,7,11,16,21,27,33,24,14,79,3414,99507886000,1000,99507886,downloads/official-1-1237/raw/api-0026.json,f912466f01342b4718d0b04f7e5e5cb9481b21102c32ec47a4074f44dba49951
980,20210911,3,13,16,23,24,35,14,7,70,2819,99593380000,1000,99593380,downloads/official-1-1237/raw/api-0026.json,f912466f01342b4718d0b04f7e5e5cb9481b21102c32ec47a4074f44dba49951
981,20210918,27,36,37,41,43,45,32,13,65,2824,105645424000,1000,105645424,downloads/official-1-1237/raw/api-0026.json,f912466f01342b4718d0b04f7e5e5cb9481b21102c32ec47a4074f44dba49951
982,20210925,5,7,13,20,21,44,33,8,81,2931,101344251000,1000,101344251,downloads/official-1-1237/raw/api-0026.json,f912466f01342b4718d0b04f7e5e5cb9481b21102c32ec47a4074f44dba49951
983,20211002,13,23,26,31,35,43,15,10,78,2640,101899006000,1000,101899006,downloads/official-1-1237/raw/api-0026.json,f912466f01342b4718d0b04f7e5e5cb9481b21102c32ec47a4074f44dba49951
984,20211009,3,10,23,35,36,37,18,7,64,2596,98762367000,1000,98762367,downloads/official-1-1237/raw/api-0026.json,f912466f01342b4718d0b04f7e5e5cb9481b21102c32ec47a4074f44dba49951
985,20211016,17,21,23,30,34,44,19,10,62,2581,98811446000,1000,98811446,downloads/official-1-1237/raw/api-0026.json,f912466f01342b4718d0b04f7e5e5cb9481b21102c32ec47a4074f44dba49951
986,20211023,7,10,16,28,41,42,40,10,70,2793,99041240000,1000,99041240,downloads/official-1-1237/raw/api-0026.json,f912466f01342b4718d0b04f7e5e5cb9481b21102c32ec47a4074f44dba49951
987,20211030,2,4,15,23,29,38,7,10,73,2968,100269530000,1000,100269530,downloads/official-1-1237/raw/api-0026.json,f912466f01342b4718d0b04f7e5e5cb9481b21102c32ec47a4074f44dba49951
988,20211106,2,13,20,30,31,41,27,9,61,2663,98606195000,1000,98606195,downloads/official-1-1237/raw/api-0025.json,e3b18b2c5d5322247746d2f7e4845ebfa1f7d6b340d73bfbc105cadfe24ed020
989,20211113,17,18,21,27,29,33,26,4,63,2444,96525658000,1000,96525658,downloads/official-1-1237/raw/api-0025.json,e3b18b2c5d5322247746d2f7e4845ebfa1f7d6b340d73bfbc105cadfe24ed020
990,20211120,2,4,25,26,36,37,28,14,56,2858,99567047000,1000,99567047,downloads/official-1-1237/raw/api-0025.json,e3b18b2c5d5322247746d2f7e4845ebfa1f7d6b340d73bfbc105cadfe24ed020
991,20211127,13,18,25,31,33,44,38,8,110,2969,98026282000,1000,98026282,downloads/official-1-1237/raw/api-0025.json,e3b18b2c5d5322247746d2f7e4845ebfa1f7d6b340d73bfbc105cadfe24ed020
992,20211204,12,20,26,33,44,45,24,12,58,2373,97066498000,1000,97066498,downloads/official-1-1237/raw/api-0025.json,e3b18b2c5d5322247746d2f7e4845ebfa1f7d6b340d73bfbc105cadfe24ed020
993,20211211,6,14,16,18,24,42,44,6,70,2732,99323653000,1000,99323653,downloads/official-1-1237/raw/api-0025.json,e3b18b2c5d5322247746d2f7e4845ebfa1f7d6b340d73bfbc105cadfe24ed020
994,20211218,1,3,8,24,27,35,28,12,70,2803,95530936000,1000,95530936,downloads/official-1-1237/raw/api-0025.json,e3b18b2c5d5322247746d2f7e4845ebfa1f7d6b340d73bfbc105cadfe24ed020
995,20211225,1,4,13,29,38,39,7,7,69,2793,100878455000,1000,100878455,downloads/official-1-1237/raw/api-0025.json,e3b18b2c5d5322247746d2f7e4845ebfa1f7d6b340d73bfbc105cadfe24ed020
996,20220101,6,11,15,24,32,39,28,18,86,3313,112624327000,1000,112624327,downloads/official-1-1237/raw/api-0025.json,e3b18b2c5d5322247746d2f7e4845ebfa1f7d6b340d73bfbc105cadfe24ed020
997,20220108,4,7,14,16,24,44,20,19,85,3692,102431961000,1000,102431961,downloads/official-1-1237/raw/api-0025.json,e3b18b2c5d5322247746d2f7e4845ebfa1f7d6b340d73bfbc105cadfe24ed020
998,20220115,13,17,18,20,42,45,41,12,53,2648,101681869000,1000,101681869,downloads/official-1-1237/raw/api-0024.json,4f650d1091e83bbccb9a8ef25ca0d2e2714386ce6804b36e025d1aa35fa66984
999,20220122,1,3,9,14,18,28,34,16,67,2943,102581351000,1000,102581351,downloads/official-1-1237/raw/api-0024.json,4f650d1091e83bbccb9a8ef25ca0d2e2714386ce6804b36e025d1aa35fa66984
1000,20220129,2,8,19,22,32,42,39,22,109,4018,118628811000,1000,118628811,downloads/official-1-1237/raw/api-0024.json,4f650d1091e83bbccb9a8ef25ca0d2e2714386ce6804b36e025d1aa35fa66984
1001,20220205,6,10,12,14,20,42,15,12,66,2761,103967487000,1000,103967487,downloads/official-1-1237/raw/api-0024.json,4f650d1091e83bbccb9a8ef25ca0d2e2714386ce6804b36e025d1aa35fa66984
1002,20220212,17,25,33,35,38,45,15,8,85,3193,105795484000,1000,105795484,downloads/official-1-1237/raw/api-0024.json,4f650d1091e83bbccb9a8ef25ca0d2e2714386ce6804b36e025d1aa35fa66984
1003,20220219,1,4,29,39,43,45,31,14,66,2649,103479378000,1000,103479378,downloads/official-1-1237/raw/api-0024.json,4f650d1091e83bbccb9a8ef25ca0d2e2714386ce6804b36e025d1aa35fa66984
1004,20220226,7,15,30,37,39,44,18,10,68,2785,106112471000,1000,106112471,downloads/official-1-1237/raw/api-0024.json,4f650d1091e83bbccb9a8ef25ca0d2e2714386ce6804b36e025d1aa35fa66984
1005,20220305,8,13,18,24,27,29,17,12,84,2798,103755249000,1000,103755249,downloads/official-1-1237/raw/api-0024.json,4f650d1091e83bbccb9a8ef25ca0d2e2714386ce6804b36e025d1aa35fa66984
1006,20220312,8,11,15,16,17,37,36,9,65,2487,104542431000,1000,104542431,downloads/official-1-1237/raw/api-0024.json,4f650d1091e83bbccb9a8ef25ca0d2e2714386ce6804b36e025d1aa35fa66984
1007,20220319,8,11,16,19,21,25,40,9,70,2844,101530003000,1000,101530003,downloads/official-1-1237/raw/api-0024.json,4f650d1091e83bbccb9a8ef25ca0d2e2714386ce6804b36e025d1aa35fa66984
1008,20220326,9,11,30,31,41,44,33,11,97,2826,103727042000,1000,103727042,downloads/official-1-1237/raw/api-0023.json,a1482c798743c7e34e18ae0332a5d20567dca3015e02332b8f084958a90a6c0a
1009,20220402,15,23,29,34,40,44,20,15,69,2632,103771363000,1000,103771363,downloads/official-1-1237/raw/api-0023.json,a1482c798743c7e34e18ae0332a5d20567dca3015e02332b8f084958a90a6c0a
1010,20220409,9,12,15,25,34,36,3,8,66,2781,103011505000,1000,103011505,downloads/official-1-1237/raw/api-0023.json,a1482c798743c7e34e18ae0332a5d20567dca3015e02332b8f084958a90a6c0a
1011,20220416,1,9,12,26,35,38,42,11,76,2818,101799373000,1000,101799373,downloads/official-1-1237/raw/api-0023.json,a1482c798743c7e34e18ae0332a5d20567dca3015e02332b8f084958a90a6c0a
1012,20220423,5,11,18,20,35,45,3,13,76,2882,101948323000,1000,101948323,downloads/official-1-1237/raw/api-0023.json,a1482c798743c7e34e18ae0332a5d20567dca3015e02332b8f084958a90a6c0a
1013,20220430,21,22,26,34,36,41,32,5,79,2586,101747653000,1000,101747653,downloads/official-1-1237/raw/api-0023.json,a1482c798743c7e34e18ae0332a5d20567dca3015e02332b8f084958a90a6c0a
1014,20220507,3,11,14,18,26,27,21,10,69,2849,102396369000,1000,102396369,downloads/official-1-1237/raw/api-0023.json,a1482c798743c7e34e18ae0332a5d20567dca3015e02332b8f084958a90a6c0a
1015,20220514,14,23,31,33,37,40,44,8,102,2880,102562683000,1000,102562683,downloads/official-1-1237/raw/api-0023.json,a1482c798743c7e34e18ae0332a5d20567dca3015e02332b8f084958a90a6c0a
1016,20220521,15,26,28,34,41,42,44,11,68,2686,101583153000,1000,101583153,downloads/official-1-1237/raw/api-0023.json,a1482c798743c7e34e18ae0332a5d20567dca3015e02332b8f084958a90a6c0a
1017,20220528,12,18,22,23,30,34,32,7,70,2596,101382790000,1000,101382790,downloads/official-1-1237/raw/api-0023.json,a1482c798743c7e34e18ae0332a5d20567dca3015e02332b8f084958a90a6c0a
1018,20220604,3,19,21,25,37,45,35,2,62,2693,101151805000,1000,101151805,downloads/official-1-1237/raw/api-0022.json,a4fe8ea82c185a9dbf26e5bc4cf431c0ea6041cc994d7a8e6df5e3bec25c62fe
1019,20220611,1,4,13,17,34,39,6,50,75,5823,102804882000,1000,102804882,downloads/official-1-1237/raw/api-0022.json,a4fe8ea82c185a9dbf26e5bc4cf431c0ea6041cc994d7a8e6df5e3bec25c62fe
1020,20220618,12,27,29,38,41,45,6,13,77,2817,104996396000,1000,104996396,downloads/official-1-1237/raw/api-0022.json,a4fe8ea82c185a9dbf26e5bc4cf431c0ea6041cc994d7a8e6df5e3bec25c62fe
1021,20220625,12,15,17,24,29,45,16,12,56,2461,101960162000,1000,101960162,downloads/official-1-1237/raw/api-0022.json,a4fe8ea82c185a9dbf26e5bc4cf431c0ea6041cc994d7a8e6df5e3bec25c62fe
1022,20220702,5,6,11,29,42,45,28,5,63,2580,99233031000,1000,99233031,downloads/official-1-1237/raw/api-0022.json,a4fe8ea82c185a9dbf26e5bc4cf431c0ea6041cc994d7a8e6df5e3bec25c62fe
1023,20220709,10,14,16,18,29,35,25,9,72,2506,100399659000,1000,100399659,downloads/official-1-1237/raw/api-0022.json,a4fe8ea82c185a9dbf26e5bc4cf431c0ea6041cc994d7a8e6df5e3bec25c62fe
1024,20220716,9,18,20,22,38,44,10,8,63,2616,100081038000,1000,100081038,downloads/official-1-1237/raw/api-0022.json,a4fe8ea82c185a9dbf26e5bc4cf431c0ea6041cc994d7a8e6df5e3bec25c62fe
1025,20220723,8,9,20,25,29,33,7,4,69,2671,101318529000,1000,101318529,downloads/official-1-1237/raw/api-0022.json,a4fe8ea82c185a9dbf26e5bc4cf431c0ea6041cc994d7a8e6df5e3bec25c62fe
1026,20220730,5,12,13,31,32,41,34,15,76,2786,101556379000,1000,101556379,downloads/official-1-1237/raw/api-0022.json,a4fe8ea82c185a9dbf26e5bc4cf431c0ea6041cc994d7a8e6df5e3bec25c62fe
1027,20220806,14,16,27,35,39,45,5,10,83,2700,101195159000,1000,101195159,downloads/official-1-1237/raw/api-0022.json,a4fe8ea82c185a9dbf26e5bc4cf431c0ea6041cc994d7a8e6df5e3bec25c62fe
1028,20220813,5,7,12,13,18,35,23,20,91,2810,100613537000,1000,100613537,downloads/official-1-1237/raw/api-0021.json,719fb01575da9482953eefca100932740ba59df2303ea53da2615b0d205a80f1
1029,20220820,12,30,32,37,39,41,24,10,62,2614,101336312000,1000,101336312,downloads/official-1-1237/raw/api-0021.json,719fb01575da9482953eefca100932740ba59df2303ea53da2615b0d205a80f1
1030,20220827,2,5,11,17,24,29,9,19,104,3278,104899923000,1000,104899923,downloads/official-1-1237/raw/api-0021.json,719fb01575da9482953eefca100932740ba59df2303ea53da2615b0d205a80f1
1031,20220903,6,7,22,32,35,36,19,8,64,2789,104316078000,1000,104316078,downloads/official-1-1237/raw/api-0021.json,719fb01575da9482953eefca100932740ba59df2303ea53da2615b0d205a80f1
1032,20220910,1,6,12,19,36,42,28,10,90,3078,110907011000,1000,110907011,downloads/official-1-1237/raw/api-0021.json,719fb01575da9482953eefca100932740ba59df2303ea53da2615b0d205a80f1
1033,20220917,3,11,15,20,35,44,10,13,79,3083,104642258000,1000,104642258,downloads/official-1-1237/raw/api-0021.json,719fb01575da9482953eefca100932740ba59df2303ea53da2615b0d205a80f1
1034,20220924,26,31,32,33,38,40,11,9,66,2898,107150089000,1000,107150089,downloads/official-1-1237/raw/api-0021.json,719fb01575da9482953eefca100932740ba59df2303ea53da2615b0d205a80f1
1035,20221001,9,14,34,35,41,42,2,8,71,2848,106759523000,1000,106759523,downloads/official-1-1237/raw/api-0021.json,719fb01575da9482953eefca100932740ba59df2303ea53da2615b0d205a80f1
1036,20221008,2,5,22,32,34,45,39,9,64,2593,103753936000,1000,103753936,downloads/official-1-1237/raw/api-0021.json,719fb01575da9482953eefca100932740ba59df2303ea53da2615b0d205a80f1
1037,20221015,2,14,15,22,27,33,31,15,78,2713,104840173000,1000,104840173,downloads/official-1-1237/raw/api-0021.json,719fb01575da9482953eefca100932740ba59df2303ea53da2615b0d205a80f1
1038,20221022,7,16,24,27,37,44,2,15,77,3364,104932409000,1000,104932409,downloads/official-1-1237/raw/api-0020.json,ffb8c8070c33878dd9b08043c7ce769e65a3e90394723f88469e1ef813e12ef9
1039,20221029,2,3,6,19,36,39,26,16,80,2773,105259066000,1000,105259066,downloads/official-1-1237/raw/api-0020.json,ffb8c8070c33878dd9b08043c7ce769e65a3e90394723f88469e1ef813e12ef9
1040,20221105,8,16,26,29,31,36,11,7,63,2583,104007239000,1000,104007239,downloads/official-1-1237/raw/api-0020.json,ffb8c8070c33878dd9b08043c7ce769e65a3e90394723f88469e1ef813e12ef9
1041,20221112,6,7,9,11,17,18,45,25,85,3947,105301601000,1000,105301601,downloads/official-1-1237/raw/api-0020.json,ffb8c8070c33878dd9b08043c7ce769e65a3e90394723f88469e1ef813e12ef9
1042,20221119,5,14,15,23,34,43,4,20,100,3567,106510259000,1000,106510259,downloads/official-1-1237/raw/api-0020.json,ffb8c8070c33878dd9b08043c7ce769e65a3e90394723f88469e1ef813e12ef9
1043,20221126,3,5,12,22,26,31,19,17,86,3156,107045942000,1000,107045942,downloads/official-1-1237/raw/api-0020.json,ffb8c8070c33878dd9b08043c7ce769e65a3e90394723f88469e1ef813e12ef9
1044,20221203,12,17,20,26,28,36,4,8,72,2597,102891973000,1000,102891973,downloads/official-1-1237/raw/api-0020.json,ffb8c8070c33878dd9b08043c7ce769e65a3e90394723f88469e1ef813e12ef9
1045,20221210,6,14,15,19,21,41,37,13,67,2699,105380282000,1000,105380282,downloads/official-1-1237/raw/api-0020.json,ffb8c8070c33878dd9b08043c7ce769e65a3e90394723f88469e1ef813e12ef9
1046,20221217,7,16,25,29,35,36,28,12,57,2959,100923993000,1000,100923993,downloads/official-1-1237/raw/api-0020.json,ffb8c8070c33878dd9b08043c7ce769e65a3e90394723f88469e1ef813e12ef9
1047,20221224,2,20,33,40,42,44,32,9,83,2728,103058179000,1000,103058179,downloads/official-1-1237/raw/api-0020.json,ffb8c8070c33878dd9b08043c7ce769e65a3e90394723f88469e1ef813e12ef9
1048,20221231,6,12,17,21,32,39,30,17,102,3817,117323901000,1000,117323901,downloads/official-1-1237/raw/api-0019.json,4f67e30938104e80665d9840f2954fcaaa051d47cef99a6d7fe61c002049df4d
1049,20230107,3,5,13,20,21,37,17,15,89,2968,108444724000,1000,108444724,downloads/official-1-1237/raw/api-0019.json,4f67e30938104e80665d9840f2954fcaaa051d47cef99a6d7fe61c002049df4d
1050,20230114,6,12,31,35,38,43,17,17,70,2866,108072602000,1000,108072602,downloads/official-1-1237/raw/api-0019.json,4f67e30938104e80665d9840f2954fcaaa051d47cef99a6d7fe61c002049df4d
1051,20230121,21,26,30,32,33,35,44,18,70,2824,119243907000,1000,119243907,downloads/official-1-1237/raw/api-0019.json,4f67e30938104e80665d9840f2954fcaaa051d47cef99a6d7fe61c002049df4d
1052,20230128,5,17,26,27,35,38,1,11,108,2926,107565461000,1000,107565461,downloads/official-1-1237/raw/api-0019.json,4f67e30938104e80665d9840f2954fcaaa051d47cef99a6d7fe61c002049df4d
1053,20230204,22,26,29,30,34,45,15,7,64,2702,113721665000,1000,113721665,downloads/official-1-1237/raw/api-0019.json,4f67e30938104e80665d9840f2954fcaaa051d47cef99a6d7fe61c002049df4d
1054,20230211,14,19,27,28,30,45,33,9,66,2714,113660567000,1000,113660567,downloads/official-1-1237/raw/api-0019.json,4f67e30938104e80665d9840f2954fcaaa051d47cef99a6d7fe61c002049df4d
1055,20230218,4,7,12,14,22,33,31,11,92,3413,112488256000,1000,112488256,downloads/official-1-1237/raw/api-0019.json,4f67e30938104e80665d9840f2954fcaaa051d47cef99a6d7fe61c002049df4d
1056,20230225,13,20,24,32,36,45,29,14,81,3223,113279615000,1000,113279615,downloads/official-1-1237/raw/api-0019.json,4f67e30938104e80665d9840f2954fcaaa051d47cef99a6d7fe61c002049df4d
1057,20230304,8,13,19,27,40,45,12,17,664,2962,112523887000,1000,112523887,downloads/official-1-1237/raw/api-0019.json,4f67e30938104e80665d9840f2954fcaaa051d47cef99a6d7fe61c002049df4d
1058,20230311,11,23,25,30,32,40,42,13,60,3074,112041382000,1000,112041382,downloads/official-1-1237/raw/api-0018.json,ecaabd62f6bb72132bcbac86d7dbadc1b0f0a2697eeff1d979185244aefce627
1059,20230318,7,10,22,25,34,40,27,13,83,3127,110846824000,1000,110846824,downloads/official-1-1237/raw/api-0018.json,ecaabd62f6bb72132bcbac86d7dbadc1b0f0a2697eeff1d979185244aefce627
1060,20230325,3,10,24,33,38,45,36,28,96,4593,110677185000,1000,110677185,downloads/official-1-1237/raw/api-0018.json,ecaabd62f6bb72132bcbac86d7dbadc1b0f0a2697eeff1d979185244aefce627
1061,20230401,4,24,27,35,37,45,15,11,99,3003,109909344000,1000,109909344,downloads/official-1-1237/raw/api-0018.json,ecaabd62f6bb72132bcbac86d7dbadc1b0f0a2697eeff1d979185244aefce627
1062,20230408,20,31,32,40,41,45,12,7,68,2668,107109911000,1000,107109911,downloads/official-1-1237/raw/api-0018.json,ecaabd62f6bb72132bcbac86d7dbadc1b0f0a2697eeff1d979185244aefce627
1063,20230415,3,6,22,23,24,38,30,7,55,2706,108347135000,1000,108347135,downloads/official-1-1237/raw/api-0018.json,ecaabd62f6bb72132bcbac86d7dbadc1b0f0a2697eeff1d979185244aefce627
1064,20230422,3,6,9,18,22,35,14,19,62,3296,109427584000,1000,109427584,downloads/official-1-1237/raw/api-0018.json,ecaabd62f6bb72132bcbac86d7dbadc1b0f0a2697eeff1d979185244aefce627
1065,20230429,3,18,19,23,32,45,24,14,74,3117,108181727000,1000,108181727,downloads/official-1-1237/raw/api-0018.json,ecaabd62f6bb72132bcbac86d7dbadc1b0f0a2697eeff1d979185244aefce627
1066,20230506,6,11,16,19,21,32,45,15,88,3323,106440950000,1000,106440950,downloads/official-1-1237/raw/api-0018.json,ecaabd62f6bb72132bcbac86d7dbadc1b0f0a2697eeff1d979185244aefce627
1067,20230513,7,10,19,23,28,33,18,13,82,3679,110703299000,1000,110703299,downloads/official-1-1237/raw/api-0018.json,ecaabd62f6bb72132bcbac86d7dbadc1b0f0a2697eeff1d979185244aefce627
1068,20230520,4,7,19,26,33,35,3,19,87,3114,108988932000,1000,108988932,downloads/official-1-1237/raw/api-0017.json,247ef312361b1ff92ad8b807f947d3059976ce690045780425f03288beccf89a
1069,20230527,1,10,18,22,28,31,44,14,79,3006,108388892000,1000,108388892,downloads/official-1-1237/raw/api-0017.json,247ef312361b1ff92ad8b807f947d3059976ce690045780425f03288beccf89a
1070,20230603,3,6,14,22,30,41,36,14,63,2938,107222802000,1000,107222802,downloads/official-1-1237/raw/api-0017.json,247ef312361b1ff92ad8b807f947d3059976ce690045780425f03288beccf89a
1071,20230610,1,2,11,21,30,35,39,5,83,2891,107362630000,1000,107362630,downloads/official-1-1237/raw/api-0017.json,247ef312361b1ff92ad8b807f947d3059976ce690045780425f03288beccf89a
1072,20230617,16,18,20,23,32,43,27,12,93,2872,108156654000,1000,108156654,downloads/official-1-1237/raw/api-0017.json,247ef312361b1ff92ad8b807f947d3059976ce690045780425f03288beccf89a
1073,20230624,6,18,28,30,32,38,15,11,62,2994,107352123000,1000,107352123,downloads/official-1-1237/raw/api-0017.json,247ef312361b1ff92ad8b807f947d3059976ce690045780425f03288beccf89a
1074,20230701,1,6,20,27,28,41,15,12,78,2711,105744157000,1000,105744157,downloads/official-1-1237/raw/api-0017.json,247ef312361b1ff92ad8b807f947d3059976ce690045780425f03288beccf89a
1075,20230708,1,23,24,35,44,45,10,9,160,2750,105635232000,1000,105635232,downloads/official-1-1237/raw/api-0017.json,247ef312361b1ff92ad8b807f947d3059976ce690045780425f03288beccf89a
1076,20230715,3,7,9,33,36,37,10,9,86,3109,103168694000,1000,103168694,downloads/official-1-1237/raw/api-0017.json,247ef312361b1ff92ad8b807f947d3059976ce690045780425f03288beccf89a
1077,20230722,4,8,17,30,40,43,34,7,98,3235,105927489000,1000,105927489,downloads/official-1-1237/raw/api-0017.json,247ef312361b1ff92ad8b807f947d3059976ce690045780425f03288beccf89a
1078,20230729,6,10,11,14,36,38,43,12,77,2691,105407618000,1000,105407618,downloads/official-1-1237/raw/api-0016.json,b8be5691eb801f8daafc1c382fadf001e9c7e8b3e3219f165e1ee31b5a7baf0e
1079,20230805,4,8,18,24,37,45,6,9,85,3212,103120206000,1000,103120206,downloads/official-1-1237/raw/api-0016.json,b8be5691eb801f8daafc1c382fadf001e9c7e8b3e3219f165e1ee31b5a7baf0e
1080,20230812,13,16,23,31,36,44,38,7,82,2720,104111986000,1000,104111986,downloads/official-1-1237/raw/api-0016.json,b8be5691eb801f8daafc1c382fadf001e9c7e8b3e3219f165e1ee31b5a7baf0e
1081,20230819,1,9,16,23,24,38,17,11,92,2923,106974323000,1000,106974323,downloads/official-1-1237/raw/api-0016.json,b8be5691eb801f8daafc1c382fadf001e9c7e8b3e3219f165e1ee31b5a7baf0e
1082,20230826,21,26,27,32,34,42,31,7,62,2768,107566880000,1000,107566880,downloads/official-1-1237/raw/api-0016.json,b8be5691eb801f8daafc1c382fadf001e9c7e8b3e3219f165e1ee31b5a7baf0e
1083,20230902,3,7,14,15,22,38,17,15,72,3274,108995141000,1000,108995141,downloads/official-1-1237/raw/api-0016.json,b8be5691eb801f8daafc1c382fadf001e9c7e8b3e3219f165e1ee31b5a7baf0e
1084,20230909,8,12,13,29,33,42,5,15,107,3003,109818924000,1000,109818924,downloads/official-1-1237/raw/api-0016.json,b8be5691eb801f8daafc1c382fadf001e9c7e8b3e3219f165e1ee31b5a7baf0e
1085,20230916,4,7,17,18,38,44,36,23,80,3471,106249975000,1000,106249975,downloads/official-1-1237/raw/api-0016.json,b8be5691eb801f8daafc1c382fadf001e9c7e8b3e3219f165e1ee31b5a7baf0e
1086,20230923,11,16,25,27,35,36,37,17,67,3270,109250306000,1000,109250306,downloads/official-1-1237/raw/api-0016.json,b8be5691eb801f8daafc1c382fadf001e9c7e8b3e3219f165e1ee31b5a7baf0e
1087,20230930,13,14,18,21,34,44,16,16,71,2989,113960897000,1000,113960897,downloads/official-1-1237/raw/api-0016.json,b8be5691eb801f8daafc1c382fadf001e9c7e8b3e3219f165e1ee31b5a7baf0e
1088,20231007,11,21,22,30,39,44,31,11,94,2991,109089305000,1000,109089305,downloads/official-1-1237/raw/api-0015.json,0c0692eee889dc4323acbd678dc9c5d321921ebce004453a0aa7ba866c057704
1089,20231014,4,18,31,37,42,43,40,9,79,2825,108725932000,1000,108725932,downloads/official-1-1237/raw/api-0015.json,0c0692eee889dc4323acbd678dc9c5d321921ebce004453a0aa7ba866c057704
1090,20231021,12,19,21,29,40,45,1,11,88,2931,108364862000,1000,108364862,downloads/official-1-1237/raw/api-0015.json,0c0692eee889dc4323acbd678dc9c5d321921ebce004453a0aa7ba866c057704
1091,20231028,6,20,23,24,28,30,44,9,65,2873,109335581000,1000,109335581,downloads/official-1-1237/raw/api-0015.json,0c0692eee889dc4323acbd678dc9c5d321921ebce004453a0aa7ba866c057704
1092,20231104,7,18,19,26,33,45,37,16,84,3327,108970510000,1000,108970510,downloads/official-1-1237/raw/api-0015.json,0c0692eee889dc4323acbd678dc9c5d321921ebce004453a0aa7ba866c057704
1093,20231111,10,17,22,30,35,43,44,13,65,2928,105589036000,1000,105589036,downloads/official-1-1237/raw/api-0015.json,0c0692eee889dc4323acbd678dc9c5d321921ebce004453a0aa7ba866c057704
1094,20231118,6,7,15,22,26,40,41,12,87,2725,104078823000,1000,104078823,downloads/official-1-1237/raw/api-0015.json,0c0692eee889dc4323acbd678dc9c5d321921ebce004453a0aa7ba866c057704
1095,20231125,8,14,28,29,34,40,12,10,57,2584,106160572000,1000,106160572,downloads/official-1-1237/raw/api-0015.json,0c0692eee889dc4323acbd678dc9c5d321921ebce004453a0aa7ba866c057704
1096,20231202,1,12,16,19,23,43,34,10,85,2924,105753078000,1000,105753078,downloads/official-1-1237/raw/api-0015.json,0c0692eee889dc4323acbd678dc9c5d321921ebce004453a0aa7ba866c057704
1097,20231209,14,33,34,35,37,40,4,7,67,2631,108873101000,1000,108873101,downloads/official-1-1237/raw/api-0015.json,0c0692eee889dc4323acbd678dc9c5d321921ebce004453a0aa7ba866c057704
1098,20231216,12,16,21,24,41,43,15,13,68,2840,103850339000,1000,103850339,downloads/official-1-1237/raw/api-0014.json,d8e8dd4376166899c89b5cf3652e9949df239a1df7fd3196d60afad276c7a628
1099,20231223,3,20,28,38,40,43,4,9,71,2701,107510729000,1000,107510729,downloads/official-1-1237/raw/api-0014.json,d8e8dd4376166899c89b5cf3652e9949df239a1df7fd3196d60afad276c7a628
1100,20231230,17,26,29,30,31,43,12,13,81,2869,116187023000,1000,116187023,downloads/official-1-1237/raw/api-0014.json,d8e8dd4376166899c89b5cf3652e9949df239a1df7fd3196d60afad276c7a628
1101,20240106,6,7,13,28,36,42,41,13,75,3363,114758876000,1000,114758876,downloads/official-1-1237/raw/api-0014.json,d8e8dd4376166899c89b5cf3652e9949df239a1df7fd3196d60afad276c7a628
1102,20240113,13,14,22,26,37,38,20,20,63,3042,113178102000,1000,113178102,downloads/official-1-1237/raw/api-0014.json,d8e8dd4376166899c89b5cf3652e9949df239a1df7fd3196d60afad276c7a628
1103,20240120,10,12,29,31,40,44,2,17,76,2909,110195070000,1000,110195070,downloads/official-1-1237/raw/api-0014.json,d8e8dd4376166899c89b5cf3652e9949df239a1df7fd3196d60afad276c7a628
1104,20240127,1,7,21,30,35,38,2,15,76,3000,112449384000,1000,112449384,downloads/official-1-1237/raw/api-0014.json,d8e8dd4376166899c89b5cf3652e9949df239a1df7fd3196d60afad276c7a628
1105,20240203,6,16,34,37,39,40,11,15,83,2898,113295292000,1000,113295292,downloads/official-1-1237/raw/api-0014.json,d8e8dd4376166899c89b5cf3652e9949df239a1df7fd3196d60afad276c7a628
1106,20240210,1,3,4,29,42,45,36,11,67,3374,126617296000,1000,126617296,downloads/official-1-1237/raw/api-0014.json,d8e8dd4376166899c89b5cf3652e9949df239a1df7fd3196d60afad276c7a628
1107,20240217,6,14,30,31,40,41,29,14,82,3357,117664962000,1000,117664962,downloads/official-1-1237/raw/api-0014.json,d8e8dd4376166899c89b5cf3652e9949df239a1df7fd3196d60afad276c7a628
1108,20240224,7,19,26,37,39,44,27,14,96,3227,114578905000,1000,114578905,downloads/official-1-1237/raw/api-0013.json,02fb59919b32546234d15e4033117a9fae4674f2024d718960c7deb8b2012469
1109,20240302,10,12,13,19,33,40,2,17,84,3347,117196327000,1000,117196327,downloads/official-1-1237/raw/api-0013.json,02fb59919b32546234d15e4033117a9fae4674f2024d718960c7deb8b2012469
1110,20240309,3,7,11,20,22,41,24,16,118,3654,115083786000,1000,115083786,downloads/official-1-1237/raw/api-0013.json,02fb59919b32546234d15e4033117a9fae4674f2024d718960c7deb8b2012469
1111,20240316,3,13,30,33,43,45,4,16,97,5096,116382835000,1000,116382835,downloads/official-1-1237/raw/api-0013.json,02fb59919b32546234d15e4033117a9fae4674f2024d718960c7deb8b2012469
1112,20240323,16,20,26,36,42,44,24,10,59,3077,114216084000,1000,114216084,downloads/official-1-1237/raw/api-0013.json,02fb59919b32546234d15e4033117a9fae4674f2024d718960c7deb8b2012469
1113,20240330,11,13,20,21,32,44,8,14,57,2936,113342318000,1000,113342318,downloads/official-1-1237/raw/api-0013.json,02fb59919b32546234d15e4033117a9fae4674f2024d718960c7deb8b2012469
1114,20240406,10,16,19,32,33,38,3,17,88,3221,113597890000,1000,113597890,downloads/official-1-1237/raw/api-0013.json,02fb59919b32546234d15e4033117a9fae4674f2024d718960c7deb8b2012469
1115,20240413,7,12,23,32,34,36,8,12,60,3103,113939215000,1000,113939215,downloads/official-1-1237/raw/api-0013.json,02fb59919b32546234d15e4033117a9fae4674f2024d718960c7deb8b2012469
1116,20240420,15,16,17,25,30,31,32,10,114,2896,110862553000,1000,110862553,downloads/official-1-1237/raw/api-0013.json,02fb59919b32546234d15e4033117a9fae4674f2024d718960c7deb8b2012469
1117,20240427,3,4,9,30,33,36,7,9,94,3161,113895333000,1000,113895333,downloads/official-1-1237/raw/api-0013.json,02fb59919b32546234d15e4033117a9fae4674f2024d718960c7deb8b2012469
1118,20240504,11,13,14,15,16,45,3,19,72,3518,113727120000,1000,113727120,downloads/official-1-1237/raw/api-0012.json,3098f67653a713b0d231e0cc8b944055e3479cd26bdf12cd6ce1332b56cb9911
1119,20240511,1,9,12,13,20,45,3,19,97,3108,111840714000,1000,111840714,downloads/official-1-1237/raw/api-0012.json,3098f67653a713b0d231e0cc8b944055e3479cd26bdf12cd6ce1332b56cb9911
1120,20240518,2,19,26,31,38,41,34,11,91,3049,114804359000,1000,114804359,downloads/official-1-1237/raw/api-0012.json,3098f67653a713b0d231e0cc8b944055e3479cd26bdf12cd6ce1332b56cb9911
1121,20240525,6,24,31,32,38,44,8,11,76,2956,113898519000,1000,113898519,downloads/official-1-1237/raw/api-0012.json,3098f67653a713b0d231e0cc8b944055e3479cd26bdf12cd6ce1332b56cb9911
1122,20240601,3,6,21,30,34,35,22,11,99,2932,115540004000,1000,115540004,downloads/official-1-1237/raw/api-0012.json,3098f67653a713b0d231e0cc8b944055e3479cd26bdf12cd6ce1332b56cb9911
1123,20240608,13,19,21,24,34,35,26,16,77,2945,113142957000,1000,113142957,downloads/official-1-1237/raw/api-0012.json,3098f67653a713b0d231e0cc8b944055e3479cd26bdf12cd6ce1332b56cb9911
1124,20240615,3,8,17,30,33,34,28,10,87,3123,112014841000,1000,112014841,downloads/official-1-1237/raw/api-0012.json,3098f67653a713b0d231e0cc8b944055e3479cd26bdf12cd6ce1332b56cb9911
1125,20240622,6,14,25,33,40,44,30,12,78,3066,109407294000,1000,109407294,downloads/official-1-1237/raw/api-0012.json,3098f67653a713b0d231e0cc8b944055e3479cd26bdf12cd6ce1332b56cb9911
1126,20240629,4,5,9,11,37,40,7,11,91,3114,111998191000,1000,111998191,downloads/official-1-1237/raw/api-0012.json,3098f67653a713b0d231e0cc8b944055e3479cd26bdf12cd6ce1332b56cb9911
1127,20240706,10,15,24,30,31,37,32,12,84,3007,111571373000,1000,111571373,downloads/official-1-1237/raw/api-0012.json,3098f67653a713b0d231e0cc8b944055e3479cd26bdf12cd6ce1332b56cb9911
1128,20240713,1,5,8,16,28,33,45,63,77,2987,111364194000,1000,111364194,downloads/official-1-1237/raw/api-0011.json,b99a3bd0cd096165ff7f4974d4eddd5f4b0a1397f89ddaadea5211cfb54a01f6
1129,20240720,5,10,11,17,28,34,22,11,107,3142,110363498000,1000,110363498,downloads/official-1-1237/raw/api-0011.json,b99a3bd0cd096165ff7f4974d4eddd5f4b0a1397f89ddaadea5211cfb54a01f6
1130,20240727,15,19,21,25,27,28,40,12,69,2900,109515089000,1000,109515089,downloads/official-1-1237/raw/api-0011.json,b99a3bd0cd096165ff7f4974d4eddd5f4b0a1397f89ddaadea5211cfb54a01f6
1131,20240803,1,2,6,14,27,38,33,17,56,2861,109120798000,1000,109120798,downloads/official-1-1237/raw/api-0011.json,b99a3bd0cd096165ff7f4974d4eddd5f4b0a1397f89ddaadea5211cfb54a01f6
1132,20240810,6,7,19,28,34,41,5,11,73,3086,110018123000,1000,110018123,downloads/official-1-1237/raw/api-0011.json,b99a3bd0cd096165ff7f4974d4eddd5f4b0a1397f89ddaadea5211cfb54a01f6
1133,20240817,13,14,20,28,29,34,23,13,73,2737,111210839000,1000,111210839,downloads/official-1-1237/raw/api-0011.json,b99a3bd0cd096165ff7f4974d4eddd5f4b0a1397f89ddaadea5211cfb54a01f6
1134,20240824,3,7,9,13,19,24,23,14,97,3961,111660087000,1000,111660087,downloads/official-1-1237/raw/api-0011.json,b99a3bd0cd096165ff7f4974d4eddd5f4b0a1397f89ddaadea5211cfb54a01f6
1135,20240831,1,6,13,19,21,33,4,9,91,3417,113817137000,1000,113817137,downloads/official-1-1237/raw/api-0011.json,b99a3bd0cd096165ff7f4974d4eddd5f4b0a1397f89ddaadea5211cfb54a01f6
1136,20240907,21,33,35,38,42,44,1,12,75,2906,113031911000,1000,113031911,downloads/official-1-1237/raw/api-0011.json,b99a3bd0cd096165ff7f4974d4eddd5f4b0a1397f89ddaadea5211cfb54a01f6
1137,20240914,4,9,12,15,33,45,26,14,111,3323,119250007000,1000,119250007,downloads/official-1-1237/raw/api-0011.json,b99a3bd0cd096165ff7f4974d4eddd5f4b0a1397f89ddaadea5211cfb54a01f6
1138,20240921,14,16,19,20,29,34,35,14,50,2865,109651510000,1000,109651510,downloads/official-1-1237/raw/api-0010.json,52019b2093b9ab9be4fd0d3dabf435bf14fd6529449a3aeabe7185b59716acb8
1139,20240928,5,12,15,30,37,40,18,13,75,3240,117915887000,1000,117915887,downloads/official-1-1237/raw/api-0010.json,52019b2093b9ab9be4fd0d3dabf435bf14fd6529449a3aeabe7185b59716acb8
1140,20241005,7,10,22,29,31,38,15,12,83,3345,115238556000,1000,115238556,downloads/official-1-1237/raw/api-0010.json,52019b2093b9ab9be4fd0d3dabf435bf14fd6529449a3aeabe7185b59716acb8
1141,20241012,7,11,12,21,26,35,20,11,100,3371,115803173000,1000,115803173,downloads/official-1-1237/raw/api-0010.json,52019b2093b9ab9be4fd0d3dabf435bf14fd6529449a3aeabe7185b59716acb8
1142,20241019,2,8,28,30,37,41,22,9,67,2841,114254355000,1000,114254355,downloads/official-1-1237/raw/api-0010.json,52019b2093b9ab9be4fd0d3dabf435bf14fd6529449a3aeabe7185b59716acb8
1143,20241026,10,16,17,27,28,36,6,11,90,3154,116432896000,1000,116432896,downloads/official-1-1237/raw/api-0010.json,52019b2093b9ab9be4fd0d3dabf435bf14fd6529449a3aeabe7185b59716acb8
1144,20241102,3,4,12,15,26,34,6,18,94,3626,116378514000,1000,116378514,downloads/official-1-1237/raw/api-0010.json,52019b2093b9ab9be4fd0d3dabf435bf14fd6529449a3aeabe7185b59716acb8
1145,20241109,2,11,31,33,37,44,32,9,63,3312,116115162000,1000,116115162,downloads/official-1-1237/raw/api-0010.json,52019b2093b9ab9be4fd0d3dabf435bf14fd6529449a3aeabe7185b59716acb8
1146,20241116,6,11,17,19,40,43,28,11,72,3030,116694743000,1000,116694743,downloads/official-1-1237/raw/api-0010.json,52019b2093b9ab9be4fd0d3dabf435bf14fd6529449a3aeabe7185b59716acb8
1147,20241123,7,11,24,26,27,37,32,8,83,3588,115707061000,1000,115707061,downloads/official-1-1237/raw/api-0010.json,52019b2093b9ab9be4fd0d3dabf435bf14fd6529449a3aeabe7185b59716acb8
1148,20241130,3,6,13,15,16,22,32,13,97,3082,113188640000,1000,113188640,downloads/official-1-1237/raw/api-0009.json,6546096d96e1f092065c4258be50cf3cb20383dd5de702428a0bd292869274a9
1149,20241207,8,15,19,21,32,36,38,17,74,2924,112146718000,1000,112146718,downloads/official-1-1237/raw/api-0009.json,6546096d96e1f092065c4258be50cf3cb20383dd5de702428a0bd292869274a9
1150,20241214,8,9,18,35,39,45,25,17,226,3413,114152034000,1000,114152034,downloads/official-1-1237/raw/api-0009.json,6546096d96e1f092065c4258be50cf3cb20383dd5de702428a0bd292869274a9
1151,20241221,2,3,9,15,27,29,8,17,102,3351,116118444000,1000,116118444,downloads/official-1-1237/raw/api-0009.json,6546096d96e1f092065c4258be50cf3cb20383dd5de702428a0bd292869274a9
1152,20241228,30,31,32,35,36,37,5,35,79,3354,120703009000,1000,120703009,downloads/official-1-1237/raw/api-0009.json,6546096d96e1f092065c4258be50cf3cb20383dd5de702428a0bd292869274a9
1153,20250104,1,9,10,13,35,44,5,15,79,3506,126343367000,1000,126343367,downloads/official-1-1237/raw/api-0009.json,6546096d96e1f092065c4258be50cf3cb20383dd5de702428a0bd292869274a9
1154,20250111,4,8,22,26,32,38,27,15,62,3190,115268257000,1000,115268257,downloads/official-1-1237/raw/api-0009.json,6546096d96e1f092065c4258be50cf3cb20383dd5de702428a0bd292869274a9
1155,20250118,10,16,19,27,37,38,13,7,78,3171,118482730000,1000,118482730,downloads/official-1-1237/raw/api-0009.json,6546096d96e1f092065c4258be50cf3cb20383dd5de702428a0bd292869274a9
1156,20250125,30,31,34,39,41,45,7,21,73,3494,127643987000,1000,127643987,downloads/official-1-1237/raw/api-0009.json,6546096d96e1f092065c4258be50cf3cb20383dd5de702428a0bd292869274a9
1157,20250201,5,7,12,20,25,26,28,12,141,4549,123443439000,1000,123443439,downloads/official-1-1237/raw/api-0009.json,6546096d96e1f092065c4258be50cf3cb20383dd5de702428a0bd292869274a9
1158,20250208,21,25,27,32,37,38,20,21,86,3032,119706159000,1000,119706159,downloads/official-1-1237/raw/api-0008.json,7cfb909e994f877f4c434092b561dc84f38aaebe1eb4ba05fe7a62b50e00eaec
1159,20250215,3,9,27,28,38,39,7,23,110,3742,124802304000,1000,124802304,downloads/official-1-1237/raw/api-0008.json,7cfb909e994f877f4c434092b561dc84f38aaebe1eb4ba05fe7a62b50e00eaec
1160,20250222,7,13,18,36,39,45,19,12,84,3176,123177536000,1000,123177536,downloads/official-1-1237/raw/api-0008.json,7cfb909e994f877f4c434092b561dc84f38aaebe1eb4ba05fe7a62b50e00eaec
1161,20250301,2,12,20,24,34,42,37,16,117,4107,123230590000,1000,123230590,downloads/official-1-1237/raw/api-0008.json,7cfb909e994f877f4c434092b561dc84f38aaebe1eb4ba05fe7a62b50e00eaec
1162,20250308,20,21,22,25,28,29,6,36,78,4752,120578328000,1000,120578328,downloads/official-1-1237/raw/api-0008.json,7cfb909e994f877f4c434092b561dc84f38aaebe1eb4ba05fe7a62b50e00eaec
1163,20250315,2,13,15,16,33,43,4,15,75,3386,122246316000,1000,122246316,downloads/official-1-1237/raw/api-0008.json,7cfb909e994f877f4c434092b561dc84f38aaebe1eb4ba05fe7a62b50e00eaec
1164,20250322,17,18,23,25,38,39,22,13,76,3470,121102645000,1000,121102645,downloads/official-1-1237/raw/api-0008.json,7cfb909e994f877f4c434092b561dc84f38aaebe1eb4ba05fe7a62b50e00eaec
1165,20250329,6,7,27,29,38,45,17,13,91,3173,118112106000,1000,118112106,downloads/official-1-1237/raw/api-0008.json,7cfb909e994f877f4c434092b561dc84f38aaebe1eb4ba05fe7a62b50e00eaec
1166,20250405,14,23,25,27,29,42,16,14,80,2803,116717661000,1000,116717661,downloads/official-1-1237/raw/api-0008.json,7cfb909e994f877f4c434092b561dc84f38aaebe1eb4ba05fe7a62b50e00eaec
1167,20250412,8,23,31,35,39,40,24,10,69,2942,118762131000,1000,118762131,downloads/official-1-1237/raw/api-0008.json,7cfb909e994f877f4c434092b561dc84f38aaebe1eb4ba05fe7a62b50e00eaec
1168,20250419,9,21,24,30,33,37,29,13,74,3514,117811795000,1000,117811795,downloads/official-1-1237/raw/api-0007.json,03b5974dae3ff96637a1aa3f9ad05b65d5878bb34aea30b9eae3ce6e1e68dc1a
1169,20250426,5,12,24,26,39,42,20,10,112,3244,118803195000,1000,118803195,downloads/official-1-1237/raw/api-0007.json,03b5974dae3ff96637a1aa3f9ad05b65d5878bb34aea30b9eae3ce6e1e68dc1a
1170,20250503,3,13,28,34,38,42,25,20,103,5668,116709995000,1000,116709995,downloads/official-1-1237/raw/api-0007.json,03b5974dae3ff96637a1aa3f9ad05b65d5878bb34aea30b9eae3ce6e1e68dc1a
1171,20250510,3,6,7,11,12,17,19,21,148,5317,115285696000,1000,115285696,downloads/official-1-1237/raw/api-0007.json,03b5974dae3ff96637a1aa3f9ad05b65d5878bb34aea30b9eae3ce6e1e68dc1a
1172,20250517,7,9,24,40,42,44,45,13,98,3059,117565241000,1000,117565241,downloads/official-1-1237/raw/api-0007.json,03b5974dae3ff96637a1aa3f9ad05b65d5878bb34aea30b9eae3ce6e1e68dc1a
1173,20250524,1,5,18,20,30,35,3,24,94,3139,118782668000,1000,118782668,downloads/official-1-1237/raw/api-0007.json,03b5974dae3ff96637a1aa3f9ad05b65d5878bb34aea30b9eae3ce6e1e68dc1a
1174,20250531,8,11,14,17,36,39,22,15,85,3196,119020467000,1000,119020467,downloads/official-1-1237/raw/api-0007.json,03b5974dae3ff96637a1aa3f9ad05b65d5878bb34aea30b9eae3ce6e1e68dc1a
1175,20250607,3,4,6,8,32,42,31,20,92,3178,117488305000,1000,117488305,downloads/official-1-1237/raw/api-0007.json,03b5974dae3ff96637a1aa3f9ad05b65d5878bb34aea30b9eae3ce6e1e68dc1a
1176,20250614,7,9,11,21,30,35,29,13,89,3533,115765450000,1000,115765450,downloads/official-1-1237/raw/api-0007.json,03b5974dae3ff96637a1aa3f9ad05b65d5878bb34aea30b9eae3ce6e1e68dc1a
1177,20250621,3,7,15,16,19,43,21,6,75,3111,115411832000,1000,115411832,downloads/official-1-1237/raw/api-0007.json,03b5974dae3ff96637a1aa3f9ad05b65d5878bb34aea30b9eae3ce6e1e68dc1a
1178,20250628,5,6,11,27,43,44,17,12,89,3061,118774279000,1000,118774279,downloads/official-1-1237/raw/api-0006.json,27f5bf6e444f82bc534b60341b739daed621294b66119f5b1650e02e57742719
1179,20250705,3,16,18,24,40,44,21,13,63,2989,115024678000,1000,115024678,downloads/official-1-1237/raw/api-0006.json,27f5bf6e444f82bc534b60341b739daed621294b66119f5b1650e02e57742719
1180,20250712,6,12,18,37,40,41,3,11,72,3010,115377965000,1000,115377965,downloads/official-1-1237/raw/api-0006.json,27f5bf6e444f82bc534b60341b739daed621294b66119f5b1650e02e57742719
1181,20250719,8,10,14,20,33,41,28,17,86,3109,113802682000,1000,113802682,downloads/official-1-1237/raw/api-0006.json,27f5bf6e444f82bc534b60341b739daed621294b66119f5b1650e02e57742719
1182,20250726,1,13,21,25,28,31,22,13,79,3015,115431308000,1000,115431308,downloads/official-1-1237/raw/api-0006.json,27f5bf6e444f82bc534b60341b739daed621294b66119f5b1650e02e57742719
1183,20250802,4,15,17,23,27,36,31,13,92,3623,115605968000,1000,115605968,downloads/official-1-1237/raw/api-0006.json,27f5bf6e444f82bc534b60341b739daed621294b66119f5b1650e02e57742719
1184,20250809,14,16,23,25,31,37,42,15,95,3115,117748924000,1000,117748924,downloads/official-1-1237/raw/api-0006.json,27f5bf6e444f82bc534b60341b739daed621294b66119f5b1650e02e57742719
1185,20250816,6,17,22,28,29,32,38,12,79,2903,117480804000,1000,117480804,downloads/official-1-1237/raw/api-0006.json,27f5bf6e444f82bc534b60341b739daed621294b66119f5b1650e02e57742719
1186,20250823,2,8,13,16,23,28,35,14,89,3226,116690738000,1000,116690738,downloads/official-1-1237/raw/api-0006.json,27f5bf6e444f82bc534b60341b739daed621294b66119f5b1650e02e57742719
1187,20250830,5,13,26,29,37,40,42,11,79,3147,117650847000,1000,117650847,downloads/official-1-1237/raw/api-0006.json,27f5bf6e444f82bc534b60341b739daed621294b66119f5b1650e02e57742719
1188,20250906,3,4,12,19,22,27,9,24,111,3713,116617971000,1000,116617971,downloads/official-1-1237/raw/api-0005.json,cbd7f91aacf1675f320395f5504a6d5571cb0448f92cf6c8bb4b43af256e4b07
1189,20250913,9,19,29,35,37,38,31,13,167,3121,119484685000,1000,119484685,downloads/official-1-1237/raw/api-0005.json,cbd7f91aacf1675f320395f5504a6d5571cb0448f92cf6c8bb4b43af256e4b07
1190,20250920,7,9,19,23,26,45,33,6,113,3293,118368861000,1000,118368861,downloads/official-1-1237/raw/api-0005.json,cbd7f91aacf1675f320395f5504a6d5571cb0448f92cf6c8bb4b43af256e4b07
1191,20250927,1,4,11,12,20,41,2,18,132,3649,121272809000,1000,121272809,downloads/official-1-1237/raw/api-0005.json,cbd7f91aacf1675f320395f5504a6d5571cb0448f92cf6c8bb4b43af256e4b07
1192,20251004,10,16,23,36,39,40,11,29,95,3476,129050196000,1000,129050196,downloads/official-1-1237/raw/api-0005.json,cbd7f91aacf1675f320395f5504a6d5571cb0448f92cf6c8bb4b43af256e4b07
1193,20251011,6,9,16,19,24,28,17,16,84,3635,118676603000,1000,118676603,downloads/official-1-1237/raw/api-0005.json,cbd7f91aacf1675f320395f5504a6d5571cb0448f92cf6c8bb4b43af256e4b07
1194,20251018,3,13,15,24,33,37,2,28,99,5442,121085706000,1000,121085706,downloads/official-1-1237/raw/api-0005.json,cbd7f91aacf1675f320395f5504a6d5571cb0448f92cf6c8bb4b43af256e4b07
1195,20251025,3,15,27,33,34,36,37,10,86,3337,122918013000,1000,122918013,downloads/official-1-1237/raw/api-0005.json,cbd7f91aacf1675f320395f5504a6d5571cb0448f92cf6c8bb4b43af256e4b07
1196,20251101,8,12,15,29,40,45,14,15,94,2837,121645432000,1000,121645432,downloads/official-1-1237/raw/api-0005.json,cbd7f91aacf1675f320395f5504a6d5571cb0448f92cf6c8bb4b43af256e4b07
1197,20251108,1,5,7,26,28,43,30,13,74,3087,120244434000,1000,120244434,downloads/official-1-1237/raw/api-0005.json,cbd7f91aacf1675f320395f5504a6d5571cb0448f92cf6c8bb4b43af256e4b07
1198,20251115,26,30,33,38,39,41,21,10,78,3110,120207517000,1000,120207517,downloads/official-1-1237/raw/api-0004.json,92505786aac052490217f6f78b0decb3055b96f5f257e7b6a22f1d11d389f05a
1199,20251122,16,24,25,30,31,32,7,17,75,3504,118624796000,1000,118624796,downloads/official-1-1237/raw/api-0004.json,92505786aac052490217f6f78b0decb3055b96f5f257e7b6a22f1d11d389f05a
1200,20251129,1,2,4,16,20,32,45,12,80,3584,118339596000,1000,118339596,downloads/official-1-1237/raw/api-0004.json,92505786aac052490217f6f78b0decb3055b96f5f257e7b6a22f1d11d389f05a
1201,20251206,7,9,24,27,35,36,37,19,84,3321,115389593000,1000,115389593,downloads/official-1-1237/raw/api-0004.json,92505786aac052490217f6f78b0decb3055b96f5f257e7b6a22f1d11d389f05a
1202,20251213,5,12,21,33,37,40,7,14,109,3764,116954237000,1000,116954237,downloads/official-1-1237/raw/api-0004.json,92505786aac052490217f6f78b0decb3055b96f5f257e7b6a22f1d11d389f05a
1203,20251220,3,6,18,29,35,39,24,21,118,3588,121655631000,1000,121655631,downloads/official-1-1237/raw/api-0004.json,92505786aac052490217f6f78b0decb3055b96f5f257e7b6a22f1d11d389f05a
1204,20251227,8,16,28,30,31,44,27,18,95,3361,123758619000,1000,123758619,downloads/official-1-1237/raw/api-0004.json,92505786aac052490217f6f78b0decb3055b96f5f257e7b6a22f1d11d389f05a
1205,20260103,1,4,16,23,31,41,2,10,97,3486,132670747000,1000,132670747,downloads/official-1-1237/raw/api-0004.json,92505786aac052490217f6f78b0decb3055b96f5f257e7b6a22f1d11d389f05a
1206,20260110,1,3,17,26,27,42,23,15,74,3329,121012690000,1000,121012690,downloads/official-1-1237/raw/api-0004.json,92505786aac052490217f6f78b0decb3055b96f5f257e7b6a22f1d11d389f05a
1207,20260117,10,22,24,27,38,45,11,17,86,3365,122934287000,1000,122934287,downloads/official-1-1237/raw/api-0004.json,92505786aac052490217f6f78b0decb3055b96f5f257e7b6a22f1d11d389f05a
1208,20260124,6,27,30,36,38,42,25,6,68,2932,120408668000,1000,120408668,downloads/official-1-1237/raw/api-0003.json,8f592a3a0c190f95db2f0a4b8984f07dd7651dbc977961cccb13279894f8faba
1209,20260131,2,17,20,35,37,39,24,22,73,3141,124040394000,1000,124040394,downloads/official-1-1237/raw/api-0003.json,8f592a3a0c190f95db2f0a4b8984f07dd7651dbc977961cccb13279894f8faba
1210,20260207,1,7,9,17,27,38,31,24,153,4649,123111058000,1000,123111058,downloads/official-1-1237/raw/api-0003.json,8f592a3a0c190f95db2f0a4b8984f07dd7651dbc977961cccb13279894f8faba
1211,20260214,23,26,27,35,38,40,10,14,86,3332,134945802000,1000,134945802,downloads/official-1-1237/raw/api-0003.json,8f592a3a0c190f95db2f0a4b8984f07dd7651dbc977961cccb13279894f8faba
1212,20260221,5,8,25,31,41,44,45,12,79,3482,131727929000,1000,131727929,downloads/official-1-1237/raw/api-0003.json,8f592a3a0c190f95db2f0a4b8984f07dd7651dbc977961cccb13279894f8faba
1213,20260228,5,11,25,27,36,38,2,18,110,3724,131111079000,1000,131111079,downloads/official-1-1237/raw/api-0003.json,8f592a3a0c190f95db2f0a4b8984f07dd7651dbc977961cccb13279894f8faba
1214,20260307,10,15,19,27,30,33,14,12,99,3618,124815860000,1000,124815860,downloads/official-1-1237/raw/api-0003.json,8f592a3a0c190f95db2f0a4b8984f07dd7651dbc977961cccb13279894f8faba
1215,20260314,13,15,19,21,44,45,39,16,76,3120,126977101000,1000,126977101,downloads/official-1-1237/raw/api-0003.json,8f592a3a0c190f95db2f0a4b8984f07dd7651dbc977961cccb13279894f8faba
1216,20260321,3,10,14,15,23,24,25,14,87,3181,125556526000,1000,125556526,downloads/official-1-1237/raw/api-0003.json,8f592a3a0c190f95db2f0a4b8984f07dd7651dbc977961cccb13279894f8faba
1217,20260328,8,10,15,20,29,31,41,14,85,3344,125155256000,1000,125155256,downloads/official-1-1237/raw/api-0003.json,8f592a3a0c190f95db2f0a4b8984f07dd7651dbc977961cccb13279894f8faba
1218,20260404,3,28,31,32,42,45,25,18,80,2889,123335928000,1000,123335928,downloads/official-1-1237/raw/api-0002.json,38af0a692f47dd0e0f877f0755838efb112a45ca8056c4a3c50ec9de6e1f6109
1219,20260411,1,2,15,28,39,45,31,12,77,3079,120945801000,1000,120945801,downloads/official-1-1237/raw/api-0002.json,38af0a692f47dd0e0f877f0755838efb112a45ca8056c4a3c50ec9de6e1f6109
1220,20260418,2,22,25,28,34,43,16,14,85,3192,121958822000,1000,121958822,downloads/official-1-1237/raw/api-0002.json,38af0a692f47dd0e0f877f0755838efb112a45ca8056c4a3c50ec9de6e1f6109
1221,20260425,6,13,18,28,30,36,9,16,96,3465,122979623000,1000,122979623,downloads/official-1-1237/raw/api-0002.json,38af0a692f47dd0e0f877f0755838efb112a45ca8056c4a3c50ec9de6e1f6109
1222,20260502,4,11,17,22,32,41,34,24,115,4081,124243558000,1000,124243558,downloads/official-1-1237/raw/api-0002.json,38af0a692f47dd0e0f877f0755838efb112a45ca8056c4a3c50ec9de6e1f6109
1223,20260509,16,18,20,32,33,39,26,16,103,3481,122621163000,1000,122621163,downloads/official-1-1237/raw/api-0002.json,38af0a692f47dd0e0f877f0755838efb112a45ca8056c4a3c50ec9de6e1f6109
1224,20260516,9,18,21,27,44,45,28,12,70,3373,121110408000,1000,121110408,downloads/official-1-1237/raw/api-0002.json,38af0a692f47dd0e0f877f0755838efb112a45ca8056c4a3c50ec9de6e1f6109
1225,20260523,8,9,19,25,41,42,33,13,76,3333,120402887000,1000,120402887,downloads/official-1-1237/raw/api-0002.json,38af0a692f47dd0e0f877f0755838efb112a45ca8056c4a3c50ec9de6e1f6109
1226,20260530,4,6,13,17,26,28,41,10,75,3557,120259943000,1000,120259943,downloads/official-1-1237/raw/api-0002.json,38af0a692f47dd0e0f877f0755838efb112a45ca8056c4a3c50ec9de6e1f6109
1227,20260606,1,14,16,34,41,44,13,11,70,3042,118882558000,1000,118882558,downloads/official-1-1237/raw/api-0002.json,38af0a692f47dd0e0f877f0755838efb112a45ca8056c4a3c50ec9de6e1f6109
1228,20260613,24,29,30,31,35,44,1,11,83,2836,119052273000,1000,119052273,downloads/official-1-1237/raw/api-0001.json,50f487e857b6b45f4dcf591facf710dc0a71c0d6c5ee50de2db956b4fd658471
1229,20260620,12,13,29,34,37,42,16,8,89,2925,116155532000,1000,116155532,downloads/official-1-1237/raw/api-0001.json,50f487e857b6b45f4dcf591facf710dc0a71c0d6c5ee50de2db956b4fd658471
1230,20260627,3,8,9,22,28,42,45,16,90,3336,120177677000,1000,120177677,downloads/official-1-1237/raw/api-0001.json,50f487e857b6b45f4dcf591facf710dc0a71c0d6c5ee50de2db956b4fd658471
1231,20260704,4,13,14,18,31,38,15,17,92,3329,118084580000,1000,118084580,downloads/official-1-1237/raw/api-0001.json,50f487e857b6b45f4dcf591facf710dc0a71c0d6c5ee50de2db956b4fd658471
1232,20260711,12,15,19,22,24,36,3,11,92,2984,114636304000,1000,114636304,downloads/official-1-1237/raw/api-0001.json,50f487e857b6b45f4dcf591facf710dc0a71c0d6c5ee50de2db956b4fd658471
1233,20260718,2,7,20,25,37,40,29,31,76,4438,116159776000,1000,116159776,downloads/official-1-1237/raw/api-0001.json,50f487e857b6b45f4dcf591facf710dc0a71c0d6c5ee50de2db956b4fd658471
1234,20260725,1,15,19,31,35,43,27,18,71,2985,115990429000,1000,115990429,downloads/official-1-1237/raw/api-0001.json,50f487e857b6b45f4dcf591facf710dc0a71c0d6c5ee50de2db956b4fd658471
1235,20260801,6,7,11,15,39,43,20,9,82,2859,115445069000,1000,115445069,downloads/official-1-1237/raw/api-0001.json,50f487e857b6b45f4dcf591facf710dc0a71c0d6c5ee50de2db956b4fd658471
1236,20260808,12,18,21,29,34,38,10,11,84,3371,114070835000,1000,114070835,downloads/official-1-1237/raw/api-0001.json,50f487e857b6b45f4dcf591facf710dc0a71c0d6c5ee50de2db956b4fd658471
1237,20260815,10,20,23,34,37,40,36,23,75,3745,118363161000,1000,118363161,downloads/official-1-1237/raw/api-0001.json,50f487e857b6b45f4dcf591facf710dc0a71c0d6c5ee50de2db956b4fd658471
