target_round,common_count,common_trios,fixed_only_trios,linked_only_trios,common_hits,fixed_only_hits,linked_only_hits,fixed_primary,linked_primary,reset
2,0,,1-4-25;2-8-20;3-6-27,10-31-34;16-19-40;13-15-29,,1-4-25:1;2-8-20:0;3-6-27:0,10-31-34:0;16-19-40:0;13-15-29:1,0,0,N
3,0,,5-32-38;7-11-24;9-37-41,9-12-18;2-13-30;22-25-31,,5-32-38:0;7-11-24:1;9-37-41:0,9-12-18:0;2-13-30:0;22-25-31:1,0,0,N
4,0,,10-31-34;12-33-36;13-15-29,19-23-36;4-8-21;18-30-39,,10-31-34:1;12-33-36:0;13-15-29:0,19-23-36:0;4-8-21:0;18-30-39:1,0,0,N
5,0,,14-43-45;16-19-40;17-23-35,6-9-30;2-31-33;25-29-42,,14-43-45:0;16-19-40:2;17-23-35:0,6-9-30:0;2-31-33:0;25-29-42:2,0,0,N
6,0,,18-21-42;22-26-39;28-30-44,4-40-43;14-32-41;3-31-35,,18-21-42:1;22-26-39:1;28-30-44:0,4-40-43:1;14-32-41:1;3-31-35:0,0,0,N
7,0,,1-37-40;2-13-30;3-39-42,9-38-40;26-28-42;15-31-44,,1-37-40:1;2-13-30:1;3-39-42:0,9-38-40:2;26-28-42:1;15-31-44:0,0,0,N
8,0,,4-6-20;5-34-36;7-10-16,14-31-42;2-34-45;16-27-44,,4-6-20:0;5-34-36:1;7-10-16:0,14-31-42:0;2-34-45:1;16-27-44:0,0,0,N
9,0,,8-14-26;9-12-18;11-38-44,7-8-30;9-31-32;25-26-33,,8-14-26:0;9-12-18:0;11-38-44:0,7-8-30:0;9-31-32:0;25-26-33:0,0,0,N
10,0,,15-32-43;17-28-45;19-21-35,4-41-42;14-15-22;17-18-40,,15-32-43:0;17-28-45:0;19-21-35:0,4-41-42:1;14-15-22:0;17-18-40:0,0,0,N
11,0,,22-25-31;23-29-41;24-27-33,24-25-32;16-30-38;18-19-41,,22-25-31:0;23-29-41:1;24-27-33:0,24-25-32:0;16-30-38:0;18-19-41:1,0,0,N
12,0,,1-13-22;2-35-44;3-15-24,16-26-36;12-32-37;17-22-42,,1-13-22:0;2-35-44:1;3-15-24:0,16-26-36:0;12-32-37:0;17-22-42:0,0,0,N
13,0,,4-8-21;5-14-17;6-34-38,20-28-39;3-37-44;2-10-21,,4-8-21:0;5-14-17:0;6-34-38:1,20-28-39:0;3-37-44:1;2-10-21:0,0,0,N
14,0,,7-31-43;9-33-45;10-12-26,4-38-45;1-35-42;23-30-34,,7-31-43:1;9-33-45:1;10-12-26:1,4-38-45:0;1-35-42:0;23-30-34:0,0,0,N
15,0,,11-40-42;16-28-37;18-30-39,14-33-40;2-36-43;4-12-23,,11-40-42:0;16-28-37:2;18-30-39:1,14-33-40:0;2-36-43:0;4-12-23:1,0,0,N
16,0,,19-23-36;20-29-32;25-27-41,3-18-33;4-10-22;1-16-31,,19-23-36:0;20-29-32:0;25-27-41:0,3-18-33:0;4-10-22:0;1-16-31:0,0,0,N
17,0,,1-3-17;2-31-33;4-7-28,7-13-25;24-30-42;10-37-43,,1-3-17:2;2-31-33:0;4-7-28:1,7-13-25:0;24-30-42:0;10-37-43:1,0,0,N
18,0,,5-11-23;6-9-30;8-35-41,4-13-16;5-9-22;8-32-44,,5-11-23:0;6-9-30:0;8-35-41:1,4-13-16:1;5-9-22:0;8-32-44:1,0,0,N
19,0,,10-14-27;12-40-44;13-34-37,1-7-19;14-29-44;11-32-35,,10-14-27:0;12-40-44:1;13-34-37:0,1-7-19:0;14-29-44:0;11-32-35:0,0,0,N
20,0,,15-36-39;16-18-32;19-22-43,3-39-42;1-37-40;4-6-20,,15-36-39:0;16-18-32:1;19-22-43:0,3-39-42:0;1-37-40:0;4-6-20:1,0,0,N
21,0,,20-26-38;21-24-45;25-29-42,17-30-31;10-39-41;12-14-28,,20-26-38:0;21-24-45:0;25-29-42:0,17-30-31:2;10-39-41:0;12-14-28:1,0,0,N
22,0,,1-5-18;2-11-29;3-31-35,19-30-32;6-10-23;4-15-17,,1-5-18:1;2-11-29:0;3-31-35:0,19-30-32:0;6-10-23:1;4-15-17:2,0,0,N
23,0,,4-40-43;6-42-45;7-9-23,3-4-26;5-42-43;8-31-45,,4-40-43:0;6-42-45:1;7-9-23:0,3-4-26:0;5-42-43:2;8-31-45:0,0,0,N
24,0,,8-37-39;10-13-19;12-15-21,3-13-23;7-12-17;8-33-43,,8-37-39:1;10-13-19:0;12-15-21:0,3-13-23:0;7-12-17:1;8-33-43:2,0,0,N
25,0,,14-32-41;16-20-33;17-26-44,3-8-28;17-27-37;1-36-41,,14-32-41:0;16-20-33:0;17-26-44:2,3-8-28:0;17-27-37:0;1-36-41:0,0,0,N
26,0,,22-24-38;25-28-34;27-30-36,21-29-40;18-26-37;10-36-44,,22-24-38:0;25-28-34:1;27-30-36:0,21-29-40:0;18-26-37:1;10-36-44:0,0,0,N
27,0,,1-14-30;2-4-18;3-32-34,11-14-20;16-25-43;4-32-36,,1-14-30:1;2-4-18:0;3-32-34:0,11-14-20:1;16-25-43:1;4-32-36:0,0,0,N
28,0,,5-7-21;6-35-37;8-10-24,4-31-37;13-28-43;17-20-41,,5-7-21:0;6-35-37:2;8-10-24:0,4-31-37:1;13-28-43:0;17-20-41:0,0,0,N
29,0,,9-38-40;11-13-27;12-41-43,9-37-41;1-4-25;18-21-42,,9-38-40:1;11-13-27:1;12-41-43:0,9-37-41:0;1-4-25:1;18-21-42:0,0,0,N
30,0,,15-31-44;16-29-45;17-19-33,1-3-17;5-11-23;13-34-37,,15-31-44:1;16-29-45:0;17-19-33:1,1-3-17:1;5-11-23:0;13-34-37:0,0,0,N
31,0,,20-22-36;23-25-39;26-28-42,8-10-24;17-19-33;6-35-37,,20-22-36:0;23-25-39:1;26-28-42:1,8-10-24:0;17-19-33:0;6-35-37:1,0,0,N
32,1,1-32-45,2-15-16;3-5-19,18-20-34;21-23-37,1-32-45:0,2-15-16:0;3-5-19:1,18-20-34:1;21-23-37:0,0,0,N
33,0,,4-33-35;6-8-22;7-36-38,11-12-19;2-3-25;7-44-45,,4-33-35:2;6-8-22:0;7-36-38:1,11-12-19:0;2-3-25:0;7-44-45:1,0,0,N
34,0,,9-11-25;10-39-41;12-14-28,23-28-33;15-35-40;4-14-24,,9-11-25:1;10-39-41:0;12-14-28:0,23-28-33:0;15-35-40:2;4-14-24:0,0,0,N
35,0,,13-42-44;17-30-31;18-20-34,20-30-40;7-32-42;9-14-19,,13-42-44:0;17-30-31:0;18-20-34:0,20-30-40:0;7-32-42:0;9-14-19:0,0,0,N
36,0,,21-23-37;24-26-40;27-29-43,17-24-43;2-9-28;3-11-22,,21-23-37:1;24-26-40:2;27-29-43:0,17-24-43:0;2-9-28:1;3-11-22:0,0,0,N
37,0,,1-12-29;2-34-45;3-7-20,1-9-20;3-10-29;7-15-26,,1-12-29:0;2-34-45:0;3-7-20:1,1-9-20:0;3-10-29:0;7-15-26:1,0,0,N
38,0,,4-15-17;5-33-37;6-10-23,21-27-39;26-30-43;14-35-38,,4-15-17:1;5-33-37:1;6-10-23:0,21-27-39:0;26-30-43:2;14-35-38:0,0,0,N
39,0,,8-36-40;9-13-26;11-39-43,22-24-38;27-30-36;8-37-39,,8-36-40:0;9-13-26:1;11-39-43:1,22-24-38:0;27-30-36:0;8-37-39:0,0,0,N
40,0,,14-31-42;16-27-44;18-22-35,13-42-44;2-15-16;27-29-43,,14-31-42:0;16-27-44:0;18-22-35:1,13-42-44:1;2-15-16:0;27-29-43:0,0,0,N
41,0,,19-30-32;21-25-38;24-28-41,19-24-44;25-30-35;1-6-26,,19-30-32:0;21-25-38:1;24-28-41:0,19-24-44:0;25-30-35:1;1-6-26:0,0,0,N
42,0,,1-2-24;3-40-41;4-5-27,17-29-38;1-34-43;20-24-37,,1-2-24:0;3-40-41:0;4-5-27:0,17-29-38:1;1-34-43:0;20-24-37:0,0,0,N
43,0,,6-43-44;7-8-30;9-31-32,3-32-34;1-14-30;2-4-18,,6-43-44:2;7-8-30:0;9-31-32:1,3-32-34:0;1-14-30:0;2-4-18:0,0,0,N
44,1,12-34-35,10-11-18;13-14-21,1-2-24;6-43-44,12-34-35:0,10-11-18:1;13-14-21:1,1-2-24:0;6-43-44:0,0,0,N
45,0,,15-37-38;16-17-39;19-20-42,11-31-36;16-21-41;18-28-38,,15-37-38:0;16-17-39:0;19-20-42:1,11-31-36:0;16-21-41:0;18-28-38:0,0,0,N
46,0,,22-23-45;25-26-33;28-29-36,8-11-17;5-20-35;1-33-44,,22-23-45:1;25-26-33:0;28-29-36:0,8-11-17:1;5-20-35:0;1-33-44:0,0,0,N
47,0,,1-38-39;2-3-25;4-41-42,8-23-38;13-31-40;9-24-39,,1-38-39:0;2-3-25:0;4-41-42:0,8-23-38:0;13-31-40:1;9-24-39:0,0,0,N
48,0,,5-6-28;7-44-45;8-9-16,19-28-31;3-36-45;2-14-23,,5-6-28:1;7-44-45:0;8-9-16:0,19-28-31:0;3-36-45:0;2-14-23:0,0,0,N
49,0,,10-32-33;11-12-19;13-35-36,29-30-37;1-38-39;5-6-28,,10-32-33:1;11-12-19:1;13-35-36:0,29-30-37:0;1-38-39:0;5-6-28:0,0,0,N
50,0,,14-15-22;17-18-40;20-21-43,6-32-40;4-11-30;16-23-42,,14-15-22:2;17-18-40:0;20-21-43:0,6-32-40:0;4-11-30:0;16-23-42:0,0,0,N
51,0,,23-24-31;26-27-34;29-30-37,1-10-28;2-6-19;3-12-30,,23-24-31:0;26-27-34:1;29-30-37:0,1-10-28:0;2-6-19:1;3-12-30:1,0,0,N
52,0,,1-15-23;2-39-40;3-4-26,3-6-27;7-11-24;22-26-39,,1-15-23:1;2-39-40:1;3-4-26:1,3-6-27:0;7-11-24:0;22-26-39:0,0,0,N
53,0,,5-42-43;6-7-29;8-31-45,4-7-28;15-36-39;20-26-38,,5-42-43:0;6-7-29:1;8-31-45:1,4-7-28:1;15-36-39:1;20-26-38:0,0,0,N
54,0,,9-10-17;11-33-34;12-13-20,20-29-32;9-33-45;11-40-42,,9-10-17:0;11-33-34:0;12-13-20:0,20-29-32:0;9-33-45:0;11-40-42:0,0,0,N
55,0,,14-36-37;16-30-38;18-19-41,8-36-40;5-33-37;1-12-29,,14-36-37:1;16-30-38:0;18-19-41:0,8-36-40:1;5-33-37:1;1-12-29:0,0,0,N
56,1,21-22-44,24-25-32;27-28-35,2-39-40;9-10-17,21-22-44:0,24-25-32:0;27-28-35:0,2-39-40:0;9-10-17:1,0,0,N
57,0,,1-6-26;2-37-42;3-13-23,15-37-38;10-11-18;19-20-42,,1-6-26:0;2-37-42:0;3-13-23:0,15-37-38:0;10-11-18:1;19-20-42:0,0,0,N
58,0,,4-9-29;5-40-45;7-12-17,6-14-25;7-33-41;5-12-16,,4-9-29:0;5-40-45:1;7-12-17:0,6-14-25:1;7-33-41:1;5-12-16:0,0,0,N
59,0,,8-33-43;10-15-20;11-31-36,10-38-42;18-24-36;6-33-39,,8-33-43:0;10-15-20:0;11-31-36:1,10-38-42:0;18-24-36:1;6-33-39:2,0,0,N
60,0,,14-34-39;16-21-41;18-28-38,16-29-45;20-22-36;12-41-43,,14-34-39:1;16-21-41:0;18-28-38:0,16-29-45:0;20-22-36:1;12-41-43:0,0,0,N
61,0,,19-24-44;22-27-32;25-30-35,9-11-25;7-36-38;13-42-44,,19-24-44:1;22-27-32:0;25-30-35:1,9-11-25:0;7-36-38:1;13-42-44:0,0,0,Y
62,0,,1-11-21;2-7-27;3-38-43,19-30-32;21-25-38;8-36-40,,1-11-21:0;2-7-27:1;3-38-43:1,19-30-32:0;21-25-38:0;8-36-40:1,0,0,N
63,0,,4-14-24;5-10-30;6-31-41,28-29-36;12-34-35;7-8-30,,4-14-24:0;5-10-30:0;6-31-41:0,28-29-36:1;12-34-35:0;7-8-30:0,0,0,N
64,0,,8-13-18;9-34-44;12-32-37,17-18-40;2-3-25;20-21-43,,8-13-18:1;9-34-44:0;12-32-37:0,17-18-40:1;2-3-25:0;20-21-43:1,0,0,N
65,0,,15-35-40;16-26-36;17-22-42,14-36-37;1-15-23;21-22-44,,15-35-40:1;16-26-36:1;17-22-42:0,14-36-37:1;1-15-23:0;21-22-44:0,0,0,N
66,0,,19-29-39;20-25-45;23-28-33,25-30-35;8-33-43;14-34-39,,19-29-39:0;20-25-45:0;23-28-33:0,25-30-35:0;8-33-43:0;14-34-39:0,0,0,N
67,0,,1-36-41;2-12-22;3-8-28,2-7-27;17-22-42;4-14-24,,1-36-41:1;2-12-22:0;3-8-28:1,2-7-27:1;17-22-42:0;4-14-24:0,0,0,N
68,0,,4-39-44;5-15-25;6-11-16,15-34-41;22-29-33;12-31-38,,4-39-44:1;5-15-25:1;6-11-16:1,15-34-41:1;22-29-33:0;12-31-38:1,0,0,N
69,0,,7-32-42;9-14-19;10-35-45,18-26-37;4-38-45;10-36-44,,7-32-42:0;9-14-19:2;10-35-45:0,18-26-37:0;4-38-45:0;10-36-44:0,0,0,N
70,0,,13-33-38;17-27-37;18-23-43,16-24-35;5-31-39;8-34-42,,13-33-38:0;17-27-37:0;18-23-43:1,16-24-35:0;5-31-39:1;8-34-42:0,0,0,N
71,0,,20-30-40;21-26-31;24-29-34,26-30-43;5-8-29;4-10-22,,20-30-40:0;21-26-31:0;24-29-34:1,26-30-43:0;5-8-29:2;4-10-22:0,0,0,N
72,0,,1-8-27;2-10-21;3-37-44,5-20-35;9-15-27;3-14-16,,1-8-27:1;2-10-21:1;3-37-44:0,5-20-35:0;9-15-27:1;3-14-16:0,0,0,N
73,0,,4-11-30;5-13-24;6-32-40,2-6-19;4-32-36;17-21-34,,4-11-30:0;5-13-24:0;6-32-40:2,2-6-19:0;4-32-36:1;17-21-34:0,0,0,N
74,0,,7-14-18;9-35-43;12-31-38,6-15-18;8-32-44;10-25-40,,7-14-18:1;9-35-43:1;12-31-38:0,6-15-18:3;8-32-44:0;10-25-40:1,0,1,N
75,0,,15-34-41;16-23-42;17-25-36,18-21-42;17-23-35;16-19-40,,15-34-41:1;16-23-42:0;17-25-36:0,18-21-42:0;17-23-35:0;16-19-40:0,0,0,N
76,0,,19-26-45;20-28-39;22-29-33,15-32-43;5-34-36;2-13-30,,19-26-45:0;20-28-39:0;22-29-33:1,15-32-43:1;5-34-36:0;2-13-30:0,0,0,N
77,0,,1-35-42;2-9-28;3-11-22,16-28-37;7-31-43;3-15-24,,1-35-42:0;2-9-28:1;3-11-22:0,16-28-37:0;7-31-43:1;3-15-24:0,0,0,N
78,0,,4-38-45;5-12-16;6-14-25,12-40-44;2-31-33;25-29-42,,4-38-45:0;5-12-16:0;6-14-25:1,12-40-44:0;2-31-33:1;25-29-42:2,0,0,N
79,0,,7-33-41;8-15-19;10-36-44,8-10-24;11-13-27;16-29-45,,7-33-41:0;8-15-19:0;10-36-44:0,8-10-24:1;11-13-27:1;16-29-45:0,0,0,N
80,0,,13-32-39;17-24-43;18-26-37,1-12-29;14-31-42;16-27-44,,13-32-39:0;17-24-43:2;18-26-37:2,1-12-29:0;14-31-42:0;16-27-44:0,0,0,N
81,0,,20-27-31;21-29-40;23-30-34,10-11-18;1-2-24;25-26-33,,20-27-31:1;21-29-40:0;23-30-34:0,10-11-18:1;1-2-24:0;25-26-33:1,0,0,N
82,0,,1-9-20;2-36-43;3-10-29,11-12-19;13-35-36;10-32-33,,1-9-20:1;2-36-43:1;3-10-29:1,11-12-19:0;13-35-36:0;10-32-33:0,0,0,N
83,0,,4-12-23;5-31-39;6-13-17,17-27-37;4-39-44;1-36-41,,4-12-23:0;5-31-39:0;6-13-17:2,17-27-37:1;4-39-44:0;1-36-41:0,0,0,N
84,0,,7-15-26;8-34-42;11-37-45,1-7-19;16-22-34;10-38-42,,7-15-26:0;8-34-42:2;11-37-45:1,1-7-19:0;16-22-34:2;10-38-42:1,0,0,N
85,0,,14-33-40;16-24-35;18-25-44,17-28-45;11-38-44;23-29-41,,14-33-40:0;16-24-35:0;18-25-44:0,17-28-45:0;11-38-44:0;23-29-41:1,0,0,N
86,0,,19-27-38;21-28-32;22-30-41,6-9-30;8-35-41;21-24-45,,19-27-38:0;21-28-32:0;22-30-41:1,6-9-30:0;8-35-41:1;21-24-45:1,0,0,N
87,0,,1-16-31;2-17-32;3-18-33,12-15-21;16-20-33;8-37-39,,1-16-31:1;2-17-32:0;3-18-33:0,12-15-21:1;16-20-33:1;8-37-39:0,0,0,N
88,0,,4-10-22;5-8-29;6-12-24,2-15-16;21-23-37;18-20-34,,4-10-22:0;5-8-29:0;6-12-24:1,2-15-16:0;21-23-37:0;18-20-34:1,0,0,N
89,0,,7-34-40;9-36-42;11-15-28,23-24-31;26-27-34;4-41-42,,7-34-40:1;9-36-42:0;11-15-28:1,23-24-31:0;26-27-34:1;4-41-42:1,0,0,N
90,0,,13-41-45;14-35-38;19-25-37,14-33-40;11-37-45;4-12-23,,13-41-45:0;14-35-38:2;19-25-37:0,14-33-40:0;11-37-45:0;4-12-23:0,0,0,N
91,1,20-23-44,21-27-39;26-30-43,14-35-38;2-17-32,20-23-44:0,21-27-39:1;26-30-43:1,14-35-38:0;2-17-32:0,0,0,N
92,0,,1-33-44;2-38-41;3-14-16,15-33-42;1-10-28;9-24-39,,1-33-44:1;2-38-41:0;3-14-16:2,15-33-42:1;1-10-28:0;9-24-39:1,0,0,N
93,0,,4-19-34;5-20-35;6-21-36,3-36-45;2-14-23;20-24-37,,4-19-34:0;5-20-35:0;6-21-36:2,3-36-45:1;2-14-23:0;20-24-37:1,0,0,N
94,0,,7-13-25;8-11-17;9-15-27,10-13-19;22-24-38;27-30-36,,7-13-25:0;8-11-17:0;9-15-27:0,10-13-19:0;22-24-38:0;27-30-36:0,0,0,N
95,0,,10-37-43;12-39-45;18-29-31,24-25-32;11-33-34;18-19-41,,10-37-43:1;12-39-45:0;18-29-31:1,24-25-32:0;11-33-34:1;18-19-41:0,0,0,N
96,0,,22-28-40;23-26-32;24-30-42,18-27-45;13-31-40;16-25-43,,22-28-40:1;23-26-32:0;24-30-42:0,18-27-45:0;13-31-40:1;16-25-43:0,0,0,N
97,0,,1-10-28;2-6-19;3-12-30,21-30-33;5-9-22;1-34-43,,1-10-28:0;2-6-19:1;3-12-30:0,21-30-33:0;5-9-22:0;1-34-43:0,0,0,N
98,0,,4-32-36;5-41-44;7-22-37,17-20-41;18-24-36;6-33-39,,4-32-36:1;5-41-44:0;7-22-37:0,17-20-41:0;18-24-36:1;6-33-39:1,0,0,N
99,0,,8-23-38;9-24-39;11-14-20,5-42-43;6-7-29;16-30-38,,8-23-38:0;9-24-39:0;11-14-20:0,5-42-43:0;6-7-29:1;16-30-38:0,0,0,N
100,0,,13-31-40;15-33-42;16-25-43,1-6-26;3-13-23;11-31-36,,13-31-40:0;15-33-42:1;16-25-43:0,1-6-26:1;3-13-23:1;11-31-36:1,0,0,N
101,0,,17-21-34;18-27-45;26-29-35,6-11-16;7-32-42;18-23-43,,17-21-34:1;18-27-45:1;26-29-35:1,6-11-16:0;7-32-42:1;18-23-43:0,0,0,N
102,0,,1-34-43;2-14-23;3-36-45,1-8-27;17-25-36;9-35-43,,1-34-43:0;2-14-23:0;3-36-45:0,1-8-27:0;17-25-36:1;9-35-43:1,0,0,N
103,0,,4-13-16;5-9-22;6-15-18,11-26-41;7-35-39;12-27-42,,4-13-16:0;5-9-22:1;6-15-18:1,11-26-41:0;7-35-39:0;12-27-42:1,0,0,N
104,0,,7-35-39;8-32-44;10-25-40,23-27-40;15-30-45;2-5-26,,7-35-39:0;8-32-44:2;10-25-40:0,23-27-40:0;15-30-45:0;2-5-26:0,0,0,N
105,0,,11-26-41;12-27-42;17-29-38,11-40-42;2-35-44;20-29-32,,11-26-41:1;12-27-42:0;17-29-38:0,11-40-42:0;2-35-44:0;20-29-32:1,0,0,N
106,0,,19-28-31;20-24-37;21-30-33,10-35-45;3-8-28;20-30-40,,19-28-31:0;20-24-37:1;21-30-33:1,10-35-45:1;3-8-28:0;20-30-40:0,0,0,N
107,0,,1-7-19;2-5-26;3-9-21,4-19-34;10-37-43;22-28-40,,1-7-19:1;2-5-26:1;3-9-21:1,4-19-34:1;10-37-43:0;22-28-40:0,0,0,N
108,0,,4-31-37;6-33-39;8-12-25,1-4-25;5-32-38;9-37-41,,4-31-37:0;6-33-39:0;8-12-25:0,1-4-25:0;5-32-38:0;9-37-41:0,0,0,N
109,0,,10-38-42;11-32-35;13-28-43,18-28-38;22-27-32;4-9-29,,10-38-42:1;11-32-35:0;13-28-43:0,18-28-38:0;22-27-32:0;4-9-29:0,0,0,N
110,0,,14-29-44;15-30-45;16-22-34,10-31-34;12-33-36;28-30-44,,14-29-44:1;15-30-45:0;16-22-34:1,10-31-34:0;12-33-36:0;28-30-44:0,0,0,N
111,0,,17-20-41;18-24-36;23-27-40,7-9-23;2-11-29;1-5-18,,17-20-41:0;18-24-36:2;23-27-40:1,7-9-23:1;2-11-29:0;1-5-18:1,0,0,N
112,0,,1-4-25;2-8-20;3-6-27,20-22-36;9-38-40;2-4-18,,1-4-25:0;2-8-20:0;3-6-27:0,20-22-36:0;9-38-40:0;2-4-18:0,0,0,N
113,0,,5-32-38;7-11-24;9-37-41,27-29-43;24-26-40;17-30-31,,5-32-38:0;7-11-24:0;9-37-41:1,27-29-43:0;24-26-40:0;17-30-31:0,0,0,N
114,0,,10-31-34;12-33-36;13-15-29,4-15-17;9-13-26;24-28-41,,10-31-34:0;12-33-36:0;13-15-29:0,4-15-17:0;9-13-26:1;24-28-41:2,0,0,N
115,0,,14-43-45;16-19-40;17-23-35,4-11-30;7-14-18;19-26-45,,14-43-45:0;16-19-40:0;17-23-35:0,4-11-30:0;7-14-18:0;19-26-45:0,0,0,N
116,0,,18-21-42;22-26-39;28-30-44,6-13-17;1-9-20;21-28-32,,18-21-42:0;22-26-39:0;28-30-44:0,6-13-17:0;1-9-20:0;21-28-32:0,0,0,N
117,0,,1-37-40;2-13-30;3-39-42,23-25-39;15-31-44;6-35-37,,1-37-40:0;2-13-30:0;3-39-42:0,23-25-39:0;15-31-44:1;6-35-37:0,0,0,N
118,0,,4-6-20;5-34-36;7-10-16,15-35-40;16-26-36;5-10-30,,4-6-20:1;5-34-36:0;7-10-16:1,15-35-40:0;16-26-36:0;5-10-30:1,0,0,N
119,0,,8-14-26;9-12-18;11-38-44,1-13-22;6-34-38;4-8-21,,8-14-26:1;9-12-18:0;11-38-44:1,1-13-22:1;6-34-38:0;4-8-21:1,0,0,N
120,0,,15-32-43;17-28-45;19-21-35,20-26-38;1-3-17;13-34-37,,15-32-43:1;17-28-45:0;19-21-35:0,20-26-38:0;1-3-17:0;13-34-37:1,0,0,N
121,0,,22-25-31;23-29-41;24-27-33,4-40-43;6-42-45;2-11-29,,22-25-31:0;23-29-41:0;24-27-33:0,4-40-43:1;6-42-45:0;2-11-29:0,0,0,Y
122,0,,1-13-22;2-35-44;3-15-24,12-41-43;26-28-42;3-32-34,,1-13-22:1;2-35-44:0;3-15-24:0,12-41-43:0;26-28-42:0;3-32-34:0,0,0,N
123,0,,4-8-21;5-14-17;6-34-38,9-11-25;2-15-16;7-36-38,,4-8-21:0;5-14-17:1;6-34-38:0,9-11-25:0;2-15-16:0;7-36-38:1,0,0,N
124,0,,7-31-43;9-33-45;10-12-26,16-27-44;24-28-41;2-34-45,,7-31-43:0;9-33-45:0;10-12-26:0,16-27-44:1;24-28-41:0;2-34-45:0,0,0,N
125,0,,11-40-42;16-28-37;18-30-39,25-26-33;28-29-36;1-2-24,,11-40-42:0;16-28-37:0;18-30-39:0,25-26-33:1;28-29-36:1;1-2-24:1,0,0,N
126,0,,19-23-36;20-29-32;25-27-41,27-28-35;14-36-37;8-31-45,,19-23-36:0;20-29-32:1;25-27-41:1,27-28-35:1;14-36-37:0;8-31-45:0,0,0,N
127,0,,1-3-17;2-31-33;4-7-28,8-33-43;1-6-26;10-15-20,,1-3-17:1;2-31-33:0;4-7-28:0,8-33-43:1;1-6-26:0;10-15-20:1,0,0,N
128,0,,5-11-23;6-9-30;8-35-41,3-38-43;5-10-30;19-29-39,,5-11-23:0;6-9-30:1;8-35-41:0,3-38-43:0;5-10-30:1;19-29-39:0,0,0,N
129,0,,10-14-27;12-40-44;13-34-37,20-30-40;24-29-34;17-27-37,,10-14-27:0;12-40-44:0;13-34-37:0,20-30-40:0;24-29-34:0;17-27-37:0,0,0,N
130,0,,15-36-39;16-18-32;19-22-43,16-23-42;17-25-36;12-31-38,,15-36-39:0;16-18-32:0;19-22-43:1,16-23-42:1;17-25-36:0;12-31-38:0,0,0,N
131,0,,20-26-38;21-24-45;25-29-42,19-27-38;5-31-39;11-37-45,,20-26-38:0;21-24-45:1;25-29-42:0,19-27-38:0;5-31-39:0;11-37-45:1,0,0,N
132,0,,1-5-18;2-11-29;3-31-35,11-15-28;21-27-39;5-8-29,,1-5-18:0;2-11-29:0;3-31-35:1,11-15-28:0;21-27-39:0;5-8-29:0,0,0,N
133,0,,4-40-43;6-42-45;7-9-23,10-37-43;12-39-45;8-11-17,,4-40-43:1;6-42-45:0;7-9-23:2,10-37-43:0;12-39-45:0;8-11-17:0,0,0,N
134,0,,8-37-39;10-13-19;12-15-21,26-29-35;4-32-36;13-31-40,,8-37-39:0;10-13-19:0;12-15-21:1,26-29-35:1;4-32-36:0;13-31-40:1,0,0,N
135,0,,14-32-41;16-20-33;17-26-44,3-36-45;12-27-42;2-14-23,,14-32-41:1;16-20-33:0;17-26-44:0,3-36-45:0;12-27-42:0;2-14-23:1,0,0,N
136,0,,22-24-38;25-28-34;27-30-36,14-29-44;16-22-34;13-28-43,,22-24-38:0;25-28-34:0;27-30-36:2,14-29-44:0;16-22-34:1;13-28-43:0,0,0,N
137,0,,1-14-30;2-4-18;3-32-34,16-19-40;28-30-44;9-37-41,,1-14-30:0;2-4-18:0;3-32-34:0,16-19-40:0;28-30-44:0;9-37-41:1,0,0,N
138,0,,5-7-21;6-35-37;8-10-24,4-6-20;22-25-31;3-39-42,,5-7-21:0;6-35-37:1;8-10-24:1,4-6-20:0;22-25-31:0;3-39-42:1,0,0,N
139,0,,9-38-40;11-13-27;12-41-43,4-7-28;13-34-37;10-14-27,,9-38-40:1;11-13-27:1;12-41-43:1,4-7-28:1;13-34-37:0;10-14-27:0,0,0,N
140,0,,15-31-44;16-29-45;17-19-33,5-6-28;20-21-43;11-12-19,,15-31-44:0;16-29-45:0;17-19-33:2,5-6-28:1;20-21-43:0;11-12-19:1,0,0,N
141,0,,20-22-36;23-25-39;26-28-42,20-28-39;3-37-44;5-13-24,,20-22-36:0;23-25-39:0;26-28-42:1,20-28-39:0;3-37-44:0;5-13-24:0,0,0,N
142,0,,1-32-45;2-15-16;3-5-19,2-9-28;8-15-19;21-29-40,,1-32-45:0;2-15-16:1;3-5-19:0,2-9-28:0;8-15-19:0;21-29-40:1,0,0,N
143,0,,4-33-35;6-8-22;7-36-38,1-16-31;19-25-37;7-34-40,,4-33-35:0;6-8-22:0;7-36-38:0,1-16-31:0;19-25-37:0;7-34-40:0,0,0,N
144,0,,9-11-25;10-39-41;12-14-28,18-27-45;1-10-28;16-25-43,,9-11-25:0;10-39-41:0;12-14-28:0,18-27-45:0;1-10-28:0;16-25-43:0,0,0,N
145,0,,13-42-44;17-30-31;18-20-34,22-26-39;12-33-36;14-43-45,,13-42-44:2;17-30-31:0;18-20-34:1,22-26-39:0;12-33-36:0;14-43-45:0,0,0,N
146,0,,21-23-37;24-26-40;27-29-43,20-29-32;25-27-41;2-35-44,,21-23-37:0;24-26-40:0;27-29-43:1,20-29-32:0;25-27-41:2;2-35-44:2,0,0,N
147,0,,1-12-29;2-34-45;3-7-20,8-35-41;25-29-42;19-22-43,,1-12-29:0;2-34-45:0;3-7-20:0,8-35-41:0;25-29-42:1;19-22-43:0,0,0,N
148,1,4-15-17,5-33-37;6-10-23,14-31-42;9-13-26,4-15-17:0,5-33-37:1;6-10-23:0,14-31-42:0;9-13-26:0,0,0,N
149,0,,8-36-40;9-13-26;11-39-43,9-10-17;21-22-44;11-33-34,,8-36-40:0;9-13-26:0;11-39-43:1,9-10-17:0;21-22-44:1;11-33-34:2,0,0,N
150,0,,14-31-42;16-27-44;18-22-35,11-31-36;16-21-41;14-34-39,,14-31-42:0;16-27-44:0;18-22-35:1,11-31-36:0;16-21-41:0;14-34-39:1,0,0,N
151,0,,19-30-32;21-25-38;24-28-41,8-13-18;20-25-45;12-32-37,,19-30-32:1;21-25-38:0;24-28-41:0,8-13-18:2;20-25-45:0;12-32-37:0,0,0,N
152,0,,1-2-24;3-40-41;4-5-27,13-33-38;5-15-25;9-14-19,,1-2-24:1;3-40-41:0;4-5-27:1,13-33-38:1;5-15-25:1;9-14-19:0,0,0,N
153,0,,6-43-44;7-8-30;9-31-32,22-29-33;15-34-41;1-8-27,,6-43-44:0;7-8-30:1;9-31-32:0,22-29-33:0;15-34-41:0;1-8-27:1,0,0,N
154,0,,10-11-18;12-34-35;13-14-21,14-33-40;2-36-43;8-34-42,,10-11-18:0;12-34-35:1;13-14-21:1,14-33-40:1;2-36-43:0;8-34-42:0,0,0,N
155,0,,15-37-38;16-17-39;19-20-42,13-41-45;6-12-24;20-23-44,,15-37-38:0;16-17-39:1;19-20-42:2,13-41-45:1;6-12-24:0;20-23-44:1,0,0,N
156,0,,22-23-45;25-26-33;28-29-36,4-19-34;3-14-16;5-20-35,,22-23-45:1;25-26-33:0;28-29-36:1,4-19-34:0;3-14-16:0;5-20-35:1,0,0,N
157,0,,1-38-39;2-3-25;4-41-42,5-9-22;6-15-18;21-30-33,,1-38-39:1;2-3-25:0;4-41-42:0,5-9-22:0;6-15-18:0;21-30-33:2,0,0,N
158,0,,5-6-28;7-44-45;8-9-16,15-30-45;6-33-39;4-31-37,,5-6-28:0;7-44-45:0;8-9-16:1,15-30-45:0;6-33-39:0;4-31-37:1,0,0,N
159,0,,10-32-33;11-12-19;13-35-36,13-15-29;18-21-42;10-31-34,,10-32-33:0;11-12-19:0;13-35-36:0,13-15-29:0;18-21-42:2;10-31-34:0,0,0,N
160,0,,14-15-22;17-18-40;20-21-43,10-39-41;13-42-44;1-32-45,,14-15-22:0;17-18-40:0;20-21-43:0,10-39-41:2;13-42-44:0;1-32-45:0,0,0,N
161,0,,23-24-31;26-27-34;29-30-37,1-38-39;4-41-42;2-3-25,,23-24-31:0;26-27-34:1;29-30-37:0,1-38-39:0;4-41-42:1;2-3-25:0,0,0,N
162,0,,1-15-23;2-39-40;3-4-26,10-35-45;2-12-22;1-36-41,,1-15-23:1;2-39-40:0;3-4-26:0,10-35-45:0;2-12-22:0;1-36-41:2,0,0,N
163,0,,5-42-43;6-7-29;8-31-45,1-35-42;5-12-16;17-24-43,,5-42-43:0;6-7-29:2;8-31-45:0,1-35-42:0;5-12-16:0;17-24-43:0,0,0,N
164,0,,9-10-17;11-33-34;12-13-20,11-26-41;4-13-16;19-28-31,,9-10-17:2;11-33-34:1;12-13-20:0,11-26-41:2;4-13-16:0;19-28-31:0,0,0,N
165,0,,14-36-37;16-30-38;18-19-41,10-12-26;11-40-42;18-30-39,,14-36-37:0;16-30-38:0;18-19-41:2,10-12-26:0;11-40-42:1;18-30-39:1,0,0,N
166,0,,21-22-44;24-25-32;27-28-35,19-24-44;22-27-32;2-37-42,,21-22-44:0;24-25-32:0;27-28-35:1,19-24-44:0;22-27-32:1;2-37-42:0,0,0,N
167,0,,1-6-26;2-37-42;3-13-23,27-30-36;8-37-39;7-9-23,,1-6-26:0;2-37-42:0;3-13-23:0,27-30-36:3;8-37-39:1;7-9-23:0,0,1,N
168,0,,4-9-29;5-40-45;7-12-17,20-22-36;23-25-39;8-10-24,,4-9-29:0;5-40-45:1;7-12-17:0,20-22-36:0;23-25-39:0;8-10-24:1,0,0,N
169,0,,8-33-43;10-15-20;11-31-36,27-29-43;3-5-19;17-30-31,,8-33-43:1;10-15-20:0;11-31-36:0,27-29-43:2;3-5-19:0;17-30-31:0,0,0,N
170,0,,14-34-39;16-21-41;18-28-38,16-17-39;19-20-42;12-34-35,,14-34-39:0;16-21-41:0;18-28-38:0,16-17-39:0;19-20-42:1;12-34-35:0,0,0,N
171,0,,19-24-44;22-27-32;25-30-35,7-10-16;11-38-44;15-32-43,,19-24-44:0;22-27-32:0;25-30-35:2,7-10-16:1;11-38-44:0;15-32-43:0,0,0,N
172,0,,1-11-21;2-7-27;3-38-43,16-28-37;25-27-41;6-34-38,,1-11-21:1;2-7-27:0;3-38-43:0,16-28-37:0;25-27-41:1;6-34-38:0,0,0,Y
173,0,,4-14-24;5-10-30;6-31-41,21-24-45;20-26-38;8-35-41,,4-14-24:1;5-10-30:1;6-31-41:0,21-24-45:1;20-26-38:0;8-35-41:0,0,0,N
174,0,,8-13-18;9-34-44;12-32-37,27-30-36;16-20-33;3-31-35,,8-13-18:2;9-34-44:0;12-32-37:0,27-30-36:0;16-20-33:0;3-31-35:1,0,0,N
175,0,,15-35-40;16-26-36;17-22-42,6-35-37;23-25-39;1-14-30,,15-35-40:0;16-26-36:2;17-22-42:0,6-35-37:0;23-25-39:0;1-14-30:0,0,0,N
176,0,,19-29-39;20-25-45;23-28-33,7-36-38;17-30-31;24-26-40,,19-29-39:0;20-25-45:0;23-28-33:1,7-36-38:0;17-30-31:2;24-26-40:0,0,0,N
177,0,,1-36-41;2-12-22;3-8-28,4-5-27;15-37-38;7-8-30,,1-36-41:1;2-12-22:0;3-8-28:0,4-5-27:0;15-37-38:1;7-8-30:0,0,0,N
178,0,,4-39-44;5-15-25;6-11-16,5-6-28;10-32-33;8-9-16,,4-39-44:0;5-15-25:1;6-11-16:1,5-6-28:1;10-32-33:0;8-9-16:0,0,0,N
179,0,,7-32-42;9-14-19;10-35-45,9-10-17;11-33-34;18-19-41,,7-32-42:0;9-14-19:1;10-35-45:0,9-10-17:2;11-33-34:0;18-19-41:0,0,0,N
180,0,,13-33-38;17-27-37;18-23-43,25-30-35;22-27-32;8-33-43,,13-33-38:0;17-27-37:0;18-23-43:0,25-30-35:0;22-27-32:0;8-33-43:0,0,0,N
181,0,,20-30-40;21-26-31;24-29-34,17-22-42;19-29-39;2-7-27,,20-30-40:1;21-26-31:1;24-29-34:0,17-22-42:0;19-29-39:0;2-7-27:0,0,0,N
182,0,,1-8-27;2-10-21;3-37-44,4-39-44;10-35-45;21-26-31,,1-8-27:1;2-10-21:0;3-37-44:0,4-39-44:0;10-35-45:0;21-26-31:0,0,0,N
183,2,5-13-24;6-32-40,4-11-30,1-8-27,5-13-24:1;6-32-40:1,4-11-30:0,1-8-27:0,0,0,N
184,0,,7-14-18;9-35-43;12-31-38,2-9-28;5-12-16;17-24-43,,7-14-18:0;9-35-43:0;12-31-38:0,2-9-28:1;5-12-16:1;17-24-43:0,0,0,N
185,0,,15-34-41;16-23-42;17-25-36,2-36-43;6-13-17;1-9-20,,15-34-41:0;16-23-42:0;17-25-36:0,2-36-43:1;6-13-17:0;1-9-20:1,0,0,N
186,0,,19-26-45;20-28-39;22-29-33,4-10-22;5-8-29;19-25-37,,19-26-45:2;20-28-39:0;22-29-33:0,4-10-22:2;5-8-29:0;19-25-37:1,0,0,N
187,0,,1-35-42;2-9-28;3-11-22,3-14-16;4-19-34;12-39-45,,1-35-42:1;2-9-28:1;3-11-22:0,3-14-16:0;4-19-34:0;12-39-45:0,0,0,N
188,0,,4-38-45;5-12-16;6-14-25,26-29-35;8-23-38;1-10-28,,4-38-45:0;5-12-16:0;6-14-25:0,26-29-35:0;8-23-38:0;1-10-28:0,0,0,N
189,0,,7-33-41;8-15-19;10-36-44,1-34-43;3-36-45;20-24-37,,7-33-41:0;8-15-19:1;10-36-44:0,1-34-43:0;3-36-45:1;20-24-37:1,0,0,N
190,0,,13-32-39;17-24-43;18-26-37,15-30-45;8-12-25;13-28-43,,13-32-39:0;17-24-43:0;18-26-37:1,15-30-45:1;8-12-25:1;13-28-43:0,0,0,N
191,0,,20-27-31;21-29-40;23-30-34,2-8-20;14-43-45;18-21-42,,20-27-31:0;21-29-40:0;23-30-34:0,2-8-20:0;14-43-45:0;18-21-42:0,0,0,N
192,0,,1-9-20;2-36-43;3-10-29,4-6-20;8-14-26;22-25-31,,1-9-20:0;2-36-43:0;3-10-29:0,4-6-20:1;8-14-26:1;22-25-31:0,0,0,N
193,0,,4-12-23;5-31-39;6-13-17,5-11-23;16-18-32;13-34-37,,4-12-23:0;5-31-39:1;6-13-17:1,5-11-23:0;16-18-32:1;13-34-37:0,0,0,N
194,0,,7-15-26;8-34-42;11-37-45,1-5-18;17-26-44;8-37-39,,7-15-26:2;8-34-42:0;11-37-45:0,1-5-18:0;17-26-44:2;8-37-39:1,0,0,N
195,0,,14-33-40;16-24-35;18-25-44,12-14-28;10-39-41;2-15-16,,14-33-40:1;16-24-35:1;18-25-44:0,12-14-28:0;10-39-41:1;2-15-16:0,0,0,N
196,0,,19-27-38;21-28-32;22-30-41,18-22-35;8-36-40;6-10-23,,19-27-38:0;21-28-32:0;22-30-41:1,18-22-35:1;8-36-40:1;6-10-23:0,0,0,N
197,0,,1-16-31;2-17-32;3-18-33,7-44-45;29-30-37;13-35-36,,1-16-31:1;2-17-32:0;3-18-33:0,7-44-45:2;29-30-37:0;13-35-36:0,0,0,N
198,0,,4-10-22;5-8-29;6-12-24,3-4-26;6-7-29;16-30-38,,4-10-22:0;5-8-29:0;6-12-24:1,3-4-26:0;6-7-29:0;16-30-38:0,0,0,N
199,0,,7-34-40;9-36-42;11-15-28,2-12-22;9-14-19;5-15-25,,7-34-40:0;9-36-42:1;11-15-28:0,2-12-22:1;9-14-19:1;5-15-25:1,0,0,N
200,0,,13-41-45;14-35-38;19-25-37,3-11-22;6-14-25;10-36-44,,13-41-45:1;14-35-38:1;19-25-37:0,3-11-22:0;6-14-25:2;10-36-44:0,0,0,N
201,1,20-23-44,21-27-39;26-30-43,13-41-45;14-35-38,20-23-44:1,21-27-39:1;26-30-43:0,13-41-45:0;14-35-38:1,0,0,N
202,0,,1-33-44;2-38-41;3-14-16,10-38-42;6-33-39;3-9-21,,1-33-44:2;2-38-41:0;3-14-16:1,10-38-42:0;6-33-39:2;3-9-21:0,0,0,N
203,0,,4-19-34;5-20-35;6-21-36,18-30-39;2-35-44;5-14-17,,4-19-34:0;5-20-35:0;6-21-36:0,18-30-39:1;2-35-44:0;5-14-17:0,0,0,N
204,0,,7-13-25;8-11-17;9-15-27,19-30-32;1-12-29;3-7-20,,7-13-25:0;8-11-17:0;9-15-27:0,19-30-32:0;1-12-29:1;3-7-20:1,0,0,N
205,0,,10-37-43;12-39-45;18-29-31,3-13-23;5-40-45;14-34-39,,10-37-43:1;12-39-45:0;18-29-31:1,3-13-23:1;5-40-45:0;14-34-39:0,0,0,N
206,0,,22-28-40;23-26-32;24-30-42,3-38-43;1-11-21;5-10-30,,22-28-40:0;23-26-32:0;24-30-42:0,3-38-43:1;1-11-21:1;5-10-30:0,0,0,N
207,0,,1-10-28;2-6-19;3-12-30,3-37-44;15-34-41;17-25-36,,1-10-28:0;2-6-19:0;3-12-30:1,3-37-44:2;15-34-41:0;17-25-36:0,0,0,N
208,0,,4-32-36;5-41-44;7-22-37,20-27-31;13-32-39;4-38-45,,4-32-36:0;5-41-44:1;7-22-37:0,20-27-31:1;13-32-39:0;4-38-45:0,0,0,N
209,1,11-14-20,8-23-38;9-24-39,17-21-34;13-31-40,11-14-20:1,8-23-38:0;9-24-39:1,17-21-34:0;13-31-40:0,0,0,N
210,0,,13-31-40;15-33-42;16-25-43,12-33-36;9-37-41;7-11-24,,13-31-40:0;15-33-42:0;16-25-43:1,12-33-36:0;9-37-41:1;7-11-24:0,0,0,N
211,0,,17-21-34;18-27-45;26-29-35,15-36-39;10-14-27;19-22-43,,17-21-34:1;18-27-45:0;26-29-35:0,15-36-39:0;10-14-27:0;19-22-43:0,0,0,N
212,0,,1-34-43;2-14-23;3-36-45,8-10-24;12-41-43;17-19-33,,1-34-43:0;2-14-23:0;3-36-45:0,8-10-24:0;12-41-43:1;17-19-33:0,0,0,N
213,0,,4-13-16;5-9-22;6-15-18,10-11-18;12-34-35;13-14-21,,4-13-16:1;5-9-22:1;6-15-18:0,10-11-18:0;12-34-35:0;13-14-21:0,0,0,N
214,0,,7-35-39;8-32-44;10-25-40,4-12-23;5-31-39;16-24-35,,7-35-39:1;8-32-44:0;10-25-40:1,4-12-23:0;5-31-39:1;16-24-35:0,0,0,N
215,0,,11-26-41;12-27-42;17-29-38,7-13-25;22-28-40;10-37-43,,11-26-41:0;12-27-42:0;17-29-38:0,7-13-25:1;22-28-40:0;10-37-43:1,0,0,N
216,0,,19-28-31;20-24-37;21-30-33,15-33-42;16-25-43;2-6-19,,19-28-31:0;20-24-37:0;21-30-33:1,15-33-42:1;16-25-43:1;2-6-19:0,0,0,N
217,1,1-7-19,2-5-26;3-9-21,18-24-36;23-27-40,1-7-19:0,2-5-26:0;3-9-21:0,18-24-36:0;23-27-40:1,0,0,N
218,0,,4-31-37;6-33-39;8-12-25,22-26-39;16-19-40;3-6-27,,4-31-37:0;6-33-39:0;8-12-25:1,22-26-39:0;16-19-40:0;3-6-27:0,0,0,N
219,0,,10-38-42;11-32-35;13-28-43,1-32-45;6-8-22;18-20-34,,10-38-42:0;11-32-35:2;13-28-43:0,1-32-45:0;6-8-22:0;18-20-34:1,0,0,N
220,0,,14-29-44;15-30-45;16-22-34,11-39-43;16-27-44;9-13-26,,14-29-44:0;15-30-45:0;16-22-34:1,11-39-43:2;16-27-44:0;9-13-26:0,0,0,N
221,0,,17-20-41;18-24-36;23-27-40,11-12-19;20-21-43;26-27-34,,17-20-41:1;18-24-36:0;23-27-40:1,11-12-19:0;20-21-43:1;26-27-34:0,0,0,N
222,0,,1-4-25;2-8-20;3-6-27,7-33-41;1-35-42;21-29-40,,1-4-25:0;2-8-20:0;3-6-27:0,7-33-41:1;1-35-42:0;21-29-40:1,0,0,N
223,0,,5-32-38;7-11-24;9-37-41,3-39-42;15-32-43;5-34-36,,5-32-38:0;7-11-24:0;9-37-41:0,3-39-42:1;15-32-43:0;5-34-36:0,0,0,N
224,0,,10-31-34;12-33-36;13-15-29,11-13-27;9-38-40;3-32-34,,10-31-34:0;12-33-36:0;13-15-29:0,11-13-27:1;9-38-40:0;3-32-34:0,0,0,N
225,0,,14-43-45;16-19-40;17-23-35,13-42-44;4-33-35;3-5-19,,14-43-45:0;16-19-40:1;17-23-35:0,13-42-44:1;4-33-35:0;3-5-19:2,0,0,N
226,0,,18-21-42;22-26-39;28-30-44,5-9-22;7-35-39;4-13-16,,18-21-42:1;22-26-39:1;28-30-44:0,5-9-22:1;7-35-39:0;4-13-16:0,0,0,N
227,0,,1-37-40;2-13-30;3-39-42,6-15-18;8-32-44;21-30-33,,1-37-40:0;2-13-30:0;3-39-42:1,6-15-18:1;8-32-44:0;21-30-33:0,0,0,N
228,0,,4-6-20;5-34-36;7-10-16,5-7-21;15-31-44;20-22-36,,4-6-20:0;5-34-36:1;7-10-16:0,5-7-21:0;15-31-44:1;20-22-36:1,0,0,N
229,0,,8-14-26;9-12-18;11-38-44,27-28-35;14-36-37;21-22-44,,8-14-26:0;9-12-18:1;11-38-44:2,27-28-35:0;14-36-37:0;21-22-44:0,0,0,N
230,0,,15-32-43;17-28-45;19-21-35,23-28-33;15-35-40;4-14-24,,15-32-43:1;17-28-45:0;19-21-35:0,23-28-33:1;15-35-40:0;4-14-24:1,0,0,N
231,0,,22-25-31;23-29-41;24-27-33,7-32-42;13-33-38;6-11-16,,22-25-31:1;23-29-41:0;24-27-33:0,7-32-42:0;13-33-38:0;6-11-16:0,0,0,N
232,0,,1-13-22;2-35-44;3-15-24,4-38-45;5-12-16;8-15-19,,1-13-22:0;2-35-44:1;3-15-24:1,4-38-45:0;5-12-16:1;8-15-19:1,0,0,Y
233,0,,4-8-21;5-14-17;6-34-38,8-34-42;1-9-20;4-12-23,,4-8-21:1;5-14-17:1;6-34-38:1,8-34-42:0;1-9-20:0;4-12-23:1,0,0,N
234,0,,7-31-43;9-33-45;10-12-26,6-12-24;13-41-45;11-15-28,,7-31-43:0;9-33-45:0;10-12-26:1,6-12-24:1;13-41-45:1;11-15-28:0,0,0,N
235,0,,11-40-42;16-28-37;18-30-39,6-21-36;22-28-40;23-26-32,,11-40-42:0;16-28-37:1;18-30-39:0,6-21-36:1;22-28-40:1;23-26-32:1,0,0,N
236,0,,19-23-36;20-29-32;25-27-41,26-29-35;18-27-45;7-22-37,,19-23-36:0;20-29-32:0;25-27-41:0,26-29-35:0;18-27-45:0;7-22-37:1,0,0,N
237,0,,1-3-17;2-31-33;4-7-28,4-13-16;20-24-37;1-34-43,,1-3-17:2;2-31-33:0;4-7-28:0,4-13-16:0;20-24-37:1;1-34-43:1,0,0,N
238,0,,5-11-23;6-9-30;8-35-41,6-33-39;14-29-44;11-32-35,,5-11-23:0;6-9-30:0;8-35-41:0,6-33-39:0;14-29-44:0;11-32-35:0,0,0,N
239,0,,10-14-27;12-40-44;13-34-37,17-23-35;2-8-20;13-15-29,,10-14-27:0;12-40-44:1;13-34-37:0,17-23-35:0;2-8-20:0;13-15-29:1,0,0,N
240,0,,15-36-39;16-18-32;19-22-43,7-10-16;11-38-44;24-27-33,,15-36-39:0;16-18-32:1;19-22-43:1,7-10-16:2;11-38-44:0;24-27-33:0,0,0,N
241,0,,20-26-38;21-24-45;25-29-42,10-12-26;16-28-37;11-40-42,,20-26-38:0;21-24-45:1;25-29-42:0,10-12-26:0;16-28-37:2;11-40-42:0,0,0,N
242,0,,1-5-18;2-11-29;3-31-35,12-15-21;22-24-38;25-28-34,,1-5-18:0;2-11-29:0;3-31-35:0,12-15-21:1;22-24-38:0;25-28-34:1,0,0,N
243,0,,4-40-43;6-42-45;7-9-23,5-7-21;3-32-34;12-41-43,,4-40-43:0;6-42-45:1;7-9-23:0,5-7-21:0;3-32-34:0;12-41-43:1,0,0,N
244,0,,8-37-39;10-13-19;12-15-21,12-14-28;18-20-34;2-15-16,,8-37-39:1;10-13-19:1;12-15-21:0,12-14-28:0;18-20-34:0;2-15-16:1,0,0,N
245,0,,14-32-41;16-20-33;17-26-44,5-33-37;21-25-38;16-27-44,,14-32-41:1;16-20-33:0;17-26-44:0,5-33-37:0;21-25-38:1;16-27-44:1,0,0,N
246,0,,22-24-38;25-28-34;27-30-36,15-37-38;9-31-32;22-23-45,,22-24-38:0;25-28-34:0;27-30-36:0,15-37-38:0;9-31-32:0;22-23-45:1,0,0,N
247,0,,1-14-30;2-4-18;3-32-34,13-35-36;14-15-22;20-21-43,,1-14-30:0;2-4-18:0;3-32-34:0,13-35-36:1;14-15-22:1;20-21-43:0,0,0,N
248,0,,5-7-21;6-35-37;8-10-24,12-13-20;1-15-23;14-36-37,,5-7-21:0;6-35-37:0;8-10-24:1,12-13-20:0;1-15-23:1;14-36-37:0,0,0,N
249,0,,9-38-40;11-13-27;12-41-43,3-13-23;7-12-17;18-28-38,,9-38-40:0;11-13-27:1;12-41-43:1,3-13-23:1;7-12-17:0;18-28-38:0,0,0,N
250,0,,15-31-44;16-29-45;17-19-33,2-7-27;6-31-41;9-34-44,,15-31-44:0;16-29-45:1;17-19-33:1,2-7-27:0;6-31-41:0;9-34-44:0,0,0,N
251,0,,20-22-36;23-25-39;26-28-42,13-33-38;18-23-43;9-14-19,,20-22-36:0;23-25-39:1;26-28-42:1,13-33-38:1;18-23-43:0;9-14-19:1,0,0,N
252,0,,1-32-45;2-15-16;3-5-19,12-31-38;19-26-45;7-14-18,,1-32-45:1;2-15-16:0;3-5-19:0,12-31-38:1;19-26-45:2;7-14-18:1,0,0,N
253,0,,4-33-35;6-8-22;7-36-38,11-37-45;14-33-40;7-15-26,,4-33-35:0;6-8-22:1;7-36-38:1,11-37-45:0;14-33-40:0;7-15-26:0,0,0,N
254,0,,9-11-25;10-39-41;12-14-28,5-8-29;19-25-37;1-16-31,,9-11-25:0;10-39-41:0;12-14-28:0,5-8-29:1;19-25-37:1;1-16-31:1,0,0,N
255,0,,13-42-44;17-30-31;18-20-34,5-20-35;4-19-34;24-30-42,,13-42-44:1;17-30-31:0;18-20-34:0,5-20-35:1;4-19-34:0;24-30-42:2,0,0,N
256,0,,21-23-37;24-26-40;27-29-43,2-6-19;9-24-39;4-32-36,,21-23-37:2;24-26-40:0;27-29-43:1,2-6-19:0;9-24-39:0;4-32-36:1,0,0,N
257,0,,1-12-29;2-34-45;3-7-20,3-9-21;23-27-40;13-28-43,,1-12-29:0;2-34-45:0;3-7-20:0,3-9-21:0;23-27-40:1;13-28-43:1,0,0,N
258,0,,4-15-17;5-33-37;6-10-23,10-31-34;5-32-38;1-4-25,,4-15-17:0;5-33-37:0;6-10-23:0,10-31-34:1;5-32-38:1;1-4-25:0,0,0,N
259,0,,8-36-40;9-13-26;11-39-43,20-26-38;12-40-44;1-3-17,,8-36-40:0;9-13-26:0;11-39-43:0,20-26-38:0;12-40-44:0;1-3-17:0,0,0,N
260,0,,14-31-42;16-27-44;18-22-35,6-42-45;4-40-43;14-32-41,,14-31-42:0;16-27-44:0;18-22-35:0,6-42-45:0;4-40-43:1;14-32-41:0,0,0,N
261,1,24-28-41,19-30-32;21-25-38,3-7-20;1-12-29,24-28-41:0,19-30-32:0;21-25-38:0,3-7-20:0;1-12-29:0,0,0,N
262,0,,1-2-24;3-40-41;4-5-27,5-6-28;11-12-19;17-18-40,,1-2-24:1;3-40-41:0;4-5-27:0,5-6-28:0;11-12-19:1;17-18-40:0,0,0,N
263,0,,6-43-44;7-8-30;9-31-32,19-24-44;25-30-35;11-31-36,,6-43-44:0;7-8-30:0;9-31-32:1,19-24-44:0;25-30-35:0;11-31-36:0,0,0,N
264,0,,10-11-18;12-34-35;13-14-21,23-28-33;12-32-37;15-35-40,,10-11-18:0;12-34-35:0;13-14-21:0,23-28-33:0;12-32-37:0;15-35-40:0,0,0,N
265,0,,15-37-38;16-17-39;19-20-42,17-25-36;15-34-41;5-13-24,,15-37-38:2;16-17-39:1;19-20-42:0,17-25-36:0;15-34-41:1;5-13-24:1,0,0,N
266,0,,22-23-45;25-26-33;28-29-36,14-35-38;21-27-39;9-36-42,,22-23-45:1;25-26-33:0;28-29-36:0,14-35-38:0;21-27-39:0;9-36-42:2,0,0,N
267,0,,1-38-39;2-3-25;4-41-42,12-27-42;3-36-45;5-9-22,,1-38-39:0;2-3-25:0;4-41-42:1,12-27-42:0;3-36-45:1;5-9-22:0,0,0,N
268,0,,5-6-28;7-44-45;8-9-16,1-13-22;7-31-43;3-15-24,,5-6-28:0;7-44-45:1;8-9-16:0,1-13-22:0;7-31-43:0;3-15-24:2,0,0,N
269,0,,10-32-33;11-12-19;13-35-36,10-11-18;12-34-35;1-2-24,,10-32-33:0;11-12-19:0;13-35-36:1,10-11-18:1;12-34-35:0;1-2-24:0,0,0,N
270,0,,14-15-22;17-18-40;20-21-43,10-15-20;22-27-32;2-37-42,,14-15-22:0;17-18-40:0;20-21-43:2,10-15-20:1;22-27-32:0;2-37-42:0,0,0,N
271,0,,23-24-31;26-27-34;29-30-37,20-30-40;21-26-31;17-27-37,,23-24-31:0;26-27-34:1;29-30-37:1,20-30-40:1;21-26-31:0;17-27-37:1,0,0,N
272,0,,1-15-23;2-39-40;3-4-26,21-29-40;10-36-44;3-11-22,,1-15-23:0;2-39-40:1;3-4-26:0,21-29-40:0;10-36-44:0;3-11-22:0,0,0,N
273,0,,5-42-43;6-7-29;8-31-45,12-39-45;10-37-43;9-15-27,,5-42-43:0;6-7-29:0;8-31-45:2,12-39-45:0;10-37-43:0;9-15-27:0,0,0,N
274,0,,9-10-17;11-33-34;12-13-20,5-41-44;1-10-28;8-23-38,,9-10-17:0;11-33-34:0;12-13-20:1,5-41-44:0;1-10-28:0;8-23-38:0,0,0,N
275,0,,14-36-37;16-30-38;18-19-41,2-13-30;8-14-26;22-25-31,,14-36-37:1;16-30-38:1;18-19-41:1,2-13-30:0;8-14-26:1;22-25-31:0,0,0,N
276,0,,21-22-44;24-25-32;27-28-35,19-23-36;20-29-32;2-35-44,,21-22-44:1;24-25-32:0;27-28-35:0,19-23-36:0;20-29-32:0;2-35-44:0,0,0,N
277,0,,1-6-26;2-37-42;3-13-23,21-24-45;25-29-42;15-36-39,,1-6-26:0;2-37-42:0;3-13-23:1,21-24-45:0;25-29-42:2;15-36-39:1,0,0,N
278,0,,4-9-29;5-40-45;7-12-17,15-31-44;20-22-36;16-29-45,,4-9-29:0;5-40-45:0;7-12-17:0,15-31-44:0;20-22-36:0;16-29-45:0,0,0,N
279,0,,8-33-43;10-15-20;11-31-36,1-38-39;4-41-42;2-3-25,,8-33-43:0;10-15-20:0;11-31-36:2,1-38-39:1;4-41-42:0;2-3-25:0,0,0,N
280,0,,14-34-39;16-21-41;18-28-38,6-35-37;9-38-40;11-13-27,,14-34-39:0;16-21-41:0;18-28-38:0,6-35-37:1;9-38-40:0;11-13-27:1,0,0,N
281,0,,19-24-44;22-27-32;25-30-35,29-30-37;10-32-33;23-24-31,,19-24-44:0;22-27-32:0;25-30-35:0,29-30-37:0;10-32-33:0;23-24-31:0,0,0,N
282,0,,1-11-21;2-7-27;3-38-43,1-36-41;3-8-28;6-11-16,,1-11-21:0;2-7-27:1;3-38-43:0,1-36-41:0;3-8-28:0;6-11-16:0,0,0,N
283,0,,4-14-24;5-10-30;6-31-41,5-31-39;3-10-29;22-30-41,,4-14-24:0;5-10-30:0;6-31-41:2,5-31-39:1;3-10-29:0;22-30-41:0,0,0,N
284,0,,8-13-18;9-34-44;12-32-37,18-24-36;4-31-37;10-38-42,,8-13-18:0;9-34-44:0;12-32-37:0,18-24-36:1;4-31-37:0;10-38-42:0,0,0,N
285,0,,15-35-40;16-26-36;17-22-42,7-11-24;28-30-44;14-43-45,,15-35-40:1;16-26-36:0;17-22-42:0,7-11-24:0;28-30-44:0;14-43-45:1,0,0,N
286,0,,19-29-39;20-25-45;23-28-33,10-25-40;11-26-41;2-14-23,,19-29-39:1;20-25-45:0;23-28-33:0,10-25-40:1;11-26-41:0;2-14-23:0,0,0,N
287,0,,1-36-41;2-12-22;3-8-28,7-32-42;4-39-44;5-15-25,,1-36-41:0;2-12-22:1;3-8-28:0,7-32-42:0;4-39-44:0;5-15-25:0,0,0,N
288,0,,4-39-44;5-15-25;6-11-16,7-33-41;6-14-25;17-24-43,,4-39-44:0;5-15-25:0;6-11-16:0,7-33-41:1;6-14-25:0;17-24-43:1,0,0,N
289,0,,7-32-42;9-14-19;10-35-45,1-5-18;10-13-19;17-26-44,,7-32-42:1;9-14-19:1;10-35-45:0,1-5-18:0;10-13-19:0;17-26-44:0,0,0,N
290,0,,13-33-38;17-27-37;18-23-43,8-10-24;1-14-30;6-35-37,,13-33-38:1;17-27-37:0;18-23-43:1,8-10-24:1;1-14-30:0;6-35-37:0,0,0,Y
291,0,,20-30-40;21-26-31;24-29-34,13-42-44;18-20-34;10-39-41,,20-30-40:1;21-26-31:0;24-29-34:0,13-42-44:1;18-20-34:2;10-39-41:0,0,0,N
292,0,,1-8-27;2-10-21;3-37-44,18-22-35;3-7-20;2-34-45,,1-8-27:0;2-10-21:0;3-37-44:0,18-22-35:1;3-7-20:0;2-34-45:1,0,0,N
293,0,,4-11-30;5-13-24;6-32-40,9-31-32;25-26-33;10-11-18,,4-11-30:0;5-13-24:0;6-32-40:0,9-31-32:1;25-26-33:1;10-11-18:0,0,0,N
294,0,,7-14-18;9-35-43;12-31-38,29-30-37;10-32-33;8-9-16,,7-14-18:0;9-35-43:0;12-31-38:1,29-30-37:2;10-32-33:1;8-9-16:0,0,0,N
295,0,,15-34-41;16-23-42;17-25-36,2-39-40;6-7-29;9-10-17,,15-34-41:0;16-23-42:1;17-25-36:0,2-39-40:0;6-7-29:0;9-10-17:0,0,0,N
296,0,,19-26-45;20-28-39;22-29-33,1-6-26;4-9-29;7-12-17,,19-26-45:1;20-28-39:0;22-29-33:0,1-6-26:0;4-9-29:0;7-12-17:0,0,0,N
297,0,,1-35-42;2-9-28;3-11-22,8-13-18;15-35-40;5-10-30,,1-35-42:0;2-9-28:1;3-11-22:1,8-13-18:0;15-35-40:0;5-10-30:0,0,0,N
298,0,,4-38-45;5-12-16;6-14-25,9-14-19;20-30-40;7-32-42,,4-38-45:0;5-12-16:1;6-14-25:0,9-14-19:1;20-30-40:1;7-32-42:0,0,0,N
299,0,,7-33-41;8-15-19;10-36-44,1-8-27;22-29-33;6-32-40,,7-33-41:0;8-15-19:0;10-36-44:1,1-8-27:1;22-29-33:0;6-32-40:0,0,0,N
300,0,,13-32-39;17-24-43;18-26-37,6-14-25;10-36-44;1-35-42,,13-32-39:0;17-24-43:0;18-26-37:1,6-14-25:0;10-36-44:1;1-35-42:0,0,0,N
301,0,,20-27-31;21-29-40;23-30-34,19-27-38;5-31-39;1-9-20,,20-27-31:0;21-29-40:0;23-30-34:0,19-27-38:0;5-31-39:0;1-9-20:0,0,0,N
302,0,,1-9-20;2-36-43;3-10-29,26-30-43;7-34-40;13-41-45,,1-9-20:1;2-36-43:0;3-10-29:0,26-30-43:0;7-34-40:0;13-41-45:1,0,0,N
303,0,,4-12-23;5-31-39;6-13-17,4-19-34;7-13-25;5-20-35,,4-12-23:0;5-31-39:0;6-13-17:1,4-19-34:0;7-13-25:0;5-20-35:0,0,0,N
304,0,,7-15-26;8-34-42;11-37-45,11-14-20;17-21-34;8-23-38,,7-15-26:1;8-34-42:0;11-37-45:0,11-14-20:0;17-21-34:0;8-23-38:0,0,0,N
305,0,,14-33-40;16-24-35;18-25-44,4-13-16;11-26-41;17-29-38,,14-33-40:0;16-24-35:0;18-25-44:1,4-13-16:0;11-26-41:0;17-29-38:0,0,0,N
306,0,,19-27-38;21-28-32;22-30-41,18-24-36;3-9-21;6-33-39,,19-27-38:0;21-28-32:0;22-30-41:2,18-24-36:1;3-9-21:0;6-33-39:0,0,0,N
307,0,,1-16-31;2-17-32;3-18-33,28-30-44;10-31-34;1-4-25,,1-16-31:0;2-17-32:0;3-18-33:0,28-30-44:0;10-31-34:0;1-4-25:1,0,0,N
308,0,,4-10-22;5-8-29;6-12-24,22-25-31;17-28-45;9-12-18,,4-10-22:0;5-8-29:0;6-12-24:0,22-25-31:0;17-28-45:2;9-12-18:0,0,0,N
309,0,,7-34-40;9-36-42;11-15-28,21-24-45;10-14-27;1-3-17,,7-34-40:0;9-36-42:1;11-15-28:1,21-24-45:0;10-14-27:0;1-3-17:1,0,0,N
310,0,,13-41-45;14-35-38;19-25-37,1-32-45;2-15-16;9-11-25,,13-41-45:1;14-35-38:0;19-25-37:1,1-32-45:1;2-15-16:0;9-11-25:0,0,0,N
311,0,,20-23-44;21-27-39;26-30-43,5-33-37;16-27-44;24-28-41,,20-23-44:0;21-27-39:1;26-30-43:0,5-33-37:0;16-27-44:1;24-28-41:2,0,0,N
312,0,,1-33-44;2-38-41;3-14-16,12-34-35;1-2-24;28-29-36,,1-33-44:0;2-38-41:1;3-14-16:1,12-34-35:1;1-2-24:1;28-29-36:0,0,0,N
313,0,,4-19-34;5-20-35;6-21-36,5-6-28;11-12-19;2-3-25,,4-19-34:1;5-20-35:1;6-21-36:0,5-6-28:0;11-12-19:0;2-3-25:0,0,0,N
314,0,,7-13-25;8-11-17;9-15-27,25-30-35;8-33-43;2-37-42,,7-13-25:0;8-11-17:1;9-15-27:1,25-30-35:0;8-33-43:0;2-37-42:0,0,0,N
315,0,,10-37-43;12-39-45;18-29-31,13-33-38;1-36-41;5-15-25,,10-37-43:1;12-39-45:1;18-29-31:0,13-33-38:2;1-36-41:1;5-15-25:0,0,0,N
316,1,23-26-32,22-28-40;24-30-42,12-39-45;1-33-44,23-26-32:0,22-28-40:0;24-30-42:0,12-39-45:1;1-33-44:0,0,0,N
317,0,,1-10-28;2-6-19;3-12-30,10-38-42;11-32-35;23-27-40,,1-10-28:1;2-6-19:0;3-12-30:1,10-38-42:1;11-32-35:1;23-27-40:0,0,0,N
318,0,,4-32-36;5-41-44;7-22-37,4-8-21;10-12-26;1-13-22,,4-32-36:0;5-41-44:0;7-22-37:0,4-8-21:0;10-12-26:0;1-13-22:0,0,0,N
319,0,,8-23-38;9-24-39;11-14-20,19-22-43;20-26-38;13-34-37,,8-23-38:1;9-24-39:0;11-14-20:0,19-22-43:1;20-26-38:0;13-34-37:0,0,0,N
320,0,,13-31-40;15-33-42;16-25-43,25-28-34;16-20-33;6-42-45,,13-31-40:0;15-33-42:0;16-25-43:2,25-28-34:1;16-20-33:1;6-42-45:1,0,0,N
321,0,,17-21-34;18-27-45;26-29-35,23-25-39;12-41-43;3-32-34,,17-21-34:2;18-27-45:1;26-29-35:0,23-25-39:1;12-41-43:1;3-32-34:1,0,0,N
322,0,,1-34-43;2-14-23;3-36-45,26-27-34;4-41-42;17-18-40,,1-34-43:1;2-14-23:0;3-36-45:0,26-27-34:0;4-41-42:0;17-18-40:1,0,0,N
323,0,,4-13-16;5-9-22;6-15-18,3-38-43;9-34-44;20-25-45,,4-13-16:0;5-9-22:0;6-15-18:1,3-38-43:0;9-34-44:0;20-25-45:0,0,0,N
324,0,,7-35-39;8-32-44;10-25-40,3-37-44;2-10-21;15-34-41,,7-35-39:0;8-32-44:0;10-25-40:1,3-37-44:0;2-10-21:2;15-34-41:0,0,0,N
325,0,,11-26-41;12-27-42;17-29-38,4-12-23;6-13-17;18-25-44,,11-26-41:0;12-27-42:0;17-29-38:1,4-12-23:0;6-13-17:1;18-25-44:1,0,0,N
326,0,,19-28-31;20-24-37;21-30-33,4-6-20;15-32-43;11-38-44,,19-28-31:0;20-24-37:0;21-30-33:1,4-6-20:0;15-32-43:0;11-38-44:0,0,0,N
327,0,,1-7-19;2-5-26;3-9-21,9-33-45;19-23-36;11-40-42,,1-7-19:0;2-5-26:0;3-9-21:0,9-33-45:0;19-23-36:0;11-40-42:0,0,0,N
328,0,,4-31-37;6-33-39;8-12-25,4-14-24;12-32-37;6-31-41,,4-31-37:0;6-33-39:1;8-12-25:0,4-14-24:0;12-32-37:0;6-31-41:1,0,0,N
329,0,,10-38-42;11-32-35;13-28-43,24-29-34;3-8-28;6-11-16,,10-38-42:1;11-32-35:1;13-28-43:0,24-29-34:0;3-8-28:0;6-11-16:0,0,0,N
330,0,,14-29-44;15-30-45;16-22-34,16-23-42;4-11-30;17-25-36,,14-29-44:0;15-30-45:0;16-22-34:1,16-23-42:1;4-11-30:1;17-25-36:1,0,0,N
331,0,,17-20-41;18-24-36;23-27-40,3-11-22;4-38-45;17-24-43,,17-20-41:0;18-24-36:0;23-27-40:0,3-11-22:0;4-38-45:1;17-24-43:0,0,0,N
332,0,,1-4-25;2-8-20;3-6-27,9-36-42;14-35-38;1-16-31,,1-4-25:0;2-8-20:0;3-6-27:0,9-36-42:2;14-35-38:0;1-16-31:1,0,0,N
333,0,,5-32-38;7-11-24;9-37-41,8-11-17;4-19-34;24-30-42,,5-32-38:1;7-11-24:0;9-37-41:0,8-11-17:0;4-19-34:0;24-30-42:1,0,0,Y
334,0,,10-31-34;12-33-36;13-15-29,3-12-30;26-29-35;16-25-43,,10-31-34:0;12-33-36:0;13-15-29:3,3-12-30:0;26-29-35:1;16-25-43:1,1,0,N
335,0,,14-43-45;16-19-40;17-23-35,21-30-33;7-35-39;4-13-16,,14-43-45:1;16-19-40:1;17-23-35:1,21-30-33:0;7-35-39:0;4-13-16:1,0,0,N
336,0,,18-21-42;22-26-39;28-30-44,2-5-26;15-30-45;3-9-21,,18-21-42:0;22-26-39:0;28-30-44:1,2-5-26:1;15-30-45:0;3-9-21:1,0,0,N
337,0,,1-37-40;2-13-30;3-39-42,28-30-44;3-6-27;16-19-40,,1-37-40:2;2-13-30:0;3-39-42:0,28-30-44:0;3-6-27:0;16-19-40:0,0,0,N
338,1,4-6-20,5-34-36;7-10-16,1-37-40;8-14-26,4-6-20:0,5-34-36:1;7-10-16:0,1-37-40:0;8-14-26:0,0,0,N
339,0,,8-14-26;9-12-18;11-38-44,1-13-22;16-28-37;6-34-38,,8-14-26:2;9-12-18:0;11-38-44:0,1-13-22:0;16-28-37:1;6-34-38:1,0,0,N
340,0,,15-32-43;17-28-45;19-21-35,10-14-27;21-24-45;13-34-37,,15-32-43:0;17-28-45:0;19-21-35:0,10-14-27:0;21-24-45:1;13-34-37:1,0,0,N
341,0,,22-25-31;23-29-41;24-27-33,2-11-29;14-32-41;22-24-38,,22-25-31:0;23-29-41:0;24-27-33:0,2-11-29:0;14-32-41:0;22-24-38:0,0,0,N
342,0,,1-13-22;2-35-44;3-15-24,23-25-39;12-41-43;1-14-30,,1-13-22:2;2-35-44:0;3-15-24:0,23-25-39:0;12-41-43:1;1-14-30:2,0,0,N
343,0,,4-8-21;5-14-17;6-34-38,18-20-34;27-29-43;13-42-44,,4-8-21:0;5-14-17:1;6-34-38:0,18-20-34:0;27-29-43:2;13-42-44:0,0,0,N
344,0,,7-31-43;9-33-45;10-12-26,11-39-43;1-12-29;4-15-17,,7-31-43:0;9-33-45:1;10-12-26:0,11-39-43:0;1-12-29:1;4-15-17:1,0,0,N
345,0,,11-40-42;16-28-37;18-30-39,1-38-39;2-3-25;5-6-28,,11-40-42:1;16-28-37:0;18-30-39:1,1-38-39:1;2-3-25:0;5-6-28:0,0,0,N
346,0,,19-23-36;20-29-32;25-27-41,1-15-23;12-13-20;6-7-29,,19-23-36:0;20-29-32:0;25-27-41:0,1-15-23:0;12-13-20:1;6-7-29:0,0,0,N
347,0,,1-3-17;2-31-33;4-7-28,14-34-39;22-27-32;19-24-44,,1-3-17:1;2-31-33:0;4-7-28:0,14-34-39:0;22-27-32:2;19-24-44:0,0,0,N
348,0,,5-11-23;6-9-30;8-35-41,8-13-18;2-7-27;17-22-42,,5-11-23:0;6-9-30:0;8-35-41:0,8-13-18:0;2-7-27:0;17-22-42:1,0,0,N
349,0,,10-14-27;12-40-44;13-34-37,24-29-34;21-26-31;3-8-28,,10-14-27:1;12-40-44:0;13-34-37:1,24-29-34:1;21-26-31:0;3-8-28:0,0,0,N
350,0,,15-36-39;16-18-32;19-22-43,6-14-25;10-36-44;13-32-39,,15-36-39:0;16-18-32:1;19-22-43:0,6-14-25:0;10-36-44:0;13-32-39:0,0,0,N
351,0,,20-26-38;21-24-45;25-29-42,16-24-35;1-9-20;18-25-44,,20-26-38:0;21-24-45:0;25-29-42:2,16-24-35:0;1-9-20:0;18-25-44:1,0,0,N
352,0,,1-5-18;2-11-29;3-31-35,5-20-35;7-13-25;18-29-31,,1-5-18:1;2-11-29:0;3-31-35:0,5-20-35:2;7-13-25:0;18-29-31:0,0,0,N
353,0,,4-40-43;6-42-45;7-9-23,16-22-34;17-20-41;18-24-36,,4-40-43:0;6-42-45:0;7-9-23:0,16-22-34:2;17-20-41:0;18-24-36:1,0,0,N
354,0,,8-37-39;10-13-19;12-15-21,19-21-35;22-25-31;23-29-41,,8-37-39:0;10-13-19:1;12-15-21:0,19-21-35:1;22-25-31:0;23-29-41:0,0,0,N
355,0,,14-32-41;16-20-33;17-26-44,19-23-36;7-31-43;9-33-45,,14-32-41:0;16-20-33:0;17-26-44:1,19-23-36:0;7-31-43:0;9-33-45:0,0,0,N
356,0,,22-24-38;25-28-34;27-30-36,8-35-41;20-26-38;5-11-23,,22-24-38:0;25-28-34:1;27-30-36:0,8-35-41:1;20-26-38:0;5-11-23:0,0,0,N
357,0,,1-14-30;2-4-18;3-32-34,28-29-36;22-23-45;7-8-30,,1-14-30:1;2-4-18:1;3-32-34:0,28-29-36:1;22-23-45:0;7-8-30:0,0,0,N
358,0,,5-7-21;6-35-37;8-10-24,12-32-37;5-10-30;4-14-24,,5-7-21:1;6-35-37:0;8-10-24:1,12-32-37:1;5-10-30:1;4-14-24:0,0,0,N
359,0,,9-38-40;11-13-27;12-41-43,1-36-41;9-14-19;2-12-22,,9-38-40:1;11-13-27:0;12-41-43:0,1-36-41:1;9-14-19:1;2-12-22:0,0,0,N
360,0,,15-31-44;16-29-45;17-19-33,2-10-21;19-26-45;16-23-42,,15-31-44:0;16-29-45:1;17-19-33:0,2-10-21:0;19-26-45:0;16-23-42:2,0,0,N
361,0,,20-22-36;23-25-39;26-28-42,20-23-44;19-25-37;14-35-38,,20-22-36:0;23-25-39:0;26-28-42:0,20-23-44:0;19-25-37:0;14-35-38:1,0,0,N
362,0,,1-32-45;2-15-16;3-5-19,3-15-24;25-27-41;2-35-44,,1-32-45:0;2-15-16:1;3-5-19:1,3-15-24:1;25-27-41:1;2-35-44:1,0,0,N
363,0,,4-33-35;6-8-22;7-36-38,25-29-42;6-9-30;2-31-33,,4-33-35:0;6-8-22:0;7-36-38:1,25-29-42:0;6-9-30:0;2-31-33:0,0,0,N
364,0,,9-11-25;10-39-41;12-14-28,3-32-34;9-38-40;11-13-27,,9-11-25:0;10-39-41:0;12-14-28:1,3-32-34:0;9-38-40:1;11-13-27:0,0,0,N
365,0,,13-42-44;17-30-31;18-20-34,24-26-40;2-15-16;3-5-19,,13-42-44:0;17-30-31:1;18-20-34:0,24-26-40:1;2-15-16:1;3-5-19:1,0,0,N
366,0,,21-23-37;24-26-40;27-29-43,4-5-27;15-37-38;25-26-33,,21-23-37:0;24-26-40:1;27-29-43:1,4-5-27:2;15-37-38:0;25-26-33:1,0,0,N
367,0,,1-12-29;2-34-45;3-7-20,5-12-16;8-15-19;20-27-31,,1-12-29:1;2-34-45:0;3-7-20:1,5-12-16:0;8-15-19:0;20-27-31:0,0,0,N
368,0,,4-15-17;5-33-37;6-10-23,5-9-22;10-25-40;8-32-44,,4-15-17:0;5-33-37:0;6-10-23:0,5-9-22:0;10-25-40:0;8-32-44:0,0,0,N
369,0,,8-36-40;9-13-26;11-39-43,17-26-44;27-30-36;6-42-45,,8-36-40:1;9-13-26:0;11-39-43:1,17-26-44:1;27-30-36:1;6-42-45:0,0,0,N
370,0,,14-31-42;16-27-44;18-22-35,7-36-38;10-39-41;17-30-31,,14-31-42:1;16-27-44:2;18-22-35:1,7-36-38:0;10-39-41:0;17-30-31:0,0,0,N
371,0,,19-30-32;21-25-38;24-28-41,21-22-44;8-31-45;9-10-17,,19-30-32:0;21-25-38:0;24-28-41:0,21-22-44:0;8-31-45:0;9-10-17:1,0,0,N
372,0,,1-2-24;3-40-41;4-5-27,2-37-42;7-12-17;10-15-20,,1-2-24:0;3-40-41:0;4-5-27:0,2-37-42:0;7-12-17:0;10-15-20:0,0,0,N
373,0,,6-43-44;7-8-30;9-31-32,1-8-27;4-11-30;7-14-18,,6-43-44:1;7-8-30:0;9-31-32:0,1-8-27:0;4-11-30:0;7-14-18:0,0,0,N
374,0,,10-11-18;12-34-35;13-14-21,11-15-28;26-30-43;9-36-42,,10-11-18:1;12-34-35:1;13-14-21:1,11-15-28:2;26-30-43:0;9-36-42:0,0,0,N
375,0,,15-37-38;16-17-39;19-20-42,6-15-18;17-29-38;11-26-41,,15-37-38:0;16-17-39:0;19-20-42:1,6-15-18:0;17-29-38:0;11-26-41:0,0,0,N
376,0,,22-23-45;25-26-33;28-29-36,19-30-32;21-25-38;2-34-45,,22-23-45:0;25-26-33:0;28-29-36:1,19-30-32:0;21-25-38:0;2-34-45:0,0,0,N
377,0,,1-38-39;2-3-25;4-41-42,17-24-43;2-9-28;1-35-42,,1-38-39:0;2-3-25:0;4-41-42:0,17-24-43:1;2-9-28:0;1-35-42:0,0,0,N
378,0,,5-6-28;7-44-45;8-9-16,2-36-43;11-37-45;22-30-41,,5-6-28:1;7-44-45:0;8-9-16:0,2-36-43:0;11-37-45:0;22-30-41:1,0,0,N
379,0,,10-32-33;11-12-19;13-35-36,14-43-45;5-32-38;13-15-29,,10-32-33:1;11-12-19:0;13-35-36:1,14-43-45:0;5-32-38:0;13-15-29:0,0,0,N
380,0,,14-15-22;17-18-40;20-21-43,6-35-37;8-10-24;20-22-36,,14-15-22:0;17-18-40:1;20-21-43:0,6-35-37:1;8-10-24:1;20-22-36:0,0,0,N
381,0,,23-24-31;26-27-34;29-30-37,2-15-16;6-8-22;24-26-40,,23-24-31:0;26-27-34:0;29-30-37:0,2-15-16:1;6-8-22:0;24-26-40:0,0,0,Y
382,0,,1-15-23;2-39-40;3-4-26,6-10-23;11-39-43;16-27-44,,1-15-23:1;2-39-40:0;3-4-26:0,6-10-23:1;11-39-43:0;16-27-44:1,0,0,N
383,0,,5-42-43;6-7-29;8-31-45,22-23-45;1-2-24;19-20-42,,5-42-43:0;6-7-29:0;8-31-45:0,22-23-45:0;1-2-24:0;19-20-42:0,0,0,N
384,0,,9-10-17;11-33-34;12-13-20,10-32-33;29-30-37;4-41-42,,9-10-17:0;11-33-34:1;12-13-20:0,10-32-33:1;29-30-37:0;4-41-42:0,0,0,N
385,2,14-36-37;16-30-38,18-19-41,11-33-34,14-36-37:0;16-30-38:0,18-19-41:1,11-33-34:0,0,0,N
386,0,,21-22-44;24-25-32;27-28-35,6-32-40;7-14-18;12-31-38,,21-22-44:0;24-25-32:0;27-28-35:0,6-32-40:1;7-14-18:1;12-31-38:1,0,0,N
387,0,,1-6-26;2-37-42;3-13-23,4-38-45;7-33-41;8-15-19,,1-6-26:2;2-37-42:0;3-13-23:0,4-38-45:0;7-33-41:0;8-15-19:0,0,0,N
388,0,,4-9-29;5-40-45;7-12-17,1-9-20;7-15-26;8-34-42,,4-9-29:2;5-40-45:0;7-12-17:1,1-9-20:2;7-15-26:0;8-34-42:1,0,0,N
389,0,,8-33-43;10-15-20;11-31-36,9-15-27;8-11-17;23-26-32,,8-33-43:0;10-15-20:1;11-31-36:0,9-15-27:0;8-11-17:0;23-26-32:2,0,0,N
390,0,,14-34-39;16-21-41;18-28-38,18-27-45;11-14-20;26-29-35,,14-34-39:1;16-21-41:1;18-28-38:1,18-27-45:0;11-14-20:0;26-29-35:0,0,0,N
391,0,,19-24-44;22-27-32;25-30-35,20-24-37;7-35-39;6-15-18,,19-24-44:0;22-27-32:1;25-30-35:0,20-24-37:0;7-35-39:1;6-15-18:1,0,0,N
392,0,,1-11-21;2-7-27;3-38-43,15-30-45;6-33-39;11-32-35,,1-11-21:1;2-7-27:1;3-38-43:1,15-30-45:0;6-33-39:0;11-32-35:0,0,0,N
393,0,,4-14-24;5-10-30;6-31-41,14-43-45;1-4-25;7-11-24,,4-14-24:0;5-10-30:0;6-31-41:1,14-43-45:1;1-4-25:0;7-11-24:0,0,0,N
394,0,,8-13-18;9-34-44;12-32-37,9-12-18;7-10-16;17-28-45,,8-13-18:1;9-34-44:0;12-32-37:0,9-12-18:0;7-10-16:0;17-28-45:1,0,0,N
395,0,,15-35-40;16-26-36;17-22-42,13-34-37;15-36-39;19-22-43,,15-35-40:2;16-26-36:1;17-22-42:0,13-34-37:0;15-36-39:1;19-22-43:0,0,0,N
396,0,,19-29-39;20-25-45;23-28-33,12-15-21;16-20-33;3-31-35,,19-29-39:0;20-25-45:2;23-28-33:0,12-15-21:0;16-20-33:1;3-31-35:1,0,0,N
397,0,,1-36-41;2-12-22;3-8-28,15-31-44;3-32-34;16-29-45,,1-36-41:0;2-12-22:2;3-8-28:0,15-31-44:0;3-32-34:0;16-29-45:0,0,0,N
398,0,,4-39-44;5-15-25;6-11-16,18-22-35;21-25-38;8-36-40,,4-39-44:1;5-15-25:1;6-11-16:0,18-22-35:0;21-25-38:0;8-36-40:0,0,0,N
399,0,,7-32-42;9-14-19;10-35-45,5-42-43;21-22-44;9-10-17,,7-32-42:1;9-14-19:2;10-35-45:0,5-42-43:1;21-22-44:0;9-10-17:2,0,0,N
400,0,,13-33-38;17-27-37;18-23-43,2-37-42;1-6-26;4-9-29,,13-33-38:0;17-27-37:1;18-23-43:1,2-37-42:0;1-6-26:0;4-9-29:1,0,0,N
401,0,,20-30-40;21-26-31;24-29-34,2-12-22;9-14-19;17-27-37,,20-30-40:0;21-26-31:1;24-29-34:0,2-12-22:1;9-14-19:0;17-27-37:0,0,0,N
402,0,,1-8-27;2-10-21;3-37-44,2-9-28;5-12-16;20-27-31,,1-8-27:0;2-10-21:0;3-37-44:0,2-9-28:1;5-12-16:1;20-27-31:0,0,0,N
403,0,,4-11-30;5-13-24;6-32-40,11-15-28;19-25-37;2-17-32,,4-11-30:0;5-13-24:1;6-32-40:0,11-15-28:1;19-25-37:1;2-17-32:0,0,0,N
404,0,,7-14-18;9-35-43;12-31-38,18-24-36;2-5-26;4-31-37,,7-14-18:0;9-35-43:0;12-31-38:0,18-24-36:1;2-5-26:1;4-31-37:0,0,0,N
405,0,,15-34-41;16-23-42;17-25-36,9-33-45;19-23-36;5-14-17,,15-34-41:0;16-23-42:0;17-25-36:1,9-33-45:0;19-23-36:0;5-14-17:0,0,0,N
406,0,,19-26-45;20-28-39;22-29-33,20-26-38;12-40-44;2-31-33,,19-26-45:0;20-28-39:0;22-29-33:0,20-26-38:0;12-40-44:1;2-31-33:0,0,0,N
407,0,,1-35-42;2-9-28;3-11-22,1-32-45;7-36-38;21-23-37,,1-35-42:0;2-9-28:0;3-11-22:0,1-32-45:0;7-36-38:1;21-23-37:0,0,0,N
408,0,,4-38-45;5-12-16;6-14-25,1-38-39;5-6-28;13-35-36,,4-38-45:0;5-12-16:0;6-14-25:0,1-38-39:0;5-6-28:0;13-35-36:0,0,0,N
409,0,,7-33-41;8-15-19;10-36-44,16-21-41;10-15-20;22-27-32,,7-33-41:0;8-15-19:0;10-36-44:0,16-21-41:1;10-15-20:0;22-27-32:1,0,0,N
410,0,,13-32-39;17-24-43;18-26-37,1-11-21;6-31-41;3-38-43,,13-32-39:1;17-24-43:0;18-26-37:1,1-11-21:1;6-31-41:1;3-38-43:1,0,0,N
411,0,,20-27-31;21-29-40;23-30-34,18-23-43;7-32-42;1-36-41,,20-27-31:0;21-29-40:0;23-30-34:0,18-23-43:0;7-32-42:0;1-36-41:0,0,0,N
412,0,,1-9-20;2-36-43;3-10-29,9-35-43;3-37-44;5-13-24,,1-9-20:0;2-36-43:0;3-10-29:0,9-35-43:0;3-37-44:0;5-13-24:0,0,0,N
413,0,,4-12-23;5-31-39;6-13-17,9-36-42;13-41-45;7-34-40,,4-12-23:1;5-31-39:0;6-13-17:0,9-36-42:1;13-41-45:0;7-34-40:2,0,0,N
414,0,,7-15-26;8-34-42;11-37-45,13-31-40;2-6-19;9-24-39,,7-15-26:1;8-34-42:0;11-37-45:0,13-31-40:0;2-6-19:1;9-24-39:0,0,0,N
415,0,,14-33-40;16-24-35;18-25-44,2-13-30;8-14-26;22-25-31,,14-33-40:1;16-24-35:0;18-25-44:0,2-13-30:1;8-14-26:1;22-25-31:0,0,0,N
416,0,,19-27-38;21-28-32;22-30-41,17-19-33;20-22-36;26-28-42,,19-27-38:0;21-28-32:0;22-30-41:1,17-19-33:0;20-22-36:1;26-28-42:1,0,0,N
417,0,,1-16-31;2-17-32;3-18-33,7-8-30;10-11-18;25-26-33,,1-16-31:0;2-17-32:0;3-18-33:0,7-8-30:0;10-11-18:0;25-26-33:0,0,0,N
418,0,,4-10-22;5-8-29;6-12-24,20-21-43;14-15-22;7-44-45,,4-10-22:0;5-8-29:0;6-12-24:0,20-21-43:0;14-15-22:1;7-44-45:0,0,0,N
419,0,,7-34-40;9-36-42;11-15-28,3-8-28;21-26-31;6-11-16,,7-34-40:0;9-36-42:0;11-15-28:2,3-8-28:1;21-26-31:0;6-11-16:1,0,0,N
420,0,,13-41-45;14-35-38;19-25-37,22-28-40;24-30-42;7-13-25,,13-41-45:0;14-35-38:0;19-25-37:0,22-28-40:0;24-30-42:0;7-13-25:0,0,0,N
421,0,,20-23-44;21-27-39;26-30-43,17-21-34;4-32-36;1-10-28,,20-23-44:1;21-27-39:1;26-30-43:1,17-21-34:0;4-32-36:0;1-10-28:1,0,0,N
422,0,,1-33-44;2-38-41;3-14-16,4-6-20;11-38-44;24-27-33,,1-33-44:1;2-38-41:0;3-14-16:0,4-6-20:0;11-38-44:1;24-27-33:0,0,0,N
423,0,,4-19-34;5-20-35;6-21-36,10-12-26;3-15-24;4-8-21,,4-19-34:0;5-20-35:0;6-21-36:0,10-12-26:0;3-15-24:0;4-8-21:0,0,0,N
424,0,,7-13-25;8-11-17;9-15-27,1-3-17;10-14-27;25-29-42,,7-13-25:0;8-11-17:1;9-15-27:0,1-3-17:0;10-14-27:1;25-29-42:0,0,0,N
425,0,,10-37-43;12-39-45;18-29-31,25-30-35;11-31-36;19-24-44,,10-37-43:1;12-39-45:0;18-29-31:0,25-30-35:0;11-31-36:0;19-24-44:0,0,0,N
426,0,,22-28-40;23-26-32;24-30-42,19-27-38;14-33-40;3-10-29,,22-28-40:0;23-26-32:0;24-30-42:0,19-27-38:1;14-33-40:0;3-10-29:0,0,0,N
427,0,,1-10-28;2-6-19;3-12-30,8-37-39;4-40-43;17-26-44,,1-10-28:1;2-6-19:1;3-12-30:1,8-37-39:0;4-40-43:0;17-26-44:0,0,0,N
428,0,,4-32-36;5-41-44;7-22-37,28-30-44;3-6-27;13-15-29,,4-32-36:0;5-41-44:0;7-22-37:2,28-30-44:0;3-6-27:0;13-15-29:0,0,0,N
429,0,,8-23-38;9-24-39;11-14-20,8-31-45;12-13-20;18-19-41,,8-23-38:1;9-24-39:1;11-14-20:0,8-31-45:0;12-13-20:0;18-19-41:0,0,0,N
430,0,,13-31-40;15-33-42;16-25-43,16-26-36;23-28-33;9-34-44,,13-31-40:0;15-33-42:0;16-25-43:1,16-26-36:1;23-28-33:0;9-34-44:1,0,0,N
431,0,,17-21-34;18-27-45;26-29-35,3-14-16;18-29-31;4-19-34,,17-21-34:0;18-27-45:2;26-29-35:0,3-14-16:0;18-29-31:2;4-19-34:0,0,0,N
432,1,3-36-45,1-34-43;2-14-23,10-25-40;19-28-31,3-36-45:1,1-34-43:0;2-14-23:1,10-25-40:0;19-28-31:0,0,0,N
433,0,,4-13-16;5-9-22;6-15-18,1-8-27;22-29-33;2-10-21,,4-13-16:0;5-9-22:0;6-15-18:0,1-8-27:0;22-29-33:2;2-10-21:0,0,0,N
434,0,,7-35-39;8-32-44;10-25-40,1-35-42;17-24-43;23-30-34,,7-35-39:0;8-32-44:0;10-25-40:0,1-35-42:0;17-24-43:1;23-30-34:0,0,0,N
435,0,,11-26-41;12-27-42;17-29-38,11-37-45;3-10-29;1-9-20,,11-26-41:1;12-27-42:0;17-29-38:1,11-37-45:1;3-10-29:0;1-9-20:0,0,0,Y
436,0,,19-28-31;20-24-37;21-30-33,5-8-29;1-16-31;26-30-43,,19-28-31:0;20-24-37:1;21-30-33:1,5-8-29:0;1-16-31:0;26-30-43:0,0,0,N
437,0,,1-7-19;2-5-26;3-9-21,3-14-16;5-20-35;22-28-40,,1-7-19:0;2-5-26:0;3-9-21:0,3-14-16:1;5-20-35:0;22-28-40:0,0,0,N
438,0,,4-31-37;6-33-39;8-12-25,17-21-34;26-29-35;5-41-44,,4-31-37:0;6-33-39:1;8-12-25:1,17-21-34:0;26-29-35:2;5-41-44:0,0,0,N
439,0,,10-38-42;11-32-35;13-28-43,11-26-41;17-29-38;3-36-45,,10-38-42:0;11-32-35:0;13-28-43:0,11-26-41:0;17-29-38:1;3-36-45:0,0,0,N
440,0,,14-29-44;15-30-45;16-22-34,10-31-34;9-37-41;17-23-35,,14-29-44:1;15-30-45:0;16-22-34:2,10-31-34:2;9-37-41:0;17-23-35:0,0,0,N
441,0,,17-20-41;18-24-36;23-27-40,5-34-36;11-38-44;7-10-16,,17-20-41:0;18-24-36:0;23-27-40:1,5-34-36:1;11-38-44:0;7-10-16:0,0,0,N
442,0,,1-4-25;2-8-20;3-6-27,2-35-44;1-13-22;19-23-36,,1-4-25:1;2-8-20:0;3-6-27:1,2-35-44:0;1-13-22:0;19-23-36:1,0,0,N
443,0,,5-32-38;7-11-24;9-37-41,25-29-42;10-14-27;15-36-39,,5-32-38:0;7-11-24:0;9-37-41:0,25-29-42:0;10-14-27:1;15-36-39:0,0,0,N
444,0,,10-31-34;12-33-36;13-15-29,6-35-37;8-10-24;17-19-33,,10-31-34:0;12-33-36:0;13-15-29:1,6-35-37:1;8-10-24:0;17-19-33:0,0,0,N
445,0,,14-43-45;16-19-40;17-23-35,17-30-31;21-23-37;27-29-43,,14-43-45:1;16-19-40:0;17-23-35:0,17-30-31:1;21-23-37:1;27-29-43:0,0,0,N
446,0,,18-21-42;22-26-39;28-30-44,7-8-30;9-31-32;22-23-45,,18-21-42:0;22-26-39:1;28-30-44:0,7-8-30:0;9-31-32:0;22-23-45:0,0,0,N
447,0,,1-37-40;2-13-30;3-39-42,14-15-22;26-27-34;1-38-39,,1-37-40:0;2-13-30:1;3-39-42:0,14-15-22:0;26-27-34:0;1-38-39:0,0,0,N
448,0,,4-6-20;5-34-36;7-10-16,8-33-43;14-34-39;7-12-17,,4-6-20:0;5-34-36:0;7-10-16:1,8-33-43:0;14-34-39:0;7-12-17:1,0,0,N
449,0,,8-14-26;9-12-18;11-38-44,6-31-41;3-38-43;8-13-18,,8-14-26:1;9-12-18:0;11-38-44:0,6-31-41:0;3-38-43:2;8-13-18:0,0,0,N
450,0,,15-32-43;17-28-45;19-21-35,3-8-28;10-35-45;21-26-31,,15-32-43:0;17-28-45:0;19-21-35:2,3-8-28:0;10-35-45:0;21-26-31:2,0,0,N
451,0,,22-25-31;23-29-41;24-27-33,5-13-24;7-14-18;2-10-21,,22-25-31:0;23-29-41:0;24-27-33:1,5-13-24:1;7-14-18:0;2-10-21:0,0,0,N
452,0,,1-13-22;2-35-44;3-15-24,20-27-31;17-24-43;23-30-34,,1-13-22:0;2-35-44:0;3-15-24:0,20-27-31:0;17-24-43:0;23-30-34:2,0,0,N
453,0,,4-8-21;5-14-17;6-34-38,19-27-38;22-30-41;8-34-42,,4-8-21:0;5-14-17:0;6-34-38:1,19-27-38:1;22-30-41:0;8-34-42:1,0,0,N
454,0,,7-31-43;9-33-45;10-12-26,14-35-38;7-34-40;6-12-24,,7-31-43:0;9-33-45:0;10-12-26:0,14-35-38:1;7-34-40:1;6-12-24:0,0,0,N
455,0,,11-40-42;16-28-37;18-30-39,10-38-42;17-20-41;13-28-43,,11-40-42:0;16-28-37:0;18-30-39:1,10-38-42:0;17-20-41:1;13-28-43:0,0,0,N
456,0,,19-23-36;20-29-32;25-27-41,8-35-41;4-7-28;20-26-38,,19-23-36:1;20-29-32:0;25-27-41:1,8-35-41:0;4-7-28:1;20-26-38:0,0,0,N
457,0,,1-3-17;2-31-33;4-7-28,1-14-30;5-7-21;2-4-18,,1-3-17:0;2-31-33:0;4-7-28:0,1-14-30:0;5-7-21:0;2-4-18:1,0,0,N
458,0,,5-11-23;6-9-30;8-35-41,6-10-23;18-22-35;16-27-44,,5-11-23:0;6-9-30:1;8-35-41:0,6-10-23:1;18-22-35:0;16-27-44:0,0,0,N
459,0,,10-14-27;12-40-44;13-34-37,10-32-33;17-18-40;13-35-36,,10-14-27:2;12-40-44:1;13-34-37:0,10-32-33:1;17-18-40:1;13-35-36:0,0,0,N
460,0,,15-36-39;16-18-32;19-22-43,12-13-20;14-36-37;2-39-40,,15-36-39:0;16-18-32:0;19-22-43:1,12-13-20:0;14-36-37:0;2-39-40:0,0,0,N
461,0,,20-26-38;21-24-45;25-29-42,15-34-41;9-35-43;1-8-27,,20-26-38:1;21-24-45:0;25-29-42:0,15-34-41:0;9-35-43:0;1-8-27:0,0,0,N
462,0,,1-5-18;2-11-29;3-31-35,14-33-40;2-36-43;18-25-44,,1-5-18:0;2-11-29:0;3-31-35:1,14-33-40:0;2-36-43:0;18-25-44:0,0,0,N
463,0,,4-40-43;6-42-45;7-9-23,13-41-45;3-18-33;20-23-44,,4-40-43:0;6-42-45:0;7-9-23:1,13-41-45:0;3-18-33:1;20-23-44:2,0,0,N
464,0,,8-37-39;10-13-19;12-15-21,23-26-32;18-29-31;1-33-44,,8-37-39:0;10-13-19:0;12-15-21:2,23-26-32:0;18-29-31:0;1-33-44:1,0,0,N
465,0,,14-32-41;16-20-33;17-26-44,6-15-18;12-27-42;1-34-43,,14-32-41:0;16-20-33:0;17-26-44:0,6-15-18:0;12-27-42:0;1-34-43:1,0,0,N
466,0,,22-24-38;25-28-34;27-30-36,5-11-23;13-34-37;2-31-33,,22-24-38:0;25-28-34:0;27-30-36:0,5-11-23:1;13-34-37:1;2-31-33:0,0,0,N
467,0,,1-14-30;2-4-18;3-32-34,16-20-33;7-9-23;17-26-44,,1-14-30:1;2-4-18:1;3-32-34:0,16-20-33:0;7-9-23:0;17-26-44:1,0,0,N
468,0,,5-7-21;6-35-37;8-10-24,24-26-40;10-39-41;2-15-16,,5-7-21:0;6-35-37:1;8-10-24:1,24-26-40:0;10-39-41:0;2-15-16:1,0,0,N
469,0,,9-38-40;11-13-27;12-41-43,5-33-37;11-39-43;9-13-26,,9-38-40:1;11-13-27:0;12-41-43:0,5-33-37:1;11-39-43:0;9-13-26:0,0,0,N
470,0,,15-31-44;16-29-45;17-19-33,16-30-38;3-4-26;21-22-44,,15-31-44:0;16-29-45:1;17-19-33:0,16-30-38:1;3-4-26:0;21-22-44:0,0,0,N
471,0,,20-22-36;23-25-39;26-28-42,10-15-20;16-21-41;22-27-32,,20-22-36:0;23-25-39:1;26-28-42:0,10-15-20:0;16-21-41:1;22-27-32:0,0,0,N
472,0,,1-32-45;2-15-16;3-5-19,13-33-38;24-29-34;4-39-44,,1-32-45:0;2-15-16:1;3-5-19:0,13-33-38:0;24-29-34:0;4-39-44:0,0,0,N
473,0,,4-33-35;6-8-22;7-36-38,8-14-26;22-25-31;15-32-43,,4-33-35:0;6-8-22:2;7-36-38:1,8-14-26:1;22-25-31:1;15-32-43:0,0,0,N
474,0,,9-11-25;10-39-41;12-14-28,17-22-42;23-28-33;16-26-36,,9-11-25:0;10-39-41:0;12-14-28:0,17-22-42:0;23-28-33:1;16-26-36:0,0,0,N
475,0,,13-42-44;17-30-31;18-20-34,15-33-42;16-25-43;4-32-36,,13-42-44:0;17-30-31:0;18-20-34:0,15-33-42:0;16-25-43:1;4-32-36:0,0,0,N
476,0,,21-23-37;24-26-40;27-29-43,18-21-42;13-15-29;3-6-27,,21-23-37:1;24-26-40:0;27-29-43:0,18-21-42:0;13-15-29:2;3-6-27:0,0,0,N
477,0,,1-12-29;2-34-45;3-7-20,7-36-38;9-11-25;13-42-44,,1-12-29:1;2-34-45:1;3-7-20:0,7-36-38:0;9-11-25:1;13-42-44:0,0,0,N
478,0,,4-15-17;5-33-37;6-10-23,14-31-42;21-25-38;19-30-32,,4-15-17:0;5-33-37:1;6-10-23:0,14-31-42:0;21-25-38:0;19-30-32:1,0,0,N
479,0,,8-36-40;9-13-26;11-39-43,10-11-18;28-29-36;15-37-38,,8-36-40:1;9-13-26:0;11-39-43:0,10-11-18:0;28-29-36:0;15-37-38:0,0,0,N
480,0,,14-31-42;16-27-44;18-22-35,4-14-24;20-25-45;15-35-40,,14-31-42:1;16-27-44:0;18-22-35:0,4-14-24:0;20-25-45:0;15-35-40:0,0,0,N
481,0,,19-30-32;21-25-38;24-28-41,16-23-42;17-25-36;12-31-38,,19-30-32:0;21-25-38:0;24-28-41:1,16-23-42:1;17-25-36:0;12-31-38:0,0,0,N
482,0,,1-2-24;3-40-41;4-5-27,14-29-44;23-27-40;3-9-21,,1-2-24:2;3-40-41:0;4-5-27:0,14-29-44:0;23-27-40:0;3-9-21:0,0,0,N
483,0,,6-43-44;7-8-30;9-31-32,3-31-35;4-40-43;10-13-19,,6-43-44:0;7-8-30:0;9-31-32:0,3-31-35:0;4-40-43:0;10-13-19:1,0,0,N
484,0,,10-11-18;12-34-35;13-14-21,11-33-34;5-42-43;1-15-23,,10-11-18:0;12-34-35:0;13-14-21:0,11-33-34:0;5-42-43:0;1-15-23:1,0,0,N
485,0,,15-37-38;16-17-39;19-20-42,1-10-28;3-12-30;18-27-45,,15-37-38:0;16-17-39:2;19-20-42:0,1-10-28:0;3-12-30:0;18-27-45:1,0,0,N
486,0,,22-23-45;25-26-33;28-29-36,20-30-40;2-12-22;17-27-37,,22-23-45:1;25-26-33:1;28-29-36:0,20-30-40:1;2-12-22:1;17-27-37:0,0,0,N
487,0,,1-38-39;2-3-25;4-41-42,3-13-23;25-30-35;5-40-45,,1-38-39:0;2-3-25:1;4-41-42:2,3-13-23:0;25-30-35:1;5-40-45:0,0,0,N
488,0,,5-6-28;7-44-45;8-9-16,7-13-25;9-15-27;2-38-41,,5-6-28:0;7-44-45:0;8-9-16:1,7-13-25:0;9-15-27:0;2-38-41:2,0,0,N
489,0,,10-32-33;11-12-19;13-35-36,21-30-33;19-28-31;2-14-23,,10-32-33:0;11-12-19:0;13-35-36:0,21-30-33:0;19-28-31:0;2-14-23:1,0,0,N
490,0,,14-15-22;17-18-40;20-21-43,20-29-32;25-27-41;4-8-21,,14-15-22:0;17-18-40:1;20-21-43:1,20-29-32:1;25-27-41:0;4-8-21:0,0,0,N
491,0,,23-24-31;26-27-34;29-30-37,6-43-44;1-2-24;25-26-33,,23-24-31:0;26-27-34:0;29-30-37:0,6-43-44:0;1-2-24:0;25-26-33:0,0,0,N
492,0,,1-15-23;2-39-40;3-4-26,4-38-45;8-15-19;1-35-42,,1-15-23:0;2-39-40:1;3-4-26:0,4-38-45:0;8-15-19:0;1-35-42:1,0,0,N
493,0,,5-42-43;6-7-29;8-31-45,19-27-38;5-31-39;11-37-45,,5-42-43:0;6-7-29:0;8-31-45:0,19-27-38:0;5-31-39:0;11-37-45:1,0,0,Y
494,0,,9-10-17;11-33-34;12-13-20,19-25-37;26-30-43;9-36-42,,9-10-17:0;11-33-34:0;12-13-20:0,19-25-37:0;26-30-43:2;9-36-42:0,0,0,N
495,0,,14-36-37;16-30-38;18-19-41,9-15-27;22-28-40;10-37-43,,14-36-37:0;16-30-38:0;18-19-41:0,9-15-27:1;22-28-40:1;10-37-43:0,0,0,N
496,0,,21-22-44;24-25-32;27-28-35,18-27-45;17-21-34;4-32-36,,21-22-44:0;24-25-32:0;27-28-35:0,18-27-45:0;17-21-34:0;4-32-36:2,0,0,N
497,0,,1-6-26;2-37-42;3-13-23,7-35-39;11-26-41;4-13-16,,1-6-26:0;2-37-42:0;3-13-23:1,7-35-39:0;11-26-41:0;4-13-16:0,0,0,N
498,0,,4-9-29;5-40-45;7-12-17,14-29-44;13-28-43;17-20-41,,4-9-29:0;5-40-45:0;7-12-17:0,14-29-44:1;13-28-43:1;17-20-41:1,0,0,N
499,0,,8-33-43;10-15-20;11-31-36,3-6-27;13-15-29;7-11-24,,8-33-43:0;10-15-20:1;11-31-36:0,3-6-27:1;13-15-29:0;7-11-24:0,0,0,N
500,0,,14-34-39;16-21-41;18-28-38,4-6-20;23-29-41;19-21-35,,14-34-39:1;16-21-41:0;18-28-38:0,4-6-20:2;23-29-41:0;19-21-35:0,0,0,N
501,0,,19-24-44;22-27-32;25-30-35,10-12-26;20-29-32;6-34-38,,19-24-44:0;22-27-32:0;25-30-35:0,10-12-26:1;20-29-32:0;6-34-38:0,0,0,N
502,0,,1-11-21;2-7-27;3-38-43,10-14-27;1-3-17;25-29-42,,1-11-21:0;2-7-27:0;3-38-43:0,10-14-27:0;1-3-17:0;25-29-42:0,0,0,N
503,0,,4-14-24;5-10-30;6-31-41,14-32-41;25-28-34;6-42-45,,4-14-24:0;5-10-30:2;6-31-41:0,14-32-41:0;25-28-34:1;6-42-45:0,0,0,N
504,0,,8-13-18;9-34-44;12-32-37,20-22-36;9-38-40;5-7-21,,8-13-18:0;9-34-44:1;12-32-37:0,20-22-36:1;9-38-40:0;5-7-21:0,0,0,N
505,0,,15-35-40;16-26-36;17-22-42,16-27-44;6-10-23;18-22-35,,15-35-40:1;16-26-36:0;17-22-42:1,16-27-44:0;6-10-23:0;18-22-35:1,0,0,N
506,0,,19-29-39;20-25-45;23-28-33,7-8-30;19-20-42;25-26-33,,19-29-39:0;20-25-45:0;23-28-33:0,7-8-30:1;19-20-42:0;25-26-33:0,0,0,N
507,0,,1-36-41;2-12-22;3-8-28,8-9-16;11-12-19;23-24-31,,1-36-41:1;2-12-22:1;3-8-28:0,8-9-16:0;11-12-19:1;23-24-31:0,0,0,N
508,0,,4-39-44;5-15-25;6-11-16,12-13-20;24-25-32;2-39-40,,4-39-44:0;5-15-25:1;6-11-16:0,12-13-20:0;24-25-32:0;2-39-40:0,0,0,N
509,0,,7-32-42;9-14-19;10-35-45,14-34-39;25-30-35;8-33-43,,7-32-42:1;9-14-19:0;10-35-45:1,14-34-39:0;25-30-35:2;8-33-43:1,0,0,N
510,0,,13-33-38;17-27-37;18-23-43,15-35-40;17-22-42;12-32-37,,13-33-38:1;17-27-37:0;18-23-43:0,15-35-40:1;17-22-42:0;12-32-37:2,0,0,N
511,2,20-30-40;24-29-34,21-26-31,7-32-42,20-30-40:0;24-29-34:0,21-26-31:1,7-32-42:2,0,0,N
512,1,3-37-44,1-8-27;2-10-21,16-23-42;7-14-18,3-37-44:0,1-8-27:1;2-10-21:0,16-23-42:0;7-14-18:0,0,0,N
513,0,,4-11-30;5-13-24;6-32-40,1-35-42;4-38-45;2-9-28,,4-11-30:0;5-13-24:1;6-32-40:0,1-35-42:0;4-38-45:0;2-9-28:0,0,0,N
514,0,,7-14-18;9-35-43;12-31-38,5-8-29;6-12-24;20-23-44,,7-14-18:0;9-35-43:1;12-31-38:0,5-8-29:0;6-12-24:0;20-23-44:1,0,0,N
515,0,,15-34-41;16-23-42;17-25-36,15-33-42;11-14-20;26-29-35,,15-34-41:1;16-23-42:1;17-25-36:0,15-33-42:1;11-14-20:1;26-29-35:0,0,0,N
516,0,,19-26-45;20-28-39;22-29-33,12-27-42;6-15-18;20-24-37,,19-26-45:0;20-28-39:0;22-29-33:0,12-27-42:0;6-15-18:0;20-24-37:0,0,0,N
517,0,,1-35-42;2-9-28;3-11-22,9-37-41;14-43-45;2-8-20,,1-35-42:1;2-9-28:2;3-11-22:0,9-37-41:2;14-43-45:0;2-8-20:0,0,0,N
518,0,,4-38-45;5-12-16;6-14-25,19-23-36;25-27-41;9-33-45,,4-38-45:1;5-12-16:0;6-14-25:1,19-23-36:1;25-27-41:0;9-33-45:0,0,0,N
519,0,,7-33-41;8-15-19;10-36-44,20-26-38;6-9-30;5-11-23,,7-33-41:0;8-15-19:1;10-36-44:0,20-26-38:0;6-9-30:2;5-11-23:0,0,0,N
520,0,,13-32-39;17-24-43;18-26-37,3-32-34;6-35-37;11-13-27,,13-32-39:0;17-24-43:0;18-26-37:0,3-32-34:0;6-35-37:0;11-13-27:1,0,0,N
521,0,,20-27-31;21-29-40;23-30-34,4-33-35;6-8-22;12-14-28,,20-27-31:0;21-29-40:1;23-30-34:0,4-33-35:0;6-8-22:0;12-14-28:0,0,0,N
522,0,,1-9-20;2-36-43;3-10-29,18-28-38;19-24-44;22-27-32,,1-9-20:0;2-36-43:0;3-10-29:0,18-28-38:0;19-24-44:0;22-27-32:0,0,0,N
523,0,,4-12-23;5-31-39;6-13-17,8-13-18;4-14-24;6-31-41,,4-12-23:1;5-31-39:0;6-13-17:0,8-13-18:0;4-14-24:1;6-31-41:0,0,0,N
524,0,,7-15-26;8-34-42;11-37-45,12-31-38;6-32-40;1-8-27,,7-15-26:0;8-34-42:0;11-37-45:2,12-31-38:1;6-32-40:0;1-8-27:0,0,0,N
525,0,,14-33-40;16-24-35;18-25-44,2-38-41;12-39-45;8-11-17,,14-33-40:0;16-24-35:0;18-25-44:1,2-38-41:0;12-39-45:1;8-11-17:1,0,0,N
526,0,,19-27-38;21-28-32;22-30-41,17-26-44;2-11-29;7-9-23,,19-27-38:0;21-28-32:0;22-30-41:0,17-26-44:1;2-11-29:0;7-9-23:1,0,0,N
527,0,,1-16-31;2-17-32;3-18-33,7-44-45;14-15-22;20-21-43,,1-16-31:1;2-17-32:1;3-18-33:1,7-44-45:0;14-15-22:1;20-21-43:0,0,0,N
528,0,,4-10-22;5-8-29;6-12-24,5-12-16;3-11-22;7-33-41,,4-10-22:0;5-8-29:1;6-12-24:0,5-12-16:1;3-11-22:0;7-33-41:0,0,0,N
529,0,,7-34-40;9-36-42;11-15-28,17-23-35;1-4-25;22-26-39,,7-34-40:0;9-36-42:1;11-15-28:0,17-23-35:0;1-4-25:0;22-26-39:0,0,0,N
530,0,,13-41-45;14-35-38;19-25-37,24-27-33;22-25-31;3-39-42,,13-41-45:1;14-35-38:0;19-25-37:0,24-27-33:2;22-25-31:0;3-39-42:0,0,0,N
531,0,,20-23-44;21-27-39;26-30-43,6-7-29;11-33-34;16-30-38,,20-23-44:0;21-27-39:2;26-30-43:0,6-7-29:0;11-33-34:0;16-30-38:0,0,0,N
532,0,,1-33-44;2-38-41;3-14-16,9-35-43;19-26-45;5-13-24,,1-33-44:1;2-38-41:0;3-14-16:1,9-35-43:0;19-26-45:0;5-13-24:1,0,0,N
533,0,,4-19-34;5-20-35;6-21-36,18-25-44;3-10-29;6-13-17,,4-19-34:0;5-20-35:0;6-21-36:0,18-25-44:0;3-10-29:0;6-13-17:1,0,0,N
534,0,,7-13-25;8-11-17;9-15-27,5-9-22;2-14-23;17-29-38,,7-13-25:0;8-11-17:0;9-15-27:0,5-9-22:0;2-14-23:0;17-29-38:2,0,0,N
535,0,,10-37-43;12-39-45;18-29-31,18-24-36;2-5-26;11-32-35,,10-37-43:0;12-39-45:2;18-29-31:1,18-24-36:1;2-5-26:0;11-32-35:1,0,0,N
536,0,,22-28-40;23-26-32;24-30-42,8-14-26;15-32-43;5-34-36,,22-28-40:0;23-26-32:1;24-30-42:0,8-14-26:1;15-32-43:2;5-34-36:0,0,0,N
537,0,,1-10-28;2-6-19;3-12-30,18-20-34;1-32-45;27-29-43,,1-10-28:0;2-6-19:0;3-12-30:2,18-20-34:0;1-32-45:0;27-29-43:1,0,0,N
538,0,,4-32-36;5-41-44;7-22-37,19-30-32;8-36-40;11-39-43,,4-32-36:1;5-41-44:0;7-22-37:0,19-30-32:1;8-36-40:0;11-39-43:0,0,0,N
539,0,,8-23-38;9-24-39;11-14-20,9-31-32;12-34-35;10-11-18,,8-23-38:0;9-24-39:0;11-14-20:0,9-31-32:1;12-34-35:0;10-11-18:0,0,0,N
540,0,,13-31-40;15-33-42;16-25-43,5-42-43;3-4-26;21-22-44,,13-31-40:1;15-33-42:1;16-25-43:0,5-42-43:0;3-4-26:1;21-22-44:0,0,0,N
541,0,,17-21-34;18-27-45;26-29-35,3-8-28;2-12-22;9-14-19,,17-21-34:1;18-27-45:0;26-29-35:1,3-8-28:2;2-12-22:0;9-14-19:0,0,0,N
542,0,,1-34-43;2-14-23;3-36-45,13-35-36;26-27-34;10-32-33,,1-34-43:0;2-14-23:0;3-36-45:1,13-35-36:0;26-27-34:1;10-32-33:0,0,0,N
543,0,,4-13-16;5-9-22;6-15-18,17-19-33;26-28-42;12-41-43,,4-13-16:1;5-9-22:0;6-15-18:1,17-19-33:0;26-28-42:1;12-41-43:0,0,0,N
544,0,,7-35-39;8-32-44;10-25-40,24-26-40;17-30-31;13-42-44,,7-35-39:0;8-32-44:1;10-25-40:1,24-26-40:0;17-30-31:1;13-42-44:1,0,0,N
545,0,,11-26-41;12-27-42;17-29-38,20-25-45;16-26-36;5-10-30,,11-26-41:0;12-27-42:1;17-29-38:0,20-25-45:1;16-26-36:0;5-10-30:0,0,0,N
546,0,,19-28-31;20-24-37;21-30-33,8-34-42;16-24-35;4-12-23,,19-28-31:0;20-24-37:2;21-30-33:0,8-34-42:1;16-24-35:0;4-12-23:0,0,0,N
547,0,,1-7-19;2-5-26;3-9-21,18-23-43;6-11-16;17-27-37,,1-7-19:1;2-5-26:0;3-9-21:0,18-23-43:0;6-11-16:1;17-27-37:0,0,0,N
548,1,6-33-39,4-31-37;8-12-25,1-7-19;16-22-34,6-33-39:0,4-31-37:0;8-12-25:1,1-7-19:1;16-22-34:0,0,0,N
549,0,,10-38-42;11-32-35;13-28-43,12-40-44;13-34-37;21-24-45,,10-38-42:1;11-32-35:1;13-28-43:0,12-40-44:2;13-34-37:0;21-24-45:0,0,0,N
550,0,,14-29-44;15-30-45;16-22-34,1-16-31;14-35-38;7-34-40,,14-29-44:1;15-30-45:0;16-22-34:1,1-16-31:1;14-35-38:1;7-34-40:2,0,0,N
551,0,,17-20-41;18-24-36;23-27-40,3-7-20;2-34-45;24-28-41,,17-20-41:1;18-24-36:1;23-27-40:1,3-7-20:2;2-34-45:0;24-28-41:1,0,0,N
552,0,,1-4-25;2-8-20;3-6-27,8-12-25;23-27-40;3-9-21,,1-4-25:1;2-8-20:1;3-6-27:0,8-12-25:0;23-27-40:1;3-9-21:0,0,0,N
553,0,,5-32-38;7-11-24;9-37-41,21-29-40;17-24-43;10-36-44,,5-32-38:0;7-11-24:1;9-37-41:0,21-29-40:1;17-24-43:1;10-36-44:0,0,0,N
554,0,,10-31-34;12-33-36;13-15-29,18-30-39;2-35-44;5-14-17,,10-31-34:0;12-33-36:0;13-15-29:1,18-30-39:0;2-35-44:0;5-14-17:2,0,0,N
555,0,,14-43-45;16-19-40;17-23-35,6-43-44;13-14-21;16-17-39,,14-43-45:0;16-19-40:0;17-23-35:1,6-43-44:0;13-14-21:1;16-17-39:1,0,0,N
556,0,,18-21-42;22-26-39;28-30-44,11-12-19;17-18-40;23-24-31,,18-21-42:0;22-26-39:0;28-30-44:3,11-12-19:1;17-18-40:0;23-24-31:1,1,0,Y
557,0,,1-37-40;2-13-30;3-39-42,1-15-23;27-28-35;5-42-43,,1-37-40:1;2-13-30:0;3-39-42:0,1-15-23:0;27-28-35:2;5-42-43:0,0,0,N
558,0,,4-6-20;5-34-36;7-10-16,18-28-38;11-31-36;5-40-45,,4-6-20:0;5-34-36:0;7-10-16:0,18-28-38:0;11-31-36:0;5-40-45:1,0,0,N
559,0,,8-14-26;9-12-18;11-38-44,19-29-39;15-35-40;12-32-37,,8-14-26:0;9-12-18:1;11-38-44:2,19-29-39:0;15-35-40:0;12-32-37:2,0,0,N
560,0,,15-32-43;17-28-45;19-21-35,4-39-44;10-35-45;2-12-22,,15-32-43:0;17-28-45:1;19-21-35:0,4-39-44:1;10-35-45:1;2-12-22:0,0,0,N
561,0,,22-25-31;23-29-41;24-27-33,19-26-45;1-8-27;20-28-39,,22-25-31:0;23-29-41:0;24-27-33:0,19-26-45:1;1-8-27:0;20-28-39:0,0,0,N
562,0,,1-13-22;2-35-44;3-15-24,5-12-16;7-33-41;20-27-31,,1-13-22:1;2-35-44:0;3-15-24:0,5-12-16:0;7-33-41:0;20-27-31:2,0,0,N
563,0,,4-8-21;5-14-17;6-34-38,11-37-45;6-13-17;1-9-20,,4-8-21:0;5-14-17:2;6-34-38:0,11-37-45:0;6-13-17:1;1-9-20:0,0,0,N
564,0,,7-31-43;9-33-45;10-12-26,3-14-16;8-11-17;18-29-31,,7-31-43:0;9-33-45:0;10-12-26:1,3-14-16:1;8-11-17:0;18-29-31:0,0,0,N
565,0,,11-40-42;16-28-37;18-30-39,16-25-43;26-29-35;17-21-34,,11-40-42:1;16-28-37:0;18-30-39:1,16-25-43:0;26-29-35:0;17-21-34:0,0,0,N
566,0,,19-23-36;20-29-32;25-27-41,17-29-38;10-25-40;4-13-16,,19-23-36:0;20-29-32:0;25-27-41:1,17-29-38:0;10-25-40:1;4-13-16:1,0,0,N
567,0,,1-3-17;2-31-33;4-7-28,17-20-41;13-28-43;2-5-26,,1-3-17:1;2-31-33:0;4-7-28:0,17-20-41:1;13-28-43:0;2-5-26:0,0,0,N
568,0,,5-11-23;6-9-30;8-35-41,9-37-41;1-4-25;13-15-29,,5-11-23:0;6-9-30:0;8-35-41:0,9-37-41:0;1-4-25:1;13-15-29:0,0,0,N
569,0,,10-14-27;12-40-44;13-34-37,1-37-40;3-39-42;4-6-20,,10-14-27:0;12-40-44:0;13-34-37:1,1-37-40:0;3-39-42:1;4-6-20:1,0,0,N
570,0,,15-36-39;16-18-32;19-22-43,3-15-24;6-34-38;19-23-36,,15-36-39:0;16-18-32:0;19-22-43:0,3-15-24:0;6-34-38:0;19-23-36:0,0,0,N
571,1,20-26-38,21-24-45;25-29-42,10-14-27;2-31-33,20-26-38:2,21-24-45:1;25-29-42:0,10-14-27:0;2-31-33:0,0,0,N
572,1,2-11-29,1-5-18;3-31-35,17-26-44;4-40-43,2-11-29:0,1-5-18:1;3-31-35:1,17-26-44:0;4-40-43:0,0,0,N
573,0,,4-40-43;6-42-45;7-9-23,17-19-33;6-35-37;1-14-30,,4-40-43:2;6-42-45:0;7-9-23:0,17-19-33:0;6-35-37:1;1-14-30:0,0,0,N
574,0,,8-37-39;10-13-19;12-15-21,18-22-35;11-39-43;4-15-17,,8-37-39:0;10-13-19:1;12-15-21:1,18-22-35:0;11-39-43:1;4-15-17:1,0,0,N
575,0,,14-32-41;16-20-33;17-26-44,6-43-44;1-2-24;15-37-38,,14-32-41:0;16-20-33:2;17-26-44:0,6-43-44:0;1-2-24:1;15-37-38:0,0,0,N
576,0,,22-24-38;25-28-34;27-30-36,2-3-25;5-6-28;20-21-43,,22-24-38:0;25-28-34:1;27-30-36:0,2-3-25:1;5-6-28:0;20-21-43:0,0,0,N
577,0,,1-14-30;2-4-18;3-32-34,11-33-34;12-13-20;24-25-32,,1-14-30:0;2-4-18:0;3-32-34:1,11-33-34:1;12-13-20:0;24-25-32:0,0,0,N
578,0,,5-7-21;6-35-37;8-10-24,17-22-42;6-31-41;9-34-44,,5-7-21:1;6-35-37:0;8-10-24:0,17-22-42:1;6-31-41:0;9-34-44:1,0,0,N
579,0,,9-38-40;11-13-27;12-41-43,16-24-35;21-28-32;8-34-42,,9-38-40:0;11-13-27:0;12-41-43:0,16-24-35:0;21-28-32:0;8-34-42:1,0,0,N
580,0,,15-31-44;16-29-45;17-19-33,19-25-37;21-27-39;5-8-29,,15-31-44:0;16-29-45:0;17-19-33:0,19-25-37:0;21-27-39:0;5-8-29:1,0,0,N
581,0,,20-22-36;23-25-39;26-28-42,1-33-44;5-20-35;7-13-25,,20-22-36:1;23-25-39:0;26-28-42:1,1-33-44:1;5-20-35:2;7-13-25:0,0,0,N
582,0,,1-32-45;2-15-16;3-5-19,5-41-44;3-12-30;11-14-20,,1-32-45:0;2-15-16:1;3-5-19:0,5-41-44:1;3-12-30:1;11-14-20:1,0,0,N
583,0,,4-33-35;6-8-22;7-36-38,2-13-30;9-12-18;22-25-31,,4-33-35:1;6-8-22:1;7-36-38:0,2-13-30:0;9-12-18:0;22-25-31:0,0,0,N
584,0,,9-11-25;10-39-41;12-14-28,17-30-31;24-26-40;4-33-35,,9-11-25:0;10-39-41:2;12-14-28:0,17-30-31:1;24-26-40:1;4-33-35:0,0,0,N
585,0,,13-42-44;17-30-31;18-20-34,7-8-30;28-29-36;3-40-41,,13-42-44:0;17-30-31:0;18-20-34:0,7-8-30:1;28-29-36:0;3-40-41:1,0,0,N
586,0,,21-23-37;24-26-40;27-29-43,10-32-33;8-9-16;4-41-42,,21-23-37:1;24-26-40:0;27-29-43:0,10-32-33:0;8-9-16:0;4-41-42:0,0,0,N
587,0,,1-12-29;2-34-45;3-7-20,10-15-20;16-21-41;2-37-42,,1-12-29:1;2-34-45:0;3-7-20:0,10-15-20:0;16-21-41:1;2-37-42:1,0,0,N
588,0,,4-15-17;5-33-37;6-10-23,6-32-40;3-37-44;17-25-36,,4-15-17:1;5-33-37:0;6-10-23:0,6-32-40:0;3-37-44:0;17-25-36:1,0,0,N
589,0,,8-36-40;9-13-26;11-39-43,22-30-41;2-36-43;7-15-26,,8-36-40:1;9-13-26:0;11-39-43:1,22-30-41:0;2-36-43:0;7-15-26:0,0,0,N
590,0,,14-31-42;16-27-44;18-22-35,2-6-19;8-23-38;1-10-28,,14-31-42:0;16-27-44:0;18-22-35:0,2-6-19:0;8-23-38:1;1-10-28:0,0,0,N
591,0,,19-30-32;21-25-38;24-28-41,23-27-40;15-30-45;10-38-42,,19-30-32:1;21-25-38:1;24-28-41:0,23-27-40:0;15-30-45:1;10-38-42:1,0,0,N
592,0,,1-2-24;3-40-41;4-5-27,10-13-19;14-32-41;22-24-38,,1-2-24:1;3-40-41:0;4-5-27:1,10-13-19:1;14-32-41:0;22-24-38:0,0,0,N
593,0,,6-43-44;7-8-30;9-31-32,11-13-27;26-28-42;15-31-44,,6-43-44:0;7-8-30:0;9-31-32:1,11-13-27:1;26-28-42:0;15-31-44:0,0,0,N
594,0,,10-11-18;12-34-35;13-14-21,24-28-41;5-33-37;9-13-26,,10-11-18:0;12-34-35:0;13-14-21:1,24-28-41:1;5-33-37:1;9-13-26:1,0,0,N
595,0,,15-37-38;16-17-39;19-20-42,2-9-28;18-26-37;3-11-22,,15-37-38:1;16-17-39:0;19-20-42:0,2-9-28:1;18-26-37:0;3-11-22:0,0,0,N
596,0,,22-23-45;25-26-33;28-29-36,16-19-40;5-32-38;7-11-24,,22-23-45:0;25-26-33:1;28-29-36:0,16-19-40:0;5-32-38:0;7-11-24:0,0,0,N
597,0,,1-38-39;2-3-25;4-41-42,3-13-23;4-9-29;14-34-39,,1-38-39:0;2-3-25:0;4-41-42:0,3-13-23:1;4-9-29:0;14-34-39:0,0,0,N
598,0,,5-6-28;7-44-45;8-9-16,2-10-21;16-23-42;9-35-43,,5-6-28:0;7-44-45:1;8-9-16:0,2-10-21:0;16-23-42:0;9-35-43:0,0,0,N
599,0,,10-32-33;11-12-19;13-35-36,4-10-22;6-12-24;14-35-38,,10-32-33:0;11-12-19:1;13-35-36:1,4-10-22:0;6-12-24:1;14-35-38:1,0,0,N
600,0,,14-15-22;17-18-40;20-21-43,24-27-33;23-29-41;19-21-35,,14-15-22:1;17-18-40:0;20-21-43:0,24-27-33:1;23-29-41:1;19-21-35:0,0,0,N
601,0,,23-24-31;26-27-34;29-30-37,25-29-42;15-36-39;5-11-23,,23-24-31:1;26-27-34:1;29-30-37:0,25-29-42:0;15-36-39:0;5-11-23:0,0,0,N
602,0,,1-15-23;2-39-40;3-4-26,3-31-35;8-37-39;16-20-33,,1-15-23:0;2-39-40:0;3-4-26:0,3-31-35:0;8-37-39:0;16-20-33:0,0,0,N
603,0,,5-42-43;6-7-29;8-31-45,7-36-38;2-15-16;12-14-28,,5-42-43:1;6-7-29:0;8-31-45:0,7-36-38:0;2-15-16:1;12-14-28:0,0,0,N
604,0,,9-10-17;11-33-34;12-13-20,2-39-40;18-19-41;3-4-26,,9-10-17:0;11-33-34:2;12-13-20:0,2-39-40:1;18-19-41:1;3-4-26:0,0,0,N
605,0,,14-36-37;16-30-38;18-19-41,6-11-16;18-23-43;20-30-40,,14-36-37:0;16-30-38:1;18-19-41:0,6-11-16:0;18-23-43:0;20-30-40:0,0,0,N
606,0,,21-22-44;24-25-32;27-28-35,6-7-29;9-10-17;16-30-38,,21-22-44:0;24-25-32:0;27-28-35:0,6-7-29:1;9-10-17:0;16-30-38:0,0,0,N
607,0,,1-6-26;2-37-42;3-13-23,2-14-23;20-24-37;7-35-39,,1-6-26:0;2-37-42:0;3-13-23:1,2-14-23:2;20-24-37:0;7-35-39:1,0,0,N
608,0,,4-9-29;5-40-45;7-12-17,5-34-36;11-38-44;8-14-26,,4-9-29:1;5-40-45:0;7-12-17:0,5-34-36:0;11-38-44:1;8-14-26:1,0,0,N
609,0,,8-33-43;10-15-20;11-31-36,25-27-41;2-35-44;4-8-21,,8-33-43:1;10-15-20:0;11-31-36:0,25-27-41:1;2-35-44:0;4-8-21:2,0,0,N
610,0,,14-34-39;16-21-41;18-28-38,12-40-44;4-7-28;13-34-37,,14-34-39:1;16-21-41:0;18-28-38:2,12-40-44:0;4-7-28:1;13-34-37:0,0,0,N
611,0,,19-24-44;22-27-32;25-30-35,13-14-21;10-11-18;22-23-45,,19-24-44:0;22-27-32:2;25-30-35:0,13-14-21:0;10-11-18:0;22-23-45:1,0,0,N
612,0,,1-11-21;2-7-27;3-38-43,14-29-44;16-22-34;6-33-39,,1-11-21:0;2-7-27:0;3-38-43:0,14-29-44:0;16-22-34:0;6-33-39:2,0,0,N
613,0,,4-14-24;5-10-30;6-31-41,18-25-44;19-27-38;14-33-40,,4-14-24:0;5-10-30:0;6-31-41:1,18-25-44:1;19-27-38:0;14-33-40:0,0,0,N
614,0,,8-13-18;9-34-44;12-32-37,1-16-31;14-35-38;20-23-44,,8-13-18:1;9-34-44:1;12-32-37:0,1-16-31:0;14-35-38:0;20-23-44:1,0,0,Y
615,0,,15-35-40;16-26-36;17-22-42,12-39-45;22-28-40;8-11-17,,15-35-40:0;16-26-36:0;17-22-42:1,12-39-45:0;22-28-40:0;8-11-17:1,0,0,N
616,0,,19-29-39;20-25-45;23-28-33,18-27-45;26-29-35;17-21-34,,19-29-39:0;20-25-45:1;23-28-33:1,18-27-45:2;26-29-35:0;17-21-34:0,0,0,N
617,0,,1-36-41;2-12-22;3-8-28,15-30-45;3-9-21;13-28-43,,1-36-41:0;2-12-22:1;3-8-28:0,15-30-45:0;3-9-21:0;13-28-43:0,0,0,N
618,0,,4-39-44;5-15-25;6-11-16,1-4-25;5-32-38;12-33-36,,4-39-44:0;5-15-25:1;6-11-16:1,1-4-25:1;5-32-38:0;12-33-36:0,0,0,N
619,0,,7-32-42;9-14-19;10-35-45,15-32-43;7-10-16;2-13-30,,7-32-42:0;9-14-19:0;10-35-45:1,15-32-43:0;7-10-16:0;2-13-30:2,0,0,N
620,0,,13-33-38;17-27-37;18-23-43,1-13-22;4-8-21;2-35-44,,13-33-38:0;17-27-37:1;18-23-43:0,1-13-22:0;4-8-21:0;2-35-44:1,0,0,N
621,0,,20-30-40;21-26-31;24-29-34,16-18-32;15-36-39;21-24-45,,20-30-40:0;21-26-31:0;24-29-34:0,16-18-32:1;15-36-39:0;21-24-45:0,0,0,N
622,0,,1-8-27;2-10-21;3-37-44,16-20-33;10-13-19;1-5-18,,1-8-27:0;2-10-21:1;3-37-44:0,16-20-33:1;10-13-19:0;1-5-18:0,0,0,N
623,0,,4-11-30;5-13-24;6-32-40,26-28-42;3-32-34;15-31-44,,4-11-30:1;5-13-24:1;6-32-40:0,26-28-42:0;3-32-34:0;15-31-44:0,0,0,N
624,0,,7-14-18;9-35-43;12-31-38,1-32-45;7-36-38;9-11-25,,7-14-18:1;9-35-43:1;12-31-38:0,1-32-45:1;7-36-38:1;9-11-25:0,0,0,N
625,0,,15-34-41;16-23-42;17-25-36,1-12-29;3-7-20;19-30-32,,15-34-41:0;16-23-42:0;17-25-36:0,1-12-29:0;3-7-20:3;19-30-32:0,0,1,N
626,0,,19-26-45;20-28-39;22-29-33,6-43-44;7-8-30;19-20-42,,19-26-45:1;20-28-39:0;22-29-33:1,6-43-44:1;7-8-30:0;19-20-42:0,0,0,N
627,0,,1-35-42;2-9-28;3-11-22,14-15-22;26-27-34;17-18-40,,1-35-42:0;2-9-28:2;3-11-22:1,14-15-22:1;26-27-34:0;17-18-40:0,0,0,N
628,0,,4-38-45;5-12-16;6-14-25,21-22-44;24-25-32;8-31-45,,4-38-45:0;5-12-16:1;6-14-25:0,21-22-44:0;24-25-32:0;8-31-45:0,0,0,N
629,0,,7-33-41;8-15-19;10-36-44,10-15-20;3-13-23;1-6-26,,7-33-41:0;8-15-19:1;10-36-44:1,10-15-20:0;3-13-23:0;1-6-26:0,0,0,N
630,0,,13-32-39;17-24-43;18-26-37,3-38-43;9-34-44;19-29-39,,13-32-39:0;17-24-43:2;18-26-37:0,3-38-43:0;9-34-44:0;19-29-39:0,0,0,N
631,0,,20-27-31;21-29-40;23-30-34,21-26-31;3-8-28;17-27-37,,20-27-31:1;21-29-40:0;23-30-34:2,21-26-31:1;3-8-28:0;17-27-37:0,0,0,N
632,0,,1-9-20;2-36-43;3-10-29,1-35-42;2-9-28;8-15-19,,1-9-20:0;2-36-43:0;3-10-29:0,1-35-42:1;2-9-28:0;8-15-19:1,0,0,N
633,0,,4-12-23;5-31-39;6-13-17,7-15-26;18-25-44;21-28-32,,4-12-23:1;5-31-39:1;6-13-17:0,7-15-26:0;18-25-44:0;21-28-32:0,0,0,N
634,0,,7-15-26;8-34-42;11-37-45,13-41-45;19-25-37;21-27-39,,7-15-26:0;8-34-42:0;11-37-45:1,13-41-45:0;19-25-37:0;21-27-39:1,0,0,N
635,0,,14-33-40;16-24-35;18-25-44,3-12-30;11-14-20;8-23-38,,14-33-40:1;16-24-35:0;18-25-44:1,3-12-30:0;11-14-20:1;8-23-38:0,0,0,N
636,0,,19-27-38;21-28-32;22-30-41,17-29-38;8-32-44;11-26-41,,19-27-38:0;21-28-32:0;22-30-41:0,17-29-38:0;8-32-44:0;11-26-41:0,0,0,N
637,0,,1-16-31;2-17-32;3-18-33,2-5-26;4-31-37;1-7-19,,1-16-31:1;2-17-32:0;3-18-33:1,2-5-26:0;4-31-37:1;1-7-19:0,0,0,N
638,0,,4-10-22;5-8-29;6-12-24,28-30-44;3-6-27;22-26-39,,4-10-22:1;5-8-29:0;6-12-24:1,28-30-44:0;3-6-27:0;22-26-39:1,0,0,N
639,0,,7-34-40;9-36-42;11-15-28,6-9-30;4-7-28;19-22-43,,7-34-40:0;9-36-42:0;11-15-28:1,6-9-30:1;4-7-28:0;19-22-43:1,0,0,N
640,0,,13-41-45;14-35-38;19-25-37,12-15-21;22-24-38;25-28-34,,13-41-45:0;14-35-38:2;19-25-37:0,12-15-21:2;22-24-38:0;25-28-34:0,0,0,N
641,0,,20-23-44;21-27-39;26-30-43,18-20-34;21-23-37;24-26-40,,20-23-44:0;21-27-39:1;26-30-43:1,18-20-34:1;21-23-37:2;24-26-40:0,0,0,N
642,0,,1-33-44;2-38-41;3-14-16,21-25-38;8-36-40;11-39-43,,1-33-44:0;2-38-41:0;3-14-16:0,21-25-38:0;8-36-40:1;11-39-43:1,0,0,N
643,0,,4-19-34;5-20-35;6-21-36,10-32-33;1-38-39;8-9-16,,4-19-34:0;5-20-35:0;6-21-36:0,10-32-33:2;1-38-39:0;8-9-16:0,0,0,N
644,0,,7-13-25;8-11-17;9-15-27,11-33-34;2-39-40;1-15-23,,7-13-25:1;8-11-17:1;9-15-27:0,11-33-34:0;2-39-40:0;1-15-23:1,0,0,N
645,0,,10-37-43;12-39-45;18-29-31,16-26-36;5-10-30;8-13-18,,10-37-43:0;12-39-45:0;18-29-31:0,16-26-36:2;5-10-30:0;8-13-18:0,0,0,N
646,0,,22-28-40;23-26-32;24-30-42,1-8-27;4-11-30;19-26-45,,22-28-40:0;23-26-32:0;24-30-42:1,1-8-27:0;4-11-30:0;19-26-45:1,0,0,N
647,0,,1-10-28;2-6-19;3-12-30,1-9-20;16-24-35;22-30-41,,1-10-28:0;2-6-19:0;3-12-30:1,1-9-20:0;16-24-35:2;22-30-41:1,0,0,N
648,0,,4-32-36;5-41-44;7-22-37,6-21-36;23-26-32;18-29-31,,4-32-36:0;5-41-44:0;7-22-37:1,6-21-36:0;23-26-32:0;18-29-31:0,0,0,N
649,0,,8-23-38;9-24-39;11-14-20,1-10-28;7-22-37;16-25-43,,8-23-38:0;9-24-39:0;11-14-20:0,1-10-28:0;7-22-37:1;16-25-43:0,0,0,N
650,0,,13-31-40;15-33-42;16-25-43,24-27-33;23-29-41;3-39-42,,13-31-40:1;15-33-42:0;16-25-43:0,24-27-33:0;23-29-41:1;3-39-42:1,0,0,N
651,0,,17-21-34;18-27-45;26-29-35,3-31-35;14-32-41;4-40-43,,17-21-34:0;18-27-45:0;26-29-35:2,3-31-35:0;14-32-41:0;4-40-43:0,0,0,N
652,0,,1-34-43;2-14-23;3-36-45,19-24-44;11-31-36;16-21-41,,1-34-43:0;2-14-23:0;3-36-45:1,19-24-44:1;11-31-36:0;16-21-41:1,0,0,N
653,0,,4-13-16;5-9-22;6-15-18,3-37-44;5-13-24;20-28-39,,4-13-16:0;5-9-22:1;6-15-18:1,3-37-44:0;5-13-24:1;20-28-39:1,0,0,N
654,0,,7-35-39;8-32-44;10-25-40,5-12-16;6-14-25;20-27-31,,7-35-39:0;8-32-44:0;10-25-40:0,5-12-16:1;6-14-25:0;20-27-31:1,0,0,N
655,0,,11-26-41;12-27-42;17-29-38,19-21-35;8-14-26;5-34-36,,11-26-41:0;12-27-42:0;17-29-38:1,19-21-35:0;8-14-26:0;5-34-36:0,0,0,N
656,0,,19-28-31;20-24-37;21-30-33,4-38-45;13-32-39;10-36-44,,19-28-31:1;20-24-37:0;21-30-33:0,4-38-45:0;13-32-39:0;10-36-44:0,0,0,N
657,0,,1-7-19;2-5-26;3-9-21,19-28-31;7-35-39;3-36-45,,1-7-19:1;2-5-26:0;3-9-21:0,19-28-31:1;7-35-39:1;3-36-45:0,0,0,N
658,0,,4-31-37;6-33-39;8-12-25,11-40-42;7-31-43;5-14-17,,4-31-37:0;6-33-39:0;8-12-25:2,11-40-42:0;7-31-43:0;5-14-17:0,0,0,N
659,0,,10-38-42;11-32-35;13-28-43,13-34-37;8-35-41;25-29-42,,10-38-42:1;11-32-35:0;13-28-43:0,13-34-37:0;8-35-41:0;25-29-42:2,0,0,N
660,0,,14-29-44;15-30-45;16-22-34,5-7-21;2-4-18;11-13-27,,14-29-44:1;15-30-45:0;16-22-34:0,5-7-21:0;2-4-18:1;11-13-27:0,0,0,N
661,0,,17-20-41;18-24-36;23-27-40,9-13-26;14-31-42;5-33-37,,17-20-41:1;18-24-36:0;23-27-40:1,9-13-26:0;14-31-42:0;5-33-37:0,0,0,N
662,0,,1-4-25;2-8-20;3-6-27,2-12-22;20-30-40;13-33-38,,1-4-25:0;2-8-20:0;3-6-27:1,2-12-22:0;20-30-40:0;13-33-38:0,0,0,N
663,2,7-11-24;9-37-41,5-32-38,13-15-29,7-11-24:0;9-37-41:0,5-32-38:2,13-15-29:0,0,0,N
664,0,,10-31-34;12-33-36;13-15-29,20-29-32;6-34-38;3-15-24,,10-31-34:1;12-33-36:2;13-15-29:0,20-29-32:1;6-34-38:0;3-15-24:0,0,0,N
665,0,,14-43-45;16-19-40;17-23-35,24-28-41;16-27-44;6-10-23,,14-43-45:0;16-19-40:0;17-23-35:1,24-28-41:0;16-27-44:1;6-10-23:1,0,0,N
666,0,,18-21-42;22-26-39;28-30-44,7-44-45;5-6-28;11-12-19,,18-21-42:0;22-26-39:0;28-30-44:1,7-44-45:0;5-6-28:2;11-12-19:1,0,0,N
667,0,,1-37-40;2-13-30;3-39-42,2-7-27;4-14-24;1-11-21,,1-37-40:1;2-13-30:0;3-39-42:1,2-7-27:0;4-14-24:0;1-11-21:0,0,0,N
668,0,,4-6-20;5-34-36;7-10-16,15-35-40;17-22-42;12-32-37,,4-6-20:0;5-34-36:0;7-10-16:0,15-35-40:1;17-22-42:0;12-32-37:2,0,0,N
669,0,,8-14-26;9-12-18;11-38-44,2-14-23;6-15-18;12-27-42,,8-14-26:1;9-12-18:0;11-38-44:1,2-14-23:0;6-15-18:0;12-27-42:0,0,0,N
670,0,,15-32-43;17-28-45;19-21-35,17-20-41;14-29-44;10-38-42,,15-32-43:0;17-28-45:0;19-21-35:0,17-20-41:1;14-29-44:0;10-38-42:0,0,0,N
671,0,,22-25-31;23-29-41;24-27-33,10-14-27;12-40-44;5-11-23,,22-25-31:1;23-29-41:0;24-27-33:0,10-14-27:1;12-40-44:0;5-11-23:0,0,0,N
672,0,,1-13-22;2-35-44;3-15-24,15-31-44;6-35-37;9-38-40,,1-13-22:0;2-35-44:0;3-15-24:0,15-31-44:1;6-35-37:0;9-38-40:0,0,0,Y
673,0,,4-8-21;5-14-17;6-34-38,1-32-45;6-8-22;12-14-28,,4-8-21:0;5-14-17:1;6-34-38:0,1-32-45:0;6-8-22:0;12-14-28:0,0,0,N
674,0,,7-31-43;9-33-45;10-12-26,5-33-37;3-7-20;4-15-17,,7-31-43:1;9-33-45:1;10-12-26:1,5-33-37:0;3-7-20:0;4-15-17:0,0,0,N
675,0,,11-40-42;16-28-37;18-30-39,10-32-33;11-12-19;2-3-25,,11-40-42:1;16-28-37:0;18-30-39:1,10-32-33:0;11-12-19:1;2-3-25:0,0,0,N
676,0,,19-23-36;20-29-32;25-27-41,8-31-45;11-33-34;18-19-41,,19-23-36:0;20-29-32:0;25-27-41:0,8-31-45:2;11-33-34:1;18-19-41:0,0,0,N
677,0,,1-3-17;2-31-33;4-7-28,22-27-32;14-34-39;5-40-45,,1-3-17:0;2-31-33:0;4-7-28:0,22-27-32:0;14-34-39:0;5-40-45:0,0,0,N
678,0,,5-11-23;6-9-30;8-35-41,6-31-41;17-22-42;12-32-37,,5-11-23:1;6-9-30:1;8-35-41:0,6-31-41:1;17-22-42:0;12-32-37:2,0,0,N
679,0,,10-14-27;12-40-44;13-34-37,17-27-37;10-35-45;5-15-25,,10-14-27:1;12-40-44:0;13-34-37:1,17-27-37:0;10-35-45:0;5-15-25:1,0,0,N
680,0,,15-36-39;16-18-32;19-22-43,9-35-43;3-37-44;7-14-18,,15-36-39:0;16-18-32:1;19-22-43:1,9-35-43:0;3-37-44:0;7-14-18:0,0,0,N
681,0,,20-26-38;21-24-45;25-29-42,4-38-45;10-36-44;21-29-40,,20-26-38:0;21-24-45:2;25-29-42:1,4-38-45:0;10-36-44:1;21-29-40:2,0,0,N
682,0,,1-5-18;2-11-29;3-31-35,21-28-32;16-24-35;3-10-29,,1-5-18:0;2-11-29:0;3-31-35:1,21-28-32:0;16-24-35:1;3-10-29:0,0,0,N
683,0,,4-40-43;6-42-45;7-9-23,20-23-44;21-27-39;14-35-38,,4-40-43:1;6-42-45:1;7-9-23:0,20-23-44:1;21-27-39:1;14-35-38:0,0,0,N
684,0,,8-37-39;10-13-19;12-15-21,5-20-35;9-15-27;22-28-40,,8-37-39:1;10-13-19:0;12-15-21:1,5-20-35:0;9-15-27:1;22-28-40:0,0,0,N
685,0,,14-32-41;16-20-33;17-26-44,16-25-43;9-24-39;1-10-28,,14-32-41:0;16-20-33:0;17-26-44:0,16-25-43:0;9-24-39:0;1-10-28:1,0,0,N
686,0,,22-24-38;25-28-34;27-30-36,17-29-38;10-25-40;7-35-39,,22-24-38:1;25-28-34:1;27-30-36:0,17-29-38:0;10-25-40:1;7-35-39:1,0,0,N
687,0,,1-14-30;2-4-18;3-32-34,14-43-45;7-11-24;13-15-29,,1-14-30:1;2-4-18:0;3-32-34:0,14-43-45:0;7-11-24:0;13-15-29:1,0,0,N
688,0,,5-7-21;6-35-37;8-10-24,1-37-40;8-14-26;2-13-30,,5-7-21:1;6-35-37:1;8-10-24:0,1-37-40:0;8-14-26:0;2-13-30:0,0,0,N
689,0,,9-38-40;11-13-27;12-41-43,5-14-17;3-15-24;19-23-36,,9-38-40:1;11-13-27:0;12-41-43:0,5-14-17:1;3-15-24:0;19-23-36:2,0,0,N
690,0,,15-31-44;16-29-45;17-19-33,19-22-43;6-9-30;15-36-39,,15-31-44:0;16-29-45:0;17-19-33:1,19-22-43:0;6-9-30:0;15-36-39:1,0,0,N
691,0,,20-22-36;23-25-39;26-28-42,25-28-34;22-24-38;4-40-43,,20-22-36:0;23-25-39:0;26-28-42:0,25-28-34:0;22-24-38:0;4-40-43:1,0,0,N
692,1,2-15-16,1-32-45;3-5-19,4-33-35;27-29-43,2-15-16:1,1-32-45:1;3-5-19:1,4-33-35:0;27-29-43:0,0,0,N
693,0,,4-33-35;6-8-22;7-36-38,8-36-40;16-27-44;11-39-43,,4-33-35:0;6-8-22:1;7-36-38:0,8-36-40:0;16-27-44:0;11-39-43:1,0,0,N
694,0,,9-11-25;10-39-41;12-14-28,19-20-42;1-2-24;10-11-18,,9-11-25:1;10-39-41:0;12-14-28:0,19-20-42:1;1-2-24:0;10-11-18:0,0,0,N
695,0,,13-42-44;17-30-31;18-20-34,7-32-42;2-12-22;20-30-40,,13-42-44:0;17-30-31:0;18-20-34:2,7-32-42:0;2-12-22:0;20-30-40:0,0,0,N
696,0,,21-23-37;24-26-40;27-29-43,6-14-25;18-26-37;7-33-41,,21-23-37:0;24-26-40:0;27-29-43:0,6-14-25:0;18-26-37:1;7-33-41:1,0,0,N
697,0,,1-12-29;2-34-45;3-7-20,1-16-31;3-18-33;7-34-40,,1-12-29:0;2-34-45:1;3-7-20:0,1-16-31:0;3-18-33:1;7-34-40:0,0,0,N
698,0,,4-15-17;5-33-37;6-10-23,8-11-17;18-29-31;12-39-45,,4-15-17:0;5-33-37:2;6-10-23:0,8-11-17:1;18-29-31:0;12-39-45:0,0,0,N
699,0,,8-36-40;9-13-26;11-39-43,17-21-34;15-33-42;3-12-30,,8-36-40:1;9-13-26:0;11-39-43:0,17-21-34:1;15-33-42:0;3-12-30:0,0,0,N
700,0,,14-31-42;16-27-44;18-22-35,3-9-21;14-29-44;4-31-37,,14-31-42:0;16-27-44:1;18-22-35:0,3-9-21:0;14-29-44:2;4-31-37:0,0,0,N
701,0,,19-30-32;21-25-38;24-28-41,17-26-44;2-11-29;7-9-23,,19-30-32:0;21-25-38:1;24-28-41:0,17-26-44:0;2-11-29:0;7-9-23:0,0,0,N
702,0,,1-2-24;3-40-41;4-5-27,3-32-34;8-10-24;16-29-45,,1-2-24:1;3-40-41:1;4-5-27:0,3-32-34:1;8-10-24:1;16-29-45:2,0,0,N
703,0,,6-43-44;7-8-30;9-31-32,9-11-25;13-42-44;24-26-40,,6-43-44:1;7-8-30:0;9-31-32:1,9-11-25:0;13-42-44:1;24-26-40:0,0,0,N
704,0,,10-11-18;12-34-35;13-14-21,28-29-36;9-31-32;3-40-41,,10-11-18:0;12-34-35:0;13-14-21:0,28-29-36:0;9-31-32:0;3-40-41:0,0,0,N
705,0,,15-37-38;16-17-39;19-20-42,16-23-42;22-29-33;19-26-45,,15-37-38:0;16-17-39:1;19-20-42:0,16-23-42:0;22-29-33:1;19-26-45:1,0,0,N
706,0,,22-23-45;25-26-33;28-29-36,23-30-34;2-9-28;1-35-42,,22-23-45:0;25-26-33:0;28-29-36:1,23-30-34:1;2-9-28:1;1-35-42:0,0,0,N
707,0,,1-38-39;2-3-25;4-41-42,22-30-41;11-37-45;4-12-23,,1-38-39:1;2-3-25:1;4-41-42:0,22-30-41:0;11-37-45:0;4-12-23:1,0,0,N
708,0,,5-6-28;7-44-45;8-9-16,1-33-44;2-38-41;4-19-34,,5-6-28:0;7-44-45:1;8-9-16:1,1-33-44:0;2-38-41:1;4-19-34:2,0,0,N
709,0,,10-32-33;11-12-19;13-35-36,1-34-43;2-14-23;4-13-16,,10-32-33:1;11-12-19:0;13-35-36:1,1-34-43:0;2-14-23:0;4-13-16:0,0,0,N
710,0,,14-15-22;17-18-40;20-21-43,18-21-42;28-30-44;12-33-36,,14-15-22:0;17-18-40:0;20-21-43:0,18-21-42:0;28-30-44:0;12-33-36:1,0,0,N
711,0,,23-24-31;26-27-34;29-30-37,9-12-18;7-10-16;22-25-31,,23-24-31:1;26-27-34:0;29-30-37:1,9-12-18:0;7-10-16:0;22-25-31:0,0,0,N
712,0,,1-15-23;2-39-40;3-4-26,2-35-44;16-28-37;9-33-45,,1-15-23:0;2-39-40:0;3-4-26:0,2-35-44:0;16-28-37:0;9-33-45:2,0,0,N
713,0,,5-42-43;6-7-29;8-31-45,11-31-36;8-33-43;7-12-17,,5-42-43:1;6-7-29:0;8-31-45:0,11-31-36:0;8-33-43:0;7-12-17:0,0,0,N
714,0,,9-10-17;11-33-34;12-13-20,23-28-33;9-34-44;5-10-30,,9-10-17:0;11-33-34:1;12-13-20:0,23-28-33:1;9-34-44:0;5-10-30:0,0,0,N
715,0,,14-36-37;16-30-38;18-19-41,6-32-40;1-8-27;20-28-39,,14-36-37:0;16-30-38:0;18-19-41:1,6-32-40:0;1-8-27:1;20-28-39:0,0,0,N
716,0,,21-22-44;24-25-32;27-28-35,2-36-43;7-15-26;19-27-38,,21-22-44:0;24-25-32:0;27-28-35:0,2-36-43:1;7-15-26:0;19-27-38:0,0,0,N
717,0,,1-6-26;2-37-42;3-13-23,6-34-38;1-13-22;4-8-21,,1-6-26:0;2-37-42:1;3-13-23:0,6-34-38:0;1-13-22:0;4-8-21:0,0,0,N
718,0,,4-9-29;5-40-45;7-12-17,1-7-19;8-12-25;11-32-35,,4-9-29:1;5-40-45:0;7-12-17:0,1-7-19:0;8-12-25:0;11-32-35:2,0,0,N
719,0,,8-33-43;10-15-20;11-31-36,17-23-35;5-32-38;16-19-40,,8-33-43:2;10-15-20:1;11-31-36:0,17-23-35:0;5-32-38:0;16-19-40:1,0,0,N
720,0,,14-34-39;16-21-41;18-28-38,20-22-36;26-28-42;2-4-18,,14-34-39:1;16-21-41:0;18-28-38:0,20-22-36:1;26-28-42:0;2-4-18:0,0,0,N
721,0,,19-24-44;22-27-32;25-30-35,19-25-37;13-41-45;6-12-24,,19-24-44:1;22-27-32:0;25-30-35:1,19-25-37:0;13-41-45:1;6-12-24:0,0,0,N
722,0,,1-11-21;2-7-27;3-38-43,12-40-44;1-3-17;2-31-33,,1-11-21:1;2-7-27:0;3-38-43:1,12-40-44:1;1-3-17:0;2-31-33:0,0,0,N
723,0,,4-14-24;5-10-30;6-31-41,12-15-21;14-32-41;27-30-36,,4-14-24:0;5-10-30:1;6-31-41:0,12-15-21:0;14-32-41:0;27-30-36:2,0,0,N
724,0,,8-13-18;9-34-44;12-32-37,22-23-45;7-8-30;12-34-35,,8-13-18:1;9-34-44:0;12-32-37:1,22-23-45:0;7-8-30:1;12-34-35:1,0,0,N
725,0,,15-35-40;16-26-36;17-22-42,13-14-21;25-26-33;15-37-38,,15-35-40:0;16-26-36:0;17-22-42:0,13-14-21:1;25-26-33:0;15-37-38:0,0,0,N
726,0,,19-29-39;20-25-45;23-28-33,21-22-44;16-30-38;5-42-43,,19-29-39:0;20-25-45:0;23-28-33:1,21-22-44:2;16-30-38:0;5-42-43:0,0,0,N
727,0,,1-36-41;2-12-22;3-8-28,24-28-41;2-34-45;1-12-29,,1-36-41:0;2-12-22:0;3-8-28:1,24-28-41:0;2-34-45:0;1-12-29:0,0,0,N
728,0,,4-39-44;5-15-25;6-11-16,20-21-43;23-24-31;8-9-16,,4-39-44:0;5-15-25:0;6-11-16:1,20-21-43:0;23-24-31:0;8-9-16:0,0,0,N
729,0,,7-32-42;9-14-19;10-35-45,14-36-37;3-4-26;9-10-17,,7-32-42:0;9-14-19:0;10-35-45:1,14-36-37:1;3-4-26:1;9-10-17:1,0,0,N
730,0,,13-33-38;17-27-37;18-23-43,5-11-23;16-18-32;21-24-45,,13-33-38:0;17-27-37:0;18-23-43:1,5-11-23:0;16-18-32:1;21-24-45:0,0,0,N
731,0,,20-30-40;21-26-31;24-29-34,6-10-23;14-31-42;18-22-35,,20-30-40:0;21-26-31:0;24-29-34:0,6-10-23:0;14-31-42:1;18-22-35:0,0,0,N
732,0,,1-8-27;2-10-21;3-37-44,3-13-23;25-30-35;2-37-42,,1-8-27:1;2-10-21:1;3-37-44:0,3-13-23:0;25-30-35:0;2-37-42:1,0,0,N
733,0,,4-11-30;5-13-24;6-32-40,17-20-41;23-27-40;13-28-43,,4-11-30:1;5-13-24:1;6-32-40:2,17-20-41:0;23-27-40:1;13-28-43:0,0,0,N
734,0,,7-14-18;9-35-43;12-31-38,24-27-33;19-21-35;11-38-44,,7-14-18:0;9-35-43:0;12-31-38:1,24-27-33:0;19-21-35:0;11-38-44:1,0,0,N
735,0,,15-34-41;16-23-42;17-25-36,25-27-41;9-33-45;16-28-37,,15-34-41:1;16-23-42:0;17-25-36:0,25-27-41:2;9-33-45:0;16-28-37:1,0,0,Y
736,0,,19-26-45;20-28-39;22-29-33,8-35-41;4-7-28;10-14-27,,19-26-45:0;20-28-39:0;22-29-33:0,8-35-41:0;4-7-28:0;10-14-27:1,0,0,N
737,0,,1-35-42;2-9-28;3-11-22,2-11-29;6-42-45;17-26-44,,1-35-42:0;2-9-28:0;3-11-22:0,2-11-29:0;6-42-45:0;17-26-44:0,0,0,N
738,0,,4-38-45;5-12-16;6-14-25,11-13-27;15-31-44;8-10-24,,4-38-45:1;5-12-16:0;6-14-25:0,11-13-27:1;15-31-44:0;8-10-24:0,0,0,N
739,0,,7-33-41;8-15-19;10-36-44,12-14-28;7-36-38;13-42-44,,7-33-41:2;8-15-19:0;10-36-44:0,12-14-28:0;7-36-38:1;13-42-44:0,0,0,N
740,0,,13-32-39;17-24-43;18-26-37,19-30-32;5-33-37;18-22-35,,13-32-39:0;17-24-43:1;18-26-37:0,19-30-32:1;5-33-37:0;18-22-35:0,0,0,N
741,0,,20-27-31;21-29-40;23-30-34,16-17-39;19-20-42;4-5-27,,20-27-31:1;21-29-40:1;23-30-34:1,16-17-39:0;19-20-42:0;4-5-27:2,0,0,N
742,0,,1-9-20;2-36-43;3-10-29,21-22-44;8-31-45;16-30-38,,1-9-20:0;2-36-43:1;3-10-29:1,21-22-44:0;8-31-45:1;16-30-38:0,0,0,N
743,0,,4-12-23;5-31-39;6-13-17,5-40-45;1-6-26;10-15-20,,4-12-23:0;5-31-39:0;6-13-17:0,5-40-45:0;1-6-26:0;10-15-20:1,0,0,N
744,0,,7-15-26;8-34-42;11-37-45,5-10-30;15-35-40;1-11-21,,7-15-26:1;8-34-42:1;11-37-45:0,5-10-30:1;15-35-40:1;1-11-21:1,0,0,N
745,0,,14-33-40;16-24-35;18-25-44,5-15-25;18-23-43;24-29-34,,14-33-40:0;16-24-35:0;18-25-44:0,5-15-25:0;18-23-43:1;24-29-34:0,0,0,N
746,0,,19-27-38;21-28-32;22-30-41,3-37-44;9-35-43;12-31-38,,19-27-38:0;21-28-32:0;22-30-41:0,3-37-44:1;9-35-43:0;12-31-38:1,0,0,N
747,0,,1-16-31;2-17-32;3-18-33,7-33-41;10-36-44;4-38-45,,1-16-31:0;2-17-32:0;3-18-33:0,7-33-41:1;10-36-44:0;4-38-45:0,0,0,N
748,0,,4-10-22;5-8-29;6-12-24,6-13-17;4-12-23;7-15-26,,4-10-22:2;5-8-29:0;6-12-24:0,6-13-17:1;4-12-23:0;7-15-26:0,0,0,N
749,0,,7-34-40;9-36-42;11-15-28,1-16-31;2-17-32;4-10-22,,7-34-40:1;9-36-42:0;11-15-28:0,1-16-31:0;2-17-32:0;4-10-22:0,0,0,N
750,0,,13-41-45;14-35-38;19-25-37,18-27-45;3-12-30;9-24-39,,13-41-45:0;14-35-38:0;19-25-37:1,18-27-45:0;3-12-30:0;9-24-39:1,0,0,N
751,0,,20-23-44;21-27-39;26-30-43,1-34-43;2-14-23;6-15-18,,20-23-44:2;21-27-39:0;26-30-43:0,1-34-43:0;2-14-23:0;6-15-18:0,0,0,N
752,0,,1-33-44;2-38-41;3-14-16,4-31-37;16-22-34;17-20-41,,1-33-44:1;2-38-41:0;3-14-16:1,4-31-37:1;16-22-34:1;17-20-41:1,0,0,N
753,0,,4-19-34;5-20-35;6-21-36,7-10-16;4-6-20;1-37-40,,4-19-34:1;5-20-35:0;6-21-36:0,7-10-16:0;4-6-20:0;1-37-40:1,0,0,N
754,0,,7-13-25;8-11-17;9-15-27,10-13-19;22-24-38;14-32-41,,7-13-25:0;8-11-17:2;9-15-27:0,10-13-19:0;22-24-38:1;14-32-41:0,0,0,N
755,0,,10-37-43;12-39-45;18-29-31,27-29-43;17-30-31;2-15-16,,10-37-43:0;12-39-45:0;18-29-31:0,27-29-43:0;17-30-31:1;2-15-16:0,0,0,N
756,0,,22-28-40;23-26-32;24-30-42,28-29-36;15-37-38;13-14-21,,22-28-40:1;23-26-32:0;24-30-42:0,28-29-36:1;15-37-38:0;13-14-21:1,0,0,N
757,0,,1-10-28;2-6-19;3-12-30,5-6-28;4-41-42;14-15-22,,1-10-28:0;2-6-19:1;3-12-30:0,5-6-28:1;4-41-42:0;14-15-22:0,0,0,N
758,0,,4-32-36;5-41-44;7-22-37,1-15-23;6-7-29;11-33-34,,4-32-36:0;5-41-44:1;7-22-37:0,1-15-23:0;6-7-29:0;11-33-34:0,0,0,N
759,0,,8-23-38;9-24-39;11-14-20,4-9-29;7-12-17;25-30-35,,8-23-38:0;9-24-39:1;11-14-20:0,4-9-29:1;7-12-17:0;25-30-35:0,0,0,N
760,0,,13-31-40;15-33-42;16-25-43,23-28-33;16-26-36;17-22-42,,13-31-40:1;15-33-42:1;16-25-43:1,23-28-33:0;16-26-36:0;17-22-42:2,0,0,N
761,0,,17-21-34;18-27-45;26-29-35,19-27-38;5-31-39;2-36-43,,17-21-34:0;18-27-45:1;26-29-35:0,19-27-38:0;5-31-39:0;2-36-43:0,0,0,N
762,0,,1-34-43;2-14-23;3-36-45,21-30-33;12-27-42;4-13-16,,1-34-43:1;2-14-23:0;3-36-45:1,21-30-33:1;12-27-42:1;4-13-16:0,0,0,N
763,0,,4-13-16;5-9-22;6-15-18,22-26-39;9-37-41;3-6-27,,4-13-16:1;5-9-22:0;6-15-18:0,22-26-39:0;9-37-41:0;3-6-27:1,0,0,N
764,0,,7-35-39;8-32-44;10-25-40,7-31-43;3-15-24;10-12-26,,7-35-39:1;8-32-44:0;10-25-40:0,7-31-43:2;3-15-24:1;10-12-26:0,0,0,N
765,0,,11-26-41;12-27-42;17-29-38,3-7-20;4-15-17;24-28-41,,11-26-41:0;12-27-42:2;17-29-38:0,3-7-20:1;4-15-17:0;24-28-41:0,0,0,N
766,0,,19-28-31;20-24-37;21-30-33,3-40-41;7-8-30;25-26-33,,19-28-31:0;20-24-37:0;21-30-33:1,3-40-41:1;7-8-30:1;25-26-33:0,0,0,N
767,0,,1-7-19;2-5-26;3-9-21,29-30-37;26-27-34;1-38-39,,1-7-19:0;2-5-26:1;3-9-21:0,29-30-37:0;26-27-34:1;1-38-39:0,0,0,N
768,0,,4-31-37;6-33-39;8-12-25,22-27-32;11-31-36;2-37-42,,4-31-37:0;6-33-39:0;8-12-25:0,22-27-32:1;11-31-36:0;2-37-42:0,0,0,N
769,0,,10-38-42;11-32-35;13-28-43,20-30-40;13-33-38;4-39-44,,10-38-42:0;11-32-35:1;13-28-43:0,20-30-40:0;13-33-38:0;4-39-44:0,0,0,N
770,0,,14-29-44;15-30-45;16-22-34,15-34-41;19-26-45;5-13-24,,14-29-44:0;15-30-45:0;16-22-34:0,15-34-41:0;19-26-45:0;5-13-24:0,0,0,N
771,0,,17-20-41;18-24-36;23-27-40,17-24-43;1-35-42;5-12-16,,17-20-41:1;18-24-36:1;23-27-40:0,17-24-43:1;1-35-42:0;5-12-16:0,0,0,N
772,0,,1-4-25;2-8-20;3-6-27,6-21-36;10-37-43;18-29-31,,1-4-25:0;2-8-20:0;3-6-27:1,6-21-36:2;10-37-43:0;18-29-31:0,0,0,N
773,0,,5-32-38;7-11-24;9-37-41,2-6-19;11-14-20;17-21-34,,5-32-38:0;7-11-24:0;9-37-41:0,2-6-19:1;11-14-20:0;17-21-34:1,0,0,N
774,0,,10-31-34;12-33-36;13-15-29,1-7-19;3-9-21;11-32-35,,10-31-34:1;12-33-36:1;13-15-29:1,1-7-19:0;3-9-21:0;11-32-35:0,0,0,N
775,0,,14-43-45;16-19-40;17-23-35,9-12-18;17-28-45;3-39-42,,14-43-45:0;16-19-40:0;17-23-35:0,9-12-18:1;17-28-45:0;3-39-42:1,0,0,N
776,0,,18-21-42;22-26-39;28-30-44,2-31-33;20-26-38;5-11-23,,18-21-42:2;22-26-39:0;28-30-44:1,2-31-33:0;20-26-38:0;5-11-23:0,0,0,N
777,0,,1-37-40;2-13-30;3-39-42,25-28-34;4-40-43;7-9-23,,1-37-40:1;2-13-30:0;3-39-42:0,25-28-34:1;4-40-43:0;7-9-23:0,0,0,N
778,0,,4-6-20;5-34-36;7-10-16,13-34-37;6-9-30;1-3-17,,4-6-20:1;5-34-36:1;7-10-16:0,13-34-37:1;6-9-30:1;1-3-17:0,0,0,N
779,0,,8-14-26;9-12-18;11-38-44,6-8-22;9-11-25;4-33-35,,8-14-26:0;9-12-18:1;11-38-44:0,6-8-22:1;9-11-25:0;4-33-35:0,0,0,N
780,0,,15-32-43;17-28-45;19-21-35,6-43-44;12-34-35;1-2-24,,15-32-43:1;17-28-45:2;19-21-35:2,6-43-44:0;12-34-35:0;1-2-24:0,0,0,N
781,0,,22-25-31;23-29-41;24-27-33,9-10-17;18-19-41;27-28-35,,22-25-31:0;23-29-41:0;24-27-33:1,9-10-17:0;18-19-41:2;27-28-35:0,0,0,N
782,0,,1-13-22;2-35-44;3-15-24,19-29-39;4-14-24;3-38-43,,1-13-22:0;2-35-44:0;3-15-24:0,19-29-39:0;4-14-24:0;3-38-43:1,0,0,N
783,0,,4-8-21;5-14-17;6-34-38,7-34-40;14-35-38;6-12-24,,4-8-21:0;5-14-17:2;6-34-38:1,7-34-40:0;14-35-38:2;6-12-24:0,0,0,N
784,0,,7-31-43;9-33-45;10-12-26,2-38-41;12-39-45;9-15-27,,7-31-43:1;9-33-45:0;10-12-26:1,2-38-41:0;12-39-45:1;9-15-27:0,0,0,N
785,0,,11-40-42;16-28-37;18-30-39,7-35-39;3-36-45;5-9-22,,11-40-42:0;16-28-37:0;18-30-39:0,7-35-39:0;3-36-45:0;5-9-22:0,0,0,N
786,0,,19-23-36;20-29-32;25-27-41,2-4-18;6-35-37;23-25-39,,19-23-36:0;20-29-32:1;25-27-41:0,2-4-18:0;6-35-37:0;23-25-39:0,0,0,N
787,0,,1-3-17;2-31-33;4-7-28,13-15-29;16-19-40;7-11-24,,1-3-17:0;2-31-33:0;4-7-28:1,13-15-29:1;16-19-40:1;7-11-24:0,0,0,N
788,0,,5-11-23;6-9-30;8-35-41,9-34-44;8-13-18;2-7-27,,5-11-23:1;6-9-30:0;8-35-41:1,9-34-44:0;8-13-18:0;2-7-27:1,0,0,N
789,0,,10-14-27;12-40-44;13-34-37,8-15-19;21-29-40;13-32-39,,10-14-27:0;12-40-44:1;13-34-37:0,8-15-19:1;21-29-40:0;13-32-39:0,0,0,N
790,0,,15-36-39;16-18-32;19-22-43,19-21-35;11-38-44;2-13-30,,15-36-39:0;16-18-32:0;19-22-43:1,19-21-35:1;11-38-44:0;2-13-30:1,0,0,N
791,0,,20-26-38;21-24-45;25-29-42,26-30-43;13-41-45;5-8-29,,20-26-38:0;21-24-45:0;25-29-42:1,26-30-43:0;13-41-45:0;5-8-29:0,0,0,N
792,0,,1-5-18;2-11-29;3-31-35,10-38-42;2-5-26;8-12-25,,1-5-18:0;2-11-29:2;3-31-35:0,10-38-42:0;2-5-26:1;8-12-25:1,0,0,N
793,0,,4-40-43;6-42-45;7-9-23,2-3-25;7-44-45;11-12-19,,4-40-43:1;6-42-45:0;7-9-23:0,2-3-25:0;7-44-45:0;11-12-19:0,0,0,N
794,0,,8-37-39;10-13-19;12-15-21,1-15-23;21-22-44;27-28-35,,8-37-39:0;10-13-19:1;12-15-21:0,1-15-23:0;21-22-44:0;27-28-35:0,0,0,Y
795,0,,14-32-41;16-20-33;17-26-44,3-13-23;18-28-38;25-30-35,,14-32-41:0;16-20-33:0;17-26-44:1,3-13-23:2;18-28-38:1;25-30-35:0,0,0,N
796,0,,22-24-38;25-28-34;27-30-36,16-26-36;9-34-44;3-38-43,,22-24-38:0;25-28-34:0;27-30-36:1,16-26-36:2;9-34-44:0;3-38-43:0,0,0,N
797,0,,1-14-30;2-4-18;3-32-34,17-25-36;6-32-40;1-8-27,,1-14-30:0;2-4-18:0;3-32-34:1,17-25-36:0;6-32-40:1;1-8-27:0,0,0,N
798,0,,5-7-21;6-35-37;8-10-24,13-32-39;4-38-45;3-11-22,,5-7-21:0;6-35-37:0;8-10-24:1,13-32-39:1;4-38-45:0;3-11-22:1,0,0,N
799,0,,9-38-40;11-13-27;12-41-43,22-30-41;2-36-43;14-33-40,,9-38-40:0;11-13-27:0;12-41-43:1,22-30-41:0;2-36-43:0;14-33-40:0,0,0,N
800,0,,15-31-44;16-29-45;17-19-33,6-12-24;2-17-32;3-18-33,,15-31-44:0;16-29-45:1;17-19-33:0,6-12-24:1;2-17-32:0;3-18-33:0,0,0,N
801,0,,20-22-36;23-25-39;26-28-42,4-19-34;10-37-43;23-26-32,,20-22-36:0;23-25-39:1;26-28-42:1,4-19-34:0;10-37-43:2;23-26-32:0,0,0,N
802,0,,1-32-45;2-15-16;3-5-19,10-25-40;19-28-31;1-34-43,,1-32-45:0;2-15-16:0;3-5-19:0,10-25-40:1;19-28-31:0;1-34-43:0,0,0,N
803,0,,4-33-35;6-8-22;7-36-38,9-12-18;24-27-33;3-39-42,,4-33-35:0;6-8-22:0;7-36-38:0,9-12-18:1;24-27-33:0;3-39-42:0,0,0,N
804,0,,9-11-25;10-39-41;12-14-28,10-12-26;18-30-39;2-35-44,,9-11-25:0;10-39-41:1;12-14-28:0,10-12-26:2;18-30-39:0;2-35-44:0,0,0,N
805,0,,13-42-44;17-30-31;18-20-34,16-18-32;15-36-39;6-9-30,,13-42-44:1;17-30-31:1;18-20-34:1,16-18-32:2;15-36-39:0;6-9-30:0,0,0,N
806,0,,21-23-37;24-26-40;27-29-43,6-42-45;3-31-35;10-13-19,,21-23-37:2;24-26-40:0;27-29-43:0,6-42-45:0;3-31-35:1;10-13-19:0,0,0,N
807,0,,1-12-29;2-34-45;3-7-20,1-14-30;20-22-36;11-13-27,,1-12-29:0;2-34-45:1;3-7-20:0,1-14-30:0;20-22-36:0;11-13-27:0,0,0,N
808,0,,4-15-17;5-33-37;6-10-23,10-39-41;18-20-34;4-33-35,,4-15-17:1;5-33-37:0;6-10-23:0,10-39-41:1;18-20-34:0;4-33-35:0,0,0,N
809,0,,8-36-40;9-13-26;11-39-43,1-2-24;9-31-32;3-40-41,,8-36-40:1;9-13-26:0;11-39-43:1,1-2-24:0;9-31-32:0;3-40-41:1,0,0,N
810,0,,14-31-42;16-27-44;18-22-35,17-22-42;23-28-33;15-35-40,,14-31-42:0;16-27-44:0;18-22-35:0,17-22-42:0;23-28-33:0;15-35-40:0,0,0,N
811,0,,19-30-32;21-25-38;24-28-41,21-26-31;4-39-44;5-15-25,,19-30-32:1;21-25-38:1;24-28-41:0,21-26-31:1;4-39-44:0;5-15-25:0,0,0,N
812,0,,1-2-24;3-40-41;4-5-27,9-36-42;13-41-45;11-15-28,,1-2-24:1;3-40-41:1;4-5-27:0,9-36-42:0;13-41-45:0;11-15-28:0,0,0,N
813,0,,6-43-44;7-8-30;9-31-32,13-28-43;1-7-19;10-38-42,,6-43-44:1;7-8-30:1;9-31-32:0,13-28-43:0;1-7-19:0;10-38-42:1,0,0,N
814,0,,10-11-18;12-34-35;13-14-21,7-11-24;3-6-27;10-31-34,,10-11-18:0;12-34-35:0;13-14-21:1,7-11-24:0;3-6-27:0;10-31-34:0,0,0,N
815,0,,15-37-38;16-17-39;19-20-42,19-21-35;17-28-45;11-38-44,,15-37-38:0;16-17-39:1;19-20-42:0,19-21-35:1;17-28-45:1;11-38-44:0,0,0,N
816,0,,22-23-45;25-26-33;28-29-36,21-24-45;25-29-42;10-14-27,,22-23-45:0;25-26-33:0;28-29-36:1,21-24-45:0;25-29-42:1;10-14-27:0,0,0,N
817,0,,1-38-39;2-3-25;4-41-42,17-19-33;16-29-45;23-25-39,,1-38-39:0;2-3-25:2;4-41-42:0,17-19-33:0;16-29-45:0;23-25-39:1,0,0,N
818,0,,5-6-28;7-44-45;8-9-16,21-25-38;2-34-45;3-7-20,,5-6-28:1;7-44-45:0;8-9-16:0,21-25-38:1;2-34-45:0;3-7-20:0,0,0,N
819,0,,10-32-33;11-12-19;13-35-36,28-29-36;7-8-30;13-14-21,,10-32-33:1;11-12-19:0;13-35-36:0,28-29-36:0;7-8-30:0;13-14-21:0,0,0,N
820,1,14-15-22,17-18-40;20-21-43,7-44-45;2-3-25,14-15-22:1,17-18-40:0;20-21-43:1,7-44-45:0;2-3-25:0,0,0,N
821,0,,23-24-31;26-27-34;29-30-37,1-6-26;10-15-20;22-27-32,,23-24-31:1;26-27-34:0;29-30-37:1,1-6-26:1;10-15-20:0;22-27-32:0,0,0,N
822,0,,1-15-23;2-39-40;3-4-26,12-32-37;8-13-18;4-14-24,,1-15-23:0;2-39-40:0;3-4-26:0,12-32-37:0;8-13-18:1;4-14-24:1,0,0,N
823,0,,5-42-43;6-7-29;8-31-45,18-23-43;20-30-40;17-27-37,,5-42-43:0;6-7-29:0;8-31-45:0,18-23-43:1;20-30-40:1;17-27-37:0,0,0,N
824,0,,9-10-17;11-33-34;12-13-20,17-24-43;18-26-37;21-29-40,,9-10-17:1;11-33-34:1;12-13-20:0,17-24-43:1;18-26-37:0;21-29-40:1,0,0,N
825,0,,14-36-37;16-30-38;18-19-41,3-10-29;8-34-42;7-15-26,,14-36-37:0;16-30-38:1;18-19-41:0,3-10-29:0;8-34-42:1;7-15-26:1,0,0,N
826,0,,21-22-44;24-25-32;27-28-35,2-38-41;24-30-42;9-15-27,,21-22-44:0;24-25-32:2;27-28-35:0,2-38-41:0;24-30-42:1;9-15-27:0,0,0,N
827,0,,1-6-26;2-37-42;3-13-23,15-33-42;13-31-40;9-24-39,,1-6-26:0;2-37-42:0;3-13-23:0,15-33-42:1;13-31-40:0;9-24-39:0,0,0,N
828,0,,4-9-29;5-40-45;7-12-17,5-9-22;11-26-41;2-14-23,,4-9-29:2;5-40-45:0;7-12-17:1,5-9-22:0;11-26-41:0;2-14-23:0,0,0,N
829,0,,8-33-43;10-15-20;11-31-36,7-10-16;2-13-30;23-29-41,,8-33-43:1;10-15-20:0;11-31-36:1,7-10-16:0;2-13-30:0;23-29-41:0,0,0,N
830,0,,14-34-39;16-21-41;18-28-38,1-12-29;14-31-42;11-39-43,,14-34-39:0;16-21-41:1;18-28-38:2,1-12-29:0;14-31-42:0;11-39-43:0,0,0,N
831,0,,19-24-44;22-27-32;25-30-35,16-17-39;10-11-18;15-37-38,,19-24-44:1;22-27-32:0;25-30-35:0,16-17-39:2;10-11-18:1;15-37-38:0,0,0,N
832,0,,1-11-21;2-7-27;3-38-43,18-19-41;8-31-45;3-4-26,,1-11-21:0;2-7-27:0;3-38-43:1,18-19-41:1;8-31-45:0;3-4-26:1,0,0,N
833,0,,4-14-24;5-10-30;6-31-41,5-40-45;8-33-43;14-34-39,,4-14-24:0;5-10-30:1;6-31-41:1,5-40-45:0;8-33-43:0;14-34-39:1,0,0,N
834,0,,8-13-18;9-34-44;12-32-37,7-32-42;2-12-22;9-14-19,,8-13-18:2;9-34-44:0;12-32-37:0,7-32-42:1;2-12-22:0;9-14-19:0,0,0,N
835,0,,15-35-40;16-26-36;17-22-42,3-14-16;6-21-36;18-29-31,,15-35-40:0;16-26-36:0;17-22-42:0,3-14-16:0;6-21-36:0;18-29-31:0,0,0,N
836,0,,19-29-39;20-25-45;23-28-33,6-10-23;9-13-26;18-22-35,,19-29-39:0;20-25-45:0;23-28-33:1,6-10-23:0;9-13-26:2;18-22-35:0,0,0,N
837,0,,1-36-41;2-12-22;3-8-28,4-11-30;7-14-18;19-26-45,,1-36-41:0;2-12-22:1;3-8-28:1,4-11-30:1;7-14-18:0;19-26-45:1,0,0,N
838,0,,4-39-44;5-15-25;6-11-16,1-10-28;3-12-30;18-27-45,,4-39-44:0;5-15-25:0;6-11-16:0,1-10-28:0;3-12-30:0;18-27-45:0,0,0,N
839,0,,7-32-42;9-14-19;10-35-45,6-33-39;18-24-36;3-9-21,,7-32-42:0;9-14-19:2;10-35-45:0,6-33-39:0;18-24-36:0;3-9-21:2,0,0,N
840,0,,13-33-38;17-27-37;18-23-43,16-19-40;17-23-35;9-37-41,,13-33-38:0;17-27-37:0;18-23-43:1,16-19-40:0;17-23-35:0;9-37-41:0,0,0,N
841,0,,20-30-40;21-26-31;24-29-34,19-22-43;2-31-33;5-11-23,,20-30-40:1;21-26-31:0;24-29-34:0,19-22-43:0;2-31-33:1;5-11-23:2,0,0,N
842,0,,1-8-27;2-10-21;3-37-44,1-5-18;2-11-29;22-24-38,,1-8-27:0;2-10-21:0;3-37-44:0,1-5-18:0;2-11-29:0;22-24-38:0,0,0,N
843,0,,4-11-30;5-13-24;6-32-40,26-28-42;3-32-34;9-38-40,,4-11-30:1;5-13-24:0;6-32-40:0,26-28-42:1;3-32-34:1;9-38-40:0,0,0,N
844,0,,7-14-18;9-35-43;12-31-38,20-21-43;29-30-37;26-27-34,,7-14-18:1;9-35-43:0;12-31-38:0,20-21-43:0;29-30-37:0;26-27-34:0,0,0,N
845,0,,15-34-41;16-23-42;17-25-36,13-15-29;18-21-42;14-43-45,,15-34-41:0;16-23-42:1;17-25-36:0,13-15-29:1;18-21-42:0;14-43-45:1,0,0,N
846,0,,19-26-45;20-28-39;22-29-33,9-33-45;11-40-42;1-13-22,,19-26-45:1;20-28-39:0;22-29-33:0,9-33-45:1;11-40-42:0;1-13-22:0,0,0,N
847,0,,1-35-42;2-9-28;3-11-22,27-29-43;1-32-45;13-42-44,,1-35-42:1;2-9-28:1;3-11-22:0,27-29-43:0;1-32-45:0;13-42-44:1,0,0,N
848,0,,4-38-45;5-12-16;6-14-25,19-20-42;12-34-35;22-23-45,,4-38-45:1;5-12-16:1;6-14-25:0,19-20-42:0;12-34-35:0;22-23-45:1,0,0,N
849,0,,7-33-41;8-15-19;10-36-44,1-4-25;2-8-20;22-26-39,,7-33-41:0;8-15-19:0;10-36-44:0,1-4-25:0;2-8-20:0;22-26-39:1,0,0,N
850,0,,13-32-39;17-24-43;18-26-37,5-42-43;12-13-20;6-7-29,,13-32-39:1;17-24-43:1;18-26-37:0,5-42-43:0;12-13-20:1;6-7-29:0,0,0,N
851,0,,20-27-31;21-29-40;23-30-34,20-29-32;3-15-24;19-23-36,,20-27-31:1;21-29-40:0;23-30-34:0,20-29-32:0;3-15-24:0;19-23-36:0,0,0,N
852,0,,1-9-20;2-36-43;3-10-29,26-30-43;1-16-31;20-23-44,,1-9-20:0;2-36-43:0;3-10-29:0,26-30-43:1;1-16-31:0;20-23-44:0,0,0,N
853,0,,4-12-23;5-31-39;6-13-17,27-30-36;16-20-33;7-9-23,,4-12-23:1;5-31-39:0;6-13-17:0,27-30-36:1;16-20-33:0;7-9-23:1,0,0,N
854,0,,7-15-26;8-34-42;11-37-45,20-27-31;10-36-44;8-15-19,,7-15-26:0;8-34-42:0;11-37-45:0,20-27-31:2;10-36-44:1;8-15-19:0,0,0,N
855,1,18-25-44,14-33-40;16-24-35,2-36-43;3-10-29,18-25-44:1,14-33-40:0;16-24-35:0,2-36-43:1;3-10-29:0,0,0,Y
856,0,,19-27-38;21-28-32;22-30-41,7-34-40;5-8-29;2-17-32,,19-27-38:0;21-28-32:0;22-30-41:1,7-34-40:1;5-8-29:0;2-17-32:0,0,0,N
857,0,,1-16-31;2-17-32;3-18-33,8-11-17;24-30-42;2-38-41,,1-16-31:1;2-17-32:0;3-18-33:0,8-11-17:0;24-30-42:0;2-38-41:1,0,0,N
858,0,,4-10-22;5-8-29;6-12-24,16-25-43;1-10-28;8-23-38,,4-10-22:0;5-8-29:0;6-12-24:0,16-25-43:1;1-10-28:0;8-23-38:1,0,0,N
859,0,,7-34-40;9-36-42;11-15-28,8-32-44;17-29-38;1-34-43,,7-34-40:0;9-36-42:0;11-15-28:0,8-32-44:1;17-29-38:1;1-34-43:0,0,0,N
860,0,,13-41-45;14-35-38;19-25-37,10-38-42;6-33-39;8-12-25,,13-41-45:0;14-35-38:0;19-25-37:1,10-38-42:0;6-33-39:0;8-12-25:2,0,0,N
861,0,,20-23-44;21-27-39;26-30-43,5-32-38;18-21-42;2-8-20,,20-23-44:0;21-27-39:1;26-30-43:0,5-32-38:0;18-21-42:1;2-8-20:0,0,0,N
862,0,,1-33-44;2-38-41;3-14-16,22-25-31;11-38-44;19-21-35,,1-33-44:0;2-38-41:1;3-14-16:0,22-25-31:0;11-38-44:1;19-21-35:0,0,0,N
863,0,,4-19-34;5-20-35;6-21-36,10-12-26;20-29-32;6-34-38,,4-19-34:0;5-20-35:1;6-21-36:1,10-12-26:0;20-29-32:0;6-34-38:0,0,0,N
864,0,,7-13-25;8-11-17;9-15-27,16-18-32;21-24-45;8-35-41,,7-13-25:3;8-11-17:0;9-15-27:0,16-18-32:0;21-24-45:0;8-35-41:0,1,0,N
865,0,,10-37-43;12-39-45;18-29-31,8-10-24;11-13-27;3-32-34,,10-37-43:0;12-39-45:1;18-29-31:0,8-10-24:0;11-13-27:0;3-32-34:2,0,0,N
866,0,,22-28-40;23-26-32;24-30-42,18-22-35;19-30-32;2-34-45,,22-28-40:0;23-26-32:0;24-30-42:0,18-22-35:0;19-30-32:0;2-34-45:1,0,0,N
867,0,,1-10-28;2-6-19;3-12-30,12-34-35;15-37-38;9-31-32,,1-10-28:0;2-6-19:1;3-12-30:0,12-34-35:0;15-37-38:0;9-31-32:0,0,0,N
868,0,,4-32-36;5-41-44;7-22-37,2-39-40;18-19-41;9-10-17,,4-32-36:0;5-41-44:2;7-22-37:0,2-39-40:0;18-19-41:1;9-10-17:1,0,0,N
869,0,,8-23-38;9-24-39;11-14-20,19-24-44;7-12-17;25-30-35,,8-23-38:0;9-24-39:1;11-14-20:1,19-24-44:0;7-12-17:0;25-30-35:0,0,0,N
870,0,,13-31-40;15-33-42;16-25-43,2-7-27;4-14-24;20-25-45,,13-31-40:1;15-33-42:1;16-25-43:1,2-7-27:0;4-14-24:0;20-25-45:1,0,0,N
871,0,,17-21-34;18-27-45;26-29-35,5-15-25;20-30-40;7-32-42,,17-21-34:1;18-27-45:0;26-29-35:1,5-15-25:0;20-30-40:1;7-32-42:0,0,0,N
872,0,,1-34-43;2-14-23;3-36-45,12-31-38;19-26-45;15-34-41,,1-34-43:1;2-14-23:1;3-36-45:0,12-31-38:0;19-26-45:0;15-34-41:0,0,0,N
873,0,,4-13-16;5-9-22;6-15-18,23-30-34;13-32-39;17-24-43,,4-13-16:1;5-9-22:1;6-15-18:0,23-30-34:0;13-32-39:2;17-24-43:0,0,0,N
874,0,,7-35-39;8-32-44;10-25-40,2-31-33;20-26-38;1-3-17,,7-35-39:0;8-32-44:0;10-25-40:0,2-31-33:0;20-26-38:0;1-3-17:1,0,0,N
875,0,,11-26-41;12-27-42;17-29-38,14-32-41;6-42-45;12-15-21,,11-26-41:0;12-27-42:0;17-29-38:0,14-32-41:0;6-42-45:0;12-15-21:0,0,0,N
876,0,,19-28-31;20-24-37;21-30-33,15-31-44;17-19-33;1-14-30,,19-28-31:0;20-24-37:0;21-30-33:1,15-31-44:0;17-19-33:0;1-14-30:0,0,0,N
877,0,,1-7-19;2-5-26;3-9-21,3-5-19;2-15-16;24-26-40,,1-7-19:0;2-5-26:1;3-9-21:0,3-5-19:1;2-15-16:0;24-26-40:0,0,0,N
878,0,,4-31-37;6-33-39;8-12-25,11-12-19;17-18-40;14-15-22,,4-31-37:1;6-33-39:1;8-12-25:1,11-12-19:1;17-18-40:0;14-15-22:0,0,0,N
879,0,,10-38-42;11-32-35;13-28-43,6-7-29;11-33-34;24-25-32,,10-38-42:1;11-32-35:1;13-28-43:0,6-7-29:0;11-33-34:0;24-25-32:0,0,0,N
880,0,,14-29-44;15-30-45;16-22-34,6-14-25;8-15-19;1-35-42,,14-29-44:0;15-30-45:1;16-22-34:0,6-14-25:0;8-15-19:1;1-35-42:0,0,0,N
881,0,,17-20-41;18-24-36;23-27-40,16-24-35;19-27-38;7-15-26,,17-20-41:1;18-24-36:1;23-27-40:1,16-24-35:0;19-27-38:1;7-15-26:1,0,0,N
882,0,,1-4-25;2-8-20;3-6-27,18-27-45;4-32-36;9-24-39,,1-4-25:0;2-8-20:0;3-6-27:0,18-27-45:2;4-32-36:0;9-24-39:1,0,0,N
883,0,,5-32-38;7-11-24;9-37-41,15-30-45;18-24-36;16-22-34,,5-32-38:1;7-11-24:0;9-37-41:2,15-30-45:0;18-24-36:1;16-22-34:0,0,0,N
884,0,,10-31-34;12-33-36;13-15-29,9-11-25;18-20-34;1-32-45,,10-31-34:0;12-33-36:0;13-15-29:0,9-11-25:0;18-20-34:0;1-32-45:1,0,0,N
885,0,,14-43-45;16-19-40;17-23-35,14-31-42;4-15-17;24-28-41,,14-43-45:1;16-19-40:0;17-23-35:0,14-31-42:0;4-15-17:0;24-28-41:1,0,0,N
886,0,,18-21-42;22-26-39;28-30-44,1-2-24;4-5-27;16-17-39,,18-21-42:1;22-26-39:0;28-30-44:1,1-2-24:0;4-5-27:0;16-17-39:0,0,0,N
887,0,,1-37-40;2-13-30;3-39-42,5-6-28;29-30-37;7-44-45,,1-37-40:0;2-13-30:0;3-39-42:0,5-6-28:0;29-30-37:0;7-44-45:1,0,0,N
888,0,,4-6-20;5-34-36;7-10-16,27-28-35;14-36-37;8-31-45,,4-6-20:0;5-34-36:1;7-10-16:1,27-28-35:0;14-36-37:0;8-31-45:1,0,0,N
889,0,,8-14-26;9-12-18;11-38-44,25-28-34;22-24-38;7-9-23,,8-14-26:0;9-12-18:0;11-38-44:1,25-28-34:0;22-24-38:1;7-9-23:0,0,0,N
890,0,,15-32-43;17-28-45;19-21-35,19-20-42;3-40-41;25-26-33,,15-32-43:0;17-28-45:0;19-21-35:0,19-20-42:0;3-40-41:0;25-26-33:0,0,0,N
891,0,,22-25-31;23-29-41;24-27-33,1-6-26;4-9-29;14-34-39,,22-25-31:1;23-29-41:1;24-27-33:0,1-6-26:0;4-9-29:1;14-34-39:1,0,0,N
892,0,,1-13-22;2-35-44;3-15-24,8-13-18;19-29-39;6-31-41,,1-13-22:0;2-35-44:0;3-15-24:0,8-13-18:1;19-29-39:0;6-31-41:0,0,0,N
893,0,,4-8-21;5-14-17;6-34-38,17-27-37;18-23-43;1-36-41,,4-8-21:0;5-14-17:1;6-34-38:0,17-27-37:1;18-23-43:1;1-36-41:2,0,0,N
894,0,,7-31-43;9-33-45;10-12-26,6-13-17;4-12-23;22-30-41,,7-31-43:1;9-33-45:0;10-12-26:0,6-13-17:0;4-12-23:0;22-30-41:1,0,0,N
895,0,,11-40-42;16-28-37;18-30-39,13-41-45;26-30-43;19-25-37,,11-40-42:0;16-28-37:1;18-30-39:1,13-41-45:1;26-30-43:1;19-25-37:0,0,0,N
896,0,,19-23-36;20-29-32;25-27-41,7-35-39;11-26-41;2-14-23,,19-23-36:0;20-29-32:0;25-27-41:1,7-35-39:0;11-26-41:1;2-14-23:0,0,0,N
897,0,,1-3-17;2-31-33;4-7-28,17-28-45;5-34-36;23-29-41,,1-3-17:0;2-31-33:0;4-7-28:1,17-28-45:0;5-34-36:1;23-29-41:0,0,0,N
898,1,6-9-30,5-11-23;8-35-41,4-7-28;19-22-43,6-9-30:0,5-11-23:0;8-35-41:1,4-7-28:1;19-22-43:0,0,0,N
899,0,,10-14-27;12-40-44;13-34-37,2-4-18;5-7-21;6-35-37,,10-14-27:0;12-40-44:0;13-34-37:0,2-4-18:0;5-7-21:1;6-35-37:0,0,0,N
900,0,,15-36-39;16-18-32;19-22-43,3-7-20;21-25-38;5-33-37,,15-36-39:0;16-18-32:2;19-22-43:0,3-7-20:1;21-25-38:1;5-33-37:0,0,0,N
901,0,,20-26-38;21-24-45;25-29-42,5-12-16;18-26-37;4-38-45,,20-26-38:1;21-24-45:0;25-29-42:0,5-12-16:1;18-26-37:1;4-38-45:0,0,0,N
902,0,,1-5-18;2-11-29;3-31-35,19-23-36;18-30-39;5-14-17,,1-5-18:0;2-11-29:0;3-31-35:0,19-23-36:3;18-30-39:1;5-14-17:0,0,1,N
903,0,,4-40-43;6-42-45;7-9-23,27-30-36;8-37-39;10-13-19,,4-40-43:0;6-42-45:0;7-9-23:0,27-30-36:0;8-37-39:0;10-13-19:0,0,0,N
904,0,,8-37-39;10-13-19;12-15-21,5-40-45;2-37-42;16-21-41,,8-37-39:1;10-13-19:0;12-15-21:0,5-40-45:1;2-37-42:1;16-21-41:0,0,0,N
905,0,,14-32-41;16-20-33;17-26-44,2-10-21;6-32-40;4-11-30,,14-32-41:0;16-20-33:1;17-26-44:0,2-10-21:0;6-32-40:1;4-11-30:1,0,0,N
906,0,,22-24-38;25-28-34;27-30-36,4-10-22;1-16-31;21-27-39,,22-24-38:0;25-28-34:1;27-30-36:0,4-10-22:0;1-16-31:1;21-27-39:0,0,0,N
907,0,,1-14-30;2-4-18;3-32-34,3-14-16;5-20-35;18-29-31,,1-14-30:0;2-4-18:0;3-32-34:0,3-14-16:0;5-20-35:0;18-29-31:1,0,0,N
908,0,,5-7-21;6-35-37;8-10-24,21-23-37;7-36-38;13-42-44,,5-7-21:1;6-35-37:0;8-10-24:0,21-23-37:2;7-36-38:0;13-42-44:1,0,0,N
909,0,,9-38-40;11-13-27;12-41-43,1-15-23;16-30-38;3-4-26,,9-38-40:0;11-13-27:0;12-41-43:0,1-15-23:0;16-30-38:1;3-4-26:0,0,0,N
910,0,,15-31-44;16-29-45;17-19-33,10-31-34;17-23-35;7-11-24,,15-31-44:0;16-29-45:0;17-19-33:1,10-31-34:0;17-23-35:2;7-11-24:1,0,0,N
911,0,,20-22-36;23-25-39;26-28-42,20-28-39;1-8-27;17-25-36,,20-22-36:0;23-25-39:0;26-28-42:1,20-28-39:0;1-8-27:0;17-25-36:0,0,0,N
912,0,,1-32-45;2-15-16;3-5-19,4-31-37;2-5-26;14-29-44,,1-32-45:0;2-15-16:0;3-5-19:1,4-31-37:0;2-5-26:1;14-29-44:0,0,0,N
913,0,,4-33-35;6-8-22;7-36-38,7-8-30;10-11-18;13-14-21,,4-33-35:0;6-8-22:1;7-36-38:0,7-8-30:0;10-11-18:0;13-14-21:2,0,0,N
914,0,,9-11-25;10-39-41;12-14-28,16-26-36;1-11-21;12-32-37,,9-11-25:0;10-39-41:0;12-14-28:0,16-26-36:1;1-11-21:0;12-32-37:0,0,0,N
915,0,,13-42-44;17-30-31;18-20-34,20-27-31;7-33-41;10-36-44,,13-42-44:1;17-30-31:0;18-20-34:0,20-27-31:0;7-33-41:0;10-36-44:0,0,0,N
916,0,,21-23-37;24-26-40;27-29-43,11-14-20;7-22-37;2-6-19,,21-23-37:1;24-26-40:0;27-29-43:0,11-14-20:0;7-22-37:1;2-6-19:1,0,0,N
917,0,,1-12-29;2-34-45;3-7-20,7-35-39;3-36-45;17-29-38,,1-12-29:1;2-34-45:0;3-7-20:1,7-35-39:0;3-36-45:1;17-29-38:0,0,0,Y
918,0,,4-15-17;5-33-37;6-10-23,13-28-43;1-7-19;23-27-40,,4-15-17:0;5-33-37:1;6-10-23:0,13-28-43:0;1-7-19:1;23-27-40:0,0,0,N
919,0,,8-36-40;9-13-26;11-39-43,5-32-38;7-11-24;12-33-36,,8-36-40:0;9-13-26:1;11-39-43:0,5-32-38:0;7-11-24:0;12-33-36:0,0,0,N
920,0,,14-31-42;16-27-44;18-22-35,8-14-26;17-28-45;19-21-35,,14-31-42:0;16-27-44:0;18-22-35:0,8-14-26:1;17-28-45:0;19-21-35:0,0,0,N
921,0,,19-30-32;21-25-38;24-28-41,10-12-26;20-29-32;6-34-38,,19-30-32:0;21-25-38:0;24-28-41:2,10-12-26:1;20-29-32:0;6-34-38:0,0,0,N
922,0,,1-2-24;3-40-41;4-5-27,12-40-44;19-22-43;8-35-41,,1-2-24:1;3-40-41:0;4-5-27:1,12-40-44:0;19-22-43:1;8-35-41:0,0,0,N
923,0,,6-43-44;7-8-30;9-31-32,11-13-27;20-22-36;2-4-18,,6-43-44:0;7-8-30:0;9-31-32:0,11-13-27:0;20-22-36:1;2-4-18:1,0,0,N
924,0,,10-11-18;12-34-35;13-14-21,7-36-38;10-39-41;17-30-31,,10-11-18:1;12-34-35:1;13-14-21:0,7-36-38:0;10-39-41:0;17-30-31:0,0,0,N
925,0,,15-37-38;16-17-39;19-20-42,16-27-44;3-7-20;9-13-26,,15-37-38:0;16-17-39:1;19-20-42:1,16-27-44:0;3-7-20:0;9-13-26:1,0,0,N
926,0,,22-23-45;25-26-33;28-29-36,4-5-27;13-14-21;9-31-32,,22-23-45:0;25-26-33:1;28-29-36:0,4-5-27:0;13-14-21:0;9-31-32:1,0,0,N
927,0,,1-38-39;2-3-25;4-41-42,10-32-33;8-9-16;20-21-43,,1-38-39:1;2-3-25:0;4-41-42:2,10-32-33:0;8-9-16:0;20-21-43:1,0,0,N
928,0,,5-6-28;7-44-45;8-9-16,21-22-44;3-4-26;18-19-41,,5-6-28:1;7-44-45:1;8-9-16:0,21-22-44:1;3-4-26:2;18-19-41:0,0,0,N
929,0,,10-32-33;11-12-19;13-35-36,10-15-20;18-28-38;19-24-44,,10-32-33:0;11-12-19:2;13-35-36:0,10-15-20:1;18-28-38:0;19-24-44:1,0,0,N
930,0,,14-15-22;17-18-40;20-21-43,15-35-40;19-29-39;4-14-24,,14-15-22:0;17-18-40:0;20-21-43:1,15-35-40:0;19-29-39:1;4-14-24:0,0,0,N
931,0,,23-24-31;26-27-34;29-30-37,20-28-39;3-37-44;2-10-21,,23-24-31:1;26-27-34:0;29-30-37:0,20-28-39:0;3-37-44:0;2-10-21:0,0,0,N
932,0,,1-15-23;2-39-40;3-4-26,17-24-43;6-14-25;23-30-34,,1-15-23:2;2-39-40:0;3-4-26:0,17-24-43:0;6-14-25:1;23-30-34:0,0,0,N
933,0,,5-42-43;6-7-29;8-31-45,1-9-20;5-31-39;7-15-26,,5-42-43:0;6-7-29:1;8-31-45:2,1-9-20:0;5-31-39:1;7-15-26:0,0,0,N
934,0,,9-10-17;11-33-34;12-13-20,21-27-39;5-8-29;9-36-42,,9-10-17:0;11-33-34:1;12-13-20:0,21-27-39:1;5-8-29:0;9-36-42:1,0,0,N
935,0,,14-36-37;16-30-38;18-19-41,12-39-45;24-30-42;6-21-36,,14-36-37:0;16-30-38:1;18-19-41:0,12-39-45:0;24-30-42:0;6-21-36:0,0,0,N
936,0,,21-22-44;24-25-32;27-28-35,11-14-20;4-32-36;5-41-44,,21-22-44:0;24-25-32:0;27-28-35:0,11-14-20:1;4-32-36:0;5-41-44:0,0,0,N
937,0,,1-6-26;2-37-42;3-13-23,9-12-18;23-29-41;7-10-16,,1-6-26:0;2-37-42:1;3-13-23:1,9-12-18:0;23-29-41:1;7-10-16:1,0,0,N
938,0,,4-9-29;5-40-45;7-12-17,2-11-29;4-40-43;10-13-19,,4-9-29:1;5-40-45:0;7-12-17:0,2-11-29:0;4-40-43:1;10-13-19:1,0,0,N
939,0,,8-33-43;10-15-20;11-31-36,1-36-41;4-39-44;9-14-19,,8-33-43:0;10-15-20:0;11-31-36:1,1-36-41:0;4-39-44:2;9-14-19:0,0,0,N
940,0,,14-34-39;16-21-41;18-28-38,4-12-23;6-13-17;21-28-32,,14-34-39:0;16-21-41:1;18-28-38:0,4-12-23:0;6-13-17:0;21-28-32:0,0,0,N
941,0,,19-24-44;22-27-32;25-30-35,8-11-17;9-15-27;22-28-40,,19-24-44:0;22-27-32:1;25-30-35:1,8-11-17:0;9-15-27:1;22-28-40:1,0,0,N
942,0,,1-11-21;2-7-27;3-38-43,16-25-43;18-27-45;9-24-39,,1-11-21:0;2-7-27:0;3-38-43:1,16-25-43:1;18-27-45:1;9-24-39:0,0,0,N
943,0,,4-14-24;5-10-30;6-31-41,17-23-35;22-26-39;14-43-45,,4-14-24:0;5-10-30:0;6-31-41:0,17-23-35:0;22-26-39:0;14-43-45:1,0,0,N
944,0,,8-13-18;9-34-44;12-32-37,3-39-42;11-38-44;1-37-40,,8-13-18:1;9-34-44:0;12-32-37:1,3-39-42:0;11-38-44:0;1-37-40:0,0,0,N
945,0,,15-35-40;16-26-36;17-22-42,9-33-45;11-40-42;1-13-22,,15-35-40:1;16-26-36:0;17-22-42:0,9-33-45:2;11-40-42:0;1-13-22:0,0,0,N
946,0,,19-29-39;20-25-45;23-28-33,13-34-37;6-9-30;15-36-39,,19-29-39:1;20-25-45:0;23-28-33:0,13-34-37:1;6-9-30:2;15-36-39:0,0,0,N
947,0,,1-36-41;2-12-22;3-8-28,7-9-23;1-5-18;16-20-33,,1-36-41:0;2-12-22:0;3-8-28:2,7-9-23:0;1-5-18:0;16-20-33:1,0,0,N
948,0,,4-39-44;5-15-25;6-11-16,8-10-24;17-19-33;26-28-42,,4-39-44:0;5-15-25:0;6-11-16:0,8-10-24:0;17-19-33:0;26-28-42:0,0,0,N
949,0,,7-32-42;9-14-19;10-35-45,18-22-35;19-30-32;21-25-38,,7-32-42:0;9-14-19:1;10-35-45:1,18-22-35:1;19-30-32:0;21-25-38:1,0,0,N
950,0,,13-33-38;17-27-37;18-23-43,12-34-35;28-29-36;6-43-44,,13-33-38:0;17-27-37:0;18-23-43:0,12-34-35:0;28-29-36:1;6-43-44:0,0,0,N
951,0,,20-30-40;21-26-31;24-29-34,14-15-22;5-6-28;2-3-25,,20-30-40:1;21-26-31:1;24-29-34:0,14-15-22:0;5-6-28:0;2-3-25:1,0,0,N
952,0,,1-8-27;2-10-21;3-37-44,2-39-40;5-42-43;12-13-20,,1-8-27:0;2-10-21:0;3-37-44:0,2-39-40:0;5-42-43:0;12-13-20:1,0,0,N
953,0,,4-11-30;5-13-24;6-32-40,16-21-41;4-9-29;22-27-32,,4-11-30:0;5-13-24:0;6-32-40:0,16-21-41:0;4-9-29:1;22-27-32:2,0,0,N
954,2,7-14-18;9-35-43,12-31-38,1-8-27,7-14-18:0;9-35-43:1,12-31-38:0,1-8-27:1,0,0,N
955,0,,15-34-41;16-23-42;17-25-36,5-9-22;11-26-41;21-30-33,,15-34-41:0;16-23-42:1;17-25-36:0,5-9-22:1;11-26-41:1;21-30-33:1,0,0,N
956,0,,19-26-45;20-28-39;22-29-33,9-38-40;23-25-39;16-29-45,,19-26-45:0;20-28-39:1;22-29-33:0,9-38-40:0;23-25-39:1;16-29-45:0,0,0,N
957,0,,1-35-42;2-9-28;3-11-22,1-11-21;20-25-45;6-31-41,,1-35-42:1;2-9-28:0;3-11-22:0,1-11-21:0;20-25-45:0;6-31-41:0,0,0,N
958,0,,4-38-45;5-12-16;6-14-25,27-28-35;14-36-37;1-15-23,,4-38-45:0;5-12-16:1;6-14-25:0,27-28-35:1;14-36-37:1;1-15-23:0,0,0,N
959,0,,7-33-41;8-15-19;10-36-44,10-35-45;17-27-37;2-12-22,,7-33-41:1;8-15-19:1;10-36-44:0,10-35-45:0;17-27-37:0;2-12-22:0,0,0,N
960,0,,13-32-39;17-24-43;18-26-37,7-33-41;1-35-42;8-15-19,,13-32-39:1;17-24-43:1;18-26-37:1,7-33-41:0;1-35-42:0;8-15-19:0,0,0,N
961,0,,20-27-31;21-29-40;23-30-34,2-36-43;14-33-40;16-24-35,,20-27-31:2;21-29-40:1;23-30-34:0,2-36-43:0;14-33-40:1;16-24-35:0,0,0,N
962,0,,1-9-20;2-36-43;3-10-29,5-20-35;18-29-31;1-33-44,,1-9-20:1;2-36-43:1;3-10-29:0,5-20-35:0;18-29-31:2;1-33-44:1,0,0,N
963,0,,4-12-23;5-31-39;6-13-17,28-30-44;10-31-34;16-19-40,,4-12-23:2;5-31-39:0;6-13-17:1,28-30-44:0;10-31-34:1;16-19-40:1,0,0,N
964,0,,7-15-26;8-34-42;11-37-45,21-23-37;18-20-34;13-42-44,,7-15-26:0;8-34-42:0;11-37-45:0,21-23-37:1;18-20-34:0;13-42-44:0,0,0,N
965,0,,14-33-40;16-24-35;18-25-44,22-24-38;8-37-39;6-42-45,,14-33-40:0;16-24-35:0;18-25-44:1,22-24-38:0;8-37-39:0;6-42-45:0,0,0,N
966,0,,19-27-38;21-28-32;22-30-41,14-34-39;11-31-36;3-13-23,,19-27-38:0;21-28-32:1;22-30-41:0,14-34-39:1;11-31-36:0;3-13-23:0,0,0,N
967,0,,1-16-31;2-17-32;3-18-33,20-24-37;1-34-43;10-25-40,,1-16-31:1;2-17-32:0;3-18-33:0,20-24-37:1;1-34-43:1;10-25-40:1,0,0,N
968,0,,4-10-22;5-8-29;6-12-24,1-4-25;3-6-27;13-15-29,,4-10-22:0;5-8-29:1;6-12-24:2,1-4-25:0;3-6-27:0;13-15-29:0,0,0,N
969,0,,7-34-40;9-36-42;11-15-28,3-5-19;12-14-28;24-26-40,,7-34-40:1;9-36-42:1;11-15-28:0,3-5-19:1;12-14-28:0;24-26-40:1,0,0,N
970,0,,13-41-45;14-35-38;19-25-37,2-9-28;10-36-44;21-29-40,,13-41-45:0;14-35-38:0;19-25-37:0,2-9-28:2;10-36-44:1;21-29-40:1,0,0,N
971,0,,20-23-44;21-27-39;26-30-43,16-22-34;3-9-21;18-24-36,,20-23-44:0;21-27-39:1;26-30-43:1,16-22-34:0;3-9-21:1;18-24-36:1,0,0,N
972,0,,1-33-44;2-38-41;3-14-16,18-30-39;4-8-21;2-35-44,,1-33-44:0;2-38-41:0;3-14-16:1,18-30-39:1;4-8-21:0;2-35-44:0,0,0,N
973,0,,4-19-34;5-20-35;6-21-36,5-33-37;11-39-43;6-10-23,,4-19-34:0;5-20-35:0;6-21-36:0,5-33-37:1;11-39-43:0;6-10-23:0,0,0,N
974,0,,7-13-25;8-11-17;9-15-27,19-20-42;22-23-45;25-26-33,,7-13-25:0;8-11-17:1;9-15-27:0,19-20-42:0;22-23-45:0;25-26-33:0,0,0,N
975,0,,10-37-43;12-39-45;18-29-31,1-3-17;2-31-33;16-18-32,,10-37-43:0;12-39-45:0;18-29-31:0,1-3-17:1;2-31-33:0;16-18-32:0,0,0,N
976,0,,22-28-40;23-26-32;24-30-42,6-7-29;8-31-45;9-10-17,,22-28-40:0;23-26-32:0;24-30-42:0,6-7-29:0;8-31-45:0;9-10-17:0,0,0,N
977,0,,1-10-28;2-6-19;3-12-30,8-12-25;14-29-44;11-32-35,,1-10-28:1;2-6-19:1;3-12-30:0,8-12-25:0;14-29-44:2;11-32-35:0,0,0,N
978,0,,4-32-36;5-41-44;7-22-37,14-35-38;1-16-31;20-23-44,,4-32-36:1;5-41-44:0;7-22-37:1,14-35-38:0;1-16-31:1;20-23-44:0,0,0,N
979,0,,8-23-38;9-24-39;11-14-20,23-26-32;4-19-34;1-33-44,,8-23-38:0;9-24-39:0;11-14-20:1,23-26-32:0;4-19-34:0;1-33-44:1,0,0,Y
980,1,15-33-42,13-31-40;16-25-43,18-27-45;11-14-20,15-33-42:0,13-31-40:1;16-25-43:1,18-27-45:0;11-14-20:0,0,0,N
981,0,,17-21-34;18-27-45;26-29-35,7-35-39;3-36-45;2-14-23,,17-21-34:0;18-27-45:2;26-29-35:0,7-35-39:0;3-36-45:2;2-14-23:0,0,0,N
982,0,,1-34-43;2-14-23;3-36-45,23-27-40;11-32-35;4-31-37,,1-34-43:0;2-14-23:0;3-36-45:0,23-27-40:0;11-32-35:0;4-31-37:0,0,0,N
983,0,,4-13-16;5-9-22;6-15-18,7-11-24;13-15-29;18-21-42,,4-13-16:1;5-9-22:0;6-15-18:0,7-11-24:0;13-15-29:1;18-21-42:0,0,0,N
984,0,,7-35-39;8-32-44;10-25-40,23-29-41;8-14-26;19-21-35,,7-35-39:1;8-32-44:0;10-25-40:1,23-29-41:1;8-14-26:0;19-21-35:1,0,0,N
985,0,,11-26-41;12-27-42;17-29-38,19-23-36;2-35-44;16-28-37,,11-26-41:0;12-27-42:0;17-29-38:1,19-23-36:1;2-35-44:1;16-28-37:0,0,0,N
986,0,,19-28-31;20-24-37;21-30-33,6-9-30;13-34-37;1-3-17,,19-28-31:1;20-24-37:0;21-30-33:0,6-9-30:0;13-34-37:0;1-3-17:0,0,0,N
987,0,,1-7-19;2-5-26;3-9-21,14-32-41;6-42-45;10-13-19,,1-7-19:0;2-5-26:1;3-9-21:0,14-32-41:0;6-42-45:0;10-13-19:0,0,0,N
988,0,,4-31-37;6-33-39;8-12-25,9-38-40;2-4-18;5-7-21,,4-31-37:1;6-33-39:0;8-12-25:0,9-38-40:0;2-4-18:1;5-7-21:0,0,0,N
989,0,,10-38-42;11-32-35;13-28-43,2-15-16;13-42-44;27-29-43,,10-38-42:0;11-32-35:0;13-28-43:0,2-15-16:0;13-42-44:0;27-29-43:2,0,0,N
990,0,,14-29-44;15-30-45;16-22-34,18-22-35;21-25-38;16-27-44,,14-29-44:0;15-30-45:0;16-22-34:0,18-22-35:0;21-25-38:1;16-27-44:0,0,0,N
991,0,,17-20-41;18-24-36;23-27-40,2-3-25;26-27-34;13-35-36,,17-20-41:0;18-24-36:1;23-27-40:0,2-3-25:1;26-27-34:0;13-35-36:1,0,0,N
992,0,,1-4-25;2-8-20;3-6-27,8-31-45;11-33-34;21-22-44,,1-4-25:0;2-8-20:1;3-6-27:0,8-31-45:1;11-33-34:1;21-22-44:1,0,0,N
993,0,,5-32-38;7-11-24;9-37-41,8-33-43;19-24-44;7-12-17,,5-32-38:0;7-11-24:1;9-37-41:0,8-33-43:0;19-24-44:1;7-12-17:0,0,0,N
994,0,,10-31-34;12-33-36;13-15-29,17-22-42;9-34-44;4-14-24,,10-31-34:0;12-33-36:0;13-15-29:0,17-22-42:0;9-34-44:0;4-14-24:1,0,0,N
995,0,,14-43-45;16-19-40;17-23-35,10-35-45;1-36-41;3-8-28,,14-43-45:0;16-19-40:0;17-23-35:0,10-35-45:0;1-36-41:1;3-8-28:0,0,0,N
996,0,,18-21-42;22-26-39;28-30-44,1-8-27;4-11-30;5-13-24,,18-21-42:0;22-26-39:1;28-30-44:0,1-8-27:0;4-11-30:1;5-13-24:1,0,0,N
997,0,,1-37-40;2-13-30;3-39-42,3-11-22;8-15-19;2-9-28,,1-37-40:0;2-13-30:0;3-39-42:0,3-11-22:0;8-15-19:0;2-9-28:0,0,0,N
998,0,,4-6-20;5-34-36;7-10-16,14-35-38;1-16-31;6-12-24,,4-6-20:1;5-34-36:0;7-10-16:0,14-35-38:0;1-16-31:0;6-12-24:0,0,0,N
999,0,,8-14-26;9-12-18;11-38-44,5-20-35;2-38-41;12-39-45,,8-14-26:1;9-12-18:2;11-38-44:0,5-20-35:0;2-38-41:0;12-39-45:0,0,0,N
1000,0,,15-32-43;17-28-45;19-21-35,6-15-18;19-28-31;1-34-43,,15-32-43:1;17-28-45:0;19-21-35:1,6-15-18:0;19-28-31:1;1-34-43:0,0,0,N
1001,0,,22-25-31;23-29-41;24-27-33,6-33-39;10-38-42;8-12-25,,22-25-31:0;23-29-41:0;24-27-33:0,6-33-39:1;10-38-42:2;8-12-25:1,0,0,N
1002,0,,1-13-22;2-35-44;3-15-24,3-39-42;4-6-20;9-12-18,,1-13-22:0;2-35-44:1;3-15-24:0,3-39-42:0;4-6-20:0;9-12-18:0,0,0,N
1003,1,5-14-17,4-8-21;6-34-38,3-15-24;9-33-45,5-14-17:0,4-8-21:1;6-34-38:0,3-15-24:0;9-33-45:1,0,0,N
1004,0,,7-31-43;9-33-45;10-12-26,4-7-28;25-29-42;15-36-39,,7-31-43:1;9-33-45:0;10-12-26:0,4-7-28:1;25-29-42:0;15-36-39:2,0,0,N
1005,0,,11-40-42;16-28-37;18-30-39,1-5-18;27-30-36;8-37-39,,11-40-42:0;16-28-37:0;18-30-39:1,1-5-18:1;27-30-36:1;8-37-39:1,0,0,N
1006,0,,19-23-36;20-29-32;25-27-41,10-11-18;1-2-24;28-29-36,,19-23-36:0;20-29-32:0;25-27-41:0,10-11-18:1;1-2-24:0;28-29-36:0,0,0,N
1007,0,,1-3-17;2-31-33;4-7-28,6-13-17;2-36-43;8-34-42,,1-3-17:0;2-31-33:0;4-7-28:0,6-13-17:0;2-36-43:0;8-34-42:1,0,0,N
1008,0,,5-11-23;6-9-30;8-35-41,19-25-37;7-34-40;11-15-28,,5-11-23:1;6-9-30:2;8-35-41:1,19-25-37:0;7-34-40:0;11-15-28:1,0,0,N
1009,0,,10-14-27;12-40-44;13-34-37,5-41-44;9-24-39;3-12-30,,10-14-27:0;12-40-44:2;13-34-37:1,5-41-44:1;9-24-39:0;3-12-30:0,0,0,N
1010,0,,15-36-39;16-18-32;19-22-43,15-30-45;17-20-41;14-29-44,,15-36-39:2;16-18-32:0;19-22-43:0,15-30-45:1;17-20-41:0;14-29-44:0,0,0,N
1011,0,,20-26-38;21-24-45;25-29-42,9-37-41;12-33-36;1-4-25,,20-26-38:2;21-24-45:0;25-29-42:0,9-37-41:1;12-33-36:1;1-4-25:1,0,0,N
1012,0,,1-5-18;2-11-29;3-31-35,12-15-21;17-26-44;22-24-38,,1-5-18:2;2-11-29:1;3-31-35:1,12-15-21:0;17-26-44:0;22-24-38:0,0,0,N
1013,0,,4-40-43;6-42-45;7-9-23,17-18-40;20-21-43;7-44-45,,4-40-43:0;6-42-45:0;7-9-23:0,17-18-40:0;20-21-43:1;7-44-45:0,0,0,N
1014,0,,8-37-39;10-13-19;12-15-21,14-34-39;11-31-36;16-21-41,,8-37-39:0;10-13-19:0;12-15-21:0,14-34-39:1;11-31-36:1;16-21-41:0,0,0,N
1015,0,,14-32-41;16-20-33;17-26-44,16-26-36;2-7-27;1-11-21,,14-32-41:1;16-20-33:1;17-26-44:0,16-26-36:0;2-7-27:0;1-11-21:0,0,0,N
1016,0,,22-24-38;25-28-34;27-30-36,4-39-44;9-14-19;21-26-31,,22-24-38:0;25-28-34:2;27-30-36:0,4-39-44:0;9-14-19:0;21-26-31:1,0,0,N
1017,1,3-32-34,1-14-30;2-4-18,15-31-44;26-28-42,3-32-34:1,1-14-30:1;2-4-18:1,15-31-44:0;26-28-42:0,0,0,N
1018,0,,5-7-21;6-35-37;8-10-24,18-20-34;6-8-22;17-30-31,,5-7-21:1;6-35-37:1;8-10-24:0,18-20-34:0;6-8-22:0;17-30-31:0,0,0,N
1019,0,,9-38-40;11-13-27;12-41-43,13-14-21;25-26-33;15-37-38,,9-38-40:0;11-13-27:1;12-41-43:0,13-14-21:1;25-26-33:0;15-37-38:0,0,0,N
1020,0,,15-31-44;16-29-45;17-19-33,12-13-20;9-10-17;2-39-40,,15-31-44:0;16-29-45:2;17-19-33:0,12-13-20:1;9-10-17:0;2-39-40:0,0,0,N
1021,0,,20-22-36;23-25-39;26-28-42,12-31-38;15-34-41;6-32-40,,20-22-36:0;23-25-39:0;26-28-42:0,12-31-38:1;15-34-41:1;6-32-40:0,0,0,N
1022,0,,1-32-45;2-15-16;3-5-19,3-10-29;11-37-45;7-15-26,,1-32-45:1;2-15-16:0;3-5-19:1,3-10-29:1;11-37-45:2;7-15-26:0,0,0,N
1023,0,,4-33-35;6-8-22;7-36-38,17-28-45;5-34-36;11-38-44,,4-33-35:1;6-8-22:0;7-36-38:0,17-28-45:0;5-34-36:0;11-38-44:0,0,0,N
1024,0,,9-11-25;10-39-41;12-14-28,10-36-44;6-14-25;18-26-37,,9-11-25:1;10-39-41:0;12-14-28:0,10-36-44:1;6-14-25:0;18-26-37:1,0,0,N
1025,0,,13-42-44;17-30-31;18-20-34,10-37-43;18-29-31;22-28-40,,13-42-44:0;17-30-31:0;18-20-34:1,10-37-43:0;18-29-31:1;22-28-40:0,0,0,N
1026,0,,21-23-37;24-26-40;27-29-43,5-9-22;20-24-37;17-29-38,,21-23-37:0;24-26-40:0;27-29-43:0,5-9-22:1;20-24-37:0;17-29-38:0,0,0,N
1027,0,,1-12-29;2-34-45;3-7-20,7-31-43;20-29-32;25-27-41,,1-12-29:0;2-34-45:1;3-7-20:0,7-31-43:0;20-29-32:0;25-27-41:1,0,0,N
1028,0,,4-15-17;5-33-37;6-10-23,4-33-35;10-39-41;3-5-19,,4-15-17:0;5-33-37:1;6-10-23:0,4-33-35:1;10-39-41:0;3-5-19:1,0,0,N
1029,0,,8-36-40;9-13-26;11-39-43,22-23-45;12-34-35;7-8-30,,8-36-40:0;9-13-26:0;11-39-43:1,22-23-45:0;12-34-35:1;7-8-30:1,0,0,N
1030,0,,14-31-42;16-27-44;18-22-35,4-41-42;11-12-19;29-30-37,,14-31-42:0;16-27-44:0;18-22-35:0,4-41-42:0;11-12-19:1;29-30-37:1,0,0,N
1031,0,,19-30-32;21-25-38;24-28-41,2-12-22;5-15-25;6-11-16,,19-30-32:1;21-25-38:0;24-28-41:0,2-12-22:1;5-15-25:0;6-11-16:1,0,0,N
1032,0,,1-2-24;3-40-41;4-5-27,7-22-37;2-6-19;4-32-36,,1-2-24:1;3-40-41:0;4-5-27:0,7-22-37:0;2-6-19:2;4-32-36:1,0,0,N
1033,0,,6-43-44;7-8-30;9-31-32,12-41-43;17-19-33;20-22-36,,6-43-44:1;7-8-30:0;9-31-32:0,12-41-43:0;17-19-33:0;20-22-36:1,0,0,N
1034,0,,10-11-18;12-34-35;13-14-21,2-15-16;18-20-34;13-42-44,,10-11-18:0;12-34-35:0;13-14-21:0,2-15-16:0;18-20-34:0;13-42-44:0,0,0,Y
1035,0,,15-37-38;16-17-39;19-20-42,5-33-37;21-25-38;11-39-43,,15-37-38:0;16-17-39:0;19-20-42:1,5-33-37:0;21-25-38:0;11-39-43:0,0,0,N
1036,0,,22-23-45;25-26-33;28-29-36,3-40-41;19-20-42;9-31-32,,22-23-45:2;25-26-33:0;28-29-36:0,3-40-41:0;19-20-42:0;9-31-32:1,0,0,N
1037,1,2-3-25,1-38-39;4-41-42,7-44-45;14-15-22,2-3-25:1,1-38-39:0;4-41-42:0,7-44-45:0;14-15-22:3,0,1,N
1038,0,,5-6-28;7-44-45;8-9-16,2-39-40;14-36-37;21-22-44,,5-6-28:0;7-44-45:2;8-9-16:1,2-39-40:0;14-36-37:1;21-22-44:1,0,0,N
1039,0,,10-32-33;11-12-19;13-35-36,7-12-17;16-21-41;22-27-32,,10-32-33:0;11-12-19:1;13-35-36:1,7-12-17:0;16-21-41:0;22-27-32:0,0,0,N
1040,0,,14-15-22;17-18-40;20-21-43,6-31-41;19-29-39;16-26-36,,14-15-22:0;17-18-40:0;20-21-43:0,6-31-41:1;19-29-39:1;16-26-36:3,0,1,N
1041,0,,23-24-31;26-27-34;29-30-37,21-26-31;24-29-34;1-36-41,,23-24-31:0;26-27-34:0;29-30-37:0,21-26-31:0;24-29-34:0;1-36-41:0,0,0,N
1042,0,,1-15-23;2-39-40;3-4-26,17-25-36;7-14-18;6-32-40,,1-15-23:2;2-39-40:0;3-4-26:0,17-25-36:0;7-14-18:1;6-32-40:0,0,0,N
1043,0,,5-42-43;6-7-29;8-31-45,23-30-34;17-24-43;5-12-16,,5-42-43:1;6-7-29:0;8-31-45:1,23-30-34:0;17-24-43:0;5-12-16:2,0,0,N
1044,0,,9-10-17;11-33-34;12-13-20,5-31-39;3-10-29;4-12-23,,9-10-17:1;11-33-34:0;12-13-20:2,5-31-39:0;3-10-29:0;4-12-23:1,0,0,N
1045,0,,14-36-37;16-30-38;18-19-41,4-10-22;6-12-24;20-23-44,,14-36-37:1;16-30-38:0;18-19-41:2,4-10-22:0;6-12-24:1;20-23-44:0,0,0,N
1046,0,,21-22-44;24-25-32;27-28-35,3-14-16;9-15-27;6-21-36,,21-22-44:0;24-25-32:1;27-28-35:1,3-14-16:1;9-15-27:0;6-21-36:1,0,0,N
1047,0,,1-6-26;2-37-42;3-13-23,16-25-43;1-10-28;26-29-35,,1-6-26:0;2-37-42:2;3-13-23:0,16-25-43:0;1-10-28:0;26-29-35:0,0,0,N
1048,0,,4-9-29;5-40-45;7-12-17,21-30-33;10-25-40;8-32-44,,4-9-29:0;5-40-45:0;7-12-17:2,21-30-33:1;10-25-40:0;8-32-44:1,0,0,N
1049,0,,8-33-43;10-15-20;11-31-36,15-30-45;11-32-35;6-33-39,,8-33-43:0;10-15-20:1;11-31-36:0,15-30-45:0;11-32-35:0;6-33-39:0,0,0,N
1050,0,,14-34-39;16-21-41;18-28-38,18-21-42;9-37-41;5-32-38,,14-34-39:0;16-21-41:0;18-28-38:1,18-21-42:0;9-37-41:0;5-32-38:1,0,0,N
1051,0,,19-24-44;22-27-32;25-30-35,15-32-43;4-6-20;17-28-45,,19-24-44:0;22-27-32:1;25-30-35:2,15-32-43:1;4-6-20:0;17-28-45:0,0,0,N
1052,0,,1-11-21;2-7-27;3-38-43,4-8-21;10-12-26;20-29-32,,1-11-21:0;2-7-27:1;3-38-43:1,4-8-21:0;10-12-26:1;20-29-32:0,0,0,N
1053,0,,4-14-24;5-10-30;6-31-41,5-11-23;1-3-17;10-14-27,,4-14-24:0;5-10-30:1;6-31-41:0,5-11-23:0;1-3-17:0;10-14-27:0,0,0,N
1054,0,,8-13-18;9-34-44;12-32-37,17-26-44;2-11-29;25-28-34,,8-13-18:0;9-34-44:0;12-32-37:0,17-26-44:0;2-11-29:0;25-28-34:1,0,0,N
1055,0,,15-35-40;16-26-36;17-22-42,26-28-42;1-14-30;16-29-45,,15-35-40:0;16-26-36:0;17-22-42:1,26-28-42:0;1-14-30:1;16-29-45:0,0,0,N
1056,0,,19-29-39;20-25-45;23-28-33,6-8-22;17-30-31;4-33-35,,19-29-39:0;20-25-45:2;23-28-33:0,6-8-22:0;17-30-31:0;4-33-35:0,0,0,N
1057,0,,1-36-41;2-12-22;3-8-28,8-36-40;2-34-45;3-7-20,,1-36-41:0;2-12-22:0;3-8-28:1,8-36-40:2;2-34-45:1;3-7-20:0,0,0,N
1058,0,,4-39-44;5-15-25;6-11-16,22-23-45;7-8-30;13-14-21,,4-39-44:0;5-15-25:1;6-11-16:1,22-23-45:1;7-8-30:1;13-14-21:0,0,0,N
1059,0,,7-32-42;9-14-19;10-35-45,11-12-19;23-24-31;29-30-37,,7-32-42:1;9-14-19:0;10-35-45:1,11-12-19:0;23-24-31:0;29-30-37:0,0,0,N
1060,0,,13-33-38;17-27-37;18-23-43,5-10-30;17-22-42;2-7-27,,13-33-38:2;17-27-37:0;18-23-43:0,5-10-30:1;17-22-42:0;2-7-27:0,0,0,N
1061,0,,20-30-40;21-26-31;24-29-34,5-13-24;22-29-33;12-31-38,,20-30-40:0;21-26-31:0;24-29-34:1,5-13-24:1;22-29-33:0;12-31-38:0,0,0,N
1062,0,,1-8-27;2-10-21;3-37-44,20-27-31;1-35-42;4-38-45,,1-8-27:0;2-10-21:0;3-37-44:0,20-27-31:2;1-35-42:0;4-38-45:1,0,0,N
1063,0,,4-11-30;5-13-24;6-32-40,22-28-40;2-38-41;12-39-45,,4-11-30:0;5-13-24:1;6-32-40:1,22-28-40:1;2-38-41:1;12-39-45:0,0,0,N
1064,0,,7-14-18;9-35-43;12-31-38,3-12-30;8-23-38;2-6-19,,7-14-18:1;9-35-43:2;12-31-38:0,3-12-30:1;8-23-38:0;2-6-19:1,0,0,N
1065,0,,15-34-41;16-23-42;17-25-36,7-35-39;3-36-45;5-9-22,,15-34-41:0;16-23-42:1;17-25-36:0,7-35-39:0;3-36-45:2;5-9-22:0,0,0,N
1066,0,,19-26-45;20-28-39;22-29-33,3-9-21;18-24-36;23-27-40,,19-26-45:1;20-28-39:0;22-29-33:0,3-9-21:1;18-24-36:0;23-27-40:0,0,0,N
1067,0,,1-35-42;2-9-28;3-11-22,11-38-44;7-10-16;19-21-35,,1-35-42:0;2-9-28:1;3-11-22:0,11-38-44:0;7-10-16:2;19-21-35:1,0,0,N
1068,0,,4-38-45;5-12-16;6-14-25,18-30-39;19-23-36;16-28-37,,4-38-45:1;5-12-16:0;6-14-25:0,18-30-39:0;19-23-36:1;16-28-37:0,0,0,N
1069,0,,7-33-41;8-15-19;10-36-44,19-22-43;20-26-38;8-35-41,,7-33-41:0;8-15-19:0;10-36-44:1,19-22-43:1;20-26-38:0;8-35-41:0,0,0,N
1070,0,,13-32-39;17-24-43;18-26-37,24-28-41;14-31-42;1-12-29,,13-32-39:0;17-24-43:0;18-26-37:0,24-28-41:1;14-31-42:1;1-12-29:0,0,0,N
1071,0,,20-27-31;21-29-40;23-30-34,13-35-36;4-41-42;5-6-28,,20-27-31:0;21-29-40:1;23-30-34:1,13-35-36:1;4-41-42:0;5-6-28:0,0,0,N
1072,0,,1-9-20;2-36-43;3-10-29,14-34-39;1-6-26;11-31-36,,1-9-20:1;2-36-43:1;3-10-29:0,14-34-39:0;1-6-26:0;11-31-36:0,0,0,N
1073,0,,4-12-23;5-31-39;6-13-17,4-13-16;6-15-18;2-14-23,,4-12-23:0;5-31-39:0;6-13-17:1,4-13-16:0;6-15-18:2;2-14-23:0,0,0,N
1074,0,,7-15-26;8-34-42;11-37-45,15-36-39;16-18-32;6-9-30,,7-15-26:0;8-34-42:0;11-37-45:0,15-36-39:0;16-18-32:0;6-9-30:1,0,0,N
1075,0,,14-33-40;16-24-35;18-25-44,1-15-23;12-13-20;27-28-35,,14-33-40:0;16-24-35:2;18-25-44:1,1-15-23:2;12-13-20:0;27-28-35:1,0,0,N
1076,0,,19-27-38;21-28-32;22-30-41,19-24-44;25-30-35;5-40-45,,19-27-38:0;21-28-32:0;22-30-41:0,19-24-44:0;25-30-35:0;5-40-45:0,0,0,N
1077,0,,1-16-31;2-17-32;3-18-33,7-33-41;10-36-44;3-11-22,,1-16-31:0;2-17-32:1;3-18-33:0,7-33-41:0;10-36-44:0;3-11-22:0,0,0,N
1078,0,,4-10-22;5-8-29;6-12-24,14-33-40;2-36-43;8-34-42,,4-10-22:1;5-8-29:0;6-12-24:1,14-33-40:1;2-36-43:1;8-34-42:0,0,0,N
1079,0,,7-34-40;9-36-42;11-15-28,14-43-45;3-6-27;7-11-24,,7-34-40:0;9-36-42:0;11-15-28:0,14-43-45:1;3-6-27:0;7-11-24:1,0,0,N
1080,0,,13-41-45;14-35-38;19-25-37,4-40-43;6-42-45;1-5-18,,13-41-45:1;14-35-38:0;19-25-37:0,4-40-43:0;6-42-45:0;1-5-18:0,0,0,N
1081,0,,20-23-44;21-27-39;26-30-43,16-19-40;17-23-35;12-33-36,,20-23-44:1;21-27-39:0;26-30-43:0,16-19-40:1;17-23-35:1;12-33-36:0,0,0,N
1082,0,,1-33-44;2-38-41;3-14-16,16-30-38;9-10-17;24-25-32,,1-33-44:0;2-38-41:0;3-14-16:0,16-30-38:0;9-10-17:0;24-25-32:1,0,0,N
1083,0,,4-19-34;5-20-35;6-21-36,1-16-31;2-17-32;9-36-42,,4-19-34:0;5-20-35:0;6-21-36:0,1-16-31:0;2-17-32:0;9-36-42:0,0,0,N
1084,0,,7-13-25;8-11-17;9-15-27,5-14-17;1-13-22;3-15-24,,7-13-25:1;8-11-17:1;9-15-27:0,5-14-17:0;1-13-22:1;3-15-24:0,0,0,N
1085,0,,10-37-43;12-39-45;18-29-31,11-33-34;5-42-43;8-31-45,,10-37-43:0;12-39-45:0;18-29-31:1,11-33-34:0;5-42-43:0;8-31-45:0,0,0,N
1086,0,,22-28-40;23-26-32;24-30-42,1-33-44;4-19-34;8-11-17,,22-28-40:0;23-26-32:0;24-30-42:0,1-33-44:0;4-19-34:0;8-11-17:1,0,0,N
1087,0,,1-10-28;2-6-19;3-12-30,10-11-18;16-17-39;4-5-27,,1-10-28:0;2-6-19:0;3-12-30:0,10-11-18:1;16-17-39:0;4-5-27:0,0,0,N
1088,0,,4-32-36;5-41-44;7-22-37,14-32-41;16-20-33;12-15-21,,4-32-36:0;5-41-44:1;7-22-37:1,14-32-41:0;16-20-33:0;12-15-21:1,0,0,N
1089,0,,8-23-38;9-24-39;11-14-20,2-12-22;20-30-40;4-39-44,,8-23-38:0;9-24-39:0;11-14-20:0,2-12-22:0;20-30-40:0;4-39-44:1,0,0,N
1090,0,,13-31-40;15-33-42;16-25-43,19-25-37;7-34-40;26-30-43,,13-31-40:1;15-33-42:0;16-25-43:0,19-25-37:1;7-34-40:1;26-30-43:0,0,0,N
1091,0,,17-21-34;18-27-45;26-29-35,27-29-43;24-26-40;1-32-45,,17-21-34:0;18-27-45:0;26-29-35:0,27-29-43:0;24-26-40:1;1-32-45:0,0,0,N
1092,0,,1-34-43;2-14-23;3-36-45,4-11-30;3-37-44;20-28-39,,1-34-43:0;2-14-23:0;3-36-45:1,4-11-30:0;3-37-44:0;20-28-39:0,0,0,N
1093,0,,4-13-16;5-9-22;6-15-18,11-37-45;7-15-26;19-27-38,,4-13-16:0;5-9-22:1;6-15-18:0,11-37-45:0;7-15-26:0;19-27-38:0,0,0,N
1094,0,,7-35-39;8-32-44;10-25-40,6-10-23;4-15-17;19-30-32,,7-35-39:1;8-32-44:0;10-25-40:1,6-10-23:1;4-15-17:1;19-30-32:0,0,0,N
1095,0,,11-26-41;12-27-42;17-29-38,7-8-30;15-37-38;25-26-33,,11-26-41:0;12-27-42:0;17-29-38:1,7-8-30:1;15-37-38:0;25-26-33:0,0,0,Y
1096,0,,19-28-31;20-24-37;21-30-33,14-15-22;5-6-28;26-27-34,,19-28-31:1;20-24-37:0;21-30-33:0,14-15-22:0;5-6-28:0;26-27-34:0,0,0,N
1097,0,,1-7-19;2-5-26;3-9-21,18-19-41;1-15-23;5-42-43,,1-7-19:0;2-5-26:0;3-9-21:0,18-19-41:0;1-15-23:0;5-42-43:0,0,0,N
1098,0,,4-31-37;6-33-39;8-12-25,25-30-35;2-37-42;4-9-29,,4-31-37:0;6-33-39:0;8-12-25:1,25-30-35:0;2-37-42:0;4-9-29:0,0,0,N
1099,0,,10-38-42;11-32-35;13-28-43,6-31-41;3-38-43;15-35-40,,10-38-42:1;11-32-35:0;13-28-43:2,6-31-41:0;3-38-43:3;15-35-40:1,0,1,N
1100,0,,14-29-44;15-30-45;16-22-34,18-23-43;3-8-28;20-30-40,,14-29-44:1;15-30-45:1;16-22-34:0,18-23-43:1;3-8-28:0;20-30-40:1,0,0,N
1101,0,,17-20-41;18-24-36;23-27-40,12-31-38;17-25-36;22-29-33,,17-20-41:0;18-24-36:1;23-27-40:0,12-31-38:0;17-25-36:1;22-29-33:0,0,0,N
1102,0,,1-4-25;2-8-20;3-6-27,7-33-41;13-32-39;10-36-44,,1-4-25:0;2-8-20:0;3-6-27:0,7-33-41:0;13-32-39:1;10-36-44:0,0,0,N
1103,0,,5-32-38;7-11-24;9-37-41,1-9-20;22-30-41;11-37-45,,5-32-38:0;7-11-24:0;9-37-41:0,1-9-20:0;22-30-41:0;11-37-45:0,0,0,N
1104,0,,10-31-34;12-33-36;13-15-29,5-8-29;1-16-31;20-23-44,,10-31-34:0;12-33-36:0;13-15-29:0,5-8-29:0;1-16-31:1;20-23-44:0,0,0,N
1105,0,,14-43-45;16-19-40;17-23-35,24-30-42;5-20-35;1-33-44,,14-43-45:0;16-19-40:2;17-23-35:0,24-30-42:0;5-20-35:0;1-33-44:0,0,0,N
1106,0,,18-21-42;22-26-39;28-30-44,9-24-39;13-31-40;11-14-20,,18-21-42:1;22-26-39:0;28-30-44:0,9-24-39:0;13-31-40:0;11-14-20:0,0,0,N
1107,0,,1-37-40;2-13-30;3-39-42,3-36-45;1-34-43;4-13-16,,1-37-40:1;2-13-30:1;3-39-42:0,3-36-45:0;1-34-43:0;4-13-16:0,0,0,N
1108,0,,4-6-20;5-34-36;7-10-16,6-33-39;14-29-44;15-30-45,,4-6-20:0;5-34-36:0;7-10-16:1,6-33-39:1;14-29-44:1;15-30-45:0,0,0,N
1109,0,,8-14-26;9-12-18;11-38-44,16-19-40;22-26-39;9-37-41,,8-14-26:0;9-12-18:1;11-38-44:0,16-19-40:2;22-26-39:0;9-37-41:0,0,0,N
1110,0,,15-32-43;17-28-45;19-21-35,9-12-18;2-13-30;24-27-33,,15-32-43:0;17-28-45:0;19-21-35:0,9-12-18:0;2-13-30:0;24-27-33:0,0,0,N
1111,0,,22-25-31;23-29-41;24-27-33,20-29-32;1-13-22;25-27-41,,22-25-31:0;23-29-41:0;24-27-33:1,20-29-32:0;1-13-22:1;25-27-41:0,0,0,N
1112,0,,1-13-22;2-35-44;3-15-24,2-31-33;19-22-43;1-3-17,,1-13-22:0;2-35-44:1;3-15-24:0,2-31-33:0;19-22-43:0;1-3-17:0,0,0,N
1113,0,,4-8-21;5-14-17;6-34-38,6-42-45;17-26-44;16-20-33,,4-8-21:1;5-14-17:0;6-34-38:0,6-42-45:0;17-26-44:1;16-20-33:1,0,0,N
1114,0,,7-31-43;9-33-45;10-12-26,15-31-44;8-10-24;11-13-27,,7-31-43:0;9-33-45:1;10-12-26:1,15-31-44:0;8-10-24:1;11-13-27:0,0,0,N
1115,0,,11-40-42;16-28-37;18-30-39,3-7-20;6-10-23;19-30-32,,11-40-42:0;16-28-37:0;18-30-39:0,3-7-20:1;6-10-23:1;19-30-32:1,0,0,N
1116,0,,19-23-36;20-29-32;25-27-41,8-9-16;11-12-19;10-32-33,,19-23-36:0;20-29-32:0;25-27-41:1,8-9-16:1;11-12-19:0;10-32-33:0,0,0,N
1117,0,,1-3-17;2-31-33;4-7-28,9-10-17;24-25-32;8-31-45,,1-3-17:1;2-31-33:1;4-7-28:1,9-10-17:1;24-25-32:0;8-31-45:0,0,0,N
1118,0,,5-11-23;6-9-30;8-35-41,9-34-44;5-10-30;16-26-36,,5-11-23:1;6-9-30:0;8-35-41:0,9-34-44:0;5-10-30:0;16-26-36:1,0,0,N
1119,0,,10-14-27;12-40-44;13-34-37,15-34-41;16-23-42;3-37-44,,10-14-27:0;12-40-44:1;13-34-37:1,15-34-41:0;16-23-42:0;3-37-44:0,0,0,N
1120,0,,15-36-39;16-18-32;19-22-43,20-27-31;4-38-45;3-11-22,,15-36-39:0;16-18-32:0;19-22-43:1,20-27-31:1;4-38-45:1;3-11-22:0,0,0,N
1121,0,,20-26-38;21-24-45;25-29-42,13-41-45;2-17-32;26-30-43,,20-26-38:1;21-24-45:1;25-29-42:0,13-41-45:0;2-17-32:1;26-30-43:0,0,0,N
1122,0,,1-5-18;2-11-29;3-31-35,6-21-36;8-11-17;18-29-31,,1-5-18:0;2-11-29:0;3-31-35:2,6-21-36:2;8-11-17:0;18-29-31:0,0,0,N
1123,0,,4-40-43;6-42-45;7-9-23,2-6-19;17-21-34;3-12-30,,4-40-43:0;6-42-45:0;7-9-23:0,2-6-19:1;17-21-34:2;3-12-30:0,0,0,N
1124,0,,8-37-39;10-13-19;12-15-21,3-9-21;18-24-36;16-22-34,,8-37-39:1;10-13-19:0;12-15-21:0,3-9-21:1;18-24-36:0;16-22-34:1,0,0,N
1125,0,,14-32-41;16-20-33;17-26-44,16-28-37;18-30-39;6-34-38,,14-32-41:1;16-20-33:1;17-26-44:1,16-28-37:0;18-30-39:0;6-34-38:1,0,0,N
1126,0,,22-24-38;25-28-34;27-30-36,17-19-33;9-38-40;6-35-37,,22-24-38:0;25-28-34:0;27-30-36:0,17-19-33:0;9-38-40:2;6-35-37:1,0,0,N
1127,0,,1-14-30;2-4-18;3-32-34,21-23-37;24-26-40;3-5-19,,1-14-30:1;2-4-18:0;3-32-34:0,21-23-37:1;24-26-40:1;3-5-19:0,0,0,N
1128,0,,5-7-21;6-35-37;8-10-24,17-27-37;10-35-45;24-29-34,,5-7-21:1;6-35-37:0;8-10-24:1,17-27-37:0;10-35-45:0;24-29-34:0,0,0,N
1129,0,,9-38-40;11-13-27;12-41-43,1-10-28;5-41-44;16-25-43,,9-38-40:0;11-13-27:1;12-41-43:0,1-10-28:2;5-41-44:1;16-25-43:0,0,0,N
1130,0,,15-31-44;16-29-45;17-19-33,10-25-40;11-26-41;5-9-22,,15-31-44:1;16-29-45:0;17-19-33:1,10-25-40:1;11-26-41:0;5-9-22:0,0,0,N
1131,0,,20-22-36;23-25-39;26-28-42,18-21-42;1-4-25;28-30-44,,20-22-36:0;23-25-39:0;26-28-42:0,18-21-42:0;1-4-25:1;28-30-44:0,0,0,N
1132,0,,1-32-45;2-15-16;3-5-19,14-32-41;27-30-36;22-24-38,,1-32-45:0;2-15-16:0;3-5-19:1,14-32-41:1;27-30-36:0;22-24-38:0,0,0,N
1133,0,,4-33-35;6-8-22;7-36-38,26-28-42;3-32-34;5-7-21,,4-33-35:0;6-8-22:0;7-36-38:0,26-28-42:1;3-32-34:1;5-7-21:0,0,0,N
1134,1,12-14-28,9-11-25;10-39-41,27-29-43;18-20-34,12-14-28:0,9-11-25:1;10-39-41:0,27-29-43:0;18-20-34:0,0,0,N
1135,0,,13-42-44;17-30-31;18-20-34,1-2-24;3-40-41;9-31-32,,13-42-44:1;17-30-31:0;18-20-34:0,1-2-24:1;3-40-41:0;9-31-32:0,0,0,N
1136,0,,21-23-37;24-26-40;27-29-43,1-38-39;4-41-42;13-35-36,,21-23-37:1;24-26-40:0;27-29-43:0,1-38-39:1;4-41-42:1;13-35-36:1,0,0,N
1137,0,,1-12-29;2-34-45;3-7-20,21-22-44;11-33-34;16-30-38,,1-12-29:1;2-34-45:1;3-7-20:0,21-22-44:0;11-33-34:1;16-30-38:0,0,0,N
1138,0,,4-15-17;5-33-37;6-10-23,7-12-17;10-15-20;8-33-43,,4-15-17:0;5-33-37:0;6-10-23:0,7-12-17:0;10-15-20:1;8-33-43:0,0,0,N
1139,0,,8-36-40;9-13-26;11-39-43,20-24-37;17-29-38;7-35-39,,8-36-40:1;9-13-26:0;11-39-43:0,20-24-37:1;17-29-38:0;7-35-39:0,0,0,N
1140,0,,14-31-42;16-27-44;18-22-35,6-9-30;13-34-37;5-11-23,,14-31-42:1;16-27-44:0;18-22-35:1,6-9-30:0;13-34-37:0;5-11-23:0,0,0,N
1141,0,,19-30-32;21-25-38;24-28-41,17-30-31;7-36-38;10-39-41,,19-30-32:0;21-25-38:1;24-28-41:0,17-30-31:0;7-36-38:1;10-39-41:0,0,0,N
1142,0,,1-2-24;3-40-41;4-5-27,27-28-35;6-7-29;12-13-20,,1-2-24:1;3-40-41:1;4-5-27:0,27-28-35:1;6-7-29:0;12-13-20:0,0,0,N
1143,0,,6-43-44;7-8-30;9-31-32,2-7-27;8-13-18;23-28-33,,6-43-44:0;7-8-30:0;9-31-32:0,2-7-27:1;8-13-18:0;23-28-33:1,0,0,N
1144,0,,10-11-18;12-34-35;13-14-21,3-10-29;16-24-35;19-27-38,,10-11-18:0;12-34-35:2;13-14-21:0,3-10-29:1;16-24-35:0;19-27-38:0,0,0,N
1145,0,,15-37-38;16-17-39;19-20-42,6-11-16;2-12-22;21-26-31,,15-37-38:1;16-17-39:0;19-20-42:0,6-11-16:1;2-12-22:1;21-26-31:1,0,0,N
1146,0,,22-23-45;25-26-33;28-29-36,21-28-32;14-33-40;18-25-44,,22-23-45:0;25-26-33:0;28-29-36:0,21-28-32:0;14-33-40:1;18-25-44:0,0,0,N
1147,0,,1-38-39;2-3-25;4-41-42,11-15-28;7-34-40;6-12-24,,1-38-39:0;2-3-25:0;4-41-42:0,11-15-28:1;7-34-40:1;6-12-24:1,0,0,N
1148,0,,5-6-28;7-44-45;8-9-16,15-32-43;1-37-40;11-38-44,,5-6-28:1;7-44-45:0;8-9-16:1,15-32-43:1;1-37-40:0;11-38-44:0,0,0,N
1149,0,,10-32-33;11-12-19;13-35-36,23-26-32;3-14-16;7-13-25,,10-32-33:1;11-12-19:1;13-35-36:1,23-26-32:1;3-14-16:0;7-13-25:0,0,0,N
1150,0,,14-15-22;17-18-40;20-21-43,8-32-44;6-15-18;21-30-33,,14-15-22:0;17-18-40:1;20-21-43:0,8-32-44:1;6-15-18:1;21-30-33:0,0,0,N
1151,0,,23-24-31;26-27-34;29-30-37,7-9-23;1-5-18;3-31-35,,23-24-31:0;26-27-34:1;29-30-37:1,7-9-23:1;1-5-18:0;3-31-35:1,0,0,N
1152,0,,1-15-23;2-39-40;3-4-26,8-36-40;9-13-26;16-27-44,,1-15-23:0;2-39-40:0;3-4-26:0,8-36-40:1;9-13-26:0;16-27-44:0,0,0,N
1153,0,,5-42-43;6-7-29;8-31-45,4-32-36;26-29-35;7-22-37,,5-42-43:0;6-7-29:0;8-31-45:0,4-32-36:0;26-29-35:1;7-22-37:0,0,0,N
1154,0,,9-10-17;11-33-34;12-13-20,13-28-43;11-32-35;1-7-19,,9-10-17:0;11-33-34:0;12-13-20:0,13-28-43:0;11-32-35:1;1-7-19:0,0,0,N
1155,0,,14-36-37;16-30-38;18-19-41,16-18-32;20-26-38;8-35-41,,14-36-37:1;16-30-38:2;18-19-41:1,16-18-32:1;20-26-38:1;8-35-41:0,0,0,N
1156,0,,21-22-44;24-25-32;27-28-35,22-24-38;10-13-19;16-20-33,,21-22-44:0;24-25-32:0;27-28-35:0,22-24-38:0;10-13-19:0;16-20-33:0,0,0,Y
1157,0,,1-6-26;2-37-42;3-13-23,5-7-21;1-14-30;3-32-34,,1-6-26:1;2-37-42:0;3-13-23:0,5-7-21:2;1-14-30:0;3-32-34:0,0,0,N
1158,0,,4-9-29;5-40-45;7-12-17,7-36-38;12-14-28;9-11-25,,4-9-29:0;5-40-45:0;7-12-17:0,7-36-38:1;12-14-28:0;9-11-25:1,0,0,N
1159,0,,8-33-43;10-15-20;11-31-36,21-25-38;16-27-44;5-33-37,,8-33-43:0;10-15-20:0;11-31-36:0,21-25-38:1;16-27-44:1;5-33-37:0,0,0,N
1160,0,,14-34-39;16-21-41;18-28-38,4-5-27;28-29-36;16-17-39,,14-34-39:1;16-21-41:0;18-28-38:1,4-5-27:0;28-29-36:1;16-17-39:1,0,0,N
1161,0,,19-24-44;22-27-32;25-30-35,13-35-36;1-38-39;7-44-45,,19-24-44:1;22-27-32:0;25-30-35:0,13-35-36:0;1-38-39:0;7-44-45:0,0,0,N
1162,0,,1-11-21;2-7-27;3-38-43,14-36-37;5-42-43;12-13-20,,1-11-21:1;2-7-27:0;3-38-43:0,14-36-37:0;5-42-43:0;12-13-20:1,0,0,N
1163,0,,4-14-24;5-10-30;6-31-41,4-9-29;1-6-26;16-21-41,,4-14-24:0;5-10-30:0;6-31-41:0,4-9-29:0;1-6-26:0;16-21-41:1,0,0,N
1164,0,,8-13-18;9-34-44;12-32-37,2-7-27;4-14-24;15-35-40,,8-13-18:1;9-34-44:0;12-32-37:0,2-7-27:0;4-14-24:0;15-35-40:0,0,0,N
1165,0,,15-35-40;16-26-36;17-22-42,18-23-43;2-12-22;5-15-25,,15-35-40:0;16-26-36:0;17-22-42:0,18-23-43:0;2-12-22:0;5-15-25:0,0,0,N
1166,0,,19-29-39;20-25-45;23-28-33,17-25-36;1-8-27;12-31-38,,19-29-39:1;20-25-45:1;23-28-33:1,17-25-36:1;1-8-27:1;12-31-38:0,0,0,N
1167,0,,1-36-41;2-12-22;3-8-28,6-14-25;20-27-31;1-35-42,,1-36-41:0;2-12-22:0;3-8-28:1,6-14-25:0;20-27-31:1;1-35-42:1,0,0,N
1168,0,,4-39-44;5-15-25;6-11-16,16-24-35;5-31-39;8-34-42,,4-39-44:0;5-15-25:0;6-11-16:0,16-24-35:1;5-31-39:0;8-34-42:0,0,0,N
1169,0,,7-32-42;9-14-19;10-35-45,3-18-33;19-25-37;21-27-39,,7-32-42:1;9-14-19:0;10-35-45:0,3-18-33:0;19-25-37:0;21-27-39:1,0,0,N
1170,0,,13-33-38;17-27-37;18-23-43,15-33-42;5-41-44;11-14-20,,13-33-38:2;17-27-37:0;18-23-43:0,15-33-42:1;5-41-44:0;11-14-20:0,0,0,N
1171,0,,20-30-40;21-26-31;24-29-34,3-36-45;4-13-16;19-28-31,,20-30-40:0;21-26-31:0;24-29-34:0,3-36-45:1;4-13-16:0;19-28-31:0,0,0,N
1172,0,,1-8-27;2-10-21;3-37-44,6-33-39;1-7-19;8-12-25,,1-8-27:0;2-10-21:0;3-37-44:1,6-33-39:0;1-7-19:1;8-12-25:0,0,0,N
1173,0,,4-11-30;5-13-24;6-32-40,7-11-24;16-19-40;28-30-44,,4-11-30:1;5-13-24:1;6-32-40:0,7-11-24:0;16-19-40:0;28-30-44:1,0,0,N
1174,0,,7-14-18;9-35-43;12-31-38,9-12-18;4-6-20;19-21-35,,7-14-18:1;9-35-43:0;12-31-38:0,9-12-18:0;4-6-20:0;19-21-35:0,0,0,N
1175,0,,15-34-41;16-23-42;17-25-36,1-13-22;19-23-36;4-8-21,,15-34-41:0;16-23-42:1;17-25-36:0,1-13-22:0;19-23-36:0;4-8-21:2,0,0,N
1176,0,,19-26-45;20-28-39;22-29-33,16-18-32;25-29-42;4-7-28,,19-26-45:0;20-28-39:0;22-29-33:0,16-18-32:0;25-29-42:0;4-7-28:1,0,0,N
1177,0,,1-35-42;2-9-28;3-11-22,3-31-35;7-9-23;2-11-29,,1-35-42:0;2-9-28:0;3-11-22:1,3-31-35:1;7-9-23:1;2-11-29:0,0,0,N
1178,0,,4-38-45;5-12-16;6-14-25,3-4-26;6-7-29;16-30-38,,4-38-45:0;5-12-16:1;6-14-25:1,3-4-26:0;6-7-29:1;16-30-38:0,0,0,N
1179,0,,7-33-41;8-15-19;10-36-44,6-13-17;11-37-45;19-27-38,,7-33-41:0;8-15-19:0;10-36-44:1,6-13-17:0;11-37-45:0;19-27-38:0,0,0,N
1180,0,,13-32-39;17-24-43;18-26-37,18-29-31;6-21-36;22-28-40,,13-32-39:0;17-24-43:0;18-26-37:2,18-29-31:1;6-21-36:1;22-28-40:1,0,0,N
1181,0,,20-27-31;21-29-40;23-30-34,6-15-18;20-24-37;11-26-41,,20-27-31:1;21-29-40:0;23-30-34:0,6-15-18:0;20-24-37:1;11-26-41:1,0,0,N
1182,0,,1-9-20;2-36-43;3-10-29,17-28-45;24-27-33;8-14-26,,1-9-20:1;2-36-43:0;3-10-29:0,17-28-45:1;24-27-33:0;8-14-26:0,0,0,N
1183,0,,4-12-23;5-31-39;6-13-17,26-28-42;15-31-44;11-13-27,,4-12-23:2;5-31-39:0;6-13-17:1,26-28-42:0;15-31-44:1;11-13-27:1,0,0,N
1184,0,,7-15-26;8-34-42;11-37-45,1-36-41;4-39-44;17-27-37,,7-15-26:0;8-34-42:0;11-37-45:1,1-36-41:0;4-39-44:0;17-27-37:1,0,0,N
1185,0,,14-33-40;16-24-35;18-25-44,5-14-17;16-28-37;25-27-41,,14-33-40:0;16-24-35:0;18-25-44:0,5-14-17:1;16-28-37:1;25-27-41:0,0,0,N
1186,0,,19-27-38;21-28-32;22-30-41,17-19-33;20-22-36;16-29-45,,19-27-38:0;21-28-32:1;22-30-41:0,17-19-33:0;20-22-36:0;16-29-45:1,0,0,N
1187,0,,1-16-31;2-17-32;3-18-33,8-13-18;16-26-36;23-28-33,,1-16-31:0;2-17-32:0;3-18-33:0,8-13-18:1;16-26-36:1;23-28-33:0,0,0,N
1188,0,,4-10-22;5-8-29;6-12-24,22-29-33;3-37-44;16-23-42,,4-10-22:2;5-8-29:0;6-12-24:1,22-29-33:1;3-37-44:1;16-23-42:0,0,0,N
1189,0,,7-34-40;9-36-42;11-15-28,2-6-19;7-22-37;3-12-30,,7-34-40:0;9-36-42:1;11-15-28:0,2-6-19:1;7-22-37:1;3-12-30:0,0,0,N
1190,0,,13-41-45;14-35-38;19-25-37,13-34-37;20-26-38;19-22-43,,13-41-45:1;14-35-38:0;19-25-37:1,13-34-37:0;20-26-38:1;19-22-43:1,0,0,N
1191,0,,20-23-44;21-27-39;26-30-43,2-34-45;3-7-20;19-30-32,,20-23-44:1;21-27-39:0;26-30-43:0,2-34-45:0;3-7-20:1;19-30-32:0,0,0,N
1192,0,,1-33-44;2-38-41;3-14-16,1-15-23;2-39-40;11-33-34,,1-33-44:0;2-38-41:0;3-14-16:1,1-15-23:1;2-39-40:2;11-33-34:0,0,0,N
1193,0,,4-19-34;5-20-35;6-21-36,3-11-22;5-12-16;10-36-44,,4-19-34:1;5-20-35:0;6-21-36:1,3-11-22:0;5-12-16:1;10-36-44:0,0,0,N
1194,0,,7-13-25;8-11-17;9-15-27,1-16-31;2-17-32;6-12-24,,7-13-25:1;8-11-17:0;9-15-27:1,1-16-31:0;2-17-32:0;6-12-24:1,0,0,N
1195,1,10-37-43,12-39-45;18-29-31,9-15-27;24-30-42,10-37-43:0,12-39-45:0;18-29-31:0,9-15-27:2;24-30-42:0,0,0,N
1196,0,,22-28-40;23-26-32;24-30-42,16-22-34;18-24-36;3-9-21,,22-28-40:1;23-26-32:0;24-30-42:0,16-22-34:0;18-24-36:0;3-9-21:0,0,0,N
1197,0,,1-10-28;2-6-19;3-12-30,11-40-42;9-33-45;10-12-26,,1-10-28:2;2-6-19:0;3-12-30:0,11-40-42:0;9-33-45:0;10-12-26:1,0,0,N
1198,0,,4-32-36;5-41-44;7-22-37,6-43-44;1-2-24;7-8-30,,4-32-36:0;5-41-44:1;7-22-37:0,6-43-44:0;1-2-24:0;7-8-30:1,0,0,N
1199,0,,8-23-38;9-24-39;11-14-20,20-21-43;26-27-34;10-32-33,,8-23-38:0;9-24-39:1;11-14-20:0,20-21-43:0;26-27-34:0;10-32-33:1,0,0,N
1200,0,,13-31-40;15-33-42;16-25-43,6-11-16;24-29-34;20-30-40,,13-31-40:0;15-33-42:0;16-25-43:1,6-11-16:1;24-29-34:0;20-30-40:1,0,0,N
1201,0,,17-21-34;18-27-45;26-29-35,4-19-34;3-14-16;23-26-32,,17-21-34:0;18-27-45:1;26-29-35:1,4-19-34:0;3-14-16:0;23-26-32:0,0,0,N
1202,0,,1-34-43;2-14-23;3-36-45,23-27-40;11-32-35;4-31-37,,1-34-43:0;2-14-23:0;3-36-45:0,23-27-40:1;11-32-35:0;4-31-37:1,0,0,N
1203,0,,4-13-16;5-9-22;6-15-18,12-33-36;9-37-41;5-32-38,,4-13-16:0;5-9-22:0;6-15-18:2,12-33-36:0;9-37-41:0;5-32-38:0,0,0,N
1204,0,,7-35-39;8-32-44;10-25-40,2-35-44;18-30-39;6-34-38,,7-35-39:0;8-32-44:2;10-25-40:0,2-35-44:1;18-30-39:1;6-34-38:0,0,0,N
1205,0,,11-26-41;12-27-42;17-29-38,12-40-44;8-35-41;10-14-27,,11-26-41:1;12-27-42:0;17-29-38:0,12-40-44:0;8-35-41:1;10-14-27:0,0,0,N
1206,0,,19-28-31;20-24-37;21-30-33,1-37-40;2-13-30;7-10-16,,19-28-31:0;20-24-37:0;21-30-33:0,1-37-40:1;2-13-30:0;7-10-16:0,0,0,N
1207,0,,1-7-19;2-5-26;3-9-21,3-5-19;17-30-31;24-26-40,,1-7-19:0;2-5-26:0;3-9-21:0,3-5-19:0;17-30-31:0;24-26-40:1,0,0,N
1208,0,,4-31-37;6-33-39;8-12-25,22-27-32;19-24-44;18-28-38,,4-31-37:0;6-33-39:1;8-12-25:0,22-27-32:1;19-24-44:0;18-28-38:1,0,0,N
1209,0,,10-38-42;11-32-35;13-28-43,25-30-35;11-31-36;2-37-42,,10-38-42:0;11-32-35:1;13-28-43:0,25-30-35:1;11-31-36:0;2-37-42:2,0,0,N
1210,0,,14-29-44;15-30-45;16-22-34,4-33-35;21-23-37;2-15-16,,14-29-44:0;15-30-45:0;16-22-34:0,4-33-35:0;21-23-37:0;2-15-16:0,0,0,N
1211,0,,17-20-41;18-24-36;23-27-40,21-26-31;13-33-38;7-32-42,,17-20-41:0;18-24-36:0;23-27-40:3,21-26-31:1;13-33-38:1;7-32-42:0,1,0,N
1212,0,,1-4-25;2-8-20;3-6-27,6-32-40;2-10-21;19-26-45,,1-4-25:1;2-8-20:1;3-6-27:0,6-32-40:0;2-10-21:0;19-26-45:0,0,0,N
1213,0,,5-32-38;7-11-24;9-37-41,5-6-28;8-9-16;23-24-31,,5-32-38:2;7-11-24:1;9-37-41:0,5-6-28:1;8-9-16:0;23-24-31:0,0,0,N
1214,0,,10-31-34;12-33-36;13-15-29,5-42-43;11-33-34;27-28-35,,10-31-34:1;12-33-36:1;13-15-29:1,5-42-43:0;11-33-34:1;27-28-35:1,0,0,Y
1215,0,,14-43-45;16-19-40;17-23-35,10-15-20;19-24-44;25-30-35,,14-43-45:1;16-19-40:1;17-23-35:0,10-15-20:1;19-24-44:2;25-30-35:0,0,0,N
1216,0,,18-21-42;22-26-39;28-30-44,1-11-21;19-29-39;20-25-45,,18-21-42:0;22-26-39:0;28-30-44:0,1-11-21:0;19-29-39:0;20-25-45:0,0,0,N
1217,0,,1-37-40;2-13-30;3-39-42,18-23-43;24-29-34;3-8-28,,1-37-40:0;2-13-30:0;3-39-42:0,18-23-43:0;24-29-34:1;3-8-28:1,0,0,N
1218,0,,4-6-20;5-34-36;7-10-16,12-31-38;15-34-41;2-10-21,,4-6-20:0;5-34-36:0;7-10-16:0,12-31-38:1;15-34-41:0;2-10-21:0,0,0,N
1219,0,,8-14-26;9-12-18;11-38-44,4-38-45;3-11-22;2-9-28,,8-14-26:0;9-12-18:0;11-38-44:0,4-38-45:1;3-11-22:0;2-9-28:2,0,0,N
1220,0,,15-32-43;17-28-45;19-21-35,1-9-20;2-36-43;21-28-32,,15-32-43:1;17-28-45:1;19-21-35:0,1-9-20:0;2-36-43:2;21-28-32:1,0,0,N
1221,0,,22-25-31;23-29-41;24-27-33,1-16-31;4-10-22;11-15-28,,22-25-31:0;23-29-41:0;24-27-33:0,1-16-31:0;4-10-22:0;11-15-28:1,0,0,N
1222,0,,1-13-22;2-35-44;3-15-24,7-13-25;18-29-31;24-30-42,,1-13-22:1;2-35-44:0;3-15-24:0,7-13-25:0;18-29-31:0;24-30-42:0,0,0,N
1223,0,,4-8-21;5-14-17;6-34-38,7-22-37;4-32-36;5-41-44,,4-8-21:0;5-14-17:0;6-34-38:0,7-22-37:0;4-32-36:1;5-41-44:0,0,0,N
1224,0,,7-31-43;9-33-45;10-12-26,8-32-44;21-30-33;4-13-16,,7-31-43:0;9-33-45:2;10-12-26:0,8-32-44:1;21-30-33:1;4-13-16:0,0,0,N
1225,0,,11-40-42;16-28-37;18-30-39,14-29-44;15-30-45;18-24-36,,11-40-42:1;16-28-37:0;18-30-39:0,14-29-44:0;15-30-45:0;18-24-36:0,0,0,N
1226,0,,19-23-36;20-29-32;25-27-41,18-21-42;2-8-20;16-19-40,,19-23-36:0;20-29-32:0;25-27-41:0,18-21-42:0;2-8-20:0;16-19-40:0,0,0,N
1227,0,,1-3-17;2-31-33;4-7-28,4-8-21;6-34-38;5-14-17,,1-3-17:1;2-31-33:0;4-7-28:0,4-8-21:0;6-34-38:1;5-14-17:1,0,0,N
1228,0,,5-11-23;6-9-30;8-35-41,10-13-19;14-32-41;25-28-34,,5-11-23:0;6-9-30:1;8-35-41:1,10-13-19:0;14-32-41:0;25-28-34:0,0,0,N
1229,0,,10-14-27;12-40-44;13-34-37,16-29-45;1-14-30;6-35-37,,10-14-27:0;12-40-44:1;13-34-37:3,16-29-45:1;1-14-30:0;6-35-37:1,1,0,N
1230,0,,15-36-39;16-18-32;19-22-43,27-29-43;18-20-34;13-42-44,,15-36-39:0;16-18-32:0;19-22-43:1,27-29-43:0;18-20-34:0;13-42-44:1,0,0,N
1231,0,,20-26-38;21-24-45;25-29-42,24-28-41;14-31-42;3-7-20,,20-26-38:1;21-24-45:0;25-29-42:0,24-28-41:0;14-31-42:2;3-7-20:0,0,0,N
1232,0,,1-5-18;2-11-29;3-31-35,9-31-32;15-37-38;13-14-21,,1-5-18:0;2-11-29:0;3-31-35:0,9-31-32:0;15-37-38:1;13-14-21:0,0,0,N
1233,0,,4-40-43;6-42-45;7-9-23,13-35-36;2-3-25;14-15-22,,4-40-43:1;6-42-45:0;7-9-23:1,13-35-36:0;2-3-25:2;14-15-22:0,0,0,N
1234,0,,8-37-39;10-13-19;12-15-21,2-39-40;6-7-29;24-25-32,,8-37-39:0;10-13-19:1;12-15-21:1,2-39-40:0;6-7-29:0;24-25-32:0,0,0,N
1235,0,,14-32-41;16-20-33;17-26-44,5-15-25;9-14-19;21-26-31,,14-32-41:0;16-20-33:0;17-26-44:0,5-15-25:1;9-14-19:0;21-26-31:0,0,0,N
1236,0,,22-24-38;25-28-34;27-30-36,11-37-45;7-15-26;5-31-39,,22-24-38:1;25-28-34:1;27-30-36:0,11-37-45:0;7-15-26:0;5-31-39:0,0,0,N
1237,0,,1-14-30;2-4-18;3-32-34,21-27-39;5-8-29;14-35-38,,1-14-30:0;2-4-18:0;3-32-34:1,21-27-39:0;5-8-29:0;14-35-38:0,0,0,N
1238,0,,5-7-21;6-35-37;8-10-24,3-36-45;20-24-37;10-25-40,,5-7-21:0;6-35-37:0;8-10-24:0,3-36-45:0;20-24-37:0;10-25-40:0,0,0,N
