round,query_round_R_minus_1,max_overlap,analog_count,analog_round_ids,successor_round_ids,candidate_size,informative,main_hits,expected_main_hits,integrated_hits
4,3,0,1,1,2,6,True,1,0.8,1
5,4,1,2,1;2,2;3,11,True,2,1.4666666666666666,2
6,5,2,1,1,2,6,True,1,0.8,1
7,6,4,1,4,5,6,True,2,0.8,3
8,7,2,2,2;5,3;6,11,True,1,1.4666666666666666,1
9,8,1,3,1;2;3,2;3;4,14,True,1,1.8666666666666667,2
10,9,2,1,7,8,6,True,1,0.8,1
11,10,2,2,2;7,3;8,11,True,1,1.4666666666666666,1
12,11,2,1,5,6,6,True,0,0.8,0
13,12,2,5,2;3;7;8;9,3;4;8;9;10,23,True,3,-2.6222222222222222,3
14,13,2,4,1;2;8;11,2;3;9;12,17,True,2,2.2666666666666666,2
15,14,2,3,1;4;7,2;5;8,16,True,2,2.1333333333333333,3
16,15,2,3,3;4;9,4;5;10,14,True,2,1.8666666666666667,3
17,16,2,5,1;5;11;13;14,2;6;12;14;15,24,True,5,-2.488888888888889,5
18,17,3,1,15,16,6,True,0,0.8,0
19,18,2,1,2,3,6,True,0,0.8,0
20,19,3,1,16,17,6,True,0,0.8,0
21,20,2,2,1;4,2;5,11,True,1,1.4666666666666666,2
22,21,3,1,14,15,6,True,1,0.8,1
23,22,3,1,9,10,6,True,1,0.8,2
24,23,2,2,2;21,3;22,12,True,2,1.6,3
25,24,2,1,11,12,6,True,2,0.8,2
26,25,2,3,7;9;12,8;10;13,15,True,1,2.0,1
27,26,2,3,20;22;23,21;23;24,16,True,1,2.1333333333333333,2
28,27,2,2,11;25,12;26,11,True,2,1.4666666666666666,2
29,28,3,1,13,14,6,True,1,0.8,1
30,29,2,4,8;19;22;23,9;20;23;24,21,True,4,2.8,5
31,30,2,3,9;22;24,10;23;25,16,True,2,2.1333333333333333,2
32,31,4,1,28,29,6,True,1,0.8,1
33,32,3,1,8,9,6,True,1,0.8,1
34,33,2,8,1;5;10;11;14;16;17;26,2;6;11;12;15;17;18;27,32,True,6,-1.4222222222222223,7
35,34,3,3,6;7;28,7;8;29,14,True,3,1.8666666666666667,4
36,35,3,2,25;27,26;28,10,True,1,1.3333333333333333,1
37,36,3,2,1;27,2;28,10,True,2,1.3333333333333333,3
38,37,2,11,1;4;10;11;15;16;24;28;31;33;34,2;5;11;12;16;17;25;29;32;34;35,32,True,4,-1.4222222222222223,5
39,38,3,1,15,16,6,True,2,0.8,2
40,39,2,5,2;16;19;24;25,3;17;20;25;26,25,True,5,-2.3555555555555556,5
41,40,3,1,26,27,6,True,2,0.8,2
42,41,2,9,13;18;19;20;27;28;30;31;39,14;19;20;21;28;29;31;32;40,30,True,5,-1.6888888888888889,6
43,42,3,1,21,22,6,True,2,0.8,2
44,43,3,1,19,20,6,True,1,0.8,1
45,44,3,1,12,13,6,True,0,0.8,0
46,45,3,1,37,38,6,True,0,0.8,0
47,46,3,1,41,42,6,True,1,0.8,1
48,47,2,5,4;6;9;21;30,5;7;10;22;31,24,True,3,-2.488888888888889,3
49,48,3,1,16,17,6,True,1,0.8,1
50,49,4,1,33,34,6,True,0,0.8,0
51,50,2,2,14;25,15;26,11,True,2,1.4666666666666666,2
52,51,4,1,35,36,6,True,0,0.8,1
53,52,3,1,9,10,6,True,1,0.8,1
54,53,3,1,33,34,6,True,0,0.8,1
55,54,3,1,24,25,6,True,2,0.8,2
56,55,2,15,1;3;4;14;15;16;17;21;25;30;34;38;42;43;47,2;4;5;15;16;17;18;22;26;31;35;39;43;44;48,40,True,5,-0.35555555555555557,6
57,56,3,5,1;4;15;20;37,2;5;16;21;38,22,True,4,-2.7555555555555555,5
58,57,2,12,1;5;7;10;24;26;32;40;49;50;51;52,2;6;8;11;25;27;33;41;50;51;52;53,37,True,5,-0.7555555555555555,6
59,58,3,2,1;10,2;11,11,True,2,1.4666666666666666,3
60,59,2,10,5;9;11;12;19;22;24;43;47;54,6;10;12;13;20;23;25;44;48;55,32,True,4,-1.4222222222222223,5
61,60,3,4,8;9;12;54,9;10;13;55,20,True,2,2.6666666666666665,2
62,61,3,1,19,20,6,True,0,0.8,0
63,62,3,1,24,25,6,True,0,0.8,0
64,63,3,1,41,42,6,True,2,0.8,2
65,64,3,2,6;47,7;48,11,True,2,1.4666666666666666,2
66,65,3,3,33;49;58,34;50;59,18,True,2,2.4,3
67,66,2,7,9;16;17;35;38;50;51,10;17;18;36;39;51;52,31,True,4,-1.5555555555555556,5
68,67,3,1,63,64,6,True,2,0.8,2
69,68,3,1,50,51,6,True,0,0.8,0
70,69,3,4,8;22;53;61,9;23;54;62,19,True,1,2.533333333333333,1
71,70,2,9,8;13;26;27;32;38;40;61;65,9;14;27;28;33;39;41;62;66,35,True,5,-1.0222222222222221,6
72,71,3,1,5,6,6,True,2,0.8,2
73,72,3,4,9;25;35;51,10;26;36;52,21,True,2,2.8,2
74,73,3,2,18;21,19;22,10,True,3,1.3333333333333333,3
75,74,3,1,21,22,6,True,1,0.8,1
76,75,2,7,25;29;32;50;51;58;66,26;30;33;51;52;59;67,27,True,3,-2.088888888888889,3
77,76,3,1,13,14,6,True,1,0.8,1
78,77,3,3,25;73;75,26;74;76,15,True,2,2.0,2
79,78,3,4,1;45;57;58,2;46;58;59,22,True,2,-2.7555555555555555,2
80,79,3,2,18;73,19;74,10,True,3,1.3333333333333333,3
81,80,3,1,40,41,6,True,2,0.8,2
82,81,3,2,23;26,24;27,11,True,2,1.4666666666666666,2
83,82,3,2,4;6,5;7,10,True,0,1.3333333333333333,0
84,83,3,2,32;74,33;75,11,True,1,1.4666666666666666,1
85,84,2,6,3;4;5;6;13;82,4;5;6;7;14;83,22,True,2,-2.7555555555555555,2
86,85,4,1,46,47,6,True,1,0.8,1
87,86,3,2,12;59,13;60,10,True,1,1.3333333333333333,1
88,87,3,1,84,85,6,True,0,0.8,0
89,88,3,1,80,81,6,True,1,0.8,1
90,89,3,5,1;33;36;49;65,2;34;37;50;66,23,True,3,-2.6222222222222222,4
91,90,4,1,30,31,6,True,0,0.8,0
92,91,3,1,5,6,6,True,1,0.8,1
93,92,2,17,18;30;37;45;47;53;56;58;62;63;64;65;66;67;78;79;82,19;31;38;46;48;54;57;59;63;64;65;66;67;68;79;80;83,42,True,6,-0.08888888888888889,7
94,93,3,2,16;43,17;44,11,True,2,1.4666666666666666,2
95,94,3,3,29;33;75,30;34;76,16,True,2,2.1333333333333333,2
96,95,3,1,24,25,6,True,1,0.8,1
97,96,3,2,54;76,55;77,11,True,0,1.4666666666666666,0
98,97,3,3,39;64;67,40;65;68,16,True,1,2.1333333333333333,2
99,98,2,16,2;5;7;16;17;21;28;31;42;71;75;79;84;85;87;93,3;6;8;17;18;22;29;32;43;72;76;80;85;86;88;94,39,True,4,-0.4888888888888889,5
100,99,3,5,1;45;62;76;82,2;46;63;77;83,25,True,2,-2.3555555555555556,3
101,100,4,1,11,12,6,True,1,0.8,1
102,101,3,2,17;18,18;19,12,True,2,1.6,2
103,102,3,4,34;66;74;80,35;67;75;81,19,True,2,2.533333333333333,3
104,103,3,4,4;6;61;69,5;7;62;70,20,True,1,2.6666666666666665,2
105,104,3,2,23;75,24;76,12,True,1,1.6,1
106,105,3,1,94,95,6,True,0,0.8,0
107,106,3,2,50;58,51;59,12,True,1,1.6,1
108,107,3,1,22,23,6,True,1,0.8,1
109,108,3,3,31;57;77,32;58;78,13,True,2,1.7333333333333334,3
110,109,3,4,11;29;75;104,12;30;76;105,20,True,2,2.6666666666666665,3
111,110,4,1,108,109,6,True,1,0.8,1
112,111,3,4,14;33;49;65,15;34;50;66,20,True,3,2.6666666666666665,3
113,112,3,4,5;10;89;91,6;11;90;92,20,True,2,2.6666666666666665,3
114,113,3,2,65;89,66;90,11,True,0,1.4666666666666666,1
115,114,2,16,3;6;27;32;35;36;40;47;51;61;64;69;70;72;89;112,4;7;28;33;36;37;41;48;52;62;65;70;71;73;90;113,40,True,6,-0.35555555555555557,7
116,115,3,2,7;107,8;108,12,True,3,1.6,3
117,116,3,2,8;15,9;16,12,True,1,1.6,1
118,117,4,1,109,110,6,True,1,0.8,1
119,118,3,4,17;66;83;106,18;67;84;107,23,True,2,-2.6222222222222222,3
120,119,3,1,44,45,6,True,1,0.8,1
121,120,3,2,17;48,18;49,11,True,1,1.4666666666666666,1
122,121,3,3,19;61;87,20;62;88,16,True,2,2.1333333333333333,3
123,122,3,1,9,10,6,True,1,0.8,1
124,123,3,2,31;80,32;81,12,True,1,1.6,1
125,124,3,6,5;13;52;57;84;87,6;14;53;58;85;88,27,True,5,-2.088888888888889,5
126,125,3,4,30;53;60;92,31;54;61;93,22,True,4,-2.7555555555555555,5
127,126,4,1,110,111,6,True,0,0.8,0
128,127,3,3,73;77;99,74;78;100,17,True,1,2.2666666666666666,1
129,128,3,2,86;121,87;122,11,True,1,1.4666666666666666,2
130,129,4,1,13,14,6,True,0,0.8,1
131,130,3,1,84,85,6,True,1,0.8,1
132,131,3,3,64;69;119,65;70;120,15,True,0,2.0,1
133,132,3,4,84;94;101;105,85;95;102;106,19,True,3,2.533333333333333,4
134,133,3,5,26;31;40;64;108,27;32;41;65;109,22,True,3,-2.7555555555555555,4
135,134,3,3,18;41;63,19;42;64,16,True,3,2.1333333333333333,3
136,135,3,1,43,44,6,True,1,0.8,2
137,136,3,5,5;9;11;60;112,6;10;12;61;113,23,True,4,-2.6222222222222222,5
138,137,3,3,26;60;97,27;61;98,17,True,2,2.2666666666666666,3
139,138,3,2,99;120,100;121,12,True,3,1.6,3
140,139,3,1,27,28,6,True,1,0.8,1
141,140,3,7,18;23;40;42;118;119;123,19;24;41;43;119;120;124,29,True,5,-1.8222222222222222,5
142,141,3,2,24;95,25;96,11,True,1,1.4666666666666666,1
143,142,3,3,87;121;128,88;122;129,16,True,2,2.1333333333333333,2
144,143,3,4,6;27;84;130,7;28;85;131,20,True,4,2.6666666666666665,4
145,144,3,6,9;17;47;64;72;133,10;18;48;65;73;134,25,True,4,-2.3555555555555556,5
146,145,3,2,51;82,52;83,11,True,2,1.4666666666666666,2
147,146,3,3,82;130;136,83;131;137,16,True,2,2.1333333333333333,3
148,147,3,2,2;39,3;40,11,True,2,1.4666666666666666,2
149,148,3,4,65;78;92;125,66;79;93;126,17,True,1,2.2666666666666666,2
150,149,3,3,12;136;146,13;137;147,16,True,3,2.1333333333333333,3
151,150,3,8,8;12;28;60;86;115;116;138,9;13;29;61;87;116;117;139,30,True,5,-1.6888888888888889,6
152,151,3,2,40;140,41;141,11,True,2,1.4666666666666666,3
153,152,4,1,29,30,6,True,2,0.8,2
154,153,3,3,18;85;119,19;86;120,15,True,3,2.0,3
155,154,3,2,74;147,75;148,11,True,2,1.4666666666666666,2
156,155,3,2,33;49,34;50,12,True,1,1.6,2
157,156,4,1,123,124,6,True,0,0.8,0
158,157,3,2,37;112,38;113,12,True,2,1.6,2
159,158,3,2,2;147,3;148,11,True,0,1.4666666666666666,0
160,159,3,5,11;88;112;136;156,12;89;113;137;157,19,True,2,2.533333333333333,2
161,160,3,4,8;53;105;132,9;54;106;133,20,True,2,2.6666666666666665,2
162,161,3,5,84;94;109;117;128,85;95;110;118;129,22,True,2,-2.7555555555555555,2
163,162,2,24,2;10;11;12;13;26;29;44;54;70;71;76;88;91;94;96;107;109;115;129;148;149;152;159,3;11;12;13;14;27;30;45;55;71;72;77;89;92;95;97;108;110;116;130;149;150;153;160,44,True,6,0.17777777777777778,7
164,163,3,5,51;57;89;108;114,52;58;90;109;115,23,True,3,-2.6222222222222222,3
165,164,3,3,59;120;138,60;121;139,16,True,1,2.1333333333333333,1
166,165,4,1,23,24,6,True,2,0.8,2
167,166,3,6,54;59;86;113;128;137,55;60;87;114;129;138,27,True,4,-2.088888888888889,5
168,167,3,3,54;79;138,55;80;139,17,True,3,2.2666666666666666,4
169,168,3,4,4;73;127;141,5;74;128;142,18,True,4,2.4,4
170,169,3,4,37;38;84;143,38;39;85;144,17,True,3,2.2666666666666666,3
171,170,3,2,46;149,47;150,12,True,1,1.6,1
172,171,4,1,124,125,6,True,0,0.8,1
173,172,3,3,25;91;114,26;92;115,17,True,4,2.2666666666666666,5
174,173,3,3,10;79;92,11;80;93,16,True,2,2.1333333333333333,2
175,174,4,1,135,136,6,True,1,0.8,1
176,175,3,6,47;89;111;113;114;157,48;90;112;114;115;158,27,True,5,-2.088888888888889,5
177,176,4,1,104,105,6,True,1,0.8,1
178,177,3,5,27;38;99;151;169,28;39;100;152;170,21,True,5,2.8,6
179,178,3,1,100,101,6,True,1,0.8,2
180,179,3,3,22;70;137,23;71;138,17,True,1,2.2666666666666666,1
181,180,4,1,52,53,6,True,2,0.8,2
182,181,3,3,42;94;154,43;95;155,17,True,2,2.2666666666666666,3
183,182,3,5,6;29;62;152;180,7;30;63;153;181,22,True,2,-2.7555555555555555,2
184,183,3,4,5;75;149;161,6;76;150;162,19,True,2,2.533333333333333,3
185,184,3,5,14;45;52;115;155,15;46;53;116;156,24,True,4,-2.488888888888889,5
186,185,3,1,151,152,6,True,0,0.8,0
187,186,3,5,118;131;154;172;181,119;132;155;173;182,22,True,1,-2.7555555555555555,1
188,187,4,1,185,186,6,True,1,0.8,1
189,188,3,7,3;4;79;95;130;167;173,4;5;80;96;131;168;174,26,True,3,-2.2222222222222223,3
190,189,3,5,53;101;125;169;181,54;102;126;170;182,23,True,2,-2.6222222222222222,3
191,190,3,3,4;20;56,5;21;57,16,True,4,2.1333333333333333,4
192,191,3,4,16;75;98;120,17;76;99;121,19,True,2,2.533333333333333,2
193,192,3,2,120;189,121;190,11,True,2,1.4666666666666666,2
194,193,4,1,64,65,6,True,0,0.8,0
195,194,3,2,68;133,69;134,12,True,2,1.6,3
196,195,3,5,49;102;118;126;154,50;103;119;127;155,24,True,3,-2.488888888888889,4
197,196,3,7,11;30;59;86;128;169;189,12;31;60;87;129;170;190,28,True,6,-1.9555555555555555,7
198,197,4,1,84,85,6,True,0,0.8,0
199,198,3,3,86;105;155,87;106;156,16,True,2,2.1333333333333333,3
200,199,3,2,64;148,65;149,12,True,0,1.6,0
201,200,3,5,22;23;81;97;119,23;24;82;98;120,26,True,3,-2.2222222222222223,3
202,201,3,4,43;44;51;93,44;45;52;94,22,True,2,-2.7555555555555555,2
203,202,3,2,53;166,54;167,9,True,3,1.2,3
204,203,4,1,79,80,6,True,0,0.8,0
205,204,3,8,18;73;92;101;134;154;181;189,19;74;93;102;135;155;182;190,29,True,2,-1.8222222222222222,3
206,205,4,1,99,100,6,True,1,0.8,1
207,206,4,1,76,77,6,True,1,0.8,1
208,207,3,8,15;17;35;56;119;120;189;203,16;18;36;57;120;121;190;204,31,True,6,-1.5555555555555556,7
209,208,4,1,32,33,6,True,2,0.8,2
210,209,3,6,26;66;81;111;183;184,27;67;82;112;184;185,25,True,3,-2.3555555555555556,3
211,210,4,1,13,14,6,True,2,0.8,2
212,211,3,6,23;81;88;155;198;200,24;82;89;156;199;201,28,True,4,-1.9555555555555555,5
213,212,3,4,3;21;44;178,4;22;45;179,20,True,3,2.6666666666666665,4
214,213,3,7,26;52;66;75;145;206;209,27;53;67;76;146;207;210,28,True,5,-1.9555555555555555,6
215,214,4,1,26,27,6,True,1,0.8,1
216,215,3,10,25;35;39;50;51;66;67;77;145;206,26;36;40;51;52;67;68;78;146;207,34,True,5,-1.1555555555555554,6
217,216,4,3,49;111;122,50;112;123,17,True,1,2.2666666666666666,1
218,217,4,1,45,46,6,True,1,0.8,1
219,218,4,2,187;190,188;191,11,True,1,1.4666666666666666,1
220,219,3,7,27;34;35;72;120;144;192,28;35;36;73;121;145;193,28,True,3,-1.9555555555555555,3
221,220,3,3,3;70;149,4;71;150,18,True,3,2.4,3
222,221,3,10,1;14;34;37;45;125;184;209;217;219,2;15;35;38;46;126;185;210;218;220,35,True,4,-1.0222222222222221,5
223,222,3,7,24;70;110;127;163;179;214,25;71;111;128;164;180;215,29,True,4,-1.8222222222222222,4
224,223,3,6,27;45;82;99;145;206,28;46;83;100;146;207,26,True,3,-2.2222222222222223,4
225,224,3,10,4;6;72;112;130;143;146;157;172;188,5;7;73;113;131;144;147;158;173;189,33,True,3,-1.288888888888889,3
226,225,3,8,3;81;85;153;165;170;175;220,4;82;86;154;166;171;176;221,29,True,4,-1.8222222222222222,5
227,226,3,4,96;131;135;199,97;132;136;200,18,True,4,2.4,5
228,227,3,3,52;124;165,53;125;166,13,True,3,1.7333333333333334,3
229,228,4,1,30,31,6,True,2,0.8,3
230,229,3,2,107;178,108;179,12,True,2,1.6,2
231,230,3,4,53;81;127;207,54;82;128;208,19,True,3,2.533333333333333,4
232,231,3,3,117;186;225,118;187;226,15,True,2,2.0,2
233,232,3,3,50;58;106,51;59;107,17,True,2,2.2666666666666666,3
234,233,4,1,147,148,6,True,1,0.8,1
235,234,3,3,91;102;172,92;103;173,13,True,1,1.7333333333333334,1
236,235,3,3,3;55;96,4;56;97,14,True,1,1.8666666666666667,2
237,236,3,7,8;22;29;54;177;185;192,9;23;30;55;178;186;193,29,True,5,-1.8222222222222222,6
238,237,3,7,55;88;91;119;122;201;203,56;89;92;120;123;202;204,26,True,3,-2.2222222222222223,4
239,238,4,1,116,117,6,True,1,0.8,1
240,239,4,1,201,202,6,True,0,0.8,0
241,240,3,5,5;19;164;168;177,6;20;165;169;178,23,True,3,-2.6222222222222222,3
242,241,3,4,146;167;169;217,147;168;170;218,19,True,2,2.533333333333333,3
243,242,3,8,42;155;158;172;176;180;186;220,43;156;159;173;177;181;187;221,33,True,3,-1.288888888888889,4
244,243,3,3,129;140;146,130;141;147,16,True,1,2.1333333333333333,2
245,244,3,2,13;177,14;178,11,True,2,1.4666666666666666,2
246,245,3,4,3;207;212;229,4;208;213;230,19,True,0,2.533333333333333,0
247,246,3,9,40;42;64;133;158;174;193;194;234,41;43;65;134;159;175;194;195;235,32,True,6,-1.4222222222222223,7
248,247,3,3,68;166;167,69;167;168,17,True,2,2.2666666666666666,2
249,248,4,1,132,133,6,True,0,0.8,0
250,249,3,6,62;95;96;145;160;190,63;96;97;146;161;191,28,True,4,-1.9555555555555555,5
251,250,3,5,38;61;128;169;210,39;62;129;170;211,25,True,6,-2.3555555555555556,6
252,251,4,1,129,130,6,True,1,0.8,1
253,252,4,1,47,48,6,True,0,0.8,0
254,253,4,1,8,9,6,True,0,0.8,0
255,254,4,1,88,89,6,True,0,0.8,0
256,255,3,6,82;91;107;109;130;191,83;92;108;110;131;192,26,True,6,-2.2222222222222223,6
257,256,3,8,25;87;119;131;181;186;220;229,26;88;120;132;182;187;221;230,31,True,5,-1.5555555555555556,6
258,257,3,7,21;85;120;191;207;235;245,22;86;121;192;208;236;246,28,True,5,-1.9555555555555555,6
259,258,5,1,4,5,6,True,1,0.8,1
260,259,3,6,103;156;186;189;204;227,104;157;187;190;205;228,24,True,1,-2.488888888888889,1
261,260,4,1,16,17,6,True,0,0.8,0
262,261,3,4,3;21;212;240,4;22;213;241,19,True,2,2.533333333333333,2
263,262,3,3,71;141;232,72;142;233,15,True,3,2.0,3
264,263,3,5,27;36;99;138;257,28;37;100;139;258,21,True,2,2.8,2
265,264,3,6,10;71;136;166;196;249,11;72;137;167;197;250,26,True,4,-2.2222222222222223,5
266,265,3,4,8;29;179;229,9;30;180;230,19,True,2,2.533333333333333,2
267,266,3,4,17;118;227;229,18;119;228;230,17,True,1,2.2666666666666666,1
268,267,4,1,160,161,6,True,1,0.8,1
269,268,3,9,18;79;101;118;127;130;186;203;231,19;80;102;119;128;131;187;204;232,31,True,3,-1.5555555555555556,3
270,269,3,6,23;26;109;156;159;165,24;27;110;157;160;166,24,True,4,-2.488888888888889,5
271,270,3,1,71,72,6,True,1,0.8,1
272,271,4,1,62,63,6,True,0,0.8,0
273,272,4,1,166,167,6,True,1,0.8,1
274,273,3,13,75;95;96;109;188;190;208;218;232;237;249;253;267,76;96;97;110;189;191;209;219;233;238;250;254;268,36,True,5,-0.8888888888888888,6
275,274,4,1,174,175,6,True,1,0.8,2
276,275,3,9,41;61;63;90;154;195;204;221;258,42;62;64;91;155;196;205;222;259,31,True,6,-1.5555555555555556,6
277,276,3,3,33;172;239,34;173;240,16,True,1,2.1333333333333333,1
278,277,4,1,78,79,6,True,1,0.8,1
279,278,4,1,35,36,6,True,0,0.8,0
280,279,4,1,244,245,6,True,1,0.8,1
281,280,3,5,1;100;120;138;210,2;101;121;139;211,22,True,3,-2.7555555555555555,4
282,281,3,2,82;107,83;108,12,True,2,1.6,2
283,282,3,6,21;75;77;127;151;231,22;76;78;128;152;232,26,True,3,-2.2222222222222223,3
284,283,3,11,21;43;46;48;85;187;190;192;212;248;261,22;44;47;49;86;188;191;193;213;249;262,35,True,5,-1.0222222222222221,5
285,284,3,7,66;103;123;130;209;215;260,67;104;124;131;210;216;261,29,True,3,-1.8222222222222222,3
286,285,3,7,1;33;86;94;196;211;221,2;34;87;95;197;212;222,29,True,2,-1.8222222222222222,3
287,286,3,2,6;109,7;110,12,True,0,1.6,0
288,287,3,9,16;37;79;169;191;241;255;257;260,17;38;80;170;192;242;256;258;261,32,True,1,-1.4222222222222223,1
289,288,3,4,88;101;211;243,89;102;212;244,21,True,3,2.8,3
290,289,3,5,13;56;82;92;207,14;57;83;93;208,21,True,0,2.8,1
291,290,3,7,53;174;189;192;236;246;283,54;175;190;193;237;247;284,25,True,3,-2.3555555555555556,4
292,291,3,5,26;160;209;223;269,27;161;210;224;270,23,True,1,-2.6222222222222222,2
293,292,4,3,21;104;176,22;105;177,16,True,2,2.1333333333333333,2
294,293,3,3,91;205;237,92;206;238,15,True,0,2.0,0
295,294,4,1,48,49,6,True,2,0.8,2
296,295,3,5,87;178;185;187;212,88;179;186;188;213,22,True,4,-2.7555555555555555,4
297,296,4,2,62;103,63;104,12,True,2,1.6,3
298,297,3,6,114;120;139;155;242;251,115;121;140;156;243;252,24,True,2,-2.488888888888889,3
299,298,4,1,271,272,6,True,0,0.8,0
300,299,4,1,206,207,6,True,0,0.8,0
301,300,3,6,48;67;68;232;270;272,49;68;69;233;271;273,27,True,3,-2.088888888888889,4
302,301,4,1,81,82,6,True,1,0.8,1
303,302,3,9,2;18;41;129;155;165;242;275;297,3;19;42;130;156;166;243;276;298,32,True,5,-1.4222222222222223,6
304,303,3,9,44;47;61;103;123;248;258;284;294,45;48;62;104;124;249;259;285;295,32,True,6,-1.4222222222222223,7
305,304,3,10,33;49;68;89;106;112;155;172;240;276,34;50;69;90;107;113;156;173;241;277,38,True,3,-0.6222222222222222,4
306,305,4,1,246,247,6,True,0,0.8,0
307,306,3,7,20;87;132;133;158;159;176,21;88;133;134;159;160;177,27,True,2,-2.088888888888889,3
308,307,3,4,12;103;162;181,13;104;163;182,20,True,3,2.6666666666666665,4
309,308,3,10,47;61;69;83;103;144;186;189;250;303,48;62;70;84;104;145;187;190;251;304,37,True,4,-0.7555555555555555,5
310,309,4,1,178,179,6,True,1,0.8,1
311,310,3,10,29;70;94;109;114;152;162;220;254;288,30;71;95;110;115;153;163;221;255;289,35,True,4,-1.0222222222222221,4
312,311,4,1,79,80,6,True,0,0.8,1
313,312,4,1,213,214,6,True,0,0.8,0
314,313,3,5,95;101;132;169;179,96;102;133;170;180,23,True,3,-2.6222222222222222,4
315,314,4,1,83,84,6,True,1,0.8,2
316,315,3,9,41;45;78;101;169;177;285;301;313,42;46;79;102;170;178;286;302;314,29,True,4,-1.8222222222222222,4
317,316,4,2,3;138,4;139,12,True,1,1.6,1
318,317,3,10,67;117;118;138;153;164;201;266;278;280,68;118;119;139;154;165;202;267;279;281,39,True,5,-0.4888888888888889,6
319,318,3,11,83;105;132;180;198;242;243;303;308;313;314,84;106;133;181;199;243;244;304;309;314;315,36,True,5,-0.8888888888888888,6
320,319,3,5,23;70;156;165;227,24;71;157;166;228,21,True,5,2.8,5
321,320,4,1,198,199,6,True,2,0.8,2
322,321,3,8,26;148;158;180;198;212;242;270,27;149;159;181;199;213;243;271,33,True,5,-1.288888888888889,6
323,322,4,1,77,78,6,True,1,0.8,1
324,323,3,5,6;64;67;97;131,7;65;68;98;132,23,True,5,-2.6222222222222222,6
325,324,4,2,65;148,66;149,11,True,2,1.4666666666666666,2
326,325,3,6,30;90;101;104;123;318,31;91;102;105;124;319,26,True,4,-2.2222222222222223,5
327,326,3,12,9;60;65;124;137;148;216;217;228;244;320;324,10;61;66;125;138;149;217;218;229;245;321;325,41,True,4,-0.2222222222222222,5
328,327,4,1,21,22,6,True,2,0.8,2
329,328,4,1,115,116,6,True,0,0.8,1
330,329,3,6,34;146;157;224;243;313,35;147;158;225;244;314,25,True,5,-2.3555555555555556,5
331,330,4,1,118,119,6,True,1,0.8,1
332,331,3,6,25;47;107;190;208;252,26;48;108;191;209;253,24,True,2,-2.488888888888889,2
333,332,4,3,84;161;197,85;162;198,16,True,1,2.1333333333333333,1
334,333,4,1,103,104,6,True,0,0.8,1
335,334,4,1,39,40,6,True,1,0.8,1
336,335,3,9,7;71;84;98;229;252;270;307;320,8;72;85;99;230;253;271;308;321,33,True,4,-1.288888888888889,4
337,336,3,9,30;75;90;109;117;134;145;213;312,31;76;91;110;118;135;146;214;313,32,True,5,-1.4222222222222223,6
338,337,3,9,178;189;191;207;218;230;263;282;309,179;190;192;208;219;231;264;283;310,31,True,3,-1.5555555555555556,4
339,338,3,10,84;149;161;170;183;197;302;303;318;332,85;150;162;171;184;198;303;304;319;333,36,True,6,-0.8888888888888888,7
340,339,4,1,226,227,6,True,0,0.8,0
341,340,3,7,48;80;91;152;183;187;322,49;81;92;153;184;188;323,28,True,4,-1.9555555555555555,4
342,341,4,1,8,9,6,True,0,0.8,0
343,342,4,1,315,316,6,True,2,0.8,2
344,343,3,7,95;99;127;141;168;177;293,96;100;128;142;169;178;294,28,True,3,-1.9555555555555555,4
345,344,4,1,238,239,6,True,2,0.8,2
346,345,4,1,194,195,6,True,1,0.8,1
347,346,3,7,103;117;165;174;200;231;259,104;118;166;175;201;232;260,28,True,5,-1.9555555555555555,6
348,347,3,14,2;18;62;79;82;145;153;249;257;271;290;291;296;302,3;19;63;80;83;146;154;250;258;272;291;292;297;303,38,True,6,-0.6222222222222222,7
349,348,3,10,47;66;88;92;119;134;200;207;213;330,48;67;89;93;120;135;201;208;214;331,29,True,5,-1.8222222222222222,6
350,349,4,1,200,201,6,True,1,0.8,1
351,350,4,2,187;218,188;219,12,True,2,1.6,2
352,351,3,9,24;109;117;148;152;171;182;253;298,25;110;118;149;153;172;183;254;299,31,True,5,-1.5555555555555556,6
353,352,3,9,71;88;155;200;211;270;304;330;335,72;89;156;201;212;271;305;331;336,31,True,2,-1.5555555555555556,3
354,353,3,4,3;122;225;317,4;123;226;318,19,True,3,2.533333333333333,3
355,354,3,9,32;47;61;186;196;231;250;308;346,33;48;62;187;197;232;251;309;347,35,True,5,-1.0222222222222221,6
356,355,3,6,30;62;90;190;218;336,31;63;91;191;219;337,25,True,3,-2.3555555555555556,4
357,356,3,7,12;60;187;189;218;226;303,13;61;188;190;219;227;304,28,True,4,-1.9555555555555555,5
358,357,4,1,64,65,6,True,1,0.8,1
359,358,3,5,36;232;270;293;300,37;233;271;294;301,20,True,2,2.6666666666666665,2
360,359,4,1,254,255,6,True,0,0.8,1
361,360,4,2,124;171,125;172,12,True,2,1.6,3
362,361,4,1,241,242,6,True,0,0.8,0
363,362,3,9,4;66;79;82;126;145;258;271;296,5;67;80;83;127;146;259;272;297,35,True,5,-1.0222222222222221,6
364,363,4,1,212,213,6,True,2,0.8,3
365,364,3,3,7;49;216,8;50;217,17,True,2,2.2666666666666666,2
366,365,4,1,307,308,6,True,1,0.8,1
367,366,3,4,202;224;231;270,203;225;232;271,19,True,4,2.533333333333333,5
368,367,3,5,57;76;77;108;127,58;77;78;109;128,22,True,3,-2.7555555555555555,3
369,368,4,2,12;44,13;45,12,True,2,1.6,2
370,369,4,1,30,31,6,True,1,0.8,1
371,370,3,7,5;84;130;156;183;197;332,6;85;131;157;184;198;333,30,True,4,-1.6888888888888889,4
372,371,4,1,6,7,6,True,1,0.8,1
373,372,4,1,131,132,6,True,1,0.8,1
374,373,4,1,143,144,6,True,2,0.8,3
375,374,3,6,83;119;170;182;277;314,84;120;171;183;278;315,26,True,4,-2.2222222222222223,4
376,375,3,11,8;130;185;186;192;198;224;253;296;320;356,9;131;186;187;193;199;225;254;297;321;357,33,True,5,-1.288888888888889,5
377,376,3,8,29;36;122;203;233;237;263;359,30;37;123;204;234;238;264;360,33,True,3,-1.288888888888889,4
378,377,3,6,38;59;110;169;250;373,39;60;111;170;251;374,22,True,3,-2.7555555555555555,4
379,378,3,6,29;117;152;222;265;351,30;118;153;223;266;352,23,True,3,-2.6222222222222222,4
380,379,4,1,195,196,6,True,1,0.8,1
381,380,3,7,27;35;72;144;185;187;236,28;36;73;145;186;188;237,31,True,4,-1.5555555555555556,5
382,381,3,14,45;68;71;177;178;184;254;270;295;312;352;358;359;361,46;69;72;178;179;185;255;271;296;313;353;359;360;362,37,True,6,-0.7555555555555555,7
383,382,3,9,6;50;106;130;227;255;323;361;371,7;51;107;131;228;256;324;362;372,30,True,4,-1.6888888888888889,5
384,383,4,1,89,90,6,True,1,0.8,1
385,384,4,1,93,94,6,True,1,0.8,1
386,385,3,4,18;42;242;363,19;43;243;364,19,True,4,2.533333333333333,4
387,386,4,2,49;195,50;196,11,True,0,1.4666666666666666,0
388,387,3,11,27;29;36;95;152;168;208;273;341;342;343,28;30;37;96;153;169;209;274;342;343;344,36,True,5,-0.8888888888888888,6
389,388,4,1,293,294,6,True,0,0.8,0
390,389,4,1,133,134,6,True,0,0.8,0
391,390,3,12,9;38;55;122;138;150;216;233;247;263;328;383,10;39;56;123;139;151;217;234;248;264;329;384,39,True,6,-0.4888888888888889,7
392,391,4,2,138;317,139;318,11,True,0,1.4666666666666666,1
393,392,4,1,291,292,6,True,0,0.8,0
394,393,4,1,240,241,6,True,1,0.8,1
395,394,3,9,27;70;76;115;206;214;299;349;376,28;71;77;116;207;215;300;350;377,33,True,5,-1.288888888888889,6
396,395,4,1,219,220,6,True,1,0.8,1
397,396,3,11,94;105;111;161;183;208;283;292;318;321;387,95;106;112;162;184;209;284;293;319;322;388,33,True,5,-1.288888888888889,6
398,397,4,1,211,212,6,True,0,0.8,0
399,398,4,2,194;345,195;346,11,True,1,1.4666666666666666,1
400,399,4,2,243;329,244;330,11,True,0,1.4666666666666666,0
401,400,3,8,95;149;158;220;264;272;313;393,96;150;159;221;265;273;314;394,30,True,4,-1.6888888888888889,5
402,401,4,4,21;212;261;283,22;213;262;284,19,True,3,2.533333333333333,3
403,402,3,7,69;70;117;165;225;227;353,70;71;118;166;226;228;354,26,True,4,-2.2222222222222223,4
404,403,3,10,56;106;135;138;210;234;280;357;382;391,57;107;136;139;211;235;281;358;383;392,36,True,6,-0.8888888888888888,7
405,404,3,9,58;81;209;213;221;254;270;349;359,59;82;210;214;222;255;271;350;360,32,True,4,-1.4222222222222223,5
406,405,3,11,7;25;36;50;51;57;58;115;151;206;380,8;26;37;51;52;58;59;116;152;207;381,36,True,5,-0.8888888888888888,6
407,406,3,12,24;54;79;130;166;167;260;267;272;287;311;385,25;55;80;131;167;168;261;268;273;288;312;386,38,True,5,-0.6222222222222222,6
408,407,3,9,16;39;40;57;98;191;244;251;349,17;40;41;58;99;192;245;252;350,31,True,3,-1.5555555555555556,3
409,408,3,6,38;199;234;235;270;339,39;200;235;236;271;340,27,True,5,-2.088888888888889,6
410,409,3,13,2;14;21;55;98;107;147;154;181;245;257;358;379,3;15;22;56;99;108;148;155;182;246;258;359;380,39,True,6,-0.4888888888888889,7
411,410,4,1,73,74,6,True,1,0.8,1
412,411,4,2,135;174,136;175,11,True,2,1.4666666666666666,2
413,412,3,9,11;33;59;86;130;160;197;259;276,12;34;60;87;131;161;198;260;277,31,True,6,-1.5555555555555556,6
414,413,3,6,7;180;182;183;238;344,8;181;183;184;239;345,26,True,5,-2.2222222222222223,5
415,414,4,1,50,51,6,True,1,0.8,1
416,415,3,9,80;88;102;123;126;216;325;352;389,81;89;103;124;127;217;326;353;390,31,True,4,-1.5555555555555556,4
417,416,3,3,22;226;319,23;227;320,15,True,3,2.0,3
418,417,3,13,26;70;110;126;200;213;227;256;259;269;333;346;349,27;71;111;127;201;214;228;257;260;270;334;347;350,36,True,5,-0.8888888888888888,6
419,418,4,1,374,375,6,True,0,0.8,0
420,419,3,5,114;119;170;303;376,115;120;171;304;377,21,True,5,2.8,5
421,420,3,10,107;116;158;171;238;262;331;343;378;386,108;117;159;172;239;263;332;344;379;387,35,True,6,-1.0222222222222221,7
422,421,4,1,163,164,6,True,0,0.8,0
423,422,3,13,8;32;69;83;131;180;220;242;253;273;286;314;341,9;33;70;84;132;181;221;243;254;274;287;315;342,36,True,5,-0.8888888888888888,6
424,423,4,1,263,264,6,True,1,0.8,1
425,424,3,14,51;117;163;208;231;273;316;331;387;395;405;418;420;421,52;118;164;209;232;274;317;332;388;396;406;419;421;422,39,True,5,-0.4888888888888889,6
426,425,3,7,45;53;56;131;202;258;289,46;54;57;132;203;259;290,32,True,5,-1.4222222222222223,5
427,426,3,7,9;22;72;95;179;272;333,10;23;73;96;180;273;334,28,True,3,-1.9555555555555555,4
428,427,4,1,284,285,6,True,2,0.8,2
429,428,3,8,38;49;142;195;210;260;353;390,39;50;143;196;211;261;354;391,30,True,3,-1.6888888888888889,4
430,429,3,5,84;129;132;160;345,85;130;133;161;346,22,True,2,-2.7555555555555555,3
431,430,3,9,15;142;159;173;203;223;295;306;410,16;143;160;174;204;224;296;307;411,32,True,5,-1.4222222222222223,6
432,431,4,1,283,284,6,True,1,0.8,1
433,432,3,16,12;35;51;72;82;138;145;201;213;278;309;312;316;317;333;362,13;36;52;73;83;139;146;202;214;279;310;313;317;318;334;363,42,True,6,-0.08888888888888889,7
434,433,3,7,1;41;78;110;157;250;315,2;42;79;111;158;251;316,28,True,4,-1.9555555555555555,4
435,434,3,15,81;92;145;173;209;211;213;221;234;285;289;301;348;349;404,82;93;146;174;210;212;214;222;235;286;290;302;349;350;405,39,True,4,-0.4888888888888889,5
436,435,3,6,44;248;283;296;303;335,45;249;284;297;304;336,27,True,3,-2.088888888888889,4
437,436,3,4,173;342;408;417,174;343;409;418,22,True,2,-2.7555555555555555,3
438,437,3,10,5;51;57;71;90;163;201;239;264;353,6;52;58;72;91;164;202;240;265;354,33,True,6,-1.288888888888889,7
439,438,3,7,48;90;270;300;312;340;401,49;91;271;301;313;341;402,29,True,3,-1.8222222222222222,3
440,439,4,2,55;415,56;416,12,True,2,1.6,2
441,440,5,1,117,118,6,True,0,0.8,0
442,441,3,9,31;36;121;288;306;310;344;429;430,32;37;122;289;307;311;345;430;431,37,True,6,-0.7555555555555555,6
443,442,4,1,351,352,6,True,1,0.8,1
444,443,3,12,32;83;118;120;186;231;242;297;330;359;386;398,33;84;119;121;187;232;243;298;331;360;387;399,39,True,6,-0.4888888888888889,7
445,444,4,2,41;315,42;316,11,True,2,1.4666666666666666,3
446,445,4,1,368,369,6,True,1,0.8,1
447,446,3,9,114;178;204;219;274;288;363;395;411,115;179;205;220;275;289;364;396;412,31,True,5,-1.5555555555555556,6
448,447,3,9,53;66;125;209;216;293;380;388;399,54;67;126;210;217;294;381;389;400,32,True,5,-1.4222222222222223,6
449,448,3,11,33;126;145;160;182;249;271;285;347;362;410,34;127;146;161;183;250;272;286;348;363;411,37,True,6,-0.7555555555555555,7
450,449,3,12,27;35;41;45;127;134;168;219;223;336;369;395,28;36;42;46;128;135;169;220;224;337;370;396,39,True,6,-0.4888888888888889,7
451,450,3,12,3;32;42;85;154;181;186;226;252;256;339;409,4;33;43;86;155;182;187;227;253;257;340;410,37,True,6,-0.7555555555555555,7
452,451,3,9,61;79;88;121;254;260;284;427;438,62;80;89;122;255;261;285;428;439,33,True,3,-1.288888888888889,4
453,452,3,9,20;105;176;190;282;290;292;306;430,21;106;177;191;283;291;293;307;431,30,True,5,-1.6888888888888889,5
454,453,3,10,5;14;16;58;106;183;260;289;404;451,6;15;17;59;107;184;261;290;405;452,35,True,5,-1.0222222222222221,6
455,454,3,10,162;182;244;314;338;351;374;400;442;448,163;183;245;315;339;352;375;401;443;449,40,True,6,-0.35555555555555557,7
456,455,4,3,157;219;224,158;220;225,12,True,1,1.6,1
457,456,4,1,178,179,6,True,0,0.8,0
458,457,3,7,1;20;36;271;305;425;452,2;21;37;272;306;426;453,26,True,4,-2.2222222222222223,5
459,458,3,10,17;33;65;113;120;323;358;386;409;420,18;34;66;114;121;324;359;387;410;421,37,True,6,-0.7555555555555555,7
460,459,3,14,32;58;65;120;147;186;208;233;240;281;360;379;386;443,33;59;66;121;148;187;209;234;241;282;361;380;387;444,39,True,6,-0.4888888888888889,7
461,460,3,13,44;121;123;139;143;156;192;250;296;368;419;435;444,45;122;124;140;144;157;193;251;297;369;420;436;445,39,True,6,-0.4888888888888889,7
462,461,3,16,34;35;48;55;111;192;207;212;219;235;261;387;395;396;424;439,35;36;49;56;112;193;208;213;220;236;262;388;396;397;425;440,43,True,6,0.044444444444444446,7
463,462,4,2,268;434,269;435,12,True,0,1.6,0
464,463,3,10,1;104;108;208;273;292;378;420;424;433,2;105;109;209;274;293;379;421;425;434,38,True,5,-0.6222222222222222,5
465,464,3,11,32;50;83;104;109;142;197;286;327;398;422,33;51;84;105;110;143;198;287;328;399;423,34,True,4,-1.1555555555555554,4
466,465,3,10,46;96;153;185;187;236;376;384;394;416,47;97;154;186;188;237;377;385;395;417,30,True,4,-1.6888888888888889,5
467,466,3,5,120;327;398;443;458,121;328;399;444;459,24,True,5,-2.488888888888889,5
468,467,3,11,14;66;102;183;204;243;260;303;348;364;453,15;67;103;184;205;244;261;304;349;365;454,32,True,4,-1.4222222222222223,4
469,468,3,12,27;39;46;139;177;236;301;334;373;383;418;460,28;40;47;140;178;237;302;335;374;384;419;461,35,True,5,-1.0222222222222221,5
470,469,3,8,13;116;158;234;235;242;265;408,14;117;159;235;236;243;266;409,33,True,4,-1.288888888888889,5
471,470,3,14,5;68;105;136;155;164;217;240;304;345;352;381;398;412,6;69;106;137;156;165;218;241;305;346;353;382;399;413,37,True,3,-0.7555555555555555,3
472,471,4,1,59,60,6,True,2,0.8,2
473,472,3,10,7;47;65;175;244;253;261;279;326;387,8;48;66;176;245;254;262;280;327;388,34,True,6,-1.1555555555555554,7
474,473,4,1,85,86,6,True,1,0.8,1
475,474,3,12,23;111;113;158;192;283;285;290;292;315;396;431,24;112;114;159;193;284;286;291;293;316;397;432,37,True,5,-0.7555555555555555,6
476,475,4,1,293,294,6,True,2,0.8,2
477,476,3,8,46;244;260;265;277;300;451;468,47;245;261;266;278;301;452;469,30,True,4,-1.6888888888888889,5
478,477,4,2,230;356,231;357,11,True,2,1.4666666666666666,2
479,478,3,14,19;38;77;150;159;222;250;278;322;333;334;377;426;471,20;39;78;151;160;223;251;279;323;334;335;378;427;472,39,True,5,-0.4888888888888889,6
480,479,3,9,28;30;62;228;249;355;360;375;457,29;31;63;229;250;356;361;376;458,33,True,4,-1.288888888888889,5
481,480,3,11,15;56;118;127;168;231;282;294;343;348;439,16;57;119;128;169;232;283;295;344;349;440,37,True,4,-0.7555555555555555,5
482,481,3,13,1;5;33;63;89;124;132;271;281;306;360;410;448,2;6;34;64;90;125;133;272;282;307;361;411;449,38,True,5,-0.6222222222222222,6
483,482,4,1,361,362,6,True,1,0.8,1
484,483,3,16,50;70;83;121;238;243;247;310;314;344;402;418;422;428;440;464,51;71;84;122;239;244;248;311;315;345;403;419;423;429;441;465,39,True,6,-0.4888888888888889,7
485,484,4,2,101;263,102;264,12,True,5,1.6,5
486,485,3,13,9;47;54;72;102;144;166;167;193;228;235;317;426,10;48;55;73;103;145;167;168;194;229;236;318;427,41,True,6,-0.2222222222222222,7
487,486,3,14,7;13;36;63;115;129;162;185;187;206;360;405;413;442,8;14;37;64;116;130;163;186;188;207;361;406;414;443,38,True,5,-0.6222222222222222,6
488,487,4,1,375,376,6,True,0,0.8,0
489,488,4,1,303,304,6,True,1,0.8,1
490,489,4,1,52,53,6,True,1,0.8,1
491,490,3,14,7;24;25;35;77;89;110;126;163;215;222;364;387;415,8;25;26;36;78;90;111;127;164;216;223;365;388;416,40,True,5,-0.35555555555555557,6
492,491,4,3,30;60;228,31;61;229,15,True,1,2.0,1
493,492,4,2,235;379,236;380,9,True,2,1.2,2
494,493,3,12,27;144;175;219;221;234;235;408;434;436;473;485,28;145;176;220;222;235;236;409;435;437;474;486,38,True,5,-0.6222222222222222,6
495,494,3,15,24;39;61;69;103;215;222;284;296;333;355;365;427;460;468,25;40;62;70;104;216;223;285;297;334;356;366;428;461;469,40,True,6,-0.35555555555555557,7
496,495,3,9,117;145;158;182;346;440;454;466;469,118;146;159;183;347;441;455;467;470,29,True,4,-1.8222222222222222,5
497,496,3,7,52;59;211;369;471;473;481,53;60;212;370;472;474;482,27,True,3,-2.088888888888889,4
498,497,3,10,41;110;194;250;254;354;359;398;433;443,42;111;195;251;255;355;360;399;434;444,38,True,3,-0.6222222222222222,4
499,498,3,7,53;174;239;274;290;349;471,54;175;240;275;291;350;472,28,True,4,-1.9555555555555555,5
500,499,3,16,41;45;63;126;134;217;221;275;298;336;360;361;404;457;479;492,42;46;64;127;135;218;222;276;299;337;361;362;405;458;480;493,41,True,4,-0.2222222222222222,5
501,500,4,1,213,214,6,True,0,0.8,0
502,501,4,1,343,344,6,True,2,0.8,2
503,502,3,10,94;135;161;233;263;297;379;409;440;483,95;136;162;234;264;298;380;410;441;484,33,True,6,-1.288888888888889,7
504,503,4,2,109;351,110;352,11,True,3,1.4666666666666666,3
505,504,3,14,25;32;93;135;193;226;331;346;354;377;414;416;417;421,26;33;94;136;194;227;332;347;355;378;415;417;418;422,37,True,5,-0.7555555555555555,6
506,505,4,1,126,127,6,True,0,0.8,0
507,506,3,11,93;98;164;173;203;266;368;384;408;416;427,94;99;165;174;204;267;369;385;409;417;428,34,True,5,-1.1555555555555554,6
508,507,4,3,33;211;285,34;212;286,16,True,2,2.1333333333333333,3
509,508,4,1,95,96,6,True,0,0.8,0
510,509,4,1,141,142,6,True,2,0.8,2
511,510,4,1,507,508,6,True,0,0.8,0
512,511,3,11,6;82;100;133;252;289;291;371;389;392;429,7;83;101;134;253;290;292;372;390;393;430,35,True,3,-1.0222222222222221,4
513,512,3,13,72;107;152;158;224;229;270;298;331;335;366;371;495,73;108;153;159;225;230;271;299;332;336;367;372;496,35,True,6,-1.0222222222222221,7
514,513,3,9,54;305;307;319;404;425;457;479;499,55;306;308;320;405;426;458;480;500,33,True,4,-1.288888888888889,5
515,514,4,1,395,396,6,True,0,0.8,0
516,515,3,11,35;50;86;100;170;178;260;280;413;414;476,36;51;87;101;171;179;261;281;414;415;477,35,True,5,-1.0222222222222221,6
517,516,3,7,25;77;215;249;414;479;497,26;78;216;250;415;480;498,29,True,2,-1.8222222222222222,3
518,517,4,1,288,289,6,True,2,0.8,2
519,518,3,11,20;61;121;176;181;258;303;306;363;441;452,21;62;122;177;182;259;304;307;364;442;453,37,True,5,-0.7555555555555555,6
520,519,3,13,19;38;39;85;177;240;261;339;407;435;460;468;494,20;39;40;86;178;241;262;340;408;436;461;469;495,39,True,6,-0.4888888888888889,7
521,520,3,15,89;126;233;258;263;311;362;383;423;442;469;492;495;502;505,90;127;234;259;264;312;363;384;424;443;470;493;496;503;506,37,True,4,-0.7555555555555555,5
522,521,3,12,24;67;73;77;108;111;127;291;322;367;385;410,25;68;74;78;109;112;128;292;323;368;386;411,37,True,6,-0.7555555555555555,7
523,522,3,14,200;236;259;281;285;337;346;349;417;471;487;496;498;512,201;237;260;282;286;338;347;350;418;472;488;497;499;513,39,True,5,-0.4888888888888889,6
524,523,3,11,16;185;192;236;263;285;295;383;469;486;520,17;186;193;237;264;286;296;384;470;487;521,34,True,6,-1.1555555555555554,7
525,524,4,1,437,438,6,True,2,0.8,2
526,525,4,2,163;194,164;195,11,True,3,1.4666666666666666,3
527,526,3,18,30;53;90;97;135;137;174;200;217;228;274;275;325;348;369;411;415;491,31;54;91;98;136;138;175;201;218;229;275;276;326;349;370;412;416;492,41,True,5,-0.2222222222222222,6
528,527,3,7,104;106;319;397;453;507;510,105;107;320;398;454;508;511,28,True,3,-1.9555555555555555,4
529,528,4,1,179,180,6,True,1,0.8,1
530,529,3,13,4;130;183;188;209;223;255;269;291;348;370;382;396,5;131;184;189;210;224;256;270;292;349;371;383;397,40,True,6,-0.35555555555555557,7
531,530,3,17,1;5;71;84;112;124;155;217;264;304;320;326;433;437;463;481;513,2;6;72;85;113;125;156;218;265;305;321;327;434;438;464;482;514,41,True,6,-0.2222222222222222,7
532,531,3,18,45;54;107;162;205;255;270;293;298;358;361;400;475;499;503;508;512;513,46;55;108;163;206;256;271;294;299;359;362;401;476;500;504;509;513;514,41,True,5,-0.2222222222222222,6
533,532,3,13,5;57;90;98;108;124;237;370;437;463;497;525;530,6;58;91;99;109;125;238;371;438;464;498;526;531,36,True,6,-0.8888888888888888,6
534,533,3,9,47;56;292;293;308;331;348;436;447,48;57;293;294;309;332;349;437;448,32,True,6,-1.4222222222222223,6
535,534,4,2,48;340,49;341,11,True,1,1.4666666666666666,2
536,535,3,18,64;68;69;131;174;178;193;202;212;239;247;274;363;372;391;411;446;515,65;69;70;132;175;179;194;203;213;240;248;275;364;373;392;412;447;516,39,True,5,-0.4888888888888889,5
537,536,3,17,24;53;73;77;189;192;290;291;301;305;322;337;452;468;478;494;521,25;54;74;78;190;193;291;292;302;306;323;338;453;469;479;495;522,41,True,6,-0.2222222222222222,6
538,537,3,5,87;121;128;250;472,88;122;129;251;473,21,True,1,2.8,2
539,538,4,4,21;282;292;452,22;283;293;453,19,True,2,2.533333333333333,2
540,539,4,1,168,169,6,True,0,0.8,0
541,540,4,1,153,154,6,True,0,0.8,0
542,541,4,1,418,419,6,True,0,0.8,0
543,542,3,13,59;94;114;154;172;198;231;310;320;335;352;366;416,60;95;115;155;173;199;232;311;321;336;353;367;417,36,True,4,-0.8888888888888888,5
544,543,4,1,424,425,6,True,0,0.8,1
545,544,4,1,228,229,6,True,1,0.8,1
546,545,4,1,171,172,6,True,0,0.8,0
547,546,4,1,95,96,6,True,1,0.8,1
548,547,3,10,39;83;97;135;160;378;427;464;483;502,40;84;98;136;161;379;428;465;484;503,34,True,5,-1.1555555555555554,5
549,548,3,14,2;18;101;181;290;315;327;358;363;385;445;484;507;527,3;19;102;182;291;316;328;359;364;386;446;485;508;528,38,True,5,-0.6222222222222222,6
550,549,4,2,43;90,44;91,11,True,1,1.4666666666666666,1
551,550,3,9,11;27;97;100;214;337;342;436;526,12;28;98;101;215;338;343;437;527,33,True,4,-1.288888888888889,5
552,551,4,1,145,146,6,True,1,0.8,1
553,552,4,2,45;359,46;360,11,True,0,1.4666666666666666,0
554,553,4,1,222,223,6,True,0,0.8,0
555,554,4,1,498,499,6,True,0,0.8,0
556,555,4,1,237,238,6,True,1,0.8,1
557,556,3,10,20;121;134;142;194;398;441;451;497;537,21;122;135;143;195;399;442;452;498;538,35,True,4,-1.0222222222222221,5
558,557,4,3,89;219;455,90;220;456,18,True,3,2.4,4
559,558,3,14,6;61;68;73;247;260;286;366;373;387;428;483;490;537,7;62;69;74;248;261;287;367;374;388;429;484;491;538,38,True,6,-0.6222222222222222,7
560,559,3,8,12;198;325;327;363;367;477;548,13;199;326;328;364;368;478;549,31,True,4,-1.5555555555555556,5
561,560,3,8,52;110;124;299;345;481;496;523,53;111;125;300;346;482;497;524,33,True,4,-1.288888888888889,5
562,561,4,1,156,157,6,True,0,0.8,1
563,562,3,17,72;81;119;170;200;211;219;225;233;330;348;374;395;439;474;496;501,73;82;120;171;201;212;220;226;234;331;349;375;396;440;475;497;502,39,True,5,-0.4888888888888889,6
564,563,4,2,282;480,283;481,12,True,0,1.6,0
565,564,4,1,32,33,6,True,2,0.8,2
566,565,4,1,457,458,6,True,1,0.8,1
567,566,3,16,22;25;26;65;70;107;179;191;365;416;417;459;472;504;512;542,23;26;27;66;71;108;180;192;366;417;418;460;473;505;513;543,40,True,4,-0.35555555555555557,5
568,567,3,12,68;155;177;240;304;323;381;410;470;482;552;563,69;156;178;241;305;324;382;411;471;483;553;564,36,True,2,-0.8888888888888888,2
569,568,4,1,348,349,6,True,2,0.8,2
570,569,3,11,18;41;85;92;98;134;287;407;434;444;551,19;42;86;93;99;135;288;408;435;445;552,35,True,5,-1.0222222222222221,5
571,570,3,18,45;89;91;99;112;152;202;223;293;350;366;423;438;446;456;510;527;530,46;90;92;100;113;153;203;224;294;351;367;424;439;447;457;511;528;531,42,True,5,-0.08888888888888889,6
572,571,4,1,212,213,6,True,1,0.8,1
573,572,4,3,285;434;474,286;435;475,16,True,0,2.1333333333333333,1
574,573,3,24,25;41;52;87;116;171;180;213;219;221;238;242;313;318;336;369;417;449;455;489;500;508;545;557,26;42;53;88;117;172;181;214;220;222;239;243;314;319;337;370;418;450;456;490;501;509;546;558,43,True,6,0.044444444444444446,7
575,574,4,1,61,62,6,True,1,0.8,1
576,575,3,15,105;125;173;176;180;184;209;221;318;436;447;452;488;489;573,106;126;174;177;181;185;210;222;319;437;448;453;489;490;574,38,True,6,-0.6222222222222222,7
577,576,3,10,78;131;164;239;277;374;395;482;524;567,79;132;165;240;278;375;396;483;525;568,36,True,6,-0.8888888888888888,6
578,577,4,1,38,39,6,True,0,0.8,0
579,578,3,14,75;94;104;109;197;230;259;323;337;363;464;518;527;554,76;95;105;110;198;231;260;324;338;364;465;519;528;555,40,True,6,-0.35555555555555557,7
580,579,4,2,214;561,215;562,12,True,2,1.6,2
581,580,3,6,31;81;229;230;245;531,32;82;230;231;246;532,28,True,5,-1.9555555555555555,6
582,581,4,1,336,337,6,True,1,0.8,1
583,582,4,3,14;467;507,15;468;508,15,True,2,2.0,2
584,583,3,16,30;55;58;95;104;202;216;249;271;423;425;447;457;479;513;546,31;56;59;96;105;203;217;250;272;424;426;448;458;480;514;547,42,True,6,-0.08888888888888889,7
585,584,3,13,19;33;111;123;159;160;305;306;410;412;415;448;478,20;34;112;124;160;161;306;307;411;413;416;449;479,35,True,5,-1.0222222222222221,6
586,585,4,1,240,241,6,True,1,0.8,1
587,586,4,1,180,181,6,True,3,0.8,3
588,587,4,1,207,208,6,True,1,0.8,1
589,588,3,11,50;60;76;206;226;356;414;487;489;516;576,51;61;77;207;227;357;415;488;490;517;577,35,True,3,-1.0222222222222221,4
590,589,3,9,19;22;43;53;135;251;283;319;425,20;23;44;54;136;252;284;320;426,33,True,6,-1.288888888888889,7
591,590,3,17,44;59;63;88;105;128;136;196;198;299;303;369;435;445;451;496;524,45;60;64;89;106;129;137;197;199;300;304;370;436;446;452;497;525,38,True,5,-0.6222222222222222,5
592,591,3,24,19;46;53;61;69;174;190;236;258;274;290;303;333;339;419;425;435;445;465;488;498;518;519;589,20;47;54;62;70;175;191;237;259;275;291;304;334;340;420;426;436;446;466;489;499;519;520;590,45,False,6,0.3111111111111111,7
593,592,3,10,75;115;145;200;233;312;327;346;419;421,76;116;146;201;234;313;328;347;420;422,34,True,5,-1.1555555555555554,6
594,593,3,11,58;78;106;173;232;300;425;434;453;476;534,59;79;107;174;233;301;426;435;454;477;535,37,True,5,-0.7555555555555555,6
595,594,4,2,150;468,151;469,12,True,1,1.6,1
596,595,3,10,16;102;241;275;376;453;520;549;557;589,17;103;242;276;377;454;521;550;558;590,33,True,6,-1.288888888888889,7
597,596,3,12,65;73;87;204;256;281;417;459;500;509;566;574,66;74;88;205;257;282;418;460;501;510;567;575,37,True,5,-0.7555555555555555,6
598,597,3,14,41;232;280;361;433;444;449;457;479;482;497;516;569;595,42;233;281;362;434;445;450;458;480;483;498;517;570;596,37,True,5,-0.7555555555555555,6
599,598,4,2,106;453,107;454,12,True,2,1.6,3
600,599,3,13,71;90;152;171;288;313;336;351;355;378;508;509;578,72;91;153;172;289;314;337;352;356;379;509;510;579,40,True,6,-0.35555555555555557,6
601,600,4,2,230;351,231;352,11,True,3,1.4666666666666666,3
602,601,3,12,3;116;146;171;188;238;241;253;318;508;573;577,4;117;147;172;189;239;242;254;319;509;574;578,37,True,5,-0.7555555555555555,5
603,602,4,2,258;591,259;592,11,True,1,1.4666666666666666,2
604,603,4,1,564,565,6,True,1,0.8,1
605,604,3,15,14;148;149;158;180;183;184;209;226;292;321;324;538;575;586,15;149;150;159;181;184;185;210;227;293;322;325;539;576;587,39,True,6,-0.4888888888888889,7
606,605,4,1,300,301,6,True,0,0.8,0
607,606,4,1,200,201,6,True,2,0.8,2
608,607,4,1,591,592,6,True,1,0.8,1
609,608,3,15,8;22;69;185;190;192;218;236;290;305;341;375;422;426;443,9;23;70;186;191;193;219;237;291;306;342;376;423;427;444,41,True,6,-0.2222222222222222,7
610,609,3,20,8;22;29;54;95;160;182;236;271;341;375;426;457;487;489;495;520;545;565;583,9;23;30;55;96;161;183;237;272;342;376;427;458;488;490;496;521;546;566;584,43,True,5,0.044444444444444446,6
611,610,4,1,20,21,6,True,0,0.8,0
612,611,4,1,493,494,6,True,0,0.8,0
613,612,3,7,10;28;32;40;115;251;604,11;29;33;41;116;252;605,27,True,2,-2.088888888888889,3
614,613,4,1,437,438,6,True,0,0.8,0
615,614,3,16,8;12;54;55;58;60;208;228;305;422;479;528;544;583;608;609,9;13;55;56;59;61;209;229;306;423;480;529;545;584;609;610,41,True,6,-0.2222222222222222,7
616,615,4,2,42;457,43;458,12,True,1,1.6,1
617,616,3,21,23;29;94;156;165;178;181;246;285;290;307;335;346;396;444;457;474;499;561;565;572,24;30;95;157;166;179;182;247;286;291;308;336;347;397;445;458;475;500;562;566;573,42,True,6,-0.08888888888888889,7
618,617,4,1,311,312,6,True,0,0.8,0
619,618,4,1,519,520,6,True,1,0.8,1
620,619,4,1,519,520,6,True,0,0.8,1
621,620,4,1,9,10,6,True,0,0.8,1
622,621,4,2,184;399,185;400,12,True,3,1.6,3
623,622,3,14,139;158;180;238;328;344;393;400;413;418;422;475;483;586,140;159;181;239;329;345;394;401;414;419;423;476;484;587,35,True,5,-1.0222222222222221,6
624,623,4,3,412;445;584,413;446;585,18,True,4,2.4,5
625,624,3,19,37;40;45;130;146;157;195;223;224;366;371;446;455;456;514;531;564;570;603,38;41;46;131;147;158;196;224;225;367;372;447;456;457;515;532;565;571;604,43,True,5,0.044444444444444446,6
626,625,3,12,39;97;137;160;291;305;312;445;526;547;551;606,40;98;138;161;292;306;313;446;527;548;552;607,39,True,6,-0.4888888888888889,6
627,626,4,1,342,343,6,True,1,0.8,1
628,627,4,1,431,432,6,True,0,0.8,1
629,628,4,2,100;456,101;457,12,True,0,1.6,1
630,629,3,13,43;61;70;121;129;175;231;251;354;401;497;539;549,44;62;71;122;130;176;232;252;355;402;498;540;550,39,True,6,-0.4888888888888889,7
631,630,4,1,95,96,6,True,2,0.8,3
632,631,4,2,116;238,117;239,11,True,2,1.4666666666666666,2
633,632,3,5,42;64;74;77;422,43;65;75;78;423,24,True,1,-2.488888888888889,2
634,633,4,1,198,199,6,True,0,0.8,0
635,634,4,1,617,618,6,True,1,0.8,1
636,635,4,1,78,79,6,True,0,0.8,0
637,636,4,1,97,98,6,True,1,0.8,2
638,637,3,15,13;15;38;51;76;93;201;244;279;289;367;428;437;469;577,14;16;39;52;77;94;202;245;280;290;368;429;438;470;578,39,True,5,-0.4888888888888889,6
639,638,3,18,66;108;111;183;188;209;267;273;292;340;378;396;431;529;538;543;547;577,67;109;112;184;189;210;268;274;293;341;379;397;432;530;539;544;548;578,42,True,6,-0.08888888888888889,7
640,639,3,11,13;76;98;191;210;307;367;414;502;547;588,14;77;99;192;211;308;368;415;503;548;589,38,True,5,-0.6222222222222222,5
641,640,5,1,64,65,6,True,2,0.8,2
642,641,4,2,357;571,358;572,12,True,2,1.6,2
643,642,4,1,290,291,6,True,0,0.8,0
644,643,3,13,14;33;58;111;260;292;383;404;409;453;507;510;533,15;34;59;112;261;293;384;405;410;454;508;511;534,39,True,5,-0.4888888888888889,5
645,644,3,11,23;85;140;200;225;233;473;544;592;610;616,24;86;141;201;226;234;474;545;593;611;617,34,True,3,-1.1555555555555554,4
646,645,4,1,304,305,6,True,0,0.8,0
647,646,3,7,86;284;313;393;400;516;627,87;285;314;394;401;517;628,28,True,2,-1.9555555555555555,2
648,647,3,10,98;254;307;335;361;365;368;404;513;532,99;255;308;336;362;366;369;405;514;533,32,True,3,-1.4222222222222223,3
649,648,4,2,468;629,469;630,11,True,2,1.4666666666666666,2
650,649,3,9,96;112;149;266;276;289;319;527;539,97;113;150;267;277;290;320;528;540,33,True,5,-1.288888888888889,5
651,650,3,14,15;33;160;207;249;266;278;281;386;412;448;481;562;613,16;34;161;208;250;267;279;282;387;413;449;482;563;614,37,True,3,-0.7555555555555555,4
652,651,4,4,51;163;437;525,52;164;438;526,19,True,2,2.533333333333333,3
653,652,4,1,448,449,6,True,1,0.8,1
654,653,3,19,19;22;43;48;193;255;265;333;366;416;421;432;438;485;512;542;566;589;606,20;23;44;49;194;256;266;334;367;417;422;433;439;486;513;543;567;590;607,41,True,6,-0.2222222222222222,6
655,654,5,1,472,473,6,True,0,0.8,0
656,655,4,1,16,17,6,True,1,0.8,1
657,656,4,1,364,365,6,True,0,0.8,0
658,657,3,17,19;61;69;168;186;195;240;275;333;341;354;359;386;459;558;574;626,20;62;70;169;187;196;241;276;334;342;355;360;387;460;559;575;627,41,True,6,-0.2222222222222222,7
659,658,4,1,253,254,6,True,1,0.8,1
660,659,4,1,130,131,6,True,0,0.8,1
661,660,3,12,10;113;194;202;229;276;326;331;463;466;525;608,11;114;195;203;230;277;327;332;464;467;526;609,38,True,5,-0.6222222222222222,6
662,661,4,2,145;312,146;313,11,True,1,1.4666666666666666,1
663,662,3,14,107;120;139;164;191;229;265;298;402;416;476;506;515;580,108;121;140;165;192;230;266;299;403;417;477;507;516;581,36,True,6,-0.8888888888888888,7
664,663,3,13,69;129;165;185;248;289;291;302;319;347;392;539;581,70;130;166;186;249;290;292;303;320;348;393;540;582,38,True,6,-0.6222222222222222,7
665,664,3,19,10;30;45;58;105;117;155;196;211;264;304;369;398;440;443;470;493;496;590,11;31;46;59;106;118;156;197;212;265;305;370;399;441;444;471;494;497;591,40,True,6,-0.35555555555555557,7
666,665,3,17,22;43;90;93;200;201;229;237;294;327;416;421;437;544;592;653;662,23;44;91;94;201;202;230;238;295;328;417;422;438;545;593;654;663,42,True,6,-0.08888888888888889,7
667,666,4,2,72;233,73;234,12,True,2,1.6,3
668,667,4,1,373,374,6,True,1,0.8,1
669,668,4,2,79;311,80;312,12,True,1,1.6,1
670,669,3,15,24;53;81;90;110;187;209;291;350;425;438;447;505;575;589,25;54;82;91;111;188;210;292;351;426;439;448;506;576;590,42,True,6,-0.08888888888888889,7
671,670,4,1,461,462,6,True,0,0.8,1
672,671,3,10,31;78;195;300;379;386;420;580;593;605,32;79;196;301;380;387;421;581;594;606,34,True,5,-1.1555555555555554,6
673,672,3,12,47;54;85;96;113;175;253;283;460;630;654;658,48;55;86;97;114;176;254;284;461;631;655;659,36,True,6,-0.8888888888888888,7
674,673,4,1,57,58,6,True,2,0.8,2
675,674,3,15,4;56;208;245;258;262;316;331;420;425;459;533;564;627;671,5;57;209;246;259;263;317;332;421;426;460;534;565;628;672,43,True,6,0.044444444444444446,7
676,675,4,1,192,193,6,True,1,0.8,1
677,676,4,2,341;642,342;643,11,True,2,1.4666666666666666,2
678,677,4,1,239,240,6,True,1,0.8,1
679,678,4,2,191;566,192;567,12,True,0,1.6,0
680,679,4,1,511,512,6,True,1,0.8,1
681,680,3,18,118;120;124;127;186;224;242;268;302;323;385;386;420;443;458;466;501;659,119;121;125;128;187;225;243;269;303;324;386;387;421;444;459;467;502;660,42,True,6,-0.08888888888888889,7
682,681,3,12,24;25;77;91;237;334;400;406;497;532;551;630,25;26;78;92;238;335;401;407;498;533;552;631,37,True,5,-0.7555555555555555,6
683,682,4,1,41,42,6,True,0,0.8,0
684,683,4,1,233,234,6,True,0,0.8,0
685,684,4,1,374,375,6,True,0,0.8,0
686,685,4,2,16;251,17;252,12,True,0,1.6,0
687,686,4,1,260,261,6,True,0,0.8,0
688,687,3,14,36;151;177;236;319;347;376;392;394;465;468;501;541;594,37;152;178;237;320;348;377;393;395;466;469;502;542;595,41,True,6,-0.2222222222222222,6
689,688,3,15,117;227;307;336;378;402;413;414;441;483;499;508;547;599;639,118;228;308;337;379;403;414;415;442;484;500;509;548;600;640,40,True,6,-0.35555555555555557,7
690,689,3,13,61;67;123;216;251;279;294;303;314;329;415;488;590,62;68;124;217;252;280;295;304;315;330;416;489;591,37,True,5,-0.7555555555555555,6
691,690,3,14,8;58;148;173;201;265;326;340;453;454;545;589;593;598,9;59;149;174;202;266;327;341;454;455;546;590;594;599,38,True,5,-0.6222222222222222,6
692,691,4,2,169;315,170;316,10,True,2,1.3333333333333333,2
693,692,4,2,207;323,208;324,11,True,1,1.4666666666666666,1
694,693,3,19,100;109;115;149;255;297;310;328;344;376;418;421;429;441;464;502;621;666;687,101;110;116;150;256;298;311;329;345;377;419;422;430;442;465;503;622;667;688,41,True,5,-0.2222222222222222,6
695,694,4,1,686,687,6,True,0,0.8,0
696,695,4,1,340,341,6,True,2,0.8,2
697,696,4,2,295;430,296;431,11,True,1,1.4666666666666666,2
698,697,4,1,432,433,6,True,1,0.8,1
699,698,4,4,119;301;434;572,120;302;435;573,20,True,3,2.6666666666666665,3
700,699,3,11,22;52;71;124;171;227;355;372;475;513;647,23;53;72;125;172;228;356;373;476;514;648,35,True,4,-1.0222222222222221,5
701,700,4,3,163;525;556,164;526;557,15,True,2,2.0,3
702,701,4,1,67,68,6,True,2,0.8,2
703,702,3,13,5;51;91;152;234;340;407;434;532;534;569;635;651,6;52;92;153;235;341;408;435;533;535;570;636;652,39,True,4,-0.4888888888888889,5
704,703,4,1,664,665,6,True,0,0.8,0
705,704,3,15,100;124;185;236;319;350;392;501;513;527;560;628;631;660;687,101;125;186;237;320;351;393;502;514;528;561;629;632;661;688,43,True,6,0.044444444444444446,7
706,705,4,1,328,329,6,True,1,0.8,1
707,706,3,11,15;118;120;233;281;294;427;443;459;480;666,16;119;121;234;282;295;428;444;460;481;667,38,True,4,-0.6222222222222222,5
708,707,3,14,50;75;86;201;202;232;239;243;366;467;497;608;633;677,51;76;87;202;203;233;240;244;367;468;498;609;634;678,36,True,4,-0.8888888888888888,5
709,708,4,2,318;601,319;602,11,True,1,1.4666666666666666,1
710,709,3,15,20;117;167;190;193;228;317;357;391;440;452;478;584;608;664,21;118;168;191;194;229;318;358;392;441;453;479;585;609;665,41,True,6,-0.2222222222222222,7
711,710,4,1,173,174,6,True,1,0.8,1
712,711,3,22,169;189;192;196;219;239;260;280;284;287;308;368;373;395;411;444;462;515;576;662;675;691,170;190;193;197;220;240;261;281;285;288;309;369;374;396;412;445;463;516;577;663;676;692,42,True,6,-0.08888888888888889,7
713,712,4,1,439,440,6,True,0,0.8,1
714,713,3,16,42;69;133;151;165;178;282;307;309;402;413;414;515;615;616;688,43;70;134;152;166;179;283;308;310;403;414;415;516;616;617;689,40,True,5,-0.35555555555555557,6
715,714,3,28,1;11;16;33;37;49;76;100;111;126;195;216;221;260;263;285;301;383;428;492;493;505;523;527;550;579;611;655,2;12;17;34;38;50;77;101;112;127;196;217;222;261;264;286;302;384;429;493;494;506;524;528;551;580;612;656,45,False,6,0.3111111111111111,7
716,715,3,21,10;33;37;145;146;202;209;215;249;264;447;448;516;530;582;583;611;613;664;673;703,11;34;38;146;147;203;210;216;250;265;448;449;517;531;583;584;612;614;665;674;704,43,True,5,0.044444444444444446,6
717,716,4,1,519,520,6,True,1,0.8,1
718,717,4,2,297;658,298;659,10,True,0,1.3333333333333333,1
719,718,3,14,120;194;219;229;242;256;297;345;466;525;560;562;634;660,121;195;220;230;243;257;298;346;467;526;561;563;635;661,38,True,4,-0.6222222222222222,5
720,719,3,22,41;185;236;242;302;330;341;375;417;443;455;468;473;489;496;497;519;546;562;573;608;648,42;186;237;243;303;331;342;376;418;444;456;469;474;490;497;498;520;547;563;574;609;649,44,True,5,0.17777777777777778,6
721,720,4,1,128,129,6,True,1,0.8,1
722,721,4,1,288,289,6,True,1,0.8,1
723,722,4,1,333,334,6,True,0,0.8,0
724,723,4,2,30;664,31;665,12,True,1,1.6,1
725,724,4,2,125;221,126;222,10,True,2,1.3333333333333333,2
726,725,4,1,39,40,6,True,0,0.8,0
727,726,4,1,237,238,6,True,1,0.8,1
728,727,4,1,386,387,6,True,1,0.8,1
729,728,4,2,294;706,295;707,11,True,0,1.4666666666666666,1
730,729,5,1,555,556,6,True,0,0.8,0
731,730,3,21,20;50;64;106;118;131;133;174;186;227;323;357;382;391;403;414;417;459;535;565;640,21;51;65;107;119;132;134;175;187;228;324;358;383;392;404;415;418;460;536;566;641,43,True,6,0.044444444444444446,7
732,731,4,1,338,339,6,True,0,0.8,0
733,732,4,1,72,73,6,True,2,0.8,2
734,733,4,1,643,644,6,True,0,0.8,0
735,734,4,1,585,586,6,True,0,0.8,0
736,735,4,1,522,523,6,True,0,0.8,0
737,736,4,1,72,73,6,True,1,0.8,1
738,737,3,12,182;239;382;448;454;498;529;652;668;670;677;735,183;240;383;449;455;499;530;653;669;671;678;736,38,True,6,-0.6222222222222222,6
739,738,4,3,129;143;682,130;144;683,17,True,1,2.2666666666666666,1
740,739,3,18,37;78;108;110;148;171;195;378;433;436;463;547;599;638;669;673;688;714,38;79;109;111;149;172;196;379;434;437;464;548;600;639;670;674;689;715,42,True,5,-0.08888888888888889,6
741,740,4,1,330,331,6,True,1,0.8,1
742,741,3,23,75;84;94;103;109;117;220;231;307;336;346;351;366;400;422;495;503;508;513;531;544;681;726,76;85;95;104;110;118;221;232;308;337;347;352;367;401;423;496;504;509;514;532;545;682;727,42,True,6,-0.08888888888888889,7
743,742,3,17,1;85;153;177;236;244;280;285;357;457;458;468;473;594;619;687;735,2;86;154;178;237;245;281;286;358;458;459;469;474;595;620;688;736,39,True,6,-0.4888888888888889,7
744,743,5,1,422,423,6,True,0,0.8,0
745,744,3,25,64;83;105;131;149;158;180;276;306;314;321;357;400;422;452;538;567;576;586;604;622;632;640;730;737,65;84;106;132;150;159;181;277;307;315;322;358;401;423;453;539;568;577;587;605;623;633;641;731;738,43,True,6,0.044444444444444446,7
746,745,3,17,82;115;134;178;206;312;358;399;413;456;486;515;517;605;628;631;661,83;116;135;179;207;313;359;400;414;457;487;516;518;606;629;632;662,36,True,2,-0.8888888888888888,3
747,746,3,17,92;113;128;153;161;166;197;204;289;299;332;453;527;540;572;598;649,93;114;129;154;162;167;198;205;290;300;333;454;528;541;573;599;650,42,True,6,-0.08888888888888889,7
748,747,4,1,31,32,6,True,0,0.8,0
749,748,3,19,18;96;118;127;168;207;257;268;282;317;347;367;379;466;480;538;539;563;671,19;97;119;128;169;208;258;269;283;318;348;368;380;467;481;539;540;564;672,41,True,6,-0.2222222222222222,7
750,749,3,14,47;128;197;204;252;340;446;467;500;564;578;598;668;679,48;129;198;205;253;341;447;468;501;565;579;599;669;680,39,True,5,-0.4888888888888889,6
751,750,3,15,151;185;206;254;284;286;309;344;359;399;402;621;677;707;713,152;186;207;255;285;287;310;345;360;400;403;622;678;708;714,38,True,5,-0.6222222222222222,5
752,751,4,1,330,331,6,True,1,0.8,1
753,752,4,2,49;65,50;66,10,True,3,1.3333333333333333,4
754,753,3,16,66;86;88;146;172;243;308;314;318;380;399;467;646;707;724;750,67;87;89;147;173;244;309;315;319;381;400;468;647;708;725;751,40,True,4,-0.35555555555555557,4
755,754,4,2,488;630,489;631,10,True,0,1.3333333333333333,0
756,755,4,1,419,420,6,True,1,0.8,2
757,756,3,16,20;138;241;357;361;372;391;403;425;457;565;610;615;674;701;730,21;139;242;358;362;373;392;404;426;458;566;611;616;675;702;731,40,True,5,-0.35555555555555557,6
758,757,4,2,665;673,666;674,12,True,1,1.6,1
759,758,4,4,179;272;333;722,180;273;334;723,18,True,3,2.4,3
760,759,4,1,65,66,6,True,1,0.8,1
761,760,4,3,168;382;539,169;383;540,16,True,2,2.1333333333333333,2
762,761,4,2,130;412,131;413,11,True,1,1.4666666666666666,1
763,762,3,18,91;96;162;172;205;223;270;281;288;358;410;446;517;548;570;645;649;745,92;97;163;173;206;224;271;282;289;359;411;447;518;549;571;646;650;746,43,True,5,0.044444444444444446,6
764,763,3,13,73;87;95;127;160;341;347;430;452;519;536;541;618,74;88;96;128;161;342;348;431;453;520;537;542;619,35,True,5,-1.0222222222222221,6
765,764,5,1,638,639,6,True,0,0.8,0
766,765,4,2,141;392,142;393,10,True,4,1.3333333333333333,4
767,766,3,15,10;157;160;164;173;265;306;313;329;400;441;584;623;633;758,11;158;161;165;174;266;307;314;330;401;442;585;624;634;759,38,True,6,-0.6222222222222222,7
768,767,3,21,109;170;180;227;238;269;336;345;378;395;396;398;464;508;514;529;578;579;581;636;688,110;171;181;228;239;270;337;346;379;396;397;399;465;509;515;530;579;580;582;637;689,44,True,6,0.17777777777777778,7
769,768,3,20,24;37;57;90;108;163;258;355;437;442;549;602;655;659;669;673;681;689;700;715,25;38;58;91;109;164;259;356;438;443;550;603;656;660;670;674;682;690;701;716,42,True,6,-0.08888888888888889,7
770,769,4,1,613,614,6,True,1,0.8,1
771,770,4,3,272;745;758,273;746;759,15,True,0,2.0,0
772,771,3,15,21;42;48;74;83;293;294;343;357;538;604;615;673;736;744,22;43;49;75;84;294;295;344;358;539;605;616;674;737;745,40,True,5,-0.35555555555555557,6
773,772,3,25,114;119;131;149;162;164;200;220;226;230;256;281;339;363;372;416;450;522;542;600;606;662;665;725;769,115;120;132;150;163;165;201;221;227;231;257;282;340;364;373;417;451;523;543;601;607;663;666;726;770,45,False,6,0.3111111111111111,7
774,773,4,1,727,728,6,True,1,0.8,1
775,774,4,2,464;483,465;484,11,True,2,1.4666666666666666,2
776,775,4,1,453,454,6,True,0,0.8,0
777,776,3,13,31;158;271;305;358;372;393;409;457;595;614;622;672,32;159;272;306;359;373;394;410;458;596;615;623;673,36,True,5,-0.8888888888888888,6
778,777,3,19,21;55;83;128;287;294;321;327;339;464;469;577;586;599;604;678;720;728;771,22;56;84;129;288;295;322;328;340;465;470;578;587;600;605;679;721;729;772,43,True,6,0.044444444444444446,7
779,778,4,1,196,197,6,True,2,0.8,2
780,779,3,21,32;83;172;188;198;267;287;310;314;464;483;500;542;633;677;707;725;743;749;753;777,33;84;173;189;199;268;288;311;315;465;484;501;543;634;678;708;726;744;750;754;778,44,True,6,0.17777777777777778,7
781,780,4,1,308,309,6,True,2,0.8,2
782,781,3,13,3;201;239;261;353;368;370;372;391;535;608;642;707,4;202;240;262;354;369;371;373;392;536;609;643;708,37,True,5,-0.7555555555555555,6
783,782,5,1,283,284,6,True,2,0.8,2
784,783,4,2,303;308,304;309,12,True,1,1.6,1
785,784,3,14,134;168;201;252;268;280;316;317;348;429;480;569;597;748,135;169;202;253;269;281;317;318;349;430;481;570;598;749,40,True,5,-0.35555555555555557,6
786,785,4,1,566,567,6,True,2,0.8,2
787,786,5,1,451,452,6,True,0,0.8,0
788,787,4,2,592;683,593;684,12,True,3,1.6,3
789,788,3,20,12;138;146;151;157;164;195;316;317;391;411;432;576;601;657;697;707;708;717;781,13;139;147;152;158;165;196;317;318;392;412;433;577;602;658;698;708;709;718;782,44,True,5,0.17777777777777778,6
790,789,3,21,14;86;130;154;197;198;243;251;284;312;318;385;542;586;621;685;707;708;725;731;779,15;87;131;155;198;199;244;252;285;313;319;386;543;587;622;686;708;709;726;732;780,44,True,6,0.17777777777777778,7
791,790,4,2,249;296,250;297,11,True,0,1.4666666666666666,1
792,791,4,1,14,15,6,True,0,0.8,1
793,792,3,24,24;40;57;60;137;251;253;324;351;353;356;385;442;490;521;553;603;658;659;689;717;731;750;789,25;41;58;61;138;252;254;325;352;354;357;386;443;491;522;554;604;659;660;690;718;732;751;790,43,True,6,0.044444444444444446,7
794,793,3,15,39;41;61;67;131;334;449;571;576;597;632;640;682;691;744,40;42;62;68;132;335;450;572;577;598;633;641;683;692;745,42,True,5,-0.08888888888888889,6
795,794,4,2,251;689,252;690,11,True,3,1.4666666666666666,3
796,795,3,21,48;67;152;300;338;340;418;424;449;454;534;540;541;543;593;679;695;701;702;728;748,49;68;153;301;339;341;419;425;450;455;535;541;542;544;594;680;696;702;703;729;749,43,True,6,0.044444444444444446,7
797,796,4,2,645;762,646;763,11,True,2,1.4666666666666666,2
798,797,4,1,378,379,6,True,2,0.8,2
799,798,4,1,323,324,6,True,0,0.8,1
800,799,4,4,84;132;197;332,85;133;198;333,23,True,3,-2.6222222222222222,4
801,800,3,22,36;106;113;186;288;295;311;344;358;381;484;501;517;523;548;560;565;598;634;687;705;706,37;107;114;187;289;296;312;345;359;382;485;502;518;524;549;561;566;599;635;688;706;707,43,True,6,0.044444444444444446,7
802,801,4,1,667,668,6,True,2,0.8,3
803,802,3,19,106;178;183;212;232;280;370;382;391;453;529;535;617;634;761;774;775;781;791,107;179;184;213;233;281;371;383;392;454;530;536;618;635;762;775;776;782;792,41,True,6,-0.2222222222222222,7
804,803,4,2,333;758,334;759,11,True,2,1.4666666666666666,3
805,804,3,19,36;151;152;177;323;405;458;466;541;548;552;567;687;742;748;755;795;796;798,37;152;153;178;324;406;459;467;542;549;553;568;688;743;749;756;796;797;799,43,True,6,0.044444444444444446,7
806,805,4,4,18;21;73;748,19;22;74;749,19,True,2,2.533333333333333,2
807,806,3,21,13;20;41;46;56;63;134;207;252;258;275;279;289;348;439;450;518;550;587;607;610,14;21;42;47;57;64;135;208;253;259;276;280;290;349;440;451;519;551;588;608;611,43,True,6,0.044444444444444446,7
808,807,4,1,538,539,6,True,2,0.8,2
809,808,3,14,39;276;334;400;409;567;587;632;643;654;725;743;744;793,40;277;335;401;410;568;588;633;644;655;726;744;745;794,38,True,6,-0.6222222222222222,7
810,809,4,1,74,75,6,True,1,0.8,1
811,810,4,1,334,335,6,True,1,0.8,1
812,811,4,2,672;729,673;730,11,True,1,1.4666666666666666,2
813,812,4,2,596;765,597;766,11,True,3,1.4666666666666666,3
814,813,3,15,104;109;142;149;329;336;355;424;441;464;693;700;723;726;766,105;110;143;150;330;337;356;425;442;465;694;701;724;727;767,39,True,6,-0.4888888888888889,6
815,814,4,1,338,339,6,True,1,0.8,1
816,815,4,4,485;544;555;729,486;545;556;730,21,True,2,2.8,2
817,816,3,17,21;141;212;262;378;385;401;478;510;535;608;633;659;707;773;781;805,22;142;213;263;379;386;402;479;511;536;609;634;660;708;774;782;806,41,True,5,-0.2222222222222222,6
818,817,4,1,596,597,6,True,0,0.8,0
819,818,3,12,61;103;199;277;356;365;419;427;477;574;700;755,62;104;200;278;357;366;420;428;478;575;701;756,39,True,4,-0.4888888888888889,5
820,819,3,23,7;49;58;65;216;244;285;320;326;360;431;435;442;453;477;486;505;523;598;690;734;752;783,8;50;59;66;217;245;286;321;327;361;432;436;443;454;478;487;506;524;599;691;735;753;784,43,True,6,0.044444444444444446,7
821,820,3,10,195;199;329;379;382;408;649;760;793;813,196;200;330;380;383;409;650;761;794;814,35,True,4,-1.0222222222222221,5
822,821,3,20,91;152;218;232;237;262;273;277;327;350;376;532;548;570;651;677;681;702;707;720,92;153;219;233;238;263;274;278;328;351;377;533;549;571;652;678;682;703;708;721,42,True,6,-0.08888888888888889,7
823,822,4,1,529,530,6,True,0,0.8,0
824,823,3,24,68;73;80;102;183;193;246;247;260;340;453;461;467;510;535;558;584;642;670;707;749;781;802;816,69;74;81;103;184;194;247;248;261;341;454;462;468;511;536;559;585;643;671;708;750;782;803;817,41,True,5,-0.2222222222222222,6
825,824,4,1,340,341,6,True,1,0.8,1
826,825,4,1,46,47,6,True,1,0.8,1
827,826,4,3,244;326;407,245;327;408,16,True,3,2.1333333333333333,3
828,827,4,3,230;651;775,231;652;776,16,True,2,2.1333333333333333,3
829,828,3,16,222;236;334;378;386;412;420;471;474;496;553;562;623;650;671;816,223;237;335;379;387;413;421;472;475;497;554;563;624;651;672;817,39,True,5,-0.4888888888888889,6
830,829,4,2,259;508,260;509,11,True,1,1.4666666666666666,1
831,830,4,2,48;734,49;735,12,True,3,1.6,3
832,831,4,1,784,785,6,True,1,0.8,1
833,832,5,1,626,627,6,True,0,0.8,0
834,833,4,2,159;584,160;585,10,True,2,1.3333333333333333,3
835,834,3,17,74;141;159;261;269;283;291;401;491;509;519;536;597;618;619;765;807,75;142;160;262;270;284;292;402;492;510;520;537;598;619;620;766;808,40,True,5,-0.35555555555555557,6
836,835,4,1,593,594,6,True,1,0.8,1
837,836,4,2,114;446,115;447,10,True,4,1.3333333333333333,5
838,837,3,24,10;12;113;115;123;150;156;284;303;324;344;356;419;460;477;575;594;627;712;717;731;814;818;819,11;13;114;116;124;151;157;285;304;325;345;357;420;461;478;576;595;628;713;718;732;815;819;820,43,True,6,0.044444444444444446,7
839,838,4,1,533,534,6,True,0,0.8,0
840,839,4,3,18;153;817,19;154;818,15,True,3,2.0,3
841,840,4,1,666,667,6,True,0,0.8,0
842,841,4,1,230,231,6,True,0,0.8,0
843,842,4,2,193;323,194;324,12,True,2,1.6,3
844,843,3,19,104;112;148;149;157;173;176;188;220;224;242;329;422;575;604;649;743;813;820,105;113;149;150;158;174;177;189;221;225;243;330;423;576;605;650;744;814;821,41,True,6,-0.2222222222222222,7
845,844,3,22,39;46;53;81;284;285;290;296;301;315;447;468;474;494;572;623;669;675;691;694;731;825,40;47;54;82;285;286;291;297;302;316;448;469;475;495;573;624;670;676;692;695;732;826,42,True,6,-0.08888888888888889,7
846,845,4,1,819,820,6,True,1,0.8,1
847,846,4,2,156;159,157;160,11,True,2,1.4666666666666666,2
848,847,3,19,68;112;121;136;142;143;156;197;224;243;435;537;556;618;651;755;774;786;833,69;113;122;137;143;144;157;198;225;244;436;538;557;619;652;756;775;787;834,41,True,5,-0.2222222222222222,6
849,848,3,12,9;184;185;187;295;465;486;605;620;621;637;696,10;185;186;188;296;466;487;606;621;622;638;697,37,True,4,-0.7555555555555555,5
850,849,4,4,29;152;378;599,30;153;379;600,19,True,2,2.533333333333333,3
851,850,4,1,167,168,6,True,1,0.8,2
852,851,4,4,190;331;504;543,191;332;505;544,19,True,1,2.533333333333333,1
853,852,3,18,37;123;157;176;288;329;419;441;460;666;700;712;723;733;757;813;837;841,38;124;158;177;289;330;420;442;461;667;701;713;724;734;758;814;838;842,42,True,5,-0.08888888888888889,6
854,853,4,2,479;516,480;517,12,True,2,1.6,3
855,854,4,1,472,473,6,True,1,0.8,1
856,855,4,1,422,423,6,True,1,0.8,2
857,856,4,2,58;240,59;241,12,True,3,1.6,3
858,857,4,1,585,586,6,True,0,0.8,0
859,858,4,1,322,323,6,True,0,0.8,0
860,859,3,15,43;135;160;174;411;465;491;588;589;591;595;607;724;766;848,44;136;161;175;412;466;492;589;590;592;596;608;725;767;849,42,True,6,-0.08888888888888889,7
861,860,4,2,375;487,376;488,12,True,2,1.6,3
862,861,3,22,3;12;42;70;118;119;199;210;220;237;353;374;397;544;555;684;717;729;736;780;811;815,4;13;43;71;119;120;200;211;221;238;354;375;398;545;556;685;718;730;737;781;812;816,44,True,6,0.17777777777777778,7
863,862,4,1,168,169,6,True,3,0.8,3
864,863,3,15,135;169;217;222;241;334;390;393;622;654;721;722;793;810;850,136;170;218;223;242;335;391;394;623;655;722;723;794;811;851,43,True,6,0.044444444444444446,7
865,864,4,1,67,68,6,True,1,0.8,1
866,865,3,19,76;101;268;296;367;462;477;484;527;572;639;643;649;691;692;746;748;797;844,77;102;269;297;368;463;478;485;528;573;640;644;650;692;693;747;749;798;845,43,True,6,0.044444444444444446,7
867,866,4,1,265,266,6,True,1,0.8,1
868,867,4,2,102;467,103;468,11,True,2,1.4666666666666666,2
869,868,4,3,288;721;801,289;722;802,15,True,2,2.0,2
870,869,3,21,86;138;145;150;184;217;221;257;287;312;432;471;489;546;551;606;611;625;653;661;683,87;139;146;151;185;218;222;258;288;313;433;472;490;547;552;607;612;626;654;662;684,43,True,6,0.044444444444444446,7
871,870,4,1,2,3,6,True,0,0.8,0
872,871,3,18,14;121;128;142;312;438;464;537;575;586;604;716;728;749;777;779;789;847,15;122;129;143;313;439;465;538;576;587;605;717;729;750;778;780;790;848,41,True,5,-0.2222222222222222,6
873,872,4,1,176,177,6,True,1,0.8,1
874,873,3,25,18;23;29;81;153;202;211;312;397;432;434;507;510;540;572;697;698;746;758;805;810;817;827;839;849,19;24;30;82;154;203;212;313;398;433;435;508;511;541;573;698;699;747;759;806;811;818;828;840;850,43,True,6,0.044444444444444446,7
875,874,4,3,129;286;628,130;287;629,15,True,2,2.0,2
876,875,3,20,8;32;117;142;157;188;341;378;422;440;483;495;547;608;707;709;743;766;813;843,9;33;118;143;158;189;342;379;423;441;484;496;548;609;708;710;744;767;814;844,43,True,6,0.044444444444444446,7
877,876,3,23,84;91;109;149;152;197;220;227;270;332;335;352;365;578;622;647;654;679;699;741;767;843;847,85;92;110;150;153;198;221;228;271;333;336;353;366;579;623;648;655;680;700;742;768;844;848,44,True,6,0.17777777777777778,7
878,877,3,19,23;38;42;70;108;110;165;178;179;269;417;426;615;616;644;682;688;713;846,24;39;43;71;109;111;166;179;180;270;418;427;616;617;645;683;689;714;847,41,True,6,-0.2222222222222222,6
879,878,4,1,261,262,6,True,0,0.8,0
880,879,4,1,730,731,6,True,2,0.8,2
881,880,4,1,130,131,6,True,0,0.8,0
882,881,4,2,223;860,224;861,11,True,0,1.4666666666666666,0
883,882,3,18,77;290;313;341;354;370;396;426;478;543;608;642;676;709;741;782;846;875,78;291;314;342;355;371;397;427;479;544;609;643;677;710;742;783;847;876,43,True,6,0.044444444444444446,7
884,883,3,13,10;17;28;77;104;292;322;337;536;572;612;632;660,11;18;29;78;105;293;323;338;537;573;613;633;661,39,True,5,-0.4888888888888889,6
885,884,3,19,113;181;186;189;192;250;252;256;259;308;383;403;522;523;560;610;747;800;806,114;182;187;190;193;251;253;257;260;309;384;404;523;524;561;611;748;801;807,42,True,6,-0.08888888888888889,7
886,885,4,1,484,485,6,True,0,0.8,0
887,886,4,4,129;250;874;884,130;251;875;885,17,True,2,2.2666666666666666,2
888,887,4,1,47,48,6,True,1,0.8,1
889,888,3,24,67;121;134;160;197;212;279;300;401;500;540;586;638;650;656;661;679;685;696;764;782;795;805;824,68;122;135;161;198;213;280;301;402;501;541;587;639;651;657;662;680;686;697;765;783;796;806;825,42,True,6,-0.08888888888888889,7
890,889,3,18,201;289;302;334;338;345;347;429;471;591;663;702;775;795;828;849;858;873,202;290;303;335;339;346;348;430;472;592;664;703;776;796;829;850;859;874,42,True,5,-0.08888888888888889,6
891,890,4,2,218;337,219;338,12,True,1,1.6,1
892,891,3,13,164;393;471;498;517;623;633;671;703;766;828;835;858,165;394;472;499;518;624;634;672;704;767;829;836;859,37,True,5,-0.7555555555555555,6
893,892,3,20,17;23;34;72;80;133;144;158;224;266;329;331;371;399;426;501;512;695;740;881,18;24;35;73;81;134;145;159;225;267;330;332;372;400;427;502;513;696;741;882,43,True,5,0.044444444444444446,5
894,893,4,1,684,685,6,True,1,0.8,1
895,894,3,22,33;73;94;155;240;250;263;278;285;393;410;428;507;536;558;648;657;725;753;808;832;856,34;74;95;156;241;251;264;279;286;394;411;429;508;537;559;649;658;726;754;809;833;857,44,True,6,0.17777777777777778,7
896,895,3,19,43;68;252;279;304;352;435;437;470;472;585;645;653;654;734;831;848;859;891,44;69;253;280;305;353;436;438;471;473;586;646;654;655;735;832;849;860;892,42,True,6,-0.08888888888888889,7
897,896,3,19,162;198;270;300;307;335;365;366;431;435;438;542;559;566;598;653;678;749;819,163;199;271;301;308;336;366;367;432;436;439;543;560;567;599;654;679;750;820,43,True,5,0.044444444444444446,6
898,897,3,16,93;97;193;300;406;416;438;485;493;504;537;547;685;764;789;871,94;98;194;301;407;417;439;486;494;505;538;548;686;765;790;872,41,True,4,-0.2222222222222222,5
899,898,3,19,28;31;34;150;156;205;357;561;632;640;641;774;776;778;814;820;834;863;886,29;32;35;151;157;206;358;562;633;641;642;775;777;779;815;821;835;864;887,41,True,6,-0.2222222222222222,7
900,899,3,29,8;53;54;69;155;157;217;242;276;305;341;404;422;445;513;575;589;608;614;625;633;669;697;719;727;773;811;825;843,9;54;55;70;156;158;218;243;277;306;342;405;423;446;514;576;590;609;615;626;634;670;698;720;728;774;812;826;844,44,True,6,0.17777777777777778,7
901,900,4,1,696,697,6,True,1,0.8,1
902,901,4,2,20;306,21;307,12,True,1,1.6,1
903,902,4,1,880,881,6,True,0,0.8,0
904,903,4,1,622,623,6,True,1,0.8,1
905,904,3,24,25;35;143;226;283;356;373;377;380;416;435;460;490;504;516;519;542;566;603;646;789;834;853;871,26;36;144;227;284;357;374;378;381;417;436;461;491;505;517;520;543;567;604;647;790;835;854;872,45,False,6,0.3111111111111111,7
906,905,4,1,520,521,6,True,1,0.8,1
907,906,4,1,282,283,6,True,1,0.8,1
908,907,4,4,442;549;681;768,443;550;682;769,22,True,3,-2.7555555555555555,3
909,908,4,1,637,638,6,True,3,0.8,3
910,909,4,2,739;824,740;825,11,True,1,1.4666666666666666,2
911,910,4,1,684,685,6,True,1,0.8,1
912,911,5,1,578,579,6,True,2,0.8,2
913,912,3,23,96;162;165;187;212;226;283;305;319;372;416;431;465;469;513;571;663;699;776;825;830;859;877,97;163;166;188;213;227;284;306;320;373;417;432;466;470;514;572;664;700;777;826;831;860;878,43,True,6,0.044444444444444446,6
914,913,4,1,339,340,6,True,1,0.8,1
915,914,4,1,370,371,6,True,0,0.8,0
916,915,3,24,35;120;170;226;234;257;301;377;411;416;419;465;471;506;515;592;594;611;662;666;698;716;869;878,36;121;171;227;235;258;302;378;412;417;420;466;472;507;516;593;595;612;663;667;699;717;870;879,45,False,6,0.3111111111111111,7
917,916,4,1,778,779,6,True,1,0.8,2
918,917,4,1,885,886,6,True,0,0.8,0
919,918,4,3,212;775;888,213;776;889,17,True,3,2.2666666666666666,3
920,919,4,1,892,893,6,True,0,0.8,0
921,920,4,1,35,36,6,True,1,0.8,2
922,921,3,15,70;71;214;222;288;310;319;483;517;579;685;747;769;868;897,71;72;215;223;289;311;320;484;518;580;686;748;770;869;898,42,True,6,-0.08888888888888889,6
923,922,3,23,39;72;95;145;200;233;257;327;426;519;546;592;603;666;682;683;716;732;736;787;869;904;915,40;73;96;146;201;234;258;328;427;520;547;593;604;667;683;684;717;733;737;788;870;905;916,41,True,5,-0.2222222222222222,6
924,923,4,1,132,133,6,True,0,0.8,0
925,924,4,1,813,814,6,True,1,0.8,1
926,925,4,1,498,499,6,True,1,0.8,1
927,926,3,23,20;26;57;261;282;321;381;389;396;431;470;472;482;529;538;563;636;674;756;807;831;854;878,21;27;58;262;283;322;382;390;397;432;471;473;483;530;539;564;637;675;757;808;832;855;879,44,True,6,0.17777777777777778,7
928,927,3,12,61;227;276;314;417;469;520;588;730;793;808;859,62;228;277;315;418;470;521;589;731;794;809;860,37,True,6,-0.7555555555555555,7
929,928,5,1,751,752,6,True,0,0.8,1
930,929,4,2,628;747,629;748,11,True,2,1.4666666666666666,3
931,930,5,1,614,615,6,True,1,0.8,1
932,931,4,1,574,575,6,True,0,0.8,0
933,932,3,19,11;16;48;67;76;93;97;144;244;279;294;476;523;662;720;734;750;778;830,12;17;49;68;77;94;98;145;245;280;295;477;524;663;721;735;751;779;831,43,True,6,0.044444444444444446,7
934,933,3,15,24;47;59;84;85;166;252;351;442;463;530;560;600;672;887,25;48;60;85;86;167;253;352;443;464;531;561;601;673;888,40,True,6,-0.35555555555555557,7
935,934,3,16,54;92;157;167;173;203;299;317;326;430;503;709;723;746;873;885,55;93;158;168;174;204;300;318;327;431;504;710;724;747;874;886,39,True,6,-0.4888888888888889,7
936,935,4,3,443;466;928,444;467;929,16,True,4,2.1333333333333333,5
937,936,3,22,23;40;81;108;119;123;140;163;301;374;521;553;562;635;659;673;736;757;771;828;849;900,24;41;82;109;120;124;141;164;302;375;522;554;563;636;660;674;737;758;772;829;850;901,42,True,4,-0.08888888888888889,4
938,937,3,15,1;50;78;151;182;195;277;362;379;490;716;742;748;798;915,2;51;79;152;183;196;278;363;380;491;717;743;749;799;916,39,True,3,-0.4888888888888889,4
939,938,3,21,9;15;85;253;279;304;386;420;458;472;501;563;654;672;699;701;727;740;742;831;926,10;16;86;254;280;305;387;421;459;473;502;564;655;673;700;702;728;741;743;832;927,43,True,5,0.044444444444444446,6
940,939,4,2,412;761,413;762,12,True,3,1.6,3
941,940,3,21,66;76;88;206;213;239;348;382;434;451;462;500;551;588;649;652;677;737;786;865;927,67;77;89;207;214;240;349;383;435;452;463;501;552;589;650;653;678;738;787;866;928,42,True,6,-0.08888888888888889,7
942,941,4,1,202,203,6,True,0,0.8,0
943,942,4,3,509;802;834,510;803;835,17,True,2,2.2666666666666666,3
944,943,3,27,30;54;85;109;153;196;218;236;273;290;299;315;346;354;465;473;548;672;675;676;687;742;804;811;821;844;887,31;55;86;110;154;197;219;237;274;291;300;316;347;355;466;474;549;673;676;677;688;743;805;812;822;845;888,44,True,6,0.17777777777777778,7
945,944,4,1,155,156,6,True,1,0.8,1
946,945,4,1,56,57,6,True,0,0.8,0
947,946,3,19,142;158;173;183;188;306;329;396;413;430;452;584;612;766;776;794;843;875;901,143;159;174;184;189;307;330;397;414;431;453;585;613;767;777;795;844;876;902,43,True,6,0.044444444444444446,7
948,947,4,3,30;62;546,31;63;547,16,True,2,2.1333333333333333,2
949,948,3,27,46;159;190;212;258;283;306;401;431;454;474;488;543;584;590;591;602;623;737;782;794;805;833;846;891;895;900,47;160;191;213;259;284;307;402;432;455;475;489;544;585;591;592;603;624;738;783;795;806;834;847;892;896;901,43,True,5,0.044444444444444446,6
950,949,3,25,30;55;64;92;148;154;181;196;199;204;208;228;275;354;357;544;549;614;632;640;723;778;796;907;916,31;56;65;93;149;155;182;197;200;205;209;229;276;355;358;545;550;615;633;641;724;779;797;908;917,44,True,6,0.17777777777777778,7
951,950,4,2,383;520,384;521,10,True,0,1.3333333333333333,1
952,951,4,2,722;758,723;759,10,True,1,1.3333333333333333,1
953,952,5,1,106,107,6,True,1,0.8,1
954,953,4,2,371;579,372;580,11,True,1,1.4666666666666666,2
955,954,4,2,517;836,518;837,11,True,2,1.4666666666666666,2
956,955,4,2,89;660,90;661,10,True,1,1.3333333333333333,1
957,956,4,1,576,577,6,True,0,0.8,0
958,957,3,21,65;74;92;102;144;247;260;360;383;458;545;557;595;643;677;711;733;750;879;949;950,66;75;93;103;145;248;261;361;384;459;546;558;596;644;678;712;734;751;880;950;951,40,True,5,-0.35555555555555557,5
959,958,3,16,7;28;34;169;177;221;241;361;482;601;605;671;708;724;788;945,8;29;35;170;178;222;242;362;483;602;606;672;709;725;789;946,40,True,5,-0.35555555555555557,5
960,959,3,28,5;6;88;239;260;281;286;359;376;410;467;498;567;582;643;645;652;668;677;737;750;796;856;867;879;893;940;957,6;7;89;240;261;282;287;360;377;411;468;499;568;583;644;646;653;669;678;738;751;797;857;868;880;894;941;958,43,True,5,0.044444444444444446,6
961,960,4,1,284,285,6,True,1,0.8,1
962,961,4,1,775,776,6,True,2,0.8,3
963,962,4,1,387,388,6,True,0,0.8,0
964,963,4,3,464;779;799,465;780;800,16,True,2,2.1333333333333333,2
965,964,4,1,19,20,6,True,0,0.8,0
966,965,4,2,594;792,595;793,10,True,1,1.3333333333333333,1
967,966,4,2,205;720,206;721,11,True,1,1.4666666666666666,1
968,967,4,3,16;523;932,17;524;933,16,True,0,2.1333333333333333,0
969,968,4,2,467;707,468;708,12,True,2,1.6,2
970,969,4,1,271,272,6,True,1,0.8,1
971,970,4,1,622,623,6,True,0,0.8,1
972,971,4,3,604;736;771,605;737;772,17,True,1,2.2666666666666666,1
973,972,3,17,17;22;132;248;278;294;390;429;471;569;625;728;777;784;809;869;923,18;23;133;249;279;295;391;430;472;570;626;729;778;785;810;870;924,41,True,6,-0.2222222222222222,6
974,973,4,1,235,236,6,True,2,0.8,2
975,974,4,2,51;848,52;849,11,True,1,1.4666666666666666,2
976,975,4,2,66;447,67;448,10,True,0,1.3333333333333333,0
977,976,4,2,596;678,597;679,12,True,2,1.6,2
978,977,4,3,50;414;798,51;415;799,16,True,3,2.1333333333333333,3
979,978,4,1,628,629,6,True,0,0.8,0
980,979,4,1,3,4,6,True,0,0.8,1
981,980,5,1,569,570,6,True,1,0.8,1
982,981,4,2,169;196,170;197,11,True,2,1.4666666666666666,2
983,982,4,1,81,82,6,True,0,0.8,0
984,983,4,2,41;444,42;445,11,True,1,1.4666666666666666,2
985,984,4,1,280,281,6,True,0,0.8,0
986,985,4,1,726,727,6,True,2,0.8,2
987,986,4,2,470;585,471;586,12,True,3,1.6,4
988,987,4,1,52,53,6,True,0,0.8,0
989,988,4,1,948,949,6,True,1,0.8,1
990,989,4,3,293;736;771,294;737;772,16,True,1,2.1333333333333333,1
991,990,4,3,116;144;324,117;145;325,15,True,2,2.0,2
992,991,4,2,474;543,475;544,11,True,1,1.4666666666666666,1
993,992,3,21,194;198;202;211;270;325;366;438;493;556;559;570;598;651;664;712;723;746;749;827;896,195;199;203;212;271;326;367;439;494;557;560;571;599;652;665;713;724;747;750;828;897,44,True,5,0.17777777777777778,6
994,993,4,1,370,371,6,True,1,0.8,1
995,994,4,5,62;392;885;917;947,63;393;886;918;948,23,True,2,-2.6222222222222222,3
996,995,4,3,236;828;889,237;829;890,16,True,2,2.1333333333333333,2
997,996,4,1,239,240,6,True,1,0.8,1
998,997,3,13,49;57;331;364;370;407;532;613;656;751;761;914;993,50;58;332;365;371;408;533;614;657;752;762;915;994,39,True,5,-0.4888888888888889,6
999,998,4,1,23,24,6,True,0,0.8,0
1000,999,4,1,836,837,6,True,1,0.8,1
1001,1000,3,21,60;125;146;165;185;226;243;302;319;347;399;527;539;588;621;658;663;680;717;798;944,61;126;147;166;186;227;244;303;320;348;400;528;540;589;622;659;664;681;718;799;945,42,True,6,-0.08888888888888889,7
1002,1001,3,22,20;97;200;312;323;381;398;438;443;459;464;470;578;581;606;634;791;802;911;942;963;993,21;98;201;313;324;382;399;439;444;460;465;471;579;582;607;635;792;803;912;943;964;994,45,False,6,0.3111111111111111,7
1003,1002,4,1,819,820,6,True,0,0.8,0
1004,1003,4,2,560;995,561;996,12,True,4,1.6,5
1005,1004,4,1,655,656,6,True,0,0.8,0
1006,1005,4,2,350;737,351;738,11,True,0,1.4666666666666666,1
1007,1006,3,24,38;122;131;144;192;308;372;374;380;390;468;515;546;577;613;662;667;675;684;711;740;783;809;855,39;123;132;145;193;309;373;375;381;391;469;516;547;578;614;663;668;676;685;712;741;784;810;856,42,True,6,-0.08888888888888889,7
1008,1007,4,4,3;372;811;861,4;373;812;862,18,True,2,2.4,2
1009,1008,4,1,10,11,6,True,0,0.8,0
1010,1009,4,3,182;413;463,183;414;464,13,True,3,1.7333333333333334,3
1011,1010,4,1,540,541,6,True,1,0.8,1
1012,1011,4,2,300;446,301;447,10,True,1,1.3333333333333333,1
1013,1012,3,24,26;81;156;178;192;219;259;269;309;336;395;396;444;499;561;580;616;675;711;769;829;846;901;998,27;82;157;179;193;220;260;270;310;337;396;397;445;500;562;581;617;676;712;770;830;847;902;999,43,True,6,0.044444444444444446,7
1014,1013,4,1,796,797,6,True,0,0.8,0
1015,1014,4,2,223;670,224;671,12,True,1,1.6,1
1016,1015,4,3,1;56;806,2;57;807,15,True,2,2.0,3
1017,1016,4,2,418;774,419;775,11,True,2,1.4666666666666666,2
1018,1017,4,2,306;901,307;902,11,True,4,1.4666666666666666,4
1019,1018,3,25,8;12;44;76;154;186;198;205;210;250;268;299;307;308;320;375;462;572;698;780;811;861;886;966;1007,9;13;45;77;155;187;199;206;211;251;269;300;308;309;321;376;463;573;699;781;812;862;887;967;1008,45,False,6,0.3111111111111111,7
1020,1019,4,5,29;236;676;849;995,30;237;677;850;996,18,True,2,2.4,3
1021,1020,4,1,524,525,6,True,1,0.8,1
1022,1021,3,23,260;262;277;284;308;451;467;532;598;599;642;668;677;686;711;749;754;780;783;786;799;821;880,261;263;278;285;309;452;468;533;599;600;643;669;678;687;712;750;755;781;784;787;800;822;881,42,True,6,-0.08888888888888889,7
1023,1022,3,22,59;156;230;255;259;377;416;524;542;561;600;662;665;693;761;769;772;775;827;939;961;1012,60;157;231;256;260;378;417;525;543;562;601;663;666;694;762;770;773;776;828;940;962;1013,43,True,6,0.044444444444444446,7
1024,1023,4,1,756,757,6,True,1,0.8,1
1025,1024,3,16,90;93;108;322;408;431;436;505;637;822;851;883;912;919;935;977,91;94;109;323;409;432;437;506;638;823;852;884;913;920;936;978,41,True,3,-0.2222222222222222,4
1026,1025,4,1,669,670,6,True,1,0.8,1
1027,1026,4,2,507;805,508;806,11,True,3,1.4666666666666666,4
1028,1027,4,2,169;217,170;218,12,True,2,1.6,2
1029,1028,4,1,900,901,6,True,1,0.8,1
1030,1029,4,2,86;833,87;834,11,True,0,1.4666666666666666,0
1031,1030,4,1,754,755,6,True,1,0.8,1
1032,1031,5,1,916,917,6,True,1,0.8,1
1033,1032,4,2,621;963,622;964,11,True,1,1.4666666666666666,1
1034,1033,4,2,336;395,337;396,11,True,3,1.4666666666666666,3
1035,1034,4,1,643,644,6,True,0,0.8,0
1036,1035,4,1,766,767,6,True,2,0.8,2
1037,1036,4,3,75;94;797,76;95;798,17,True,5,2.2666666666666666,6
1038,1037,4,2,414;611,415;612,12,True,1,1.6,1
1039,1038,4,1,997,998,6,True,0,0.8,0
1040,1039,3,21,9;59;60;193;312;317;432;621;625;707;750;788;789;792;831;869;902;934;964;972;1032,10;60;61;194;313;318;433;622;626;708;751;789;790;793;832;870;903;935;965;973;1033,41,True,6,-0.2222222222222222,7
1041,1040,4,3,472;654;938,473;655;939,17,True,2,2.2666666666666666,3
1042,1041,4,2,757;936,758;937,12,True,2,1.6,2
1043,1042,4,2,688;931,689;932,10,True,0,1.3333333333333333,1
1044,1043,3,23,96;134;235;270;312;366;378;416;480;539;679;748;762;797;805;851;873;888;896;897;921;973;1026,97;135;236;271;313;367;379;417;481;540;680;749;763;798;806;852;874;889;897;898;922;974;1027,45,False,6,0.3111111111111111,7
1045,1044,3,31,27;30;47;144;175;211;243;247;270;288;352;369;415;438;485;493;517;537;555;556;557;610;644;729;755;815;847;850;868;897;992,28;31;48;145;176;212;244;248;271;289;353;370;416;439;486;494;518;538;556;557;558;611;645;730;756;816;848;851;869;898;993,45,False,6,0.3111111111111111,7
1046,1045,4,4,450;725;743;772,451;726;744;773,19,True,1,2.533333333333333,1
1047,1046,4,3,57;171;792,58;172;793,15,True,3,2.0,3
1048,1047,4,1,221,222,6,True,1,0.8,1
1049,1048,4,3,21;327;777,22;328;778,15,True,3,2.0,4
1050,1049,4,3,434;698;982,435;699;983,15,True,4,2.0,4
1051,1050,5,1,401,402,6,True,0,0.8,0
1052,1051,4,1,157,158,6,True,0,0.8,0
1053,1052,4,2,653;682,654;683,12,True,1,1.6,1
1054,1053,3,16,112;128;152;161;340;377;378;435;739;749;871;875;909;1013;1017;1036,113;129;153;162;341;378;379;436;740;750;872;876;910;1014;1018;1037,43,True,6,0.044444444444444446,7
1055,1054,4,1,103,104,6,True,1,0.8,1
1056,1055,4,2,106;952,107;953,11,True,0,1.4666666666666666,0
1057,1056,4,1,462,463,6,True,0,0.8,0
1058,1057,4,1,375,376,6,True,2,0.8,2
1059,1058,4,1,870,871,6,True,1,0.8,1
1060,1059,4,2,195;505,196;506,12,True,2,1.6,3
1061,1060,4,3,268;593;598,269;594;599,17,True,2,2.2666666666666666,2
1062,1061,4,4,169;287;545;711,170;288;546;712,20,True,4,2.6666666666666665,5
1063,1062,4,2,94;396,95;397,11,True,1,1.4666666666666666,1
1064,1063,4,2,93;569,94;570,12,True,0,1.6,0
1065,1064,3,17,28;31;74;135;174;266;379;506;569;612;807;834;916;999;1024;1031;1041,29;32;75;136;175;267;380;507;570;613;808;835;917;1000;1025;1032;1042,42,True,5,-0.08888888888888889,6
1066,1065,4,2,42;268,43;269,12,True,1,1.6,1
1067,1066,4,3,3;297;1007,4;298;1008,13,True,0,1.7333333333333334,0
1068,1067,3,22,1;31;36;49;129;175;195;210;251;386;433;615;673;703;727;747;874;880;886;902;929;986,2;32;37;50;130;176;196;211;252;387;434;616;674;704;728;748;875;881;887;903;930;987,44,True,6,0.17777777777777778,7
1069,1068,4,4,49;157;455;624,50;158;456;625,20,True,4,2.6666666666666665,5
1070,1069,4,2,391;962,392;963,11,True,2,1.4666666666666666,2
1071,1070,4,1,281,282,6,True,1,0.8,1
1072,1071,3,21,12;44;149;203;205;237;309;368;419;441;446;531;726;736;788;813;820;852;910;974;1051,13;45;150;204;206;238;310;369;420;442;447;532;727;737;789;814;821;853;911;975;1052,43,True,6,0.044444444444444446,7
1073,1072,4,1,389,390,6,True,1,0.8,1
1074,1073,4,1,794,795,6,True,0,0.8,0
1075,1074,4,1,683,684,6,True,1,0.8,1
1076,1075,3,26,101;196;237;273;315;370;441;444;479;482;497;532;560;569;597;711;721;726;821;880;885;917;943;980;994;1061,102;197;238;274;316;371;442;445;480;483;498;533;561;570;598;712;722;727;822;881;886;918;944;981;995;1062,43,True,6,0.044444444444444446,7
1077,1076,3,31,11;17;37;67;92;111;113;137;173;216;279;289;301;434;447;493;521;572;611;698;710;714;746;759;838;864;883;934;945;953;984,12;18;38;68;93;112;114;138;174;217;280;290;302;435;448;494;522;573;612;699;711;715;747;760;839;865;884;935;946;954;985,45,False,6,0.3111111111111111,7
1078,1077,3,24,19;22;38;65;95;176;233;415;426;439;460;488;494;519;546;583;609;618;619;719;740;752;855;872,20;23;39;66;96;177;234;416;427;440;461;489;495;520;547;584;610;619;620;720;741;753;856;873,43,True,6,0.044444444444444446,7
1079,1078,4,1,701,702,6,True,1,0.8,1
1080,1079,5,1,192,193,6,True,1,0.8,1
1081,1080,4,1,85,86,6,True,0,0.8,0
1082,1081,4,1,98,99,6,True,1,0.8,1
1083,1082,4,1,876,877,6,True,1,0.8,2
1084,1083,4,1,67,68,6,True,1,0.8,1
1085,1084,4,2,141;775,142;776,11,True,2,1.4666666666666666,2
1086,1085,3,26,26;90;108;123;133;295;325;426;608;655;665;673;689;695;696;757;768;794;892;900;919;935;936;997;1024;1041,27;91;109;124;134;296;326;427;609;656;666;674;690;696;697;758;769;795;893;901;920;936;937;998;1025;1042,43,True,6,0.044444444444444446,7
1087,1086,4,1,1046,1047,6,True,1,0.8,1
1088,1087,4,2,158;543,159;544,12,True,3,1.6,3
1089,1088,4,2,368;875,369;876,12,True,2,1.6,2
1090,1089,3,31,15;116;141;159;168;192;261;269;373;401;426;461;474;478;501;529;536;539;561;641;667;760;829;834;890;892;898;942;962;973;1079,16;117;142;160;169;193;262;270;374;402;427;462;475;479;502;530;537;540;562;642;668;761;830;835;891;893;899;943;963;974;1080,45,False,6,0.3111111111111111,7
1091,1090,4,2,154;385,155;386,11,True,1,1.4666666666666666,1
1092,1091,4,2,427;556,428;557,11,True,2,1.4666666666666666,3
1093,1092,4,2,40;1068,41;1069,12,True,4,1.6,4
1094,1093,4,2,38;820,39;821,11,True,3,1.4666666666666666,3
1095,1094,4,2,547;897,548;898,11,True,1,1.4666666666666666,2
1096,1095,3,14,89;182;208;218;271;356;423;502;541;595;609;776;818;1009,90;183;209;219;272;357;424;503;542;596;610;777;819;1010,41,True,6,-0.2222222222222222,7
1097,1096,4,3,87;770;812,88;771;813,16,True,2,2.1333333333333333,2
1098,1097,4,2,221;1015,222;1016,11,True,2,1.4666666666666666,3
1099,1098,3,26,5;71;87;172;240;393;400;406;646;647;654;677;681;686;722;725;762;779;786;808;812;856;863;868;952;1096,6;72;88;173;241;394;401;407;647;648;655;678;682;687;723;726;763;780;787;809;813;857;864;869;953;1097,44,True,6,0.17777777777777778,7
1100,1099,4,1,63,64,6,True,1,0.8,1
1101,1100,4,1,343,344,6,True,1,0.8,1
1102,1101,3,24,11;39;85;97;147;233;251;407;427;592;644;683;685;687;693;731;755;787;864;897;965;986;1031;1032,12;40;86;98;148;234;252;408;428;593;645;684;686;688;694;732;756;788;865;898;966;987;1032;1033,44,True,6,0.17777777777777778,7
1103,1102,4,2,234;602,235;603,10,True,1,1.3333333333333333,2
1104,1103,4,1,549,550,6,True,2,0.8,2
1105,1104,4,1,1071,1072,6,True,1,0.8,1
1106,1105,4,1,390,391,6,True,0,0.8,0
1107,1106,4,2,560;1003,561;1004,10,True,1,1.3333333333333333,1
1108,1107,4,3,4;258;1070,5;259;1071,16,True,0,2.1333333333333333,0
1109,1108,4,2,655;1004,656;1005,12,True,2,1.6,2
1110,1109,4,1,507,508,6,True,0,0.8,0
1111,1110,4,2,650;940,651;941,11,True,0,1.4666666666666666,0
1112,1111,4,2,315;572,316;573,12,True,1,1.6,1
1113,1112,3,32,30;51;109;136;194;264;269;332;352;370;389;398;470;472;493;514;581;651;654;664;723;751;842;847;850;876;914;992;1040;1044;1047;1080,31;52;110;137;195;265;270;333;353;371;390;399;471;473;494;515;582;652;655;665;724;752;843;848;851;877;915;993;1041;1045;1048;1081,44,True,6,0.17777777777777778,7
1114,1113,4,1,982,983,6,True,0,0.8,0
1115,1114,4,2,155;944,156;945,11,True,0,1.4666666666666666,0
1116,1115,3,27,87;128;197;267;385;406;456;518;521;537;540;578;586;628;720;747;764;799;888;897;902;929;963;978;1010;1017;1031,88;129;198;268;386;407;457;519;522;538;541;579;587;629;721;748;765;800;889;898;903;930;964;979;1011;1018;1032,45,False,6,0.3111111111111111,7
1117,1116,3,27,15;38;80;365;374;439;472;480;488;528;533;563;574;577;618;636;667;684;712;783;786;818;878;893;926;1006;1100,16;39;81;366;375;440;473;481;489;529;534;564;575;578;619;637;668;685;713;784;787;819;879;894;927;1007;1101,43,True,5,0.044444444444444446,6
1118,1117,4,5,113;173;710;934;1076,114;174;711;935;1077,26,True,5,-2.2222222222222223,5
1119,1118,4,1,783,784,6,True,0,0.8,1
1120,1119,4,1,548,549,6,True,2,0.8,2
1121,1120,4,1,895,896,6,True,1,0.8,1
1122,1121,4,2,43;93,44;94,11,True,4,1.4666666666666666,4
1123,1122,4,1,728,729,6,True,1,0.8,2
1124,1123,3,21,18;148;154;158;172;188;220;234;242;422;545;569;601;743;773;779;843;909;925;980;1087,19;149;155;159;173;189;221;235;243;423;546;570;602;744;774;780;844;910;926;981;1088,42,True,6,-0.08888888888888889,7
1125,1124,4,3,173;176;575,174;177;576,15,True,2,2.0,2
1126,1125,4,4,32;58;208;459,33;59;209;460,20,True,3,2.6666666666666665,4
1127,1126,4,3,229;298;662,230;299;663,16,True,0,2.1333333333333333,1
1128,1127,4,2,56;945,57;946,12,True,1,1.6,1
1129,1128,4,1,319,320,6,True,0,0.8,0
1130,1129,3,21,83;117;138;220;310;374;391;418;424;440;480;563;599;644;665;666;693;849;852;857;1030,84;118;139;221;311;375;392;419;425;441;481;564;600;645;666;667;694;850;853;858;1031,42,True,5,-0.08888888888888889,6
1131,1130,4,1,780,781,6,True,0,0.8,0
1132,1131,4,1,82,83,6,True,3,0.8,3
1133,1132,4,4,251;310;725;779,252;311;726;780,20,True,3,2.6666666666666665,4
1134,1133,4,1,1095,1096,6,True,1,0.8,2
1135,1134,4,1,839,840,6,True,0,0.8,1
1136,1135,3,24,39;147;151;154;184;293;315;342;450;548;604;612;621;698;725;843;899;944;967;1032;1045;1066;1109;1123,40;148;152;155;185;294;316;343;451;549;605;613;622;699;726;844;900;945;968;1033;1046;1067;1110;1124,44,True,5,0.17777777777777778,6
1137,1136,3,26,43;90;104;148;289;453;549;632;649;723;775;793;813;814;820;825;843;898;907;914;930;949;1002;1047;1051;1104,44;91;105;149;290;454;550;633;650;724;776;794;814;815;821;826;844;899;908;915;931;950;1003;1048;1052;1105,45,False,6,0.3111111111111111,7
1138,1137,4,2,113;598,114;599,12,True,4,1.6,5
1139,1138,4,1,1133,1134,6,True,0,0.8,0
1140,1139,4,1,260,261,6,True,1,0.8,1
1141,1140,3,38,57;67;108;110;195;279;300;343;378;379;386;420;431;505;524;534;549;585;605;638;669;671;673;727;739;748;760;764;768;824;828;888;918;937;1059;1069;1083;1103,58;68;109;111;196;280;301;344;379;380;387;421;432;506;525;535;550;586;606;639;670;672;674;728;740;749;761;765;769;825;829;889;919;938;1060;1070;1084;1104,45,False,6,0.3111111111111111,7
1142,1141,4,1,446,447,6,True,2,0.8,2
1143,1142,4,2,594;724,595;725,12,True,1,1.6,2
1144,1143,4,1,756,757,6,True,0,0.8,1
1145,1144,4,2,500;540,501;541,12,True,1,1.6,2
1146,1145,3,33,14;35;51;55;56;116;170;207;221;301;424;461;463;515;611;697;698;703;715;724;757;791;827;878;883;915;918;961;974;991;1008;1015;1047,15;36;52;56;57;117;171;208;222;302;425;462;464;516;612;698;699;704;716;725;758;792;828;879;884;916;919;962;975;992;1009;1016;1048,45,False,6,0.3111111111111111,7
1147,1146,4,1,809,810,6,True,0,0.8,0
1148,1147,4,1,1038,1039,6,True,2,0.8,2
1149,1148,3,29,39;76;227;407;519;540;547;569;636;637;639;652;702;716;748;787;865;903;908;915;940;950;980;1063;1064;1070;1083;1094;1118,40;77;228;408;520;541;548;570;637;638;640;653;703;717;749;788;866;904;909;916;941;951;981;1064;1065;1071;1084;1095;1119,45,False,6,0.3111111111111111,7
1150,1149,4,3,422;658;811,423;659;812,15,True,1,2.0,1
1151,1150,4,2,290;642,291;643,12,True,2,1.6,3
1152,1151,4,2,62;271,63;272,12,True,1,1.6,1
1153,1152,3,22,15;37;56;125;128;189;196;207;257;279;439;492;587;723;778;854;916;984;1029;1031;1051;1127,16;38;57;126;129;190;197;208;258;280;440;493;588;724;779;855;917;985;1030;1032;1052;1128,40,True,4,-0.35555555555555557,5
1154,1153,4,1,671,672,6,True,1,0.8,1
1155,1154,3,18,185;384;416;435;465;469;520;541;695;859;860;881;912;927;935;1000;1034;1102,186;385;417;436;466;470;521;542;696;860;861;882;913;928;936;1001;1035;1103,41,True,6,-0.2222222222222222,7
1156,1155,4,1,1114,1115,6,True,1,0.8,2
1157,1156,4,2,623;766,624;767,12,True,4,1.6,4
1158,1157,4,4,26;214;270;896,27;215;271;897,20,True,2,2.6666666666666665,3
1159,1158,3,26,2;13;162;191;235;244;245;257;263;363;442;454;469;487;587;815;860;870;907;913;930;966;1018;1082;1130;1155,3;14;163;192;236;245;246;258;264;364;443;455;470;488;588;816;861;871;908;914;931;967;1019;1083;1131;1156,45,False,6,0.3111111111111111,7
1160,1159,3,25,138;166;167;201;245;265;271;272;429;432;484;520;589;653;661;738;835;858;885;889;891;905;999;1099;1151,139;167;168;202;246;266;272;273;430;433;485;521;590;654;662;739;836;859;886;890;892;906;1000;1100;1152,44,True,6,0.17777777777777778,7
1161,1160,4,2,290;623,291;624,11,True,2,1.4666666666666666,2
1162,1161,4,2,183;500,184;501,11,True,1,1.4666666666666666,2
1163,1162,4,1,394,395,6,True,1,0.8,1
1164,1163,4,1,944,945,6,True,0,0.8,0
1165,1164,3,29,13;28;42;80;129;150;179;228;246;248;305;326;426;431;486;528;607;615;642;682;684;690;877;893;923;930;972;1002;1085,14;29;43;81;130;151;180;229;247;249;306;327;427;432;487;529;608;616;643;683;685;691;878;894;924;931;973;1003;1086,45,False,6,0.3111111111111111,7
1166,1165,4,2,768;1020,769;1021,11,True,1,1.4666666666666666,2
1167,1166,4,1,124,125,6,True,2,0.8,2
1168,1167,3,27,43;46;85;134;252;305;360;379;457;479;491;492;499;528;549;595;597;607;609;614;619;773;784;859;983;1015;1150,44;47;86;135;253;306;361;380;458;480;492;493;500;529;550;596;598;608;610;615;620;774;785;860;984;1016;1151,44,True,6,0.17777777777777778,7
1169,1168,4,3,173;408;945,174;409;946,15,True,1,2.0,1
1170,1169,4,2,823;968,824;969,10,True,3,1.3333333333333333,3
1171,1170,4,4,338;429;795;889,339;430;796;890,17,True,2,2.2666666666666666,2
1172,1171,4,2,757;1041,758;1042,10,True,1,1.3333333333333333,1
1173,1172,3,26,5;16;34;58;130;183;232;260;286;370;371;392;453;655;759;761;824;856;914;919;953;975;997;1038;1047;1134,6;17;35;59;131;184;233;261;287;371;372;393;454;656;760;762;825;857;915;920;954;976;998;1039;1048;1135,42,True,5,-0.08888888888888889,6
1174,1173,4,3,254;901;1012,255;902;1013,16,True,2,2.1333333333333333,3
1175,1174,4,3,491;607;887,492;608;888,17,True,3,2.2666666666666666,4
1176,1175,4,1,347,348,6,True,0,0.8,0
1177,1176,4,4,580;1071;1104;1141,581;1072;1105;1142,21,True,3,2.8,3
1178,1177,4,2,215;574,216;575,11,True,0,1.4666666666666666,1
1179,1178,4,2,421;665,422;666,12,True,1,1.6,2
1180,1179,4,1,370,371,6,True,0,0.8,0
1181,1180,3,35,14;16;21;48;73;74;86;240;260;285;287;401;410;428;461;471;507;582;584;670;678;685;734;777;778;779;823;830;833;894;967;1029;1105;1107;1139,15;17;22;49;74;75;87;241;261;286;288;402;411;429;462;472;508;583;585;671;679;686;735;778;779;780;824;831;834;895;968;1030;1106;1108;1140,45,False,6,0.3111111111111111,7
1182,1181,4,3,105;425;664,106;426;665,16,True,0,2.1333333333333333,1
1183,1182,4,1,394,395,6,True,1,0.8,2
1184,1183,4,1,144,145,6,True,0,0.8,0
1185,1184,4,2,806;1015,807;1016,11,True,2,1.4666666666666666,2
1186,1185,4,2,502;705,503;706,11,True,1,1.4666666666666666,1
1187,1186,4,1,594,595,6,True,1,0.8,1
1188,1187,4,2,152;298,153;299,10,True,2,1.3333333333333333,2
1189,1188,4,1,118,119,6,True,0,0.8,0
1190,1189,3,19,28;34;90;205;265;275;298;322;329;433;476;534;549;648;824;866;958;1011;1155,29;35;91;206;266;276;299;323;330;434;477;535;550;649;825;867;959;1012;1156,40,True,5,-0.35555555555555557,6
1191,1190,4,4,335;880;929;1092,336;881;930;1093,21,True,2,2.8,2
1192,1191,4,1,634,635,6,True,0,0.8,1
1193,1192,4,1,326,327,6,True,1,0.8,2
1194,1193,4,2,98;328,99;329,12,True,2,1.6,2
1195,1194,5,1,434,435,6,True,0,0.8,0
1196,1195,4,1,540,541,6,True,1,0.8,1
1197,1196,4,2,1021;1090,1022;1091,11,True,2,1.4666666666666666,3
1198,1197,4,2,27;222,28;223,11,True,1,1.4666666666666666,1
1199,1198,4,3,112;157;895,113;158;896,15,True,1,2.0,1
1200,1199,4,1,1116,1117,6,True,1,0.8,1
1201,1200,4,2,52;184,53;185,11,True,1,1.4666666666666666,1
1202,1201,4,2,406;822,407;823,11,True,2,1.4666666666666666,3
1203,1202,4,2,404;1139,405;1140,11,True,1,1.4666666666666666,1
1204,1203,4,1,1064,1065,6,True,0,0.8,0
1205,1204,4,1,190,191,6,True,0,0.8,0
1206,1205,4,2,631;645,632;646,12,True,0,1.6,0
1207,1206,4,2,82;223,83;224,11,True,2,1.4666666666666666,2
1208,1207,4,2,382;1060,383;1061,10,True,1,1.3333333333333333,1
1209,1208,3,26,4;19;93;136;167;224;255;258;294;442;503;590;602;653;689;738;768;794;932;964;1032;1073;1078;1101;1131;1165,5;20;94;137;168;225;256;259;295;443;504;591;603;654;690;739;769;795;933;965;1033;1074;1079;1102;1132;1166,44,True,5,0.17777777777777778,6
1210,1209,4,3,221;526;869,222;527;870,16,True,2,2.1333333333333333,2
1211,1210,4,1,605,606,6,True,0,0.8,0
1212,1211,4,3,499;682;1052,500;683;1053,16,True,0,2.1333333333333333,1
1213,1212,4,1,249,250,6,True,0,0.8,0
1214,1213,4,4,351;442;600;1086,352;443;601;1087,19,True,2,2.533333333333333,3
1215,1214,4,1,945,946,6,True,1,0.8,1
1216,1215,4,3,422;743;780,423;744;781,17,True,3,2.2666666666666666,3
1217,1216,4,1,784,785,6,True,1,0.8,1
1218,1217,3,30,46;52;62;105;131;141;180;277;343;345;395;398;420;489;636;669;727;754;767;825;926;938;961;1025;1040;1103;1127;1140;1181;1196,47;53;63;106;132;142;181;278;344;346;396;399;421;490;637;670;728;755;768;826;927;939;962;1026;1041;1104;1128;1141;1182;1197,45,False,6,0.3111111111111111,7
1219,1218,4,1,484,485,6,True,1,0.8,1
1220,1219,5,1,344,345,6,True,0,0.8,0
1221,1220,4,1,70,71,6,True,0,0.8,1
1222,1221,4,3,755;1073;1101,756;1074;1102,15,True,2,2.0,2
1223,1222,3,21,17;33;72;118;120;176;266;384;554;562;650;666;718;732;861;927;952;1110;1154;1185;1191,18;34;73;119;121;177;267;385;555;563;651;667;719;733;862;928;953;1111;1155;1186;1192,44,True,6,0.17777777777777778,7
1224,1223,4,3,155;217;1072,156;218;1073,14,True,3,1.8666666666666667,4
1225,1224,4,1,741,742,6,True,1,0.8,1
1226,1225,3,26,2;8;10;60;129;146;198;253;320;329;375;399;487;588;612;618;633;658;663;740;790;1000;1007;1025;1035;1212,3;9;11;61;130;147;199;254;321;330;376;400;488;589;613;619;634;659;664;741;791;1001;1008;1026;1036;1213,43,True,5,0.044444444444444446,6
1227,1226,5,1,233,234,6,True,0,0.8,1
1228,1227,3,29,32;109;142;208;218;264;273;281;310;342;430;437;475;550;567;613;645;696;721;726;743;812;959;974;997;1035;1087;1138;1205,33;110;143;209;219;265;274;282;311;343;431;438;476;551;568;614;646;697;722;727;744;813;960;975;998;1036;1088;1139;1206,43,True,6,0.044444444444444446,7
1229,1228,4,3,355;549;909,356;550;910,16,True,3,2.1333333333333333,3
1230,1229,4,2,720;1084,721;1085,11,True,1,1.4666666666666666,1
1231,1230,4,2,266;319,267;320,11,True,0,1.4666666666666666,0
1232,1231,4,2,474;948,475;949,10,True,1,1.3333333333333333,1
1233,1232,4,4,402;483;677;750,403;484;678;751,19,True,3,2.533333333333333,3
1234,1233,4,3,214;221;505,215;222;506,16,True,2,2.1333333333333333,2
1235,1234,3,32,61;286;315;341;343;387;395;433;508;514;539;558;574;601;624;629;691;721;750;773;793;808;829;855;874;879;931;962;983;1050;1096;1177,62;287;316;342;344;388;396;434;509;515;540;559;575;602;625;630;692;722;751;774;794;809;830;856;875;880;932;963;984;1051;1097;1178,45,False,6,0.3111111111111111,7
1236,1235,4,3,39;547;996,40;548;997,16,True,3,2.1333333333333333,3
1237,1236,4,3,212;321;340,213;322;341,17,True,2,2.2666666666666666,2
