target_round,source_round,source_main6,pair_completions,vote_counts,candidate_count,candidates_ordered,source_member_candidate_count_r,source_target_intersection_c,research_A,research_B,leftovers,candidate_hit_count,A_exact_hit_count,B_exact_hit_count,future_leakage_flag
2,1,10 23 29 33 37 40,10-23>6;10-29>3;10-33>32;10-37>43;10-40>25;23-29>41;23-33>28;23-37>21;23-40>27;29-33>22;29-37>30;29-40>21;33-37>5;33-40>14;37-40>1,21:2 1:1 3:1 5:1 6:1 14:1 22:1 25:1 27:1 28:1 30:1 32:1 41:1 43:1,1,21,0,0,,,,1,,,0
3,2,9 13 21 25 32 42,9-13>26;9-21>3;9-25>11;9-32>31;9-42>36;13-21>14;13-25>7;13-32>39;13-42>44;21-25>38;21-32>28;21-42>18;25-32>24;25-42>29;32-42>7,7:2 3:1 11:1 14:1 18:1 24:1 26:1 28:1 29:1 31:1 36:1 38:1 39:1 44:1,1,7,0,1,,,,0,,,0
4,3,11 16 19 21 27 31,11-16>6;11-19>12;11-21>1;11-27>13;11-31>36;16-19>40;16-21>41;16-27>44;16-31>1;19-21>35;19-27>38;19-31>28;21-27>39;21-31>26;27-31>20,1:2 6:1 12:1 13:1 20:1 26:1 28:1 35:1 36:1 38:1 39:1 40:1 41:1 44:1,1,1,0,2,,,,0,,,0
5,4,14 27 30 31 40 42,14-27>10;14-30>1;14-31>42;14-40>33;14-42>31;27-30>36;27-31>20;27-40>23;27-42>12;30-31>17;30-40>20;30-42>24;31-40>13;31-42>14;40-42>11,20:2 1:1 10:1 11:1 12:1 13:1 14:1 17:1 23:1 24:1 31:1 33:1 36:1 42:1,1,20,0,2,,,,0,,,0
6,5,16 24 29 40 41 42,16-24>35;16-29>45;16-40>19;16-41>21;16-42>23;24-29>34;24-40>26;24-41>28;24-42>30;29-40>21;29-41>23;29-42>25;40-41>3;40-42>11;41-42>4,21:2 23:2 3:1 4:1 11:1 19:1 25:1 26:1 28:1 30:1 34:1 35:1 45:1,2,21 23,0,2,,,,0,,,0
7,6,14 15 26 27 40 42,14-15>22;14-26>8;14-27>10;14-40>33;14-42>31;15-26>7;15-27>9;15-40>35;15-42>33;26-27>34;26-40>24;26-42>28;27-40>23;27-42>12;40-42>11,33:2 7:1 8:1 9:1 10:1 11:1 12:1 22:1 23:1 24:1 28:1 31:1 34:1 35:1,1,33,0,2,,,,0,,,0
8,7,2 9 16 25 26 40,2-9>28;2-16>15;2-25>3;2-26>5;2-40>39;9-16>8;9-25>11;9-26>13;9-40>38;16-25>43;16-26>36;16-40>19;25-26>33;25-40>10;26-40>24,3:1 5:1 8:1 10:1 11:1 13:1 15:1 19:1 24:1 28:1 33:1 36:1 38:1 39:1 43:1,0,,0,1,,,,0,,,0
9,8,8 19 25 34 37 39,8-19>15;8-25>12;8-34>42;8-37>39;8-39>37;19-25>37;19-34>4;19-37>25;19-39>29;25-34>28;25-37>19;25-39>23;34-37>13;34-39>14;37-39>8,37:2 4:1 8:1 12:1 13:1 14:1 15:1 19:1 23:1 25:1 28:1 29:1 39:1 42:1,1,37,1,1,,,,0,,,0
10,9,2 4 16 17 36 39,2-4>18;2-16>15;2-17>32;2-36>43;2-39>40;4-16>13;4-17>15;4-36>32;4-39>44;16-17>39;16-36>26;16-39>17;17-36>25;17-39>16;36-39>15,15:3 32:2 13:1 16:1 17:1 18:1 25:1 26:1 39:1 40:1 43:1 44:1,2,15 32,0,0,,,,0,,,0
11,10,9 25 30 33 41 44,9-25>11;9-30>6;9-33>45;9-41>37;9-44>34;25-30>35;25-33>26;25-41>27;25-44>18;30-33>21;30-41>22;30-44>28;33-41>7;33-44>1;41-44>5,1:1 5:1 6:1 7:1 11:1 18:1 21:1 22:1 26:1 27:1 28:1 34:1 35:1 37:1 45:1,0,,0,1,,,,0,,,0
12,11,1 7 36 37 41 42,1-7>19;1-36>41;1-37>40;1-41>36;1-42>35;7-36>38;7-37>22;7-41>33;7-42>32;36-37>14;36-41>1;36-42>9;37-41>9;37-42>2;41-42>4,9:2 1:1 2:1 4:1 14:1 19:1 22:1 32:1 33:1 35:1 36:1 38:1 40:1 41:1,1,9,0,0,,,,0,,,0
13,12,2 11 21 25 39 45,2-11>29;2-21>10;2-25>3;2-39>40;2-45>34;11-21>1;11-25>9;11-39>43;11-45>37;21-25>38;21-39>27;21-45>24;25-39>23;25-45>20;39-45>12,1:1 3:1 9:1 10:1 12:1 20:1 23:1 24:1 27:1 29:1 34:1 37:1 38:1 40:1 43:1,0,,0,1,,,,0,,,0
14,13,22 23 25 37 38 42,22-23>45;22-25>31;22-37>7;22-38>24;22-42>17;23-25>39;23-37>21;23-38>8;23-42>16;25-37>19;25-38>21;25-42>29;37-38>15;37-42>2;38-42>10,21:2 2:1 7:1 8:1 10:1 15:1 16:1 17:1 19:1 24:1 29:1 31:1 39:1 45:1,1,21,0,0,,,,0,,,0
15,14,2 6 12 31 33 40,2-6>19;2-12>22;2-31>33;2-33>31;2-40>39;6-12>24;6-31>41;6-33>39;6-40>32;12-31>38;12-33>36;12-40>44;31-33>2;31-40>13;33-40>14,39:2 2:1 13:1 14:1 19:1 22:1 24:1 31:1 32:1 33:1 36:1 38:1 41:1 44:1,1,39,0,1,,,,0,,,0
16,15,3 4 16 30 31 37,3-4>26;3-16>14;3-30>12;3-31>35;3-37>44;4-16>13;4-30>11;4-31>37;4-37>31;16-30>38;16-31>1;16-37>28;30-31>17;30-37>29;31-37>4,1:1 4:1 11:1 12:1 13:1 14:1 17:1 26:1 28:1 29:1 31:1 35:1 37:1 38:1 44:1,0,,0,1,,,,0,,,0
17,16,6 7 24 37 38 40,6-7>29;6-24>12;6-37>35;6-38>34;6-40>32;7-24>11;7-37>22;7-38>36;7-40>34;24-37>20;24-38>22;24-40>26;37-38>15;37-40>1;38-40>9,22:2 34:2 1:1 9:1 11:1 12:1 15:1 20:1 26:1 29:1 32:1 35:1 36:1,2,22 34,0,1,,,,0,,,0
18,17,3 4 9 17 32 37,3-4>26;3-9>21;3-17>1;3-32>34;3-37>44;4-9>29;4-17>15;4-32>36;4-37>31;9-17>10;9-32>31;9-37>41;17-32>2;17-37>27;32-37>12,31:2 1:1 2:1 10:1 12:1 15:1 21:1 26:1 27:1 29:1 34:1 36:1 41:1 44:1,1,31,0,2,,,,0,,,0
19,18,3 12 13 19 32 35,3-12>30;3-13>23;3-19>5;3-32>34;3-35>31;12-13>20;12-19>11;12-32>37;12-35>34;13-19>10;13-32>39;13-35>36;19-32>30;19-35>21;32-35>11,11:2 30:2 34:2 5:1 10:1 20:1 21:1 23:1 31:1 36:1 37:1 39:1,3,11 30 34,0,0,11 30 34,,,1,1,,0
20,19,6 30 38 39 40 43,6-30>9;6-38>34;6-39>33;6-40>32;6-43>44;30-38>16;30-39>18;30-40>20;30-43>26;38-39>1;38-40>9;38-43>3;39-40>2;39-43>11;40-43>4,9:2 1:1 2:1 3:1 4:1 11:1 16:1 18:1 20:1 26:1 32:1 33:1 34:1 44:1,1,9,0,1,,,,0,,,0
21,20,10 14 18 20 23 30,10-14>27;10-18>11;10-20>15;10-23>6;10-30>5;14-18>7;14-20>11;14-23>2;14-30>1;18-20>34;18-23>43;18-30>39;20-23>44;20-30>40;23-30>34,11:2 34:2 1:1 2:1 5:1 6:1 7:1 15:1 27:1 39:1 40:1 43:1 44:1,2,11 34,0,1,,,,0,,,0
22,21,6 12 17 18 31 32,6-12>24;6-17>13;6-18>15;6-31>41;6-32>40;12-17>7;12-18>9;12-31>38;12-32>37;17-18>40;17-31>30;17-32>2;18-31>29;18-32>16;31-32>9,9:2 40:2 2:1 7:1 13:1 15:1 16:1 24:1 29:1 30:1 37:1 38:1 41:1,2,9 40,0,2,,,,0,,,0
23,22,4 5 6 8 17 39,4-5>27;4-6>20;4-8>21;4-17>15;4-39>44;5-6>28;5-8>29;5-17>14;5-39>31;6-8>22;6-17>13;6-39>33;8-17>11;8-39>37;17-39>16,11:1 13:1 14:1 15:1 16:1 20:1 21:1 22:1 27:1 28:1 29:1 31:1 33:1 37:1 44:1,0,,0,2,,,,0,,,0
24,23,5 13 17 18 33 42,5-13>24;5-17>14;5-18>1;5-33>37;5-42>43;13-17>6;13-18>8;13-33>38;13-42>44;17-18>40;17-33>19;17-42>22;18-33>3;18-42>21;33-42>15,1:1 3:1 6:1 8:1 14:1 15:1 19:1 21:1 22:1 24:1 37:1 38:1 40:1 43:1 44:1,0,,0,0,,,,0,,,0
25,24,7 8 27 29 36 43,7-8>30;7-27>2;7-29>6;7-36>38;7-43>31;8-27>1;8-29>5;8-36>40;8-43>33;27-29>43;27-36>30;27-43>29;29-36>28;29-43>27;36-43>2,2:2 30:2 1:1 5:1 6:1 27:1 28:1 29:1 31:1 33:1 38:1 40:1 43:1,2,2 30,0,1,,,,1,,,0
26,25,2 4 21 26 43 44,2-4>18;2-21>10;2-26>5;2-43>36;2-44>35;4-21>8;4-26>3;4-43>40;4-44>39;21-26>31;21-43>20;21-44>22;26-43>30;26-44>17;43-44>6,3:1 5:1 6:1 8:1 10:1 17:1 18:1 20:1 22:1 30:1 31:1 35:1 36:1 39:1 40:1,0,,0,1,,,,0,,,0
27,26,4 5 7 18 20 25,4-5>27;4-7>28;4-18>2;4-20>6;4-25>1;5-7>21;5-18>1;5-20>35;5-25>15;7-18>14;7-20>3;7-25>13;18-20>34;18-25>44;20-25>45,1:2 2:1 3:1 6:1 13:1 14:1 15:1 21:1 27:1 28:1 34:1 35:1 44:1 45:1,1,1,0,1,,,,1,,,0
28,27,1 20 26 28 37 43,1-20>9;1-26>6;1-28>10;1-37>40;1-43>34;20-26>38;20-28>39;20-37>24;20-43>21;26-28>42;26-37>18;26-43>30;28-37>16;28-43>13;37-43>10,10:2 6:1 9:1 13:1 16:1 18:1 21:1 24:1 30:1 34:1 38:1 39:1 40:1 42:1,1,10,0,1,,,,0,,,0
29,28,9 18 23 25 35 37,9-18>12;9-23>7;9-25>11;9-35>43;9-37>41;18-23>43;18-25>44;18-35>22;18-37>26;23-25>39;23-35>17;23-37>21;25-35>30;25-37>19;35-37>6,43:2 6:1 7:1 11:1 12:1 17:1 19:1 21:1 22:1 26:1 30:1 39:1 41:1 44:1,1,43,0,0,,,,0,,,0
30,29,1 5 13 34 39 40,1-5>18;1-13>22;1-34>43;1-39>38;1-40>37;5-13>24;5-34>36;5-39>31;5-40>45;13-34>37;13-39>32;13-40>31;34-39>14;34-40>7;39-40>2,31:2 37:2 2:1 7:1 14:1 18:1 22:1 24:1 32:1 36:1 38:1 43:1 45:1,2,31 37,0,0,,,,0,,,0
31,30,8 17 20 35 36 44,8-17>11;8-20>2;8-35>41;8-36>40;8-44>32;17-20>41;17-35>23;17-36>25;17-44>26;20-35>5;20-36>22;20-44>23;35-36>13;35-44>2;36-44>10,2:2 23:2 41:2 5:1 10:1 11:1 13:1 22:1 25:1 26:1 32:1 40:1,3,2 23 41,0,1,2 23 41,,,1,1,,0
32,31,7 9 18 23 28 35,7-9>23;7-18>14;7-23>9;7-28>4;7-35>39;9-18>12;9-23>7;9-28>2;9-35>43;18-23>43;18-28>38;18-35>22;23-28>33;23-35>17;28-35>27,43:2 2:1 4:1 7:1 9:1 12:1 14:1 17:1 22:1 23:1 27:1 33:1 38:1 39:1,1,43,0,0,,,,0,,,0
33,32,6 14 19 25 34 44,6-14>25;6-19>2;6-25>14;6-34>38;6-44>43;14-19>9;14-25>6;14-34>39;14-44>29;19-25>37;19-34>4;19-44>24;25-34>28;25-44>18;34-44>9,9:2 2:1 4:1 6:1 14:1 18:1 24:1 25:1 28:1 29:1 37:1 38:1 39:1 43:1,1,9,0,0,,,,0,,,0
34,33,4 7 32 33 40 41,4-7>28;4-32>36;4-33>35;4-40>43;4-41>42;7-32>42;7-33>41;7-40>34;7-41>33;32-33>10;32-40>6;32-41>14;33-40>14;33-41>7;40-41>3,14:2 42:2 3:1 6:1 7:1 10:1 28:1 33:1 34:1 35:1 36:1 41:1 43:1,2,14 42,0,1,,,,1,,,0
35,34,9 26 35 37 40 42,9-26>13;9-35>43;9-37>41;9-40>38;9-42>36;26-35>29;26-37>18;26-40>24;26-42>28;35-37>6;35-40>15;35-42>1;37-40>1;37-42>2;40-42>11,1:2 2:1 6:1 11:1 13:1 15:1 18:1 24:1 28:1 29:1 36:1 38:1 41:1 43:1,1,1,0,2,,,,0,,,0
36,35,2 3 11 26 37 43,2-3>25;2-11>29;2-26>5;2-37>42;2-43>36;3-11>22;3-26>4;3-37>44;3-43>38;11-26>41;11-37>45;11-43>39;26-37>18;26-43>30;37-43>10,4:1 5:1 10:1 18:1 22:1 25:1 29:1 30:1 36:1 38:1 39:1 41:1 42:1 44:1 45:1,0,,0,1,,,,0,,,0
37,36,1 10 23 26 28 40,1-10>28;1-23>15;1-26>6;1-28>10;1-40>37;10-23>6;10-26>12;10-28>1;10-40>25;23-26>32;23-28>33;23-40>27;26-28>42;26-40>24;28-40>22,6:2 1:1 10:1 12:1 15:1 22:1 24:1 25:1 27:1 28:1 32:1 33:1 37:1 42:1,1,6,0,0,,,,0,,,0
38,37,7 27 30 33 35 37,7-27>2;7-30>8;7-33>41;7-35>39;7-37>22;27-30>36;27-33>24;27-35>28;27-37>17;30-33>21;30-35>25;30-37>29;33-35>4;33-37>5;35-37>6,2:1 4:1 5:1 6:1 8:1 17:1 21:1 22:1 24:1 25:1 28:1 29:1 36:1 39:1 41:1,0,,0,2,,,,0,,,0
39,38,16 17 22 30 37 43,16-17>39;16-22>34;16-30>38;16-37>28;16-43>25;17-22>42;17-30>31;17-37>27;17-43>24;22-30>41;22-37>7;22-43>19;30-37>29;30-43>26;37-43>10,7:1 10:1 19:1 24:1 25:1 26:1 27:1 28:1 29:1 31:1 34:1 38:1 39:1 41:1 42:1,0,,0,1,,,,0,,,0
40,39,6 7 13 15 21 43,6-7>29;6-13>17;6-15>18;6-21>36;6-43>44;7-13>25;7-15>26;7-21>5;7-43>31;13-15>29;13-21>14;13-43>28;15-21>12;15-43>32;21-43>20,29:2 5:1 12:1 14:1 17:1 18:1 20:1 25:1 26:1 28:1 31:1 32:1 36:1 44:1,1,29,0,2,,,,0,,,0
41,40,7 13 18 19 25 26,7-13>25;7-18>14;7-19>1;7-25>13;7-26>15;13-18>8;13-19>10;13-25>7;13-26>9;18-19>41;18-25>44;18-26>37;19-25>37;19-26>45;25-26>33,37:2 1:1 7:1 8:1 9:1 10:1 13:1 14:1 15:1 25:1 33:1 41:1 44:1 45:1,1,37,0,1,,,,0,,,0
42,41,13 20 23 35 38 43,13-20>12;13-23>3;13-35>36;13-38>33;13-43>28;20-23>44;20-35>5;20-38>26;20-43>21;23-35>17;23-38>8;23-43>18;35-38>14;35-43>9;38-43>3,3:2 5:1 8:1 9:1 12:1 14:1 17:1 18:1 21:1 26:1 28:1 33:1 36:1 44:1,1,3,0,1,,,,0,,,0
43,42,17 18 19 21 23 32,17-18>40;17-19>33;17-21>34;17-23>35;17-32>2;18-19>41;18-21>42;18-23>43;18-32>16;19-21>35;19-23>36;19-32>30;21-23>37;21-32>28;23-32>26,35:2 2:1 16:1 26:1 28:1 30:1 33:1 34:1 36:1 37:1 40:1 41:1 42:1 43:1,1,35,0,0,,,,1,,,0
44,43,6 31 35 38 39 44,6-31>41;6-35>37;6-38>34;6-39>33;6-44>43;31-35>3;31-38>12;31-39>5;31-44>15;35-38>14;35-39>7;35-44>2;38-39>1;38-44>11;39-44>4,1:1 2:1 3:1 4:1 5:1 7:1 11:1 12:1 14:1 15:1 33:1 34:1 37:1 41:1 43:1,0,,0,1,,,,0,,,0
45,44,3 11 21 30 38 45,3-11>22;3-21>9;3-30>12;3-38>43;3-45>36;11-21>1;11-30>4;11-38>44;11-45>37;21-30>33;21-38>25;21-45>24;30-38>16;30-45>15;38-45>4,4:2 1:1 9:1 12:1 15:1 16:1 22:1 24:1 25:1 33:1 36:1 37:1 43:1 44:1,1,4,0,0,,,,0,,,0
46,45,1 10 20 27 33 35,1-10>28;1-20>9;1-27>8;1-33>44;1-35>42;10-20>15;10-27>14;10-33>32;10-35>45;20-27>31;20-33>16;20-35>5;27-33>24;27-35>28;33-35>4,28:2 4:1 5:1 8:1 9:1 14:1 15:1 16:1 24:1 31:1 32:1 42:1 44:1 45:1,1,28,0,0,,,,0,,,0
47,46,8 13 15 23 31 38,8-13>18;8-15>19;8-23>38;8-31>45;8-38>23;13-15>29;13-23>3;13-31>40;13-38>33;15-23>1;15-31>44;15-38>37;23-31>24;23-38>8;31-38>12,1:1 3:1 8:1 12:1 18:1 19:1 23:1 24:1 29:1 33:1 37:1 38:1 40:1 44:1 45:1,0,,0,1,,,,0,,,0
48,47,14 17 26 31 36 45,14-17>5;14-26>8;14-31>42;14-36>37;14-45>43;17-26>44;17-31>30;17-36>25;17-45>28;26-31>21;26-36>16;26-45>19;31-36>11;31-45>8;36-45>3,8:2 3:1 5:1 11:1 16:1 19:1 21:1 25:1 28:1 30:1 37:1 42:1 43:1 44:1,1,8,0,1,,,,0,,,0
49,48,6 10 18 26 37 38,6-10>23;6-18>15;6-26>1;6-37>35;6-38>34;10-18>11;10-26>12;10-37>43;10-38>42;18-26>37;18-37>26;18-38>28;26-37>18;26-38>20;37-38>15,15:2 1:1 11:1 12:1 18:1 20:1 23:1 26:1 28:1 34:1 35:1 37:1 42:1 43:1,1,15,0,0,,,,0,,,0
50,49,4 7 16 19 33 40,4-7>28;4-16>13;4-19>34;4-33>35;4-40>43;7-16>10;7-19>1;7-33>41;7-40>34;16-19>40;16-33>20;16-40>19;19-33>17;19-40>16;33-40>14,34:2 1:1 10:1 13:1 14:1 16:1 17:1 19:1 20:1 28:1 35:1 40:1 41:1 43:1,1,34,0,0,,,,0,,,0
51,50,2 10 12 15 22 44,2-10>21;2-12>22;2-15>16;2-22>12;2-44>35;10-12>26;10-15>20;10-22>4;10-44>36;12-15>21;12-22>2;12-44>40;15-22>14;15-44>31;22-44>21,21:3 2:1 4:1 12:1 14:1 16:1 20:1 22:1 26:1 31:1 35:1 36:1 40:1,1,21,0,2,,,,0,,,0
52,51,2 3 11 16 26 44,2-3>25;2-11>29;2-16>15;2-26>5;2-44>35;3-11>22;3-16>14;3-26>4;3-44>37;11-16>6;11-26>41;11-44>38;16-26>36;16-44>27;26-44>17,4:1 5:1 6:1 14:1 15:1 17:1 22:1 25:1 27:1 29:1 35:1 36:1 37:1 38:1 41:1,0,,0,2,,,,0,,,0
53,52,2 4 15 16 20 29,2-4>18;2-15>16;2-16>15;2-20>8;2-29>11;4-15>17;4-16>13;4-20>6;4-29>9;15-16>2;15-20>10;15-29>13;16-20>33;16-29>45;20-29>32,13:2 2:1 6:1 8:1 9:1 10:1 11:1 15:1 16:1 17:1 18:1 32:1 33:1 45:1,1,13,0,0,,,,0,,,0
54,53,7 8 14 32 33 39,7-8>30;7-14>18;7-32>42;7-33>41;7-39>35;8-14>26;8-32>44;8-33>43;8-39>37;14-32>41;14-33>40;14-39>34;32-33>10;32-39>13;33-39>6,41:2 6:1 10:1 13:1 18:1 26:1 30:1 34:1 35:1 37:1 40:1 42:1 43:1 44:1,1,41,0,2,,,,0,,,0
55,54,1 8 21 27 36 39,1-8>27;1-21>11;1-27>8;1-36>41;1-39>38;8-21>4;8-27>1;8-36>40;8-39>37;21-27>39;21-36>6;21-39>27;27-36>30;27-39>21;36-39>15,27:2 1:1 4:1 6:1 8:1 11:1 15:1 21:1 30:1 37:1 38:1 39:1 40:1 41:1,1,27,1,1,,,,0,,,0
56,55,17 21 31 37 40 44,17-21>34;17-31>30;17-37>27;17-40>18;17-44>26;21-31>26;21-37>23;21-40>29;21-44>22;31-37>4;31-40>13;31-44>15;37-40>1;37-44>3;40-44>12,26:2 1:1 3:1 4:1 12:1 13:1 15:1 18:1 22:1 23:1 27:1 29:1 30:1 34:1,1,26,0,2,,,,0,,,0
57,56,10 14 30 31 33 37,10-14>27;10-30>5;10-31>34;10-33>32;10-37>43;14-30>1;14-31>42;14-33>40;14-37>36;30-31>17;30-33>21;30-37>29;31-33>2;31-37>4;33-37>5,5:2 1:1 2:1 4:1 17:1 21:1 27:1 29:1 32:1 34:1 36:1 40:1 42:1 43:1,1,5,0,1,,,,0,,,0
58,57,7 10 16 25 29 44,7-10>16;7-16>10;7-25>13;7-29>6;7-44>45;10-16>7;10-25>40;10-29>3;10-44>36;16-25>43;16-29>45;16-44>27;25-29>42;25-44>18;29-44>14,45:2 3:1 6:1 7:1 10:1 13:1 14:1 16:1 18:1 27:1 36:1 40:1 42:1 43:1,1,45,0,3,,,,0,,,0
59,58,10 24 25 33 40 44,10-24>8;10-25>40;10-33>32;10-40>25;10-44>36;24-25>32;24-33>27;24-40>26;24-44>19;25-33>26;25-40>10;25-44>18;33-40>14;33-44>1;40-44>12,26:2 32:2 1:1 8:1 10:1 12:1 14:1 18:1 19:1 25:1 27:1 36:1 40:1,2,26 32,0,0,,,,0,,,0
60,59,6 29 36 39 41 45,6-29>7;6-36>21;6-39>33;6-41>31;6-45>42;29-36>28;29-39>19;29-41>23;29-45>16;36-39>15;36-41>1;36-45>3;39-41>10;39-45>12;41-45>13,1:1 3:1 7:1 10:1 12:1 13:1 15:1 16:1 19:1 21:1 23:1 28:1 31:1 33:1 42:1,0,,0,2,,,,0,,,0
61,60,2 8 25 36 39 42,2-8>20;2-25>3;2-36>43;2-39>40;2-42>37;8-25>12;8-36>40;8-39>37;8-42>34;25-36>17;25-39>23;25-42>29;36-39>15;36-42>9;39-42>3,3:2 37:2 40:2 9:1 12:1 15:1 17:1 20:1 23:1 29:1 34:1 43:1,3,3 37 40,0,0,3 37 40,,,0,0,,0
62,61,14 15 19 30 38 43,14-15>22;14-19>9;14-30>1;14-38>35;14-43>45;15-19>8;15-30>45;15-38>37;15-43>32;19-30>32;19-38>27;19-43>22;30-38>16;30-43>26;38-43>3,22:2 32:2 45:2 1:1 3:1 8:1 9:1 16:1 26:1 27:1 35:1 37:1,3,22 32 45,0,1,22 32 45,,,0,0,,0
63,62,3 8 15 27 29 35,3-8>28;3-15>24;3-27>6;3-29>10;3-35>31;8-15>19;8-27>1;8-29>5;8-35>41;15-27>9;15-29>13;15-35>40;27-29>43;27-35>28;29-35>26,28:2 1:1 5:1 6:1 9:1 10:1 13:1 19:1 24:1 26:1 31:1 40:1 41:1 43:1,1,28,0,1,,,,0,,,0
64,63,3 20 23 36 38 40,3-20>7;3-23>13;3-36>45;3-38>43;3-40>41;20-23>44;20-36>22;20-38>26;20-40>30;23-36>19;23-38>8;23-40>27;36-38>7;36-40>8;38-40>9,7:2 8:2 9:1 13:1 19:1 22:1 26:1 27:1 30:1 41:1 43:1 44:1 45:1,2,7 8,0,1,,,,0,,,0
65,64,14 15 18 21 26 36,14-15>22;14-18>7;14-21>13;14-26>8;14-36>37;15-18>6;15-21>12;15-26>7;15-36>39;18-21>42;18-26>37;18-36>24;21-26>31;21-36>6;26-36>16,6:2 7:2 37:2 8:1 12:1 13:1 16:1 22:1 24:1 31:1 39:1 42:1,3,6 7 37,0,1,6 7 37,,,0,0,,0
66,65,4 25 33 36 40 43,4-25>1;4-33>35;4-36>32;4-40>43;4-43>40;25-33>26;25-36>17;25-40>10;25-43>16;33-36>12;33-40>14;33-43>8;36-40>8;36-43>2;40-43>4,8:2 1:1 2:1 4:1 10:1 12:1 14:1 16:1 17:1 26:1 32:1 35:1 40:1 43:1,1,8,0,0,,,,0,,,0
67,66,2 3 7 17 22 24,2-3>25;2-7>27;2-17>32;2-22>12;2-24>1;3-7>20;3-17>1;3-22>11;3-24>15;7-17>12;7-22>37;7-24>11;17-22>42;17-24>43;22-24>38,1:2 11:2 12:2 15:1 20:1 25:1 27:1 32:1 37:1 38:1 42:1 43:1,3,1 11 12,0,2,1 11 12,,,0,0,,0
68,67,3 7 10 15 36 38,3-7>20;3-10>29;3-15>24;3-36>45;3-38>43;7-10>16;7-15>26;7-36>38;7-38>36;10-15>20;10-36>44;10-38>42;15-36>39;15-38>37;36-38>7,20:2 7:1 16:1 24:1 26:1 29:1 36:1 37:1 38:1 39:1 42:1 43:1 44:1 45:1,1,20,0,2,,,,0,,,0
69,68,10 12 15 16 26 39,10-12>26;10-15>20;10-16>7;10-26>12;10-39>41;12-15>21;12-16>5;12-26>10;12-39>45;15-16>2;15-26>7;15-39>36;16-26>36;16-39>17;26-39>22,7:2 36:2 2:1 5:1 10:1 12:1 17:1 20:1 21:1 22:1 26:1 41:1 45:1,2,7 36,0,2,,,,0,,,0
70,69,5 8 14 15 19 39,5-8>29;5-14>17;5-15>25;5-19>3;5-39>31;8-14>26;8-15>19;8-19>15;8-39>37;14-15>22;14-19>9;14-39>34;15-19>8;15-39>36;19-39>29,29:2 3:1 8:1 9:1 15:1 17:1 19:1 22:1 25:1 26:1 31:1 34:1 36:1 37:1,1,29,0,2,,,,0,,,0
71,70,5 19 22 25 28 43,5-19>3;5-22>9;5-25>15;5-28>6;5-43>42;19-22>43;19-25>37;19-28>31;19-43>22;22-25>31;22-28>40;22-43>19;25-28>34;25-43>16;28-43>13,31:2 3:1 6:1 9:1 13:1 15:1 16:1 19:1 22:1 34:1 37:1 40:1 42:1 43:1,1,31,0,1,,,,0,,,0
72,71,5 9 12 16 29 41,5-9>22;5-12>16;5-16>12;5-29>8;5-41>44;9-12>18;9-16>8;9-29>4;9-41>37;12-16>5;12-29>1;12-41>43;16-29>45;16-41>21;29-41>23,8:2 1:1 4:1 5:1 12:1 16:1 18:1 21:1 22:1 23:1 37:1 43:1 44:1 45:1,1,8,0,0,,,,0,,,0
73,72,2 4 11 17 26 27,2-4>18;2-11>29;2-17>32;2-26>5;2-27>7;4-11>30;4-17>15;4-26>3;4-27>5;11-17>8;11-26>41;11-27>13;17-26>44;17-27>37;26-27>34,5:2 3:1 7:1 8:1 13:1 15:1 18:1 29:1 30:1 32:1 34:1 37:1 41:1 44:1,1,5,0,0,,,,0,,,0
74,73,3 12 18 32 40 43,3-12>30;3-18>33;3-32>34;3-40>41;3-43>38;12-18>9;12-32>37;12-40>44;12-43>41;18-32>16;18-40>17;18-43>23;32-40>6;32-43>15;40-43>4,41:2 4:1 6:1 9:1 15:1 16:1 17:1 23:1 30:1 33:1 34:1 37:1 38:1 44:1,1,41,0,2,,,,0,,,0
75,74,6 15 17 18 35 40,6-15>18;6-17>13;6-18>15;6-35>37;6-40>32;15-17>4;15-18>6;15-35>40;15-40>35;17-18>40;17-35>23;17-40>18;18-35>22;18-40>17;35-40>15,15:2 18:2 40:2 4:1 6:1 13:1 17:1 22:1 23:1 32:1 35:1 37:1,3,15 18 40,3,0,15 18 40,,,0,0,,0
76,75,2 5 24 32 34 44,2-5>26;2-24>1;2-32>17;2-34>45;2-44>35;5-24>13;5-32>38;5-34>36;5-44>41;24-32>25;24-34>29;24-44>19;32-34>3;32-44>8;34-44>9,1:1 3:1 8:1 9:1 13:1 17:1 19:1 25:1 26:1 29:1 35:1 36:1 38:1 41:1 45:1,0,,0,0,,,,0,,,0
77,76,1 3 15 22 25 37,1-3>17;1-15>23;1-22>13;1-25>4;1-37>40;3-15>24;3-22>11;3-25>2;3-37>44;15-22>14;15-25>5;15-37>38;22-25>31;22-37>7;25-37>19,2:1 4:1 5:1 7:1 11:1 13:1 14:1 17:1 19:1 23:1 24:1 31:1 38:1 40:1 44:1,0,,0,0,,,,0,,,0
78,77,2 18 29 32 43 44,2-18>4;2-29>11;2-32>17;2-43>36;2-44>35;18-29>31;18-32>16;18-43>23;18-44>25;29-32>20;29-43>27;29-44>14;32-43>15;32-44>8;43-44>6,4:1 6:1 8:1 11:1 14:1 15:1 16:1 17:1 20:1 23:1 25:1 27:1 31:1 35:1 36:1,0,,0,1,,,,0,,,0
79,78,10 13 25 29 33 35,10-13>19;10-25>40;10-29>3;10-33>32;10-35>45;13-25>7;13-29>15;13-33>38;13-35>36;25-29>42;25-33>26;25-35>30;29-33>22;29-35>26;33-35>4,26:2 3:1 4:1 7:1 15:1 19:1 22:1 30:1 32:1 36:1 38:1 40:1 42:1 45:1,1,26,0,0,,,,0,,,0
80,79,3 12 24 27 30 32,3-12>30;3-24>15;3-27>6;3-30>12;3-32>34;12-24>6;12-27>42;12-30>3;12-32>37;24-27>33;24-30>42;24-32>25;27-30>36;27-32>22;30-32>19,6:2 42:2 3:1 12:1 15:1 19:1 22:1 25:1 30:1 33:1 34:1 36:1 37:1,2,6 42,0,2,,,,0,,,0
81,80,17 18 24 25 26 30,17-18>40;17-24>43;17-25>36;17-26>44;17-30>31;18-24>36;18-25>44;18-26>37;18-30>39;24-25>32;24-26>40;24-30>42;25-26>33;25-30>35;26-30>43,36:2 40:2 43:2 44:2 31:1 32:1 33:1 35:1 37:1 39:1 42:1,4,36 40 43 44,0,0,36 40 43,,44,0,0,,0
82,81,5 7 11 13 20 33,5-7>21;5-11>23;5-13>24;5-20>35;5-33>37;7-11>24;7-13>25;7-20>3;7-33>41;11-13>27;11-20>14;11-33>34;13-20>12;13-33>38;20-33>16,24:2 3:1 12:1 14:1 16:1 21:1 23:1 25:1 27:1 34:1 35:1 37:1 38:1 41:1,1,24,0,0,,,,0,,,0
83,82,1 2 3 14 27 42,1-2>24;1-3>17;1-14>30;1-27>8;1-42>35;2-3>25;2-14>23;2-27>7;2-42>37;3-14>16;3-27>6;3-42>39;14-27>10;14-42>31;27-42>12,6:1 7:1 8:1 10:1 12:1 16:1 17:1 23:1 24:1 25:1 30:1 31:1 35:1 37:1 39:1,0,,0,0,,,,0,,,0
84,83,6 10 15 17 19 34,6-10>23;6-15>18;6-17>13;6-19>2;6-34>38;10-15>20;10-17>9;10-19>13;10-34>31;15-17>4;15-19>8;15-34>41;17-19>33;17-34>21;19-34>4,4:2 13:2 2:1 8:1 9:1 18:1 20:1 21:1 23:1 31:1 33:1 38:1 41:1,2,4 13,0,1,,,,0,,,0
85,84,16 23 27 34 42 45,16-23>42;16-27>44;16-34>22;16-42>23;16-45>29;23-27>40;23-34>30;23-42>16;23-45>22;27-34>26;27-42>12;27-45>18;34-42>8;34-45>2;42-45>6,22:2 2:1 6:1 8:1 12:1 16:1 18:1 23:1 26:1 29:1 30:1 40:1 42:1 44:1,1,22,0,1,,,,0,,,0
86,85,6 8 13 23 31 36,6-8>22;6-13>17;6-23>10;6-31>41;6-36>21;8-13>18;8-23>38;8-31>45;8-36>40;13-23>3;13-31>40;13-36>35;23-31>24;23-36>19;31-36>11,40:2 3:1 10:1 11:1 17:1 18:1 19:1 21:1 22:1 24:1 35:1 38:1 41:1 45:1,1,40,0,0,,,,0,,,0
87,86,2 12 37 39 41 45,2-12>22;2-37>42;2-39>40;2-41>38;2-45>34;12-37>32;12-39>45;12-41>43;12-45>39;37-39>8;37-41>9;37-45>11;39-41>10;39-45>12;41-45>13,8:1 9:1 10:1 11:1 12:1 13:1 22:1 32:1 34:1 38:1 39:1 40:1 42:1 43:1 45:1,0,,0,1,,,,0,,,0
88,87,4 12 16 23 34 43,4-12>23;4-16>13;4-23>12;4-34>19;4-43>40;12-16>5;12-23>4;12-34>35;12-43>41;16-23>42;16-34>22;16-43>25;23-34>30;23-43>18;34-43>1,1:1 4:1 5:1 12:1 13:1 18:1 19:1 22:1 23:1 25:1 30:1 35:1 40:1 41:1 42:1,0,,0,0,,,,0,,,0
89,88,1 17 20 24 30 41,1-17>3;1-20>9;1-24>2;1-30>14;1-41>36;17-20>41;17-24>43;17-30>31;17-41>20;20-24>37;20-30>40;20-41>17;24-30>42;24-41>28;30-41>22,2:1 3:1 9:1 14:1 17:1 20:1 22:1 28:1 31:1 36:1 37:1 40:1 41:1 42:1 43:1,0,,0,0,,,,0,,,0
90,89,4 26 28 29 33 40,4-26>3;4-28>7;4-29>9;4-33>35;4-40>43;26-28>42;26-29>35;26-33>25;26-40>24;28-29>36;28-33>23;28-40>22;29-33>22;29-40>21;33-40>14,22:2 35:2 3:1 7:1 9:1 14:1 21:1 23:1 24:1 25:1 36:1 42:1 43:1,2,22 35,0,1,,,,1,,,0
91,90,17 20 29 35 38 44,17-20>41;17-29>38;17-35>23;17-38>29;17-44>26;20-29>32;20-35>5;20-38>26;20-44>23;29-35>26;29-38>17;29-44>14;35-38>14;35-44>2;38-44>11,26:3 14:2 23:2 2:1 5:1 11:1 17:1 29:1 32:1 38:1 41:1,3,26 14 23,0,1,26 14 23,,,1,1,,0
92,91,1 21 24 26 29 42,1-21>11;1-24>2;1-26>6;1-29>12;1-42>35;21-24>45;21-26>31;21-29>40;21-42>18;24-26>40;24-29>34;24-42>30;26-29>35;26-42>28;29-42>25,35:2 40:2 2:1 6:1 11:1 12:1 18:1 25:1 28:1 30:1 31:1 34:1 45:1,2,35 40,0,1,,,,1,,,0
93,92,3 14 24 33 35 36,3-14>16;3-24>15;3-33>18;3-35>31;3-36>45;14-24>4;14-33>40;14-35>38;14-36>37;24-33>27;24-35>16;24-36>18;33-35>4;33-36>12;35-36>13,4:2 16:2 18:2 12:1 13:1 15:1 27:1 31:1 37:1 38:1 40:1 45:1,3,4 16 18,0,2,4 16 18,,,0,0,,0
94,93,6 22 24 36 38 44,6-22>8;6-24>12;6-36>21;6-38>34;6-44>43;22-24>38;22-36>20;22-38>24;22-44>21;24-36>18;24-38>22;24-44>19;36-38>7;36-44>10;38-44>11,21:2 7:1 8:1 10:1 11:1 12:1 18:1 19:1 20:1 22:1 24:1 34:1 38:1 43:1,1,21,0,0,,,,0,,,0
95,94,5 32 34 40 41 45,5-32>38;5-34>36;5-40>45;5-41>44;5-45>40;32-34>3;32-40>6;32-41>14;32-45>1;34-40>7;34-41>15;34-45>2;40-41>3;40-45>5;41-45>13,3:2 1:1 2:1 5:1 6:1 7:1 13:1 14:1 15:1 36:1 38:1 40:1 44:1 45:1,1,3,0,1,,,,0,,,0
96,95,8 17 27 31 34 43,8-17>11;8-27>1;8-31>45;8-34>42;8-43>33;17-27>37;17-31>30;17-34>21;17-43>24;27-31>20;27-34>26;27-43>29;31-34>10;31-43>7;34-43>1,1:2 7:1 10:1 11:1 20:1 21:1 24:1 26:1 29:1 30:1 33:1 37:1 42:1 45:1,1,1,0,2,,,,1,,,0
97,96,1 3 8 21 22 31,1-3>17;1-8>27;1-21>11;1-22>13;1-31>16;3-8>28;3-21>9;3-22>11;3-31>35;8-21>4;8-22>6;8-31>45;21-22>44;21-31>26;22-31>25,11:2 4:1 6:1 9:1 13:1 16:1 17:1 25:1 26:1 27:1 28:1 35:1 44:1 45:1,1,11,0,0,,,,0,,,0
98,97,6 7 14 15 20 36,6-7>29;6-14>25;6-15>18;6-20>4;6-36>21;7-14>18;7-15>26;7-20>3;7-36>38;14-15>22;14-20>11;14-36>37;15-20>10;15-36>39;20-36>22,18:2 22:2 3:1 4:1 10:1 11:1 21:1 25:1 26:1 29:1 37:1 38:1 39:1,2,18 22,0,1,,,,0,,,0
99,98,6 9 16 23 24 32,6-9>30;6-16>11;6-23>10;6-24>12;6-32>40;9-16>8;9-23>7;9-24>39;9-32>31;16-23>42;16-24>35;16-32>18;23-24>31;23-32>26;24-32>25,31:2 7:1 8:1 10:1 11:1 12:1 18:1 25:1 26:1 30:1 35:1 39:1 40:1 42:1,1,31,0,0,,,,0,,,0
100,99,1 3 10 27 29 37,1-3>17;1-10>28;1-27>8;1-29>12;1-37>40;3-10>29;3-27>6;3-29>10;3-37>44;10-27>14;10-29>3;10-37>43;27-29>43;27-37>17;29-37>30,17:2 43:2 3:1 6:1 8:1 10:1 12:1 14:1 28:1 29:1 30:1 40:1 44:1,2,17 43,0,2,,,,0,,,0
101,100,1 7 11 23 37 42,1-7>19;1-11>21;1-23>15;1-37>40;1-42>35;7-11>24;7-23>9;7-37>22;7-42>32;11-23>5;11-37>45;11-42>40;23-37>21;23-42>16;37-42>2,21:2 40:2 2:1 5:1 9:1 15:1 16:1 19:1 22:1 24:1 32:1 35:1 45:1,2,21 40,0,1,,,,0,,,0
102,101,1 3 17 32 35 45,1-3>17;1-17>3;1-32>45;1-35>42;1-45>32;3-17>1;3-32>34;3-35>31;3-45>36;17-32>2;17-35>23;17-45>28;32-35>11;32-45>1;35-45>10,1:2 2:1 3:1 10:1 11:1 17:1 23:1 28:1 31:1 32:1 34:1 36:1 42:1 45:1,1,1,1,2,,,,0,,,0
103,102,17 22 24 26 35 40,17-22>42;17-24>43;17-26>44;17-35>23;17-40>18;22-24>38;22-26>39;22-35>18;22-40>28;24-26>40;24-35>16;24-40>26;26-35>29;26-40>24;35-40>15,18:2 15:1 16:1 23:1 24:1 26:1 28:1 29:1 38:1 39:1 40:1 42:1 43:1 44:1,1,18,0,0,,,,0,,,0
104,103,5 14 15 27 30 45,5-14>17;5-15>25;5-27>4;5-30>10;5-45>40;14-15>22;14-27>10;14-30>1;14-45>43;15-27>9;15-30>45;15-45>30;27-30>36;27-45>18;30-45>15,10:2 1:1 4:1 9:1 15:1 17:1 18:1 22:1 25:1 30:1 36:1 40:1 43:1 45:1,1,10,0,0,,,,0,,,0
105,104,17 32 33 34 42 44,17-32>2;17-33>19;17-34>21;17-42>22;17-44>26;32-33>10;32-34>3;32-42>7;32-44>8;33-34>11;33-42>15;33-44>1;34-42>8;34-44>9;42-44>13,8:2 1:1 2:1 3:1 7:1 9:1 10:1 11:1 13:1 15:1 19:1 21:1 22:1 26:1,1,8,0,1,,,,1,,,0
106,105,8 10 20 34 41 45,8-10>24;8-20>2;8-34>42;8-41>35;8-45>31;10-20>15;10-34>31;10-41>39;10-45>35;20-34>18;20-41>17;20-45>25;34-41>15;34-45>2;41-45>13,2:2 15:2 31:2 35:2 13:1 17:1 18:1 24:1 25:1 39:1 42:1,4,2 15 31 35,0,1,2 15 31,,35,0,0,,0
107,106,4 10 12 22 24 33,4-10>22;4-12>23;4-22>10;4-24>14;4-33>35;10-12>26;10-22>4;10-24>8;10-33>32;12-22>2;12-24>6;12-33>36;22-24>38;22-33>29;24-33>27,2:1 4:1 6:1 8:1 10:1 14:1 22:1 23:1 26:1 27:1 29:1 32:1 35:1 36:1 38:1,0,,0,1,,,,0,,,0
108,107,1 4 5 6 9 31,1-4>25;1-5>18;1-6>26;1-9>20;1-31>16;4-5>27;4-6>20;4-9>29;4-31>37;5-6>28;5-9>22;5-31>39;6-9>30;6-31>41;9-31>32,20:2 16:1 18:1 22:1 25:1 26:1 27:1 28:1 29:1 30:1 32:1 37:1 39:1 41:1,1,20,0,0,,,,0,,,0
109,108,7 18 22 23 29 44,7-18>14;7-22>37;7-23>9;7-29>6;7-44>45;18-22>35;18-23>43;18-29>31;18-44>25;22-23>45;22-29>33;22-44>21;23-29>41;23-44>20;29-44>14,14:2 45:2 6:1 9:1 20:1 21:1 25:1 31:1 33:1 35:1 37:1 41:1 43:1,2,14 45,0,1,,,,0,,,0
110,109,1 5 34 36 42 44,1-5>18;1-34>43;1-36>41;1-42>35;1-44>33;5-34>36;5-36>34;5-42>43;5-44>41;34-36>5;34-42>8;34-44>9;36-42>9;36-44>10;42-44>13,9:2 41:2 43:2 5:1 8:1 10:1 13:1 18:1 33:1 34:1 35:1 36:1,3,9 41 43,0,0,9 41 43,,,1,1,,0
111,110,7 20 22 23 29 43,7-20>3;7-22>37;7-23>9;7-29>6;7-43>31;20-22>36;20-23>44;20-29>32;20-43>21;22-23>45;22-29>33;22-43>19;23-29>41;23-43>18;29-43>27,3:1 6:1 9:1 18:1 19:1 21:1 27:1 31:1 32:1 33:1 36:1 37:1 41:1 44:1 45:1,0,,0,1,,,,0,,,0
112,111,7 18 31 33 36 40,7-18>14;7-31>43;7-33>41;7-36>38;7-40>34;18-31>29;18-33>3;18-36>24;18-40>17;31-33>2;31-36>11;31-40>13;33-36>12;33-40>14;36-40>8,14:2 2:1 3:1 8:1 11:1 12:1 13:1 17:1 24:1 29:1 34:1 38:1 41:1 43:1,1,14,0,1,,,,0,,,0
113,112,26 29 30 33 41 42,26-29>35;26-30>43;26-33>25;26-41>11;26-42>28;29-30>37;29-33>22;29-41>23;29-42>25;30-33>21;30-41>22;30-42>24;33-41>7;33-42>15;41-42>4,22:2 25:2 4:1 7:1 11:1 15:1 21:1 23:1 24:1 28:1 35:1 37:1 43:1,2,22 25,0,1,,,,0,,,0
114,113,4 9 28 33 36 45,4-9>29;4-28>7;4-33>35;4-36>32;4-45>38;9-28>2;9-33>45;9-36>42;9-45>33;28-33>23;28-36>29;28-45>17;33-36>12;33-45>9;36-45>3,29:2 2:1 3:1 7:1 9:1 12:1 17:1 23:1 32:1 33:1 35:1 38:1 42:1 45:1,1,29,0,1,,,,0,,,0
115,114,11 14 19 26 28 41,11-14>20;11-19>12;11-26>41;11-28>15;11-41>26;14-19>9;14-26>8;14-28>12;14-41>32;19-26>45;19-28>31;19-41>18;26-28>42;26-41>11;28-41>24,12:2 8:1 9:1 11:1 15:1 18:1 20:1 24:1 26:1 31:1 32:1 41:1 42:1 45:1,1,12,0,1,,,,0,,,0
116,115,1 2 6 9 25 28,1-2>24;1-6>26;1-9>20;1-25>4;1-28>10;2-6>19;2-9>28;2-25>3;2-28>9;6-9>30;6-25>14;6-28>5;9-25>11;9-28>2;25-28>34,2:1 3:1 4:1 5:1 9:1 10:1 11:1 14:1 19:1 20:1 24:1 26:1 28:1 30:1 34:1,0,,0,2,,,,0,,,0
117,116,2 4 25 31 34 37,2-4>18;2-25>3;2-31>33;2-34>45;2-37>42;4-25>1;4-31>37;4-34>19;4-37>31;25-31>22;25-34>28;25-37>19;31-34>10;31-37>4;34-37>13,19:2 1:1 3:1 4:1 10:1 13:1 18:1 22:1 28:1 31:1 33:1 37:1 42:1 45:1,1,19,0,1,,,,0,,,0
118,117,5 10 22 34 36 44,5-10>30;5-22>9;5-34>36;5-36>34;5-44>41;10-22>4;10-34>31;10-36>44;10-44>36;22-34>16;22-36>20;22-44>21;34-36>5;34-44>9;36-44>10,9:2 36:2 4:1 5:1 10:1 16:1 20:1 21:1 30:1 31:1 34:1 41:1 44:1,2,9 36,1,2,,,,0,,,0
119,118,3 4 10 17 19 22,3-4>26;3-10>29;3-17>1;3-19>5;3-22>11;4-10>22;4-17>15;4-19>34;4-22>10;10-17>9;10-19>13;10-22>4;17-19>33;17-22>42;19-22>43,1:1 4:1 5:1 9:1 10:1 11:1 13:1 15:1 22:1 26:1 29:1 33:1 34:1 42:1 43:1,0,,0,2,,,,0,,,0
120,119,3 11 13 14 17 21,3-11>22;3-13>23;3-14>16;3-17>1;3-21>9;11-13>27;11-14>20;11-17>8;11-21>1;13-14>21;13-17>6;13-21>14;14-17>5;14-21>13;17-21>34,1:2 5:1 6:1 8:1 9:1 13:1 14:1 16:1 20:1 21:1 22:1 23:1 27:1 34:1,1,1,0,1,,,,0,,,0
121,120,4 6 10 11 32 37,4-6>20;4-10>22;4-11>30;4-32>36;4-37>31;6-10>23;6-11>16;6-32>40;6-37>35;10-11>18;10-32>33;10-37>43;11-32>35;11-37>45;32-37>12,35:2 12:1 16:1 18:1 20:1 22:1 23:1 30:1 31:1 33:1 36:1 40:1 43:1 45:1,1,35,0,0,,,,0,,,0
122,121,12 28 30 34 38 43,12-28>14;12-30>3;12-34>35;12-38>31;12-43>41;28-30>44;28-34>25;28-38>18;28-43>13;30-34>23;30-38>16;30-43>26;34-38>6;34-43>1;38-43>3,3:2 1:1 6:1 13:1 14:1 16:1 18:1 23:1 25:1 26:1 31:1 35:1 41:1 44:1,1,3,0,0,,,,0,,,0
123,122,1 11 16 17 36 40,1-11>21;1-16>31;1-17>3;1-36>41;1-40>37;11-16>6;11-17>8;11-36>31;11-40>42;16-17>39;16-36>26;16-40>19;17-36>25;17-40>18;36-40>8,8:2 31:2 3:1 6:1 18:1 19:1 21:1 25:1 26:1 37:1 39:1 41:1 42:1,2,8 31,0,1,,,,0,,,0
124,123,7 17 18 28 30 45,7-17>12;7-18>14;7-28>4;7-30>8;7-45>44;17-18>40;17-28>45;17-30>31;17-45>28;18-28>38;18-30>39;18-45>27;28-30>44;28-45>17;30-45>15,44:2 4:1 8:1 12:1 14:1 15:1 17:1 27:1 28:1 31:1 38:1 39:1 40:1 45:1,1,44,0,0,,,,0,,,0
125,124,4 16 23 25 29 42,4-16>13;4-23>12;4-25>1;4-29>9;4-42>41;16-23>42;16-25>43;16-29>45;16-42>23;23-25>39;23-29>41;23-42>16;25-29>42;25-42>29;29-42>25,41:2 42:2 1:1 9:1 12:1 13:1 16:1 23:1 25:1 29:1 39:1 43:1 45:1,2,41 42,1,0,,,,0,,,0
126,125,2 8 32 33 35 36,2-8>20;2-32>17;2-33>31;2-35>44;2-36>43;8-32>44;8-33>43;8-35>41;8-36>40;32-33>10;32-35>11;32-36>4;33-35>4;33-36>12;35-36>13,4:2 43:2 44:2 10:1 11:1 12:1 13:1 17:1 20:1 31:1 40:1 41:1,3,4 43 44,0,0,4 43 44,,,1,1,,0
127,126,7 20 22 27 40 43,7-20>3;7-22>37;7-27>2;7-40>34;7-43>31;20-22>36;20-27>31;20-40>30;20-43>21;22-27>32;22-40>28;22-43>19;27-40>23;27-43>29;40-43>4,31:2 2:1 3:1 4:1 19:1 21:1 23:1 28:1 29:1 30:1 32:1 34:1 36:1 37:1,1,31,0,1,,,,0,,,0
128,127,3 5 10 29 32 43,3-5>19;3-10>29;3-29>10;3-32>34;3-43>38;5-10>30;5-29>8;5-32>38;5-43>42;10-29>3;10-32>33;10-43>37;29-32>20;29-43>27;32-43>15,38:2 3:1 8:1 10:1 15:1 19:1 20:1 27:1 29:1 30:1 33:1 34:1 37:1 42:1,1,38,0,0,,,,0,,,0
129,128,12 30 34 36 37 45,12-30>3;12-34>35;12-36>33;12-37>32;12-45>39;30-34>23;30-36>27;30-37>29;30-45>15;34-36>5;34-37>13;34-45>2;36-37>14;36-45>3;37-45>11,3:2 2:1 5:1 11:1 13:1 14:1 15:1 23:1 27:1 29:1 32:1 33:1 35:1 39:1,1,3,0,0,,,,0,,,0
130,129,19 23 25 28 38 42,19-23>36;19-25>37;19-28>31;19-38>27;19-42>20;23-25>39;23-28>33;23-38>8;23-42>16;25-28>34;25-38>21;25-42>29;28-38>18;28-42>26;38-42>10,8:1 10:1 16:1 18:1 20:1 21:1 26:1 27:1 29:1 31:1 33:1 34:1 36:1 37:1 39:1,0,,0,2,,,,0,,,0
131,130,7 19 24 27 42 45,7-19>1;7-24>11;7-27>2;7-42>32;7-45>44;19-24>44;19-27>38;19-42>20;19-45>26;24-27>33;24-42>30;24-45>21;27-42>12;27-45>18;42-45>6,44:2 1:1 2:1 6:1 11:1 12:1 18:1 20:1 21:1 26:1 30:1 32:1 33:1 38:1,1,44,0,0,,,,0,,,0
132,131,8 10 11 14 15 21,8-10>24;8-11>17;8-14>26;8-15>19;8-21>4;10-11>18;10-14>27;10-15>20;10-21>2;11-14>20;11-15>28;11-21>1;14-15>22;14-21>13;15-21>12,20:2 1:1 2:1 4:1 12:1 13:1 17:1 18:1 19:1 22:1 24:1 26:1 27:1 28:1,1,20,0,0,,,,0,,,0
133,132,3 17 23 34 41 45,3-17>1;3-23>13;3-34>32;3-41>40;3-45>36;17-23>35;17-34>21;17-41>20;17-45>28;23-34>30;23-41>29;23-45>22;34-41>15;34-45>2;41-45>13,13:2 1:1 2:1 15:1 20:1 21:1 22:1 28:1 29:1 30:1 32:1 35:1 36:1 40:1,1,13,0,1,,,,0,,,0
134,133,4 7 15 18 23 26,4-7>28;4-15>17;4-18>2;4-23>12;4-26>3;7-15>26;7-18>14;7-23>9;7-26>15;15-18>6;15-23>1;15-26>7;18-23>43;18-26>37;23-26>32,1:1 2:1 3:1 6:1 7:1 9:1 12:1 14:1 15:1 17:1 26:1 28:1 32:1 37:1 43:1,0,,0,1,,,,0,,,0
135,134,3 12 20 23 31 35,3-12>30;3-20>7;3-23>13;3-31>35;3-35>31;12-20>13;12-23>4;12-31>38;12-35>34;20-23>44;20-31>27;20-35>5;23-31>24;23-35>17;31-35>3,13:2 3:1 4:1 5:1 7:1 17:1 24:1 27:1 30:1 31:1 34:1 35:1 38:1 44:1,1,13,0,1,,,,0,,,0
136,135,6 14 22 28 35 39,6-14>25;6-22>8;6-28>5;6-35>37;6-39>33;14-22>15;14-28>12;14-35>38;14-39>34;22-28>40;22-35>18;22-39>26;28-35>27;28-39>20;35-39>7,5:1 7:1 8:1 12:1 15:1 18:1 20:1 25:1 26:1 27:1 33:1 34:1 37:1 38:1 40:1,0,,0,0,,,,0,,,0
137,136,2 16 30 36 41 42,2-16>15;2-30>13;2-36>43;2-41>38;2-42>37;16-30>38;16-36>26;16-41>21;16-42>23;30-36>27;30-41>22;30-42>24;36-41>1;36-42>9;41-42>4,38:2 1:1 4:1 9:1 13:1 15:1 21:1 22:1 23:1 24:1 26:1 27:1 37:1 43:1,1,38,0,1,,,,0,,,0
138,137,7 9 20 25 36 39,7-9>23;7-20>3;7-25>13;7-36>38;7-39>35;9-20>1;9-25>11;9-36>42;9-39>24;20-25>45;20-36>22;20-39>28;25-36>17;25-39>23;36-39>15,23:2 1:1 3:1 11:1 13:1 15:1 17:1 22:1 24:1 28:1 35:1 38:1 42:1 45:1,1,23,0,1,,,,0,,,0
139,138,10 11 27 28 37 39,10-11>18;10-27>14;10-28>1;10-37>43;10-39>41;11-27>13;11-28>15;11-37>45;11-39>43;27-28>35;27-37>17;27-39>21;28-37>16;28-39>20;37-39>8,43:2 1:1 8:1 13:1 14:1 15:1 16:1 17:1 18:1 20:1 21:1 35:1 41:1 45:1,1,43,0,2,,,,1,,,0
140,139,9 11 15 20 28 43,9-11>25;9-15>27;9-20>1;9-28>2;9-43>35;11-15>28;11-20>14;11-28>15;11-43>39;15-20>10;15-28>11;15-43>32;20-28>39;20-43>21;28-43>13,39:2 1:1 2:1 10:1 11:1 13:1 14:1 15:1 21:1 25:1 27:1 28:1 32:1 35:1,1,39,0,1,,,,0,,,0
141,140,3 13 17 18 19 28,3-13>23;3-17>1;3-18>33;3-19>5;3-28>8;13-17>6;13-18>8;13-19>10;13-28>43;17-18>40;17-19>33;17-28>45;18-19>41;18-28>38;19-28>31,8:2 33:2 1:1 5:1 6:1 10:1 23:1 31:1 38:1 40:1 41:1 43:1 45:1,2,8 33,0,0,,,,1,,,0
142,141,8 12 29 31 42 43,8-12>25;8-29>5;8-31>45;8-42>34;8-43>33;12-29>1;12-31>38;12-42>27;12-43>41;29-31>18;29-42>25;29-43>27;31-42>14;31-43>7;42-43>5,5:2 25:2 27:2 1:1 7:1 14:1 18:1 33:1 34:1 38:1 41:1 45:1,3,5 25 27,0,1,5 25 27,,,0,0,,0
143,142,12 16 30 34 40 44,12-16>5;12-30>3;12-34>35;12-40>44;12-44>40;16-30>38;16-34>22;16-40>19;16-44>27;30-34>23;30-40>20;30-44>28;34-40>7;34-44>9;40-44>12,3:1 5:1 7:1 9:1 12:1 19:1 20:1 22:1 23:1 27:1 28:1 35:1 38:1 40:1 44:1,0,,0,0,,,,0,,,0
144,143,26 27 28 42 43 45,26-27>34;26-28>42;26-42>28;26-43>30;26-45>19;27-28>35;27-42>12;27-43>29;27-45>18;28-42>26;28-43>13;28-45>17;42-43>5;42-45>6;43-45>14,5:1 6:1 12:1 13:1 14:1 17:1 18:1 19:1 26:1 28:1 29:1 30:1 34:1 35:1 42:1,0,,0,1,,,,0,,,0
145,144,4 15 17 26 36 37,4-15>17;4-17>15;4-26>3;4-36>32;4-37>31;15-17>4;15-26>7;15-36>39;15-37>38;17-26>44;17-36>25;17-37>27;26-36>16;26-37>18;36-37>14,3:1 4:1 7:1 14:1 15:1 16:1 17:1 18:1 25:1 27:1 31:1 32:1 38:1 39:1 44:1,0,,0,0,,,,0,,,0
146,145,2 3 13 20 27 44,2-3>25;2-13>30;2-20>8;2-27>7;2-44>35;3-13>23;3-20>7;3-27>6;3-44>37;13-20>12;13-27>11;13-44>42;20-27>31;20-44>23;27-44>16,7:2 23:2 6:1 8:1 11:1 12:1 16:1 25:1 30:1 31:1 35:1 37:1 42:1,2,7 23,0,2,,,,0,,,0
147,146,2 19 27 35 41 42,2-19>6;2-27>7;2-35>44;2-41>38;2-42>37;19-27>38;19-35>21;19-41>18;19-42>20;27-35>28;27-41>25;27-42>12;35-41>8;35-42>1;41-42>4,38:2 1:1 4:1 6:1 7:1 8:1 12:1 18:1 20:1 21:1 25:1 28:1 37:1 44:1,1,38,0,1,,,,0,,,0
148,147,4 6 13 21 40 42,4-6>20;4-13>16;4-21>8;4-40>43;4-42>41;6-13>17;6-21>36;6-40>32;6-42>45;13-21>14;13-40>31;13-42>44;21-40>29;21-42>18;40-42>11,8:1 11:1 14:1 16:1 17:1 18:1 20:1 29:1 31:1 32:1 36:1 41:1 43:1 44:1 45:1,0,,0,1,,,,0,,,0
149,148,21 25 33 34 35 36,21-25>38;21-33>30;21-34>17;21-35>19;21-36>6;25-33>26;25-34>28;25-35>30;25-36>17;33-34>11;33-35>4;33-36>12;34-35>12;34-36>5;35-36>13,12:2 17:2 30:2 4:1 5:1 6:1 11:1 13:1 19:1 26:1 28:1 38:1,3,12 17 30,0,2,12 17 30,,,0,0,,0
150,149,2 11 21 34 41 42,2-11>29;2-21>10;2-34>45;2-41>38;2-42>37;11-21>1;11-34>33;11-41>26;11-42>40;21-34>17;21-41>16;21-42>18;34-41>15;34-42>8;41-42>4,1:1 4:1 8:1 10:1 15:1 16:1 17:1 18:1 26:1 29:1 33:1 37:1 38:1 40:1 45:1,0,,0,1,,,,0,,,0
151,150,2 18 25 28 37 39,2-18>4;2-25>3;2-28>9;2-37>42;2-39>40;18-25>44;18-28>38;18-37>26;18-39>30;25-28>34;25-37>19;25-39>23;28-37>16;28-39>20;37-39>8,3:1 4:1 8:1 9:1 16:1 19:1 20:1 23:1 26:1 30:1 34:1 38:1 40:1 42:1 44:1,0,,0,2,,,,0,,,0
152,151,1 2 10 13 18 19,1-2>24;1-10>28;1-13>22;1-18>5;1-19>7;2-10>21;2-13>30;2-18>4;2-19>6;10-13>19;10-18>11;10-19>13;13-18>8;13-19>10;18-19>41,4:1 5:1 6:1 7:1 8:1 10:1 11:1 13:1 19:1 21:1 22:1 24:1 28:1 30:1 41:1,0,,0,2,,,,0,,,0
153,152,1 5 13 26 29 34,1-5>18;1-13>22;1-26>6;1-29>12;1-34>43;5-13>24;5-26>2;5-29>8;5-34>36;13-26>9;13-29>15;13-34>37;26-29>35;26-34>27;29-34>24,24:2 2:1 6:1 8:1 9:1 12:1 15:1 18:1 22:1 27:1 35:1 36:1 37:1 43:1,1,24,0,1,,,,0,,,0
154,153,3 8 11 12 13 36,3-8>28;3-11>22;3-12>30;3-13>23;3-36>45;8-11>17;8-12>25;8-13>18;8-36>40;11-12>19;11-13>27;11-36>31;12-13>20;12-36>33;13-36>35,17:1 18:1 19:1 20:1 22:1 23:1 25:1 27:1 28:1 30:1 31:1 33:1 35:1 40:1 45:1,0,,0,0,,,,0,,,0
155,154,6 19 21 35 40 45,6-19>2;6-21>36;6-35>37;6-40>32;6-45>42;19-21>35;19-35>21;19-40>16;19-45>26;21-35>19;21-40>29;21-45>24;35-40>15;35-45>10;40-45>5,2:1 5:1 10:1 15:1 16:1 19:1 21:1 24:1 26:1 29:1 32:1 35:1 36:1 37:1 42:1,0,,0,1,,,,0,,,0
156,155,16 19 20 32 33 41,16-19>40;16-20>33;16-32>18;16-33>20;16-41>21;19-20>42;19-32>30;19-33>17;19-41>18;20-32>29;20-33>16;20-41>17;32-33>10;32-41>14;33-41>7,17:2 18:2 7:1 10:1 14:1 16:1 20:1 21:1 29:1 30:1 33:1 40:1 42:1,2,17 18,0,0,,,,1,,,0
157,156,5 18 28 30 42 45,5-18>1;5-28>6;5-30>10;5-42>43;5-45>40;18-28>38;18-30>39;18-42>21;18-45>27;28-30>44;28-42>26;28-45>17;30-42>24;30-45>15;42-45>6,6:2 1:1 10:1 15:1 17:1 21:1 24:1 26:1 27:1 38:1 39:1 40:1 43:1 44:1,1,6,0,1,,,,0,,,0
158,157,19 26 30 33 35 39,19-26>45;19-30>32;19-33>17;19-35>21;19-39>29;26-30>43;26-33>25;26-35>29;26-39>22;30-33>21;30-35>25;30-39>18;33-35>4;33-39>6;35-39>7,21:2 25:2 29:2 4:1 6:1 7:1 17:1 18:1 22:1 32:1 43:1 45:1,3,21 25 29,0,0,21 25 29,,,1,1,,0
159,158,4 9 13 18 21 34,4-9>29;4-13>16;4-18>2;4-21>8;4-34>19;9-13>26;9-18>12;9-21>3;9-34>44;13-18>8;13-21>14;13-34>37;18-21>42;18-34>20;21-34>17,8:2 2:1 3:1 12:1 14:1 16:1 17:1 19:1 20:1 26:1 29:1 37:1 42:1 44:1,1,8,0,1,,,,0,,,0
160,159,1 18 30 41 42 43,1-18>5;1-30>14;1-41>36;1-42>35;1-43>34;18-30>39;18-41>19;18-42>21;18-43>23;30-41>22;30-42>24;30-43>26;41-42>4;41-43>12;42-43>5,5:2 4:1 12:1 14:1 19:1 21:1 22:1 23:1 24:1 26:1 34:1 35:1 36:1 39:1,1,5,0,1,,,,0,,,0
161,160,3 7 8 34 39 41,3-7>20;3-8>28;3-34>32;3-39>42;3-41>40;7-8>30;7-34>40;7-39>35;7-41>33;8-34>42;8-39>37;8-41>35;34-39>14;34-41>15;39-41>10,35:2 40:2 42:2 10:1 14:1 15:1 20:1 28:1 30:1 32:1 33:1 37:1,3,35 40 42,0,1,35 40 42,,,2,2,,0
162,161,22 34 36 40 42 45,22-34>16;22-36>20;22-40>28;22-42>17;22-45>23;34-36>5;34-40>7;34-42>8;34-45>2;36-40>8;36-42>9;36-45>3;40-42>11;40-45>5;42-45>6,5:2 8:2 2:1 3:1 6:1 7:1 9:1 11:1 16:1 17:1 20:1 23:1 28:1,2,5 8,0,0,,,,1,,,0
163,162,1 5 21 25 38 41,1-5>18;1-21>11;1-25>4;1-38>39;1-41>36;5-21>7;5-25>15;5-38>32;5-41>44;21-25>38;21-38>25;21-41>16;25-38>21;25-41>27;38-41>2,2:1 4:1 7:1 11:1 15:1 16:1 18:1 21:1 25:1 27:1 32:1 36:1 38:1 39:1 44:1,0,,0,0,,,,0,,,0
164,163,7 11 26 28 29 44,7-11>24;7-26>15;7-28>4;7-29>6;7-44>45;11-26>41;11-28>15;11-29>2;11-44>38;26-28>42;26-29>35;26-44>17;28-29>36;28-44>30;29-44>14,15:2 2:1 4:1 6:1 14:1 17:1 24:1 30:1 35:1 36:1 38:1 41:1 42:1 45:1,1,15,0,1,,,,0,,,0
165,164,6 9 10 11 39 41,6-9>30;6-10>23;6-11>16;6-39>33;6-41>31;9-10>17;9-11>25;9-39>24;9-41>37;10-11>18;10-39>41;10-41>39;11-39>43;11-41>26;39-41>10,10:1 16:1 17:1 18:1 23:1 24:1 25:1 26:1 30:1 31:1 33:1 37:1 39:1 41:1 43:1,0,,0,0,,,,0,,,0
166,165,5 13 18 19 22 42,5-13>24;5-18>1;5-19>3;5-22>9;5-42>43;13-18>8;13-19>10;13-22>1;13-42>44;18-19>41;18-22>35;18-42>21;19-22>43;19-42>20;22-42>17,1:2 43:2 3:1 8:1 9:1 10:1 17:1 20:1 21:1 24:1 35:1 41:1 44:1,2,1 43,0,0,,,,0,,,0
167,166,9 12 27 36 39 45,9-12>18;9-27>15;9-36>42;9-39>24;9-45>33;12-27>42;12-36>33;12-39>45;12-45>39;27-36>30;27-39>21;27-45>18;36-39>15;36-45>3;39-45>12,15:2 18:2 33:2 42:2 3:1 12:1 21:1 24:1 30:1 39:1 45:1,4,15 18 33 42,0,3,15 18 33,,42,0,0,,0
168,167,24 27 28 30 36 39,24-27>33;24-28>41;24-30>42;24-36>18;24-39>9;27-28>35;27-30>36;27-36>30;27-39>21;28-30>44;28-36>29;28-39>20;30-36>27;30-39>18;36-39>15,18:2 9:1 15:1 20:1 21:1 27:1 29:1 30:1 33:1 35:1 36:1 41:1 42:1 44:1,1,18,0,0,,,,0,,,0
169,168,3 10 31 40 42 43,3-10>29;3-31>35;3-40>41;3-42>39;3-43>38;10-31>34;10-40>25;10-42>38;10-43>37;31-40>13;31-42>14;31-43>7;40-42>11;40-43>4;42-43>5,38:2 4:1 5:1 7:1 11:1 13:1 14:1 25:1 29:1 34:1 35:1 37:1 39:1 41:1,1,38,0,1,,,,0,,,0
170,169,16 27 35 37 43 45,16-27>44;16-35>24;16-37>28;16-43>25;16-45>29;27-35>28;27-37>17;27-43>29;27-45>18;35-37>6;35-43>9;35-45>10;37-43>10;37-45>11;43-45>14,10:2 28:2 29:2 6:1 9:1 11:1 14:1 17:1 18:1 24:1 25:1 44:1,3,10 28 29,0,0,10 28 29,,,0,0,,0
171,170,2 11 13 15 31 42,2-11>29;2-13>30;2-15>16;2-31>33;2-42>37;11-13>27;11-15>28;11-31>36;11-42>40;13-15>29;13-31>40;13-42>44;15-31>44;15-42>33;31-42>14,29:2 33:2 40:2 44:2 14:1 16:1 27:1 28:1 30:1 36:1 37:1,4,29 33 40 44,0,0,29 33 40,,44,1,1,,0
172,171,4 16 25 29 34 35,4-16>13;4-25>1;4-29>9;4-34>19;4-35>33;16-25>43;16-29>45;16-34>22;16-35>24;25-29>42;25-34>28;25-35>30;29-34>24;29-35>26;34-35>12,24:2 1:1 9:1 12:1 13:1 19:1 22:1 26:1 28:1 30:1 33:1 42:1 43:1 45:1,1,24,0,1,,,,1,,,0
173,172,4 19 21 24 26 41,4-19>34;4-21>8;4-24>14;4-26>3;4-41>42;19-21>35;19-24>44;19-26>45;19-41>18;21-24>45;21-26>31;21-41>16;24-26>40;24-41>28;26-41>11,45:2 3:1 8:1 11:1 14:1 16:1 18:1 28:1 31:1 34:1 35:1 40:1 42:1 44:1,1,45,0,1,,,,0,,,0
174,173,3 9 24 30 33 34,3-9>21;3-24>15;3-30>12;3-33>18;3-34>32;9-24>39;9-30>6;9-33>45;9-34>44;24-30>42;24-33>27;24-34>29;30-33>21;30-34>23;33-34>11,21:2 6:1 11:1 12:1 15:1 18:1 23:1 27:1 29:1 32:1 39:1 42:1 44:1 45:1,1,21,0,0,,,,0,,,0
175,174,13 14 18 22 35 39,13-14>21;13-18>8;13-22>1;13-35>36;13-39>32;14-18>7;14-22>15;14-35>38;14-39>34;18-22>35;18-35>22;18-39>30;22-35>18;22-39>26;35-39>7,7:2 1:1 8:1 15:1 18:1 21:1 22:1 26:1 30:1 32:1 34:1 35:1 36:1 38:1,1,7,0,0,,,,0,,,0
176,175,19 26 28 31 33 36,19-26>45;19-28>31;19-31>28;19-33>17;19-36>23;26-28>42;26-31>21;26-33>25;26-36>16;28-31>19;28-33>23;28-36>29;31-33>2;31-36>11;33-36>12,23:2 2:1 11:1 12:1 16:1 17:1 19:1 21:1 25:1 28:1 29:1 31:1 42:1 45:1,1,23,0,1,,,,0,,,0
177,176,4 17 30 32 33 34,4-17>15;4-30>11;4-32>36;4-33>35;4-34>19;17-30>31;17-32>2;17-33>19;17-34>21;30-32>19;30-33>21;30-34>23;32-33>10;32-34>3;33-34>11,19:3 11:2 21:2 2:1 3:1 10:1 15:1 23:1 31:1 35:1 36:1,3,19 11 21,0,0,19 11 21,,,0,0,,0
178,177,1 10 13 16 37 43,1-10>28;1-13>22;1-16>31;1-37>40;1-43>34;10-13>19;10-16>7;10-37>43;10-43>37;13-16>4;13-37>34;13-43>28;16-37>28;16-43>25;37-43>10,28:3 34:2 4:1 7:1 10:1 19:1 22:1 25:1 31:1 37:1 40:1 43:1,2,28 34,0,1,,,,0,,,0
179,178,1 5 11 12 18 23,1-5>18;1-11>21;1-12>29;1-18>5;1-23>15;5-11>23;5-12>16;5-18>1;5-23>11;11-12>19;11-18>10;11-23>5;12-18>9;12-23>4;18-23>43,5:2 1:1 4:1 9:1 10:1 11:1 15:1 16:1 18:1 19:1 21:1 23:1 29:1 43:1,1,5,1,1,,,,1,,,0
180,179,5 9 17 25 39 43,5-9>22;5-17>14;5-25>15;5-39>31;5-43>42;9-17>10;9-25>11;9-39>24;9-43>35;17-25>36;17-39>16;17-43>24;25-39>23;25-43>16;39-43>11,11:2 16:2 24:2 10:1 14:1 15:1 22:1 23:1 31:1 35:1 36:1 42:1,3,11 16 24,0,0,11 16 24,,,0,0,,0
181,180,2 15 20 21 29 34,2-15>16;2-20>8;2-21>10;2-29>11;2-34>45;15-20>10;15-21>12;15-29>13;15-34>41;20-21>43;20-29>32;20-34>18;21-29>40;21-34>17;29-34>24,10:2 8:1 11:1 12:1 13:1 16:1 17:1 18:1 24:1 32:1 40:1 41:1 43:1 45:1,1,10,0,1,,,,0,,,0
182,181,14 21 23 32 40 45,14-21>13;14-23>2;14-32>41;14-40>33;14-45>43;21-23>37;21-32>28;21-40>29;21-45>24;23-32>26;23-40>27;23-45>22;32-40>6;32-45>1;40-45>5,1:1 2:1 5:1 6:1 13:1 22:1 24:1 26:1 27:1 28:1 29:1 33:1 37:1 41:1 43:1,0,,0,1,,,,0,,,0
183,182,13 15 27 29 34 40,13-15>29;13-27>11;13-29>15;13-34>37;13-40>31;15-27>9;15-29>13;15-34>41;15-40>35;27-29>43;27-34>26;27-40>23;29-34>24;29-40>21;34-40>7,7:1 9:1 11:1 13:1 15:1 21:1 23:1 24:1 26:1 29:1 31:1 35:1 37:1 41:1 43:1,0,,0,2,,,,0,,,0
184,183,2 18 24 34 40 42,2-18>4;2-24>1;2-34>45;2-40>39;2-42>37;18-24>36;18-34>20;18-40>17;18-42>21;24-34>29;24-40>26;24-42>30;34-40>7;34-42>8;40-42>11,1:1 4:1 7:1 8:1 11:1 17:1 20:1 21:1 26:1 29:1 30:1 36:1 37:1 39:1 45:1,0,,0,1,,,,0,,,0
185,184,1 2 6 16 20 33,1-2>24;1-6>26;1-16>31;1-20>9;1-33>44;2-6>19;2-16>15;2-20>8;2-33>31;6-16>11;6-20>4;6-33>39;16-20>33;16-33>20;20-33>16,31:2 4:1 8:1 9:1 11:1 15:1 16:1 19:1 20:1 24:1 26:1 33:1 39:1 44:1,1,31,0,2,,,,0,,,0
186,185,1 2 4 8 19 38,1-2>24;1-4>25;1-8>27;1-19>7;1-38>39;2-4>18;2-8>20;2-19>6;2-38>41;4-8>21;4-19>34;4-38>45;8-19>15;8-38>23;19-38>27,27:2 6:1 7:1 15:1 18:1 20:1 21:1 23:1 24:1 25:1 34:1 39:1 41:1 45:1,1,27,0,2,,,,0,,,0
187,186,4 10 14 19 21 45,4-10>22;4-14>24;4-19>34;4-21>8;4-45>38;10-14>27;10-19>13;10-21>2;10-45>35;14-19>9;14-21>13;14-45>43;19-21>35;19-45>26;21-45>24,13:2 24:2 35:2 2:1 8:1 9:1 22:1 26:1 27:1 34:1 38:1 43:1,3,13 24 35,0,0,13 24 35,,,0,0,,0
188,187,1 2 8 18 29 38,1-2>24;1-8>27;1-18>5;1-29>12;1-38>39;2-8>20;2-18>4;2-29>11;2-38>41;8-18>13;8-29>5;8-38>23;18-29>31;18-38>28;29-38>17,5:2 4:1 11:1 12:1 13:1 17:1 20:1 23:1 24:1 27:1 28:1 31:1 39:1 41:1,1,5,0,0,,,,0,,,0
189,188,19 24 27 30 31 34,19-24>44;19-27>38;19-30>32;19-31>28;19-34>4;24-27>33;24-30>42;24-31>23;24-34>29;27-30>36;27-31>20;27-34>26;30-31>17;30-34>23;31-34>10,23:2 4:1 10:1 17:1 20:1 26:1 28:1 29:1 32:1 33:1 36:1 38:1 42:1 44:1,1,23,0,0,,,,0,,,0
190,189,8 14 32 35 37 45,8-14>26;8-32>44;8-35>41;8-37>39;8-45>31;14-32>41;14-35>38;14-37>36;14-45>43;32-35>11;32-37>12;32-45>1;35-37>6;35-45>10;37-45>11,11:2 41:2 1:1 6:1 10:1 12:1 26:1 31:1 36:1 38:1 39:1 43:1 44:1,2,11 41,0,2,,,,0,,,0
191,190,8 14 18 30 31 44,8-14>26;8-18>13;8-30>7;8-31>45;8-44>32;14-18>7;14-30>1;14-31>42;14-44>29;18-30>39;18-31>29;18-44>25;30-31>17;30-44>28;31-44>15,7:2 29:2 1:1 13:1 15:1 17:1 25:1 26:1 28:1 32:1 39:1 42:1 45:1,2,7 29,0,0,,,,0,,,0
192,191,5 6 24 25 32 37,5-6>28;5-24>13;5-25>15;5-32>38;5-37>33;6-24>12;6-25>14;6-32>40;6-37>35;24-25>32;24-32>25;24-37>20;25-32>24;25-37>19;32-37>12,12:2 13:1 14:1 15:1 19:1 20:1 24:1 25:1 28:1 32:1 33:1 35:1 38:1 40:1,1,12,0,1,,,,0,,,0
193,192,4 8 11 18 37 45,4-8>21;4-11>30;4-18>2;4-37>31;4-45>38;8-11>17;8-18>13;8-37>39;8-45>31;11-18>10;11-37>45;11-45>37;18-37>26;18-45>27;37-45>11,31:2 2:1 10:1 11:1 13:1 17:1 21:1 26:1 27:1 30:1 37:1 38:1 39:1 45:1,1,31,0,1,,,,0,,,0
194,193,6 14 18 26 36 39,6-14>25;6-18>15;6-26>1;6-36>21;6-39>33;14-18>7;14-26>8;14-36>37;14-39>34;18-26>37;18-36>24;18-39>30;26-36>16;26-39>22;36-39>15,15:2 37:2 1:1 7:1 8:1 16:1 21:1 22:1 24:1 25:1 30:1 33:1 34:1,2,15 37,0,2,,,,1,,,0
195,194,15 20 23 26 39 44,15-20>10;15-23>1;15-26>7;15-39>36;15-44>31;20-23>44;20-26>38;20-39>28;20-44>23;23-26>32;23-39>25;23-44>20;26-39>22;26-44>17;39-44>4,1:1 4:1 7:1 10:1 17:1 20:1 22:1 23:1 25:1 28:1 31:1 32:1 36:1 38:1 44:1,0,,0,0,,,,0,,,0
196,195,7 10 19 22 35 40,7-10>16;7-19>1;7-22>37;7-35>39;7-40>34;10-19>13;10-22>4;10-35>45;10-40>25;19-22>43;19-35>21;19-40>16;22-35>18;22-40>28;35-40>15,16:2 1:1 4:1 13:1 15:1 18:1 21:1 25:1 28:1 34:1 37:1 39:1 43:1 45:1,1,16,0,1,,,,0,,,0
197,196,35 36 37 41 44 45,35-36>13;35-37>6;35-41>8;35-44>2;35-45>10;36-37>14;36-41>1;36-44>10;36-45>3;37-41>9;37-44>3;37-45>11;41-44>5;41-45>13;44-45>7,3:2 10:2 13:2 1:1 2:1 5:1 6:1 7:1 8:1 9:1 11:1 14:1,3,3 10 13,0,1,3 10 13,,,0,0,,0
198,197,7 12 16 34 42 45,7-12>17;7-16>10;7-34>40;7-42>32;7-45>44;12-16>5;12-34>35;12-42>27;12-45>39;16-34>22;16-42>23;16-45>29;34-42>8;34-45>2;42-45>6,2:1 5:1 6:1 8:1 10:1 17:1 22:1 23:1 27:1 29:1 32:1 35:1 39:1 40:1 44:1,0,,0,2,,,,0,,,0
199,198,12 19 20 25 41 45,12-19>11;12-20>13;12-25>8;12-41>43;12-45>39;19-20>42;19-25>37;19-41>18;19-45>26;20-25>45;20-41>17;20-45>25;25-41>27;25-45>20;41-45>13,13:2 8:1 11:1 17:1 18:1 20:1 25:1 26:1 27:1 37:1 39:1 42:1 43:1 45:1,1,13,0,1,,,,0,,,0
200,199,14 21 22 25 30 36,14-21>13;14-22>15;14-25>6;14-30>1;14-36>37;21-22>44;21-25>38;21-30>33;21-36>6;22-25>31;22-30>41;22-36>20;25-30>35;25-36>17;30-36>27,6:2 1:1 13:1 15:1 17:1 20:1 27:1 31:1 33:1 35:1 37:1 38:1 41:1 44:1,1,6,0,1,,,,1,,,0
201,200,5 6 13 14 17 20,5-6>28;5-13>24;5-14>17;5-17>14;5-20>35;6-13>17;6-14>25;6-17>13;6-20>4;13-14>21;13-17>6;13-20>12;14-17>5;14-20>11;17-20>41,17:2 4:1 5:1 6:1 11:1 12:1 13:1 14:1 21:1 24:1 25:1 28:1 35:1 41:1,1,17,1,0,,,,0,,,0
202,201,3 11 24 38 39 44,3-11>22;3-24>15;3-38>43;3-39>42;3-44>37;11-24>7;11-38>44;11-39>43;11-44>38;24-38>22;24-39>9;24-44>19;38-39>1;38-44>11;39-44>4,22:2 43:2 1:1 4:1 7:1 9:1 11:1 15:1 19:1 37:1 38:1 42:1 44:1,2,22 43,0,2,,,,0,,,0
203,202,12 14 27 33 39 44,12-14>28;12-27>42;12-33>36;12-39>45;12-44>40;14-27>10;14-33>40;14-39>34;14-44>29;27-33>24;27-39>21;27-44>16;33-39>6;33-44>1;39-44>4,40:2 1:1 4:1 6:1 10:1 16:1 21:1 24:1 28:1 29:1 34:1 36:1 42:1 45:1,1,40,0,0,,,,0,,,0
204,203,1 3 11 24 30 32,1-3>17;1-11>21;1-24>2;1-30>14;1-32>45;3-11>22;3-24>15;3-30>12;3-32>34;11-24>7;11-30>4;11-32>35;24-30>42;24-32>25;30-32>19,2:1 4:1 7:1 12:1 14:1 15:1 17:1 19:1 21:1 22:1 25:1 34:1 35:1 42:1 45:1,0,,0,1,,,,0,,,0
205,204,3 12 14 35 40 45,3-12>30;3-14>16;3-35>31;3-40>41;3-45>36;12-14>28;12-35>34;12-40>44;12-45>39;14-35>38;14-40>33;14-45>43;35-40>15;35-45>10;40-45>5,5:1 10:1 15:1 16:1 28:1 30:1 31:1 33:1 34:1 36:1 38:1 39:1 41:1 43:1 44:1,0,,0,2,,,,0,,,0
206,205,1 3 21 29 35 37,1-3>17;1-21>11;1-29>12;1-35>42;1-37>40;3-21>9;3-29>10;3-35>31;3-37>44;21-29>40;21-35>19;21-37>23;29-35>26;29-37>30;35-37>6,40:2 6:1 9:1 10:1 11:1 12:1 17:1 19:1 23:1 26:1 30:1 31:1 42:1 44:1,1,40,0,2,,,,0,,,0
207,206,1 2 3 15 20 25,1-2>24;1-3>17;1-15>23;1-20>9;1-25>4;2-3>25;2-15>16;2-20>8;2-25>3;3-15>24;3-20>7;3-25>2;15-20>10;15-25>5;20-25>45,24:2 2:1 3:1 4:1 5:1 7:1 8:1 9:1 10:1 16:1 17:1 23:1 25:1 45:1,1,24,0,1,,,,0,,,0
208,207,3 11 14 31 32 37,3-11>22;3-14>16;3-31>35;3-32>34;3-37>44;11-14>20;11-31>36;11-32>35;11-37>45;14-31>42;14-32>41;14-37>36;31-32>9;31-37>4;32-37>12,35:2 36:2 4:1 9:1 12:1 16:1 20:1 22:1 34:1 41:1 42:1 44:1 45:1,2,35 36,0,2,,,,0,,,0
209,208,14 25 31 34 40 44,14-25>6;14-31>42;14-34>39;14-40>33;14-44>29;25-31>22;25-34>28;25-40>10;25-44>18;31-34>10;31-40>13;31-44>15;34-40>7;34-44>9;40-44>12,10:2 6:1 7:1 9:1 12:1 13:1 15:1 18:1 22:1 28:1 29:1 33:1 39:1 42:1,1,10,0,0,,,,0,,,0
210,209,2 7 18 20 24 33,2-7>27;2-18>4;2-20>8;2-24>1;2-33>31;7-18>14;7-20>3;7-24>11;7-33>41;18-20>34;18-24>36;18-33>3;20-24>37;20-33>16;24-33>27,3:2 27:2 1:1 4:1 8:1 11:1 14:1 16:1 31:1 34:1 36:1 37:1 41:1,2,3 27,0,0,,,,0,,,0
211,210,10 19 22 23 25 37,10-19>13;10-22>4;10-23>6;10-25>40;10-37>43;19-22>43;19-23>36;19-25>37;19-37>25;22-23>45;22-25>31;22-37>7;23-25>39;23-37>21;25-37>19,43:2 4:1 6:1 7:1 13:1 19:1 21:1 25:1 31:1 36:1 37:1 39:1 40:1 45:1,1,43,0,0,,,,0,,,0
212,211,12 13 17 20 33 41,12-13>20;12-17>7;12-20>13;12-33>36;12-41>43;13-17>6;13-20>12;13-33>38;13-41>45;17-20>41;17-33>19;17-41>20;20-33>16;20-41>17;33-41>7,7:2 20:2 6:1 12:1 13:1 16:1 17:1 19:1 36:1 38:1 41:1 43:1 45:1,2,7 20,1,1,,,,0,,,0
213,212,11 12 18 21 31 38,11-12>19;11-18>10;11-21>1;11-31>36;11-38>44;12-18>9;12-21>15;12-31>38;12-38>31;18-21>42;18-31>29;18-38>28;21-31>26;21-38>25;31-38>12,1:1 9:1 10:1 12:1 15:1 19:1 25:1 26:1 28:1 29:1 31:1 36:1 38:1 42:1 44:1,0,,0,0,,,,0,,,0
214,213,2 3 4 5 20 24,2-3>25;2-4>18;2-5>26;2-20>8;2-24>1;3-4>26;3-5>19;3-20>7;3-24>15;4-5>27;4-20>6;4-24>14;5-20>35;5-24>13;20-24>37,26:2 1:1 6:1 7:1 8:1 13:1 14:1 15:1 18:1 19:1 25:1 27:1 35:1 37:1,1,26,0,2,,,,0,,,0
215,214,5 7 20 25 28 37,5-7>21;5-20>35;5-25>15;5-28>6;5-37>33;7-20>3;7-25>13;7-28>4;7-37>22;20-25>45;20-28>39;20-37>24;25-28>34;25-37>19;28-37>16,3:1 4:1 6:1 13:1 15:1 16:1 19:1 21:1 22:1 24:1 33:1 34:1 35:1 39:1 45:1,0,,0,1,,,,0,,,0
216,215,2 3 7 15 43 44,2-3>25;2-7>27;2-15>16;2-43>36;2-44>35;3-7>20;3-15>24;3-43>38;3-44>37;7-15>26;7-43>31;7-44>45;15-43>32;15-44>31;43-44>6,31:2 6:1 16:1 20:1 24:1 25:1 26:1 27:1 32:1 35:1 36:1 37:1 38:1 45:1,1,31,0,1,,,,0,,,0
217,216,7 16 17 33 36 40,7-16>10;7-17>12;7-33>41;7-36>38;7-40>34;16-17>39;16-33>20;16-36>26;16-40>19;17-33>19;17-36>25;17-40>18;33-36>12;33-40>14;36-40>8,12:2 19:2 8:1 10:1 14:1 18:1 20:1 25:1 26:1 34:1 38:1 39:1 41:1,2,12 19,0,2,,,,0,,,0
218,217,16 20 27 33 35 39,16-20>33;16-27>44;16-33>20;16-35>24;16-39>17;20-27>31;20-33>16;20-35>5;20-39>28;27-33>24;27-35>28;27-39>21;33-35>4;33-39>6;35-39>7,24:2 28:2 4:1 5:1 6:1 7:1 16:1 17:1 20:1 21:1 31:1 33:1 44:1,2,24 28,0,0,,,,0,,,0
219,218,1 8 14 18 29 44,1-8>27;1-14>30;1-18>5;1-29>12;1-44>33;8-14>26;8-18>13;8-29>5;8-44>32;14-18>7;14-29>44;14-44>29;18-29>31;18-44>25;29-44>14,5:2 7:1 12:1 13:1 14:1 25:1 26:1 27:1 29:1 30:1 31:1 32:1 33:1 44:1,1,5,0,0,,,,0,,,0
220,219,4 11 20 26 35 37,4-11>30;4-20>6;4-26>3;4-35>33;4-37>31;11-20>14;11-26>41;11-35>32;11-37>45;20-26>38;20-35>5;20-37>24;26-35>29;26-37>18;35-37>6,6:2 3:1 5:1 14:1 18:1 24:1 29:1 30:1 31:1 32:1 33:1 38:1 41:1 45:1,1,6,0,1,,,,0,,,0
221,220,5 11 19 21 34 43,5-11>23;5-19>3;5-21>7;5-34>36;5-43>42;11-19>12;11-21>1;11-34>33;11-43>39;19-21>35;19-34>4;19-43>22;21-34>17;21-43>20;34-43>1,1:2 3:1 4:1 7:1 12:1 17:1 20:1 22:1 23:1 33:1 35:1 36:1 39:1 42:1,1,1,0,0,,,,0,,,0
222,221,2 20 33 35 37 40,2-20>8;2-33>31;2-35>44;2-37>42;2-40>39;20-33>16;20-35>5;20-37>24;20-40>30;33-35>4;33-37>5;33-40>14;35-37>6;35-40>15;37-40>1,5:2 1:1 4:1 6:1 8:1 14:1 15:1 16:1 24:1 30:1 31:1 39:1 42:1 44:1,1,5,0,0,,,,1,,,0
223,222,5 7 28 29 39 43,5-7>21;5-28>6;5-29>8;5-39>31;5-43>42;7-28>4;7-29>6;7-39>35;7-43>31;28-29>36;28-39>20;28-43>13;29-39>19;29-43>27;39-43>11,6:2 31:2 4:1 8:1 11:1 13:1 19:1 20:1 21:1 27:1 35:1 36:1 42:1,2,6 31,0,0,,,,0,,,0
224,223,1 3 18 20 26 27,1-3>17;1-18>5;1-20>9;1-26>6;1-27>8;3-18>33;3-20>7;3-26>4;3-27>6;18-20>34;18-26>37;18-27>45;20-26>38;20-27>31;26-27>34,6:2 34:2 4:1 5:1 7:1 8:1 9:1 17:1 31:1 33:1 37:1 38:1 45:1,2,6 34,0,2,,,,0,,,0
225,224,4 19 26 27 30 42,4-19>34;4-26>3;4-27>5;4-30>11;4-42>41;19-26>45;19-27>38;19-30>32;19-42>20;26-27>34;26-30>43;26-42>28;27-30>36;27-42>12;30-42>24,34:2 3:1 5:1 11:1 12:1 20:1 24:1 28:1 32:1 36:1 38:1 41:1 43:1 45:1,1,34,0,1,,,,0,,,0
226,225,5 11 13 19 31 36,5-11>23;5-13>24;5-19>3;5-31>39;5-36>34;11-13>27;11-19>12;11-31>36;11-36>31;13-19>10;13-31>40;13-36>35;19-31>28;19-36>23;31-36>11,23:2 3:1 10:1 11:1 12:1 24:1 27:1 28:1 31:1 34:1 35:1 36:1 39:1 40:1,1,23,0,0,,,,0,,,0
227,226,2 6 8 14 21 22,2-6>19;2-8>20;2-14>23;2-21>10;2-22>12;6-8>22;6-14>25;6-21>36;6-22>8;8-14>26;8-21>4;8-22>6;14-21>13;14-22>15;21-22>44,4:1 6:1 8:1 10:1 12:1 13:1 15:1 19:1 20:1 22:1 23:1 25:1 26:1 36:1 44:1,0,,0,1,,,,0,,,0
228,227,4 5 15 16 22 42,4-5>27;4-15>17;4-16>13;4-22>10;4-42>41;5-15>25;5-16>12;5-22>9;5-42>43;15-16>2;15-22>14;15-42>33;16-22>34;16-42>23;22-42>17,17:2 2:1 9:1 10:1 12:1 13:1 14:1 23:1 25:1 27:1 33:1 34:1 41:1 43:1,1,17,0,0,,,,1,,,0
229,228,17 25 35 36 39 44,17-25>36;17-35>23;17-36>25;17-39>16;17-44>26;25-35>30;25-36>17;25-39>23;25-44>18;35-36>13;35-39>7;35-44>2;36-39>15;36-44>10;39-44>4,23:2 2:1 4:1 7:1 10:1 13:1 15:1 16:1 17:1 18:1 25:1 26:1 30:1 36:1,1,23,0,0,,,,1,,,0
230,229,4 5 9 11 23 38,4-5>27;4-9>29;4-11>30;4-23>12;4-38>45;5-9>22;5-11>23;5-23>11;5-38>32;9-11>25;9-23>7;9-38>40;11-23>5;11-38>44;23-38>8,5:1 7:1 8:1 11:1 12:1 22:1 23:1 25:1 27:1 29:1 30:1 32:1 40:1 44:1 45:1,0,,0,2,,,,0,,,0
231,230,5 11 14 29 32 33,5-11>23;5-14>17;5-29>8;5-32>38;5-33>37;11-14>20;11-29>2;11-32>35;11-33>34;14-29>44;14-32>41;14-33>40;29-32>20;29-33>22;32-33>10,20:2 2:1 8:1 10:1 17:1 22:1 23:1 34:1 35:1 37:1 38:1 40:1 41:1 44:1,1,20,0,1,,,,0,,,0
232,231,5 10 19 31 44 45,5-10>30;5-19>3;5-31>39;5-44>41;5-45>40;10-19>13;10-31>34;10-44>36;10-45>35;19-31>28;19-44>24;19-45>26;31-44>15;31-45>8;44-45>7,3:1 7:1 8:1 13:1 15:1 24:1 26:1 28:1 30:1 34:1 35:1 36:1 39:1 40:1 41:1,0,,0,2,,,,0,,,0
233,232,8 9 10 12 24 44,8-9>16;8-10>24;8-12>25;8-24>10;8-44>32;9-10>17;9-12>18;9-24>39;9-44>34;10-12>26;10-24>8;10-44>36;12-24>6;12-44>40;24-44>19,6:1 8:1 10:1 16:1 17:1 18:1 19:1 24:1 25:1 26:1 32:1 34:1 36:1 39:1 40:1,0,,0,0,,,,0,,,0
234,233,4 6 13 17 28 40,4-6>20;4-13>16;4-17>15;4-28>7;4-40>43;6-13>17;6-17>13;6-28>5;6-40>32;13-17>6;13-28>43;13-40>31;17-28>45;17-40>18;28-40>22,43:2 5:1 6:1 7:1 13:1 15:1 16:1 17:1 18:1 20:1 22:1 31:1 32:1 45:1,1,43,0,1,,,,0,,,0
235,234,13 21 22 24 26 37,13-21>14;13-22>1;13-24>5;13-26>9;13-37>34;21-22>44;21-24>45;21-26>31;21-37>23;22-24>38;22-26>39;22-37>7;24-26>40;24-37>20;26-37>18,1:1 5:1 7:1 9:1 14:1 18:1 20:1 23:1 31:1 34:1 38:1 39:1 40:1 44:1 45:1,0,,0,4,,,,0,,,0
236,235,21 22 26 27 31 37,21-22>44;21-26>31;21-27>39;21-31>26;21-37>23;22-26>39;22-27>32;22-31>25;22-37>7;26-27>34;26-31>21;26-37>18;27-31>20;27-37>17;31-37>4,39:2 4:1 7:1 17:1 18:1 20:1 21:1 23:1 25:1 26:1 31:1 32:1 34:1 44:1,1,39,0,1,,,,1,,,0
237,236,1 4 8 13 37 39,1-4>25;1-8>27;1-13>22;1-37>40;1-39>38;4-8>21;4-13>16;4-37>31;4-39>44;8-13>18;8-37>39;8-39>37;13-37>34;13-39>32;37-39>8,8:1 16:1 18:1 21:1 22:1 25:1 27:1 31:1 32:1 34:1 37:1 38:1 39:1 40:1 44:1,0,,0,1,,,,0,,,0
238,237,1 11 17 21 24 44,1-11>21;1-17>3;1-21>11;1-24>2;1-44>33;11-17>8;11-21>1;11-24>7;11-44>38;17-21>34;17-24>43;17-44>26;21-24>45;21-44>22;24-44>19,1:1 2:1 3:1 7:1 8:1 11:1 19:1 21:1 22:1 26:1 33:1 34:1 38:1 43:1 45:1,0,,0,0,,,,0,,,0
239,238,2 4 15 28 31 34,2-4>18;2-15>16;2-28>9;2-31>33;2-34>45;4-15>17;4-28>7;4-31>37;4-34>19;15-28>11;15-31>44;15-34>41;28-31>19;28-34>25;31-34>10,19:2 7:1 9:1 10:1 11:1 16:1 17:1 18:1 25:1 33:1 37:1 41:1 44:1 45:1,1,19,0,1,,,,0,,,0
240,239,11 15 24 39 41 44,11-15>28;11-24>7;11-39>43;11-41>26;11-44>38;15-24>3;15-39>36;15-41>34;15-44>31;24-39>9;24-41>28;24-44>19;39-41>10;39-44>4;41-44>5,28:2 3:1 4:1 5:1 7:1 9:1 10:1 19:1 26:1 31:1 34:1 36:1 38:1 43:1,1,28,0,1,,,,0,,,0
241,240,6 10 16 40 41 43,6-10>23;6-16>11;6-40>32;6-41>31;6-43>44;10-16>7;10-40>25;10-41>39;10-43>37;16-40>19;16-41>21;16-43>25;40-41>3;40-43>4;41-43>12,25:2 3:1 4:1 7:1 11:1 12:1 19:1 21:1 23:1 31:1 32:1 37:1 39:1 44:1,1,25,0,1,,,,0,,,0
242,241,2 16 24 27 28 35,2-16>15;2-24>1;2-27>7;2-28>9;2-35>44;16-24>35;16-27>44;16-28>37;16-35>24;24-27>33;24-28>41;24-35>16;27-28>35;27-35>28;28-35>27,35:2 44:2 1:1 7:1 9:1 15:1 16:1 24:1 27:1 28:1 33:1 37:1 41:1,2,35 44,1,0,,,,0,,,0
243,242,4 19 20 21 32 34,4-19>34;4-20>6;4-21>8;4-32>36;4-34>19;19-20>42;19-21>35;19-32>30;19-34>4;20-21>43;20-32>29;20-34>18;21-32>28;21-34>17;32-34>3,3:1 4:1 6:1 8:1 17:1 18:1 19:1 28:1 29:1 30:1 34:1 35:1 36:1 42:1 43:1,0,,0,1,,,,0,,,0
244,243,2 12 17 19 28 42,2-12>22;2-17>32;2-19>6;2-28>9;2-42>37;12-17>7;12-19>11;12-28>14;12-42>27;17-19>33;17-28>45;17-42>22;19-28>31;19-42>20;28-42>26,22:2 6:1 7:1 9:1 11:1 14:1 20:1 26:1 27:1 31:1 32:1 33:1 37:1 45:1,1,22,0,0,,,,0,,,0
245,244,13 16 25 36 37 38,13-16>4;13-25>7;13-36>35;13-37>34;13-38>33;16-25>43;16-36>26;16-37>28;16-38>30;25-36>17;25-37>19;25-38>21;36-37>14;36-38>7;37-38>15,7:2 4:1 14:1 15:1 17:1 19:1 21:1 26:1 28:1 30:1 33:1 34:1 35:1 43:1,1,7,0,1,,,,0,,,0
246,245,9 11 27 31 32 38,9-11>25;9-27>15;9-31>32;9-32>31;9-38>40;11-27>13;11-31>36;11-32>35;11-38>44;27-31>20;27-32>22;27-38>19;31-32>9;31-38>12;32-38>5,5:1 9:1 12:1 13:1 15:1 19:1 20:1 22:1 25:1 31:1 32:1 35:1 36:1 40:1 44:1,0,,0,0,,,,0,,,0
247,246,13 18 21 23 26 39,13-18>8;13-21>14;13-23>3;13-26>9;13-39>32;18-21>42;18-23>43;18-26>37;18-39>30;21-23>37;21-26>31;21-39>27;23-26>32;23-39>25;26-39>22,32:2 37:2 3:1 8:1 9:1 14:1 22:1 25:1 27:1 30:1 31:1 42:1 43:1,2,32 37,0,1,,,,0,,,0
248,247,12 15 28 36 39 40,12-15>21;12-28>14;12-36>33;12-39>45;12-40>44;15-28>11;15-36>39;15-39>36;15-40>35;28-36>29;28-39>20;28-40>22;36-39>15;36-40>8;39-40>2,2:1 8:1 11:1 14:1 15:1 20:1 21:1 22:1 29:1 33:1 35:1 36:1 39:1 44:1 45:1,0,,0,0,,,,0,,,0
249,248,3 8 17 23 38 45,3-8>28;3-17>1;3-23>13;3-38>43;3-45>36;8-17>11;8-23>38;8-38>23;8-45>31;17-23>35;17-38>29;17-45>28;23-38>8;23-45>22;38-45>4,28:2 1:1 4:1 8:1 11:1 13:1 22:1 23:1 29:1 31:1 35:1 36:1 38:1 43:1,1,28,0,2,,,,0,,,0
250,249,3 8 27 31 41 44,3-8>28;3-27>6;3-31>35;3-41>40;3-44>37;8-27>1;8-31>45;8-41>35;8-44>32;27-31>20;27-41>25;27-44>16;31-41>6;31-44>15;41-44>5,6:2 35:2 1:1 5:1 15:1 16:1 20:1 25:1 28:1 32:1 37:1 40:1 45:1,2,6 35,0,0,,,,0,,,0
251,250,19 23 30 37 43 45,19-23>36;19-30>32;19-37>25;19-43>22;19-45>26;23-30>34;23-37>21;23-43>18;23-45>22;30-37>29;30-43>26;30-45>15;37-43>10;37-45>11;43-45>14,22:2 26:2 10:1 11:1 14:1 15:1 18:1 21:1 25:1 29:1 32:1 34:1 36:1,2,22 26,0,1,,,,0,,,0
252,251,6 7 19 25 28 38,6-7>29;6-19>2;6-25>14;6-28>5;6-38>34;7-19>1;7-25>13;7-28>4;7-38>36;19-25>37;19-28>31;19-38>27;25-28>34;25-38>21;28-38>18,34:2 1:1 2:1 4:1 5:1 13:1 14:1 18:1 21:1 27:1 29:1 31:1 36:1 37:1,1,34,0,0,,,,0,,,0
253,252,14 23 26 31 39 45,14-23>2;14-26>8;14-31>42;14-39>34;14-45>43;23-26>32;23-31>24;23-39>25;23-45>22;26-31>21;26-39>22;26-45>19;31-39>5;31-45>8;39-45>12,8:2 22:2 2:1 5:1 12:1 19:1 21:1 24:1 25:1 32:1 34:1 42:1 43:1,2,8 22,0,1,,,,1,,,0
254,253,8 19 25 31 34 36,8-19>15;8-25>12;8-31>45;8-34>42;8-36>40;19-25>37;19-31>28;19-34>4;19-36>23;25-31>22;25-34>28;25-36>17;31-34>10;31-36>11;34-36>5,28:2 4:1 5:1 10:1 11:1 12:1 15:1 17:1 22:1 23:1 37:1 40:1 42:1 45:1,1,28,0,1,,,,0,,,0
255,254,1 5 19 20 24 30,1-5>18;1-19>7;1-20>9;1-24>2;1-30>14;5-19>3;5-20>35;5-24>13;5-30>10;19-20>42;19-24>44;19-30>32;20-24>37;20-30>40;24-30>42,42:2 2:1 3:1 7:1 9:1 10:1 13:1 14:1 18:1 32:1 35:1 37:1 40:1 44:1,1,42,0,3,,,,1,,,0
256,255,1 5 6 24 27 42,1-5>18;1-6>26;1-24>2;1-27>8;1-42>35;5-6>28;5-24>13;5-27>4;5-42>43;6-24>12;6-27>3;6-42>45;24-27>33;24-42>30;27-42>12,12:2 2:1 3:1 4:1 8:1 13:1 18:1 26:1 28:1 30:1 33:1 35:1 43:1 45:1,1,12,0,0,,,,0,,,0
257,256,4 11 14 21 23 43,4-11>30;4-14>24;4-21>8;4-23>12;4-43>40;11-14>20;11-21>1;11-23>5;11-43>39;14-21>13;14-23>2;14-43>45;21-23>37;21-43>20;23-43>18,20:2 1:1 2:1 5:1 8:1 12:1 13:1 18:1 24:1 30:1 37:1 39:1 40:1 45:1,1,20,0,0,,,,0,,,0
258,257,6 13 27 31 32 37,6-13>17;6-27>3;6-31>41;6-32>40;6-37>35;13-27>11;13-31>40;13-32>39;13-37>34;27-31>20;27-32>22;27-37>17;31-32>9;31-37>4;32-37>12,17:2 40:2 3:1 4:1 9:1 11:1 12:1 20:1 22:1 34:1 35:1 39:1 41:1,2,17 40,0,2,,,,1,,,0
259,258,14 27 30 31 38 40,14-27>10;14-30>1;14-31>42;14-38>35;14-40>33;27-30>36;27-31>20;27-38>19;27-40>23;30-31>17;30-38>16;30-40>20;31-38>12;31-40>13;38-40>9,20:2 1:1 9:1 10:1 12:1 13:1 16:1 17:1 19:1 23:1 33:1 35:1 36:1 42:1,1,20,0,1,,,,0,,,0
260,259,4 5 14 35 42 45,4-5>27;4-14>24;4-35>33;4-42>41;4-45>38;5-14>17;5-35>20;5-42>43;5-45>40;14-35>38;14-42>31;14-45>43;35-42>1;35-45>10;42-45>6,38:2 43:2 1:1 6:1 10:1 17:1 20:1 24:1 27:1 31:1 33:1 40:1 41:1,2,38 43,0,0,,,,0,,,0
261,260,7 12 15 24 37 40,7-12>17;7-15>26;7-24>11;7-37>22;7-40>34;12-15>21;12-24>6;12-37>32;12-40>44;15-24>3;15-37>38;15-40>35;24-37>20;24-40>26;37-40>1,26:2 1:1 3:1 6:1 11:1 17:1 20:1 21:1 22:1 32:1 34:1 35:1 38:1 44:1,1,26,0,0,,,,0,,,0
262,261,6 11 16 18 31 43,6-11>16;6-16>11;6-18>15;6-31>41;6-43>44;11-16>6;11-18>10;11-31>36;11-43>39;16-18>32;16-31>1;16-43>25;18-31>29;18-43>23;31-43>7,1:1 6:1 7:1 10:1 11:1 15:1 16:1 23:1 25:1 29:1 32:1 36:1 39:1 41:1 44:1,0,,0,1,,,,0,,,0
263,262,9 12 24 25 29 31,9-12>18;9-24>39;9-25>11;9-29>4;9-31>32;12-24>6;12-25>8;12-29>1;12-31>38;24-25>32;24-29>34;24-31>23;25-29>42;25-31>22;29-31>18,18:2 32:2 1:1 4:1 6:1 8:1 11:1 22:1 23:1 34:1 38:1 39:1 42:1,2,18 32,0,0,,,,1,,,0
264,263,1 27 28 32 37 40,1-27>8;1-28>10;1-32>45;1-37>40;1-40>37;27-28>35;27-32>22;27-37>17;27-40>23;28-32>21;28-37>16;28-40>22;32-37>12;32-40>6;37-40>1,22:2 1:1 6:1 8:1 10:1 12:1 16:1 17:1 21:1 23:1 35:1 37:1 40:1 45:1,1,22,0,1,,,,0,,,0
265,264,9 16 27 36 41 44,9-16>8;9-27>15;9-36>42;9-41>37;9-44>34;16-27>44;16-36>26;16-41>21;16-44>27;27-36>30;27-41>25;27-44>16;36-41>1;36-44>10;41-44>5,1:1 5:1 8:1 10:1 15:1 16:1 21:1 25:1 26:1 27:1 30:1 34:1 37:1 42:1 44:1,0,,0,1,,,,0,,,0
266,265,5 9 34 37 38 39,5-9>22;5-34>36;5-37>33;5-38>32;5-39>31;9-34>44;9-37>41;9-38>40;9-39>24;34-37>13;34-38>6;34-39>14;37-38>15;37-39>8;38-39>1,1:1 6:1 8:1 13:1 14:1 15:1 22:1 24:1 31:1 32:1 33:1 36:1 40:1 41:1 44:1,0,,0,1,,,,0,,,0
267,266,3 4 9 11 22 42,3-4>26;3-9>21;3-11>22;3-22>11;3-42>39;4-9>29;4-11>30;4-22>10;4-42>41;9-11>25;9-22>5;9-42>36;11-22>3;11-42>40;22-42>17,3:1 5:1 10:1 11:1 17:1 21:1 22:1 25:1 26:1 29:1 30:1 36:1 39:1 40:1 41:1,0,,0,0,,,,0,,,0
268,267,7 8 24 34 36 41,7-8>30;7-24>11;7-34>40;7-36>38;7-41>33;8-24>10;8-34>42;8-36>40;8-41>35;24-34>29;24-36>18;24-41>28;34-36>5;34-41>15;36-41>1,40:2 1:1 5:1 10:1 11:1 15:1 18:1 28:1 29:1 30:1 33:1 35:1 38:1 42:1,1,40,0,1,,,,0,,,0
269,268,3 10 19 24 32 45,3-10>29;3-19>5;3-24>15;3-32>34;3-45>36;10-19>13;10-24>8;10-32>33;10-45>35;19-24>44;19-32>30;19-45>26;24-32>25;24-45>21;32-45>1,1:1 5:1 8:1 13:1 15:1 21:1 25:1 26:1 29:1 30:1 33:1 34:1 35:1 36:1 44:1,0,,0,0,,,,0,,,0
270,269,5 18 20 36 42 43,5-18>1;5-20>35;5-36>34;5-42>43;5-43>42;18-20>34;18-36>24;18-42>21;18-43>23;20-36>22;20-42>19;20-43>21;36-42>9;36-43>2;42-43>5,21:2 34:2 1:1 2:1 5:1 9:1 19:1 22:1 23:1 24:1 35:1 42:1 43:1,2,21 34,0,2,,,,1,,,0
271,270,5 9 12 20 21 26,5-9>22;5-12>16;5-20>35;5-21>7;5-26>2;9-12>18;9-20>1;9-21>3;9-26>13;12-20>13;12-21>15;12-26>10;20-21>43;20-26>38;21-26>31,13:2 1:1 2:1 3:1 7:1 10:1 15:1 16:1 18:1 22:1 31:1 35:1 38:1 43:1,1,13,0,1,,,,0,,,0
272,271,3 8 9 27 29 40,3-8>28;3-9>21;3-27>6;3-29>10;3-40>41;8-9>16;8-27>1;8-29>5;8-40>36;9-27>15;9-29>4;9-40>38;27-29>43;27-40>23;29-40>21,21:2 1:1 4:1 5:1 6:1 10:1 15:1 16:1 23:1 28:1 36:1 38:1 41:1 43:1,1,21,0,2,,,,0,,,0
273,272,7 9 12 27 39 43,7-9>23;7-12>17;7-27>2;7-39>35;7-43>31;9-12>18;9-27>15;9-39>24;9-43>35;12-27>42;12-39>45;12-43>41;27-39>21;27-43>29;39-43>11,35:2 2:1 11:1 15:1 17:1 18:1 21:1 23:1 24:1 29:1 31:1 41:1 42:1 45:1,1,35,0,0,,,,0,,,0
274,273,1 8 24 31 34 44,1-8>27;1-24>2;1-31>16;1-34>43;1-44>33;8-24>10;8-31>45;8-34>42;8-44>32;24-31>23;24-34>29;24-44>19;31-34>10;31-44>15;34-44>9,10:2 2:1 9:1 15:1 16:1 19:1 23:1 27:1 29:1 32:1 33:1 42:1 43:1 45:1,1,10,0,0,,,,0,,,0
275,274,13 14 15 26 35 39,13-14>21;13-15>29;13-26>9;13-35>36;13-39>32;14-15>22;14-26>8;14-35>38;14-39>34;15-26>7;15-35>40;15-39>36;26-35>29;26-39>22;35-39>7,7:2 22:2 29:2 36:2 8:1 9:1 21:1 32:1 34:1 38:1 40:1,4,7 22 29 36,0,2,7 22 29,,36,0,0,,0
276,275,14 19 20 35 38 40,14-19>9;14-20>11;14-35>38;14-38>35;14-40>33;19-20>42;19-35>21;19-38>27;19-40>16;20-35>5;20-38>26;20-40>30;35-38>14;35-40>15;38-40>9,9:2 5:1 11:1 14:1 15:1 16:1 21:1 26:1 27:1 30:1 33:1 35:1 38:1 42:1,1,9,0,0,,,,0,,,0
277,276,4 15 21 33 39 41,4-15>17;4-21>8;4-33>35;4-39>44;4-41>42;15-21>12;15-33>42;15-39>36;15-41>34;21-33>30;21-39>27;21-41>16;33-39>6;33-41>7;39-41>10,42:2 6:1 7:1 8:1 10:1 12:1 16:1 17:1 27:1 30:1 34:1 35:1 36:1 44:1,1,42,0,1,,,,0,,,0
278,277,10 12 13 15 25 29,10-12>26;10-13>19;10-15>20;10-25>40;10-29>3;12-13>20;12-15>21;12-25>8;12-29>1;13-15>29;13-25>7;13-29>15;15-25>5;15-29>13;25-29>42,20:2 1:1 3:1 5:1 7:1 8:1 13:1 15:1 19:1 21:1 26:1 29:1 40:1 42:1,1,20,0,0,,,,0,,,0
279,278,3 11 37 39 41 43,3-11>22;3-37>44;3-39>42;3-41>40;3-43>38;11-37>45;11-39>43;11-41>26;11-43>39;37-39>8;37-41>9;37-43>10;39-41>10;39-43>11;41-43>12,10:2 8:1 9:1 11:1 12:1 22:1 26:1 38:1 39:1 40:1 42:1 43:1 44:1 45:1,1,10,0,1,,,,0,,,0
280,279,7 16 31 36 37 38,7-16>10;7-31>43;7-36>38;7-37>22;7-38>36;16-31>1;16-36>26;16-37>28;16-38>30;31-36>11;31-37>4;31-38>12;36-37>14;36-38>7;37-38>15,1:1 4:1 7:1 10:1 11:1 12:1 14:1 15:1 22:1 26:1 28:1 30:1 36:1 38:1 43:1,0,,0,2,,,,0,,,0
281,280,10 11 23 24 36 37,10-11>18;10-23>6;10-24>8;10-36>44;10-37>43;11-23>5;11-24>7;11-36>31;11-37>45;23-24>31;23-36>19;23-37>21;24-36>18;24-37>20;36-37>14,18:2 31:2 5:1 6:1 7:1 8:1 14:1 19:1 20:1 21:1 43:1 44:1 45:1,2,18 31,0,0,,,,0,,,0
282,281,1 3 4 6 14 41,1-3>17;1-4>25;1-6>26;1-14>30;1-41>36;3-4>26;3-6>27;3-14>16;3-41>40;4-6>20;4-14>24;4-41>42;6-14>25;6-41>31;14-41>32,25:2 26:2 16:1 17:1 20:1 24:1 27:1 30:1 31:1 32:1 36:1 40:1 42:1,2,25 26,0,0,,,,0,,,0
283,282,2 5 10 18 31 32,2-5>26;2-10>21;2-18>4;2-31>33;2-32>17;5-10>30;5-18>1;5-31>39;5-32>38;10-18>11;10-31>34;10-32>33;18-31>29;18-32>16;31-32>9,33:2 1:1 4:1 9:1 11:1 16:1 17:1 21:1 26:1 29:1 30:1 34:1 38:1 39:1,1,33,0,2,,,,0,,,0
284,283,6 8 18 31 38 45,6-8>22;6-18>15;6-31>41;6-38>34;6-45>42;8-18>13;8-31>45;8-38>23;8-45>31;18-31>29;18-38>28;18-45>27;31-38>12;31-45>8;38-45>4,4:1 8:1 12:1 13:1 15:1 22:1 23:1 27:1 28:1 29:1 31:1 34:1 41:1 42:1 45:1,0,,0,1,,,,0,,,0
285,284,2 7 15 24 30 45,2-7>27;2-15>16;2-24>1;2-30>13;2-45>34;7-15>26;7-24>11;7-30>8;7-45>44;15-24>3;15-30>45;15-45>30;24-30>42;24-45>21;30-45>15,1:1 3:1 8:1 11:1 13:1 15:1 16:1 21:1 26:1 27:1 30:1 34:1 42:1 44:1 45:1,0,,0,1,,,,0,,,0
286,285,13 33 37 40 41 45,13-33>38;13-37>34;13-40>31;13-41>45;13-45>41;33-37>5;33-40>14;33-41>7;33-45>9;37-40>1;37-41>9;37-45>11;40-41>3;40-45>5;41-45>13,5:2 9:2 1:1 3:1 7:1 11:1 13:1 14:1 31:1 34:1 38:1 41:1 45:1,2,5 9,0,1,,,,0,,,0
287,286,1 15 19 40 42 44,1-15>23;1-19>7;1-40>37;1-42>35;1-44>33;15-19>8;15-40>35;15-42>33;15-44>31;19-40>16;19-42>20;19-44>24;40-42>11;40-44>12;42-44>13,33:2 35:2 7:1 8:1 11:1 12:1 13:1 16:1 20:1 23:1 24:1 31:1 37:1,2,33 35,0,0,,,,1,,,0
288,287,6 12 24 27 35 37,6-12>24;6-24>12;6-27>3;6-35>37;6-37>35;12-24>6;12-27>42;12-35>34;12-37>32;24-27>33;24-35>16;24-37>20;27-35>28;27-37>17;35-37>6,6:2 3:1 12:1 16:1 17:1 20:1 24:1 28:1 32:1 33:1 34:1 35:1 37:1 42:1,1,6,1,2,,,,0,,,0
289,288,1 12 17 28 35 41,1-12>29;1-17>3;1-28>10;1-35>42;1-41>36;12-17>7;12-28>14;12-35>34;12-41>43;17-28>45;17-35>23;17-41>20;28-35>27;28-41>24;35-41>8,3:1 7:1 8:1 10:1 14:1 20:1 23:1 24:1 27:1 29:1 34:1 36:1 42:1 43:1 45:1,0,,0,0,,,,0,,,0
290,289,3 14 33 37 38 42,3-14>16;3-33>18;3-37>44;3-38>43;3-42>39;14-33>40;14-37>36;14-38>35;14-42>31;33-37>5;33-38>13;33-42>15;37-38>15;37-42>2;38-42>10,15:2 2:1 5:1 10:1 13:1 16:1 18:1 31:1 35:1 36:1 39:1 40:1 43:1 44:1,1,15,0,0,,,,0,,,0
291,290,8 13 18 32 39 45,8-13>18;8-18>13;8-32>44;8-39>37;8-45>31;13-18>8;13-32>39;13-39>32;13-45>41;18-32>16;18-39>30;18-45>27;32-39>13;32-45>1;39-45>12,13:2 1:1 8:1 12:1 16:1 18:1 27:1 30:1 31:1 32:1 37:1 39:1 41:1 44:1,1,13,1,2,,,,0,,,0
292,291,3 7 8 18 20 42,3-7>20;3-8>28;3-18>33;3-20>7;3-42>39;7-8>30;7-18>14;7-20>3;7-42>32;8-18>13;8-20>2;8-42>34;18-20>34;18-42>21;20-42>19,34:2 2:1 3:1 7:1 13:1 14:1 19:1 20:1 21:1 28:1 30:1 32:1 33:1 39:1,1,34,0,1,,,,1,,,0
293,292,17 18 31 32 33 34,17-18>40;17-31>30;17-32>2;17-33>19;17-34>21;18-31>29;18-32>16;18-33>3;18-34>20;31-32>9;31-33>2;31-34>10;32-33>10;32-34>3;33-34>11,2:2 3:2 10:2 9:1 11:1 16:1 19:1 20:1 21:1 29:1 30:1 40:1,3,2 3 10,0,2,2 3 10,,,0,0,,0
294,293,1 9 17 21 29 33,1-9>20;1-17>3;1-21>11;1-29>12;1-33>44;9-17>10;9-21>3;9-29>4;9-33>45;17-21>34;17-29>38;17-33>19;21-29>40;21-33>30;29-33>22,3:2 4:1 10:1 11:1 12:1 19:1 20:1 22:1 30:1 34:1 38:1 40:1 44:1 45:1,1,3,0,1,,,,0,,,0
295,294,6 10 17 30 37 38,6-10>23;6-17>13;6-30>9;6-37>35;6-38>34;10-17>9;10-30>5;10-37>43;10-38>42;17-30>31;17-37>27;17-38>29;30-37>29;30-38>16;37-38>15,9:2 29:2 5:1 13:1 15:1 16:1 23:1 27:1 31:1 34:1 35:1 42:1 43:1,2,9 29,0,1,,,,0,,,0
296,295,1 4 12 16 18 38,1-4>25;1-12>29;1-16>31;1-18>5;1-38>39;4-12>23;4-16>13;4-18>2;4-38>45;12-16>5;12-18>9;12-38>31;16-18>32;16-38>30;18-38>28,5:2 31:2 2:1 9:1 13:1 23:1 25:1 28:1 29:1 30:1 32:1 39:1 45:1,2,5 31,0,0,,,,0,,,0
297,296,3 8 15 27 30 45,3-8>28;3-15>24;3-27>6;3-30>12;3-45>36;8-15>19;8-27>1;8-30>7;8-45>31;15-27>9;15-30>45;15-45>30;27-30>36;27-45>18;30-45>15,36:2 1:1 6:1 7:1 9:1 12:1 15:1 18:1 19:1 24:1 28:1 30:1 31:1 45:1,1,36,0,0,,,,0,,,0
298,297,6 11 19 20 28 32,6-11>16;6-19>2;6-20>4;6-28>5;6-32>40;11-19>12;11-20>14;11-28>15;11-32>35;19-20>42;19-28>31;19-32>30;20-28>39;20-32>29;28-32>21,2:1 4:1 5:1 12:1 14:1 15:1 16:1 21:1 29:1 30:1 31:1 35:1 39:1 40:1 42:1,0,,0,0,,,,0,,,0
299,298,5 9 27 29 37 40,5-9>22;5-27>4;5-29>8;5-37>33;5-40>45;9-27>15;9-29>4;9-37>41;9-40>38;27-29>43;27-37>17;27-40>23;29-37>30;29-40>21;37-40>1,4:2 1:1 8:1 15:1 17:1 21:1 22:1 23:1 30:1 33:1 38:1 41:1 43:1 45:1,1,4,0,0,,,,0,,,0
300,299,1 3 20 25 36 45,1-3>17;1-20>9;1-25>4;1-36>41;1-45>32;3-20>7;3-25>2;3-36>45;3-45>36;20-25>45;20-36>22;20-45>25;25-36>17;25-45>20;36-45>3,17:2 45:2 2:1 3:1 4:1 7:1 9:1 20:1 22:1 25:1 32:1 36:1 41:1,2,17 45,1,0,,,,0,,,0
301,300,7 9 10 12 26 38,7-9>23;7-10>16;7-12>17;7-26>15;7-38>36;9-10>17;9-12>18;9-26>13;9-38>40;10-12>26;10-26>12;10-38>42;12-26>10;12-38>31;26-38>20,17:2 10:1 12:1 13:1 15:1 16:1 18:1 20:1 23:1 26:1 31:1 36:1 40:1 42:1,1,17,0,1,,,,0,,,0
302,301,7 11 13 33 37 43,7-11>24;7-13>25;7-33>41;7-37>22;7-43>31;11-13>27;11-33>34;11-37>45;11-43>39;13-33>38;13-37>34;13-43>28;33-37>5;33-43>8;37-43>10,34:2 5:1 8:1 10:1 22:1 24:1 25:1 27:1 28:1 31:1 38:1 39:1 41:1 45:1,1,34,0,1,,,,0,,,0
303,302,13 19 20 32 38 42,13-19>10;13-20>12;13-32>39;13-38>33;13-42>44;19-20>42;19-32>30;19-38>27;19-42>20;20-32>29;20-38>26;20-42>19;32-38>5;32-42>7;38-42>10,10:2 5:1 7:1 12:1 19:1 20:1 26:1 27:1 29:1 30:1 33:1 39:1 42:1 44:1,1,10,0,1,,,,0,,,0
304,303,2 14 17 30 38 45,2-14>23;2-17>32;2-30>13;2-38>41;2-45>34;14-17>5;14-30>1;14-38>35;14-45>43;17-30>31;17-38>29;17-45>28;30-38>16;30-45>15;38-45>4,1:1 4:1 5:1 13:1 15:1 16:1 23:1 28:1 29:1 31:1 32:1 34:1 35:1 41:1 43:1,0,,0,0,,,,0,,,0
305,304,4 10 16 26 33 41,4-10>22;4-16>13;4-26>3;4-33>35;4-41>42;10-16>7;10-26>12;10-33>32;10-41>39;16-26>36;16-33>20;16-41>21;26-33>25;26-41>11;33-41>7,7:2 3:1 11:1 12:1 13:1 20:1 21:1 22:1 25:1 32:1 35:1 36:1 39:1 42:1,1,7,0,0,,,,1,,,0
306,305,7 8 18 21 23 39,7-8>30;7-18>14;7-21>5;7-23>9;7-39>35;8-18>13;8-21>4;8-23>38;8-39>37;18-21>42;18-23>43;18-39>30;21-23>37;21-39>27;23-39>25,30:2 37:2 4:1 5:1 9:1 13:1 14:1 25:1 27:1 35:1 38:1 42:1 43:1,2,30 37,0,2,,,,1,,,0
307,306,4 18 23 30 34 41,4-18>2;4-23>12;4-30>11;4-34>19;4-41>42;18-23>43;18-30>39;18-34>20;18-41>19;23-30>34;23-34>30;23-41>29;30-34>23;30-41>22;34-41>15,19:2 2:1 11:1 12:1 15:1 20:1 22:1 23:1 29:1 30:1 34:1 39:1 42:1 43:1,1,19,0,1,,,,0,,,0
308,307,5 15 21 23 25 45,5-15>25;5-21>7;5-23>11;5-25>15;5-45>40;15-21>12;15-23>1;15-25>5;15-45>30;21-23>37;21-25>38;21-45>24;23-25>39;23-45>22;25-45>20,1:1 5:1 7:1 11:1 12:1 15:1 20:1 22:1 24:1 25:1 30:1 37:1 38:1 39:1 40:1,0,,0,2,,,,0,,,0
309,308,14 15 17 19 37 45,14-15>22;14-17>5;14-19>9;14-37>36;14-45>43;15-17>4;15-19>8;15-37>38;15-45>30;17-19>33;17-37>27;17-45>28;19-37>25;19-45>26;37-45>11,4:1 5:1 8:1 9:1 11:1 22:1 25:1 26:1 27:1 28:1 30:1 33:1 36:1 38:1 43:1,0,,0,0,,,,0,,,0
310,309,1 2 5 11 18 36,1-2>24;1-5>18;1-11>21;1-18>5;1-36>41;2-5>26;2-11>29;2-18>4;2-36>43;5-11>23;5-18>1;5-36>34;11-18>10;11-36>31;18-36>24,24:2 1:1 4:1 5:1 10:1 18:1 21:1 23:1 26:1 29:1 31:1 34:1 41:1 43:1,1,24,0,2,,,,0,,,0
311,310,1 5 19 28 34 41,1-5>18;1-19>7;1-28>10;1-34>43;1-41>36;5-19>3;5-28>6;5-34>36;5-41>44;19-28>31;19-34>4;19-41>18;28-34>25;28-41>24;34-41>15,18:2 36:2 3:1 4:1 6:1 7:1 10:1 15:1 24:1 25:1 31:1 43:1 44:1,2,18 36,0,1,,,,0,,,0
312,311,4 12 24 27 28 32,4-12>23;4-24>14;4-27>5;4-28>7;4-32>36;12-24>6;12-27>42;12-28>14;12-32>37;24-27>33;24-28>41;24-32>25;27-28>35;27-32>22;28-32>21,14:2 5:1 6:1 7:1 21:1 22:1 23:1 25:1 33:1 35:1 36:1 37:1 41:1 42:1,1,14,0,1,,,,0,,,0
313,312,2 3 5 6 12 20,2-3>25;2-5>26;2-6>19;2-12>22;2-20>8;3-5>19;3-6>27;3-12>30;3-20>7;5-6>28;5-12>16;5-20>35;6-12>24;6-20>4;12-20>13,19:2 4:1 7:1 8:1 13:1 16:1 22:1 24:1 25:1 26:1 27:1 28:1 30:1 35:1,1,19,0,0,,,,0,,,0
314,313,9 17 34 35 43 45,9-17>10;9-34>44;9-35>43;9-43>35;9-45>33;17-34>21;17-35>23;17-43>24;17-45>28;34-35>12;34-43>1;34-45>2;35-43>9;35-45>10;43-45>14,10:2 1:1 2:1 9:1 12:1 14:1 21:1 23:1 24:1 28:1 33:1 35:1 43:1 44:1,1,10,0,2,,,,0,,,0
315,314,15 17 19 34 38 41,15-17>4;15-19>8;15-34>41;15-38>37;15-41>34;17-19>33;17-34>21;17-38>29;17-41>20;19-34>4;19-38>27;19-41>18;34-38>6;34-41>15;38-41>2,4:2 2:1 6:1 8:1 15:1 18:1 20:1 21:1 27:1 29:1 33:1 34:1 37:1 41:1,1,4,0,0,,,,0,,,0
316,315,1 13 33 35 43 45,1-13>22;1-33>44;1-35>42;1-43>34;1-45>32;13-33>38;13-35>36;13-43>28;13-45>41;33-35>4;33-43>8;33-45>9;35-43>9;35-45>10;43-45>14,9:2 4:1 8:1 10:1 14:1 22:1 28:1 32:1 34:1 36:1 38:1 41:1 42:1 44:1,1,9,0,0,,,,0,,,0
317,316,10 11 21 27 31 39,10-11>18;10-21>2;10-27>14;10-31>34;10-39>41;11-21>1;11-27>13;11-31>36;11-39>43;21-27>39;21-31>26;21-39>27;27-31>20;27-39>21;31-39>5,1:1 2:1 5:1 13:1 14:1 18:1 20:1 21:1 26:1 27:1 34:1 36:1 39:1 41:1 43:1,0,,0,3,,,,0,,,0
318,317,3 10 11 22 36 39,3-10>29;3-11>22;3-22>11;3-36>45;3-39>42;10-11>18;10-22>4;10-36>44;10-39>41;11-22>3;11-36>31;11-39>43;22-36>20;22-39>26;36-39>15,3:1 4:1 11:1 15:1 18:1 20:1 22:1 26:1 29:1 31:1 41:1 42:1 43:1 44:1 45:1,0,,0,0,,,,0,,,0
319,318,2 17 19 20 34 45,2-17>32;2-19>6;2-20>8;2-34>45;2-45>34;17-19>33;17-20>41;17-34>21;17-45>28;19-20>42;19-34>4;19-45>26;20-34>18;20-45>25;34-45>2,2:1 4:1 6:1 8:1 18:1 21:1 25:1 26:1 28:1 32:1 33:1 34:1 41:1 42:1 45:1,0,,0,0,,,,0,,,0
320,319,5 8 22 28 33 42,5-8>29;5-22>9;5-28>6;5-33>37;5-42>43;8-22>6;8-28>3;8-33>43;8-42>34;22-28>40;22-33>29;22-42>17;28-33>23;28-42>26;33-42>15,6:2 29:2 43:2 3:1 9:1 15:1 17:1 23:1 26:1 34:1 37:1 40:1,3,6 29 43,0,0,6 29 43,,,0,0,,0
321,320,16 19 23 25 41 45,16-19>40;16-23>42;16-25>43;16-41>21;16-45>29;19-23>36;19-25>37;19-41>18;19-45>26;23-25>39;23-41>29;23-45>22;25-41>27;25-45>20;41-45>13,29:2 13:1 18:1 20:1 21:1 22:1 26:1 27:1 36:1 37:1 39:1 40:1 42:1 43:1,1,29,0,1,,,,0,,,0
322,321,12 18 20 21 25 34,12-18>9;12-20>13;12-21>15;12-25>8;12-34>35;18-20>34;18-21>42;18-25>44;18-34>20;20-21>43;20-25>45;20-34>18;21-25>38;21-34>17;25-34>28,8:1 9:1 13:1 15:1 17:1 18:1 20:1 28:1 34:1 35:1 38:1 42:1 43:1 44:1 45:1,0,,0,1,,,,0,,,0
323,322,9 18 29 32 38 43,9-18>12;9-29>4;9-32>31;9-38>40;9-43>35;18-29>31;18-32>16;18-38>28;18-43>23;29-32>20;29-38>17;29-43>27;32-38>5;32-43>15;38-43>3,31:2 3:1 4:1 5:1 12:1 15:1 16:1 17:1 20:1 23:1 27:1 28:1 35:1 40:1,1,31,0,1,,,,0,,,0
324,323,10 14 15 32 36 42,10-14>27;10-15>20;10-32>33;10-36>44;10-42>38;14-15>22;14-32>41;14-36>37;14-42>31;15-32>43;15-36>39;15-42>33;32-36>4;32-42>7;36-42>9,33:2 4:1 7:1 9:1 20:1 22:1 27:1 31:1 37:1 38:1 39:1 41:1 43:1 44:1,1,33,0,1,,,,1,,,0
325,324,2 4 21 25 33 36,2-4>18;2-21>10;2-25>3;2-33>31;2-36>43;4-21>8;4-25>1;4-33>35;4-36>32;21-25>38;21-33>30;21-36>6;25-33>26;25-36>17;33-36>12,1:1 3:1 6:1 8:1 10:1 12:1 17:1 18:1 26:1 30:1 31:1 32:1 35:1 38:1 43:1,0,,0,0,,,,0,,,0
326,325,7 17 20 32 44 45,7-17>12;7-20>3;7-32>42;7-44>45;7-45>44;17-20>41;17-32>2;17-44>26;17-45>28;20-32>29;20-44>23;20-45>25;32-44>8;32-45>1;44-45>7,1:1 2:1 3:1 7:1 8:1 12:1 23:1 25:1 26:1 28:1 29:1 41:1 42:1 44:1 45:1,0,,0,0,,,,0,,,0
327,326,16 23 25 33 36 39,16-23>42;16-25>43;16-33>20;16-36>26;16-39>17;23-25>39;23-33>28;23-36>19;23-39>25;25-33>26;25-36>17;25-39>23;33-36>12;33-39>6;36-39>15,17:2 26:2 6:1 12:1 15:1 19:1 20:1 23:1 25:1 28:1 39:1 42:1 43:1,2,17 26,0,0,,,,1,,,0
328,327,6 12 13 17 32 44,6-12>24;6-13>17;6-17>13;6-32>40;6-44>43;12-13>20;12-17>7;12-32>37;12-44>40;13-17>6;13-32>39;13-44>42;17-32>2;17-44>26;32-44>8,40:2 2:1 6:1 7:1 8:1 13:1 17:1 20:1 24:1 26:1 37:1 39:1 42:1 43:1,1,40,0,2,,,,0,,,0
329,328,1 6 9 16 17 28,1-6>26;1-9>20;1-16>31;1-17>3;1-28>10;6-9>30;6-16>11;6-17>13;6-28>5;9-16>8;9-17>10;9-28>2;16-17>39;16-28>37;17-28>45,10:2 2:1 3:1 5:1 8:1 11:1 13:1 20:1 26:1 30:1 31:1 37:1 39:1 45:1,1,10,0,2,,,,0,,,0
330,329,9 17 19 30 35 42,9-17>10;9-19>14;9-30>6;9-35>43;9-42>36;17-19>33;17-30>31;17-35>23;17-42>22;19-30>32;19-35>21;19-42>20;30-35>25;30-42>24;35-42>1,1:1 6:1 10:1 14:1 20:1 21:1 22:1 23:1 24:1 25:1 31:1 32:1 33:1 36:1 43:1,0,,0,2,,,,0,,,0
331,330,3 4 16 17 19 20,3-4>26;3-16>14;3-17>1;3-19>5;3-20>7;4-16>13;4-17>15;4-19>34;4-20>6;16-17>39;16-19>40;16-20>33;17-19>33;17-20>41;19-20>42,33:2 1:1 5:1 6:1 7:1 13:1 14:1 15:1 26:1 34:1 39:1 40:1 41:1 42:1,1,33,0,1,,,,0,,,0
332,331,4 9 14 26 31 44,4-9>29;4-14>24;4-26>3;4-31>37;4-44>39;9-14>19;9-26>13;9-31>32;9-44>34;14-26>8;14-31>42;14-44>29;26-31>21;26-44>17;31-44>15,29:2 3:1 8:1 13:1 15:1 17:1 19:1 21:1 24:1 32:1 34:1 37:1 39:1 42:1,1,29,0,0,,,,0,,,0
333,332,16 17 34 36 42 45,16-17>39;16-34>22;16-36>26;16-42>23;16-45>29;17-34>21;17-36>25;17-42>22;17-45>28;34-36>5;34-42>8;34-45>2;36-42>9;36-45>3;42-45>6,22:2 2:1 3:1 5:1 6:1 8:1 9:1 21:1 23:1 25:1 26:1 28:1 29:1 39:1,1,22,0,0,,,,0,,,0
334,333,5 14 27 30 39 43,5-14>17;5-27>4;5-30>10;5-39>31;5-43>42;14-27>10;14-30>1;14-39>34;14-43>45;27-30>36;27-39>21;27-43>29;30-39>18;30-43>26;39-43>11,10:2 1:1 4:1 11:1 17:1 18:1 21:1 26:1 29:1 31:1 34:1 36:1 42:1 45:1,1,10,0,2,,,,0,,,0
335,334,13 15 21 29 39 43,13-15>29;13-21>14;13-29>15;13-39>32;13-43>28;15-21>12;15-29>13;15-39>36;15-43>32;21-29>40;21-39>27;21-43>20;29-39>19;29-43>27;39-43>11,27:2 32:2 11:1 12:1 13:1 14:1 15:1 19:1 20:1 28:1 29:1 36:1 40:1,2,27 32,0,0,,,,0,,,0
336,335,5 9 16 23 26 45,5-9>22;5-16>12;5-23>11;5-26>2;5-45>40;9-16>8;9-23>7;9-26>13;9-45>33;16-23>42;16-26>36;16-45>29;23-26>32;23-45>22;26-45>19,22:2 2:1 7:1 8:1 11:1 12:1 13:1 19:1 29:1 32:1 33:1 36:1 40:1 42:1,1,22,0,1,,,,0,,,0
337,336,3 5 20 34 35 44,3-5>19;3-20>7;3-34>32;3-35>31;3-44>37;5-20>35;5-34>36;5-35>20;5-44>41;20-34>18;20-35>5;20-44>23;34-35>12;34-44>9;35-44>2,2:1 5:1 7:1 9:1 12:1 18:1 19:1 20:1 23:1 31:1 32:1 35:1 36:1 37:1 41:1,0,,0,1,,,,0,,,0
338,337,1 5 14 18 32 37,1-5>18;1-14>30;1-18>5;1-32>45;1-37>40;5-14>17;5-18>1;5-32>38;5-37>33;14-18>7;14-32>41;14-37>36;18-32>16;18-37>26;32-37>12,1:1 5:1 7:1 12:1 16:1 17:1 18:1 26:1 30:1 33:1 36:1 38:1 40:1 41:1 45:1,0,,0,0,,,,0,,,0
339,338,2 13 34 38 42 45,2-13>30;2-34>45;2-38>41;2-42>37;2-45>34;13-34>37;13-38>33;13-42>44;13-45>41;34-38>6;34-42>8;34-45>2;38-42>10;38-45>4;42-45>6,6:2 37:2 41:2 2:1 4:1 8:1 10:1 30:1 33:1 34:1 44:1 45:1,3,6 37 41,0,0,6 37 41,,,2,2,,0
340,339,6 8 14 21 30 37,6-8>22;6-14>25;6-21>36;6-30>9;6-37>35;8-14>26;8-21>4;8-30>7;8-37>39;14-21>13;14-30>1;14-37>36;21-30>33;21-37>23;30-37>29,36:2 1:1 4:1 7:1 9:1 13:1 22:1 23:1 25:1 26:1 29:1 33:1 35:1 39:1,1,36,0,0,,,,0,,,0
341,340,18 24 26 29 34 38,18-24>36;18-26>37;18-29>31;18-34>20;18-38>28;24-26>40;24-29>34;24-34>29;24-38>22;26-29>35;26-34>27;26-38>20;29-34>24;29-38>17;34-38>6,20:2 6:1 17:1 22:1 24:1 27:1 28:1 29:1 31:1 34:1 35:1 36:1 37:1 40:1,1,20,0,1,,,,0,,,0
342,341,1 8 19 34 39 43,1-8>27;1-19>7;1-34>43;1-39>38;1-43>34;8-19>15;8-34>42;8-39>37;8-43>33;19-34>4;19-39>29;19-43>22;34-39>14;34-43>1;39-43>11,1:1 4:1 7:1 11:1 14:1 15:1 22:1 27:1 29:1 33:1 34:1 37:1 38:1 42:1 43:1,0,,0,3,,,,0,,,0
343,342,1 13 14 33 34 43,1-13>22;1-14>30;1-33>44;1-34>43;1-43>34;13-14>21;13-33>38;13-34>37;13-43>28;14-33>40;14-34>39;14-43>45;33-34>11;33-43>8;34-43>1,1:1 8:1 11:1 21:1 22:1 28:1 30:1 34:1 37:1 38:1 39:1 40:1 43:1 44:1 45:1,0,,0,2,,,,0,,,0
344,343,1 10 17 29 31 43,1-10>28;1-17>3;1-29>12;1-31>16;1-43>34;10-17>9;10-29>3;10-31>34;10-43>37;17-29>38;17-31>30;17-43>24;29-31>18;29-43>27;31-43>7,3:2 34:2 7:1 9:1 12:1 16:1 18:1 24:1 27:1 28:1 30:1 37:1 38:1,2,3 34,0,1,,,,1,,,0
345,344,1 2 15 28 34 45,1-2>24;1-15>23;1-28>10;1-34>43;1-45>32;2-15>16;2-28>9;2-34>45;2-45>34;15-28>11;15-34>41;15-45>30;28-34>25;28-45>17;34-45>2,2:1 9:1 10:1 11:1 16:1 17:1 23:1 24:1 25:1 30:1 32:1 34:1 41:1 43:1 45:1,0,,0,1,,,,0,,,0
346,345,15 20 23 29 39 42,15-20>10;15-23>1;15-29>13;15-39>36;15-42>33;20-23>44;20-29>32;20-39>28;20-42>19;23-29>41;23-39>25;23-42>16;29-39>19;29-42>25;39-42>3,19:2 25:2 1:1 3:1 10:1 13:1 16:1 28:1 32:1 33:1 36:1 41:1 44:1,2,19 25,0,0,,,,0,,,0
347,346,5 13 14 22 44 45,5-13>24;5-14>17;5-22>9;5-44>41;5-45>40;13-14>21;13-22>1;13-44>42;13-45>41;14-22>15;14-44>29;14-45>43;22-44>21;22-45>23;44-45>7,21:2 41:2 1:1 7:1 9:1 15:1 17:1 23:1 24:1 29:1 40:1 42:1 43:1,2,21 41,0,1,,,,0,,,0
348,347,3 8 13 27 32 42,3-8>28;3-13>23;3-27>6;3-32>34;3-42>39;8-13>18;8-27>1;8-32>44;8-42>34;13-27>11;13-32>39;13-42>44;27-32>22;27-42>12;32-42>7,34:2 39:2 44:2 1:1 6:1 7:1 11:1 12:1 18:1 22:1 23:1 28:1,3,34 39 44,0,1,34 39 44,,,0,0,,0
349,348,3 14 17 20 24 31,3-14>16;3-17>1;3-20>7;3-24>15;3-31>35;14-17>5;14-20>11;14-24>4;14-31>42;17-20>41;17-24>43;17-31>30;20-24>37;20-31>27;24-31>23,1:1 4:1 5:1 7:1 11:1 15:1 16:1 23:1 27:1 30:1 35:1 37:1 41:1 42:1 43:1,0,,0,3,,,,0,,,0
350,349,5 13 14 20 24 25,5-13>24;5-14>17;5-20>35;5-24>13;5-25>15;13-14>21;13-20>12;13-24>5;13-25>7;14-20>11;14-24>4;14-25>6;20-24>37;20-25>45;24-25>32,4:1 5:1 6:1 7:1 11:1 12:1 13:1 15:1 17:1 21:1 24:1 32:1 35:1 37:1 45:1,0,,0,1,,,,0,,,0
351,350,1 8 18 24 29 33,1-8>27;1-18>5;1-24>2;1-29>12;1-33>44;8-18>13;8-24>10;8-29>5;8-33>43;18-24>36;18-29>31;18-33>3;24-29>34;24-33>27;29-33>22,5:2 27:2 2:1 3:1 10:1 12:1 13:1 22:1 31:1 34:1 36:1 43:1 44:1,2,5 27,0,1,,,,2,,,0
352,351,5 25 27 29 34 36,5-25>15;5-27>4;5-29>8;5-34>36;5-36>34;25-27>41;25-29>42;25-34>28;25-36>17;27-29>43;27-34>26;27-36>30;29-34>24;29-36>28;34-36>5,28:2 4:1 5:1 8:1 15:1 17:1 24:1 26:1 30:1 34:1 36:1 41:1 42:1 43:1,1,28,0,1,,,,0,,,0
353,352,5 16 17 20 26 41,5-16>12;5-17>14;5-20>35;5-26>2;5-41>44;16-17>39;16-20>33;16-26>36;16-41>21;17-20>41;17-26>44;17-41>20;20-26>38;20-41>17;26-41>11,44:2 2:1 11:1 12:1 14:1 17:1 20:1 21:1 33:1 35:1 36:1 38:1 39:1 41:1,1,44,0,1,,,,0,,,0
354,353,11 16 19 22 29 36,11-16>6;11-19>12;11-22>3;11-29>2;11-36>31;16-19>40;16-22>34;16-29>45;16-36>26;19-22>43;19-29>39;19-36>23;22-29>33;22-36>20;29-36>28,2:1 3:1 6:1 12:1 20:1 23:1 26:1 28:1 31:1 33:1 34:1 39:1 40:1 43:1 45:1,0,,0,2,,,,0,,,0
355,354,14 19 36 43 44 45,14-19>9;14-36>37;14-43>45;14-44>29;14-45>43;19-36>23;19-43>22;19-44>24;19-45>26;36-43>2;36-44>10;36-45>3;43-44>6;43-45>14;44-45>7,2:1 3:1 6:1 7:1 9:1 10:1 14:1 22:1 23:1 24:1 26:1 29:1 37:1 43:1 45:1,0,,0,1,,,,0,,,0
356,355,5 8 29 30 35 44,5-8>29;5-29>8;5-30>10;5-35>20;5-44>41;8-29>5;8-30>7;8-35>41;8-44>32;29-30>37;29-35>26;29-44>14;30-35>25;30-44>28;35-44>2,41:2 2:1 5:1 7:1 8:1 10:1 14:1 20:1 25:1 26:1 28:1 29:1 32:1 37:1,1,41,0,2,,,,0,,,0
357,356,2 8 14 25 29 45,2-8>20;2-14>23;2-25>3;2-29>11;2-45>34;8-14>26;8-25>12;8-29>5;8-45>31;14-25>6;14-29>44;14-45>43;25-29>42;25-45>20;29-45>16,20:2 3:1 5:1 6:1 11:1 12:1 16:1 23:1 26:1 31:1 34:1 42:1 43:1 44:1,1,20,0,1,,,,0,,,0
358,357,10 14 18 21 36 37,10-14>27;10-18>11;10-21>2;10-36>44;10-37>43;14-18>7;14-21>13;14-36>37;14-37>36;18-21>42;18-36>24;18-37>26;21-36>6;21-37>23;36-37>14,2:1 6:1 7:1 11:1 13:1 14:1 23:1 24:1 26:1 27:1 36:1 37:1 42:1 43:1 44:1,0,,0,2,,,,0,,,0
359,358,1 9 10 12 21 40,1-9>20;1-10>28;1-12>29;1-21>11;1-40>37;9-10>17;9-12>18;9-21>3;9-40>38;10-12>26;10-21>2;10-40>25;12-21>15;12-40>44;21-40>29,29:2 2:1 3:1 11:1 15:1 17:1 18:1 20:1 25:1 26:1 28:1 37:1 38:1 44:1,1,29,0,3,,,,0,,,0
360,359,1 10 19 20 24 40,1-10>28;1-19>7;1-20>9;1-24>2;1-40>37;10-19>13;10-20>15;10-24>8;10-40>25;19-20>42;19-24>44;19-40>16;20-24>37;20-40>30;24-40>26,37:2 2:1 7:1 8:1 9:1 13:1 15:1 16:1 25:1 26:1 28:1 30:1 42:1 44:1,1,37,0,1,,,,0,,,0
361,360,4 16 23 25 35 40,4-16>13;4-23>12;4-25>1;4-35>33;4-40>43;16-23>42;16-25>43;16-35>24;16-40>19;23-25>39;23-35>17;23-40>27;25-35>30;25-40>10;35-40>15,43:2 1:1 10:1 12:1 13:1 15:1 17:1 19:1 24:1 27:1 30:1 33:1 39:1 42:1,1,43,0,2,,,,0,,,0
362,361,5 10 16 24 27 35,5-10>30;5-16>12;5-24>13;5-27>4;5-35>20;10-16>7;10-24>8;10-27>14;10-35>45;16-24>35;16-27>44;16-35>24;24-27>33;24-35>16;27-35>28,4:1 7:1 8:1 12:1 13:1 14:1 16:1 20:1 24:1 28:1 30:1 33:1 35:1 44:1 45:1,0,,0,1,,,,0,,,0
363,362,2 3 22 27 30 40,2-3>25;2-22>12;2-27>7;2-30>13;2-40>39;3-22>11;3-27>6;3-30>12;3-40>41;22-27>32;22-30>41;22-40>28;27-30>36;27-40>23;30-40>20,12:2 41:2 6:1 7:1 11:1 13:1 20:1 23:1 25:1 28:1 32:1 36:1 39:1,2,12 41,0,0,,,,1,,,0
364,363,11 12 14 21 32 38,11-12>19;11-14>20;11-21>1;11-32>35;11-38>44;12-14>28;12-21>15;12-32>37;12-38>31;14-21>13;14-32>41;14-38>35;21-32>28;21-38>25;32-38>5,28:2 35:2 1:1 5:1 13:1 15:1 19:1 20:1 25:1 31:1 37:1 41:1 44:1,2,28 35,0,1,,,,0,,,0
365,364,2 5 7 14 16 40,2-5>26;2-7>27;2-14>23;2-16>15;2-40>39;5-7>21;5-14>17;5-16>12;5-40>45;7-14>18;7-16>10;7-40>34;14-16>3;14-40>33;16-40>19,3:1 10:1 12:1 15:1 17:1 18:1 19:1 21:1 23:1 26:1 27:1 33:1 34:1 39:1 45:1,0,,0,1,,,,0,,,0
366,365,5 15 21 25 26 30,5-15>25;5-21>7;5-25>15;5-26>2;5-30>10;15-21>12;15-25>5;15-26>7;15-30>45;21-25>38;21-26>31;21-30>33;25-26>33;25-30>35;26-30>43,7:2 33:2 2:1 5:1 10:1 12:1 15:1 25:1 31:1 35:1 38:1 43:1 45:1,2,7 33,0,2,,,,0,,,0
367,366,5 12 19 26 27 44,5-12>16;5-19>3;5-26>2;5-27>4;5-44>41;12-19>11;12-26>10;12-27>42;12-44>40;19-26>45;19-27>38;19-44>24;26-27>34;26-44>17;27-44>16,16:2 2:1 3:1 4:1 10:1 11:1 17:1 24:1 34:1 38:1 40:1 41:1 42:1 45:1,1,16,0,1,,,,0,,,0
368,367,3 22 25 29 32 44,3-22>11;3-25>2;3-29>10;3-32>34;3-44>37;22-25>31;22-29>33;22-32>27;22-44>21;25-29>42;25-32>24;25-44>18;29-32>20;29-44>14;32-44>8,2:1 8:1 10:1 11:1 14:1 18:1 20:1 21:1 24:1 27:1 31:1 33:1 34:1 37:1 42:1,0,,0,0,,,,0,,,0
369,368,11 21 24 30 39 45,11-21>1;11-24>7;11-30>4;11-39>43;11-45>37;21-24>45;21-30>33;21-39>27;21-45>24;24-30>42;24-39>9;24-45>21;30-39>18;30-45>15;39-45>12,1:1 4:1 7:1 9:1 12:1 15:1 18:1 21:1 24:1 27:1 33:1 37:1 42:1 43:1 45:1,0,,0,0,,,,0,,,0
370,369,17 20 35 36 41 43,17-20>41;17-35>23;17-36>25;17-41>20;17-43>24;20-35>5;20-36>22;20-41>17;20-43>21;35-36>13;35-41>8;35-43>9;36-41>1;36-43>2;41-43>12,1:1 2:1 5:1 8:1 9:1 12:1 13:1 17:1 20:1 21:1 22:1 23:1 24:1 25:1 41:1,0,,0,0,,,,0,,,0
371,370,16 18 24 42 44 45,16-18>32;16-24>35;16-42>23;16-44>27;16-45>29;18-24>36;18-42>21;18-44>25;18-45>27;24-42>30;24-44>19;24-45>21;42-44>13;42-45>6;44-45>7,21:2 27:2 6:1 7:1 13:1 19:1 23:1 25:1 29:1 30:1 32:1 35:1 36:1,2,21 27,0,1,,,,1,,,0
372,371,7 9 15 26 27 42,7-9>23;7-15>26;7-26>15;7-27>2;7-42>32;9-15>27;9-26>13;9-27>15;9-42>36;15-26>7;15-27>9;15-42>33;26-27>34;26-42>28;27-42>12,15:2 2:1 7:1 9:1 12:1 13:1 23:1 26:1 27:1 28:1 32:1 33:1 34:1 36:1,1,15,1,0,,,,0,,,0
373,372,8 11 14 16 18 21,8-11>17;8-14>26;8-16>9;8-18>13;8-21>4;11-14>20;11-16>6;11-18>10;11-21>1;14-16>3;14-18>7;14-21>13;16-18>32;16-21>41;18-21>42,13:2 1:1 3:1 4:1 6:1 7:1 9:1 10:1 17:1 20:1 26:1 32:1 41:1 42:1,1,13,0,0,,,,0,,,0
374,373,15 26 37 42 43 45,15-26>7;15-37>38;15-42>33;15-43>32;15-45>30;26-37>18;26-42>28;26-43>30;26-45>19;37-42>2;37-43>10;37-45>11;42-43>5;42-45>6;43-45>14,30:2 2:1 5:1 6:1 7:1 10:1 11:1 14:1 18:1 19:1 28:1 32:1 33:1 38:1,1,30,0,1,,,,0,,,0
375,374,11 13 15 17 25 34,11-13>27;11-15>28;11-17>8;11-25>9;11-34>33;13-15>29;13-17>6;13-25>7;13-34>37;15-17>4;15-25>5;15-34>41;17-25>36;17-34>21;25-34>28,28:2 4:1 5:1 6:1 7:1 8:1 9:1 21:1 27:1 29:1 33:1 36:1 37:1 41:1,1,28,0,1,,,,0,,,0
376,375,4 8 19 25 27 45,4-8>21;4-19>34;4-25>1;4-27>5;4-45>38;8-19>15;8-25>12;8-27>1;8-45>31;19-25>37;19-27>38;19-45>26;25-27>41;25-45>20;27-45>18,1:2 38:2 5:1 12:1 15:1 18:1 20:1 21:1 26:1 31:1 34:1 37:1 41:1,2,1 38,0,0,,,,1,,,0
377,376,1 11 13 24 28 40,1-11>21;1-13>22;1-24>2;1-28>10;1-40>37;11-13>27;11-24>7;11-28>15;11-40>42;13-24>5;13-28>43;13-40>31;24-28>41;24-40>26;28-40>22,22:2 2:1 5:1 7:1 10:1 15:1 21:1 26:1 27:1 31:1 37:1 41:1 42:1 43:1,1,22,0,0,,,,1,,,0
378,377,6 22 29 37 43 45,6-22>8;6-29>7;6-37>35;6-43>44;6-45>42;22-29>33;22-37>7;22-43>19;22-45>23;29-37>30;29-43>27;29-45>16;37-43>10;37-45>11;43-45>14,7:2 8:1 10:1 11:1 14:1 16:1 19:1 23:1 27:1 30:1 33:1 35:1 42:1 44:1,1,7,0,2,,,,0,,,0
379,378,5 22 29 31 34 39,5-22>9;5-29>8;5-31>39;5-34>36;5-39>31;22-29>33;22-31>25;22-34>16;22-39>26;29-31>18;29-34>24;29-39>19;31-34>10;31-39>5;34-39>14,5:1 8:1 9:1 10:1 14:1 16:1 18:1 19:1 24:1 25:1 26:1 31:1 33:1 36:1 39:1,0,,0,2,,,,0,,,0
380,379,6 10 22 31 35 40,6-10>23;6-22>8;6-31>41;6-35>37;6-40>32;10-22>4;10-31>34;10-35>45;10-40>25;22-31>25;22-35>18;22-40>28;31-35>3;31-40>13;35-40>15,25:2 3:1 4:1 8:1 13:1 15:1 18:1 23:1 28:1 32:1 34:1 37:1 41:1 45:1,1,25,0,0,,,,0,,,0
381,380,1 2 8 17 26 37,1-2>24;1-8>27;1-17>3;1-26>6;1-37>40;2-8>20;2-17>32;2-26>5;2-37>42;8-17>11;8-26>14;8-37>39;17-26>44;17-37>27;26-37>18,27:2 3:1 5:1 6:1 11:1 14:1 18:1 20:1 24:1 32:1 39:1 40:1 42:1 44:1,1,27,0,1,,,,0,,,0
382,381,1 5 10 12 16 20,1-5>18;1-10>28;1-12>29;1-16>31;1-20>9;5-10>30;5-12>16;5-16>12;5-20>35;10-12>26;10-16>7;10-20>15;12-16>5;12-20>13;16-20>33,5:1 7:1 9:1 12:1 13:1 15:1 16:1 18:1 26:1 28:1 29:1 30:1 31:1 33:1 35:1,0,,0,1,,,,0,,,0
383,382,10 15 22 24 27 42,10-15>20;10-22>4;10-24>8;10-27>14;10-42>38;15-22>14;15-24>3;15-27>9;15-42>33;22-24>38;22-27>32;22-42>17;24-27>33;24-42>30;27-42>12,14:2 33:2 38:2 3:1 4:1 8:1 9:1 12:1 17:1 20:1 30:1 32:1,3,14 33 38,0,1,14 33 38,,,1,1,,0
384,383,4 15 28 33 37 40,4-15>17;4-28>7;4-33>35;4-37>31;4-40>43;15-28>11;15-33>42;15-37>38;15-40>35;28-33>23;28-37>16;28-40>22;33-37>5;33-40>14;37-40>1,35:2 1:1 5:1 7:1 11:1 14:1 16:1 17:1 22:1 23:1 31:1 38:1 42:1 43:1,1,35,0,0,,,,0,,,0
385,384,11 22 24 32 36 38,11-22>3;11-24>7;11-32>35;11-36>31;11-38>44;22-24>38;22-32>27;22-36>20;22-38>24;24-32>25;24-36>18;24-38>22;32-36>4;32-38>5;36-38>7,7:2 3:1 4:1 5:1 18:1 20:1 22:1 24:1 25:1 27:1 31:1 35:1 38:1 44:1,1,7,0,1,,,,1,,,0
386,385,7 12 19 21 29 32,7-12>17;7-19>1;7-21>5;7-29>6;7-32>42;12-19>11;12-21>15;12-29>1;12-32>37;19-21>35;19-29>39;19-32>30;21-29>40;21-32>28;29-32>20,1:2 5:1 6:1 11:1 15:1 17:1 20:1 28:1 30:1 35:1 37:1 39:1 40:1 42:1,1,1,0,2,,,,0,,,0
387,386,4 7 10 19 31 40,4-7>28;4-10>22;4-19>34;4-31>37;4-40>43;7-10>16;7-19>1;7-31>43;7-40>34;10-19>13;10-31>34;10-40>25;19-31>28;19-40>16;31-40>13,34:3 13:2 16:2 28:2 43:2 1:1 22:1 25:1 37:1,5,34 13 16 28 43,0,2,34 13 16,,28 43,2,1,,0
388,387,1 26 31 34 40 43,1-26>6;1-31>16;1-34>43;1-40>37;1-43>34;26-31>21;26-34>27;26-40>24;26-43>30;31-34>10;31-40>13;31-43>7;34-40>7;34-43>1;40-43>4,7:2 1:1 4:1 6:1 10:1 13:1 16:1 21:1 24:1 27:1 30:1 34:1 37:1 43:1,1,7,0,1,,,,0,,,0
389,388,1 8 9 17 29 32,1-8>27;1-9>20;1-17>3;1-29>12;1-32>45;8-9>16;8-17>11;8-29>5;8-32>44;9-17>10;9-29>4;9-32>31;17-29>38;17-32>2;29-32>20,20:2 2:1 3:1 4:1 5:1 10:1 11:1 12:1 16:1 27:1 31:1 38:1 44:1 45:1,1,20,0,0,,,,1,,,0
390,389,7 16 18 20 23 26,7-16>10;7-18>14;7-20>3;7-23>9;7-26>15;16-18>32;16-20>33;16-23>42;16-26>36;18-20>34;18-23>43;18-26>37;20-23>44;20-26>38;23-26>32,32:2 3:1 9:1 10:1 14:1 15:1 33:1 34:1 36:1 37:1 38:1 42:1 43:1 44:1,1,32,0,1,,,,0,,,0
391,390,16 17 28 37 39 40,16-17>39;16-28>37;16-37>28;16-39>17;16-40>19;17-28>45;17-37>27;17-39>16;17-40>18;28-37>16;28-39>20;28-40>22;37-39>8;37-40>1;39-40>2,16:2 1:1 2:1 8:1 17:1 18:1 19:1 20:1 22:1 27:1 28:1 37:1 39:1 45:1,1,16,1,2,,,,0,,,0
392,391,10 11 18 22 28 39,10-11>18;10-18>11;10-22>4;10-28>1;10-39>41;11-18>10;11-22>3;11-28>15;11-39>43;18-22>35;18-28>38;18-39>30;22-28>40;22-39>26;28-39>20,1:1 3:1 4:1 10:1 11:1 15:1 18:1 20:1 26:1 30:1 35:1 38:1 40:1 41:1 43:1,0,,0,0,,,,0,,,0
393,392,1 3 7 8 24 42,1-3>17;1-7>19;1-8>27;1-24>2;1-42>35;3-7>20;3-8>28;3-24>15;3-42>39;7-8>30;7-24>11;7-42>32;8-24>10;8-42>34;24-42>30,30:2 2:1 10:1 11:1 15:1 17:1 19:1 20:1 27:1 28:1 32:1 34:1 35:1 39:1,1,30,0,0,,,,0,,,0
394,393,9 16 28 40 41 43,9-16>8;9-28>2;9-40>38;9-41>37;9-43>35;16-28>37;16-40>19;16-41>21;16-43>25;28-40>22;28-41>24;28-43>13;40-41>3;40-43>4;41-43>12,37:2 2:1 3:1 4:1 8:1 12:1 13:1 19:1 21:1 22:1 24:1 25:1 35:1 38:1,1,37,0,1,,,,0,,,0
395,394,1 13 20 22 25 28,1-13>22;1-20>9;1-22>13;1-25>4;1-28>10;13-20>12;13-22>1;13-25>7;13-28>43;20-22>36;20-25>45;20-28>39;22-25>31;22-28>40;25-28>34,1:1 4:1 7:1 9:1 10:1 12:1 13:1 22:1 31:1 34:1 36:1 39:1 40:1 43:1 45:1,0,,0,1,,,,0,,,0
396,395,11 15 20 26 31 35,11-15>28;11-20>14;11-26>41;11-31>36;11-35>32;15-20>10;15-26>7;15-31>44;15-35>40;20-26>38;20-31>27;20-35>5;26-31>21;26-35>29;31-35>3,3:1 5:1 7:1 10:1 14:1 21:1 27:1 28:1 29:1 32:1 36:1 38:1 40:1 41:1 44:1,0,,0,2,,,,0,,,0
397,396,18 20 31 34 40 45,18-20>34;18-31>29;18-34>20;18-40>17;18-45>27;20-31>27;20-34>18;20-40>30;20-45>25;31-34>10;31-40>13;31-45>8;34-40>7;34-45>2;40-45>5,27:2 2:1 5:1 7:1 8:1 10:1 13:1 17:1 18:1 20:1 25:1 29:1 30:1 34:1,1,27,0,0,,,,0,,,0
398,397,12 13 17 22 25 33,12-13>20;12-17>7;12-22>2;12-25>8;12-33>36;13-17>6;13-22>1;13-25>7;13-33>38;17-22>42;17-25>36;17-33>19;22-25>31;22-33>29;25-33>26,7:2 36:2 1:1 2:1 6:1 8:1 19:1 20:1 26:1 29:1 31:1 38:1 42:1,2,7 36,0,0,,,,0,,,0
399,398,10 15 20 23 42 44,10-15>20;10-20>15;10-23>6;10-42>38;10-44>36;15-20>10;15-23>1;15-42>33;15-44>31;20-23>44;20-42>19;20-44>23;23-42>16;23-44>20;42-44>13,20:2 1:1 6:1 10:1 13:1 15:1 16:1 19:1 23:1 31:1 33:1 36:1 38:1 44:1,1,20,1,1,,,,0,,,0
400,399,1 2 9 17 19 42,1-2>24;1-9>20;1-17>3;1-19>7;1-42>35;2-9>28;2-17>32;2-19>6;2-42>37;9-17>10;9-19>14;9-42>36;17-19>33;17-42>22;19-42>20,20:2 3:1 6:1 7:1 10:1 14:1 22:1 24:1 28:1 32:1 33:1 35:1 36:1 37:1,1,20,0,1,,,,0,,,0
401,400,9 21 27 34 41 43,9-21>3;9-27>15;9-34>44;9-41>37;9-43>35;21-27>39;21-34>17;21-41>16;21-43>20;27-34>26;27-41>25;27-43>29;34-41>15;34-43>1;41-43>12,15:2 1:1 3:1 12:1 16:1 17:1 20:1 25:1 26:1 29:1 35:1 37:1 39:1 44:1,1,15,0,1,,,,0,,,0
402,401,6 12 18 31 38 43,6-12>24;6-18>15;6-31>41;6-38>34;6-43>44;12-18>9;12-31>38;12-38>31;12-43>41;18-31>29;18-38>28;18-43>23;31-38>12;31-43>7;38-43>3,41:2 3:1 7:1 9:1 12:1 15:1 23:1 24:1 28:1 29:1 31:1 34:1 38:1 44:1,1,41,0,0,,,,0,,,0
403,402,5 9 15 19 22 36,5-9>22;5-15>25;5-19>3;5-22>9;5-36>34;9-15>27;9-19>14;9-22>5;9-36>42;15-19>8;15-22>14;15-36>39;19-22>43;19-36>23;22-36>20,14:2 3:1 5:1 8:1 9:1 20:1 22:1 23:1 25:1 27:1 34:1 39:1 42:1 43:1,1,14,0,1,,,,1,,,0
404,403,10 14 22 24 28 37,10-14>27;10-22>4;10-24>8;10-28>1;10-37>43;14-22>15;14-24>4;14-28>12;14-37>36;22-24>38;22-28>40;22-37>7;24-28>41;24-37>20;28-37>16,4:2 1:1 7:1 8:1 12:1 15:1 16:1 20:1 27:1 36:1 38:1 40:1 41:1 43:1,1,4,0,1,,,,0,,,0
405,404,5 20 21 24 33 40,5-20>35;5-21>7;5-24>13;5-33>37;5-40>45;20-21>43;20-24>37;20-33>16;20-40>30;21-24>45;21-33>30;21-40>29;24-33>27;24-40>26;33-40>14,30:2 37:2 45:2 7:1 13:1 14:1 16:1 26:1 27:1 29:1 35:1 43:1,3,30 37 45,0,0,30 37 45,,,0,0,,0
406,405,1 2 10 25 26 44,1-2>24;1-10>28;1-25>4;1-26>6;1-44>33;2-10>21;2-25>3;2-26>5;2-44>35;10-25>40;10-26>12;10-44>36;25-26>33;25-44>18;26-44>17,33:2 3:1 4:1 5:1 6:1 12:1 17:1 18:1 21:1 24:1 28:1 35:1 36:1 40:1,1,33,0,0,,,,0,,,0
407,406,7 12 21 24 27 36,7-12>17;7-21>5;7-24>11;7-27>2;7-36>38;12-21>15;12-24>6;12-27>42;12-36>33;21-24>45;21-27>39;21-36>6;24-27>33;24-36>18;27-36>30,6:2 33:2 2:1 5:1 11:1 15:1 17:1 18:1 30:1 38:1 39:1 42:1 45:1,2,6 33,0,2,,,,1,,,0
408,407,6 7 13 16 24 25,6-7>29;6-13>17;6-16>11;6-24>12;6-25>14;7-13>25;7-16>10;7-24>11;7-25>13;13-16>4;13-24>5;13-25>7;16-24>35;16-25>43;24-25>32,11:2 4:1 5:1 7:1 10:1 12:1 13:1 14:1 17:1 25:1 29:1 32:1 35:1 43:1,1,11,0,0,,,,0,,,0
409,408,9 20 21 22 30 37,9-20>1;9-21>3;9-22>5;9-30>6;9-37>41;20-21>43;20-22>36;20-30>40;20-37>24;21-22>44;21-30>33;21-37>23;22-30>41;22-37>7;30-37>29,41:2 1:1 3:1 5:1 6:1 7:1 23:1 24:1 29:1 33:1 36:1 40:1 43:1 44:1,1,41,0,2,,,,0,,,0
410,409,6 9 21 31 32 40,6-9>30;6-21>36;6-31>41;6-32>40;6-40>32;9-21>3;9-31>32;9-32>31;9-40>38;21-31>26;21-32>28;21-40>29;31-32>9;31-40>13;32-40>6,32:2 3:1 6:1 9:1 13:1 26:1 28:1 29:1 30:1 31:1 36:1 38:1 40:1 41:1,1,32,1,2,,,,1,,,0
411,410,1 3 18 32 40 41,1-3>17;1-18>5;1-32>45;1-40>37;1-41>36;3-18>33;3-32>34;3-40>41;3-41>40;18-32>16;18-40>17;18-41>19;32-40>6;32-41>14;40-41>3,17:2 3:1 5:1 6:1 14:1 16:1 19:1 33:1 34:1 36:1 37:1 40:1 41:1 45:1,1,17,0,0,,,,0,,,0
412,411,11 14 22 35 37 39,11-14>20;11-22>3;11-35>32;11-37>45;11-39>43;14-22>15;14-35>38;14-37>36;14-39>34;22-35>18;22-37>7;22-39>26;35-37>6;35-39>7;37-39>8,7:2 3:1 6:1 8:1 15:1 18:1 20:1 26:1 32:1 34:1 36:1 38:1 43:1 45:1,1,7,0,1,,,,1,,,0
413,412,4 7 39 41 42 45,4-7>28;4-39>44;4-41>42;4-42>41;4-45>38;7-39>35;7-41>33;7-42>32;7-45>44;39-41>10;39-42>3;39-45>12;41-42>4;41-45>13;42-45>6,44:2 3:1 4:1 6:1 10:1 12:1 13:1 28:1 32:1 33:1 35:1 38:1 41:1 42:1,1,44,0,0,,,,0,,,0
414,413,2 9 15 23 34 40,2-9>28;2-15>16;2-23>14;2-34>45;2-40>39;9-15>27;9-23>7;9-34>44;9-40>38;15-23>1;15-34>41;15-40>35;23-34>30;23-40>27;34-40>7,7:2 27:2 1:1 14:1 16:1 28:1 30:1 35:1 38:1 39:1 41:1 44:1 45:1,2,7 27,0,3,,,,0,,,0
415,414,2 14 15 22 23 44,2-14>23;2-15>16;2-22>12;2-23>14;2-44>35;14-15>22;14-22>15;14-23>2;14-44>29;15-22>14;15-23>1;15-44>31;22-23>45;22-44>21;23-44>20,14:2 1:1 2:1 12:1 15:1 16:1 20:1 21:1 22:1 23:1 29:1 31:1 35:1 45:1,1,14,1,0,,,,0,,,0
416,415,7 17 20 26 30 40,7-17>12;7-20>3;7-26>15;7-30>8;7-40>34;17-20>41;17-26>44;17-30>31;17-40>18;20-26>38;20-30>40;20-40>30;26-30>43;26-40>24;30-40>20,3:1 8:1 12:1 15:1 18:1 20:1 24:1 30:1 31:1 34:1 38:1 40:1 41:1 43:1 44:1,0,,0,1,,,,0,,,0
417,416,5 6 8 11 22 26,5-6>28;5-8>29;5-11>23;5-22>9;5-26>2;6-8>22;6-11>16;6-22>8;6-26>1;8-11>17;8-22>6;8-26>14;11-22>3;11-26>41;22-26>39,1:1 2:1 3:1 6:1 8:1 9:1 14:1 16:1 17:1 22:1 23:1 28:1 29:1 39:1 41:1,0,,0,2,,,,0,,,0
418,417,4 5 14 20 22 43,4-5>27;4-14>24;4-20>6;4-22>10;4-43>40;5-14>17;5-20>35;5-22>9;5-43>42;14-20>11;14-22>15;14-43>45;20-22>36;20-43>21;22-43>19,6:1 9:1 10:1 11:1 15:1 17:1 19:1 21:1 24:1 27:1 35:1 36:1 40:1 42:1 45:1,0,,0,0,,,,0,,,0
419,418,11 13 15 26 28 34,11-13>27;11-15>28;11-26>41;11-28>15;11-34>33;13-15>29;13-26>9;13-28>43;13-34>37;15-26>7;15-28>11;15-34>41;26-28>42;26-34>27;28-34>25,27:2 41:2 7:1 9:1 11:1 15:1 25:1 28:1 29:1 33:1 37:1 42:1 43:1,2,27 41,0,3,,,,0,,,0
420,419,2 11 13 14 28 30,2-11>29;2-13>30;2-14>23;2-28>9;2-30>13;11-13>27;11-14>20;11-28>15;11-30>4;13-14>21;13-28>43;13-30>2;14-28>12;14-30>1;28-30>44,1:1 2:1 4:1 9:1 12:1 13:1 15:1 20:1 21:1 23:1 27:1 29:1 30:1 43:1 44:1,0,,0,0,,,,0,,,0
421,420,4 9 10 29 31 34,4-9>29;4-10>22;4-29>9;4-31>37;4-34>19;9-10>17;9-29>4;9-31>32;9-34>44;10-29>3;10-31>34;10-34>31;29-31>18;29-34>24;31-34>10,3:1 4:1 9:1 10:1 17:1 18:1 19:1 22:1 24:1 29:1 31:1 32:1 34:1 37:1 44:1,0,,0,0,,,,0,,,0
422,421,6 11 26 27 28 44,6-11>16;6-26>1;6-27>3;6-28>5;6-44>43;11-26>41;11-27>13;11-28>15;11-44>38;26-27>34;26-28>42;26-44>17;27-28>35;27-44>16;28-44>30,16:2 1:1 3:1 5:1 13:1 15:1 17:1 30:1 34:1 35:1 38:1 41:1 42:1 43:1,1,16,0,1,,,,0,,,0
423,422,8 15 19 21 34 44,8-15>19;8-19>15;8-21>4;8-34>42;8-44>32;15-19>8;15-21>12;15-34>41;15-44>31;19-21>35;19-34>4;19-44>24;21-34>17;21-44>22;34-44>9,4:2 8:1 9:1 12:1 15:1 17:1 19:1 22:1 24:1 31:1 32:1 35:1 41:1 42:1,1,4,0,0,,,,0,,,0
424,423,1 17 27 28 29 40,1-17>3;1-27>8;1-28>10;1-29>12;1-40>37;17-27>37;17-28>45;17-29>38;17-40>18;27-28>35;27-29>43;27-40>23;28-29>36;28-40>22;29-40>21,37:2 3:1 8:1 10:1 12:1 18:1 21:1 22:1 23:1 35:1 36:1 38:1 43:1 45:1,1,37,0,0,,,,0,,,0
425,424,10 11 26 31 34 44,10-11>18;10-26>12;10-31>34;10-34>31;10-44>36;11-26>41;11-31>36;11-34>33;11-44>38;26-31>21;26-34>27;26-44>17;31-34>10;31-44>15;34-44>9,36:2 9:1 10:1 12:1 15:1 17:1 18:1 21:1 27:1 31:1 33:1 34:1 38:1 41:1,1,36,0,1,,,,0,,,0
426,425,8 10 14 27 33 38,8-10>24;8-14>26;8-27>1;8-33>43;8-38>23;10-14>27;10-27>14;10-33>32;10-38>42;14-27>10;14-33>40;14-38>35;27-33>24;27-38>19;33-38>13,24:2 1:1 10:1 13:1 14:1 19:1 23:1 26:1 27:1 32:1 35:1 40:1 42:1 43:1,1,24,0,1,,,,0,,,0
427,426,4 17 18 27 39 43,4-17>15;4-18>2;4-27>5;4-39>44;4-43>40;17-18>40;17-27>37;17-39>16;17-43>24;18-27>45;18-39>30;18-43>23;27-39>21;27-43>29;39-43>11,40:2 2:1 5:1 11:1 15:1 16:1 21:1 23:1 24:1 29:1 30:1 37:1 44:1 45:1,1,40,0,0,,,,0,,,0
428,427,6 7 15 24 28 30,6-7>29;6-15>18;6-24>12;6-28>5;6-30>9;7-15>26;7-24>11;7-28>4;7-30>8;15-24>3;15-28>11;15-30>45;24-28>41;24-30>42;28-30>44,11:2 3:1 4:1 5:1 8:1 9:1 12:1 18:1 26:1 29:1 41:1 42:1 44:1 45:1,1,11,0,0,,,,0,,,0
429,428,12 16 19 22 37 40,12-16>5;12-19>11;12-22>2;12-37>32;12-40>44;16-19>40;16-22>34;16-37>28;16-40>19;19-22>43;19-37>25;19-40>16;22-37>7;22-40>28;37-40>1,28:2 1:1 2:1 5:1 7:1 11:1 16:1 19:1 25:1 32:1 34:1 40:1 43:1 44:1,1,28,0,0,,,,1,,,0
430,429,3 23 28 34 39 42,3-23>13;3-28>8;3-34>32;3-39>42;3-42>39;23-28>33;23-34>30;23-39>25;23-42>16;28-34>25;28-39>20;28-42>26;34-39>14;34-42>8;39-42>3,8:2 25:2 3:1 13:1 14:1 16:1 20:1 26:1 30:1 32:1 33:1 39:1 42:1,2,8 25,0,2,,,,0,,,0
431,430,1 3 16 18 30 34,1-3>17;1-16>31;1-18>5;1-30>14;1-34>43;3-16>14;3-18>33;3-30>12;3-34>32;16-18>32;16-30>38;16-34>22;18-30>39;18-34>20;30-34>23,14:2 32:2 5:1 12:1 17:1 20:1 22:1 23:1 31:1 33:1 38:1 39:1 43:1,2,14 32,0,1,,,,0,,,0
432,431,18 22 25 31 38 45,18-22>35;18-25>44;18-31>29;18-38>28;18-45>27;22-25>31;22-31>25;22-38>24;22-45>23;25-31>22;25-38>21;25-45>20;31-38>12;31-45>8;38-45>4,4:1 8:1 12:1 20:1 21:1 22:1 23:1 24:1 25:1 27:1 28:1 29:1 31:1 35:1 44:1,0,,0,0,,,,0,,,0
433,432,2 3 5 11 27 39,2-3>25;2-5>26;2-11>29;2-27>7;2-39>40;3-5>19;3-11>22;3-27>6;3-39>42;5-11>23;5-27>4;5-39>31;11-27>13;11-39>43;27-39>21,4:1 6:1 7:1 13:1 19:1 21:1 22:1 23:1 25:1 26:1 29:1 31:1 40:1 42:1 43:1,0,,0,0,,,,0,,,0
434,433,19 23 29 33 35 43,19-23>36;19-29>39;19-33>17;19-35>21;19-43>22;23-29>41;23-33>28;23-35>17;23-43>18;29-33>22;29-35>26;29-43>27;33-35>4;33-43>8;35-43>9,17:2 22:2 4:1 8:1 9:1 18:1 21:1 26:1 27:1 28:1 36:1 39:1 41:1,2,17 22,0,1,,,,0,,,0
435,434,3 13 20 24 33 37,3-13>23;3-20>7;3-24>15;3-33>18;3-37>44;13-20>12;13-24>5;13-33>38;13-37>34;20-24>37;20-33>16;20-37>24;24-33>27;24-37>20;33-37>5,5:2 7:1 12:1 15:1 16:1 18:1 20:1 23:1 24:1 27:1 34:1 37:1 38:1 44:1,1,5,0,0,,,,0,,,0
436,435,8 16 26 30 38 45,8-16>9;8-26>14;8-30>7;8-38>23;8-45>31;16-26>36;16-30>38;16-38>30;16-45>29;26-30>43;26-38>20;26-45>19;30-38>16;30-45>15;38-45>4,4:1 7:1 9:1 14:1 15:1 16:1 19:1 20:1 23:1 29:1 30:1 31:1 36:1 38:1 43:1,0,,0,0,,,,0,,,0
437,436,9 14 20 22 33 34,9-14>19;9-20>1;9-22>5;9-33>45;9-34>44;14-20>11;14-22>15;14-33>40;14-34>39;20-22>36;20-33>16;20-34>18;22-33>29;22-34>16;33-34>11,11:2 16:2 1:1 5:1 15:1 18:1 19:1 29:1 36:1 39:1 40:1 44:1 45:1,2,11 16,0,0,,,,2,,,0
438,437,11 16 29 38 41 44,11-16>6;11-29>2;11-38>44;11-41>26;11-44>38;16-29>45;16-38>30;16-41>21;16-44>27;29-38>17;29-41>23;29-44>14;38-41>2;38-44>11;41-44>5,2:2 5:1 6:1 11:1 14:1 17:1 21:1 23:1 26:1 27:1 30:1 38:1 44:1 45:1,1,2,0,2,,,,0,,,0
439,438,6 12 20 26 29 38,6-12>24;6-20>4;6-26>1;6-29>7;6-38>34;12-20>13;12-26>10;12-29>1;12-38>31;20-26>38;20-29>32;20-38>26;26-29>35;26-38>20;29-38>17,1:2 4:1 7:1 10:1 13:1 17:1 20:1 24:1 26:1 31:1 32:1 34:1 35:1 38:1,1,1,0,1,,,,0,,,0
440,439,17 20 30 31 37 40,17-20>41;17-30>31;17-31>30;17-37>27;17-40>18;20-30>40;20-31>27;20-37>24;20-40>30;30-31>17;30-37>29;30-40>20;31-37>4;31-40>13;37-40>1,27:2 30:2 1:1 4:1 13:1 17:1 18:1 20:1 24:1 29:1 31:1 40:1 41:1,2,27 30,1,0,,,,0,,,0
441,440,10 22 28 34 36 44,10-22>4;10-28>1;10-34>31;10-36>44;10-44>36;22-28>40;22-34>16;22-36>20;22-44>21;28-34>25;28-36>29;28-44>30;34-36>5;34-44>9;36-44>10,1:1 4:1 5:1 9:1 10:1 16:1 20:1 21:1 25:1 29:1 30:1 31:1 36:1 40:1 44:1,0,,0,2,,,,0,,,0
442,441,1 23 28 30 34 35,1-23>15;1-28>10;1-30>14;1-34>43;1-35>42;23-28>33;23-30>34;23-34>30;23-35>17;28-30>44;28-34>25;28-35>27;30-34>23;30-35>25;34-35>12,25:2 10:1 12:1 14:1 15:1 17:1 23:1 27:1 30:1 33:1 34:1 42:1 43:1 44:1,1,25,0,0,,,,1,,,0
443,442,25 27 29 36 38 40,25-27>41;25-29>42;25-36>17;25-38>21;25-40>10;27-29>43;27-36>30;27-38>19;27-40>23;29-36>28;29-38>17;29-40>21;36-38>7;36-40>8;38-40>9,17:2 21:2 7:1 8:1 9:1 10:1 19:1 23:1 28:1 30:1 41:1 42:1 43:1,2,17 21,0,0,,,,0,,,0
444,443,4 6 10 19 20 44,4-6>20;4-10>22;4-19>34;4-20>6;4-44>39;6-10>23;6-19>2;6-20>4;6-44>43;10-19>13;10-20>15;10-44>36;19-20>42;19-44>24;20-44>23,23:2 2:1 4:1 6:1 13:1 15:1 20:1 22:1 24:1 34:1 36:1 39:1 42:1 43:1,1,23,0,0,,,,1,,,0
445,444,11 13 23 35 43 45,11-13>27;11-23>5;11-35>32;11-43>39;11-45>37;13-23>3;13-35>36;13-43>28;13-45>41;23-35>17;23-43>18;23-45>22;35-43>9;35-45>10;43-45>14,3:1 5:1 9:1 10:1 14:1 17:1 18:1 22:1 27:1 28:1 32:1 36:1 37:1 39:1 41:1,0,,0,2,,,,0,,,0
446,445,13 20 21 30 39 45,13-20>12;13-21>14;13-30>2;13-39>32;13-45>41;20-21>43;20-30>40;20-39>28;20-45>25;21-30>33;21-39>27;21-45>24;30-39>18;30-45>15;39-45>12,12:2 2:1 14:1 15:1 18:1 24:1 25:1 27:1 28:1 32:1 33:1 40:1 41:1 43:1,1,12,0,0,,,,1,,,0
447,446,1 11 12 14 26 35,1-11>21;1-12>29;1-14>30;1-26>6;1-35>42;11-12>19;11-14>20;11-26>41;11-35>32;12-14>28;12-26>10;12-35>34;14-26>8;14-35>38;26-35>29,29:2 6:1 8:1 10:1 19:1 20:1 21:1 28:1 30:1 32:1 34:1 38:1 41:1 42:1,1,29,0,0,,,,0,,,0
448,447,2 7 8 9 17 33,2-7>27;2-8>20;2-9>28;2-17>32;2-33>31;7-8>30;7-9>23;7-17>12;7-33>41;8-9>16;8-17>11;8-33>43;9-17>10;9-33>45;17-33>19,10:1 11:1 12:1 16:1 19:1 20:1 23:1 27:1 28:1 30:1 31:1 32:1 41:1 43:1 45:1,0,,0,1,,,,0,,,0
449,448,3 7 13 27 40 41,3-7>20;3-13>23;3-27>6;3-40>41;3-41>40;7-13>25;7-27>2;7-40>34;7-41>33;13-27>11;13-40>31;13-41>45;27-40>23;27-41>25;40-41>3,23:2 25:2 2:1 3:1 6:1 11:1 20:1 31:1 33:1 34:1 40:1 41:1 45:1,2,23 25,0,1,,,,0,,,0
450,449,3 10 20 26 35 43,3-10>29;3-20>7;3-26>4;3-35>31;3-43>38;10-20>15;10-26>12;10-35>45;10-43>37;20-26>38;20-35>5;20-43>21;26-35>29;26-43>30;35-43>9,29:2 38:2 4:1 5:1 7:1 9:1 12:1 15:1 21:1 30:1 31:1 37:1 45:1,2,29 38,0,0,,,,0,,,0
451,450,6 14 19 21 23 31,6-14>25;6-19>2;6-21>36;6-23>10;6-31>41;14-19>9;14-21>13;14-23>2;14-31>42;19-21>35;19-23>36;19-31>28;21-23>37;21-31>26;23-31>24,2:2 36:2 9:1 10:1 13:1 24:1 25:1 26:1 28:1 35:1 37:1 41:1 42:1,2,2 36,0,0,,,,0,,,0
452,451,12 15 20 24 30 38,12-15>21;12-20>13;12-24>6;12-30>3;12-38>31;15-20>10;15-24>3;15-30>45;15-38>37;20-24>37;20-30>40;20-38>26;24-30>42;24-38>22;30-38>16,3:2 37:2 6:1 10:1 13:1 16:1 21:1 22:1 26:1 31:1 40:1 42:1 45:1,2,3 37,0,1,,,,0,,,0
453,452,8 10 18 30 32 34,8-10>24;8-18>13;8-30>7;8-32>44;8-34>42;10-18>11;10-30>5;10-32>33;10-34>31;18-30>39;18-32>16;18-34>20;30-32>19;30-34>23;32-34>3,3:1 5:1 7:1 11:1 13:1 16:1 19:1 20:1 23:1 24:1 31:1 33:1 39:1 42:1 44:1,0,,0,0,,,,0,,,0
454,453,12 24 33 38 40 42,12-24>6;12-33>36;12-38>31;12-40>44;12-42>27;24-33>27;24-38>22;24-40>26;24-42>30;33-38>13;33-40>14;33-42>15;38-40>9;38-42>10;40-42>11,27:2 6:1 9:1 10:1 11:1 13:1 14:1 15:1 22:1 26:1 30:1 31:1 36:1 44:1,1,27,0,1,,,,1,,,0
455,454,13 25 27 34 38 41,13-25>7;13-27>11;13-34>37;13-38>33;13-41>45;25-27>41;25-34>28;25-38>21;25-41>27;27-34>26;27-38>19;27-41>25;34-38>6;34-41>15;38-41>2,2:1 6:1 7:1 11:1 15:1 19:1 21:1 25:1 26:1 27:1 28:1 33:1 37:1 41:1 45:1,0,,0,0,,,,0,,,0
456,455,4 19 20 26 30 35,4-19>34;4-20>6;4-26>3;4-30>11;4-35>33;19-20>42;19-26>45;19-30>32;19-35>21;20-26>38;20-30>40;20-35>5;26-30>43;26-35>29;30-35>25,3:1 5:1 6:1 11:1 21:1 25:1 29:1 32:1 33:1 34:1 38:1 40:1 42:1 43:1 45:1,0,,0,0,,,,0,,,0
457,456,1 7 12 18 23 27,1-7>19;1-12>29;1-18>5;1-23>15;1-27>8;7-12>17;7-18>14;7-23>9;7-27>2;12-18>9;12-23>4;12-27>42;18-23>43;18-27>45;23-27>40,9:2 2:1 4:1 5:1 8:1 14:1 15:1 17:1 19:1 29:1 40:1 42:1 43:1 45:1,1,9,0,3,,,,0,,,0
458,457,8 10 18 23 27 40,8-10>24;8-18>13;8-23>38;8-27>1;8-40>36;10-18>11;10-23>6;10-27>14;10-40>25;18-23>43;18-27>45;18-40>17;23-27>40;23-40>27;27-40>23,1:1 6:1 11:1 13:1 14:1 17:1 23:1 24:1 25:1 27:1 36:1 38:1 40:1 43:1 45:1,0,,0,2,,,,0,,,0
459,458,4 9 10 32 36 40,4-9>29;4-10>22;4-32>36;4-36>32;4-40>43;9-10>17;9-32>31;9-36>42;9-40>38;10-32>33;10-36>44;10-40>25;32-36>4;32-40>6;36-40>8,4:1 6:1 8:1 17:1 22:1 25:1 29:1 31:1 32:1 33:1 36:1 38:1 42:1 43:1 44:1,0,,0,3,,,,0,,,0
460,459,4 6 10 14 25 40,4-6>20;4-10>22;4-14>24;4-25>1;4-40>43;6-10>23;6-14>25;6-25>14;6-40>32;10-14>27;10-25>40;10-40>25;14-25>6;14-40>33;25-40>10,25:2 1:1 6:1 10:1 14:1 20:1 22:1 23:1 24:1 27:1 32:1 33:1 40:1 43:1,1,25,1,0,,,,0,,,0
461,460,8 11 28 30 43 45,8-11>17;8-28>3;8-30>7;8-43>33;8-45>31;11-28>15;11-30>4;11-43>39;11-45>37;28-30>44;28-43>13;28-45>17;30-43>26;30-45>15;43-45>14,15:2 17:2 3:1 4:1 7:1 13:1 14:1 26:1 31:1 33:1 37:1 39:1 44:1,2,15 17,0,1,,,,0,,,0
462,461,11 18 26 31 37 40,11-18>10;11-26>41;11-31>36;11-37>45;11-40>42;18-26>37;18-31>29;18-37>26;18-40>17;26-31>21;26-37>18;26-40>24;31-37>4;31-40>13;37-40>1,1:1 4:1 10:1 13:1 17:1 18:1 21:1 24:1 26:1 29:1 36:1 37:1 41:1 42:1 45:1,0,,0,1,,,,0,,,0
463,462,3 20 24 32 37 45,3-20>7;3-24>15;3-32>34;3-37>44;3-45>36;20-24>37;20-32>29;20-37>24;20-45>25;24-32>25;24-37>20;24-45>21;32-37>12;32-45>1;37-45>11,25:2 1:1 7:1 11:1 12:1 15:1 20:1 21:1 24:1 29:1 34:1 36:1 37:1 44:1,1,25,0,0,,,,0,,,0
464,463,23 29 31 33 34 44,23-29>41;23-31>24;23-33>28;23-34>30;23-44>20;29-31>18;29-33>22;29-34>24;29-44>14;31-33>2;31-34>10;31-44>15;33-34>11;33-44>1;34-44>9,24:2 1:1 2:1 9:1 10:1 11:1 14:1 15:1 18:1 20:1 22:1 28:1 30:1 41:1,1,24,0,2,,,,0,,,0
465,464,6 12 15 34 42 44,6-12>24;6-15>18;6-34>38;6-42>45;6-44>43;12-15>21;12-34>35;12-42>27;12-44>40;15-34>41;15-42>33;15-44>31;34-42>8;34-44>9;42-44>13,8:1 9:1 13:1 18:1 21:1 24:1 27:1 31:1 33:1 35:1 38:1 40:1 41:1 43:1 45:1,0,,0,0,,,,0,,,0
466,465,1 8 11 13 22 38,1-8>27;1-11>21;1-13>22;1-22>13;1-38>39;8-11>17;8-13>18;8-22>6;8-38>23;11-13>27;11-22>3;11-38>44;13-22>1;13-38>33;22-38>24,27:2 1:1 3:1 6:1 13:1 17:1 18:1 21:1 22:1 23:1 24:1 33:1 39:1 44:1,1,27,0,1,,,,0,,,0
467,466,4 10 13 23 32 44,4-10>22;4-13>16;4-23>12;4-32>36;4-44>39;10-13>19;10-23>6;10-32>33;10-44>36;13-23>3;13-32>39;13-44>42;23-32>26;23-44>20;32-44>8,36:2 39:2 3:1 6:1 8:1 12:1 16:1 19:1 20:1 22:1 26:1 33:1 42:1,2,36 39,0,0,,,,0,,,0
468,467,2 12 14 17 24 40,2-12>22;2-14>23;2-17>32;2-24>1;2-40>39;12-14>28;12-17>7;12-24>6;12-40>44;14-17>5;14-24>4;14-40>33;17-24>43;17-40>18;24-40>26,1:1 4:1 5:1 6:1 7:1 18:1 22:1 23:1 26:1 28:1 32:1 33:1 39:1 43:1 44:1,0,,0,0,,,,0,,,0
469,468,8 13 15 28 37 43,8-13>18;8-15>19;8-28>3;8-37>39;8-43>33;13-15>29;13-28>43;13-37>34;13-43>28;15-28>11;15-37>38;15-43>32;28-37>16;28-43>13;37-43>10,3:1 10:1 11:1 13:1 16:1 18:1 19:1 28:1 29:1 32:1 33:1 34:1 38:1 39:1 43:1,0,,0,1,,,,0,,,0
470,469,4 21 22 34 37 38,4-21>8;4-22>10;4-34>19;4-37>31;4-38>45;21-22>44;21-34>17;21-37>23;21-38>25;22-34>16;22-37>7;22-38>24;34-37>13;34-38>6;37-38>15,6:1 7:1 8:1 10:1 13:1 15:1 16:1 17:1 19:1 23:1 24:1 25:1 31:1 44:1 45:1,0,,0,0,,,,0,,,0
471,470,10 16 20 39 41 42,10-16>7;10-20>15;10-39>41;10-41>39;10-42>38;16-20>33;16-39>17;16-41>21;16-42>23;20-39>28;20-41>17;20-42>19;39-41>10;39-42>3;41-42>4,17:2 3:1 4:1 7:1 10:1 15:1 19:1 21:1 23:1 28:1 33:1 38:1 39:1 41:1,1,17,0,2,,,,0,,,0
472,471,6 13 29 37 39 41,6-13>17;6-29>7;6-37>35;6-39>33;6-41>31;13-29>15;13-37>34;13-39>32;13-41>45;29-37>30;29-39>19;29-41>23;37-39>8;37-41>9;39-41>10,7:1 8:1 9:1 10:1 15:1 17:1 19:1 23:1 30:1 31:1 32:1 33:1 34:1 35:1 45:1,0,,0,0,,,,0,,,0
473,472,16 25 26 31 36 43,16-25>43;16-26>36;16-31>1;16-36>26;16-43>25;25-26>33;25-31>22;25-36>17;25-43>16;26-31>21;26-36>16;26-43>30;31-36>11;31-43>7;36-43>2,16:2 1:1 2:1 7:1 11:1 17:1 21:1 22:1 25:1 26:1 30:1 33:1 36:1 43:1,1,16,1,1,,,,0,,,0
474,473,8 13 20 22 23 36,8-13>18;8-20>2;8-22>6;8-23>38;8-36>40;13-20>12;13-22>1;13-23>3;13-36>35;20-22>36;20-23>44;20-36>22;22-23>45;22-36>20;23-36>19,1:1 2:1 3:1 6:1 12:1 18:1 19:1 20:1 22:1 35:1 36:1 38:1 40:1 44:1 45:1,0,,0,1,,,,0,,,0
475,474,4 13 18 31 33 45,4-13>16;4-18>2;4-31>37;4-33>35;4-45>38;13-18>8;13-31>40;13-33>38;13-45>41;18-31>29;18-33>3;18-45>27;31-33>2;31-45>8;33-45>9,2:2 8:2 38:2 3:1 9:1 16:1 27:1 29:1 35:1 37:1 40:1 41:1,3,2 8 38,0,0,2 8 38,,,0,0,,0
476,475,1 9 14 16 21 29,1-9>20;1-14>30;1-16>31;1-21>11;1-29>12;9-14>19;9-16>8;9-21>3;9-29>4;14-16>3;14-21>13;14-29>44;16-21>41;16-29>45;21-29>40,3:2 4:1 8:1 11:1 12:1 13:1 19:1 20:1 30:1 31:1 40:1 41:1 44:1 45:1,1,3,0,1,,,,0,,,0
477,476,9 12 13 15 37 38,9-12>18;9-13>26;9-15>27;9-37>41;9-38>40;12-13>20;12-15>21;12-37>32;12-38>31;13-15>29;13-37>34;13-38>33;15-37>38;15-38>37;37-38>15,15:1 18:1 20:1 21:1 26:1 27:1 29:1 31:1 32:1 33:1 34:1 37:1 38:1 40:1 41:1,0,,0,0,,,,0,,,0
478,477,14 25 29 32 33 45,14-25>6;14-29>44;14-32>41;14-33>40;14-45>43;25-29>42;25-32>24;25-33>26;25-45>20;29-32>20;29-33>22;29-45>16;32-33>10;32-45>1;33-45>9,20:2 1:1 6:1 9:1 10:1 16:1 22:1 24:1 26:1 40:1 41:1 42:1 43:1 44:1,1,20,0,1,,,,0,,,0
479,478,18 29 30 37 39 43,18-29>31;18-30>39;18-37>26;18-39>30;18-43>23;29-30>37;29-37>30;29-39>19;29-43>27;30-37>29;30-39>18;30-43>26;37-39>8;37-43>10;39-43>11,26:2 30:2 8:1 10:1 11:1 18:1 19:1 23:1 27:1 29:1 31:1 37:1 39:1,2,26 30,1,0,,,,0,,,0
480,479,8 23 25 27 35 44,8-23>38;8-25>12;8-27>1;8-35>41;8-44>32;23-25>39;23-27>40;23-35>17;23-44>20;25-27>41;25-35>30;25-44>18;27-35>28;27-44>16;35-44>2,41:2 1:1 2:1 12:1 16:1 17:1 18:1 20:1 28:1 30:1 32:1 38:1 39:1 40:1,1,41,0,0,,,,0,,,0
481,480,3 5 10 17 30 31,3-5>19;3-10>29;3-17>1;3-30>12;3-31>35;5-10>30;5-17>14;5-30>10;5-31>39;10-17>9;10-30>5;10-31>34;17-30>31;17-31>30;30-31>17,30:2 1:1 5:1 9:1 10:1 12:1 14:1 17:1 19:1 29:1 31:1 34:1 35:1 39:1,1,30,1,1,,,,0,,,0
482,481,3 4 23 29 40 41,3-4>26;3-23>13;3-29>10;3-40>41;3-41>40;4-23>12;4-29>9;4-40>43;4-41>42;23-29>41;23-40>27;23-41>29;29-40>21;29-41>23;40-41>3,41:2 3:1 9:1 10:1 12:1 13:1 21:1 23:1 26:1 27:1 29:1 40:1 42:1 43:1,1,41,1,0,,,,0,,,0
483,482,1 10 16 24 25 35,1-10>28;1-16>31;1-24>2;1-25>4;1-35>42;10-16>7;10-24>8;10-25>40;10-35>45;16-24>35;16-25>43;16-35>24;24-25>32;24-35>16;25-35>30,2:1 4:1 7:1 8:1 16:1 24:1 28:1 30:1 31:1 32:1 35:1 40:1 42:1 43:1 45:1,0,,0,0,,,,0,,,0
484,483,12 15 19 22 28 34,12-15>21;12-19>11;12-22>2;12-28>14;12-34>35;15-19>8;15-22>14;15-28>11;15-34>41;19-22>43;19-28>31;19-34>4;22-28>40;22-34>16;28-34>25,11:2 14:2 2:1 4:1 8:1 16:1 21:1 25:1 31:1 35:1 40:1 41:1 43:1,2,11 14,0,1,,,,0,,,0
485,484,1 3 27 28 32 45,1-3>17;1-27>8;1-28>10;1-32>45;1-45>32;3-27>6;3-28>8;3-32>34;3-45>36;27-28>35;27-32>22;27-45>18;28-32>21;28-45>17;32-45>1,8:2 17:2 1:1 6:1 10:1 18:1 21:1 22:1 32:1 34:1 35:1 36:1 45:1,2,8 17,0,1,,,,1,,,0
486,485,17 22 26 27 36 39,17-22>42;17-26>44;17-27>37;17-36>25;17-39>16;22-26>39;22-27>32;22-36>20;22-39>26;26-27>34;26-36>16;26-39>22;27-36>30;27-39>21;36-39>15,16:2 15:1 20:1 21:1 22:1 25:1 26:1 30:1 32:1 34:1 37:1 39:1 42:1 44:1,1,16,0,0,,,,0,,,0
487,486,1 2 23 25 38 40,1-2>24;1-23>15;1-25>4;1-38>39;1-40>37;2-23>14;2-25>3;2-38>41;2-40>39;23-25>39;23-38>8;23-40>27;25-38>21;25-40>10;38-40>9,39:3 3:1 4:1 8:1 9:1 10:1 14:1 15:1 21:1 24:1 27:1 37:1 41:1,1,39,0,1,,,,0,,,0
488,487,4 8 25 27 37 41,4-8>21;4-25>1;4-27>5;4-37>31;4-41>42;8-25>12;8-27>1;8-37>39;8-41>35;25-27>41;25-37>19;25-41>27;27-37>17;27-41>25;37-41>9,1:2 5:1 9:1 12:1 17:1 19:1 21:1 25:1 27:1 31:1 35:1 39:1 41:1 42:1,1,1,0,1,,,,0,,,0
489,488,2 8 17 30 31 38,2-8>20;2-17>32;2-30>13;2-31>33;2-38>41;8-17>11;8-30>7;8-31>45;8-38>23;17-30>31;17-31>30;17-38>29;30-31>17;30-38>16;31-38>12,7:1 11:1 12:1 13:1 16:1 17:1 20:1 23:1 29:1 30:1 31:1 32:1 33:1 41:1 45:1,0,,0,2,,,,0,,,0
490,489,2 4 8 15 20 27,2-4>18;2-8>20;2-15>16;2-20>8;2-27>7;4-8>21;4-15>17;4-20>6;4-27>5;8-15>19;8-20>2;8-27>1;15-20>10;15-27>9;20-27>31,1:1 2:1 5:1 6:1 7:1 8:1 9:1 10:1 16:1 17:1 18:1 19:1 20:1 21:1 31:1,0,,0,1,,,,0,,,0
491,490,2 7 26 29 40 43,2-7>27;2-26>5;2-29>11;2-40>39;2-43>36;7-26>15;7-29>6;7-40>34;7-43>31;26-29>35;26-40>24;26-43>30;29-40>21;29-43>27;40-43>4,27:2 4:1 5:1 6:1 11:1 15:1 21:1 24:1 30:1 31:1 34:1 35:1 36:1 39:1,1,27,0,0,,,,0,,,0
492,491,8 17 35 36 39 42,8-17>11;8-35>41;8-36>40;8-39>37;8-42>34;17-35>23;17-36>25;17-39>16;17-42>22;35-36>13;35-39>7;35-42>1;36-39>15;36-42>9;39-42>3,1:1 3:1 7:1 9:1 11:1 13:1 15:1 16:1 22:1 23:1 25:1 34:1 37:1 40:1 41:1,0,,0,1,,,,0,,,0
493,492,22 27 31 35 37 40,22-27>32;22-31>25;22-35>18;22-37>7;22-40>28;27-31>20;27-35>28;27-37>17;27-40>23;31-35>3;31-37>4;31-40>13;35-37>6;35-40>15;37-40>1,28:2 1:1 3:1 4:1 6:1 7:1 13:1 15:1 17:1 18:1 20:1 23:1 25:1 32:1,1,28,0,2,,,,0,,,0
494,493,20 22 26 33 36 37,20-22>36;20-26>38;20-33>16;20-36>22;20-37>24;22-26>39;22-33>29;22-36>20;22-37>7;26-33>25;26-36>16;26-37>18;33-36>12;33-37>5;36-37>14,16:2 5:1 7:1 12:1 14:1 18:1 20:1 22:1 24:1 25:1 29:1 36:1 38:1 39:1,1,16,0,0,,,,0,,,0
495,494,5 7 8 15 30 43,5-7>21;5-8>29;5-15>25;5-30>10;5-43>42;7-8>30;7-15>26;7-30>8;7-43>31;8-15>19;8-30>7;8-43>33;15-30>45;15-43>32;30-43>26,26:2 7:1 8:1 10:1 19:1 21:1 25:1 29:1 30:1 31:1 32:1 33:1 42:1 45:1,1,26,0,0,,,,0,,,0
496,495,4 13 22 27 34 44,4-13>16;4-22>10;4-27>5;4-34>19;4-44>39;13-22>1;13-27>11;13-34>37;13-44>42;22-27>32;22-34>16;22-44>21;27-34>26;27-44>16;34-44>9,16:3 1:1 5:1 9:1 10:1 11:1 19:1 21:1 26:1 32:1 37:1 39:1 42:1,1,16,0,2,,,,0,,,0
497,496,4 13 20 29 36 41,4-13>16;4-20>6;4-29>9;4-36>32;4-41>42;13-20>12;13-29>15;13-36>35;13-41>45;20-29>32;20-36>22;20-41>17;29-36>28;29-41>23;36-41>1,32:2 1:1 6:1 9:1 12:1 15:1 16:1 17:1 22:1 23:1 28:1 35:1 42:1 45:1,1,32,0,1,,,,0,,,0
498,497,19 20 23 24 43 44,19-20>42;19-23>36;19-24>44;19-43>22;19-44>24;20-23>44;20-24>37;20-43>21;20-44>23;23-24>31;23-43>18;23-44>20;24-43>17;24-44>19;43-44>6,44:2 6:1 17:1 18:1 19:1 20:1 21:1 22:1 23:1 24:1 31:1 36:1 37:1 42:1,1,44,1,1,,,,0,,,0
499,498,13 14 24 32 39 41,13-14>21;13-24>5;13-32>39;13-39>32;13-41>45;14-24>4;14-32>41;14-39>34;14-41>32;24-32>25;24-39>9;24-41>28;32-39>13;32-41>14;39-41>10,32:2 4:1 5:1 9:1 10:1 13:1 14:1 21:1 25:1 28:1 34:1 39:1 41:1 45:1,1,32,1,0,,,,0,,,0
500,499,5 20 23 27 35 40,5-20>35;5-23>11;5-27>4;5-35>20;5-40>45;20-23>44;20-27>31;20-35>5;20-40>30;23-27>40;23-35>17;23-40>27;27-35>28;27-40>23;35-40>15,4:1 5:1 11:1 15:1 17:1 20:1 23:1 27:1 28:1 30:1 31:1 35:1 40:1 44:1 45:1,0,,0,1,,,,0,,,0
501,500,3 4 12 20 24 34,3-4>26;3-12>30;3-20>7;3-24>15;3-34>32;4-12>23;4-20>6;4-24>14;4-34>19;12-20>13;12-24>6;12-34>35;20-24>37;20-34>18;24-34>29,6:2 7:1 13:1 14:1 15:1 18:1 19:1 23:1 26:1 29:1 30:1 32:1 35:1 37:1,1,6,0,1,,,,0,,,0
502,501,1 4 10 17 31 42,1-4>25;1-10>28;1-17>3;1-31>16;1-42>35;4-10>22;4-17>15;4-31>37;4-42>41;10-17>9;10-31>34;10-42>38;17-31>30;17-42>22;31-42>14,22:2 3:1 9:1 14:1 15:1 16:1 25:1 28:1 30:1 34:1 35:1 37:1 38:1 41:1,1,22,0,0,,,,1,,,0
503,502,6 22 28 32 34 40,6-22>8;6-28>5;6-32>40;6-34>38;6-40>32;22-28>40;22-32>27;22-34>16;22-40>28;28-32>21;28-34>25;28-40>22;32-34>3;32-40>6;34-40>7,40:2 3:1 5:1 6:1 7:1 8:1 16:1 21:1 22:1 25:1 27:1 28:1 32:1 38:1,1,40,1,1,,,,0,,,0
504,503,1 5 27 30 34 36,1-5>18;1-27>8;1-30>14;1-34>43;1-36>41;5-27>4;5-30>10;5-34>36;5-36>34;27-30>36;27-34>26;27-36>30;30-34>23;30-36>27;34-36>5,36:2 4:1 5:1 8:1 10:1 14:1 18:1 23:1 26:1 27:1 30:1 34:1 41:1 43:1,1,36,1,0,,,,0,,,0
505,504,6 14 22 26 43 44,6-14>25;6-22>8;6-26>1;6-43>44;6-44>43;14-22>15;14-26>8;14-43>45;14-44>29;22-26>39;22-43>19;22-44>21;26-43>30;26-44>17;43-44>6,8:2 1:1 6:1 15:1 17:1 19:1 21:1 25:1 29:1 30:1 39:1 43:1 44:1 45:1,1,8,0,1,,,,0,,,0
506,505,7 20 22 25 38 40,7-20>3;7-22>37;7-25>13;7-38>36;7-40>34;20-22>36;20-25>45;20-38>26;20-40>30;22-25>31;22-38>24;22-40>28;25-38>21;25-40>10;38-40>9,36:2 3:1 9:1 10:1 13:1 21:1 24:1 26:1 28:1 30:1 31:1 34:1 37:1 45:1,1,36,0,1,,,,0,,,0
507,506,6 9 11 22 24 30,6-9>30;6-11>16;6-22>8;6-24>12;6-30>9;9-11>25;9-22>5;9-24>39;9-30>6;11-22>3;11-24>7;11-30>4;22-24>38;22-30>41;24-30>42,3:1 4:1 5:1 6:1 7:1 8:1 9:1 12:1 16:1 25:1 30:1 38:1 39:1 41:1 42:1,0,,0,0,,,,0,,,0
508,507,12 13 32 33 40 41,12-13>20;12-32>37;12-33>36;12-40>44;12-41>43;13-32>39;13-33>38;13-40>31;13-41>45;32-33>10;32-40>6;32-41>14;33-40>14;33-41>7;40-41>3,14:2 3:1 6:1 7:1 10:1 20:1 31:1 36:1 37:1 38:1 39:1 43:1 44:1 45:1,1,14,0,0,,,,0,,,0
509,508,5 27 31 34 35 43,5-27>4;5-31>39;5-34>36;5-35>20;5-43>42;27-31>20;27-34>26;27-35>28;27-43>29;31-34>10;31-35>3;31-43>7;34-35>12;34-43>1;35-43>9,20:2 1:1 3:1 4:1 7:1 9:1 10:1 12:1 26:1 28:1 29:1 36:1 39:1 42:1,1,20,0,2,,,,0,,,0
510,509,12 25 29 35 42 43,12-25>8;12-29>1;12-35>34;12-42>27;12-43>41;25-29>42;25-35>30;25-42>29;25-43>16;29-35>26;29-42>25;29-43>27;35-42>1;35-43>9;42-43>5,1:2 27:2 5:1 8:1 9:1 16:1 25:1 26:1 29:1 30:1 34:1 41:1 42:1,2,1 27,0,2,,,,0,,,0
511,510,12 29 32 33 39 40,12-29>1;12-32>37;12-33>36;12-39>45;12-40>44;29-32>20;29-33>22;29-39>19;29-40>21;32-33>10;32-39>13;32-40>6;33-39>6;33-40>14;39-40>2,6:2 1:1 2:1 10:1 13:1 14:1 19:1 20:1 21:1 22:1 36:1 37:1 44:1 45:1,1,6,0,0,,,,0,,,0
512,511,3 7 14 23 26 42,3-7>20;3-14>16;3-23>13;3-26>4;3-42>39;7-14>18;7-23>9;7-26>15;7-42>32;14-23>2;14-26>8;14-42>31;23-26>32;23-42>16;26-42>28,16:2 32:2 2:1 4:1 8:1 9:1 13:1 15:1 18:1 20:1 28:1 31:1 39:1,2,16 32,0,1,,,,0,,,0
513,512,4 5 9 13 26 27,4-5>27;4-9>29;4-13>16;4-26>3;4-27>5;5-9>22;5-13>24;5-26>2;5-27>4;9-13>26;9-26>13;9-27>15;13-26>9;13-27>11;26-27>34,2:1 3:1 4:1 5:1 9:1 11:1 13:1 15:1 16:1 22:1 24:1 26:1 27:1 29:1 34:1,0,,0,2,,,,0,,,0
514,513,5 8 21 23 27 33,5-8>29;5-21>7;5-23>11;5-27>4;5-33>37;8-21>4;8-23>38;8-27>1;8-33>43;21-23>37;21-27>39;21-33>30;23-27>40;23-33>28;27-33>24,4:2 37:2 1:1 7:1 11:1 24:1 28:1 29:1 30:1 38:1 39:1 40:1 43:1,2,4 37,0,0,,,,0,,,0
515,514,1 15 20 26 35 42,1-15>23;1-20>9;1-26>6;1-35>42;1-42>35;15-20>10;15-26>7;15-35>40;15-42>33;20-26>38;20-35>5;20-42>19;26-35>29;26-42>28;35-42>1,1:1 5:1 6:1 7:1 9:1 10:1 19:1 23:1 28:1 29:1 33:1 35:1 38:1 40:1 42:1,0,,0,1,,,,0,,,0
516,515,2 11 12 15 23 37,2-11>29;2-12>22;2-15>16;2-23>14;2-37>42;11-12>19;11-15>28;11-23>5;11-37>45;12-15>21;12-23>4;12-37>32;15-23>1;15-37>38;23-37>21,21:2 1:1 4:1 5:1 14:1 16:1 19:1 22:1 28:1 29:1 32:1 38:1 42:1 45:1,1,21,0,2,,,,0,,,0
517,516,2 8 23 41 43 44,2-8>20;2-23>14;2-41>38;2-43>36;2-44>35;8-23>38;8-41>35;8-43>33;8-44>32;23-41>29;23-43>18;23-44>20;41-43>12;41-44>5;43-44>6,20:2 35:2 38:2 5:1 6:1 12:1 14:1 18:1 29:1 32:1 33:1 36:1,3,20 35 38,0,1,20 35 38,,,0,0,,0
518,517,1 9 12 28 36 41,1-9>20;1-12>29;1-28>10;1-36>41;1-41>36;9-12>18;9-28>2;9-36>42;9-41>37;12-28>14;12-36>33;12-41>43;28-36>29;28-41>24;36-41>1,29:2 1:1 2:1 10:1 14:1 18:1 20:1 24:1 33:1 36:1 37:1 41:1 42:1 43:1,1,29,0,0,,,,0,,,0
519,518,14 23 30 32 34 38,14-23>2;14-30>1;14-32>41;14-34>39;14-38>35;23-30>34;23-32>26;23-34>30;23-38>8;30-32>19;30-34>23;30-38>16;32-34>3;32-38>5;34-38>6,1:1 2:1 3:1 5:1 6:1 8:1 16:1 19:1 23:1 26:1 30:1 34:1 35:1 39:1 41:1,0,,0,1,,,,0,,,0
520,519,6 8 13 16 30 43,6-8>22;6-13>17;6-16>11;6-30>9;6-43>44;8-13>18;8-16>9;8-30>7;8-43>33;13-16>4;13-30>2;13-43>28;16-30>38;16-43>25;30-43>26,9:2 2:1 4:1 7:1 11:1 17:1 18:1 22:1 25:1 26:1 28:1 33:1 38:1 44:1,1,9,0,0,,,,0,,,0
521,520,4 22 27 28 38 40,4-22>10;4-27>5;4-28>7;4-38>45;4-40>43;22-27>32;22-28>40;22-38>24;22-40>28;27-28>35;27-38>19;27-40>23;28-38>18;28-40>22;38-40>9,5:1 7:1 9:1 10:1 18:1 19:1 22:1 23:1 24:1 28:1 32:1 35:1 40:1 43:1 45:1,0,,0,0,,,,0,,,0
522,521,3 7 18 29 32 36,3-7>20;3-18>33;3-29>10;3-32>34;3-36>45;7-18>14;7-29>6;7-32>42;7-36>38;18-29>31;18-32>16;18-36>24;29-32>20;29-36>28;32-36>4,20:2 4:1 6:1 10:1 14:1 16:1 24:1 28:1 31:1 33:1 34:1 38:1 42:1 45:1,1,20,0,0,,,,0,,,0
523,522,4 5 13 14 37 41,4-5>27;4-13>16;4-14>24;4-37>31;4-41>42;5-13>24;5-14>17;5-37>33;5-41>44;13-14>21;13-37>34;13-41>45;14-37>36;14-41>32;37-41>9,24:2 9:1 16:1 17:1 21:1 27:1 31:1 32:1 33:1 34:1 36:1 42:1 44:1 45:1,1,24,0,2,,,,0,,,0
524,523,1 4 37 38 40 45,1-4>25;1-37>40;1-38>39;1-40>37;1-45>32;4-37>31;4-38>45;4-40>43;4-45>38;37-38>15;37-40>1;37-45>11;38-40>9;38-45>4;40-45>5,1:1 4:1 5:1 9:1 11:1 15:1 25:1 31:1 32:1 37:1 38:1 39:1 40:1 43:1 45:1,0,,0,2,,,,0,,,0
525,524,10 11 29 38 41 45,10-11>18;10-29>3;10-38>42;10-41>39;10-45>35;11-29>2;11-38>44;11-41>26;11-45>37;29-38>17;29-41>23;29-45>16;38-41>2;38-45>4;41-45>13,2:2 3:1 4:1 13:1 16:1 17:1 18:1 23:1 26:1 35:1 37:1 39:1 42:1 44:1,1,2,0,2,,,,0,,,0
526,525,11 23 26 29 39 44,11-23>5;11-26>41;11-29>2;11-39>43;11-44>38;23-26>32;23-29>41;23-39>25;23-44>20;26-29>35;26-39>22;26-44>17;29-39>19;29-44>14;39-44>4,41:2 2:1 4:1 5:1 14:1 17:1 19:1 20:1 22:1 25:1 32:1 35:1 38:1 43:1,1,41,0,1,,,,0,,,0
527,526,7 14 17 20 35 39,7-14>18;7-17>12;7-20>3;7-35>39;7-39>35;14-17>5;14-20>11;14-35>38;14-39>34;17-20>41;17-35>23;17-39>16;20-35>5;20-39>28;35-39>7,5:2 3:1 7:1 11:1 12:1 16:1 18:1 23:1 28:1 34:1 35:1 38:1 39:1 41:1,1,5,0,0,,,,0,,,0
528,527,1 12 22 32 33 42,1-12>29;1-22>13;1-32>45;1-33>44;1-42>35;12-22>2;12-32>37;12-33>36;12-42>27;22-32>27;22-33>29;22-42>17;32-33>10;32-42>7;33-42>15,27:2 29:2 2:1 7:1 10:1 13:1 15:1 17:1 35:1 36:1 37:1 44:1 45:1,2,27 29,0,0,,,,0,,,0
529,528,5 17 25 31 39 40,5-17>14;5-25>15;5-31>39;5-39>31;5-40>45;17-25>36;17-31>30;17-39>16;17-40>18;25-31>22;25-39>23;25-40>10;31-39>5;31-40>13;39-40>2,2:1 5:1 10:1 13:1 14:1 15:1 16:1 18:1 22:1 23:1 30:1 31:1 36:1 39:1 45:1,0,,0,1,,,,0,,,0
530,529,18 20 24 27 31 42,18-20>34;18-24>36;18-27>45;18-31>29;18-42>21;20-24>37;20-27>31;20-31>27;20-42>19;24-27>33;24-31>23;24-42>30;27-31>20;27-42>12;31-42>14,12:1 14:1 19:1 20:1 21:1 23:1 27:1 29:1 30:1 31:1 33:1 34:1 36:1 37:1 45:1,0,,0,1,,,,0,,,0
531,530,16 23 27 29 33 41,16-23>42;16-27>44;16-29>45;16-33>20;16-41>21;23-27>40;23-29>41;23-33>28;23-41>29;27-29>43;27-33>24;27-41>25;29-33>22;29-41>23;33-41>7,7:1 20:1 21:1 22:1 23:1 24:1 25:1 28:1 29:1 40:1 41:1 42:1 43:1 44:1 45:1,0,,0,1,,,,0,,,0
532,531,1 5 9 21 27 35,1-5>18;1-9>20;1-21>11;1-27>8;1-35>42;5-9>22;5-21>7;5-27>4;5-35>20;9-21>3;9-27>15;9-35>43;21-27>39;21-35>19;27-35>28,20:2 3:1 4:1 7:1 8:1 11:1 15:1 18:1 19:1 22:1 28:1 39:1 42:1 43:1,1,20,0,0,,,,0,,,0
533,532,16 17 23 24 29 44,16-17>39;16-23>42;16-24>35;16-29>45;16-44>27;17-23>35;17-24>43;17-29>38;17-44>26;23-24>31;23-29>41;23-44>20;24-29>34;24-44>19;29-44>14,35:2 14:1 19:1 20:1 26:1 27:1 31:1 34:1 38:1 39:1 41:1 42:1 43:1 45:1,1,35,0,1,,,,0,,,0
534,533,9 14 15 17 31 33,9-14>19;9-15>27;9-17>10;9-31>32;9-33>45;14-15>22;14-17>5;14-31>42;14-33>40;15-17>4;15-31>44;15-33>42;17-31>30;17-33>19;31-33>2,19:2 42:2 2:1 4:1 5:1 10:1 22:1 27:1 30:1 32:1 40:1 44:1 45:1,2,19 42,0,0,,,,0,,,0
535,534,10 24 26 29 37 38,10-24>8;10-26>12;10-29>3;10-37>43;10-38>42;24-26>40;24-29>34;24-37>20;24-38>22;26-29>35;26-37>18;26-38>20;29-37>30;29-38>17;37-38>15,20:2 3:1 8:1 12:1 15:1 17:1 18:1 22:1 30:1 34:1 35:1 40:1 42:1 43:1,1,20,0,0,,,,0,,,0
536,535,11 12 14 15 18 39,11-12>19;11-14>20;11-15>28;11-18>10;11-39>43;12-14>28;12-15>21;12-18>9;12-39>45;14-15>22;14-18>7;14-39>34;15-18>6;15-39>36;18-39>30,28:2 6:1 7:1 9:1 10:1 19:1 20:1 21:1 22:1 30:1 34:1 36:1 43:1 45:1,1,28,0,1,,,,0,,,0
537,536,7 8 18 32 37 43,7-8>30;7-18>14;7-32>42;7-37>22;7-43>31;8-18>13;8-32>44;8-37>39;8-43>33;18-32>16;18-37>26;18-43>23;32-37>12;32-43>15;37-43>10,10:1 12:1 13:1 14:1 15:1 16:1 22:1 23:1 26:1 30:1 31:1 33:1 39:1 42:1 44:1,0,,0,1,,,,0,,,0
538,537,12 23 26 30 36 43,12-23>4;12-26>10;12-30>3;12-36>33;12-43>41;23-26>32;23-30>34;23-36>19;23-43>18;26-30>43;26-36>16;26-43>30;30-36>27;30-43>26;36-43>2,2:1 3:1 4:1 10:1 16:1 18:1 19:1 26:1 27:1 30:1 32:1 33:1 34:1 41:1 43:1,0,,0,0,,,,0,,,0
539,538,6 10 18 31 32 34,6-10>23;6-18>15;6-31>41;6-32>40;6-34>38;10-18>11;10-31>34;10-32>33;10-34>31;18-31>29;18-32>16;18-34>20;31-32>9;31-34>10;32-34>3,3:1 9:1 10:1 11:1 15:1 16:1 20:1 23:1 29:1 31:1 33:1 34:1 38:1 40:1 41:1,0,,0,1,,,,0,,,0
540,539,3 19 22 31 42 43,3-19>5;3-22>11;3-31>35;3-42>39;3-43>38;19-22>43;19-31>28;19-42>20;19-43>22;22-31>25;22-42>17;22-43>19;31-42>14;31-43>7;42-43>5,5:2 7:1 11:1 14:1 17:1 19:1 20:1 22:1 25:1 28:1 35:1 38:1 39:1 43:1,1,5,0,1,,,,0,,,0
541,540,3 12 13 15 34 36,3-12>30;3-13>23;3-15>24;3-34>32;3-36>45;12-13>20;12-15>21;12-34>35;12-36>33;13-15>29;13-34>37;13-36>35;15-34>41;15-36>39;34-36>5,35:2 5:1 20:1 21:1 23:1 24:1 29:1 30:1 32:1 33:1 37:1 39:1 41:1 45:1,1,35,0,2,,,,0,,,0
542,541,8 13 26 28 32 34,8-13>18;8-26>14;8-28>3;8-32>44;8-34>42;13-26>9;13-28>43;13-32>39;13-34>37;26-28>42;26-32>23;26-34>27;28-32>21;28-34>25;32-34>3,3:2 42:2 9:1 14:1 18:1 21:1 23:1 25:1 27:1 37:1 39:1 43:1 44:1,2,3 42,0,1,,,,0,,,0
543,542,5 6 19 26 41 45,5-6>28;5-19>3;5-26>2;5-41>44;5-45>40;6-19>2;6-26>1;6-41>31;6-45>42;19-26>45;19-41>18;19-45>26;26-41>11;26-45>19;41-45>13,2:2 1:1 3:1 11:1 13:1 18:1 19:1 26:1 28:1 31:1 40:1 42:1 44:1 45:1,1,2,0,1,,,,0,,,0
544,543,13 18 26 31 34 44,13-18>8;13-26>9;13-31>40;13-34>37;13-44>42;18-26>37;18-31>29;18-34>20;18-44>25;26-31>21;26-34>27;26-44>17;31-34>10;31-44>15;34-44>9,9:2 37:2 8:1 10:1 15:1 17:1 20:1 21:1 25:1 27:1 29:1 40:1 42:1,2,9 37,0,1,,,,0,,,0
545,544,5 17 21 25 36 44,5-17>14;5-21>7;5-25>15;5-36>34;5-44>41;17-21>34;17-25>36;17-36>25;17-44>26;21-25>38;21-36>6;21-44>22;25-36>17;25-44>18;36-44>10,34:2 6:1 7:1 10:1 14:1 15:1 17:1 18:1 22:1 25:1 26:1 36:1 38:1 41:1,1,34,0,1,,,,1,,,0
546,545,4 24 25 27 34 35,4-24>14;4-25>1;4-27>5;4-34>19;4-35>33;24-25>32;24-27>33;24-34>29;24-35>16;25-27>41;25-34>28;25-35>30;27-34>26;27-35>28;34-35>12,28:2 33:2 1:1 5:1 12:1 14:1 16:1 19:1 26:1 29:1 30:1 32:1 41:1,2,28 33,0,1,,,,0,,,0
547,546,8 17 20 27 37 43,8-17>11;8-20>2;8-27>1;8-37>39;8-43>33;17-20>41;17-27>37;17-37>27;17-43>24;20-27>31;20-37>24;20-43>21;27-37>17;27-43>29;37-43>10,24:2 1:1 2:1 10:1 11:1 17:1 21:1 27:1 29:1 31:1 33:1 37:1 39:1 41:1,1,24,0,0,,,,0,,,0
548,547,6 7 15 22 34 39,6-7>29;6-15>18;6-22>8;6-34>38;6-39>33;7-15>26;7-22>37;7-34>40;7-39>35;15-22>14;15-34>41;15-39>36;22-34>16;22-39>26;34-39>14,14:2 26:2 8:1 16:1 18:1 29:1 33:1 35:1 36:1 37:1 38:1 40:1 41:1,2,14 26,0,0,,,,0,,,0
549,548,1 12 13 21 32 45,1-12>29;1-13>22;1-21>11;1-32>45;1-45>32;12-13>20;12-21>15;12-32>37;12-45>39;13-21>14;13-32>39;13-45>41;21-32>28;21-45>24;32-45>1,39:2 1:1 11:1 14:1 15:1 20:1 22:1 24:1 28:1 29:1 32:1 37:1 41:1 45:1,1,39,0,0,,,,0,,,0
550,549,29 31 35 38 40 44,29-31>18;29-35>26;29-38>17;29-40>21;29-44>14;31-35>3;31-38>12;31-40>13;31-44>15;35-38>14;35-40>15;35-44>2;38-40>9;38-44>11;40-44>12,12:2 14:2 15:2 2:1 3:1 9:1 11:1 13:1 17:1 18:1 21:1 26:1,3,12 14 15,0,0,12 14 15,,,1,1,,0
551,550,1 7 14 20 34 37,1-7>19;1-14>30;1-20>9;1-34>43;1-37>40;7-14>18;7-20>3;7-34>40;7-37>22;14-20>11;14-34>39;14-37>36;20-34>18;20-37>24;34-37>13,18:2 40:2 3:1 9:1 11:1 13:1 19:1 22:1 24:1 30:1 36:1 39:1 43:1,2,18 40,0,1,,,,0,,,0
552,551,3 6 20 24 27 44,3-6>27;3-20>7;3-24>15;3-27>6;3-44>37;6-20>4;6-24>12;6-27>3;6-44>43;20-24>37;20-27>31;20-44>23;24-27>33;24-44>19;27-44>16,37:2 3:1 4:1 6:1 7:1 12:1 15:1 16:1 19:1 23:1 27:1 31:1 33:1 43:1,1,37,0,1,,,,0,,,0
553,552,1 10 20 32 35 40,1-10>28;1-20>9;1-32>45;1-35>42;1-40>37;10-20>15;10-32>33;10-35>45;10-40>25;20-32>29;20-35>5;20-40>30;32-35>11;32-40>6;35-40>15,15:2 45:2 5:1 6:1 9:1 11:1 25:1 28:1 29:1 30:1 33:1 37:1 42:1,2,15 45,0,0,,,,0,,,0
554,553,2 7 17 28 29 39,2-7>27;2-17>32;2-28>9;2-29>11;2-39>40;7-17>12;7-28>4;7-29>6;7-39>35;17-28>45;17-29>38;17-39>16;28-29>36;28-39>20;29-39>19,4:1 6:1 9:1 11:1 12:1 16:1 19:1 20:1 27:1 32:1 35:1 36:1 38:1 40:1 45:1,0,,0,1,,,,0,,,0
555,554,13 14 17 32 41 42,13-14>21;13-17>6;13-32>39;13-41>45;13-42>44;14-17>5;14-32>41;14-41>32;14-42>31;17-32>2;17-41>20;17-42>22;32-41>14;32-42>7;41-42>4,2:1 4:1 5:1 6:1 7:1 14:1 20:1 21:1 22:1 31:1 32:1 39:1 41:1 44:1 45:1,0,,0,1,,,,0,,,0
556,555,11 17 21 24 26 36,11-17>8;11-21>1;11-24>7;11-26>41;11-36>31;17-21>34;17-24>43;17-26>44;17-36>25;21-24>45;21-26>31;21-36>6;24-26>40;24-36>18;26-36>16,31:2 1:1 6:1 7:1 8:1 16:1 18:1 25:1 34:1 40:1 41:1 43:1 44:1 45:1,1,31,0,0,,,,0,,,0
557,556,12 20 23 28 30 44,12-20>13;12-23>4;12-28>14;12-30>3;12-44>40;20-23>44;20-28>39;20-30>40;20-44>23;23-28>33;23-30>34;23-44>20;28-30>44;28-44>30;30-44>28,40:2 44:2 3:1 4:1 13:1 14:1 20:1 23:1 28:1 30:1 33:1 34:1 39:1,2,40 44,1,2,,,,1,,,0
558,557,4 20 26 28 35 40,4-20>6;4-26>3;4-28>7;4-35>33;4-40>43;20-26>38;20-28>39;20-35>5;20-40>30;26-28>42;26-35>29;26-40>24;28-35>27;28-40>22;35-40>15,3:1 5:1 6:1 7:1 15:1 22:1 24:1 27:1 29:1 30:1 33:1 38:1 39:1 42:1 43:1,0,,0,2,,,,0,,,0
559,558,12 15 19 26 40 43,12-15>21;12-19>11;12-26>10;12-40>44;12-43>41;15-19>8;15-26>7;15-40>35;15-43>32;19-26>45;19-40>16;19-43>22;26-40>24;26-43>30;40-43>4,4:1 7:1 8:1 10:1 11:1 16:1 21:1 22:1 24:1 30:1 32:1 35:1 41:1 44:1 45:1,0,,0,1,,,,0,,,0
560,559,11 12 25 32 44 45,11-12>19;11-25>9;11-32>35;11-44>38;11-45>37;12-25>8;12-32>37;12-44>40;12-45>39;25-32>24;25-44>18;25-45>20;32-44>8;32-45>1;44-45>7,8:2 37:2 1:1 7:1 9:1 18:1 19:1 20:1 24:1 35:1 38:1 39:1 40:1,2,8 37,0,1,,,,0,,,0
561,560,1 4 20 23 29 45,1-4>25;1-20>9;1-23>15;1-29>12;1-45>32;4-20>6;4-23>12;4-29>9;4-45>38;20-23>44;20-29>32;20-45>25;23-29>41;23-45>22;29-45>16,9:2 12:2 25:2 32:2 6:1 15:1 16:1 22:1 38:1 41:1 44:1,4,9 12 25 32,0,1,9 12 25,,32,0,0,,0
562,561,5 7 18 37 42 45,5-7>21;5-18>1;5-37>33;5-42>43;5-45>40;7-18>14;7-37>22;7-42>32;7-45>44;18-37>26;18-42>21;18-45>27;37-42>2;37-45>11;42-45>6,21:2 1:1 2:1 6:1 11:1 14:1 22:1 26:1 27:1 32:1 33:1 40:1 43:1 44:1,1,21,0,0,,,,0,,,0
563,562,4 11 13 17 20 31,4-11>30;4-13>16;4-17>15;4-20>6;4-31>37;11-13>27;11-17>8;11-20>14;11-31>36;13-17>6;13-20>12;13-31>40;17-20>41;17-31>30;20-31>27,6:2 27:2 30:2 8:1 12:1 14:1 15:1 16:1 36:1 37:1 40:1 41:1,3,6 27 30,0,2,6 27 30,,,0,0,,0
564,563,5 10 16 17 31 32,5-10>30;5-16>12;5-17>14;5-31>39;5-32>38;10-16>7;10-17>9;10-31>34;10-32>33;16-17>39;16-31>1;16-32>18;17-31>30;17-32>2;31-32>9,9:2 30:2 39:2 1:1 2:1 7:1 12:1 14:1 18:1 33:1 34:1 38:1,3,9 30 39,0,0,9 30 39,,,0,0,,0
565,564,14 19 25 26 27 34,14-19>9;14-25>6;14-26>8;14-27>10;14-34>39;19-25>37;19-26>45;19-27>38;19-34>4;25-26>33;25-27>41;25-34>28;26-27>34;26-34>27;27-34>26,4:1 6:1 8:1 9:1 10:1 26:1 27:1 28:1 33:1 34:1 37:1 38:1 39:1 41:1 45:1,0,,0,1,,,,0,,,0
566,565,4 10 18 27 40 45,4-10>22;4-18>2;4-27>5;4-40>43;4-45>38;10-18>11;10-27>14;10-40>25;10-45>35;18-27>45;18-40>17;18-45>27;27-40>23;27-45>18;40-45>5,5:2 2:1 11:1 14:1 17:1 18:1 22:1 23:1 25:1 27:1 35:1 38:1 43:1 45:1,1,5,0,1,,,,1,,,0
567,566,4 5 6 25 26 43,4-5>27;4-6>20;4-25>1;4-26>3;4-43>40;5-6>28;5-25>15;5-26>2;5-43>42;6-25>14;6-26>1;6-43>44;25-26>33;25-43>16;26-43>30,1:2 2:1 3:1 14:1 15:1 16:1 20:1 27:1 28:1 30:1 33:1 40:1 42:1 44:1,1,1,0,0,,,,1,,,0
568,567,1 10 15 16 32 41,1-10>28;1-15>23;1-16>31;1-32>45;1-41>36;10-15>20;10-16>7;10-32>33;10-41>39;15-16>2;15-32>43;15-41>34;16-32>18;16-41>21;32-41>14,2:1 7:1 14:1 18:1 20:1 21:1 23:1 28:1 31:1 33:1 34:1 36:1 39:1 43:1 45:1,0,,0,1,,,,0,,,0
569,568,1 3 17 20 31 44,1-3>17;1-17>3;1-20>9;1-31>16;1-44>33;3-17>1;3-20>7;3-31>35;3-44>37;17-20>41;17-31>30;17-44>26;20-31>27;20-44>23;31-44>15,1:1 3:1 7:1 9:1 15:1 16:1 17:1 23:1 26:1 27:1 30:1 33:1 35:1 37:1 41:1,0,,0,1,,,,0,,,0
570,569,3 6 13 23 24 35,3-6>27;3-13>23;3-23>13;3-24>15;3-35>31;6-13>17;6-23>10;6-24>12;6-35>37;13-23>3;13-24>5;13-35>36;23-24>31;23-35>17;24-35>16,17:2 31:2 3:1 5:1 10:1 12:1 13:1 15:1 16:1 23:1 27:1 36:1 37:1,2,17 31,0,0,,,,0,,,0
571,570,1 12 26 27 29 33,1-12>29;1-26>6;1-27>8;1-29>12;1-33>44;12-26>10;12-27>42;12-29>1;12-33>36;26-27>34;26-29>35;26-33>25;27-29>43;27-33>24;29-33>22,1:1 6:1 8:1 10:1 12:1 22:1 24:1 25:1 29:1 34:1 35:1 36:1 42:1 43:1 44:1,0,,0,1,,,,0,,,0
572,571,11 18 21 26 38 43,11-18>10;11-21>1;11-26>41;11-38>44;11-43>39;18-21>42;18-26>37;18-38>28;18-43>23;21-26>31;21-38>25;21-43>20;26-38>20;26-43>30;38-43>3,20:2 1:1 3:1 10:1 23:1 25:1 28:1 30:1 31:1 37:1 39:1 41:1 42:1 44:1,1,20,0,1,,,,0,,,0
573,572,3 13 18 33 37 45,3-13>23;3-18>33;3-33>18;3-37>44;3-45>36;13-18>8;13-33>38;13-37>34;13-45>41;18-33>3;18-37>26;18-45>27;33-37>5;33-45>9;37-45>11,3:1 5:1 8:1 9:1 11:1 18:1 23:1 26:1 27:1 33:1 34:1 36:1 38:1 41:1 44:1,0,,0,0,,,,0,,,0
574,573,2 4 20 34 35 43,2-4>18;2-20>8;2-34>45;2-35>44;2-43>36;4-20>6;4-34>19;4-35>33;4-43>40;20-34>18;20-35>5;20-43>21;34-35>12;34-43>1;35-43>9,18:2 1:1 5:1 6:1 8:1 9:1 12:1 19:1 21:1 33:1 36:1 40:1 44:1 45:1,1,18,0,1,,,,0,,,0
575,574,14 15 16 19 25 43,14-15>22;14-16>3;14-19>9;14-25>6;14-43>45;15-16>2;15-19>8;15-25>5;15-43>32;16-19>40;16-25>43;16-43>25;19-25>37;19-43>22;25-43>16,22:2 2:1 3:1 5:1 6:1 8:1 9:1 16:1 25:1 32:1 37:1 40:1 43:1 45:1,1,22,0,0,,,,0,,,0
576,575,2 8 20 30 33 34,2-8>20;2-20>8;2-30>13;2-33>31;2-34>45;8-20>2;8-30>7;8-33>43;8-34>42;20-30>40;20-33>16;20-34>18;30-33>21;30-34>23;33-34>11,2:1 7:1 8:1 11:1 13:1 16:1 18:1 20:1 21:1 23:1 31:1 40:1 42:1 43:1 45:1,0,,0,0,,,,0,,,0
577,576,10 11 15 25 35 41,10-11>18;10-15>20;10-25>40;10-35>45;10-41>39;11-15>28;11-25>9;11-35>32;11-41>26;15-25>5;15-35>40;15-41>34;25-35>30;25-41>27;35-41>8,40:2 5:1 8:1 9:1 18:1 20:1 26:1 27:1 28:1 30:1 32:1 34:1 39:1 45:1,1,40,0,0,,,,0,,,0
578,577,16 17 22 31 34 37,16-17>39;16-22>34;16-31>1;16-34>22;16-37>28;17-22>42;17-31>30;17-34>21;17-37>27;22-31>25;22-34>16;22-37>7;31-34>10;31-37>4;34-37>13,1:1 4:1 7:1 10:1 13:1 16:1 21:1 22:1 25:1 27:1 28:1 30:1 34:1 39:1 42:1,0,,0,1,,,,0,,,0
579,578,5 12 14 32 34 42,5-12>16;5-14>17;5-32>38;5-34>36;5-42>43;12-14>28;12-32>37;12-34>35;12-42>27;14-32>41;14-34>39;14-42>31;32-34>3;32-42>7;34-42>8,3:1 7:1 8:1 16:1 17:1 27:1 28:1 31:1 35:1 36:1 37:1 38:1 39:1 41:1 43:1,0,,0,2,,,,0,,,0
580,579,5 7 20 22 37 42,5-7>21;5-20>35;5-22>9;5-37>33;5-42>43;7-20>3;7-22>37;7-37>22;7-42>32;20-22>36;20-37>24;20-42>19;22-37>7;22-42>17;37-42>2,2:1 3:1 7:1 9:1 17:1 19:1 21:1 22:1 24:1 32:1 33:1 35:1 36:1 37:1 43:1,0,,0,2,,,,0,,,0
581,580,5 7 9 11 32 35,5-7>21;5-9>22;5-11>23;5-32>38;5-35>20;7-9>23;7-11>24;7-32>42;7-35>39;9-11>25;9-32>31;9-35>43;11-32>35;11-35>32;32-35>11,23:2 11:1 20:1 21:1 22:1 24:1 25:1 31:1 32:1 35:1 38:1 39:1 42:1 43:1,1,23,0,1,,,,0,,,0
582,581,3 5 14 20 42 44,3-5>19;3-14>16;3-20>7;3-42>39;3-44>37;5-14>17;5-20>35;5-42>43;5-44>41;14-20>11;14-42>31;14-44>29;20-42>19;20-44>23;42-44>13,19:2 7:1 11:1 13:1 16:1 17:1 23:1 29:1 31:1 35:1 37:1 39:1 41:1 43:1,1,19,0,1,,,,0,,,0
583,582,2 12 14 33 40 41,2-12>22;2-14>23;2-33>31;2-40>39;2-41>38;12-14>28;12-33>36;12-40>44;12-41>43;14-33>40;14-40>33;14-41>32;33-40>14;33-41>7;40-41>3,3:1 7:1 14:1 22:1 23:1 28:1 31:1 32:1 33:1 36:1 38:1 39:1 40:1 43:1 44:1,0,,0,2,,,,0,,,0
584,583,8 17 27 33 40 44,8-17>11;8-27>1;8-33>43;8-40>36;8-44>32;17-27>37;17-33>19;17-40>18;17-44>26;27-33>24;27-40>23;27-44>16;33-40>14;33-44>1;40-44>12,1:2 11:1 12:1 14:1 16:1 18:1 19:1 23:1 24:1 26:1 32:1 36:1 37:1 43:1,1,1,0,1,,,,0,,,0
585,584,7 18 30 39 40 41,7-18>14;7-30>8;7-39>35;7-40>34;7-41>33;18-30>39;18-39>30;18-40>17;18-41>19;30-39>18;30-40>20;30-41>22;39-40>2;39-41>10;40-41>3,2:1 3:1 8:1 10:1 14:1 17:1 18:1 19:1 20:1 22:1 30:1 33:1 34:1 35:1 39:1,0,,0,2,,,,0,,,0
586,585,6 7 10 16 38 41,6-7>29;6-10>23;6-16>11;6-38>34;6-41>31;7-10>16;7-16>10;7-38>36;7-41>33;10-16>7;10-38>42;10-41>39;16-38>30;16-41>21;38-41>2,2:1 7:1 10:1 11:1 16:1 21:1 23:1 29:1 30:1 31:1 33:1 34:1 36:1 39:1 42:1,0,,0,1,,,,0,,,0
587,586,2 7 12 15 21 34,2-7>27;2-12>22;2-15>16;2-21>10;2-34>45;7-12>17;7-15>26;7-21>5;7-34>40;12-15>21;12-21>15;12-34>35;15-21>12;15-34>41;21-34>17,17:2 5:1 10:1 12:1 15:1 16:1 21:1 22:1 26:1 27:1 35:1 40:1 41:1 45:1,1,17,0,1,,,,0,,,0
588,587,14 21 29 31 32 37,14-21>13;14-29>44;14-31>42;14-32>41;14-37>36;21-29>40;21-31>26;21-32>28;21-37>23;29-31>18;29-32>20;29-37>30;31-32>9;31-37>4;32-37>12,4:1 9:1 12:1 13:1 18:1 20:1 23:1 26:1 28:1 30:1 36:1 40:1 41:1 42:1 44:1,0,,0,0,,,,0,,,0
589,588,2 8 15 22 25 41,2-8>20;2-15>16;2-22>12;2-25>3;2-41>38;8-15>19;8-22>6;8-25>12;8-41>35;15-22>14;15-25>5;15-41>34;22-25>31;22-41>30;25-41>27,12:2 3:1 5:1 6:1 14:1 16:1 19:1 20:1 27:1 30:1 31:1 34:1 35:1 38:1,1,12,0,1,,,,0,,,0
590,589,6 8 28 33 38 39,6-8>22;6-28>5;6-33>39;6-38>34;6-39>33;8-28>3;8-33>43;8-38>23;8-39>37;28-33>23;28-38>18;28-39>20;33-38>13;33-39>6;38-39>1,23:2 1:1 3:1 5:1 6:1 13:1 18:1 20:1 22:1 33:1 34:1 37:1 39:1 43:1,1,23,0,1,,,,0,,,0
591,590,20 30 36 38 41 45,20-30>40;20-36>22;20-38>26;20-41>17;20-45>25;30-36>27;30-38>16;30-41>22;30-45>15;36-38>7;36-41>1;36-45>3;38-41>2;38-45>4;41-45>13,22:2 1:1 2:1 3:1 4:1 7:1 13:1 15:1 16:1 17:1 25:1 26:1 27:1 40:1,1,22,0,2,,,,0,,,0
592,591,8 13 14 30 38 39,8-13>18;8-14>26;8-30>7;8-38>23;8-39>37;13-14>21;13-30>2;13-38>33;13-39>32;14-30>1;14-38>35;14-39>34;30-38>16;30-39>18;38-39>1,1:2 18:2 2:1 7:1 16:1 21:1 23:1 26:1 32:1 33:1 34:1 35:1 37:1,2,1 18,0,1,,,,0,,,0
593,592,2 5 6 13 28 44,2-5>26;2-6>19;2-13>30;2-28>9;2-44>35;5-6>28;5-13>24;5-28>6;5-44>41;6-13>17;6-28>5;6-44>43;13-28>43;13-44>42;28-44>30,30:2 43:2 5:1 6:1 9:1 17:1 19:1 24:1 26:1 28:1 35:1 41:1 42:1,2,30 43,0,1,,,,0,,,0
594,593,9 10 13 24 33 38,9-10>17;9-13>26;9-24>39;9-33>45;9-38>40;10-13>19;10-24>8;10-33>32;10-38>42;13-24>5;13-33>38;13-38>33;24-33>27;24-38>22;33-38>13,5:1 8:1 13:1 17:1 19:1 22:1 26:1 27:1 32:1 33:1 38:1 39:1 40:1 42:1 45:1,0,,0,1,,,,0,,,0
595,594,2 8 13 25 28 37,2-8>20;2-13>30;2-25>3;2-28>9;2-37>42;8-13>18;8-25>12;8-28>3;8-37>39;13-25>7;13-28>43;13-37>34;25-28>34;25-37>19;28-37>16,3:2 34:2 7:1 9:1 12:1 16:1 18:1 19:1 20:1 30:1 39:1 42:1 43:1,2,3 34,0,2,,,,0,,,0
596,595,8 24 28 35 38 40,8-24>10;8-28>3;8-35>41;8-38>23;8-40>36;24-28>41;24-35>16;24-38>22;24-40>26;28-35>27;28-38>18;28-40>22;35-38>14;35-40>15;38-40>9,22:2 41:2 3:1 9:1 10:1 14:1 15:1 16:1 18:1 23:1 26:1 27:1 36:1,2,22 41,0,0,,,,0,,,0
597,596,3 4 12 14 25 43,3-4>26;3-12>30;3-14>16;3-25>2;3-43>38;4-12>23;4-14>24;4-25>1;4-43>40;12-14>28;12-25>8;12-43>41;14-25>6;14-43>45;25-43>16,16:2 1:1 2:1 6:1 8:1 23:1 24:1 26:1 28:1 30:1 38:1 40:1 41:1 45:1,1,16,0,1,,,,0,,,0
598,597,8 10 23 24 35 43,8-10>24;8-23>38;8-24>10;8-35>41;8-43>33;10-23>6;10-24>8;10-35>45;10-43>37;23-24>31;23-35>17;23-43>18;24-35>16;24-43>17;35-43>9,17:2 6:1 8:1 9:1 10:1 16:1 18:1 24:1 31:1 33:1 37:1 38:1 41:1 45:1,1,17,0,1,,,,0,,,0
599,598,4 12 24 33 38 45,4-12>23;4-24>14;4-33>35;4-38>45;4-45>38;12-24>6;12-33>36;12-38>31;12-45>39;24-33>27;24-38>22;24-45>21;33-38>13;33-45>9;38-45>4,4:1 6:1 9:1 13:1 14:1 21:1 22:1 23:1 27:1 31:1 35:1 36:1 38:1 39:1 45:1,0,,0,1,,,,0,,,0
600,599,5 12 17 29 34 35,5-12>16;5-17>14;5-29>8;5-34>36;5-35>20;12-17>7;12-29>1;12-34>35;12-35>34;17-29>38;17-34>21;17-35>23;29-34>24;29-35>26;34-35>12,1:1 7:1 8:1 12:1 14:1 16:1 20:1 21:1 23:1 24:1 26:1 34:1 35:1 36:1 38:1,0,,0,2,,,,0,,,0
601,600,5 11 14 27 29 36,5-11>23;5-14>17;5-27>4;5-29>8;5-36>34;11-14>20;11-27>13;11-29>2;11-36>31;14-27>10;14-29>44;14-36>37;27-29>43;27-36>30;29-36>28,2:1 4:1 8:1 10:1 13:1 17:1 20:1 23:1 28:1 30:1 31:1 34:1 37:1 43:1 44:1,0,,0,0,,,,0,,,0
602,601,2 16 19 31 34 35,2-16>15;2-19>6;2-31>33;2-34>45;2-35>44;16-19>40;16-31>1;16-34>22;16-35>24;19-31>28;19-34>4;19-35>21;31-34>10;31-35>3;34-35>12,1:1 3:1 4:1 6:1 10:1 12:1 15:1 21:1 22:1 24:1 28:1 33:1 40:1 44:1 45:1,0,,0,0,,,,0,,,0
603,602,13 14 22 27 30 38,13-14>21;13-22>1;13-27>11;13-30>2;13-38>33;14-22>15;14-27>10;14-30>1;14-38>35;22-27>32;22-30>41;22-38>24;27-30>36;27-38>19;30-38>16,1:2 2:1 10:1 11:1 15:1 16:1 19:1 21:1 24:1 32:1 33:1 35:1 36:1 41:1,1,1,0,1,,,,0,,,0
604,603,2 19 25 26 27 43,2-19>6;2-25>3;2-26>5;2-27>7;2-43>36;19-25>37;19-26>45;19-27>38;19-43>22;25-26>33;25-27>41;25-43>16;26-27>34;26-43>30;27-43>29,3:1 5:1 6:1 7:1 16:1 22:1 29:1 30:1 33:1 34:1 36:1 37:1 38:1 41:1 45:1,0,,0,1,,,,0,,,0
605,604,2 6 18 21 33 34,2-6>19;2-18>4;2-21>10;2-33>31;2-34>45;6-18>15;6-21>36;6-33>39;6-34>38;18-21>42;18-33>3;18-34>20;21-33>30;21-34>17;33-34>11,3:1 4:1 10:1 11:1 15:1 17:1 19:1 20:1 30:1 31:1 36:1 38:1 39:1 42:1 45:1,0,,0,1,,,,0,,,0
606,605,1 2 7 9 10 38,1-2>24;1-7>19;1-9>20;1-10>28;1-38>39;2-7>27;2-9>28;2-10>21;2-38>41;7-9>23;7-10>16;7-38>36;9-10>17;9-38>40;10-38>42,28:2 16:1 17:1 19:1 20:1 21:1 23:1 24:1 27:1 36:1 39:1 40:1 41:1 42:1,1,28,0,1,,,,0,,,0
607,606,1 5 6 14 20 39,1-5>18;1-6>26;1-14>30;1-20>9;1-39>38;5-6>28;5-14>17;5-20>35;5-39>31;6-14>25;6-20>4;6-39>33;14-20>11;14-39>34;20-39>28,28:2 4:1 9:1 11:1 17:1 18:1 25:1 26:1 30:1 31:1 33:1 34:1 35:1 38:1,1,28,0,2,,,,0,,,0
608,607,8 14 23 36 38 39,8-14>26;8-23>38;8-36>40;8-38>23;8-39>37;14-23>2;14-36>37;14-38>35;14-39>34;23-36>19;23-38>8;23-39>25;36-38>7;36-39>15;38-39>1,37:2 1:1 2:1 7:1 8:1 15:1 19:1 23:1 25:1 26:1 34:1 35:1 38:1 40:1,1,37,0,2,,,,0,,,0
609,608,4 8 18 19 39 44,4-8>21;4-18>2;4-19>34;4-39>44;4-44>39;8-18>13;8-19>15;8-39>37;8-44>32;18-19>41;18-39>30;18-44>25;19-39>29;19-44>24;39-44>4,2:1 4:1 13:1 15:1 21:1 24:1 25:1 29:1 30:1 32:1 34:1 37:1 39:1 41:1 44:1,0,,0,3,,,,0,,,0
610,609,4 8 27 34 39 40,4-8>21;4-27>5;4-34>19;4-39>44;4-40>43;8-27>1;8-34>42;8-39>37;8-40>36;27-34>26;27-39>21;27-40>23;34-39>14;34-40>7;39-40>2,21:2 1:1 2:1 5:1 7:1 14:1 19:1 23:1 26:1 36:1 37:1 42:1 43:1 44:1,1,21,0,0,,,,0,,,0
611,610,14 18 20 23 28 36,14-18>7;14-20>11;14-23>2;14-28>12;14-36>37;18-20>34;18-23>43;18-28>38;18-36>24;20-23>44;20-28>39;20-36>22;23-28>33;23-36>19;28-36>29,2:1 7:1 11:1 12:1 19:1 22:1 24:1 29:1 33:1 34:1 37:1 38:1 39:1 43:1 44:1,0,,0,1,,,,0,,,0
612,611,2 22 27 33 36 37,2-22>12;2-27>7;2-33>31;2-36>43;2-37>42;22-27>32;22-33>29;22-36>20;22-37>7;27-33>24;27-36>30;27-37>17;33-36>12;33-37>5;36-37>14,7:2 12:2 5:1 14:1 17:1 20:1 24:1 29:1 30:1 31:1 32:1 42:1 43:1,2,7 12,0,1,,,,0,,,0
613,612,6 9 18 19 25 33,6-9>30;6-18>15;6-19>2;6-25>14;6-33>39;9-18>12;9-19>14;9-25>11;9-33>45;18-19>41;18-25>44;18-33>3;19-25>37;19-33>17;25-33>26,14:2 2:1 3:1 11:1 12:1 15:1 17:1 26:1 30:1 37:1 39:1 41:1 44:1 45:1,1,14,0,0,,,,0,,,0
614,613,7 8 11 16 41 44,7-8>30;7-11>24;7-16>10;7-41>33;7-44>45;8-11>17;8-16>9;8-41>35;8-44>32;11-16>6;11-41>26;11-44>38;16-41>21;16-44>27;41-44>5,5:1 6:1 9:1 10:1 17:1 21:1 24:1 26:1 27:1 30:1 32:1 33:1 35:1 38:1 45:1,0,,0,2,,,,0,,,0
615,614,8 21 25 39 40 44,8-21>4;8-25>12;8-39>37;8-40>36;8-44>32;21-25>38;21-39>27;21-40>29;21-44>22;25-39>23;25-40>10;25-44>18;39-40>2;39-44>4;40-44>12,4:2 12:2 2:1 10:1 18:1 22:1 23:1 27:1 29:1 32:1 36:1 37:1 38:1,2,4 12,0,0,,,,0,,,0
616,615,10 17 18 19 23 27,10-17>9;10-18>11;10-19>13;10-23>6;10-27>14;17-18>40;17-19>33;17-23>35;17-27>37;18-19>41;18-23>43;18-27>45;19-23>36;19-27>38;23-27>40,40:2 6:1 9:1 11:1 13:1 14:1 33:1 35:1 36:1 37:1 38:1 41:1 43:1 45:1,1,40,0,2,,,,1,,,0
617,616,5 13 18 23 40 45,5-13>24;5-18>1;5-23>11;5-40>45;5-45>40;13-18>8;13-23>3;13-40>31;13-45>41;18-23>43;18-40>17;18-45>27;23-40>27;23-45>22;40-45>5,27:2 1:1 3:1 5:1 8:1 11:1 17:1 22:1 24:1 31:1 40:1 41:1 43:1 45:1,1,27,0,1,,,,1,,,0
618,617,4 5 11 12 24 27,4-5>27;4-11>30;4-12>23;4-24>14;4-27>5;5-11>23;5-12>16;5-24>13;5-27>4;11-12>19;11-24>7;11-27>13;12-24>6;12-27>42;24-27>33,13:2 23:2 4:1 5:1 6:1 7:1 14:1 16:1 19:1 27:1 30:1 33:1 42:1,2,13 23,0,0,,,,0,,,0
619,618,8 16 25 30 42 43,8-16>9;8-25>12;8-30>7;8-42>34;8-43>33;16-25>43;16-30>38;16-42>23;16-43>25;25-30>35;25-42>29;25-43>16;30-42>24;30-43>26;42-43>5,5:1 7:1 9:1 12:1 16:1 23:1 24:1 25:1 26:1 29:1 33:1 34:1 35:1 38:1 43:1,0,,0,2,,,,0,,,0
620,619,6 8 13 30 35 40,6-8>22;6-13>17;6-30>9;6-35>37;6-40>32;8-13>18;8-30>7;8-35>41;8-40>36;13-30>2;13-35>36;13-40>31;30-35>25;30-40>20;35-40>15,36:2 2:1 7:1 9:1 15:1 17:1 18:1 20:1 22:1 25:1 31:1 32:1 37:1 41:1,1,36,0,0,,,,0,,,0
621,620,2 16 17 32 39 45,2-16>15;2-17>32;2-32>17;2-39>40;2-45>34;16-17>39;16-32>18;16-39>17;16-45>29;17-32>2;17-39>16;17-45>28;32-39>13;32-45>1;39-45>12,17:2 1:1 2:1 12:1 13:1 15:1 16:1 18:1 28:1 29:1 32:1 34:1 39:1 40:1,1,17,1,2,,,,0,,,0
622,621,1 2 6 16 19 42,1-2>24;1-6>26;1-16>31;1-19>7;1-42>35;2-6>19;2-16>15;2-19>6;2-42>37;6-16>11;6-19>2;6-42>45;16-19>40;16-42>23;19-42>20,2:1 6:1 7:1 11:1 15:1 19:1 20:1 23:1 24:1 26:1 31:1 35:1 37:1 40:1 45:1,0,,0,1,,,,0,,,0
623,622,9 15 16 21 28 34,9-15>27;9-16>8;9-21>3;9-28>2;9-34>44;15-16>2;15-21>12;15-28>11;15-34>41;16-21>41;16-28>37;16-34>22;21-28>32;21-34>17;28-34>25,2:2 41:2 3:1 8:1 11:1 12:1 17:1 22:1 25:1 27:1 32:1 37:1 44:1,2,2 41,0,0,,,,1,,,0
624,623,7 13 30 39 41 45,7-13>25;7-30>8;7-39>35;7-41>33;7-45>44;13-30>2;13-39>32;13-41>45;13-45>41;30-39>18;30-41>22;30-45>15;39-41>10;39-45>12;41-45>13,2:1 8:1 10:1 12:1 13:1 15:1 18:1 22:1 25:1 32:1 33:1 35:1 41:1 44:1 45:1,0,,0,1,,,,0,,,0
625,624,1 7 19 26 27 35,1-7>19;1-19>7;1-26>6;1-27>8;1-35>42;7-19>1;7-26>15;7-27>2;7-35>39;19-26>45;19-27>38;19-35>21;26-27>34;26-35>29;27-35>28,1:1 2:1 6:1 7:1 8:1 15:1 19:1 21:1 28:1 29:1 34:1 38:1 39:1 42:1 45:1,0,,0,1,,,,0,,,0
626,625,3 6 7 20 21 39,3-6>27;3-7>20;3-20>7;3-21>9;3-39>42;6-7>29;6-20>4;6-21>36;6-39>33;7-20>3;7-21>5;7-39>35;20-21>43;20-39>28;21-39>27,27:2 3:1 4:1 5:1 7:1 9:1 20:1 28:1 29:1 33:1 35:1 36:1 42:1 43:1,1,27,0,0,,,,0,,,0
627,626,13 14 26 33 40 43,13-14>21;13-26>9;13-33>38;13-40>31;13-43>28;14-26>8;14-33>40;14-40>33;14-43>45;26-33>25;26-40>24;26-43>30;33-40>14;33-43>8;40-43>4,8:2 4:1 9:1 14:1 21:1 24:1 25:1 28:1 30:1 31:1 33:1 38:1 40:1 45:1,1,8,0,0,,,,0,,,0
628,627,2 9 22 25 31 45,2-9>28;2-22>12;2-25>3;2-31>33;2-45>34;9-22>5;9-25>11;9-31>32;9-45>33;22-25>31;22-31>25;22-45>23;25-31>22;25-45>20;31-45>8,33:2 3:1 5:1 8:1 11:1 12:1 20:1 22:1 23:1 25:1 28:1 31:1 32:1 34:1,1,33,0,0,,,,0,,,0
629,628,1 7 12 15 23 42,1-7>19;1-12>29;1-15>23;1-23>15;1-42>35;7-12>17;7-15>26;7-23>9;7-42>32;12-15>21;12-23>4;12-42>27;15-23>1;15-42>33;23-42>16,1:1 4:1 9:1 15:1 16:1 17:1 19:1 21:1 23:1 26:1 27:1 29:1 32:1 33:1 35:1,0,,0,0,,,,0,,,0
630,629,19 28 31 38 43 44,19-28>31;19-31>28;19-38>27;19-43>22;19-44>24;28-31>19;28-38>18;28-43>13;28-44>30;31-38>12;31-43>7;31-44>15;38-43>3;38-44>11;43-44>6,3:1 6:1 7:1 11:1 12:1 13:1 15:1 18:1 19:1 22:1 24:1 27:1 28:1 30:1 31:1,0,,0,1,,,,0,,,0
631,630,8 17 21 24 27 31,8-17>11;8-21>4;8-24>10;8-27>1;8-31>45;17-21>34;17-24>43;17-27>37;17-31>30;21-24>45;21-27>39;21-31>26;24-27>33;24-31>23;27-31>20,45:2 1:1 4:1 10:1 11:1 20:1 23:1 26:1 30:1 33:1 34:1 37:1 39:1 43:1,1,45,0,1,,,,0,,,0
632,631,1 2 4 23 31 34,1-2>24;1-4>25;1-23>15;1-31>16;1-34>43;2-4>18;2-23>14;2-31>33;2-34>45;4-23>12;4-31>37;4-34>19;23-31>24;23-34>30;31-34>10,24:2 10:1 12:1 14:1 15:1 16:1 18:1 19:1 25:1 30:1 33:1 37:1 43:1 45:1,1,24,0,0,,,,0,,,0
633,632,15 18 21 32 35 44,15-18>6;15-21>12;15-32>43;15-35>40;15-44>31;18-21>42;18-32>16;18-35>22;18-44>25;21-32>28;21-35>19;21-44>22;32-35>11;32-44>8;35-44>2,22:2 2:1 6:1 8:1 11:1 12:1 16:1 19:1 25:1 28:1 31:1 40:1 42:1 43:1,1,22,0,0,,,,0,,,0
634,633,9 12 19 20 39 41,9-12>18;9-19>14;9-20>1;9-39>24;9-41>37;12-19>11;12-20>13;12-39>45;12-41>43;19-20>42;19-39>29;19-41>18;20-39>28;20-41>17;39-41>10,18:2 1:1 10:1 11:1 13:1 14:1 17:1 24:1 28:1 29:1 37:1 42:1 43:1 45:1,1,18,0,2,,,,0,,,0
635,634,4 10 11 12 20 27,4-10>22;4-11>30;4-12>23;4-20>6;4-27>5;10-11>18;10-12>26;10-20>15;10-27>14;11-12>19;11-20>14;11-27>13;12-20>13;12-27>42;20-27>31,13:2 14:2 5:1 6:1 15:1 18:1 19:1 22:1 23:1 26:1 30:1 31:1 42:1,2,13 14,0,1,,,,1,,,0
636,635,11 13 25 26 29 33,11-13>27;11-25>9;11-26>41;11-29>2;11-33>34;13-25>7;13-26>9;13-29>15;13-33>38;25-26>33;25-29>42;25-33>26;26-29>35;26-33>25;29-33>22,9:2 2:1 7:1 15:1 22:1 25:1 26:1 27:1 33:1 34:1 35:1 38:1 41:1 42:1,1,9,0,0,,,,0,,,0
637,636,6 7 15 16 20 31,6-7>29;6-15>18;6-16>11;6-20>4;6-31>41;7-15>26;7-16>10;7-20>3;7-31>43;15-16>2;15-20>10;15-31>44;16-20>33;16-31>1;20-31>27,10:2 1:1 2:1 3:1 4:1 11:1 18:1 26:1 27:1 29:1 33:1 41:1 43:1 44:1,1,10,0,1,,,,0,,,0
638,637,3 16 22 37 38 44,3-16>14;3-22>11;3-37>44;3-38>43;3-44>37;16-22>34;16-37>28;16-38>30;16-44>27;22-37>7;22-38>24;22-44>21;37-38>15;37-44>3;38-44>11,11:2 3:1 7:1 14:1 15:1 21:1 24:1 27:1 28:1 30:1 34:1 37:1 43:1 44:1,1,11,0,1,,,,0,,,0
639,638,7 18 22 24 31 34,7-18>14;7-22>37;7-24>11;7-31>43;7-34>40;18-22>35;18-24>36;18-31>29;18-34>20;22-24>38;22-31>25;22-34>16;24-31>23;24-34>29;31-34>10,29:2 10:1 11:1 14:1 16:1 20:1 23:1 25:1 35:1 36:1 37:1 38:1 40:1 43:1,1,29,0,1,,,,0,,,0
640,639,6 15 22 23 25 32,6-15>18;6-22>8;6-23>10;6-25>14;6-32>40;15-22>14;15-23>1;15-25>5;15-32>43;22-23>45;22-25>31;22-32>27;23-25>39;23-32>26;25-32>24,14:2 1:1 5:1 8:1 10:1 18:1 24:1 26:1 27:1 31:1 39:1 40:1 43:1 45:1,1,14,0,1,,,,1,,,0
641,640,14 15 18 21 26 35,14-15>22;14-18>7;14-21>13;14-26>8;14-35>38;15-18>6;15-21>12;15-26>7;15-35>40;18-21>42;18-26>37;18-35>22;21-26>31;21-35>19;26-35>29,7:2 22:2 6:1 8:1 12:1 13:1 19:1 29:1 31:1 37:1 38:1 40:1 42:1,2,7 22,0,2,,,,0,,,0
642,641,11 18 21 36 37 43,11-18>10;11-21>1;11-36>31;11-37>45;11-43>39;18-21>42;18-36>24;18-37>26;18-43>23;21-36>6;21-37>23;21-43>20;36-37>14;36-43>2;37-43>10,10:2 23:2 1:1 2:1 6:1 14:1 20:1 24:1 26:1 31:1 39:1 42:1 45:1,2,10 23,0,1,,,,0,,,0
643,642,8 17 18 24 39 45,8-17>11;8-18>13;8-24>10;8-39>37;8-45>31;17-18>40;17-24>43;17-39>16;17-45>28;18-24>36;18-39>30;18-45>27;24-39>9;24-45>21;39-45>12,9:1 10:1 11:1 12:1 13:1 16:1 21:1 27:1 28:1 30:1 31:1 36:1 37:1 40:1 43:1,0,,0,1,,,,0,,,0
644,643,15 24 31 32 33 40,15-24>3;15-31>44;15-32>43;15-33>42;15-40>35;24-31>23;24-32>25;24-33>27;24-40>26;31-32>9;31-33>2;31-40>13;32-33>10;32-40>6;33-40>14,2:1 3:1 6:1 9:1 10:1 13:1 14:1 23:1 25:1 26:1 27:1 35:1 42:1 43:1 44:1,0,,0,0,,,,0,,,0
645,644,5 13 17 23 28 36,5-13>24;5-17>14;5-23>11;5-28>6;5-36>34;13-17>6;13-23>3;13-28>43;13-36>35;17-23>35;17-28>45;17-36>25;23-28>33;23-36>19;28-36>29,6:2 35:2 3:1 11:1 14:1 19:1 24:1 25:1 29:1 33:1 34:1 43:1 45:1,2,6 35,0,0,,,,0,,,0
646,645,1 4 16 26 40 41,1-4>25;1-16>31;1-26>6;1-40>37;1-41>36;4-16>13;4-26>3;4-40>43;4-41>42;16-26>36;16-40>19;16-41>21;26-40>24;26-41>11;40-41>3,3:2 36:2 6:1 11:1 13:1 19:1 21:1 24:1 25:1 31:1 37:1 42:1 43:1,2,3 36,0,1,,,,0,,,0
647,646,2 9 24 41 43 45,2-9>28;2-24>1;2-41>38;2-43>36;2-45>34;9-24>39;9-41>37;9-43>35;9-45>33;24-41>28;24-43>17;24-45>21;41-43>12;41-45>13;43-45>14,28:2 1:1 12:1 13:1 14:1 17:1 21:1 33:1 34:1 35:1 36:1 37:1 38:1 39:1,1,28,0,1,,,,0,,,0
648,647,5 16 21 23 24 30,5-16>12;5-21>7;5-23>11;5-24>13;5-30>10;16-21>41;16-23>42;16-24>35;16-30>38;21-23>37;21-24>45;21-30>33;23-24>31;23-30>34;24-30>42,42:2 7:1 10:1 11:1 12:1 13:1 31:1 33:1 34:1 35:1 37:1 38:1 41:1 45:1,1,42,0,0,,,,0,,,0
649,648,13 19 28 37 38 43,13-19>10;13-28>43;13-37>34;13-38>33;13-43>28;19-28>31;19-37>25;19-38>27;19-43>22;28-37>16;28-38>18;28-43>13;37-38>15;37-43>10;38-43>3,10:2 3:1 13:1 15:1 16:1 18:1 22:1 25:1 27:1 28:1 31:1 33:1 34:1 43:1,1,10,0,0,,,,0,,,0
650,649,3 21 22 33 41 42,3-21>9;3-22>11;3-33>18;3-41>40;3-42>39;21-22>44;21-33>30;21-41>16;21-42>18;22-33>29;22-41>30;22-42>17;33-41>7;33-42>15;41-42>4,18:2 30:2 4:1 7:1 9:1 11:1 15:1 16:1 17:1 29:1 39:1 40:1 44:1,2,18 30,0,2,,,,0,,,0
651,650,3 4 7 11 31 41,3-4>26;3-7>20;3-11>22;3-31>35;3-41>40;4-7>28;4-11>30;4-31>37;4-41>42;7-11>24;7-31>43;7-41>33;11-31>36;11-41>26;31-41>6,26:2 6:1 20:1 22:1 24:1 28:1 30:1 33:1 35:1 36:1 37:1 40:1 42:1 43:1,1,26,0,1,,,,1,,,0
652,651,11 12 16 26 29 44,11-12>19;11-16>6;11-26>41;11-29>2;11-44>38;12-16>5;12-26>10;12-29>1;12-44>40;16-26>36;16-29>45;16-44>27;26-29>35;26-44>17;29-44>14,1:1 2:1 5:1 6:1 10:1 14:1 17:1 19:1 27:1 35:1 36:1 38:1 40:1 41:1 45:1,0,,0,1,,,,0,,,0
653,652,3 13 15 40 41 44,3-13>23;3-15>24;3-40>41;3-41>40;3-44>37;13-15>29;13-40>31;13-41>45;13-44>42;15-40>35;15-41>34;15-44>31;40-41>3;40-44>12;41-44>5,31:2 3:1 5:1 12:1 23:1 24:1 29:1 34:1 35:1 37:1 40:1 41:1 42:1 45:1,1,31,0,0,,,,0,,,0
654,653,5 6 26 27 38 39,5-6>28;5-26>2;5-27>4;5-38>32;5-39>31;6-26>1;6-27>3;6-38>34;6-39>33;26-27>34;26-38>20;26-39>22;27-38>19;27-39>21;38-39>1,1:2 34:2 2:1 3:1 4:1 19:1 20:1 21:1 22:1 28:1 31:1 32:1 33:1,2,1 34,0,1,,,,0,,,0
655,654,16 21 26 31 36 43,16-21>41;16-26>36;16-31>1;16-36>26;16-43>25;21-26>31;21-31>26;21-36>6;21-43>20;26-31>21;26-36>16;26-43>30;31-36>11;31-43>7;36-43>2,26:2 1:1 2:1 6:1 7:1 11:1 16:1 20:1 21:1 25:1 30:1 31:1 36:1 41:1,1,26,1,0,,,,0,,,0
656,655,7 37 38 39 40 44,7-37>22;7-38>36;7-39>35;7-40>34;7-44>45;37-38>15;37-39>8;37-40>1;37-44>3;38-39>1;38-40>9;38-44>11;39-40>2;39-44>4;40-44>12,1:2 2:1 3:1 4:1 8:1 9:1 11:1 12:1 15:1 22:1 34:1 35:1 36:1 45:1,1,1,0,2,,,,0,,,0
657,656,3 7 14 16 31 40,3-7>20;3-14>16;3-16>14;3-31>35;3-40>41;7-14>18;7-16>10;7-31>43;7-40>34;14-16>3;14-31>42;14-40>33;16-31>1;16-40>19;31-40>13,1:1 3:1 10:1 13:1 14:1 16:1 18:1 19:1 20:1 33:1 34:1 35:1 41:1 42:1 43:1,0,,0,2,,,,0,,,0
658,657,10 14 19 39 40 43,10-14>27;10-19>13;10-39>41;10-40>25;10-43>37;14-19>9;14-39>34;14-40>33;14-43>45;19-39>29;19-40>16;19-43>22;39-40>2;39-43>11;40-43>4,2:1 4:1 9:1 11:1 13:1 16:1 22:1 25:1 27:1 29:1 33:1 34:1 37:1 41:1 45:1,0,,0,1,,,,0,,,0
659,658,8 19 25 28 32 36,8-19>15;8-25>12;8-28>3;8-32>44;8-36>40;19-25>37;19-28>31;19-32>30;19-36>23;25-28>34;25-32>24;25-36>17;28-32>21;28-36>29;32-36>4,3:1 4:1 12:1 15:1 17:1 21:1 23:1 24:1 29:1 30:1 31:1 34:1 37:1 40:1 44:1,0,,0,1,,,,0,,,0
660,659,7 18 19 27 29 42,7-18>14;7-19>1;7-27>2;7-29>6;7-42>32;18-19>41;18-27>45;18-29>31;18-42>21;19-27>38;19-29>39;19-42>20;27-29>43;27-42>12;29-42>25,1:1 2:1 6:1 12:1 14:1 20:1 21:1 25:1 31:1 32:1 38:1 39:1 41:1 43:1 45:1,0,,0,0,,,,0,,,0
661,660,4 9 23 33 39 44,4-9>29;4-23>12;4-33>35;4-39>44;4-44>39;9-23>7;9-33>45;9-39>24;9-44>34;23-33>28;23-39>25;23-44>20;33-39>6;33-44>1;39-44>4,1:1 4:1 6:1 7:1 12:1 20:1 24:1 25:1 28:1 29:1 34:1 35:1 39:1 44:1 45:1,0,,0,0,,,,0,,,0
662,661,2 3 12 20 27 38,2-3>25;2-12>22;2-20>8;2-27>7;2-38>41;3-12>30;3-20>7;3-27>6;3-38>43;12-20>13;12-27>42;12-38>31;20-27>31;20-38>26;27-38>19,7:2 31:2 6:1 8:1 13:1 19:1 22:1 25:1 26:1 30:1 41:1 42:1 43:1,2,7 31,0,0,,,,0,,,0
663,662,5 6 9 11 15 37,5-6>28;5-9>22;5-11>23;5-15>25;5-37>33;6-9>30;6-11>16;6-15>18;6-37>35;9-11>25;9-15>27;9-37>41;11-15>28;11-37>45;15-37>38,25:2 28:2 16:1 18:1 22:1 23:1 27:1 30:1 33:1 35:1 38:1 41:1 45:1,2,25 28,0,1,,,,0,,,0
664,663,3 5 8 19 38 42,3-5>19;3-8>28;3-19>5;3-38>43;3-42>39;5-8>29;5-19>3;5-38>32;5-42>43;8-19>15;8-38>23;8-42>34;19-38>27;19-42>20;38-42>10,43:2 3:1 5:1 10:1 15:1 19:1 20:1 23:1 27:1 28:1 29:1 32:1 34:1 39:1,1,43,0,0,,,,0,,,0
665,664,10 20 33 36 41 44,10-20>15;10-33>32;10-36>44;10-41>39;10-44>36;20-33>16;20-36>22;20-41>17;20-44>23;33-36>12;33-41>7;33-44>1;36-41>1;36-44>10;41-44>5,1:2 5:1 7:1 10:1 12:1 15:1 16:1 17:1 22:1 23:1 32:1 36:1 39:1 44:1,1,1,0,1,,,,0,,,0
666,665,5 6 11 17 38 44,5-6>28;5-11>23;5-17>14;5-38>32;5-44>41;6-11>16;6-17>13;6-38>34;6-44>43;11-17>8;11-38>44;11-44>38;17-38>29;17-44>26;38-44>11,8:1 11:1 13:1 14:1 16:1 23:1 26:1 28:1 29:1 32:1 34:1 38:1 41:1 43:1 44:1,0,,0,3,,,,0,,,0
667,666,2 4 6 11 17 28,2-4>18;2-6>19;2-11>29;2-17>32;2-28>9;4-6>20;4-11>30;4-17>15;4-28>7;6-11>16;6-17>13;6-28>5;11-17>8;11-28>15;17-28>45,15:2 5:1 7:1 8:1 9:1 13:1 16:1 18:1 19:1 20:1 29:1 30:1 32:1 45:1,1,15,0,1,,,,1,,,0
668,667,15 17 25 37 42 43,15-17>4;15-25>5;15-37>38;15-42>33;15-43>32;17-25>36;17-37>27;17-42>22;17-43>24;25-37>19;25-42>29;25-43>16;37-42>2;37-43>10;42-43>5,5:2 2:1 4:1 10:1 16:1 19:1 22:1 24:1 27:1 29:1 32:1 33:1 36:1 38:1,1,5,0,1,,,,0,,,0
669,668,12 14 15 24 27 32,12-14>28;12-15>21;12-24>6;12-27>42;12-32>37;14-15>22;14-24>4;14-27>10;14-32>41;15-24>3;15-27>9;15-32>43;24-27>33;24-32>25;27-32>22,22:2 3:1 4:1 6:1 9:1 10:1 21:1 25:1 28:1 33:1 37:1 41:1 42:1 43:1,1,22,0,0,,,,0,,,0
670,669,7 8 20 29 33 38,7-8>30;7-20>3;7-29>6;7-33>41;7-38>36;8-20>2;8-29>5;8-33>43;8-38>23;20-29>32;20-33>16;20-38>26;29-33>22;29-38>17;33-38>13,2:1 3:1 5:1 6:1 13:1 16:1 17:1 22:1 23:1 26:1 30:1 32:1 36:1 41:1 43:1,0,,0,0,,,,0,,,0
671,670,11 18 26 27 40 41,11-18>10;11-26>41;11-27>13;11-40>42;11-41>26;18-26>37;18-27>45;18-40>17;18-41>19;26-27>34;26-40>24;26-41>11;27-40>23;27-41>25;40-41>3,3:1 10:1 11:1 13:1 17:1 19:1 23:1 24:1 25:1 26:1 34:1 37:1 41:1 42:1 45:1,0,,0,0,,,,0,,,0
672,671,7 9 10 13 31 35,7-9>23;7-10>16;7-13>25;7-31>43;7-35>39;9-10>17;9-13>26;9-31>32;9-35>43;10-13>19;10-31>34;10-35>45;13-31>40;13-35>36;31-35>3,43:2 3:1 16:1 17:1 19:1 23:1 25:1 26:1 32:1 34:1 36:1 39:1 40:1 45:1,1,43,0,1,,,,0,,,0
673,672,8 21 28 31 36 45,8-21>4;8-28>3;8-31>45;8-36>40;8-45>31;21-28>32;21-31>26;21-36>6;21-45>24;28-31>19;28-36>29;28-45>17;31-36>11;31-45>8;36-45>3,3:2 4:1 6:1 8:1 11:1 17:1 19:1 24:1 26:1 29:1 31:1 32:1 40:1 45:1,1,3,0,0,,,,0,,,0
674,673,7 10 17 29 33 44,7-10>16;7-17>12;7-29>6;7-33>41;7-44>45;10-17>9;10-29>3;10-33>32;10-44>36;17-29>38;17-33>19;17-44>26;29-33>22;29-44>14;33-44>1,1:1 3:1 6:1 9:1 12:1 14:1 16:1 19:1 22:1 26:1 32:1 36:1 38:1 41:1 45:1,0,,0,1,,,,0,,,0
675,674,9 10 14 25 27 31,9-10>17;9-14>19;9-25>11;9-27>15;9-31>32;10-14>27;10-25>40;10-27>14;10-31>34;14-25>6;14-27>10;14-31>42;25-27>41;25-31>22;27-31>20,6:1 10:1 11:1 14:1 15:1 17:1 19:1 20:1 22:1 27:1 32:1 34:1 40:1 41:1 42:1,0,,0,0,,,,0,,,0
676,675,1 8 11 15 18 45,1-8>27;1-11>21;1-15>23;1-18>5;1-45>32;8-11>17;8-15>19;8-18>13;8-45>31;11-15>28;11-18>10;11-45>37;15-18>6;15-45>30;18-45>27,27:2 5:1 6:1 10:1 13:1 17:1 19:1 21:1 23:1 28:1 30:1 31:1 32:1 37:1,1,27,0,3,,,,0,,,0
677,676,1 8 17 34 39 45,1-8>27;1-17>3;1-34>43;1-39>38;1-45>32;8-17>11;8-34>42;8-39>37;8-45>31;17-34>21;17-39>16;17-45>28;34-39>14;34-45>2;39-45>12,2:1 3:1 11:1 12:1 14:1 16:1 21:1 27:1 28:1 31:1 32:1 37:1 38:1 42:1 43:1,0,,0,0,,,,0,,,0
678,677,12 15 24 36 41 44,12-15>21;12-24>6;12-36>33;12-41>43;12-44>40;15-24>3;15-36>39;15-41>34;15-44>31;24-36>18;24-41>28;24-44>19;36-41>1;36-44>10;41-44>5,1:1 3:1 5:1 6:1 10:1 18:1 19:1 21:1 28:1 31:1 33:1 34:1 39:1 40:1 43:1,0,,0,1,,,,0,,,0
679,678,4 5 6 12 25 37,4-5>27;4-6>20;4-12>23;4-25>1;4-37>31;5-6>28;5-12>16;5-25>15;5-37>33;6-12>24;6-25>14;6-37>35;12-25>8;12-37>32;25-37>19,1:1 8:1 14:1 15:1 16:1 19:1 20:1 23:1 24:1 27:1 28:1 31:1 32:1 33:1 35:1,0,,0,1,,,,0,,,0
680,679,3 5 7 14 26 34,3-5>19;3-7>20;3-14>16;3-26>4;3-34>32;5-7>21;5-14>17;5-26>2;5-34>36;7-14>18;7-26>15;7-34>40;14-26>8;14-34>39;26-34>27,2:1 4:1 8:1 15:1 16:1 17:1 18:1 19:1 20:1 21:1 27:1 32:1 36:1 39:1 40:1,0,,0,0,,,,0,,,0
681,680,4 10 19 29 32 42,4-10>22;4-19>34;4-29>9;4-32>36;4-42>41;10-19>13;10-29>3;10-32>33;10-42>38;19-29>39;19-32>30;19-42>20;29-32>20;29-42>25;32-42>7,20:2 3:1 7:1 9:1 13:1 22:1 25:1 30:1 33:1 34:1 36:1 38:1 39:1 41:1,1,20,0,1,,,,0,,,0
682,681,21 24 27 29 43 44,21-24>45;21-27>39;21-29>40;21-43>20;21-44>22;24-27>33;24-29>34;24-43>17;24-44>19;27-29>43;27-43>29;27-44>16;29-43>27;29-44>14;43-44>6,6:1 14:1 16:1 17:1 19:1 20:1 22:1 27:1 29:1 33:1 34:1 39:1 40:1 43:1 45:1,0,,0,2,,,,0,,,0
683,682,17 23 27 35 38 43,17-23>35;17-27>37;17-35>23;17-38>29;17-43>24;23-27>40;23-35>17;23-38>8;23-43>18;27-35>28;27-38>19;27-43>29;35-38>14;35-43>9;38-43>3,29:2 3:1 8:1 9:1 14:1 17:1 18:1 19:1 23:1 24:1 28:1 35:1 37:1 40:1,1,29,0,1,,,,0,,,0
684,683,6 13 20 27 28 40,6-13>17;6-20>4;6-27>3;6-28>5;6-40>32;13-20>12;13-27>11;13-28>43;13-40>31;20-27>31;20-28>39;20-40>30;27-28>35;27-40>23;28-40>22,31:2 3:1 4:1 5:1 11:1 12:1 17:1 22:1 23:1 30:1 32:1 35:1 39:1 43:1,1,31,0,0,,,,0,,,0
685,684,1 11 15 17 25 39,1-11>21;1-15>23;1-17>3;1-25>4;1-39>38;11-15>28;11-17>8;11-25>9;11-39>43;15-17>4;15-25>5;15-39>36;17-25>36;17-39>16;25-39>23,4:2 23:2 36:2 3:1 5:1 8:1 9:1 16:1 21:1 28:1 38:1 43:1,3,4 23 36,0,0,4 23 36,,,0,0,,0
686,685,6 7 12 28 38 40,6-7>29;6-12>24;6-28>5;6-38>34;6-40>32;7-12>17;7-28>4;7-38>36;7-40>34;12-28>14;12-38>31;12-40>44;28-38>18;28-40>22;38-40>9,34:2 4:1 5:1 9:1 14:1 17:1 18:1 22:1 24:1 29:1 31:1 32:1 36:1 44:1,1,34,0,2,,,,0,,,0
687,686,7 12 15 24 25 43,7-12>17;7-15>26;7-24>11;7-25>13;7-43>31;12-15>21;12-24>6;12-25>8;12-43>41;15-24>3;15-25>5;15-43>32;24-25>32;24-43>17;25-43>16,17:2 32:2 3:1 5:1 6:1 8:1 11:1 13:1 16:1 21:1 26:1 31:1 41:1,2,17 32,0,0,,,,0,,,0
688,687,1 8 10 13 28 42,1-8>27;1-10>28;1-13>22;1-28>10;1-42>35;8-10>24;8-13>18;8-28>3;8-42>34;10-13>19;10-28>1;10-42>38;13-28>43;13-42>44;28-42>26,1:1 3:1 10:1 18:1 19:1 22:1 24:1 26:1 27:1 28:1 34:1 35:1 38:1 43:1 44:1,0,,0,0,,,,0,,,0
689,688,5 15 22 23 34 35,5-15>25;5-22>9;5-23>11;5-34>36;5-35>20;15-22>14;15-23>1;15-34>41;15-35>40;22-23>45;22-34>16;22-35>18;23-34>30;23-35>17;34-35>12,1:1 9:1 11:1 12:1 14:1 16:1 17:1 18:1 20:1 25:1 30:1 36:1 40:1 41:1 45:1,0,,0,0,,,,0,,,0
690,689,7 17 19 30 36 38,7-17>12;7-19>1;7-30>8;7-36>38;7-38>36;17-19>33;17-30>31;17-36>25;17-38>29;19-30>32;19-36>23;19-38>27;30-36>27;30-38>16;36-38>7,27:2 1:1 7:1 8:1 12:1 16:1 23:1 25:1 29:1 31:1 32:1 33:1 36:1 38:1,1,27,0,1,,,,0,,,0
691,690,24 25 33 34 38 39,24-25>32;24-33>27;24-34>29;24-38>22;24-39>9;25-33>26;25-34>28;25-38>21;25-39>23;33-34>11;33-38>13;33-39>6;34-38>6;34-39>14;38-39>1,6:2 1:1 9:1 11:1 13:1 14:1 21:1 22:1 23:1 26:1 27:1 28:1 29:1 32:1,1,6,0,1,,,,0,,,0
692,691,15 27 33 35 43 45,15-27>9;15-33>42;15-35>40;15-43>32;15-45>30;27-33>24;27-35>28;27-43>29;27-45>18;33-35>4;33-43>8;33-45>9;35-43>9;35-45>10;43-45>14,9:3 4:1 8:1 10:1 14:1 18:1 24:1 28:1 29:1 30:1 32:1 40:1 42:1,1,9,0,1,,,,0,,,0
693,692,3 11 14 15 32 36,3-11>22;3-14>16;3-15>24;3-32>34;3-36>45;11-14>20;11-15>28;11-32>35;11-36>31;14-15>22;14-32>41;14-36>37;15-32>43;15-36>39;32-36>4,22:2 4:1 16:1 20:1 24:1 28:1 31:1 34:1 35:1 37:1 39:1 41:1 43:1 45:1,1,22,0,1,,,,0,,,0
694,693,1 6 11 28 34 42,1-6>26;1-11>21;1-28>10;1-34>43;1-42>35;6-11>16;6-28>5;6-34>38;6-42>45;11-28>15;11-34>33;11-42>40;28-34>25;28-42>26;34-42>8,26:2 5:1 8:1 10:1 15:1 16:1 21:1 25:1 33:1 35:1 38:1 40:1 43:1 45:1,1,26,0,0,,,,0,,,0
695,694,7 15 20 25 33 43,7-15>26;7-20>3;7-25>13;7-33>41;7-43>31;15-20>10;15-25>5;15-33>42;15-43>32;20-25>45;20-33>16;20-43>21;25-33>26;25-43>16;33-43>8,16:2 26:2 3:1 5:1 8:1 10:1 13:1 21:1 31:1 32:1 41:1 42:1 45:1,2,16 26,0,1,,,,1,,,0
696,695,4 18 26 33 34 38,4-18>2;4-26>3;4-33>35;4-34>19;4-38>45;18-26>37;18-33>3;18-34>20;18-38>28;26-33>25;26-34>27;26-38>20;33-34>11;33-38>13;34-38>6,3:2 20:2 2:1 6:1 11:1 13:1 19:1 25:1 27:1 28:1 35:1 37:1 45:1,2,3 20,0,3,,,,0,,,0
697,696,1 7 16 18 34 38,1-7>19;1-16>31;1-18>5;1-34>43;1-38>39;7-16>10;7-18>14;7-34>40;7-38>36;16-18>32;16-34>22;16-38>30;18-34>20;18-38>28;34-38>6,5:1 6:1 10:1 14:1 19:1 20:1 22:1 28:1 30:1 31:1 32:1 36:1 39:1 40:1 43:1,0,,0,0,,,,0,,,0
698,697,2 5 8 11 33 39,2-5>26;2-8>20;2-11>29;2-33>31;2-39>40;5-8>29;5-11>23;5-33>37;5-39>31;8-11>17;8-33>43;8-39>37;11-33>34;11-39>43;33-39>6,29:2 31:2 37:2 43:2 6:1 17:1 20:1 23:1 26:1 34:1 40:1,4,29 31 37 43,0,2,29 31 37,,43,1,1,,0
699,698,3 11 13 21 33 37,3-11>22;3-13>23;3-21>9;3-33>18;3-37>44;11-13>27;11-21>1;11-33>34;11-37>45;13-21>14;13-33>38;13-37>34;21-33>30;21-37>23;33-37>5,23:2 34:2 1:1 5:1 9:1 14:1 18:1 22:1 27:1 30:1 38:1 44:1 45:1,2,23 34,0,1,,,,0,,,0
700,699,4 5 8 16 21 29,4-5>27;4-8>21;4-16>13;4-21>8;4-29>9;5-8>29;5-16>12;5-21>7;5-29>8;8-16>9;8-21>4;8-29>5;16-21>41;16-29>45;21-29>40,8:2 9:2 4:1 5:1 7:1 12:1 13:1 21:1 27:1 29:1 40:1 41:1 45:1,2,8 9,1,1,,,,0,,,0
701,700,11 23 28 29 30 44,11-23>5;11-28>15;11-29>2;11-30>4;11-44>38;23-28>33;23-29>41;23-30>34;23-44>20;28-29>36;28-30>44;28-44>30;29-30>37;29-44>14;30-44>28,2:1 4:1 5:1 14:1 15:1 20:1 28:1 30:1 33:1 34:1 36:1 37:1 38:1 41:1 44:1,0,,0,0,,,,0,,,0
702,701,3 10 14 16 36 38,3-10>29;3-14>16;3-16>14;3-36>45;3-38>43;10-14>27;10-16>7;10-36>44;10-38>42;14-16>3;14-36>37;14-38>35;16-36>26;16-38>30;36-38>7,7:2 3:1 14:1 16:1 26:1 27:1 29:1 30:1 35:1 37:1 42:1 43:1 44:1 45:1,1,7,0,2,,,,0,,,0
703,702,3 13 16 24 26 29,3-13>23;3-16>14;3-24>15;3-26>4;3-29>10;13-16>4;13-24>5;13-26>9;13-29>15;16-24>35;16-26>36;16-29>45;24-26>40;24-29>34;26-29>35,4:2 15:2 35:2 5:1 9:1 10:1 14:1 23:1 34:1 36:1 40:1 45:1,3,4 15 35,0,0,4 15 35,,,0,0,,0
704,703,10 28 31 33 41 44,10-28>1;10-31>34;10-33>32;10-41>39;10-44>36;28-31>19;28-33>23;28-41>24;28-44>30;31-33>2;31-41>6;31-44>15;33-41>7;33-44>1;41-44>5,1:2 2:1 5:1 6:1 7:1 15:1 19:1 23:1 24:1 30:1 32:1 34:1 36:1 39:1,1,1,0,1,,,,1,,,0
705,704,1 4 8 23 33 42,1-4>25;1-8>27;1-23>15;1-33>44;1-42>35;4-8>21;4-23>12;4-33>35;4-42>41;8-23>38;8-33>43;8-42>34;23-33>28;23-42>16;33-42>15,15:2 35:2 12:1 16:1 21:1 25:1 27:1 28:1 34:1 38:1 41:1 43:1 44:1,2,15 35,0,1,,,,0,,,0
706,705,1 6 17 22 28 45,1-6>26;1-17>3;1-22>13;1-28>10;1-45>32;6-17>13;6-22>8;6-28>5;6-45>42;17-22>42;17-28>45;17-45>28;22-28>40;22-45>23;28-45>17,13:2 42:2 3:1 5:1 8:1 10:1 17:1 23:1 26:1 28:1 32:1 40:1 45:1,2,13 42,0,2,,,,0,,,0
707,706,3 4 6 10 28 30,3-4>26;3-6>27;3-10>29;3-28>8;3-30>12;4-6>20;4-10>22;4-28>7;4-30>11;6-10>23;6-28>5;6-30>9;10-28>1;10-30>5;28-30>44,5:2 1:1 7:1 8:1 9:1 11:1 12:1 20:1 22:1 23:1 26:1 27:1 29:1 44:1,1,5,0,0,,,,0,,,0
708,707,2 12 19 24 39 44,2-12>22;2-19>6;2-24>1;2-39>40;2-44>35;12-19>11;12-24>6;12-39>45;12-44>40;19-24>44;19-39>29;19-44>24;24-39>9;24-44>19;39-44>4,6:2 40:2 1:1 4:1 9:1 11:1 19:1 22:1 24:1 29:1 35:1 44:1 45:1,2,6 40,0,2,,,,0,,,0
709,708,2 10 16 19 34 45,2-10>21;2-16>15;2-19>6;2-34>45;2-45>34;10-16>7;10-19>13;10-34>31;10-45>35;16-19>40;16-34>22;16-45>29;19-34>4;19-45>26;34-45>2,2:1 4:1 6:1 7:1 13:1 15:1 21:1 22:1 26:1 29:1 31:1 34:1 35:1 40:1 45:1,0,,0,1,,,,0,,,0
710,709,10 18 30 36 39 44,10-18>11;10-30>5;10-36>44;10-39>41;10-44>36;18-30>39;18-36>24;18-39>30;18-44>25;30-36>27;30-39>18;30-44>28;36-39>15;36-44>10;39-44>4,4:1 5:1 10:1 11:1 15:1 18:1 24:1 25:1 27:1 28:1 30:1 36:1 39:1 41:1 44:1,0,,0,0,,,,0,,,0
711,710,3 4 9 24 25 33,3-4>26;3-9>21;3-24>15;3-25>2;3-33>18;4-9>29;4-24>14;4-25>1;4-33>35;9-24>39;9-25>11;9-33>45;24-25>32;24-33>27;25-33>26,26:2 1:1 2:1 11:1 14:1 15:1 18:1 21:1 27:1 29:1 32:1 35:1 39:1 45:1,1,26,0,1,,,,0,,,0
712,711,11 15 24 35 37 45,11-15>28;11-24>7;11-35>32;11-37>45;11-45>37;15-24>3;15-35>40;15-37>38;15-45>30;24-35>16;24-37>20;24-45>21;35-37>6;35-45>10;37-45>11,3:1 6:1 7:1 10:1 11:1 16:1 20:1 21:1 28:1 30:1 32:1 37:1 38:1 40:1 45:1,0,,0,1,,,,0,,,0
713,712,17 20 30 31 33 45,17-20>41;17-30>31;17-31>30;17-33>19;17-45>28;20-30>40;20-31>27;20-33>16;20-45>25;30-31>17;30-33>21;30-45>15;31-33>2;31-45>8;33-45>9,2:1 8:1 9:1 15:1 16:1 17:1 19:1 21:1 25:1 27:1 28:1 30:1 31:1 40:1 41:1,0,,0,0,,,,0,,,0
714,713,2 5 15 18 19 23,2-5>26;2-15>16;2-18>4;2-19>6;2-23>14;5-15>25;5-18>1;5-19>3;5-23>11;15-18>6;15-19>8;15-23>1;18-19>41;18-23>43;19-23>36,1:2 6:2 3:1 4:1 8:1 11:1 14:1 16:1 25:1 26:1 36:1 41:1 43:1,2,1 6,0,0,,,,1,,,0
715,714,1 7 22 33 37 40,1-7>19;1-22>13;1-33>44;1-37>40;1-40>37;7-22>37;7-33>41;7-37>22;7-40>34;22-33>29;22-37>7;22-40>28;33-37>5;33-40>14;37-40>1,37:2 1:1 5:1 7:1 13:1 14:1 19:1 22:1 28:1 29:1 34:1 40:1 41:1 44:1,1,37,1,2,,,,0,,,0
716,715,2 7 27 33 41 44,2-7>27;2-27>7;2-33>31;2-41>38;2-44>35;7-27>2;7-33>41;7-41>33;7-44>45;27-33>24;27-41>25;27-44>16;33-41>7;33-44>1;41-44>5,7:2 1:1 2:1 5:1 16:1 24:1 25:1 27:1 31:1 33:1 35:1 38:1 41:1 45:1,1,7,1,1,,,,0,,,0
717,716,2 6 13 16 29 30,2-6>19;2-13>30;2-16>15;2-29>11;2-30>13;6-13>17;6-16>11;6-29>7;6-30>9;13-16>4;13-29>15;13-30>2;16-29>45;16-30>38;29-30>37,11:2 15:2 2:1 4:1 7:1 9:1 13:1 17:1 19:1 30:1 37:1 38:1 45:1,2,11 15,0,1,,,,1,,,0
718,717,2 11 19 25 28 32,2-11>29;2-19>6;2-25>3;2-28>9;2-32>17;11-19>12;11-25>9;11-28>15;11-32>35;19-25>37;19-28>31;19-32>30;25-28>34;25-32>24;28-32>21,9:2 3:1 6:1 12:1 15:1 17:1 21:1 24:1 29:1 30:1 31:1 34:1 35:1 37:1,1,9,0,2,,,,0,,,0
719,718,4 11 20 23 32 39,4-11>30;4-20>6;4-23>12;4-32>36;4-39>44;11-20>14;11-23>5;11-32>35;11-39>43;20-23>44;20-32>29;20-39>28;23-32>26;23-39>25;32-39>13,44:2 5:1 6:1 12:1 13:1 14:1 25:1 26:1 28:1 29:1 30:1 35:1 36:1 43:1,1,44,0,2,,,,0,,,0
720,719,4 8 13 19 20 43,4-8>21;4-13>16;4-19>34;4-20>6;4-43>40;8-13>18;8-19>15;8-20>2;8-43>33;13-19>10;13-20>12;13-43>28;19-20>42;19-43>22;20-43>21,21:2 2:1 6:1 10:1 12:1 15:1 16:1 18:1 22:1 28:1 33:1 34:1 40:1 42:1,1,21,0,0,,,,0,,,0
721,720,1 12 29 34 36 37,1-12>29;1-29>12;1-34>43;1-36>41;1-37>40;12-29>1;12-34>35;12-36>33;12-37>32;29-34>24;29-36>28;29-37>30;34-36>5;34-37>13;36-37>14,1:1 5:1 12:1 13:1 14:1 24:1 28:1 29:1 30:1 32:1 33:1 35:1 40:1 41:1 43:1,0,,0,1,,,,0,,,0
722,721,1 28 35 41 43 44,1-28>10;1-35>42;1-41>36;1-43>34;1-44>33;28-35>27;28-41>24;28-43>13;28-44>30;35-41>8;35-43>9;35-44>2;41-43>12;41-44>5;43-44>6,2:1 5:1 6:1 8:1 9:1 10:1 12:1 13:1 24:1 27:1 30:1 33:1 34:1 36:1 42:1,0,,0,1,,,,0,,,0
723,722,12 14 21 30 39 43,12-14>28;12-21>15;12-30>3;12-39>45;12-43>41;14-21>13;14-30>1;14-39>34;14-43>45;21-30>33;21-39>27;21-43>20;30-39>18;30-43>26;39-43>11,45:2 1:1 3:1 11:1 13:1 15:1 18:1 20:1 26:1 27:1 28:1 33:1 34:1 41:1,1,45,0,1,,,,0,,,0
724,723,20 30 33 35 36 44,20-30>40;20-33>16;20-35>5;20-36>22;20-44>23;30-33>21;30-35>25;30-36>27;30-44>28;33-35>4;33-36>12;33-44>1;35-36>13;35-44>2;36-44>10,1:1 2:1 4:1 5:1 10:1 12:1 13:1 16:1 21:1 22:1 23:1 25:1 27:1 28:1 40:1,0,,0,2,,,,0,,,0
725,724,2 8 33 35 37 41,2-8>20;2-33>31;2-35>44;2-37>42;2-41>38;8-33>43;8-35>41;8-37>39;8-41>35;33-35>4;33-37>5;33-41>7;35-37>6;35-41>8;37-41>9,4:1 5:1 6:1 7:1 8:1 9:1 20:1 31:1 35:1 38:1 39:1 41:1 42:1 43:1 44:1,0,,0,1,,,,0,,,0
726,725,6 7 19 21 41 43,6-7>29;6-19>2;6-21>36;6-41>31;6-43>44;7-19>1;7-21>5;7-41>33;7-43>31;19-21>35;19-41>18;19-43>22;21-41>16;21-43>20;41-43>12,31:2 1:1 2:1 5:1 12:1 16:1 18:1 20:1 22:1 29:1 33:1 35:1 36:1 44:1,1,31,0,1,,,,0,,,0
727,726,1 11 21 23 34 44,1-11>21;1-21>11;1-23>15;1-34>43;1-44>33;11-21>1;11-23>5;11-34>33;11-44>38;21-23>37;21-34>17;21-44>22;23-34>30;23-44>20;34-44>9,33:2 1:1 5:1 9:1 11:1 15:1 17:1 20:1 21:1 22:1 30:1 37:1 38:1 43:1,1,33,0,1,,,,0,,,0
728,727,7 8 10 19 21 31,7-8>30;7-10>16;7-19>1;7-21>5;7-31>43;8-10>24;8-19>15;8-21>4;8-31>45;10-19>13;10-21>2;10-31>34;19-21>35;19-31>28;21-31>26,1:1 2:1 4:1 5:1 13:1 15:1 16:1 24:1 26:1 28:1 30:1 34:1 35:1 43:1 45:1,0,,0,1,,,,0,,,0
729,728,3 6 10 30 34 37,3-6>27;3-10>29;3-30>12;3-34>32;3-37>44;6-10>23;6-30>9;6-34>38;6-37>35;10-30>5;10-34>31;10-37>43;30-34>23;30-37>29;34-37>13,23:2 29:2 5:1 9:1 12:1 13:1 27:1 31:1 32:1 35:1 38:1 43:1 44:1,2,23 29,0,0,,,,0,,,0
730,729,11 17 21 26 36 45,11-17>8;11-21>1;11-26>41;11-36>31;11-45>37;17-21>34;17-26>44;17-36>25;17-45>28;21-26>31;21-36>6;21-45>24;26-36>16;26-45>19;36-45>3,31:2 1:1 3:1 6:1 8:1 16:1 19:1 24:1 25:1 28:1 34:1 37:1 41:1 44:1,1,31,0,0,,,,0,,,0
731,730,4 10 14 15 18 22,4-10>22;4-14>24;4-15>17;4-18>2;4-22>10;10-14>27;10-15>20;10-18>11;10-22>4;14-15>22;14-18>7;14-22>15;15-18>6;15-22>14;18-22>35,22:2 2:1 4:1 6:1 7:1 10:1 11:1 14:1 15:1 17:1 20:1 24:1 27:1 35:1,1,22,1,0,,,,0,,,0
732,731,2 7 13 25 42 45,2-7>27;2-13>30;2-25>3;2-42>37;2-45>34;7-13>25;7-25>13;7-42>32;7-45>44;13-25>7;13-42>44;13-45>41;25-42>29;25-45>20;42-45>6,44:2 3:1 6:1 7:1 13:1 20:1 25:1 27:1 29:1 30:1 32:1 34:1 37:1 41:1,1,44,0,1,,,,0,,,0
733,732,2 4 5 17 27 32,2-4>18;2-5>26;2-17>32;2-27>7;2-32>17;4-5>27;4-17>15;4-27>5;4-32>36;5-17>14;5-27>4;5-32>38;17-27>37;17-32>2;27-32>22,2:1 4:1 5:1 7:1 14:1 15:1 17:1 18:1 22:1 26:1 27:1 32:1 36:1 37:1 38:1,0,,0,1,,,,0,,,0
734,733,11 24 32 33 35 40,11-24>7;11-32>35;11-33>34;11-35>32;11-40>42;24-32>25;24-33>27;24-35>16;24-40>26;32-33>10;32-35>11;32-40>6;33-35>4;33-40>14;35-40>15,4:1 6:1 7:1 10:1 11:1 14:1 15:1 16:1 25:1 26:1 27:1 32:1 34:1 35:1 42:1,0,,0,0,,,,0,,,0
735,734,6 16 37 38 41 45,6-16>11;6-37>35;6-38>34;6-41>31;6-45>42;16-37>28;16-38>30;16-41>21;16-45>29;37-38>15;37-41>9;37-45>11;38-41>2;38-45>4;41-45>13,11:2 2:1 4:1 9:1 13:1 15:1 21:1 28:1 29:1 30:1 31:1 34:1 35:1 42:1,1,11,0,2,,,,0,,,0
736,735,5 10 13 27 37 41,5-10>30;5-13>24;5-27>4;5-37>33;5-41>44;10-13>19;10-27>14;10-37>43;10-41>39;13-27>11;13-37>34;13-41>45;27-37>17;27-41>25;37-41>9,4:1 9:1 11:1 14:1 17:1 19:1 24:1 25:1 30:1 33:1 34:1 39:1 43:1 44:1 45:1,0,,0,1,,,,0,,,0
737,736,2 11 17 18 21 27,2-11>29;2-17>32;2-18>4;2-21>10;2-27>7;11-17>8;11-18>10;11-21>1;11-27>13;17-18>40;17-21>34;17-27>37;18-21>42;18-27>45;21-27>39,10:2 1:1 4:1 7:1 8:1 13:1 29:1 32:1 34:1 37:1 39:1 40:1 42:1 45:1,1,10,0,2,,,,0,,,0
738,737,13 15 18 24 27 41,13-15>29;13-18>8;13-24>5;13-27>11;13-41>45;15-18>6;15-24>3;15-27>9;15-41>34;18-24>36;18-27>45;18-41>19;24-27>33;24-41>28;27-41>25,45:2 3:1 5:1 6:1 8:1 9:1 11:1 19:1 25:1 28:1 29:1 33:1 34:1 36:1,1,45,0,1,,,,0,,,0
739,738,23 27 28 38 42 43,23-27>40;23-28>33;23-38>8;23-42>16;23-43>18;27-28>35;27-38>19;27-42>12;27-43>29;28-38>18;28-42>26;28-43>13;38-42>10;38-43>3;42-43>5,18:2 3:1 5:1 8:1 10:1 12:1 13:1 16:1 19:1 26:1 29:1 33:1 35:1 40:1,1,18,0,0,,,,0,,,0
740,739,7 22 29 33 34 35,7-22>37;7-29>6;7-33>41;7-34>40;7-35>39;22-29>33;22-33>29;22-34>16;22-35>18;29-33>22;29-34>24;29-35>26;33-34>11;33-35>4;34-35>12,4:1 6:1 11:1 12:1 16:1 18:1 22:1 24:1 26:1 29:1 33:1 37:1 39:1 40:1 41:1,0,,0,0,,,,0,,,0
741,740,4 8 9 16 17 19,4-8>21;4-9>29;4-16>13;4-17>15;4-19>34;8-9>16;8-16>9;8-17>11;8-19>15;9-16>8;9-17>10;9-19>14;16-17>39;16-19>40;17-19>33,15:2 8:1 9:1 10:1 11:1 13:1 14:1 16:1 21:1 29:1 33:1 34:1 39:1 40:1,1,15,0,0,,,,0,,,0
742,741,5 21 27 34 44 45,5-21>7;5-27>4;5-34>36;5-44>41;5-45>40;21-27>39;21-34>17;21-44>22;21-45>24;27-34>26;27-44>16;27-45>18;34-44>9;34-45>2;44-45>7,7:2 2:1 4:1 9:1 16:1 17:1 18:1 22:1 24:1 26:1 36:1 39:1 40:1 41:1,1,7,0,0,,,,0,,,0
743,742,8 10 13 36 37 40,8-10>24;8-13>18;8-36>40;8-37>39;8-40>36;10-13>19;10-36>44;10-37>43;10-40>25;13-36>35;13-37>34;13-40>31;36-37>14;36-40>8;37-40>1,1:1 8:1 14:1 18:1 19:1 24:1 25:1 31:1 34:1 35:1 36:1 39:1 40:1 43:1 44:1,0,,0,0,,,,0,,,0
744,743,15 19 21 34 41 44,15-19>8;15-21>12;15-34>41;15-41>34;15-44>31;19-21>35;19-34>4;19-41>18;19-44>24;21-34>17;21-41>16;21-44>22;34-41>15;34-44>9;41-44>5,4:1 5:1 8:1 9:1 12:1 15:1 16:1 17:1 18:1 22:1 24:1 31:1 34:1 35:1 41:1,0,,0,4,,,,0,,,0
745,744,10 15 18 21 34 41,10-15>20;10-18>11;10-21>2;10-34>31;10-41>39;15-18>6;15-21>12;15-34>41;15-41>34;18-21>42;18-34>20;18-41>19;21-34>17;21-41>16;34-41>15,20:2 2:1 6:1 11:1 12:1 15:1 16:1 17:1 19:1 31:1 34:1 39:1 41:1 42:1,1,20,0,0,,,,0,,,0
746,745,1 2 3 9 12 23,1-2>24;1-3>17;1-9>20;1-12>29;1-23>15;2-3>25;2-9>28;2-12>22;2-23>14;3-9>21;3-12>30;3-23>13;9-12>18;9-23>7;12-23>4,4:1 7:1 13:1 14:1 15:1 17:1 18:1 20:1 21:1 22:1 24:1 25:1 28:1 29:1 30:1,0,,0,2,,,,0,,,0
747,746,3 12 33 36 42 45,3-12>30;3-33>18;3-36>45;3-42>39;3-45>36;12-33>36;12-36>33;12-42>27;12-45>39;33-36>12;33-42>15;33-45>9;36-42>9;36-45>3;42-45>6,9:2 36:2 39:2 3:1 6:1 12:1 15:1 18:1 27:1 30:1 33:1 45:1,3,9 36 39,1,1,9 36 39,,,1,1,,0
748,747,7 9 12 14 23 28,7-9>23;7-12>17;7-14>18;7-23>9;7-28>4;9-12>18;9-14>19;9-23>7;9-28>2;12-14>28;12-23>4;12-28>14;14-23>2;14-28>12;23-28>33,2:2 4:2 18:2 7:1 9:1 12:1 14:1 17:1 19:1 23:1 28:1 33:1,3,2 4 18,0,0,2 4 18,,,0,0,,0
749,748,3 10 13 22 31 32,3-10>29;3-13>23;3-22>11;3-31>35;3-32>34;10-13>19;10-22>4;10-31>34;10-32>33;13-22>1;13-31>40;13-32>39;22-31>25;22-32>27;31-32>9,34:2 1:1 4:1 9:1 11:1 19:1 23:1 25:1 27:1 29:1 33:1 35:1 39:1 40:1,1,34,0,0,,,,1,,,0
750,749,12 14 24 26 34 45,12-14>28;12-24>6;12-26>10;12-34>35;12-45>39;14-24>4;14-26>8;14-34>39;14-45>43;24-26>40;24-34>29;24-45>21;26-34>27;26-45>19;34-45>2,39:2 2:1 4:1 6:1 8:1 10:1 19:1 21:1 27:1 28:1 29:1 35:1 40:1 43:1,1,39,0,1,,,,0,,,0
751,750,1 2 15 19 24 36,1-2>24;1-15>23;1-19>7;1-24>2;1-36>41;2-15>16;2-19>6;2-24>1;2-36>43;15-19>8;15-24>3;15-36>39;19-24>44;19-36>23;24-36>18,23:2 1:1 2:1 3:1 6:1 7:1 8:1 16:1 18:1 24:1 39:1 41:1 43:1 44:1,1,23,0,0,,,,0,,,0
752,751,3 4 16 20 28 44,3-4>26;3-16>14;3-20>7;3-28>8;3-44>37;4-16>13;4-20>6;4-28>7;4-44>39;16-20>33;16-28>37;16-44>27;20-28>39;20-44>23;28-44>30,7:2 37:2 39:2 6:1 8:1 13:1 14:1 23:1 26:1 27:1 30:1 33:1,3,7 37 39,0,3,7 37 39,,,0,0,,0
753,752,4 16 20 33 40 43,4-16>13;4-20>6;4-33>35;4-40>43;4-43>40;16-20>33;16-33>20;16-40>19;16-43>25;20-33>16;20-40>30;20-43>21;33-40>14;33-43>8;40-43>4,4:1 6:1 8:1 13:1 14:1 16:1 19:1 20:1 21:1 25:1 30:1 33:1 35:1 40:1 43:1,0,,0,0,,,,0,,,0
754,753,2 17 19 24 37 41,2-17>32;2-19>6;2-24>1;2-37>42;2-41>38;17-19>33;17-24>43;17-37>27;17-41>20;19-24>44;19-37>25;19-41>18;24-37>20;24-41>28;37-41>9,20:2 1:1 6:1 9:1 18:1 25:1 27:1 28:1 32:1 33:1 38:1 42:1 43:1 44:1,1,20,0,3,,,,0,,,0
755,754,2 8 17 24 29 31,2-8>20;2-17>32;2-24>1;2-29>11;2-31>33;8-17>11;8-24>10;8-29>5;8-31>45;17-24>43;17-29>38;17-31>30;24-29>34;24-31>23;29-31>18,11:2 1:1 5:1 10:1 18:1 20:1 23:1 30:1 32:1 33:1 34:1 38:1 43:1 45:1,1,11,0,0,,,,0,,,0
756,755,13 14 26 28 30 36,13-14>21;13-26>9;13-28>43;13-30>2;13-36>35;14-26>8;14-28>12;14-30>1;14-36>37;26-28>42;26-30>43;26-36>16;28-30>44;28-36>29;30-36>27,43:2 1:1 2:1 8:1 9:1 12:1 16:1 21:1 27:1 29:1 35:1 37:1 42:1 44:1,1,43,0,2,,,,0,,,0
757,756,10 14 16 18 27 28,10-14>27;10-16>7;10-18>11;10-27>14;10-28>1;14-16>3;14-18>7;14-27>10;14-28>12;16-18>32;16-27>44;16-28>37;18-27>45;18-28>38;27-28>35,7:2 1:1 3:1 10:1 11:1 12:1 14:1 27:1 32:1 35:1 37:1 38:1 44:1 45:1,1,7,0,0,,,,1,,,0
758,757,6 7 11 17 33 44,6-7>29;6-11>16;6-17>13;6-33>39;6-44>43;7-11>24;7-17>12;7-33>41;7-44>45;11-17>8;11-33>34;11-44>38;17-33>19;17-44>26;33-44>1,1:1 8:1 12:1 13:1 16:1 19:1 24:1 26:1 29:1 34:1 38:1 39:1 41:1 43:1 45:1,0,,0,0,,,,0,,,0
759,758,5 9 12 30 39 43,5-9>22;5-12>16;5-30>10;5-39>31;5-43>42;9-12>18;9-30>6;9-39>24;9-43>35;12-30>3;12-39>45;12-43>41;30-39>18;30-43>26;39-43>11,18:2 3:1 6:1 10:1 11:1 16:1 22:1 24:1 26:1 31:1 35:1 41:1 42:1 45:1,1,18,0,2,,,,0,,,0
760,759,9 33 36 40 42 43,9-33>45;9-36>42;9-40>38;9-42>36;9-43>35;33-36>12;33-40>14;33-42>15;33-43>8;36-40>8;36-42>9;36-43>2;40-42>11;40-43>4;42-43>5,8:2 2:1 4:1 5:1 9:1 11:1 12:1 14:1 15:1 35:1 36:1 38:1 42:1 45:1,1,8,0,2,,,,0,,,0
761,760,10 22 27 31 42 43,10-22>4;10-27>14;10-31>34;10-42>38;10-43>37;22-27>32;22-31>25;22-42>17;22-43>19;27-31>20;27-42>12;27-43>29;31-42>14;31-43>7;42-43>5,14:2 4:1 5:1 7:1 12:1 17:1 19:1 20:1 25:1 29:1 32:1 34:1 37:1 38:1,1,14,0,1,,,,0,,,0
762,761,4 7 11 24 42 45,4-7>28;4-11>30;4-24>14;4-42>41;4-45>38;7-11>24;7-24>11;7-42>32;7-45>44;11-24>7;11-42>40;11-45>37;24-42>30;24-45>21;42-45>6,30:2 6:1 7:1 11:1 14:1 21:1 24:1 28:1 32:1 37:1 38:1 40:1 41:1 44:1,1,30,0,0,,,,0,,,0
763,762,1 3 12 21 26 41,1-3>17;1-12>29;1-21>11;1-26>6;1-41>36;3-12>30;3-21>9;3-26>4;3-41>40;12-21>15;12-26>10;12-41>43;21-26>31;21-41>16;26-41>11,11:2 4:1 6:1 9:1 10:1 15:1 16:1 17:1 29:1 30:1 31:1 36:1 40:1 43:1,1,11,0,1,,,,0,,,0
764,763,3 8 16 32 34 43,3-8>28;3-16>14;3-32>34;3-34>32;3-43>38;8-16>9;8-32>44;8-34>42;8-43>33;16-32>18;16-34>22;16-43>25;32-34>3;32-43>15;34-43>1,1:1 3:1 9:1 14:1 15:1 18:1 22:1 25:1 28:1 32:1 33:1 34:1 38:1 42:1 44:1,0,,0,1,,,,0,,,0
765,764,7 22 24 31 34 36,7-22>37;7-24>11;7-31>43;7-34>40;7-36>38;22-24>38;22-31>25;22-34>16;22-36>20;24-31>23;24-34>29;24-36>18;31-34>10;31-36>11;34-36>5,11:2 38:2 5:1 10:1 16:1 18:1 20:1 23:1 25:1 29:1 37:1 40:1 43:1,2,11 38,0,0,,,,0,,,0
766,765,1 3 8 12 42 43,1-3>17;1-8>27;1-12>29;1-42>35;1-43>34;3-8>28;3-12>30;3-42>39;3-43>38;8-12>25;8-42>34;8-43>33;12-42>27;12-43>41;42-43>5,27:2 34:2 5:1 17:1 25:1 28:1 29:1 30:1 33:1 35:1 38:1 39:1 41:1,2,27 34,0,0,,,,1,,,0
767,766,9 30 34 35 39 41,9-30>6;9-34>44;9-35>43;9-39>24;9-41>37;30-34>23;30-35>25;30-39>18;30-41>22;34-35>12;34-39>14;34-41>15;35-39>7;35-41>8;39-41>10,6:1 7:1 8:1 10:1 12:1 14:1 15:1 18:1 22:1 23:1 24:1 25:1 37:1 43:1 44:1,0,,0,1,,,,0,,,0
768,767,5 15 20 31 34 42,5-15>25;5-20>35;5-31>39;5-34>36;5-42>43;15-20>10;15-31>44;15-34>41;15-42>33;20-31>27;20-34>18;20-42>19;31-34>10;31-42>14;34-42>8,10:2 8:1 14:1 18:1 19:1 25:1 27:1 33:1 35:1 36:1 39:1 41:1 43:1 44:1,1,10,0,0,,,,0,,,0
769,768,7 27 29 30 38 44,7-27>2;7-29>6;7-30>8;7-38>36;7-44>45;27-29>43;27-30>36;27-38>19;27-44>16;29-30>37;29-38>17;29-44>14;30-38>16;30-44>28;38-44>11,16:2 36:2 2:1 6:1 8:1 11:1 14:1 17:1 19:1 28:1 37:1 43:1 45:1,2,16 36,0,1,,,,1,,,0
770,769,5 7 11 16 41 45,5-7>21;5-11>23;5-16>12;5-41>44;5-45>40;7-11>24;7-16>10;7-41>33;7-45>44;11-16>6;11-41>26;11-45>37;16-41>21;16-45>29;41-45>13,21:2 44:2 6:1 10:1 12:1 13:1 23:1 24:1 26:1 29:1 33:1 37:1 40:1,2,21 44,0,0,,,,0,,,0
771,770,1 9 12 23 39 43,1-9>20;1-12>29;1-23>15;1-39>38;1-43>34;9-12>18;9-23>7;9-39>24;9-43>35;12-23>4;12-39>45;12-43>41;23-39>25;23-43>18;39-43>11,18:2 4:1 7:1 11:1 15:1 20:1 24:1 25:1 29:1 34:1 35:1 38:1 41:1 45:1,1,18,0,0,,,,1,,,0
772,771,6 10 17 18 21 29,6-10>23;6-17>13;6-18>15;6-21>36;6-29>7;10-17>9;10-18>11;10-21>2;10-29>3;17-18>40;17-21>34;17-29>38;18-21>42;18-29>31;21-29>40,40:2 2:1 3:1 7:1 9:1 11:1 13:1 15:1 23:1 31:1 34:1 36:1 38:1 42:1,1,40,0,2,,,,0,,,0
773,772,5 6 11 14 21 41,5-6>28;5-11>23;5-14>17;5-21>7;5-41>44;6-11>16;6-14>25;6-21>36;6-41>31;11-14>20;11-21>1;11-41>26;14-21>13;14-41>32;21-41>16,16:2 1:1 7:1 13:1 17:1 20:1 23:1 25:1 26:1 28:1 31:1 32:1 36:1 44:1,1,16,0,1,,,,0,,,0
774,773,8 12 19 21 31 35,8-12>25;8-19>15;8-21>4;8-31>45;8-35>41;12-19>11;12-21>15;12-31>38;12-35>34;19-21>35;19-31>28;19-35>21;21-31>26;21-35>19;31-35>3,15:2 3:1 4:1 11:1 19:1 21:1 25:1 26:1 28:1 34:1 35:1 38:1 41:1 45:1,1,15,0,1,,,,1,,,0
775,774,12 15 18 28 34 42,12-15>21;12-18>9;12-28>14;12-34>35;12-42>27;15-18>6;15-28>11;15-34>41;15-42>33;18-28>38;18-34>20;18-42>21;28-34>25;28-42>26;34-42>8,21:2 6:1 8:1 9:1 11:1 14:1 20:1 25:1 26:1 27:1 33:1 35:1 38:1 41:1,1,21,0,2,,,,0,,,0
776,775,11 12 29 33 38 42,11-12>19;11-29>2;11-33>34;11-38>44;11-42>40;12-29>1;12-33>36;12-38>31;12-42>27;29-33>22;29-38>17;29-42>25;33-38>13;33-42>15;38-42>10,1:1 2:1 10:1 13:1 15:1 17:1 19:1 22:1 25:1 27:1 31:1 34:1 36:1 40:1 44:1,0,,0,0,,,,0,,,0
777,776,8 9 18 21 28 40,8-9>16;8-18>13;8-21>4;8-28>3;8-40>36;9-18>12;9-21>3;9-28>2;9-40>38;18-21>42;18-28>38;18-40>17;21-28>32;21-40>29;28-40>22,3:2 38:2 2:1 4:1 12:1 13:1 16:1 17:1 22:1 29:1 32:1 36:1 42:1,2,3 38,0,1,,,,0,,,0
778,777,6 12 17 21 34 37,6-12>24;6-17>13;6-21>36;6-34>38;6-37>35;12-17>7;12-21>15;12-34>35;12-37>32;17-21>34;17-34>21;17-37>27;21-34>17;21-37>23;34-37>13,13:2 35:2 7:1 15:1 17:1 21:1 23:1 24:1 27:1 32:1 34:1 36:1 38:1,2,13 35,0,3,,,,1,,,0
779,778,6 21 35 36 37 41,6-21>36;6-35>37;6-36>21;6-37>35;6-41>31;21-35>19;21-36>6;21-37>23;21-41>16;35-36>13;35-37>6;35-41>8;36-37>14;36-41>1;37-41>9,6:2 1:1 8:1 9:1 13:1 14:1 16:1 19:1 21:1 23:1 31:1 35:1 36:1 37:1,1,6,1,2,,,,1,,,0
780,779,6 12 19 24 34 41,6-12>24;6-19>2;6-24>12;6-34>38;6-41>31;12-19>11;12-24>6;12-34>35;12-41>43;19-24>44;19-34>4;19-41>18;24-34>29;24-41>28;34-41>15,2:1 4:1 6:1 11:1 12:1 15:1 18:1 24:1 28:1 29:1 31:1 35:1 38:1 43:1 44:1,0,,0,1,,,,0,,,0
781,780,15 17 19 21 27 45,15-17>4;15-19>8;15-21>12;15-27>9;15-45>30;17-19>33;17-21>34;17-27>37;17-45>28;19-21>35;19-27>38;19-45>26;21-27>39;21-45>24;27-45>18,4:1 8:1 9:1 12:1 18:1 24:1 26:1 28:1 30:1 33:1 34:1 35:1 37:1 38:1 39:1,0,,0,1,,,,0,,,0
782,781,11 16 18 19 24 39,11-16>6;11-18>10;11-19>12;11-24>7;11-39>43;16-18>32;16-19>40;16-24>35;16-39>17;18-19>41;18-24>36;18-39>30;19-24>44;19-39>29;24-39>9,6:1 7:1 9:1 10:1 12:1 17:1 29:1 30:1 32:1 35:1 36:1 40:1 41:1 43:1 44:1,0,,0,1,,,,0,,,0
783,782,6 18 31 34 38 45,6-18>15;6-31>41;6-34>38;6-38>34;6-45>42;18-31>29;18-34>20;18-38>28;18-45>27;31-34>10;31-38>12;31-45>8;34-38>6;34-45>2;38-45>4,2:1 4:1 6:1 8:1 10:1 12:1 15:1 20:1 27:1 28:1 29:1 34:1 38:1 41:1 42:1,0,,0,2,,,,0,,,0
784,783,14 15 16 17 38 45,14-15>22;14-16>3;14-17>5;14-38>35;14-45>43;15-16>2;15-17>4;15-38>37;15-45>30;16-17>39;16-38>30;16-45>29;17-38>29;17-45>28;38-45>4,4:2 29:2 30:2 2:1 3:1 5:1 22:1 28:1 35:1 37:1 39:1 43:1,3,4 29 30,0,0,4 29 30,,,0,0,,0
785,784,3 10 23 24 31 39,3-10>29;3-23>13;3-24>15;3-31>35;3-39>42;10-23>6;10-24>8;10-31>34;10-39>41;23-24>31;23-31>24;23-39>25;24-31>23;24-39>9;31-39>5,5:1 6:1 8:1 9:1 13:1 15:1 23:1 24:1 25:1 29:1 31:1 34:1 35:1 41:1 42:1,0,,0,0,,,,0,,,0
786,785,4 6 15 25 26 33,4-6>20;4-15>17;4-25>1;4-26>3;4-33>35;6-15>18;6-25>14;6-26>1;6-33>39;15-25>5;15-26>7;15-33>42;25-26>33;25-33>26;26-33>25,1:2 3:1 5:1 7:1 14:1 17:1 18:1 20:1 25:1 26:1 33:1 35:1 39:1 42:1,1,1,0,1,,,,0,,,0
787,786,12 15 16 20 24 30,12-15>21;12-16>5;12-20>13;12-24>6;12-30>3;15-16>2;15-20>10;15-24>3;15-30>45;16-20>33;16-24>35;16-30>38;20-24>37;20-30>40;24-30>42,3:2 2:1 5:1 6:1 10:1 13:1 21:1 33:1 35:1 37:1 38:1 40:1 42:1 45:1,1,3,0,1,,,,0,,,0
788,787,5 6 13 16 27 28,5-6>28;5-13>24;5-16>12;5-27>4;5-28>6;6-13>17;6-16>11;6-27>3;6-28>5;13-16>4;13-27>11;13-28>43;16-27>44;16-28>37;27-28>35,4:2 11:2 3:1 5:1 6:1 12:1 17:1 24:1 28:1 35:1 37:1 43:1 44:1,2,4 11,0,0,,,,1,,,0
789,788,2 10 11 19 35 39,2-10>21;2-11>29;2-19>6;2-35>44;2-39>40;10-11>18;10-19>13;10-35>45;10-39>41;11-19>12;11-35>32;11-39>43;19-35>21;19-39>29;35-39>7,21:2 29:2 6:1 7:1 12:1 13:1 18:1 32:1 40:1 41:1 43:1 44:1 45:1,2,21 29,0,2,,,,0,,,0
790,789,2 6 7 12 19 45,2-6>19;2-7>27;2-12>22;2-19>6;2-45>34;6-7>29;6-12>24;6-19>2;6-45>42;7-12>17;7-19>1;7-45>44;12-19>11;12-45>39;19-45>26,1:1 2:1 6:1 11:1 17:1 19:1 22:1 24:1 26:1 27:1 29:1 34:1 39:1 42:1 44:1,0,,0,1,,,,0,,,0
791,790,3 8 19 27 30 41,3-8>28;3-19>5;3-27>6;3-30>12;3-41>40;8-19>15;8-27>1;8-30>7;8-41>35;19-27>38;19-30>32;19-41>18;27-30>36;27-41>25;30-41>22,1:1 5:1 6:1 7:1 12:1 15:1 18:1 22:1 25:1 28:1 32:1 35:1 36:1 38:1 40:1,0,,0,0,,,,0,,,0
792,791,2 10 12 31 33 42,2-10>21;2-12>22;2-31>33;2-33>31;2-42>37;10-12>26;10-31>34;10-33>32;10-42>38;12-31>38;12-33>36;12-42>27;31-33>2;31-42>14;33-42>15,38:2 2:1 14:1 15:1 21:1 22:1 26:1 27:1 31:1 32:1 33:1 34:1 36:1 37:1,1,38,0,1,,,,0,,,0
793,792,2 7 19 25 29 36,2-7>27;2-19>6;2-25>3;2-29>11;2-36>43;7-19>1;7-25>13;7-29>6;7-36>38;19-25>37;19-29>39;19-36>23;25-29>42;25-36>17;29-36>28,6:2 1:1 3:1 11:1 13:1 17:1 23:1 27:1 28:1 37:1 38:1 39:1 42:1 43:1,1,6,0,0,,,,0,,,0
794,793,10 15 21 35 38 43,10-15>20;10-21>2;10-35>45;10-38>42;10-43>37;15-21>12;15-35>40;15-38>37;15-43>32;21-35>19;21-38>25;21-43>20;35-38>14;35-43>9;38-43>3,20:2 37:2 2:1 3:1 9:1 12:1 14:1 19:1 25:1 32:1 40:1 42:1 45:1,2,20 37,0,1,,,,0,,,0
795,794,6 7 18 19 30 38,6-7>29;6-18>15;6-19>2;6-30>9;6-38>34;7-18>14;7-19>1;7-30>8;7-38>36;18-19>41;18-30>39;18-38>28;19-30>32;19-38>27;30-38>16,1:1 2:1 8:1 9:1 14:1 15:1 16:1 27:1 28:1 29:1 32:1 34:1 36:1 39:1 41:1,0,,0,1,,,,0,,,0
796,795,3 10 13 26 34 38,3-10>29;3-13>23;3-26>4;3-34>32;3-38>43;10-13>19;10-26>12;10-34>31;10-38>42;13-26>9;13-34>37;13-38>33;26-34>27;26-38>20;34-38>6,4:1 6:1 9:1 12:1 19:1 20:1 23:1 27:1 29:1 31:1 32:1 33:1 37:1 42:1 43:1,0,,0,1,,,,0,,,0
797,796,1 21 26 36 40 41,1-21>11;1-26>6;1-36>41;1-40>37;1-41>36;21-26>31;21-36>6;21-40>29;21-41>16;26-36>16;26-40>24;26-41>11;36-40>8;36-41>1;40-41>3,6:2 11:2 16:2 1:1 3:1 8:1 24:1 29:1 31:1 36:1 37:1 41:1,3,6 11 16,0,0,6 11 16,,,0,0,,0
798,797,5 22 31 32 39 45,5-22>9;5-31>39;5-32>38;5-39>31;5-45>40;22-31>25;22-32>27;22-39>26;22-45>23;31-32>9;31-39>5;31-45>8;32-39>13;32-45>1;39-45>12,9:2 1:1 5:1 8:1 12:1 13:1 23:1 25:1 26:1 27:1 31:1 38:1 39:1 40:1,1,9,0,2,,,,0,,,0
799,798,2 10 14 22 32 36,2-10>21;2-14>23;2-22>12;2-32>17;2-36>43;10-14>27;10-22>4;10-32>33;10-36>44;14-22>15;14-32>41;14-36>37;22-32>27;22-36>20;32-36>4,4:2 27:2 12:1 15:1 17:1 20:1 21:1 23:1 33:1 37:1 41:1 43:1 44:1,2,4 27,0,0,,,,0,,,0
800,799,12 17 23 34 42 45,12-17>7;12-23>4;12-34>35;12-42>27;12-45>39;17-23>35;17-34>21;17-42>22;17-45>28;23-34>30;23-42>16;23-45>22;34-42>8;34-45>2;42-45>6,22:2 35:2 2:1 4:1 6:1 7:1 8:1 16:1 21:1 27:1 28:1 30:1 39:1,2,22 35,0,2,,,,0,,,0
801,800,1 4 10 12 28 45,1-4>25;1-10>28;1-12>29;1-28>10;1-45>32;4-10>22;4-12>23;4-28>7;4-45>38;10-12>26;10-28>1;10-45>35;12-28>14;12-45>39;28-45>17,1:1 7:1 10:1 14:1 17:1 22:1 23:1 25:1 26:1 28:1 29:1 32:1 35:1 38:1 39:1,0,,0,1,,,,0,,,0
802,801,17 25 28 37 43 44,17-25>36;17-28>45;17-37>27;17-43>24;17-44>26;25-28>34;25-37>19;25-43>16;25-44>18;28-37>16;28-43>13;28-44>30;37-43>10;37-44>3;43-44>6,16:2 3:1 6:1 10:1 13:1 18:1 19:1 24:1 26:1 27:1 30:1 34:1 36:1 45:1,1,16,0,0,,,,0,,,0
803,802,10 11 12 18 24 42,10-11>18;10-12>26;10-18>11;10-24>8;10-42>38;11-12>19;11-18>10;11-24>7;11-42>40;12-18>9;12-24>6;12-42>27;18-24>36;18-42>21;24-42>30,6:1 7:1 8:1 9:1 10:1 11:1 18:1 19:1 21:1 26:1 27:1 30:1 36:1 38:1 40:1,0,,0,0,,,,0,,,0
804,803,5 9 14 26 30 43,5-9>22;5-14>17;5-26>2;5-30>10;5-43>42;9-14>19;9-26>13;9-30>6;9-43>35;14-26>8;14-30>1;14-43>45;26-30>43;26-43>30;30-43>26,1:1 2:1 6:1 8:1 10:1 13:1 17:1 19:1 22:1 26:1 30:1 35:1 42:1 43:1 45:1,0,,0,1,,,,0,,,0
805,804,1 10 13 26 32 36,1-10>28;1-13>22;1-26>6;1-32>45;1-36>41;10-13>19;10-26>12;10-32>33;10-36>44;13-26>9;13-32>39;13-36>35;26-32>23;26-36>16;32-36>4,4:1 6:1 9:1 12:1 16:1 19:1 22:1 23:1 28:1 33:1 35:1 39:1 41:1 44:1 45:1,0,,0,2,,,,0,,,0
806,805,3 12 13 18 31 32,3-12>30;3-13>23;3-18>33;3-31>35;3-32>34;12-13>20;12-18>9;12-31>38;12-32>37;13-18>8;13-31>40;13-32>39;18-31>29;18-32>16;31-32>9,9:2 8:1 16:1 20:1 23:1 29:1 30:1 33:1 34:1 35:1 37:1 38:1 39:1 40:1,1,9,0,1,,,,0,,,0
807,806,14 20 23 31 37 38,14-20>11;14-23>2;14-31>42;14-37>36;14-38>35;20-23>44;20-31>27;20-37>24;20-38>26;23-31>24;23-37>21;23-38>8;31-37>4;31-38>12;37-38>15,24:2 2:1 4:1 8:1 11:1 12:1 15:1 21:1 26:1 27:1 35:1 36:1 42:1 44:1,1,24,0,0,,,,0,,,0
808,807,6 10 18 25 34 35,6-10>23;6-18>15;6-25>14;6-34>38;6-35>37;10-18>11;10-25>40;10-34>31;10-35>45;18-25>44;18-34>20;18-35>22;25-34>28;25-35>30;34-35>12,11:1 12:1 14:1 15:1 20:1 22:1 23:1 28:1 30:1 31:1 37:1 38:1 40:1 44:1 45:1,0,,0,0,,,,0,,,0
809,808,15 21 31 32 41 43,15-21>12;15-31>44;15-32>43;15-41>34;15-43>32;21-31>26;21-32>28;21-41>16;21-43>20;31-32>9;31-41>6;31-43>7;32-41>14;32-43>15;41-43>12,12:2 6:1 7:1 9:1 14:1 15:1 16:1 20:1 26:1 28:1 32:1 34:1 43:1 44:1,1,12,0,1,,,,0,,,0
810,809,6 11 15 17 23 40,6-11>16;6-15>18;6-17>13;6-23>10;6-40>32;11-15>28;11-17>8;11-23>5;11-40>42;15-17>4;15-23>1;15-40>35;17-23>35;17-40>18;23-40>27,18:2 35:2 1:1 4:1 5:1 8:1 10:1 13:1 16:1 27:1 28:1 32:1 42:1,2,18 35,0,0,,,,0,,,0
811,810,5 10 13 21 39 43,5-10>30;5-13>24;5-21>7;5-39>31;5-43>42;10-13>19;10-21>2;10-39>41;10-43>37;13-21>14;13-39>32;13-43>28;21-39>27;21-43>20;39-43>11,2:1 7:1 11:1 14:1 19:1 20:1 24:1 27:1 28:1 30:1 31:1 32:1 37:1 41:1 42:1,0,,0,1,,,,0,,,0
812,811,8 11 19 21 36 45,8-11>17;8-19>15;8-21>4;8-36>40;8-45>31;11-19>12;11-21>1;11-36>31;11-45>37;19-21>35;19-36>23;19-45>26;21-36>6;21-45>24;36-45>3,31:2 1:1 3:1 4:1 6:1 12:1 15:1 17:1 23:1 24:1 26:1 35:1 37:1 40:1,1,31,0,0,,,,0,,,0
813,812,1 3 12 14 16 43,1-3>17;1-12>29;1-14>30;1-16>31;1-43>34;3-12>30;3-14>16;3-16>14;3-43>38;12-14>28;12-16>5;12-43>41;14-16>3;14-43>45;16-43>25,30:2 3:1 5:1 14:1 16:1 17:1 25:1 28:1 29:1 31:1 34:1 38:1 41:1 45:1,1,30,0,0,,,,1,,,0
814,813,11 30 34 35 42 44,11-30>4;11-34>33;11-35>32;11-42>40;11-44>38;30-34>23;30-35>25;30-42>24;30-44>28;34-35>12;34-42>8;34-44>9;35-42>1;35-44>2;42-44>13,1:1 2:1 4:1 8:1 9:1 12:1 13:1 23:1 24:1 25:1 28:1 32:1 33:1 38:1 40:1,0,,0,1,,,,0,,,0
815,814,2 21 28 38 42 45,2-21>10;2-28>9;2-38>41;2-42>37;2-45>34;21-28>32;21-38>25;21-42>18;21-45>24;28-38>18;28-42>26;28-45>17;38-42>10;38-45>4;42-45>6,10:2 18:2 4:1 6:1 9:1 17:1 24:1 25:1 26:1 32:1 34:1 37:1 41:1,2,10 18,0,1,,,,0,,,0
816,815,17 21 25 26 27 36,17-21>34;17-25>36;17-26>44;17-27>37;17-36>25;21-25>38;21-26>31;21-27>39;21-36>6;25-26>33;25-27>41;25-36>17;26-27>34;26-36>16;27-36>30,34:2 6:1 16:1 17:1 25:1 30:1 31:1 33:1 36:1 37:1 38:1 39:1 41:1 44:1,1,34,0,0,,,,0,,,0
817,816,12 18 19 29 31 39,12-18>9;12-19>11;12-29>1;12-31>38;12-39>45;18-19>41;18-29>31;18-31>29;18-39>30;19-29>39;19-31>28;19-39>29;29-31>18;29-39>19;31-39>5,29:2 1:1 5:1 9:1 11:1 18:1 19:1 28:1 30:1 31:1 38:1 39:1 41:1 45:1,1,29,1,1,,,,0,,,0
818,817,3 9 12 13 25 43,3-9>21;3-12>30;3-13>23;3-25>2;3-43>38;9-12>18;9-13>26;9-25>11;9-43>35;12-13>20;12-25>8;12-43>41;13-25>7;13-43>28;25-43>16,2:1 7:1 8:1 11:1 16:1 18:1 20:1 21:1 23:1 26:1 28:1 30:1 35:1 38:1 41:1,0,,0,1,,,,0,,,0
819,818,14 15 25 28 29 30,14-15>22;14-25>6;14-28>12;14-29>44;14-30>1;15-25>5;15-28>11;15-29>13;15-30>45;25-28>34;25-29>42;25-30>35;28-29>36;28-30>44;29-30>37,44:2 1:1 5:1 6:1 11:1 12:1 13:1 22:1 34:1 35:1 36:1 37:1 42:1 45:1,1,44,0,1,,,,0,,,0
820,819,16 25 33 38 40 45,16-25>43;16-33>20;16-38>30;16-40>19;16-45>29;25-33>26;25-38>21;25-40>10;25-45>20;33-38>13;33-40>14;33-45>9;38-40>9;38-45>4;40-45>5,9:2 20:2 4:1 5:1 10:1 13:1 14:1 19:1 21:1 26:1 29:1 30:1 43:1,2,9 20,0,0,,,,0,,,0
821,820,10 21 22 30 35 42,10-21>2;10-22>4;10-30>5;10-35>45;10-42>38;21-22>44;21-30>33;21-35>19;21-42>18;22-30>41;22-35>18;22-42>17;30-35>25;30-42>24;35-42>1,18:2 1:1 2:1 4:1 5:1 17:1 19:1 24:1 25:1 33:1 38:1 41:1 44:1 45:1,1,18,0,0,,,,0,,,0
822,821,1 12 13 24 29 44,1-12>29;1-13>22;1-24>2;1-29>12;1-44>33;12-13>20;12-24>6;12-29>1;12-44>40;13-24>5;13-29>15;13-44>42;24-29>34;24-44>19;29-44>14,1:1 2:1 5:1 6:1 12:1 14:1 15:1 19:1 20:1 22:1 29:1 33:1 34:1 40:1 42:1,0,,0,1,,,,0,,,0
823,822,9 18 20 24 27 36,9-18>12;9-20>1;9-24>39;9-27>15;9-36>42;18-20>34;18-24>36;18-27>45;18-36>24;20-24>37;20-27>31;20-36>22;24-27>33;24-36>18;27-36>30,1:1 12:1 15:1 18:1 22:1 24:1 30:1 31:1 33:1 34:1 36:1 37:1 39:1 42:1 45:1,0,,0,2,,,,0,,,0
824,823,12 18 24 26 39 40,12-18>9;12-24>6;12-26>10;12-39>45;12-40>44;18-24>36;18-26>37;18-39>30;18-40>17;24-26>40;24-39>9;24-40>26;26-39>22;26-40>24;39-40>2,9:2 2:1 6:1 10:1 17:1 22:1 24:1 26:1 30:1 36:1 37:1 40:1 44:1 45:1,1,9,0,1,,,,1,,,0
825,824,7 9 24 29 34 38,7-9>23;7-24>11;7-29>6;7-34>40;7-38>36;9-24>39;9-29>4;9-34>44;9-38>40;24-29>34;24-34>29;24-38>22;29-34>24;29-38>17;34-38>6,6:2 40:2 4:1 11:1 17:1 22:1 23:1 24:1 29:1 34:1 36:1 39:1 44:1,2,6 40,0,1,,,,0,,,0
826,825,8 15 21 31 33 38,8-15>19;8-21>4;8-31>45;8-33>43;8-38>23;15-21>12;15-31>44;15-33>42;15-38>37;21-31>26;21-33>30;21-38>25;31-33>2;31-38>12;33-38>13,12:2 2:1 4:1 13:1 19:1 23:1 25:1 26:1 30:1 37:1 42:1 43:1 44:1 45:1,1,12,0,1,,,,0,,,0
827,826,13 16 24 25 33 36,13-16>4;13-24>5;13-25>7;13-33>38;13-36>35;16-24>35;16-25>43;16-33>20;16-36>26;24-25>32;24-33>27;24-36>18;25-33>26;25-36>17;33-36>12,26:2 35:2 4:1 5:1 7:1 12:1 17:1 18:1 20:1 27:1 32:1 38:1 43:1,2,26 35,0,1,,,,0,,,0
828,827,5 11 12 29 33 44,5-11>23;5-12>16;5-29>8;5-33>37;5-44>41;11-12>19;11-29>2;11-33>34;11-44>38;12-29>1;12-33>36;12-44>40;29-33>22;29-44>14;33-44>1,1:2 2:1 8:1 14:1 16:1 19:1 22:1 23:1 34:1 36:1 37:1 38:1 40:1 41:1,1,1,0,1,,,,0,,,0
829,828,4 7 13 29 31 39,4-7>28;4-13>16;4-29>9;4-31>37;4-39>44;7-13>25;7-29>6;7-31>43;7-39>35;13-29>15;13-31>40;13-39>32;29-31>18;29-39>19;31-39>5,5:1 6:1 9:1 15:1 16:1 18:1 19:1 25:1 28:1 32:1 35:1 37:1 40:1 43:1 44:1,0,,0,2,,,,0,,,0
830,829,4 5 31 35 43 45,4-5>27;4-31>37;4-35>33;4-43>40;4-45>38;5-31>39;5-35>20;5-43>42;5-45>40;31-35>3;31-43>7;31-45>8;35-43>9;35-45>10;43-45>14,40:2 3:1 7:1 8:1 9:1 10:1 14:1 20:1 27:1 33:1 37:1 38:1 39:1 42:1,1,40,0,1,,,,0,,,0
831,830,5 6 16 18 37 38,5-6>28;5-16>12;5-18>1;5-37>33;5-38>32;6-16>11;6-18>15;6-37>35;6-38>34;16-18>32;16-37>28;16-38>30;18-37>26;18-38>28;37-38>15,28:3 15:2 32:2 1:1 11:1 12:1 26:1 30:1 33:1 34:1 35:1,3,28 15 32,0,1,28 15 32,,,0,0,,0
832,831,3 10 16 19 31 39,3-10>29;3-16>14;3-19>5;3-31>35;3-39>42;10-16>7;10-19>13;10-31>34;10-39>41;16-19>40;16-31>1;16-39>17;19-31>28;19-39>29;31-39>5,5:2 29:2 1:1 7:1 13:1 14:1 17:1 28:1 34:1 35:1 40:1 41:1 42:1,2,5 29,0,1,,,,0,,,0
833,832,13 14 19 26 40 43,13-14>21;13-19>10;13-26>9;13-40>31;13-43>28;14-19>9;14-26>8;14-40>33;14-43>45;19-26>45;19-40>16;19-43>22;26-40>24;26-43>30;40-43>4,9:2 45:2 4:1 8:1 10:1 16:1 21:1 22:1 24:1 28:1 30:1 31:1 33:1,2,9 45,0,0,,,,0,,,0
834,833,12 18 30 39 41 42,12-18>9;12-30>3;12-39>45;12-41>43;12-42>27;18-30>39;18-39>30;18-41>19;18-42>21;30-39>18;30-41>22;30-42>24;39-41>10;39-42>3;41-42>4,3:2 4:1 9:1 10:1 18:1 19:1 21:1 22:1 24:1 27:1 30:1 39:1 43:1 45:1,1,3,0,2,,,,0,,,0
835,834,6 8 18 35 42 43,6-8>22;6-18>15;6-35>37;6-42>45;6-43>44;8-18>13;8-35>41;8-42>34;8-43>33;18-35>22;18-42>21;18-43>23;35-42>1;35-43>9;42-43>5,22:2 1:1 5:1 9:1 13:1 15:1 21:1 23:1 33:1 34:1 37:1 41:1 44:1 45:1,1,22,0,0,,,,0,,,0
836,835,9 10 13 28 38 45,9-10>17;9-13>26;9-28>2;9-38>40;9-45>33;10-13>19;10-28>1;10-38>42;10-45>35;13-28>43;13-38>33;13-45>41;28-38>18;28-45>17;38-45>4,17:2 33:2 1:1 2:1 4:1 18:1 19:1 26:1 35:1 40:1 41:1 42:1 43:1,2,17 33,0,2,,,,0,,,0
837,836,1 9 11 14 26 28,1-9>20;1-11>21;1-14>30;1-26>6;1-28>10;9-11>25;9-14>19;9-26>13;9-28>2;11-14>20;11-26>41;11-28>15;14-26>8;14-28>12;26-28>42,20:2 2:1 6:1 8:1 10:1 12:1 13:1 15:1 19:1 21:1 25:1 30:1 41:1 42:1,1,20,0,1,,,,0,,,0
838,837,2 25 28 30 33 45,2-25>3;2-28>9;2-30>13;2-33>31;2-45>34;25-28>34;25-30>35;25-33>26;25-45>20;28-30>44;28-33>23;28-45>17;30-33>21;30-45>15;33-45>9,9:2 34:2 3:1 13:1 15:1 17:1 20:1 21:1 23:1 26:1 31:1 35:1 44:1,2,9 34,0,1,,,,1,,,0
839,838,9 14 17 33 36 38,9-14>19;9-17>10;9-33>45;9-36>42;9-38>40;14-17>5;14-33>40;14-36>37;14-38>35;17-33>19;17-36>25;17-38>29;33-36>12;33-38>13;36-38>7,19:2 40:2 5:1 7:1 10:1 12:1 13:1 25:1 29:1 35:1 37:1 42:1 45:1,2,19 40,0,1,,,,1,,,0
840,839,3 9 11 12 13 19,3-9>21;3-11>22;3-12>30;3-13>23;3-19>5;9-11>25;9-12>18;9-13>26;9-19>14;11-12>19;11-13>27;11-19>12;12-13>20;12-19>11;13-19>10,5:1 10:1 11:1 12:1 14:1 18:1 19:1 20:1 21:1 22:1 23:1 25:1 26:1 27:1 30:1,0,,0,1,,,,0,,,0
841,840,2 4 11 28 29 43,2-4>18;2-11>29;2-28>9;2-29>11;2-43>36;4-11>30;4-28>7;4-29>9;4-43>40;11-28>15;11-29>2;11-43>39;28-29>36;28-43>13;29-43>27,9:2 36:2 2:1 7:1 11:1 13:1 15:1 18:1 27:1 29:1 30:1 39:1 40:1,2,9 36,0,1,,,,0,,,0
842,841,5 11 14 30 33 38,5-11>23;5-14>17;5-30>10;5-33>37;5-38>32;11-14>20;11-30>4;11-33>34;11-38>44;14-30>1;14-33>40;14-38>35;30-33>21;30-38>16;33-38>13,1:1 4:1 10:1 13:1 16:1 17:1 20:1 21:1 23:1 32:1 34:1 35:1 37:1 40:1 44:1,0,,0,1,,,,0,,,0
843,842,14 26 32 36 39 42,14-26>8;14-32>41;14-36>37;14-39>34;14-42>31;26-32>23;26-36>16;26-39>22;26-42>28;32-36>4;32-39>13;32-42>7;36-39>15;36-42>9;39-42>3,3:1 4:1 7:1 8:1 9:1 13:1 15:1 16:1 22:1 23:1 28:1 31:1 34:1 37:1 41:1,0,,0,1,,,,0,,,0
844,843,19 21 30 33 34 42,19-21>35;19-30>32;19-33>17;19-34>4;19-42>20;21-30>33;21-33>30;21-34>17;21-42>18;30-33>21;30-34>23;30-42>24;33-34>11;33-42>15;34-42>8,17:2 4:1 8:1 11:1 15:1 18:1 20:1 21:1 23:1 24:1 30:1 32:1 33:1 35:1,1,17,0,1,,,,0,,,0
845,844,7 8 13 15 33 45,7-8>30;7-13>25;7-15>26;7-33>41;7-45>44;8-13>18;8-15>19;8-33>43;8-45>31;13-15>29;13-33>38;13-45>41;15-33>42;15-45>30;33-45>9,30:2 41:2 9:1 18:1 19:1 25:1 26:1 29:1 31:1 38:1 42:1 43:1 44:1,2,30 41,0,2,,,,0,,,0
846,845,1 16 29 33 40 45,1-16>31;1-29>12;1-33>44;1-40>37;1-45>32;16-29>45;16-33>20;16-40>19;16-45>29;29-33>22;29-40>21;29-45>16;33-40>14;33-45>9;40-45>5,5:1 9:1 12:1 14:1 16:1 19:1 20:1 21:1 22:1 29:1 31:1 32:1 37:1 44:1 45:1,0,,0,1,,,,0,,,0
847,846,5 18 30 41 43 45,5-18>1;5-30>10;5-41>44;5-43>42;5-45>40;18-30>39;18-41>19;18-43>23;18-45>27;30-41>22;30-43>26;30-45>15;41-43>12;41-45>13;43-45>14,1:1 10:1 12:1 13:1 14:1 15:1 19:1 22:1 23:1 26:1 27:1 39:1 40:1 42:1 44:1,0,,0,1,,,,0,,,0
848,847,12 16 26 28 30 42,12-16>5;12-26>10;12-28>14;12-30>3;12-42>27;16-26>36;16-28>37;16-30>38;16-42>23;26-28>42;26-30>43;26-42>28;28-30>44;28-42>26;30-42>24,3:1 5:1 10:1 14:1 23:1 24:1 26:1 27:1 28:1 36:1 37:1 38:1 42:1 43:1 44:1,0,,0,1,,,,0,,,0
849,848,1 2 16 22 38 39,1-2>24;1-16>31;1-22>13;1-38>39;1-39>38;2-16>15;2-22>12;2-38>41;2-39>40;16-22>34;16-38>30;16-39>17;22-38>24;22-39>26;38-39>1,24:2 1:1 12:1 13:1 15:1 17:1 26:1 30:1 31:1 34:1 38:1 39:1 40:1 41:1,1,24,0,1,,,,0,,,0
850,849,5 13 17 29 34 39,5-13>24;5-17>14;5-29>8;5-34>36;5-39>31;13-17>6;13-29>15;13-34>37;13-39>32;17-29>38;17-34>21;17-39>16;29-34>24;29-39>19;34-39>14,14:2 24:2 6:1 8:1 15:1 16:1 19:1 21:1 31:1 32:1 36:1 37:1 38:1,2,14 24,0,1,,,,1,,,0
851,850,16 20 24 28 36 39,16-20>33;16-24>35;16-28>37;16-36>26;16-39>17;20-24>37;20-28>39;20-36>22;20-39>28;24-28>41;24-36>18;24-39>9;28-36>29;28-39>20;36-39>15,37:2 9:1 15:1 17:1 18:1 20:1 22:1 26:1 28:1 29:1 33:1 35:1 39:1 41:1,1,37,0,0,,,,0,,,0
852,851,14 18 22 26 31 44,14-18>7;14-22>15;14-26>8;14-31>42;14-44>29;18-22>35;18-26>37;18-31>29;18-44>25;22-26>39;22-31>25;22-44>21;26-31>21;26-44>17;31-44>15,15:2 21:2 25:2 29:2 7:1 8:1 17:1 35:1 37:1 39:1 42:1,4,15 21 25 29,0,0,15 21 25,,29,0,0,,0
853,852,11 17 28 30 33 35,11-17>8;11-28>15;11-30>4;11-33>34;11-35>32;17-28>45;17-30>31;17-33>19;17-35>23;28-30>44;28-33>23;28-35>27;30-33>21;30-35>25;33-35>4,4:2 23:2 8:1 15:1 19:1 21:1 25:1 27:1 31:1 32:1 34:1 44:1 45:1,2,4 23,0,0,,,,1,,,0
854,853,2 8 23 26 27 44,2-8>20;2-23>14;2-26>5;2-27>7;2-44>35;8-23>38;8-26>14;8-27>1;8-44>32;23-26>32;23-27>40;23-44>20;26-27>34;26-44>17;27-44>16,14:2 20:2 32:2 1:1 5:1 7:1 16:1 17:1 34:1 35:1 38:1 40:1,3,14 20 32,0,0,14 20 32,,,2,2,,0
855,854,20 25 31 32 36 43,20-25>45;20-31>27;20-32>29;20-36>22;20-43>21;25-31>22;25-32>24;25-36>17;25-43>16;31-32>9;31-36>11;31-43>7;32-36>4;32-43>15;36-43>2,22:2 2:1 4:1 7:1 9:1 11:1 15:1 16:1 17:1 21:1 24:1 27:1 29:1 45:1,1,22,0,1,,,,0,,,0
856,855,8 15 17 19 43 44,8-15>19;8-17>11;8-19>15;8-43>33;8-44>32;15-17>4;15-19>8;15-43>32;15-44>31;17-19>33;17-43>24;17-44>26;19-43>22;19-44>24;43-44>6,24:2 32:2 33:2 4:1 6:1 8:1 11:1 15:1 19:1 22:1 26:1 31:1,3,24 32 33,0,2,24 32 33,,,1,1,,0
857,856,10 24 40 41 43 44,10-24>8;10-40>25;10-41>39;10-43>37;10-44>36;24-40>26;24-41>28;24-43>17;24-44>19;40-41>3;40-43>4;40-44>12;41-43>12;41-44>5;43-44>6,12:2 3:1 4:1 5:1 6:1 8:1 17:1 19:1 25:1 26:1 28:1 36:1 37:1 39:1,1,12,0,1,,,,0,,,0
858,857,6 10 16 28 34 38,6-10>23;6-16>11;6-28>5;6-34>38;6-38>34;10-16>7;10-28>1;10-34>31;10-38>42;16-28>37;16-34>22;16-38>30;28-34>25;28-38>18;34-38>6,1:1 5:1 6:1 7:1 11:1 18:1 22:1 23:1 25:1 30:1 31:1 34:1 37:1 38:1 42:1,0,,0,1,,,,0,,,0
859,858,9 13 32 38 39 43,9-13>26;9-32>31;9-38>40;9-39>24;9-43>35;13-32>39;13-38>33;13-39>32;13-43>28;32-38>5;32-39>13;32-43>15;38-39>1;38-43>3;39-43>11,1:1 3:1 5:1 11:1 13:1 15:1 24:1 26:1 28:1 31:1 32:1 33:1 35:1 39:1 40:1,0,,0,2,,,,0,,,0
860,859,8 22 35 38 39 41,8-22>6;8-35>41;8-38>23;8-39>37;8-41>35;22-35>18;22-38>24;22-39>26;22-41>30;35-38>14;35-39>7;35-41>8;38-39>1;38-41>2;39-41>10,1:1 2:1 6:1 7:1 8:1 10:1 14:1 18:1 23:1 24:1 26:1 30:1 35:1 37:1 41:1,0,,0,1,,,,0,,,0
861,860,4 8 18 25 27 32,4-8>21;4-18>2;4-25>1;4-27>5;4-32>36;8-18>13;8-25>12;8-27>1;8-32>44;18-25>44;18-27>45;18-32>16;25-27>41;25-32>24;27-32>22,1:2 44:2 2:1 5:1 12:1 13:1 16:1 21:1 22:1 24:1 36:1 41:1 45:1,2,1 44,0,1,,,,0,,,0
862,861,11 17 19 21 22 25,11-17>8;11-19>12;11-21>1;11-22>3;11-25>9;17-19>33;17-21>34;17-22>42;17-25>36;19-21>35;19-22>43;19-25>37;21-22>44;21-25>38;22-25>31,1:1 3:1 8:1 9:1 12:1 31:1 33:1 34:1 35:1 36:1 37:1 38:1 42:1 43:1 44:1,0,,0,0,,,,0,,,0
863,862,10 34 38 40 42 43,10-34>31;10-38>42;10-40>25;10-42>38;10-43>37;34-38>6;34-40>7;34-42>8;34-43>1;38-40>9;38-42>10;38-43>3;40-42>11;40-43>4;42-43>5,1:1 3:1 4:1 5:1 6:1 7:1 8:1 9:1 10:1 11:1 25:1 31:1 37:1 38:1 42:1,0,,0,1,,,,0,,,0
864,863,16 21 28 35 39 43,16-21>41;16-28>37;16-35>24;16-39>17;16-43>25;21-28>32;21-35>19;21-39>27;21-43>20;28-35>27;28-39>20;28-43>13;35-39>7;35-43>9;39-43>11,20:2 27:2 7:1 9:1 11:1 13:1 17:1 19:1 24:1 25:1 32:1 37:1 41:1,2,20 27,0,0,,,,0,,,0
865,864,3 7 10 13 25 36,3-7>20;3-10>29;3-13>23;3-25>2;3-36>45;7-10>16;7-13>25;7-25>13;7-36>38;10-13>19;10-25>40;10-36>44;13-25>7;13-36>35;25-36>17,2:1 7:1 13:1 16:1 17:1 19:1 20:1 23:1 25:1 29:1 35:1 38:1 40:1 44:1 45:1,0,,0,1,,,,0,,,0
866,865,3 15 22 32 33 45,3-15>24;3-22>11;3-32>34;3-33>18;3-45>36;15-22>14;15-32>43;15-33>42;15-45>30;22-32>27;22-33>29;22-45>23;32-33>10;32-45>1;33-45>9,1:1 9:1 10:1 11:1 14:1 18:1 23:1 24:1 27:1 29:1 30:1 34:1 36:1 42:1 43:1,0,,0,1,,,,0,,,0
867,866,9 15 29 34 37 39,9-15>27;9-29>4;9-34>44;9-37>41;9-39>24;15-29>13;15-34>41;15-37>38;15-39>36;29-34>24;29-37>30;29-39>19;34-37>13;34-39>14;37-39>8,13:2 24:2 41:2 4:1 8:1 14:1 19:1 27:1 30:1 36:1 38:1 44:1,3,13 24 41,0,0,13 24 41,,,1,1,,0
868,867,14 17 19 22 24 40,14-17>5;14-19>9;14-22>15;14-24>4;14-40>33;17-19>33;17-22>42;17-24>43;17-40>18;19-22>43;19-24>44;19-40>16;22-24>38;22-40>28;24-40>26,33:2 43:2 4:1 5:1 9:1 15:1 16:1 18:1 26:1 28:1 38:1 42:1 44:1,2,33 43,0,1,,,,1,,,0
869,868,12 17 28 41 43 44,12-17>7;12-28>14;12-41>43;12-43>41;12-44>40;17-28>45;17-41>20;17-43>24;17-44>26;28-41>24;28-43>13;28-44>30;41-43>12;41-44>5;43-44>6,24:2 5:1 6:1 7:1 12:1 13:1 14:1 20:1 26:1 30:1 40:1 41:1 43:1 45:1,1,24,0,0,,,,0,,,0
870,869,2 6 20 27 37 39,2-6>19;2-20>8;2-27>7;2-37>42;2-39>40;6-20>4;6-27>3;6-37>35;6-39>33;20-27>31;20-37>24;20-39>28;27-37>17;27-39>21;37-39>8,8:2 3:1 4:1 7:1 17:1 19:1 21:1 24:1 28:1 31:1 33:1 35:1 40:1 42:1,1,8,0,0,,,,0,,,0
871,870,21 25 30 32 40 42,21-25>38;21-30>33;21-32>28;21-40>29;21-42>18;25-30>35;25-32>24;25-40>10;25-42>29;30-32>19;30-40>20;30-42>24;32-40>6;32-42>7;40-42>11,24:2 29:2 6:1 7:1 10:1 11:1 18:1 19:1 20:1 28:1 33:1 35:1 38:1,2,24 29,0,1,,,,0,,,0
872,871,2 6 12 26 30 34,2-6>19;2-12>22;2-26>5;2-30>13;2-34>45;6-12>24;6-26>1;6-30>9;6-34>38;12-26>10;12-30>3;12-34>35;26-30>43;26-34>27;30-34>23,1:1 3:1 5:1 9:1 10:1 13:1 19:1 22:1 23:1 24:1 27:1 35:1 38:1 43:1 45:1,0,,0,2,,,,0,,,0
873,872,2 4 30 32 33 43,2-4>18;2-30>13;2-32>17;2-33>31;2-43>36;4-30>11;4-32>36;4-33>35;4-43>40;30-32>19;30-33>21;30-43>26;32-33>10;32-43>15;33-43>8,36:2 8:1 10:1 11:1 13:1 15:1 17:1 18:1 19:1 21:1 26:1 31:1 35:1 40:1,1,36,0,1,,,,0,,,0
874,873,3 5 12 13 33 39,3-5>19;3-12>30;3-13>23;3-33>18;3-39>42;5-12>16;5-13>24;5-33>37;5-39>31;12-13>20;12-33>36;12-39>45;13-33>38;13-39>32;33-39>6,6:1 16:1 18:1 19:1 20:1 23:1 24:1 30:1 31:1 32:1 36:1 37:1 38:1 42:1 45:1,0,,0,0,,,,0,,,0
875,874,1 15 19 23 28 42,1-15>23;1-19>7;1-23>15;1-28>10;1-42>35;15-19>8;15-23>1;15-28>11;15-42>33;19-23>36;19-28>31;19-42>20;23-28>33;23-42>16;28-42>26,33:2 1:1 7:1 8:1 10:1 11:1 15:1 16:1 20:1 23:1 26:1 31:1 35:1 36:1,1,33,0,1,,,,0,,,0
876,875,19 22 30 34 39 44,19-22>43;19-30>32;19-34>4;19-39>29;19-44>24;22-30>41;22-34>16;22-39>26;22-44>21;30-34>23;30-39>18;30-44>28;34-39>14;34-44>9;39-44>4,4:2 9:1 14:1 16:1 18:1 21:1 23:1 24:1 26:1 28:1 29:1 32:1 41:1 43:1,1,4,0,1,,,,0,,,0
877,876,5 16 21 26 34 42,5-16>12;5-21>7;5-26>2;5-34>36;5-42>43;16-21>41;16-26>36;16-34>22;16-42>23;21-26>31;21-34>17;21-42>18;26-34>27;26-42>28;34-42>8,36:2 2:1 7:1 8:1 12:1 17:1 18:1 22:1 23:1 27:1 28:1 31:1 41:1 43:1,1,36,0,1,,,,0,,,0
878,877,5 17 18 22 23 43,5-17>14;5-18>1;5-22>9;5-23>11;5-43>42;17-18>40;17-22>42;17-23>35;17-43>24;18-22>35;18-23>43;18-43>23;22-23>45;22-43>19;23-43>18,35:2 42:2 1:1 9:1 11:1 14:1 18:1 19:1 23:1 24:1 40:1 43:1 45:1,2,35 42,0,0,,,,0,,,0
879,878,2 6 11 16 25 31,2-6>19;2-11>29;2-16>15;2-25>3;2-31>33;6-11>16;6-16>11;6-25>14;6-31>41;11-16>6;11-25>9;11-31>36;16-25>43;16-31>1;25-31>22,1:1 3:1 6:1 9:1 11:1 14:1 15:1 16:1 19:1 22:1 29:1 33:1 36:1 41:1 43:1,0,,0,0,,,,0,,,0
880,879,1 4 10 14 15 35,1-4>25;1-10>28;1-14>30;1-15>23;1-35>42;4-10>22;4-14>24;4-15>17;4-35>33;10-14>27;10-15>20;10-35>45;14-15>22;14-35>38;15-35>40,22:2 17:1 20:1 23:1 24:1 25:1 27:1 28:1 30:1 33:1 38:1 40:1 42:1 45:1,1,22,0,0,,,,0,,,0
881,880,7 17 19 23 24 45,7-17>12;7-19>1;7-23>9;7-24>11;7-45>44;17-19>33;17-23>35;17-24>43;17-45>28;19-23>36;19-24>44;19-45>26;23-24>31;23-45>22;24-45>21,44:2 1:1 9:1 11:1 12:1 21:1 22:1 26:1 28:1 31:1 33:1 35:1 36:1 43:1,1,44,0,0,,,,0,,,0
882,881,4 18 20 26 27 32,4-18>2;4-20>6;4-26>3;4-27>5;4-32>36;18-20>34;18-26>37;18-27>45;18-32>16;20-26>38;20-27>31;20-32>29;26-27>34;26-32>23;27-32>22,34:2 2:1 3:1 5:1 6:1 16:1 22:1 23:1 29:1 31:1 36:1 37:1 38:1 45:1,1,34,0,1,,,,1,,,0
883,882,18 34 39 43 44 45,18-34>20;18-39>30;18-43>23;18-44>25;18-45>27;34-39>14;34-43>1;34-44>9;34-45>2;39-43>11;39-44>4;39-45>12;43-44>6;43-45>14;44-45>7,14:2 1:1 2:1 4:1 6:1 7:1 9:1 11:1 12:1 20:1 23:1 25:1 27:1 30:1,1,14,0,2,,,,0,,,0
884,883,9 18 32 33 37 44,9-18>12;9-32>31;9-33>45;9-37>41;9-44>34;18-32>16;18-33>3;18-37>26;18-44>25;32-33>10;32-37>12;32-44>8;33-37>5;33-44>1;37-44>3,3:2 12:2 1:1 5:1 8:1 10:1 16:1 25:1 26:1 31:1 34:1 41:1 45:1,2,3 12,0,1,,,,0,,,0
885,884,4 14 23 28 37 45,4-14>24;4-23>12;4-28>7;4-37>31;4-45>38;14-23>2;14-28>12;14-37>36;14-45>43;23-28>33;23-37>21;23-45>22;28-37>16;28-45>17;37-45>11,12:2 2:1 7:1 11:1 16:1 17:1 21:1 22:1 24:1 31:1 33:1 36:1 38:1 43:1,1,12,0,1,,,,0,,,0
886,885,1 3 24 27 39 45,1-3>17;1-24>2;1-27>8;1-39>38;1-45>32;3-24>15;3-27>6;3-39>42;3-45>36;24-27>33;24-39>9;24-45>21;27-39>21;27-45>18;39-45>12,21:2 2:1 6:1 8:1 9:1 12:1 15:1 17:1 18:1 32:1 33:1 36:1 38:1 42:1,1,21,0,1,,,,0,,,0
887,886,19 23 28 37 42 45,19-23>36;19-28>31;19-37>25;19-42>20;19-45>26;23-28>33;23-37>21;23-42>16;23-45>22;28-37>16;28-42>26;28-45>17;37-42>2;37-45>11;42-45>6,16:2 26:2 2:1 6:1 11:1 17:1 20:1 21:1 22:1 25:1 31:1 33:1 36:1,2,16 26,0,1,,,,0,,,0
888,887,8 14 17 27 36 45,8-14>26;8-17>11;8-27>1;8-36>40;8-45>31;14-17>5;14-27>10;14-36>37;14-45>43;17-27>37;17-36>25;17-45>28;27-36>30;27-45>18;36-45>3,37:2 1:1 3:1 5:1 10:1 11:1 18:1 25:1 26:1 28:1 30:1 31:1 40:1 43:1,1,37,0,0,,,,0,,,0
889,888,3 7 12 31 34 38,3-7>20;3-12>30;3-31>35;3-34>32;3-38>43;7-12>17;7-31>43;7-34>40;7-38>36;12-31>38;12-34>35;12-38>31;31-34>10;31-38>12;34-38>6,35:2 43:2 6:1 10:1 12:1 17:1 20:1 30:1 31:1 32:1 36:1 38:1 40:1,2,35 43,0,2,,,,0,,,0
890,889,3 13 29 38 39 42,3-13>23;3-29>10;3-38>43;3-39>42;3-42>39;13-29>15;13-38>33;13-39>32;13-42>44;29-38>17;29-39>19;29-42>25;38-39>1;38-42>10;39-42>3,10:2 1:1 3:1 15:1 17:1 19:1 23:1 25:1 32:1 33:1 39:1 42:1 43:1 44:1,1,10,0,1,,,,0,,,0
891,890,1 4 14 18 29 37,1-4>25;1-14>30;1-18>5;1-29>12;1-37>40;4-14>24;4-18>2;4-29>9;4-37>31;14-18>7;14-29>44;14-37>36;18-29>31;18-37>26;29-37>30,30:2 31:2 2:1 5:1 7:1 9:1 12:1 24:1 25:1 26:1 36:1 40:1 44:1,2,30 31,0,0,,,,1,,,0
892,891,9 13 28 31 39 41,9-13>26;9-28>2;9-31>32;9-39>24;9-41>37;13-28>43;13-31>40;13-39>32;13-41>45;28-31>19;28-39>20;28-41>24;31-39>5;31-41>6;39-41>10,24:2 32:2 2:1 5:1 6:1 10:1 19:1 20:1 26:1 37:1 40:1 43:1 45:1,2,24 32,0,1,,,,0,,,0
893,892,4 9 17 18 26 42,4-9>29;4-17>15;4-18>2;4-26>3;4-42>41;9-17>10;9-18>12;9-26>13;9-42>36;17-18>40;17-26>44;17-42>22;18-26>37;18-42>21;26-42>28,2:1 3:1 10:1 12:1 13:1 15:1 21:1 22:1 28:1 29:1 36:1 37:1 40:1 41:1 44:1,0,,0,1,,,,0,,,0
894,893,1 15 17 23 25 41,1-15>23;1-17>3;1-23>15;1-25>4;1-41>36;15-17>4;15-23>1;15-25>5;15-41>34;17-23>35;17-25>36;17-41>20;23-25>39;23-41>29;25-41>27,4:2 36:2 1:1 3:1 5:1 15:1 20:1 23:1 27:1 29:1 34:1 35:1 39:1,2,4 36,0,1,,,,0,,,0
895,894,19 32 37 40 41 43,19-32>30;19-37>25;19-40>16;19-41>18;19-43>22;32-37>12;32-40>6;32-41>14;32-43>15;37-40>1;37-41>9;37-43>10;40-41>3;40-43>4;41-43>12,12:2 1:1 3:1 4:1 6:1 9:1 10:1 14:1 15:1 16:1 18:1 22:1 25:1 30:1,1,12,0,1,,,,0,,,0
896,895,16 26 31 38 39 41,16-26>36;16-31>1;16-38>30;16-39>17;16-41>21;26-31>21;26-38>20;26-39>22;26-41>11;31-38>12;31-39>5;31-41>6;38-39>1;38-41>2;39-41>10,1:2 21:2 2:1 5:1 6:1 10:1 11:1 12:1 17:1 20:1 22:1 30:1 36:1,2,1 21,0,2,,,,0,,,0
897,896,5 12 25 26 38 45,5-12>16;5-25>15;5-26>2;5-38>32;5-45>40;12-25>8;12-26>10;12-38>31;12-45>39;25-26>33;25-38>21;25-45>20;26-38>20;26-45>19;38-45>4,20:2 2:1 4:1 8:1 10:1 15:1 16:1 19:1 21:1 31:1 32:1 33:1 39:1 40:1,1,20,0,2,,,,0,,,0
898,897,6 7 12 22 26 36,6-7>29;6-12>24;6-22>8;6-26>1;6-36>21;7-12>17;7-22>37;7-26>15;7-36>38;12-22>2;12-26>10;12-36>33;22-26>39;22-36>20;26-36>16,1:1 2:1 8:1 10:1 15:1 16:1 17:1 20:1 21:1 24:1 29:1 33:1 37:1 38:1 39:1,0,,0,0,,,,0,,,0
899,898,18 21 28 35 37 42,18-21>42;18-28>38;18-35>22;18-37>26;18-42>21;21-28>32;21-35>19;21-37>23;21-42>18;28-35>27;28-37>16;28-42>26;35-37>6;35-42>1;37-42>2,26:2 1:1 2:1 6:1 16:1 18:1 19:1 21:1 22:1 23:1 27:1 32:1 38:1 42:1,1,26,0,1,,,,0,,,0
900,899,8 19 20 21 33 39,8-19>15;8-20>2;8-21>4;8-33>43;8-39>37;19-20>42;19-21>35;19-33>17;19-39>29;20-21>43;20-33>16;20-39>28;21-33>30;21-39>27;33-39>6,43:2 2:1 4:1 6:1 15:1 16:1 17:1 27:1 28:1 29:1 30:1 35:1 37:1 42:1,1,43,0,0,,,,0,,,0
901,900,7 13 16 18 35 38,7-13>25;7-16>10;7-18>14;7-35>39;7-38>36;13-16>4;13-18>8;13-35>36;13-38>33;16-18>32;16-35>24;16-38>30;18-35>22;18-38>28;35-38>14,14:2 36:2 4:1 8:1 10:1 22:1 24:1 25:1 28:1 30:1 32:1 33:1 39:1,2,14 36,0,1,,,,0,,,0
902,901,5 18 20 23 30 34,5-18>1;5-20>35;5-23>11;5-30>10;5-34>36;18-20>34;18-23>43;18-30>39;18-34>20;20-23>44;20-30>40;20-34>18;23-30>34;23-34>30;30-34>23,34:2 1:1 10:1 11:1 18:1 20:1 23:1 30:1 35:1 36:1 39:1 40:1 43:1 44:1,1,34,1,1,,,,0,,,0
903,902,7 19 23 24 36 39,7-19>1;7-23>9;7-24>11;7-36>38;7-39>35;19-23>36;19-24>44;19-36>23;19-39>29;23-24>31;23-36>19;23-39>25;24-36>18;24-39>9;36-39>15,9:2 1:1 11:1 15:1 18:1 19:1 23:1 25:1 29:1 31:1 35:1 36:1 38:1 44:1,1,9,0,0,,,,0,,,0
904,903,2 15 16 21 22 28,2-15>16;2-16>15;2-21>10;2-22>12;2-28>9;15-16>2;15-21>12;15-22>14;15-28>11;16-21>41;16-22>34;16-28>37;21-22>44;21-28>32;22-28>40,12:2 2:1 9:1 10:1 11:1 14:1 15:1 16:1 32:1 34:1 37:1 40:1 41:1 44:1,1,12,0,1,,,,0,,,0
905,904,2 6 8 26 43 45,2-6>19;2-8>20;2-26>5;2-43>36;2-45>34;6-8>22;6-26>1;6-43>44;6-45>42;8-26>14;8-43>33;8-45>31;26-43>30;26-45>19;43-45>14,14:2 19:2 1:1 5:1 20:1 22:1 30:1 31:1 33:1 34:1 36:1 42:1 44:1,2,14 19,0,0,,,,0,,,0
906,905,3 4 16 27 38 40,3-4>26;3-16>14;3-27>6;3-38>43;3-40>41;4-16>13;4-27>5;4-38>45;4-40>43;16-27>44;16-38>30;16-40>19;27-38>19;27-40>23;38-40>9,19:2 43:2 5:1 6:1 9:1 13:1 14:1 23:1 26:1 30:1 41:1 44:1 45:1,2,19 43,0,0,,,,0,,,0
907,906,2 5 14 28 31 32,2-5>26;2-14>23;2-28>9;2-31>33;2-32>17;5-14>17;5-28>6;5-31>39;5-32>38;14-28>12;14-31>42;14-32>41;28-31>19;28-32>21;31-32>9,9:2 17:2 6:1 12:1 19:1 21:1 23:1 26:1 33:1 38:1 39:1 41:1 42:1,2,9 17,0,0,,,,0,,,0
908,907,21 27 29 38 40 44,21-27>39;21-29>40;21-38>25;21-40>29;21-44>22;27-29>43;27-38>19;27-40>23;27-44>16;29-38>17;29-40>21;29-44>14;38-40>9;38-44>11;40-44>12,9:1 11:1 12:1 14:1 16:1 17:1 19:1 21:1 22:1 23:1 25:1 29:1 39:1 40:1 43:1,0,,0,2,,,,0,,,0
909,908,3 16 21 22 23 44,3-16>14;3-21>9;3-22>11;3-23>13;3-44>37;16-21>41;16-22>34;16-23>42;16-44>27;21-22>44;21-23>37;21-44>22;22-23>45;22-44>21;23-44>20,37:2 9:1 11:1 13:1 14:1 20:1 21:1 22:1 27:1 34:1 41:1 42:1 44:1 45:1,1,37,0,0,,,,0,,,0
910,909,7 24 29 30 34 35,7-24>11;7-29>6;7-30>8;7-34>40;7-35>39;24-29>34;24-30>42;24-34>29;24-35>16;29-30>37;29-34>24;29-35>26;30-34>23;30-35>25;34-35>12,6:1 8:1 11:1 12:1 16:1 23:1 24:1 25:1 26:1 29:1 34:1 37:1 39:1 40:1 42:1,0,,0,1,,,,0,,,0
911,910,1 11 17 27 35 39,1-11>21;1-17>3;1-27>8;1-35>42;1-39>38;11-17>8;11-27>13;11-35>32;11-39>43;17-27>37;17-35>23;17-39>16;27-35>28;27-39>21;35-39>7,8:2 21:2 3:1 7:1 13:1 16:1 23:1 28:1 32:1 37:1 38:1 42:1 43:1,2,8 21,0,0,,,,0,,,0
912,911,4 5 12 14 32 42,4-5>27;4-12>23;4-14>24;4-32>36;4-42>41;5-12>16;5-14>17;5-32>38;5-42>43;12-14>28;12-32>37;12-42>27;14-32>41;14-42>31;32-42>7,27:2 41:2 7:1 16:1 17:1 23:1 24:1 28:1 31:1 36:1 37:1 38:1 43:1,2,27 41,0,1,,,,0,,,0
913,912,5 8 18 21 22 38,5-8>29;5-18>1;5-21>7;5-22>9;5-38>32;8-18>13;8-21>4;8-22>6;8-38>23;18-21>42;18-22>35;18-38>28;21-22>44;21-38>25;22-38>24,1:1 4:1 6:1 7:1 9:1 13:1 23:1 24:1 25:1 28:1 29:1 32:1 35:1 42:1 44:1,0,,0,1,,,,0,,,0
914,913,6 14 16 21 27 37,6-14>25;6-16>11;6-21>36;6-27>3;6-37>35;14-16>3;14-21>13;14-27>10;14-37>36;16-21>41;16-27>44;16-37>28;21-27>39;21-37>23;27-37>17,3:2 36:2 10:1 11:1 13:1 17:1 23:1 25:1 28:1 35:1 39:1 41:1 44:1,2,3 36,0,1,,,,0,,,0
915,914,16 19 24 33 42 44,16-19>40;16-24>35;16-33>20;16-42>23;16-44>27;19-24>44;19-33>17;19-42>20;19-44>24;24-33>27;24-42>30;24-44>19;33-42>15;33-44>1;42-44>13,20:2 27:2 1:1 13:1 15:1 17:1 19:1 23:1 24:1 30:1 35:1 40:1 44:1,2,20 27,0,0,,,,0,,,0
916,915,2 6 11 13 22 37,2-6>19;2-11>29;2-13>30;2-22>12;2-37>42;6-11>16;6-13>17;6-22>8;6-37>35;11-13>27;11-22>3;11-37>45;13-22>1;13-37>34;22-37>7,1:1 3:1 7:1 8:1 12:1 16:1 17:1 19:1 27:1 29:1 30:1 34:1 35:1 42:1 45:1,0,,0,2,,,,0,,,0
917,916,6 21 22 32 35 36,6-21>36;6-22>8;6-32>40;6-35>37;6-36>21;21-22>44;21-32>28;21-35>19;21-36>6;22-32>27;22-35>18;22-36>20;32-35>11;32-36>4;35-36>13,4:1 6:1 8:1 11:1 13:1 18:1 19:1 20:1 21:1 27:1 28:1 36:1 37:1 40:1 44:1,0,,0,0,,,,0,,,0
918,917,1 3 23 24 27 43,1-3>17;1-23>15;1-24>2;1-27>8;1-43>34;3-23>13;3-24>15;3-27>6;3-43>38;23-24>31;23-27>40;23-43>18;24-27>33;24-43>17;27-43>29,15:2 17:2 2:1 6:1 8:1 13:1 18:1 29:1 31:1 33:1 34:1 38:1 40:1,2,15 17,0,0,,,,0,,,0
919,918,7 11 12 31 33 38,7-11>24;7-12>17;7-31>43;7-33>41;7-38>36;11-12>19;11-31>36;11-33>34;11-38>44;12-31>38;12-33>36;12-38>31;31-33>2;31-38>12;33-38>13,36:3 2:1 12:1 13:1 17:1 19:1 24:1 31:1 34:1 38:1 41:1 43:1 44:1,1,36,0,0,,,,0,,,0
920,919,9 14 17 18 42 44,9-14>19;9-17>10;9-18>12;9-42>36;9-44>34;14-17>5;14-18>7;14-42>31;14-44>29;17-18>40;17-42>22;17-44>26;18-42>21;18-44>25;42-44>13,5:1 7:1 10:1 12:1 13:1 19:1 21:1 22:1 25:1 26:1 29:1 31:1 34:1 36:1 40:1,0,,0,0,,,,0,,,0
921,920,2 3 26 33 34 43,2-3>25;2-26>5;2-33>31;2-34>45;2-43>36;3-26>4;3-33>18;3-34>32;3-43>38;26-33>25;26-34>27;26-43>30;33-34>11;33-43>8;34-43>1,25:2 1:1 4:1 5:1 8:1 11:1 18:1 27:1 30:1 31:1 32:1 36:1 38:1 45:1,1,25,0,0,,,,0,,,0
922,921,5 7 12 22 28 41,5-7>21;5-12>16;5-22>9;5-28>6;5-41>44;7-12>17;7-22>37;7-28>4;7-41>33;12-22>2;12-28>14;12-41>43;22-28>40;22-41>30;28-41>24,2:1 4:1 6:1 9:1 14:1 16:1 17:1 21:1 24:1 30:1 33:1 37:1 40:1 43:1 44:1,0,,0,0,,,,0,,,0
923,922,2 6 13 17 27 43,2-6>19;2-13>30;2-17>32;2-27>7;2-43>36;6-13>17;6-17>13;6-27>3;6-43>44;13-17>6;13-27>11;13-43>28;17-27>37;17-43>24;27-43>29,3:1 6:1 7:1 11:1 13:1 17:1 19:1 24:1 28:1 29:1 30:1 32:1 36:1 37:1 44:1,0,,0,1,,,,0,,,0
924,923,3 17 18 23 36 41,3-17>1;3-18>33;3-23>13;3-36>45;3-41>40;17-18>40;17-23>35;17-36>25;17-41>20;18-23>43;18-36>24;18-41>19;23-36>19;23-41>29;36-41>1,1:2 19:2 40:2 13:1 20:1 24:1 25:1 29:1 33:1 35:1 43:1 45:1,3,1 19 40,0,1,1 19 40,,,0,0,,0
925,924,3 11 34 42 43 44,3-11>22;3-34>32;3-42>39;3-43>38;3-44>37;11-34>33;11-42>40;11-43>39;11-44>38;34-42>8;34-43>1;34-44>9;42-43>5;42-44>13;43-44>6,38:2 39:2 1:1 5:1 6:1 8:1 9:1 13:1 22:1 32:1 33:1 37:1 40:1,2,38 39,0,2,,,,1,,,0
926,925,13 24 32 34 39 42,13-24>5;13-32>39;13-34>37;13-39>32;13-42>44;24-32>25;24-34>29;24-39>9;24-42>30;32-34>3;32-39>13;32-42>7;34-39>14;34-42>8;39-42>3,3:2 5:1 7:1 8:1 9:1 13:1 14:1 25:1 29:1 30:1 32:1 37:1 39:1 44:1,1,3,0,0,,,,0,,,0
927,926,10 16 18 20 25 31,10-16>7;10-18>11;10-20>15;10-25>40;10-31>34;16-18>32;16-20>33;16-25>43;16-31>1;18-20>34;18-25>44;18-31>29;20-25>45;20-31>27;25-31>22,34:2 1:1 7:1 11:1 15:1 22:1 27:1 29:1 32:1 33:1 40:1 43:1 44:1 45:1,1,34,0,0,,,,0,,,0
928,927,4 15 22 38 41 43,4-15>17;4-22>10;4-38>45;4-41>42;4-43>40;15-22>14;15-38>37;15-41>34;15-43>32;22-38>24;22-41>30;22-43>19;38-41>2;38-43>3;41-43>12,2:1 3:1 10:1 12:1 14:1 17:1 19:1 24:1 30:1 32:1 34:1 37:1 40:1 42:1 45:1,0,,0,1,,,,0,,,0
929,928,3 4 10 20 28 44,3-4>26;3-10>29;3-20>7;3-28>8;3-44>37;4-10>22;4-20>6;4-28>7;4-44>39;10-20>15;10-28>1;10-44>36;20-28>39;20-44>23;28-44>30,7:2 39:2 1:1 6:1 8:1 15:1 22:1 23:1 26:1 29:1 30:1 36:1 37:1,2,7 39,0,0,,,,1,,,0
930,929,7 9 12 15 19 23,7-9>23;7-12>17;7-15>26;7-19>1;7-23>9;9-12>18;9-15>27;9-19>14;9-23>7;12-15>21;12-19>11;12-23>4;15-19>8;15-23>1;19-23>36,1:2 4:1 7:1 8:1 9:1 11:1 14:1 17:1 18:1 21:1 23:1 26:1 27:1 36:1,1,1,0,0,,,,0,,,0
931,930,8 21 25 38 39 44,8-21>4;8-25>12;8-38>23;8-39>37;8-44>32;21-25>38;21-38>25;21-39>27;21-44>22;25-38>21;25-39>23;25-44>18;38-39>1;38-44>11;39-44>4,4:2 23:2 1:1 11:1 12:1 18:1 21:1 22:1 25:1 27:1 32:1 37:1 38:1,2,4 23,0,1,,,,1,,,0
932,931,14 15 23 25 35 43,14-15>22;14-23>2;14-25>6;14-35>38;14-43>45;15-23>1;15-25>5;15-35>40;15-43>32;23-25>39;23-35>17;23-43>18;25-35>30;25-43>16;35-43>9,1:1 2:1 5:1 6:1 9:1 16:1 17:1 18:1 22:1 30:1 32:1 38:1 39:1 40:1 45:1,0,,0,1,,,,0,,,0
933,932,1 6 15 36 37 38,1-6>26;1-15>23;1-36>41;1-37>40;1-38>39;6-15>18;6-36>21;6-37>35;6-38>34;15-36>39;15-37>38;15-38>37;36-37>14;36-38>7;37-38>15,39:2 7:1 14:1 15:1 18:1 21:1 23:1 26:1 34:1 35:1 37:1 38:1 40:1 41:1,1,39,0,1,,,,0,,,0
934,933,23 27 29 31 36 45,23-27>40;23-29>41;23-31>24;23-36>19;23-45>22;27-29>43;27-31>20;27-36>30;27-45>18;29-31>18;29-36>28;29-45>16;31-36>11;31-45>8;36-45>3,18:2 3:1 8:1 11:1 16:1 19:1 20:1 22:1 24:1 28:1 30:1 40:1 41:1 43:1,1,18,0,1,,,,0,,,0
935,934,1 3 30 33 36 39,1-3>17;1-30>14;1-33>44;1-36>41;1-39>38;3-30>12;3-33>18;3-36>45;3-39>42;30-33>21;30-36>27;30-39>18;33-36>12;33-39>6;36-39>15,12:2 18:2 6:1 14:1 15:1 17:1 21:1 27:1 38:1 41:1 42:1 44:1 45:1,2,12 18,0,0,,,,0,,,0
936,935,4 10 20 32 38 44,4-10>22;4-20>6;4-32>36;4-38>45;4-44>39;10-20>15;10-32>33;10-38>42;10-44>36;20-32>29;20-38>26;20-44>23;32-38>5;32-44>8;38-44>11,36:2 5:1 6:1 8:1 11:1 15:1 22:1 23:1 26:1 29:1 33:1 39:1 42:1 45:1,1,36,0,0,,,,0,,,0
937,936,7 11 13 17 18 29,7-11>24;7-13>25;7-17>12;7-18>14;7-29>6;11-13>27;11-17>8;11-18>10;11-29>2;13-17>6;13-18>8;13-29>15;17-18>40;17-29>38;18-29>31,6:2 8:2 2:1 10:1 12:1 14:1 15:1 24:1 25:1 27:1 31:1 38:1 40:1,2,6 8,0,2,,,,0,,,0
938,937,2 10 13 22 29 40,2-10>21;2-13>30;2-22>12;2-29>11;2-40>39;10-13>19;10-22>4;10-29>3;10-40>25;13-22>1;13-29>15;13-40>31;22-29>33;22-40>28;29-40>21,21:2 1:1 3:1 4:1 11:1 12:1 15:1 19:1 25:1 28:1 30:1 31:1 33:1 39:1,1,21,0,1,,,,0,,,0
939,938,4 8 10 16 31 36,4-8>21;4-10>22;4-16>13;4-31>37;4-36>32;8-10>24;8-16>9;8-31>45;8-36>40;10-16>7;10-31>34;10-36>44;16-31>1;16-36>26;31-36>11,1:1 7:1 9:1 11:1 13:1 21:1 22:1 24:1 26:1 32:1 34:1 37:1 40:1 44:1 45:1,0,,0,1,,,,0,,,0
940,939,4 11 28 39 42 45,4-11>30;4-28>7;4-39>44;4-42>41;4-45>38;11-28>15;11-39>43;11-42>40;11-45>37;28-39>20;28-42>26;28-45>17;39-42>3;39-45>12;42-45>6,3:1 6:1 7:1 12:1 15:1 17:1 20:1 26:1 30:1 37:1 38:1 40:1 41:1 43:1 44:1,0,,0,0,,,,0,,,0
941,940,3 15 20 22 24 41,3-15>24;3-20>7;3-22>11;3-24>15;3-41>40;15-20>10;15-22>14;15-24>3;15-41>34;20-22>36;20-24>37;20-41>17;22-24>38;22-41>30;24-41>28,3:1 7:1 10:1 11:1 14:1 15:1 17:1 24:1 28:1 30:1 34:1 36:1 37:1 38:1 40:1,0,,0,0,,,,0,,,0
942,941,12 14 25 27 39 40,12-14>28;12-25>8;12-27>42;12-39>45;12-40>44;14-25>6;14-27>10;14-39>34;14-40>33;25-27>41;25-39>23;25-40>10;27-39>21;27-40>23;39-40>2,10:2 23:2 2:1 6:1 8:1 21:1 28:1 33:1 34:1 41:1 42:1 44:1 45:1,2,10 23,0,1,,,,1,,,0
943,942,10 12 18 35 42 43,10-12>26;10-18>11;10-35>45;10-42>38;10-43>37;12-18>9;12-35>34;12-42>27;12-43>41;18-35>22;18-42>21;18-43>23;35-42>1;35-43>9;42-43>5,9:2 1:1 5:1 11:1 21:1 22:1 23:1 26:1 27:1 34:1 37:1 38:1 41:1 45:1,1,9,0,0,,,,0,,,0
944,943,1 8 13 36 44 45,1-8>27;1-13>22;1-36>41;1-44>33;1-45>32;8-13>18;8-36>40;8-44>32;8-45>31;13-36>35;13-44>42;13-45>41;36-44>10;36-45>3;44-45>7,32:2 41:2 3:1 7:1 10:1 18:1 22:1 27:1 31:1 33:1 35:1 40:1 42:1,2,32 41,0,1,,,,1,,,0
945,944,2 13 16 19 32 33,2-13>30;2-16>15;2-19>6;2-32>17;2-33>31;13-16>4;13-19>10;13-32>39;13-33>38;16-19>40;16-32>18;16-33>20;19-32>30;19-33>17;32-33>10,10:2 17:2 30:2 4:1 6:1 15:1 18:1 20:1 31:1 38:1 39:1 40:1,3,10 17 30,0,1,10 17 30,,,2,2,,0
946,945,9 10 15 30 33 37,9-10>17;9-15>27;9-30>6;9-33>45;9-37>41;10-15>20;10-30>5;10-33>32;10-37>43;15-30>45;15-33>42;15-37>38;30-33>21;30-37>29;33-37>5,5:2 45:2 6:1 17:1 20:1 21:1 27:1 29:1 32:1 38:1 41:1 42:1 43:1,2,5 45,0,2,,,,0,,,0
947,946,9 18 19 30 34 40,9-18>12;9-19>14;9-30>6;9-34>44;9-40>38;18-19>41;18-30>39;18-34>20;18-40>17;19-30>32;19-34>4;19-40>16;30-34>23;30-40>20;34-40>7,20:2 4:1 6:1 7:1 12:1 14:1 16:1 17:1 23:1 32:1 38:1 39:1 41:1 44:1,1,20,0,0,,,,1,,,0
948,947,3 8 17 20 27 35,3-8>28;3-17>1;3-20>7;3-27>6;3-35>31;8-17>11;8-20>2;8-27>1;8-35>41;17-20>41;17-27>37;17-35>23;20-27>31;20-35>5;27-35>28,1:2 28:2 31:2 41:2 2:1 5:1 6:1 7:1 11:1 23:1 37:1,4,1 28 31 41,0,0,1 28 31,,41,2,1,,0
949,948,13 18 30 31 38 41,13-18>8;13-30>2;13-31>40;13-38>33;13-41>45;18-30>39;18-31>29;18-38>28;18-41>19;30-31>17;30-38>16;30-41>22;31-38>12;31-41>6;38-41>2,2:2 6:1 8:1 12:1 16:1 17:1 19:1 22:1 28:1 29:1 33:1 39:1 40:1 45:1,1,2,0,0,,,,0,,,0
950,949,14 21 35 36 40 44,14-21>13;14-35>38;14-36>37;14-40>33;14-44>29;21-35>19;21-36>6;21-40>29;21-44>22;35-36>13;35-40>15;35-44>2;36-40>8;36-44>10;40-44>12,13:2 29:2 2:1 6:1 8:1 10:1 12:1 15:1 19:1 22:1 33:1 37:1 38:1,2,13 29,0,1,,,,0,,,0
951,950,3 4 15 22 28 40,3-4>26;3-15>24;3-22>11;3-28>8;3-40>41;4-15>17;4-22>10;4-28>7;4-40>43;15-22>14;15-28>11;15-40>35;22-28>40;22-40>28;28-40>22,11:2 7:1 8:1 10:1 14:1 17:1 22:1 24:1 26:1 28:1 35:1 40:1 41:1 43:1,1,11,0,0,,,,0,,,0
952,951,2 12 30 31 39 43,2-12>22;2-30>13;2-31>33;2-39>40;2-43>36;12-30>3;12-31>38;12-39>45;12-43>41;30-31>17;30-39>18;30-43>26;31-39>5;31-43>7;39-43>11,3:1 5:1 7:1 11:1 13:1 17:1 18:1 22:1 26:1 33:1 36:1 38:1 40:1 41:1 45:1,0,,0,1,,,,0,,,0
953,952,4 12 22 24 33 41,4-12>23;4-22>10;4-24>14;4-33>35;4-41>42;12-22>2;12-24>6;12-33>36;12-41>43;22-24>38;22-33>29;22-41>30;24-33>27;24-41>28;33-41>7,2:1 6:1 7:1 10:1 14:1 23:1 27:1 28:1 29:1 30:1 35:1 36:1 38:1 42:1 43:1,0,,0,1,,,,0,,,0
954,953,7 9 22 27 37 42,7-9>23;7-22>37;7-27>2;7-37>22;7-42>32;9-22>5;9-27>15;9-37>41;9-42>36;22-27>32;22-37>7;22-42>17;27-37>17;27-42>12;37-42>2,2:2 17:2 32:2 5:1 7:1 12:1 15:1 22:1 23:1 36:1 37:1 41:1,3,2 17 32,0,1,2 17 32,,,0,0,,0
955,954,1 9 26 28 30 41,1-9>20;1-26>6;1-28>10;1-30>14;1-41>36;9-26>13;9-28>2;9-30>6;9-41>37;26-28>42;26-30>43;26-41>11;28-30>44;28-41>24;30-41>22,6:2 2:1 10:1 11:1 13:1 14:1 20:1 22:1 24:1 36:1 37:1 42:1 43:1 44:1,1,6,0,2,,,,0,,,0
956,955,4 9 23 26 29 33,4-9>29;4-23>12;4-26>3;4-29>9;4-33>35;9-23>7;9-26>13;9-29>4;9-33>45;23-26>32;23-29>41;23-33>28;26-29>35;26-33>25;29-33>22,35:2 3:1 4:1 7:1 9:1 12:1 13:1 22:1 25:1 28:1 29:1 32:1 41:1 45:1,1,35,0,0,,,,0,,,0
957,956,10 11 20 21 25 41,10-11>18;10-20>15;10-21>2;10-25>40;10-41>39;11-20>14;11-21>1;11-25>9;11-41>26;20-21>43;20-25>45;20-41>17;21-25>38;21-41>16;25-41>27,1:1 2:1 9:1 14:1 15:1 16:1 17:1 18:1 26:1 27:1 38:1 39:1 40:1 43:1 45:1,0,,0,0,,,,0,,,0
958,957,4 15 24 35 36 40,4-15>17;4-24>14;4-35>33;4-36>32;4-40>43;15-24>3;15-35>40;15-36>39;15-40>35;24-35>16;24-36>18;24-40>26;35-36>13;35-40>15;36-40>8,3:1 8:1 13:1 14:1 15:1 16:1 17:1 18:1 26:1 32:1 33:1 35:1 39:1 40:1 43:1,0,,0,1,,,,0,,,0
959,958,2 9 10 16 35 37,2-9>28;2-10>21;2-16>15;2-35>44;2-37>42;9-10>17;9-16>8;9-35>43;9-37>41;10-16>7;10-35>45;10-37>43;16-35>24;16-37>28;35-37>6,28:2 43:2 6:1 7:1 8:1 15:1 17:1 21:1 24:1 41:1 42:1 44:1 45:1,2,28 43,0,0,,,,0,,,0
960,959,1 14 15 24 40 41,1-14>30;1-15>23;1-24>2;1-40>37;1-41>36;14-15>22;14-24>4;14-40>33;14-41>32;15-24>3;15-40>35;15-41>34;24-40>26;24-41>28;40-41>3,3:2 2:1 4:1 22:1 23:1 26:1 28:1 30:1 32:1 33:1 34:1 35:1 36:1 37:1,1,3,0,1,,,,0,,,0
961,960,2 18 24 30 32 45,2-18>4;2-24>1;2-30>13;2-32>17;2-45>34;18-24>36;18-30>39;18-32>16;18-45>27;24-30>42;24-32>25;24-45>21;30-32>19;30-45>15;32-45>1,1:2 4:1 13:1 15:1 16:1 17:1 19:1 21:1 25:1 27:1 34:1 36:1 39:1 42:1,1,1,0,0,,,,0,,,0
962,961,11 20 29 31 33 42,11-20>14;11-29>2;11-31>36;11-33>34;11-42>40;20-29>32;20-31>27;20-33>16;20-42>19;29-31>18;29-33>22;29-42>25;31-33>2;31-42>14;33-42>15,2:2 14:2 15:1 16:1 18:1 19:1 22:1 25:1 27:1 32:1 34:1 36:1 40:1,2,2 14,0,1,,,,0,,,0
963,962,1 18 28 31 34 43,1-18>5;1-28>10;1-31>16;1-34>43;1-43>34;18-28>38;18-31>29;18-34>20;18-43>23;28-31>19;28-34>25;28-43>13;31-34>10;31-43>7;34-43>1,10:2 1:1 5:1 7:1 13:1 16:1 19:1 20:1 23:1 25:1 29:1 34:1 38:1 43:1,1,10,0,1,,,,0,,,0
964,963,6 12 19 23 34 42,6-12>24;6-19>2;6-23>10;6-34>38;6-42>45;12-19>11;12-23>4;12-34>35;12-42>27;19-23>36;19-34>4;19-42>20;23-34>30;23-42>16;34-42>8,4:2 2:1 8:1 10:1 11:1 16:1 20:1 24:1 27:1 30:1 35:1 36:1 38:1 45:1,1,4,0,1,,,,0,,,0
965,964,6 21 36 38 39 43,6-21>36;6-36>21;6-38>34;6-39>33;6-43>44;21-36>6;21-38>25;21-39>27;21-43>20;36-38>7;36-39>15;36-43>2;38-39>1;38-43>3;39-43>11,1:1 2:1 3:1 6:1 7:1 11:1 15:1 20:1 21:1 25:1 27:1 33:1 34:1 36:1 44:1,0,,0,1,,,,0,,,0
966,965,2 13 25 28 29 36,2-13>30;2-25>3;2-28>9;2-29>11;2-36>43;13-25>7;13-28>43;13-29>15;13-36>35;25-28>34;25-29>42;25-36>17;28-29>36;28-36>29;29-36>28,43:2 3:1 7:1 9:1 11:1 15:1 17:1 28:1 29:1 30:1 34:1 35:1 36:1 42:1,1,43,0,2,,,,0,,,0
967,966,1 21 25 29 34 37,1-21>11;1-25>4;1-29>12;1-34>43;1-37>40;21-25>38;21-29>40;21-34>17;21-37>23;25-29>42;25-34>28;25-37>19;29-34>24;29-37>30;34-37>13,40:2 4:1 11:1 12:1 13:1 17:1 19:1 23:1 24:1 28:1 30:1 38:1 42:1 43:1,1,40,0,2,,,,1,,,0
968,967,1 6 13 37 38 40,1-6>26;1-13>22;1-37>40;1-38>39;1-40>37;6-13>17;6-37>35;6-38>34;6-40>32;13-37>34;13-38>33;13-40>31;37-38>15;37-40>1;38-40>9,34:2 1:1 9:1 15:1 17:1 22:1 26:1 31:1 32:1 33:1 35:1 37:1 39:1 40:1,1,34,0,0,,,,0,,,0
969,968,2 5 12 14 24 39,2-5>26;2-12>22;2-14>23;2-24>1;2-39>40;5-12>16;5-14>17;5-24>13;5-39>31;12-14>28;12-24>6;12-39>45;14-24>4;14-39>34;24-39>9,1:1 4:1 6:1 9:1 13:1 16:1 17:1 22:1 23:1 26:1 28:1 31:1 34:1 40:1 45:1,0,,0,0,,,,0,,,0
970,969,3 9 10 29 40 45,3-9>21;3-10>29;3-29>10;3-40>41;3-45>36;9-10>17;9-29>4;9-40>38;9-45>33;10-29>3;10-40>25;10-45>35;29-40>21;29-45>16;40-45>5,21:2 3:1 4:1 5:1 10:1 16:1 17:1 25:1 29:1 33:1 35:1 36:1 38:1 41:1,1,21,0,1,,,,1,,,0
971,970,9 11 16 21 28 36,9-11>25;9-16>8;9-21>3;9-28>2;9-36>42;11-16>6;11-21>1;11-28>15;11-36>31;16-21>41;16-28>37;16-36>26;21-28>32;21-36>6;28-36>29,6:2 1:1 2:1 3:1 8:1 15:1 25:1 26:1 29:1 31:1 32:1 37:1 41:1 42:1,1,6,0,1,,,,1,,,0
972,971,2 6 17 18 21 26,2-6>19;2-17>32;2-18>4;2-21>10;2-26>5;6-17>13;6-18>15;6-21>36;6-26>1;17-18>40;17-21>34;17-26>44;18-21>42;18-26>37;21-26>31,1:1 4:1 5:1 10:1 13:1 15:1 19:1 31:1 32:1 34:1 36:1 37:1 40:1 42:1 44:1,0,,0,2,,,,0,,,0
973,972,3 6 17 23 37 39,3-6>27;3-17>1;3-23>13;3-37>44;3-39>42;6-17>13;6-23>10;6-37>35;6-39>33;17-23>35;17-37>27;17-39>16;23-37>21;23-39>25;37-39>8,13:2 27:2 35:2 1:1 8:1 10:1 16:1 21:1 25:1 33:1 42:1 44:1,3,13 27 35,0,1,13 27 35,,,0,0,,0
974,973,22 26 31 37 41 42,22-26>39;22-31>25;22-37>7;22-41>30;22-42>17;26-31>21;26-37>18;26-41>11;26-42>28;31-37>4;31-41>6;31-42>14;37-41>9;37-42>2;41-42>4,4:2 2:1 6:1 7:1 9:1 11:1 14:1 17:1 18:1 21:1 25:1 28:1 30:1 39:1,1,4,0,0,,,,0,,,0
975,974,1 2 11 16 39 44,1-2>24;1-11>21;1-16>31;1-39>38;1-44>33;2-11>29;2-16>15;2-39>40;2-44>35;11-16>6;11-39>43;11-44>38;16-39>17;16-44>27;39-44>4,38:2 4:1 6:1 15:1 17:1 21:1 24:1 27:1 29:1 31:1 33:1 35:1 40:1 43:1,1,38,0,0,,,,0,,,0
976,975,7 8 9 17 22 24,7-8>30;7-9>23;7-17>12;7-22>37;7-24>11;8-9>16;8-17>11;8-22>6;8-24>10;9-17>10;9-22>5;9-24>39;17-22>42;17-24>43;22-24>38,10:2 11:2 5:1 6:1 12:1 16:1 23:1 30:1 37:1 38:1 39:1 42:1 43:1,2,10 11,0,0,,,,0,,,0
977,976,4 12 14 25 35 37,4-12>23;4-14>24;4-25>1;4-35>33;4-37>31;12-14>28;12-25>8;12-35>34;12-37>32;14-25>6;14-35>38;14-37>36;25-35>30;25-37>19;35-37>6,6:2 1:1 8:1 19:1 23:1 24:1 28:1 30:1 31:1 32:1 33:1 34:1 36:1 38:1,1,6,0,1,,,,0,,,0
978,977,2 9 10 14 22 44,2-9>28;2-10>21;2-14>23;2-22>12;2-44>35;9-10>17;9-14>19;9-22>5;9-44>34;10-14>27;10-22>4;10-44>36;14-22>15;14-44>29;22-44>21,21:2 4:1 5:1 12:1 15:1 17:1 19:1 23:1 27:1 28:1 29:1 34:1 35:1 36:1,1,21,0,0,,,,0,,,0
979,978,1 7 15 32 34 42,1-7>19;1-15>23;1-32>45;1-34>43;1-42>35;7-15>26;7-32>42;7-34>40;7-42>32;15-32>43;15-34>41;15-42>33;32-34>3;32-42>7;34-42>8,43:2 3:1 7:1 8:1 19:1 23:1 26:1 32:1 33:1 35:1 40:1 41:1 42:1 45:1,1,43,0,1,,,,0,,,0
980,979,7 11 16 21 27 33,7-11>24;7-16>10;7-21>5;7-27>2;7-33>41;11-16>6;11-21>1;11-27>13;11-33>34;16-21>41;16-27>44;16-33>20;21-27>39;21-33>30;27-33>24,24:2 41:2 1:1 2:1 5:1 6:1 10:1 13:1 20:1 30:1 34:1 39:1 44:1,2,24 41,0,1,,,,1,,,0
981,980,3 13 16 23 24 35,3-13>23;3-16>14;3-23>13;3-24>15;3-35>31;13-16>4;13-23>3;13-24>5;13-35>36;16-23>42;16-24>35;16-35>24;23-24>31;23-35>17;24-35>16,31:2 3:1 4:1 5:1 13:1 14:1 15:1 16:1 17:1 23:1 24:1 35:1 36:1 42:1,1,31,0,0,,,,0,,,0
982,981,27 36 37 41 43 45,27-36>30;27-37>17;27-41>25;27-43>29;27-45>18;36-37>14;36-41>1;36-43>2;36-45>3;37-41>9;37-43>10;37-45>11;41-43>12;41-45>13;43-45>14,14:2 1:1 2:1 3:1 9:1 10:1 11:1 12:1 13:1 17:1 18:1 25:1 29:1 30:1,1,14,0,0,,,,0,,,0
983,982,5 7 13 20 21 44,5-7>21;5-13>24;5-20>35;5-21>7;5-44>41;7-13>25;7-20>3;7-21>5;7-44>45;13-20>12;13-21>14;13-44>42;20-21>43;20-44>23;21-44>22,3:1 5:1 7:1 12:1 14:1 21:1 22:1 23:1 24:1 25:1 35:1 41:1 42:1 43:1 45:1,0,,0,1,,,,0,,,0
984,983,13 23 26 31 35 43,13-23>3;13-26>9;13-31>40;13-35>36;13-43>28;23-26>32;23-31>24;23-35>17;23-43>18;26-31>21;26-35>29;26-43>30;31-35>3;31-43>7;35-43>9,3:2 9:2 7:1 17:1 18:1 21:1 24:1 28:1 29:1 30:1 32:1 36:1 40:1,2,3 9,0,2,,,,1,,,0
985,984,3 10 23 35 36 37,3-10>29;3-23>13;3-35>31;3-36>45;3-37>44;10-23>6;10-35>45;10-36>44;10-37>43;23-35>17;23-36>19;23-37>21;35-36>13;35-37>6;36-37>14,6:2 13:2 44:2 45:2 14:1 17:1 19:1 21:1 29:1 31:1 43:1,4,6 13 44 45,0,1,6 13 44,,45,1,1,,0
986,985,17 21 23 30 34 44,17-21>34;17-23>35;17-30>31;17-34>21;17-44>26;21-23>37;21-30>33;21-34>17;21-44>22;23-30>34;23-34>30;23-44>20;30-34>23;30-44>28;34-44>9,34:2 9:1 17:1 20:1 21:1 22:1 23:1 26:1 28:1 30:1 31:1 33:1 35:1 37:1,1,34,1,0,,,,0,,,0
987,986,7 10 16 28 41 42,7-10>16;7-16>10;7-28>4;7-41>33;7-42>32;10-16>7;10-28>1;10-41>39;10-42>38;16-28>37;16-41>21;16-42>23;28-41>24;28-42>26;41-42>4,4:2 1:1 7:1 10:1 16:1 21:1 23:1 24:1 26:1 32:1 33:1 37:1 38:1 39:1,1,4,0,0,,,,1,,,0
988,987,2 4 15 23 29 38,2-4>18;2-15>16;2-23>14;2-29>11;2-38>41;4-15>17;4-23>12;4-29>9;4-38>45;15-23>1;15-29>13;15-38>37;23-29>41;23-38>8;29-38>17,17:2 41:2 1:1 8:1 9:1 11:1 12:1 13:1 14:1 16:1 18:1 37:1 45:1,2,17 41,0,1,,,,1,,,0
989,988,2 13 20 30 31 41,2-13>30;2-20>8;2-30>13;2-31>33;2-41>38;13-20>12;13-30>2;13-31>40;13-41>45;20-30>40;20-31>27;20-41>17;30-31>17;30-41>22;31-41>6,17:2 40:2 2:1 6:1 8:1 12:1 13:1 22:1 27:1 30:1 33:1 38:1 45:1,2,17 40,0,0,,,,1,,,0
990,989,17 18 21 27 29 33,17-18>40;17-21>34;17-27>37;17-29>38;17-33>19;18-21>42;18-27>45;18-29>31;18-33>3;21-27>39;21-29>40;21-33>30;27-29>43;27-33>24;29-33>22,40:2 3:1 19:1 22:1 24:1 30:1 31:1 34:1 37:1 38:1 39:1 42:1 43:1 45:1,1,40,0,0,,,,0,,,0
991,990,2 4 25 26 36 37,2-4>18;2-25>3;2-26>5;2-36>43;2-37>42;4-25>1;4-26>3;4-36>32;4-37>31;25-26>33;25-36>17;25-37>19;26-36>16;26-37>18;36-37>14,3:2 18:2 1:1 5:1 14:1 16:1 17:1 19:1 31:1 32:1 33:1 42:1 43:1,2,3 18,0,1,,,,1,,,0
992,991,13 18 25 31 33 44,13-18>8;13-25>7;13-31>40;13-33>38;13-44>42;18-25>44;18-31>29;18-33>3;18-44>25;25-31>22;25-33>26;25-44>18;31-33>2;31-44>15;33-44>1,1:1 2:1 3:1 7:1 8:1 15:1 18:1 22:1 25:1 26:1 29:1 38:1 40:1 42:1 44:1,0,,0,2,,,,0,,,0
993,992,12 20 26 33 44 45,12-20>13;12-26>10;12-33>36;12-44>40;12-45>39;20-26>38;20-33>16;20-44>23;20-45>25;26-33>25;26-44>17;26-45>19;33-44>1;33-45>9;44-45>7,25:2 1:1 7:1 9:1 10:1 13:1 16:1 17:1 19:1 23:1 36:1 38:1 39:1 40:1,1,25,0,0,,,,0,,,0
994,993,6 14 16 18 24 42,6-14>25;6-16>11;6-18>15;6-24>12;6-42>45;14-16>3;14-18>7;14-24>4;14-42>31;16-18>32;16-24>35;16-42>23;18-24>36;18-42>21;24-42>30,3:1 4:1 7:1 11:1 12:1 15:1 21:1 23:1 25:1 30:1 31:1 32:1 35:1 36:1 45:1,0,,0,1,,,,0,,,0
995,994,1 3 8 24 27 35,1-3>17;1-8>27;1-24>2;1-27>8;1-35>42;3-8>28;3-24>15;3-27>6;3-35>31;8-24>10;8-27>1;8-35>41;24-27>33;24-35>16;27-35>28,28:2 1:1 2:1 6:1 8:1 10:1 15:1 16:1 17:1 27:1 31:1 33:1 41:1 42:1,1,28,0,1,,,,0,,,0
996,995,1 4 13 29 38 39,1-4>25;1-13>22;1-29>12;1-38>39;1-39>38;4-13>16;4-29>9;4-38>45;4-39>44;13-29>15;13-38>33;13-39>32;29-38>17;29-39>19;38-39>1,1:1 9:1 12:1 15:1 16:1 17:1 19:1 22:1 25:1 32:1 33:1 38:1 39:1 44:1 45:1,0,,0,1,,,,0,,,0
997,996,6 11 15 24 32 39,6-11>16;6-15>18;6-24>12;6-32>40;6-39>33;11-15>28;11-24>7;11-32>35;11-39>43;15-24>3;15-32>43;15-39>36;24-32>25;24-39>9;32-39>13,43:2 3:1 7:1 9:1 12:1 13:1 16:1 18:1 25:1 28:1 33:1 35:1 36:1 40:1,1,43,0,1,,,,0,,,0
998,997,4 7 14 16 24 44,4-7>28;4-14>24;4-16>13;4-24>14;4-44>39;7-14>18;7-16>10;7-24>11;7-44>45;14-16>3;14-24>4;14-44>29;16-24>35;16-44>27;24-44>19,3:1 4:1 10:1 11:1 13:1 14:1 18:1 19:1 24:1 27:1 28:1 29:1 35:1 39:1 45:1,0,,0,0,,,,0,,,0
999,998,13 17 18 20 42 45,13-17>6;13-18>8;13-20>12;13-42>44;13-45>41;17-18>40;17-20>41;17-42>22;17-45>28;18-20>34;18-42>21;18-45>27;20-42>19;20-45>25;42-45>6,6:2 41:2 8:1 12:1 19:1 21:1 22:1 25:1 27:1 28:1 34:1 40:1 44:1,2,6 41,0,1,,,,0,,,0
1000,999,1 3 9 14 18 28,1-3>17;1-9>20;1-14>30;1-18>5;1-28>10;3-9>21;3-14>16;3-18>33;3-28>8;9-14>19;9-18>12;9-28>2;14-18>7;14-28>12;18-28>38,12:2 2:1 5:1 7:1 8:1 10:1 16:1 17:1 19:1 20:1 21:1 30:1 33:1 38:1,1,12,0,0,,,,0,,,0
1001,1000,2 8 19 22 32 42,2-8>20;2-19>6;2-22>12;2-32>17;2-42>37;8-19>15;8-22>6;8-32>44;8-42>34;19-22>43;19-32>30;19-42>20;22-32>27;22-42>17;32-42>7,6:2 17:2 20:2 7:1 12:1 15:1 27:1 30:1 34:1 37:1 43:1 44:1,3,6 17 20,0,1,6 17 20,,,2,2,,0
1002,1001,6 10 12 14 20 42,6-10>23;6-12>24;6-14>25;6-20>4;6-42>45;10-12>26;10-14>27;10-20>15;10-42>38;12-14>28;12-20>13;12-42>27;14-20>11;14-42>31;20-42>19,27:2 4:1 11:1 13:1 15:1 19:1 23:1 24:1 25:1 26:1 28:1 31:1 38:1 45:1,1,27,0,0,,,,0,,,0
1003,1002,17 25 33 35 38 45,17-25>36;17-33>19;17-35>23;17-38>29;17-45>28;25-33>26;25-35>30;25-38>21;25-45>20;33-35>4;33-38>13;33-45>9;35-38>14;35-45>10;38-45>4,4:2 9:1 10:1 13:1 14:1 19:1 20:1 21:1 23:1 26:1 28:1 29:1 30:1 36:1,1,4,0,1,,,,1,,,0
1004,1003,1 4 29 39 43 45,1-4>25;1-29>12;1-39>38;1-43>34;1-45>32;4-29>9;4-39>44;4-43>40;4-45>38;29-39>19;29-43>27;29-45>16;39-43>11;39-45>12;43-45>14,12:2 38:2 9:1 11:1 14:1 16:1 19:1 25:1 27:1 32:1 34:1 40:1 44:1,2,12 38,0,1,,,,0,,,0
1005,1004,7 15 30 37 39 44,7-15>26;7-30>8;7-37>22;7-39>35;7-44>45;15-30>45;15-37>38;15-39>36;15-44>31;30-37>29;30-39>18;30-44>28;37-39>8;37-44>3;39-44>4,8:2 45:2 3:1 4:1 18:1 22:1 26:1 28:1 29:1 31:1 35:1 36:1 38:1,2,8 45,0,0,,,,1,,,0
1006,1005,8 13 18 24 27 29,8-13>18;8-18>13;8-24>10;8-27>1;8-29>5;13-18>8;13-24>5;13-27>11;13-29>15;18-24>36;18-27>45;18-29>31;24-27>33;24-29>34;27-29>43,5:2 1:1 8:1 10:1 11:1 13:1 15:1 18:1 31:1 33:1 34:1 36:1 43:1 45:1,1,5,0,1,,,,0,,,0
1007,1006,8 11 15 16 17 37,8-11>17;8-15>19;8-16>9;8-17>11;8-37>39;11-15>28;11-16>6;11-17>8;11-37>45;15-16>2;15-17>4;15-37>38;16-17>39;16-37>28;17-37>27,28:2 39:2 2:1 4:1 6:1 8:1 9:1 11:1 17:1 19:1 27:1 38:1 45:1,2,28 39,0,3,,,,0,,,0
1008,1007,8 11 16 19 21 25,8-11>17;8-16>9;8-19>15;8-21>4;8-25>12;11-16>6;11-19>12;11-21>1;11-25>9;16-19>40;16-21>41;16-25>43;19-21>35;19-25>37;21-25>38,9:2 12:2 1:1 4:1 6:1 15:1 17:1 35:1 37:1 38:1 40:1 41:1 43:1,2,9 12,0,1,,,,1,,,0
1009,1008,9 11 30 31 41 44,9-11>25;9-30>6;9-31>32;9-41>37;9-44>34;11-30>4;11-31>36;11-41>26;11-44>38;30-31>17;30-41>22;30-44>28;31-41>6;31-44>15;41-44>5,6:2 4:1 5:1 15:1 17:1 22:1 25:1 26:1 28:1 32:1 34:1 36:1 37:1 38:1,1,6,0,1,,,,0,,,0
1010,1009,15 23 29 34 40 44,15-23>1;15-29>13;15-34>41;15-40>35;15-44>31;23-29>41;23-34>30;23-40>27;23-44>20;29-34>24;29-40>21;29-44>14;34-40>7;34-44>9;40-44>12,41:2 1:1 7:1 9:1 12:1 13:1 14:1 20:1 21:1 24:1 27:1 30:1 31:1 35:1,1,41,0,2,,,,0,,,0
1011,1010,9 12 15 25 34 36,9-12>18;9-15>27;9-25>11;9-34>44;9-36>42;12-15>21;12-25>8;12-34>35;12-36>33;15-25>5;15-34>41;15-36>39;25-34>28;25-36>17;34-36>5,5:2 8:1 11:1 17:1 18:1 21:1 27:1 28:1 33:1 35:1 39:1 41:1 42:1 44:1,1,5,0,2,,,,0,,,0
1012,1011,1 9 12 26 35 38,1-9>20;1-12>29;1-26>6;1-35>42;1-38>39;9-12>18;9-26>13;9-35>43;9-38>40;12-26>10;12-35>34;12-38>31;26-35>29;26-38>20;35-38>14,20:2 29:2 6:1 10:1 13:1 14:1 18:1 31:1 34:1 39:1 40:1 42:1 43:1,2,20 29,0,1,,,,1,,,0
1013,1012,5 11 18 20 35 45,5-11>23;5-18>1;5-20>35;5-35>20;5-45>40;11-18>10;11-20>14;11-35>32;11-45>37;18-20>34;18-35>22;18-45>27;20-35>5;20-45>25;35-45>10,10:2 1:1 5:1 14:1 20:1 22:1 23:1 25:1 27:1 32:1 34:1 35:1 37:1 40:1,1,10,0,0,,,,0,,,0
1014,1013,21 22 26 34 36 41,21-22>44;21-26>31;21-34>17;21-36>6;21-41>16;22-26>39;22-34>16;22-36>20;22-41>30;26-34>27;26-36>16;26-41>11;34-36>5;34-41>15;36-41>1,16:3 1:1 5:1 6:1 11:1 15:1 17:1 20:1 27:1 30:1 31:1 39:1 44:1,1,16,0,1,,,,0,,,0
1015,1014,3 11 14 18 26 27,3-11>22;3-14>16;3-18>33;3-26>4;3-27>6;11-14>20;11-18>10;11-26>41;11-27>13;14-18>7;14-26>8;14-27>10;18-26>37;18-27>45;26-27>34,10:2 4:1 6:1 7:1 8:1 13:1 16:1 20:1 22:1 33:1 34:1 37:1 41:1 45:1,1,10,0,1,,,,0,,,0
1016,1015,14 23 31 33 37 40,14-23>2;14-31>42;14-33>40;14-37>36;14-40>33;23-31>24;23-33>28;23-37>21;23-40>27;31-33>2;31-37>4;31-40>13;33-37>5;33-40>14;37-40>1,2:2 1:1 4:1 5:1 13:1 14:1 21:1 24:1 27:1 28:1 33:1 36:1 40:1 42:1,1,2,0,0,,,,0,,,0
1017,1016,15 26 28 34 41 42,15-26>7;15-28>11;15-34>41;15-41>34;15-42>33;26-28>42;26-34>27;26-41>11;26-42>28;28-34>25;28-41>24;28-42>26;34-41>15;34-42>8;41-42>4,11:2 4:1 7:1 8:1 15:1 24:1 25:1 26:1 27:1 28:1 33:1 34:1 41:1 42:1,1,11,0,1,,,,0,,,0
1018,1017,12 18 22 23 30 34,12-18>9;12-22>2;12-23>4;12-30>3;12-34>35;18-22>35;18-23>43;18-30>39;18-34>20;22-23>45;22-30>41;22-34>16;23-30>34;23-34>30;30-34>23,35:2 2:1 3:1 4:1 9:1 16:1 20:1 23:1 30:1 34:1 39:1 41:1 43:1 45:1,1,35,0,0,,,,0,,,0
1019,1018,3 19 21 25 37 45,3-19>5;3-21>9;3-25>2;3-37>44;3-45>36;19-21>35;19-25>37;19-37>25;19-45>26;21-25>38;21-37>23;21-45>24;25-37>19;25-45>20;37-45>11,2:1 5:1 9:1 11:1 19:1 20:1 23:1 24:1 25:1 26:1 35:1 36:1 37:1 38:1 44:1,0,,0,0,,,,0,,,0
1020,1019,1 4 13 17 34 39,1-4>25;1-13>22;1-17>3;1-34>43;1-39>38;4-13>16;4-17>15;4-34>19;4-39>44;13-17>6;13-34>37;13-39>32;17-34>21;17-39>16;34-39>14,16:2 3:1 6:1 14:1 15:1 19:1 21:1 22:1 25:1 32:1 37:1 38:1 43:1 44:1,1,16,0,0,,,,0,,,0
1021,1020,12 27 29 38 41 45,12-27>42;12-29>1;12-38>31;12-41>43;12-45>39;27-29>43;27-38>19;27-41>25;27-45>18;29-38>17;29-41>23;29-45>16;38-41>2;38-45>4;41-45>13,43:2 1:1 2:1 4:1 13:1 16:1 17:1 18:1 19:1 23:1 25:1 31:1 39:1 42:1,1,43,0,3,,,,0,,,0
1022,1021,12 15 17 24 29 45,12-15>21;12-17>7;12-24>6;12-29>1;12-45>39;15-17>4;15-24>3;15-29>13;15-45>30;17-24>43;17-29>38;17-45>28;24-29>34;24-45>21;29-45>16,21:2 1:1 3:1 4:1 6:1 7:1 13:1 16:1 28:1 30:1 34:1 38:1 39:1 43:1,1,21,0,2,,,,0,,,0
1023,1022,5 6 11 29 42 45,5-6>28;5-11>23;5-29>8;5-42>43;5-45>40;6-11>16;6-29>7;6-42>45;6-45>42;11-29>2;11-42>40;11-45>37;29-42>25;29-45>16;42-45>6,16:2 40:2 2:1 6:1 7:1 8:1 23:1 25:1 28:1 37:1 42:1 43:1 45:1,2,16 40,0,1,,,,1,,,0
1024,1023,10 14 16 18 29 35,10-14>27;10-16>7;10-18>11;10-29>3;10-35>45;14-16>3;14-18>7;14-29>44;14-35>38;16-18>32;16-29>45;16-35>24;18-29>31;18-35>22;29-35>26,3:2 7:2 45:2 11:1 22:1 24:1 26:1 27:1 31:1 32:1 38:1 44:1,3,3 7 45,0,1,3 7 45,,,0,0,,0
1025,1024,9 18 20 22 38 44,9-18>12;9-20>1;9-22>5;9-38>40;9-44>34;18-20>34;18-22>35;18-38>28;18-44>25;20-22>36;20-38>26;20-44>23;22-38>24;22-44>21;38-44>11,34:2 1:1 5:1 11:1 12:1 21:1 23:1 24:1 25:1 26:1 28:1 35:1 36:1 40:1,1,34,0,2,,,,0,,,0
1026,1025,8 9 20 25 29 33,8-9>16;8-20>2;8-25>12;8-29>5;8-33>43;9-20>1;9-25>11;9-29>4;9-33>45;20-25>45;20-29>32;20-33>16;25-29>42;25-33>26;29-33>22,16:2 45:2 1:1 2:1 4:1 5:1 11:1 12:1 22:1 26:1 32:1 42:1 43:1,2,16 45,0,0,,,,0,,,0
1027,1026,5 12 13 31 32 41,5-12>16;5-13>24;5-31>39;5-32>38;5-41>44;12-13>20;12-31>38;12-32>37;12-41>43;13-31>40;13-32>39;13-41>45;31-32>9;31-41>6;32-41>14,38:2 39:2 6:1 9:1 14:1 16:1 20:1 24:1 37:1 40:1 43:1 44:1 45:1,2,38 39,0,0,,,,1,,,0
1028,1027,14 16 27 35 39 45,14-16>3;14-27>10;14-35>38;14-39>34;14-45>43;16-27>44;16-35>24;16-39>17;16-45>29;27-35>28;27-39>21;27-45>18;35-39>7;35-45>10;39-45>12,10:2 3:1 7:1 12:1 17:1 18:1 21:1 24:1 28:1 29:1 34:1 38:1 43:1 44:1,1,10,0,1,,,,0,,,0
1029,1028,5 7 12 13 18 35,5-7>21;5-12>16;5-13>24;5-18>1;5-35>20;7-12>17;7-13>25;7-18>14;7-35>39;12-13>20;12-18>9;12-35>34;13-18>8;13-35>36;18-35>22,20:2 1:1 8:1 9:1 14:1 16:1 17:1 21:1 22:1 24:1 25:1 34:1 36:1 39:1,1,20,0,1,,,,0,,,0
1030,1029,12 30 32 37 39 41,12-30>3;12-32>37;12-37>32;12-39>45;12-41>43;30-32>19;30-37>29;30-39>18;30-41>22;32-37>12;32-39>13;32-41>14;37-39>8;37-41>9;39-41>10,3:1 8:1 9:1 10:1 12:1 13:1 14:1 18:1 19:1 22:1 29:1 32:1 37:1 43:1 45:1,0,,0,0,,,,0,,,0
1031,1030,2 5 11 17 24 29,2-5>26;2-11>29;2-17>32;2-24>1;2-29>11;5-11>23;5-17>14;5-24>13;5-29>8;11-17>8;11-24>7;11-29>2;17-24>43;17-29>38;24-29>34,8:2 1:1 2:1 7:1 11:1 13:1 14:1 23:1 26:1 29:1 32:1 34:1 38:1 43:1,1,8,0,0,,,,0,,,0
1032,1031,6 7 22 32 35 36,6-7>29;6-22>8;6-32>40;6-35>37;6-36>21;7-22>37;7-32>42;7-35>39;7-36>38;22-32>27;22-35>18;22-36>20;32-35>11;32-36>4;35-36>13,37:2 4:1 8:1 11:1 13:1 18:1 20:1 21:1 27:1 29:1 38:1 39:1 40:1 42:1,1,37,0,2,,,,0,,,0
1033,1032,1 6 12 19 36 42,1-6>26;1-12>29;1-19>7;1-36>41;1-42>35;6-12>24;6-19>2;6-36>21;6-42>45;12-19>11;12-36>33;12-42>27;19-36>23;19-42>20;36-42>9,2:1 7:1 9:1 11:1 20:1 21:1 23:1 24:1 26:1 27:1 29:1 33:1 35:1 41:1 45:1,0,,0,0,,,,0,,,0
1034,1033,3 11 15 20 35 44,3-11>22;3-15>24;3-20>7;3-35>31;3-44>37;11-15>28;11-20>14;11-35>32;11-44>38;15-20>10;15-35>40;15-44>31;20-35>5;20-44>23;35-44>2,31:2 2:1 5:1 7:1 10:1 14:1 22:1 23:1 24:1 28:1 32:1 37:1 38:1 40:1,1,31,0,0,,,,1,,,0
1035,1034,26 31 32 33 38 40,26-31>21;26-32>23;26-33>25;26-38>20;26-40>24;31-32>9;31-33>2;31-38>12;31-40>13;32-33>10;32-38>5;32-40>6;33-38>13;33-40>14;38-40>9,9:2 13:2 2:1 5:1 6:1 10:1 12:1 14:1 20:1 21:1 23:1 24:1 25:1,2,9 13,0,0,,,,1,,,0
1036,1035,9 14 34 35 41 42,9-14>19;9-34>44;9-35>43;9-41>37;9-42>36;14-34>39;14-35>38;14-41>32;14-42>31;34-35>12;34-41>15;34-42>8;35-41>8;35-42>1;41-42>4,8:2 1:1 4:1 12:1 15:1 19:1 31:1 32:1 36:1 37:1 38:1 39:1 43:1 44:1,1,8,0,1,,,,0,,,0
1037,1036,2 5 22 32 34 45,2-5>26;2-22>12;2-32>17;2-34>45;2-45>34;5-22>9;5-32>38;5-34>36;5-45>40;22-32>27;22-34>16;22-45>23;32-34>3;32-45>1;34-45>2,1:1 2:1 3:1 9:1 12:1 16:1 17:1 23:1 26:1 27:1 34:1 36:1 38:1 40:1 45:1,0,,0,2,,,,0,,,0
1038,1037,2 14 15 22 27 33,2-14>23;2-15>16;2-22>12;2-27>7;2-33>31;14-15>22;14-22>15;14-27>10;14-33>40;15-22>14;15-27>9;15-33>42;22-27>32;22-33>29;27-33>24,7:1 9:1 10:1 12:1 14:1 15:1 16:1 22:1 23:1 24:1 29:1 31:1 32:1 40:1 42:1,0,,0,1,,,,0,,,0
1039,1038,7 16 24 27 37 44,7-16>10;7-24>11;7-27>2;7-37>22;7-44>45;16-24>35;16-27>44;16-37>28;16-44>27;24-27>33;24-37>20;24-44>19;27-37>17;27-44>16;37-44>3,2:1 3:1 10:1 11:1 16:1 17:1 19:1 20:1 22:1 27:1 28:1 33:1 35:1 44:1 45:1,0,,0,0,,,,0,,,0
1040,1039,2 3 6 19 36 39,2-3>25;2-6>19;2-19>6;2-36>43;2-39>40;3-6>27;3-19>5;3-36>45;3-39>42;6-19>2;6-36>21;6-39>33;19-36>23;19-39>29;36-39>15,2:1 5:1 6:1 15:1 19:1 21:1 23:1 25:1 27:1 29:1 33:1 40:1 42:1 43:1 45:1,0,,0,1,,,,0,,,0
1041,1040,8 16 26 29 31 36,8-16>9;8-26>14;8-29>5;8-31>45;8-36>40;16-26>36;16-29>45;16-31>1;16-36>26;26-29>35;26-31>21;26-36>16;29-31>18;29-36>28;31-36>11,45:2 1:1 5:1 9:1 11:1 14:1 16:1 18:1 21:1 26:1 28:1 35:1 36:1 40:1,1,45,0,0,,,,0,,,0
1042,1041,6 7 9 11 17 18,6-7>29;6-9>30;6-11>16;6-17>13;6-18>15;7-9>23;7-11>24;7-17>12;7-18>14;9-11>25;9-17>10;9-18>12;11-17>8;11-18>10;17-18>40,10:2 12:2 8:1 13:1 14:1 15:1 16:1 23:1 24:1 25:1 29:1 30:1 40:1,2,10 12,0,0,,,,0,,,0
1043,1042,5 14 15 23 34 43,5-14>17;5-15>25;5-23>11;5-34>36;5-43>42;14-15>22;14-23>2;14-34>39;14-43>45;15-23>1;15-34>41;15-43>32;23-34>30;23-43>18;34-43>1,1:2 2:1 11:1 17:1 18:1 22:1 25:1 30:1 32:1 36:1 39:1 41:1 42:1 45:1,1,1,0,1,,,,0,,,0
1044,1043,3 5 12 22 26 31,3-5>19;3-12>30;3-22>11;3-26>4;3-31>35;5-12>16;5-22>9;5-26>2;5-31>39;12-22>2;12-26>10;12-31>38;22-26>39;22-31>25;26-31>21,2:2 39:2 4:1 9:1 10:1 11:1 16:1 19:1 21:1 25:1 30:1 35:1 38:1,2,2 39,0,2,,,,0,,,0
1045,1044,12 17 20 26 28 36,12-17>7;12-20>13;12-26>10;12-28>14;12-36>33;17-20>41;17-26>44;17-28>45;17-36>25;20-26>38;20-28>39;20-36>22;26-28>42;26-36>16;28-36>29,7:1 10:1 13:1 14:1 16:1 22:1 25:1 29:1 33:1 38:1 39:1 41:1 42:1 44:1 45:1,0,,0,0,,,,0,,,0
1046,1045,6 14 15 19 21 41,6-14>25;6-15>18;6-19>2;6-21>36;6-41>31;14-15>22;14-19>9;14-21>13;14-41>32;15-19>8;15-21>12;15-41>34;19-21>35;19-41>18;21-41>16,18:2 2:1 8:1 9:1 12:1 13:1 16:1 22:1 25:1 31:1 32:1 34:1 35:1 36:1,1,18,0,0,,,,0,,,0
1047,1046,7 16 25 29 35 36,7-16>10;7-25>13;7-29>6;7-35>39;7-36>38;16-25>43;16-29>45;16-35>24;16-36>26;25-29>42;25-35>30;25-36>17;29-35>26;29-36>28;35-36>13,13:2 26:2 6:1 10:1 17:1 24:1 28:1 30:1 38:1 39:1 42:1 43:1 45:1,2,13 26,0,0,,,,0,,,0
1048,1047,2 20 33 40 42 44,2-20>8;2-33>31;2-40>39;2-42>37;2-44>35;20-33>16;20-40>30;20-42>19;20-44>23;33-40>14;33-42>15;33-44>1;40-42>11;40-44>12;42-44>13,1:1 8:1 11:1 12:1 13:1 14:1 15:1 16:1 19:1 23:1 30:1 31:1 35:1 37:1 39:1,0,,0,0,,,,0,,,0
1049,1048,6 12 17 21 32 39,6-12>24;6-17>13;6-21>36;6-32>40;6-39>33;12-17>7;12-21>15;12-32>37;12-39>45;17-21>34;17-32>2;17-39>16;21-32>28;21-39>27;32-39>13,13:2 2:1 7:1 15:1 16:1 24:1 27:1 28:1 33:1 34:1 36:1 37:1 40:1 45:1,1,13,0,1,,,,1,,,0
1050,1049,3 5 13 20 21 37,3-5>19;3-13>23;3-20>7;3-21>9;3-37>44;5-13>24;5-20>35;5-21>7;5-37>33;13-20>12;13-21>14;13-37>34;20-21>43;20-37>24;21-37>23,7:2 23:2 24:2 9:1 12:1 14:1 19:1 33:1 34:1 35:1 43:1 44:1,3,7 23 24,0,0,7 23 24,,,0,0,,0
1051,1050,6 12 31 35 38 43,6-12>24;6-31>41;6-35>37;6-38>34;6-43>44;12-31>38;12-35>34;12-38>31;12-43>41;31-35>3;31-38>12;31-43>7;35-38>14;35-43>9;38-43>3,3:2 34:2 41:2 7:1 9:1 12:1 14:1 24:1 31:1 37:1 38:1 44:1,3,3 34 41,0,1,3 34 41,,,0,0,,0
1052,1051,21 26 30 32 33 35,21-26>31;21-30>33;21-32>28;21-33>30;21-35>19;26-30>43;26-32>23;26-33>25;26-35>29;30-32>19;30-33>21;30-35>25;32-33>10;32-35>11;33-35>4,19:2 25:2 4:1 10:1 11:1 21:1 23:1 28:1 29:1 30:1 31:1 33:1 43:1,2,19 25,0,2,,,,0,,,0
1053,1052,5 17 26 27 35 38,5-17>14;5-26>2;5-27>4;5-35>20;5-38>32;17-26>44;17-27>37;17-35>23;17-38>29;26-27>34;26-35>29;26-38>20;27-35>28;27-38>19;35-38>14,14:2 20:2 29:2 2:1 4:1 19:1 23:1 28:1 32:1 34:1 37:1 44:1,3,14 20 29,0,1,14 20 29,,,1,1,,0
1054,1053,22 26 29 30 34 45,22-26>39;22-29>33;22-30>41;22-34>16;22-45>23;26-29>35;26-30>43;26-34>27;26-45>19;29-30>37;29-34>24;29-45>16;30-34>23;30-45>15;34-45>2,16:2 23:2 2:1 15:1 19:1 24:1 27:1 33:1 35:1 37:1 39:1 41:1 43:1,2,16 23,0,2,,,,0,,,0
1055,1054,14 19 27 28 30 45,14-19>9;14-27>10;14-28>12;14-30>1;14-45>43;19-27>38;19-28>31;19-30>32;19-45>26;27-28>35;27-30>36;27-45>18;28-30>44;28-45>17;30-45>15,1:1 9:1 10:1 12:1 15:1 17:1 18:1 26:1 31:1 32:1 35:1 36:1 38:1 43:1 44:1,0,,0,1,,,,0,,,0
1056,1055,4 7 12 14 22 33,4-7>28;4-12>23;4-14>24;4-22>10;4-33>35;7-12>17;7-14>18;7-22>37;7-33>41;12-14>28;12-22>2;12-33>36;14-22>15;14-33>40;22-33>29,28:2 2:1 10:1 15:1 17:1 18:1 23:1 24:1 29:1 35:1 36:1 37:1 40:1 41:1,1,28,0,0,,,,0,,,0
1057,1056,13 20 24 32 36 45,13-20>12;13-24>5;13-32>39;13-36>35;13-45>41;20-24>37;20-32>29;20-36>22;20-45>25;24-32>25;24-36>18;24-45>21;32-36>4;32-45>1;36-45>3,25:2 1:1 3:1 4:1 5:1 12:1 18:1 21:1 22:1 29:1 35:1 37:1 39:1 41:1,1,25,0,2,,,,0,,,0
1058,1057,8 13 19 27 40 45,8-13>18;8-19>15;8-27>1;8-40>36;8-45>31;13-19>10;13-27>11;13-40>31;13-45>41;19-27>38;19-40>16;19-45>26;27-40>23;27-45>18;40-45>5,18:2 31:2 1:1 5:1 10:1 11:1 15:1 16:1 23:1 26:1 36:1 38:1 41:1,2,18 31,0,1,,,,0,,,0
1059,1058,11 23 25 30 32 40,11-23>5;11-25>9;11-30>4;11-32>35;11-40>42;23-25>39;23-30>34;23-32>26;23-40>27;25-30>35;25-32>24;25-40>10;30-32>19;30-40>20;32-40>6,35:2 4:1 5:1 6:1 9:1 10:1 19:1 20:1 24:1 26:1 27:1 34:1 39:1 42:1,1,35,0,2,,,,0,,,0
1060,1059,7 10 22 25 34 40,7-10>16;7-22>37;7-25>13;7-34>40;7-40>34;10-22>4;10-25>40;10-34>31;10-40>25;22-25>31;22-34>16;22-40>28;25-34>28;25-40>10;34-40>7,16:2 28:2 31:2 40:2 4:1 7:1 10:1 13:1 25:1 34:1 37:1,4,16 28 31 40,1,1,16 28 31,,40,0,0,,0
1061,1060,3 10 24 33 38 45,3-10>29;3-24>15;3-33>18;3-38>43;3-45>36;10-24>8;10-33>32;10-38>42;10-45>35;24-33>27;24-38>22;24-45>21;33-38>13;33-45>9;38-45>4,4:1 8:1 9:1 13:1 15:1 18:1 21:1 22:1 27:1 29:1 32:1 35:1 36:1 42:1 43:1,0,,0,2,,,,0,,,0
1062,1061,4 24 27 35 37 45,4-24>14;4-27>5;4-35>33;4-37>31;4-45>38;24-27>33;24-35>16;24-37>20;24-45>21;27-35>28;27-37>17;27-45>18;35-37>6;35-45>10;37-45>11,33:2 5:1 6:1 10:1 11:1 14:1 16:1 17:1 18:1 20:1 21:1 28:1 31:1 38:1,1,33,0,1,,,,0,,,0
1063,1062,20 31 32 40 41 45,20-31>27;20-32>29;20-40>30;20-41>17;20-45>25;31-32>9;31-40>13;31-41>6;31-45>8;32-40>6;32-41>14;32-45>1;40-41>3;40-45>5;41-45>13,6:2 13:2 1:1 3:1 5:1 8:1 9:1 14:1 17:1 25:1 27:1 29:1 30:1,2,6 13,0,0,,,,1,,,0
1064,1063,3 6 22 23 24 38,3-6>27;3-22>11;3-23>13;3-24>15;3-38>43;6-22>8;6-23>10;6-24>12;6-38>34;22-23>45;22-24>38;22-38>24;23-24>31;23-38>8;24-38>22,8:2 10:1 11:1 12:1 13:1 15:1 22:1 24:1 27:1 31:1 34:1 38:1 43:1 45:1,1,8,0,3,,,,0,,,0
1065,1064,3 6 9 18 22 35,3-6>27;3-9>21;3-18>33;3-22>11;3-35>31;6-9>30;6-18>15;6-22>8;6-35>37;9-18>12;9-22>5;9-35>43;18-22>35;18-35>22;22-35>18,5:1 8:1 11:1 12:1 15:1 18:1 21:1 22:1 27:1 30:1 31:1 33:1 35:1 37:1 43:1,0,,0,2,,,,0,,,0
1066,1065,3 18 19 23 32 45,3-18>33;3-19>5;3-23>13;3-32>34;3-45>36;18-19>41;18-23>43;18-32>16;18-45>27;19-23>36;19-32>30;19-45>26;23-32>26;23-45>22;32-45>1,26:2 36:2 1:1 5:1 13:1 16:1 22:1 27:1 30:1 33:1 34:1 41:1 43:1,2,26 36,0,2,,,,0,,,0
1067,1066,6 11 16 19 21 32,6-11>16;6-16>11;6-19>2;6-21>36;6-32>40;11-16>6;11-19>12;11-21>1;11-32>35;16-19>40;16-21>41;16-32>18;19-21>35;19-32>30;21-32>28,35:2 40:2 1:1 2:1 6:1 11:1 12:1 16:1 18:1 28:1 30:1 36:1 41:1,2,35 40,0,1,,,,0,,,0
1068,1067,7 10 19 23 28 33,7-10>16;7-19>1;7-23>9;7-28>4;7-33>41;10-19>13;10-23>6;10-28>1;10-33>32;19-23>36;19-28>31;19-33>17;23-28>33;23-33>28;28-33>23,1:2 4:1 6:1 9:1 13:1 16:1 17:1 23:1 28:1 31:1 32:1 33:1 36:1 41:1,1,1,0,3,,,,0,,,0
1069,1068,4 7 19 26 33 35,4-7>28;4-19>34;4-26>3;4-33>35;4-35>33;7-19>1;7-26>15;7-33>41;7-35>39;19-26>45;19-33>17;19-35>21;26-33>25;26-35>29;33-35>4,1:1 3:1 4:1 15:1 17:1 21:1 25:1 28:1 29:1 33:1 34:1 35:1 39:1 41:1 45:1,0,,0,0,,,,0,,,0
1070,1069,1 10 18 22 28 31,1-10>28;1-18>5;1-22>13;1-28>10;1-31>16;10-18>11;10-22>4;10-28>1;10-31>34;18-22>35;18-28>38;18-31>29;22-28>40;22-31>25;28-31>19,1:1 4:1 5:1 10:1 11:1 13:1 16:1 19:1 25:1 28:1 29:1 34:1 35:1 38:1 40:1,0,,0,1,,,,0,,,0
1071,1070,3 6 14 22 30 41,3-6>27;3-14>16;3-22>11;3-30>12;3-41>40;6-14>25;6-22>8;6-30>9;6-41>31;14-22>15;14-30>1;14-41>32;22-30>41;22-41>30;30-41>22,1:1 8:1 9:1 11:1 12:1 15:1 16:1 22:1 25:1 27:1 30:1 31:1 32:1 40:1 41:1,0,,0,1,,,,0,,,0
1072,1071,1 2 11 21 30 35,1-2>24;1-11>21;1-21>11;1-30>14;1-35>42;2-11>29;2-21>10;2-30>13;2-35>44;11-21>1;11-30>4;11-35>32;21-30>33;21-35>19;30-35>25,1:1 4:1 10:1 11:1 13:1 14:1 19:1 21:1 24:1 25:1 29:1 32:1 33:1 42:1 44:1,0,,0,0,,,,0,,,0
1073,1072,16 18 20 23 32 43,16-18>32;16-20>33;16-23>42;16-32>18;16-43>25;18-20>34;18-23>43;18-32>16;18-43>23;20-23>44;20-32>29;20-43>21;23-32>26;23-43>18;32-43>15,18:2 15:1 16:1 21:1 23:1 25:1 26:1 29:1 32:1 33:1 34:1 42:1 43:1 44:1,1,18,1,2,,,,1,,,0
1074,1073,6 18 28 30 32 38,6-18>15;6-28>5;6-30>9;6-32>40;6-38>34;18-28>38;18-30>39;18-32>16;18-38>28;28-30>44;28-32>21;28-38>18;30-32>19;30-38>16;32-38>5,5:2 16:2 9:1 15:1 18:1 19:1 21:1 28:1 34:1 38:1 39:1 40:1 44:1,2,5 16,0,2,,,,0,,,0
1075,1074,1 6 20 27 28 41,1-6>26;1-20>9;1-27>8;1-28>10;1-41>36;6-20>4;6-27>3;6-28>5;6-41>31;20-27>31;20-28>39;20-41>17;27-28>35;27-41>25;28-41>24,31:2 3:1 4:1 5:1 8:1 9:1 10:1 17:1 24:1 25:1 26:1 35:1 36:1 39:1,1,31,0,1,,,,0,,,0
1076,1075,1 23 24 35 44 45,1-23>15;1-24>2;1-35>42;1-44>33;1-45>32;23-24>31;23-35>17;23-44>20;23-45>22;24-35>16;24-44>19;24-45>21;35-44>2;35-45>10;44-45>7,2:2 7:1 10:1 15:1 16:1 17:1 19:1 20:1 21:1 22:1 31:1 32:1 33:1 42:1,1,2,0,0,,,,0,,,0
1077,1076,3 7 9 33 36 37,3-7>20;3-9>21;3-33>18;3-36>45;3-37>44;7-9>23;7-33>41;7-36>38;7-37>22;9-33>45;9-36>42;9-37>41;33-36>12;33-37>5;36-37>14,41:2 45:2 5:1 12:1 14:1 18:1 20:1 21:1 22:1 23:1 38:1 42:1 44:1,2,41 45,0,0,,,,0,,,0
1078,1077,4 8 17 30 40 43,4-8>21;4-17>15;4-30>11;4-40>43;4-43>40;8-17>11;8-30>7;8-40>36;8-43>33;17-30>31;17-40>18;17-43>24;30-40>20;30-43>26;40-43>4,11:2 4:1 7:1 15:1 18:1 20:1 21:1 24:1 26:1 31:1 33:1 36:1 40:1 43:1,1,11,0,0,,,,1,,,0
1079,1078,6 10 11 14 36 38,6-10>23;6-11>16;6-14>25;6-36>21;6-38>34;10-11>18;10-14>27;10-36>44;10-38>42;11-14>20;11-36>31;11-38>44;14-36>37;14-38>35;36-38>7,44:2 7:1 16:1 18:1 20:1 21:1 23:1 25:1 27:1 31:1 34:1 35:1 37:1 42:1,1,44,0,0,,,,0,,,0
1080,1079,4 8 18 24 37 45,4-8>21;4-18>2;4-24>14;4-37>31;4-45>38;8-18>13;8-24>10;8-37>39;8-45>31;18-24>36;18-37>26;18-45>27;24-37>20;24-45>21;37-45>11,21:2 31:2 2:1 10:1 11:1 13:1 14:1 20:1 26:1 27:1 36:1 38:1 39:1,2,21 31,0,0,,,,1,,,0
1081,1080,13 16 23 31 36 44,13-16>4;13-23>3;13-31>40;13-36>35;13-44>42;16-23>42;16-31>1;16-36>26;16-44>27;23-31>24;23-36>19;23-44>20;31-36>11;31-44>15;36-44>10,42:2 1:1 3:1 4:1 10:1 11:1 15:1 19:1 20:1 24:1 26:1 27:1 35:1 40:1,1,42,0,2,,,,0,,,0
1082,1081,1 9 16 23 24 38,1-9>20;1-16>31;1-23>15;1-24>2;1-38>39;9-16>8;9-23>7;9-24>39;9-38>40;16-23>42;16-24>35;16-38>30;23-24>31;23-38>8;24-38>22,8:2 31:2 39:2 2:1 7:1 15:1 20:1 22:1 30:1 35:1 40:1 42:1,3,8 31 39,0,0,8 31 39,,,0,0,,0
1083,1082,21 26 27 32 34 42,21-26>31;21-27>39;21-32>28;21-34>17;21-42>18;26-27>34;26-32>23;26-34>27;26-42>28;27-32>22;27-34>26;27-42>12;32-34>3;32-42>7;34-42>8,28:2 3:1 7:1 8:1 12:1 17:1 18:1 22:1 23:1 26:1 27:1 31:1 34:1 39:1,1,28,0,0,,,,0,,,0
1084,1083,3 7 14 15 22 38,3-7>20;3-14>16;3-15>24;3-22>11;3-38>43;7-14>18;7-15>26;7-22>37;7-38>36;14-15>22;14-22>15;14-38>35;15-22>14;15-38>37;22-38>24,24:2 37:2 11:1 14:1 15:1 16:1 18:1 20:1 22:1 26:1 35:1 36:1 43:1,2,24 37,0,0,,,,0,,,0
1085,1084,8 12 13 29 33 42,8-12>25;8-13>18;8-29>5;8-33>43;8-42>34;12-13>20;12-29>1;12-33>36;12-42>27;13-29>15;13-33>38;13-42>44;29-33>22;29-42>25;33-42>15,15:2 25:2 1:1 5:1 18:1 20:1 22:1 27:1 34:1 36:1 38:1 43:1 44:1,2,15 25,0,0,,,,0,,,0
1086,1085,4 7 17 18 38 44,4-7>28;4-17>15;4-18>2;4-38>45;4-44>39;7-17>12;7-18>14;7-38>36;7-44>45;17-18>40;17-38>29;17-44>26;18-38>28;18-44>25;38-44>11,28:2 45:2 2:1 11:1 12:1 14:1 15:1 25:1 26:1 29:1 36:1 39:1 40:1,2,28 45,0,0,,,,0,,,0
1087,1086,11 16 25 27 35 36,11-16>6;11-25>9;11-27>13;11-35>32;11-36>31;16-25>43;16-27>44;16-35>24;16-36>26;25-27>41;25-35>30;25-36>17;27-35>28;27-36>30;35-36>13,13:2 30:2 6:1 9:1 17:1 24:1 26:1 28:1 31:1 32:1 41:1 43:1 44:1,2,13 30,0,0,,,,1,,,0
1088,1087,13 14 18 21 34 44,13-14>21;13-18>8;13-21>14;13-34>37;13-44>42;14-18>7;14-21>13;14-34>39;14-44>29;18-21>42;18-34>20;18-44>25;21-34>17;21-44>22;34-44>9,42:2 7:1 8:1 9:1 13:1 14:1 17:1 20:1 21:1 22:1 25:1 29:1 37:1 39:1,1,42,0,2,,,,0,,,0
1089,1088,11 21 22 30 39 44,11-21>1;11-22>3;11-30>4;11-39>43;11-44>38;21-22>44;21-30>33;21-39>27;21-44>22;22-30>41;22-39>26;22-44>21;30-39>18;30-44>28;39-44>4,4:2 1:1 3:1 18:1 21:1 22:1 26:1 27:1 28:1 33:1 38:1 41:1 43:1 44:1,1,4,0,0,,,,1,,,0
1090,1089,4 18 31 37 42 43,4-18>2;4-31>37;4-37>31;4-42>41;4-43>40;18-31>29;18-37>26;18-42>21;18-43>23;31-37>4;31-42>14;31-43>7;37-42>2;37-43>10;42-43>5,2:2 4:1 5:1 7:1 10:1 14:1 21:1 23:1 26:1 29:1 31:1 37:1 40:1 41:1,1,2,0,0,,,,0,,,0
1091,1090,12 19 21 29 40 45,12-19>11;12-21>15;12-29>1;12-40>44;12-45>39;19-21>35;19-29>39;19-40>16;19-45>26;21-29>40;21-40>29;21-45>24;29-40>21;29-45>16;40-45>5,16:2 39:2 1:1 5:1 11:1 15:1 21:1 24:1 26:1 29:1 35:1 40:1 44:1,2,16 39,0,0,,,,0,,,0
1092,1091,6 20 23 24 28 30,6-20>4;6-23>10;6-24>12;6-28>5;6-30>9;20-23>44;20-24>37;20-28>39;20-30>40;23-24>31;23-28>33;23-30>34;24-28>41;24-30>42;28-30>44,44:2 4:1 5:1 9:1 10:1 12:1 31:1 33:1 34:1 37:1 39:1 40:1 41:1 42:1,1,44,0,0,,,,0,,,0
1093,1092,7 18 19 26 33 45,7-18>14;7-19>1;7-26>15;7-33>41;7-45>44;18-19>41;18-26>37;18-33>3;18-45>27;19-26>45;19-33>17;19-45>26;26-33>25;26-45>19;33-45>9,41:2 1:1 3:1 9:1 14:1 15:1 17:1 19:1 25:1 26:1 27:1 37:1 44:1 45:1,1,41,0,0,,,,0,,,0
1094,1093,10 17 22 30 35 43,10-17>9;10-22>4;10-30>5;10-35>45;10-43>37;17-22>42;17-30>31;17-35>23;17-43>24;22-30>41;22-35>18;22-43>19;30-35>25;30-43>26;35-43>9,9:2 4:1 5:1 18:1 19:1 23:1 24:1 25:1 26:1 31:1 37:1 41:1 42:1 45:1,1,9,0,1,,,,0,,,0
1095,1094,6 7 15 22 26 40,6-7>29;6-15>18;6-22>8;6-26>1;6-40>32;7-15>26;7-22>37;7-26>15;7-40>34;15-22>14;15-26>7;15-40>35;22-26>39;22-40>28;26-40>24,1:1 7:1 8:1 14:1 15:1 18:1 24:1 26:1 28:1 29:1 32:1 34:1 35:1 37:1 39:1,0,,0,1,,,,0,,,0
1096,1095,8 14 28 29 34 40,8-14>26;8-28>3;8-29>5;8-34>42;8-40>36;14-28>12;14-29>44;14-34>39;14-40>33;28-29>36;28-34>25;28-40>22;29-34>24;29-40>21;34-40>7,36:2 3:1 5:1 7:1 12:1 21:1 22:1 24:1 25:1 26:1 33:1 39:1 42:1 44:1,1,36,0,0,,,,0,,,0
1097,1096,1 12 16 19 23 43,1-12>29;1-16>31;1-19>7;1-23>15;1-43>34;12-16>5;12-19>11;12-23>4;12-43>41;16-19>40;16-23>42;16-43>25;19-23>36;19-43>22;23-43>18,4:1 5:1 7:1 11:1 15:1 18:1 22:1 25:1 29:1 31:1 34:1 36:1 40:1 41:1 42:1,0,,0,0,,,,0,,,0
1098,1097,14 33 34 35 37 40,14-33>40;14-34>39;14-35>38;14-37>36;14-40>33;33-34>11;33-35>4;33-37>5;33-40>14;34-35>12;34-37>13;34-40>7;35-37>6;35-40>15;37-40>1,1:1 4:1 5:1 6:1 7:1 11:1 12:1 13:1 14:1 15:1 33:1 36:1 38:1 39:1 40:1,0,,0,0,,,,0,,,0
1099,1098,12 16 21 24 41 43,12-16>5;12-21>15;12-24>6;12-41>43;12-43>41;16-21>41;16-24>35;16-41>21;16-43>25;21-24>45;21-41>16;21-43>20;24-41>28;24-43>17;41-43>12,41:2 5:1 6:1 12:1 15:1 16:1 17:1 20:1 21:1 25:1 28:1 35:1 43:1 45:1,1,41,1,1,,,,0,,,0
1100,1099,3 20 28 38 40 43,3-20>7;3-28>8;3-38>43;3-40>41;3-43>38;20-28>39;20-38>26;20-40>30;20-43>21;28-38>18;28-40>22;28-43>13;38-40>9;38-43>3;40-43>4,3:1 4:1 7:1 8:1 9:1 13:1 18:1 21:1 22:1 26:1 30:1 38:1 39:1 41:1 43:1,0,,0,1,,,,0,,,0
1101,1100,17 26 29 30 31 43,17-26>44;17-29>38;17-30>31;17-31>30;17-43>24;26-29>35;26-30>43;26-31>21;26-43>30;29-30>37;29-31>18;29-43>27;30-31>17;30-43>26;31-43>7,30:2 7:1 17:1 18:1 21:1 24:1 26:1 27:1 31:1 35:1 37:1 38:1 43:1 44:1,1,30,1,0,,,,0,,,0
1102,1101,6 7 13 28 36 42,6-7>29;6-13>17;6-28>5;6-36>21;6-42>45;7-13>25;7-28>4;7-36>38;7-42>32;13-28>43;13-36>35;13-42>44;28-36>29;28-42>26;36-42>9,29:2 4:1 5:1 9:1 17:1 21:1 25:1 26:1 32:1 35:1 38:1 43:1 44:1 45:1,1,29,0,1,,,,0,,,0
1103,1102,13 14 22 26 37 38,13-14>21;13-22>1;13-26>9;13-37>34;13-38>33;14-22>15;14-26>8;14-37>36;14-38>35;22-26>39;22-37>7;22-38>24;26-37>18;26-38>20;37-38>15,15:2 1:1 7:1 8:1 9:1 18:1 20:1 21:1 24:1 33:1 34:1 35:1 36:1 39:1,1,15,0,0,,,,0,,,0
1104,1103,10 12 29 31 40 44,10-12>26;10-29>3;10-31>34;10-40>25;10-44>36;12-29>1;12-31>38;12-40>44;12-44>40;29-31>18;29-40>21;29-44>14;31-40>13;31-44>15;40-44>12,1:1 3:1 12:1 13:1 14:1 15:1 18:1 21:1 25:1 26:1 34:1 36:1 38:1 40:1 44:1,0,,0,0,,,,0,,,0
1105,1104,1 7 21 30 35 38,1-7>19;1-21>11;1-30>14;1-35>42;1-38>39;7-21>5;7-30>8;7-35>39;7-38>36;21-30>33;21-35>19;21-38>25;30-35>25;30-38>16;35-38>14,14:2 19:2 25:2 39:2 5:1 8:1 11:1 16:1 33:1 36:1 42:1,4,14 19 25 39,0,0,14 19 25,,39,1,0,,0
1106,1105,6 16 34 37 39 40,6-16>11;6-34>38;6-37>35;6-39>33;6-40>32;16-34>22;16-37>28;16-39>17;16-40>19;34-37>13;34-39>14;34-40>7;37-39>8;37-40>1;39-40>2,1:1 2:1 7:1 8:1 11:1 13:1 14:1 17:1 19:1 22:1 28:1 32:1 33:1 35:1 38:1,0,,0,0,,,,0,,,0
1107,1106,1 3 4 29 42 45,1-3>17;1-4>25;1-29>12;1-42>35;1-45>32;3-4>26;3-29>10;3-42>39;3-45>36;4-29>9;4-42>41;4-45>38;29-42>25;29-45>16;42-45>6,25:2 6:1 9:1 10:1 12:1 16:1 17:1 26:1 32:1 35:1 36:1 38:1 39:1 41:1,1,25,0,0,,,,0,,,0
1108,1107,6 14 30 31 40 41,6-14>25;6-30>9;6-31>41;6-40>32;6-41>31;14-30>1;14-31>42;14-40>33;14-41>32;30-31>17;30-40>20;30-41>22;31-40>13;31-41>6;40-41>3,32:2 1:1 3:1 6:1 9:1 13:1 17:1 20:1 22:1 25:1 31:1 33:1 41:1 42:1,1,32,0,0,,,,0,,,0
1109,1108,7 19 26 37 39 44,7-19>1;7-26>15;7-37>22;7-39>35;7-44>45;19-26>45;19-37>25;19-39>29;19-44>24;26-37>18;26-39>22;26-44>17;37-39>8;37-44>3;39-44>4,22:2 45:2 1:1 3:1 4:1 8:1 15:1 17:1 18:1 24:1 25:1 29:1 35:1,2,22 45,0,1,,,,0,,,0
1110,1109,10 12 13 19 33 40,10-12>26;10-13>19;10-19>13;10-33>32;10-40>25;12-13>20;12-19>11;12-33>36;12-40>44;13-19>10;13-33>38;13-40>31;19-33>17;19-40>16;33-40>14,10:1 11:1 13:1 14:1 16:1 17:1 19:1 20:1 25:1 26:1 31:1 32:1 36:1 38:1 44:1,0,,0,0,,,,0,,,0
1111,1110,3 7 11 20 22 41,3-7>20;3-11>22;3-20>7;3-22>11;3-41>40;7-11>24;7-20>3;7-22>37;7-41>33;11-20>14;11-22>3;11-41>26;20-22>36;20-41>17;22-41>30,3:2 7:1 11:1 14:1 17:1 20:1 22:1 24:1 26:1 30:1 33:1 36:1 37:1 40:1,1,3,1,1,,,,1,,,0
1112,1111,3 13 30 33 43 45,3-13>23;3-30>12;3-33>18;3-43>38;3-45>36;13-30>2;13-33>38;13-43>28;13-45>41;30-33>21;30-43>26;30-45>15;33-43>8;33-45>9;43-45>14,38:2 2:1 8:1 9:1 12:1 14:1 15:1 18:1 21:1 23:1 26:1 28:1 36:1 41:1,1,38,0,0,,,,0,,,0
1113,1112,16 20 26 36 42 44,16-20>33;16-26>36;16-36>26;16-42>23;16-44>27;20-26>38;20-36>22;20-42>19;20-44>23;26-36>16;26-42>28;26-44>17;36-42>9;36-44>10;42-44>13,23:2 9:1 10:1 13:1 16:1 17:1 19:1 22:1 26:1 27:1 28:1 33:1 36:1 38:1,1,23,0,2,,,,0,,,0
1114,1113,11 13 20 21 32 44,11-13>27;11-20>14;11-21>1;11-32>35;11-44>38;13-20>12;13-21>14;13-32>39;13-44>42;20-21>43;20-32>29;20-44>23;21-32>28;21-44>22;32-44>8,14:2 1:1 8:1 12:1 22:1 23:1 27:1 28:1 29:1 35:1 38:1 39:1 42:1 43:1,1,14,0,1,,,,0,,,0
1115,1114,10 16 19 32 33 38,10-16>7;10-19>13;10-32>33;10-33>32;10-38>42;16-19>40;16-32>18;16-33>20;16-38>30;19-32>30;19-33>17;19-38>27;32-33>10;32-38>5;33-38>13,13:2 30:2 5:1 7:1 10:1 17:1 18:1 20:1 27:1 32:1 33:1 40:1 42:1,2,13 30,0,1,,,,0,,,0
1116,1115,7 12 23 32 34 36,7-12>17;7-23>9;7-32>42;7-34>40;7-36>38;12-23>4;12-32>37;12-34>35;12-36>33;23-32>26;23-34>30;23-36>19;32-34>3;32-36>4;34-36>5,4:2 3:1 5:1 9:1 17:1 19:1 26:1 30:1 33:1 35:1 37:1 38:1 40:1 42:1,1,4,0,0,,,,0,,,0
1117,1116,15 16 17 25 30 31,15-16>2;15-17>4;15-25>5;15-30>45;15-31>44;16-17>39;16-25>43;16-30>38;16-31>1;17-25>36;17-30>31;17-31>30;25-30>35;25-31>22;30-31>17,1:1 2:1 4:1 5:1 17:1 22:1 30:1 31:1 35:1 36:1 38:1 39:1 43:1 44:1 45:1,0,,0,1,,,,0,,,0
1118,1117,3 4 9 30 33 36,3-4>26;3-9>21;3-30>12;3-33>18;3-36>45;4-9>29;4-30>11;4-33>35;4-36>32;9-30>6;9-33>45;9-36>42;30-33>21;30-36>27;33-36>12,12:2 21:2 45:2 6:1 11:1 18:1 26:1 27:1 29:1 32:1 35:1 42:1,3,12 21 45,0,0,12 21 45,,,1,1,,0
1119,1118,11 13 14 15 16 45,11-13>27;11-14>20;11-15>28;11-16>6;11-45>37;13-14>21;13-15>29;13-16>4;13-45>41;14-15>22;14-16>3;14-45>43;15-16>2;15-45>30;16-45>29,29:2 2:1 3:1 4:1 6:1 20:1 21:1 22:1 27:1 28:1 30:1 37:1 41:1 43:1,1,29,0,2,,,,0,,,0
1120,1119,1 9 12 13 20 45,1-9>20;1-12>29;1-13>22;1-20>9;1-45>32;9-12>18;9-13>26;9-20>1;9-45>33;12-13>20;12-20>13;12-45>39;13-20>12;13-45>41;20-45>25,20:2 1:1 9:1 12:1 13:1 18:1 22:1 25:1 26:1 29:1 32:1 33:1 39:1 41:1,1,20,1,0,,,,0,,,0
1121,1120,2 19 26 31 38 41,2-19>6;2-26>5;2-31>33;2-38>41;2-41>38;19-26>45;19-31>28;19-38>27;19-41>18;26-31>21;26-38>20;26-41>11;31-38>12;31-41>6;38-41>2,6:2 2:1 5:1 11:1 12:1 18:1 20:1 21:1 27:1 28:1 33:1 38:1 41:1 45:1,1,6,0,2,,,,1,,,0
1122,1121,6 24 31 32 38 44,6-24>12;6-31>41;6-32>40;6-38>34;6-44>43;24-31>23;24-32>25;24-38>22;24-44>19;31-32>9;31-38>12;31-44>15;32-38>5;32-44>8;38-44>11,12:2 5:1 8:1 9:1 11:1 15:1 19:1 22:1 23:1 25:1 34:1 40:1 41:1 43:1,1,12,0,1,,,,0,,,0
1123,1122,3 6 21 30 34 35,3-6>27;3-21>9;3-30>12;3-34>32;3-35>31;6-21>36;6-30>9;6-34>38;6-35>37;21-30>33;21-34>17;21-35>19;30-34>23;30-35>25;34-35>12,9:2 12:2 17:1 19:1 23:1 25:1 27:1 31:1 32:1 33:1 36:1 37:1 38:1,2,9 12,0,3,,,,0,,,0
1124,1123,13 19 21 24 34 35,13-19>10;13-21>14;13-24>5;13-34>37;13-35>36;19-21>35;19-24>44;19-34>4;19-35>21;21-24>45;21-34>17;21-35>19;24-34>29;24-35>16;34-35>12,4:1 5:1 10:1 12:1 14:1 16:1 17:1 19:1 21:1 29:1 35:1 36:1 37:1 44:1 45:1,0,,0,1,,,,0,,,0
1125,1124,3 8 17 30 33 34,3-8>28;3-17>1;3-30>12;3-33>18;3-34>32;8-17>11;8-30>7;8-33>43;8-34>42;17-30>31;17-33>19;17-34>21;30-33>21;30-34>23;33-34>11,11:2 21:2 1:1 7:1 12:1 18:1 19:1 23:1 28:1 31:1 32:1 42:1 43:1,2,11 21,0,1,,,,0,,,0
1126,1125,6 14 25 33 40 44,6-14>25;6-25>14;6-33>39;6-40>32;6-44>43;14-25>6;14-33>40;14-40>33;14-44>29;25-33>26;25-40>10;25-44>18;33-40>14;33-44>1;40-44>12,14:2 1:1 6:1 10:1 12:1 18:1 25:1 26:1 29:1 32:1 33:1 39:1 40:1 43:1,1,14,1,1,,,,0,,,0
1127,1126,4 5 9 11 37 40,4-5>27;4-9>29;4-11>30;4-37>31;4-40>43;5-9>22;5-11>23;5-37>33;5-40>45;9-11>25;9-37>41;9-40>38;11-37>45;11-40>42;37-40>1,45:2 1:1 22:1 23:1 25:1 27:1 29:1 30:1 31:1 33:1 38:1 41:1 42:1 43:1,1,45,0,1,,,,0,,,0
1128,1127,10 15 24 30 31 37,10-15>20;10-24>8;10-30>5;10-31>34;10-37>43;15-24>3;15-30>45;15-31>44;15-37>38;24-30>42;24-31>23;24-37>20;30-31>17;30-37>29;31-37>4,20:2 3:1 4:1 5:1 8:1 17:1 23:1 29:1 34:1 38:1 42:1 43:1 44:1 45:1,1,20,0,0,,,,0,,,0
1129,1128,1 5 8 16 28 33,1-5>18;1-8>27;1-16>31;1-28>10;1-33>44;5-8>29;5-16>12;5-28>6;5-33>37;8-16>9;8-28>3;8-33>43;16-28>37;16-33>20;28-33>23,37:2 3:1 6:1 9:1 10:1 12:1 18:1 20:1 23:1 27:1 29:1 31:1 43:1 44:1,1,37,0,2,,,,0,,,0
1130,1129,5 10 11 17 28 34,5-10>30;5-11>23;5-17>14;5-28>6;5-34>36;10-11>18;10-17>9;10-28>1;10-34>31;11-17>8;11-28>15;11-34>33;17-28>45;17-34>21;28-34>25,1:1 6:1 8:1 9:1 14:1 15:1 18:1 21:1 23:1 25:1 30:1 31:1 33:1 36:1 45:1,0,,0,1,,,,0,,,0
1131,1130,15 19 21 25 27 28,15-19>8;15-21>12;15-25>5;15-27>9;15-28>11;19-21>35;19-25>37;19-27>38;19-28>31;21-25>38;21-27>39;21-28>32;25-27>41;25-28>34;27-28>35,35:2 38:2 5:1 8:1 9:1 11:1 12:1 31:1 32:1 34:1 37:1 39:1 41:1,2,35 38,0,1,,,,1,,,0
1132,1131,1 2 6 14 27 38,1-2>24;1-6>26;1-14>30;1-27>8;1-38>39;2-6>19;2-14>23;2-27>7;2-38>41;6-14>25;6-27>3;6-38>34;14-27>10;14-38>35;27-38>19,19:2 3:1 7:1 8:1 10:1 23:1 24:1 25:1 26:1 30:1 34:1 35:1 39:1 41:1,1,19,0,1,,,,1,,,0
1133,1132,6 7 19 28 34 41,6-7>29;6-19>2;6-28>5;6-34>38;6-41>31;7-19>1;7-28>4;7-34>40;7-41>33;19-28>31;19-34>4;19-41>18;28-34>25;28-41>24;34-41>15,4:2 31:2 1:1 2:1 5:1 15:1 18:1 24:1 25:1 29:1 33:1 38:1 40:1,2,4 31,0,2,,,,0,,,0
1134,1133,13 14 20 28 29 34,13-14>21;13-20>12;13-28>43;13-29>15;13-34>37;14-20>11;14-28>12;14-29>44;14-34>39;20-28>39;20-29>32;20-34>18;28-29>36;28-34>25;29-34>24,12:2 39:2 11:1 15:1 18:1 21:1 24:1 25:1 32:1 36:1 37:1 43:1 44:1,2,12 39,0,1,,,,0,,,0
1135,1134,3 7 9 13 19 24,3-7>20;3-9>21;3-13>23;3-19>5;3-24>15;7-9>23;7-13>25;7-19>1;7-24>11;9-13>26;9-19>14;9-24>39;13-19>10;13-24>5;19-24>44,5:2 23:2 1:1 10:1 11:1 14:1 15:1 20:1 21:1 25:1 26:1 39:1 44:1,2,5 23,0,2,,,,0,,,0
1136,1135,1 6 13 19 21 33,1-6>26;1-13>22;1-19>7;1-21>11;1-33>44;6-13>17;6-19>2;6-21>36;6-33>39;13-19>10;13-21>14;13-33>38;19-21>35;19-33>17;21-33>30,17:2 2:1 7:1 10:1 11:1 14:1 22:1 26:1 30:1 35:1 36:1 38:1 39:1 44:1,1,17,0,2,,,,0,,,0
1137,1136,21 33 35 38 42 44,21-33>30;21-35>19;21-38>25;21-42>18;21-44>22;33-35>4;33-38>13;33-42>15;33-44>1;35-38>14;35-42>1;35-44>2;38-42>10;38-44>11;42-44>13,1:2 13:2 2:1 4:1 10:1 11:1 14:1 15:1 18:1 19:1 22:1 25:1 30:1,2,1 13,0,1,,,,0,,,0
1138,1137,4 9 12 15 33 45,4-9>29;4-12>23;4-15>17;4-33>35;4-45>38;9-12>18;9-15>27;9-33>45;9-45>33;12-15>21;12-33>36;12-45>39;15-33>42;15-45>30;33-45>9,9:1 17:1 18:1 21:1 23:1 27:1 29:1 30:1 33:1 35:1 36:1 38:1 39:1 42:1 45:1,0,,0,0,,,,0,,,0
1139,1138,14 16 19 20 29 34,14-16>3;14-19>9;14-20>11;14-29>44;14-34>39;16-19>40;16-20>33;16-29>45;16-34>22;19-20>42;19-29>39;19-34>4;20-29>32;20-34>18;29-34>24,39:2 3:1 4:1 9:1 11:1 18:1 22:1 24:1 32:1 33:1 40:1 42:1 44:1 45:1,1,39,0,0,,,,0,,,0
1140,1139,5 12 15 30 37 40,5-12>16;5-15>25;5-30>10;5-37>33;5-40>45;12-15>21;12-30>3;12-37>32;12-40>44;15-30>45;15-37>38;15-40>35;30-37>29;30-40>20;37-40>1,45:2 1:1 3:1 10:1 16:1 20:1 21:1 25:1 29:1 32:1 33:1 35:1 38:1 44:1,1,45,0,0,,,,0,,,0
1141,1140,7 10 22 29 31 38,7-10>16;7-22>37;7-29>6;7-31>43;7-38>36;10-22>4;10-29>3;10-31>34;10-38>42;22-29>33;22-31>25;22-38>24;29-31>18;29-38>17;31-38>12,3:1 4:1 6:1 12:1 16:1 17:1 18:1 24:1 25:1 33:1 34:1 36:1 37:1 42:1 43:1,0,,0,1,,,,0,,,0
1142,1141,7 11 12 21 26 35,7-11>24;7-12>17;7-21>5;7-26>15;7-35>39;11-12>19;11-21>1;11-26>41;11-35>32;12-21>15;12-26>10;12-35>34;21-26>31;21-35>19;26-35>29,15:2 19:2 1:1 5:1 10:1 17:1 24:1 29:1 31:1 32:1 34:1 39:1 41:1,2,15 19,0,0,,,,0,,,0
1143,1142,2 8 28 30 37 41,2-8>20;2-28>9;2-30>13;2-37>42;2-41>38;8-28>3;8-30>7;8-37>39;8-41>35;28-30>44;28-37>16;28-41>24;30-37>29;30-41>22;37-41>9,9:2 3:1 7:1 13:1 16:1 20:1 22:1 24:1 29:1 35:1 38:1 39:1 42:1 44:1,1,9,0,1,,,,0,,,0
1144,1143,10 16 17 27 28 36,10-16>7;10-17>9;10-27>14;10-28>1;10-36>44;16-17>39;16-27>44;16-28>37;16-36>26;17-27>37;17-28>45;17-36>25;27-28>35;27-36>30;28-36>29,37:2 44:2 1:1 7:1 9:1 14:1 25:1 26:1 29:1 30:1 35:1 39:1 45:1,2,37 44,0,0,,,,0,,,0
1145,1144,3 4 12 15 26 34,3-4>26;3-12>30;3-15>24;3-26>4;3-34>32;4-12>23;4-15>17;4-26>3;4-34>19;12-15>21;12-26>10;12-34>35;15-26>7;15-34>41;26-34>27,3:1 4:1 7:1 10:1 17:1 19:1 21:1 23:1 24:1 26:1 27:1 30:1 32:1 35:1 41:1,0,,0,0,,,,0,,,0
1146,1145,2 11 31 33 37 44,2-11>29;2-31>33;2-33>31;2-37>42;2-44>35;11-31>36;11-33>34;11-37>45;11-44>38;31-33>2;31-37>4;31-44>15;33-37>5;33-44>1;37-44>3,1:1 2:1 3:1 4:1 5:1 15:1 29:1 31:1 33:1 34:1 35:1 36:1 38:1 42:1 45:1,0,,0,1,,,,0,,,0
1147,1146,6 11 17 19 40 43,6-11>16;6-17>13;6-19>2;6-40>32;6-43>44;11-17>8;11-19>12;11-40>42;11-43>39;17-19>33;17-40>18;17-43>24;19-40>16;19-43>22;40-43>4,16:2 2:1 4:1 8:1 12:1 13:1 18:1 22:1 24:1 32:1 33:1 39:1 42:1 44:1,1,16,0,1,,,,0,,,0
1148,1147,7 11 24 26 27 37,7-11>24;7-24>11;7-26>15;7-27>2;7-37>22;11-24>7;11-26>41;11-27>13;11-37>45;24-26>40;24-27>33;24-37>20;26-27>34;26-37>18;27-37>17,2:1 7:1 11:1 13:1 15:1 17:1 18:1 20:1 22:1 24:1 33:1 34:1 40:1 41:1 45:1,0,,0,0,,,,0,,,0
1149,1148,3 6 13 15 16 22,3-6>27;3-13>23;3-15>24;3-16>14;3-22>11;6-13>17;6-15>18;6-16>11;6-22>8;13-15>29;13-16>4;13-22>1;15-16>2;15-22>14;16-22>34,11:2 14:2 1:1 2:1 4:1 8:1 17:1 18:1 23:1 24:1 27:1 29:1 34:1,2,11 14,0,1,,,,0,,,0
1150,1149,8 15 19 21 32 36,8-15>19;8-19>15;8-21>4;8-32>44;8-36>40;15-19>8;15-21>12;15-32>43;15-36>39;19-21>35;19-32>30;19-36>23;21-32>28;21-36>6;32-36>4,4:2 6:1 8:1 12:1 15:1 19:1 23:1 28:1 30:1 35:1 39:1 40:1 43:1 44:1,1,4,0,1,,,,0,,,0
1151,1150,8 9 18 35 39 45,8-9>16;8-18>13;8-35>41;8-39>37;8-45>31;9-18>12;9-35>43;9-39>24;9-45>33;18-35>22;18-39>30;18-45>27;35-39>7;35-45>10;39-45>12,12:2 7:1 10:1 13:1 16:1 22:1 24:1 27:1 30:1 31:1 33:1 37:1 41:1 43:1,1,12,0,1,,,,0,,,0
1152,1151,2 3 9 15 27 29,2-3>25;2-9>28;2-15>16;2-27>7;2-29>11;3-9>21;3-15>24;3-27>6;3-29>10;9-15>27;9-27>15;9-29>4;15-27>9;15-29>13;27-29>43,4:1 6:1 7:1 9:1 10:1 11:1 13:1 15:1 16:1 21:1 24:1 25:1 27:1 28:1 43:1,0,,0,0,,,,0,,,0
1153,1152,30 31 32 35 36 37,30-31>17;30-32>19;30-35>25;30-36>27;30-37>29;31-32>9;31-35>3;31-36>11;31-37>4;32-35>11;32-36>4;32-37>12;35-36>13;35-37>6;36-37>14,4:2 11:2 3:1 6:1 9:1 12:1 13:1 14:1 17:1 19:1 25:1 27:1 29:1,2,4 11,0,1,,,,0,,,0
1154,1153,1 9 10 13 35 44,1-9>20;1-10>28;1-13>22;1-35>42;1-44>33;9-10>17;9-13>26;9-35>43;9-44>34;10-13>19;10-35>45;10-44>36;13-35>36;13-44>42;35-44>2,36:2 42:2 2:1 17:1 19:1 20:1 22:1 26:1 28:1 33:1 34:1 43:1 45:1,2,36 42,0,0,,,,0,,,0
1155,1154,4 8 22 26 32 38,4-8>21;4-22>10;4-26>3;4-32>36;4-38>45;8-22>6;8-26>14;8-32>44;8-38>23;22-26>39;22-32>27;22-38>24;26-32>23;26-38>20;32-38>5,23:2 3:1 5:1 6:1 10:1 14:1 20:1 21:1 24:1 27:1 36:1 39:1 44:1 45:1,1,23,0,1,,,,0,,,0
1156,1155,10 16 19 27 37 38,10-16>7;10-19>13;10-27>14;10-37>43;10-38>42;16-19>40;16-27>44;16-37>28;16-38>30;19-27>38;19-37>25;19-38>27;27-37>17;27-38>19;37-38>15,7:1 13:1 14:1 15:1 17:1 19:1 25:1 27:1 28:1 30:1 38:1 40:1 42:1 43:1 44:1,0,,0,0,,,,0,,,0
1157,1156,30 31 34 39 41 45,30-31>17;30-34>23;30-39>18;30-41>22;30-45>15;31-34>10;31-39>5;31-41>6;31-45>8;34-39>14;34-41>15;34-45>2;39-41>10;39-45>12;41-45>13,10:2 15:2 2:1 5:1 6:1 8:1 12:1 13:1 14:1 17:1 18:1 22:1 23:1,2,10 15,0,0,,,,0,,,0
1158,1157,5 7 12 20 25 26,5-7>21;5-12>16;5-20>35;5-25>15;5-26>2;7-12>17;7-20>3;7-25>13;7-26>15;12-20>13;12-25>8;12-26>10;20-25>45;20-26>38;25-26>33,13:2 15:2 2:1 3:1 8:1 10:1 16:1 17:1 21:1 33:1 35:1 38:1 45:1,2,13 15,0,1,,,,0,,,0
1159,1158,21 25 27 32 37 38,21-25>38;21-27>39;21-32>28;21-37>23;21-38>25;25-27>41;25-32>24;25-37>19;25-38>21;27-32>22;27-37>17;27-38>19;32-37>12;32-38>5;37-38>15,19:2 5:1 12:1 15:1 17:1 21:1 22:1 23:1 24:1 25:1 28:1 38:1 39:1 41:1,1,19,0,2,,,,0,,,0
1160,1159,3 9 27 28 38 39,3-9>21;3-27>6;3-28>8;3-38>43;3-39>42;9-27>15;9-28>2;9-38>40;9-39>24;27-28>35;27-38>19;27-39>21;28-38>18;28-39>20;38-39>1,21:2 1:1 2:1 6:1 8:1 15:1 18:1 19:1 20:1 24:1 35:1 40:1 42:1 43:1,1,21,0,1,,,,0,,,0
1161,1160,7 13 18 36 39 45,7-13>25;7-18>14;7-36>38;7-39>35;7-45>44;13-18>8;13-36>35;13-39>32;13-45>41;18-36>24;18-39>30;18-45>27;36-39>15;36-45>3;39-45>12,35:2 3:1 8:1 12:1 14:1 15:1 24:1 25:1 27:1 30:1 32:1 38:1 41:1 44:1,1,35,0,0,,,,0,,,0
1162,1161,2 12 20 24 34 42,2-12>22;2-20>8;2-24>1;2-34>45;2-42>37;12-20>13;12-24>6;12-34>35;12-42>27;20-24>37;20-34>18;20-42>19;24-34>29;24-42>30;34-42>8,8:2 37:2 1:1 6:1 13:1 18:1 19:1 22:1 27:1 29:1 30:1 35:1 45:1,2,8 37,0,1,,,,0,,,0
1163,1162,20 21 22 25 28 29,20-21>43;20-22>36;20-25>45;20-28>39;20-29>32;21-22>44;21-25>38;21-28>32;21-29>40;22-25>31;22-28>40;22-29>33;25-28>34;25-29>42;28-29>36,32:2 36:2 40:2 31:1 33:1 34:1 38:1 39:1 42:1 43:1 44:1 45:1,3,32 36 40,0,0,32 36 40,,,0,0,,0
1164,1163,2 13 15 16 33 43,2-13>30;2-15>16;2-16>15;2-33>31;2-43>36;13-15>29;13-16>4;13-33>38;13-43>28;15-16>2;15-33>42;15-43>32;16-33>20;16-43>25;33-43>8,2:1 4:1 8:1 15:1 16:1 20:1 25:1 28:1 29:1 30:1 31:1 32:1 36:1 38:1 42:1,0,,0,0,,,,0,,,0
1165,1164,17 18 23 25 38 39,17-18>40;17-23>35;17-25>36;17-38>29;17-39>16;18-23>43;18-25>44;18-38>28;18-39>30;23-25>39;23-38>8;23-39>25;25-38>21;25-39>23;38-39>1,1:1 8:1 16:1 21:1 23:1 25:1 28:1 29:1 30:1 35:1 36:1 39:1 40:1 43:1 44:1,0,,0,1,,,,0,,,0
1166,1165,6 7 27 29 38 45,6-7>29;6-27>3;6-29>7;6-38>34;6-45>42;7-27>2;7-29>6;7-38>36;7-45>44;27-29>43;27-38>19;27-45>18;29-38>17;29-45>16;38-45>4,2:1 3:1 4:1 6:1 7:1 16:1 17:1 18:1 19:1 29:1 34:1 36:1 42:1 43:1 44:1,0,,0,2,,,,0,,,0
1167,1166,14 23 25 27 29 42,14-23>2;14-25>6;14-27>10;14-29>44;14-42>31;23-25>39;23-27>40;23-29>41;23-42>16;25-27>41;25-29>42;25-42>29;27-29>43;27-42>12;29-42>25,41:2 2:1 6:1 10:1 12:1 16:1 25:1 29:1 31:1 39:1 40:1 42:1 43:1 44:1,1,41,0,1,,,,0,,,0
1168,1167,8 23 31 35 39 40,8-23>38;8-31>45;8-35>41;8-39>37;8-40>36;23-31>24;23-35>17;23-39>25;23-40>27;31-35>3;31-39>5;31-40>13;35-39>7;35-40>15;39-40>2,2:1 3:1 5:1 7:1 13:1 15:1 17:1 24:1 25:1 27:1 36:1 37:1 38:1 41:1 45:1,0,,0,0,,,,0,,,0
1169,1168,9 21 24 30 33 37,9-21>3;9-24>39;9-30>6;9-33>45;9-37>41;21-24>45;21-30>33;21-33>30;21-37>23;24-30>42;24-33>27;24-37>20;30-33>21;30-37>29;33-37>5,45:2 3:1 5:1 6:1 20:1 21:1 23:1 27:1 29:1 30:1 33:1 39:1 41:1 42:1,1,45,0,1,,,,0,,,0
1170,1169,5 12 24 26 39 42,5-12>16;5-24>13;5-26>2;5-39>31;5-42>43;12-24>6;12-26>10;12-39>45;12-42>27;24-26>40;24-39>9;24-42>30;26-39>22;26-42>28;39-42>3,2:1 3:1 6:1 9:1 10:1 13:1 16:1 22:1 27:1 28:1 30:1 31:1 40:1 43:1 45:1,0,,0,1,,,,0,,,0
1171,1170,3 13 28 34 38 42,3-13>23;3-28>8;3-34>32;3-38>43;3-42>39;13-28>43;13-34>37;13-38>33;13-42>44;28-34>25;28-38>18;28-42>26;34-38>6;34-42>8;38-42>10,8:2 43:2 6:1 10:1 18:1 23:1 25:1 26:1 32:1 33:1 37:1 39:1 44:1,2,8 43,0,1,,,,0,,,0
1172,1171,3 6 7 11 12 17,3-6>27;3-7>20;3-11>22;3-12>30;3-17>1;6-7>29;6-11>16;6-12>24;6-17>13;7-11>24;7-12>17;7-17>12;11-12>19;11-17>8;12-17>7,24:2 1:1 7:1 8:1 12:1 13:1 16:1 17:1 19:1 20:1 22:1 27:1 29:1 30:1,1,24,0,1,,,,1,,,0
1173,1172,7 9 24 40 42 44,7-9>23;7-24>11;7-40>34;7-42>32;7-44>45;9-24>39;9-40>38;9-42>36;9-44>34;24-40>26;24-42>30;24-44>19;40-42>11;40-44>12;42-44>13,11:2 34:2 12:1 13:1 19:1 23:1 26:1 30:1 32:1 36:1 38:1 39:1 45:1,2,11 34,0,0,,,,0,,,0
1174,1173,1 5 18 20 30 35,1-5>18;1-18>5;1-20>9;1-30>14;1-35>42;5-18>1;5-20>35;5-30>10;5-35>20;18-20>34;18-30>39;18-35>22;20-30>40;20-35>5;30-35>25,5:2 1:1 9:1 10:1 14:1 18:1 20:1 22:1 25:1 34:1 35:1 39:1 40:1 42:1,1,5,1,0,,,,0,,,0
1175,1174,8 11 14 17 36 39,8-11>17;8-14>26;8-17>11;8-36>40;8-39>37;11-14>20;11-17>8;11-36>31;11-39>43;14-17>5;14-36>37;14-39>34;17-36>25;17-39>16;36-39>15,37:2 5:1 8:1 11:1 15:1 16:1 17:1 20:1 25:1 26:1 31:1 34:1 40:1 43:1,1,37,0,1,,,,0,,,0
1176,1175,3 4 6 8 32 42,3-4>26;3-6>27;3-8>28;3-32>34;3-42>39;4-6>20;4-8>21;4-32>36;4-42>41;6-8>22;6-32>40;6-42>45;8-32>44;8-42>34;32-42>7,34:2 7:1 20:1 21:1 22:1 26:1 27:1 28:1 36:1 39:1 40:1 41:1 44:1 45:1,1,34,0,0,,,,0,,,0
1177,1176,7 9 11 21 30 35,7-9>23;7-11>24;7-21>5;7-30>8;7-35>39;9-11>25;9-21>3;9-30>6;9-35>43;11-21>1;11-30>4;11-35>32;21-30>33;21-35>19;30-35>25,25:2 1:1 3:1 4:1 5:1 6:1 8:1 19:1 23:1 24:1 32:1 33:1 39:1 43:1,1,25,0,1,,,,0,,,0
1178,1177,3 7 15 16 19 43,3-7>20;3-15>24;3-16>14;3-19>5;3-43>38;7-15>26;7-16>10;7-19>1;7-43>31;15-16>2;15-19>8;15-43>32;16-19>40;16-43>25;19-43>22,1:1 2:1 5:1 8:1 10:1 14:1 20:1 22:1 24:1 25:1 26:1 31:1 32:1 38:1 40:1,0,,0,1,,,,0,,,0
1179,1178,5 6 11 27 43 44,5-6>28;5-11>23;5-27>4;5-43>42;5-44>41;6-11>16;6-27>3;6-43>44;6-44>43;11-27>13;11-43>39;11-44>38;27-43>29;27-44>16;43-44>6,16:2 3:1 4:1 6:1 13:1 23:1 28:1 29:1 38:1 39:1 41:1 42:1 43:1 44:1,1,16,0,1,,,,1,,,0
1180,1179,3 16 18 24 40 44,3-16>14;3-18>33;3-24>15;3-40>41;3-44>37;16-18>32;16-24>35;16-40>19;16-44>27;18-24>36;18-40>17;18-44>25;24-40>26;24-44>19;40-44>12,19:2 12:1 14:1 15:1 17:1 25:1 26:1 27:1 32:1 33:1 35:1 36:1 37:1 41:1,1,19,0,2,,,,0,,,0
1181,1180,6 12 18 37 40 41,6-12>24;6-18>15;6-37>35;6-40>32;6-41>31;12-18>9;12-37>32;12-40>44;12-41>43;18-37>26;18-40>17;18-41>19;37-40>1;37-41>9;40-41>3,9:2 32:2 1:1 3:1 15:1 17:1 19:1 24:1 26:1 31:1 35:1 43:1 44:1,2,9 32,0,1,,,,0,,,0
1182,1181,8 10 14 20 33 41,8-10>24;8-14>26;8-20>2;8-33>43;8-41>35;10-14>27;10-20>15;10-33>32;10-41>39;14-20>11;14-33>40;14-41>32;20-33>16;20-41>17;33-41>7,32:2 2:1 7:1 11:1 15:1 16:1 17:1 24:1 26:1 27:1 35:1 39:1 40:1 43:1,1,32,0,0,,,,0,,,0
1183,1182,1 13 21 25 28 31,1-13>22;1-21>11;1-25>4;1-28>10;1-31>16;13-21>14;13-25>7;13-28>43;13-31>40;21-25>38;21-28>32;21-31>26;25-28>34;25-31>22;28-31>19,22:2 4:1 7:1 10:1 11:1 14:1 16:1 19:1 26:1 32:1 34:1 38:1 40:1 43:1,1,22,0,0,,,,0,,,0
1184,1183,4 15 17 23 27 36,4-15>17;4-17>15;4-23>12;4-27>5;4-36>32;15-17>4;15-23>1;15-27>9;15-36>39;17-23>35;17-27>37;17-36>25;23-27>40;23-36>19;27-36>30,1:1 4:1 5:1 9:1 12:1 15:1 17:1 19:1 25:1 30:1 32:1 35:1 37:1 39:1 40:1,0,,0,1,,,,0,,,0
1185,1184,14 16 23 25 31 37,14-16>3;14-23>2;14-25>6;14-31>42;14-37>36;16-23>42;16-25>43;16-31>1;16-37>28;23-25>39;23-31>24;23-37>21;25-31>22;25-37>19;31-37>4,42:2 1:1 2:1 3:1 4:1 6:1 19:1 21:1 22:1 24:1 28:1 36:1 39:1 43:1,1,42,0,0,,,,0,,,0
1186,1185,6 17 22 28 29 32,6-17>13;6-22>8;6-28>5;6-29>7;6-32>40;17-22>42;17-28>45;17-29>38;17-32>2;22-28>40;22-29>33;22-32>27;28-29>36;28-32>21;29-32>20,40:2 2:1 5:1 7:1 8:1 13:1 20:1 21:1 27:1 33:1 36:1 38:1 42:1 45:1,1,40,0,1,,,,0,,,0
1187,1186,2 8 13 16 23 28,2-8>20;2-13>30;2-16>15;2-23>14;2-28>9;8-13>18;8-16>9;8-23>38;8-28>3;13-16>4;13-23>3;13-28>43;16-23>42;16-28>37;23-28>33,3:2 9:2 4:1 14:1 15:1 18:1 20:1 30:1 33:1 37:1 38:1 42:1 43:1,2,3 9,0,1,,,,0,,,0
1188,1187,5 13 26 29 37 40,5-13>24;5-26>2;5-29>8;5-37>33;5-40>45;13-26>9;13-29>15;13-37>34;13-40>31;26-29>35;26-37>18;26-40>24;29-37>30;29-40>21;37-40>1,24:2 1:1 2:1 8:1 9:1 15:1 18:1 21:1 30:1 31:1 33:1 34:1 35:1 45:1,1,24,0,0,,,,0,,,0
1189,1188,3 4 12 19 22 27,3-4>26;3-12>30;3-19>5;3-22>11;3-27>6;4-12>23;4-19>34;4-22>10;4-27>5;12-19>11;12-22>2;12-27>42;19-22>43;19-27>38;22-27>32,5:2 11:2 2:1 6:1 10:1 23:1 26:1 30:1 32:1 34:1 38:1 42:1 43:1,2,5 11,0,1,,,,0,,,0
1190,1189,9 19 29 35 37 38,9-19>14;9-29>4;9-35>43;9-37>41;9-38>40;19-29>39;19-35>21;19-37>25;19-38>27;29-35>26;29-37>30;29-38>17;35-37>6;35-38>14;37-38>15,14:2 4:1 6:1 15:1 17:1 21:1 25:1 26:1 27:1 30:1 39:1 40:1 41:1 43:1,1,14,0,2,,,,0,,,0
1191,1190,7 9 19 23 26 45,7-9>23;7-19>1;7-23>9;7-26>15;7-45>44;9-19>14;9-23>7;9-26>13;9-45>33;19-23>36;19-26>45;19-45>26;23-26>32;23-45>22;26-45>19,1:1 7:1 9:1 13:1 14:1 15:1 19:1 22:1 23:1 26:1 32:1 33:1 36:1 44:1 45:1,0,,0,0,,,,0,,,0
1192,1191,1 4 11 12 20 41,1-4>25;1-11>21;1-12>29;1-20>9;1-41>36;4-11>30;4-12>23;4-20>6;4-41>42;11-12>19;11-20>14;11-41>26;12-20>13;12-41>43;20-41>17,6:1 9:1 13:1 14:1 17:1 19:1 21:1 23:1 25:1 26:1 29:1 30:1 36:1 42:1 43:1,0,,0,0,,,,0,,,0
1193,1192,10 16 23 36 39 40,10-16>7;10-23>6;10-36>44;10-39>41;10-40>25;16-23>42;16-36>26;16-39>17;16-40>19;23-36>19;23-39>25;23-40>27;36-39>15;36-40>8;39-40>2,19:2 25:2 2:1 6:1 7:1 8:1 15:1 17:1 26:1 27:1 41:1 42:1 44:1,2,19 25,0,1,,,,1,,,0
1194,1193,6 9 16 19 24 28,6-9>30;6-16>11;6-19>2;6-24>12;6-28>5;9-16>8;9-19>14;9-24>39;9-28>2;16-19>40;16-24>35;16-28>37;19-24>44;19-28>31;24-28>41,2:2 5:1 8:1 11:1 12:1 14:1 30:1 31:1 35:1 37:1 39:1 40:1 41:1 44:1,1,2,0,1,,,,0,,,0
1195,1194,3 13 15 24 33 37,3-13>23;3-15>24;3-24>15;3-33>18;3-37>44;13-15>29;13-24>5;13-33>38;13-37>34;15-24>3;15-33>42;15-37>38;24-33>27;24-37>20;33-37>5,5:2 38:2 3:1 15:1 18:1 20:1 23:1 24:1 27:1 29:1 34:1 42:1 44:1,2,5 38,0,3,,,,0,,,0
1196,1195,3 15 27 33 34 36,3-15>24;3-27>6;3-33>18;3-34>32;3-36>45;15-27>9;15-33>42;15-34>41;15-36>39;27-33>24;27-34>26;27-36>30;33-34>11;33-36>12;34-36>5,24:2 5:1 6:1 9:1 11:1 12:1 18:1 26:1 30:1 32:1 39:1 41:1 42:1 45:1,1,24,0,1,,,,0,,,0
1197,1196,8 12 15 29 40 45,8-12>25;8-15>19;8-29>5;8-40>36;8-45>31;12-15>21;12-29>1;12-40>44;12-45>39;15-29>13;15-40>35;15-45>30;29-40>21;29-45>16;40-45>5,5:2 21:2 1:1 13:1 16:1 19:1 25:1 30:1 31:1 35:1 36:1 39:1 44:1,2,5 21,0,0,,,,1,,,0
1198,1197,1 5 7 26 28 43,1-5>18;1-7>19;1-26>6;1-28>10;1-43>34;5-7>21;5-26>2;5-28>6;5-43>42;7-26>15;7-28>4;7-43>31;26-28>42;26-43>30;28-43>13,6:2 42:2 2:1 4:1 10:1 13:1 15:1 18:1 19:1 21:1 30:1 31:1 34:1,2,6 42,0,1,,,,0,,,0
1199,1198,26 30 33 38 39 41,26-30>43;26-33>25;26-38>20;26-39>22;26-41>11;30-33>21;30-38>16;30-39>18;30-41>22;33-38>13;33-39>6;33-41>7;38-39>1;38-41>2;39-41>10,22:2 1:1 2:1 6:1 7:1 10:1 11:1 13:1 16:1 18:1 20:1 21:1 25:1 43:1,1,22,0,1,,,,0,,,0
1200,1199,16 24 25 30 31 32,16-24>35;16-25>43;16-30>38;16-31>1;16-32>18;24-25>32;24-30>42;24-31>23;24-32>25;25-30>35;25-31>22;25-32>24;30-31>17;30-32>19;31-32>9,35:2 1:1 9:1 17:1 18:1 19:1 22:1 23:1 24:1 25:1 32:1 38:1 42:1 43:1,1,35,0,2,,,,0,,,0
1201,1200,1 2 4 16 20 32,1-2>24;1-4>25;1-16>31;1-20>9;1-32>45;2-4>18;2-16>15;2-20>8;2-32>17;4-16>13;4-20>6;4-32>36;16-20>33;16-32>18;20-32>29,18:2 6:1 8:1 9:1 13:1 15:1 17:1 24:1 25:1 29:1 31:1 33:1 36:1 45:1,1,18,0,0,,,,0,,,0
1202,1201,7 9 24 27 35 36,7-9>23;7-24>11;7-27>2;7-35>39;7-36>38;9-24>39;9-27>15;9-35>43;9-36>42;24-27>33;24-35>16;24-36>18;27-35>28;27-36>30;35-36>13,39:2 2:1 11:1 13:1 15:1 16:1 18:1 23:1 28:1 30:1 33:1 38:1 42:1 43:1,1,39,0,0,,,,0,,,0
1203,1202,5 12 21 33 37 40,5-12>16;5-21>7;5-33>37;5-37>33;5-40>45;12-21>15;12-33>36;12-37>32;12-40>44;21-33>30;21-37>23;21-40>29;33-37>5;33-40>14;37-40>1,1:1 5:1 7:1 14:1 15:1 16:1 23:1 29:1 30:1 32:1 33:1 36:1 37:1 44:1 45:1,0,,0,0,,,,0,,,0
1204,1203,3 6 18 29 35 39,3-6>27;3-18>33;3-29>10;3-35>31;3-39>42;6-18>15;6-29>7;6-35>37;6-39>33;18-29>31;18-35>22;18-39>30;29-35>26;29-39>19;35-39>7,7:2 31:2 33:2 10:1 15:1 19:1 22:1 26:1 27:1 30:1 37:1 42:1,3,7 31 33,0,0,7 31 33,,,1,1,,0
1205,1204,8 16 28 30 31 44,8-16>9;8-28>3;8-30>7;8-31>45;8-44>32;16-28>37;16-30>38;16-31>1;16-44>27;28-30>44;28-31>19;28-44>30;30-31>17;30-44>28;31-44>15,1:1 3:1 7:1 9:1 15:1 17:1 19:1 27:1 28:1 30:1 32:1 37:1 38:1 44:1 45:1,0,,0,2,,,,0,,,0
1206,1205,1 4 16 23 31 41,1-4>25;1-16>31;1-23>15;1-31>16;1-41>36;4-16>13;4-23>12;4-31>37;4-41>42;16-23>42;16-31>1;16-41>21;23-31>24;23-41>29;31-41>6,42:2 1:1 6:1 12:1 13:1 15:1 16:1 21:1 24:1 25:1 29:1 31:1 36:1 37:1,1,42,0,1,,,,1,,,0
1207,1206,1 3 17 26 27 42,1-3>17;1-17>3;1-26>6;1-27>8;1-42>35;3-17>1;3-26>4;3-27>6;3-42>39;17-26>44;17-27>37;17-42>22;26-27>34;26-42>28;27-42>12,6:2 1:1 3:1 4:1 8:1 12:1 17:1 22:1 28:1 34:1 35:1 37:1 39:1 44:1,1,6,0,1,,,,0,,,0
1208,1207,10 22 24 27 38 45,10-22>4;10-24>8;10-27>14;10-38>42;10-45>35;22-24>38;22-27>32;22-38>24;22-45>23;24-27>33;24-38>22;24-45>21;27-38>19;27-45>18;38-45>4,4:2 8:1 14:1 18:1 19:1 21:1 22:1 23:1 24:1 32:1 33:1 35:1 38:1 42:1,1,4,0,2,,,,0,,,0
1209,1208,6 27 30 36 38 42,6-27>3;6-30>9;6-36>21;6-38>34;6-42>45;27-30>36;27-36>30;27-38>19;27-42>12;30-36>27;30-38>16;30-42>24;36-38>7;36-42>9;38-42>10,9:2 3:1 7:1 10:1 12:1 16:1 19:1 21:1 24:1 27:1 30:1 34:1 36:1 45:1,1,9,0,0,,,,0,,,0
1210,1209,2 17 20 35 37 39,2-17>32;2-20>8;2-35>44;2-37>42;2-39>40;17-20>41;17-35>23;17-37>27;17-39>16;20-35>5;20-37>24;20-39>28;35-37>6;35-39>7;37-39>8,8:2 5:1 6:1 7:1 16:1 23:1 24:1 27:1 28:1 32:1 40:1 41:1 42:1 44:1,1,8,0,1,,,,0,,,0
1211,1210,1 7 9 17 27 38,1-7>19;1-9>20;1-17>3;1-27>8;1-38>39;7-9>23;7-17>12;7-27>2;7-38>36;9-17>10;9-27>15;9-38>40;17-27>37;17-38>29;27-38>19,19:2 2:1 3:1 8:1 10:1 12:1 15:1 20:1 23:1 29:1 36:1 37:1 39:1 40:1,1,19,0,2,,,,0,,,0
1212,1211,23 26 27 35 38 40,23-26>32;23-27>40;23-35>17;23-38>8;23-40>27;26-27>34;26-35>29;26-38>20;26-40>24;27-35>28;27-38>19;27-40>23;35-38>14;35-40>15;38-40>9,8:1 9:1 14:1 15:1 17:1 19:1 20:1 23:1 24:1 27:1 28:1 29:1 32:1 34:1 40:1,0,,0,0,,,,0,,,0
1213,1212,5 8 25 31 41 44,5-8>29;5-25>15;5-31>39;5-41>44;5-44>41;8-25>12;8-31>45;8-41>35;8-44>32;25-31>22;25-41>27;25-44>18;31-41>6;31-44>15;41-44>5,15:2 5:1 6:1 12:1 18:1 22:1 27:1 29:1 32:1 35:1 39:1 41:1 44:1 45:1,1,15,0,2,,,,0,,,0
1214,1213,5 11 25 27 36 38,5-11>23;5-25>15;5-27>4;5-36>34;5-38>32;11-25>9;11-27>13;11-36>31;11-38>44;25-27>41;25-36>17;25-38>21;27-36>30;27-38>19;36-38>7,4:1 7:1 9:1 13:1 15:1 17:1 19:1 21:1 23:1 30:1 31:1 32:1 34:1 41:1 44:1,0,,0,1,,,,0,,,0
1215,1214,10 15 19 27 30 33,10-15>20;10-19>13;10-27>14;10-30>5;10-33>32;15-19>8;15-27>9;15-30>45;15-33>42;19-27>38;19-30>32;19-33>17;27-30>36;27-33>24;30-33>21,32:2 5:1 8:1 9:1 13:1 14:1 17:1 20:1 21:1 24:1 36:1 38:1 42:1 45:1,1,32,0,2,,,,0,,,0
1216,1215,13 15 19 21 44 45,13-15>29;13-19>10;13-21>14;13-44>42;13-45>41;15-19>8;15-21>12;15-44>31;15-45>30;19-21>35;19-44>24;19-45>26;21-44>22;21-45>24;44-45>7,24:2 7:1 8:1 10:1 12:1 14:1 22:1 26:1 29:1 30:1 31:1 35:1 41:1 42:1,1,24,0,1,,,,1,,,0
1217,1216,3 10 14 15 23 24,3-10>29;3-14>16;3-15>24;3-23>13;3-24>15;10-14>27;10-15>20;10-23>6;10-24>8;14-15>22;14-23>2;14-24>4;15-23>1;15-24>3;23-24>31,1:1 2:1 3:1 4:1 6:1 8:1 13:1 15:1 16:1 20:1 22:1 24:1 27:1 29:1 31:1,0,,0,2,,,,0,,,0
1218,1217,8 10 15 20 29 31,8-10>24;8-15>19;8-20>2;8-29>5;8-31>45;10-15>20;10-20>15;10-29>3;10-31>34;15-20>10;15-29>13;15-31>44;20-29>32;20-31>27;29-31>18,2:1 3:1 5:1 10:1 13:1 15:1 18:1 19:1 20:1 24:1 27:1 32:1 34:1 44:1 45:1,0,,0,1,,,,0,,,0
1219,1218,3 28 31 32 42 45,3-28>8;3-31>35;3-32>34;3-42>39;3-45>36;28-31>19;28-32>21;28-42>26;28-45>17;31-32>9;31-42>14;31-45>8;32-42>7;32-45>1;42-45>6,8:2 1:1 6:1 7:1 9:1 14:1 17:1 19:1 21:1 26:1 34:1 35:1 36:1 39:1,1,8,0,2,,,,0,,,0
1220,1219,1 2 15 28 39 45,1-2>24;1-15>23;1-28>10;1-39>38;1-45>32;2-15>16;2-28>9;2-39>40;2-45>34;15-28>11;15-39>36;15-45>30;28-39>20;28-45>17;39-45>12,9:1 10:1 11:1 12:1 16:1 17:1 20:1 23:1 24:1 30:1 32:1 34:1 36:1 38:1 40:1,0,,0,2,,,,0,,,0
1221,1220,2 22 25 28 34 43,2-22>12;2-25>3;2-28>9;2-34>45;2-43>36;22-25>31;22-28>40;22-34>16;22-43>19;25-28>34;25-34>28;25-43>16;28-34>25;28-43>13;34-43>1,16:2 1:1 3:1 9:1 12:1 13:1 19:1 25:1 28:1 31:1 34:1 36:1 40:1 45:1,1,16,0,1,,,,0,,,0
1222,1221,6 13 18 28 30 36,6-13>17;6-18>15;6-28>5;6-30>9;6-36>21;13-18>8;13-28>43;13-30>2;13-36>35;18-28>38;18-30>39;18-36>24;28-30>44;28-36>29;30-36>27,2:1 5:1 8:1 9:1 15:1 17:1 21:1 24:1 27:1 29:1 35:1 38:1 39:1 43:1 44:1,0,,0,0,,,,0,,,0
1223,1222,4 11 17 22 32 41,4-11>30;4-17>15;4-22>10;4-32>36;4-41>42;11-17>8;11-22>3;11-32>35;11-41>26;17-22>42;17-32>2;17-41>20;22-32>27;22-41>30;32-41>14,30:2 42:2 2:1 3:1 8:1 10:1 14:1 15:1 20:1 26:1 27:1 35:1 36:1,2,30 42,0,1,,,,0,,,0
1224,1223,16 18 20 32 33 39,16-18>32;16-20>33;16-32>18;16-33>20;16-39>17;18-20>34;18-32>16;18-33>3;18-39>30;20-32>29;20-33>16;20-39>28;32-33>10;32-39>13;33-39>6,16:2 3:1 6:1 10:1 13:1 17:1 18:1 20:1 28:1 29:1 30:1 32:1 33:1 34:1,1,16,1,1,,,,0,,,0
1225,1224,9 18 21 27 44 45,9-18>12;9-21>3;9-27>15;9-44>34;9-45>33;18-21>42;18-27>45;18-44>25;18-45>27;21-27>39;21-44>22;21-45>24;27-44>16;27-45>18;44-45>7,3:1 7:1 12:1 15:1 16:1 18:1 22:1 24:1 25:1 27:1 33:1 34:1 39:1 42:1 45:1,0,,0,1,,,,0,,,0
1226,1225,8 9 19 25 41 42,8-9>16;8-19>15;8-25>12;8-41>35;8-42>34;9-19>14;9-25>11;9-41>37;9-42>36;19-25>37;19-41>18;19-42>20;25-41>27;25-42>29;41-42>4,37:2 4:1 11:1 12:1 14:1 15:1 16:1 18:1 20:1 27:1 29:1 34:1 35:1 36:1,1,37,0,0,,,,0,,,0
1227,1226,4 6 13 17 26 28,4-6>20;4-13>16;4-17>15;4-26>3;4-28>7;6-13>17;6-17>13;6-26>1;6-28>5;13-17>6;13-26>9;13-28>43;17-26>44;17-28>45;26-28>42,1:1 3:1 5:1 6:1 7:1 9:1 13:1 15:1 16:1 17:1 20:1 42:1 43:1 44:1 45:1,0,,0,0,,,,0,,,0
1228,1227,1 14 16 34 41 44,1-14>30;1-16>31;1-34>43;1-41>36;1-44>33;14-16>3;14-34>39;14-41>32;14-44>29;16-34>22;16-41>21;16-44>27;34-41>15;34-44>9;41-44>5,3:1 5:1 9:1 15:1 21:1 22:1 27:1 29:1 30:1 31:1 32:1 33:1 36:1 39:1 43:1,0,,0,1,,,,0,,,0
1229,1228,24 29 30 31 35 44,24-29>34;24-30>42;24-31>23;24-35>16;24-44>19;29-30>37;29-31>18;29-35>26;29-44>14;30-31>17;30-35>25;30-44>28;31-35>3;31-44>15;35-44>2,2:1 3:1 14:1 15:1 16:1 17:1 18:1 19:1 23:1 25:1 26:1 28:1 34:1 37:1 42:1,0,,0,1,,,,0,,,0
1230,1229,12 13 29 34 37 42,12-13>20;12-29>1;12-34>35;12-37>32;12-42>27;13-29>15;13-34>37;13-37>34;13-42>44;29-34>24;29-37>30;29-42>25;34-37>13;34-42>8;37-42>2,1:1 2:1 8:1 13:1 15:1 20:1 24:1 25:1 27:1 30:1 32:1 34:1 35:1 37:1 44:1,0,,0,1,,,,0,,,0
1231,1230,3 8 9 22 28 42,3-8>28;3-9>21;3-22>11;3-28>8;3-42>39;8-9>16;8-22>6;8-28>3;8-42>34;9-22>5;9-28>2;9-42>36;22-28>40;22-42>17;28-42>26,2:1 3:1 5:1 6:1 8:1 11:1 16:1 17:1 21:1 26:1 28:1 34:1 36:1 39:1 40:1,0,,0,0,,,,0,,,0
1232,1231,4 13 14 18 31 38,4-13>16;4-14>24;4-18>2;4-31>37;4-38>45;13-14>21;13-18>8;13-31>40;13-38>33;14-18>7;14-31>42;14-38>35;18-31>29;18-38>28;31-38>12,2:1 7:1 8:1 12:1 16:1 21:1 24:1 28:1 29:1 33:1 35:1 37:1 40:1 42:1 45:1,0,,0,0,,,,0,,,0
1233,1232,12 15 19 22 24 36,12-15>21;12-19>11;12-22>2;12-24>6;12-36>33;15-19>8;15-22>14;15-24>3;15-36>39;19-22>43;19-24>44;19-36>23;22-24>38;22-36>20;24-36>18,2:1 3:1 6:1 8:1 11:1 14:1 18:1 20:1 21:1 23:1 33:1 38:1 39:1 43:1 44:1,0,,0,0,,,,0,,,0
1234,1233,2 7 20 25 37 40,2-7>27;2-20>8;2-25>3;2-37>42;2-40>39;7-20>3;7-25>13;7-37>22;7-40>34;20-25>45;20-37>24;20-40>30;25-37>19;25-40>10;37-40>1,3:2 1:1 8:1 10:1 13:1 19:1 22:1 24:1 27:1 30:1 34:1 39:1 42:1 45:1,1,3,0,0,,,,0,,,0
1235,1234,1 15 19 31 35 43,1-15>23;1-19>7;1-31>16;1-35>42;1-43>34;15-19>8;15-31>44;15-35>40;15-43>32;19-31>28;19-35>21;19-43>22;31-35>3;31-43>7;35-43>9,7:2 3:1 8:1 9:1 16:1 21:1 22:1 23:1 28:1 32:1 34:1 40:1 42:1 44:1,1,7,0,2,,,,1,,,0
1236,1235,6 7 11 15 39 43,6-7>29;6-11>16;6-15>18;6-39>33;6-43>44;7-11>24;7-15>26;7-39>35;7-43>31;11-15>28;11-39>43;11-43>39;15-39>36;15-43>32;39-43>11,11:1 16:1 18:1 24:1 26:1 28:1 29:1 31:1 32:1 33:1 35:1 36:1 39:1 43:1 44:1,0,,0,0,,,,0,,,0
1237,1236,12 18 21 29 34 38,12-18>9;12-21>15;12-29>1;12-34>35;12-38>31;18-21>42;18-29>31;18-34>20;18-38>28;21-29>40;21-34>17;21-38>25;29-34>24;29-38>17;34-38>6,17:2 31:2 1:1 6:1 9:1 15:1 20:1 24:1 25:1 28:1 35:1 40:1 42:1,2,17 31,0,1,,,,0,,,0
1238,1237,10 20 23 34 37 40,10-20>15;10-23>6;10-34>31;10-37>43;10-40>25;20-23>44;20-34>18;20-37>24;20-40>30;23-34>30;23-37>21;23-40>27;34-37>13;34-40>7;37-40>1,30:2 1:1 6:1 7:1 13:1 15:1 18:1 21:1 24:1 25:1 27:1 31:1 43:1 44:1,1,30,0,0,,,,0,,,0
